Time(ns),Ie(fC/ns),Ih(fC/ns),It(fC/ns)
0,346.421,285.418,631.839
0.0001,769.614,672.302,1441.92
0.0002,-946.603,-735.487,-1682.09
0.0003,185.886,165.264,351.151
0.0004,192.011,175.989,368
0.0005,54.2449,62.5312,116.776
0.0006,223.376,187.448,410.824
0.0007,16.7722,16.3517,33.124
0.0008,193.892,142.002,335.894
0.0009,180.095,167.107,347.202
0.001,33.2612,25.2427,58.5039
0.0011,136.748,112.81,249.558
0.0012,47.4208,32.6147,80.0354
0.0013,70.6758,57.5399,128.216
0.0014,50.2674,54.7315,104.999
0.0015,746.38,640.973,1387.35
0.0016,-795.479,-598.427,-1393.91
0.0017,1104.66,895.386,2000.05
0.0018,-842.77,-659.404,-1502.17
0.0019,1065.22,837.785,1903.01
0.002,-845.719,-641.517,-1487.24
0.0021,1021.86,806.153,1828.01
0.0022,-883.069,-680.312,-1563.38
0.0023,1008.23,793.337,1801.57
0.0024,-832.612,-641.307,-1473.92
0.0025,996.165,777.878,1774.04
0.0026,-843.694,-655.412,-1499.11
0.0027,133.831,124.864,258.695
0.0028,7.14068,25.0673,32.208
0.0029,5.7615,-1.3597,4.4018
0.003,78.9814,65.2585,144.24
0.0031,41.3038,33.1493,74.4531
0.0032,60.2882,52.2019,112.49
0.0033,102.101,76.817,178.918
0.0034,13.4347,7.02404,20.4587
0.0035,146.154,134.505,280.659
0.0036,5.15093,-13.754,-8.60306
0.0037,102.557,94.9296,197.487
0.0038,-8.14822,-15.7959,-23.9442
0.0039,87.3555,80.3797,167.735
0.004,14.6287,6.7402,21.3688
0.0041,113.825,94.8923,208.717
0.0042,294.471,249.765,544.236
0.0043,-76.8833,-73.4078,-150.291
0.0044,343.805,311.639,655.444
0.0045,103.222,85.266,188.488
0.0046,36.4758,15.1037,51.5796
0.0047,74.5598,61.6163,136.176
0.0048,-40.4347,-47.7891,-88.2238
0.0049,73.4084,61.4426,134.851
0.005,-99.9348,-111.516,-211.45
0.0051,240.748,205.417,446.165
0.0052,-180.855,-174.582,-355.437
0.0053,237.471,220.544,458.015
0.0054,-226.839,-242.789,-469.628
0.0055,235.247,204.454,439.701
0.0056,-174.667,-157.273,-331.94
0.0057,267.649,216.089,483.738
0.0058,-258.993,-251.149,-510.142
0.0059,287.225,242.103,529.329
0.006,-190.611,-170.493,-361.105
0.0061,242.268,213.861,456.13
0.0062,-243.698,-232.414,-476.111
0.0063,163.492,99.8725,263.365
0.0064,129.179,133.905,263.083
0.0065,76.6321,83.1741,159.806
0.0066,277.571,207.943,485.514
0.0067,62.5346,41.489,104.024
0.0068,223.155,188.668,411.823
0.0069,52.2088,13.587,65.7958
0.007,176.927,155.472,332.399
0.0071,97.527,14.8198,112.347
0.0072,-11.913,60.3988,48.4858
0.0073,136.032,27.5146,163.547
0.0074,55.1961,90.9808,146.177
0.0075,192.169,101.738,293.907
0.0076,-134.644,-36.485,-171.129
0.0077,237.831,162.374,400.205
0.0078,-70.0205,-11.5108,-81.5313
0.0079,253.452,178.846,432.298
0.008,-86.6673,-17.2436,-103.911
0.0081,280.678,210.119,490.798
0.0082,-63.5579,-11.3953,-74.9532
0.0083,219.38,127.945,347.325
0.0084,10.4246,35.3372,45.7617
0.0085,350.252,253.007,603.259
0.0086,-102.982,-53.2447,-156.227
0.0087,364.585,261.495,626.081
0.0088,2.97783,23.4257,26.4036
0.0089,-965.661,-826.882,-1792.54
0.009,829.28,581.875,1411.16
0.0091,-1374.19,-1154.51,-2528.7
0.0092,850.78,646.84,1497.62
0.0093,-1323.35,-1039.42,-2362.77
0.0094,966.893,743.757,1710.65
0.0095,-1388.38,-1138.63,-2527.02
0.0096,1023.14,779.014,1802.15
0.0097,-1141.52,-882.175,-2023.69
0.0098,960.114,719.608,1679.72
0.0099,-1216.47,-885.199,-2101.66
0.01,1413.52,1072.33,2485.86
0.0101,-1276.94,-1009.13,-2286.08
0.0102001,1302.75,988.313,2291.06
0.0103003,-1291.66,-1000.03,-2291.7
0.0104005,1394.69,1085.78,2480.47
0.0105009,-1150.43,-889.601,-2040.03
0.0106014,1375.31,1054.04,2429.34
0.0107019,-1160.82,-890.147,-2050.97
0.0108026,1336.14,1041.87,2378.01
0.0109033,-1182.12,-938.122,-2120.24
0.0110041,1304.18,994.147,2298.33
0.011105,-1198.89,-927.615,-2126.51
0.011206,1392,1065.49,2457.49
0.0113071,-1189.01,-922.992,-2112.01
0.0114083,1336.62,1027.74,2364.35
0.0115096,-1207.67,-946.643,-2154.31
0.011611,741.705,684.365,1426.07
0.0117124,-1122.34,-840.67,-1963.01
0.011814,876.36,707.369,1583.73
0.0119156,-922.417,-761.279,-1683.7
0.0120174,1151.02,789.65,1940.67
0.0121192,-878.783,-547.799,-1426.58
0.0122211,1263.75,1001.13,2264.88
0.0123231,-1080.92,-836.163,-1917.08
0.0124253,1181.69,797.115,1978.81
0.0125275,-1116.3,-915.954,-2032.25
0.0126298,1277.02,897.108,2174.12
0.0127322,-927.318,-804.122,-1731.44
0.0128346,1288.86,885.796,2174.66
0.0129372,-1104.28,-889.349,-1993.63
0.0130399,1149.61,946.286,2095.9
0.0131426,-1173.86,-854.206,-2028.06
0.0132455,1068.24,731.679,1799.92
0.0133485,-973.836,-724.923,-1698.76
0.0134515,988.408,714.167,1702.57
0.0135546,-1010.9,-747.172,-1758.08
0.0136579,1014.96,783.693,1798.65
0.0137612,-923.584,-705.013,-1628.6
0.0138646,1083.01,839.847,1922.86
0.0139681,-702.371,-541.9,-1244.27
0.0140717,933.271,732.362,1665.63
0.0141754,-790.777,-587.01,-1377.79
0.0142792,1039.24,817.066,1856.31
0.0143831,-695.158,-527.51,-1222.67
0.0144871,944.712,715.731,1660.44
0.0145912,-776.106,-563.656,-1339.76
0.0146954,978.373,768.333,1746.71
0.0147996,-705.549,-554.456,-1260
0.014904,856.122,657.857,1513.98
0.0150084,-651.114,-497.968,-1149.08
0.015113,812.103,628.482,1440.58
0.0152176,-593.179,-469.852,-1063.03
0.0153224,756.298,602.914,1359.21
0.0154272,-606.451,-471.353,-1077.8
0.0155322,707.051,563.12,1270.17
0.0156372,-431.856,-368.358,-800.214
0.0157423,664.54,524.396,1188.94
0.0158475,-727.817,-553.233,-1281.05
0.0159529,815.514,646.826,1462.34
0.0160583,-280.046,-253.416,-533.461
0.0161638,400.437,326.648,727.084
0.0162694,-449.242,-362.505,-811.747
0.0163751,516.604,431.126,947.729
0.0164809,-312.333,-297.685,-610.018
0.0165868,360.277,303.098,663.375
0.0166928,-418.373,-354.772,-773.145
0.0167988,908.085,724.17,1632.25
0.016905,-694.796,-568.788,-1263.58
0.0170113,646.039,529.982,1176.02
0.0171177,-606.699,-508.824,-1115.52
0.0172241,865.859,694.817,1560.68
0.0173307,-587.142,-496.986,-1084.13
0.0174374,-34.2235,-53.0338,-87.2573
0.0175441,192.579,8.37777,200.957
0.017651,2.22123,-98.7241,-96.5028
0.0177579,-92.0883,-186.211,-278.299
0.017865,-125.122,-150.508,-275.63
0.0179721,-319.72,-451.347,-771.067
0.0180794,-292.395,-324.125,-616.52
0.0181867,-245.746,-216.859,-462.605
0.0182942,-89.8344,-179.089,-268.923
0.0184017,-207.439,-153.067,-360.505
0.0185094,-372.566,-418.678,-791.243
0.0186171,193.351,210.189,403.54
0.0187249,-417.451,-383.719,-801.171
0.0188329,309.4,200.194,509.595
0.0189409,-350.188,-317.069,-667.258
0.019049,332.934,275.533,608.466
0.0191572,-321.471,-273.488,-594.959
0.0192656,333.475,264.689,598.164
0.019374,-390.958,-347.179,-738.137
0.0194825,404.55,322.968,727.517
0.0195911,-320.58,-289.098,-609.677
0.0196999,396.095,306.88,702.975
0.0198087,-285.432,-267.34,-552.771
0.0199176,437.783,377.732,815.515
0.0200266,-202.412,-190.772,-393.184
0.0201357,-16.0349,-49.2268,-65.2617
0.0202449,-256.968,-269.496,-526.464
0.0203543,616.551,522.545,1139.1
0.0204637,-62.4708,-106.588,-169.058
0.0205732,-310.03,-302.222,-612.252
0.0206828,-342.624,-349.646,-692.27
0.0207925,777.5,635.53,1413.03
0.0209023,-553.998,-493.809,-1047.81
0.0210122,490.332,410.782,901.113
0.0211222,-428.096,-431.98,-860.076
0.0212323,366.976,321.548,688.524
0.0213426,-480.102,-459.385,-939.488
0.0214529,828.25,679.015,1507.26
0.0215633,-506.521,-514.804,-1021.32
0.0216738,-478.439,-472.117,-950.557
0.0217844,1252.21,1006.44,2258.65
0.0218951,-504.495,-484.546,-989.041
0.0220059,-255.098,-277.785,-532.882
0.0221168,1014.18,763.118,1777.3
0.0222279,-345.328,-324.424,-669.751
0.022339,-387.921,-387.622,-775.543
0.0224502,1358.53,885.483,2244.02
0.0225615,1162.27,850.144,2012.41
0.0226729,-338.194,-338.428,-676.622
0.0227845,1055.04,851.612,1906.65
0.0228961,-379.72,-285.882,-665.602
0.0230078,-614.296,-479.437,-1093.73
0.0231196,1069.41,917.592,1987
0.0232316,-601.213,-517.594,-1118.81
0.0233436,-412.527,-299.898,-712.425
0.0234557,1250.22,778.863,2029.09
0.0235679,-744.191,-492.292,-1236.48
0.0236803,1031.3,719.071,1750.37
0.0237927,1188.27,740.4,1928.67
0.0239053,808.692,541.839,1350.53
0.0240179,-960.201,-1001.38,-1961.58
0.0241306,928.678,645.494,1574.17
0.0242435,-666.941,-688.764,-1355.71
0.0243564,716.039,628.8,1344.84
0.0244695,-551.981,-498.609,-1050.59
0.0245826,595.667,520.323,1115.99
0.0246959,-678.016,-539.817,-1217.83
0.0248093,370.11,323.251,693.362
0.0249227,-373.586,-292.612,-666.198
0.0250363,186.526,200.196,386.722
0.02515,-496.828,-439.655,-936.483
0.0252637,604.302,558.508,1162.81
0.0253776,-568.928,-511.673,-1080.6
0.0254916,581.946,534.254,1116.2
0.0256057,-403.73,-372.692,-776.422
0.0257199,611.034,538.075,1149.11
0.0258341,-525.43,-460.678,-986.108
0.0259485,566.195,528.078,1094.27
0.026063,-258.512,-262.975,-521.487
0.0261776,728.605,615.031,1343.64
0.0262923,-672.976,-587.895,-1260.87
0.0264072,517.609,481.042,998.65
0.0265221,-165.782,-176.025,-341.807
0.0266371,499.603,439.578,939.181
0.0267522,-581.615,-517.931,-1099.55
0.0268674,498.728,456.58,955.308
0.0269828,-293.459,-293.432,-586.891
0.0270982,545.882,474.295,1020.18
0.0272138,-296.909,-305.995,-602.904
0.0273294,447.694,416.968,864.662
0.0274452,-261.772,-268.533,-530.305
0.027561,442.811,397.783,840.594
0.027677,-325.513,-320.295,-645.809
0.0277931,543.811,474.615,1018.43
0.0279092,-312.82,-299.08,-611.901
0.0280255,529.572,464.275,993.848
0.0281419,-406.475,-396.799,-803.274
0.0282584,564.979,500.541,1065.52
0.028375,-350.461,-324.166,-674.627
0.0284917,617.038,537.084,1154.12
0.0286085,-525.632,-505.724,-1031.36
0.0287254,701.42,595.813,1297.23
0.0288424,-208.062,-221.769,-429.831
0.0289596,750.415,622.503,1372.92
0.0290768,-924.689,-782.359,-1707.05
0.0291942,467.705,408.8,876.504
0.0293116,-273.309,-274.969,-548.278
0.0294292,701.686,593.738,1295.42
0.0295468,-446.219,-429.82,-876.039
0.0296646,655.189,556.648,1211.84
0.0297825,-226.984,-268.602,-495.586
0.0299005,555.433,474.115,1029.55
0.0300185,-383.333,-372.01,-755.344
0.0301367,636.187,553.246,1189.43
0.0302551,-331.308,-351.432,-682.74
0.0303735,688.296,592.431,1280.73
0.030492,-517.364,-475.886,-993.25
0.0306106,634.853,547.075,1181.93
0.0307294,-276.664,-288.063,-564.727
0.0308482,765.399,653.97,1419.37
0.0309671,-669.543,-607.79,-1277.33
0.0310862,605.732,512.599,1118.33
0.0312054,-241.528,-237.322,-478.851
0.0313247,940.51,766.988,1707.5
0.031444,-732.085,-664.124,-1396.21
0.0315635,797.795,684.309,1482.1
0.0316831,89.624,76.7447,166.369
0.0318029,81.6003,25.562,107.162
0.0319227,406.006,331.523,737.529
0.0320426,-499.007,-426.272,-925.28
0.0321626,139.417,77.008,216.425
0.0322828,452.78,365.386,818.166
0.032403,226.265,182.476,408.741
0.0325234,203.113,151.888,355.001
0.0326439,455.3,380.557,835.858
0.0327645,-464.665,-423.433,-888.098
0.0328852,136.152,103.73,239.882
0.033006,547.821,466.66,1014.48
0.0331269,87.998,45.2363,133.234
0.0332479,472.566,398.99,871.556
0.033369,-350.175,-352.468,-702.643
0.0334903,545.688,481.452,1027.14
0.0336116,199.843,156.809,356.652
0.0337331,-169.517,-194.257,-363.774
0.0338547,563.525,464.802,1028.33
0.0339764,-474.426,-416.624,-891.051
0.0340982,440.684,375.165,815.849
0.0342201,137.761,122.398,260.159
0.0343421,-1082.38,-885.51,-1967.89
0.0344642,760.282,560.001,1320.28
0.0345865,-1119.87,-863.39,-1983.26
0.0347088,1125.37,935.124,2060.5
0.0348313,-1135.09,-851.742,-1986.83
0.0349539,-1070.7,-895.403,-1966.1
0.0350765,-1072.93,-833.812,-1906.75
0.0351993,-952.09,-808.875,-1760.97
0.0353222,-981.332,-865.749,-1847.08
0.0354453,-690.014,-632.637,-1322.65
0.0355684,-923.523,-853.279,-1776.8
0.0356916,-489.553,-475.219,-964.771
0.035815,-861.653,-796.669,-1658.32
0.0359385,-381.332,-381.039,-762.371
0.036062,-869.216,-738.157,-1607.37
0.0361857,251.828,136.542,388.37
0.0363095,-806.293,-677.237,-1483.53
0.0364335,437.828,354.622,792.45
0.0365575,-909.621,-750.856,-1660.48
0.0366816,1194.16,881.073,2075.24
0.0368059,798.162,596.465,1394.63
0.0369303,-734.101,-731.866,-1465.97
0.0370547,144.719,36.4983,181.217
0.0371793,-914.447,-724.373,-1638.82
0.037304,1038.4,893.281,1931.68
0.0374289,-444.931,-425.097,-870.028
0.0375538,784.872,728.804,1513.68
0.0376789,-773.668,-710.309,-1483.98
0.037804,-600.13,-480.488,-1080.62
0.0379293,1243.98,1061.33,2305.31
0.0380547,-1008.65,-960.282,-1968.93
0.0381802,-20.1709,-9.69265,-29.8636
0.0383058,838.518,698.146,1536.66
0.0384315,-681.554,-559.62,-1241.17
0.0385574,142.984,162.945,305.929
0.0386833,-804.381,-604.543,-1408.92
0.0388094,1221,906.826,2127.83
0.0389356,-830.228,-639.968,-1470.2
0.0390619,1177.76,917.576,2095.33
0.0391883,-747.661,-618.783,-1366.44
0.0393149,1167.68,862.62,2030.3
0.0394415,-835.464,-682.213,-1517.68
0.0395683,-623.162,-561.783,-1184.94
0.0396952,1075.52,914.558,1990.08
0.0398222,-625.76,-629.979,-1255.74
0.0399493,1083.54,963.993,2047.53
0.0400765,-565.386,-559.959,-1125.34
0.0402038,1085.58,957.838,2043.42
0.0403313,-576.631,-595.23,-1171.86
0.0404589,-860.706,-666.374,-1527.08
0.0405866,1363.39,1010.89,2374.28
0.0407144,-760.104,-622.62,-1382.72
0.0408423,1369.44,996.871,2366.31
0.0409703,-843.107,-704.902,-1548.01
0.0410985,1224.75,972.984,2197.74
0.0412268,-817.052,-683.578,-1500.63
0.0413551,-522.814,-523.691,-1046.51
0.0414836,1060.3,857.001,1917.3
0.0416123,-589.083,-575.283,-1164.37
0.041741,1161.83,937.775,2099.61
0.0418699,-680.364,-636.466,-1316.83
0.0419988,1006.92,830.169,1837.09
0.0421279,-641.328,-577.106,-1218.43
0.0422571,-746.544,-665.751,-1412.29
0.0423865,1226.5,924.385,2150.88
0.0425159,-787.977,-678.19,-1466.17
0.0426455,1283.48,1010.41,2293.89
0.0427751,-764.261,-648.825,-1413.09
0.0429049,1237.7,990.112,2227.81
0.0430348,-788.345,-707.983,-1496.33
0.0431649,-565.139,-541.548,-1106.69
0.043295,1173.82,933.262,2107.08
0.0434253,-620.424,-585.019,-1205.44
0.0435557,1167.55,898.406,2065.95
0.0436862,-631.772,-574.055,-1205.83
0.0438168,842.972,707.552,1550.52
0.0439476,-637.078,-564.053,-1201.13
0.0440784,1078.52,859.832,1938.35
0.0442094,-678.844,-591.613,-1270.46
0.0443405,-700.591,-655.769,-1356.36
0.0444717,1300.09,966.875,2266.96
0.0446031,-519.93,-503.445,-1023.37
0.0447345,1276.43,972.497,2248.93
0.0448661,-633.228,-527.676,-1160.9
0.0449978,-422.982,-414.59,-837.572
0.0451296,1139.53,890.999,2030.53
0.0452615,-490.259,-446.637,-936.896
0.0453936,1178.3,919.79,2098.09
0.0455258,-492.502,-463.237,-955.739
0.0456581,-589.162,-591.889,-1181.05
0.0457905,1284.34,987.551,2271.9
0.045923,-566.451,-517.303,-1083.75
0.0460557,1249.67,990.217,2239.89
0.0461885,-615.219,-547.603,-1162.82
0.0463214,-427.712,-418.423,-846.134
0.0464544,1268.79,978.287,2247.08
0.0465875,-472.284,-452.297,-924.581
0.0467208,999.559,808.601,1808.16
0.0468542,-527.359,-492.646,-1020
0.0469877,-391.133,-413.147,-804.28
0.0471213,1247.82,942.769,2190.59
0.047255,764.235,576.609,1340.84
0.0473889,-736.752,-597.074,-1333.83
0.0475229,-470.781,-365.499,-836.28
0.047657,967.893,829.18,1797.07
0.0477912,774.593,662.628,1437.22
0.0479256,-543.904,-370.61,-914.514
0.0480601,-341.05,-152.715,-493.765
0.0481947,-782.312,-694.654,-1476.97
0.0483294,934.775,742.863,1677.64
0.0484642,-623.84,-543.507,-1167.35
0.0485992,707.104,566.398,1273.5
0.0487343,-616.342,-574.751,-1191.09
0.0488695,-383.79,-355.99,-739.78
0.0490048,770.248,747.975,1518.22
0.0491403,-662.003,-566.732,-1228.74
0.0492759,265.08,173.84,438.92
0.0494116,-503.024,-435.438,-938.462
0.0495474,1173.02,900.575,2073.59
0.0496834,-587.627,-480.909,-1068.54
0.0498194,446.304,333.324,779.628
0.0499556,-459.31,-370.427,-829.737
0.050092,953.186,678.51,1631.7
0.0502284,-568.001,-437.249,-1005.25
0.050365,575.187,390.354,965.541
0.0505017,-449.177,-332.024,-781.2
0.0506385,900.582,695.444,1596.03
0.0507754,-484.268,-355.426,-839.695
0.0509125,658.238,474.84,1133.08
0.0510497,-390.583,-284.03,-674.612
0.051187,800.362,610.435,1410.8
0.0513245,1049.46,760.775,1810.23
0.051462,1455.55,1167.28,2622.83
0.0515997,1358.72,1135.67,2494.39
0.0517375,1262.07,1130.37,2392.44
0.0518755,1405.39,1119.81,2525.21
0.0520136,1310.18,1052.89,2363.07
0.0521518,1163.33,914.279,2077.61
0.0522901,-754.61,-681.76,-1436.37
0.0524285,1086.59,850.308,1936.9
0.0525671,-1108.94,-916.746,-2025.69
0.0527058,1185.18,922.666,2107.85
0.0528446,-1038.69,-901.325,-1940.01
0.0529836,1453.96,1026.4,2480.37
0.0531226,-1018.14,-938.534,-1956.67
0.0532618,1286.43,1002.71,2289.14
0.0534012,-1236.05,-1056.91,-2292.95
0.0535406,1358.44,1006.23,2364.67
0.0536802,-1054.6,-888.558,-1943.16
0.0538199,1409.23,1102.11,2511.34
0.0539597,-1275.12,-1058.7,-2333.82
0.0540997,1434.17,1102.96,2537.13
0.0542398,-1231.47,-977.268,-2208.73
0.05438,1309.23,1040.18,2349.41
0.0545204,-1300.48,-1063.09,-2363.57
0.0546608,1546.94,1148.87,2695.81
0.0548014,-1112.79,-901.404,-2014.2
0.0549422,1431.41,1107.24,2538.64
0.055083,-1273.85,-1038.08,-2311.93
0.055224,1416.85,1085.56,2502.41
0.0553651,-1194.89,-988.742,-2183.63
0.0555064,1546.06,1198.79,2744.85
0.0556477,-1176.36,-973.843,-2150.2
0.0557892,1427.9,1115.02,2542.92
0.0559309,-1117.32,-905.203,-2022.52
0.0560726,1516.2,1178.81,2695.01
0.0562145,-1204.78,-1005.02,-2209.8
0.0563565,-372.792,-425.434,-798.226
0.0564987,844.517,699.302,1543.82
0.0566409,-505.651,-472.671,-978.321
0.0567833,894.593,703.698,1598.29
0.0569259,-403.956,-416.063,-820.019
0.0570685,860.618,702.582,1563.2
0.0572113,-477.229,-458.812,-936.04
0.0573542,924.869,748.852,1673.72
0.0574973,-524.24,-507.235,-1031.47
0.0576405,1037.98,834.353,1872.33
0.0577838,-541.831,-489.632,-1031.46
0.0579272,986.433,790.924,1777.36
0.0580708,-550.964,-493.927,-1044.89
0.0582145,971.377,805.037,1776.41
0.0583583,-500.571,-495.426,-995.997
0.0585023,927.32,744.065,1671.39
0.0586464,-525.459,-490.357,-1015.82
0.0587906,1048.28,862.104,1910.39
0.0589349,-464.205,-449.326,-913.531
0.0590794,-706.144,-595.997,-1302.14
0.059224,1535.64,1203.61,2739.24
0.0593688,-1054.73,-861.096,-1915.83
0.0595137,1604.89,1251.75,2856.64
0.0596587,-1156.86,-960.127,-2116.99
0.0598038,1546.96,1205.97,2752.94
0.0599491,-1067.54,-862.888,-1930.42
0.0600945,1575.52,1210.69,2786.21
0.0602401,-1120.11,-926.517,-2046.62
0.0603857,1616.18,1257.37,2873.55
0.0605315,-1083.05,-882.474,-1965.53
0.0606775,852.114,642.516,1494.63
0.0608235,-1081.29,-900.393,-1981.69
0.0609697,1565.85,1229.63,2795.48
0.0611161,-1017.85,-853.477,-1871.32
0.0612625,1580.02,1224.94,2804.96
0.0614092,-1134.45,-925.026,-2059.47
0.0615559,1563.83,1212.69,2776.52
0.0617028,-1024.53,-848.64,-1873.17
0.0618498,1573.43,1235.25,2808.68
0.0619969,-1149.92,-945.868,-2095.79
0.0621442,1595.46,1279.05,2874.52
0.0622916,-1009.18,-858.593,-1867.78
0.0624391,1588.61,1232.99,2821.6
0.0625868,-1099.91,-930.542,-2030.45
0.0627346,232.799,101.154,333.953
0.0628825,1028.27,792.663,1820.94
0.0630306,-445.902,-431.89,-877.792
0.0631788,1038.64,818.809,1857.45
0.0633272,-515.746,-462.711,-978.458
0.0634756,-413.781,-384.15,-797.931
0.0636242,1499.84,1142.66,2642.51
0.063773,-1085.9,-894.029,-1979.92
0.0639219,1417.09,1101.86,2518.95
0.0640709,-970.803,-814.442,-1785.25
0.0642201,1556.82,1195.18,2752.01
0.0643694,-1025.83,-865.098,-1890.93
0.0645188,1514.15,1190.48,2704.62
0.0646683,-1028.65,-851.448,-1880.1
0.064818,997.536,780.918,1778.45
0.0649679,-980.837,-801.025,-1781.86
0.0651178,1460.18,1111.99,2572.18
0.065268,-928.551,-811.722,-1740.27
0.0654182,1522.94,1187.48,2710.41
0.0655686,-865.454,-705.878,-1571.33
0.0657191,1419.32,1081.52,2500.84
0.0658697,-859.626,-745.31,-1604.94
0.0660205,1523.17,1178.82,2702
0.0661715,-904.544,-751.306,-1655.85
0.0663225,71.5028,-13.7613,57.7415
0.0664737,1093.11,842.65,1935.76
0.0666251,-519.416,-478.107,-997.523
0.0667765,1147.96,865.677,2013.64
0.0669282,-607.602,-529.481,-1137.08
0.0670799,936.573,733.682,1670.25
0.0672318,-480.824,-460.697,-941.521
0.0673838,1175.1,907.531,2082.63
0.067536,-549.43,-491.384,-1040.81
0.0676883,-552.378,-542.251,-1094.63
0.0678407,1442.14,1095.72,2537.85
0.0679933,191.452,157.756,349.207
0.068146,230.016,220.115,450.131
0.0682989,-1084.56,-916.136,-2000.7
0.0684519,895.451,729.751,1625.2
0.0686051,533.494,371.356,904.85
0.0687583,480.305,447.852,928.157
0.0689117,245.338,251.1,496.438
0.0690653,217.684,225.16,442.844
0.069219,313.018,247.174,560.192
0.0693728,282.192,228.321,510.513
0.0695268,196.74,98.6874,295.428
0.0696809,288.628,115.188,403.816
0.0698352,174.208,79.4417,253.65
0.0699896,172.737,205.431,378.168
0.0701441,78.6113,0.764026,79.3754
0.0702988,244.17,213.858,458.027
0.0704536,-56.9356,-67.8412,-124.777
0.0706086,405.714,359.262,764.976
0.0707637,-202.156,-170.617,-372.773
0.0709189,364.323,259.886,624.209
0.0710743,-201.788,-180.219,-382.007
0.0712298,499.908,390.528,890.436
0.0713855,-290.272,-219.412,-509.684
0.0715413,392.497,317.463,709.96
0.0716972,-216.415,-155.998,-372.413
0.0718533,374.311,305.784,680.095
0.0720095,-284.376,-208.874,-493.25
0.0721659,361.02,286.71,647.73
0.0723224,-325.45,-226.759,-552.209
0.0724791,407.933,294.17,702.103
0.0726359,-272.129,-202.845,-474.974
0.0727928,415.603,303.833,719.437
0.0729499,-377.112,-244.522,-621.634
0.0731071,459.733,341.166,800.9
0.0732645,-312.452,-237.532,-549.984
0.073422,412.428,306.165,718.593
0.0735797,-335.272,-233.036,-568.308
0.0737375,432.238,308.727,740.966
0.0738954,-291.17,-210.689,-501.86
0.0740535,312.536,243.908,556.444
0.0742117,-277.692,-180.142,-457.834
0.0743701,376.933,260.515,637.448
0.0745286,-314.437,-228.705,-543.142
0.0746873,333.872,276.785,610.657
0.0748461,-273.734,-194.509,-468.244
0.075005,358.509,281.345,639.854
0.0751641,-289.345,-223.228,-512.573
0.0753234,332.267,304.047,636.315
0.0754828,-270.869,-195.097,-465.966
0.0756423,295.885,227.094,522.978
0.075802,-161.331,-145.45,-306.78
0.0759618,301.034,236.068,537.102
0.0761218,-193.631,-162.837,-356.467
0.0762819,228.334,181.556,409.89
0.0764421,-163.206,-136.072,-299.278
0.0766025,260.211,217.987,478.198
0.0767631,-196.047,-134.586,-330.634
0.0769238,305.673,258.96,564.633
0.0770846,-150.995,-137.453,-288.448
0.0772456,249.394,203.332,452.727
0.0774067,-210.356,-183.399,-393.755
0.077568,285.898,228.801,514.699
0.0777294,-116.001,-110.772,-226.773
0.077891,210.177,145.338,355.515
0.0780527,-182.251,-162.135,-344.386
0.0782146,300.541,234.942,535.483
0.0783766,-101.36,-104.24,-205.6
0.0785388,230.343,177.383,407.726
0.0787011,-133.649,-102.676,-236.325
0.0788635,245.85,189.036,434.886
0.0790261,13.1828,-7.71338,5.46947
0.0791889,170.284,97.9834,268.267
0.0793518,54.854,35.7985,90.6525
0.0795148,277.385,210.777,488.162
0.079678,14.4533,-16.2503,-1.79702
0.0798414,152.239,100.163,252.402
0.0800048,161.021,134.077,295.098
0.0801685,300.595,241.244,541.839
0.0803323,-6.99712,-18.3567,-25.3538
0.0804962,245.286,171.523,416.809
0.0806603,-6.07604,-11.6914,-17.7674
0.0808245,327.224,248.298,575.522
0.0809889,56.4814,22.2659,78.7473
0.0811535,240.767,165.391,406.158
0.0813182,184.248,129.045,313.293
0.081483,348.291,275.722,624.013
0.081648,-7.11655,-38.8436,-45.9601
0.0818131,297.18,223.239,520.42
0.0819784,90.6503,35.4121,126.062
0.0821438,319.995,244.311,564.307
0.0823094,94.4553,52.0079,146.463
0.0824751,326.681,242.256,568.936
0.082641,66.1258,24.0029,90.1287
0.0828071,237.736,163.026,400.762
0.0829733,281.956,214.304,496.26
0.0831396,446.179,345.583,791.761
0.0833061,13.7759,1.2169,14.9928
0.0834727,394.516,296.445,690.961
0.0836395,20.4711,-16.0409,4.4302
0.0838065,390.127,287.51,677.637
0.0839736,77.0751,34.9992,112.074
0.0841408,339.244,236.533,575.777
0.0843082,72.6475,43.4437,116.091
0.0844758,417.937,324.49,742.428
0.0846435,102.998,32.0166,135.015
0.0848113,356.16,264.586,620.745
0.0849793,106.087,51.001,157.088
0.0851475,467.147,353.543,820.69
0.0853158,106.999,34.4824,141.482
0.0854843,388.779,284.456,673.236
0.0856529,139.424,71.577,211.001
0.0858217,513.306,378.656,891.962
0.0859906,144.895,47.4204,192.316
0.0861597,421.403,300.265,721.668
0.0863289,126.652,53.518,180.17
0.0864983,512.887,399.911,912.798
0.0866679,152.482,69.9772,222.459
0.0868376,495.25,370.052,865.302
0.0870074,138.114,64.6701,202.784
0.0871774,535.936,424.934,960.87
0.0873476,499.558,389.025,888.583
0.0875179,415.145,288.882,704.028
0.0876884,133.606,74.37,207.976
0.087859,469.171,329.332,798.503
0.0880298,268.115,186.676,454.791
0.0882007,535.066,384.488,919.554
0.0883718,166.049,93.9221,259.971
0.088543,517.437,371.233,888.67
0.0887145,185.495,102.367,287.862
0.088886,493.289,358.256,851.546
0.0890577,132.25,67.2717,199.522
0.0892296,623.385,478.409,1101.79
0.0894016,128.582,73.4857,202.068
0.0895738,536.416,395.672,932.089
0.0897461,166.293,99.4884,265.781
0.0899186,612.475,466.078,1078.55
0.0900913,172.048,101.622,273.67
0.0902641,455.687,336.245,791.932
0.0904371,188.287,120.514,308.801
0.0906102,410.003,315.353,725.357
0.0907835,205.224,142.292,347.516
0.0909569,516.569,383.133,899.702
0.0911305,208.015,131.681,339.696
0.0913043,370.692,262.33,633.022
0.0914782,246.862,165.849,412.711
0.0916523,436.709,327.958,764.667
0.0918265,199.424,132.679,332.103
0.0920009,546.843,411.657,958.5
0.0921754,233.926,149.625,383.551
0.0923501,370.157,252.188,622.344
0.092525,181.607,118.366,299.974
0.0927,406.287,298.046,704.333
0.0928752,253.636,163.046,416.682
0.0930505,395.677,294.467,690.144
0.093226,263.954,172.248,436.202
0.0934017,533.089,398.498,931.586
0.0935775,273.086,175.611,448.697
0.0937535,378.113,269.334,647.447
0.0939296,283.326,197.398,480.724
0.0941059,446.992,318.813,765.806
0.0942824,242.858,149.425,392.283
0.094459,687.22,514.916,1202.14
0.0946358,246.303,161.158,407.461
0.0948127,374.713,293.612,668.325
0.0949898,251.151,154.817,405.967
0.0951671,411.96,319.469,731.429
0.0953445,225.295,141.602,366.897
0.0955221,446.667,314.054,760.722
0.0956999,223.306,136.295,359.6
0.0958778,497.466,370.369,867.835
0.0960558,271.469,177.205,448.674
0.0962341,451.548,326.121,777.669
0.0964125,295.638,191.628,487.266
0.096591,430.555,298.706,729.261
0.0967697,285.532,177.232,462.765
0.0969486,633.025,477.335,1110.36
0.0971277,243.598,143.996,387.594
0.0973069,443.138,317.042,760.181
0.0974863,255.123,164.751,419.874
0.0976658,502.452,371.176,873.628
0.0978455,231.427,146.984,378.412
0.0980253,740.406,551.623,1292.03
0.0982054,169.585,130.377,299.962
0.0983856,238.716,209.01,447.726
0.0985659,220.183,160.209,380.392
0.0987464,96.6781,184.281,280.959
0.0989271,293.946,346.604,640.55
0.0991079,168.422,315.722,484.143
0.0992889,198.259,238.176,436.435
0.0994701,375.093,354.432,729.525
0.0996514,-923.314,-792.741,-1716.06
0.099833,391.807,295.833,687.64
0.100015,-244.767,-127.371,-372.138
0.100196,-55.4138,-41.3042,-96.7181
0.100378,-213.169,-80.032,-293.201
0.100561,6.07102,-41.1424,-35.0714
0.100743,-87.0085,-57.1376,-144.146
0.100925,-229.504,-225.746,-455.249
0.101108,-64.6515,-79.2254,-143.877
0.101291,-8.58898,-162.903,-171.492
0.101474,37.3043,86.4525,123.757
0.101657,113.104,-62.8816,50.222
0.10184,-96.6047,1.21387,-95.3909
0.102024,68.5666,-99.2423,-30.6756
0.102208,148.347,101.156,249.502
0.102391,-195.988,-301.782,-497.769
0.102575,913.732,757.406,1671.14
0.10276,-43.7144,-135.8,-179.514
0.102944,-531.905,-446.263,-978.168
0.103128,1163.29,925.269,2088.56
0.103313,-548.435,-500.151,-1048.59
0.103498,282.255,203.136,485.391
0.103683,-460.781,-402.095,-862.876
0.103868,1394.15,1059.17,2453.32
0.104053,-799.389,-709.683,-1509.07
0.104239,445.293,316.207,761.5
0.104424,-498.138,-444.627,-942.764
0.10461,1449.58,1117.41,2566.99
0.104796,-556.948,-498.674,-1055.62
0.104983,463.237,339.728,802.965
0.105169,-457.821,-416.057,-873.878
0.105355,1028.62,832.287,1860.9
0.105542,-504.163,-465.188,-969.352
0.105729,544.033,377.725,921.757
0.105916,-461.901,-421.237,-883.137
0.106103,1551.5,1179.76,2731.26
0.106291,-625.34,-607.003,-1232.34
0.106478,402.292,288.965,691.256
0.106666,-447.683,-418.642,-866.325
0.106854,1442.22,1161.28,2603.5
0.107042,-601.788,-553.292,-1155.08
0.10723,469.87,339.561,809.432
0.107418,-504.477,-455.931,-960.408
0.107607,655.707,476.617,1132.32
0.107796,-237.274,-244.387,-481.661
0.107985,1024.41,803.525,1827.94
0.108174,-547.959,-495.551,-1043.51
0.108363,685.128,533.889,1219.02
0.108552,-225.206,-219.206,-444.412
0.108742,499.118,373.552,872.67
0.108932,647.839,479.183,1127.02
0.109122,191.627,87.6048,279.232
0.109312,-187.297,-191.668,-378.965
0.109502,398.348,285.953,684.301
0.109692,-436.06,-421.328,-857.388
0.109883,1109.41,875.506,1984.92
0.110074,-550.099,-503.112,-1053.21
0.110265,1208.24,953.43,2161.67
0.110456,-697.009,-643.741,-1340.75
0.110647,896.955,722.012,1618.97
0.110839,-749.587,-700.527,-1450.11
0.11103,1692.87,1324.82,3017.69
0.111222,-641.117,-606.06,-1247.18
0.111414,487.347,364.374,851.721
0.111607,-545.46,-522.468,-1067.93
0.111799,1538.64,1198.6,2737.24
0.111991,-547.959,-530.696,-1078.65
0.112184,602.932,457.315,1060.25
0.112377,-663.701,-627.602,-1291.3
0.11257,1645.76,1280.22,2925.98
0.112763,-603.853,-577.553,-1181.41
0.112957,577.22,416.672,993.892
0.11315,-673.524,-634.082,-1307.61
0.113344,1667.93,1313.85,2981.78
0.113538,-556.16,-524.342,-1080.5
0.113732,577.349,421.525,998.875
0.113927,-414.095,-390.322,-804.417
0.114121,897.185,704.172,1601.36
0.114316,-558.174,-539.458,-1097.63
0.11451,1548.34,1211.36,2759.7
0.114706,-531.808,-535.734,-1067.54
0.114901,680.566,496.724,1177.29
0.115096,-303.991,-326.364,-630.355
0.115292,504.818,340.85,845.668
0.115487,200.111,135.356,335.467
0.115683,562.317,439.716,1002.03
0.115879,-518.728,-477.464,-996.193
0.116076,1576.18,1245.72,2821.9
0.116272,-451.897,-472.233,-924.129
0.116469,483.036,360.352,843.388
0.116665,-364.607,-365.91,-730.517
0.116862,653.952,486.348,1140.3
0.117059,-1.00963,-33.1405,-34.1502
0.117257,412.789,272.783,685.572
0.117454,757.42,553.406,1310.83
0.117652,306.506,171.966,478.472
0.11785,-246.156,-270.657,-516.813
0.118048,398.653,271.729,670.382
0.118246,190.321,136.52,326.841
0.118445,792.428,615.983,1408.41
0.118643,-244.447,-272.232,-516.679
0.118842,854.856,677.439,1532.29
0.119041,-261.354,-271.559,-532.914
0.11924,543.529,387.135,930.664
0.119439,420.813,332.724,753.537
0.119639,204.274,95.524,299.798
0.119838,251.584,185.478,437.062
0.120038,296.626,147.996,444.622
0.120238,595.173,456.849,1052.02
0.120439,190.738,84.0284,274.767
0.120639,-186.515,-199.493,-386.008
0.12084,777.902,620.496,1398.4
0.12104,-337.971,-357.881,-695.852
0.121241,1401.48,1093.23,2494.71
0.121442,-283.706,-322.541,-606.247
0.121644,598.363,449.756,1048.12
0.121845,-326.645,-341.026,-667.671
0.122047,860.058,676.341,1536.4
0.122249,-279.492,-330.511,-610.003
0.122451,1243.85,1001.76,2245.61
0.122653,-250.293,-310.862,-561.155
0.122855,576.785,422.372,999.157
0.123058,-277.331,-308.299,-585.63
0.123261,1359.79,1076.77,2436.56
0.123464,634.384,639.106,1273.49
0.123667,788.056,678.341,1466.4
0.12387,694.343,572.045,1266.39
0.124074,1126.02,829.534,1955.55
0.124277,-258.118,-352.764,-610.882
0.124481,1081.95,835.154,1917.1
0.124685,-718.588,-695.242,-1413.83
0.12489,1562.33,1164.31,2726.64
0.125094,-514.652,-476.546,-991.198
0.125299,1251.54,918.229,2169.77
0.125504,-449.892,-396.418,-846.31
0.125709,1141.31,839.798,1981.11
0.125914,-1017.02,-806.688,-1823.7
0.126119,1238.2,933.282,2171.48
0.126325,474.121,397.193,871.314
0.12653,-562.145,-488.356,-1050.5
0.126736,682.695,584.306,1267
0.126943,-520.153,-507.306,-1027.46
0.127149,733.82,619.661,1353.48
0.127355,1025.68,780.447,1806.13
0.127562,-958.589,-788.367,-1746.96
0.127769,1082.79,840.104,1922.9
0.127976,-961.24,-764.511,-1725.75
0.128183,1049.48,784.838,1834.31
0.128391,408.43,402.288,810.718
0.128598,-456.06,-445.447,-901.508
0.128806,640.481,538.736,1179.22
0.129014,-629.965,-584.625,-1214.59
0.129222,731.915,618.654,1350.57
0.129431,1404.22,1090.86,2495.08
0.129639,-930.124,-735.638,-1665.76
0.129848,1006.19,768.713,1774.9
0.130057,-1044.24,-827.325,-1871.56
0.130266,1378.06,1051.35,2429.4
0.130475,187.766,171.264,359.029
0.130685,-731.493,-633.819,-1365.31
0.130895,753.94,632.051,1385.99
0.131105,983.123,746.883,1730.01
0.131315,-1005.93,-824.27,-1830.2
0.131525,1011.14,761.055,1772.19
0.131735,-725.576,-600.929,-1326.5
0.131946,1422.45,1091.43,2513.88
0.132157,-875.647,-739.796,-1615.44
0.132368,1047.34,796.621,1843.97
0.132579,863.016,723.242,1586.26
0.132791,-379.845,-367.329,-747.174
0.133002,731.394,580.688,1312.08
0.133214,-669.183,-553.534,-1222.72
0.133426,824.68,670.155,1494.84
0.133638,1097.89,867.99,1965.88
0.133851,-995.524,-820.371,-1815.9
0.134063,1085.35,863.368,1948.72
0.134276,-738.217,-638.985,-1377.2
0.134489,1292.48,1005.05,2297.53
0.134702,578.796,489.462,1068.26
0.134916,-653.994,-551.129,-1205.12
0.135129,875.611,717.133,1592.74
0.135343,-253.534,-264.721,-518.255
0.135557,772.807,629.282,1402.09
0.135771,77.1984,2.45287,79.6512
0.135985,884.432,718.763,1603.19
0.1362,-323.894,-306.15,-630.044
0.136415,653.383,541.939,1195.32
0.13663,-546.219,-498.95,-1045.17
0.136845,848.281,694.995,1543.28
0.13706,782.106,600.289,1382.4
0.137276,-760.815,-621.235,-1382.05
0.137491,1102.95,840.953,1943.91
0.137707,453.091,359.273,812.364
0.137923,-603.713,-527.996,-1131.71
0.13814,730.134,575.52,1305.65
0.138356,563.731,406.207,969.938
0.138573,529.043,411.013,940.057
0.13879,-578.702,-497.369,-1076.07
0.139007,739.687,580.001,1319.69
0.139224,739.736,561.803,1301.54
0.139441,-542.616,-471.287,-1013.9
0.139659,887.83,708.025,1595.86
0.139877,399.882,295.633,695.515
0.140095,-109.236,-182.033,-291.269
0.140313,749.91,606.909,1356.82
0.140532,-212.306,-279.07,-491.376
0.14075,713.048,557.33,1270.38
0.140969,242.914,119.821,362.735
0.141188,870.228,706.856,1577.08
0.141408,-629.68,-556.403,-1186.08
0.141627,670.789,533.077,1203.87
0.141847,649.586,481.971,1131.56
0.142067,489.756,376.846,866.602
0.142287,-357.648,-378.58,-736.228
0.142507,735.686,581.03,1316.72
0.142727,708.819,527.558,1236.38
0.142948,-484.929,-431.898,-916.827
0.143169,803.367,633.966,1437.33
0.14339,441.074,319.193,760.266
0.143611,471.178,313.697,784.874
0.143833,497.319,394.762,892.081
0.144054,-168.393,-218.323,-386.716
0.144276,564.985,440.206,1005.19
0.144498,539.648,381.921,921.569
0.144721,452.228,328.264,780.492
0.144943,-198.514,-256.175,-454.689
0.145166,743.823,576.614,1320.44
0.145389,429.339,276.054,705.392
0.145612,428.939,308.952,737.891
0.145835,207.204,234.048,441.251
0.146058,61.9942,-115.006,-53.0116
0.146282,31.0605,70.8639,101.924
0.146506,299.204,148.258,447.462
0.14673,-67.628,-153.276,-220.904
0.146954,512.509,567.024,1079.53
0.147179,272.848,286.035,558.883
0.147404,203.726,176.659,380.385
0.147629,352.328,178.021,530.349
0.147854,444.861,321.709,766.57
0.148079,-56.2,-197.401,-253.601
0.148304,-22.7067,-59.6725,-82.3792
0.14853,-122.211,-265.047,-387.258
0.148756,-578.525,-673.241,-1251.77
0.148982,-678.232,-797.264,-1475.5
0.149209,-643.87,-745.56,-1389.43
0.149435,-595.029,-627.809,-1222.84
0.149662,-302.473,-332.597,-635.071
0.149889,-315.159,-317.185,-632.344
0.150116,373.294,372.727,746.021
0.150343,19.5123,-75.4288,-55.9166
0.150571,129.493,164.831,294.324
0.150799,233.696,25.2495,258.946
0.151027,175.248,191.308,366.556
0.151255,267.237,134.927,402.163
0.151483,37.7409,36.2755,74.0165
0.151712,32.8763,22.0519,54.9282
0.151941,239.959,184.763,424.722
0.15217,139.601,153.304,292.905
0.152399,38.8708,-16.3951,22.4757
0.152629,165.787,148.811,314.598
0.152858,212.619,144.23,356.849
0.153088,91.6314,68.6237,160.255
0.153318,182.586,100.416,283.002
0.153549,362.989,331.017,694.006
0.153779,68.1594,-11.8526,56.3068
0.15401,202.815,166.926,369.741
0.154241,271.573,178.895,450.469
0.154472,92.282,53.148,145.43
0.154703,309.14,219.804,528.944
0.154935,2.24606,12.9433,15.1894
0.155166,254.358,164.195,418.553
0.155398,-61.9799,-79.1993,-141.179
0.155631,360.982,252.666,613.648
0.155863,197.149,184.418,381.568
0.156096,29.2354,-45.5273,-16.2919
0.156328,-107.079,-119.532,-226.611
0.156561,336.715,237.896,574.611
0.156795,250.083,218.159,468.242
0.157028,70.3523,-0.918457,69.4338
0.157262,26.6776,-3.35607,23.3216
0.157496,236.537,132.017,368.554
0.15773,234.314,206.786,441.1
0.157964,131.567,23.5985,155.165
0.158199,217.988,157.94,375.928
0.158433,-537.199,-501.956,-1039.15
0.158668,983.112,825.199,1808.31
0.158903,-804.368,-664.39,-1468.76
0.159139,1112.64,955.505,2068.15
0.159374,-711.062,-614.027,-1325.09
0.15961,996.611,714.76,1711.37
0.159846,-770.092,-778.955,-1549.05
0.160082,943.143,599.55,1542.69
0.160319,-876.156,-789.307,-1665.46
0.160555,1085.7,828.117,1913.82
0.160792,-747.302,-616.386,-1363.69
0.161029,897.27,650.229,1547.5
0.161267,-715.99,-609.409,-1325.4
0.161504,732.922,604.938,1337.86
0.161742,-422.116,-332.24,-754.356
0.16198,732.371,507.804,1240.18
0.162218,-547,-437.513,-984.513
0.162456,824.743,643.423,1468.17
0.162695,-468.745,-332.65,-801.395
0.162934,764.255,540.727,1304.98
0.163173,-521.413,-353.838,-875.251
0.163412,951.894,675.509,1627.4
0.163652,-533.909,-367.987,-901.896
0.163891,895.67,590.493,1486.16
0.164131,-79.3449,-71.8842,-151.229
0.164371,929.399,714.308,1643.71
0.164612,-445.969,-275.832,-721.801
0.164852,874.427,583.243,1457.67
0.165093,-561.094,-414.802,-975.896
0.165334,951.717,697.505,1649.22
0.165575,-448.534,-311.998,-760.531
0.165817,894.179,644.711,1538.89
0.166058,-606.086,-492.791,-1098.88
0.1663,914.741,703.517,1618.26
0.166542,-394.914,-322.904,-717.819
0.166785,971.267,734.989,1706.26
0.167027,-589.215,-463.328,-1052.54
0.16727,1095.93,867.092,1963.03
0.167513,1262.1,1048.03,2310.14
0.167756,-684.873,-618.007,-1302.88
0.167999,1307.19,1102.09,2409.27
0.168243,-599.07,-536.874,-1135.94
0.168487,1214.55,1012.3,2226.86
0.168731,-711.435,-636.47,-1347.9
0.168975,1255.16,995.75,2250.91
0.16922,-721.397,-605.391,-1326.79
0.169465,1217.24,980.619,2197.86
0.16971,-681.014,-641.553,-1322.57
0.169955,1282.59,1033.39,2315.98
0.1702,-787.108,-681.275,-1468.38
0.170446,1233.38,1001.84,2235.23
0.170692,563.751,426.487,990.238
0.170938,-236.286,-189.449,-425.734
0.171184,766.693,607.465,1374.16
0.171431,-388.69,-351.272,-739.962
0.171677,797.046,610.887,1407.93
0.171924,450.807,319.735,770.542
0.172171,322.878,212.14,535.018
0.172419,-409.795,-358.77,-768.565
0.172667,826.43,660.188,1486.62
0.172914,838.206,678.109,1516.32
0.173163,-738.834,-614.45,-1353.28
0.173411,1120.75,885.946,2006.69
0.173659,408.224,322.596,730.821
0.173908,-448.189,-401.535,-849.724
0.174157,676.363,562.364,1238.73
0.174406,792.6,612.284,1404.88
0.174656,-565.944,-513.877,-1079.82
0.174906,1041.19,831.687,1872.88
0.175156,165.179,115.325,280.504
0.175406,-126.72,-189.254,-315.975
0.175656,626.65,535.02,1161.67
0.175907,102.186,-15.1967,86.989
0.176157,630.336,521.947,1152.28
0.176408,-386.096,-390.416,-776.513
0.17666,724.749,620.03,1344.78
0.176911,685.321,510.64,1195.96
0.177163,0.78741,-28.0954,-27.308
0.177415,626.671,430.888,1057.56
0.177667,-84.0497,-120.261,-204.311
0.17792,874.686,676.829,1551.52
0.178172,-552.169,-519.919,-1072.09
0.178425,966.897,750.119,1717.02
0.178678,433.526,359.988,793.513
0.178932,-325.197,-325.586,-650.783
0.179185,677.527,564.912,1242.44
0.179439,462.42,309.854,772.274
0.179693,260.916,189.354,450.271
0.179947,542.62,373.402,916.023
0.180202,199.676,135.246,334.922
0.180457,-74.2528,-168.203,-242.456
0.180711,596.145,496.112,1092.26
0.180967,589.72,416.21,1005.93
0.181222,-1023.74,-882.205,-1905.94
0.181478,-1021.26,-948.151,-1969.41
0.181734,-574.88,-668.595,-1243.47
0.18199,572.322,375.666,947.988
0.182246,-568.094,-739.32,-1307.41
0.182503,616.487,391.907,1008.39
0.18276,-293.309,-518.427,-811.736
0.183017,303.89,89.4205,393.31
0.183274,-300.749,-401.31,-702.058
0.183531,931.356,590.218,1521.57
0.183789,-124.034,-200.445,-324.48
0.184047,315.538,280.406,595.944
0.184305,-147.861,-261.198,-409.059
0.184564,943.474,715.165,1658.64
0.184822,-97.6388,-223.05,-320.689
0.185081,-638.198,-588.771,-1226.97
0.185341,1347.92,957.22,2305.14
0.1856,-642.215,-565.095,-1207.31
0.18586,277.744,128.263,406.007
0.186119,985.361,784.39,1769.75
0.18638,-164.459,-255.361,-419.821
0.18664,-220.173,-224.715,-444.888
0.186901,1176.93,873.656,2050.58
0.187161,-436.125,-428.835,-864.96
0.187422,274.042,146.387,420.429
0.187684,275.039,240.619,515.658
0.187945,128.385,-2.73958,125.645
0.188207,953.441,746.837,1700.28
0.188469,-160.632,-250.779,-411.411
0.188731,37.2282,-1.09916,36.1291
0.188994,772.446,543.423,1315.87
0.189256,-153.473,-159.514,-312.986
0.189519,478.449,311.018,789.467
0.189783,107.9,58.8242,166.724
0.190046,744.83,541.827,1286.66
0.19031,-126.451,-165.726,-292.177
0.190574,717.727,523.5,1241.23
0.190838,-51.0792,-105.889,-156.969
0.191102,460.692,314.763,775.455
0.191367,67.0676,-14.5126,52.555
0.191632,881.833,666.513,1548.35
0.191897,-24.0602,-92.1693,-116.23
0.192162,274.576,151.246,425.822
0.192428,359.298,283.725,643.023
0.192694,417.417,277.332,694.749
0.19296,197.008,86.1998,283.208
0.193226,863.451,672.693,1536.14
0.193493,113.982,0.39544,114.377
0.193759,201.586,67.8214,269.407
0.194026,626.173,470.955,1097.13
0.194294,259.352,118.241,377.592
0.194561,593.545,466.762,1060.31
0.194829,278.287,160.069,438.356
0.195097,343.439,220.398,563.837
0.195365,580.216,437.507,1017.72
0.195634,260.644,118.768,379.413
0.195903,528.58,370.137,898.717
0.196172,346.036,196.025,542.061
0.196441,469.069,326.323,795.392
0.19671,408.503,231.975,640.479
0.19698,418.185,283.789,701.974
0.19725,429.351,277.552,706.903
0.19752,353.383,228.65,582.033
0.197791,537.069,375.784,912.853
0.198062,423.693,296.779,720.472
0.198333,427.194,275.798,702.992
0.198604,445.646,300.779,746.425
0.198875,404.759,230.087,634.846
0.199147,555.494,414.256,969.749
0.199419,335.839,201.107,536.945
0.199691,492.941,336.61,829.551
0.199963,467.592,311.03,778.622
0.200236,332.824,198.453,531.277
0.200509,514.944,357.365,872.309
0.200782,475.955,324.737,800.692
0.201056,424.181,262.534,686.715
0.201329,503.342,370.32,873.662
0.201603,361.295,217.524,578.819
0.201878,595.285,434.584,1029.87
0.202152,388.492,253.086,641.578
0.202427,468.378,323.802,792.18
0.202702,446.196,291.803,737.999
0.202977,528.8,354.674,883.473
0.203252,422.18,256.23,678.41
0.203528,464.495,313.968,778.463
0.203804,412.255,275.303,687.557
0.20408,481.06,335.636,816.695
0.204356,315.59,182.194,497.784
0.204633,603.436,434.22,1037.66
0.20491,258.346,130.488,388.835
0.205187,608.385,434.24,1042.62
0.205465,362.03,237.965,599.995
0.205742,571.164,394.13,965.294
0.20602,340.418,200.795,541.212
0.206299,541.132,368.813,909.945
0.206577,375.627,227.573,603.2
0.206856,564.192,383.213,947.406
0.207135,342.573,183.205,525.778
0.207414,619.159,459.719,1078.88
0.207693,293.26,154.283,447.542
0.207973,624.439,452.624,1077.06
0.208253,262.325,130.944,393.269
0.208533,649.712,458.677,1108.39
0.208814,312.196,167.471,479.667
0.209095,614.367,442.791,1057.16
0.209376,256.638,122.659,379.297
0.209657,684.256,494.772,1179.03
0.209938,248.006,92.2953,340.301
0.21022,630.716,442.758,1073.47
0.210502,274.834,129.745,404.579
0.210784,689.569,489.468,1179.04
0.211067,258.611,116.874,375.485
0.21135,663.424,470.4,1133.82
0.211633,291.833,141.153,432.987
0.211916,651.721,473.623,1125.34
0.2122,308.557,148.031,456.589
0.212483,633.41,445.076,1078.49
0.212767,320.916,162.556,483.472
0.213052,623.399,419.2,1042.6
0.213336,368.066,197.274,565.34
0.213621,666.214,468.62,1134.83
0.213906,408.288,220.912,629.2
0.214192,586.765,415.756,1002.52
0.214477,353.109,188.383,541.492
0.214763,608.458,428.411,1036.87
0.215049,392.753,214.409,607.162
0.215336,612.017,440.404,1052.42
0.215622,312.141,134.939,447.081
0.215909,632.495,436.794,1069.29
0.216197,369.856,196.578,566.434
0.216484,635.129,451.613,1086.74
0.216772,816.463,539.514,1355.98
0.21706,-411,-451.795,-862.795
0.217348,279.771,147.708,427.479
0.217636,697.25,507.857,1205.11
0.217925,-633.709,-391.182,-1024.89
0.218214,882.759,597.75,1480.51
0.218504,-560.05,-536.799,-1096.85
0.218793,919.849,581.83,1501.68
0.219083,-747.729,-529.223,-1276.95
0.219373,1002.79,628.827,1631.62
0.219663,-570.731,-385.962,-956.693
0.219954,943.864,583.799,1527.66
0.220245,-581.787,-419.047,-1000.83
0.220536,-263.629,-424.766,-688.395
0.220827,-188.983,-268.48,-457.462
0.221119,-381.064,-298.416,-679.48
0.221411,-49.8335,-27.316,-77.1496
0.221703,-100.872,-146.068,-246.941
0.221996,-87.6215,-196.701,-284.323
0.222288,55.9977,46.3075,102.305
0.222581,-112.628,-243.663,-356.29
0.222875,261.065,152.347,413.412
0.223168,-42.5199,-144.957,-187.477
0.223462,603.585,453.829,1057.41
0.223756,-171.543,-184.859,-356.401
0.22405,551.28,422.552,973.833
0.224345,-161.407,-165.183,-326.59
0.22464,588.888,427.415,1016.3
0.224935,-114.04,-152.554,-266.594
0.22523,477.206,385.042,862.247
0.225526,-1.31619,-36.713,-38.0292
0.225822,432.842,316.732,749.575
0.226118,-12.9604,-47.1436,-60.104
0.226414,548.267,432.128,980.395
0.226711,-206.983,-210.351,-417.334
0.227008,623.166,448.886,1072.05
0.227305,-18.2627,-71.9404,-90.2032
0.227603,452.027,360.62,812.646
0.227901,-100.312,-123.717,-224.029
0.228199,500.145,346.622,846.767
0.228497,137.969,60.8021,198.771
0.228796,364.066,255.412,619.477
0.229095,-34.3498,-72.2111,-106.561
0.229394,526.993,368.613,895.606
0.229693,122.633,26.4469,149.08
0.229993,377.422,266.367,643.789
0.230293,-86.5968,-146.073,-232.67
0.230593,691.228,494.86,1186.09
0.230894,20.6406,-77.522,-56.8815
0.231195,529.665,384.888,914.553
0.231496,-57.656,-114.862,-172.518
0.231797,653.833,458.372,1112.2
0.232099,61.0785,-8.68066,52.3978
0.232401,473.716,344.146,817.862
0.232703,112.632,11.2353,123.867
0.233005,609.076,445.218,1054.29
0.233308,71.2315,-32.8915,38.34
0.233611,535.474,408.722,944.196
0.233914,112.016,8.31484,120.331
0.234218,548.079,400.628,948.706
0.234522,138.427,26.8591,165.286
0.234826,454.969,321.09,776.059
0.23513,124.897,15.5283,140.425
0.235435,567.439,412.725,980.164
0.23574,135.894,19.9626,155.857
0.236045,568.73,414.084,982.814
0.236351,67.0333,-16.1066,50.9267
0.236656,619.201,454.679,1073.88
0.236962,139.912,21.522,161.434
0.237269,578.021,421.057,999.078
0.237575,95.7838,24.6339,120.418
0.237882,665.265,497.65,1162.91
0.238189,65.3717,-39.8652,25.5065
0.238497,622.523,447.196,1069.72
0.238805,100.267,11.99,112.256
0.239113,683.494,502.069,1185.56
0.239421,183.34,50.1229,233.463
0.239729,581.824,430.419,1012.24
0.240038,58.9757,-16.4741,42.5017
0.240347,675.461,500.16,1175.62
0.240657,104.259,1.30039,105.559
0.240967,601.086,447.808,1048.89
0.241277,75.8098,-39.3872,36.4226
0.241587,676.012,483.262,1159.27
0.241897,177.9,33.4092,211.309
0.242208,555.904,408.746,964.651
0.242519,39.3187,-50.5431,-11.2244
0.242831,689.984,509.27,1199.25
0.243142,85.0506,-34.67,50.3806
0.243454,661.335,500.17,1161.51
0.243766,66.2434,-43.4136,22.8298
0.244079,722.71,527.084,1249.79
0.244392,135.268,31.8544,167.122
0.244705,719.865,526.634,1246.5
0.245018,125.237,12.9097,138.147
0.245332,670.264,489.049,1159.31
0.245646,129.287,15.1074,144.395
0.24596,636.923,466.455,1103.38
0.246275,126.392,26.5871,152.979
0.246589,660.569,465.986,1126.56
0.246904,187.027,52.5407,239.568
0.24722,650.377,464.501,1114.88
0.247535,151.711,42.8632,194.574
0.247851,684.145,464.779,1148.92
0.248168,240.319,109.536,349.856
0.248484,571.56,406.734,978.294
0.248801,222.332,96.6924,319.025
0.249118,643.151,429.125,1072.28
0.249435,229.318,100.723,330.041
0.249753,596.369,419.626,1016
0.250071,211.703,102.744,314.447
0.250389,686.366,471.73,1158.1
0.250708,261.547,131.001,392.548
0.251027,602.322,426.832,1029.15
0.251346,175.442,68.4685,243.911
0.251665,524.612,259.574,784.187
0.251985,262.346,-13.5642,248.781
0.252305,87.0868,-117.461,-30.3743
0.252625,612.365,303.912,916.277
0.252946,123.018,-37.5982,85.4198
0.253267,620.751,429.855,1050.61
0.253588,-92.0553,-237.417,-329.473
0.253909,480.798,336.539,817.337
0.254231,-249.592,-317.899,-567.491
0.254553,366.426,267.736,634.161
0.254875,-221.356,-277.187,-498.542
0.255198,636.477,435.388,1071.86
0.255521,-327.16,-365.332,-692.493
0.255844,773.219,588.202,1361.42
0.256167,-462.324,-470.172,-932.496
0.256491,700.804,528.309,1229.11
0.256815,-444.267,-460.51,-904.777
0.25714,1177.04,943.643,2120.68
0.257464,-518.171,-529.408,-1047.58
0.257789,666.571,511.119,1177.69
0.258115,-449.492,-469.876,-919.368
0.25844,1500.68,1209.43,2710.11
0.25844,-540.483,-548.412,-1088.9
0.258766,541.224,380.477,921.701
0.259092,-367.406,-406.668,-774.074
0.259419,994.756,776.91,1771.67
0.259745,-256.13,-341.4,-597.529
0.260072,714.665,523.254,1237.92
0.2604,-79.8283,-153.515,-233.343
0.260727,837.861,650.038,1487.9
0.261055,-239.866,-319.198,-559.064
0.261384,810.471,593.374,1403.84
0.261712,99.4034,31.9185,131.322
0.262041,728.262,572.652,1300.91
0.26237,-310.512,-395.716,-706.229
0.262699,1075.85,846.13,1921.98
0.263029,-349.9,-422.128,-772.028
0.263359,754.107,599.319,1353.43
0.26369,-324.84,-385.706,-710.546
0.26402,1322.7,1077.08,2399.78
0.264351,-474.535,-509.45,-983.985
0.264682,779.894,622.889,1402.78
0.265014,-341.135,-417.787,-758.922
0.265346,1159.74,942.545,2102.28
0.265678,-316.804,-401.873,-718.677
0.26601,966.421,801.886,1768.31
0.266343,-264.495,-373.139,-637.634
0.266676,1032.15,848.635,1880.78
0.267009,-322.578,-400.115,-722.693
0.267343,995.076,799.781,1794.86
0.267677,-287.054,-385.167,-672.22
0.268011,1061.51,878.229,1939.74
0.268346,-330.991,-404.897,-735.888
0.268681,791.215,612.483,1403.7
0.269016,-117.388,-270.484,-387.871
0.269351,1234.91,1015.16,2250.07
0.269687,-305.017,-393.786,-698.804
0.270023,473.229,351.461,824.691
0.270359,393.586,215.431,609.018
0.270696,305.478,211.107,516.585
0.271033,705.305,468.075,1173.38
0.27137,151.504,56.1583,207.662
0.271708,605.147,387.734,992.881
0.272046,171.489,66.3512,237.84
0.272384,674.628,464.931,1139.56
0.272723,126.825,39.0859,165.911
0.273062,646.329,426.589,1072.92
0.273401,181.37,76.028,257.398
0.27374,585.078,384.981,970.06
0.27408,170.361,67.7927,238.153
0.27442,740.522,499.259,1239.78
0.27476,253.807,119.264,373.071
0.275101,377.854,216.757,594.611
0.275442,339.674,205.16,544.834
0.275783,926.197,670.749,1596.95
0.276125,215.282,115.929,331.212
0.276467,277.305,101.569,378.874
0.276809,575.847,408.166,984.013
0.277152,456.321,270.567,726.888
0.277495,388.348,227.1,615.448
0.277838,636.353,417.806,1054.16
0.278181,357.108,220.801,577.909
0.278525,452.572,267.033,719.606
0.278869,496.27,337.042,833.313
0.279214,627.603,417.544,1045.15
0.279558,278.072,135.954,414.026
0.279903,616.386,407.132,1023.52
0.280249,312.428,188.546,500.973
0.280594,651.526,438.496,1090.02
0.28094,229.176,118.858,348.034
0.281287,621.973,403.793,1025.77
0.281633,737.712,635.849,1373.56
0.28198,-341.759,-261.737,-603.497
0.282328,711.769,589.044,1300.81
0.282675,-719.478,-608.272,-1327.75
0.283023,816.721,527.613,1344.33
0.283371,-657.823,-591.678,-1249.5
0.28372,1177.17,866.087,2043.25
0.284069,-685.566,-584.209,-1269.77
0.284418,1016.14,731.083,1747.22
0.284767,-277.557,-331.521,-609.078
0.285117,879.468,612.148,1491.62
0.285467,-189.815,-196.658,-386.473
0.285818,823.684,576.284,1399.97
0.286168,-712.29,-605.961,-1318.25
0.286519,940.39,665.328,1605.72
0.286871,267.723,166.521,434.244
0.287222,318.886,186.685,505.572
0.287574,158.903,88.8649,247.768
0.287927,429.42,258.766,688.186
0.288279,125.734,69.0058,194.739
0.288632,285.277,146.258,431.535
0.288986,237.302,150.643,387.945
0.289339,521.134,341.724,862.857
0.289693,120.053,50.6269,170.68
0.290048,337.799,189.84,527.639
0.290402,177.905,105.193,283.098
0.290757,483.237,317.042,800.279
0.291112,50.4253,-13.7408,36.6846
0.291468,681.954,520.643,1202.6
0.291824,-631.721,-586.351,-1218.07
0.29218,1380.07,1082.41,2462.48
0.292536,-437.545,-432.965,-870.51
0.292893,651.22,519.974,1171.19
0.293251,-20.8284,-92.655,-113.483
0.293608,839.143,630.015,1469.16
0.293966,-240.881,-284.083,-524.964
0.294324,705.48,539.832,1245.31
0.294682,-204.338,-275.997,-480.335
0.295041,1007.57,769.318,1776.89
0.2954,-269.948,-332.113,-602.061
0.29576,819.042,650.206,1469.25
0.29612,-255.624,-313.519,-569.144
0.29648,943.927,737.515,1681.44
0.29684,-274.406,-303.234,-577.641
0.297201,748.915,581.193,1330.11
0.297562,-141.665,-197.083,-338.747
0.297923,910.18,684.023,1594.2
0.298285,-333.833,-338.004,-671.838
0.298647,1126.19,885.283,2011.47
0.29901,-432.525,-428.085,-860.61
0.299372,855.454,644.272,1499.73
0.299735,-3.04507,-305.54,-308.586
0.300099,486.327,287.946,774.273
0.300463,63.7725,0.640746,64.4133
0.300827,206.85,33.6733,240.523
0.301191,175.047,56.6277,231.675
0.301556,375.929,131.843,507.772
0.301921,165.788,120.081,285.868
0.302286,381.109,227.798,608.907
0.302652,-86.6339,-73.8549,-160.489
0.303018,176.247,96.8718,273.119
0.303384,304.771,207.005,511.776
0.303751,-43.2128,-106.458,-149.671
0.304118,293.8,219.207,513.007
0.304485,24.9203,-8.95309,15.9672
0.304853,252.378,188.367,440.745
0.305221,122.878,57.4654,180.343
0.30559,268.493,161.779,430.272
0.305958,84.4034,12.5169,96.9203
0.306327,205.66,113.602,319.262
0.306697,110.154,19.3486,129.502
0.307067,320.058,204.434,524.492
0.307437,22.0345,-47.0688,-25.0343
0.307807,323.029,200.527,523.556
0.308178,40.5896,-32.5691,8.02052
0.308549,401.767,272.727,674.493
0.30892,-11.0645,-53.155,-64.2195
0.309292,385.361,256.564,641.925
0.309664,-8.58221,-54.2697,-62.8519
0.310036,454.016,327.03,781.046
0.310409,-7.50793,-74.9593,-82.4672
0.310782,402.566,274.412,676.979
0.311156,50.0082,-22.4102,27.598
0.311529,402.196,268.336,670.532
0.311904,82.7265,6.37873,89.1052
0.312278,411.001,268.525,679.526
0.312653,98.1331,-2.44571,95.6874
0.313028,413.285,281.102,694.387
0.313403,135.636,18.5789,154.215
0.313779,482.7,321.813,804.513
0.314155,20.8934,-50.467,-29.5737
0.314532,522.83,364.826,887.656
0.314909,60.0057,-20.6799,39.3258
0.315286,498.749,330.323,829.073
0.315664,70.3612,-32.9527,37.4085
0.316041,541.077,390.228,931.305
0.31642,19.0234,-65.0216,-45.9982
0.316798,643.364,436.484,1079.85
0.317177,-57.3439,-125.179,-182.523
0.317556,653.668,469.544,1123.21
0.317936,23.7372,-48.0428,-24.3056
0.318316,639.469,441.264,1080.73
0.318696,31.286,-52.5631,-21.2771
0.319077,578.531,404.255,982.786
0.319458,67.9559,-12.3071,55.6487
0.319839,657.591,444.731,1102.32
0.320221,44.4963,-50.5397,-6.04345
0.320603,623.175,432.655,1055.83
0.320985,128.587,8.42985,137.017
0.321368,619.48,443.885,1063.37
0.321751,109.628,-1.04467,108.584
0.322134,618.344,431.249,1049.59
0.322518,116.254,-0.670716,115.583
0.322902,608.831,426.367,1035.2
0.323287,132.937,31.4834,164.42
0.323672,668.579,452.405,1120.98
0.324057,72.3907,-39.6625,32.7282
0.324442,657.945,446.76,1104.71
0.324828,140.564,13.8399,154.404
0.325214,654.333,439.285,1093.62
0.325601,84.4652,-19.0716,65.3936
0.325988,655.666,454.679,1110.35
0.326375,171.165,54.3278,225.493
0.326763,627.93,418.989,1046.92
0.327151,216.278,77.4678,293.745
0.327539,671.082,449.459,1120.54
0.327928,158.383,57.8411,216.224
0.328317,680.935,455.05,1135.99
0.328706,210.664,71.0395,281.703
0.329096,674.592,460.018,1134.61
0.329486,223.62,77.4459,301.066
0.329876,715.32,475.706,1191.03
0.330267,245.763,106.715,352.478
0.330658,667.266,437.602,1104.87
0.33105,260.661,124.876,385.536
0.331442,619.859,403.074,1022.93
0.331834,300.913,154.38,455.292
0.332226,677.504,449.312,1126.82
0.332619,155.656,18.9692,174.625
0.333013,713.083,480.993,1194.08
0.333406,338.069,171.568,509.637
0.3338,702.265,441.689,1143.95
0.334195,212.603,87.4979,300.101
0.334589,702.273,448.88,1151.15
0.334984,314.254,171.623,485.877
0.33538,675.284,454.244,1129.53
0.335776,286.732,142.811,429.543
0.336172,641.578,417.844,1059.42
0.336568,290.071,122.962,413.032
0.336965,674.733,448.649,1123.38
0.337362,381.571,208.349,589.92
0.33776,723.793,454.39,1178.18
0.338158,239.115,89.633,328.748
0.338556,669.904,419.188,1089.09
0.338955,418.12,238.819,656.939
0.339354,680.404,433.186,1113.59
0.339753,318.829,144.639,463.468
0.340153,725.123,456.719,1181.84
0.340553,453.312,256.796,710.109
0.340954,600.56,367.342,967.901
0.341355,455.02,259.861,714.881
0.341756,713.741,475.463,1189.2
0.342158,387.162,192.559,579.721
0.34256,674.69,414.205,1088.89
0.342962,647.939,422.646,1070.59
0.343365,15.0768,43.765,58.8418
0.343768,558.097,390.668,948.764
0.344171,505.63,338.726,844.356
0.344575,353.015,256.632,609.647
0.344979,218.592,177.798,396.39
0.345383,637.163,484.762,1121.92
0.345788,278.268,194.212,472.48
0.346194,461.104,261.235,722.338
0.346599,100.734,107.461,208.195
0.347005,563.426,346.551,909.976
0.347412,154.026,131.495,285.521
0.347818,663.841,421.669,1085.51
0.348226,348.31,282.271,630.581
0.348633,438.208,244.389,682.597
0.349041,356.792,241.88,598.671
0.349449,556.017,337.345,893.362
0.349858,256.205,189.258,445.463
0.350267,634.617,395.808,1030.42
0.350676,318.007,199.835,517.841
0.351086,571.915,349.493,921.408
0.351496,240.99,177.766,418.756
0.351906,554.076,331.777,885.853
0.352317,321.324,212.024,533.349
0.352728,429.549,228.855,658.404
0.35314,338.744,233.377,572.12
0.353552,464.851,269.39,734.241
0.353964,261.228,160.291,421.518
0.354377,499.473,293.294,792.767
0.35479,433.248,276.19,709.438
0.355203,402.305,227.281,629.586
0.355617,302.123,175.829,477.953
0.356031,504.047,304.122,808.168
0.356446,551.43,373.21,924.64
0.356861,450.446,268.32,718.765
0.357276,322.453,180.43,502.884
0.357692,561.469,316.664,878.132
0.358108,447.921,274.696,722.618
0.358524,474.991,283.296,758.287
0.358941,399.277,267.27,666.546
0.359358,484.155,266.199,750.354
0.359776,538.921,324.769,863.69
0.360194,481.083,312.761,793.844
0.360612,488.785,307.439,796.224
0.361031,422.761,254.839,677.6
0.36145,509.138,342.959,852.097
0.36187,367.822,206.909,574.731
0.36229,516.128,321.046,837.174
0.36271,443.321,277.973,721.294
0.36313,494.125,305.018,799.143
0.363552,497.34,317.929,815.268
0.363973,405.566,233.306,638.873
0.364395,486.376,312.069,798.445
0.364817,199.68,-22.4471,177.233
0.365239,339.092,75.3115,414.403
0.365662,220.395,38.8434,259.239
0.366086,481.071,361.062,842.133
0.366509,290.061,151.13,441.191
0.366934,419.252,258.962,678.214
0.367358,192.627,223.949,416.577
0.367783,118.594,23.6959,142.29
0.368208,161.902,138.192,300.093
0.368634,496.335,311.255,807.59
0.36906,255.609,141.355,396.964
0.369486,422.821,288.64,711.461
0.369913,109.99,25.1154,135.105
0.37034,504.131,366.172,870.303
0.370768,279.132,167.076,446.208
0.371196,468.867,290.196,759.063
0.371624,26.6193,-29.2077,-2.58841
0.372053,204.87,48.6744,253.545
0.372482,-64.9269,-28.1911,-93.118
0.372912,100.231,-94.9626,5.26871
0.373342,216.351,157.835,374.185
0.373772,96.4842,163.433,259.917
0.374203,175.182,164.682,339.864
0.374634,14.0612,-23.1093,-9.04806
0.375065,116.448,95.0558,211.504
0.375497,47.9449,5.18146,53.1264
0.375929,435.808,306.418,742.226
0.376362,-159.183,-143.322,-302.504
0.376795,668.864,502.221,1171.08
0.377228,20.3621,18.1583,38.5204
0.377662,583.361,396.485,979.845
0.378096,-239.36,-235.348,-474.708
0.378531,492.691,370.179,862.87
0.378966,149.661,82.1796,231.84
0.379402,611.783,410.945,1022.73
0.379837,-50.1187,-129.716,-179.835
0.380274,529.827,353.115,882.942
0.38071,283.757,166.425,450.182
0.381147,437.416,258.937,696.353
0.381585,93.0942,8.95661,102.051
0.382022,654.416,455.805,1110.22
0.382461,189.712,45.0819,234.793
0.382899,568.846,370.477,939.323
0.383338,144.29,43.3844,187.674
0.383778,598.366,394.709,993.075
0.384217,287.523,148.257,435.78
0.384658,598.551,394.913,993.464
0.385098,166.914,27.4147,194.329
0.385539,669.167,489.244,1158.41
0.385981,229.454,87.4748,316.929
0.386422,701.946,472.416,1174.36
0.386865,249.848,91.9235,341.772
0.387307,601.873,403.327,1005.2
0.38775,377.126,181.614,558.741
0.388194,641.559,397.276,1038.84
0.388637,462.93,283.477,746.407
0.389082,449.469,260.291,709.759
0.389526,461,244.602,705.602
0.389971,627.349,394.054,1021.4
0.390417,422.555,230.847,653.402
0.390863,474.304,253.201,727.504
0.391309,558.614,348.084,906.698
0.391755,551.862,331.242,883.104
0.392203,429.144,238.988,668.133
0.39265,517.85,300.379,818.229
0.393098,406.854,210.368,617.221
0.393546,589.933,365.909,955.842
0.393995,535.263,326.799,862.062
0.394444,528.638,320.03,848.668
0.394893,505.326,304.8,810.126
0.395343,502.847,287.979,790.826
0.395794,562.176,351.26,913.436
0.396244,493.501,285.344,778.845
0.396695,506.149,307.658,813.807
0.397147,545.423,321.977,867.4
0.397599,473.199,260.013,733.212
0.398051,501.31,283.152,784.462
0.398504,586.242,383.08,969.321
0.398957,521.615,299.847,821.463
0.399411,434.228,225.937,660.165
0.399865,625.654,398.899,1024.55
0.400319,482.97,271.858,754.828
0.400774,444.841,241.888,686.729
0.401229,559.554,320.018,879.572
0.401685,652.127,418.755,1070.88
0.402141,554.074,301.231,855.305
0.402598,618.183,385.532,1003.71
0.403055,616.06,392.486,1008.55
0.403512,593.68,372.234,965.914
0.40397,549.549,312.684,862.233
0.404428,530.701,301.295,831.997
0.404886,697.422,430.188,1127.61
0.405345,270.263,123.286,393.549
0.405805,693.723,430.759,1124.48
0.406265,604.566,376.063,980.628
0.406725,477.982,257.91,735.892
0.407185,497.379,307.524,804.903
0.407646,633.836,387.71,1021.55
0.408108,710.575,455.588,1166.16
0.40857,469.809,256.205,726.014
0.409032,683.256,437.249,1120.51
0.409495,542.034,307.228,849.262
0.409958,544.473,333.437,877.91
0.410422,689.96,416.471,1106.43
0.410886,561.976,333.067,895.043
0.41135,731.355,473.327,1204.68
0.411815,364.64,149.139,513.779
0.41228,855.398,568.238,1423.64
0.412746,500.463,276.194,776.657
0.413212,733.376,453.006,1186.38
0.413679,512.473,285.937,798.411
0.414146,803.137,523.358,1326.5
0.414613,498.171,269.329,767.5
0.415081,690.122,450.285,1140.41
0.415549,552.034,317.568,869.602
0.416018,625.107,390.928,1016.04
0.416487,-748.097,-712.376,-1460.47
0.416957,840.323,543.776,1384.1
0.417427,-538.641,-562.869,-1101.51
0.417897,1378.66,1061.55,2440.2
0.418368,-459.323,-553.337,-1012.66
0.418839,826.548,567.909,1394.46
0.419311,-150.73,-251.878,-402.608
0.419783,642.939,512.04,1154.98
0.420255,-20.6499,-86.3401,-106.99
0.420728,698.245,556.56,1254.81
0.421202,-179.716,-249.909,-429.625
0.421675,909.49,727.542,1637.03
0.42215,-660.229,-664.072,-1324.3
0.422624,1137.95,941.016,2078.97
0.423099,9.00725,-115.707,-106.7
0.423575,454.104,352.981,807.085
0.424051,-16.4329,-115.01,-131.443
0.424527,695.59,546.968,1242.56
0.425004,-249.359,-319.595,-568.954
0.425482,1278.5,986.763,2265.27
0.425959,-566.478,-559.239,-1125.72
0.426437,1327.26,1024.06,2351.32
0.426916,-521.601,-520.944,-1042.54
0.427395,876.573,646.752,1523.33
0.427874,-143.82,-209.77,-353.59
0.428354,1427.61,1081.86,2509.48
0.428835,-309.926,-345.188,-655.114
0.429315,809.068,585.272,1394.34
0.429797,-87.5209,-201.982,-289.503
0.430278,1259.36,928.09,2187.45
0.43076,-228.489,-291.148,-519.638
0.431243,890.867,644.273,1535.14
0.431726,62.5352,-77.9025,-15.3674
0.432209,1039.46,736.559,1776.02
0.432693,79.7893,-39.1893,40.6001
0.433177,766.498,505.996,1272.49
0.433662,475.794,308.03,783.823
0.434147,573.202,347.372,920.574
0.434633,479.021,329.815,808.836
0.435119,209.944,29.3483,239.293
0.435605,862.65,668.245,1530.9
0.436092,98.6214,-59.7144,38.907
0.436579,813.463,612.775,1426.24
0.437067,370.119,150.742,520.861
0.437556,644.424,452.169,1096.59
0.438044,309.671,106.536,416.207
0.438533,764.622,555.375,1320
0.439023,299.983,85.1496,385.132
0.439513,723.869,520.95,1244.82
0.440003,381.276,195.278,576.554
0.440494,625.929,413.181,1039.11
0.440986,574.487,354.112,928.599
0.441477,536.207,341.057,877.264
0.44197,421.863,203.693,625.557
0.442462,689.071,468.11,1157.18
0.442956,569.284,322.903,892.187
0.443449,603.422,399.021,1002.44
0.443943,452.615,240.109,692.724
0.444438,643.695,437.333,1081.03
0.444933,212.97,13.1075,226.078
0.445428,1123.61,856.489,1980.1
0.445924,-146.829,-239.721,-386.551
0.44642,1203.49,893.363,2096.86
0.446917,105.366,-69.167,36.1992
0.447414,859.324,638.661,1497.99
0.447912,598.631,351.934,950.565
0.44841,635.838,410.752,1046.59
0.448908,133.361,-33.7645,99.5968
0.449407,910.836,662.728,1573.56
0.449907,372.089,156.172,528.261
0.450407,789.514,570.734,1360.25
0.450907,191.629,-5.7546,185.874
0.451408,902.74,674.703,1577.44
0.451909,243.548,41.719,285.267
0.452411,822.9,574.824,1397.72
0.452913,709.696,434.79,1144.49
0.453416,494.935,300.026,794.961
0.453919,673.492,408.286,1081.78
0.454423,412.719,220.666,633.385
0.454927,892.979,638.364,1531.34
0.455431,-228.784,-308.114,-536.898
0.455936,1319.06,978.518,2297.57
0.456441,204.656,41.4863,246.142
0.456947,755.406,478.702,1234.11
0.457454,580.207,380.645,960.852
0.45796,-356.228,-383.006,-739.234
0.458468,868.9,492.418,1361.32
0.458975,-98.1241,-204.545,-302.669
0.459483,826.909,446.457,1273.37
0.459992,-127.207,-292.165,-419.371
0.460501,718.292,399.499,1117.79
0.461011,-58.335,-140.449,-198.784
0.461521,876.407,525.452,1401.86
0.462031,-218.525,-310.104,-528.629
0.462542,850.204,596.828,1447.03
0.463053,41.5517,-117.279,-75.7268
0.463565,835.459,611.646,1447.1
0.464078,-9.58681,-138.919,-148.506
0.46459,862.697,603.032,1465.73
0.465104,-67.6618,-183.61,-251.272
0.465617,987.923,711.538,1699.46
0.466132,-124.694,-237.472,-362.166
0.466646,967.929,661.345,1629.27
0.467161,-159.55,-246.162,-405.712
0.467677,1093.89,786.357,1880.25
0.468193,-155.397,-241.368,-396.766
0.46871,1073.22,742.613,1815.83
0.469227,-197.13,-268.841,-465.971
0.469744,1080.09,760.67,1840.76
0.470262,-112.111,-191.984,-304.095
0.470781,1033.99,723.615,1757.61
0.471299,-163.777,-218.281,-382.058
0.471819,958.966,673.495,1632.46
0.472339,-103.792,-165.026,-268.818
0.472859,1086.09,767.517,1853.61
0.47338,-134.956,-185.228,-320.185
0.473901,975.504,712.138,1687.64
0.474423,396.634,156.16,552.794
0.474945,274.173,129.198,403.371
0.475468,569.612,328.172,897.785
0.475991,501.396,234.515,735.911
0.476514,341.393,95.8337,437.227
0.477038,546.201,357.878,904.079
0.477563,44.7336,-45.4275,-0.693911
0.478088,341.842,307.204,649.046
0.478614,390.098,193.124,583.222
0.47914,297.404,259.3,556.703
0.479666,488.95,238.571,727.521
0.480193,323.268,299.962,623.23
0.480721,461.855,195.317,657.172
0.481248,348.512,297.552,646.064
0.481777,580.089,282.521,862.61
0.482306,359.325,303.394,662.719
0.482835,558.316,277.786,836.102
0.483365,387.777,319.837,707.614
0.483895,578.994,299.896,878.891
0.484426,362.148,289.262,651.41
0.484957,619.838,322.354,942.192
0.485489,460.728,363.548,824.276
0.486021,732.952,417.961,1150.91
0.486554,407.242,309.502,716.745
0.487087,736.988,427.337,1164.32
0.487621,467.411,352.421,819.831
0.488155,753.949,411.397,1165.35
0.48869,319.069,246.379,565.448
0.489225,670.615,381.337,1051.95
0.489761,509.849,394.073,903.922
0.490297,675.748,362.081,1037.83
0.490834,350.876,236.88,587.756
0.491371,681.325,381.971,1063.3
0.491908,591.555,420.09,1011.64
0.492446,601.569,297.076,898.645
0.492985,464.731,335.588,800.319
0.493524,694.407,423.349,1117.76
0.494064,577.351,407.291,984.643
0.494604,595.62,309.701,905.32
0.495144,518.406,356.882,875.288
0.495685,557.279,289.235,846.514
0.496227,636.133,446.776,1082.91
0.496769,561.505,331.944,893.449
0.497311,428.735,254.735,683.47
0.497854,527.41,307.695,835.105
0.498398,637.781,440.117,1077.9
0.498942,557.112,289.064,846.176
0.499486,314.024,165.873,479.897
0.500031,447.584,231.296,678.88
0.500577,722.048,487.425,1209.47
0.501123,478.335,248.396,726.73
0.501669,467.995,298.227,766.223
0.502216,616.12,371.307,987.427
0.502764,489.545,299.029,788.573
0.503312,586.94,319.323,906.263
0.50386,567.601,389.876,957.478
0.504409,504.147,240.355,744.502
0.504959,575.934,389.587,965.521
0.505509,679.057,369.248,1048.3
0.506059,353.942,202.723,556.665
0.50661,662.635,372.512,1035.15
0.507162,574.169,387.597,961.766
0.507713,669.628,359.344,1028.97
0.508266,442.717,290.702,733.418
0.508819,541.416,259.713,801.129
0.509372,639.184,443.08,1082.26
0.509926,390.222,106.468,496.69
0.510481,456.218,279.491,735.709
0.511036,809.634,512.499,1322.13
0.511591,526.863,347.971,874.835
0.512147,712.991,383.504,1096.49
0.512704,408.508,233.868,642.376
0.513261,745.538,446.092,1191.63
0.513818,352.401,174.165,526.566
0.514376,803.141,468.237,1271.38
0.514935,409.344,233.912,643.256
0.515494,761.772,448.108,1209.88
0.516053,431.168,251.162,682.33
0.516613,642.011,313.724,955.735
0.517174,534.669,332.011,866.679
0.517735,768.483,444.708,1213.19
0.518297,401.252,216.589,617.84
0.518859,725.717,390.491,1116.21
0.519421,443.845,273.377,717.222
0.519984,763.667,442.837,1206.5
0.520548,381.728,-17.8513,363.877
0.521112,711.012,106.25,817.262
0.521677,471.146,63.2969,534.443
0.522242,348.093,135.691,483.784
0.522808,113.873,-8.80864,105.064
0.523374,144.15,11.3164,155.467
0.523941,10.2736,-90.8871,-80.6134
0.524508,244.858,64.3561,309.214
0.525076,84.1658,-51.4081,32.7577
0.525644,53.9667,-7.39567,46.571
0.526213,234.393,51.6553,286.048
0.526782,25.621,-4.68949,20.9315
0.527352,-3.55461,-156.322,-159.877
0.527922,175.824,107.982,283.807
0.528493,663.725,432.16,1095.89
0.529064,1.77801,-36.7275,-34.9495
0.529636,67.9598,-122.238,-54.2786
0.530208,77.5125,0.443813,77.9563
0.530781,478.492,240.219,718.711
0.531355,219.924,130.93,350.854
0.531929,465.013,251.255,716.268
0.532503,163.177,64.0754,227.252
0.533078,419.745,190.272,610.017
0.533654,285.461,187.911,473.372
0.53423,425.223,193.161,618.384
0.534806,358.603,217.688,576.291
0.535384,452.798,209.492,662.29
0.535961,395.506,247.174,642.68
0.536539,506.003,250.925,756.929
0.537118,355.16,226.256,581.417
0.537697,539.953,264.371,804.324
0.538277,358.231,233.261,591.492
0.538857,427.623,186.809,614.433
0.539438,419.668,270.457,690.125
0.540019,619.631,339.525,959.156
0.540601,347.458,195.436,542.893
0.541183,282.714,103.848,386.562
0.541766,564.34,376.005,940.345
0.54235,496.563,217.53,714.094
0.542934,415.57,257.09,672.66
0.543518,172.206,40.5979,212.803
0.544103,578.341,374.203,952.544
0.544689,602.826,334.246,937.072
0.545275,592.734,410.327,1003.06
0.545861,174.741,-15.946,158.795
0.546449,679.277,458.153,1137.43
0.547036,389.755,163.518,553.273
0.547624,580.576,363.371,943.947
0.548213,220.042,43.968,264.01
0.548802,845.547,585.742,1431.29
0.549392,274.96,71.4161,346.376
0.549983,825.384,542.488,1367.87
0.550574,83.0406,-54.4478,28.5928
0.551165,858.102,571.659,1429.76
0.551757,305.97,113.443,419.413
0.552349,789.444,511.267,1300.71
0.552943,128.224,-48.8416,79.3821
0.553536,1091.59,760.797,1852.39
0.55413,178.281,-9.96846,168.312
0.554725,891.306,604.608,1495.91
0.55532,125.617,-48.8173,76.8001
0.555916,1038.75,712.77,1751.52
0.556512,123.48,-45.5506,77.9298
0.557109,973.173,653.528,1626.7
0.557706,204.155,36.4918,240.646
0.558304,968.346,623.904,1592.25
0.558903,258.938,88.889,347.827
0.559502,993.958,670.434,1664.39
0.560101,197.756,12.2674,210.024
0.560701,934.368,613.586,1547.95
0.561302,198.068,27.7624,225.83
0.561903,915.608,601.509,1517.12
0.562505,255.107,79.0716,334.178
0.563107,971.376,628.621,1600
0.56371,337.141,144.498,481.639
0.564313,971.175,630.589,1601.76
0.564917,222.099,28.2509,250.35
0.565522,954.529,600.297,1554.83
0.566127,214.315,35.2585,249.574
0.566732,1013.6,664.206,1677.81
0.567338,269.913,88.1891,358.102
0.567945,1001.54,649.642,1651.18
0.568552,304.939,122.051,426.99
0.56916,953.074,634.191,1587.26
0.569768,237.012,79.015,316.027
0.570377,1000.91,670.347,1671.25
0.570987,318.745,103.08,421.825
0.571597,892.852,552.717,1445.57
0.572207,275.26,62.7173,337.977
0.572818,979.503,649.116,1628.62
0.57343,289.406,96.288,385.694
0.574042,960.062,623.024,1583.09
0.574655,349.368,376.969,726.336
0.575268,1351.69,953.681,2305.37
0.575882,-48.2048,-157.504,-205.709
0.576497,1198.14,793.457,1991.59
0.577112,-195.141,-232.142,-427.283
0.577727,1290.22,959.037,2249.26
0.578343,-424.676,-406.467,-831.143
0.57896,1388.72,1007.22,2395.94
0.579577,-291.977,-361.942,-653.919
0.580195,1250.07,926.205,2176.27
0.580813,-448.542,-471.902,-920.444
0.581432,1457.05,1050.38,2507.43
0.582052,-415.757,-463.086,-878.844
0.582672,1438.99,1051.32,2490.3
0.583292,-470.17,-496.877,-967.047
0.583914,1437.21,1023.86,2461.08
0.584535,-439.439,-465.118,-904.558
0.585158,1417.16,996.766,2413.93
0.585781,-454.393,-493.155,-947.547
0.586404,1454.98,1030.19,2485.17
0.587028,-499.825,-516.704,-1016.53
0.587653,1342.99,941.759,2284.75
0.588278,-396.647,-438.353,-835.001
0.588903,1277.24,879.9,2157.14
0.58953,130.563,14.5294,145.093
0.590157,499.42,307.513,806.934
0.590784,349.667,246.866,596.533
0.591412,508.776,243.466,752.243
0.59204,393.362,235.62,628.982
0.59267,375.056,114.359,489.415
0.593299,539.722,331.556,871.279
0.59393,524.889,239.469,764.359
0.59456,459.048,268.002,727.05
0.595192,316.085,90.7808,406.865
0.595824,601.45,377.034,978.484
0.596456,733.112,375.145,1108.26
0.59709,-250.973,-345.4,-596.373
0.597723,1089.17,788.054,1877.22
0.598358,-326.216,-384.503,-710.72
0.598992,1211.32,828.833,2040.16
0.599628,-250.235,-353.287,-603.522
0.600264,1232.42,844.041,2076.46
0.600901,-183.345,-295.906,-479.25
0.601538,1298.17,903.746,2201.92
0.602175,-162.995,-274.966,-437.961
0.602814,1257.01,853.81,2110.82
0.603453,-104.442,-214.295,-318.737
0.604092,1252.46,852.243,2104.7
0.604732,-205.827,-288.05,-493.877
0.605373,1176.93,817.704,1994.63
0.606014,-76.1474,-213.123,-289.271
0.606656,1235.71,859.329,2095.04
0.607298,-126.655,-249.391,-376.046
0.607942,1252.08,838.531,2090.61
0.608585,-109.733,-236.772,-346.505
0.609229,1235.5,857.724,2093.22
0.609874,-80.7477,-225.806,-306.553
0.610519,947.237,614.876,1562.11
0.611165,271.521,126.022,397.542
0.611812,1173.18,812.225,1985.4
0.612459,-71.2962,-203.744,-275.04
0.613107,1219.95,814.202,2034.15
0.613755,21.1052,-138.774,-117.669
0.614404,613.15,343.954,957.104
0.615053,851.068,563.804,1414.87
0.615703,283.829,66.6568,350.486
0.616354,1108.77,718.896,1827.66
0.617005,207.027,19.8639,226.891
0.617657,1049.88,677.694,1727.58
0.618309,270.247,49.3033,319.55
0.618962,817.989,525.698,1343.69
0.619616,296.182,86.6365,382.818
0.62027,924.668,595.85,1520.52
0.620925,330.011,98.0082,428.019
0.62158,987.898,635.465,1623.36
0.622236,217.154,17.9347,235.089
0.622893,944.472,600.307,1544.78
0.62355,344.063,102.709,446.772
0.624208,800.973,500.196,1301.17
0.624866,381.943,133.223,515.166
0.625525,863.668,544.141,1407.81
0.626185,321.945,87.5393,409.484
0.626845,889.739,567.002,1456.74
0.627506,347.038,115.554,462.591
0.628167,996.525,641.389,1637.91
0.628829,363.25,139.705,502.955
0.629492,354.257,124.628,478.884
0.630155,989.381,660.09,1649.47
0.630819,736.816,468.143,1204.96
0.631483,844.427,491.201,1335.63
0.632148,634.357,320.52,954.877
0.632813,295.352,133.528,428.879
0.63348,854.541,575.304,1429.85
0.634146,502.995,320.61,823.605
0.634814,612.81,376.917,989.728
0.635482,481.205,347.151,828.357
0.63615,676.088,384.973,1061.06
0.63682,473.15,265.525,738.675
0.63749,657.244,413.655,1070.9
0.63816,251.075,123.333,374.408
0.638831,650.66,380.82,1031.48
0.639503,433.238,240.318,673.555
0.640175,749.663,440.738,1190.4
0.640848,248.655,110.031,358.686
0.641521,669.201,389.434,1058.63
0.642196,391.44,223.744,615.184
0.64287,735.267,423.11,1158.38
0.643546,392.65,221.973,614.623
0.644221,614.241,338.008,952.249
0.644898,479.442,290.153,769.595
0.645575,653.738,367.216,1020.95
0.646253,469.466,282.075,751.542
0.646931,594.208,333.726,927.934
0.64761,558.833,331.123,889.956
0.64829,623.128,344.193,967.32
0.64897,517.867,306.207,824.074
0.649651,482.002,232.524,714.526
0.650333,595.055,370.087,965.142
0.651015,637.007,367.088,1004.09
0.651698,573.504,324.75,898.254
0.652381,569.941,300.935,870.876
0.653065,646.469,403.568,1050.04
0.65375,628.548,352.898,981.447
0.654435,541.002,302.423,843.425
0.655121,554.408,286.994,841.402
0.655807,711.679,445.931,1157.61
0.656494,681.221,415.675,1096.9
0.657182,545.786,293.925,839.71
0.65787,617.746,330.963,948.709
0.658559,693.68,421.9,1115.58
0.659249,723.255,429.118,1152.37
0.659939,438.938,226.066,665.004
0.66063,692.967,385.976,1078.94
0.661321,797.245,494.22,1291.46
0.662014,620.946,342.526,963.471
0.662706,516.128,259.493,775.621
0.6634,709.196,390.918,1100.11
0.664094,734.276,461.692,1195.97
0.664788,739.417,438.277,1177.69
0.665484,352.923,162.08,515.003
0.666179,687.648,371.475,1059.12
0.666876,469.511,256.642,726.153
0.667573,1021.88,636.646,1658.52
0.668271,458.28,236.303,694.583
0.668969,611.988,300.98,912.968
0.669668,502.559,270.159,772.718
0.670368,1071.83,680.9,1752.73
0.671068,460.461,221.632,682.092
0.671769,720.055,405.505,1125.56
0.672471,578.854,330.099,908.953
0.673173,924.466,548.545,1473.01
0.673876,312.249,95.6933,407.942
0.67458,1074.4,685.368,1759.77
0.675284,223.256,-9.73626,213.519
0.675989,931.238,573.729,1504.97
0.676694,786.333,511.177,1297.51
0.6774,286.268,107.143,393.411
0.678107,953.587,644.273,1597.86
0.678814,780.218,441.584,1221.8
0.679522,582.665,294.489,877.154
0.680231,1112.23,718.137,1830.36
0.68094,126.923,-70.5018,56.421
0.68165,1016.16,674.72,1690.88
0.682361,527.102,256.508,783.61
0.683072,1026.29,651.556,1677.84
0.683784,134.122,-64.2815,69.8404
0.684496,1087.99,714.051,1802.04
0.68521,1037.87,664.278,1702.15
0.685923,285.737,48.5429,334.28
0.686638,947.622,597.694,1545.32
0.687353,888.675,563.884,1452.56
0.688069,173.282,-60.8989,112.383
0.688785,1022.48,678.906,1701.39
0.689502,712.061,394.842,1106.9
0.69022,734.064,446.054,1180.12
0.690938,292.841,-11.9616,280.879
0.691657,260.982,-62.392,198.59
0.692377,391.15,74.0961,465.246
0.693098,594.557,297.286,891.843
0.693819,335.657,158.422,494.079
0.69454,421.062,194.538,615.6
0.695262,324.976,90.7198,415.696
0.695985,585.255,260.985,846.24
0.696709,190.564,30.3432,220.908
0.697433,538.142,323.749,861.891
0.698158,296.741,98.868,395.609
0.698884,560.667,287.207,847.875
0.69961,246.811,77.464,324.275
0.700337,663.764,389.177,1052.94
0.701065,305.978,139.701,445.678
0.701793,505.537,232.353,737.891
0.702522,199.856,57.5772,257.433
0.703251,940.248,576.959,1517.21
0.703982,3.68281,-117.851,-114.168
0.704712,1125.74,737.05,1862.79
0.705444,-148.144,-240.006,-388.15
0.706176,988.404,627.601,1616.01
0.706909,226.279,88.3909,314.67
0.707643,635.505,322.612,958.117
0.708377,234.288,86.2807,320.569
0.709112,932.337,582.778,1515.12
0.709847,-48.3997,-156.786,-205.185
0.710584,1275.83,868.942,2144.77
0.71132,48.5656,-68.1341,-19.5686
0.712058,755.982,426.193,1182.17
0.712796,371.652,193.5,565.151
0.713535,613.766,309.114,922.88
0.714275,440.168,238.27,678.439
0.715015,745.789,416.598,1162.39
0.715756,320.922,128.864,449.786
0.716498,752.919,424.205,1177.12
0.71724,251.273,85.6891,336.962
0.717983,982.232,628.605,1610.84
0.718726,351.107,148.024,499.131
0.719471,541.026,256.794,797.82
0.720216,494.026,277.21,771.236
0.720961,703.34,388.68,1092.02
0.721708,443.749,197.613,641.362
0.722455,653.282,361.322,1014.6
0.723202,523.138,290.713,813.851
0.723951,801.491,472.742,1274.23
0.7247,467.344,222.368,689.712
0.725449,559.06,277.374,836.433
0.7262,696.309,409.517,1105.83
0.726951,631.56,303.013,934.574
0.727703,563.21,286.815,850.025
0.728455,668.095,354.145,1022.24
0.729208,591.554,314.359,905.913
0.729962,736.588,431.044,1167.63
0.730717,630.048,336.814,966.862
0.731472,527.36,229.128,756.488
0.732228,875.887,529.611,1405.5
0.732984,470.475,196.388,666.863
0.733742,721.247,425.855,1147.1
0.7345,675.127,356.738,1031.87
0.735258,578.246,295.448,873.694
0.736017,785.982,464.773,1250.76
0.736777,638.13,326.919,965.048
0.737538,691.444,372.093,1063.54
0.7383,585.004,301.619,886.623
0.739062,707.825,378.87,1086.7
0.739824,685.584,378.535,1064.12
0.740588,706.688,385.172,1091.86
0.741352,626.549,332.77,959.319
0.742117,758.704,414.617,1173.32
0.742883,643.784,351.792,995.576
0.743649,719.444,376.994,1096.44
0.744416,639.772,343.126,982.898
0.745183,733.121,407.691,1140.81
0.745952,596.71,320.427,917.137
0.746721,830.816,472.431,1303.25
0.747491,557.334,281.975,839.309
0.748261,604.838,296.063,900.901
0.749032,741.692,434.642,1176.33
0.749804,666.916,336.435,1003.35
0.750576,607.486,332.73,940.216
0.75135,771.073,436.518,1207.59
0.752124,444.158,176.958,621.116
0.752898,996.707,656.091,1652.8
0.753674,960.364,599.99,1560.35
0.75445,1258.52,740.487,1999
0.755227,819.147,475.085,1294.23
0.756004,982.963,614.314,1597.28
0.756782,773.482,447.456,1220.94
0.757561,299.094,140.777,439.871
0.758341,680.324,397.24,1077.56
0.759121,399.835,217.698,617.533
0.759902,779.015,425.362,1204.38
0.760684,408.972,225.681,634.653
0.761466,716.46,399.977,1116.44
0.762249,398.715,205.695,604.41
0.763033,807.094,443.721,1250.82
0.763818,406.659,218.275,624.934
0.764603,810.37,465.171,1275.54
0.765389,422.763,215.07,637.833
0.766176,819.69,481.527,1301.22
0.766963,418.962,222.967,641.93
0.767751,815.359,479.275,1294.63
0.76854,454.863,226.613,681.476
0.76933,775.873,444.829,1220.7
0.77012,397.954,205.268,603.221
0.770911,825.55,472.702,1298.25
0.771703,514.416,281.101,795.517
0.772495,738.763,428.155,1166.92
0.773289,489.154,252.028,741.182
0.774082,760.515,420.616,1181.13
0.774877,550.938,304.675,855.613
0.775672,722.773,409.068,1131.84
0.776469,592.098,329.294,921.392
0.777265,624.859,337.816,962.676
0.778063,611.465,338.893,950.358
0.778861,665.602,356.451,1022.05
0.77966,643.38,366.32,1009.7
0.78046,747.635,423.049,1170.68
0.78126,469.615,222.595,692.21
0.782061,640.23,337.958,978.188
0.782863,728.497,428.786,1157.28
0.783666,689.107,383.307,1072.41
0.784469,495.869,224.097,719.966
0.785273,557.744,270.105,827.849
0.786078,642.982,357.7,1000.68
0.786883,630.836,346.103,976.939
0.78769,970.369,614.039,1584.41
0.788497,57.0736,-147.416,-90.3421
0.789304,1197.1,795.596,1992.7
0.790113,304.142,54.8882,359.03
0.790922,1023.32,654.413,1677.73
0.791732,-10.1323,-199.716,-209.848
0.792543,1190.29,779.241,1969.53
0.793354,371.766,124.658,496.424
0.794166,965.325,602.815,1568.14
0.794979,-81.4012,-256.992,-338.394
0.795793,1229.66,822.925,2052.59
0.796607,483.448,211.416,694.864
0.797422,1101.51,705.658,1807.17
0.798238,-7.91704,-211.435,-219.352
0.799055,1074.2,710.492,1784.7
0.799872,575.182,279.338,854.52
0.80069,725.107,425.277,1150.38
0.801509,212.616,-11.4883,201.128
0.802328,959.916,613.805,1573.72
0.803149,693.229,379.241,1072.47
0.80397,665.177,387.247,1052.42
0.804791,593.042,276.445,869.487
0.805614,908.02,562.447,1470.47
0.806437,27.6389,-169.621,-141.982
0.807261,1109.12,752.972,1862.09
0.808086,364.2,94.2759,458.476
0.808912,946.009,616.101,1562.11
0.809738,84.2003,-130.626,-46.4254
0.810565,1182.5,791.81,1974.31
0.811393,222.201,-33.628,188.574
0.812221,854.364,508.687,1363.05
0.813051,891.932,538.021,1429.95
0.813881,212.248,-35.9638,176.284
0.814711,946.818,597.866,1544.68
0.815543,712.262,388.414,1100.68
0.816375,441.021,174.289,615.31
0.817208,786.574,462.059,1248.63
0.818042,238.649,5.70942,244.358
0.818877,1158.63,760.806,1919.44
0.819712,218.62,-33.3798,185.24
0.820548,1010.06,629.599,1639.65
0.821385,577.933,265.783,843.717
0.822223,421.649,245.892,667.541
0.823061,813.716,392.028,1205.74
0.8239,766.408,535.303,1301.71
0.82474,93.9601,-0.316306,93.6438
0.825581,608.346,408.693,1017.04
0.826422,457.543,220.751,678.294
0.827264,461.365,234.113,695.477
0.828107,766.278,432.866,1199.14
0.828951,266.36,108.257,374.618
0.829796,949.482,548.966,1498.45
0.830641,-9.12764,-100.584,-109.712
0.831487,1145.31,684.612,1829.92
0.832334,-65.0933,-157.099,-222.192
0.833181,740.753,403.04,1143.79
0.83403,483.247,251.028,734.274
0.834879,845.684,508.563,1354.25
0.835729,110.5,-19.5151,90.9851
0.836579,619.833,330.795,950.627
0.837431,403.559,179.116,582.675
0.838283,858.92,510.798,1369.72
0.839136,182.845,49.5875,232.432
0.83999,896.915,571.497,1468.41
0.840844,29.0258,-89.5513,-60.5255
0.8417,937.767,605.237,1543
0.842556,-114.814,-207.739,-322.553
0.843413,987.579,619.793,1607.37
0.84427,230.701,54.5213,285.222
0.845129,1145.94,760.07,1906.01
0.845988,-158.189,-261.074,-419.263
0.846848,1207.14,795.601,2002.74
0.847709,-83.6119,-171.865,-255.477
0.84857,1312.18,871.174,2183.36
0.849432,-260.017,-336.638,-596.655
0.850296,1178.54,759.68,1938.22
0.85116,-50.3487,-159.408,-209.757
0.852024,1275.21,853.306,2128.52
0.85289,-186.807,-284.771,-471.578
0.853756,1095.21,718.243,1813.45
0.854623,-0.501856,-140.007,-140.509
0.855491,1310.92,857.783,2168.7
0.856359,-106.226,-226.8,-333.026
0.857229,1094.94,725.158,1820.1
0.858099,41.5957,-126.927,-85.3309
0.85897,1190.53,786.347,1976.87
0.859842,-31.4701,-175.665,-207.135
0.860714,1024.86,675.356,1700.22
0.861588,171.921,-44.1723,127.749
0.862462,1107.68,737.06,1844.74
0.863337,73.6988,-106.444,-32.7453
0.864213,992.983,645.773,1638.76
0.865089,191.073,-27.7484,163.324
0.865967,987.555,637.935,1625.49
0.866845,136.018,-52.1079,83.9105
0.867724,1019.94,661.573,1681.51
0.868603,173.121,-40.1681,132.952
0.869484,1101.2,717.354,1818.55
0.870365,152.503,-69.0614,83.4416
0.871248,976.624,636.005,1612.63
0.872131,163.711,-57.0704,106.64
0.873014,1036.06,686.861,1722.92
0.873899,232.864,12.2263,245.09
0.874784,986.779,646.097,1632.88
0.87567,162.121,-41.5698,120.551
0.876557,1011.21,666.775,1677.99
0.877445,335.975,60.807,396.782
0.878334,907.733,554.17,1461.9
0.879223,389.945,126.54,516.485
0.880113,889.906,564.783,1454.69
0.881004,398.822,121.787,520.609
0.881896,943.356,601.362,1544.72
0.882789,323.942,54.6669,378.608
0.883682,995.22,638.848,1634.07
0.884576,176.752,-46.7536,129.998
0.885472,1040.04,671.504,1711.55
0.886367,295.719,38.9618,334.681
0.887264,1001.56,650.19,1651.75
0.888162,248.446,16.6476,265.094
0.88906,1004.15,662.947,1667.1
0.889959,321.948,69.696,391.644
0.890859,854.932,501.83,1356.76
0.89176,370.793,80.4993,451.292
0.892661,1003.38,653.767,1657.15
0.893564,314.476,50.8377,365.313
0.894467,1151.2,755.122,1906.33
0.895371,67.3397,-120.404,-53.0644
0.896276,1078.67,714.548,1793.22
0.897182,693.012,405.337,1098.35
0.898088,580.036,351.688,931.724
0.898996,575.447,312.919,888.366
0.899904,509.141,274.424,783.565
0.900813,572.284,254.391,826.675
0.901723,661.71,400.781,1062.49
0.902633,137.86,-55.5517,82.3085
0.903545,661.906,353.444,1015.35
0.904457,397.518,125.369,522.888
0.90537,518.091,265.225,783.316
0.906284,412.304,132.419,544.722
0.907199,696.241,403.474,1099.71
0.908115,485.561,177.252,662.813
0.909031,529.834,271.866,801.7
0.909948,476.981,202.159,679.141
0.910866,704.814,419.389,1124.2
0.911785,483.769,190.616,674.385
0.912705,597.78,324.373,922.153
0.913626,445.048,170.38,615.428
0.914547,836.616,515.123,1351.74
0.91547,458.179,179.752,637.931
0.916393,519.064,277.082,796.146
0.917317,415.731,136.993,552.724
0.918242,871.628,555.706,1427.33
0.919167,425.481,139.306,564.787
0.920094,655.999,376.792,1032.79
0.921021,447.17,161.445,608.615
0.921949,844.698,548.349,1393.05
0.922879,471.306,171.279,642.585
0.923808,758.329,460.195,1218.52
0.924739,354.618,104.145,458.763
0.925671,944.853,586.75,1531.6
0.926603,409.998,135.822,545.82
0.927536,736.996,441.736,1178.73
0.928471,395.197,124.161,519.358
0.929406,980.329,611.483,1591.81
0.930341,301.905,59.9078,361.813
0.931278,859.06,501.241,1360.3
0.932216,405.531,139.299,544.83
0.933154,837.459,508.458,1345.92
0.934093,405.488,128.1,533.588
0.935033,847.963,497.369,1345.33
0.935974,437.53,164.516,602.045
0.936916,850.686,506.022,1356.71
0.937859,460.43,193.319,653.749
0.938802,757.138,427.389,1184.53
0.939746,540.315,266.731,807.046
0.940692,741.286,427.684,1168.97
0.941638,512.858,225.131,737.989
0.942585,717.061,405.143,1122.2
0.943533,558.449,264.739,823.188
0.944481,755.448,427.38,1182.83
0.945431,528.301,233.958,762.259
0.946381,684.522,379.275,1063.8
0.947332,590.883,272.791,863.673
0.948285,722.854,392.14,1114.99
0.949237,671.882,323.199,995.081
0.950191,666.251,353.311,1019.56
0.951146,610.148,298.964,909.112
0.952102,715.111,387.168,1102.28
0.953058,673.711,314.806,988.518
0.954015,680.868,350.035,1030.9
0.954974,656.855,340.827,997.682
0.955933,644.371,342.137,986.508
0.956893,661.43,323.424,984.855
0.957853,643.079,324.968,968.047
0.958815,666.974,325.605,992.579
0.959778,664.795,351.072,1015.87
0.960741,767.952,404.646,1172.6
0.961705,562.101,272.035,834.136
0.962671,727.803,374.409,1102.21
0.963637,585.712,267.014,852.726
0.964604,786.508,413.975,1200.48
0.965571,626.78,310.85,937.63
0.96654,800.869,408.604,1209.47
0.96751,659.593,327.779,987.373
0.96848,764.102,397.863,1161.96
0.969452,468.769,315.202,783.972
0.970424,1244.47,711,1955.47
0.971397,679.552,313.957,993.509
0.972371,514.018,240.423,754.442
0.973346,573.513,315.793,889.306
0.974322,473.587,141.608,615.195
0.975298,449.685,246.069,695.754
0.976276,932.824,531.752,1464.58
0.977254,254.928,84.3181,339.246
0.978234,862.528,484.467,1347
0.979214,244.558,84.9231,329.481
0.980195,784.748,426.339,1211.09
0.981177,397.187,177.507,574.693
0.98216,794.559,436.305,1230.86
0.983143,431.021,193.38,624.401
0.984128,941.469,555.522,1496.99
0.985114,302.927,124.479,427.406
0.9861,771.701,431.411,1203.11
0.987088,422.879,194.45,617.329
0.988076,845.345,491.283,1336.63
0.989065,480.575,223.523,704.099
0.990055,693.446,360.888,1054.33
0.991046,462.969,191.21,654.178
0.992038,716.393,403.878,1120.27
0.993031,520.463,254.02,774.482
0.994024,712.099,405.699,1117.8
0.995019,421.173,154.099,575.271
0.996014,748.498,424.396,1172.89
0.997011,575.642,262.794,838.436
0.998008,651.438,362.445,1013.88
0.999006,530.949,224.374,755.323
1.00001,685.232,395.581,1080.81
1.00101,599.842,270.72,870.562
1.00201,648.042,366.743,1014.78
1.00301,610.431,277.922,888.353
1.00402,501.905,255.414,757.318
1.00502,802.129,432.494,1234.62
1.00603,456.009,216.184,672.193
1.00704,665.671,321.554,987.225
1.00805,609.978,327.476,937.454
1.00906,695.978,346.574,1042.55
1.01008,640.8,339.703,980.503
1.0111,664.873,327.523,992.396
1.01211,553.972,277.619,831.591
1.01313,727.21,371.688,1098.9
1.01415,544.455,278.333,822.788
1.01518,704.274,349.166,1053.44
1.0162,572.698,287.181,859.879
1.01723,778.059,406.308,1184.37
1.01826,601.184,294.799,895.983
1.01929,703.34,346.101,1049.44
1.02032,576.481,292.828,869.309
1.02135,748.965,376.792,1125.76
1.02238,713.555,374.178,1087.73
1.02342,612.034,277.012,889.045
1.02446,694.409,359.124,1053.53
1.0255,699.622,359.905,1059.53
1.02654,624.14,313.436,937.576
1.02758,694.87,350.444,1045.31
1.02863,642.454,330.414,972.868
1.02968,670.991,347.002,1017.99
1.03072,649.26,327.624,976.884
1.03177,622.813,301.343,924.156
1.03282,637.921,318.684,956.605
1.03388,718.686,367.734,1086.42
1.03493,643.102,321.426,964.528
1.03599,668.527,332.997,1001.52
1.03705,603.755,305.292,909.046
1.03811,688.599,348.924,1037.52
1.03917,661.145,321.59,982.735
1.04023,707.137,360.02,1067.16
1.0413,641.717,314.133,955.85
1.04237,729.801,382.702,1112.5
1.04344,678.02,334.522,1012.54
1.04451,706.005,353.253,1059.26
1.04558,633.937,304.959,938.896
1.04665,703.343,354.222,1057.57
1.04773,707.313,355.108,1062.42
1.04881,666.489,325.937,992.425
1.04989,740.928,382.481,1123.41
1.05097,668.142,337.901,1006.04
1.05205,683.572,339.275,1022.85
1.05313,692.202,353.436,1045.64
1.05422,674.001,331.295,1005.3
1.05531,655.551,334.469,990.02
1.0564,-253.762,-221.662,-475.423
1.05749,439.062,254.988,694.05
1.05858,173.655,-33.9867,139.669
1.05968,1042.33,605.566,1647.9
1.06078,-397.614,-477.066,-874.679
1.06187,1376.17,907.145,2283.31
1.06297,-252.826,-380.174,-633
1.06408,1290.46,842.378,2132.83
1.06518,-402.728,-470.903,-873.63
1.06629,1375.11,919.666,2294.78
1.06739,-6.77501,-195.495,-202.27
1.0685,1260.45,822.737,2083.18
1.06962,-68.2309,-248.365,-316.596
1.07073,1381.73,895.788,2277.52
1.07184,32.6394,-189.535,-156.896
1.07296,1403.3,917.377,2320.68
1.07408,-62.353,-246.668,-309.021
1.0752,1353.4,872.388,2225.78
1.07632,19.9186,-187.379,-167.46
1.07745,1357.17,870.99,2228.16
1.07857,-83.2815,-269.24,-352.521
1.0797,1346.64,861.656,2208.29
1.08083,-14.4181,-208.236,-222.654
1.08196,1357.08,864.167,2221.25
1.08309,-72.7141,-242.299,-315.013
1.08423,1354.54,865.312,2219.86
1.08536,43.9276,-159.998,-116.071
1.0865,1191.86,755.746,1947.61
1.08764,78.6874,-125.842,-47.1548
1.08879,1182.36,741.864,1924.22
1.08993,62.7484,-129.157,-66.4088
1.09108,1154.42,716.386,1870.8
1.09223,93.5659,-95.5411,-1.9752
1.09337,1242.77,765.306,2008.07
1.09453,73.5098,-121.398,-47.8881
1.09568,1197.03,738.917,1935.95
1.09684,181.201,-46.0802,135.121
1.09799,1184.61,736.169,1920.78
1.09915,141.578,-70.5154,71.0621
1.10031,1112.03,686.018,1798.05
1.10148,177.434,-51.7041,125.73
1.10264,1176.71,738.3,1915.01
1.10381,210.116,-4.52207,205.594
1.10498,1072.25,658.329,1730.58
1.10615,170.221,-59.5062,110.714
1.10732,1015.6,605.935,1621.54
1.10849,460.968,162.57,623.538
1.10967,860.647,482.4,1343.05
1.11085,606.677,269.541,876.218
1.11203,535.5,227.962,763.462
1.11321,687.01,356.659,1043.67
1.11439,573.743,256.235,829.979
1.11558,533.747,250.1,783.848
1.11677,674.922,340.602,1015.52
1.11796,634.63,316.479,951.109
1.11915,583.774,259.134,842.908
1.12034,697.94,370.363,1068.3
1.12154,732.848,377.856,1110.7
1.12274,551.791,251.879,803.671
1.12394,690.655,352.641,1043.3
1.12514,554.93,259.753,814.683
1.12634,878.48,479.405,1357.88
1.12755,382.982,136.014,518.997
1.12875,665.36,319.779,985.139
1.12996,865.433,510.431,1375.86
1.13117,298.178,37.4528,335.631
1.13239,1039.06,666.945,1706
1.1336,252.169,-41.1565,211.013
1.13482,1140.02,737.268,1877.29
1.13604,181.648,-73.8984,107.75
1.13726,1095.29,695.618,1790.91
1.13848,11.6336,-258.038,-246.405
1.13971,421.066,47.4614,468.527
1.14093,1295.09,704.471,1999.56
1.14216,670.787,351.448,1022.24
1.14339,1208.33,693.187,1901.52
1.14463,591.741,270.096,861.837
1.14586,394.506,165.638,560.144
1.1471,779.673,365.1,1144.77
1.14834,288.719,108.624,397.343
1.14958,626.328,271.322,897.65
1.15082,507.443,260.219,767.662
1.15207,632.237,260.074,892.311
1.15332,532.581,255.167,787.747
1.15456,637.586,280.854,918.441
1.15582,267.67,75.7643,343.434
1.15707,602.289,249.291,851.58
1.15832,615.024,342.163,957.187
1.15958,603.538,257.686,861.224
1.16084,-20.8407,-128.167,-149.007
1.1621,904.897,502.473,1407.37
1.16337,510.788,238.637,749.424
1.16463,391.62,111.861,503.48
1.1659,607.249,354.858,962.108
1.16717,502.033,202.181,704.215
1.16844,301.67,86.5356,388.206
1.16971,1150.33,684.661,1834.99
1.17099,139.458,-38.7535,100.704
1.17227,606.89,287.312,894.203
1.17355,454.985,192.376,647.36
1.17483,895.683,497.143,1392.83
1.17611,451.572,180.325,631.897
1.1774,403.489,146.074,549.563
1.17869,469.709,192.686,662.396
1.17998,1001.96,590.431,1592.39
1.18127,382.84,112.194,495.034
1.18256,557.415,253.846,811.26
1.18386,468.862,167.172,636.035
1.18516,1102.2,670.088,1772.29
1.18646,407.133,102.073,509.206
1.18776,761.867,405.673,1167.54
1.18907,-61.6119,-214.014,-275.626
1.19038,1439.13,918.489,2357.61
1.19169,204.302,-47.5461,156.756
1.193,784.472,417.853,1202.32
1.19431,262.72,15.2922,278.013
1.19563,1383.09,885.788,2268.88
1.19694,259.287,-30.2911,228.996
1.19826,837.584,462.885,1300.47
1.19959,270.498,-3.53572,266.962
1.20091,1150.72,770.593,1921.32
1.20224,442.739,85.986,528.725
1.20357,736.481,395.797,1132.28
1.2049,204.945,-58.9878,145.957
1.20623,1138.42,755.066,1893.48
1.20756,421.526,69.1496,490.676
1.2089,926.717,543.41,1470.13
1.21024,41.0959,-175.317,-134.221
1.21158,1125.03,727.384,1852.41
1.21293,392.239,63.486,455.725
1.21427,1100.74,679.446,1780.18
1.21562,-1.57672,-219.309,-220.886
1.21697,1243.71,810.807,2054.52
1.21832,364.225,23.9306,388.155
1.21968,1177.56,716.148,1893.71
1.22104,226.185,-47.7223,178.462
1.2224,1147.15,708.418,1855.56
1.22376,296.639,-9.25383,287.385
1.22512,1132.23,689.035,1821.26
1.22649,348.88,28.689,377.569
1.22785,1042.1,623.506,1665.61
1.22922,450.772,104.407,555.178
1.2306,1083.64,632.277,1715.92
1.23197,245.163,-34.2738,210.889
1.23335,1207.24,733.459,1940.7
1.23473,711.339,374.398,1085.74
1.23611,533.39,146.536,679.926
1.23749,378.185,26.2297,404.415
1.23888,1628.24,1063.01,2691.26
1.24027,-56.2213,-268.417,-324.639
1.24166,1311.37,852.508,2163.88
1.24305,-18.1395,-239.416,-257.556
1.24445,1411.04,918.124,2329.17
1.24584,-354.707,-473.639,-828.346
1.24724,1317.1,885.412,2202.51
1.24864,110.116,-154.106,-43.99
1.25005,1288.73,835.557,2124.29
1.25145,-275.909,-453.444,-729.353
1.25286,1433.23,962.375,2395.61
1.25427,58.6829,-169.271,-110.588
1.25569,1074.64,671.393,1746.03
1.2571,-239.593,-430.665,-670.258
1.25852,1401.58,936.544,2338.12
1.25994,47.8639,-166.651,-118.787
1.26136,1189.99,744.003,1933.99
1.26279,-331.818,-490.063,-821.881
1.26421,1413.67,944.322,2358
1.26564,97.1077,-162.385,-65.2774
1.26708,1116.16,680.909,1797.07
1.26851,-236.659,-432.213,-668.872
1.26995,1437.59,960.192,2397.79
1.27138,181.403,-94.8969,86.5058
1.27283,1143.59,707.844,1851.44
1.27427,-291.365,-456.499,-747.864
1.27571,1346.6,892.133,2238.73
1.27716,200.675,-102.084,98.5903
1.27861,1377.84,870.945,2248.78
1.28007,-285.013,-475.841,-760.854
1.28152,1446.52,961.938,2408.46
1.28298,67.4169,-173.994,-106.577
1.28444,1324.57,830.193,2154.76
1.2859,-201.83,-401.157,-602.987
1.28736,1470.76,965.291,2436.05
1.28883,37.6657,-213.592,-175.926
1.2903,1360.08,879.469,2239.55
1.29177,-59.496,-281.667,-341.163
1.29325,1449.94,937.39,2387.33
1.29472,-122.804,-326.851,-449.655
1.2962,1423.93,923.547,2347.48
1.29768,-78.4681,-285.063,-363.531
1.29917,1447.82,923.871,2371.69
1.30065,-99.1776,-301.802,-400.979
1.30214,1456.82,935.445,2392.27
1.30363,-93.7628,-297.797,-391.56
1.30513,1425.67,904.856,2330.53
1.30662,-114.297,-313.835,-428.131
1.30812,1403.62,883.041,2286.66
1.30962,27.0108,-205.708,-178.697
1.31112,1386.41,864.409,2250.82
1.31263,30.5213,-202.198,-171.677
1.31414,1336.22,814.032,2150.25
1.31565,71.5053,-164.18,-92.675
1.31716,1286.24,758.046,2044.29
1.31868,190.469,-84.9778,105.491
1.32019,1252.93,749.355,2002.29
1.32171,116.178,-122.059,-5.88126
1.32324,1293.36,784.609,2077.97
1.32476,122.977,-114.364,8.6122
1.32629,1273.73,760.993,2034.72
1.32782,92.0369,-140.846,-48.8088
1.32935,1270.08,757.681,2027.76
1.33089,199.167,-54.6509,144.516
1.33243,1209.29,702.049,1911.34
1.33397,165.428,-83.7447,81.6835
1.33551,1205.68,691.041,1896.72
1.33705,251.194,-25.5378,225.656
1.3386,1117.98,626.555,1744.54
1.34015,300.559,20.986,321.545
1.34171,1467.04,908.565,2375.6
1.34326,2323.07,1431.32,3754.39
1.34482,537.642,120.166,657.807
1.34638,2051.74,1363.45,3415.19
1.34794,-695.212,-704.038,-1399.25
1.34951,2121.28,1386.65,3507.94
1.35107,-916.69,-881.636,-1798.33
1.35265,1939.55,1300.03,3239.58
1.35422,-656.076,-677.138,-1333.21
1.35579,1799.75,1180.92,2980.67
1.35737,-844.192,-817.36,-1661.55
1.35895,1751.74,1164.24,2915.98
1.36054,-720.179,-696.577,-1416.76
1.36212,1728.17,1123.57,2851.75
1.36371,-882.547,-845.954,-1728.5
1.3653,1879.69,1248.95,3128.64
1.3669,-651.558,-636.425,-1287.98
1.36849,1646.46,1044.24,2690.7
1.37009,-792.215,-763.607,-1555.82
1.37169,1939.22,1292.8,3232.02
1.3733,-604.424,-594.431,-1198.85
1.3749,1577.68,994.588,2572.27
1.37651,-589.55,-619.014,-1208.56
1.37812,1761.92,1150.49,2912.41
1.37974,-469.092,-500.903,-969.994
1.38135,1532.9,956.464,2489.36
1.38297,-585.373,-605.906,-1191.28
1.3846,1736.85,1121.74,2858.59
1.38622,-417.192,-466.228,-883.421
1.38785,1487.44,941.478,2428.92
1.38948,-359.801,-453.779,-813.58
1.39111,1573.03,1002.27,2575.31
1.39275,-368.049,-439.402,-807.451
1.39439,1458.03,922.434,2380.46
1.39603,-301.141,-393.254,-694.395
1.39767,1593.09,1011.79,2604.89
1.39932,-358.222,-432.581,-790.803
1.40097,1556.43,980.273,2536.7
1.40262,-233.652,-352.445,-586.097
1.40427,1598.8,1016.8,2615.6
1.40593,-394.95,-455.287,-850.237
1.40759,1597.18,1007.31,2604.49
1.40925,-313.935,-397.5,-711.435
1.41092,1542.67,977.906,2520.58
1.41258,-295.099,-389.69,-684.789
1.41425,1570.76,1006.65,2577.41
1.41593,-185.181,-318.011,-503.191
1.4176,1511.85,950.632,2462.48
1.41928,-194.3,-337.088,-531.388
1.42096,1572.4,985.895,2558.29
1.42265,-173.979,-312.515,-486.494
1.42433,1528.01,960.388,2488.39
1.42602,-225.715,-362.086,-587.8
1.42772,1540.75,969.519,2510.27
1.42941,-164.55,-308.699,-473.249
1.43111,1519.92,958.936,2478.85
1.43281,-199.497,-341.114,-540.61
1.43451,1525.82,952.422,2478.24
1.43622,-91.382,-264.797,-356.179
1.43793,1461.49,901.486,2362.98
1.43964,-151.056,-306.504,-457.561
1.44135,1522.57,954.828,2477.4
1.44307,-86.7798,-259.473,-346.253
1.44479,1459.49,908.64,2368.13
1.44651,-126.074,-274.935,-401.009
1.44824,1550.16,964.745,2514.9
1.44997,-129.92,-284.785,-414.705
1.4517,1494.28,924.236,2418.51
1.45343,-120.363,-293.417,-413.781
1.45517,1555.7,956.765,2512.47
1.45691,-96.4915,-277.23,-373.722
1.45865,1578.47,973.579,2552.05
1.4604,-160.342,-312.823,-473.165
1.46214,1484.18,930.729,2414.91
1.4639,-36.1459,-242.551,-278.697
1.46565,1440.12,885.757,2325.88
1.46741,-63.1905,-250.627,-313.818
1.46917,1437.08,893.792,2330.88
1.47093,-40.7103,-231.073,-271.783
1.47269,1410.1,856.678,2266.78
1.47446,-30.4595,-227.5,-257.959
1.47623,1440.34,883.265,2323.6
1.47801,-37.8901,-233.341,-271.231
1.47978,1138.78,589.477,1728.26
1.48156,702.132,192.077,894.209
1.48335,1652.6,988.878,2641.48
1.48513,-71.2917,-230.381,-301.672
1.48692,1475.58,912.813,2388.39
1.48871,78.5306,-196.417,-117.886
1.4905,1389.71,861.098,2250.81
1.4923,119.978,-127.627,-7.64973
1.4941,1399.96,837.67,2237.63
1.4959,-65.6475,-265.496,-331.144
1.49771,1157.76,667.891,1825.65
1.49952,152.423,-94.8529,57.5702
1.50133,1471.83,890.669,2362.5
1.50315,-196.318,-344.137,-540.454
1.50496,1339.26,823.095,2162.35
1.50678,18.126,-174.764,-156.638
1.50861,1365.8,812.422,2178.22
1.51043,-141.141,-295.038,-436.179
1.51226,1259.17,769.612,2028.78
1.5141,43.8066,-185.172,-141.365
1.51593,1255,747.078,2002.07
1.51777,0.665761,-205.672,-205.006
1.51961,1264.17,768.662,2032.83
1.52146,19.7525,-185.728,-165.975
1.5233,1275.12,766.088,2041.21
1.52515,-154.648,-300.918,-455.566
1.52701,1335.74,810.741,2146.49
1.52886,-38.2336,-229.792,-268.026
1.53072,1298.64,793.081,2091.72
1.53258,-86.088,-241.879,-327.967
1.53445,1363.36,817.499,2180.86
1.53632,-53.1658,-237.482,-290.648
1.53819,1306.87,795.297,2102.17
1.54006,1.2538,-217.562,-216.309
1.54194,1224.1,734.782,1958.88
1.54382,126.379,-127.795,-1.4158
1.54571,1167.42,681.776,1849.2
1.54759,136.223,-119.597,16.6262
1.54948,1203.86,723.634,1927.5
1.55138,134.451,-120.065,14.3853
1.55327,1221.79,726.764,1948.55
1.55517,123.589,-133.327,-9.73881
1.55707,1198.94,699.609,1898.55
1.55898,109.886,-127.851,-17.9654
1.56089,1260.22,719.084,1979.31
1.5628,88.8562,-138.228,-49.3718
1.56471,1192.24,672.335,1864.58
1.56663,101.439,-121.27,-19.8306
1.56855,1268.77,721.717,1990.49
1.57047,81.8501,-155.86,-74.0102
1.5724,1313.25,764.856,2078.1
1.57433,81.8379,-136.243,-54.4052
1.57627,1269.49,718.421,1987.91
1.5782,201.878,-63.0036,138.874
1.58014,1130.94,632.987,1763.93
1.58208,253.37,-36.9569,216.413
1.58403,1169.05,661.803,1830.85
1.58598,247.462,-32.0839,215.378
1.58793,1261.37,714.645,1976.02
1.58989,146.905,-104.725,42.1799
1.59185,1252.38,697.626,1950
1.59381,161.17,-74.1481,87.0224
1.59577,1196.26,651.053,1847.32
1.59774,246.083,-19.2756,226.808
1.59971,1258.92,705.273,1964.2
1.60169,181.988,-85.8203,96.1672
1.60366,1300.23,735.998,2036.23
1.60564,167.787,-77.7347,90.0522
1.60763,1214.14,673.204,1887.35
1.60962,238.711,-24.4656,214.245
1.61161,1180.93,625.904,1806.84
1.6136,270.431,-8.69549,261.736
1.6156,1248.03,702.227,1950.26
1.6176,212.639,-62.6181,150.021
1.6196,1187.21,654.93,1842.14
1.62161,254.589,-30.9159,223.673
1.62362,1146.22,621.747,1767.97
1.62563,258.947,-35.6854,223.261
1.62765,1158.02,629.685,1787.71
1.62967,281.845,0.31489,282.16
1.63169,1178.4,650.898,1829.3
1.63372,242.078,-26.8093,215.269
1.63575,1187.41,651.701,1839.11
1.63778,200.816,-61.3132,139.503
1.63982,1186.59,656.501,1843.09
1.64186,203.729,-66.5571,137.172
1.6439,1809.77,1003.92,2813.69
1.64595,867.474,294.283,1161.76
1.648,1563.75,942.327,2506.08
1.65005,22.1982,-207.563,-185.365
1.65211,1688.02,1045.2,2733.22
1.65417,-260.331,-400.509,-660.84
1.65623,1756.28,1066.8,2823.08
1.65829,-225.569,-364.503,-590.072
1.66036,1815.45,1091.54,2906.99
1.66244,-419.667,-509.362,-929.029
1.66451,1802.21,1084.23,2886.44
1.66659,-354.351,-440.957,-795.308
1.66868,1749.08,1036.2,2785.28
1.67076,-287.685,-408.093,-695.778
1.67285,1691.58,1003.66,2695.24
1.67495,-249.877,-363.61,-613.487
1.67704,1605.02,934.952,2539.97
1.67914,-165.35,-329.835,-495.184
1.68125,1520.2,867.473,2387.68
1.68335,-50.4733,-244.436,-294.909
1.68547,1471.17,852.947,2324.11
1.68758,67.6587,-161.476,-93.8173
1.6897,1453.14,825.95,2279.09
1.69182,6.60268,-193.077,-186.474
1.69394,1433.94,794.299,2228.24
1.69607,75.7632,-133.101,-57.3381
1.6982,1387.1,748.63,2135.73
1.70033,255.988,1.30758,257.296
1.70247,1143.05,560.452,1703.5
1.70461,474.51,177.648,652.158
1.70676,794.763,291.255,1086.02
1.70891,659.354,339.911,999.265
1.71106,921.018,363.833,1284.85
1.71322,520.354,238.517,758.871
1.71537,998.448,410.263,1408.71
1.71754,675.426,337.405,1012.83
1.7197,743.904,259.177,1003.08
1.72187,818.611,424.917,1243.53
1.72405,697.746,237.883,935.629
1.72622,882.322,462.979,1345.3
1.7284,630.642,213.208,843.85
1.73059,946.883,487.585,1434.47
1.73277,500.393,122.904,623.297
1.73496,1074.05,569.561,1643.61
1.73716,593.453,191.471,784.924
1.73936,1115.25,587.033,1702.28
1.74156,357.302,28.5771,385.879
1.74376,1133.82,602.838,1736.65
1.74597,443.825,100.672,544.496
1.74818,1203.38,631.665,1835.05
1.7504,234.087,-44.8309,189.256
1.75262,1275.77,701.27,1977.04
1.75484,394.339,67.9237,462.263
1.75707,1210.94,639.882,1850.82
1.7593,203.426,-74.4383,128.987
1.76153,1200.53,640.129,1840.66
1.76377,474.709,122.009,596.718
1.76601,1136.21,596.217,1732.43
1.76826,213.252,-59.3288,153.923
1.7705,1308.13,699.855,2007.99
1.77276,291.71,11.2146,302.925
1.77501,1232.54,645.561,1878.11
1.77727,326.404,17.3094,343.713
1.77953,1151.95,604.675,1756.63
1.7818,411.449,69.2004,480.649
1.78407,1213.84,634.909,1848.75
1.78635,270.763,-13.3266,257.437
1.78862,1260.92,667.008,1927.92
1.7909,356.773,42.6464,399.419
1.79319,1209.2,621.158,1830.36
1.79548,340.78,34.3147,375.095
1.79777,1107.36,566.347,1673.7
1.80007,308.16,19.3516,327.511
1.80237,1174.66,601.437,1776.1
1.80467,338.646,36.1109,374.757
1.80698,1197.13,624.673,1821.8
1.80929,387.53,65.8935,453.424
1.81161,1071.79,530.683,1602.48
1.81392,391.412,75.256,466.668
1.81625,1112.18,582.108,1694.29
1.81857,520.225,134.857,655.082
1.8209,994.511,487.222,1481.73
1.82324,491.473,125.743,617.217
1.82558,1010.01,510.454,1520.46
1.82792,488.842,128.798,617.64
1.83026,1034.87,524.684,1559.55
1.83261,474.484,110.844,585.328
1.83496,1008.04,494.935,1502.97
1.83732,549.17,171.116,720.285
1.83968,950.072,468.861,1418.93
1.84205,487.543,122.246,609.789
1.84441,1038.82,529.649,1568.47
1.84679,559.746,167.557,727.302
1.84916,908.876,427.75,1336.63
1.85154,554.619,175.825,730.444
1.85393,976.408,484.456,1460.86
1.85631,608.824,204.633,813.457
1.85871,893.477,421.988,1315.46
1.8611,612.01,207.515,819.524
1.8635,975.959,478.548,1454.51
1.8659,564.307,158.329,722.637
1.86831,957.232,462.645,1419.88
1.87072,652.834,221.96,874.794
1.87314,969.611,474.889,1444.5
1.87556,565.819,155.004,720.823
1.87798,895.491,411.782,1307.27
1.88041,603.557,191.963,795.519
1.88284,1104.03,564.566,1668.59
1.88527,620.631,189.668,810.299
1.88771,846.506,382.49,1229
1.89015,604.814,190.361,795.175
1.8926,982.047,474.426,1456.47
1.89505,675.799,233.891,909.691
1.8975,840.476,374.156,1214.63
1.89996,643.2,212.884,856.084
1.90242,1035.8,512.767,1548.57
1.90489,560.466,154.634,715.1
1.90736,882.646,387.571,1270.22
1.90984,635.885,205.514,841.399
1.91231,1062.63,525.486,1588.12
1.9148,550.961,152.842,703.803
1.91728,864.878,393.76,1258.64
1.91977,645.977,201.287,847.264
1.92227,1056.71,533.245,1589.95
1.92477,607.745,191.74,799.485
1.92727,861.043,388.763,1249.81
1.92978,622.276,209.424,831.7
1.93229,1021.8,503.217,1525.01
1.9348,600.45,185.251,785.702
1.93732,864.308,390.412,1254.72
1.93984,679.16,229.104,908.264
1.94237,989.922,479.389,1469.31
1.9449,583.695,171.039,754.734
1.94744,840.316,375.568,1215.88
1.94998,692.694,243.912,936.606
1.95252,935.708,439.676,1375.38
1.95507,654.539,221.965,876.504
1.95762,895.329,413.191,1308.52
1.96018,614.757,193.026,807.783
1.96274,906.763,422.588,1329.35
1.9653,655.685,213.607,869.292
1.96787,1001.58,482.032,1483.61
1.97044,574.568,152.607,727.175
1.97302,1054.71,523.912,1578.62
1.9756,577.355,151.7,729.055
1.97819,952.432,456.071,1408.5
1.98078,588.4,165.744,754.144
1.98337,1016.61,501.977,1518.59
1.98597,578.607,142.321,720.929
1.98857,1051.92,525.317,1577.24
1.99118,499.27,100.879,600.148
1.99379,1020.01,496.22,1516.23
1.9964,585.558,147.415,732.973
1.99902,933.786,444.185,1377.97
2.00165,660.858,218.594,879.453
2.00427,849.823,384.394,1234.22
2.0069,611.564,171.827,783.391
2.00954,906.892,433.866,1340.76
2.01218,702.686,218.247,920.933
2.01483,786.798,339.559,1126.36
2.01748,741.864,247.803,989.667
2.02013,949.02,453.722,1402.74
2.02279,623.673,167.179,790.852
2.02545,889.428,435.121,1324.55
2.02811,738.625,241.514,980.139
2.03079,670.279,271.596,941.875
2.03346,844.944,324.811,1169.75
2.03614,830.155,379.164,1209.32
2.03882,681.94,204.75,886.691
2.04151,788.742,354.236,1142.98
2.0442,813.411,292.777,1106.19
2.0469,778.735,337.947,1116.68
2.0496,746.432,255.104,1001.54
2.05231,899.138,410.326,1309.46
2.05502,726.918,242.378,969.296
2.05773,792.236,344.664,1136.9
2.06045,697.521,224.777,922.299
2.06317,952.632,460.66,1413.29
2.0659,639.859,180.143,820.002
2.06863,779.124,345.765,1124.89
2.07137,773.994,267.875,1041.87
2.07411,839.588,366.93,1206.52
2.07686,747.287,260.863,1008.15
2.07961,877.465,391.907,1269.37
2.08236,685.588,202.97,888.558
2.08512,844.16,371.739,1215.9
2.08788,772.82,270.178,1043
2.09065,768.941,325.063,1094
2.09342,782.621,276.455,1059.08
2.0962,821.078,353.428,1174.51
2.09898,762.56,258.101,1020.66
2.10177,812.958,338.5,1151.46
2.10456,836.201,291.336,1127.54
2.10735,733.606,284.725,1018.33
2.11015,808.647,280.586,1089.23
2.11296,942.598,432.064,1374.66
2.11576,692.488,199.164,891.652
2.11858,792.545,333.225,1125.77
2.1214,702.402,210.102,912.504
2.12422,1030.79,495.367,1526.16
2.12704,685.555,202.267,887.822
2.12988,831.577,343.938,1175.51
2.13271,745.07,249.203,994.273
2.13555,908.558,412.885,1321.44
2.1384,729.286,229.088,958.374
2.14125,862.744,373.831,1236.58
2.1441,700.046,209.424,909.47
2.14696,954.484,444.203,1398.69
2.14983,707.115,201.223,908.338
2.15269,916.29,408.171,1324.46
2.15557,742.802,236.5,979.302
2.15844,871.771,372.863,1244.63
2.16133,794.456,271.932,1066.39
2.16421,879.63,370.296,1249.93
2.16711,723.85,229.899,953.749
2.17,958.022,438.787,1396.81
2.1729,681.252,186.747,867.999
2.17581,905.594,402.018,1307.61
2.17872,728.829,219.468,948.297
2.18164,890.552,386.447,1277
2.18456,720.211,215.65,935.86
2.18748,920.119,417,1337.12
2.19041,717.234,211.84,929.074
2.19335,757.221,292.481,1049.7
2.19628,863.167,305.312,1168.48
2.19923,919.505,408.329,1327.83
2.20218,674.973,185.306,860.279
2.20513,863.361,375.967,1239.33
2.20809,754.991,235.285,990.276
2.21105,856.847,367.836,1224.68
2.21402,718.743,219.376,938.119
2.21699,966.391,444.214,1410.6
2.21997,707.293,197.458,904.751
2.22295,814.594,323.256,1137.85
2.22594,769.532,243.515,1013.05
2.22893,1034.58,486.8,1521.38
2.23193,584.878,120.864,705.742
2.23493,898.343,380.913,1279.26
2.23794,662.264,176.23,838.494
2.24095,1113.58,530.655,1644.23
2.24397,584.895,118.032,702.927
2.24699,934.481,409.852,1344.33
2.25001,672.258,192.054,864.313
2.25305,898.415,385.876,1284.29
2.25608,696.525,209.647,906.172
2.25912,951.434,421.791,1373.22
2.26217,689.857,191.397,881.255
2.26522,930.108,411.724,1341.83
2.26828,726.022,202.805,928.827
2.27134,804.504,334.272,1138.78
2.2744,813.843,263.118,1076.96
2.27747,920.354,402.592,1322.95
2.28055,668.716,175.512,844.228
2.28363,939.991,415.862,1355.85
2.28672,711.61,208.822,920.432
2.28981,977.048,437.14,1414.19
2.2929,620.711,141.037,761.748
2.296,1069.38,498.03,1567.41
2.29911,664.496,169.336,833.832
2.30222,927.073,392.769,1319.84
2.30534,629.563,153.539,783.102
2.30846,1157.36,570.521,1727.88
2.31158,643.256,145.09,788.346
2.31472,922.219,398.573,1320.79
2.31785,758.52,226.583,985.103
2.32099,857.704,360.465,1218.17
2.32414,879.396,315.355,1194.75
2.32729,740.022,276.866,1016.89
2.33045,826.199,271.011,1097.21
2.33361,931.334,421.529,1352.86
2.33678,643.769,150.347,794.116
2.33995,980.083,444.556,1424.64
2.34313,661.8,177.631,839.432
2.34631,920.062,396.548,1316.61
2.3495,747.736,228.097,975.834
2.35269,908.147,395.372,1303.52
2.35589,719.076,207.514,926.59
2.35909,900.595,399.135,1299.73
2.3623,695.699,184.852,880.551
2.36551,927.919,434.479,1362.4
2.36873,652.258,136.091,788.348
2.37196,1129.61,560.409,1690.02
2.37519,466.336,15.3285,481.664
2.37842,1378.61,743.107,2121.71
2.38166,119.519,-238.71,-119.191
2.38491,1490.13,834.792,2324.92
2.38816,158.715,-218.845,-60.1295
2.39141,1469.54,817.98,2287.52
2.39467,116.641,-235.34,-118.699
2.39794,1476.34,817.321,2293.66
2.40121,317.241,-93.5562,223.685
2.40449,1221.39,626.357,1847.75
2.40777,677.039,167.527,844.565
2.41106,640.729,203.271,844
2.41435,953.073,369.145,1322.22
2.41765,798.4,304.822,1103.22
2.42095,781.736,251.694,1033.43
2.42426,830.762,334.219,1164.98
2.42758,815.227,279.327,1094.55
2.4309,704.157,236.344,940.501
2.43422,863.035,307.473,1170.51
2.43755,758.891,262.341,1021.23
2.44089,931.777,341.168,1272.95
2.44423,762.598,288.473,1051.07
2.44758,739.037,215.084,954.121
2.45093,899.67,368.943,1268.61
2.45429,801.937,258.286,1060.22
2.45765,731.186,255.157,986.343
2.46102,926.816,344.804,1271.62
2.46439,643.563,196.443,840.006
2.46777,992.306,377.976,1370.28
2.47116,704.2,230.125,934.325
2.47455,826.418,273.512,1099.93
2.47795,877.096,356.151,1233.25
2.48135,756.193,219.718,975.911
2.48475,734.878,249.403,984.281
2.48817,868.7,298.111,1166.81
2.49159,793.405,283.215,1076.62
2.49501,919.613,350.875,1270.49
2.49844,606.601,162.595,769.196
2.50187,910.802,342.472,1253.27
2.50531,840.344,324.148,1164.49
2.50876,755.569,219.065,974.634
2.51221,847.585,336.915,1184.5
2.51567,878.025,296.591,1174.62
2.51913,669.45,215.686,885.137
2.5226,886.788,312.757,1199.55
2.52608,850.736,322.34,1173.08
2.52956,769.198,231.562,1000.76
2.53304,919.267,374.997,1294.26
2.53653,778.086,212.64,990.726
2.54003,784.926,300.846,1085.77
2.54353,872.548,289.944,1162.49
2.54704,780.185,282.063,1062.25
2.55055,939.819,334.413,1274.23
2.55407,723.44,240.525,963.965
2.5576,866.948,288.92,1155.87
2.56113,812.807,311.365,1124.17
2.56467,804.717,232.849,1037.57
2.56821,903.087,358.408,1261.49
2.57176,806.567,244.255,1050.82
2.57531,814.05,296.68,1110.73
2.57887,806.513,249.008,1055.52
2.58244,861.714,321.408,1183.12
2.58601,903.895,332.452,1236.35
2.58959,689.776,192.668,882.444
2.59317,968.249,374.552,1342.8
2.59676,699.436,191.431,890.867
2.60035,1030.17,413.31,1443.48
2.60395,639.715,119.62,759.335
2.60756,1218.89,552.127,1771.01
2.61117,328.945,-107.127,221.817
2.61479,1481.85,783.976,2265.83
2.61841,272.685,-158.223,114.462
2.62204,1441.96,739.011,2180.97
2.62568,384.45,-74.0453,310.405
2.62932,1302.2,642.662,1944.86
2.63297,402.848,-53.8785,348.97
2.63662,1191.57,557.533,1749.1
2.64028,585.227,89.7691,674.996
2.64395,1072.42,446.679,1519.1
2.64762,686.205,160.734,846.939
2.6513,1003.29,394.731,1398.02
2.65498,675.782,146.928,822.71
2.65867,1052.92,424.862,1477.78
2.66236,736.083,179.745,915.828
2.66607,1069.28,428.361,1497.64
2.66977,718.33,166.166,884.497
2.67349,1087.69,459.372,1547.06
2.67721,586.605,95.148,681.753
2.68093,1136.85,479.256,1616.11
2.68466,643.797,134.122,777.919
2.6884,1009.5,386.949,1396.45
2.69214,853.628,280.732,1134.36
2.69589,773.863,220.944,994.807
2.69965,928.382,359.959,1288.34
2.70341,742.357,175.271,917.628
2.70718,997.566,423.998,1421.56
2.71095,745.153,195.622,940.775
2.71473,892.258,354.661,1246.92
2.71852,893.483,289.413,1182.9
2.72231,852.865,309.917,1162.78
2.72611,839.564,257.91,1097.47
2.72992,866.499,322.963,1189.46
2.73373,769.915,217.584,987.499
2.73755,966.131,374.417,1340.55
2.74137,796.546,231.223,1027.77
2.7452,958.222,374.494,1332.72
2.74903,796.982,228.441,1025.42
2.75288,861.123,304.583,1165.71
2.75673,940.411,335.934,1276.35
2.76058,771.587,226.276,997.864
2.76444,947.652,339.621,1287.27
2.76831,872.621,306.388,1179.01
2.77218,808.862,247.284,1056.15
2.77606,889.111,315.095,1204.21
2.77995,871.961,284.286,1156.25
2.78384,860.242,294.513,1154.76
2.78774,805.423,244.034,1049.46
2.79164,882.534,314.839,1197.37
2.79555,902.09,298.84,1200.93
2.79947,852.093,297.67,1149.76
2.8034,850.662,259.844,1110.51
2.80733,919.799,344.264,1264.06
2.81126,761.764,207.946,969.71
2.81521,1029.49,419.717,1449.21
2.81916,678.245,155.542,833.787
2.82311,966.07,380.689,1346.76
2.82708,761.766,201.798,963.565
2.83104,986.092,385.851,1371.94
2.83502,721.575,178.811,900.386
2.839,892.898,323.244,1216.14
2.84299,859.928,282.186,1142.11
2.84699,800.05,250.068,1050.12
2.85099,892.088,305.595,1197.68
2.85499,841.106,276.931,1118.04
2.85901,892.541,309.503,1202.04
2.86303,717.797,182.231,900.028
2.86706,1122.63,473.055,1595.69
2.87109,491.224,8.94543,500.169
2.87513,1377.11,664.671,2041.78
2.87918,253.976,-178.676,75.3002
2.88323,1554.83,804.861,2359.69
2.88729,244.987,-181.129,63.858
2.89136,1408.33,677.902,2086.23
2.89543,462.005,-7.49397,454.511
2.89951,1175.08,492.471,1667.55
2.9036,696.955,158.546,855.501
2.90769,1064.1,392.271,1456.37
2.91179,714.866,185.348,900.214
2.9159,1083.23,400.355,1483.58
2.92001,738.769,191.406,930.175
2.92413,971.73,330.59,1302.32
2.92826,869.323,283.075,1152.4
2.93239,862.513,269.131,1131.64
2.93653,939.354,328.787,1268.14
2.94068,823.66,228.562,1052.22
2.94483,895.524,315.044,1210.57
2.94899,954.583,321.894,1276.48
2.95316,818.278,255.737,1074.02
2.95734,1049.82,383.409,1433.23
2.96152,741.996,195.68,937.676
2.9657,1028.11,361.287,1389.39
2.9699,828.243,263.414,1091.66
2.9741,869.752,253.629,1123.38
2.97831,1003.97,392.863,1396.84
2.98252,726.598,152.335,878.933
2.98674,1094.66,454.478,1549.14
2.99097,777.153,182.678,959.831
2.99521,885.959,304.353,1190.31
2.99945,960.571,317.508,1278.08
3.0037,850.016,267.337,1117.35
3.00795,908.491,274.764,1183.26
3.01222,911.661,333.787,1245.45
3.01649,818.955,217.415,1036.37
3.02076,966.427,375.708,1342.13
3.02505,827.481,223.443,1050.92
3.02934,918.044,321.328,1239.37
3.03364,922.366,295.715,1218.08
3.03794,781.989,214.788,996.777
3.04225,933.269,315.57,1248.84
3.04657,942.03,325.574,1267.6
3.0509,850.672,255.18,1105.85
3.05523,905.618,291.763,1197.38
3.05957,899.019,279.816,1178.84
3.06392,934.82,324.995,1259.81
3.06827,836.795,228.106,1064.9
3.07263,951.749,350.27,1302.02
3.077,804.578,205.879,1010.46
3.08137,934.951,335.701,1270.65
3.08576,961.656,317.063,1278.72
3.09015,723.183,179.059,902.242
3.09454,1041.27,376.194,1417.47
3.09895,910.083,299.43,1209.51
3.10336,851.705,250.686,1102.39
3.10777,964.225,353.239,1317.46
3.1122,892.295,258.251,1150.55
3.11663,820.848,264.573,1085.42
3.12107,910.849,275.045,1185.89
3.12552,1009.94,398.362,1408.3
3.12997,646.539,92.5401,739.079
3.13443,1067.65,452.32,1519.97
3.1389,772.948,185.807,958.755
3.14338,881.08,308.06,1189.14
3.14786,973.33,324.526,1297.86
3.15235,743.584,194.963,938.548
3.15685,1010.66,341.828,1352.49
3.16135,847.614,277.705,1125.32
3.16587,914.6,261.773,1176.37
3.17038,969.874,357.137,1327.01
3.17491,768.339,180.673,949.012
3.17945,1070.65,433.681,1504.33
3.18399,632.151,89.1186,721.27
3.18854,1192.3,514.991,1707.29
3.19309,769.458,187.06,956.517
3.19766,829.992,256.231,1086.22
3.20223,943.561,330.224,1273.78
3.20681,895.886,276.54,1172.43
3.21139,862.695,263.554,1126.25
3.21599,958.231,330.358,1288.59
3.22059,830.024,242.288,1072.31
3.2252,936.956,288.856,1225.81
3.22981,958.157,331.597,1289.75
3.23444,754.565,160.046,914.611
3.23907,1159.68,501.036,1660.72
3.2437,596.723,27.6891,624.412
3.24835,1243.06,565.279,1808.33
3.253,493.001,-44.7827,448.218
3.25767,1275.93,583.53,1859.46
3.26233,575.736,6.09019,581.826
3.26701,1119.57,453.95,1573.52
3.27169,715.825,130.264,846.088
3.27639,1044.7,381.501,1426.2
3.28108,910.237,258.383,1168.62
3.28579,766.577,189.255,955.832
3.29051,1065.64,356.06,1421.7
3.29523,857.371,243.567,1100.94
3.29996,851.237,226.238,1077.48
3.3047,1060,376.077,1436.08
3.30944,721.294,126.75,848.044
3.31419,1142.19,444.371,1586.56
3.31895,717.799,123.683,841.482
3.32372,926.294,304.252,1230.55
3.3285,1037.71,352.666,1390.37
3.33328,761.761,194.349,956.111
3.33807,1015.9,348.777,1364.68
3.34287,927.104,288.79,1215.89
3.34768,957.69,318.953,1276.64
3.35249,848.19,238.515,1086.71
3.35732,974.307,327.251,1301.56
3.36215,715.673,147.214,862.887
3.36699,1102.1,406.978,1509.07
3.37183,731.538,149.169,880.707
3.37669,1038.48,385.937,1424.42
3.38155,756.557,165.281,921.839
3.38642,1007.41,351.264,1358.67
3.3913,840.286,224.4,1064.69
3.39618,859.186,260.354,1119.54
3.40108,872.541,225.607,1098.15
3.40598,1063.13,401.291,1464.42
3.41089,636.594,50.5533,687.147
3.41581,1144.67,494.833,1639.5
3.42073,641.554,52.6428,694.197
3.42567,1078.33,443.249,1521.58
3.43061,668.68,72.3759,741.056
3.43556,1149.72,475.731,1625.45
3.44051,654.243,75.4762,729.719
3.44548,1113.78,437.558,1551.33
3.45045,678.635,98.3201,776.955
3.45544,1196.22,513.535,1709.76
3.46043,473.724,-51.0718,422.653
3.46543,1446.19,699.503,2145.69
3.47043,314.633,-189.695,124.938
3.47545,1550.02,795.559,2345.58
3.48047,309.241,-195.269,113.972
3.4855,1458.67,717.89,2176.56
3.49054,468.813,-86.0052,382.807
3.49559,1327.69,631.945,1959.63
3.50064,645.325,51.4262,696.751
3.5057,1065.58,432.841,1498.42
3.51078,965.411,281.508,1246.92
3.51586,938.023,317.513,1255.54
3.52094,881.904,239.985,1121.89
3.52604,1001.96,363.003,1364.96
3.53115,719.386,130.163,849.549
3.53626,1201.78,505.418,1707.2
3.54138,610.497,42.5537,653.051
3.54651,1187.22,502.131,1689.35
3.55165,789.062,161.309,950.371
3.55679,1002.42,374.581,1377
3.56195,921.25,258.643,1179.89
3.56711,1015.35,358.449,1373.8
3.57228,813.792,178.687,992.479
3.57746,1074.11,406.278,1480.39
3.58265,751.527,135.239,886.766
3.58785,1123.36,441.266,1564.63
3.59305,601.894,33.351,635.245
3.59827,1327.18,588.471,1915.65
3.60349,527.694,-47.0132,480.681
3.60872,1344.95,627.543,1972.49
3.61396,372.975,-149.611,223.364
3.61921,1606.26,802.764,2409.03
3.62446,294.914,-213.348,81.566
3.62973,1486.09,726.244,2212.33
3.635,431.583,-130.658,300.925
3.64028,1367.22,639.787,2007.01
3.64557,526.093,-41.8554,484.237
3.65087,1271.98,561.711,1833.69
3.65618,703.2,76.6362,779.836
3.6615,1087.73,414.163,1501.89
3.66682,905.84,233.667,1139.51
3.67216,938.677,307.491,1246.17
3.6775,893.175,213.267,1106.44
3.68285,1084.59,413.818,1498.41
3.68821,645.073,58.1985,703.272
3.69358,1319.75,570.949,1890.69
3.69895,530.09,-26.5343,503.556
3.70434,1293.87,562.546,1856.42
3.70973,647.039,60.0761,707.115
3.71514,1189.63,471.789,1661.41
3.72055,792.581,170.732,963.314
3.72597,1079.19,384.962,1464.15
3.7314,800.402,176.468,976.87
3.73684,1215.37,470.436,1685.8
3.74229,538.585,-13.8971,524.688
3.74774,1495.89,686.685,2182.57
3.75321,400.685,-134.254,266.431
3.75868,1567.49,772.731,2340.22
3.76416,272.823,-216.789,56.0334
3.76966,1612.47,796.93,2409.4
3.77516,387.843,-147.19,240.654
3.78067,1444.68,677.985,2122.66
3.78618,522.175,-39.8292,482.346
3.79171,1285.41,554.278,1839.69
3.79725,748.531,118.361,866.892
3.80279,1062.68,391.177,1453.86
3.80835,875.713,212.26,1087.97
3.81391,1054.75,374.304,1429.05
3.81949,750.937,131.745,882.682
3.82507,1187.76,457.778,1645.53
3.83066,757.258,130.108,887.366
3.83626,1128.82,427.307,1556.12
3.84187,752.82,127.05,879.869
3.84748,1141.73,433.822,1575.55
3.85311,735.426,116.431,851.857
3.85875,1073.12,391.737,1464.85
3.86439,840.257,178.909,1019.17
3.87005,1073.36,396.097,1469.46
3.87571,754.628,137.811,892.439
3.88138,1101.9,411.496,1513.4
3.88707,833.843,195.754,1029.6
3.89276,1016.24,339.561,1355.8
3.89846,946.47,276.902,1223.37
3.90417,925.602,275.177,1200.78
3.90989,904.225,247.597,1151.82
3.91562,1025.61,344.503,1370.12
3.92136,823.222,189.931,1013.15
3.9271,1157.06,444.773,1601.83
3.93286,641.549,56.9093,698.458
3.93862,1266.79,523.95,1790.74
3.9444,662.519,66.2631,728.782
3.95018,1170.68,483.448,1654.13
3.95598,714.621,95.7574,810.379
3.96178,1214.89,488.96,1703.85
3.96759,697.575,86.1245,783.699
3.97342,1186.49,463.387,1649.87
3.97925,792.216,157.477,949.693
3.98509,964.758,300.179,1264.94
3.99094,968.622,277.794,1246.42
3.9968,919.064,256.497,1175.56
4.00267,898.955,236.764,1135.72
4.00855,1135.48,405.424,1540.91
4.01444,713.992,108.261,822.254
4.02034,1290.34,532.891,1823.23
4.02625,696.638,79.1031,775.742
4.03216,1063.92,382.18,1446.1
4.03809,909.03,224,1133.03
4.04403,1043.77,359.105,1402.88
4.04997,876.916,207.615,1084.53
4.05593,964.251,305.771,1270.02
4.0619,993.416,290.653,1284.07
4.06787,873.923,228.557,1102.48
4.07386,1055.79,339.612,1395.41
4.07985,902.668,253.484,1156.15
4.08586,922.601,248.49,1171.09
4.09187,1095.71,398.982,1494.69
4.0979,786.691,149.938,936.629
4.10393,1075.32,393.648,1468.97
4.10997,827.068,179.188,1006.26
4.11603,1071.7,381.784,1453.49
4.12209,810.687,165.31,975.997
4.12816,1120.96,407.392,1528.35
4.13425,778.611,136.203,914.814
4.14034,1170.9,436.979,1607.88
4.14644,748.102,111.324,859.426
4.15256,1168.87,432.638,1601.51
4.15868,706.542,95.2751,801.817
4.16481,1290.33,527.297,1817.63
4.17096,461.352,-76.3605,384.991
4.17711,1483.79,700.693,2184.49
4.18327,458.367,-92.3584,366.008
4.18944,1429.02,658.751,2087.77
4.19563,522.22,-59.6118,462.608
4.20182,1348.47,602.875,1951.34
4.20802,697.045,64.0909,761.136
4.21424,1061.89,386.903,1448.79
4.22046,912.611,216.34,1128.95
4.22669,991.499,314.525,1306.02
4.23294,943.212,259.318,1202.53
4.23919,943.301,278.196,1221.5
4.24545,973.573,289.211,1262.78
4.25173,979.07,298.49,1277.56
4.25801,838.406,193.586,1031.99
4.2643,1234.89,489.063,1723.95
4.27061,700.55,81.9702,782.52
4.27692,1236.06,497.113,1733.17
4.28325,735.343,103.56,838.902
4.28958,1210.99,481.022,1692.02
4.29593,707.012,83.1139,790.126
4.30229,1308.36,548.892,1857.25
4.30865,579.43,-7.12122,572.309
4.31503,1361.94,593.134,1955.08
4.32142,592.622,-3.25178,589.371
4.32781,1340.41,575.459,1915.87
4.33422,710.573,71.7945,782.368
4.34064,1231.81,498.068,1729.88
4.34707,714.423,88.1227,802.545
4.35351,1172.36,447.471,1619.83
4.35996,834.873,179.585,1014.46
4.36642,1026.88,339.073,1365.96
4.37289,919.841,241.201,1161.04
4.37937,896.515,248.394,1144.91
4.38586,927.37,250.516,1177.89
4.39236,1039.38,344.74,1384.12
4.39887,754.415,128.06,882.475
4.4054,1112.35,412.019,1524.37
4.41193,823.44,173.44,996.879
4.41847,976.345,314.4,1290.75
4.42503,891.47,218.773,1110.24
4.43159,1046.73,357.723,1404.46
4.43817,821.227,177.863,999.09
4.44476,1065.89,375.449,1441.33
4.45136,787.449,149.482,936.931
4.45796,1042.84,349.062,1391.9
4.46458,897.748,217.225,1114.97
4.47121,1007.86,317.423,1325.28
4.47785,756.314,114.159,870.473
4.48451,1321.55,553.505,1875.06
4.49117,440.67,-102.686,337.984
4.49784,1394.91,638.639,2033.55
4.50453,605.323,10.6681,615.991
4.51122,1300.55,571.661,1872.21
4.51793,656.183,41.9633,698.146
4.52464,1219.64,517.378,1737.02
4.53137,830.579,159.21,989.789
4.53811,1049.1,383.972,1433.07
4.54486,893.624,202.402,1096.03
4.55162,1062.76,379.047,1441.8
4.55839,845.219,187.548,1032.77
4.56517,1010.34,337.504,1347.84
4.57197,893.24,216.563,1109.8
4.57877,1049.03,357.798,1406.83
4.58559,828.041,179.676,1007.72
4.59241,1078.21,389.279,1467.49
4.59925,812.231,161.964,974.194
4.6061,1108.24,413.514,1521.75
4.61296,805.606,153.837,959.443
4.61983,1147,440.854,1587.85
4.62671,748.25,113.603,861.853
4.63361,1148.71,448.545,1597.25
4.64051,723.949,86.9526,810.901
4.64743,1209.23,486.924,1696.16
4.65435,676.33,59.0993,735.429
4.66129,1232.77,508.69,1741.46
4.66824,705.043,80.8655,785.909
4.6752,1162.61,458.213,1620.83
4.68217,772.554,127.146,899.7
4.68916,1119.52,418.384,1537.9
4.69615,828.593,178.215,1006.81
4.70316,1030.5,349.835,1380.33
4.71018,860.991,202.411,1063.4
4.71721,1016.29,334.659,1350.95
4.72425,878.117,212.958,1091.07
4.7313,984.59,314.09,1298.68
4.73836,891.333,224.015,1115.35
4.74544,985.404,306.147,1291.55
4.75252,880.308,209.507,1089.82
4.75962,1096.62,383.98,1480.6
4.76673,767.925,129.954,897.879
4.77385,1151.62,421.426,1573.04
4.78098,760.379,122.145,882.525
4.78813,1063.94,368.758,1432.69
4.79528,868.71,196.824,1065.53
4.80245,1021.8,334.496,1356.3
4.80963,772.306,139.354,911.659
4.81682,1249.31,501.199,1750.5
4.82402,550.927,-21.7835,529.144
4.83124,1298.09,558.853,1856.94
4.83846,699.625,78.4029,778.028
4.8457,1217.02,504.617,1721.64
4.85295,818.766,155.848,974.614
4.86021,1059.15,375.789,1434.94
4.86748,929.985,228.478,1158.46
4.87477,1077.76,372.417,1450.18
4.88206,782.919,154.072,936.991
4.88937,1121.85,401.137,1522.98
4.89669,779.752,139.552,919.304
4.90402,1089.17,376.914,1466.09
4.91137,841.8,180.581,1022.38
4.91872,1043.78,338.957,1382.74
4.92609,881.741,202.67,1084.41
4.93347,1016.4,322.152,1338.56
4.94086,879.992,206.385,1086.38
4.94827,1052.21,343.926,1396.13
4.95568,892.818,225.455,1118.27
4.96311,1010.43,315.108,1325.54
4.97055,922.688,250.76,1173.45
4.978,1016.06,313.889,1329.95
4.98547,897.739,226.115,1123.85
4.99294,1125.72,390.785,1516.51
5.00043,787.271,150.759,938.03
5.00793,1118.88,382.692,1501.57
5.01545,912.923,227.876,1140.8
5.02299,937.33,243.35,1180.68
5.03055,949.173,250.129,1199.3
5.03813,1094.25,368.6,1462.85
5.04572,791.841,143.238,935.079
5.05334,1133.03,419.422,1552.45
5.06097,929.945,224.255,1154.2
5.06862,843.405,221.313,1064.72
5.07629,1075.49,324.142,1399.63
5.08398,909.611,242.38,1151.99
5.09169,968.139,266.476,1234.62
5.09942,1012.83,311.286,1324.11
5.10717,933.555,237.457,1171.01
5.11494,1000.3,308.53,1308.83
5.12273,960.195,251.733,1211.93
5.13053,962.158,272.823,1234.98
5.13836,991.166,272.997,1264.16
5.14621,994.877,295.606,1290.48
5.15407,966.038,258.745,1224.78
5.16196,991.909,298.687,1290.6
5.16986,957.593,242.724,1200.32
5.17779,1115.62,373.815,1489.44
5.18573,881.26,186.146,1067.41
5.1937,1097.49,365.814,1463.31
5.20168,894.158,194.141,1088.3
5.20968,1110.84,376.744,1487.59
5.21771,832.177,145.021,977.198
5.22575,1164.25,427.981,1592.23
5.23382,778.907,125.095,904.001
5.2419,1083.77,386.301,1470.07
5.25001,902.266,209.166,1111.43
5.25813,885.47,244.291,1129.76
5.26628,1019.72,285.239,1304.95
5.27444,911.445,264.728,1176.17
5.28263,961.475,248.104,1209.58
5.29083,1022.22,337.908,1360.13
5.29906,902.667,198.622,1101.29
5.30731,1056.29,349.949,1406.24
5.31558,918.89,206.449,1125.34
5.32387,937.201,253.05,1190.25
5.33218,987.839,281.997,1269.84
5.34051,807.544,142.317,949.861
5.34886,986.088,278.67,1264.76
5.35723,1040.96,315.809,1356.77
5.36562,957.073,244.472,1201.55
5.37404,901.609,220.047,1121.66
5.38247,1006.92,279.807,1286.72
5.39093,961.489,239.38,1200.87
5.39941,937.054,239.191,1176.24
5.4079,1087.82,356.141,1443.96
5.41642,931.071,223.741,1154.81
5.42496,1064.5,320.364,1384.86
5.43353,967.195,253.764,1220.96
5.44211,1069.11,310.049,1379.16
5.45072,918.535,214.011,1132.55
5.45934,1126.06,369.868,1495.93
5.46799,935.942,210.849,1146.79
5.47666,1046.17,305.967,1352.13
5.48535,1000.18,266.681,1266.86
5.49407,879.786,192.643,1072.43
5.5028,1128.2,353.898,1482.1
5.51156,751.227,99.4857,850.713
5.52034,1185.91,395.561,1581.47
5.52914,841.295,156.543,997.838
5.53796,1058.83,323.957,1382.79
5.54681,925.541,208.464,1134.01
5.55567,1011.24,281.822,1293.06
5.56456,973.455,238.478,1211.93
5.57347,991.349,262.351,1253.7
5.58241,987.961,249.854,1237.81
5.59136,1030.88,293.85,1324.73
5.60034,815.255,131.802,947.057
5.60934,1146.07,368.149,1514.22
5.61837,848.499,163.199,1011.7
5.62741,986.755,270.587,1257.34
5.63648,1139.2,380.508,1519.71
5.64557,898.543,199.156,1097.7
5.65469,1024.11,301.201,1325.31
5.66382,909.084,206.209,1115.29
5.67298,1086.3,342.427,1428.73
5.68216,902.855,201.323,1104.18
5.69137,1071.46,329.534,1400.99
5.7006,920.184,214.969,1135.15
5.70985,1032.35,302.083,1334.43
5.71912,919.153,213.188,1132.34
5.72842,1009.68,290.903,1300.58
5.73774,952.089,232.287,1184.38
5.74709,988.716,292.65,1281.37
5.75646,1017.09,273.896,1290.98
5.76585,896.812,216.386,1113.2
5.77526,1100.71,342.717,1443.43
5.7847,820.212,145.768,965.98
5.79416,1121.6,366.148,1487.75
5.80365,874.478,179.932,1054.41
5.81316,1012.56,290.459,1303.02
5.82269,1000.74,272.451,1273.19
5.83225,971.806,251.714,1223.52
5.84183,893.661,198.673,1092.33
5.85143,1075.1,324.741,1399.84
5.86106,913.413,210.854,1124.27
5.87071,1074.27,324.523,1398.8
5.88039,855.722,176.785,1032.51
5.89009,1110.08,364.04,1474.12
5.89981,845.731,174.412,1020.14
5.90956,1084.44,343.816,1428.26
5.91934,929.04,223.7,1152.74
5.92914,1046.72,325.752,1372.47
5.93896,960.692,239.891,1200.58
5.94881,939.332,236.954,1176.29
5.95868,1156.46,398.66,1555.12
5.96858,926.058,221.241,1147.3
5.9785,963.291,255.277,1218.57
5.98844,1038.9,309.45,1348.35
5.99841,942.217,243.681,1185.9
6.00841,1025.65,300.86,1326.51
6.01843,964.022,261.572,1225.59
6.02848,1001.45,276.217,1277.67
6.03855,957.802,257.122,1214.92
6.04864,991.342,264.286,1255.63
6.05877,1013.35,287.528,1300.88
6.06891,956.37,238.261,1194.63
6.07909,1004.07,284.115,1288.19
6.08928,1006.4,271.098,1277.49
6.09951,928.649,225.298,1153.95
6.10976,1085.17,323.579,1408.75
6.12003,804.869,127.872,932.74
6.13033,1153.62,390.641,1544.26
6.14066,834.591,148.431,983.022
6.15101,1079.07,336.553,1415.62
6.16138,973.659,241.053,1214.71
6.17179,1033.78,290.613,1324.39
6.18222,906.209,204.054,1110.26
6.19267,1068.31,317.912,1386.22
6.20316,868.89,188.132,1057.02
6.21366,1122.65,357.278,1479.93
6.2242,779.338,127.258,906.596
6.23476,1176.5,399.609,1576.11
6.24534,751.544,112.681,864.225
6.25596,1153.66,397.228,1550.89
6.2666,780.102,136.425,916.527
6.27726,1150.84,394.946,1545.78
6.28796,870.83,203.678,1074.51
6.29868,1010.82,295.319,1306.14
6.30942,1054.62,351.113,1405.74
6.3202,999.084,289.471,1288.56
6.331,870.496,203.029,1073.53
6.34183,978.25,283.966,1262.22
6.35268,994.079,305.91,1299.99
6.36356,985.344,281.06,1266.4
6.37447,941.537,268.609,1210.15
6.38541,978.983,288.252,1267.23
6.39637,925.477,266.955,1192.43
6.40736,946.523,266.192,1212.72
6.41838,961.276,286.1,1247.38
6.42943,932.714,262.388,1195.1
6.4405,991.202,297.888,1289.09
6.4516,928.596,262.869,1191.46
6.46273,975.9,290.362,1266.26
6.47389,957.185,270.252,1227.44
6.48507,928.116,260.503,1188.62
6.49628,959.631,265.249,1224.88
6.50752,966.957,284.677,1251.63
6.51879,925.16,240.657,1165.82
6.53009,1007.22,303.359,1310.58
6.54142,944.122,254.945,1199.07
6.55277,948.908,278.374,1227.28
6.56415,981.398,278.438,1259.84
6.57556,987.254,286.24,1273.49
6.587,947.661,247.486,1195.15
6.59847,1046.72,315.691,1362.42
6.60996,961.409,246.007,1207.42
6.62149,1030.04,315.655,1345.7
6.63304,973.419,253.548,1226.97
6.64462,1004.71,296.383,1301.09
6.65624,1014.41,283.613,1298.02
6.66788,952.372,266.207,1218.58
6.67955,1064.68,320.055,1384.73
6.69125,933.579,246.422,1180
6.70297,1046.94,308.124,1355.06
6.71473,954.702,269.005,1223.71
6.72652,1013.46,284.832,1298.29
6.73833,932.811,244.927,1177.74
6.75018,1021.33,287.839,1309.17
6.76206,924.775,241.36,1166.13
6.77396,1023.17,299.783,1322.95
6.7859,927.703,239.628,1167.33
6.79786,1004.68,290.239,1294.92
6.80985,910.385,230.523,1140.91
6.82188,1049.7,315.803,1365.5
6.83393,798.829,154.836,953.665
6.84602,1113.19,358.188,1471.38
6.85813,871.954,206.903,1078.86
6.87028,1061.48,328.675,1390.15
6.88246,880.374,225.391,1105.76
6.89466,1061.18,329.703,1390.89
6.9069,880.851,223.824,1104.67
6.91917,1098.79,346.346,1445.14
6.93146,865.284,212.222,1077.51
6.94379,1028.36,306.77,1335.13
6.95615,1022.38,314.448,1336.83
6.96854,954.454,242.582,1197.04
6.98096,1039.04,333.058,1372.09
6.99342,947.291,239.381,1186.67
7.0059,1022.52,317.32,1339.84
7.01841,941.316,243.484,1184.8
7.03096,1037.09,323.972,1361.07
7.04354,924.095,243.858,1167.95
7.05615,1049.8,330.848,1380.65
7.06879,927.098,249.15,1176.25
7.08146,1040.48,326.387,1366.87
7.09416,884.454,215.775,1100.23
7.1069,1030.83,324.614,1355.44
7.11966,855.791,203.943,1059.73
7.13246,1057.54,341.583,1399.13
7.1453,842.854,177.604,1020.46
7.15816,1069.4,345.301,1414.71
7.17105,813.348,160.357,973.705
7.18398,1104.88,366.253,1471.13
7.19694,844.204,166.503,1010.71
7.20993,1081.8,354.206,1436.01
7.22296,864.636,191.019,1055.66
7.23602,1042.52,329.992,1372.51
7.24911,898.164,212.952,1111.12
7.26223,1019.82,322.864,1342.68
7.27538,920.846,230.79,1151.64
7.28857,1006.53,316.085,1322.61
7.30179,911.337,230.668,1142
7.31505,1022.09,328.923,1351.02
7.32834,906.933,227.854,1134.79
7.34166,1015.07,319.793,1334.86
7.35501,929.222,244.658,1173.88
7.3684,998.268,312.279,1310.55
7.38182,962.947,264.125,1227.07
7.39527,1014.97,313.777,1328.74
7.40876,948.735,252.342,1201.08
7.42228,1037.08,320.875,1357.96
7.43584,931.684,241.117,1172.8
7.44943,1037.08,321.01,1358.09
7.46305,878.123,217.614,1095.74
7.47671,1072.58,348.503,1421.09
7.4904,863.08,205.275,1068.35
7.50413,1058.46,339.379,1397.84
7.51789,856.305,197.446,1053.75
7.53168,1068.46,336.867,1405.33
7.54551,867.569,205.649,1073.22
7.55938,1047.27,339.256,1386.53
7.57328,904.127,216.074,1120.2
7.58721,1011.48,320.744,1332.23
7.60118,919.656,225.934,1145.59
7.61518,974.005,307.804,1281.81
7.62922,944.445,248.973,1193.42
7.64329,972.052,305.523,1277.58
7.6574,910.389,232.957,1143.35
7.67154,1040.61,345.635,1386.24
7.68572,863.046,206.897,1069.94
7.69993,1077.17,359.894,1437.06
7.71418,832.16,192.477,1024.64
7.72847,1072.75,358.963,1431.71
7.74279,838.578,204.189,1042.77
7.75715,1091.04,373.028,1464.07
7.77154,817.351,184.044,1001.39
7.78597,1121.73,391.635,1513.36
7.80044,788.354,173.799,962.153
7.81494,1137.95,398.367,1536.32
7.82947,788.835,172.09,960.925
7.84405,1134.82,397.433,1532.25
7.85866,769.735,165.316,935.051
7.8733,1138.38,391.575,1529.96
7.88799,753.024,158.606,911.63
7.90271,1144.14,398.487,1542.63
7.91746,745.869,163.815,909.684
7.93226,1144.03,396.609,1540.64
7.94709,758.432,172.133,930.565
7.96196,1131.53,386.768,1518.3
7.97686,780.383,186.422,966.805
7.9918,1093.09,367.01,1460.1
8.00678,806.044,190.054,996.098
8.0218,1100.24,371.726,1471.97
8.03685,795.007,189.802,984.809
8.05195,1108.38,372.728,1481.11
8.06708,805.732,200.783,1006.51
8.08224,1087.05,355.287,1442.33
8.09745,824.502,208.517,1033.02
8.11269,1081.07,348.468,1429.54
8.12797,820.431,213.367,1033.8
8.14329,1082.77,347.489,1430.26
8.15865,790.36,199.502,989.862
8.17405,1104.72,363.409,1468.13
8.18948,782.778,190.927,973.705
8.20496,1121.31,362.488,1483.8
8.22047,751.823,175.562,927.386
8.23602,1141.5,381.405,1522.91
8.25161,719.086,156.422,875.509
8.26724,1169.02,403.792,1572.81
8.28291,706.499,144.305,850.804
8.29862,1172.19,405.851,1578.04
8.31436,699.726,137.673,837.399
8.33015,1156.41,406.584,1562.99
8.34597,696.636,139.725,836.361
8.36184,1124.97,392.408,1517.38
8.37774,744.518,165.295,909.813
8.39369,1078.55,369.084,1447.64
8.40967,809.603,199.437,1009.04
8.4257,1031.28,337.223,1368.51
8.44176,852.015,220.235,1072.25
8.45786,1022.33,336.133,1358.47
8.47401,820.891,202.703,1023.59
8.4902,1041.34,351.71,1393.05
8.50642,839.081,214.549,1053.63
8.52269,1012.32,331.343,1343.66
8.53899,956.364,289.995,1246.36
8.55534,910.024,267.259,1177.28
8.57173,979.608,299.202,1278.81
8.58816,931.831,294.54,1226.37
8.60463,966.057,285.472,1251.53
8.62114,939.648,293.89,1233.54
8.63769,952.887,281.18,1234.07
8.65429,943.337,289.584,1232.92
8.67092,917.544,259.329,1176.87
8.6876,977.785,317.849,1295.63
8.70432,831.114,207.479,1038.59
8.72108,1004.21,340.15,1344.36
8.73788,836.894,205.949,1042.84
8.75473,1002.9,346.009,1348.91
8.75473,827.843,213.774,1041.62
8.77161,984.373,334.147,1318.52
8.78854,837.59,217.085,1054.68
8.80551,976.212,320.923,1297.14
8.82253,844.39,218.612,1063
8.83958,974.128,310.966,1285.09
8.85668,860.676,233.42,1094.1
8.87383,946.468,298.11,1244.58
8.89101,900.401,256.169,1156.57
8.90824,896.801,264.919,1161.72
8.92551,923.683,274.859,1198.54
8.94282,889.952,256.936,1146.89
8.96018,944.075,291.441,1235.52
8.97758,887.334,259.177,1146.51
8.99502,918.56,275.839,1194.4
9.01251,923.439,283.574,1207.01
9.03004,897.282,271.082,1168.36
9.04762,962.395,299.022,1261.42
9.06524,884.806,267.989,1152.79
9.0829,988.582,319.968,1308.55
9.10061,881.392,257.732,1139.12
9.11836,995.539,326.863,1322.4
9.13615,855.558,244.672,1100.23
9.15399,1011.22,333.162,1344.38
9.17188,830.606,228.161,1058.77
9.18981,1018.32,344.122,1362.44
9.20778,811.866,218.317,1030.18
9.2258,1012.12,338.823,1350.94
9.24387,811.719,210.625,1022.34
9.26198,1029.55,352.979,1382.52
9.28013,790.257,199.385,989.642
9.29833,1031.97,348.853,1380.82
9.31658,793.959,202.723,996.682
9.33487,1015.16,341.093,1356.25
9.35321,823.387,214.229,1037.62
9.37159,976.345,324.547,1300.89
9.39002,820.813,219.436,1040.25
9.40849,998.637,336.129,1334.77
9.42702,823.127,218.469,1041.6
9.44558,1012.93,335.818,1348.75
9.4642,820.858,218.267,1039.12
9.48286,1017.36,337.549,1354.91
9.50156,821.804,219.604,1041.41
9.52032,1023.21,342.663,1365.88
9.53912,838.146,229.826,1067.97
9.55797,1025.83,334.861,1360.69
9.57686,844.349,243.38,1087.73
9.5958,979.493,311.313,1290.81
9.61479,853.772,252.154,1105.93
9.63383,977.019,306.678,1283.7
9.65291,840.492,254.25,1094.74
9.67205,957.314,291.707,1249.02
9.69123,843.952,255.163,1099.11
9.71046,990.152,307.695,1297.85
9.72973,796.814,234,1030.81
9.74906,982.28,303.951,1286.23
9.76843,808.066,241.872,1049.94
9.78785,954.994,297.357,1252.35
9.80732,825.558,250.807,1076.37
9.82684,955.911,299.466,1255.38
9.8464,841.779,256.381,1098.16
9.86602,941.686,298.974,1240.66
9.88569,858.789,267.962,1126.75
9.9054,931.841,293.62,1225.46
9.92516,872.649,269.09,1141.74
9.94498,922.262,287.484,1209.75
9.96484,881.868,271.298,1153.17
9.98475,909.379,279.766,1189.14
10.0047,894.547,278.486,1173.03
10.0247,877.158,263.786,1140.94
10.0447,914.517,288.165,1202.68
10.0647,882.898,261.395,1144.29
10.0847,893.124,281.287,1174.41
10.1047,901.987,270.083,1172.07
10.1247,887.592,277.516,1165.11
10.1447,904.687,272.657,1177.34
10.1647,887.457,281.89,1169.35
10.1847,881.665,267.175,1148.84
10.2047,893.644,283.921,1177.56
10.2247,891.294,270.514,1161.81
10.2447,890.615,285.956,1176.57
10.2647,891.869,276.812,1168.68
10.2847,888.163,283.617,1171.78
10.3047,887.555,278.776,1166.33
10.3247,905.809,288.088,1193.9
10.3447,895.128,285.614,1180.74
10.3647,891.236,281.455,1172.69
10.3847,903.141,285.061,1188.2
10.4047,888.025,279.991,1168.02
10.4247,902.595,283.856,1186.45
10.4447,888.151,276.692,1164.84
10.4647,908.718,287.625,1196.34
10.4847,866.18,263.833,1130.01
10.5047,901.884,285.643,1187.53
10.5247,868.963,268.82,1137.78
10.5447,899.181,283.661,1182.84
10.5647,884.041,275.713,1159.75
10.5847,889.723,280.609,1170.33
10.6047,886.825,281.146,1167.97
10.6247,878.26,277.532,1155.79
10.6447,896.424,288.139,1184.56
10.6647,883.473,276.477,1159.95
10.6847,891.916,285.2,1177.12
10.7047,881.926,274.203,1156.13
10.7247,891.599,289.908,1181.51
10.7447,879.528,277.243,1156.77
10.7647,878.599,284.751,1163.35
10.7847,887.281,280.826,1168.11
10.8047,864.436,279.408,1143.84
10.8247,894.235,280.06,1174.29
10.8447,877.937,283.84,1161.78
10.8647,864.294,270.617,1134.91
10.8847,878.411,286.241,1164.65
10.9047,883.189,274.462,1157.65
10.9247,871.887,282.272,1154.16
10.9447,882.347,276.617,1158.96
10.9647,875.876,282.842,1158.72
10.9847,884.885,279.833,1164.72
11.0047,875.373,282.293,1157.67
11.0247,901.539,282.978,1184.52
11.0447,857.446,277.206,1134.65
11.0647,901.686,284.919,1186.6
11.0847,841.331,266.019,1107.35
11.1047,909.402,296.991,1206.39
11.1247,845.388,267.324,1112.71
11.1447,907.71,293.352,1201.06
11.1647,840.104,263.566,1103.67
11.1847,909.986,293.581,1203.57
11.2047,838.579,260.163,1098.74
11.2247,921.21,299.17,1220.38
11.2447,845.694,266.943,1112.64
11.2647,916.028,298.601,1214.63
11.2847,846.497,267.535,1114.03
11.3047,902.755,296.428,1199.18
11.3247,861.321,274.301,1135.62
11.3447,883.991,281.402,1165.39
11.3647,875.138,280.903,1156.04
11.3847,878.449,278.742,1157.19
11.4047,863.128,275.647,1138.78
11.4247,886.635,279.795,1166.43
11.4447,863.481,279.603,1143.08
11.4647,870.447,271.807,1142.25
11.4847,865.177,279.04,1144.22
11.5047,860.607,273.091,1133.7
11.5247,866.653,281.916,1148.57
11.5447,866.154,266.959,1133.11
11.5647,861.425,278.189,1139.61
11.5847,866.214,270.43,1136.64
11.6047,855.122,279.019,1134.14
11.6247,882.254,282.716,1164.97
11.6447,848.769,277.223,1125.99
11.6647,862.399,272.959,1135.36
11.6847,853.466,280.781,1134.25
11.7047,869.97,279.967,1149.94
11.7247,855.427,282.18,1137.61
11.7447,873.457,278.906,1152.36
11.7647,863.178,283,1146.18
11.7847,851.315,274.713,1126.03
11.8047,873.181,285.787,1158.97
11.8247,860.999,278.91,1139.91
11.8447,863.526,284.313,1147.84
11.8647,859.889,277.289,1137.18
11.8847,842.063,271.302,1113.36
11.9047,863.966,281.654,1145.62
11.9247,845.333,273.848,1119.18
11.9447,863.627,283.874,1147.5
11.9647,840.121,266.897,1107.02
11.9847,876.75,288.67,1165.42
12.0047,811.856,254.117,1065.97
12.0247,889.996,300.157,1190.15
12.0447,797.653,242.459,1040.11
12.0647,887.257,298.732,1185.99
12.0847,800.661,242.102,1042.76
12.1047,890.2,296.112,1186.31
12.1247,803.106,248.737,1051.84
12.1447,864.916,288.344,1153.26
12.1647,821.339,260.421,1081.76
12.1847,858.903,281.529,1140.43
12.2047,820.511,259.234,1079.74
12.2247,869.018,285.688,1154.71
12.2447,811.255,256.598,1067.85
12.2647,870.17,286.151,1156.32
12.2847,812.926,265.241,1078.17
12.3047,870.952,285.169,1156.12
12.3247,812.419,263.678,1076.1
12.3447,888.101,293.646,1181.75
12.3647,800.737,259.512,1060.25
12.3847,869.417,291.622,1161.04
12.4047,809.477,258.98,1068.46
12.4247,884.549,298.469,1183.02
12.4447,794.187,252.247,1046.43
12.4647,892.181,300.812,1192.99
12.4847,783.999,249.914,1033.91
12.5047,891.873,298.029,1189.9
12.5247,779.808,248.121,1027.93
12.5447,902.839,302.279,1205.12
12.5647,765.102,243.872,1008.97
12.5847,900.56,301.841,1202.4
12.6047,754.642,238.111,992.752
12.6247,902.912,301.549,1204.46
12.6447,773.609,245.198,1018.81
12.6647,900.994,305.02,1206.01
12.6847,772.975,246.549,1019.52
12.7047,891.595,306.89,1198.48
12.7247,774.949,246.712,1021.66
12.7447,866.885,293.157,1160.04
12.7647,789.66,254.716,1044.38
12.7847,878.218,297.556,1175.77
12.8047,776.249,247.184,1023.43
12.8247,890.839,300.286,1191.12
12.8447,775.552,247.009,1022.56
12.8647,870.157,293.916,1164.07
12.8847,789.205,253.504,1042.71
12.9047,860.564,285.991,1146.55
12.9247,792.202,256.972,1049.17
12.9447,860.608,289.726,1150.33
12.9647,770.984,245.738,1016.72
12.9847,891.839,301.425,1193.26
13.0047,770.874,246.156,1017.03
13.0247,890.616,302.843,1193.46
13.0447,760.281,241.48,1001.76
13.0647,877.351,298.919,1176.27
13.0847,765.128,241.911,1007.04
13.1047,871.63,296.157,1167.79
13.1247,770.766,250.01,1020.78
13.1447,880.747,299.085,1179.83
13.1647,765.931,244.942,1010.87
13.1847,880.774,300.329,1181.1
13.2047,765.377,248.854,1014.23
13.2247,872.6,296.154,1168.75
13.2447,759.262,248.565,1007.83
13.2647,882.336,298.496,1180.83
13.2847,759.679,244.463,1004.14
13.3047,888.28,305.352,1193.63
13.3247,751.73,245.362,997.092
13.3447,877.82,300.679,1178.5
13.3647,753.211,239.584,992.795
13.3847,870.026,301.356,1171.38
13.4047,756.415,243.24,999.655
13.4247,865.186,300.334,1165.52
13.4447,757.005,244.728,1001.73
13.4647,864.026,298.37,1162.4
13.4847,741.908,237.871,979.779
13.5047,872.446,301.832,1174.28
13.5247,740.441,240.576,981.018
13.5447,878.065,305.451,1183.52
13.5647,740.407,240.315,980.722
13.5847,881.634,309.785,1191.42
13.6047,738.23,236.492,974.722
13.6247,879.701,307.964,1187.66
13.6447,736.224,233.707,969.931
13.6647,867.883,307.322,1175.21
13.6847,743.524,238.253,981.778
13.7047,854.069,306.095,1160.16
13.7247,751.767,240.447,992.214
13.7447,854.81,303.019,1157.83
13.7647,750.365,238.966,989.331
13.7847,849.886,300.068,1149.95
13.8047,755.656,242.348,998.004
13.8247,844.122,297.505,1141.63
13.8447,754.561,239.837,994.398
13.8647,850.881,296.676,1147.56
13.8847,753.472,240.012,993.484
13.9047,850.44,302.159,1152.6
13.9247,745.03,238.882,983.912
13.9447,846.084,302.495,1148.58
13.9647,740.19,234.172,974.363
13.9847,850.528,301.101,1151.63
14.0047,735.567,232.417,967.985
14.0247,853.658,303.137,1156.8
14.0447,734.737,231.37,966.107
14.0647,859.226,304.574,1163.8
14.0847,727.881,230.04,957.921
14.1047,871.098,310.476,1181.57
14.1247,705.969,218.468,924.436
14.1447,875.409,315.552,1190.96
14.1647,700.943,222.755,923.698
14.1847,885.719,317.591,1203.31
14.2047,713.977,223.084,937.062
14.2247,870.616,310.948,1181.56
14.2447,702.131,221.47,923.6
14.2647,873.459,312.498,1185.96
14.2847,712.084,225.91,937.994
14.3047,865.658,309.46,1175.12
14.3247,701.74,221.128,922.868
14.3447,875.193,312.28,1187.47
14.3647,696.196,226.689,922.886
14.3847,885.278,311.593,1196.87
14.4047,695.373,227.023,922.396
14.4247,865.028,305.857,1170.88
14.4447,697.606,232.026,929.632
14.4647,875.246,308.97,1184.22
14.4847,708.446,231.461,939.906
14.5047,881.901,310.828,1192.73
14.5247,686.968,224.301,911.269
14.5447,874.476,308.47,1182.95
14.5647,698.3,230.058,928.358
14.5847,855.268,298.086,1153.35
14.6047,712.884,236.34,949.224
14.6247,844.225,294.05,1138.28
14.6447,712.066,238.911,950.977
14.6647,847.346,291.195,1138.54
14.6847,715.269,240.644,955.912
14.7047,838.605,287.044,1125.65
14.7247,723.709,245.503,969.212
14.7447,833.622,285.35,1118.97
14.7647,730.315,249.792,980.107
14.7847,818.65,279.331,1097.98
14.8047,732.644,255.173,987.818
14.8247,809.352,275.824,1085.18
14.8447,739.002,255.654,994.656
14.8647,803.706,277.552,1081.26
14.8847,736.866,252.376,989.242
14.9047,813.066,275.066,1088.13
14.9247,725.835,249.826,975.661
14.9447,820.384,284.634,1105.02
14.9647,721.193,244.309,965.502
14.9847,827.246,286.147,1113.39
15.0047,712.541,240.982,953.522
15.0247,833.472,295.864,1129.34
15.0447,697.594,236.015,933.609
15.0647,831.912,294.731,1126.64
15.0847,696.129,233.937,930.066
15.1047,824.682,296.767,1121.45
15.1247,701.506,231.955,933.461
15.1447,835.619,297.935,1133.55
15.1647,704.223,239.032,943.254
15.1847,820.19,294.867,1115.06
15.2047,715.011,240.019,955.03
15.2247,816.638,289.595,1106.23
15.2447,715.798,243.711,959.509
15.2647,812.036,293.155,1105.19
15.2847,724.736,246.275,971.011
15.3047,797.966,286.623,1084.59
15.3247,718.842,247.177,966.018
15.3447,798.475,283.434,1081.91
15.3647,722.032,246.835,968.866
15.3847,801.652,285.387,1087.04
15.4047,715.984,242.886,958.87
15.4247,782.224,279.503,1061.73
15.4447,730.066,252.945,983.011
15.4647,791.847,276.036,1067.88
15.4847,724.352,250.432,974.784
15.5047,790.996,282.54,1073.54
15.5247,719.227,250.837,970.064
15.5447,786.609,278.794,1065.4
15.5647,724.476,249.884,974.36
15.5847,789.708,280.614,1070.32
15.6047,712.165,247.235,959.401
15.6247,801.049,283.949,1085
15.6447,716.427,245.832,962.259
15.6647,789.19,283.153,1072.34
15.6847,710.8,243.459,954.259
15.7047,786.184,285.206,1071.39
15.7247,709.491,242.027,951.518
15.7447,792.055,286.069,1078.12
15.7647,696.866,236.915,933.781
15.7847,803.604,292.961,1096.57
15.8047,681.094,230.36,911.454
15.8247,801.347,290.266,1091.61
15.8447,695.727,235.86,931.587
15.8647,797.882,290.446,1088.33
15.8847,697.332,235.821,933.153
15.9047,805.128,287.704,1092.83
15.9247,687.643,234.55,922.193
15.9447,797.41,289.203,1086.61
15.9647,696.54,237.296,933.836
15.9847,798.632,289.781,1088.41
16.0047,686.866,230.506,917.372
16.0247,800.942,291.202,1092.14
16.0447,691.552,237.205,928.756
16.0647,801.953,289.83,1091.78
16.0847,681.174,233.328,914.502
16.1047,796.713,286.633,1083.35
16.1247,674.305,228.927,903.232
16.1447,793.253,287.214,1080.47
16.1647,679.877,229.978,909.855
16.1847,787.812,285.766,1073.58
16.2047,685.202,237.189,922.39
16.2247,774.675,278.154,1052.83
16.2447,693.726,242.41,936.135
16.2647,766.068,277.02,1043.09
16.2847,691.519,242.561,934.08
16.3047,783.887,277.053,1060.94
16.3247,686.885,241.957,928.842
16.3447,780.108,277.31,1057.42
16.3647,687.605,243.187,930.792
16.3847,768.095,273.068,1041.16
16.4047,700.093,247.371,947.463
16.4247,767.833,276.264,1044.1
16.4447,682.387,242.062,924.449
16.4647,763.45,271.059,1034.51
16.4847,693.196,248.529,941.725
16.5047,752.831,270.805,1023.64
16.5247,697.188,247.28,944.468
16.5447,755.026,272.984,1028.01
16.5647,690.261,240.831,931.092
16.5847,747.395,270.812,1018.21
16.6047,702.812,247.426,950.238
16.6247,746.55,267.609,1014.16
16.6447,696.01,246.822,942.832
16.6647,748.779,272.247,1021.03
16.6847,686.845,242.214,929.059
16.7047,755.865,273.552,1029.42
16.7247,691.956,245.1,937.056
16.7447,750.771,273.37,1024.14
16.7647,684.971,242.579,927.55
16.7847,753.35,276.466,1029.82
16.8047,676.642,241.418,918.06
16.8247,756.901,275.684,1032.59
16.8447,685.585,243.229,928.814
16.8647,743.119,268.295,1011.41
16.8847,688.475,243.654,932.129
16.9047,748.442,270.844,1019.29
16.9247,676.539,238.798,915.336
16.9447,748.665,274.178,1022.84
16.9647,677.141,237.89,915.031
16.9847,754.278,277.328,1031.61
17.0047,672.186,239.336,911.523
17.0247,755.203,275.476,1030.68
17.0447,668.249,235.246,903.496
17.0647,751.86,277.16,1029.02
17.0847,657.726,231.408,889.135
17.1047,753.342,277.104,1030.45
17.1247,657.732,234.306,892.039
17.1447,759.717,283.101,1042.82
17.1647,659.995,231.752,891.747
17.1847,753.082,277.06,1030.14
17.2047,663.675,232.822,896.497
17.2247,758.387,284.742,1043.13
17.2447,653.841,229.489,883.33
17.2647,751.516,282.325,1033.84
17.2847,644.397,223.185,867.582
17.3047,748.168,277.985,1026.15
17.3247,659.32,231.23,890.55
17.3447,749.807,280.391,1030.2
17.3647,655.645,229.701,885.345
17.3847,754.285,285.364,1039.65
17.4047,649.978,225.713,875.69
17.4247,753.913,281.565,1035.48
17.4447,643.196,224.387,867.583
17.4647,755.197,285.812,1041.01
17.4847,640.813,222.95,863.763
17.5047,760.146,283.291,1043.44
17.5247,635.433,223.762,859.194
17.5447,753.976,283.95,1037.93
17.5647,638.144,223.099,861.243
17.5847,750.387,285.344,1035.73
17.6047,644.204,226.583,870.787
17.6247,741.933,282.933,1024.87
17.6447,642.444,225.551,867.995
17.6647,749.525,286.801,1036.33
17.6847,647.304,228.28,875.584
17.7047,747.957,279.368,1027.32
17.7247,642.56,226.31,868.869
17.7447,736.463,279.029,1015.49
17.7647,641.823,229.64,871.463
17.7847,726.76,273.384,1000.14
17.8047,644.642,227.776,872.418
17.8247,741.687,279.422,1021.11
17.8447,633.892,226.302,860.193
17.8647,741.945,281.788,1023.73
17.8847,630.399,224.216,854.614
17.9047,753.516,281.636,1035.15
17.9247,621.743,223.761,845.504
17.9447,752.404,279.411,1031.81
17.9647,614.441,219.853,834.294
17.9847,752.544,281.998,1034.54
18.0047,620.203,223.298,843.501
18.0247,737.364,276.629,1013.99
18.0447,623.074,224.587,847.661
18.0647,746.646,280.855,1027.5
18.0847,619.602,224.874,844.475
18.1047,746.046,278.176,1024.22
18.1247,615.145,221.894,837.04
18.1447,741.558,278.539,1020.1
18.1647,619.07,226.624,845.694
18.1847,745.799,282.015,1027.81
18.2047,616.378,222.147,838.526
18.2247,731.907,272.5,1004.41
18.2447,620.505,230.413,850.919
18.2647,736.911,277.251,1014.16
18.2847,618.126,226.4,844.525
18.3047,736.685,274.132,1010.82
18.3247,617.471,225.017,842.488
18.3447,737.542,275.049,1012.59
18.3647,620.055,229.858,849.913
18.3847,732.208,272.07,1004.28
18.4047,610.466,226.361,836.827
18.4247,729.669,271.376,1001.04
18.4447,615.144,224.67,839.814
18.4647,733.254,276.961,1010.22
18.4847,612.167,227.718,839.885
18.5047,731.849,275.546,1007.39
18.5247,620.325,226.289,846.614
18.5447,714.63,269.078,983.708
18.5647,616.413,228.342,844.755
18.5847,717.06,268.863,985.923
18.6047,620.326,229.864,850.19
18.6247,707.692,268.114,975.806
18.6447,627.845,233.89,861.735
18.6647,720.695,272.291,992.985
18.6847,617.123,228.065,845.187
18.7047,716.223,272.73,988.952
18.7247,625.385,229.622,855.007
18.7447,698.927,264.445,963.372
18.7647,622.49,236.455,858.945
18.7847,708.273,267.581,975.855
18.8047,621.45,229.277,850.727
18.8247,706.117,264.685,970.802
18.8447,617.314,230.345,847.659
18.8647,701.047,267.894,968.941
18.8847,628.277,234.422,862.699
18.9047,693.163,261.919,955.082
18.9247,628.492,233.01,861.502
18.9447,696.695,261.997,958.692
18.9647,628.025,233.329,861.354
18.9847,694.019,264.895,958.914
19.0047,617.057,233.461,850.518
19.0247,702.4,269.731,972.131
19.0447,618.134,228.32,846.454
19.0647,696.254,270.675,966.929
19.0847,611.192,228.459,839.65
19.1047,687.542,264.339,951.881
19.1247,616.923,228.656,845.579
19.1447,688.566,263.293,951.859
19.1647,617.914,228.755,846.669
19.1847,680.967,262.444,943.411
19.2047,619.705,231.101,850.806
19.2247,687.48,264.865,952.345
19.2447,610.795,229.137,839.932
19.2647,690.828,266.286,957.113
19.2847,615.291,230.933,846.224
19.3047,685.276,266.566,951.842
19.3247,614.04,229.414,843.454
19.3447,682.367,262.554,944.921
19.3647,609.732,229.169,838.901
19.3847,680.734,266.49,947.224
19.4047,615.017,230.126,845.143
19.4247,680.662,261.608,942.27
19.4447,622.918,233.156,856.075
19.4647,669.183,260.203,929.386
19.4847,618.998,232.094,851.093
19.5047,663.452,254.201,917.653
19.5247,619.657,235.199,854.856
19.5447,665.5,256.656,922.156
19.5647,613.007,228.047,841.054
19.5847,672.328,258.842,931.171
19.6047,613.054,229.208,842.262
19.6247,676.842,256.95,933.792
19.6447,613.03,231.461,844.491
19.6647,673.658,261.64,935.298
19.6847,609.198,231.449,840.647
19.7047,675.393,261.578,936.971
19.7247,617.265,232.316,849.581
19.7447,660.415,257.26,917.676
19.7647,611.462,232.765,844.227
19.7847,662.378,255.605,917.983
19.8047,616.27,232.724,848.994
19.8247,663.235,260.631,923.866
19.8447,606.559,228.392,834.951
19.8647,655.476,254.869,910.344
19.8847,610.641,230.104,840.745
19.9047,652.603,251.969,904.572
19.9247,612.839,232.941,845.78
19.9447,663.191,258.282,921.474
19.9647,609.659,229.491,839.149
19.9847,660.502,254.928,915.43
20.0047,611.091,231.637,842.728
20.0247,647.036,255.98,903.016
20.0447,609.544,230.918,840.462
20.0647,654.327,260.339,914.666
20.0847,603.774,229.844,833.619
20.1047,653.644,256.342,909.987
20.1247,604.767,231.482,836.249
20.1447,649.905,255.543,905.448
20.1647,605.453,229.665,835.118
20.1847,665.367,262.104,927.471
20.2047,596.803,227.827,824.63
20.2247,648.137,256.839,904.976
20.2447,605.768,230.835,836.602
20.2647,648.725,254.28,903.006
20.2847,599.856,226.384,826.239
20.3047,651.572,256.323,907.894
20.3247,593.511,226.089,819.6
20.3447,649.542,259.353,908.895
20.3647,596.114,226.193,822.307
20.3847,645.101,256.344,901.445
20.4047,597.15,229.438,826.588
20.4247,638.6,255.918,894.518
20.4447,599.611,229.494,829.105
20.4647,641.193,255.4,896.593
20.4847,598.926,228.913,827.838
20.5047,637.185,255.102,892.288
20.5247,598.79,231.369,830.159
20.5447,634.556,249.971,884.527
20.5647,594.646,228.451,823.097
20.5847,644.45,254.549,898.998
20.6047,591.131,226.57,817.702
20.6247,637.279,255.669,892.948
20.6447,593.459,228.399,821.858
20.6647,646.962,258.95,905.912
20.6847,592.717,228.637,821.354
20.7047,631.499,253.643,885.142
20.7247,591.097,228.381,819.478
20.7447,639.072,253.392,892.465
20.7647,584.132,224.907,809.039
20.7847,631.782,251.53,883.312
20.8047,583.063,228.154,811.218
20.8247,635.979,251.142,887.121
20.8447,585.942,228.229,814.171
20.8647,630.258,248.439,878.697
20.8847,584.689,227.786,812.475
20.9047,636.778,252.338,889.117
20.9247,585.097,229.278,814.375
20.9447,628.377,247.41,875.787
20.9647,582.239,229.3,811.539
20.9847,631.85,249.411,881.261
21.0047,575.935,230.764,806.699
21.0247,635.008,250.056,885.063
21.0447,585.872,233.283,819.155
21.0647,625.655,247.08,872.735
21.0847,584.875,232.098,816.973
21.1047,630.173,248.242,878.416
21.1247,574.594,228.424,803.018
21.1447,625.752,246.948,872.7
21.1647,578.462,229.975,808.437
21.1847,622.397,245.107,867.505
21.2047,586.748,234.884,821.632
21.2247,617.636,244.859,862.495
21.2447,575.245,227.098,802.343
21.2647,613.161,238.357,851.518
21.2847,578.337,231.762,810.1
21.3047,613.914,242.488,856.402
21.3247,578.065,232.3,810.365
21.3447,615.957,243.921,859.877
21.3647,582.379,234.13,816.509
21.3847,610.462,241.411,851.873
21.4047,579.76,234.142,813.902
21.4247,609.039,241.568,850.606
21.4447,578.433,233.314,811.748
21.4647,610.576,241.447,852.023
21.4847,584.826,234.748,819.575
21.5047,610.986,240.417,851.404
21.5247,575.983,233.378,809.361
21.5447,610.736,239.989,850.725
21.5647,580.304,234.237,814.541
21.5847,607.254,241.346,848.6
21.6047,569.58,230.879,800.46
21.6247,603.328,240.686,844.015
21.6447,571.697,227.756,799.453
21.6647,611.118,241.862,852.98
21.6847,568.591,228.719,797.31
21.7047,603.87,243.13,847
21.7247,566.934,230.057,796.991
21.7447,613.038,243.645,856.684
21.7647,573.808,230.788,804.596
21.7847,595.759,237.748,833.507
21.8047,572.736,231.922,804.658
21.8247,598.251,238.609,836.86
21.8447,571.724,229.777,801.501
21.8647,600.614,239.74,840.354
21.8847,575.73,233.42,809.15
21.9047,595.81,240.104,835.914
21.9247,570.625,232.62,803.245
21.9447,593.409,238.318,831.727
21.9647,570.611,232.438,803.049
21.9847,589.402,237.708,827.109
22.0047,566.782,229.461,796.243
22.0247,597.931,237.931,835.861
22.0447,570.067,233.411,803.478
22.0647,577.719,232.744,810.463
22.0847,582.387,234.382,816.768
22.1047,581.811,233.668,815.479
22.1247,578.061,232.324,810.384
22.1447,582.703,237.172,819.874
22.1647,575.57,231.097,806.667
22.1847,579.512,234.469,813.981
22.2047,571.473,229.809,801.282
22.2247,587.837,238.066,825.903
22.2447,576.804,230.837,807.641
22.2647,581.138,232.006,813.145
22.2847,565.223,227.775,792.998
22.3047,585.975,239.539,825.515
22.3247,564.872,226.745,791.617
22.3447,578.458,234.237,812.695
22.3647,565.056,229.795,794.851
22.3847,584.927,236.019,820.945
22.4047,569.84,230.614,800.453
22.4247,573.695,234.214,807.909
22.4447,574.475,230.578,805.053
22.4647,572.637,232.865,805.503
22.4847,567.434,229.767,797.201
22.5047,572.904,233.936,806.84
22.5247,566.863,229.933,796.796
22.5447,561.46,230.158,791.618
22.5647,569.513,230.365,799.878
22.5847,573.382,234.851,808.233
22.6047,569.343,230.715,800.058
22.6247,566.22,236.38,802.599
22.6447,565.191,228.721,793.912
22.6647,564.165,229.48,793.645
22.6847,572.872,233.208,806.08
22.7047,555.965,230.3,786.264
22.7247,572.964,233.534,806.498
22.7447,563.457,231.81,795.266
22.7647,557.553,228.33,785.883
22.7847,567.429,230.105,797.533
22.8047,564.109,229.413,793.522
22.8247,557.241,228.701,785.943
22.8447,572.629,233.832,806.461
22.8647,552.462,230.409,782.871
22.8847,569.07,233.597,802.668
22.9047,562.871,230.444,793.315
22.9247,558.648,227.275,785.923
22.9447,559.585,230.963,790.547
22.9647,562.59,233.733,796.323
22.9847,552.776,229.889,782.665
23.0047,565.453,229.75,795.203
23.0247,560.184,231.943,792.127
23.0447,557.518,229.356,786.874
23.0647,560.228,228.336,788.564
23.0847,559.401,228.814,788.215
23.1047,552.338,230.149,782.487
23.1247,552.543,229.867,782.41
23.1447,552.188,230.699,782.887
23.1647,555.984,232.208,788.192
23.1847,555.043,228.947,783.991
23.2047,557.505,231.933,789.438
23.2247,556.084,232.378,788.462
23.2447,548.904,227.174,776.078
23.2647,558.572,230.913,789.485
23.2847,549.666,230.394,780.06
23.3047,549.62,228.349,777.969
23.3247,552.112,230.676,782.788
23.3447,560.286,233.077,793.364
23.3647,542.907,223.519,766.426
23.3847,549.586,225.253,774.839
23.4047,548.703,228.937,777.64
23.4247,552.808,230.833,783.641
23.4447,546.369,229.285,775.654
23.4647,561.047,231.13,792.176
23.4847,533.392,225.022,758.414
23.5047,559.216,233.946,793.162
23.5247,535.199,223.281,758.48
23.5447,562.735,232.251,794.986
23.5647,530.87,221.908,752.778
23.5847,556.732,230.831,787.562
23.6047,533.466,226.323,759.79
23.6247,551.958,232.196,784.154
23.6447,537.304,227.014,764.319
23.6647,550.241,229.517,779.758
23.6847,540.558,231.286,771.844
23.7047,542.106,225.635,767.74
23.7247,549.002,228.966,777.968
23.7447,541.94,228.284,770.223
23.7647,542.619,229.263,771.882
23.7847,539.994,229.313,769.307
23.8047,536.144,226.975,763.119
23.8247,542.072,226.518,768.59
23.8447,546.395,231.433,777.827
23.8647,530.522,221.611,752.133
23.8847,539.448,229.526,768.974
23.9047,539.172,227.291,766.464
23.9247,538.061,228.331,766.392
23.9447,535.199,224.975,760.174
23.9647,531.254,227.277,758.531
23.9847,538.551,227.235,765.786
24.0047,538.273,229.39,767.663
24.0247,535.375,226.945,762.319
24.0447,535.836,229.413,765.249
24.0647,536.882,226.269,763.15
24.0847,532.172,224.931,757.104
24.1047,538.271,224.806,763.077
24.1247,533.999,227.964,761.962
24.1447,529.196,224.102,753.298
24.1647,535.169,231.453,766.623
24.1847,528.864,227.123,755.987
24.2047,536.247,230.894,767.141
24.2247,520.995,221.673,742.667
24.2447,528.016,227.396,755.412
24.2647,526.272,228.699,754.971
24.2847,542.92,228.847,771.767
24.3047,525.816,222.652,748.467
24.3247,540.941,230.288,771.228
24.3447,519.075,220.668,739.743
24.3647,539.496,232.411,771.906
24.3847,513.81,216.851,730.66
24.4047,536.204,232.752,768.957
24.4247,514.45,218.212,732.662
24.4447,540.338,230.486,770.824
24.4647,517.145,220.879,738.024
24.4847,537.484,233.855,771.34
24.5047,508.048,215.053,723.101
24.5247,534.971,230.281,765.252
24.5447,512.893,220.562,733.456
24.5647,541.294,230.453,771.746
24.5847,511.057,218.692,729.749
24.6047,539.285,230.201,769.486
24.6247,512.489,220.27,732.759
24.6447,539.702,233.608,773.31
24.6647,511.057,220.924,731.982
24.6847,529.265,225.629,754.894
24.7047,510.298,220.934,731.232
24.7247,529.777,226.701,756.478
24.7447,513.667,220.77,734.436
24.7647,526.442,227.132,753.574
24.7847,516.421,220.106,736.526
24.8047,531.013,224.751,755.764
24.8247,511.105,220.319,731.424
24.8447,525.581,225.268,750.848
24.8647,511.68,223.357,735.037
24.8847,527.463,227.917,755.38
24.9047,507.031,220.654,727.685
24.9247,537.338,228.642,765.979
24.9447,498.963,220.221,719.185
24.9647,530.826,227.449,758.275
24.9847,507.892,219.721,727.613
25.0047,523.024,225.227,748.251
25.0247,507.98,219.71,727.69
25.0447,524.647,227.388,752.036
25.0647,504.008,218.951,722.959
25.0847,524.202,227.755,751.958
25.1047,504.103,219.066,723.169
25.1247,519.887,227.699,747.586
25.1447,509.648,222.896,732.544
25.1647,522.095,224.598,746.693
25.1847,503.588,220.378,723.966
25.2047,522.716,227.91,750.625
25.2247,507.593,216.256,723.849
25.2447,513.06,221.569,734.629
25.2647,508.51,224.488,732.998
25.2847,507.503,220.46,727.963
25.3047,518.006,225.417,743.424
25.3247,506.365,222.201,728.566
25.3447,506.771,219.375,726.146
25.3647,504.202,222.618,726.821
25.3847,514.918,220.474,735.391
25.4047,508.417,223.424,731.84
25.4247,506.752,223.836,730.588
25.4447,500.816,221.239,722.055
25.4647,508.727,221.965,730.692
25.4847,496.804,220.603,717.406
25.5047,513.885,223.575,737.459
25.5247,502.942,220.414,723.356
25.5447,506.347,220.788,727.135
25.5647,503.251,220.51,723.76
25.5847,504.135,224.168,728.303
25.6047,500.872,222.082,722.953
25.6247,509.084,224.932,734.016
25.6447,499.605,218.487,718.091
25.6647,503.626,221.007,724.633
25.6847,504.291,220.181,724.472
25.7047,505.158,220.073,725.231
25.7247,496.015,221.506,717.521
25.7447,509.597,222.514,732.112
25.7647,496.204,219.328,715.532
25.7847,498.88,218.361,717.241
25.8047,502.323,221.153,723.477
25.8247,499.447,223.353,722.8
25.8447,495.959,217.35,713.308
25.8647,505.322,222.259,727.582
25.8847,488.646,216.243,704.889
25.9047,503.086,219.957,723.043
25.9247,491.509,220.605,712.114
25.9447,501.839,223.098,724.937
25.9647,487.993,219.119,707.113
25.9847,502.75,218.002,720.752
26.0047,494.513,221.705,716.218
26.0247,506.78,219.933,726.713
26.0447,491.698,217.426,709.124
26.0647,490.967,218.492,709.459
26.0847,492.314,221.013,713.327
26.1047,493.592,217.678,711.27
26.1247,488.465,219.708,708.173
26.1447,499.647,221.522,721.17
26.1647,487.392,216.786,704.178
26.1847,500.333,220.436,720.768
26.2047,487.697,219.888,707.585
26.2247,500.859,219.443,720.302
26.2447,485.288,215.733,701.022
26.2647,498.37,219.611,717.98
26.2847,487.206,220.074,707.28
26.3047,492.229,217.613,709.842
26.3247,484.939,215.382,700.321
26.3447,495.544,220.437,715.982
26.3647,486.627,215.688,702.315
26.3847,489.709,221.22,710.929
26.4047,482.743,218.19,700.933
26.4247,491.459,219.84,711.3
26.4447,482.422,218.892,701.313
26.4647,492.13,220.488,712.618
26.4847,486.773,217.105,703.878
26.5047,492.573,221.544,714.117
26.5247,481.212,217.949,699.161
26.5447,488.756,218.974,707.73
26.5647,477.791,215.266,693.057
26.5847,494.452,218.885,713.338
26.6047,479.826,214.518,694.344
26.6247,483.423,216.478,699.901
26.6447,485.001,216.156,701.157
26.6647,491.477,216.456,707.933
26.6847,479.866,217.345,697.21
26.7047,480.395,215.78,696.175
26.7247,473.36,213.552,686.912
26.7447,489.595,221.189,710.784
26.7647,472.647,215.458,688.105
26.7847,489.025,220.197,709.222
26.8047,483.525,217.66,701.185
26.8247,486.923,219.387,706.311
26.8447,472.24,216.331,688.57
26.8647,485.753,218.657,704.409
26.8847,477.696,215.651,693.347
26.9047,487.122,219.78,706.902
26.9247,470.478,213.793,684.271
26.9447,482.318,214.244,696.561
26.9647,471.515,213.358,684.873
26.9847,487.639,218.673,706.313
27.0047,472.622,211.32,683.942
27.0247,481.119,215.955,697.073
27.0447,478.845,218.24,697.085
27.0647,475.64,216.721,692.361
27.0847,469.353,213.608,682.96
27.1047,477.002,217.79,694.792
27.1247,477.676,215.538,693.215
27.1447,475.855,218.694,694.549
27.1647,471.909,213.404,685.312
27.1847,478.961,217.542,696.503
27.2047,471.496,210.777,682.274
27.2247,472.873,213.824,686.697
27.2447,469.774,211.583,681.357
27.2647,482.083,220.195,702.278
27.2847,472.865,213.68,686.546
27.3047,473.65,218.287,691.937
27.3247,469.46,212.643,682.103
27.3447,473.469,215.05,688.52
27.3647,475.986,215.203,691.189
27.3847,467.492,214.207,681.699
27.4047,475.8,215.578,691.378
27.4247,468.153,212.104,680.257
27.4447,472.095,212.621,684.716
27.4647,466.367,216.705,683.072
27.4847,475.076,217.697,692.773
27.5047,461.447,211.228,672.675
27.5247,475.834,214.149,689.982
27.5447,467.729,215.203,682.931
27.5647,471.992,213.749,685.742
27.5847,462.053,210.012,672.065
27.6047,470.199,209.777,679.976
27.6247,462.073,211.812,673.885
27.6447,476.245,216.491,692.736
27.6647,464.931,211.158,676.089
27.6847,470.435,215.004,685.439
27.7047,465.299,212.45,677.75
27.7247,463.12,209.781,672.901
27.7447,469.837,215.852,685.689
27.7647,465.876,211.225,677.101
27.7847,467.518,217.152,684.669
27.8047,458.079,209.133,667.212
27.8247,464.393,215.287,679.68
27.8447,460.842,209.453,670.295
27.8647,471.41,215.438,686.848
27.8847,468.237,213.501,681.738
27.9047,462.792,211.375,674.167
27.9247,454.91,210.659,665.569
27.9447,467.602,212.862,680.464
27.9647,459.442,213.347,672.789
27.9847,461.582,209.967,671.549
28.0047,458.978,208.803,667.781
28.0247,458.098,210.868,668.966
28.0447,463.034,211.307,674.342
28.0647,455.585,213.06,668.646
28.0847,451.781,209.294,661.075
28.1047,456.296,214.183,670.479
28.1247,464.248,209.382,673.63
28.1447,456.079,212.124,668.203
28.1647,463.988,212.657,676.645
28.1847,452.734,213.256,665.989
28.2047,461.93,212.225,674.155
28.2247,450.188,209.209,659.397
28.2447,463.396,212.81,676.206
28.2647,456.049,210.049,666.099
28.2847,452.463,209.779,662.242
28.3047,460.357,215.576,675.933
28.3247,449.576,208.853,658.429
28.3447,451.19,208.509,659.699
28.3647,453.707,208.215,661.921
28.3847,460.081,214.915,674.996
28.4047,447.737,208.583,656.32
28.4247,462.427,214.568,676.996
28.4447,445.821,207.407,653.227
28.4647,455.932,211.774,667.706
28.4847,445.669,208.904,654.573
28.5047,447.854,207.292,655.146
28.5247,448.387,203.95,652.337
28.5447,453.064,208.918,661.982
28.5647,452.2,210.102,662.303
28.5847,456.276,210.172,666.448
28.6047,442.83,210.082,652.913
28.6247,450.266,208.361,658.627
28.6447,448.488,208.268,656.755
28.6647,452.577,211.981,664.558
28.6847,444.291,207.51,651.801
28.7047,455.782,212.051,667.834
28.7247,448.538,204.481,653.018
28.7447,448.864,208.12,656.984
28.7647,438.852,206.772,645.625
28.7847,455.728,210.286,666.014
28.8047,446.37,208.137,654.507
28.8247,446.906,209.876,656.781
28.8447,443.794,208.104,651.898
28.8647,455.741,211.355,667.096
28.8847,439.18,207.065,646.246
28.9047,448.253,211.59,659.843
28.9247,441.105,208.78,649.884
28.9447,450.018,210.364,660.383
28.9647,439.152,206.043,645.195
28.9847,457.1,214.266,671.366
29.0047,433.669,205.825,639.494
29.0247,452.708,209.836,662.544
29.0447,427.683,201.894,629.577
29.0647,452.864,212.108,664.972
29.0847,434.532,207.884,642.416
29.1047,449.826,207.929,657.755
29.1247,436.994,205.852,642.845
29.1447,445.822,210.499,656.32
29.1647,437.778,208.274,646.052
29.1847,441.898,207.483,649.381
29.2047,437.659,205.355,643.014
29.2247,446.544,208.356,654.9
29.2447,434.357,207.714,642.071
29.2647,442.99,208.963,651.953
29.2847,440.939,206.215,647.154
29.3047,448.626,208.837,657.463
29.3247,433.841,204.24,638.081
29.3447,441.681,205.462,647.143
29.3647,435.32,206.862,642.182
29.3847,440.872,209.032,649.905
29.4047,436.497,207.628,644.124
29.4247,440.372,207.992,648.364
29.4447,431.616,204.86,636.477
29.4647,448.853,208.551,657.404
29.4847,434.731,206.358,641.089
29.5047,437.612,207.482,645.093
29.5247,430.006,203.803,633.809
29.5447,443.851,209.752,653.603
29.5647,427.51,202.85,630.36
29.5847,443.601,207.275,650.876
29.6047,423.799,205.319,629.118
29.6247,440.185,208.357,648.542
29.6447,431.646,205.391,637.038
29.6647,444.185,209.66,653.845
29.6847,425.463,200.872,626.335
29.7047,440.59,208.264,648.854
29.7247,436.339,205.657,641.996
29.7447,436.59,203.978,640.568
29.7647,429.178,203.871,633.049
29.7847,439.166,206.047,645.212
29.8047,415.165,196.118,611.283
29.8247,442.236,206.839,649.075
29.8447,429.82,204.399,634.219
29.8647,439.091,204.087,643.178
29.8847,424.366,204.72,629.086
29.9047,437.203,205.509,642.712
29.9247,419.652,202.741,622.394
29.9447,438.053,208.65,646.703
29.9647,416.884,201.191,618.075
29.9847,441.734,208.292,650.026
30.0047,421.635,202.32,623.956
30.0247,432.33,205.565,637.895
30.0447,426.086,202.799,628.885
30.0647,431.804,205.852,637.656
30.0847,420.624,204.512,625.136
30.1047,425.621,203.312,628.933
30.1247,428.611,208.042,636.653
30.1447,437.118,205.322,642.441
30.1647,421.017,201.699,622.716
30.1847,425.686,204.716,630.402
30.2047,421.138,202.092,623.23
30.2247,426.93,204.888,631.818
30.2447,423.288,202.247,625.535
30.2647,429.066,203.298,632.364
30.2847,423.37,201.914,625.284
30.3047,428.512,202.814,631.326
30.3247,423.988,202.815,626.803
30.3447,426.994,204.663,631.657
30.3647,416.386,199.819,616.205
30.3847,424.337,205.539,629.876
30.4047,415.116,198.194,613.31
30.4247,423.663,202.535,626.197
30.4447,420.67,200.585,621.255
30.4647,426.333,203.381,629.713
30.4847,426.373,204.568,630.941
30.5047,419.123,199.056,618.179
30.5247,413.233,198.713,611.947
30.5447,423.261,202.258,625.519
30.5647,419.541,204.425,623.967
30.5847,424.563,206.638,631.201
30.6047,410.787,199.334,610.121
30.6247,421.296,201.479,622.774
30.6447,410.976,200.984,611.96
30.6647,427.059,205.515,632.574
30.6847,415.179,202.476,617.655
30.7047,415.901,199.757,615.657
30.7247,422.711,202.132,624.843
30.7447,423.09,203.611,626.701
30.7647,415.056,200.049,615.105
30.7847,414.829,199.931,614.76
30.8047,418.44,203.629,622.069
30.8247,416.6,200.858,617.458
30.8447,418.944,201.822,620.765
30.8647,418.756,201.911,620.667
30.8847,415.251,202.344,617.596
30.9047,414.222,201.524,615.746
30.9247,412.672,200.826,613.498
30.9447,421.218,201.584,622.802
30.9647,413.263,200.883,614.146
30.9847,411.091,200.297,611.388
31.0047,418.102,201.932,620.033
31.0247,407.713,196.74,604.453
31.0447,411.77,201.589,613.359
31.0647,412.613,202.668,615.282
31.0847,412.967,202.005,614.972
31.1047,409.562,201.095,610.657
31.1247,414.647,202.345,616.992
31.1447,409.938,199.223,609.161
31.1647,411.029,200.008,611.038
31.1847,413.056,198.967,612.022
31.2047,415.082,199.33,614.412
31.2247,405.774,197.664,603.438
31.2447,412.358,201.583,613.942
31.2647,405.36,197.567,602.927
31.2847,410.898,201.624,612.522
31.3047,400.952,195.988,596.941
31.3247,414.615,202.921,617.536
31.3447,407.492,200.23,607.723
31.3647,411.204,201.896,613.1
31.3847,410.269,200.499,610.768
31.4047,406.125,199.479,605.604
31.4247,410.985,202.87,613.856
31.4447,414.809,202.218,617.027
31.4647,408.832,199.311,608.142
31.4847,401.551,198.027,599.578
31.5047,407.889,199.856,607.745
31.5247,401.145,196.062,597.207
31.5447,410.285,201.609,611.894
31.5647,409.069,196.896,605.965
31.5847,408.779,201.216,609.995
31.6047,403.263,198.597,601.86
31.6247,408.403,200.978,609.381
31.6447,404.825,199.666,604.491
31.6647,400.271,198.105,598.375
31.6847,401.336,198.085,599.421
31.7047,407.199,197.977,605.176
31.7247,396.3,195.217,591.516
31.7447,406.838,196.454,603.292
31.7647,403.681,198.351,602.033
31.7847,405.452,197.05,602.502
31.8047,397.318,196.788,594.107
31.8247,409.076,199.123,608.199
31.8447,402.506,197.248,599.754
31.8647,402.642,197.814,600.456
31.8847,405.069,199.53,604.599
31.9047,397.452,195.852,593.304
31.9247,405.152,199.005,604.156
31.9447,400.115,194.803,594.918
31.9647,397.534,198.091,595.625
31.9847,398.388,194.921,593.309
32.0047,399.66,195.753,595.413
32.0247,403.529,197.572,601.101
32.0447,394.295,195.489,589.785
32.0647,400.209,197.524,597.734
32.0847,400.696,197.05,597.746
32.1047,398.39,196.219,594.609
32.1247,393.957,194.923,588.88
32.1447,400.145,197.77,597.914
32.1647,390.379,195.908,586.288
32.1847,398.384,198.808,597.192
32.2047,394.55,198.815,593.365
32.2247,404.46,196.491,600.95
32.2447,391.936,193.603,585.538
32.2647,407.796,200.949,608.745
32.2847,393.736,194.638,588.374
32.3047,398.439,195.287,593.726
32.3247,389.736,191.782,581.518
32.3447,401.039,198.455,599.494
32.3647,394.578,196.665,591.243
32.3847,393.537,196.006,589.543
32.4047,388.793,195.675,584.468
32.4247,396.758,198.048,594.806
32.4447,388.31,193.399,581.709
32.4647,395.507,198.067,593.574
32.4847,389.833,193.653,583.486
32.5047,393.207,195.764,588.971
32.5247,391.752,192.968,584.72
32.5447,396.857,196.039,592.896
32.5647,381.19,193.44,574.63
32.5847,401.583,196.192,597.775
32.6047,387.433,193.083,580.516
32.6247,396.721,196.844,593.565
32.6447,381.686,192.26,573.945
32.6647,397.752,197.489,595.241
32.6847,388.383,194.916,583.299
32.7047,394.998,192.659,587.657
32.7247,385.123,191.024,576.147
32.7447,395.583,194.135,589.718
32.7647,388.97,191.18,580.149
32.7847,386.518,193.042,579.56
32.8047,382.974,194.617,577.59
32.8247,394.804,195.284,590.088
32.8447,388.531,194.944,583.475
32.8647,392.1,195.969,588.069
32.8847,385.718,194.326,580.044
32.9047,392.502,197.554,590.056
32.9247,385.522,193.938,579.46
32.9447,381.656,192.621,574.277
32.9647,389.002,194.895,583.897
32.9847,382.758,190.427,573.185
33.0047,390.037,195.443,585.48
33.0247,384.875,190.431,575.306
33.0447,392.679,196.361,589.04
33.0647,380.103,193.569,573.673
33.0847,389.633,194.009,583.642
33.1047,384.009,192.553,576.562
33.1247,383.28,194.203,577.484
33.1447,384.928,190.554,575.483
33.1647,384.931,194.246,579.177
33.1847,386.137,194.595,580.732
33.2047,379.388,191.692,571.079
33.2247,385.398,192.538,577.936
33.2447,379.14,193.244,572.384
33.2647,383.296,190.208,573.504
33.2847,378.731,190.504,569.234
33.3047,386.193,193.047,579.24
33.3247,377.59,188.817,566.407
33.3447,387.017,192.378,579.396
33.3647,382.827,194.066,576.894
33.3847,377.409,191.624,569.033
33.4047,383.581,193.853,577.434
33.4247,380.657,190.907,571.564
33.4447,378.471,194.099,572.57
33.4647,379.336,190.973,570.309
33.4847,381.581,192.873,574.453
33.5047,373.824,192.038,565.862
33.5247,386.676,197.161,583.837
33.5447,375.694,188.861,564.555
33.5647,376.023,191.071,567.094
33.5847,379.113,192.192,571.305
33.6047,379.271,191.292,570.563
33.6247,381.219,194.157,575.376
33.6447,375.498,190.78,566.279
33.6647,373.831,188.591,562.423
33.6847,381.34,193.637,574.977
33.7047,377.917,189.567,567.483
33.7247,375.175,188.749,563.924
33.7447,373.078,188.533,561.612
33.7647,373.449,192.201,565.65
33.7847,376.594,190.558,567.152
33.8047,378.438,193.451,571.889
33.8247,373.859,192.098,565.957
33.8447,382.207,190.988,573.195
33.8647,372.639,188.575,561.214
33.8847,382.826,192.281,575.107
33.9047,373.073,189.943,563.016
33.9247,372.56,190.474,563.033
33.9447,368.107,190.496,558.604
33.9647,377.543,188.45,565.994
33.9847,372.244,189.829,562.073
34.0047,368.992,189.161,558.153
34.0247,375.738,189.349,565.087
34.0447,367.479,188.361,555.84
34.0647,378.375,193.552,571.926
34.0847,370.675,189.014,559.689
34.1047,371.796,190.278,562.074
34.1247,371.514,187.102,558.616
34.1447,373.275,191.085,564.36
34.1647,374.085,192.107,566.192
34.1847,367.634,189.511,557.145
34.2047,372.611,188.982,561.593
34.2247,367.078,185.52,552.598
34.2447,369.181,189.023,558.204
34.2647,372.255,191.489,563.745
34.2847,372.333,191.228,563.561
34.3047,363.698,186.123,549.821
34.3247,368.49,188.662,557.152
34.3447,374.931,188.618,563.548
34.3647,364.078,186.796,550.874
34.3847,367.192,188.205,555.396
34.4047,361.768,184.582,546.35
34.4247,370.706,190.225,560.931
34.4447,369.069,188.707,557.776
34.4647,365.94,187.767,553.707
34.4847,367.981,185.826,553.807
34.5047,362.596,186.211,548.807
34.5247,367.872,187.354,555.226
34.5447,367.051,188.069,555.121
34.5647,371.841,188.873,560.714
34.5847,360.816,186.755,547.571
34.6047,366.988,188.448,555.436
34.6247,363.306,188.536,551.842
34.6447,363.795,188.855,552.649
34.6647,365.858,188.113,553.971
34.6847,357.877,186.436,544.314
34.7047,365.479,187.335,552.814
34.7247,363.069,187.462,550.531
34.7447,367.919,188.618,556.537
34.7647,358.81,186.594,545.404
34.7847,363.275,187.357,550.632
34.8047,358.374,185.266,543.64
34.8247,365.4,190.898,556.298
34.8447,359.947,184.374,544.321
34.8647,362.95,187.777,550.727
34.8847,354.24,183.229,537.468
34.9047,365.094,189.437,554.531
34.9247,361.841,186.545,548.386
34.9447,363.223,187.829,551.051
34.9647,353.209,182.647,535.856
34.9847,364.251,188.015,552.266
35.0047,351.421,184.367,535.789
35.0247,369.959,189.699,559.658
35.0447,350.982,182.861,533.844
35.0647,365.874,190.218,556.092
35.0847,358.889,186.001,544.89
35.1047,361.201,189.369,550.57
35.1247,353.488,185.889,539.378
35.1447,355.784,186.214,541.999
35.1647,358.171,186.285,544.456
35.1847,361.182,185.975,547.158
35.2047,364.131,186.578,550.709
35.2247,356.644,185.355,541.998
35.2447,362.509,186.383,548.892
35.2647,354.099,184.089,538.189
35.2847,356.92,184.589,541.51
35.3047,361.274,186.006,547.279
35.3247,357.537,185.63,543.168
35.3447,363.066,188.818,551.884
35.3647,351.071,184.165,535.236
35.3847,354.638,187.476,542.113
35.4047,355.557,184.034,539.591
35.4247,355.063,185.705,540.768
35.4447,357.062,185.392,542.454
35.4647,358.518,184.828,543.346
35.4847,359.297,183.97,543.268
35.5047,353.593,186.406,539.999
35.5247,351.606,186.45,538.056
35.5447,350.179,182.244,532.422
35.5647,352.575,184.713,537.288
35.5847,354.187,185.452,539.639
35.6047,351.753,185.842,537.595
35.6247,354.484,185.766,540.25
35.6447,344.505,180.849,525.353
35.6647,357.864,185.011,542.876
35.6847,353.623,185.627,539.25
35.7047,353.395,183.374,536.769
35.7247,343.704,177.825,521.529
35.7447,355.789,185.82,541.61
35.7647,348.641,182.655,531.296
35.7847,347.931,183.323,531.254
35.8047,352.59,185.176,537.766
35.8247,355.098,183.842,538.94
35.8447,353.591,183.89,537.482
35.8647,351.841,185.724,537.565
35.8847,347.574,183.558,531.132
35.9047,349.844,181.557,531.401
35.9247,345.858,181.47,527.328
35.9447,346.849,183.912,530.761
35.9647,348.388,182.184,530.573
35.9847,354.062,184.582,538.644
36.0047,346.362,180.932,527.294
36.0247,350.356,182.69,533.046
36.0447,346.479,180.426,526.905
36.0647,355.325,185.702,541.027
36.0847,339.198,181.698,520.896
36.1047,347.753,184.788,532.541
36.1247,343.619,181.353,524.972
36.1447,352.749,186.407,539.155
36.1647,343.067,179.816,522.882
36.1847,343.774,180.921,524.694
36.2047,342.871,181.181,524.053
36.2247,347.405,182.527,529.933
36.2447,351.045,183.549,534.594
36.2647,343.357,179.591,522.948
36.2847,346.91,183.294,530.205
36.3047,340.985,180.441,521.426
36.3247,349.067,183.708,532.775
36.3447,348.794,179.768,528.562
36.3647,347.647,181.501,529.147
36.3847,344.787,182.188,526.975
36.4047,340.008,180.366,520.374
36.4247,340.255,181.419,521.673
36.4447,344.67,182.222,526.892
36.4647,339.774,180.275,520.049
36.4847,342.572,183.021,525.594
36.5047,344.246,183.131,527.378
36.5247,341.727,180.523,522.25
36.5447,340.538,179.98,520.517
36.5647,342.302,180.098,522.4
36.5847,351.316,183.231,534.547
36.6047,339.338,180.359,519.697
36.6247,335.546,179.639,515.184
36.6447,341.842,183.067,524.909
36.6647,339.165,179.282,518.447
36.6847,338.193,179.9,518.092
36.7047,343.765,180.31,524.075
36.7247,344.546,182.017,526.563
36.7447,341.898,180.716,522.613
36.7647,337.834,180.449,518.283
36.7847,333.138,177.091,510.228
36.8047,339.793,181.229,521.022
36.8247,343.235,181.053,524.289
36.8447,338.262,181.541,519.803
36.8647,334.74,175.549,510.289
36.8847,340.854,181.893,522.746
36.9047,336.299,179.12,515.419
36.9247,348.158,183.637,531.795
36.9447,328.309,177.08,505.389
36.9647,336.424,179.615,516.039
36.9847,339.87,180.36,520.23
37.0047,330.642,177.746,508.388
37.0247,343.771,184.412,528.183
37.0447,329.827,178.463,508.29
37.0647,336.42,180.492,516.912
37.0847,336.453,178.599,515.053
37.1047,337.718,180.076,517.795
37.1247,330.034,178.843,508.877
37.1447,335.038,179.393,514.431
37.1647,335.17,178.301,513.471
37.1847,334.97,181.276,516.246
37.2047,338.494,179.612,518.106
37.2247,338.992,182.169,521.161
37.2447,336.625,176.993,513.618
37.2647,335.585,180.185,515.769
37.2847,342.949,181.045,523.995
37.3047,326.974,176.376,503.35
37.3247,334.372,177.263,511.635
37.3447,332.209,178.139,510.348
37.3647,337.258,179.185,516.443
37.3847,334.68,178.322,513.002
37.4047,335.749,179.933,515.682
37.4247,328.243,175.854,504.097
37.4447,331.238,174.645,505.883
37.4647,333.142,178.769,511.911
37.4847,341.561,182.742,524.303
37.5047,321.227,173.29,494.517
37.5247,337.427,180.158,517.585
37.5447,321.332,176.863,498.195
37.5647,335.32,178.767,514.087
37.5847,328.489,175.148,503.637
37.6047,337.459,180.881,518.34
37.6247,326.749,176.606,503.355
37.6447,334.583,179.607,514.189
37.6647,326.057,178.579,504.636
37.6847,333.052,176.778,509.83
37.7047,331.558,176.672,508.23
37.7247,323.753,174.966,498.719
37.7447,329.57,175.911,505.482
37.7647,333.216,178.443,511.658
37.7847,327.96,174.715,502.675
37.8047,332.981,177.102,510.082
37.8247,330.639,175.484,506.123
37.8447,330.682,177.645,508.326
37.8647,332.082,177.941,510.023
37.8847,320.407,175.238,495.645
37.9047,326.439,176.513,502.951
37.9247,327.796,178.337,506.133
37.9447,327.407,176.506,503.912
37.9647,329.439,177.006,506.445
37.9847,324.611,173.198,497.809
38.0047,324.457,175.32,499.777
38.0247,327.62,175.485,503.104
38.0447,327.727,176.145,503.872
38.0647,322.219,176.055,498.274
38.0847,326.296,175.671,501.967
38.1047,322.525,175.978,498.504
38.1247,330.764,178.13,508.894
38.1447,321.611,174.075,495.685
38.1647,324.919,177.533,502.452
38.1847,323.311,175.853,499.164
38.2047,326.654,174.325,500.979
38.2247,323.755,175.486,499.241
38.2447,325.776,176.092,501.868
38.2647,322.206,176.087,498.293
38.2847,326.661,176.704,503.364
38.3047,319.346,174.456,493.802
38.3247,320.159,173.664,493.823
38.3447,317.841,174.607,492.448
38.3647,326.253,176.241,502.494
38.3847,320.713,174.669,495.382
38.4047,321.601,175.338,496.938
38.4247,322.077,175.232,497.31
38.4447,320.985,177.892,498.877
38.4647,323.217,175.79,499.007
38.4847,314.189,172.86,487.049
38.5047,325.143,175.957,501.1
38.5247,325.924,175.519,501.443
38.5447,321.445,174.396,495.841
38.5647,321.869,173.191,495.06
38.5847,313.942,173.024,486.966
38.6047,324.278,176.615,500.893
38.6247,321.7,174.533,496.234
38.6447,318.687,173.989,492.676
38.6647,317.403,174.842,492.244
38.6847,322.683,174.204,496.887
38.7047,313.954,173.712,487.666
38.7247,319.477,174.859,494.336
38.7447,315.218,174.636,489.855
38.7647,314.838,173.598,488.436
38.7847,316.61,174.306,490.916
38.8047,322.028,174.239,496.267
38.8247,318.614,175.156,493.77
38.8447,318.087,171.636,489.723
38.8647,318.601,172.049,490.65
38.8847,316.161,171.465,487.626
38.9047,316.838,171.563,488.402
38.9247,314.241,173.369,487.61
38.9447,315.334,173.67,489.004
38.9647,313.246,172.209,485.455
38.9847,317.117,174.761,491.879
39.0047,314.573,172.11,486.684
39.0247,317.39,172.999,490.389
39.0447,310.617,171.264,481.882
39.0647,314.143,171.606,485.749
39.0847,317.941,174.517,492.458
39.1047,315.162,172.115,487.276
39.1247,315.976,172.23,488.206
39.1447,317.988,172.496,490.484
39.1647,316.19,171.985,488.176
39.1847,317.073,172.151,489.224
39.2047,320.211,173.004,493.215
39.2247,306.873,168.387,475.26
39.2447,317.238,173.114,490.352
39.2647,311.773,172.567,484.339
39.2847,311.899,171.126,483.024
39.3047,308.447,170.886,479.333
39.3247,316.216,172.832,489.048
39.3447,308.453,169.244,477.697
39.3647,320.302,175.182,495.484
39.3847,303.641,168.418,472.059
39.4047,315.55,172.561,488.111
39.4247,306.856,172.423,479.279
39.4447,314.362,174.346,488.708
39.4647,304.008,167.08,471.088
39.4847,312.633,172.96,485.593
39.5047,306.311,170.337,476.648
39.5247,312.546,172.384,484.93
39.5447,304.983,169.033,474.015
39.5647,318.86,174.371,493.231
39.5847,308.506,171.661,480.166
39.6047,308.258,168.793,477.051
39.6247,307.597,169.702,477.3
39.6447,309.872,170.277,480.149
39.6647,307.859,168.777,476.636
39.6847,310.868,171.832,482.701
39.7047,309.725,171.001,480.726
39.7247,314.918,173.251,488.17
39.7447,303.717,168.282,471.999
39.7647,313.99,171.09,485.081
39.7847,300.578,167.888,468.467
39.8047,309.362,170.343,479.705
39.8247,302.19,169.92,472.109
39.8447,313.485,172.367,485.852
39.8647,302.544,171.567,474.111
39.8847,311.77,168.537,480.307
39.9047,303.845,168.208,472.053
39.9247,307.679,170.917,478.595
39.9447,303.612,169.409,473.021
39.9647,311.791,170.445,482.236
39.9847,301.689,168.448,470.137
40.0047,308.791,170.591,479.382
40.0247,303.158,166.897,470.055
40.0447,305.898,168.558,474.456
40.0647,300.061,167.627,467.688
40.0847,307.97,170.565,478.536
40.1047,302.403,167.608,470.01
40.1247,306.154,169.356,475.511
40.1447,307.25,168.841,476.091
40.1647,314.076,171.7,485.776
40.1847,302.324,166.047,468.371
40.2047,304.816,168.267,473.083
40.2247,302.714,167.419,470.133
40.2447,303.614,167.718,471.332
40.2647,307.384,171.864,479.248
40.2847,298.089,165.587,463.677
40.3047,299.175,168.086,467.261
40.3247,301.457,168.505,469.961
40.3447,308.449,170.821,479.27
40.3647,300.517,169.646,470.162
40.3847,297.662,168.625,466.287
40.4047,302.659,167.906,470.564
40.4247,297.289,166.741,464.03
40.4447,305.335,168.847,474.182
40.4647,299.809,168.098,467.907
40.4847,296.386,167.147,463.533
40.5047,299.735,166.986,466.72
40.5247,302.023,167.474,469.497
40.5447,295.863,165.539,461.402
40.5647,301.759,168.834,470.593
40.5847,297.896,166.33,464.226
40.6047,299.679,168.241,467.92
40.6247,297.553,165.033,462.586
40.6447,304.479,168.737,473.216
40.6647,290.351,164.529,454.881
40.6847,302.119,167.371,469.49
40.7047,295.024,166.745,461.769
40.7247,300.662,166.535,467.196
40.7447,292.236,164.476,456.712
40.7647,300.92,167.313,468.233
40.7847,301.949,166.521,468.47
40.8047,300.9,166.242,467.142
40.8247,295.712,165.998,461.709
40.8447,297.24,168.071,465.311
40.8647,292.557,166.931,459.488
40.8847,294.54,165.896,460.436
40.9047,300.4,167.104,467.504
40.9247,296.572,167.05,463.621
40.9447,292.936,164.192,457.128
40.9647,296.088,165.636,461.724
40.9847,290.758,165.293,456.051
41.0047,300.818,166.667,467.485
41.0247,297.301,165.166,462.468
41.0447,295.679,166.973,462.652
41.0647,296.671,164.75,461.421
41.0847,294.818,164.365,459.184
41.1047,293.924,166.069,459.993
41.1247,292.4,163.115,455.515
41.1447,295.813,166.087,461.9
41.1647,294.927,165.774,460.701
41.1847,294.724,163.107,457.832
41.2047,295.3,164.423,459.723
41.2247,291.057,160.983,452.04
41.2447,293.453,165.81,459.263
41.2647,288.886,162.958,451.844
41.2847,295.066,165.45,460.516
41.3047,290.864,161.958,452.822
41.3247,297.427,169.436,466.863
41.3447,292.455,162.668,455.124
41.3647,296.278,166.303,462.581
41.3847,296.648,167.012,463.66
41.4047,288.179,162.91,451.089
41.4247,286.31,163.272,449.582
41.4447,296.195,166.447,462.643
41.4647,286.536,161.606,448.142
41.4847,288.542,162.967,451.51
41.5047,293.75,165.562,459.312
41.5247,288.239,163.917,452.156
41.5447,290.231,163.313,453.543
41.5647,288.212,161.888,450.1
41.5847,290.385,163.705,454.09
41.6047,291.275,166.449,457.724
41.6247,287.178,162.473,449.651
41.6447,282.685,164.077,446.762
41.6647,286.623,166.151,452.774
41.6847,289.472,163.109,452.581
41.7047,286.728,164.083,450.81
41.7247,288.015,163.213,451.229
41.7447,287.174,164.595,451.769
41.7647,288.096,161.218,449.314
41.7847,285.992,161.273,447.265
41.8047,288.931,162.485,451.415
41.8247,288.93,162.974,451.904
41.8447,285.081,162.49,447.571
41.8647,286.346,159.814,446.16
41.8847,288.582,164.7,453.282
41.9047,284.514,163.258,447.772
41.9247,286.961,161.812,448.772
41.9447,286.165,162.774,448.94
41.9647,284.7,159.284,443.984
41.9847,284.984,162.462,447.446
42.0047,287.545,161.273,448.818
42.0247,284.335,161.025,445.359
42.0447,286.373,162.121,448.494
42.0647,282.079,161.894,443.973
42.0847,288.503,163.51,452.013
42.1047,280.99,160.363,441.353
42.1247,286.354,162.501,448.855
42.1447,285.783,162.613,448.396
42.1647,282.656,159.831,442.487
42.1847,288.098,160.218,448.316
42.2047,285.62,162.406,448.026
42.2247,278.6,158.64,437.24
42.2447,279.961,162.02,441.98
42.2647,280.189,159.137,439.326
42.2847,292.021,163.826,455.847
42.3047,279.052,160.833,439.884
42.3247,279.549,160.479,440.028
42.3447,280.336,160.654,440.99
42.3647,286.882,164.028,450.91
42.3847,280.692,160.246,440.937
42.4047,279.291,160.22,439.512
42.4247,283.447,162.527,445.974
42.4447,279.96,160.449,440.409
42.4647,281.226,159.207,440.433
42.4847,278.803,158.77,437.574
42.5047,278.974,159.351,438.325
42.5247,281.846,161.826,443.672
42.5447,283.405,161.593,444.998
42.5647,277.723,158.921,436.644
42.5847,278.553,160.162,438.716
42.6047,280.366,159.827,440.193
42.6247,282.16,159.917,442.078
42.6447,278.497,159.129,437.626
42.6647,280.471,157.279,437.75
42.6847,278.498,159.284,437.782
42.7047,278.663,160.335,438.999
42.7247,277.886,161.605,439.491
42.7447,279.93,161.529,441.458
42.7647,276.697,161.004,437.702
42.7847,274.709,158.231,432.939
42.8047,275.406,158.91,434.316
42.8247,276.856,160.068,436.924
42.8447,275.909,159.396,435.306
42.8647,276.851,158.996,435.847
42.8847,271.387,160.077,431.463
42.9047,275.758,159.378,435.137
42.9247,274.859,159.562,434.421
42.9447,275.091,158.079,433.17
42.9647,279.762,158.851,438.613
42.9847,276.339,157.84,434.179
43.0047,274.783,160.174,434.956
43.0247,270.876,157.529,428.404
43.0447,269.449,157.586,427.035
43.0647,278.36,158.638,436.998
43.0847,275.699,157.638,433.337
43.1047,273.194,157.98,431.174
43.1247,274.628,158.386,433.014
43.1447,275.312,158.683,433.995
43.1647,278.367,160.532,438.899
43.1847,270.543,156.29,426.834
43.2047,273.341,158.393,431.734
43.2247,275.299,157.738,433.037
43.2447,266.678,156.154,422.832
43.2647,279.402,158.737,438.139
43.2847,272.164,157.561,429.726
43.3047,271.595,155.302,426.897
43.3247,277.23,160.729,437.958
43.3447,271.192,157.3,428.493
43.3647,271.615,155.917,427.532
43.3847,268.887,156.458,425.346
43.4047,272.589,157.293,429.881
43.4247,272.107,160.698,432.805
43.4447,267.12,158.138,425.258
43.4647,274.098,155.775,429.872
43.4847,268.027,156.666,424.693
43.5047,270.316,156.144,426.46
43.5247,272.244,157.841,430.084
43.5447,271.304,155.175,426.478
43.5647,274.345,158.471,432.816
43.5847,271.6,155.723,427.323
43.6047,270.001,155.057,425.058
43.6247,264.992,156.246,421.238
43.6447,268.924,154.827,423.751
43.6647,275.909,159.639,435.548
43.6847,269.785,157.095,426.879
43.7047,270.366,157.347,427.713
43.7247,272.797,157.021,429.818
43.7447,264.375,153.341,417.716
43.7647,275.44,158.345,433.785
43.7847,264.382,152.697,417.079
43.8047,271.157,154.983,426.141
43.8247,266.877,155.947,422.825
43.8447,272.165,157.078,429.243
43.8647,264.755,152.449,417.204
43.8847,267.706,155.334,423.041
43.9047,268.179,156.075,424.254
43.9247,269.897,155.348,425.245
43.9447,261.292,154.088,415.38
43.9647,270.087,156.047,426.134
43.9847,265.031,156.182,421.213
44.0047,266.945,154.384,421.329
44.0247,263.751,153.954,417.706
44.0447,266.379,156.165,422.544
44.0647,263.704,155.343,419.046
44.0847,268.404,153.885,422.289
44.1047,264.218,153.844,418.062
44.1247,268.598,155.876,424.474
44.1447,265.811,154.169,419.98
44.1647,259.215,152.401,411.617
44.1847,267.32,155.839,423.159
44.2047,264.769,153.875,418.643
44.2247,260.462,153.48,413.942
44.2447,264.721,154.799,419.52
44.2647,265.38,155.894,421.274
44.2847,268.041,155.417,423.458
44.3047,262.527,154.7,417.227
44.3247,259.921,153.394,413.315
44.3447,261.628,154.247,415.875
44.3647,262.751,154.17,416.921
44.3847,262.839,152.756,415.595
44.4047,264.51,154.127,418.637
44.4247,263.568,153.484,417.052
44.4447,265.338,155.683,421.021
44.4647,262.757,153.506,416.263
44.4847,255.46,151.176,406.636
44.5047,264.464,154.296,418.76
44.5247,257.252,154.313,411.566
44.5447,266.4,154.921,421.32
44.5647,260.893,153.265,414.158
44.5847,258.739,153.177,411.916
44.6047,259.361,150.848,410.209
44.6247,260.09,154.254,414.344
44.6447,261.744,154.363,416.107
44.6647,261.043,153.014,414.057
44.6847,259.937,152.576,412.513
44.7047,263.272,153.855,417.128
44.7247,257.321,153.191,410.512
44.7447,256.892,151.197,408.089
44.7647,259.002,153.591,412.592
44.7847,260.394,153.376,413.77
44.8047,259.21,153.435,412.645
44.8247,257.793,151.694,409.487
44.8447,261.035,152.175,413.21
44.8647,254.286,150.547,404.833
44.8847,262.158,154.45,416.609
44.9047,261.641,152.603,414.244
44.9247,256.85,152.185,409.035
44.9447,258.175,152.894,411.069
44.9647,259.539,152.567,412.106
44.9847,255.321,150.162,405.483
45.0047,252.186,151.324,403.51
45.0247,259.586,151.817,411.402
45.0447,256.311,150.348,406.659
45.0647,263.277,154.004,417.281
45.0847,256.823,151.413,408.236
45.1047,256.71,151.499,408.209
45.1247,257.322,151.784,409.106
45.1447,256.011,151.716,407.727
45.1647,260.461,151.436,411.897
45.1847,254.599,151.091,405.689
45.2047,254.631,150.237,404.869
45.2247,251.779,149.845,401.624
45.2447,254.735,151.613,406.348
45.2647,258.92,152.234,411.154
45.2847,253.657,148.8,402.458
45.3047,257.897,152.938,410.835
45.3247,251.128,148.461,399.589
45.3447,257.237,150.969,408.206
45.3647,254.671,148.357,403.027
45.3847,256.103,150.409,406.512
45.4047,249.375,148.449,397.824
45.4247,254.582,151.702,406.284
45.4447,253.493,150.03,403.523
45.4647,255.524,149.592,405.116
45.4847,256.745,151.26,408.006
45.5047,247.813,148.736,396.549
45.5247,252.173,150.15,402.324
45.5447,251.96,150.153,402.113
45.5647,253.615,151.005,404.621
45.5847,252.02,152.063,404.083
45.6047,256.607,150.311,406.918
45.6247,251.138,148.197,399.335
45.6447,251.911,149.865,401.776
45.6647,251.492,149.644,401.137
45.6847,252.717,148.9,401.617
45.7047,246.055,148.172,394.227
45.7247,255.942,148.005,403.947
45.7447,250.652,148.857,399.509
45.7647,248.018,149.102,397.121
45.7847,247.963,147.869,395.832
45.8047,249.289,150.09,399.38
45.8247,250.101,149.86,399.962
45.8447,248.925,148.824,397.749
45.8647,249.627,149.11,398.737
45.8847,249.325,148.77,398.095
45.9047,251.252,149.418,400.67
45.9247,245.482,147.945,393.427
45.9447,254.328,150.651,404.979
45.9647,244.12,147.547,391.667
45.9847,249.003,149.835,398.838
46.0047,245.746,149.429,395.175
46.0247,248.571,149.714,398.285
46.0447,243.336,147.362,390.699
46.0647,250.432,150.173,400.605
46.0847,247.58,147.883,395.463
46.1047,247.174,148.128,395.302
46.1247,245.892,147.041,392.933
46.1447,251.091,149.851,400.942
46.1647,242.864,146.857,389.72
46.1847,246.734,148.681,395.415
46.2047,245.184,146.718,391.902
46.2247,249.586,147.979,397.565
46.2447,243.176,146.76,389.936
46.2647,245.673,148.503,394.175
46.2847,248.009,145.946,393.954
46.3047,246.778,147.67,394.449
46.3247,248.717,146.375,395.092
46.3447,243.263,147.305,390.568
46.3647,246.608,146.431,393.038
46.3847,248.076,148.153,396.229
46.4047,243.031,146.113,389.144
46.4247,251.087,148.955,400.042
46.4447,242.047,146.239,388.286
46.4647,241.913,145.326,387.239
46.4847,247.524,146.973,394.498
46.5047,241.766,146.201,387.967
46.5247,243.867,147.549,391.416
46.5447,240.547,144.734,385.281
46.5647,244.227,146.583,390.81
46.5847,245.394,147.244,392.638
46.6047,239.409,144.381,383.79
46.6247,246.618,146.83,393.448
46.6447,239.73,144.024,383.754
46.6647,239.641,144.488,384.129
46.6847,245.302,145.058,390.36
46.7047,247.759,148.242,396.001
46.7247,242.227,144.599,386.826
46.7447,241.684,145.687,387.372
46.7647,240.565,143.24,383.805
46.7847,247.375,147.651,395.026
46.8047,237.726,144.386,382.112
46.8247,241.988,144.915,386.904
46.8447,240.33,145.169,385.498
46.8647,242.836,146.811,389.647
46.8847,240.75,145.537,386.286
46.9047,244.124,146.232,390.356
46.9247,238.764,143.549,382.313
46.9447,242.762,144.649,387.411
46.9647,241.481,144.461,385.941
46.9847,239.976,145.716,385.693
47.0047,243.549,143.204,386.753
47.0247,239.153,144.375,383.528
47.0447,241.497,144.237,385.734
47.0647,237.171,145.189,382.36
47.0847,235.891,144.991,380.882
47.1047,243.742,145.923,389.666
47.1247,239.962,145.706,385.668
47.1447,235.905,142.649,378.554
47.1647,235.742,143.574,379.316
47.1847,238.989,143.72,382.709
47.2047,240.828,144.132,384.961
47.2247,240.586,145.311,385.896
47.2447,238.944,144.702,383.646
47.2647,239.252,142.912,382.164
47.2847,234.535,141.752,376.287
47.3047,237.238,145.965,383.202
47.3247,236.429,144.358,380.787
47.3447,236.253,144.424,380.677
47.3647,239.444,144.397,383.841
47.3847,233.219,142.858,376.078
47.4047,236.116,143.071,379.187
47.4247,241.777,144.471,386.248
47.4447,235.788,142.055,377.842
47.4647,243.765,147.278,391.043
47.4847,233.496,141.022,374.518
47.5047,233.218,142.462,375.68
47.5247,233.81,142.293,376.103
47.5447,239.689,145.01,384.699
47.5647,235.948,142.374,378.322
47.5847,232.739,143.021,375.76
47.6047,234.353,142.72,377.073
47.6247,241.585,143.729,385.314
47.6447,231.583,139.762,371.345
47.6647,235.91,143.611,379.521
47.6847,235.601,142.079,377.68
47.7047,234.784,141.92,376.704
47.7247,231.353,140.716,372.069
47.7447,234.814,142.638,377.453
47.7647,236.713,141.586,378.299
47.7847,234.045,142.69,376.735
47.8047,231.266,141.254,372.52
47.8247,235.968,142.487,378.455
47.8447,233.101,142.759,375.861
47.8647,235.691,143.181,378.872
47.8847,232.007,141.098,373.104
47.9047,235.173,142.343,377.517
47.9247,228.423,140.872,369.295
47.9447,235.903,143.257,379.16
47.9647,229.58,140.963,370.543
47.9847,229.609,140.623,370.232
48.0047,231.515,141.13,372.645
48.0247,234.235,142.649,376.884
48.0447,228.417,139.054,367.472
48.0647,232.775,140.656,373.43
48.0847,230.084,138.296,368.38
48.1047,229.045,141.501,370.546
48.1247,230.163,141.652,371.815
48.1447,234.985,142.506,377.492
48.1647,229.713,140.366,370.079
48.1847,226.95,140.542,367.492
48.2047,231.994,140.837,372.831
48.2247,228.743,140.358,369.101
48.2447,227.561,136.665,364.227
48.2647,231.13,141.745,372.874
48.2847,230.169,141.082,371.25
48.3047,225.095,139.361,364.457
48.3247,227.71,140.465,368.175
48.3447,228.179,140.068,368.247
48.3647,229.128,140.428,369.555
48.3847,229.682,139.234,368.916
48.4047,233.432,142.426,375.858
48.4247,224.353,138.526,362.88
48.4447,230.777,139.659,370.436
48.4647,221.729,138.739,360.468
48.4847,229.22,139.619,368.839
48.5047,226.365,138.952,365.316
48.5247,229.628,138.912,368.54
48.5447,225.374,138.165,363.539
48.5647,226.308,138.517,364.825
48.5847,231.054,140.819,371.873
48.6047,228.817,140.478,369.295
48.6247,223.471,138.799,362.27
48.6447,224.465,139.294,363.759
48.6647,224.795,138.234,363.029
48.6847,227.723,140.644,368.367
48.7047,229.686,139.856,369.542
48.7247,223.96,138.728,362.688
48.7447,225.895,138.34,364.235
48.7647,223.167,138.644,361.81
48.7847,224.997,138.097,363.094
48.8047,221.35,139.187,360.538
48.8247,228.076,139.395,367.471
48.8447,217.859,135.624,353.484
48.8647,227.965,140.504,368.468
48.8847,222.551,136.697,359.248
48.9047,225.672,138.46,364.132
48.9247,221.969,137.178,359.147
48.9447,229.473,139.322,368.794
48.9647,221.472,136.637,358.11
48.9847,227.343,138.439,365.783
49.0047,219.89,136.806,356.696
49.0247,225.979,138.681,364.66
49.0447,226.479,138.014,364.493
49.0647,220.099,135.531,355.63
49.0847,225.812,137.732,363.544
49.1047,219.48,135.64,355.12
49.1247,220.639,137.54,358.179
49.1447,222.048,137.198,359.246
49.1647,223.234,138.288,361.522
49.1847,222.35,137.273,359.623
49.2047,222.318,136.918,359.236
49.2247,221.664,137.345,359.009
49.2447,218.742,136.325,355.067
49.2647,225.415,137.35,362.765
49.2847,221.687,136.717,358.405
49.3047,224.364,137.657,362.022
49.3247,216.863,136.618,353.481
49.3447,225.239,135.674,360.913
49.3647,219.863,134.98,354.843
49.3847,222.971,138.468,361.438
49.4047,217.763,135.257,353.02
49.4247,225.128,136.943,362.071
49.4447,217.947,135.929,353.876
49.4647,217.528,135.025,352.553
49.4847,218.126,134.802,352.928
49.5047,221.707,137.103,358.81
49.5247,216.659,133.977,350.636
49.5447,220.818,135.494,356.312
49.5647,217.723,137.408,355.131
49.5847,214.942,135.018,349.96
49.6047,224.298,136.704,361.003
49.6247,214.734,134.607,349.342
49.6447,219.571,137.64,357.211
49.6647,219.26,136.285,355.544
49.6847,219.862,136.81,356.671
49.7047,219.654,134.329,353.983
49.7247,213.218,133.47,346.688
49.7447,217.676,133.707,351.383
49.7647,217.166,133.516,350.683
49.7847,217.811,135.935,353.747
49.8047,215.375,132.814,348.189
49.8247,219.063,134.645,353.707
49.8447,217.144,135.143,352.287
49.8647,218.637,135.621,354.258
49.8847,214.529,133.995,348.523
49.9047,219.227,134.697,353.925
49.9247,213.292,134.306,347.599
49.9447,217.134,134.644,351.778
49.9647,215.404,132.682,348.086
49.9847,218.104,134.582,352.686
50.0047,215.343,132.591,347.934
50.0247,214.39,132.559,346.949
50.0447,220.036,134.183,354.219
50.0647,213.5,132.737,346.237
50.0847,218.275,134.859,353.134
50.1047,213.114,133.523,346.637
50.1247,218.559,135.243,353.802
50.1447,210.75,132.865,343.615
50.1647,213.725,134.056,347.782
50.1847,211.67,133.547,345.216
50.2047,212.556,132.48,345.036
50.2247,217.525,135.779,353.303
50.2447,211.364,132.943,344.307
50.2647,214.329,133.943,348.272
50.2847,213.901,132.35,346.251
50.3047,209.239,131.883,341.122
50.3247,211.251,133.854,345.104
50.3447,214.355,133.651,348.006
50.3647,213.615,131.575,345.191
50.3847,213.68,131.828,345.509
50.4047,211.343,131.5,342.844
50.4247,213.371,133.142,346.514
50.4447,210.591,133.117,343.708
50.4647,210.643,132.546,343.19
50.4847,209.731,131.721,341.452
50.5047,207.415,130.354,337.769
50.5247,217.254,133.533,350.787
50.5447,214.837,133.213,348.05
50.5647,207.448,131.243,338.691
50.5847,212.232,132.647,344.878
50.6047,206.116,132.366,338.481
50.6247,214.339,134.297,348.636
50.6447,205.584,131.112,336.696
50.6647,214.778,134.244,349.022
50.6847,205.392,129.401,334.792
50.7047,214.816,132.989,347.805
50.7247,207.999,131.064,339.063
50.7447,208.383,132.311,340.694
50.7647,211.762,133.027,344.789
50.7847,207.767,132.257,340.024
50.8047,206.298,130.08,336.378
50.8247,211.058,131.574,342.632
50.8447,209.382,132.375,341.757
50.8647,204.106,129.642,333.748
50.8847,206.866,130.811,337.677
50.9047,207.708,130.566,338.274
50.9247,207.759,130.789,338.548
50.9447,211.867,132.889,344.756
50.9647,208.712,129.389,338.1
50.9847,204.701,128.596,333.296
51.0047,209.462,130.138,339.599
51.0247,204.955,130.612,335.566
51.0447,207.902,130.225,338.127
51.0647,208.367,130.891,339.258
51.0847,206.31,130.881,337.191
51.1047,206.188,130.192,336.38
51.1247,204.898,129.113,334.011
51.1447,208.99,130.303,339.293
51.1647,207.256,128.953,336.209
51.1847,208.172,130.122,338.294
51.2047,204.721,130.103,334.824
51.2247,202.619,129.203,331.822
51.2447,208.586,131.642,340.228
51.2647,200.662,128.321,328.983
51.2847,208.338,128.988,337.325
51.3047,203.785,128.913,332.698
51.3247,208.163,129.919,338.082
51.3447,202.945,129.13,332.075
51.3647,202.044,126.717,328.761
51.3847,205.03,130.594,335.624
51.4047,202.212,128.802,331.014
51.4247,201.318,128.66,329.978
51.4447,204.437,129.562,333.999
51.4647,206.14,128.485,334.625
51.4847,199.287,127.206,326.493
51.5047,204.643,128.435,333.078
51.5247,202.447,128.376,330.823
51.5447,203.59,129.173,332.763
51.5647,205.183,128.896,334.078
51.5847,200.321,127.557,327.878
51.6047,205.98,128.689,334.669
51.6247,205.292,128.407,333.699
51.6447,203.02,127.457,330.477
51.6647,201.687,127.505,329.192
51.6847,201.525,127.233,328.757
51.7047,200.523,127.332,327.855
51.7247,197.441,125.957,323.398
51.7447,202.11,127.682,329.792
51.7647,202.274,128.999,331.273
51.7847,198.651,127.872,326.523
51.8047,201.697,129.164,330.861
51.8247,201.438,127.686,329.124
51.8447,198.28,128.619,326.899
51.8647,198.907,127.84,326.747
51.8847,200.301,127.629,327.93
51.9047,200.509,126.352,326.861
51.9247,202.861,128.334,331.195
51.9447,198.485,125.995,324.48
51.9647,199.008,128.297,327.306
51.9847,201.613,128.295,329.908
52.0047,198.297,126.89,325.187
52.0247,202.19,126.573,328.764
52.0447,201.325,127.171,328.495
52.0647,196.972,125.529,322.501
52.0847,201.388,126.631,328.019
52.1047,194.191,125.297,319.488
52.1247,199.314,125.534,324.848
52.1447,200.627,127.866,328.493
52.1647,197.951,126.198,324.149
52.1847,197.584,125.343,322.927
52.2047,197.582,126.507,324.089
52.2247,193.414,124.314,317.728
52.2447,202.318,126.997,329.315
52.2647,192.495,123.409,315.904
52.2847,201.762,125.912,327.673
52.3047,196.228,125.371,321.598
52.3247,196.094,126.126,322.221
52.3447,199.94,125.419,325.359
52.3647,199.027,127.201,326.229
52.3847,194.421,124.377,318.799
52.4047,197.653,125.301,322.954
52.4247,196.456,124.709,321.165
52.4447,192.793,124.482,317.275
52.4647,193.932,126.397,320.33
52.4847,196.28,124.89,321.169
52.5047,194.541,124.061,318.602
52.5247,198.622,127.122,325.744
52.5447,193.124,123.829,316.954
52.5647,196.578,123.767,320.345
52.5847,192.312,124.279,316.59
52.6047,195.529,124.738,320.267
52.6247,197.434,125.308,322.741
52.6447,194.174,124.849,319.023
52.6647,192.176,123.39,315.565
52.6847,195.662,124.761,320.423
52.7047,192.163,124.186,316.349
52.7247,194.638,124.003,318.642
52.7447,194.834,124.667,319.501
52.7647,191.263,124.461,315.724
52.7847,193.866,124.291,318.157
52.8047,192.823,125.05,317.873
52.8247,197.654,124.585,322.238
52.8447,190.858,124.339,315.197
52.8647,190.435,123.486,313.921
52.8847,189.307,122.06,311.367
52.9047,192.305,123.093,315.398
52.9247,190.721,122.992,313.713
52.9447,192.734,123.053,315.787
52.9647,192.072,122.484,314.556
52.9847,190.351,122.656,313.007
53.0047,192.947,123.026,315.972
53.0247,193.044,123.303,316.347
53.0447,191.805,122.618,314.424
53.0647,190.502,121.498,312
53.0847,190.94,122.833,313.772
53.1047,191.551,122.048,313.598
53.1247,193.117,123.393,316.51
53.1447,186.688,122.294,308.982
53.1647,190.539,122.385,312.923
53.1847,189.764,123.37,313.134
53.2047,188.382,123.61,311.992
53.2247,191.004,123.151,314.156
53.2447,188.69,121.304,309.994
53.2647,189.645,123.626,313.271
53.2847,190.792,123.341,314.134
53.3047,190.131,122.215,312.346
53.3247,190.617,123.438,314.055
53.3447,186.454,121.356,307.81
53.3647,189.895,122.092,311.987
53.3847,189.368,121.22,310.589
53.4047,187.596,121.32,308.916
53.4247,192.425,122.757,315.183
53.4447,186.336,119.822,306.157
53.4647,189.661,121.01,310.671
53.4847,189.767,121.452,311.219
53.5047,187.716,120.245,307.961
53.5247,186.413,122.153,308.566
53.5447,185.632,119.709,305.341
53.5647,186.258,121.4,307.658
53.5847,187.781,120.228,308.009
53.6047,184.292,120.042,304.333
53.6247,189.736,121.054,310.79
53.6447,187.716,122.044,309.76
53.6647,185.932,120.335,306.267
53.6847,184.255,119.587,303.842
53.7047,185.956,121.187,307.142
53.7247,186.434,120.628,307.061
53.7447,186.822,120.133,306.955
53.7647,186.199,121.595,307.794
53.7847,183.614,119.746,303.36
53.8047,186.911,120.771,307.683
53.8247,184.968,119.351,304.319
53.8447,184.257,120.136,304.394
53.8647,185.841,119.646,305.488
53.8847,186.486,120.206,306.691
53.9047,186.321,120.129,306.45
53.9247,183.937,118.796,302.732
53.9447,185.172,119.087,304.259
53.9647,183.946,118.918,302.864
53.9847,181.101,119.782,300.883
54.0047,182.76,118.753,301.512
54.0247,184.919,120.51,305.429
54.0447,185.299,120.913,306.213
54.0647,184.937,120.64,305.577
54.0847,179.661,118.071,297.732
54.1047,182.607,119.702,302.309
54.1247,183.951,118.458,302.409
54.1447,182.871,119.047,301.917
54.1647,184.489,118.546,303.035
54.1847,182.079,117.619,299.699
54.2047,178.983,117.495,296.478
54.2247,185.985,119.605,305.59
54.2447,183.546,118.912,302.458
54.2647,178.112,117.869,295.981
54.2847,182.677,119.509,302.185
54.3047,180.166,118.022,298.188
54.3247,179.956,116.737,296.693
54.3447,183.38,118.931,302.311
54.3647,182.326,119.484,301.81
54.3847,180.919,117.713,298.632
54.4047,177.429,116.657,294.086
54.4247,182.493,117.29,299.782
54.4447,177.63,116.985,294.616
54.4647,186.229,118.386,304.615
54.4847,180.539,117.764,298.304
54.5047,179.5,117.277,296.778
54.5247,180.897,118.092,298.989
54.5447,178.713,117.764,296.477
54.5647,182.297,118.257,300.553
54.5847,181.345,116.927,298.272
54.6047,177.645,116.488,294.133
54.6247,177.085,117.767,294.853
54.6447,177.561,117.295,294.856
54.6647,180.257,118.228,298.485
54.6847,182.16,117.203,299.363
54.7047,177.135,116.914,294.049
54.7247,178.719,117.572,296.291
54.7447,178.533,116.573,295.106
54.7647,177.006,116.809,293.815
54.7847,180.3,116.274,296.574
54.8047,178.699,115.782,294.481
54.8247,178.687,116.855,295.542
54.8447,176.32,116.271,292.59
54.8647,176.853,116.687,293.54
54.8847,177.334,116.599,293.934
54.9047,178.617,115.614,294.231
54.9247,177.35,116.545,293.896
54.9447,178.358,116.879,295.237
54.9647,178.68,115.537,294.218
54.9847,176.962,115.49,292.451
55.0047,180.294,118.073,298.367
55.0247,175.295,115.824,291.119
55.0447,174.86,114.365,289.224
55.0647,177.014,117.18,294.194
55.0847,174.143,114.105,288.248
55.1047,176.434,116.332,292.765
55.1247,175.826,114.592,290.418
55.1447,175.843,115.846,291.69
55.1647,173.142,113.524,286.666
55.1847,175.855,114.782,290.637
55.2047,175.148,115.833,290.982
55.2247,172.785,113.332,286.117
55.2447,175.375,115.49,290.865
55.2647,174.686,115.058,289.744
55.2847,175.867,114.392,290.259
55.3047,173.002,114.105,287.107
55.3247,174.431,113.749,288.181
55.3447,173.519,114.465,287.984
55.3647,172.526,114.111,286.637
55.3847,172.87,114.15,287.02
55.4047,170.799,113.33,284.13
55.4247,175.531,113.469,288.999
55.4447,175.984,113.857,289.841
55.4647,171.378,114.682,286.06
55.4847,172.696,114.156,286.852
55.5047,171.665,114.168,285.834
55.5247,172.769,114.155,286.925
55.5447,171.908,113.406,285.314
55.5647,169.67,113.497,283.167
55.5847,172.989,113.912,286.901
55.6047,173.67,113.208,286.878
55.6247,170.861,113.076,283.937
55.6447,173.828,114.663,288.491
55.6647,171.096,111.075,282.171
55.6847,172.039,112.612,284.651
55.7047,172.525,112.5,285.025
55.7247,171.907,113.336,285.243
55.7447,169.025,111.867,280.891
55.7647,170.664,112.609,283.273
55.7847,169.651,113.641,283.293
55.8047,173.107,112.798,285.905
55.8247,170.161,112.866,283.027
55.8447,169.076,111.588,280.664
55.8647,170.708,113.076,283.783
55.8847,170.498,112.655,283.153
55.9047,170.764,113.656,284.42
55.9247,167.246,112.173,279.42
55.9447,170.514,113.34,283.855
55.9647,168.587,111.462,280.049
55.9847,168.71,110.991,279.701
56.0047,172.832,113.419,286.251
56.0247,167.706,111.433,279.139
56.0447,168.742,111.336,280.078
56.0647,167.64,111.025,278.665
56.0847,173.255,111.548,284.803
56.1047,168.255,111.633,279.888
56.1247,168.855,112.062,280.917
56.1447,168.663,111.822,280.485
56.1647,165.755,110.544,276.298
56.1847,169.206,112.058,281.263
56.2047,167.86,112.235,280.095
56.2247,165.532,111.584,277.116
56.2447,165.781,111.974,277.754
56.2647,165.107,110.215,275.322
56.2847,165.923,112.341,278.264
56.3047,168.966,111.227,280.192
56.3247,166.647,111.394,278.042
56.3447,164.451,110.81,275.261
56.3647,164.062,110.906,274.968
56.3847,165.694,110.094,275.788
56.4047,167.788,111.11,278.897
56.4247,166.019,109.531,275.55
56.4447,165.274,110.838,276.112
56.4647,164.561,109.655,274.215
56.4847,168.183,111.063,279.246
56.5047,163.833,109.89,273.723
56.5247,168.477,110.607,279.085
56.5447,164.757,110.473,275.23
56.5647,163.983,109.899,273.882
56.5847,164.576,110.326,274.902
56.6047,162.491,107.766,270.257
56.6247,165.522,110.851,276.374
56.6447,165.449,109.546,274.995
56.6647,166.199,109.01,275.21
56.6847,160.503,108.436,268.939
56.7047,162.462,110.148,272.61
56.7247,161.224,108.796,270.021
56.7447,164.345,109.293,273.639
56.7647,161.406,108.339,269.745
56.7847,166.012,109.673,275.685
56.8047,164.449,109.631,274.08
56.8247,161.541,108.485,270.026
56.8447,164.806,108.849,273.654
56.8647,160.075,107.005,267.079
56.8847,164.697,110.874,275.571
56.9047,161.948,108.863,270.811
56.9247,162.984,109.264,272.247
56.9447,162.562,107.608,270.17
56.9647,159.888,107.338,267.225
56.9847,162.133,107.37,269.503
57.0047,163.779,108.565,272.343
57.0247,162.313,106.575,268.888
57.0447,162.296,108.42,270.715
57.0647,160.776,108.602,269.378
57.0847,159.98,107.01,266.99
57.1047,163.531,108.828,272.359
57.1247,160.714,107.75,268.464
57.1447,160.371,107.43,267.801
57.1647,159.015,107.682,266.698
57.1847,159.893,108.188,268.082
57.2047,159.714,106.122,265.836
57.2247,158.999,106.457,265.456
57.2447,164.085,108.501,272.586
57.2647,157.559,106.574,264.134
57.2847,157.562,107.394,264.957
57.3047,160.164,106.832,266.996
57.3247,157.824,107.511,265.334
57.3447,159.458,109.031,268.489
57.3647,158.995,106.186,265.181
57.3847,156.863,105.279,262.142
57.4047,160.457,106.963,267.419
57.4247,157.041,106.044,263.084
57.4447,158.494,107.212,265.706
57.4647,159.306,106.043,265.35
57.4847,158.938,106.151,265.089
57.5047,155.827,105.56,261.387
57.5247,158.972,105.801,264.773
57.5447,156.648,105.688,262.336
57.5647,156.051,105.654,261.705
57.5847,159.305,106.048,265.353
57.6047,158.386,105.72,264.105
57.6247,154.812,104.739,259.551
57.6447,155.654,106.499,262.152
57.6647,156.345,105.876,262.221
57.6847,154.828,105.273,260.101
57.7047,156.752,105.968,262.72
57.7247,157.017,105.641,262.658
57.7447,154.381,104.072,258.453
57.7647,157.824,105.965,263.79
57.7847,154.905,103.61,258.515
57.8047,155.814,104.872,260.686
57.8247,154.105,104.849,258.954
57.8447,155.911,104.439,260.35
57.8647,155.37,104.626,259.996
57.8847,156.005,104.706,260.71
57.9047,154.99,104.079,259.068
57.9247,152.564,103.376,255.94
57.9447,153.976,103.322,257.297
57.9647,155.25,104.555,259.805
57.9847,153.675,103.703,257.378
58.0047,155.205,104.404,259.61
58.0247,152.846,103.398,256.244
58.0447,151.342,103.868,255.21
58.0647,155.501,105.401,260.902
58.0847,151.703,103.315,255.018
58.1047,153.788,103.465,257.253
58.1247,152.606,102.262,254.868
58.1447,155.974,104.207,260.181
58.1647,151.122,102.552,253.674
58.1847,153.711,102.992,256.703
58.2047,153.453,104.15,257.603
58.2247,152.785,103.589,256.374
58.2447,155.212,103.507,258.719
58.2647,154.187,103.24,257.427
58.2847,152.062,102.438,254.5
58.3047,152.3,102.326,254.627
58.3247,149.07,101.901,250.971
58.3447,150.181,102.662,252.843
58.3647,150.979,102.146,253.126
58.3847,151.798,104.667,256.465
58.4047,150.585,102.701,253.286
58.4247,151.066,102.645,253.711
58.4447,153.056,103.712,256.768
58.4647,150.065,102.741,252.806
58.4847,152.222,102.254,254.476
58.5047,149.498,101.724,251.222
58.5247,150.761,102.244,253.005
58.5447,148.522,102.433,250.955
58.5647,151.033,101.692,252.726
58.5847,150.773,101.814,252.587
58.6047,148.113,101.505,249.618
58.6247,150.259,102.011,252.27
58.6447,150.621,101.064,251.685
58.6647,148.517,101.564,250.081
58.6847,148.436,101.3,249.736
58.7047,149.857,101.151,251.008
58.7247,148.129,101.755,249.883
58.7447,147.424,101.051,248.475
58.7647,149.784,100.057,249.84
58.7847,151.743,103.154,254.898
58.8047,144.662,99.4827,244.145
58.8247,149.339,102.575,251.915
58.8447,147.021,100.366,247.387
58.8647,147.22,101.05,248.27
58.8847,147.142,100.61,247.753
58.9047,146.776,101.024,247.799
58.9247,146.906,100.234,247.14
58.9447,146.936,100.856,247.792
58.9647,145.967,100.508,246.475
58.9847,147.203,100.613,247.816
59.0047,146.331,99.2325,245.564
59.0247,144.686,99.3043,243.99
59.0447,146.113,100.636,246.749
59.0647,146.291,100.489,246.779
59.0847,144.474,99.4954,243.97
59.1047,146.459,99.5653,246.024
59.1247,145.486,100.229,245.715
59.1447,145.375,98.6387,244.014
59.1647,146.754,100.585,247.339
59.1847,146.441,100.427,246.868
59.2047,143.49,98.596,242.086
59.2247,143.782,100.03,243.812
59.2447,146.894,99.3533,246.248
59.2647,142.728,98.2685,240.997
59.2847,144.447,99.2652,243.712
59.3047,146.314,99.2338,245.548
59.3247,143.86,98.6864,242.547
59.3447,144.897,99.1104,244.007
59.3647,141.782,98.6254,240.408
59.3847,143.265,97.0693,240.334
59.4047,144.689,99.354,244.043
59.4247,145.604,98.2484,243.852
59.4447,143.1,98.1147,241.215
59.4647,142.476,98.2065,240.683
59.4847,144.61,97.9461,242.556
59.5047,141.37,97.0795,238.449
59.5247,144.117,97.8078,241.925
59.5447,141.521,96.4479,237.969
59.5647,140.767,97.5488,238.315
59.5847,144.898,98.5861,243.484
59.6047,139.064,96.6149,235.679
59.6247,143.177,97.3567,240.534
59.6447,141.958,98.176,240.134
59.6647,139.342,97.4783,236.82
59.6847,141.151,96.886,238.037
59.7047,142.245,97.4351,239.68
59.7247,142.972,97.2792,240.251
59.7447,142.052,97.4712,239.523
59.7647,138.132,96.1478,234.279
59.7847,139.974,97.2198,237.194
59.8047,139.022,96.9061,235.929
59.8247,142.112,96.2905,238.403
59.8447,142.356,95.7129,238.069
59.8647,139.57,95.5793,235.149
59.8847,138.744,96.3434,235.087
59.9047,142.073,96.739,238.812
59.9247,138.976,95.2828,234.258
59.9447,138.448,95.1692,233.617
59.9647,139.735,96.5939,236.328
59.9847,139.322,95.0735,234.395
60.0047,138.823,96.1704,234.994
60.0247,137.517,94.9265,232.443
60.0447,139.115,94.9463,234.061
60.0647,137.482,96.236,233.718
60.0847,139.831,96.1175,235.948
60.1047,138.452,95.3136,233.766
60.1247,138.32,95.1557,233.476
60.1447,134.856,94.7127,229.569
60.1647,140.41,95.546,235.956
60.1847,134.696,94.1429,228.839
60.2047,139.06,96.2796,235.34
60.2247,136.957,94.293,231.25
60.2447,136.079,93.9274,230.007
60.2647,139.042,95.2418,234.284
60.2847,137.08,94.2129,231.293
60.3047,137.79,94.4683,232.259
60.3247,133.798,93.3559,227.154
60.3447,138.852,94.6742,233.527
60.3647,133.837,93.6755,227.513
60.3847,136.435,94.4102,230.845
60.4047,136.08,93.5038,229.584
60.4247,134.193,93.8755,228.069
60.4447,136.62,93.3363,229.957
60.4647,132.977,93.2632,226.24
60.4847,134.915,93.2693,228.184
60.5047,135.025,93.446,228.471
60.5247,132.217,92.879,225.096
60.5447,134.86,94.1213,228.982
60.5647,132.581,92.4251,225.006
60.5847,135.746,93.2539,229
60.6047,134.759,93.2184,227.977
60.6247,134.486,93.2032,227.689
60.6447,133.903,92.426,226.329
60.6647,131.927,92.4146,224.342
60.6847,132.014,92.6073,224.621
60.7047,131.35,92.6874,224.037
60.7247,136.45,92.8235,229.273
60.7447,130.465,91.8269,222.292
60.7647,134.222,92.8973,227.119
60.7847,132.132,92.3577,224.49
60.8047,132.782,91.7426,224.525
60.8247,132.605,91.7795,224.385
60.8447,131.73,91.7561,223.486
60.8647,132.974,91.8948,224.869
60.8847,133.101,92.0596,225.16
60.9047,132.429,92.309,224.738
60.9247,130.212,91.7426,221.954
60.9447,131.414,91.8183,223.233
60.9647,130.576,90.4728,221.048
60.9847,130.987,90.5841,221.571
61.0047,130.034,91.108,221.142
61.0247,129.134,91.5072,220.641
61.0447,131.69,90.2604,221.95
61.0647,132.258,90.9018,223.159
61.0847,131.112,90.6525,221.764
61.1047,129.677,90.887,220.564
61.1247,128.667,91.2012,219.868
61.1447,129.788,91.662,221.45
61.1647,128.672,90.3457,219.018
61.1847,129.751,90.8345,220.585
61.2047,128.705,89.9282,218.633
61.2247,128.244,91.0537,219.297
61.2447,129.708,90.1011,219.809
61.2647,128.618,90.3406,218.958
61.2847,128.799,89.6455,218.444
61.3047,125.152,89.7895,214.942
61.3247,129.677,90.4765,220.154
61.3447,129.462,89.4525,218.915
61.3647,129.037,89.0513,218.088
61.3847,129.747,90.1349,219.881
61.4047,126.527,90.1787,216.705
61.4247,128.583,89.4446,218.028
61.4447,127.924,88.981,216.905
61.4647,126.332,88.3001,214.632
61.4847,129.41,89.2617,218.672
61.5047,127.026,89.2133,216.24
61.5247,128.814,89.8268,218.641
61.5447,124.739,88.9013,213.64
61.5647,127.133,88.1665,215.3
61.5847,126.225,88.1461,214.371
61.6047,125.614,89.4665,215.08
61.6247,126.482,87.608,214.09
61.6447,125.99,87.9454,213.935
61.6647,127.252,87.8277,215.079
61.6847,124.852,87.9403,212.792
61.7047,124.698,87.6888,212.387
61.7247,123.674,87.6797,211.354
61.7447,125.296,87.7712,213.068
61.7647,124.909,87.8337,212.743
61.7847,124.567,87.5921,212.159
61.8047,125.792,87.7165,213.509
61.8247,123.066,86.9749,210.041
61.8447,123.76,86.8177,210.578
61.8647,125.131,87.8487,212.98
61.8847,123.282,87.0778,210.359
61.9047,122.832,87.171,210.003
61.9247,123.418,88.2161,211.634
61.9447,122.513,86.7567,209.27
61.9647,121.565,86.4095,207.975
61.9847,123.183,86.1747,209.357
62.0047,122.719,86.1566,208.875
62.0247,123.614,86.7212,210.336
62.0447,122.908,86.4512,209.359
62.0647,122.719,86.1069,208.826
62.0847,122.465,86.9251,209.39
62.1047,122.709,86.3659,209.075
62.1247,122.073,85.86,207.933
62.1447,120.951,86.314,207.265
62.1647,121.269,86.3262,207.595
62.1847,122.911,86.1649,209.076
62.2047,121.418,85.516,206.934
62.2247,119.664,84.7191,204.384
62.2447,122.818,86.3375,209.155
62.2647,121.769,85.0656,206.834
62.2847,120.021,84.7771,204.798
62.3047,120.343,84.8887,205.231
62.3247,119.606,84.5632,204.169
62.3447,120.474,85.7302,206.205
62.3647,119.263,85.1248,204.388
62.3847,118.902,84.394,203.296
62.4047,118.355,84.604,202.959
62.4247,119.838,84.2644,204.103
62.4447,118.793,84.5074,203.301
62.4647,119.276,84.2122,203.488
62.4847,119.904,84.349,204.253
62.5047,120.763,84.6712,205.434
62.5247,119.971,84.4607,204.432
62.5447,117.69,83.5582,201.248
62.5647,118.858,83.9184,202.776
62.5847,119.058,83.7304,202.789
62.6047,117.767,83.2543,201.021
62.6247,119.073,83.9273,203
62.6447,115.943,83.3254,199.268
62.6647,117.63,83.5919,201.222
62.6847,114.814,82.6308,197.445
62.7047,118.475,83.0561,201.531
62.7247,118.366,82.5551,200.921
62.7447,117.992,83.0128,201.005
62.7647,116.412,83.0604,199.473
62.7847,116.408,83.3743,199.783
62.8047,115.037,81.8365,196.874
62.8247,117.936,83.3671,201.303
62.8447,115.339,82.1566,197.496
62.8647,116.818,83.5332,200.351
62.8847,116.825,82.466,199.291
62.9047,116.026,81.6876,197.713
62.9247,115.837,82.6884,198.525
62.9447,114.981,82.6038,197.585
62.9647,115.544,82.7176,198.261
62.9847,113.446,81.5267,194.973
63.0047,115.594,82.4287,198.023
63.0247,112.369,81.1516,193.521
63.0447,114.99,81.8361,196.826
63.0647,113.524,82.1253,195.649
63.0847,112.845,80.895,193.74
63.1047,115.071,81.5156,196.587
63.1247,114.563,81.4544,196.018
63.1447,113.819,81.1948,195.014
63.1647,113.146,81.1507,194.297
63.1847,112.553,81.7186,194.272
63.2047,114.601,81.2945,195.895
63.2247,111.356,80.0286,191.385
63.2447,113.356,80.6765,194.033
63.2647,112.269,80.6826,192.952
63.2847,111.271,79.7801,191.051
63.3047,112.18,81.5048,193.685
63.3247,112.079,80.2378,192.317
63.3447,113.318,80.1582,193.476
63.3647,113.003,79.5163,192.519
63.3847,111.219,79.5351,190.755
63.4047,111.894,80.7385,192.633
63.4247,111.534,79.6528,191.186
63.4447,111.981,80.1874,192.169
63.4647,110.032,78.9336,188.966
63.4847,109.853,79.7345,189.587
63.5047,110.989,79.0689,190.058
63.5247,111.559,79.5637,191.122
63.5447,109.586,78.5757,188.162
63.5647,110.732,79.417,190.149
63.5847,110.292,79.0402,189.332
63.6047,112.044,79.326,191.37
63.6247,109.015,78.4862,187.501
63.6447,110.037,78.5683,188.605
63.6647,110.176,78.675,188.851
63.6847,108.217,77.9204,186.137
63.7047,108.586,78.0361,186.622
63.7247,107.484,77.4257,184.91
63.7447,106.804,77.4502,184.254
63.7647,110.55,78.419,188.969
63.7847,109.309,77.4909,186.8
63.8047,108.953,77.4648,186.417
63.8247,110.901,77.8288,188.73
63.8447,107.793,77.0471,184.84
63.8647,107.514,77.5979,185.112
63.8847,109.821,77.4257,187.247
63.9047,106.916,76.7147,183.631
63.9247,106.758,78.005,184.763
63.9447,108.053,77.0479,185.101
63.9647,106.414,75.7845,182.198
63.9847,106.82,76.9056,183.726
64.0047,106.29,76.0686,182.359
64.0247,108.065,76.5491,184.614
64.0447,106.292,75.7566,182.048
64.0647,105.528,75.3068,180.835
64.0847,106.345,76.456,182.801
64.1047,105.358,76.0385,181.397
64.1247,105.613,76.0485,181.661
64.1447,105.275,76.0715,181.347
64.1647,104.638,75.6258,180.264
64.1847,105.444,75.3651,180.809
64.2047,103.862,74.8553,178.717
64.2247,105.441,75.7467,181.188
64.2447,103.564,75.2861,178.851
64.2647,104.845,75.2883,180.133
64.2847,103.787,74.7965,178.584
64.3047,105.991,74.9571,180.948
64.3247,103.06,75.1155,178.175
64.3447,103.173,76.1201,179.293
64.3647,103.179,75.0474,178.226
64.3847,101.384,74.3671,175.751
64.4047,104.512,74.9515,179.463
64.4247,103.283,75.1362,178.419
64.4447,102.082,74.9598,177.042
64.4647,102.802,74.363,177.165
64.4847,102.899,74.5047,177.404
64.5047,102.709,73.9751,176.684
64.5247,103.498,74.3603,177.858
64.5447,103.195,73.1805,176.375
64.5647,102.735,73.6486,176.384
64.5847,101.498,73.5652,175.063
64.6047,100.426,73.3504,173.776
64.6247,100.349,73.3985,173.747
64.6447,103.046,73.6939,176.74
64.6647,100.468,73.269,173.737
64.6847,100.666,73.2075,173.874
64.7047,100.712,72.6839,173.396
64.7247,100.055,72.5641,172.619
64.7447,99.8367,72.415,172.252
64.7647,100.319,72.8293,173.148
64.7847,99.8257,72.9259,172.752
64.8047,100.102,72.2527,172.355
64.8247,101.329,72.5168,173.846
64.8447,98.1407,71.8471,169.988
64.8647,100.491,72.0169,172.508
64.8847,98.2002,72.3512,170.551
64.9047,99.4511,71.3332,170.784
64.9247,98.5663,71.4911,170.057
64.9447,99.8767,71.7061,171.583
64.9647,98.0302,71.299,169.329
64.9847,98.7154,71.312,170.027
65.0047,97.2418,70.9753,168.217
65.0247,98.2716,71.6341,169.906
65.0447,98.7986,70.6744,169.473
65.0647,98.3226,70.532,168.855
65.0847,96.8033,71.1731,167.976
65.1047,98.2087,70.6927,168.901
65.1247,96.6911,70.3059,166.997
65.1447,96.4089,70.2273,166.636
65.1647,96.0392,70.755,166.794
65.1847,97.2536,70.2377,167.491
65.2047,95.1024,70.0134,165.116
65.2247,95.1453,69.7875,164.933
65.2447,98.5319,70.5092,169.041
65.2647,94.439,69.4833,163.922
65.2847,94.6098,69.6687,164.279
65.3047,94.3414,69.1941,163.535
65.3247,94.6697,69.232,163.902
65.3447,94.3009,69.1061,163.407
65.3647,94.9833,68.9899,163.973
65.3847,93.6858,68.8851,162.571
65.4047,93.2757,68.7868,162.063
65.4247,92.8327,69.013,161.846
65.4447,94.1694,68.3342,162.504
65.4647,94.012,68.2621,162.274
65.4847,94.4563,68.1662,162.622
65.5047,93.0671,68.1358,161.203
65.5247,93.6573,68.2236,161.881
65.5447,93.5954,68.096,161.691
65.5647,94.138,68.0003,162.138
65.5847,91.0995,67.9775,159.077
65.6047,91.6585,67.7532,159.412
65.6247,93.1879,68.2761,161.464
65.6447,92.506,67.5301,160.036
65.6647,92.9711,67.1321,160.103
65.6847,91.4829,67.0424,158.525
65.7047,89.8084,67.2927,157.101
65.7247,91.2489,66.827,158.076
65.7447,91.12,67.2244,158.344
65.7647,91.8856,66.2022,158.088
65.7847,90.2719,66.8176,157.089
65.8047,90.1418,67.2185,157.36
65.8247,90.3946,66.2266,156.621
65.8447,88.7421,66.3833,155.125
65.8647,90.1866,66.2003,156.387
65.8847,90.3628,66.5957,156.959
65.9047,89.4489,66.5034,155.952
65.9247,89.3616,66.5067,155.868
65.9447,88.9945,65.6198,154.614
65.9647,90.074,65.863,155.937
65.9847,89.3892,65.4855,154.875
66.0047,87.3542,64.8418,152.196
66.0247,89.9036,64.806,154.71
66.0447,87.8682,64.8023,152.67
66.0647,89.0651,65.2299,154.295
66.0847,88.7895,65.3176,154.107
66.1047,86.3171,64.6805,150.998
66.1247,88.0064,64.2508,152.257
66.1447,87.5456,64.6553,152.201
66.1647,87.4351,63.9756,151.411
66.1847,85.8307,64.1241,149.955
66.2047,86.4729,63.6272,150.1
66.2247,87.9279,64.0398,151.968
66.2447,87.0867,63.7384,150.825
66.2647,87.0995,63.6131,150.713
66.2847,85.9683,63.4782,149.446
66.3047,86.6557,63.1316,149.787
66.3247,84.7108,63.0817,147.793
66.3447,86.1069,63.5323,149.639
66.3647,85.2312,63.012,148.243
66.3847,84.7354,63.0662,147.802
66.4047,85.0197,63.1464,148.166
66.4247,84.4733,62.6541,147.127
66.4447,82.6795,62.3219,145.001
66.4647,84.1976,62.553,146.751
66.4847,84.2139,62.3074,146.521
66.5047,84.2216,62.4208,146.642
66.5247,84.361,61.8555,146.217
66.5447,84.8965,61.596,146.492
66.5647,84.0394,61.7659,145.805
66.5847,82.4514,62.0848,144.536
66.6047,82.7179,61.7692,144.487
66.6247,82.7052,61.2944,144
66.6447,81.3918,61.4095,142.801
66.6647,82.5141,61.519,144.033
66.6847,82.4819,60.9545,143.436
66.7047,82.4002,60.9503,143.35
66.7247,81.6186,60.8241,142.443
66.7447,82.7988,60.9134,143.712
66.7647,81.8935,60.4378,142.331
66.7847,80.9874,60.5257,141.513
66.8047,81.1205,59.9768,141.097
66.8247,81.3282,60.4356,141.764
66.8447,81.3783,60.6272,142.005
66.8647,79.9392,59.5633,139.502
66.8847,80.4318,59.7583,140.19
66.9047,79.4974,59.5364,139.034
66.9247,79.9328,59.4796,139.412
66.9447,79.5992,59.4676,139.067
66.9647,78.4417,58.8985,137.34
66.9847,79.6491,59.0495,138.699
67.0047,77.9869,58.9419,136.929
67.0247,77.8464,58.5493,136.396
67.0447,78.1639,59.0228,137.187
67.0647,78.3187,58.5984,136.917
67.0847,78.0533,58.6387,136.692
67.1047,77.7848,58.6646,136.449
67.1247,77.434,57.6153,135.049
67.1447,77.0587,57.748,134.807
67.1647,77.5533,58.0876,135.641
67.1847,76.2132,57.6728,133.886
67.2047,76.341,57.6371,133.978
67.2247,76.1285,57.255,133.383
67.2447,76.8054,57.1746,133.98
67.2647,74.5338,57.0458,131.58
67.2847,74.9548,56.9012,131.856
67.3047,75.8403,57.0097,132.85
67.3247,76.0669,56.5913,132.658
67.3447,75.0622,56.4848,131.547
67.3647,75.3232,56.6555,131.979
67.3847,75.5127,56.1646,131.677
67.4047,74.7365,56.4218,131.158
67.4247,74.8108,55.5326,130.343
67.4447,74.3021,55.7981,130.1
67.4647,74.3652,55.7638,130.129
67.4847,73.6441,55.6828,129.327
67.5047,73.5853,55.7458,129.331
67.5247,73.7996,55.6067,129.406
67.5447,72.6198,55.4965,128.116
67.5647,72.4424,55.0186,127.461
67.5847,72.7358,54.5113,127.247
67.6047,73.0432,54.9341,127.977
67.6247,72.9503,54.9945,127.945
67.6447,72.2983,54.497,126.795
67.6647,72.6117,54.3086,126.92
67.6847,70.8849,54.6493,125.534
67.7047,71.5917,54.0579,125.65
67.7247,71.7772,53.872,125.649
67.7447,70.7356,53.9489,124.685
67.7647,70.4827,53.8746,124.357
67.7847,71.0076,53.4502,124.458
67.8047,70.9647,53.3437,124.308
67.8247,69.8318,53.4442,123.276
67.8447,69.1735,53.0321,122.206
67.8647,69.9646,52.9612,122.926
67.8847,68.2003,52.8244,121.025
67.9047,69.492,52.5904,122.082
67.9247,68.007,52.3132,120.32
67.9447,69.4264,52.7091,122.135
67.9647,69.6795,52.4135,122.093
67.9847,69.1518,52.9216,122.073
68.0047,67.5619,51.4721,119.034
68.0247,67.2169,51.3142,118.531
68.0447,67.7272,51.6045,119.332
68.0647,67.2924,51.4416,118.734
68.0847,68.0315,51.5804,119.612
68.1047,66.7816,51.4768,118.258
68.1247,67.2522,50.8375,118.09
68.1447,66.9891,50.5888,117.578
68.1647,65.6874,50.7767,116.464
68.1847,66.635,50.3478,116.983
68.2047,66.2427,50.197,116.44
68.2247,65.7738,50.0107,115.784
68.2447,65.8153,49.7211,115.536
68.2647,65.1164,49.891,115.007
68.2847,65.1748,49.7462,114.921
68.3047,64.9077,49.3918,114.3
68.3247,63.463,49.4037,112.867
68.3447,64.3044,49.1982,113.503
68.3647,63.286,48.9631,112.249
68.3847,63.2175,49.2864,112.504
68.4047,63.6433,48.8986,112.542
68.4247,63.7146,48.9719,112.687
68.4447,63.5873,48.866,112.453
68.4647,63.2896,48.0832,111.373
68.4847,63.4601,48.4286,111.889
68.5047,63.1199,48.1994,111.319
68.5247,62.3247,48.0935,110.418
68.5447,62.2959,47.5847,109.881
68.5647,61.9319,47.3912,109.323
68.5847,61.399,47.6534,109.052
68.6047,61.2245,47.4034,108.628
68.6247,61.2383,47.3015,108.54
68.6447,60.2163,47.0339,107.25
68.6647,60.8196,46.6588,107.478
68.6847,60.5742,46.6532,107.227
68.7047,61.6317,46.8906,108.522
68.7247,60.4826,45.8312,106.314
68.7447,60.1844,45.9579,106.142
68.7647,59.7757,45.8982,105.674
68.7847,59.4283,45.4367,104.865
68.8047,59.7026,45.7153,105.418
68.8247,59.5448,45.1621,104.707
68.8447,59.8103,45.0544,104.865
68.8647,58.1763,45.1331,103.309
68.8847,58.098,44.8643,102.962
68.9047,57.7118,44.4848,102.197
68.9247,57.8766,44.799,102.676
68.9447,56.8271,44.4661,101.293
68.9647,56.9252,44.0601,100.985
68.9847,57.0725,44.1567,101.229
69.0047,57.4057,43.8424,101.248
69.0247,56.6525,43.7622,100.415
69.0447,56.2067,43.7879,99.9946
69.0647,56.1142,43.2547,99.369
69.0847,55.8504,43.0325,98.8829
69.1047,55.4936,43.0885,98.5821
69.1247,55.5048,42.968,98.4728
69.1447,54.5544,42.47,97.0244
69.1647,54.012,42.3771,96.3891
69.1847,53.9067,42.4217,96.3284
69.2047,54.0437,42.3176,96.3613
69.2247,54.6356,42.047,96.6825
69.2447,53.6333,41.6776,95.3109
69.2647,53.7888,41.4954,95.2842
69.2847,53.0278,41.8465,94.8743
69.3047,52.3365,41.4832,93.8196
69.3247,51.6414,41.3056,92.947
69.3447,52.0762,41.305,93.3812
69.3647,52.5808,41.0248,93.6056
69.3847,51.4612,40.8994,92.3606
69.4047,51.5622,40.0839,91.6461
69.4247,50.8411,40.5198,91.3609
69.4447,50.5174,40.1544,90.6717
69.4647,50.3639,39.5741,89.938
69.4847,49.9978,39.5994,89.5972
69.5047,48.8965,39.759,88.6555
69.5247,49.8487,39.3893,89.238
69.5447,49.2634,39.4792,88.7426
69.5647,49.0379,38.6504,87.6884
69.5847,49.0348,38.7497,87.7845
69.6047,48.7476,38.6833,87.4309
69.6247,48.0824,38.574,86.6564
69.6447,48.0874,38.5762,86.6637
69.6647,47.6417,37.9706,85.6123
69.6847,47.0926,37.7055,84.7981
69.7047,46.6597,37.2096,83.8694
69.7247,47.1107,37.1539,84.2645
69.7447,46.3194,37.1577,83.4771
69.7647,46.5423,36.9643,83.5067
69.7847,45.5411,36.9149,82.456
69.8047,45.8215,36.3166,82.1381
69.8247,45.2504,36.1873,81.4377
69.8447,45.1218,35.8695,80.9912
69.8647,44.4026,35.5221,79.9247
69.8847,43.8498,35.7843,79.6341
69.9047,43.2987,35.5658,78.8645
69.9247,43.7864,35.1412,78.9275
69.9447,43.8745,34.92,78.7945
69.9647,42.6707,34.9506,77.6213
69.9847,42.2697,34.7965,77.0663
70.0047,42.3811,34.4641,76.8453
70.0247,42.4627,34.2172,76.6799
70.0447,41.2251,33.8544,75.0795
70.0647,41.0756,33.6775,74.7531
70.0847,41.1242,33.6354,74.7596
70.1047,40.7084,33.7248,74.4332
70.1247,40.2559,33.1236,73.3795
70.1447,40.2107,33.1,73.3108
70.1647,39.9599,32.9813,72.9412
70.1847,40.5555,32.5438,73.0994
70.2047,38.8602,32.445,71.3052
70.2247,38.8879,32.0223,70.9102
70.2447,38.6031,31.9363,70.5394
70.2647,38.5327,32.4736,71.0063
70.2847,38.5062,31.6681,70.1743
70.3047,36.4823,31.3985,67.8808
70.3247,37.663,31.6387,69.3017
70.3447,37.9562,31.2056,69.1618
70.3647,37.7171,30.9655,68.6826
70.3847,37.4546,30.4449,67.8995
70.4047,36.6118,30.6455,67.2573
70.4247,36.9702,30.2083,67.1785
70.4447,36.4521,30.1419,66.5941
70.4647,36.6323,29.6646,66.2969
70.4847,35.5214,29.7501,65.2715
70.5047,35.3986,29.3985,64.7971
70.5247,35.2258,28.9184,64.1443
70.5447,35.1069,29.0615,64.1684
70.5647,34.7941,28.8154,63.6096
70.5847,34.5235,28.7379,63.2614
70.6047,33.6915,28.1337,61.8253
70.6247,33.1738,28.2595,61.4333
70.6447,33.9396,28.0379,61.9776
70.6647,33.4939,27.8052,61.2991
70.6847,33.0397,27.8434,60.8831
70.7047,32.6552,27.3221,59.9773
70.7247,32.9286,27.2676,60.1963
70.7447,32.3981,26.8771,59.2752
70.7647,32.1554,26.9619,59.1173
70.7847,32.16,26.7677,58.9278
70.8047,31.8851,26.3457,58.2308
70.8247,31.63,26.3079,57.9379
70.8447,31.3789,26.0336,57.4125
70.8647,30.8787,25.7928,56.6714
70.8847,30.6075,25.7511,56.3586
70.9047,30.2828,25.3374,55.6202
70.9247,29.9054,25.1651,55.0705
70.9447,30.2239,25.046,55.2699
70.9647,29.7137,24.9522,54.6659
70.9847,29.8454,24.8526,54.698
71.0047,29.6398,24.897,54.5367
71.0247,28.9305,24.3058,53.2363
71.0447,29.017,24.109,53.126
71.0647,28.5961,23.6965,52.2926
71.0847,29.262,23.8308,53.0928
71.1047,29.3746,23.6932,53.0678
71.1247,27.5293,23.5179,51.0472
71.1447,27.4797,23.3003,50.78
71.1647,27.8924,23.071,50.9634
71.1847,27.5151,22.9071,50.4221
71.2047,26.5488,22.4784,49.0271
71.2247,26.6156,22.5187,49.1343
71.2447,27.4827,22.6553,50.138
71.2647,26.3607,21.7832,48.1439
71.2847,25.9605,21.9895,47.95
71.3047,25.9318,21.843,47.7748
71.3247,25.7724,21.7454,47.5178
71.3447,24.8063,21.8694,46.6757
71.3647,25.2706,21.2285,46.499
71.3847,24.6569,21.1782,45.8351
71.4047,25.1885,20.9418,46.1304
71.4247,24.9694,21.0834,46.0528
71.4447,24.5979,20.6038,45.2018
71.4647,24.0651,20.3301,44.3952
71.4847,24.2297,20.4361,44.6659
71.5047,24.0105,20.0335,44.044
71.5247,23.5148,20.1049,43.6197
71.5447,23.4804,19.5582,43.0385
71.5647,23.3889,19.4012,42.7901
71.5847,24.1604,19.42,43.5804
71.6047,22.6751,19.2327,41.9078
71.6247,22.8236,19.0509,41.8746
71.6447,22.9028,18.8416,41.7443
71.6647,22.347,18.4925,40.8394
71.6847,21.9839,18.3309,40.3148
71.7047,21.6882,18.2987,39.9869
71.7247,21.9052,18.1465,40.0517
71.7447,22.0888,17.9137,40.0024
71.7647,21.7137,17.9222,39.6359
71.7847,21.61,17.4649,39.0749
71.8047,21.1079,17.2389,38.3468
71.8247,20.591,17.3311,37.9221
71.8447,20.6934,17.2184,37.9118
71.8647,20.528,16.8017,37.3297
71.8847,19.9182,16.8803,36.7986
71.9047,20.3007,16.7772,37.0779
71.9247,19.9827,16.5498,36.5325
71.9447,20.0223,16.1594,36.1817
71.9647,19.8391,15.9509,35.79
71.9847,19.2082,16.1275,35.3357
72.0047,18.8387,15.6058,34.4445
72.0247,19.0371,15.3971,34.4342
72.0447,18.3772,15.3682,33.7454
72.0647,18.635,15.4379,34.0729
72.0847,18.1593,15.0526,33.2119
72.1047,18.6681,14.9164,33.5845
72.1247,18.1847,14.8568,33.0415
72.1447,17.9881,14.678,32.6661
72.1647,17.9397,14.3063,32.246
72.1847,17.2124,14.2849,31.4973
72.2047,17.371,14.3451,31.7161
72.2247,17.175,14.1175,31.2925
72.2447,18.099,13.8585,31.9575
72.2647,17.2302,13.8866,31.1168
72.2847,16.8428,13.59,30.4328
72.3047,17.0304,13.4096,30.44
72.3247,16.5198,13.1641,29.684
72.3447,16.9118,13.0487,29.9606
72.3647,16.3512,12.8464,29.1976
72.3847,16.8805,12.8777,29.7582
72.4047,15.5124,12.5554,28.0679
72.4247,15.9217,12.5498,28.4715
72.4447,15.876,12.14,28.016
72.4647,15.7169,12.0493,27.7662
72.4847,15.8966,12.1032,27.9998
72.5047,15.5018,11.8879,27.3897
72.5247,14.902,11.648,26.55
72.5447,14.7924,11.7127,26.5051
72.5647,14.0171,11.4075,25.4246
72.5847,14.9131,11.2021,26.1152
72.6047,14.8745,11.0444,25.9189
72.6247,14.2218,11.1584,25.3802
72.6447,14.442,10.8909,25.3329
72.6647,14.4796,10.7585,25.238
72.6847,13.6708,10.6959,24.3667
72.7047,13.9738,10.4889,24.4627
72.7247,14.271,10.38,24.651
72.7447,14.2727,10.2563,24.529
72.7647,14.0075,10.2997,24.3072
72.7847,12.5217,10.025,22.5467
72.8047,12.5153,9.88175,22.397
72.8247,11.902,9.57646,21.4785
72.8447,11.9257,9.53435,21.4601
72.8647,12.383,9.35507,21.7381
72.8847,12.0964,9.11586,21.2123
72.9047,11.7017,9.11824,20.82
72.9247,11.3576,8.98356,20.3412
72.9447,11.2139,8.69142,19.9054
72.9647,11.1421,8.64108,19.7832
72.9847,10.747,8.44538,19.1924
73.0047,11.7486,8.42851,20.1771
73.0247,10.8267,8.33114,19.1579
73.0447,10.7667,8.16706,18.9338
73.0647,10.6981,7.98943,18.6876
73.0847,10.9231,8.01565,18.9387
73.1047,10.4985,7.87953,18.378
73.1247,10.6575,7.76918,18.4267
73.1447,10.4805,7.39899,17.8795
73.1647,10.3056,7.24919,17.5548
73.1847,10.228,7.03366,17.2616
73.2047,10.0333,7.1998,17.2331
73.2247,9.66988,6.88479,16.5547
73.2447,9.90179,6.87124,16.773
73.2647,9.53345,6.73135,16.2648
73.2847,9.865,6.75379,16.6188
73.3047,9.7027,6.59003,16.2927
73.3247,9.87013,6.49982,16.3699
73.3447,9.15675,6.47521,15.632
73.3647,9.38357,6.25186,15.6354
73.3847,9.17255,6.2089,15.3815
73.4047,9.11176,5.96195,15.0737
73.4247,8.8814,5.97882,14.8602
73.4447,9.08436,5.68098,14.7653
73.4647,8.74657,5.63974,14.3863
73.4847,9.2105,5.66159,14.8721
73.5047,8.72896,5.50584,14.2348
73.5247,8.51957,5.35938,13.879
73.5447,9.1569,5.37203,14.5289
73.5647,8.67076,5.14431,13.8151
73.5847,8.11309,5.12705,13.2401
73.6047,8.1992,5.05345,13.2526
73.6247,8.13771,4.91458,13.0523
73.6447,8.00535,4.8089,12.8143
73.6647,8.01613,4.66508,12.6812
73.6847,7.57664,4.46841,12.0451
73.7047,7.62013,4.59074,12.2109
73.7247,7.75557,4.37318,12.1288
73.7447,8.12163,4.37121,12.4928
73.7647,7.54717,4.20068,11.7478
73.7847,7.84347,4.04474,11.8882
73.8047,7.45033,4.02566,11.476
73.8247,7.41322,3.87294,11.2862
73.8447,7.54269,3.68686,11.2296
73.8647,7.04616,3.77305,10.8192
73.8847,7.11495,3.6872,10.8021
73.9047,7.70317,3.53873,11.2419
73.9247,7.21168,3.53906,10.7507
73.9447,7.42743,3.30377,10.7312
73.9647,6.80126,3.2484,10.0497
73.9847,6.74624,3.19454,9.94078
74.0047,6.42795,3.01417,9.44212
74.0247,6.6147,3.00514,9.61984
74.0447,6.62963,2.88622,9.51585
74.0647,6.49591,2.79505,9.29096
74.0847,6.73655,2.71684,9.45339
74.1047,6.69879,2.62325,9.32204
74.1247,6.46945,2.53747,9.00692
74.1447,6.14058,2.59018,8.73076
74.1647,6.32536,2.56344,8.8888
74.1847,5.79592,2.31991,8.11583
74.2047,6.11807,2.27294,8.39101
74.2247,5.93664,2.21624,8.15288
74.2447,6.15043,2.14774,8.29817
74.2647,5.90972,2.08304,7.99276
74.2847,6.24415,1.98817,8.23232
74.3047,5.94888,1.87517,7.82405
74.3247,5.12043,1.88443,7.00486
74.3447,5.70302,1.84816,7.55117
74.3647,5.31875,1.77659,7.09535
74.3847,5.85235,1.74039,7.59274
74.4047,5.51653,1.6276,7.14414
74.4247,5.19311,1.53692,6.73003
74.4447,5.61868,1.43958,7.05826
74.4647,5.25671,1.38824,6.64495
74.4847,5.03618,1.37412,6.4103
74.5047,5.1931,1.33272,6.52582
74.5247,5.10615,1.25302,6.35917
74.5447,4.95354,1.14138,6.09492
74.5647,5.48474,1.13991,6.62465
74.5847,4.67177,1.07773,5.7495
74.6047,4.85934,1.04314,5.90248
74.6247,4.58032,0.969444,5.54976
74.6447,4.80079,0.980661,5.78145
74.6647,4.55146,0.87619,5.42765
74.6847,4.64325,0.843697,5.48695
74.7047,4.55328,0.76479,5.31807
74.7247,4.69441,0.667758,5.36217
74.7447,4.34181,0.614861,4.95667
74.7647,4.6164,0.603537,5.21993
74.7847,4.32221,0.50547,4.82768
74.8047,4.67182,0.429382,5.1012
74.8247,4.16861,0.457047,4.62566
74.8447,4.30007,0.379585,4.67966
74.8647,4.13879,0.347248,4.48604
74.8847,4.1778,0.364446,4.54225
74.9047,3.88,0.308931,4.18893
74.9247,4.26964,0.299067,4.56871
74.9447,3.95891,0.289946,4.24885
74.9647,3.54147,0.252798,3.79427
74.9847,3.94928,0.212545,4.16182
75.0047,3.76386,0.20685,3.97071
75.0247,3.90006,0.180486,4.08055
75.0447,3.61767,0.180253,3.79792
75.0647,3.83085,0.149103,3.97995
75.0847,3.741,0.147688,3.88869
75.1047,3.65078,0.124296,3.77507
75.1247,3.69724,0.110905,3.80815
75.1447,3.41051,0.114668,3.52517
75.1647,3.73144,0.125349,3.85679
75.1847,3.3604,0.0960393,3.45644
75.2047,3.40581,0.076638,3.48245
75.2247,3.33797,0.061068,3.39904
75.2447,3.36475,0.0486316,3.41338
75.2647,3.36656,0.0341292,3.40069
75.2847,2.94085,0.0270787,2.96793
75.3047,3.02248,0.0269323,3.04941
75.3247,3.53289,0.0206957,3.55359
75.3447,2.80407,0.00576062,2.80983
75.3647,3.16412,0,3.16412
75.3847,2.88596,0,2.88596
75.4047,3.24102,0,3.24102
75.4247,3.01927,0,3.01927
75.4447,2.86326,0,2.86326
75.4647,2.73414,0,2.73414
75.4847,2.56949,0,2.56949
75.5047,2.74347,0,2.74347
75.5247,2.64329,0,2.64329
75.5447,2.6314,0,2.6314
75.5647,2.46428,0,2.46428
75.5847,2.48745,0,2.48745
75.6047,2.47603,0,2.47603
75.6247,2.39752,0,2.39752
75.6447,2.68654,0,2.68654
75.6647,2.53689,0,2.53689
75.6847,2.5866,0,2.5866
75.7047,2.42618,0,2.42618
75.7247,2.72123,0,2.72123
75.7447,2.56057,0,2.56057
75.7647,2.45362,0,2.45362
75.7847,2.49301,0,2.49301
75.8047,2.33676,0,2.33676
75.8247,2.04686,0,2.04686
75.8447,2.20633,0,2.20633
75.8647,2.29734,0,2.29734
75.8847,2.02181,0,2.02181
75.9047,2.19119,0,2.19119
75.9247,2.19437,0,2.19437
75.9447,1.90733,0,1.90733
75.9647,2.38835,0,2.38835
75.9847,2.04015,0,2.04015
76.0047,1.86307,0,1.86307
76.0247,1.96218,0,1.96218
76.0447,2.00166,0,2.00166
76.0647,1.97301,0,1.97301
76.0847,1.64791,0,1.64791
76.1047,2.09773,0,2.09773
76.1247,1.97691,0,1.97691
76.1447,1.79777,0,1.79777
76.1647,1.85328,0,1.85328
76.1847,1.63634,0,1.63634
76.2047,1.68067,0,1.68067
76.2247,1.513,0,1.513
76.2447,1.5516,0,1.5516
76.2647,1.83214,0,1.83214
76.2847,1.52171,0,1.52171
76.3047,1.65632,0,1.65632
76.3247,1.72875,0,1.72875
76.3447,1.72859,0,1.72859
76.3647,1.3089,0,1.3089
76.3847,1.1966,0,1.1966
76.4047,1.22324,0,1.22324
76.4247,1.46638,0,1.46638
76.4447,1.77411,0,1.77411
76.4647,1.32131,0,1.32131
76.4847,1.21843,0,1.21843
76.5047,1.32173,0,1.32173
76.5247,1.05959,0,1.05959
76.5447,1.22119,0,1.22119
76.5647,0.958614,0,0.958614
76.5847,1.1639,0,1.1639
76.6047,1.18009,0,1.18009
76.6247,1.25851,0,1.25851
76.6447,1.19274,0,1.19274
76.6647,1.55272,0,1.55272
76.6847,1.05289,0,1.05289
76.7047,1.08687,0,1.08687
76.7247,0.963245,0,0.963245
76.7447,0.951224,0,0.951224
76.7647,1.20906,0,1.20906
76.7847,0.953515,0,0.953515
76.8047,1.07161,0,1.07161
76.8247,1.0374,0,1.0374
76.8447,0.861532,0,0.861532
76.8647,0.965108,0,0.965108
76.8847,0.883652,0,0.883652
76.9047,0.816029,0,0.816029
76.9247,1.10667,0,1.10667
76.9447,0.804961,0,0.804961
76.9647,0.886692,0,0.886692
76.9847,0.907571,0,0.907571
77.0047,0.932279,0,0.932279
77.0247,0.905495,0,0.905495
77.0447,0.736003,0,0.736003
77.0647,0.642382,0,0.642382
77.0847,0.845258,0,0.845258
77.1047,0.580982,0,0.580982
77.1247,0.649216,0,0.649216
77.1447,0.581237,0,0.581237
77.1647,0.705834,0,0.705834
77.1847,0.951566,0,0.951566
77.2047,0.967465,0,0.967465
77.2247,0.666159,0,0.666159
77.2447,0.542295,0,0.542295
77.2647,0.575466,0,0.575466
77.2847,0.766959,0,0.766959
77.3047,0.531223,0,0.531223
77.3247,0.65985,0,0.65985
77.3447,0.649877,0,0.649877
77.3647,0.653219,0,0.653219
77.3847,0.51573,0,0.51573
77.4047,0.602695,0,0.602695
77.4247,0.513958,0,0.513958
77.4447,0.529471,0,0.529471
77.4647,0.629615,0,0.629615
77.4847,0.517543,0,0.517543
77.5047,0.61892,0,0.61892
77.5247,0.533913,0,0.533913
77.5447,0.623428,0,0.623428
77.5647,0.515237,0,0.515237
77.5847,0.57859,0,0.57859
77.6047,0.468525,0,0.468525
77.6247,0.415582,0,0.415582
77.6447,0.3257,0,0.3257
77.6647,0.39456,0,0.39456
77.6847,0.398203,0,0.398203
77.7047,0.288297,0,0.288297
77.7247,0.26965,0,0.26965
77.7447,0.324466,0,0.324466
77.7647,0.465389,0,0.465389
77.7847,0.273176,0,0.273176
77.8047,0.310219,0,0.310219
77.8247,0.289691,0,0.289691
77.8447,0.27756,0,0.27756
77.8647,0.352545,0,0.352545
77.8847,0.0900971,0,0.0900971
77.9047,0.243405,0,0.243405
77.9247,0.387011,0,0.387011
77.9447,0.206657,0,0.206657
77.9647,0.357935,0,0.357935
77.9847,0.296916,0,0.296916
78.0047,0.224061,0,0.224061
78.0247,0.336225,0,0.336225
78.0447,0.283947,0,0.283947
78.0647,0.174385,0,0.174385
78.0847,0.23855,0,0.23855
78.1047,0.317653,0,0.317653
78.1247,0.330546,0,0.330546
78.1447,0.112674,0,0.112674
78.1647,0.182365,0,0.182365
78.1847,0.148903,0,0.148903
78.2047,0.185182,0,0.185182
78.2247,0.282292,0,0.282292
78.2447,0.143242,0,0.143242
78.2647,0.283444,0,0.283444
78.2847,0.204564,0,0.204564
78.3047,0.180126,0,0.180126
78.3247,0.187128,0,0.187128
78.3447,0.116811,0,0.116811
78.3647,0.220058,0,0.220058
78.3847,0.153412,0,0.153412
78.4047,0.109205,0,0.109205
78.4247,0.184961,0,0.184961
78.4447,0.218146,0,0.218146
78.4647,0.0743058,0,0.0743058
78.4847,0.164523,0,0.164523
78.5047,0.0642242,0,0.0642242
78.5247,0.129296,0,0.129296
78.5447,0.16855,0,0.16855
78.5647,0.202875,0,0.202875
78.5847,0.159147,0,0.159147
78.6047,0.0627497,0,0.0627497
78.6247,0.128597,0,0.128597
78.6447,0.179009,0,0.179009
78.6647,0.103367,0,0.103367
78.6847,0.110459,0,0.110459
78.7047,0.152637,0,0.152637
78.7247,0.0132692,0,0.0132692
78.7447,0.124599,0,0.124599
78.7647,0.0770094,0,0.0770094
78.7847,0.0837779,0,0.0837779
78.8047,0.0624754,0,0.0624754
78.8247,0.0949244,0,0.0949244
78.8447,0.104523,0,0.104523
78.8647,0.0630555,0,0.0630555
78.8847,0.0843758,0,0.0843758
78.9047,0.0378939,0,0.0378939
78.9247,0.0773076,0,0.0773076
78.9447,0.0681429,0,0.0681429
78.9647,0.0400486,0,0.0400486
78.9847,0.0995213,0,0.0995213
79.0047,0.0413752,0,0.0413752
79.0247,0.131369,0,0.131369
79.0447,0.103357,0,0.103357
79.0647,0.0305464,0,0.0305464
79.0847,0.0449553,0,0.0449553
79.1047,0.166575,0,0.166575
79.1247,0.0071847,0,0.0071847
79.1447,0.0173719,0,0.0173719
79.1647,0.0483404,0,0.0483404
79.1847,-3.68447e-05,0,-3.68447e-05
79.2047,0.0555255,0,0.0555255
79.2247,-0.00110505,0,-0.00110505
79.2447,0.0173041,0,0.0173041
79.2647,-0.0295829,0,-0.0295829
79.2847,0.0579144,0,0.0579144
79.3047,-0.00194154,0,-0.00194154
79.3247,0.0363058,0,0.0363058
79.3447,0.0864055,0,0.0864055
79.3647,-0.00860834,0,-0.00860834
79.3847,0.0266676,0,0.0266676
79.4047,-0.0174834,0,-0.0174834
79.4247,0.0254737,0,0.0254737
79.4447,0.0173264,0,0.0173264
79.4647,0.0360785,0,0.0360785
79.4847,0.0956033,0,0.0956033
79.5047,0.00190528,0,0.00190528
79.5247,0.0867044,0,0.0867044
79.5447,0.0280102,0,0.0280102
79.5647,0.00249944,0,0.00249944
79.5847,0.0499446,0,0.0499446
79.6047,0.0556508,0,0.0556508
79.6247,0.0324531,0,0.0324531
79.6447,0.0065918,0,0.0065918
79.6647,0.00179123,0,0.00179123
79.6847,0.0028974,0,0.0028974
79.7047,0.0171476,0,0.0171476
79.7247,0.064575,0,0.064575
79.7447,0.00438482,0,0.00438482
79.7647,0.0335711,0,0.0335711
79.7847,-0.0339277,0,-0.0339277
79.8047,0.000121832,0,0.000121832
79.8247,0.00837369,0,0.00837369
79.8447,0.0100231,0,0.0100231
79.8647,0.00388656,0,0.00388656
79.8847,0.0488861,0,0.0488861
79.9047,-0.00237457,0,-0.00237457
79.9247,0.0220181,0,0.0220181
79.9447,0.0225536,0,0.0225536
79.9647,0.0361071,0,0.0361071
79.9847,0.0203919,0,0.0203919
80.0047,0.010499,0,0.010499
80.0247,0.0464731,0,0.0464731
80.0447,0.0632746,0,0.0632746
80.0647,0.0280246,0,0.0280246
80.0847,0.00674409,0,0.00674409
80.1047,-0.0198267,0,-0.0198267
80.1247,0.00152442,0,0.00152442
80.1447,-0.00479587,0,-0.00479587
80.1647,0.044086,0,0.044086
80.1847,-0.0172166,0,-0.0172166
80.2047,0.000498693,0,0.000498693
80.2247,0.0390337,0,0.0390337
80.2447,0.0333851,0,0.0333851
80.2647,0.00598004,0,0.00598004
80.2847,-0.0123058,0,-0.0123058
80.3047,0.00288837,0,0.00288837
80.3247,0.013287,0,0.013287
80.3447,0.0182579,0,0.0182579
80.3647,0.0248087,0,0.0248087
80.3847,-0.0209077,0,-0.0209077
80.4047,0.0285242,0,0.0285242
80.4247,-0.00901948,0,-0.00901948
80.4447,0.0297058,0,0.0297058
80.4647,0.0075139,0,0.0075139
80.4847,-0.00835291,0,-0.00835291
80.5047,-0.0194324,0,-0.0194324
80.5247,0.00497706,0,0.00497706
80.5447,0.00131029,0,0.00131029
80.5647,-0.00473383,0,-0.00473383
80.5847,0.00260252,0,0.00260252
80.6047,0.00416984,0,0.00416984
80.6247,0.0120364,0,0.0120364
80.6447,0.0239744,0,0.0239744
80.6647,-0.00325413,0,-0.00325413
80.6847,-0.00920286,0,-0.00920286
80.7047,0.0163866,0,0.0163866
80.7247,0.018031,0,0.018031
80.7447,0.0100852,0,0.0100852
80.7647,0.0206845,0,0.0206845
80.7847,0.00724737,0,0.00724737
80.8047,0.00578645,0,0.00578645
80.8247,0.00768688,0,0.00768688
80.8447,0.0113932,0,0.0113932
80.8647,0.00760761,0,0.00760761
80.8847,-0.00438095,0,-0.00438095
80.9047,0.000937065,0,0.000937065
80.9247,0.0040232,0,0.0040232
80.9447,0.00818291,0,0.00818291
80.9647,-0.00897642,0,-0.00897642
80.9847,-0.00662168,0,-0.00662168
81.0047,-0.0120123,0,-0.0120123
81.0247,-0.00682403,0,-0.00682403
81.0447,0.00521563,0,0.00521563
81.0647,0.000423626,0,0.000423626
81.0847,0.00360306,0,0.00360306
81.1047,0.00885369,0,0.00885369
81.1247,-0.0214233,0,-0.0214233
81.1447,0.0129147,0,0.0129147
81.1647,0.00311101,0,0.00311101
81.1847,0.0141911,0,0.0141911
81.2047,0.0133324,0,0.0133324
81.2247,0.014435,0,0.014435
81.2447,-0.00342999,0,-0.00342999
81.2647,0.00201806,0,0.00201806
81.2847,0.0164691,0,0.0164691
81.3047,-0.00446401,0,-0.00446401
81.3247,-0.0139147,0,-0.0139147
81.3447,-0.00881781,0,-0.00881781
81.3647,0.00514095,0,0.00514095
81.3847,0.00724986,0,0.00724986
81.4047,0.000427347,0,0.000427347
81.4247,-0.00916658,0,-0.00916658
81.4447,-0.01074,0,-0.01074
81.4647,0.0128394,0,0.0128394
81.4847,-0.00403884,0,-0.00403884
81.5047,0.00615272,0,0.00615272
81.5247,-0.000248678,0,-0.000248678
81.5447,0.00306864,0,0.00306864
81.5647,0.000583185,0,0.000583185
81.5847,-0.00526107,0,-0.00526107
81.6047,-0.00948604,0,-0.00948604
81.6247,0.0155796,0,0.0155796
81.6447,-0.00028369,0,-0.00028369
81.6647,0.00284119,0,0.00284119
81.6847,0.00355247,0,0.00355247
81.7047,0.00274699,0,0.00274699
81.7247,0.00512576,0,0.00512576
81.7447,-0.0024855,0,-0.0024855
81.7647,0.00361175,0,0.00361175
81.7847,-0.000798039,0,-0.000798039
81.8047,-0.00514179,0,-0.00514179
81.8247,0.00397954,0,0.00397954
81.8447,0.00426812,0,0.00426812
81.8647,0.00283686,0,0.00283686
81.8847,-0.00486836,0,-0.00486836
81.9047,0.0029066,0,0.0029066
81.9247,-0.00847917,0,-0.00847917
81.9447,0.00376137,0,0.00376137
81.9647,-0.000601059,0,-0.000601059
81.9847,0.00459504,0,0.00459504
82.0047,-0.00673111,0,-0.00673111
82.0247,-0.00288071,0,-0.00288071
82.0447,-0.000599813,0,-0.000599813
82.0647,-0.0089457,0,-0.0089457
82.0847,3.92218e-05,0,3.92218e-05
82.1047,0.00527397,0,0.00527397
82.1247,0.00779884,0,0.00779884
82.1447,-0.00062998,0,-0.00062998
82.1647,0.00268412,0,0.00268412
82.1847,-0.0059565,0,-0.0059565
82.2047,-0.00111931,0,-0.00111931
82.2247,-0.00250186,0,-0.00250186
82.2447,-0.0115236,0,-0.0115236
82.2647,-1.31732e-05,0,-1.31732e-05
82.2847,-0.0047447,0,-0.0047447
82.3047,0.00224563,0,0.00224563
82.3247,-0.00460553,0,-0.00460553
82.3447,0.00783271,0,0.00783271
82.3647,0.00247399,0,0.00247399
82.3847,-0.00165658,0,-0.00165658
82.4047,0.000100342,0,0.000100342
82.4247,-0.00293885,0,-0.00293885
82.4447,-0.000653908,0,-0.000653908
82.4647,0.00407664,0,0.00407664
82.4847,0.00409083,0,0.00409083
82.5047,-0.000896534,0,-0.000896534
82.5247,-0.00225317,0,-0.00225317
82.5447,0.000317539,0,0.000317539
82.5647,-0.00263908,0,-0.00263908
82.5847,0.00270404,0,0.00270404
82.6047,0.0032381,0,0.0032381
82.6247,-0.00378154,0,-0.00378154
82.6447,-0.0096301,0,-0.0096301
