Time(ns),Ie(fC/ns),Ih(fC/ns),It(fC/ns)
0,-90.6577,-62.7392,-153.397
0.0001,-609.736,-537.616,-1147.35
0.0002,1113.26,883.07,1996.33
0.0003,-80.1328,-88.399,-168.532
0.0004,-117.245,-83.8001,-201.045
0.0005,79.3102,62.0257,141.336
0.0006,-165.887,-132.578,-298.465
0.0007,139.15,121.772,260.922
0.0008,-32.2024,-38.5019,-70.7043
0.0009,41.0683,7.3036,48.3719
0.001,-46.2317,-43.6801,-89.9118
0.0011,59.5189,37.4687,96.9876
0.0012,-25.2892,-17.7765,-43.0657
0.0013,75.2487,53.1802,128.429
0.0014,-71.6727,-60.1441,-131.817
0.0015,150.131,121.815,271.947
0.0016,560.336,500.19,1060.53
0.0017,-1067.4,-826.806,-1894.21
0.0018,1126.92,884.726,2011.64
0.0019,-1086.25,-836.868,-1923.12
0.002,1137.26,889.371,2026.63
0.0021,-1154.93,-906.196,-2061.12
0.0022,1199.99,951.231,2151.22
0.0023,-1162.58,-917.58,-2080.16
0.0024,1227.72,968.7,2196.42
0.0025,-1177.51,-927.273,-2104.78
0.0026,1239.22,987.77,2226.99
0.0027,-1163.35,-913.977,-2077.32
0.0028,481.333,437.774,919.108
0.0029,32.9305,25.9982,58.9287
0.003,-3.10111,-2.18762,-5.28873
0.0031,216.142,210.126,426.269
0.0032,158.213,147.965,306.178
0.0033,108.581,98.3122,206.893
0.0034,31.5594,18.5025,50.0619
0.0035,-7.22149,-8.031,-15.2525
0.0036,-5.05492,-12.3653,-17.4203
0.0037,65.7367,58.6811,124.418
0.0038,60.5642,44.2386,104.803
0.0039,-37.835,-39.1775,-77.0124
0.004,96.4507,72.6001,169.051
0.0041,-39.7415,-33.1627,-72.9042
0.0042,32.8807,23.3693,56.25
0.0043,6.73339,2.19566,8.92906
0.0044,37.7571,7.19799,44.9551
0.0045,-174.074,-96.2107,-270.285
0.0046,-159.94,-103.519,-263.46
0.0047,-12.6415,-5.06748,-17.709
0.0048,10.2908,6.25153,16.5423
0.0049,-28.2275,-28.9256,-57.1531
0.005,102.476,104.727,207.203
0.0051,-32.5619,-16.7705,-49.3324
0.0052,131.605,140.607,272.211
0.0053,-74.4788,-58.6791,-133.158
0.0054,205.615,158.142,363.757
0.0055,-43.566,-57.834,-101.4
0.0056,228.597,201.2,429.797
0.0057,-117.783,-100.076,-217.859
0.0058,204.771,170.705,375.477
0.0059,-108.259,-74.7646,-183.023
0.006,216.444,172.697,389.14
0.0061,-143.812,-122.507,-266.319
0.0062,244.835,214.826,459.661
0.0063,-119.361,-107.454,-226.815
0.0064,208.531,161.581,370.112
0.0065,-137.612,-127.16,-264.772
0.0066,227.912,187.314,415.227
0.0067,-161.122,-146.094,-307.216
0.0068,-93.2177,-16.2906,-109.508
0.0069,-31.6875,-8.0142,-39.7017
0.007,62.3472,104.066,166.413
0.0071,-11.338,-2.38039,-13.7183
0.0072,68.435,105.671,174.106
0.0073,159.684,122.448,282.132
0.0074,-31.8501,-30.0859,-61.936
0.0075,245.891,122.839,368.73
0.0076,-32.836,7.53319,-25.3028
0.0077,208.48,153.889,362.369
0.0078,-110.89,-55.5441,-166.434
0.0079,95.0852,66.7825,161.868
0.008,-34.1036,-0.835598,-34.9392
0.0081,145.154,82.4508,227.605
0.0082,-13.3426,35.4,22.0575
0.0083,93.7292,55.3627,149.092
0.0084,-30.1766,27.8975,-2.27912
0.0085,45.7029,13.4128,59.1156
0.0086,13.9866,22.6928,36.6795
0.0087,58.1066,56.4253,114.532
0.0088,63.8914,67.8104,131.702
0.0089,19.9597,-22.4146,-2.45489
0.009,57.7158,52.0562,109.772
0.0091,69.1415,21.6109,90.7525
0.0092,43.8612,52.4403,96.3015
0.0093,55.4463,6.02966,61.4759
0.0094,46.0318,66.9627,112.994
0.0095,31.3673,-8.47626,22.891
0.0096,0.358631,20.4368,20.7955
0.0097,95.8011,60.5831,156.384
0.0098,961.598,865.363,1826.96
0.0099,-1080.96,-762.636,-1843.59
0.01,1004.11,845.048,1849.16
0.0101,-1068.49,-796.844,-1865.34
0.0102001,1013.3,741.027,1754.32
0.0103003,-858.603,-753.31,-1611.91
0.0104005,885.531,604.112,1489.64
0.0105009,-939.831,-773.238,-1713.07
0.0106014,911.883,637.235,1549.12
0.0107019,-949.407,-710.618,-1660.02
0.0108026,978.065,686.877,1664.94
0.0109033,-870.701,-654.175,-1524.88
0.0110041,879.27,729.038,1608.31
0.011105,-888.738,-665.822,-1554.56
0.011206,894.409,697.182,1591.59
0.0113071,-934.815,-698.398,-1633.21
0.0114083,1008.62,734.687,1743.3
0.0115096,-917.217,-715.146,-1632.36
0.011611,1115.69,1124.42,2240.11
0.0117124,-908.251,-492.766,-1401.02
0.011814,1138.06,1108.76,2246.81
0.0119156,-888.062,-519.018,-1407.08
0.0120174,1155.15,1075.58,2230.73
0.0121192,-1088.64,-796.586,-1885.23
0.0122211,894.386,767.183,1661.57
0.0123231,-798.392,-666.67,-1465.06
0.0124253,878.633,720.861,1599.49
0.0125275,-982.357,-807.122,-1789.48
0.0126298,837.501,668.273,1505.77
0.0127322,-927.419,-745.98,-1673.4
0.0128346,1090.44,861.962,1952.4
0.0129372,-972.844,-791.888,-1764.73
0.0130399,-800.716,-728.007,-1528.72
0.0131426,1140.37,779.028,1919.4
0.0132455,-1103.25,-947.883,-2051.13
0.0133485,1032.35,670.004,1702.35
0.0134515,-913.782,-824.635,-1738.42
0.0135546,1090.61,805.136,1895.75
0.0136579,-1026.38,-770.918,-1797.3
0.0137612,1047.19,728.676,1775.86
0.0138646,-1010.51,-724.982,-1735.49
0.0139681,982.184,731.274,1713.46
0.0140717,-1357.28,-1060.44,-2417.72
0.0141754,867.855,736.59,1604.44
0.0142792,-1093.75,-834.131,-1927.88
0.0143831,1098.24,873.437,1971.68
0.0144871,-1082.66,-791.669,-1874.32
0.0145912,1060.11,885.345,1945.46
0.0146954,-1057.57,-735.9,-1793.47
0.0147996,1095.54,897.255,1992.8
0.014904,-1081.22,-829.595,-1910.81
0.0150084,1169.09,950.889,2119.98
0.015113,-1011.6,-769.984,-1781.58
0.0152176,1045.59,890.946,1936.54
0.0153224,-1054.29,-836.741,-1891.03
0.0154272,1091.38,927.732,2019.12
0.0155322,-1060.76,-880.733,-1941.49
0.0156372,1022.22,893.224,1915.44
0.0157423,-976.794,-793.498,-1770.29
0.0158475,957.097,810.989,1768.09
0.0159529,-893.733,-731.445,-1625.18
0.0160583,921.908,784.109,1706.02
0.0161638,-910.556,-751.765,-1662.32
0.0162694,875.702,753.535,1629.24
0.0163751,-893.312,-749.622,-1642.93
0.0164809,921.434,797.98,1719.41
0.0165868,-447.605,-434.444,-882.05
0.0166928,779.118,690.836,1469.95
0.0167988,-1148.3,-925.648,-2073.95
0.016905,840.504,727.806,1568.31
0.0170113,-1007.83,-800.557,-1808.39
0.0171177,873.292,753.004,1626.3
0.0172241,472.518,394.818,867.336
0.0173307,-1164.6,-891.248,-2055.84
0.0174374,842.563,689.794,1532.36
0.0175441,-1090.3,-835.817,-1926.12
0.017651,862.911,706.842,1569.75
0.0177579,-645.454,-520.453,-1165.91
0.017865,787.975,651.321,1439.3
0.0179721,-973.077,-740.252,-1713.33
0.0180794,824.142,672.189,1496.33
0.0181867,-520.827,-426.181,-947.008
0.0182942,204.412,171.833,376.246
0.0184017,220.405,228.092,448.498
0.0185094,245.227,197.04,442.267
0.0186171,-271.963,19.3002,-252.663
0.0187249,-163.225,35.6417,-127.583
0.0188329,109.175,204.31,313.485
0.0189409,144.848,249.092,393.939
0.019049,359.668,322.359,682.027
0.0191572,57.5899,86.705,144.295
0.0192656,187.37,263.439,450.809
0.019374,-29.2345,-5.22611,-34.4606
0.0194825,186.724,154.401,341.125
0.0195911,87.0344,173.001,260.036
0.0196999,137.608,81.0983,218.706
0.0198087,65.2725,124.234,189.506
0.0199176,251.123,181.822,432.945
0.0200266,156.488,223.792,380.28
0.0201357,319.288,240.028,559.316
0.0202449,-61.456,5.27679,-56.1792
0.0203543,195.559,157.806,353.365
0.0204637,20.1802,77.5368,97.717
0.0205732,9.83344,-4.63969,5.19375
0.0206828,279.584,341.457,621.041
0.0207925,-175.367,-155.02,-330.386
0.0209023,329.487,329.838,659.325
0.0210122,9.12529,-27.9161,-18.7908
0.0211222,-170.534,-79.3614,-249.895
0.0212323,92.5815,99.2165,191.798
0.0213426,-34.2913,14.4528,-19.8385
0.0214529,119.37,90.6154,209.985
0.0215633,-285.23,-184.354,-469.584
0.0216738,245.052,239.996,485.048
0.0217844,23.8636,58.4992,82.3628
0.0218951,74.789,13.989,88.778
0.0220059,-68.9145,-24.3603,-93.2748
0.0221168,375.079,351.016,726.095
0.0222279,-105.69,-92.3429,-198.033
0.022339,316.131,279.614,595.745
0.0224502,-98.2321,-69.9878,-168.22
0.0225615,237.917,188.258,426.174
0.0226729,-45.7835,-7.01667,-52.8002
0.0227845,328.448,269.92,598.369
0.0228961,-220.233,-154.882,-375.115
0.0230078,-9.40235,-20.4559,-29.8583
0.0231196,286.377,283.584,569.961
0.0232316,-129.496,-140.195,-269.691
0.0233436,209.976,215.632,425.608
0.0234557,74.7708,28.2207,102.991
0.0235679,321.986,303.548,625.534
0.0236803,-368.381,-330.116,-698.496
0.0237927,225.804,242.87,468.674
0.0239053,402.887,350.4,753.287
0.0240179,81.0786,85.7409,166.82
0.0241306,-159.576,-173.932,-333.508
0.0242435,398.319,389.781,788.1
0.0243564,-407.488,-381.276,-788.764
0.0244695,349.863,344.235,694.098
0.0245826,401.759,372.96,774.72
0.0246959,-307.223,-266.631,-573.853
0.0248093,666.279,572.631,1238.91
0.0249227,-880.991,-728.11,-1609.1
0.0250363,700.111,626.018,1326.13
0.02515,314.782,302.288,617.07
0.0252637,-632.343,-549.176,-1181.52
0.0253776,443.887,423.736,867.623
0.0254916,538.695,490.519,1029.21
0.0256057,-916.483,-753.596,-1670.08
0.0257199,639.503,565.197,1204.7
0.0258341,310.796,314.717,625.513
0.0259485,-648.648,-528.958,-1177.61
0.026063,346.751,334.838,681.589
0.0261776,540.198,468.979,1009.18
0.0262923,-287.273,-268.569,-555.842
0.0264072,-1480.9,-956.037,-2436.94
0.0265221,-1369.57,-831.377,-2200.95
0.0266371,-1568.6,-1022.77,-2591.36
0.0267522,-1306.09,-854.892,-2160.98
0.0268674,440.914,455.993,896.907
0.0269828,-241.914,-153.401,-395.315
0.0270982,1095.17,815.291,1910.47
0.0272138,-922.61,-806.272,-1728.88
0.0273294,1073.5,775.892,1849.39
0.0274452,-895.437,-813.181,-1708.62
0.027561,1078.63,895.359,1973.99
0.027677,-820.937,-719.743,-1540.68
0.0277931,1214.72,950.587,2165.31
0.0279092,-1210.01,-945.116,-2155.12
0.0280255,980.853,870.442,1851.29
0.0281419,-360.47,-345.94,-706.411
0.0282584,401.535,398.988,800.523
0.028375,-832.658,-733.846,-1566.5
0.0284917,655.739,575.439,1231.18
0.0286085,-603.629,-551.466,-1155.1
0.0287254,584.404,563.131,1147.54
0.0288424,-644.997,-571.635,-1216.63
0.0289596,507.845,492.083,999.929
0.0290768,-513.081,-485.298,-998.379
0.0291942,519.359,494.021,1013.38
0.0293116,-533.779,-467.087,-1000.87
0.0294292,553.08,508,1061.08
0.0295468,-496.948,-459.563,-956.511
0.0296646,499.223,488.619,987.842
0.0297825,-499.75,-448.507,-948.257
0.0299005,513.685,457.087,970.772
0.0300185,-549.228,-469.917,-1019.14
0.0301367,550.388,498.273,1048.66
0.0302551,-549.325,-481.049,-1030.37
0.0303735,595.76,533.354,1129.11
0.030492,-548.075,-487.875,-1035.95
0.0306106,531.529,464.492,996.021
0.0307294,-406.965,-365.632,-772.597
0.0308482,535.688,486.209,1021.9
0.0309671,-415.498,-387.24,-802.738
0.0310862,429.922,404.565,834.487
0.0312054,-356.061,-332.555,-688.616
0.0313247,486.948,448.091,935.039
0.031444,-427.827,-380.837,-808.664
0.0315635,476.307,446.418,922.725
0.0316831,-447.419,-386.307,-833.726
0.0318029,582.153,544.198,1126.35
0.0319227,-439.648,-398.369,-838.017
0.0320426,436.942,416.817,853.76
0.0321626,-465.128,-415.425,-880.553
0.0322828,583.241,539.794,1123.04
0.032403,-507.512,-464.275,-971.787
0.0325234,602.987,539.36,1142.35
0.0326439,-475.004,-431.687,-906.691
0.0327645,601.452,537.78,1139.23
0.0328852,-541.589,-478.533,-1020.12
0.033006,563.316,527.45,1090.77
0.0331269,-475.127,-429.64,-904.767
0.0332479,583.017,520.488,1103.5
0.033369,-517.029,-470.674,-987.704
0.0334903,567.732,509.559,1077.29
0.0336116,-380.589,-341.313,-721.903
0.0337331,458.872,437.597,896.469
0.0338547,-463.166,-418.241,-881.407
0.0339764,493.914,455.368,949.282
0.0340982,-272.221,-244.426,-516.648
0.0342201,517.255,476.216,993.47
0.0343421,-654.916,-533.946,-1188.86
0.0344642,551.473,488.549,1040.02
0.0345865,-74.251,-97.085,-171.336
0.0347088,442.627,428.387,871.014
0.0348313,-818.3,-661.53,-1479.83
0.0349539,490.55,441.851,932.401
0.0350765,-89.3215,-110.175,-199.497
0.0351993,436.914,426.225,863.139
0.0353222,-717.893,-600.423,-1318.32
0.0354453,435.177,394.813,829.99
0.0355684,-89.7336,-89.6548,-179.388
0.0356916,354.944,340.938,695.882
0.035815,-557.393,-488.371,-1045.76
0.0359385,451.418,423.115,874.533
0.036062,-29.5363,-61.2271,-90.7634
0.0361857,420.122,395.939,816.061
0.0363095,-665.537,-563.013,-1228.55
0.0364335,408.892,385.932,794.825
0.0365575,-109.407,-119.549,-228.956
0.0366816,360.719,343.198,703.917
0.0368059,-565.253,-499.971,-1065.22
0.0369303,451.2,412.054,863.254
0.0370547,-115.006,-148.251,-263.257
0.0371793,369.416,337.762,707.178
0.037304,-447.706,-394.737,-842.443
0.0374289,463.11,428.477,891.587
0.0375538,-205.406,-219.125,-424.531
0.0376789,423.427,384.164,807.591
0.037804,801.429,526.968,1328.4
0.0379293,688.282,565.151,1253.43
0.0380547,642.482,519.314,1161.8
0.0381802,755.245,714.555,1469.8
0.0383058,715.08,660.711,1375.79
0.0384315,486.034,522.466,1008.5
0.0385574,697.063,637.916,1334.98
0.0386833,405.097,336.137,741.234
0.0388094,475.012,553.4,1028.41
0.0389356,100.671,73.8459,174.517
0.0390619,430.667,442.743,873.411
0.0391883,-2.70263,49.721,47.0184
0.0393149,370.113,389.078,759.191
0.0394415,-133.73,-98.2444,-231.975
0.0395683,387.118,390.691,777.808
0.0396952,36.7623,26.0379,62.8003
0.0398222,328.358,319.283,647.64
0.0399493,511.715,484.013,995.729
0.0400765,231.132,209.385,440.517
0.0402038,342.234,361.768,704.002
0.0403313,185.837,147.867,333.704
0.0404589,-379.919,-299.502,-679.422
0.0405866,384.855,321.1,705.955
0.0407144,157.54,188.544,346.084
0.0408423,178.536,161.739,340.275
0.0409703,-595.811,-473.337,-1069.15
0.0410985,533.566,437.474,971.04
0.0412268,117.569,189.376,306.944
0.0413551,378.521,315.427,693.948
0.0414836,-970.4,-710.716,-1681.12
0.0416123,55.6497,15.1023,70.752
0.041741,13.3549,28.6577,42.0127
0.0418699,669.982,569.256,1239.24
0.0419988,-20.4859,15.9179,-4.568
0.0421279,416.214,334.037,750.251
0.0422571,-929.052,-687.88,-1616.93
0.0423865,-252.076,-282.672,-534.748
0.0425159,-289.185,-261.239,-550.424
0.0426455,721.252,606.161,1327.41
0.0427751,262.403,261.776,524.179
0.0429049,397.685,344.469,742.155
0.0430348,-506.43,-454.927,-961.357
0.0431649,637.271,552.419,1189.69
0.043295,-944.461,-722.338,-1666.8
0.0434253,82.7675,64.4556,147.223
0.0435557,-73.208,-66.089,-139.297
0.0436862,709.865,617.124,1326.99
0.0438168,236.619,242.52,479.139
0.0439476,-825.388,-659.872,-1485.26
0.0440784,-374.206,-315.298,-689.504
0.0442094,636.38,569.422,1205.8
0.0443405,132.525,111.176,243.701
0.0444717,536.696,480.74,1017.44
0.0446031,-786.865,-682.13,-1469
0.0447345,649.372,581.116,1230.49
0.0448661,-122.14,-153.665,-275.805
0.0449978,600.645,528.915,1129.56
0.0451296,-929.82,-724.013,-1653.83
0.0452615,552.198,469.012,1021.21
0.0453936,-137.302,-144.103,-281.404
0.0455258,475.011,449.386,924.397
0.0456581,-904.979,-725.324,-1630.3
0.0457905,446.467,406.11,852.578
0.045923,339.817,293.266,633.082
0.0460557,-789.284,-712.39,-1501.67
0.0461885,-11.9948,-28.2429,-40.2378
0.0463214,430.765,361.126,791.891
0.0464544,384.522,342.511,727.033
0.0465875,350.912,313.288,664.2
0.0467208,-688.854,-604.36,-1293.21
0.0468542,-982.607,-834.152,-1816.76
0.0469877,784.809,676.493,1461.3
0.0471213,-900.01,-778.795,-1678.8
0.047255,918.689,801.814,1720.5
0.0473889,263.544,225.803,489.346
0.0475229,-547.581,-466.259,-1013.84
0.047657,486.82,424.589,911.409
0.0477912,748.303,671.276,1419.58
0.0479256,-960.799,-815.563,-1776.36
0.0480601,428.834,397.823,826.657
0.0481947,226.2,215.516,441.716
0.0483294,200.621,173.292,373.913
0.0484642,408.264,360.156,768.42
0.0485992,-780.038,-675.636,-1455.67
0.0487343,-925.541,-778.871,-1704.41
0.0488695,-245.326,-247.697,-493.023
0.0490048,514.788,442.876,957.665
0.0491403,188.298,183.666,371.964
0.0492759,495.439,414.508,909.947
0.0494116,-280.021,-285.335,-565.356
0.0495474,522.038,449.507,971.545
0.0496834,38.9259,16.3461,55.272
0.0498194,453.531,401.898,855.429
0.0499556,-623.381,-550.317,-1173.7
0.050092,-686.555,-613.038,-1299.59
0.0502284,215.951,174.495,390.446
0.050365,397.326,346.428,743.754
0.0505017,311.936,266.149,578.085
0.0506385,332.75,312.138,644.889
0.0507754,-589.397,-518.949,-1108.35
0.0509125,-524.417,-478.081,-1002.5
0.0510497,628.857,552.758,1181.61
0.051187,-377.796,-331.77,-709.565
0.0513245,720.221,626.726,1346.95
0.051462,-338.165,-292.026,-630.191
0.0515997,717.762,622.031,1339.79
0.0517375,-1324.34,-789.933,-2114.27
0.0518755,-1284.49,-822.204,-2106.7
0.0520136,566.009,646.755,1212.76
0.0521518,-823.452,-618.244,-1441.7
0.0522901,650.242,687.726,1337.97
0.0524285,383.228,402.991,786.219
0.0525671,-909.779,-728.021,-1637.8
0.0527058,681.276,661.852,1343.13
0.0528446,711.767,604.484,1316.25
0.0529836,-1478.83,-1101.54,-2580.37
0.0531226,732.046,678.534,1410.58
0.0532618,735.874,625.585,1361.46
0.0534012,-1052.13,-827.031,-1879.16
0.0535406,606.715,552.39,1159.11
0.0536802,-822.002,-591.345,-1413.35
0.0538199,712.73,605.125,1317.85
0.0539597,701.059,631.895,1332.95
0.0540997,-157.075,-197.298,-354.373
0.0542398,755.928,648.09,1404.02
0.05438,49.5953,15.4015,64.9968
0.0545204,441.687,321.634,763.321
0.0546608,-326.963,-308.683,-635.646
0.0548014,456.502,414.964,871.466
0.0549422,-98.8471,-169.898,-268.746
0.055083,161.398,54.6991,216.097
0.055224,-219.398,-186.492,-405.89
0.0553651,245.364,121.419,366.784
0.0555064,-354.441,-411.357,-765.798
0.0556477,580.328,464.161,1044.49
0.0557892,-310.714,-342.79,-653.504
0.0559309,120.602,89.9125,210.515
0.0560726,-371.634,-362.123,-733.757
0.0562145,-39.1724,-69.8766,-109.049
0.0563565,58.3511,-21.6336,36.7175
0.0564987,-50.78,-55.3295,-106.11
0.0566409,45.8303,26.9361,72.7665
0.0567833,-154.853,-159.647,-314.5
0.0569259,324.057,258.824,582.881
0.0570685,-246.552,-219.53,-466.083
0.0572113,-9.52524,-38.875,-48.4003
0.0573542,-266.788,-236.694,-503.481
0.0574973,285.43,225.334,510.764
0.0576405,-193.28,-173.512,-366.792
0.0577838,-85.7048,-83.5738,-169.279
0.0579272,-131.234,-148.09,-279.324
0.0580708,273.657,231.263,504.92
0.0582145,-211.398,-184.475,-395.873
0.0583583,-75.6095,-38.781,-114.391
0.0585023,-30.0132,-84.3954,-114.409
0.0586464,217.423,181.235,398.658
0.0587906,-31.461,-11.4964,-42.9574
0.0589349,-308.777,-253.695,-562.472
0.0590794,230.379,171.223,401.602
0.059224,-116.51,-105.036,-221.546
0.0593688,31.428,49.7292,81.1573
0.0595137,17.6695,49.839,67.5084
0.0596587,69.0034,34.6312,103.635
0.0598038,-84.1574,-60.7068,-144.864
0.0599491,-110.742,-103.074,-213.816
0.0600945,229.92,211.155,441.076
0.0602401,-13.6053,-24.6206,-38.226
0.0603857,-261.959,-234.31,-496.269
0.0605315,160.854,133.575,294.429
0.0606775,51.5461,64.1737,115.72
0.0608235,62.6194,81.89,144.509
0.0609697,-39.2792,-59.6955,-98.9747
0.0611161,126.938,127.383,254.321
0.0612625,-50.2425,-54.4604,-104.703
0.0614092,191.228,183.144,374.372
0.0615559,-173.313,-189.495,-362.808
0.0617028,222.01,209.696,431.707
0.0618498,-74.6486,-68.1968,-142.845
0.0619969,153.981,139.65,293.632
0.0621442,-64.8814,-66.2078,-131.089
0.0622916,122.612,119.928,242.541
0.0624391,-129.808,-126.708,-256.516
0.0625868,256.496,206.104,462.6
0.0627346,-202.251,-193.205,-395.456
0.0628825,449.99,402.785,852.775
0.0630306,-382.816,-339.927,-722.743
0.0631788,237.994,201.33,439.324
0.0633272,-32.9372,-45.449,-78.3863
0.0634756,203.086,177.078,380.164
0.0636242,-222.332,-163.923,-386.255
0.063773,163.068,136.756,299.824
0.0639219,-100.214,-136.683,-236.897
0.0640709,345.04,335.547,680.587
0.0642201,-327.466,-298.263,-625.73
0.0643694,163.709,157.52,321.229
0.0645188,-82.6465,-108.118,-190.765
0.0646683,144.28,131.228,275.508
0.064818,-98.1759,-51.6614,-149.837
0.0649679,-14.8639,-29.2786,-44.1425
0.0651178,151.067,123.9,274.967
0.065268,159.58,137.296,296.876
0.0654182,-159.485,-128.285,-287.77
0.0655686,212.432,183.264,395.697
0.0657191,5.50421,5.95353,11.4577
0.0658697,125.182,111.39,236.573
0.0660205,-161.216,-139.255,-300.472
0.0661715,236.688,198.334,435.022
0.0663225,-13.7362,-23.6222,-37.3584
0.0664737,11.3985,10.3114,21.7099
0.0666251,15.6499,25.5846,41.2345
0.0667765,77.1803,42.0002,119.181
0.0669282,-79.2678,-97.375,-176.643
0.0670799,127.588,107.047,234.635
0.0672318,-110.39,-117.183,-227.573
0.0673838,231.292,214.121,445.414
0.067536,-116.518,-142.71,-259.228
0.0676883,240.737,227.07,467.807
0.0678407,-135.287,-110.342,-245.629
0.0679933,298.061,267.924,565.984
0.068146,-126.995,-137.619,-264.614
0.0682989,255.6,238.755,494.355
0.0684519,-196.972,-189.824,-386.795
0.0686051,286.139,252.517,538.656
0.0687583,-117.285,-123.816,-241.101
0.0689117,222.924,187.403,410.327
0.0690653,-159.165,-180.089,-339.254
0.069219,297.967,259.598,557.565
0.0693728,-88.9894,-101.035,-190.024
0.0695268,292.249,263.917,556.167
0.0696809,-176.584,-187.836,-364.42
0.0698352,303.413,268.002,571.414
0.0699896,-145.017,-182.966,-327.983
0.0701441,296.185,277.75,573.935
0.0702988,-165.157,-183.178,-348.335
0.0704536,241.357,245.461,486.819
0.0706086,-144.107,-168.504,-312.612
0.0707637,270.176,254.742,524.918
0.0709189,-154.013,-163.443,-317.456
0.0710743,315.745,281.368,597.113
0.0712298,-148.983,-187.862,-336.845
0.0713855,253.085,238.13,491.215
0.0715413,-109.785,-129.133,-238.918
0.0716972,288.375,253.545,541.919
0.0718533,-78.4056,-98.1453,-176.551
0.0720095,120.554,110.27,230.824
0.0721659,2.55532,-20.5658,-18.0105
0.0723224,119.189,96.8579,216.047
0.0724791,14.1226,-2.74603,11.3766
0.0726359,128.53,94.9503,223.48
0.0727928,71.6323,37.9758,109.608
0.0729499,176.417,157.361,333.777
0.0731071,24.6143,-6.74033,17.8739
0.0732645,124.336,109.729,234.065
0.073422,33.3581,11.4919,44.85
0.0735797,236.082,202.178,438.26
0.0737375,-8.91543,-32.5301,-41.4455
0.0738954,137.187,91.3981,228.586
0.0740535,84.1613,61.4071,145.568
0.0742117,260.845,218.73,479.575
0.0743701,-8.46467,-37.57,-46.0346
0.0745286,89.9494,63.9955,153.945
0.0746873,82.8806,46.9538,129.834
0.0748461,233.762,199.716,433.478
0.075005,24.1769,-4.16635,20.0106
0.0751641,52.7049,35.3711,88.076
0.0753234,124.541,100.62,225.161
0.0754828,81.9016,66.7989,148.701
0.0756423,99.3764,69.6155,168.992
0.075802,5.84595,-8.2236,-2.37765
0.0759618,178.19,121.169,299.358
0.0761218,73.6445,29.3505,102.995
0.0762819,93.6018,70.9906,164.592
0.0764421,-15.871,-32.9079,-48.7789
0.0766025,151.586,106.032,257.617
0.0767631,-1005.5,-877.558,-1883.05
0.0769238,-882.519,-739.349,-1621.87
0.0770846,105.578,243.17,348.749
0.0772456,-1267.5,-863.457,-2130.95
0.0774067,147.869,311.281,459.15
0.077568,68.3958,92.7367,161.132
0.0777294,-83.8208,-47.4398,-131.261
0.077891,183.163,6.53439,189.698
0.0780527,-44.2887,-109.027,-153.316
0.0782146,383.852,206.934,590.786
0.0783766,116.421,76.8577,193.278
0.0785388,56.3446,54.9662,111.311
0.0787011,83.1837,59.1025,142.286
0.0788635,39.3201,-30.0923,9.22784
0.0790261,174.795,117.069,291.865
0.0791889,186.05,98.26,284.31
0.0793518,173.207,53.3678,226.575
0.0795148,205.916,130.058,335.973
0.079678,58.5071,-36.0427,22.4644
0.0798414,90.6221,51.7888,142.411
0.0800048,124.381,14.9607,139.342
0.0801685,55.4972,18.2356,73.7328
0.0803323,69.5807,-33.7561,35.8246
0.0804962,120.993,114.419,235.411
0.0806603,173.983,75.5456,249.528
0.0808245,29.0153,-1.3357,27.6796
0.0809889,104.244,-6.32926,97.9149
0.0811535,59.9676,26.4318,86.3994
0.0813182,141.444,48.8884,190.333
0.081483,-16.669,-13.3861,-30.0551
0.081648,286.773,172.285,459.058
0.0818131,-41.7426,-24.0301,-65.7727
0.0819784,95.7953,-8.9518,86.8435
0.0821438,-110.288,-89.5219,-199.81
0.0823094,210.318,122.622,332.941
0.0824751,-70.8325,-63.4085,-134.241
0.082641,225.04,124.92,349.96
0.0828071,-117.314,-91.3363,-208.65
0.0829733,306.727,188.561,495.289
0.0831396,-16.0679,-8.82503,-24.893
0.0833061,187.576,88.3795,275.955
0.0834727,-181.952,-145.707,-327.659
0.0836395,414.008,284.716,698.725
0.0838065,-112.361,-96.1272,-208.488
0.0839736,184.191,104.014,288.205
0.0841408,-186.607,-160.07,-346.677
0.0843082,401.855,279.949,681.805
0.0844758,-106.432,-98.4081,-204.841
0.0846435,221.56,118.608,340.168
0.0848113,-147.06,-116.335,-263.395
0.0849793,369.371,255.186,624.558
0.0851475,-110.842,-111.317,-222.159
0.0853158,269.443,199.113,468.556
0.0854843,-162.315,-133.188,-295.503
0.0856529,276.48,196.642,473.122
0.0858217,-63.5072,-71.7442,-135.251
0.0859906,305.388,208.206,513.594
0.0861597,-172.753,-148.251,-321.005
0.0863289,369.202,258.885,628.087
0.0864983,-44.1748,-50.5643,-94.7391
0.0866679,257.405,177.705,435.11
0.0868376,-163.981,-149.548,-313.529
0.0870074,381.068,278.654,659.723
0.0871774,-94.8237,-91.794,-186.618
0.0873476,226.344,160.092,386.436
0.0875179,-98.8753,-105.805,-204.68
0.0876884,373.348,266.449,639.797
0.087859,-11.6154,-41.0856,-52.7009
0.0880298,161.067,105.346,266.413
0.0882007,-73.2471,-82.3662,-155.613
0.0883718,287.393,221.124,508.517
0.088543,18.8421,-27.3947,-8.55265
0.0887145,140.277,96.6535,236.93
0.088886,-83.9449,-107.833,-191.778
0.0890577,249.75,202.35,452.1
0.0892296,-26.4016,-41.0485,-67.4501
0.0894016,173.311,104.961,278.272
0.0895738,-50.8115,-69.798,-120.61
0.0897461,287.693,235.836,523.528
0.0899186,-22.8712,-51.4006,-74.2719
0.0900913,189.139,107.153,296.292
0.0902641,-52.5995,-66.9407,-119.54
0.0904371,327.526,254.95,582.476
0.0906102,-83.4647,-112.039,-195.503
0.0907835,275.964,216.329,492.293
0.0909569,-171.861,-156.86,-328.721
0.0911305,399.026,332.217,731.243
0.0913043,-88.4526,-100.363,-188.815
0.0914782,234.035,166.562,400.597
0.0916523,-146.372,-145.08,-291.452
0.0918265,453.67,375.937,829.608
0.0920009,-66.9634,-76.517,-143.48
0.0921754,165.713,114.824,280.537
0.0923501,-83.9893,-76.5328,-160.522
0.092525,513.909,418.954,932.863
0.0927,-122.877,-121.542,-244.419
0.0928752,161.295,102.927,264.223
0.0930505,-47.6781,-41.9974,-89.6755
0.093226,397.036,325.557,722.593
0.0934017,-40.7314,-52.9355,-93.6669
0.0935775,231.844,147.931,379.775
0.0937535,-23.9852,-44.1088,-68.094
0.0939296,444.282,360.991,805.273
0.0941059,-57.2473,-82.5277,-139.775
0.0942824,206.124,130.313,336.437
0.094459,-9.01437,-29.7826,-38.797
0.0946358,403.096,329.224,732.32
0.0948127,8.6824,-13.2187,-4.53629
0.0949898,224.703,164.144,388.847
0.0951671,-27.4047,-30.5595,-57.9642
0.0953445,365.259,323.952,689.21
0.0955221,-11.771,-44.9701,-56.7411
0.0956999,227.675,164.861,392.535
0.0958778,-30.3781,-40.1111,-70.4892
0.0960558,464.031,393.462,857.493
0.0962341,-50.699,-76.5898,-127.289
0.0964125,204.372,134.997,339.369
0.096591,-83.0117,-59.5522,-142.564
0.0967697,459.976,376.363,836.339
0.0969486,-118.801,-130.124,-248.925
0.0971277,225.715,180.146,405.861
0.0973069,-43.4937,-32.5045,-75.9981
0.0974863,295.738,238.418,534.156
0.0976658,-67.9442,-90.0182,-157.962
0.0978455,302.104,251.096,553.201
0.0980253,-38.7226,-47.286,-86.0086
0.0982054,308.476,251.275,559.751
0.0983856,-103.246,-113.534,-216.78
0.0985659,401.746,317.875,719.621
0.0987464,-78.5178,-70.3448,-148.863
0.0989271,285.389,234.463,519.852
0.0991079,-64.446,-79.9157,-144.362
0.0992889,351.103,270.217,621.32
0.0994701,-73.8982,-75.1102,-149.008
0.0996514,232.8,183.773,416.574
0.099833,20.1759,-29.0371,-8.86121
0.100015,288.379,258.804,547.183
0.100196,-60.0512,-61.262,-121.313
0.100378,238.154,185.744,423.899
0.100561,-2.86562,-17.9857,-20.8513
0.100743,276.018,238.949,514.967
0.100925,-26.7967,-13.7643,-40.561
0.101108,315.038,232.108,547.145
0.101291,0.923731,-15.6914,-14.7677
0.101474,277.315,205.463,482.777
0.101657,-70.3722,-68.8547,-139.227
0.10184,385.944,334.535,720.479
0.102024,-55.9276,-29.2488,-85.1764
0.102208,334.393,254.976,589.368
0.102391,-113.085,-102.442,-215.527
0.102575,283.384,212.918,496.302
0.10276,15.7524,13.9572,29.7096
0.102944,220.476,184.075,404.551
0.103128,-54.6987,-42.8194,-97.5182
0.103313,294.61,219.227,513.836
0.103498,20.5641,1.87861,22.4427
0.103683,258.499,185.035,443.534
0.103868,-24.7679,-35.1267,-59.8946
0.104053,272.232,227.674,499.906
0.104239,50.8707,32.895,83.7657
0.104424,271.092,208.64,479.732
0.10461,-68.3615,-38.2803,-106.642
0.104796,278.408,214.171,492.579
0.104983,-9.33398,-35.8661,-45.2001
0.105169,248.375,178.567,426.943
0.105355,6.95964,-8.0909,-1.13125
0.105542,161.585,126.766,288.351
0.105729,64.1668,41.3172,105.484
0.105916,216.294,184.165,400.459
0.106103,-69.0765,-71.6003,-140.677
0.106291,251.837,179.623,431.46
0.106478,59.363,54.0997,113.463
0.106666,193.743,133.601,327.344
0.106854,4.48443,-13.0748,-8.59042
0.107042,170.149,130.362,300.511
0.10723,21.9678,-7.88217,14.0856
0.107418,224.425,173.634,398.059
0.107607,-46.4983,-48.8617,-95.3599
0.107796,252.75,183.749,436.499
0.107985,-20.5287,-39.5747,-60.1034
0.108174,222.189,164.474,386.663
0.108363,-45.7051,-43.238,-88.9431
0.108552,261.05,208.445,469.495
0.108742,-18.3623,-38.6355,-56.9978
0.108932,247.117,196.008,443.125
0.109122,-64.3852,-73.4275,-137.813
0.109312,252.45,201.042,453.492
0.109502,-24.8414,-9.58097,-34.4224
0.109692,256.869,197.712,454.581
0.109883,-89.3063,-103.87,-193.176
0.110074,235.216,178.474,413.691
0.110265,-0.599549,-16.0737,-16.6732
0.110456,248.722,186.854,435.576
0.110647,-87.4358,-73.6399,-161.076
0.110839,235.947,189.19,425.137
0.11103,-27.5844,-26.0384,-53.6228
0.111222,182.948,141,323.948
0.111414,-46.7187,-82.8538,-129.572
0.111607,203.289,162.281,365.571
0.111799,1.61947,-22.5027,-20.8832
0.111991,205.947,173.322,379.27
0.112184,-27.3774,-55.5878,-82.9652
0.112377,248.61,208.399,457.009
0.11257,-11.0701,-43.1471,-54.2172
0.112763,232.391,176.73,409.121
0.112957,-6.02652,-20.2337,-26.2602
0.11315,197.819,143.765,341.584
0.113344,-35.0886,-41.6182,-76.7068
0.113538,205.877,153.194,359.071
0.113732,-27.0461,-44.018,-71.0641
0.113927,213.552,159.021,372.573
0.114121,18.0566,95.4735,113.53
0.114316,69.501,142.472,211.973
0.11451,-131.701,-13.9235,-145.624
0.114706,222.077,247.722,469.798
0.114901,-121.585,5.81204,-115.773
0.115096,-181.854,-100.62,-282.474
0.115292,-62.7666,5.95195,-56.8146
0.115487,32.5494,6.14697,38.6964
0.115683,-28.0826,-47.8773,-75.9599
0.115879,-59.1921,-59.715,-118.907
0.116076,-147.741,-111.043,-258.784
0.116272,97.1264,12.5982,109.725
0.116469,-47.7103,-16.5649,-64.2752
0.116665,31.3902,-22.639,8.75121
0.116862,-5.62883,-0.889619,-6.51845
0.117059,59.7742,2.68006,62.4542
0.117257,6.75732,17.9584,24.7157
0.117454,150.465,70.6173,221.082
0.117652,-67.6586,-26.0703,-93.7289
0.11785,12.985,-27.7662,-14.7812
0.118048,-68.7847,-26.0998,-94.8845
0.118246,138.495,64.4866,202.981
0.118445,-127.855,-83.1334,-210.988
0.118643,21.4836,-14.2342,7.2494
0.118842,69.0178,86.8195,155.837
0.119041,31.1529,-8.19546,22.9575
0.11924,-43.9395,-6.07934,-50.0188
0.119439,60.0207,6.44509,66.4658
0.119639,25.7913,43.2146,69.0059
0.119838,-120.954,-118.707,-239.661
0.120038,140.887,123.991,264.878
0.120238,-72.7352,-87.8968,-160.632
0.120439,87.6748,93.9256,181.6
0.120639,-120.674,-113.172,-233.847
0.12084,124.693,111.643,236.336
0.12104,-36.4161,-65.2308,-101.647
0.121241,87.9263,95.3005,183.227
0.121442,-164.447,-156.891,-321.338
0.121644,148.268,153.179,301.447
0.121845,-127.112,-134.504,-261.616
0.122047,134,119.495,253.495
0.122249,-214.435,-204.621,-419.056
0.122451,253.271,214.652,467.924
0.122653,-43.1767,-75.2644,-118.441
0.122855,132.512,127.526,260.038
0.123058,-211.913,-204.221,-416.134
0.123261,269.393,226.299,495.693
0.123464,-155.979,-161.754,-317.732
0.123667,238.773,211.996,450.768
0.12387,-258.285,-245.802,-504.088
0.124074,261.094,223.737,484.832
0.124277,-155.001,-146.817,-301.818
0.124481,198.964,176.806,375.771
0.124685,-242.838,-220.551,-463.39
0.12489,351.654,311.453,663.107
0.125094,-244.601,-226.523,-471.124
0.125299,161.052,140.217,301.27
0.125504,-228.117,-208.356,-436.473
0.125709,295.102,257.283,552.385
0.125914,-175.094,-163.962,-339.056
0.126119,139.1,135.09,274.19
0.126325,-260.631,-232.602,-493.232
0.12653,323.91,275.268,599.177
0.126736,-235.264,-211.048,-446.312
0.126943,239.717,212.139,451.856
0.127149,-214.998,-209.487,-424.485
0.127355,307.859,261.513,569.372
0.127562,-278.143,-252.443,-530.586
0.127769,257.506,226,483.506
0.127976,-266.898,-246.15,-513.048
0.128183,452.352,386.342,838.694
0.128391,-275.262,-262.327,-537.588
0.128598,166.16,113.02,279.181
0.128806,-278.79,-238.359,-517.149
0.129014,335.665,276.302,611.967
0.129222,-277.665,-243.753,-521.418
0.129431,206.761,159.619,366.379
0.129639,-281.216,-237.007,-518.222
0.129848,354.618,306.969,661.587
0.130057,-314.466,-284.827,-599.293
0.130266,283.759,228.047,511.806
0.130475,-196.93,-170.029,-366.959
0.130685,230.119,180.315,410.434
0.130895,-314.646,-275.476,-590.123
0.131105,275.718,200.755,476.473
0.131315,-159.168,-138.987,-298.155
0.131525,360.818,273.703,634.521
0.131735,-293.722,-265.332,-559.054
0.131946,220.67,175.392,396.062
0.132157,-197.268,-166.763,-364.031
0.132368,366.76,304.653,671.413
0.132579,-257.896,-242.385,-500.28
0.132791,199.539,163.539,363.078
0.133002,-233.676,-201.685,-435.361
0.133214,347.956,288.424,636.379
0.133426,-221.471,-218.774,-440.245
0.133638,228.382,157.689,386.071
0.133851,-243.996,-214.62,-458.616
0.134063,310.317,250.264,560.581
0.134276,-212.669,-199.265,-411.933
0.134489,303.886,237.335,541.22
0.134702,-288.458,-238.671,-527.129
0.134916,393.391,326.64,720.031
0.135129,-249.655,-240.188,-489.843
0.135343,264.337,216.523,480.86
0.135557,-201.273,-172.937,-374.21
0.135771,381.119,304.904,686.023
0.135985,-229.95,-218.373,-448.323
0.1362,280.691,206.678,487.369
0.136415,-177.855,-141.389,-319.244
0.13663,347.342,284.62,631.961
0.136845,-210.628,-195.053,-405.681
0.13706,192.097,144.297,336.393
0.137276,-174.529,-130.286,-304.816
0.137491,221.798,156.99,378.789
0.137707,-96.9332,-74.0344,-170.968
0.137923,260.497,178.399,438.896
0.13814,-96.9719,-102.789,-199.761
0.138356,318.784,234.262,553.046
0.138573,-155.361,-147.736,-303.097
0.13879,274.624,195.626,470.25
0.139007,-159.385,-106.443,-265.828
0.139224,242.683,179.714,422.397
0.139441,-86.9138,-69.8975,-156.811
0.139659,179.832,114.239,294.071
0.139877,-97.2676,-80.9073,-178.175
0.140095,266.188,209.362,475.55
0.140313,-54.3254,-55.9521,-110.277
0.140532,216.555,171.638,388.193
0.14075,-104.393,-86.4045,-190.797
0.140969,256.985,181.938,438.923
0.141188,-91.1016,-87.0365,-178.138
0.141408,287.783,219.515,507.298
0.141627,-85.1738,-67.1869,-152.361
0.141847,257.971,179.511,437.483
0.142067,-76.1027,-86.815,-162.918
0.142287,218.499,150.58,369.078
0.142507,5.00773,-23.7998,-18.7921
0.142727,148.895,103.546,252.44
0.142948,9.88352,4.28539,14.1689
0.143169,228.803,157.319,386.122
0.14339,6.39897,1.58805,7.98702
0.143611,199.75,156.577,356.327
0.143833,29.7397,27.8792,57.6189
0.144054,205.97,147.559,353.529
0.144276,-42.5656,-52.525,-95.0907
0.144498,215.353,157.024,372.377
0.144721,3.35817,-13.7268,-10.3687
0.144943,253.713,172.483,426.197
0.145166,-30.8321,-37.1372,-67.9692
0.145389,226.322,157.164,383.486
0.145612,-53.161,-48.0434,-101.204
0.145835,260.139,167.838,427.977
0.146058,-17.8695,-18.9096,-36.7791
0.146282,259.443,155.823,415.266
0.146506,-20.345,-33.1759,-53.5208
0.14673,214.825,142.919,357.744
0.146954,10.7769,20.9861,31.763
0.147179,170.954,103.174,274.128
0.147404,39.5166,17.1758,56.6924
0.147629,123.383,64.6289,188.012
0.147854,70.3189,42.1114,112.43
0.148079,196.235,128.936,325.171
0.148304,37.8502,23.1841,61.0343
0.14853,165.1,112.183,277.282
0.148756,35.6602,21.506,57.1662
0.148982,145.799,80.9387,226.738
0.149209,-9.71465,-37.2192,-46.9339
0.149435,232.77,168.576,401.345
0.149662,-38.4372,-53.6712,-92.1084
0.149889,215.62,137.067,352.687
0.150116,-64.6196,-77.7925,-142.412
0.150343,255.521,180.737,436.258
0.150571,-10.2287,-22.0922,-32.3209
0.150799,233.727,175.579,409.306
0.151027,-0.433806,-26.2457,-26.6795
0.151255,247.339,186.026,433.366
0.151483,-50.8504,-52.815,-103.665
0.151712,201.875,151.25,353.126
0.151941,-8.96809,-33.0306,-41.9987
0.15217,244.766,181.75,426.516
0.152399,-32.3349,-48.767,-81.1019
0.152629,267.398,209.941,477.34
0.152858,-57.54,-67.2559,-124.796
0.153088,231.358,167.85,399.208
0.153318,8.222,-21.6963,-13.4743
0.153549,259.257,166.37,425.627
0.153779,-86.4442,-93.095,-179.539
0.15401,559.67,413.142,972.811
0.154241,209.211,164.194,373.405
0.154472,246.36,212.808,459.167
0.154703,257.606,304.554,562.159
0.154935,76.239,116.841,193.08
0.155166,20.5094,4.52113,25.0305
0.155398,15.1333,5.43157,20.5648
0.155631,15.5316,-72.7319,-57.2003
0.155863,173.279,154.791,328.07
0.156096,103.116,62.0056,165.122
0.156328,286.411,238.534,524.945
0.156561,-183.145,-168.758,-351.903
0.156795,417.725,313.994,731.719
0.157028,-288.646,-262.979,-551.624
0.157262,333.793,276.618,610.41
0.157496,-151.793,-96.1861,-247.979
0.15773,-278.698,-134.041,-412.739
0.157964,-200.372,-191.366,-391.737
0.158199,-406.467,-401.473,-807.94
0.158433,-444.313,-358.741,-803.055
0.158668,-535.076,-414.111,-949.186
0.158903,-564.481,-458.056,-1022.54
0.159139,-348.843,-310.098,-658.941
0.159374,-178.687,-186.732,-365.419
0.15961,-117.316,-133.326,-250.642
0.159846,-330.639,-331.839,-662.479
0.160082,-265.306,-214.356,-479.662
0.160319,-159.588,-106.682,-266.27
0.160555,-50.8099,-67.2126,-118.022
0.160792,-96.5317,-101.858,-198.39
0.161029,121.886,102.696,224.582
0.161267,-227.39,-175.35,-402.739
0.161504,334.032,317.411,651.443
0.161742,-231.576,-229.702,-461.278
0.16198,-186.017,-142.436,-328.453
0.162218,112.616,102.954,215.57
0.162456,-83.3608,-117.583,-200.944
0.162695,500.277,421.46,921.737
0.162934,-273.885,-258.349,-532.234
0.163173,-271.021,-225.658,-496.678
0.163412,308.172,212.245,520.417
0.163652,-219.43,-212.268,-431.698
0.163891,487.471,437.749,925.22
0.164131,-324.539,-291.71,-616.249
0.164371,-35.0922,-88.4015,-123.494
0.164612,255.317,254.93,510.247
0.164852,-224.995,-229.052,-454.046
0.165093,55.4064,43.4266,98.8329
0.165334,-85.1229,-133.491,-218.614
0.165575,838.884,717.851,1556.73
0.165817,-202.842,-186.398,-389.239
0.166058,-200.886,-193.946,-394.832
0.1663,-99.0337,-148.608,-247.641
0.166542,419.626,401.675,821.301
0.166785,-168.703,-170.029,-338.731
0.167027,19.6419,4.59467,24.2366
0.16727,0.381613,-53.3638,-52.9822
0.167513,513.454,496.424,1009.88
0.167756,-122.672,-137.657,-260.329
0.167999,-16.5295,-22.7899,-39.3194
0.168243,-92.6666,-128.005,-220.671
0.168487,362.203,353.784,715.987
0.168731,-189.529,-209.558,-399.086
0.168975,94.084,73.7922,167.876
0.16922,24.6226,-31.3262,-6.70358
0.169465,440.462,419.272,859.734
0.16971,-183.54,-211.032,-394.573
0.169955,101.065,74.9445,176.01
0.1702,76.09,43.0206,119.111
0.170446,116.607,96.2841,212.891
0.170692,158.956,112.08,271.036
0.170938,46.5086,23.3411,69.8497
0.171184,-51.4825,-62.4159,-113.898
0.171431,427.702,383.046,810.748
0.171677,-248.698,-248.986,-497.685
0.171924,272.899,235.342,508.24
0.172171,-261.63,-261.355,-522.985
0.172419,740.113,665.166,1405.28
0.172667,-254.265,-259.287,-513.552
0.172914,46.2033,28.4793,74.6826
0.173163,-151.885,-151.109,-302.994
0.173411,492.751,438.11,930.861
0.173659,-229.064,-225.514,-454.578
0.173908,146.456,135.428,281.883
0.174157,-114.928,-146.853,-261.781
0.174406,608.63,529.643,1138.27
0.174656,-257.933,-240.848,-498.781
0.174906,133.592,123.352,256.944
0.175156,-133.214,-168.379,-301.592
0.175406,609.852,535.733,1145.58
0.175656,-317.051,-262.946,-579.997
0.175907,198.935,178.165,377.101
0.176157,-188.41,-202.075,-390.485
0.176408,631.879,567.748,1199.63
0.17666,-294.507,-272.396,-566.902
0.176911,222.226,185.2,407.425
0.177163,-119.692,-120.183,-239.875
0.177415,444.16,389.997,834.157
0.177667,-160.19,-166.935,-327.125
0.17792,200.209,172.623,372.832
0.178172,-33.182,-80.12,-113.302
0.178425,447.354,384.013,831.367
0.178678,-140.164,-149.225,-289.389
0.178932,147.481,110.017,257.497
0.179185,-114.982,-142.211,-257.193
0.179439,503.425,466.638,970.063
0.179693,-236.849,-226.409,-463.258
0.179947,302.417,241.013,543.43
0.180202,20.235,-1.80857,18.4264
0.180457,269.354,241.368,510.722
0.180711,-83.9364,-83.3919,-167.328
0.180967,323.327,263.793,587.12
0.181222,2.84611,-17.1664,-14.3203
0.181478,299.369,267.824,567.194
0.181734,39.9193,-1.41854,38.5007
0.18199,264.634,226.657,491.291
0.182246,-79.6326,-100.075,-179.707
0.182503,330.937,285.197,616.133
0.18276,34.1726,22.9201,57.0927
0.183017,235.852,178.043,413.895
0.183274,-96.7013,-102.877,-199.579
0.183531,292.928,253.795,546.723
0.183789,-65.6758,-79.34,-145.016
0.184047,256.82,216.555,473.375
0.184305,0.628814,-9.03041,-8.40159
0.184564,339.965,288.656,628.621
0.184822,13.1758,4.62727,17.8031
0.185081,308.294,254.444,562.738
0.185341,-35.4969,-50.4025,-85.8995
0.1856,249.035,214.012,463.048
0.18586,32.3859,20.237,52.6229
0.186119,231.47,188.545,420.014
0.18638,-67.4082,-94.5754,-161.984
0.18664,226.178,176.731,402.909
0.186901,-25.271,-50.5581,-75.8291
0.187161,276.428,240.931,517.359
0.187422,70.4417,23.9201,94.3618
0.187684,217.986,201.538,419.524
0.187945,49.4448,20.5949,70.0397
0.188207,241.853,216.063,457.916
0.188469,18.6244,-20.0403,-1.41593
0.188731,222.549,194.115,416.664
0.188994,89.4548,53.78,143.235
0.189256,244.792,241.871,486.663
0.189519,115.852,66.8803,182.732
0.189783,228.915,190.819,419.734
0.190046,125.544,84.8551,210.399
0.19031,203.051,177.572,380.623
0.190574,73.6357,15.731,89.3667
0.190838,238.727,208.258,446.985
0.191102,57.9498,22.4779,80.4277
0.191367,228.901,209.415,438.315
0.191632,55.7877,28.9204,84.708
0.191897,261.65,229.413,491.063
0.192162,5.56784,-14.1902,-8.62233
0.192428,240.068,217.409,457.477
0.192694,83.8391,40.4238,124.263
0.19296,265.945,215.265,481.21
0.193226,113.917,76.0252,189.942
0.193493,204.274,171.647,375.921
0.193759,32.4109,-8.47636,23.9345
0.194026,263.879,230.577,494.456
0.194294,78.4448,52.8172,131.262
0.194561,220.967,176.523,397.489
0.194829,92.64,49.3829,142.023
0.195097,162.949,153.61,316.559
0.195365,52.5819,36.78,89.3619
0.195634,248.994,200.748,449.742
0.195903,72.912,37.8574,110.769
0.196172,205.116,179.407,384.524
0.196441,63.6353,37.9602,101.595
0.19671,215.932,174.699,390.631
0.19698,91.068,43.0018,134.07
0.19725,253.484,210.945,464.428
0.19752,34.1416,-3.92367,30.2179
0.197791,240.113,212.224,452.337
0.198062,111.897,65.9453,177.843
0.198333,240.894,202.394,443.289
0.198604,61.5103,31.0887,92.599
0.198875,230.368,182.336,412.703
0.199147,66.885,40.5396,107.425
0.199419,241.449,214.07,455.519
0.199691,92.1239,50.9079,143.032
0.199963,217.545,179.474,397.019
0.200236,59.9501,25.1222,85.0723
0.200509,230.972,193.677,424.649
0.200782,65.5971,21.5261,87.1232
0.201056,236.206,194.513,430.719
0.201329,70.797,40.5204,111.317
0.201603,186.788,172.629,359.417
0.201878,64.0939,61.9966,126.09
0.202152,216.115,160.888,377.003
0.202427,60.6993,22.3942,83.0935
0.202702,215.462,192.902,408.364
0.202977,72.7149,44.9273,117.642
0.203252,184.223,138.709,322.931
0.203528,82.9155,53.0061,135.922
0.203804,174.232,149.876,324.108
0.20408,99.5446,48.6791,148.224
0.204356,190.057,134.045,324.101
0.204633,51.3204,10.1775,61.4979
0.20491,193.407,171.911,365.317
0.205187,84.655,60.4884,145.143
0.205465,225.9,187.757,413.656
0.205742,63.6069,34.3663,97.9731
0.20602,170.175,144.523,314.698
0.206299,91.9075,47.4267,139.334
0.206577,194.908,147.407,342.315
0.206856,60.9218,25.5921,86.5138
0.207135,216.212,171.644,387.856
0.207414,89.1584,51.7782,140.937
0.207693,255.303,190.718,446.021
0.207973,80.6885,49.2527,129.941
0.208253,147.463,116.024,263.487
0.208533,106.756,71.8904,178.646
0.208814,194.795,170.932,365.727
0.209095,70.3402,35.1885,105.529
0.209376,748.808,779.247,1528.06
0.209657,5.97826,162.439,168.418
0.209938,-11.8227,-89.1931,-101.016
0.21022,272.473,316.338,588.811
0.210502,-368.688,-359.134,-727.822
0.210784,15.8978,122.269,138.167
0.211067,-614.111,-500.678,-1114.79
0.21135,876.448,703.129,1579.58
0.211633,-692.614,-593.364,-1285.98
0.211916,863.487,679.297,1542.78
0.2122,-745.885,-548.42,-1294.31
0.212483,-81.3414,-42.9558,-124.297
0.212767,-423.578,-351.468,-775.046
0.213052,754.621,628.469,1383.09
0.213336,-559.775,-486.1,-1045.87
0.213621,167.942,150.348,318.29
0.213906,-533.743,-444.02,-977.764
0.214192,968.529,777.51,1746.04
0.214477,-625.372,-563.86,-1189.23
0.214763,420.597,401.902,822.499
0.215049,-482.973,-438.66,-921.633
0.215336,979.941,806.437,1786.38
0.215622,-694.326,-624.008,-1318.33
0.215909,-52.2769,-24.0456,-76.3226
0.216197,810.477,652.1,1462.58
0.216484,-379.861,-343.95,-723.812
0.216772,-631.252,-535.831,-1167.08
0.21706,1033.82,860.697,1894.52
0.217348,-493.343,-442.578,-935.921
0.217636,460.991,413.065,874.055
0.217925,-482.842,-452.694,-935.535
0.218214,893.374,753.867,1647.24
0.218504,-440.957,-394.402,-835.359
0.218793,-280.685,-241.068,-521.754
0.219083,789.206,652.476,1441.68
0.219373,-485.033,-401.748,-886.781
0.219663,-237.955,-239.805,-477.76
0.219954,1003.21,808.818,1812.03
0.220245,-411.109,-390.929,-802.039
0.220536,19.3822,29.2786,48.6609
0.220827,143.213,86.8131,230.026
0.221119,350.992,336.056,687.048
0.221411,-366.305,-355.678,-721.983
0.221703,538.124,431.709,969.833
0.221996,819.302,630.599,1449.9
0.222288,494.639,419.981,914.62
0.222581,482.261,419.933,902.194
0.222875,158.043,159.435,317.478
0.223168,278.134,265.32,543.454
0.223462,6.77828,48.5199,55.2981
0.223756,455.42,406.237,861.656
0.22405,-201.703,-161.859,-363.562
0.224345,699.913,552.281,1252.19
0.22464,4.44971,41.6229,46.0726
0.224935,460.599,421.283,881.882
0.22523,-409.044,-379.521,-788.566
0.225526,550.016,517.999,1068.02
0.225822,-111.065,-96.344,-207.409
0.226118,436.834,409.394,846.228
0.226414,-265.761,-267.862,-533.624
0.226711,472.157,449.352,921.509
0.227008,-230.219,-207.339,-437.558
0.227305,567.952,498.497,1066.45
0.227603,-453.173,-417.437,-870.609
0.227901,402.543,338.458,741.001
0.228199,-158.972,-124.325,-283.296
0.228497,542.643,449.697,992.34
0.228796,-628.195,-561.414,-1189.61
0.229095,517.78,448.622,966.402
0.229394,-76.8514,-71.452,-148.303
0.229693,577.547,489.062,1066.61
0.229993,-652.141,-554.32,-1206.46
0.230293,520.756,442.191,962.947
0.230593,-43.6776,-46.5989,-90.2765
0.230894,518.882,452.913,971.795
0.231195,-617.214,-560.632,-1177.85
0.231496,476.661,426.638,903.299
0.231797,-10.7129,-3.69611,-14.409
0.232099,532.027,450.944,982.971
0.232401,-647.427,-594.934,-1242.36
0.232703,580.857,510.268,1091.12
0.233005,-116.155,-100.776,-216.931
0.233308,543.927,455.746,999.674
0.233611,-500.464,-451.733,-952.197
0.233914,539.076,496.862,1035.94
0.234218,-96.822,-93.6109,-190.433
0.234522,489.907,422.362,912.268
0.234826,-589.003,-530.635,-1119.64
0.23513,459.173,387.419,846.592
0.235435,-37.9079,-61.2448,-99.1526
0.23574,390.413,359.737,750.15
0.236045,-333.428,-314.071,-647.499
0.236351,517.346,468.714,986.06
0.236656,-234.474,-245.882,-480.356
0.236962,345.926,332.706,678.633
0.237269,-296.551,-287.78,-584.332
0.237575,461.759,415.586,877.345
0.237882,-81.5631,-91.161,-172.724
0.238189,467.97,418.444,886.414
0.238497,-535.403,-498.551,-1033.95
0.238805,274.329,267.142,541.471
0.239113,-82.5827,-75.5738,-158.157
0.239421,459.284,404.382,863.666
0.239729,-229.452,-225.497,-454.949
0.240038,489.396,432.359,921.755
0.240347,-222.644,-223.188,-445.832
0.240657,366.704,338.541,705.245
0.240967,-262.053,-261.303,-523.356
0.241277,474.997,415.152,890.15
0.241587,-221.239,-225.931,-447.171
0.241897,454.382,409.499,863.88
0.242208,-302.592,-308.724,-611.316
0.242519,550.996,475.929,1026.92
0.242831,-185.574,-191.969,-377.543
0.243142,519.44,431.099,950.539
0.243454,-454.027,-433.75,-887.777
0.243766,469.201,408.579,877.78
0.244079,-83.5004,-53.836,-137.336
0.244392,497.903,448.362,946.265
0.244705,-376.114,-375.87,-751.984
0.245018,538.48,478.815,1017.3
0.245332,-159.809,-148.378,-308.188
0.245646,489.19,426.373,915.563
0.24596,-410.962,-398.696,-809.657
0.246275,489.182,438.51,927.693
0.246589,-160.58,-138.074,-298.654
0.246904,478.265,392.742,871.007
0.24722,-372.954,-367.185,-740.14
0.247535,533.581,458.192,991.773
0.247851,-163.243,-156.325,-319.569
0.248168,509.128,434.544,943.672
0.248484,-412.896,-390.954,-803.85
0.248801,516.922,441.081,958.003
0.249118,-150.618,-118.294,-268.912
0.249435,440.407,375.897,816.304
0.249753,-338.421,-313.981,-652.402
0.250071,504.238,436.479,940.717
0.250389,-171.816,-180.395,-352.211
0.250708,482.867,425.761,908.628
0.251027,-270.659,-280.843,-551.502
0.251346,490.351,428.398,918.75
0.251665,-141.566,-132.168,-273.734
0.251985,437.482,384.967,822.449
0.252305,-360.002,-363.65,-723.651
0.252625,479.095,416.987,896.082
0.252946,35.9074,18.0748,53.9823
0.253267,335.871,285.943,621.813
0.253588,-196.801,-206.567,-403.368
0.253909,527.516,453.396,980.913
0.254231,-296.751,-293.207,-589.958
0.254553,436.136,381.675,817.811
0.254875,37.9568,7.53234,45.4892
0.255198,345.903,275.672,621.575
0.255521,-150.554,-180.388,-330.942
0.255844,453.642,382.729,836.371
0.256167,-199.776,-201.806,-401.582
0.256491,449.795,388.552,838.346
0.256815,-131.896,-156.914,-288.81
0.25714,483.52,397.642,881.162
0.257464,-163.177,-183.905,-347.082
0.257789,504.4,426.06,930.461
0.258115,-282.739,-301.345,-584.084
0.25844,544.008,456.521,1000.53
0.258766,-71.4501,-78.7481,-150.198
0.259092,578.455,483.129,1061.58
0.259419,-353.508,-344.321,-697.829
0.259745,482.861,401.523,884.384
0.260072,-1.85559,-2.93763,-4.79322
0.2604,304.618,236.224,540.842
0.260727,49.7675,32.4445,82.212
0.261055,253.553,178.859,432.412
0.261384,56.3169,42.0862,98.4031
0.261712,210.453,138.058,348.511
0.262041,120.743,101.353,222.097
0.26237,195.536,128.71,324.246
0.262699,70.3418,39.8869,110.229
0.263029,261.435,182.617,444.052
0.263359,118.556,77.7177,196.274
0.26369,219.888,157.219,377.107
0.26402,43.6265,28.3579,71.9844
0.264351,302.302,230.412,532.714
0.264682,24.1855,-2.47081,21.7147
0.265014,241.558,179.527,421.085
0.265346,-0.209982,-23.3387,-23.5487
0.265678,388.348,313.54,701.888
0.26601,-28.3478,-83.482,-111.83
0.266343,369.742,300.213,669.954
0.266676,-39.6077,-60.9239,-100.532
0.267009,378.951,306.335,685.286
0.267343,-26.0925,-46.8309,-72.9234
0.267677,375.8,311.996,687.796
0.268011,-64.4387,-97.6395,-162.078
0.268346,426.043,360.668,786.711
0.268681,18.2471,-24.4354,-6.18836
0.269016,283.158,232.783,515.94
0.269351,-51.5504,-73.9359,-125.486
0.269687,-206.654,-182.911,-389.565
0.270023,124.57,122.122,246.692
0.270359,46.2442,41.5444,87.7887
0.270696,-158.332,-182.852,-341.184
0.271033,256.864,213.76,470.624
0.27137,-420.557,-412.34,-832.897
0.271708,-189.233,-143.185,-332.418
0.272046,-239.064,-66.3791,-305.443
0.272384,-21.0003,30.9846,9.98425
0.272723,-7.5168,36.4241,28.9073
0.273062,-67.8955,-121.211,-189.107
0.273401,255.735,194.507,450.242
0.27374,103.515,89.9374,193.452
0.27408,178.857,145.613,324.47
0.27442,-27.1893,68.2732,41.0839
0.27476,296.809,210.849,507.658
0.275101,-252.816,-143.33,-396.147
0.275442,358.536,266.274,624.811
0.275783,-189.053,-122.864,-311.916
0.276125,401.257,296.659,697.916
0.276467,-203.608,-110.383,-313.991
0.276809,170.766,102.993,273.76
0.277152,-62.6838,-25.6088,-88.2926
0.277495,250.554,163.39,413.945
0.277838,-143.272,-63.3239,-206.596
0.278181,281.419,220.188,501.608
0.278525,-169.289,-124.941,-294.229
0.278869,272.831,194.725,467.556
0.279214,-187.043,-109.983,-297.027
0.279558,314.954,214.498,529.452
0.279903,-312.704,-235.977,-548.681
0.280249,255.745,174.214,429.959
0.280594,-197.616,-121.993,-319.609
0.28094,354.457,251.069,605.526
0.281287,-241.98,-168.657,-410.637
0.281633,216.742,131.008,347.75
0.28198,-134.028,-64.8126,-198.84
0.282328,354.269,248.357,602.626
0.282675,-243.231,-161.721,-404.952
0.283023,308.494,194.202,502.696
0.283371,-175.011,-87.3586,-262.369
0.28372,342.027,224.563,566.589
0.284069,-1338.09,-872.957,-2211.04
0.284418,-123.102,74.4222,-48.6801
0.284767,-764.865,-630.151,-1395.02
0.285117,-80.8754,98.8251,17.9497
0.285467,-552.317,-349.249,-901.567
0.285818,84.0864,192.551,276.637
0.286168,-300.32,-202.127,-502.447
0.286519,185.9,152.143,338.044
0.286871,-89.941,-59.3511,-149.292
0.287222,470.963,320.925,791.888
0.287574,-362.499,-215.113,-577.611
0.287927,357.419,233.793,591.211
0.288279,-136.26,-116.503,-252.762
0.288632,228.504,158.694,387.198
0.288986,12.3653,54.6737,67.039
0.289339,186.732,125.121,311.853
0.289693,-105.205,-130.665,-235.87
0.290048,379.122,298.98,678.102
0.290402,-121.203,-114.815,-236.017
0.290757,254.795,190.022,444.817
0.291112,-24.1416,-50.4305,-74.5721
0.291468,331.182,259.269,590.451
0.291824,-140.104,-149.722,-289.825
0.29218,151.269,110.776,262.045
0.292536,99.5876,61.3949,160.982
0.292536,286.279,233.469,519.748
0.292893,-71.7488,-73.2607,-145.009
0.293251,253.685,196.783,450.468
0.293608,7.80812,-6.62902,1.1791
0.293966,138.84,106.137,244.977
0.294324,119.674,50.808,170.482
0.294682,361.285,280.184,641.47
0.295041,-178.037,-176.951,-354.988
0.2954,332.974,253.704,586.678
0.29576,41.6569,23.8506,65.5075
0.29612,242.791,224.559,467.35
0.29648,-66.605,-99.9683,-166.573
0.29684,298.865,221.209,520.074
0.297201,-11.7234,-33.8809,-45.6043
0.297562,357.289,281.767,639.056
0.297923,-210.343,-211.726,-422.069
0.298285,223.348,180.85,404.198
0.298647,188.063,153.133,341.195
0.29901,198.825,122.443,321.267
0.299372,13.6823,-30.3105,-16.6282
0.299735,244.219,181.692,425.91
0.300099,80.2744,72.6654,152.94
0.300463,280.386,175.5,455.886
0.300827,-15.4127,-77.7011,-93.1137
0.301191,187.387,166.474,353.86
0.301556,109.112,84.4989,193.611
0.301921,163.639,98.3181,261.957
0.302286,-75.9812,-111.164,-187.145
0.302652,316.049,251.871,567.92
0.303018,118.266,79.8132,198.079
0.303384,182.302,118.99,301.291
0.303751,66.4918,-8.29135,58.2004
0.304118,240.543,173.463,414.006
0.304485,111.339,67.9505,179.29
0.304853,225.212,151.111,376.322
0.305221,-13.187,-31.9004,-45.0874
0.30559,193.833,145.519,339.352
0.305958,149.257,128.585,277.842
0.306327,98.2968,29.5353,127.832
0.306697,177.386,119.332,296.717
0.307067,160.588,101.063,261.651
0.307437,13.08,-12.8603,0.219673
0.307807,242.932,193.721,436.653
0.308178,21.5553,-5.16766,16.3877
0.308549,246.473,161.184,407.657
0.30892,64.9122,8.38272,73.2949
0.309292,298.9,230.725,529.625
0.309664,-10.1839,-36.6013,-46.7853
0.310036,301.457,240.312,541.77
0.310409,64.843,10.6326,75.4756
0.310782,282.08,219.413,501.493
0.311156,-50.8691,-80.7803,-131.649
0.311529,244.35,184.251,428.601
0.311904,45.9283,-0.979641,44.9487
0.312278,238.223,177.916,416.139
0.312653,108.975,51.4191,160.394
0.313028,198.751,131.596,330.347
0.313403,-27.1434,-64.6723,-91.8157
0.313779,370.988,303.115,674.103
0.314155,-51.9189,-70.6518,-122.571
0.314532,412.787,327.228,740.016
0.314909,-120.884,-137.413,-258.297
0.315286,482.777,384.114,866.891
0.315664,-65.5438,-97.9498,-163.494
0.316041,369.236,288.316,657.552
0.31642,-12.4619,-75.9657,-88.4276
0.316798,404.434,318.677,723.111
0.317177,42.5275,9.66623,52.1938
0.317556,361.205,288.893,650.098
0.317936,5.51513,-46.1492,-40.6341
0.318316,283.506,229.703,513.208
0.318696,15.8941,-22.5541,-6.66002
0.319077,324.05,255.579,579.628
0.319458,-85.9995,-101.329,-187.329
0.319839,422.481,328.95,751.431
0.320221,-86.82,-92.579,-179.399
0.320603,448.501,343.505,792.006
0.320985,-33.2136,-57.7047,-90.9184
0.321368,424.655,324.44,749.094
0.321751,-90.8335,-115.525,-206.358
0.322134,378.051,312.154,690.204
0.322518,-92.6835,-106.456,-199.139
0.322902,429.406,356.969,786.375
0.323287,-176.342,-175.877,-352.22
0.323671,459.083,364.695,823.778
0.324057,19.9898,-5.78118,14.2086
0.324442,422.705,342.425,765.131
0.324828,-138.757,-151.831,-290.588
0.325214,462.488,384.458,846.946
0.325601,-88.9602,-102.441,-191.402
0.325988,508.853,399.893,908.746
0.326375,-133.909,-142.175,-276.084
0.326763,503.156,412.547,915.703
0.327151,-45.5796,-47.7961,-93.3757
0.327539,491.062,396.233,887.295
0.327928,-192.744,-196.678,-389.422
0.328317,478.05,371.636,849.685
0.328706,32.4977,1.34604,33.8438
0.329096,370.381,292.141,662.522
0.329486,-174.601,-187.791,-362.392
0.329876,470.484,379.441,849.924
0.330267,19.3766,19.9545,39.331
0.330658,377.282,268.349,645.63
0.33105,-207.31,-226.184,-433.494
0.331442,432.594,336.985,769.579
0.331834,35.8451,13.9415,49.7866
0.332226,403.038,290.639,693.677
0.332619,-144.107,-176.281,-320.388
0.333013,428.396,323.047,751.443
0.333406,-53.4485,-54.2495,-107.698
0.3338,397.479,326.899,724.378
0.334195,-95.3623,-93.4671,-188.829
0.334589,384.829,322.394,707.223
0.334984,-50.9132,-60.6758,-111.589
0.33538,429.598,327.907,757.505
0.335776,-75.5432,-96.737,-172.28
0.336172,419.339,332.484,751.823
0.336568,-12.0582,-10.897,-22.9553
0.336965,391.275,306.507,697.782
0.337362,-56.1962,-84.955,-141.151
0.33776,421.272,336.531,757.803
0.338158,-51.7344,-67.1695,-118.904
0.338556,412.025,329.756,741.781
0.338955,-171.374,-189.133,-360.507
0.339354,447.939,367.18,815.119
0.339753,-73.4285,-71.5217,-144.95
0.340153,343.754,261.385,605.139
0.340553,-82.6679,-110.581,-193.248
0.340954,441.081,342.78,783.86
0.341355,-33.3125,-59.5784,-92.8909
0.341756,355.682,267.744,623.426
0.342158,-76.4364,-95.3309,-171.767
0.34256,414.996,320.143,735.139
0.342962,-79.1981,-96.2998,-175.498
0.343365,427.109,325.708,752.818
0.343768,-23.8543,-37.1457,-60.9999
0.344171,375.698,283.685,659.383
0.344575,-771.401,-511.314,-1282.71
0.344979,206.168,193.345,399.513
0.345383,-832.894,-610.731,-1443.62
0.345788,-677.373,-372.634,-1050.01
0.346194,131.849,58.316,190.165
0.346599,214.692,205.584,420.276
0.347005,159.125,93.1745,252.299
0.347412,301.447,207.578,509.025
0.347818,-338.023,-277.416,-615.438
0.348225,459.967,298.81,758.777
0.348633,-198.778,-103.116,-301.894
0.349041,200.877,94.415,295.292
0.349449,-215.825,-146.959,-362.783
0.349858,335.182,223.525,558.707
0.350267,-128.052,-75.8708,-203.923
0.350676,334.498,197.748,532.245
0.351086,-285.403,-182.524,-467.927
0.351496,505.589,300.549,806.138
0.351906,-218.66,-115.668,-334.328
0.352317,356.606,230.628,587.234
0.352728,-328.595,-213.069,-541.664
0.35314,496.091,309.042,805.133
0.353552,-254.13,-192.805,-446.935
0.353964,480.122,327.185,807.307
0.354377,-310.599,-227.45,-538.049
0.35479,453.017,301.94,754.957
0.355203,-362.225,-269.855,-632.079
0.355617,403.011,276.367,679.378
0.356031,-278.132,-204.794,-482.926
0.356446,422.409,273.419,695.828
0.356861,-353.659,-278.466,-632.126
0.357276,378.722,273.321,652.042
0.357692,-212.761,-168.106,-380.867
0.358108,315.455,215.352,530.807
0.358524,-361.992,-288.124,-650.116
0.358941,386.397,264.25,650.647
0.359358,-246.453,-183.728,-430.181
0.359776,299.329,189.165,488.495
0.360194,-323.92,-248.536,-572.457
0.360612,371.627,229.316,600.943
0.361031,-255.185,-208.952,-464.137
0.36145,308.327,214.506,522.833
0.36187,-385.372,-304.003,-689.375
0.36229,363.535,247.625,611.16
0.36271,-209.348,-153.442,-362.79
0.36313,331.241,205.686,536.927
0.363551,-367.715,-291.315,-659.03
0.363973,289.978,201.93,491.909
0.364395,-124.809,-125.281,-250.089
0.364817,700.347,808.113,1508.46
0.365239,-1059.26,-537.895,-1597.16
0.365662,472.025,382.122,854.147
0.366086,-878.851,-604.245,-1483.1
0.366509,665.693,520.11,1185.8
0.366934,-980.76,-670.388,-1651.15
0.367358,845.319,663.117,1508.44
0.367783,-713.121,-464.606,-1177.73
0.368208,-141.102,-102.495,-243.597
0.368634,-83.785,-83.6346,-167.42
0.36906,25.6255,121.276,146.901
0.369486,95.4806,202.385,297.866
0.369913,-154.192,-136.733,-290.925
0.37034,364.684,287.988,652.673
0.370768,241.994,78.6195,320.614
0.371196,177.527,144.119,321.646
0.371624,-80.4468,-82.1895,-162.636
0.372053,311.172,301.65,612.822
0.372482,15.4668,-66.0924,-50.6257
0.372912,253.506,212.106,465.612
0.373342,-157.356,-139.061,-296.417
0.373772,406.757,324.335,731.092
0.374202,-230.364,-234.298,-464.662
0.374634,278.855,233.366,512.221
0.375065,-24.7851,-46.1464,-70.9315
0.375497,372.396,280.861,653.257
0.375929,-119.41,-113.96,-233.37
0.376362,288.348,225.004,513.351
0.376795,41.6373,27.4528,69.0901
0.377228,351.852,258.849,610.701
0.377662,-124.64,-109.008,-233.648
0.378096,157.861,140.053,297.914
0.378531,5.14681,-1.69088,3.45594
0.378966,327.119,233.629,560.748
0.379402,-11.4457,-35.7738,-47.2195
0.379837,244.564,206.995,451.558
0.380274,-98.7799,-72.3266,-171.106
0.38071,392.637,290.981,683.618
0.381147,-146.192,-136.728,-282.92
0.381585,345.318,295.287,640.605
0.382022,-34.3539,-41.2875,-75.6414
0.382461,317.48,249.918,567.399
0.382899,-64.8982,-75.0722,-139.97
0.383338,249.793,211.898,461.692
0.383778,80.2836,30.9681,111.252
0.384217,208.873,157.034,365.907
0.384658,65.981,25.262,91.243
0.385098,207.461,179.273,386.734
0.385539,147.31,82.043,229.353
0.385981,197.322,158.979,356.301
0.386422,73.7314,22.7421,96.4735
0.386865,232.317,197.898,430.216
0.387307,169.103,110.152,279.255
0.38775,190.308,156.751,347.059
0.388194,32.736,-1.22803,31.5079
0.388637,244.323,184.74,429.063
0.389082,155.681,75.8543,231.535
0.389526,182.56,147.094,329.655
0.389971,4.04405,-19.5062,-15.4621
0.390417,230.982,197.657,428.638
0.390863,146.394,81.9109,228.305
0.391309,161.218,138.748,299.965
0.391755,163.874,100.734,264.607
0.392203,235.29,193.175,428.466
0.39265,111.613,61.97,173.583
0.393098,165.045,133.125,298.17
0.393546,166.107,99.8662,265.973
0.393995,159.796,140.071,299.867
0.394444,146.716,75.1371,221.853
0.394893,243.352,190.395,433.748
0.395343,256.724,154.194,410.917
0.395794,162.229,123.499,285.728
0.396244,93.0446,41.9587,135.003
0.396695,245.371,204.096,449.467
0.397147,222.673,138.579,361.252
0.397599,128.247,104.385,232.633
0.398051,89.2279,25.9662,115.194
0.398504,236.486,178.417,414.902
0.398957,215.004,130.626,345.63
0.399411,140.173,107.901,248.074
0.399865,101.814,55.659,157.473
0.400319,148.063,123.618,271.681
0.400774,289.088,164.834,453.922
0.401229,78.2137,68.4794,146.693
0.401685,138.561,74.1094,212.67
0.402141,154.664,115.285,269.949
0.402598,233.248,145.663,378.91
0.403055,195.644,137.356,332.999
0.403512,25.9102,2.80953,28.7198
0.40397,274.519,227.518,502.036
0.404428,225.569,163.452,389.021
0.404886,193.37,153.286,346.655
0.405345,111.628,56.3714,168
0.405805,211.587,160.807,372.394
0.406265,228.962,146.468,375.43
0.406725,222.728,154.513,377.241
0.407185,69.526,27.65,97.176
0.407646,319.405,230.207,549.611
0.408108,236.414,142.391,378.804
0.40857,183.405,142.83,326.235
0.409032,102.707,70.2914,172.999
0.409495,267.92,196.702,464.621
0.409958,191.833,118.419,310.252
0.410422,205.712,152.233,357.945
0.410886,133.585,75.6695,209.255
0.41135,301.901,211.377,513.279
0.411815,125.322,84.4789,209.801
0.41228,203.941,133.051,336.992
0.412746,144.455,96.8982,241.353
0.413212,246.427,174.056,420.483
0.413679,175.107,128.945,304.052
0.414146,183.268,123.713,306.981
0.414613,171.378,110.693,282.071
0.415081,167.577,108.962,276.538
0.415549,156.099,104.671,260.77
0.416018,274.077,186.764,460.841
0.416487,82.5084,56.8263,139.335
0.416957,198.168,134.164,332.332
0.417427,154.344,93.4105,247.754
0.417897,230.614,161.134,391.748
0.418368,158.382,93.9174,252.299
0.418839,189.47,123.199,312.669
0.419311,152.858,114.359,267.217
0.419783,171.473,123.68,295.152
0.420255,101.313,54.6326,155.946
0.420728,235.431,158.057,393.488
0.421202,140.49,82.058,222.548
0.421675,248.013,158.917,406.931
0.42215,127.355,67.3053,194.66
0.422624,230.037,137.545,367.582
0.423099,106.61,49.2453,155.855
0.423575,292.496,186.339,478.835
0.424051,151.896,92.3684,244.264
0.424527,187.118,131.628,318.747
0.425004,106.157,56.7236,162.881
0.425482,240.589,154.132,394.721
0.425959,133.132,86.9245,220.057
0.426437,133.309,78.4737,211.782
0.426916,169.107,109.376,278.484
0.427395,122.342,67.5035,189.846
0.427874,179.356,122.74,302.096
0.428354,127.223,75.0121,202.235
0.428835,241.712,166.814,408.526
0.429315,124.851,78.9051,203.756
0.429797,156.15,92.322,248.472
0.430278,173.128,121.032,294.16
0.43076,225.264,151.883,377.146
0.431243,138.141,98.0279,236.169
0.431726,194.196,119.636,313.831
0.432209,226.796,157.909,384.705
0.432693,190.71,127.737,318.448
0.433177,110.264,51.4749,161.739
0.433662,239.73,163.469,403.199
0.434147,214.303,141.839,356.142
0.434633,119.46,66.1999,185.66
0.435119,242.143,159.076,401.219
0.435605,182.497,128.23,310.726
0.436092,184.876,110.241,295.117
0.436579,172.576,127.998,300.575
0.437067,176.293,108.795,285.087
0.437555,187.277,103.684,290.961
0.438044,210.795,123.529,334.324
0.438533,163.462,97.7498,261.211
0.439023,217.899,139.027,356.926
0.439513,131.558,65.1102,196.668
0.440003,268.953,180.244,449.198
0.440494,70.7645,39.3203,110.085
0.440986,261.107,173.199,434.306
0.441477,75.0441,50.6364,125.681
0.44197,207.593,129.887,337.481
0.442462,149.596,90.725,240.321
0.442956,231.893,153.936,385.829
0.443449,108.154,56.5682,164.723
0.443943,181.154,115.583,296.737
0.444438,167.453,107.835,275.288
0.444933,219.763,134.197,353.959
0.445428,142.913,78.4132,221.326
0.445924,266.58,189.213,455.794
0.44642,43.0316,0.890206,43.9218
0.446917,-46.3213,-18.8064,-65.1277
0.447414,248.802,213.568,462.37
0.447912,49.1115,42.5561,91.6675
0.44841,205.016,61.815,266.831
0.448908,-28.189,-60.1991,-88.388
0.449407,48.3174,-7.25376,41.0636
0.449907,-65.9574,-21.2736,-87.2309
0.450407,-22.6247,-75.0696,-97.6943
0.450907,-83.1287,-39.1483,-122.277
0.451408,74.3743,-41.8025,32.5718
0.451909,-52.2243,21.7834,-30.4409
0.452411,196.028,71.8309,267.859
0.452913,-48.2133,-6.05178,-54.265
0.453416,152.8,38.397,191.197
0.453919,-86.5639,-27.7836,-114.347
0.454423,201.491,73.3252,274.816
0.454927,-78.6324,-35.7046,-114.337
0.455431,182.98,70.9234,253.904
0.455936,10.503,24.0237,34.5267
0.456441,140.145,32.3807,172.526
0.456947,21.6396,50.2989,71.9385
0.457454,89.7968,2.07212,91.8689
0.45796,40.1383,58.9943,99.1326
0.458468,81.4274,-3.30188,78.1255
0.458975,86.3324,95.4626,181.795
0.459483,101.245,12.7499,113.995
0.459992,53.7025,59.5757,113.278
0.460501,59.6679,-17.7284,41.9395
0.461011,93.585,95.278,188.863
0.461521,91.7059,10.0527,101.759
0.462031,55.3095,41.4232,96.7327
0.462542,125.731,25.9899,151.721
0.463053,78.6035,88.2404,166.844
0.463565,131.228,53.0525,184.281
0.464078,36.9499,38.1791,75.1291
0.46459,92.9751,20.7778,113.753
0.465104,122.358,100.81,223.168
0.465617,92.7155,20.5589,113.274
0.466132,36.2032,35.2832,71.4864
0.466646,77.4634,10.881,88.3444
0.467161,111.474,102.628,214.101
0.467677,126.797,57.1564,183.953
0.468193,54.318,39.1027,93.4207
0.46871,97.7434,33.0245,130.768
0.469227,119.991,97.2543,217.245
0.469744,109.18,17.4327,126.612
0.470262,110.057,101.633,211.69
0.470781,42.6161,-12.5449,30.0712
0.471299,120.72,97.9783,218.698
0.471819,84.9304,14.1781,99.1085
0.472339,115.164,86.9195,202.083
0.472859,23.1538,-47.8378,-24.684
0.47338,263.456,217.98,481.436
0.473901,33.0167,-13.9348,19.0819
0.474423,96.8266,70.1556,166.982
0.474945,111.866,23.7285,135.594
0.475468,196.079,152.207,348.285
0.475991,52.3527,-5.53218,46.8206
0.476514,110.688,87.3065,197.994
0.477038,129.609,43.9679,173.577
0.477563,204.931,164.125,369.056
0.478088,5.87006,-36.9326,-31.0625
0.478614,174.043,129.308,303.351
0.47914,119.485,49.5657,169.05
0.479666,145.444,119.084,264.527
0.480193,143.256,62.5318,205.788
0.480721,65.8482,50.5365,116.385
0.481248,101.016,32.0322,133.048
0.481777,186.717,157.212,343.93
0.482306,141.764,54.7171,196.481
0.482835,102.236,72.6379,174.874
0.483365,144.175,42.8607,187.036
0.483895,190.68,146.675,337.356
0.484426,73.771,18.0562,91.8272
0.484957,128.868,108.966,237.834
0.485489,118.045,45.2763,163.322
0.486021,196.829,156.57,353.399
0.486554,90.4348,21.4744,111.909
0.487087,164.639,127.205,291.844
0.487621,157.696,63.6862,221.382
0.488155,151.997,125.729,277.727
0.48869,131.93,62.5903,194.52
0.489225,59.4947,51.8672,111.362
0.489761,183.419,87.2979,270.717
0.490297,115.136,104.336,219.472
0.490834,156.882,81.8755,238.757
0.491371,91.6934,66.4768,158.17
0.491908,203.966,111.512,315.478
0.492446,116.72,94.5044,211.224
0.492985,186.954,93.8731,280.827
0.493524,18.0946,8.31825,26.4128
0.494064,291.462,198.639,490.101
0.494604,111.968,90.9166,202.885
0.495144,113.992,40.1114,154.103
0.495685,124.817,99.5764,224.393
0.496227,259.161,150.797,409.958
0.496769,136.181,191.222,327.403
0.497311,225.525,141.242,366.767
0.497854,243.977,166.678,410.655
0.498398,-12.6398,7.06978,-5.57002
0.498942,398.905,324.669,723.574
0.499486,82.5371,-5.43692,77.1002
0.500031,438.839,368.055,806.894
0.500577,23.3402,-21.4595,1.88072
0.501123,515.63,409.364,924.994
0.501669,-227.416,-198.908,-426.324
0.502216,396.68,293.44,690.12
0.502764,52.6023,29.041,81.6434
0.503312,16.6612,-37.7438,-21.0826
0.50386,-52.1301,-27.2542,-79.3843
0.504409,375.752,266.906,642.659
0.504959,83.3129,54.4572,137.77
0.505509,175.001,97.3763,272.378
0.506059,30.7743,26.9855,57.7598
0.50661,332.13,204.672,536.803
0.507161,-141.152,-83.7675,-224.919
0.507713,231.885,133.777,365.663
0.508266,-17.5268,-1.04599,-18.5728
0.508819,355.643,252.005,607.648
0.509372,-190.017,-121.329,-311.347
0.509926,358.107,247.653,605.759
0.510481,-36.1181,-9.27213,-45.3903
0.511036,520.405,353.176,873.582
0.511591,-156.887,-97.3328,-254.22
0.512147,397.84,271.698,669.538
0.512704,-319.273,-236.199,-555.473
0.513261,406.128,266.8,672.928
0.513818,-180.467,-112.845,-293.311
0.514376,511.892,372.851,884.743
0.514935,-109.003,-42.4327,-151.435
0.515494,-80.0495,-123.196,-203.246
0.516053,-183.671,-120.48,-304.151
0.516613,540.998,395.655,936.653
0.517174,-237.087,-147.35,-384.437
0.517735,526.179,362.09,888.269
0.518297,-268.2,-188.198,-456.399
0.518859,525.125,378.85,903.975
0.519421,-177.094,-116.256,-293.35
0.519984,549.793,384.923,934.716
0.520548,-270.132,-166.223,-436.356
0.521112,306.746,211.087,517.833
0.521677,-257.401,-203.896,-461.297
0.522242,511.59,373.807,885.396
0.522808,-306.047,-233.265,-539.311
0.523374,505.6,376.272,881.871
0.523941,-217.372,-169.664,-387.036
0.524508,594.012,427.534,1021.55
0.525076,-183.795,-134.337,-318.132
0.525644,550.856,406.83,957.686
0.526213,-166.695,-116.742,-283.437
0.526782,378.277,259.808,638.085
0.527352,-123.047,-74.0229,-197.07
0.527922,447.774,341.032,788.806
0.528493,-156.719,-116.488,-273.207
0.529064,397.945,287.341,685.287
0.529636,-162.028,-114.661,-276.689
0.530208,492.886,338.951,831.837
0.530781,-189.219,-147.241,-336.46
0.531355,433.564,329.517,763.081
0.531929,-287.288,-231.662,-518.95
0.532503,427.179,309.7,736.879
0.533078,-142.787,-103.581,-246.368
0.533654,399.147,291.994,691.141
0.53423,-159.977,-116.348,-276.325
0.534806,550.525,408.507,959.032
0.535384,-172.941,-149.507,-322.447
0.535961,293.014,239.448,532.463
0.536539,-58.7006,50.0004,-8.70013
0.537118,-45.5204,10.6191,-34.9013
0.537697,219.172,189.195,408.368
0.538277,33.4736,92.3363,125.81
0.538857,-91.2927,-85.4494,-176.742
0.539438,487.199,480.307,967.506
0.540019,-600.015,-515.435,-1115.45
0.540601,188.655,214.543,403.198
0.541183,347.866,262.906,610.772
0.541766,674.352,629.456,1303.81
0.54235,-710.057,-585.429,-1295.49
0.542934,231.871,271.46,503.332
0.543518,313.314,227.676,540.99
0.544103,136.037,173.09,309.127
0.544689,-227.696,-221.083,-448.779
0.545275,542.927,530.105,1073.03
0.545861,-489.498,-455.111,-944.608
0.546449,469.81,419.239,889.049
0.547036,101.701,62.5686,164.27
0.547624,149.397,136.925,286.322
0.548213,226.932,175.614,402.546
0.548802,132.37,127.185,259.555
0.549392,-20.0389,-43.0919,-63.1308
0.549983,487.338,439.459,926.797
0.550574,-342.285,-298.309,-640.594
0.551165,303.94,266.065,570.005
0.551757,-668.622,-544.077,-1212.7
0.552349,513.752,446.32,960.072
0.552943,193.192,130.229,323.421
0.553536,63.6131,66.8482,130.461
0.55413,-98.4612,-120.246,-218.708
0.554725,565.732,491.052,1056.78
0.55532,-622.792,-533.686,-1156.48
0.555916,634.952,547.093,1182.04
0.556512,415.087,341.351,756.439
0.557109,-443.233,-385.759,-828.992
0.557706,398.934,353.144,752.078
0.558304,413.315,343.651,756.966
0.558903,-120.538,-141.46,-261.998
0.559502,332.613,294.104,626.717
0.560101,-227.571,-221.798,-449.369
0.560701,377.051,300.112,677.163
0.561302,37.3596,-21.7991,15.5606
0.561903,-97.7109,-190.052,-287.762
0.562505,41.6896,56.6457,98.3353
0.563107,-364.255,-284.285,-648.54
0.56371,390.8,403.448,794.247
0.564313,-782.114,-623.742,-1405.86
0.564917,1061.11,790.188,1851.3
0.565522,-924.299,-682.548,-1606.85
0.566127,1162.39,931.093,2093.49
0.566732,-901.346,-641.04,-1542.39
0.567338,1042.53,816.848,1859.38
0.567945,-892.866,-627.642,-1520.51
0.568552,938.39,662.941,1601.33
0.56916,-984.151,-694.184,-1678.33
0.569768,916.524,681.202,1597.73
0.570377,-712.795,-501.74,-1214.54
0.570987,845.658,638.81,1484.47
0.571597,-804.23,-569.407,-1373.64
0.572207,908.238,691.33,1599.57
0.572818,-730.745,-521.212,-1251.96
0.57343,823.542,612.289,1435.83
0.574042,-768.934,-550.487,-1319.42
0.574655,828.288,624.272,1452.56
0.575268,-641.896,-458.193,-1100.09
0.575882,850.64,628.603,1479.24
0.576497,-741.588,-531.654,-1273.24
0.577112,785.846,608.894,1394.74
0.577727,-490.718,-347.489,-838.207
0.578343,269.107,164.735,433.842
0.57896,571.599,489.818,1061.42
0.579577,-352.855,-248.542,-601.397
0.580195,564.986,429.569,994.554
0.580813,-432.136,-329.086,-761.222
0.581432,501.697,398.481,900.178
0.582052,-126.206,-110.569,-236.775
0.582672,336.991,266.149,603.14
0.583292,-514.254,-405.591,-919.845
0.583914,125.141,62.6585,187.799
0.584535,392.691,318.494,711.185
0.585158,-495.212,-394.467,-889.68
0.585781,681.462,540.357,1221.82
0.586404,-88.7417,-83.0945,-171.836
0.587028,150.55,86.9967,237.547
0.587653,738.901,596.01,1334.91
0.588278,-255.712,-190.653,-446.365
0.588903,533.842,413.52,947.362
0.58953,-288.041,-287.973,-576.013
0.590157,635.843,504.878,1140.72
0.590784,-492.02,-390.064,-882.084
0.591412,600.869,482.856,1083.72
0.59204,139.189,106.565,245.755
0.59267,77.0528,44.5889,121.642
0.593299,-440.79,-353.071,-793.86
0.59393,487.603,372.122,859.725
0.59456,551.109,470.741,1021.85
0.595192,-174.323,-179.898,-354.221
0.595824,490.993,387.391,878.384
0.596456,-387.118,-306.758,-693.876
0.59709,529.22,417.764,946.984
0.597723,190.304,151.039,341.342
0.598358,377.464,279.292,656.757
0.598992,-375.945,-293.131,-669.075
0.599628,396.865,326.18,723.045
0.600264,-172.72,-184.981,-357.701
0.600901,514.186,408.296,922.481
0.601538,-260.828,-218.129,-478.957
0.602175,449.067,382.316,831.383
0.602814,242.611,197.323,439.934
0.603453,306.968,247.591,554.559
0.604092,-212.723,-167.248,-379.971
0.604732,406.776,354.083,760.859
0.605373,-225.401,-211.871,-437.273
0.606014,446.62,365.273,811.892
0.606656,70.0693,29.532,99.6013
0.607298,335.663,286.121,621.784
0.607941,-192.957,-154.084,-347.041
0.608585,420.752,351.108,771.861
0.609229,169.474,135.998,305.472
0.609874,169.013,143.85,312.863
0.610519,-170.663,-151.415,-322.078
0.611165,388.48,326.278,714.758
0.611812,2.3567,-43.987,-41.6303
0.612459,286.872,236.562,523.435
0.613107,-8.39149,-47.0676,-55.459
0.613755,300.272,255.711,555.984
0.614404,-81.3013,-113.471,-194.772
0.615053,348.127,281.901,630.028
0.615703,-29.9827,-58.3753,-88.358
0.616354,217.508,185.096,402.604
0.617005,-40.322,-76.1919,-116.514
0.617657,310.449,255.014,565.463
0.618309,-2.31339,-40.7104,-43.0238
0.618962,196.971,184.879,381.85
0.619616,-32.1646,-58.406,-90.5705
0.62027,357.502,310.013,667.514
0.620925,-35.2369,-49.8242,-85.0612
0.62158,137.621,103.225,240.846
0.622236,17.8136,-25.8973,-8.08377
0.622893,491.079,400.589,891.669
0.62355,-69.7407,-90.328,-160.069
0.624208,184.984,133.225,318.209
0.624866,-19.4747,-54.3763,-73.8509
0.625525,570.36,454.605,1024.97
0.626185,-109.714,-124.023,-233.737
0.626845,164.971,138.619,303.59
0.627506,-10.7245,-56.7446,-67.4691
0.628167,579.289,473.952,1053.24
0.628829,-107.965,-136.83,-244.795
0.629492,202.637,172.99,375.626
0.630155,8.86699,-36.2379,-27.3709
0.630818,533.861,440.574,974.435
0.631483,-38.9727,-55.2082,-94.1809
0.632148,191.08,150.654,341.734
0.632813,27.8863,-13.0112,14.8751
0.63348,461.93,362.397,824.326
0.634146,-70.4012,-86.0613,-156.463
0.634814,253.648,200.633,454.281
0.635482,-7.55199,-55.6213,-63.1732
0.63615,566.489,446.525,1013.01
0.63682,-126.198,-133.917,-260.115
0.63749,287.213,229.48,516.692
0.63816,-31.3698,-71.3334,-102.703
0.638831,478.646,384.823,863.47
0.639503,-61.6328,-89.6572,-151.29
0.640175,305.092,244.153,549.244
0.640848,3.70845,-32.6493,-28.9408
0.641521,433.619,340.724,774.343
0.642196,-47.2185,-77.5706,-124.789
0.64287,423.865,332.603,756.468
0.643546,-10.0611,-44.9373,-54.9984
0.644221,369.9,292.721,662.621
0.644898,-31.2833,-66.5454,-97.8287
0.645575,439.724,352.922,792.645
0.646253,-93.9006,-97.6084,-191.509
0.646931,434.542,347.79,782.333
0.64761,-59.142,-77.4202,-136.562
0.64829,380.493,306.367,686.86
0.64897,-83.3864,-105.455,-188.842
0.649651,407.92,335.275,743.195
0.650333,-42.8864,-52.831,-95.7174
0.651015,426.56,345.515,772.074
0.651698,-97.9903,-103.225,-201.215
0.652381,456.709,359.091,815.8
0.653065,-114.889,-118.902,-233.791
0.65375,480.968,381.249,862.217
0.654435,-88.6065,-110.235,-198.841
0.655121,434.026,343.485,777.512
0.655807,-60.5048,-97.1376,-157.642
0.656494,502.846,388.195,891.041
0.657182,-143.334,-158.064,-301.398
0.65787,530.028,420.158,950.186
0.658559,-112.199,-112.259,-224.458
0.659249,479.139,383.097,862.236
0.659939,-62.1493,-83.1552,-145.305
0.66063,504.02,392.72,896.74
0.661321,-183.571,-175.575,-359.146
0.662014,616.449,498.331,1114.78
0.662706,-276.284,-238.887,-515.171
0.6634,1049.53,745.967,1795.5
0.664094,741.616,459.339,1200.96
0.664788,604.559,465.958,1070.52
0.665484,-270.64,-240.42,-511.06
0.666179,914.729,715.575,1630.3
0.666876,-111.626,-90.9892,-202.615
0.667573,679.529,512.471,1192
0.668271,-678.819,-565.409,-1244.23
0.668969,760.627,642.55,1403.18
0.669668,-120.889,-104.33,-225.219
0.670368,513.531,418.737,932.268
0.671068,-589.445,-459.113,-1048.56
0.671769,553.294,465.223,1018.52
0.672471,164.506,107.172,271.679
0.673173,432.584,383.879,816.463
0.673876,-496.939,-415.395,-912.335
0.67458,417.384,375.869,793.253
0.675284,212.418,153.039,365.457
0.675989,353.906,304.127,658.033
0.676694,-354.931,-323.625,-678.557
0.6774,442.091,391.698,833.788
0.678107,145.236,72.8473,218.084
0.678814,355.227,298.961,654.187
0.679522,-408.153,-366.116,-774.269
0.680231,491.02,422.926,913.945
0.68094,114.41,73.0749,187.485
0.68165,304.099,273.626,577.725
0.682361,-232.997,-239.801,-472.798
0.683072,464.263,399.746,864.009
0.683784,-90.3397,-123.533,-213.873
0.684496,560.563,477.068,1037.63
0.68521,-147.127,-113.855,-260.982
0.685923,-151.894,-91.4964,-243.39
0.686638,-238.766,-157.109,-395.875
0.687353,-162.027,-104.337,-266.364
0.688069,25.0728,-13.2447,11.8281
0.688785,-49.8266,-68.2022,-118.029
0.689502,214.888,183.695,398.583
0.69022,-191.866,-168.53,-360.396
0.690938,240.611,183.059,423.67
0.691657,-249.12,-191.992,-441.112
0.692377,311.668,253.706,565.374
0.693097,-209.681,-171.934,-381.615
0.693819,194.628,145.146,339.775
0.69454,-22.4897,3.93715,-18.5526
0.695262,108.199,76.0741,184.273
0.695985,-161.376,-129.907,-291.283
0.696709,416.822,339.914,756.736
0.697433,-191.234,-164.101,-355.335
0.698158,534.872,445.366,980.238
0.698884,-385.275,-336.789,-722.064
0.69961,653.159,548.177,1201.34
0.700337,-432.567,-382.051,-814.618
0.701065,608.376,512.716,1121.09
0.701793,-249.777,-216.538,-466.315
0.702522,534.942,450.511,985.453
0.703251,-319.411,-291.63,-611.041
0.703982,653.148,540.004,1193.15
0.704712,-432.527,-379.294,-811.821
0.705444,634.87,533.973,1168.84
0.706176,-380.172,-327.424,-707.596
0.706909,615.251,496.909,1112.16
0.707643,-209.901,-169.471,-379.371
0.708377,493.913,399.573,893.486
0.709112,-292.106,-257.818,-549.924
0.709847,607.533,506.209,1113.74
0.710584,-367.845,-315.264,-683.109
0.71132,608.231,500.488,1108.72
0.712058,-294.709,-257.964,-552.673
0.712796,586.784,496.171,1082.96
0.713535,-255.429,-222.721,-478.15
0.714275,536.752,440.936,977.688
0.715015,-185.338,-168.442,-353.78
0.715756,540.055,450.548,990.603
0.716497,-213.592,-205.231,-418.823
0.71724,553.925,447.964,1001.89
0.717983,-216.523,-217.16,-433.683
0.718726,498.858,430.06,928.918
0.719471,-147.9,-150.574,-298.474
0.720216,467.267,390.036,857.303
0.720961,-97.0307,-112.067,-209.098
0.721708,407.817,336.248,744.065
0.722455,-129.949,-132.816,-262.765
0.723202,452.07,375.891,827.961
0.723951,-71.3292,-89.7571,-161.086
0.7247,301.344,245.958,547.302
0.725449,125.088,80.8897,205.977
0.7262,255.282,223.812,479.094
0.726951,-16.836,-70.5408,-87.3768
0.727703,367.501,296.544,664.046
0.728455,-118.965,-133.132,-252.097
0.729208,336.984,287.794,624.778
0.729962,-46.0691,-76.226,-122.295
0.730717,226.839,181.892,408.731
0.731472,187.114,128.989,316.102
0.732228,264.322,211.399,475.721
0.732984,-5.37131,-51.4076,-56.7789
0.733742,407.334,348.624,755.959
0.7345,-73.3486,-93.2968,-166.645
0.735258,293.168,235.136,528.304
0.736017,168.026,94.657,262.683
0.736777,264.776,224.305,489.08
0.737538,69.2184,11.1331,80.3515
0.7383,260.494,212.658,473.151
0.739062,-22.1218,-85.8828,-108.005
0.739824,241.997,197.801,439.798
0.740588,237.954,151.826,389.78
0.741352,267.912,203.712,471.624
0.742117,164.17,74.4889,238.659
0.742882,173.74,146.975,320.715
0.743649,96.901,33.5683,130.469
0.744416,222.539,181.856,404.395
0.745183,196.423,139.796,336.22
0.745952,217.245,176.303,393.549
0.746721,135.204,67.0452,202.249
0.747491,234.648,213.39,448.038
0.748261,48.4548,-0.610962,47.8438
0.749032,189.849,156.438,346.287
0.749804,280.641,185.047,465.688
0.750576,183.74,141.304,325.044
0.75135,112.833,61.2658,174.099
0.752124,183.376,161.222,344.598
0.752898,79.0564,31.6361,110.692
0.753674,286.998,234.686,521.684
0.75445,83.5822,35.1529,118.735
0.755227,190.882,150.566,341.447
0.756004,204.599,126.049,330.649
0.756782,194.345,149.919,344.264
0.757561,129.398,71.6335,201.032
0.758341,269.932,226.245,496.176
0.759121,14.8439,-35.9839,-21.14
0.759902,356.405,305.199,661.604
0.760684,41.032,-13.8484,27.1837
0.761466,307.587,252.005,559.592
0.762249,115.415,62.5806,177.996
0.763033,193.357,160.828,354.185
0.763818,111.982,69.1023,181.084
0.764603,260.07,214.441,474.51
0.765389,62.1587,18.7713,80.93
0.766176,228.155,168.801,396.956
0.766963,39.4368,-9.55914,29.8777
0.767751,356.089,288.922,645.01
0.76854,73.0795,33.0388,106.118
0.76933,200.929,151.412,352.341
0.77012,134.959,70.1829,205.142
0.770911,279.654,210.558,490.211
0.771703,71.7732,12.1198,83.8929
0.772495,251.739,198.233,449.971
0.773289,75.5548,15.8029,91.3577
0.774082,335.808,270.841,606.649
0.774877,12.8158,-14.8769,-2.06107
0.775672,316.639,249.323,565.962
0.776468,69.263,26.0681,95.3311
0.777265,326.185,262.559,588.745
0.778063,-10.1815,-20.3753,-30.5568
0.778861,270.831,200.422,471.252
0.77966,126.91,66.0446,192.954
0.78046,192.711,128.085,320.796
0.78126,171.965,111.337,283.303
0.782061,257.222,181.46,438.682
0.782863,107.442,61.0076,168.45
0.783666,293.595,222.453,516.048
0.784469,81.1579,51.5042,132.662
0.785273,303.937,231.368,535.306
0.786078,100.29,51.2383,151.529
0.786883,181.147,140.267,321.414
0.78769,124.703,64.9496,189.653
0.788497,285.857,219.253,505.11
0.789304,75.8943,30.8344,106.729
0.790113,305.564,225.574,531.138
0.790922,126.908,78.908,205.816
0.791732,231.545,182.38,413.925
0.792543,86.3429,45.9488,132.292
0.793354,328.147,260.117,588.264
0.794166,16.1157,-10.1517,5.96399
0.794979,337.9,263.32,601.22
0.795793,-34.3394,-63.3173,-97.6567
0.796607,434.903,337.918,772.82
0.797422,166.739,121.515,288.254
0.798238,384.54,312.702,697.242
0.799055,9.24681,-33.3537,-24.1069
0.799872,655.043,472.761,1127.8
0.80069,-84.9054,-59.5535,-144.459
0.801509,480.146,346.302,826.448
0.802328,-52.1043,-38.3456,-90.4498
0.803149,422.634,319.692,742.326
0.80397,-128.706,-94.0808,-222.786
0.804791,448.469,324.307,772.775
0.805614,-55.7373,-44.7394,-100.477
0.806437,375.336,280.459,655.795
0.807261,-129.07,-80.0878,-209.158
0.808086,449.432,307.261,756.694
0.808912,-113.302,-79.0078,-192.31
0.809738,490.371,359.063,849.434
0.810565,-145.484,-95.762,-241.246
0.811393,506.298,337.811,844.11
0.812221,-170.376,-123.608,-293.984
0.813051,470.981,346.257,817.238
0.813881,-172.036,-121.324,-293.359
0.814711,471.027,347.94,818.968
0.815543,-224.995,-150.506,-375.502
0.816375,517.62,368.798,886.418
0.817208,-178.658,-133.957,-312.615
0.818042,511.894,383.854,895.748
0.818877,-294.277,-201.79,-496.067
0.819712,606.469,446.919,1053.39
0.820548,-210.36,-177.065,-387.424
0.821385,650.529,493.173,1143.7
0.822223,-267.405,-202.507,-469.912
0.823061,670.937,503.235,1174.17
0.8239,-126.757,-108.889,-235.646
0.82474,649.022,495.559,1144.58
0.825581,-491.241,-419.758,-910.998
0.826422,836.395,661.943,1498.34
0.827264,-155.688,-137.524,-293.211
0.828107,796.786,629.304,1426.09
0.828951,-628.744,-530.48,-1159.22
0.829796,702.811,545.878,1248.69
0.830641,32.4268,13.794,46.2208
0.831487,412.204,293.237,705.441
0.832334,7.5341,-13.308,-5.77393
0.833181,231.797,161.936,393.732
0.83403,40.0726,26.3956,66.4682
0.834879,313.702,219.731,533.433
0.835729,11.817,5.68757,17.5046
0.836579,235.804,179.942,415.746
0.837431,-99.3295,-84.9945,-184.324
0.838283,384.516,291.035,675.551
0.839136,122.409,98.8344,221.243
0.83999,257.072,180.892,437.965
0.840844,122.509,86.5459,209.055
0.8417,264.117,177.907,442.024
0.842556,158.438,102.211,260.649
0.843413,256.705,180.032,436.737
0.84427,95.4666,67.1433,162.61
0.845129,235.457,148.536,383.994
0.845988,220.41,193.536,413.946
0.846848,-26.4795,-89.2005,-115.68
0.847709,359.79,308.89,668.68
0.84857,187.932,93.0107,280.943
0.849432,137.641,138.235,275.876
0.850296,79.7268,-3.1017,76.6251
0.85116,284.406,264.03,548.436
0.852024,233.952,170.762,404.714
0.85289,216.879,166.57,383.449
0.853756,17.309,-30.4136,-13.1046
0.854623,218.035,211.412,429.447
0.855491,213.787,148.695,362.482
0.856359,137.133,89.0166,226.149
0.857229,276.158,207.753,483.912
0.858099,99.4119,67.935,167.347
0.85897,294.526,216.571,511.097
0.859842,141.712,89.9824,231.694
0.860714,261.587,196.174,457.761
0.861588,127.408,110.014,237.422
0.862462,71.8853,14.4948,86.38
0.863337,286.386,259.72,546.106
0.864213,-37.757,-101.213,-138.97
0.865089,363.146,310.103,673.249
0.865967,195.361,138.783,334.143
0.866845,-427.817,-280.748,-708.565
0.867724,-513.798,-408.849,-922.648
0.868603,548.091,448.263,996.354
0.869484,-318.2,-278.14,-596.34
0.870365,487.055,419.711,906.766
0.871248,-473.241,-383.03,-856.271
0.87213,787.782,640.806,1428.59
0.873014,-626.914,-500.772,-1127.69
0.873899,921.693,745.806,1667.5
0.874784,-789.291,-626.672,-1415.96
0.87567,1031.36,801.415,1832.77
0.876557,-708.576,-554.325,-1262.9
0.877445,1069.42,840.899,1910.32
0.878334,-795.772,-646.621,-1442.39
0.879223,970.993,761.592,1732.59
0.880113,-457.481,-367.323,-824.805
0.881004,1112.39,893.645,2006.03
0.881896,-845.694,-670.395,-1516.09
0.882789,977.015,782.035,1759.05
0.883682,-778.314,-622.855,-1401.17
0.884576,931.085,731.896,1662.98
0.885471,161.745,165.275,327.02
0.886367,-141.715,-144.127,-285.841
0.887264,402.93,342.012,744.942
0.888162,-40.0436,-74.3739,-114.418
0.88906,-5.77189,-16.1684,-21.9402
0.889959,-468.343,-451.351,-919.694
0.890859,94.7608,176.764,271.525
0.89176,373.635,258.622,632.257
0.892661,-108.115,-34.9966,-143.112
0.893564,557.614,394.228,951.842
0.894467,21.3431,18.7485,40.0915
0.895371,126.971,108.913,235.884
0.896276,44.7847,42.5471,87.3318
0.897182,321.789,258.888,580.677
0.898088,-108.178,-81.8904,-190.069
0.898996,30.2488,11.2655,41.5143
0.899904,431.856,343.941,775.797
0.900813,-2.46931,-26.4385,-28.9078
0.901723,468.011,380.019,848.029
0.902633,-400.045,-367.666,-767.711
0.903545,638.523,498.366,1136.89
0.904457,-367.824,-332.743,-700.567
0.90537,640.816,523.285,1164.1
0.906284,-74.7984,-87.6853,-162.484
0.907199,248.676,170.678,419.353
0.908115,148.848,114.738,263.586
0.909031,205.65,148.171,353.822
0.909948,69.4647,47.6713,117.136
0.910866,171.754,122.13,293.883
0.911785,-66.8411,-46.0916,-112.933
0.912705,377.533,295.66,673.192
0.913626,6.46499,-9.60561,-3.14062
0.914547,262.309,228.773,491.082
0.91547,-50.1556,-57.3008,-107.456
0.916393,300.057,245.77,545.826
0.917317,181.033,139.707,320.739
0.918242,225.334,176.323,401.657
0.919167,132.48,87.0107,219.491
0.920094,150.813,118.222,269.035
0.921021,223.651,168.707,392.358
0.921949,-234.456,-230.048,-464.504
0.922879,709.393,574.572,1283.97
0.923808,-349.134,-315.352,-664.487
0.924739,612.652,499.753,1112.41
0.925671,-262.162,-253.991,-516.153
0.926603,728.094,574.222,1302.32
0.927536,-412.105,-360.596,-772.702
0.928471,701.196,543.389,1244.59
0.929406,201.295,142.138,343.433
0.930341,-60.5798,-78.0203,-138.6
0.931278,286.285,237.973,524.258
0.932216,227.304,154.72,382.024
0.933154,320.71,235.548,556.258
0.934093,-389.031,-326.646,-715.676
0.935033,648.862,512.72,1161.58
0.935974,-224.533,-220.441,-444.973
0.936916,681.366,549.004,1230.37
0.937859,-110.015,-139.396,-249.411
0.938802,475.727,383.559,859.286
0.939746,-336.454,-304.185,-640.639
0.940692,698.42,555.498,1253.92
0.941638,345.105,249.428,594.533
0.942585,-428.716,-372.283,-800.998
0.943533,552.75,448.685,1001.43
0.944481,17.6414,-18.5622,-0.920766
0.945431,521.851,440.398,962.248
0.946381,-144.632,-139.434,-284.066
0.947332,516.231,421.831,938.062
0.948285,-285.623,-274.296,-559.919
0.949237,605.052,487.495,1092.55
0.950191,-90.6851,-108.898,-199.583
0.951146,680.256,544.258,1224.51
0.952102,-120.036,-136.056,-256.092
0.953058,596.833,458.802,1055.64
0.954015,-269.998,-247.946,-517.944
0.954974,525.183,420.792,945.975
0.955933,26.1702,-20.2655,5.90471
0.956893,414.248,330.104,744.352
0.957853,-360.6,-295.511,-656.111
0.958815,635.614,501.664,1137.28
0.959778,-165.715,-191.493,-357.208
0.960741,622.704,522.957,1145.66
0.961705,-316.759,-268.478,-585.237
0.962671,564.446,443.05,1007.5
0.963637,345.342,295.788,641.13
0.964604,-178.999,-192.271,-371.269
0.965571,504.147,393.724,897.871
0.96654,-142.304,-181.334,-323.638
0.96751,745.643,599.01,1344.65
0.96848,-245.308,-248.026,-493.334
0.969452,616.647,500.028,1116.67
0.970424,-322.945,-302.29,-625.235
0.971397,659.23,521.749,1180.98
0.972371,27.9504,-16.1188,11.8316
0.973346,581.356,473.989,1055.35
0.974322,-198.292,-202.123,-400.416
0.975298,731.66,573.641,1305.3
0.976276,-246.042,-244.358,-490.4
0.977254,559.035,438.964,997.999
0.978233,-194.657,-193.941,-388.598
0.979214,594.986,496.862,1091.85
0.980195,-340.036,-303.326,-643.362
0.981177,626.558,497.716,1124.27
0.98216,32.5304,-17.8037,14.7266
0.983143,390.637,312.879,703.515
0.984128,-325.428,-296.883,-622.311
0.985114,592.979,476.392,1069.37
0.9861,99.6468,54.0057,153.653
0.987088,514.235,422.935,937.17
0.988076,-230.274,-226.121,-456.395
0.989065,521.695,415.374,937.07
0.990055,-222.652,-238.033,-460.685
0.991046,518.769,414.944,933.713
0.992038,-54.0748,-82.7011,-136.776
0.993031,254.24,192.686,446.927
0.994024,345.315,253.329,598.644
0.995019,-185.397,-150.775,-336.172
0.996014,390.387,306.324,696.711
0.997011,-204.971,-192.982,-397.952
0.998008,510.445,415.339,925.784
0.999006,-137.564,-154.639,-292.203
1.00001,455.143,370.438,825.581
1.00101,-31.1153,-49.8417,-80.957
1.00201,438.406,365.38,803.787
1.00301,-231.199,-219.683,-450.882
1.00402,589.927,480.338,1070.26
1.00502,-267.509,-245.268,-512.778
1.00603,609.327,494.889,1104.22
1.00704,-184.444,-193.774,-378.218
1.00805,528.133,410.901,939.034
1.00906,-56.0121,-53.6821,-109.694
1.01008,349.023,282.709,631.732
1.0111,195.406,157.702,353.108
1.01211,-150.539,-161.209,-311.748
1.01313,486.47,401.659,888.129
1.01415,-6.98022,-22.0336,-29.0138
1.01518,245.811,233.647,479.458
1.0162,290.874,209.868,500.742
1.01723,359.253,250.753,610.006
1.01826,268.759,226.523,495.282
1.01929,26.6863,21.0844,47.7707
1.02032,283.794,229.845,513.639
1.02135,48.1374,28.6996,76.837
1.02238,319.688,228.05,547.738
1.02342,86.4178,57.7366,144.154
1.02446,322.709,229.946,552.655
1.0255,77.2916,58.013,135.305
1.02654,187.867,147.534,335.401
1.02758,151.637,120.797,272.434
1.02863,196.027,131.218,327.245
1.02968,141.719,123.73,265.449
1.03072,271.862,225.931,497.793
1.03177,52.1618,25.6621,77.824
1.03282,259.544,197.856,457.399
1.03388,100.008,86.6982,186.707
1.03493,366.78,290.895,657.674
1.03599,1.41167,16.137,17.5487
1.03705,343.146,269.942,613.088
1.03811,-137.093,-128.515,-265.607
1.03917,438.977,349.097,788.074
1.04023,-118.858,-108.008,-226.866
1.0413,351.025,265.035,616.06
1.04237,39.9364,45.391,85.3273
1.04344,230.269,174.571,404.84
1.04451,-9.56912,-6.56191,-16.131
1.04558,367.512,298.142,665.654
1.04665,-187.814,-134.567,-322.38
1.04773,596.556,495.306,1091.86
1.04881,-183.371,-164.237,-347.608
1.04989,383.265,292.287,675.552
1.05097,-22.1299,-25.0802,-47.2101
1.05205,223.706,171.877,395.584
1.05313,34.2502,12.4714,46.7216
1.05422,181.288,120.127,301.415
1.05531,189.964,166.642,356.605
1.0564,162.54,97.8406,260.38
1.05749,21.5875,30.793,52.3805
1.05858,369.112,277.703,646.815
1.05968,14.0339,22.5085,36.5424
1.06078,267.032,205.085,472.118
1.06187,240.683,214.315,454.998
1.06297,135.266,74.5568,209.823
1.06408,171.322,146.83,318.151
1.06518,239.118,176.07,415.189
1.06629,148.424,122.831,271.255
1.06739,249.325,185.618,434.943
1.0685,96.6472,68.5433,165.19
1.06962,206.987,157.916,364.903
1.07073,78.4259,52.2407,130.667
1.07184,152.577,86.0868,238.664
1.07296,276.456,240.146,516.602
1.07408,36.3642,9.81409,46.1783
1.0752,73.0533,59.2819,132.335
1.07632,287.472,224.147,511.62
1.07745,46.0134,33.8578,79.8712
1.07857,353.945,284.769,638.714
1.0797,-17.3171,-18.3452,-35.6623
1.08083,25.5915,2.47115,28.0627
1.08196,135.143,95.7722,230.915
1.08309,252.014,210.186,462.2
1.08423,-40.9986,-42.4776,-83.4762
1.08536,242.843,201.184,444.027
1.0865,72.424,42.2077,114.632
1.08764,194.303,156.223,350.526
1.08879,54.6356,43.19,97.8256
1.08993,221.298,184.227,405.525
1.09108,101.248,61.4261,162.674
1.09222,228.971,204.562,433.534
1.09337,166.363,121.903,288.266
1.09453,128.398,106.489,234.888
1.09568,151.799,96.8648,248.664
1.09684,216.524,173.209,389.733
1.09799,155.582,93.4111,248.993
1.09915,292.913,255.052,547.965
1.10031,145.211,115.947,261.158
1.10148,260.777,221.403,482.181
1.10264,93.3558,51.025,144.381
1.10381,187.628,176.176,363.804
1.10498,108.939,76.3473,185.287
1.10615,273.281,224.188,497.469
1.10732,69.3922,46.913,116.305
1.10849,132.537,130.174,262.711
1.10967,134.913,92.5464,227.46
1.11085,273.658,212.377,486.035
1.11203,-74.9706,-88.6346,-163.605
1.11321,313.127,259.389,572.516
1.11439,96.4709,66.6789,163.15
1.11558,228.909,185.201,414.11
1.11677,65.1234,24.2802,89.4035
1.11796,211.859,174.235,386.094
1.11915,221.371,165.465,386.836
1.12034,30.9798,30.1247,61.1045
1.12154,352.658,260.473,613.131
1.12274,-12.473,13.4386,0.965665
1.12394,316.311,219.649,535.96
1.12514,114.762,91.489,206.251
1.12634,205.063,144.926,349.989
1.12755,-32.4142,-25.8194,-58.2335
1.12875,419.274,302.076,721.35
1.12996,137.142,123.547,260.689
1.13117,89.3273,43.8566,133.184
1.13239,233.897,181.494,415.391
1.1336,20.1485,-26.0459,-5.89737
1.13482,266.977,210.611,477.588
1.13604,26.9442,9.0523,35.9965
1.13726,264.095,192.879,456.975
1.13848,-77.829,-96.7505,-174.58
1.13971,292.177,245.086,537.263
1.14093,71.3854,46.703,118.088
1.14216,291,221.644,512.644
1.14339,96.4175,59.1119,155.529
1.14463,285.57,226.117,511.687
1.14586,-18.1373,-31.6324,-49.7697
1.1471,287.919,252.66,540.579
1.14834,116.865,88.2698,205.135
1.14958,236.204,190.118,426.322
1.15082,12.4268,-9.03636,3.39042
1.15207,149.883,139.397,289.28
1.15332,255.129,180.637,435.766
1.15456,100.43,92.4178,192.848
1.15582,323.164,240.269,563.432
1.15707,-28.076,-1.3183,-29.3943
1.15832,343.191,243.498,586.689
1.15958,41.4049,49.0196,90.4244
1.16084,92.0461,66.2758,158.322
1.1621,-197.955,-184.2,-382.154
1.16337,116.121,119.848,235.969
1.16463,155.135,94.4908,249.625
1.1659,62.9682,31.0759,94.0441
1.16717,238.78,187.39,426.17
1.16844,260.601,160.472,421.073
1.16971,58.6757,30.9549,89.6306
1.17099,222.78,151.626,374.406
1.17227,177.51,131.895,309.405
1.17355,257.535,169.596,427.131
1.17483,72.5419,57.6129,130.155
1.17611,157.111,103.829,260.939
1.1774,43.9181,49.3267,93.2448
1.17869,327.768,205.775,533.542
1.17998,45.0111,31.3038,76.3149
1.18127,293.99,190.413,484.403
1.18256,-7.42461,12.4526,5.02794
1.18386,281.62,181.61,463.23
1.18516,55.7184,66.1983,121.917
1.18646,250.115,164.341,414.456
1.18776,83.0028,68.5895,151.592
1.18907,215.462,133.957,349.419
1.19038,116.98,98.2058,215.186
1.19169,204.958,118.113,323.071
1.193,130.339,92.5524,222.892
1.19431,153.159,82.2125,235.371
1.19563,136.803,111.505,248.308
1.19694,145.007,77.8224,222.829
1.19826,162.247,127.132,289.379
1.19959,153.468,93.0346,246.503
1.20091,121.521,107.389,228.909
1.20224,155.636,93.4459,249.082
1.20357,165.098,114.562,279.66
1.2049,118.797,66.506,185.303
1.20623,178.96,133.258,312.218
1.20756,140.416,79.6724,220.088
1.2089,156.253,114.457,270.71
1.21024,126.878,79.3942,206.272
1.21158,234.555,181.81,416.365
1.21293,-1.33104,-12.2475,-13.5785
1.21427,293.132,224.767,517.898
1.21562,1.82754,-8.14231,-6.31477
1.21697,269.233,196.134,465.367
1.21832,-60.5379,-57.2924,-117.83
1.21968,381.18,293.372,674.551
1.22104,-49.023,-30.0289,-79.0519
1.2224,239.821,176.467,416.288
1.22376,-191.255,-154.629,-345.884
1.22512,603.121,497.357,1100.48
1.22649,-211.055,-187.284,-398.339
1.22785,201.634,151.693,353.327
1.22922,-77.5382,-43.6492,-121.187
1.2306,298.536,210.377,508.913
1.23197,-7.3766,-15.5837,-22.9603
1.23335,286.331,203.032,489.363
1.23473,-24.7252,-21.5266,-46.2518
1.23611,275.817,192.695,468.512
1.23749,30.5458,20.044,50.5898
1.23888,207.875,169.115,376.99
1.24027,81.5349,53.8496,135.385
1.24166,550.258,466.549,1016.81
1.24305,-76.2928,-96.455,-172.748
1.24445,212.086,190.317,402.403
1.24584,51.2315,32.3414,83.5729
1.24724,250.705,185.898,436.604
1.24864,38.584,15.4006,53.9847
1.25005,324.377,242.366,566.743
1.25145,29.3807,9.44149,38.8222
1.25286,252.242,202.876,455.118
1.25427,-2.95733,-3.67654,-6.63387
1.25569,355.607,274.186,629.792
1.2571,-47.4273,-67.7937,-115.221
1.25852,584.542,500.994,1085.54
1.25994,-133.795,-133.12,-266.914
1.26136,257.027,220.787,477.814
1.26279,107.805,69.181,176.986
1.26421,218.506,168.421,386.927
1.26564,86.1037,51.3367,137.44
1.26708,170.826,141.858,312.683
1.26851,146.912,106.015,252.927
1.26995,127.705,116.846,244.551
1.27138,154.065,98.5223,252.587
1.27283,202.348,216.343,418.691
1.27427,187.329,113.041,300.37
1.27571,113.041,110.357,223.398
1.27716,158.599,99.7401,258.339
1.27861,179.083,157.333,336.416
1.28007,131.665,76.1443,207.809
1.28152,220.009,182.236,402.246
1.28298,56.9987,44.8689,101.868
1.28444,173.393,168.887,342.28
1.2859,163.63,124.838,288.468
1.28736,-18.3063,-16.6466,-34.9528
1.28883,357.878,276.285,634.164
1.2903,144.285,133.748,278.032
1.29177,104.877,69.159,174.036
1.29325,160.086,143.361,303.447
1.29472,102.295,77.317,179.612
1.2962,137.724,132.091,269.815
1.29768,99.9072,59.6534,159.561
1.29917,180.109,183.012,363.12
1.30065,105.334,83.1823,188.517
1.30214,138.681,140.884,279.564
1.30363,141.229,94.1809,235.41
1.30513,209.904,201.272,411.176
1.30662,127.321,97.4003,224.721
1.30812,184.881,161.555,346.436
1.30962,123.042,85.0889,208.131
1.31112,162.02,145.009,307.029
1.31263,230.977,160.526,391.503
1.31414,30.6066,50.5935,81.2002
1.31565,354.805,308.25,663.055
1.31716,17.8818,43.7404,61.6223
1.31868,186.399,134.546,320.944
1.32019,-8.89103,23.6721,14.781
1.32171,328.245,244.255,572.5
1.32324,43.9726,60.9462,104.919
1.32476,146.322,104.527,250.849
1.32629,299.155,264.062,563.216
1.32782,-61.9988,-63.1934,-125.192
1.32935,240.853,199.969,440.822
1.33089,220.509,162.074,382.583
1.33243,61.1796,60.8016,121.981
1.33397,221.788,171.781,393.569
1.33551,118.896,108.393,227.288
1.33705,33.6785,-3.24744,30.4311
1.3386,166.825,156.309,323.133
1.34015,296.386,210.054,506.441
1.34171,-31.7037,-70.4956,-102.199
1.34326,585.308,454.319,1039.63
1.34482,-399.462,-299.986,-699.448
1.34638,633.349,481.882,1115.23
1.34794,-398.853,-305.896,-704.748
1.34951,522.405,382.947,905.353
1.35107,-205.954,-183.098,-389.052
1.35265,458.382,335.852,794.234
1.35422,-225.231,-176.243,-401.473
1.35579,388.458,281.196,669.654
1.35737,-93.8689,-86.1862,-180.055
1.35895,361.607,252.87,614.477
1.36054,-101.269,-103.9,-205.169
1.36212,308.098,207.608,515.707
1.36371,-55.7598,-63.5963,-119.356
1.3653,276.684,190.632,467.315
1.3669,-19.6337,-5.13986,-24.7735
1.36849,265.747,205.698,471.444
1.37009,-7.38925,6.62164,-0.76761
1.37169,289.907,247.416,537.323
1.3733,-87.9979,-63.8306,-151.828
1.3749,373.382,297.123,670.505
1.37651,-84.0806,-67.6115,-151.692
1.37812,320.495,260.936,581.431
1.37974,-26.6476,-25.1304,-51.778
1.38135,354.238,267.703,621.941
1.38297,-130.792,-83.8565,-214.649
1.3846,408.647,310.416,719.063
1.38622,-74.3736,-51.9765,-126.35
1.38785,392.761,296.469,689.23
1.38948,-100.128,-86.0101,-186.138
1.39111,402.22,304.247,706.467
1.39275,2.73739,-10.4635,-7.72608
1.39439,397.18,289.493,686.673
1.39603,-20.0495,-16.0928,-36.1423
1.39767,347.011,262.29,609.301
1.39932,0.0389515,0.976771,1.01572
1.40097,277.035,216.993,494.028
1.40262,21.1433,11.9234,33.0667
1.40427,279.024,206.869,485.893
1.40593,82.0733,72.9829,155.056
1.40759,124.081,99.3653,223.446
1.40925,-21.6246,-6.26898,-27.8936
1.41092,200.712,141.154,341.866
1.41258,-17.6783,-15.6158,-33.2941
1.41425,202.137,158.09,360.227
1.41593,16.1769,26.8181,42.9949
1.4176,179.755,135.09,314.845
1.41928,23.2376,23.4429,46.6805
1.42096,219.783,175.682,395.466
1.42265,91.7511,82.0144,173.765
1.42433,146.769,116.044,262.813
1.42602,45.0915,54.9697,100.061
1.42772,197.689,162.884,360.573
1.42941,59.6474,63.8048,123.452
1.43111,136.981,113.691,250.672
1.43281,206.65,176.578,383.228
1.43451,114.565,98.6873,213.252
1.43622,59.1366,71.498,130.635
1.43793,347.165,263.964,611.13
1.43964,-37.1753,-17.6975,-54.8728
1.44135,374.281,303.484,677.765
1.44307,-51.1849,-16.7393,-67.9241
1.44479,294.44,230.211,524.651
1.44651,-10.4102,14.2965,3.88627
1.44824,267.194,210.061,477.256
1.44997,72.8552,74.2296,147.085
1.4517,202.56,152.048,354.608
1.45343,137.408,115.894,253.302
1.45517,207.621,161.502,369.123
1.45691,45.2218,63.3336,108.555
1.45865,256.871,203.984,460.855
1.4604,-54.3038,-14.2116,-68.5154
1.46214,330.049,258.16,588.209
1.4639,-108.139,-72.0643,-180.203
1.46565,404.159,315.001,719.16
1.46741,-90.1401,-55.221,-145.361
1.46917,414.748,328.357,743.106
1.47093,6.85375,34.934,41.7877
1.47269,209.078,180.819,389.898
1.47446,85.43,84.4696,169.9
1.47623,227.829,198.557,426.385
1.47801,41.0268,60.5782,101.605
1.47978,220.975,185.069,406.044
1.48156,54.9456,62.1163,117.062
1.48335,238.818,188.289,427.106
1.48513,92.351,91.4809,183.832
1.48692,163.691,123.524,287.215
1.48871,130.892,108.817,239.709
1.4905,184.924,137.388,322.312
1.4923,82.9767,67.2011,150.178
1.4941,297.33,227.125,524.455
1.4959,-29.9822,-2.95348,-32.9357
1.49771,255.097,197.79,452.887
1.49952,90.3199,85.295,175.615
1.50133,173.08,131.285,304.366
1.50315,76.7597,78.0691,154.829
1.50496,188.311,137.447,325.757
1.50678,50.0585,58.6133,108.672
1.50861,233.391,174.781,408.172
1.51043,45.8374,62.9078,108.745
1.51226,218.908,162.378,381.287
1.5141,3.31814,24.1048,27.4229
1.51593,296.603,215.987,512.59
1.51777,-65.4154,-20.6112,-86.0266
1.51961,305.39,239.39,544.781
1.52146,-65.1261,-27.3833,-92.5094
1.5233,362.326,276.184,638.51
1.52515,-91.0966,-40.0556,-131.152
1.52701,383.095,297.478,680.573
1.52886,-137.901,-72.2956,-210.197
1.53072,409.579,309.979,719.557
1.53258,-99.1584,-40.5543,-139.713
1.53445,324.967,250.617,575.583
1.53632,-29.8686,16.0451,-13.8234
1.53819,242.217,206.556,448.773
1.54006,111.287,124.959,236.246
1.54194,228.414,167.38,395.793
1.54382,-106.899,-40.1943,-147.093
1.54571,414.457,330.495,744.952
1.54759,-177.27,-98.8421,-276.112
1.54948,435.135,350.904,786.039
1.55138,-154.77,-87.9985,-242.769
1.55327,401.686,327.071,728.757
1.55517,-146.147,-67.6193,-213.766
1.55707,375.542,309.062,684.604
1.55898,-186.485,-87.7297,-274.215
1.56089,487.104,369.234,856.338
1.5628,-201.537,-101.432,-302.969
1.56471,495.316,388.762,884.078
1.56663,-191.381,-105.658,-297.039
1.56855,327.226,256.059,583.286
1.57047,-135.482,-63.41,-198.892
1.5724,298.296,248.113,546.409
1.57433,-140.14,-71.6909,-211.831
1.57627,345.112,283.951,629.063
1.5782,-117.857,-45.7084,-163.565
1.58014,250.203,209.729,459.931
1.58208,-94.5242,-40.0856,-134.61
1.58403,251.342,213.451,464.793
1.58598,11.1402,38.9272,50.0674
1.58793,204.034,170.321,374.355
1.58989,-11.0852,15.3622,4.27705
1.59185,220.689,193.016,413.705
1.59381,50.6394,69.8679,120.507
1.59577,128.644,141.225,269.869
1.59774,81.4433,87.1751,168.618
1.59971,159.145,139.262,298.407
1.60169,53.8921,63.0203,116.912
1.60366,98.3692,107.562,205.931
1.60564,161.002,140.18,301.182
1.60763,106.34,100.801,207.14
1.60962,58.468,67.7111,126.179
1.61161,157.069,131.8,288.869
1.6136,66.2281,78.9461,145.174
1.6156,197.565,142.488,340.053
1.6176,-11.8443,16.7775,4.9332
1.6196,225.406,149.494,374.9
1.62161,5.63104,22.9993,28.6304
1.62362,218.594,150.595,369.189
1.62563,-46.9098,6.10999,-40.7998
1.62765,212.44,158.302,370.742
1.62967,-54.6018,-11.8149,-66.4167
1.63169,279.924,216.291,496.215
1.63372,-64.3055,-13.5946,-77.9001
1.63575,244.99,182.94,427.931
1.63778,-36.6266,-1.75523,-38.3819
1.63982,276.109,199.661,475.77
1.64186,-98.3448,-50.9813,-149.326
1.6439,247.508,185.698,433.206
1.64595,-93.8653,-42.8396,-136.705
1.648,235.732,193.209,428.94
1.65005,60.3855,79.8828,140.268
1.65211,212.678,152.972,365.65
1.65417,62.7742,69.153,131.927
1.65623,167.857,139.623,307.48
1.65829,-1.8348,24.2802,22.4454
1.66036,192.589,167.744,360.333
1.66244,60.2804,78.3344,138.615
1.66451,197.54,168.966,366.506
1.66659,102.823,110.618,213.442
1.66868,220.131,151.358,371.489
1.67076,-3.21405,38.4565,35.2425
1.67285,284.379,207.781,492.16
1.67495,-110.604,-49.7557,-160.36
1.67704,274.1,216.129,490.229
1.67914,-30.2381,6.75973,-23.4783
1.68125,339.376,254.948,594.324
1.68335,-53.55,-19.9034,-73.4534
1.68547,334.96,248.006,582.966
1.68758,-75.7469,-27.8975,-103.644
1.6897,389.457,285.231,674.688
1.69182,-64.6554,-30.6966,-95.352
1.69394,294.692,233.581,528.274
1.69607,-10.5774,19.6377,9.06035
1.6982,325.277,276.953,602.229
1.70033,-75.0086,-15.413,-90.4215
1.70247,257.087,193.956,451.043
1.70461,-3.08163,32.9988,29.9172
1.70676,247.639,195.026,442.665
1.70891,-67.6014,-11.2517,-78.8531
1.71106,348.592,273.438,622.03
1.71322,-31.2814,10.6793,-20.6021
1.71537,292.548,240.406,532.954
1.71754,-28.679,16.0526,-12.6264
1.7197,265.761,234.313,500.075
1.72187,-30.947,8.75711,-22.1899
1.72405,342.309,267.144,609.453
1.72622,-69.0313,-16.8031,-85.8345
1.7284,431.142,313.227,744.369
1.73059,-143.809,-82.3988,-226.207
1.73277,497.556,359.288,856.844
1.73496,-120.592,-57.5335,-178.126
1.73716,436.476,314.955,751.431
1.73936,-116.523,-61.4399,-177.963
1.74156,334.563,259.131,593.693
1.74376,-46.1651,-12.8028,-58.9679
1.74597,368.17,271.811,639.981
1.74818,-99.456,-44.5742,-144.03
1.7504,369.612,286.025,655.637
1.75262,-84.5799,-32.2156,-116.795
1.75484,368.203,297.691,665.894
1.75707,-95.6425,-33.0771,-128.72
1.7593,345.395,281.218,626.613
1.76153,-23.8869,9.8363,-14.0506
1.76377,349.999,290.051,640.05
1.76601,-91.347,-32.2184,-123.565
1.76826,273.605,217.392,490.997
1.7705,-90.0616,-37.3727,-127.434
1.77276,403.536,316.389,719.924
1.77501,-65.3025,-12.3395,-77.642
1.77727,321.105,249.749,570.854
1.77953,-70.8667,-29.6695,-100.536
1.7818,338.3,270.336,608.636
1.78407,-28.3418,-2.47203,-30.8139
1.78635,375.913,295.732,671.645
1.78862,-34.9765,-2.33306,-37.3095
1.7909,310.276,249.741,560.017
1.79319,-16.3341,13.5733,-2.76077
1.79548,342.681,283.121,625.801
1.79777,-114.176,-54.0218,-168.198
1.80007,409.979,317.211,727.19
1.80237,-134.258,-66.0877,-200.345
1.80467,468.661,315.717,784.378
1.80698,-300.7,-197.994,-498.695
1.80929,698.581,467.351,1165.93
1.81161,-380.853,-258.2,-639.053
1.81392,793.15,539.298,1332.45
1.81625,-320.897,-216.639,-537.535
1.81857,601.294,422.971,1024.27
1.8209,-276.53,-183.998,-460.528
1.82324,598.241,420.337,1018.58
1.82558,-245.824,-149.411,-395.235
1.82792,602.703,439.311,1042.01
1.83026,-289.395,-177.631,-467.026
1.83261,638.724,473.045,1111.77
1.83496,-202.417,-113.637,-316.054
1.83732,548.18,391.855,940.035
1.83968,-228.72,-143.772,-372.492
1.84205,587.176,432.786,1019.96
1.84441,-232.322,-126.222,-358.544
1.84679,537.032,402.865,939.897
1.84916,-233.555,-128.649,-362.205
1.85154,579.923,430.92,1010.84
1.85393,-188.035,-95.1542,-283.189
1.85631,568.409,416.229,984.638
1.85871,-260.371,-162.386,-422.757
1.8611,492.635,369.319,861.953
1.8635,-149.147,-76.3039,-225.451
1.8659,444.692,318.084,762.776
1.86831,-139.564,-78.7841,-218.348
1.87072,380.314,289.357,669.671
1.87314,-100.3,-33.1642,-133.465
1.87556,457.305,327.076,784.382
1.87798,-218.546,-160.992,-379.538
1.88041,465.905,374.193,840.098
1.88284,-78.085,-41.3574,-119.442
1.88527,363.174,281.713,644.887
1.88771,-159.229,-102.212,-261.441
1.89015,383.543,305.885,689.429
1.8926,-133.634,-94.3748,-228.009
1.89505,389.259,310.649,699.908
1.8975,-33.5924,-23.033,-56.6254
1.89996,242.981,228.027,471.008
1.90242,43.0102,33.073,76.0832
1.90489,265.691,235.45,501.141
1.90736,-36.6357,-20.1848,-56.8206
1.90984,308.563,280.213,588.776
1.91231,-14.8646,2.67006,-12.1946
1.9148,292.632,263.183,555.815
1.91728,9.32308,27.9585,37.2815
1.91977,183.319,158.18,341.499
1.92227,77.8775,74.6636,152.541
1.92477,259.733,208.969,468.702
1.92727,38.901,25.3228,64.2238
1.92978,250.396,216.89,467.285
1.93229,53.0936,43.1596,96.2532
1.9348,217.482,194.68,412.161
1.93732,12.6139,27.8786,40.4925
1.93984,273.191,236.448,509.639
1.94237,91.2806,70.579,161.86
1.9449,205.793,156.441,362.234
1.94744,100.79,96.1617,196.952
1.94998,190.765,173.079,363.844
1.95252,128.694,128.072,256.767
1.95507,226.467,193.593,420.06
1.95762,73.4067,86.1964,159.603
1.96018,168.626,187.187,355.814
1.96274,104.326,112.028,216.354
1.9653,191.257,181.01,372.267
1.96787,78.2623,90.8278,169.09
1.97044,195.478,189.035,384.513
1.97302,-4.80687,28.2322,23.4253
1.9756,215.384,216.865,432.249
1.97819,4.5238,31.136,35.6598
1.98078,309.59,282.771,592.362
1.98337,-32.991,12.2448,-20.7462
1.98597,320.899,275.923,596.822
1.98857,19.1906,47.3551,66.5457
1.99118,288.203,245.035,533.238
1.99379,22.8838,47.9325,70.8163
1.9964,303.776,246.058,549.833
1.99902,0.873048,31.8356,32.7086
2.00165,321.584,260.584,582.168
2.00427,3.79989,38.0035,41.8034
2.0069,316.852,253.094,569.946
2.00954,33.4607,57.0869,90.5476
2.01218,275.189,237.124,512.313
2.01483,34.7887,64.2785,99.0671
2.01748,206.809,181.742,388.551
2.02013,49.1781,78.0908,127.269
2.02279,318.532,257.454,575.986
2.02545,-32.0988,23.0655,-9.03335
2.02811,315.142,260.895,576.037
2.03079,36.2312,72.8852,109.116
2.03346,262.567,206.306,468.873
2.03614,-99.3245,-45.5796,-144.904
2.03882,308.69,268.569,577.259
2.04151,42.644,82.0302,124.674
2.0442,234.882,208.196,443.077
2.0469,58.8072,104.5,163.307
2.0496,276.709,234.236,510.945
2.05231,28.0858,80.1803,108.266
2.05502,307.446,257.814,565.259
2.05773,4.32968,54.2293,58.5589
2.06045,359.001,286.046,645.047
2.06317,-88.6817,-27.9918,-116.673
2.0659,305.756,255.791,561.548
2.06863,-55.3336,-20.7925,-76.1261
2.07137,133.117,119.851,252.967
2.07411,-67.2723,25.8958,-41.3765
2.07686,118.413,136.374,254.788
2.07961,-10.4237,90.5776,80.1539
2.08236,122.859,131.723,254.583
2.08512,62.0321,120.646,182.678
2.08788,139.909,147.152,287.061
2.09065,-70.0288,-34.3394,-104.368
2.09342,358.768,317.692,676.46
2.0962,-14.7614,-10.1809,-24.9423
2.09898,194.504,183.569,378.073
2.10177,39.1086,31.5209,70.6295
2.10456,333.518,278.51,612.028
2.10735,15.5165,20.8688,36.3853
2.11015,185.062,188.433,373.496
2.11296,50.0788,36.8126,86.8914
2.11576,245.682,231.342,477.024
2.11858,63.4192,73.0719,136.491
2.1214,113.231,150.435,263.666
2.12422,137.576,98.5848,236.161
2.12704,214.544,216.592,431.136
2.12988,87.8881,89.1546,177.043
2.13271,85.242,144.624,229.866
2.13555,103.75,69.4746,173.225
2.1384,401.463,342.283,743.746
2.14125,5.13043,21.8806,27.011
2.1441,-58.5542,37.9425,-20.6117
2.14696,112.129,81.5486,193.678
2.14983,318.431,291.9,610.331
2.15269,230.682,201.786,432.469
2.15557,-199.35,-57.1635,-256.514
2.15844,171.245,142.053,313.298
2.16133,254.96,250.93,505.89
2.16421,105.026,93.0651,198.091
2.16711,74.867,130.855,205.722
2.17,167.663,134.342,302.005
2.1729,144.077,158.682,302.759
2.17581,223.469,192.711,416.18
2.17872,65.5141,106.258,171.772
2.18164,118.454,98.5674,217.022
2.18456,219.628,213.637,433.265
2.18748,100.248,98.4513,198.699
2.19041,35.779,95.9379,131.717
2.19335,188.999,150.409,339.408
2.19628,142.566,165.901,308.466
2.19923,248.157,213.346,461.503
2.20218,-69.515,28.7857,-40.7293
2.20513,189.699,150.479,340.178
2.20809,126.287,166.991,293.279
2.21105,166.053,138.045,304.098
2.21402,103.796,148.766,252.562
2.21699,174.47,150.213,324.683
2.21997,125.036,165.397,290.432
2.22295,167.239,149.158,316.397
2.22594,71.4232,120.227,191.65
2.22893,205.904,182.444,388.347
2.23193,138.021,156.527,294.548
2.23493,109.055,110.075,219.13
2.23794,126.452,163.946,290.398
2.24095,154.862,140.828,295.69
2.24397,171.346,193.917,365.263
2.24699,122.062,124.887,246.949
2.25001,209.643,217.474,427.117
2.25305,113.031,113.825,226.857
2.25608,171.245,197.365,368.61
2.25912,100.207,116.389,216.596
2.26217,185.818,209.448,395.266
2.26522,105.76,114.507,220.267
2.26828,196.819,222.241,419.059
2.27134,35.1832,55.7761,90.9593
2.2744,254.373,251.708,506.081
2.27747,48.8422,65.0925,113.935
2.28055,224.816,237.042,461.858
2.28363,31.063,63.1886,94.2516
2.28672,246.553,243.044,489.596
2.28981,37.9103,69.5782,107.489
2.2929,207.228,216.243,423.47
2.296,32.3282,61.5074,93.8356
2.29911,201.307,206.797,408.104
2.30222,83.6785,95.3744,179.053
2.30534,185.548,210.546,396.095
2.30846,73.3791,93.1117,166.491
2.31158,220.513,223.421,443.933
2.31472,16.2059,48.0331,64.239
2.31785,259.261,252.61,511.871
2.32099,37.5421,54.7119,92.254
2.32414,264.669,247.723,512.392
2.32729,6.69975,38.3663,45.066
2.33045,285.714,266.736,552.45
2.33361,0.135234,23.6247,23.7599
2.33678,287.439,273.3,560.739
2.33995,24.9733,49.0519,74.0252
2.34313,276.798,264.556,541.354
2.34631,-23.7353,23.5241,-0.211171
2.3495,334.158,300.196,634.354
2.35269,-94.7894,-28.3625,-123.152
2.35589,375.328,326.444,701.772
2.35909,-60.7559,-6.53683,-67.2927
2.3623,346.681,306.071,652.752
2.36551,-57.4027,-8.84188,-66.2445
2.36873,336.41,301.051,637.461
2.37196,-67.0545,-8.9297,-75.9841
2.37519,354.796,320.117,674.913
2.37842,-102.936,-25.7494,-128.686
2.38166,315.038,301.64,616.677
2.38491,-59.2003,3.70012,-55.5001
2.38816,290.824,277.008,567.832
2.39141,1.78839,47.6507,49.4391
2.39467,271.358,258.845,530.203
2.39794,210.565,206.082,416.648
2.40121,64.0078,92.0332,156.041
2.40449,84.6335,126.569,211.202
2.40777,306.484,256.379,562.862
2.41106,-162.207,-51.953,-214.16
2.41435,203.019,184.847,387.866
2.41765,43.2786,71.7963,115.075
2.42095,62.5049,104.929,167.434
2.42426,190.011,185.212,375.223
2.42758,39.5743,85.6702,125.245
2.4309,196.685,162.284,358.969
2.43422,9.99814,69.9953,79.9934
2.43755,231.48,198.016,429.496
2.44089,30.2984,87.5167,117.815
2.44423,221.712,182.067,403.779
2.44758,22.2483,63.0371,85.2855
2.45093,145.01,141.236,286.246
2.45429,189.368,187.432,376.801
2.45765,157.771,140.641,298.412
2.46102,11.1876,80.6308,91.8184
2.46439,100.059,104.327,204.386
2.46777,217.157,204.993,422.149
2.47116,156.365,129.045,285.41
2.47455,55.9884,106.135,162.123
2.47795,133.098,116.537,249.634
2.48135,173.493,189.911,363.404
2.48475,154.705,147.084,301.788
2.48817,95.6711,135.892,231.563
2.49159,168.633,164.53,333.163
2.49501,108.024,139.57,247.594
2.49844,86.4906,106.916,193.406
2.50187,241.942,207.886,449.828
2.50531,52.5659,78.4496,131.016
2.50876,318.363,274.628,592.991
2.51221,-29.4088,16.9586,-12.4502
2.51567,340.112,292.044,632.156
2.51913,-35.5877,11.0711,-24.5165
2.5226,346.878,312.459,659.336
2.52608,-77.5515,-20.8715,-98.4229
2.52956,345.79,312.401,658.192
2.53304,12.7819,39.347,52.1289
2.53653,254.463,248.513,502.977
2.54003,44.9464,64.1565,109.103
2.54353,293.769,285.574,579.343
2.54704,-38.5252,9.03876,-29.4864
2.55055,327.242,293.491,620.733
2.55407,-97.7738,-18.4983,-116.272
2.5576,342.53,310.349,652.879
2.56113,-31.0148,26.6575,-4.35731
2.56467,219.973,214.532,434.505
2.56821,65.4541,103.306,168.761
2.57176,264.301,240.377,504.678
2.57531,5.59694,69.344,74.9409
2.57887,267.192,246.099,513.29
2.58244,-3.08321,65.5135,62.4303
2.58601,278.481,247.109,525.59
2.58959,-9.70843,55.5169,45.8085
2.59317,294.928,263.68,558.608
2.59676,-41.4929,37.9553,-3.53752
2.60035,337.392,307.572,644.964
2.60395,-147.022,-45.2287,-192.25
2.60756,451.607,383.844,835.451
2.61117,-86.5195,-22.5927,-109.112
2.61479,296.668,276.193,572.861
2.61841,4.32349,59.6273,63.9508
2.62204,271.919,247.919,519.838
2.62568,55.7419,103.868,159.61
2.62932,182.239,199.944,382.183
2.63297,73.1219,125.72,198.842
2.63662,220.467,222.854,443.321
2.64028,-22.0725,45.1192,23.0467
2.64395,254.988,244.235,499.223
2.64762,-27.6595,55.2734,27.6139
2.6513,313.763,294.407,608.17
2.65498,18.5964,80.7487,99.3451
2.65867,218.111,223.897,442.008
2.66236,20.0826,70.1204,90.203
2.66607,267.623,267.738,535.361
2.66977,37.4198,88.0926,125.512
2.67349,289.169,290.463,579.632
2.67721,-53.5473,17.8054,-35.742
2.68093,315.281,296.98,612.261
2.68466,15.3221,73.1753,88.4975
2.6884,223.522,238.225,461.746
2.69214,-17.1794,42.1089,24.9295
2.69589,253.978,252.006,505.984
2.69965,16.9936,69.4482,86.4418
2.70341,253.929,273.565,527.494
2.70718,-16.8325,50.153,33.3205
2.71095,277.534,268.473,546.007
2.71473,-28.7887,55.1094,26.3206
2.71852,278.65,275.47,554.12
2.72231,-14.4204,63.4019,48.9815
2.72611,283.562,270.623,554.185
2.72992,-23.2619,51.2822,28.0203
2.73373,339.041,303.202,642.243
2.73755,-36.0785,45.1156,9.03716
2.74137,333.578,309.45,643.028
2.7452,-24.6244,54.0137,29.3893
2.74903,252.749,249.319,502.068
2.75288,23.6351,82.4303,106.065
2.75673,231.073,232.954,464.028
2.76058,91.9402,125.034,216.974
2.76444,222.775,225.339,448.114
2.76831,-29.9836,48.2621,18.2785
2.77218,155.366,215.098,370.464
2.77606,35.7832,75.5712,111.354
2.77995,-5.85859,83.7883,77.9297
2.78384,130.647,151.159,281.805
2.78774,96.8512,145.017,241.868
2.79164,68.6879,125.046,193.734
2.79555,158.889,198.161,357.05
2.79947,15.3296,71.2093,86.5389
2.8034,218.665,232.227,450.892
2.80733,48.1654,102.685,150.85
2.81126,155.456,199.18,354.636
2.81521,70.4756,117.029,187.504
2.81916,204.509,225.429,429.939
2.82311,63.6361,111.674,175.31
2.82708,195.438,223.796,419.234
2.83104,76.9128,117.202,194.115
2.83502,154.631,196.523,351.154
2.839,101.772,119.888,221.66
2.84299,146.611,196.901,343.513
2.84699,116.173,131.954,248.127
2.85099,82.5418,137.416,219.958
2.85499,221.663,214.62,436.283
2.85901,42.7757,116.433,159.209
2.86303,203.746,197.302,401.048
2.86706,66.8418,127.69,194.531
2.87109,190.828,190.562,381.39
2.87513,130.923,167.065,297.988
2.87918,131.087,150.489,281.576
2.88323,112.13,154.528,266.658
2.88729,177.157,182.713,359.87
2.89136,63.5903,128.536,192.126
2.89543,180.578,193.746,374.324
2.89951,107.047,155.863,262.91
2.9036,107.605,144.921,252.526
2.90769,144.003,182.467,326.47
2.91179,141.02,154.02,295.039
2.9159,133.927,173.597,307.524
2.92001,171.61,179.47,351.08
2.92413,85.1902,142.986,228.176
2.92826,157.117,164.141,321.258
2.93239,104.75,152.323,257.073
2.93653,174.07,176.102,350.172
2.94068,67.6898,123.422,191.111
2.94483,208.217,201.031,409.248
2.94899,60.9727,116.593,177.565
2.95316,229.397,212.512,441.909
2.95734,51.4315,106.956,158.388
2.96152,273.987,243.041,517.028
2.9657,3.64453,79.9117,83.5562
2.9699,264.99,239.195,504.185
2.9741,46.6253,106.378,153.003
2.97831,216.208,208.927,425.135
2.98252,88.426,126.998,215.424
2.98674,225.303,208.406,433.709
2.99097,89.7609,143.323,233.084
2.99521,185.089,183.125,368.214
2.99945,123.365,152.105,275.47
3.0037,177.901,183.141,361.042
3.00795,134.009,168.055,302.064
3.01222,154.77,167.817,322.588
3.01649,178.56,202.08,380.64
3.02076,155.789,159.923,315.712
3.02505,175.002,205.042,380.044
3.02934,136.229,150.488,286.717
3.03364,149.296,200.27,349.567
3.03794,185.629,180.943,366.572
3.04225,146.934,205.495,352.429
3.04657,110.082,131.389,241.471
3.0509,225.16,257.515,482.675
3.05523,55.7024,94.1822,149.885
3.05957,190.352,232.075,422.427
3.06392,99.322,121.952,221.274
3.06827,153.848,210.612,364.461
3.07263,99.8762,122.253,222.129
3.077,139.043,193.166,332.209
3.08137,112.717,142.304,255.021
3.08576,151.059,190.43,341.489
3.09015,147.89,172.372,320.262
3.09454,148.204,186.703,334.907
3.09895,116.785,156.666,273.451
3.10336,133.968,173.391,307.359
3.10777,147.025,179.94,326.965
3.1122,74.5312,142.902,217.433
3.11663,242.283,230.123,472.406
3.12107,27.8588,107.903,135.762
3.12552,291.804,273.258,565.062
3.12997,-3.39662,85.6176,82.2209
3.13443,314.44,291.125,605.564
3.1389,-35.3371,65.3808,30.0437
3.14338,326.89,308.803,635.693
3.14786,-22.0239,78.7752,56.7513
3.15235,296.822,286.634,583.456
3.15685,-40.5111,61.8181,21.307
3.16135,333.849,303.446,637.295
3.16587,-46.0589,60.7656,14.7067
3.17038,297.605,287.028,584.633
3.17491,-13.9244,83.5004,69.576
3.17945,327.568,301.151,628.719
3.18399,-30.4089,76.9924,46.5835
3.18854,272.148,266.794,538.942
3.19309,42.7305,129.891,172.621
3.19766,241.486,243.019,484.505
3.20223,60.6702,140.752,201.422
3.20681,200.996,209.699,410.695
3.21139,104.278,158.876,263.154
3.21599,173.044,192.566,365.611
3.22059,93.1031,152.795,245.898
3.2252,247.744,240.342,488.086
3.22981,-301.069,-103.507,-404.577
3.23443,436.507,395.436,831.943
3.23907,-72.1459,60.5522,-11.5937
3.2437,350.96,336.221,687.181
3.24835,-98.3554,52.6071,-45.7483
3.253,233.335,242.03,475.365
3.25767,47.384,130.125,177.509
3.26233,133.849,176.825,310.674
3.26701,148.753,191.162,339.915
3.27169,106.248,164.85,271.098
3.27639,178.477,207.872,386.349
3.28108,103.06,152.776,255.836
3.28579,130.255,184.006,314.261
3.29051,85.993,147.214,233.207
3.29523,150.813,194.076,344.889
3.29996,113.283,162.563,275.845
3.3047,96.9794,165.862,262.842
3.30944,177.927,191.403,369.331
3.31419,19.2126,115.288,134.501
3.31895,238.677,237.903,476.58
3.32372,83.6741,146.126,229.8
3.3285,194.89,218.089,412.98
3.33328,54.0739,131.038,185.111
3.33807,204.699,220.71,425.409
3.34287,84.5333,169.848,254.381
3.34768,171.034,202.427,373.461
3.35249,93.2917,171.899,265.191
3.35732,139.42,179.036,318.455
3.36215,134.618,213.99,348.609
3.36699,127.159,181.603,308.762
3.37183,88.4723,177.182,265.655
3.37669,187.719,229.978,417.698
3.38155,21.3374,131.224,152.562
3.38642,270.109,277.526,547.635
3.3913,3.52863,119.754,123.282
3.39618,206.794,226.791,433.585
3.40108,145.773,211.14,356.913
3.40598,95.1642,147.904,243.068
3.41089,147.048,193.448,340.495
3.41581,146.625,165.955,312.58
3.42073,157.336,200.338,357.674
3.42567,95.3375,131.717,227.055
3.43061,194.758,217.395,412.154
3.43556,135.997,150.201,286.198
3.44051,89.2933,143.976,233.269
3.44548,281.142,245.552,526.694
3.45045,32.6041,108.999,141.603
3.45544,289.398,230.651,520.049
3.46043,69.6108,127.377,196.988
3.46542,222.751,198.503,421.254
3.47043,89.8848,142.148,232.033
3.47545,239.802,197.64,437.441
3.48047,87.2725,133.279,220.551
3.4855,229.536,200.016,429.553
3.49054,31.1932,97.9321,129.125
3.49558,232.288,211.839,444.127
3.50064,100.349,149.819,250.168
3.5057,176.934,183.329,360.263
3.51078,164.094,194.668,358.762
3.51586,123.182,150.798,273.98
3.52094,209.575,230.059,439.634
3.52604,108.448,146.821,255.269
3.53115,189.117,217.521,406.639
3.53626,118.019,152.281,270.301
3.54138,207.198,231.413,438.611
3.54651,130.969,156.822,287.792
3.55165,196.788,221.045,417.833
3.55679,137.215,165.063,302.278
3.56195,221.523,228.181,449.704
3.56711,104.851,154.061,258.911
3.57228,221.536,244.287,465.823
3.57746,79.2173,134.826,214.043
3.58265,233.165,253.232,486.397
3.58785,71.8865,135.324,207.211
3.59305,239.745,254.829,494.574
3.59827,62.8501,124.651,187.502
3.60349,234.292,254.713,489.006
3.60872,80.313,131.416,211.729
3.61396,172.236,225.249,397.485
3.61921,124.708,155.66,280.369
3.62446,177.76,228.297,406.057
3.62973,111.286,150.24,261.525
3.635,188.988,235.496,424.484
3.64028,60.264,127.193,187.457
3.64557,250.15,274.347,524.497
3.65087,0.0985732,78.3755,78.4741
3.65618,301.718,312.913,614.631
3.6615,-54.3964,32.912,-21.4844
3.66682,354.137,349.867,704.004
3.67216,-36.8277,32.1029,-4.72486
3.6775,259.549,291.093,550.641
3.68285,95.7671,117.968,213.735
3.68821,185.032,244.216,429.248
3.69358,97.8804,127.127,225.007
3.69895,168.66,234.228,402.887
3.70434,90.0505,138.693,228.743
3.70973,159.816,228.074,387.89
3.71514,78.9154,146.184,225.099
3.72055,198.457,252.214,450.67
3.72597,10.8713,106.417,117.288
3.7314,218.652,262.917,481.57
3.73684,71.6229,151.617,223.24
3.74229,156.151,221.367,377.518
3.74774,84.6909,162.294,246.985
3.75321,134.656,199.535,334.192
3.75868,127.35,191.419,318.769
3.76416,159.54,222.339,381.879
3.76966,111.288,189.114,300.402
3.77516,-87.7061,35.1074,-52.5988
3.78067,324.119,305.745,629.865
3.78618,-109.531,51.402,-58.1291
3.79171,331.062,321.189,652.251
3.79725,-93.9892,80.426,-13.5632
3.80279,257.764,280.306,538.07
3.80835,3.66574,146.394,150.06
3.81391,267.093,279.848,546.941
3.81949,14.8613,157.55,172.412
3.82507,192.421,236.291,428.712
3.83066,71.3149,183.518,254.833
3.83626,259.245,265.782,525.027
3.84187,15.1566,135.167,150.324
3.84748,258.949,280.932,539.881
3.85311,17.8893,147.472,165.361
3.85875,223.132,257.025,480.157
3.86439,75.675,172.834,248.509
3.87005,138.995,203.723,342.717
3.87571,126.151,208.773,334.924
3.88138,158.426,206.289,364.715
3.88707,93.1709,183.244,276.415
3.89276,184.312,223.043,407.355
3.89846,50.6908,149.872,200.563
3.90417,139.342,194.875,334.217
3.90989,149.758,207.967,357.724
3.91562,73.6611,158.789,232.45
3.92136,176.298,215.169,391.467
3.9271,91.468,158.8,250.268
3.93286,187.172,223.933,411.105
3.93862,72.4427,157.406,229.848
3.9444,245.516,253.937,499.452
3.95018,2.16858,115.9,118.069
3.95598,256.067,276.898,532.965
3.96178,-19.7495,106.202,86.4526
3.96759,238.491,280.562,519.053
3.97342,21.7251,124.973,146.698
3.97925,223.235,263.488,486.723
3.98509,-26.3975,89.2177,62.8201
3.99094,250.41,283.224,533.634
3.9968,12.96,111.912,124.872
4.00267,185.75,228.241,413.991
4.00855,110.635,172.319,282.954
4.01444,133.306,194.813,328.119
4.02034,174.213,215.48,389.692
4.02625,169.008,207.822,376.83
4.03216,50.1629,147.839,198.002
4.03809,258.95,267.928,526.877
4.04403,52.6544,142.966,195.62
4.04997,170.1,213.199,383.3
4.05593,67.639,154.744,222.383
4.0619,258.726,276.698,535.424
4.06787,35.5172,129.187,164.704
4.07386,242.266,268.028,510.294
4.07985,45.0549,145.847,190.901
4.08586,262.496,284.813,547.31
4.09187,19.8385,114.588,134.427
4.0979,206.67,262.063,468.733
4.10393,73.2521,158.296,231.548
4.10997,228.348,262.138,490.486
4.11603,18.0727,122.113,140.185
4.12209,280.695,307.373,588.067
4.12816,-11.3098,106.728,95.4178
4.13425,318.177,327.882,646.06
4.14034,-67.9117,61.0633,-6.84842
4.14644,240.448,277.394,517.842
4.15256,57.2672,141.086,198.353
4.15868,189.54,244.989,434.529
4.16481,86.8225,153.534,240.357
4.17096,224.55,264.089,488.639
4.17711,90.7995,166.866,257.665
4.18327,208.297,252.125,460.422
4.18944,65.2869,152.026,217.313
4.19563,216.189,255.169,471.357
4.20182,28.7801,129.42,158.2
4.20802,221.693,251.287,472.98
4.21424,91.84,173.402,265.242
4.22046,114.371,181.429,295.8
4.22669,117.482,195.67,313.152
4.23294,112.41,185.166,297.576
4.23919,129.327,198.227,327.554
4.24545,170.435,224.195,394.63
4.25173,64.5044,155.356,219.86
4.25801,243.296,272.791,516.087
4.2643,-4.20144,125.223,121.022
4.27061,252.413,287.954,540.368
4.27692,8.02914,133.54,141.569
4.28325,230.876,273.257,504.133
4.28958,80.2247,177.794,258.019
4.29593,145.838,210.723,356.561
4.30229,149.431,235.288,384.718
4.30865,82.3859,180.636,263.022
4.31503,213.742,270.021,483.763
4.32142,20.592,139.824,160.416
4.32781,229.534,289.093,518.627
4.33422,4.94166,125.775,130.716
4.34064,295.317,323.431,618.748
4.34707,-23.6538,102.18,78.5258
4.35351,323.243,340.344,663.587
4.35996,-16.9078,105.238,88.33
4.36642,320.314,345.055,665.368
4.37289,-16.3605,97.8027,81.4422
4.37937,330.244,357.127,687.371
4.38586,-74.6939,69.958,-4.73589
4.39236,369.4,397.585,766.985
4.39887,-104.605,50.1515,-54.4534
4.4054,409.414,419.121,828.535
4.41193,-81.0028,60.5602,-20.4426
4.41847,396.076,416.2,812.276
4.42503,-114.858,45.1249,-69.7332
4.43159,435.697,414.797,850.495
4.43817,159.894,200.069,359.964
4.44476,197.315,246.271,443.586
4.45136,51.2471,156.439,207.686
4.45796,258.24,292.585,550.824
4.46458,320.682,329.982,650.664
4.47121,-134.314,46.3522,-87.9616
4.47785,497.438,440.026,937.464
4.48451,-146.323,40.2232,-106.1
4.49117,569.503,489.123,1058.63
4.49784,-204.198,9.46845,-194.73
4.50453,476.269,437.495,913.764
4.51122,-56.664,101.089,44.425
4.51793,360.796,372.648,733.444
4.52464,8.2005,136.953,145.154
4.53137,286.976,327.391,614.367
4.53811,48.3073,169.008,217.315
4.54486,197.854,262.773,460.627
4.55162,148.657,229.709,378.366
4.55839,109.072,204.05,313.122
4.56517,220.422,283.784,504.206
4.57197,69.1491,172.655,241.804
4.57877,258.883,306.242,565.125
4.58559,68.7567,182.667,251.424
4.59241,208.474,281.948,490.421
4.59925,83.7483,194.954,278.702
4.6061,277.674,326.123,603.797
4.61296,-7.06221,141.33,134.267
4.61983,300.499,337.753,638.253
4.62671,-23.7634,129.608,105.845
4.63361,337.856,361.843,699.699
4.64051,-28.2252,121.546,93.3207
4.64743,368.009,375.561,743.57
4.65435,-70.1389,95.7671,25.6282
4.66129,398.499,393.122,791.621
4.66824,-78.731,85.8288,7.09775
4.6752,388.119,400.056,788.175
4.68217,-130.346,62.645,-67.7008
4.68916,413.29,407.255,820.545
4.69615,-83.8921,80.4966,-3.3955
4.70316,394.633,394.956,789.589
4.71018,-45.6767,118.245,72.5688
4.71721,338.806,362.943,701.749
4.72425,-27.9343,126.883,98.9491
4.7313,349.772,358.009,707.78
4.73836,-48.643,111.93,63.2873
4.74544,374.349,385.56,759.909
4.75252,-22.9651,133.84,110.875
4.75962,289.639,330.492,620.131
4.76673,-4.66764,138.361,133.694
4.77385,283.663,326.377,610.04
4.78098,-10.7485,133.18,122.432
4.78813,356.537,373.254,729.791
4.79528,-102.649,70.4688,-32.1804
4.80245,352.803,374.59,727.393
4.80963,-35.8864,120.055,84.1687
4.81682,332.775,365.311,698.086
4.82402,-51.5261,112.722,61.1963
4.83124,323.14,362.557,685.696
4.83846,-49.2449,117.691,68.4457
4.8457,361.953,380.682,742.635
4.85295,-39.0487,126.794,87.7452
4.86021,359.405,371.333,730.738
4.86748,-48.3913,128.691,80.2992
4.87477,361.714,385.738,747.452
4.88206,-28.8064,144.276,115.47
4.88937,329.541,359.392,688.933
4.89669,15.7227,176.249,191.971
4.90402,288.71,330.892,619.602
4.91137,48.3279,206.545,254.873
4.91872,244.546,294.901,539.447
4.92609,151.386,262.955,414.34
4.93347,173.814,248.157,421.971
4.94086,81.0438,224.364,305.408
4.94827,215.555,257.262,472.817
4.95568,263.097,335.512,598.609
4.96311,121.007,211.348,332.355
4.97055,126.802,252.578,379.381
4.978,174.763,223.928,398.69
4.98547,311.765,373.415,685.18
4.99294,93.6454,179.572,273.217
5.00043,209.822,311.087,520.909
5.00793,80.7729,172.608,253.381
5.01545,328.46,380.89,709.35
5.02299,-39.6704,107.964,68.2936
5.03055,336.369,382.578,718.946
5.03813,-52.7246,109.022,56.2975
5.04572,370.642,402.388,773.03
5.05334,-81.0946,97.2368,16.1423
5.06097,357.995,396.317,754.312
5.06862,-29.2568,131.955,102.699
5.07629,324.764,376.803,701.567
5.08398,7.00164,161.655,168.657
5.09169,304.08,371.785,675.865
5.09942,33.3364,170.006,203.342
5.10717,284.001,363.628,647.629
5.11494,17.8575,153.977,171.834
5.12273,299.705,375.436,675.141
5.13053,54.2606,182.784,237.044
5.13836,226.348,331.943,558.291
5.14621,55.6376,187.984,243.622
5.15407,240.621,338.509,579.131
5.16196,89.5923,195.748,285.34
5.16986,190.564,308.107,498.672
5.17779,84.8952,200.111,285.006
5.18573,249.197,341.917,591.114
5.1937,20.5425,165.301,185.844
5.20168,272.466,359.459,631.924
5.20968,23.0008,176.055,199.056
5.21771,266.583,350.116,616.699
5.22575,62.8487,190.372,253.221
5.23382,197.363,302.525,499.888
5.2419,96.9272,211.601,308.529
5.25001,203.783,308.631,512.414
5.25813,73.9777,191.925,265.903
5.26628,209.324,313.894,523.218
5.27444,103.924,210.984,314.908
5.28263,178.272,302.954,481.226
5.29083,102.615,211.781,314.396
5.29906,194.526,310.965,505.491
5.30731,80.3191,205.932,286.251
5.31558,188.459,311.839,500.298
5.32387,65.063,198.556,263.619
5.33218,196.092,315.696,511.789
5.34051,102.777,219.939,322.716
5.34886,140.176,281.779,421.955
5.35723,123.487,234.312,357.798
5.36562,143.26,283.888,427.149
5.37404,116.49,230.603,347.093
5.38247,154.217,295.254,449.471
5.39093,120.424,232.02,352.443
5.39941,141.159,277.369,418.527
5.4079,121.298,229.204,350.503
5.41642,162.755,290.395,453.15
5.42496,103.413,225.338,328.751
5.43353,178.614,297.562,476.176
5.44211,94.3066,216.552,310.859
5.45072,185.778,316.703,502.481
5.45934,113.243,226.273,339.517
5.46799,135.049,283.186,418.236
5.47666,182.652,271.588,454.241
5.48535,77.7116,245.374,323.085
5.49407,236.335,302.338,538.674
5.5028,99.3521,258.971,358.323
5.51156,193.429,277.045,470.474
5.52034,113.647,279.813,393.46
5.52914,212.357,291.301,503.659
5.53796,78.747,249.359,328.106
5.54681,231.302,312.156,543.458
5.55567,65.6396,242.46,308.099
5.56456,194.109,291.517,485.626
5.57347,127.237,269.484,396.721
5.58241,109.985,241.132,351.117
5.59136,174.899,293.339,468.239
5.60034,122.438,242.678,365.116
5.60934,172.286,301.954,474.24
5.61837,118.881,240.101,358.983
5.62741,135.49,280.558,416.049
5.63648,168.57,271.939,440.508
5.64557,131.985,279.45,411.435
5.65469,168.625,268.415,437.04
5.66382,93.2519,262.737,355.989
5.67298,200.802,292.737,493.54
5.68216,106.299,273.856,380.154
5.69137,172.964,278.174,451.138
5.7006,96.3837,270.951,367.335
5.70985,231.404,314.572,545.977
5.71912,50.1371,244.798,294.935
5.72842,265.971,336.906,602.877
5.73774,9.75843,210.798,220.557
5.74709,290.664,344.517,635.181
5.75646,29.8412,217.466,247.307
5.76585,254.438,319.765,574.203
5.77526,62.041,240.528,302.569
5.7847,212.84,301.779,514.619
5.79416,121.896,276.565,398.461
5.80365,167.694,271.169,438.863
5.81316,107.576,276.442,384.018
5.82269,192.594,280.531,473.124
5.83224,73.3791,256.028,329.407
5.84183,230.18,303.112,533.292
5.85143,50.971,238.074,289.045
5.86106,225.947,300.48,526.427
5.87071,84.0601,255.401,339.461
5.88039,249.475,313.622,563.096
5.89009,56.7626,237.518,294.281
5.89981,236.707,309.609,546.316
5.90956,95.2591,267.299,362.558
5.91934,217.033,307.871,524.904
5.92914,106.529,271.633,378.162
5.93896,163.206,283.529,446.735
5.94881,114.683,271.514,386.197
5.95868,193.826,298.43,492.256
5.96858,128.374,277.158,405.532
5.9785,188.49,293.544,482.034
5.98844,114.031,270.635,384.666
5.99841,178.429,290.567,468.996
6.00841,132.892,293.62,426.512
6.01843,142.796,265.416,408.212
6.02848,172.29,328.08,500.37
6.03855,71.7972,231.49,303.288
6.04864,178.95,334.117,513.066
6.05877,86.3344,233.313,319.648
6.06891,188.25,337.342,525.592
6.07909,58.1808,215.431,273.612
6.08928,236.249,357.356,593.605
6.09951,78.4839,225.809,304.293
6.10976,203.742,336.727,540.468
6.12003,90.2811,236.67,326.951
6.13033,222.575,351.168,573.744
6.14066,105.202,252.389,357.591
6.15101,215.207,343.954,559.161
6.16138,67.969,227.626,295.595
6.17179,213.049,336.444,549.493
6.18222,53.8086,216.004,269.812
6.19267,240.34,358.344,598.684
6.20315,78.5076,227.613,306.121
6.21366,207.691,337.159,544.85
6.2242,85.337,239.191,324.528
6.23476,224.11,345.121,569.231
6.24534,91.0191,236.785,327.804
6.25596,226.628,347.976,574.604
6.2666,82.5273,227.396,309.924
6.27726,237.615,358.647,596.262
6.28796,89.8134,230.549,320.362
6.29868,211.246,336.201,547.447
6.30942,130.365,247.786,378.151
6.3202,210.011,334.275,544.286
6.331,142.809,252.701,395.509
6.34183,165.05,322.423,487.473
6.35268,157.283,259.479,416.762
6.36356,161.521,307.707,469.228
6.37447,139.322,262.89,402.212
6.38541,153.329,303.209,456.538
6.39637,160.11,279.644,439.755
6.40736,141.529,283.541,425.071
6.41838,169.767,292.497,462.264
6.42943,171.326,297.379,468.705
6.4405,130.212,262.985,393.196
6.4516,178.086,302.102,480.187
6.46273,124.425,265.674,390.098
6.47389,178.233,307.439,485.672
6.48507,123.302,262.292,385.594
6.49628,174.772,306.306,481.078
6.50752,88.3867,253.899,342.286
6.51879,224.911,348.142,573.052
6.53009,42.0444,226.927,268.971
6.54142,230.981,370.156,601.137
6.55277,55.587,224.526,280.113
6.56415,206.015,352.365,558.38
6.57556,85.4405,245.175,330.615
6.587,197.531,337.18,534.711
6.59847,118.345,263.401,381.746
6.60996,160.893,319.03,479.923
6.62149,190.503,305.18,495.683
6.63304,118.706,286.888,405.595
6.64462,176.814,298.375,475.189
6.65624,126.514,296.697,423.211
6.66788,173.706,294.014,467.72
6.67955,150.989,309.949,460.938
6.69125,165.373,290.781,456.154
6.70297,149.382,302.117,451.499
6.71473,176.74,299.292,476.033
6.72652,131.313,293.496,424.809
6.73833,161.586,297.349,458.935
6.75018,141.661,295.71,437.371
6.76206,168.358,289.759,458.116
6.77396,180.805,307.397,488.201
6.7859,132.608,263.252,395.859
6.79786,189.667,311.13,500.797
6.80985,159.791,277.598,437.389
6.82188,152.779,296.71,449.489
6.83393,204.885,306.206,511.091
6.84602,133.883,277.995,411.878
6.85813,171.55,292.852,464.402
6.87028,154.759,289.691,444.45
6.88245,151.908,290.589,442.498
6.89466,176.581,304.743,481.325
6.9069,111.736,263.677,375.413
6.91917,204.191,331.435,535.626
6.93146,87.4689,250.396,337.865
6.94379,208.125,337.601,545.726
6.95615,100.276,247.646,347.922
6.96854,183.496,338.77,522.266
6.98096,141.91,275.36,417.27
6.99342,121.685,306.504,428.188
7.0059,173.727,298.424,472.151
7.01841,110.075,299.817,409.893
7.03096,184.987,309.474,494.461
7.04354,108.705,303.311,412.016
7.05615,144.212,296.346,440.559
7.06879,178.591,334.25,512.84
7.08146,94.0596,265.673,359.733
7.09416,214.172,364.429,578.6
7.1069,88.6667,263.613,352.28
7.11966,227.904,368.32,596.224
7.13246,72.4926,248.429,320.922
7.14529,265.793,395.23,661.023
7.15816,23.2428,226.026,249.268
7.17105,300.38,416.698,717.077
7.18398,-0.24481,210.335,210.09
7.19694,297.404,418.779,716.183
7.20993,15.4982,220.453,235.951
7.22296,299.55,417.687,717.237
7.23602,18.3161,222.436,240.752
7.24911,297.147,416.185,713.331
7.26223,34.6985,230.768,265.467
7.27538,274.077,395.771,669.848
7.28857,63.3721,244.063,307.435
7.30179,243.786,373.502,617.288
7.31505,74.3402,254.441,328.781
7.32834,255.268,376.231,631.499
7.34166,68.6336,248.714,317.348
7.35501,261.006,378.921,639.927
7.3684,68.0024,235.071,303.073
7.38182,249.672,371.139,620.811
7.39527,94.1133,247.713,341.826
7.40876,234.069,371.258,605.327
7.42228,135.521,269.937,405.457
7.43584,218.206,348.679,566.885
7.44943,159.222,276.539,435.761
7.46305,197.35,344.19,541.539
7.47671,141.737,278.852,420.59
7.4904,220.134,359.712,579.846
7.50413,118.959,262.382,381.341
7.51789,215.774,360.444,576.218
7.53168,96.7617,258.233,354.995
7.54551,224.664,366.944,591.608
7.55938,106.844,268.42,375.264
7.57327,199.84,356.09,555.93
7.58721,91.4648,262.69,354.155
7.60118,185.163,359.986,545.149
7.61518,104.852,273.227,378.079
7.62922,163.466,345.819,509.286
7.64329,113.327,278.552,391.879
7.6574,164.658,341.622,506.281
7.67154,145.794,290.587,436.381
7.68572,157.89,334.112,492.002
7.69993,184.78,324.527,509.307
7.71418,126.203,313.964,440.167
7.72847,200.361,334.619,534.98
7.74279,113.21,305.716,418.926
7.75715,218.79,341.928,560.718
7.77154,84.6555,283.477,368.132
7.78597,238.46,352.214,590.674
7.80044,98.652,285.65,384.302
7.81494,203.783,330.667,534.449
7.82947,129.728,304.916,434.644
7.84405,192.224,319.599,511.823
7.85866,111.79,298.309,410.099
7.8733,219.671,334.432,554.103
7.88799,83.6031,282.435,366.038
7.90271,240.278,340.271,580.549
7.91746,60.0611,270.401,330.462
7.93226,245.96,343.791,589.75
7.94709,81.9393,283.5,365.44
7.96196,203.516,317.319,520.835
7.97686,127.317,308.518,435.835
7.9918,199.412,316.804,516.216
8.00678,134.856,313.912,448.767
8.0218,164.27,304.272,468.542
8.03685,158.525,330.842,489.367
8.05195,160.664,300.85,461.515
8.06708,140.998,318.68,459.678
8.08224,193.089,323.194,516.284
8.09745,137.718,322.899,460.617
8.11269,191.461,325.025,516.486
8.12797,140.192,325.545,465.738
8.14329,178.546,309.206,487.752
8.15865,144.495,330.857,475.352
8.17405,189.235,317.515,506.75
8.18948,124.588,324.818,449.406
8.20496,177.764,312.456,490.22
8.22047,136.352,328.797,465.149
8.23602,156.134,303.639,459.772
8.25161,138.796,335.347,474.143
8.26724,158.741,313.541,472.282
8.28291,135.452,325.719,461.171
8.29862,196.768,323.652,520.42
8.31436,132.337,316.322,448.66
8.33015,223.033,337.555,560.588
8.34597,114.335,307.843,422.178
8.36184,210.084,334.079,544.164
8.37774,121.414,317.786,439.2
8.39369,190.578,317.005,507.583
8.40967,139.987,327.624,467.612
8.4257,185.342,311.099,496.44
8.44176,130.263,319.512,449.775
8.45786,165.423,306.073,471.496
8.47401,154.982,330.93,485.912
8.49019,141.258,289.031,430.289
8.50642,201.12,356.203,557.323
8.52269,88.7624,264.517,353.279
8.53899,234.595,370.419,605.015
8.55534,67.55,251.627,319.177
8.57173,243.964,379.663,623.628
8.58816,57.1251,243.407,300.532
8.60463,256.914,393.4,650.314
8.62114,9.50143,216.043,225.544
8.63769,275.736,407.903,683.639
8.65429,16.7971,223.883,240.68
8.67092,261.696,400.01,661.706
8.6876,19.2421,229.097,248.339
8.70432,253.506,391.29,644.796
8.72108,46.1165,239.496,285.612
8.73788,211.341,371.875,583.216
8.75473,88.6102,267.235,355.845
8.77161,185.196,360.856,546.053
8.78854,105.131,279.954,385.085
8.80551,156.109,347.762,503.871
8.82253,134.467,305.78,440.246
8.83958,145.201,327.748,472.949
8.85668,150.402,308.395,458.797
8.87383,140.603,328.573,469.177
8.89101,166.016,317.873,483.888
8.90824,123.599,320.936,444.535
8.92551,159.901,316.411,476.312
8.94282,157.803,344.988,502.79
8.96018,133.321,294.984,428.306
8.97758,189.247,361.222,550.469
8.99502,96.63,272.907,369.537
9.01251,227.909,388.782,616.691
9.03004,82.5936,265.698,348.291
9.04762,219.246,385.192,604.438
9.06524,87.9598,272.617,360.577
9.0829,217.465,381.375,598.84
9.10061,98.3261,277.913,376.239
9.11836,210.49,373.826,584.316
9.13615,111.665,285.722,397.387
9.15399,199.876,366.395,566.271
9.17188,100.919,280.845,381.763
9.18981,215.195,371.672,586.868
9.20778,108.821,287.875,396.696
9.2258,200.754,358.53,559.283
9.24387,113.018,288.737,401.755
9.26198,206.527,362.733,569.26
9.28013,114.687,288.479,403.166
9.29833,215.514,364.982,580.496
9.31658,100.425,283.283,383.709
9.33487,232.108,376.205,608.312
9.35321,89.8833,277.394,367.277
9.37159,229.993,370.147,600.14
9.39002,96.0173,286.616,382.633
9.40849,221.526,374.013,595.539
9.42702,100.258,289.457,389.715
9.44558,223.8,370.363,594.163
9.4642,98.2162,288.672,386.888
9.48286,209.204,366.867,576.071
9.50156,103.124,293.199,396.323
9.52032,207.985,364.722,572.707
9.53912,112.172,289.814,401.986
9.55797,213.356,365.666,579.022
9.57686,96.3349,291.676,388.011
9.5958,228.03,371.942,599.972
9.61479,76.3324,275.04,351.373
9.63383,249.709,381.089,630.798
9.65292,63.9713,275.162,339.133
9.67205,262.043,389.426,651.469
9.69123,26.8984,252.867,279.765
9.71045,292.088,407.478,699.566
9.72973,57.6329,261.69,319.323
9.74906,280.191,408.368,688.559
9.76843,64.2316,266.924,331.155
9.78785,253.782,399.375,653.156
9.80732,78.2551,265.207,343.462
9.82684,241.641,395.466,637.107
9.84641,97.0244,274.808,371.832
9.86602,219.892,389.829,609.72
9.88569,116.794,289.131,405.925
9.9054,221.8,388.066,609.867
9.92516,132.365,301.012,433.377
9.94498,195.958,372.107,568.064
9.96484,144.193,311.531,455.724
9.98475,180.391,361.702,542.093
10.0047,153.159,318.474,471.633
10.0247,165.53,355.328,520.857
10.0447,167.181,327.358,494.539
10.0647,188.197,360.05,548.247
10.0847,157.833,323.248,481.081
10.1047,197.347,364.489,561.836
10.1247,147.299,318.891,466.19
10.1447,186.794,359.117,545.911
10.1647,165.71,330.655,496.365
10.1847,188.425,353.511,541.935
10.2047,161.293,325.955,487.249
10.2247,185.818,356.719,542.537
10.2447,150.996,321.976,472.972
10.2647,204.443,368.272,572.715
10.2847,125.295,307.229,432.524
10.3047,232.156,384.448,616.604
10.3247,108.537,299.856,408.393
10.3447,242.369,393.661,636.029
10.3647,94.7004,285.783,380.483
10.3847,242.7,395.976,638.676
10.4047,104.504,292.399,396.903
10.4247,257.004,390.807,647.811
10.4447,106.577,297.072,403.649
10.4647,242.868,388.087,630.955
10.4847,110.072,294.323,404.395
10.5047,252.045,395.179,647.224
10.5247,125.336,298.402,423.737
10.5447,256.918,392.158,649.076
10.5647,124.647,296.506,421.154
10.5847,233.099,384.372,617.47
10.6047,124.927,296.853,421.779
10.6247,247.483,393.039,640.522
10.6447,120.975,295.305,416.28
10.6647,204.665,376.556,581.221
10.6847,131.061,305.636,436.696
10.7047,210.794,374.352,585.146
10.7247,130.481,301.629,432.11
10.7447,221.954,383.324,605.278
10.7647,126.932,299.16,426.091
10.7847,213.681,379.064,592.745
10.8047,138.338,305.299,443.636
10.8247,205.225,369.315,574.54
10.8447,133.468,304.696,438.164
10.8647,218.188,378.573,596.761
10.8847,135.304,301.346,436.65
10.9047,240.469,388.613,629.081
10.9247,121.496,294.222,415.718
10.9447,238.376,390.665,629.042
10.9647,101.583,288.704,390.286
10.9847,270.453,404.282,674.735
11.0047,77.2474,277.365,354.612
11.0247,285.806,411.077,696.883
11.0447,85.8925,278.736,364.629
11.0647,264.562,398.485,663.047
11.0847,101.351,283.794,385.145
11.1047,276.962,410.992,687.953
11.1247,96.1055,284.686,380.791
11.1447,268.162,402.161,670.323
11.1647,100.173,287.436,387.608
11.1847,265.916,400.324,666.24
11.2047,97.8646,294.334,392.198
11.2247,249.409,392.58,641.989
11.2447,102.181,300.16,402.341
11.2647,268.347,400.259,668.606
11.2847,103.598,294.479,398.078
11.3047,266.07,395.864,661.935
11.3247,100.54,299.503,400.043
11.3447,255.992,387.168,643.161
11.3647,110.495,305.767,416.262
11.3847,237.874,375.212,613.087
11.4047,141.369,318.472,459.841
11.4247,246.601,372.388,618.989
11.4447,151.445,325.544,476.989
11.4647,239.05,373.097,612.147
11.4847,154.939,332.065,487.004
11.5047,236.9,372.127,609.027
11.5247,138.11,320.497,458.607
11.5447,226.722,369.132,595.854
11.5647,148.182,324.165,472.347
11.5847,228.204,370.896,599.1
11.6047,146.517,323.798,470.315
11.6247,224.667,370.615,595.281
11.6447,161.172,334.272,495.444
11.6647,204.901,361.223,566.124
11.6847,156.219,332.623,488.842
11.7047,194.555,358.15,552.705
11.7247,174.825,343.303,518.128
11.7447,193.705,355.64,549.345
11.7647,176.805,346.271,523.076
11.7847,204.993,366.838,571.83
11.8047,170.695,335.397,506.092
11.8247,208.42,372.813,581.234
11.8447,167.438,334.86,502.298
11.8647,188.16,359.427,547.586
11.8847,166.971,336.686,503.657
11.9047,210.493,367.281,577.774
11.9247,162.94,330.059,492.999
11.9447,207.587,370.865,578.452
11.9647,153.795,326.667,480.462
11.9847,206.26,365.251,571.512
12.0047,157.576,324.363,481.94
12.0247,193.991,364.501,558.492
12.0447,161.308,328.778,490.086
12.0647,198.424,364.677,563.102
12.0847,173.293,331.587,504.88
12.1047,193.464,360.473,553.937
12.1247,167.346,334.661,502.008
12.1447,203.951,361.323,565.274
12.1647,178.216,338.967,517.182
12.1847,186.241,358.838,545.079
12.2047,192.561,349.83,542.391
12.2247,200.126,360.717,560.843
12.2447,193.283,351.666,544.949
12.2647,190.323,363.173,553.496
12.2847,198.088,351.928,550.016
12.3047,183.528,359.355,542.883
12.3247,205.271,350.617,555.887
12.3447,179.373,350.262,529.635
12.3647,213.141,360.929,574.07
12.3847,164.157,340.811,504.968
12.4047,200.947,361.107,562.054
12.4247,165.55,339.991,505.541
12.4447,200.239,360.302,560.542
12.4647,163.327,339.8,503.127
12.4847,193.111,368.529,561.64
12.5047,184.625,343.946,528.57
12.5247,175.323,352.912,528.235
12.5447,182.692,343.831,526.523
12.5647,176.195,350.617,526.812
12.5847,200.025,355.832,555.857
12.6047,169.945,343.501,513.446
12.6247,186.166,347.849,534.015
12.6447,184.608,354.497,539.105
12.6647,166.717,341.903,508.62
12.6847,199.064,354.007,553.071
12.7047,159.642,333.778,493.42
12.7247,217.622,364.536,582.158
12.7447,141.747,333.945,475.691
12.7647,210.073,355.599,565.672
12.7847,175.335,349.363,524.698
12.8047,190.579,346.611,537.19
12.8247,201.845,360.032,561.876
12.8447,178.122,335.209,513.331
12.8647,193.315,370.655,563.971
12.8847,166.875,336.632,503.507
12.9047,202.84,366.922,569.762
12.9247,172.784,339.018,511.802
12.9447,196.365,366.251,562.615
12.9647,176.14,342.443,518.583
12.9847,219.136,378.04,597.177
13.0047,169.808,331.859,501.667
13.0247,216.573,382.074,598.647
13.0447,181.629,333.778,515.407
13.0647,204.058,373.042,577.101
13.0847,176.649,340.494,517.143
13.1047,200.82,365.614,566.434
13.1247,177.151,340.355,517.506
13.1447,209.388,372.961,582.349
13.1647,166.784,334.577,501.361
13.1847,208.734,369.19,577.924
13.2047,174.287,333.298,507.585
13.2247,193.305,360.307,553.612
13.2447,183.421,343.133,526.554
13.2647,192.908,359.246,552.154
13.2847,174.727,340.809,515.536
13.3047,191.203,358.064,549.267
13.3247,195.795,349.308,545.103
13.3447,180.064,357.116,537.18
13.3647,198.793,355.195,553.987
13.3847,165.292,347.598,512.89
13.4047,232.935,363.713,596.648
13.4247,154.39,340.411,494.801
13.4447,237.91,371.711,609.621
13.4647,159.763,343.071,502.835
13.4847,223.472,373.3,596.772
13.5047,154.447,336.124,490.571
13.5247,220.812,367.063,587.875
13.5447,170.014,341.189,511.203
13.5647,206.107,365.334,571.441
13.5847,175.124,344.842,519.966
13.6047,205.775,360.231,566.006
13.6247,195.502,356.285,551.787
13.6447,189.096,354.534,543.629
13.6647,175.091,346.38,521.47
13.6847,203.718,365.059,568.777
13.7047,177.95,343.475,521.425
13.7247,201.025,363.523,564.548
13.7447,181.114,344.641,525.755
13.7647,197.911,361.062,558.973
13.7847,163.232,339.541,502.772
13.8047,208.929,364.76,573.689
13.8247,157.714,333.48,491.194
13.8447,219.996,366.609,586.605
13.8647,165.726,341.834,507.56
13.8847,225.847,368.622,594.469
13.9047,143.512,331.164,474.676
13.9247,227.251,372.902,600.153
13.9447,156.589,340.166,496.755
13.9647,225.514,372.247,597.761
13.9847,152.446,333.771,486.217
14.0047,225.514,372.639,598.153
14.0247,159.833,338.219,498.053
14.0447,233.456,377.13,610.586
14.0647,155.391,335.013,490.403
14.0847,226.444,368.321,594.764
14.1047,163.979,337.271,501.249
14.1247,223.092,373.309,596.401
14.1447,157.712,338.269,495.981
14.1647,218.355,373.345,591.701
14.1847,159.231,342.984,502.216
14.2047,222.841,371.545,594.386
14.2247,161.595,343.953,505.548
14.2447,209.106,367.049,576.155
14.2647,176.14,351.618,527.758
14.2847,209.361,363.444,572.805
14.3047,177.559,359.582,537.142
14.3247,202.567,358.212,560.779
14.3447,189.036,358.326,547.362
14.3647,190.822,352.685,543.507
14.3847,191.903,359.148,551.051
14.4047,189.226,355.04,544.265
14.4247,186.719,359.111,545.83
14.4447,187.102,351.504,538.606
14.4647,191.469,361.259,552.727
14.4847,179.698,354.684,534.382
14.5047,187.35,354.619,541.969
14.5247,218.498,369.239,587.737
14.5447,165.371,341.095,506.466
14.5647,211.192,363.63,574.822
14.5847,172.642,347.947,520.589
14.6047,199.538,357.158,556.696
14.6247,181.835,348.827,530.662
14.6447,188.659,355.229,543.888
14.6647,185.899,353.97,539.868
14.6847,178.227,352.53,530.756
14.7047,200.271,357.595,557.867
14.7247,186.311,359.557,545.867
14.7447,189.395,351.439,540.834
14.7647,194.866,359.026,553.893
14.7847,192.395,348.37,540.766
14.8047,191.225,361.385,552.61
14.8247,194.803,354.641,549.444
14.8447,200.874,359.441,560.315
14.8647,176.27,343.996,520.266
14.8847,216.756,370.285,587.041
14.9047,176.75,345.398,522.148
14.9247,217.647,366.898,584.545
14.9447,164.565,340.512,505.077
14.9647,219.201,372.447,591.648
14.9847,163.515,336.668,500.184
15.0047,207.18,368.624,575.804
15.0247,160.966,337.109,498.074
15.0447,207.808,367.997,575.806
15.0647,176.162,343.709,519.871
15.0847,212.622,370.918,583.54
15.1047,175.776,344.956,520.732
15.1247,211.925,365.732,577.658
15.1447,191.15,349.52,540.67
15.1647,202.707,366.711,569.418
15.1847,171.012,347.164,518.176
15.2047,226.757,369.719,596.476
15.2247,167.066,346.494,513.56
15.2447,237.997,377.899,615.896
15.2647,144.86,334.041,478.9
15.2847,230.267,374.582,604.849
15.3047,150.18,333.423,483.604
15.3247,233.855,375.229,609.084
15.3447,155.87,340.444,496.314
15.3647,232.288,378.943,611.23
15.3847,146.376,338.939,485.316
15.4047,236.23,376.237,612.468
15.4247,151.362,340.58,491.943
15.4447,236.143,376.335,612.477
15.4647,141.58,336.673,478.253
15.4847,232.759,374.525,607.284
15.5047,148.511,337.111,485.622
15.5247,240.127,376.146,616.273
15.5447,135.026,330.464,465.49
15.5647,223.064,367.371,590.435
15.5847,151.023,337.687,488.709
15.6047,235.264,374.388,609.652
15.6247,151.685,339.435,491.12
15.6447,213.346,366.877,580.222
15.6647,175.387,345.007,520.395
15.6847,215.202,366.747,581.949
15.7047,171.133,345.301,516.434
15.7247,218.197,368.466,586.663
15.7447,163.688,339.41,503.098
15.7647,213.291,366.072,579.363
15.7847,173.731,347.423,521.154
15.8047,213.682,366.084,579.766
15.8247,169.486,350.805,520.291
15.8447,206.97,365.667,572.636
15.8647,188.19,348.887,537.076
15.8847,206.451,359.357,565.808
15.9047,185.483,357.9,543.384
15.9247,200.245,358.539,558.784
15.9447,189.794,361.407,551.201
15.9647,176.143,347.745,523.888
15.9847,195.64,359.642,555.282
16.0047,175.133,348.234,523.367
16.0247,199.951,356.16,556.112
16.0447,189.082,356.809,545.891
16.0647,194.54,355.996,550.536
16.0847,199.066,359.996,559.062
16.1047,189.465,353.634,543.099
16.1247,209.947,364.84,574.787
16.1447,183.475,353.114,536.589
16.1647,192.436,353.06,545.496
16.1847,182.917,352.96,535.878
16.2047,206.312,359.197,565.508
16.2247,181.558,354.919,536.478
16.2447,196.552,357.082,553.634
16.2647,177.959,352.179,530.138
16.2847,206.357,360.241,566.599
16.3047,160.429,342.14,502.569
16.3247,196.936,355.78,552.716
16.3447,177.953,346.599,524.552
16.3647,203.324,358.465,561.789
16.3847,177.534,350.553,528.087
16.4047,201.778,358.472,560.25
16.4247,169.932,350.53,520.462
16.4447,199.899,357.125,557.023
16.4647,185.368,356.068,541.435
16.4847,194.821,352.733,547.555
16.5047,185.369,351.609,536.978
16.5247,196.239,354.909,551.148
16.5447,184.461,351.255,535.716
16.5647,197.593,354.236,551.83
16.5847,184.987,353.806,538.793
16.6047,193.939,355.063,549.002
16.6247,166.523,353.722,520.245
16.6447,206.047,360.031,566.078
16.6647,162.966,347.172,510.138
16.6847,219.491,366.592,586.082
16.7047,165.531,345.062,510.593
16.7247,216.07,364.292,580.363
16.7447,143.943,339.225,483.168
16.7647,228.243,367.958,596.202
16.7847,152.802,344.21,497.012
16.8047,214.64,365.029,579.669
16.8247,169.609,345.195,514.804
16.8447,212.534,362.348,574.882
16.8647,175.263,345.879,521.141
16.8847,213.954,361.503,575.457
16.9047,170.702,346.765,517.466
16.9247,217.493,359.318,576.811
16.9447,166.212,343.075,509.286
16.9647,223.308,367.287,590.595
16.9847,166.737,344.575,511.312
17.0047,204.77,357.26,562.03
17.0247,183.754,353.616,537.371
17.0447,206.012,356.636,562.648
17.0647,176.122,352.222,528.344
17.0847,209.541,360.915,570.456
17.1047,179.841,351.471,531.312
17.1247,198.114,360.843,558.957
17.1447,180.483,350.338,530.821
17.1647,198.393,353.734,552.127
17.1847,186.022,353.116,539.138
17.2047,203.584,357.12,560.704
17.2247,177.185,351.533,528.719
17.2447,209.423,358.351,567.774
17.2647,183.572,352.784,536.355
17.2847,211.028,364.207,575.235
17.3047,184.29,350.949,535.239
17.3247,193.621,356.773,550.394
17.3447,175.137,345.868,521.005
17.3647,193.442,354.171,547.613
17.3847,177.943,349.38,527.323
17.4047,190.781,355.148,545.929
17.4247,184.325,356.777,541.102
17.4447,184.626,351.56,536.186
17.4647,173.499,346.308,519.806
17.4847,198.749,357.813,556.562
17.5047,182.34,344.053,526.393
17.5247,185.936,356.813,542.749
17.5447,183.137,353.203,536.34
17.5647,203.155,361.724,564.879
17.5847,177.271,348.592,525.863
17.6047,181.695,351.385,533.08
17.6247,194.104,353.689,547.793
17.6447,183.436,354.965,538.4
17.6647,198.221,355.806,554.026
17.6847,172.9,350.136,523.036
17.7047,208.04,356.432,564.472
17.7247,170.059,347.266,517.326
17.7447,203.135,357.287,560.422
17.7647,169.385,343.005,512.391
17.7847,202.487,357.6,560.087
17.8047,182.906,352.595,535.502
17.8247,193.662,354.8,548.463
17.8447,180.908,350.163,531.071
17.8647,179.856,349.426,529.282
17.8847,192.434,355.017,547.451
17.9047,176.902,348.046,524.948
17.9247,187.793,352.542,540.335
17.9447,166.729,346.135,512.864
17.9647,190.302,357.653,547.955
17.9847,174.33,344.383,518.713
18.0047,186.931,352.214,539.145
18.0247,175.56,345.683,521.244
18.0447,197.004,355.647,552.651
18.0647,192.694,354.089,546.783
18.0847,182.204,348.091,530.295
18.1047,185.92,352.093,538.013
18.1247,196.489,350.399,546.888
18.1447,186.349,352.428,538.777
18.1647,195.583,353.65,549.233
18.1847,178.708,349.373,528.081
18.2047,196.244,346.963,543.207
18.2247,176.963,349.674,526.637
18.2447,195.586,351.878,547.464
18.2647,173.742,349.098,522.841
18.2847,189.368,350.226,539.594
18.3047,175.672,346.754,522.426
18.3247,182.528,347.674,530.202
18.3447,181.697,347.663,529.36
18.3647,176.9,343.359,520.259
18.3847,191.653,353.579,545.232
18.4047,180.634,347.677,528.311
18.4247,191.688,355.098,546.786
18.4447,172.015,341.429,513.444
18.4647,193.162,352.271,545.434
18.4847,180.11,343.878,523.987
18.5047,184.578,351.646,536.224
18.5247,186.256,349.564,535.819
18.5447,188.26,355.538,543.798
18.5647,196.712,351.476,548.188
18.5847,191.556,356.386,547.943
18.6047,185.483,346.552,532.035
18.6247,186.253,353.375,539.628
18.6447,185.276,345.521,530.797
18.6647,188.434,353.619,542.053
18.6847,170.546,337.144,507.69
18.7047,198.455,354.925,553.38
18.7247,179.395,341.58,520.975
18.7447,201.805,356.841,558.646
18.7647,167.647,336.734,504.381
18.7847,199.258,356.346,555.604
18.8047,158.838,335.901,494.74
18.8247,201.371,358.788,560.158
18.8447,169.093,336.925,506.018
18.8647,199.237,355.781,555.019
18.8847,171.046,338.348,509.394
18.9047,199.407,354.178,553.585
18.9247,183.464,343.658,527.122
18.9447,189.814,351.375,541.189
18.9647,167.924,341.735,509.659
18.9847,192.276,352.383,544.658
19.0047,181.198,343.458,524.656
19.0247,186.971,351.754,538.725
19.0447,173.167,342.502,515.669
19.0647,181.49,345.785,527.275
19.0847,178.972,344.496,523.468
19.1047,190.27,354.246,544.516
19.1247,183.656,344.643,528.299
19.1447,180.719,344.828,525.547
19.1647,182.037,344.98,527.017
19.1847,189.057,349.441,538.499
19.2047,171.48,339.356,510.836
19.2247,201.991,356.183,558.174
19.2447,183.151,343.137,526.289
19.2647,178.019,350.538,528.557
19.2847,176.519,342.835,519.354
19.3047,180.39,345.661,526.051
19.3247,192.107,345.03,537.137
19.3447,184.493,345.176,529.67
19.3647,182.323,344.615,526.939
19.3847,177.523,345.852,523.375
19.4047,179.77,342.449,522.219
19.4247,166.528,338.944,505.472
19.4447,206.28,358.283,564.563
19.4647,180.911,343.907,524.818
19.4847,207.461,349.368,556.828
19.5047,167.302,337.9,505.202
19.5247,201.998,352.286,554.284
19.5447,173.173,339.313,512.487
19.5647,197.416,352.925,550.341
19.5847,161.728,339.451,501.178
19.6047,195.798,346.878,542.676
19.6247,166.37,336.799,503.169
19.6447,203.208,352.512,555.72
19.6647,163.969,334.526,498.495
19.6847,200.118,354.86,554.978
19.7047,151.606,331.737,483.342
19.7247,211.074,354.333,565.408
19.7447,163.314,336.237,499.551
19.7647,207.589,355.341,562.93
19.7847,174.917,341.895,516.813
19.8047,202.576,350.283,552.859
19.8247,154.613,338.256,492.869
19.8447,208.93,351.732,560.662
19.8647,167.626,339.173,506.799
19.8847,217.411,357.083,574.494
19.9047,164.958,337.542,502.5
19.9247,205.991,346.407,552.398
19.9447,166.554,331.257,497.81
19.9647,196.387,349.751,546.139
19.9847,162.048,333.543,495.592
20.0047,206.117,353.362,559.479
20.0247,158.314,333.015,491.329
20.0447,202.493,349.38,551.873
20.0647,167.098,335.978,503.076
20.0847,196.559,350.963,547.521
20.1047,141.589,329.236,470.825
20.1247,201.348,352.216,553.564
20.1447,165.7,336.423,502.123
20.1647,194.925,350.852,545.777
20.1847,176.346,337.626,513.972
20.2047,193.195,351.404,544.598
20.2247,163.69,333.83,497.52
20.2447,208.409,352.31,560.719
20.2647,158.006,330.035,488.041
20.2847,210.501,351.456,561.958
20.3047,149.858,326.043,475.901
20.3247,204.715,351.584,556.299
20.3447,165.522,332.293,497.815
20.3647,194.823,344.201,539.024
20.3847,170.525,335.661,506.186
20.4047,201.771,346.379,548.15
20.4247,157.832,329.257,487.088
20.4447,199.056,348.856,547.913
20.4647,173.871,335.151,509.022
20.4847,189.211,347.66,536.871
20.5047,178.404,341.075,519.479
20.5247,184.641,343.056,527.698
20.5447,178.984,335.529,514.514
20.5647,183.142,342.126,525.268
20.5847,172.888,330.118,503.005
20.6047,184.693,348.428,533.121
20.6247,177.222,331.3,508.523
20.6447,188.753,347.912,536.666
20.6647,160.594,328.536,489.13
20.6847,190.36,348.206,538.566
20.7047,174.056,335.71,509.766
20.7247,176.487,340.593,517.079
20.7447,179.62,335.342,514.962
20.7647,187.998,343.676,531.674
20.7847,174.236,334.702,508.938
20.8047,189.071,342.4,531.47
20.8247,171.106,326.076,497.183
20.8447,184.108,343.91,528.018
20.8647,177.069,336.361,513.43
20.8847,190.262,343.854,534.116
20.9047,152.075,329.358,481.433
20.9247,197.675,346.728,544.402
20.9447,177.863,331.602,509.465
20.9647,190.27,344.096,534.366
20.9847,162.161,325.967,488.128
21.0047,182.26,343.672,525.933
21.0247,167.298,323.945,491.243
21.0447,193.804,350.395,544.199
21.0647,168.728,329.275,498.003
21.0847,187.962,344.883,532.844
21.1047,164.81,327.703,492.513
21.1247,181.685,343.44,525.125
21.1447,172.22,332.132,504.352
21.1647,189.253,348.198,537.451
21.1847,162.993,326.16,489.153
21.2047,184.641,342.88,527.521
21.2247,166.759,329.213,495.972
21.2447,186.602,339.832,526.434
21.2647,175.739,336.236,511.974
21.2847,199.475,340.044,539.519
21.3047,171.527,333.337,504.864
21.3247,178.99,336.054,515.044
21.3447,172.103,329.372,501.475
21.3647,185.827,340.309,526.137
21.3847,172.475,330.706,503.181
21.4047,173.435,333.66,507.096
21.4247,173.536,332.596,506.132
21.4447,193.5,342.602,536.102
21.4647,163.783,323.326,487.109
21.4847,185.677,339.515,525.192
21.5047,177.67,333.331,511.001
21.5247,186.793,340.796,527.589
21.5447,175.27,332.655,507.926
21.5647,178.134,336.267,514.401
21.5847,165.957,326.214,492.172
21.6047,180.653,333.436,514.089
21.6247,178.349,334.44,512.789
21.6447,176.919,338.581,515.501
21.6647,186.758,337.839,524.597
21.6847,165.231,329.964,495.195
21.7047,183.864,332.987,516.85
21.7247,173.2,331.13,504.33
21.7447,194.165,337.765,531.929
21.7647,168.576,329.167,497.743
21.7847,191.661,340.362,532.023
21.8047,171.077,333.5,504.577
21.8247,176.573,333.256,509.83
21.8447,175.102,335.171,510.273
21.8647,178.204,332.754,510.958
21.8847,170.405,332.531,502.936
21.9047,167.959,327.933,495.892
21.9247,176.014,334.051,510.065
21.9447,181.395,335.638,517.033
21.9647,184.07,335.271,519.341
21.9847,168.995,329.576,498.571
22.0047,170.359,324.35,494.71
22.0247,182.927,335.821,518.748
22.0447,158.133,323.761,481.894
22.0647,179.128,334.263,513.39
22.0847,158.342,326.01,484.352
22.1047,189.196,335.502,524.698
22.1247,169.844,328.386,498.23
22.1447,194.049,336.752,530.801
22.1647,163.498,320.87,484.368
22.1847,189.808,335.998,525.806
22.2047,163.115,324.851,487.966
22.2247,187.055,336.923,523.978
22.2447,155.318,325.854,481.172
22.2647,190.428,338.15,528.578
22.2847,166.37,326.823,493.193
22.3047,188.871,336.987,525.858
22.3247,165.932,325.6,491.532
22.3447,187.695,333.251,520.946
22.3647,169.706,329.2,498.906
22.3847,167.279,327.031,494.31
22.4047,186.367,334.878,521.245
22.4247,168.529,327.759,496.288
22.4447,176.45,329.707,506.157
22.4647,174.583,330.321,504.903
22.4847,166.618,330.528,497.147
22.5047,173.951,329.769,503.721
22.5247,168.885,328.122,497.007
22.5447,170.703,329.077,499.78
22.5647,183.255,332.264,515.518
22.5847,183.997,332.339,516.336
22.6047,162.284,323.83,486.114
22.6247,175.268,331.956,507.224
22.6447,167.214,328.042,495.255
22.6647,176.618,327.052,503.671
22.6847,173.631,327.672,501.303
22.7047,177.274,333.862,511.136
22.7247,155.492,320.778,476.27
22.7447,177.609,331.04,508.649
22.7647,177.927,325.644,503.57
22.7847,181.094,331.322,512.415
22.8047,183.97,329.731,513.701
22.8247,176.873,328.396,505.27
22.8447,184.772,326.577,511.349
22.8647,167.589,327.729,495.318
22.8847,179.677,326.764,506.44
22.9047,168.908,325.635,494.543
22.9247,169.42,325.597,495.017
22.9447,171.743,327.233,498.976
22.9647,170.626,321.195,491.822
22.9847,176.33,327.247,503.578
23.0047,173.012,325.184,498.196
23.0247,187.712,330.136,517.849
23.0447,166.078,326.338,492.416
23.0647,174.256,329.048,503.304
23.0847,165.163,325.353,490.516
23.1047,174.494,324.662,499.156
23.1247,185.218,333.583,518.801
23.1447,181.342,327.85,509.192
23.1647,171.412,327.566,498.979
23.1847,177.323,325.052,502.375
23.2047,173.902,323.517,497.419
23.2247,165.931,322.445,488.376
23.2447,171.175,321.653,492.827
23.2647,167.287,323.573,490.86
23.2847,165.819,321.89,487.71
23.3047,181.182,330.494,511.676
23.3247,164.487,321.172,485.659
23.3447,185.221,326.529,511.75
23.3647,157.384,319.235,476.618
23.3847,177.098,335.396,512.494
23.4047,149.883,315.6,465.483
23.4247,186.26,332.695,518.955
23.4447,159.456,319.429,478.885
23.4647,194.993,334.56,529.553
23.4847,159.164,319.534,478.698
23.5047,177.446,328.972,506.418
23.5247,160.996,315.258,476.255
23.5447,175.501,328.792,504.293
23.5647,157.945,316.036,473.981
23.5847,184.53,330.928,515.459
23.6047,164.083,316.851,480.934
23.6247,172.3,324.192,496.492
23.6447,161.694,317.101,478.795
23.6647,181.7,327.326,509.026
23.6847,170.104,320.93,491.034
23.7047,165.677,326.783,492.46
23.7247,160.707,312.474,473.18
23.7447,189.215,327.098,516.313
23.7647,159.63,319.328,478.958
23.7847,173.14,325.404,498.544
23.8047,166.033,322.744,488.777
23.8247,179.585,324.423,504.008
23.8447,157.173,315.844,473.017
23.8647,174.586,322.489,497.075
23.8847,168.768,323.716,492.483
23.9047,169.205,325.123,494.328
23.9247,155.061,311.737,466.798
23.9447,176.173,328.44,504.613
23.9647,161.944,320.474,482.419
23.9847,176.025,321.601,497.626
24.0047,169.138,319.024,488.162
24.0247,168.551,322.653,491.204
24.0447,174.988,319.283,494.271
24.0647,159.548,314.561,474.109
24.0847,161.726,316.613,478.339
24.1047,168.142,321.513,489.655
24.1247,176.815,324.564,501.379
24.1447,164.989,321.395,486.384
24.1647,174.506,318.626,493.133
24.1847,172.192,322.331,494.523
24.2047,161.823,312.327,474.151
24.2247,177.142,323.745,500.887
24.2447,162.209,313.797,476.007
24.2647,187.894,330.073,517.967
24.2847,164.081,318.68,482.761
24.3047,173.533,320.933,494.466
24.3247,180.631,322.923,503.554
24.3447,166.889,321.462,488.351
24.3647,157.425,314.682,472.107
24.3847,177.629,324.662,502.291
24.4047,172.348,318.087,490.435
24.4247,174.838,317.64,492.477
24.4447,162.513,315.245,477.758
24.4647,171.104,321.221,492.325
24.4847,170.429,319.12,489.549
24.5047,158.814,310.893,469.707
24.5247,183.381,322.377,505.758
24.5447,163.091,316.533,479.624
24.5647,160.345,314.844,475.188
24.5847,167.253,320.15,487.403
24.6047,153.125,311.815,464.941
24.6247,175.357,315.535,490.893
24.6447,172.871,317.665,490.536
24.6647,160.282,316.691,476.974
24.6847,163.943,317.519,481.463
24.7047,167.764,319.302,487.066
24.7247,162.228,313.91,476.138
24.7447,169.013,313.596,482.61
24.7647,176.233,321.197,497.43
24.7847,176.571,320.596,497.167
24.8047,160.46,315.775,476.234
24.8247,169.61,316.517,486.127
24.8447,169.43,316.61,486.04
24.8647,159.814,310.382,470.197
24.8847,166.692,321.216,487.908
24.9047,167.85,312.509,480.358
24.9247,177.649,323.986,501.635
24.9447,171.389,310.476,481.865
24.9647,166.828,317.899,484.727
24.9847,165.374,313.145,478.519
25.0047,174.095,322.719,496.813
25.0247,165.767,311.207,476.973
25.0447,172.559,315.348,487.907
25.0647,156.578,313.116,469.693
25.0847,168.27,317.22,485.49
25.1047,165.687,311.947,477.634
25.1247,162.07,315.592,477.662
25.1447,166.461,315.415,481.875
25.1647,163.604,312.402,476.006
25.1847,168.334,311.66,479.994
25.2047,150.034,313.413,463.447
25.2247,169.186,313.874,483.06
25.2447,166.014,315.754,481.768
25.2647,163.867,314.252,478.119
25.2847,166.168,316.735,482.903
25.3047,165.082,315.897,480.979
25.3247,159.184,312.299,471.483
25.3447,163.322,311.558,474.88
25.3647,172.328,316.984,489.312
25.3847,158.976,309.369,468.345
25.4047,170.567,314.3,484.867
25.4247,168.106,312.12,480.226
25.4447,167.077,312.762,479.839
25.4647,158.078,307.734,465.813
25.4847,171.413,317.337,488.75
25.5047,154.803,309.136,463.939
25.5247,165.652,312.59,478.242
25.5447,153.481,305.338,458.819
25.5647,177.085,320.333,497.418
25.5847,153.039,304.614,457.653
25.6047,166.855,312.605,479.46
25.6247,159.569,307.866,467.435
25.6447,155.874,306.334,462.208
25.6647,164.715,311.225,475.94
25.6847,175.229,317.491,492.72
25.7047,152.498,305.127,457.625
25.7247,160.33,307.695,468.025
25.7447,163.444,309.067,472.511
25.7647,162.574,314.032,476.606
25.7847,154.06,308.615,462.675
25.8047,164.881,309.151,474.032
25.8247,164.667,304.12,468.786
25.8447,170.693,313.882,484.574
25.8647,159.819,311.075,470.894
25.8847,171.236,309.723,480.96
25.9047,161.594,307.483,469.077
25.9247,170.223,312.407,482.631
25.9447,161.732,308.001,469.734
25.9647,170.033,315.795,485.827
25.9847,158.413,314.759,473.172
26.0047,156.458,310.616,467.074
26.0247,155.47,302.492,457.962
26.0447,182.293,318.454,500.747
26.0647,159.126,305.081,464.207
26.0847,166.924,311.918,478.842
26.1047,148.931,300.167,449.098
26.1247,167.239,308.643,475.882
26.1447,149.169,303.554,452.723
26.1647,172.293,314.119,486.413
26.1847,136.956,298.509,435.465
26.2047,167.402,308.944,476.346
26.2247,141.854,302.954,444.809
26.2447,173.402,311.122,484.524
26.2647,155.921,302.624,458.544
26.2847,161.141,304.109,465.25
26.3047,175.286,310.82,486.106
26.3247,169.857,303.435,473.292
26.3447,168.188,307.36,475.548
26.3647,156.47,305.197,461.666
26.3847,168.585,310.696,479.282
26.4047,165.829,307.107,472.936
26.4247,143.088,304.577,447.665
26.4447,156.728,305.308,462.037
26.4647,172.558,314.928,487.485
26.4847,144.068,299.303,443.371
26.5047,175.333,310.488,485.821
26.5247,159.826,305.851,465.677
26.5447,169.719,312.987,482.706
26.5647,151.878,303.045,454.923
26.5847,161.312,310.214,471.526
26.6047,143.532,303.807,447.339
26.6247,156.823,305.711,462.535
26.6447,160.858,305.361,466.22
26.6647,151.707,304.122,455.829
26.6847,170.418,304.922,475.34
26.7047,153.044,303.466,456.51
26.7247,170.134,307.094,477.228
26.7447,142.61,301.582,444.192
26.7647,184.741,312.681,497.422
26.7847,146.617,302.969,449.586
26.8047,164.476,302.799,467.275
26.8247,158.486,306.453,464.939
26.8447,163.464,304.548,468.012
26.8647,157.122,301.937,459.059
26.8847,151.849,301.116,452.965
26.9047,152.457,301.761,454.219
26.9247,168.312,305.895,474.206
26.9447,160.287,305.79,466.077
26.9647,159.436,303.24,462.676
26.9847,153.607,300.727,454.334
27.0047,163.129,305.057,468.185
27.0247,150.647,297.008,447.656
27.0447,175.848,308.513,484.362
27.0647,152.526,296.019,448.545
27.0847,171.707,306.19,477.897
27.1047,150.072,294.691,444.764
27.1247,167.157,301.382,468.538
27.1447,161.15,304.85,466
27.1647,151.972,298.569,450.541
27.1847,153.138,299.244,452.383
27.2047,163.776,303.103,466.879
27.2247,161.126,304.226,465.352
27.2447,160.27,303.757,464.028
27.2647,159.283,302.315,461.598
27.2847,158.009,304.393,462.402
27.3047,163.402,303.372,466.774
27.3247,158.703,303.545,462.248
27.3447,146.12,297.504,443.623
27.3647,162.365,299.445,461.811
27.3847,154.225,299.059,453.283
27.4047,162.342,300.395,462.737
27.4247,148.264,297.528,445.793
27.4447,162.264,300.725,462.989
27.4647,157.552,300.03,457.583
27.4847,162.674,300.66,463.334
27.5047,158.769,296.169,454.938
27.5247,162.327,300.054,462.381
27.5447,145.661,299.975,445.636
27.5647,165.427,299.963,465.39
27.5847,157.152,302.623,459.775
27.6047,150.791,296.274,447.065
27.6247,148.283,297.213,445.496
27.6447,161.717,306.379,468.096
27.6647,151.965,297.714,449.679
27.6847,162.361,297.605,459.966
27.7047,149.845,296.997,446.842
27.7247,156.15,301.195,457.345
27.7447,166.496,305.438,471.934
27.7647,149.934,297.308,447.242
27.7847,166.313,300.055,466.367
27.8047,158.867,300.232,459.099
27.8247,154.608,297.558,452.166
27.8447,151.396,296.336,447.733
27.8647,152.036,296.381,448.416
27.8847,149.392,297.799,447.191
27.9047,159.512,295.535,455.047
27.9247,148.729,294.052,442.781
27.9447,157.512,296.865,454.376
27.9647,152.036,296.364,448.4
27.9847,151.436,292.94,444.376
28.0047,154.068,298.782,452.85
28.0247,161.545,298.471,460.016
28.0447,145.472,298.631,444.103
28.0647,165.687,300.814,466.501
28.0847,151.454,294.207,445.662
28.1047,165.53,299.122,464.652
28.1247,140.688,291.29,431.979
28.1447,170.917,303.548,474.465
28.1647,157.809,299.019,456.828
28.1847,166.75,304.88,471.63
28.2047,151.931,294.002,445.933
28.2247,149.769,295.466,445.235
28.2447,146.81,289.189,436
28.2647,147.433,297.714,445.147
28.2847,154.773,294.176,448.95
28.3047,148.804,294.264,443.068
28.3247,154.993,293.427,448.42
28.3447,151.377,296.386,447.763
28.3647,159.828,299.382,459.21
28.3847,138.903,284.883,423.786
28.4047,156.903,297.287,454.19
28.4247,154.276,292.862,447.138
28.4447,165.387,297.898,463.285
28.4647,162.22,296.266,458.486
28.4847,150.351,296.951,447.302
28.5047,143.198,294.13,437.328
28.5247,153.265,291.553,444.818
28.5447,139.234,289.989,429.223
28.5647,151.54,290.378,441.918
28.5847,169.265,301.37,470.635
28.6047,143.448,291.132,434.58
28.6247,175.976,302.418,478.393
28.6447,159.603,292.728,452.331
28.6647,154.197,293.321,447.517
28.6847,147.239,289.322,436.561
28.7047,168.009,296.391,464.4
28.7247,150.203,294.76,444.963
28.7447,151.667,291.708,443.376
28.7647,149.903,294.777,444.68
28.7847,148.216,291.388,439.604
28.8047,161.139,294.667,455.806
28.8247,151.019,293.539,444.558
28.8447,145.494,292.036,437.53
28.8647,166.088,294.632,460.72
28.8847,143.353,290.357,433.71
28.9047,150.658,291.533,442.191
28.9247,143.78,293.381,437.161
28.9447,145.312,290.89,436.202
28.9647,158.191,301.433,459.624
28.9847,154.033,292.23,446.263
29.0047,144.614,290.152,434.765
29.0247,151.367,295.244,446.611
29.0447,148.873,290.795,439.668
29.0647,170.297,293.017,463.314
29.0847,149.026,286.478,435.504
29.1047,148.994,292.531,441.525
29.1247,140.705,289.348,430.053
29.1447,159.973,296.9,456.873
29.1647,153.66,291.219,444.88
29.1847,161.553,296.047,457.601
29.2047,151.979,289.235,441.215
29.2247,151.583,292.994,444.578
29.2447,158.201,294.565,452.766
29.2647,156.469,292.127,448.596
29.2847,144.894,290.001,434.895
29.3047,155.072,287.064,442.135
29.3247,130.72,281.976,412.696
29.3447,156.678,295.074,451.752
29.3647,138.954,286.046,425
29.3847,150.769,288.824,439.593
29.4047,146.53,290.028,436.558
29.4247,155.095,292.206,447.302
29.4447,147.112,285.549,432.66
29.4647,162.304,292.035,454.339
29.4847,143.308,292.313,435.622
29.5047,148.418,286.752,435.17
29.5247,155.315,293.692,449.007
29.5447,150.858,290.283,441.141
29.5647,148.682,289.585,438.267
29.5847,153.83,290.102,443.931
29.6047,156.124,291.145,447.268
29.6247,145.969,290.182,436.151
29.6447,156.273,288.686,444.959
29.6647,156.886,291.993,448.879
29.6847,161.857,289.474,451.331
29.7047,143.041,285.795,428.836
29.7247,156.827,292.569,449.396
29.7447,138.664,285.823,424.486
29.7647,157.898,288.478,446.376
29.7847,138.876,284.777,423.653
29.8047,147.435,289.784,437.22
29.8247,152.719,289.405,442.124
29.8447,152.901,290.969,443.869
29.8647,144.933,283.537,428.47
29.8847,150.837,286.393,437.23
29.9047,148.191,286.311,434.502
29.9247,141.238,283.355,424.593
29.9447,150.452,288.559,439.011
29.9647,145.462,285.411,430.873
29.9847,151.058,286.533,437.591
30.0047,151.647,290.839,442.487
30.0247,147.565,283.8,431.365
30.0447,156.196,287.164,443.36
30.0647,141.266,285.798,427.064
30.0847,150.713,288.621,439.334
30.1047,151.468,288.769,440.237
30.1247,146.958,283.433,430.391
30.1447,158.789,286.496,445.285
30.1647,150.518,283.653,434.171
30.1847,152.275,290.892,443.167
30.2047,153.532,285.36,438.892
30.2247,140.675,283.082,423.758
30.2447,146.569,287.071,433.64
30.2647,153.554,288.383,441.936
30.2847,151.245,284.629,435.875
30.3047,139.398,282.413,421.811
30.3247,151.316,288.141,439.458
30.3447,129.408,282.608,412.015
30.3647,153.055,289.743,442.798
30.3847,144.561,280.896,425.457
30.4047,154.864,290.394,445.258
30.4247,158.552,288.17,446.722
30.4447,152.704,289.188,441.892
30.4647,141.348,283.534,424.883
30.4847,154.818,283.876,438.694
30.5047,140.402,282.731,423.133
30.5247,148.657,279.393,428.05
30.5447,154.827,286.234,441.062
30.5647,148.073,283.642,431.715
30.5847,147.175,284.895,432.07
30.6047,147.15,285.393,432.544
30.6247,149.684,283.861,433.545
30.6447,154.533,283.986,438.519
30.6647,146.619,283.597,430.216
30.6847,150.032,283.586,433.618
30.7047,138.942,280.998,419.94
30.7247,149.79,285.206,434.996
30.7447,148.882,284.304,433.186
30.7647,141.029,282.289,423.318
30.7847,138.402,283.508,421.91
30.8047,149.82,284.235,434.055
30.8247,139.377,277.963,417.339
30.8447,151.865,286.761,438.627
30.8647,143.156,282.719,425.875
30.8847,145.823,281.534,427.357
30.9047,139.272,283.122,422.394
30.9247,151.079,284.484,435.564
30.9447,139.66,280.573,420.233
30.9647,145.518,280.687,426.204
30.9847,130.712,277.565,408.277
31.0047,153.754,285.05,438.804
31.0247,135.019,279.386,414.404
31.0447,153.887,286.065,439.952
31.0647,142.313,279.982,422.295
31.0847,159.466,284.807,444.273
31.1047,147.127,283.472,430.599
31.1247,147.637,280.566,428.203
31.1447,143.648,284.961,428.608
31.1647,150.812,279.997,430.809
31.1847,144.913,285.857,430.77
31.2047,161.457,283.95,445.407
31.2247,151.726,285.972,437.698
31.2447,132.499,274.933,407.432
31.2647,149.965,286.108,436.073
31.2847,142.576,279.597,422.174
31.3047,145.223,282.607,427.829
31.3247,139.756,278.327,418.083
31.3447,149.777,281.475,431.252
31.3647,135.992,277.653,413.645
31.3847,143.73,280.618,424.348
31.4047,135.252,276.648,411.9
31.4247,146.549,280.708,427.257
31.4447,142.97,280.875,423.845
31.4647,135.336,273.835,409.171
31.4847,146.516,279.546,426.061
31.5047,143.605,280.801,424.406
31.5247,158.603,284.086,442.689
31.5447,139.398,275.367,414.765
31.5647,147.858,282.376,430.234
31.5847,139.357,277.829,417.186
31.6047,146.751,280.26,427.011
31.6247,135.989,273.266,409.254
31.6447,153.42,283.433,436.853
31.6647,131.5,275.244,406.744
31.6847,146.047,278.848,424.895
31.7047,119.385,275.33,394.715
31.7247,156.89,277.646,434.537
31.7447,138.534,279.029,417.563
31.7647,145.437,274.762,420.2
31.7847,137.362,279.535,416.897
31.8047,143.261,280.441,423.702
31.8247,151.795,286.349,438.144
31.8447,143.889,275.375,419.264
31.8647,147.182,281.086,428.268
31.8847,144.624,278.183,422.807
31.9047,145.784,279.26,425.044
31.9247,150.199,280.013,430.212
31.9447,150.278,280.279,430.557
31.9647,144.518,276.638,421.156
31.9847,147.117,277.045,424.162
32.0047,135.328,270.841,406.168
32.0247,141.738,276.047,417.785
32.0447,141.94,273.935,415.875
32.0647,131.506,272.915,404.422
32.0847,149.729,278.33,428.06
32.1047,142.387,275.785,418.172
32.1247,131.163,271.142,402.305
32.1447,143.388,278.188,421.575
32.1647,139.431,271.957,411.388
32.1847,148.823,279.538,428.361
32.2047,140.376,270.896,411.272
32.2247,150.481,281.278,431.759
32.2447,152.653,276.417,429.07
32.2647,140.941,275.832,416.773
32.2847,147.184,274.01,421.194
32.3047,147.568,277.625,425.193
32.3247,139.973,274.281,414.254
32.3447,144.508,276.05,420.558
32.3647,137.583,273.821,411.404
32.3847,148.894,279.51,428.405
32.4047,136.149,270.738,406.886
32.4247,145.671,279.618,425.289
32.4447,131.186,264.807,395.993
32.4647,147.541,279.508,427.049
32.4847,136.563,268.812,405.375
32.5047,141.313,276.701,418.015
32.5247,146.02,272.304,418.324
32.5447,147.719,277.3,425.019
32.5647,136.727,267.019,403.746
32.5847,148.156,275.933,424.089
32.6047,139.424,273.538,412.962
32.6247,134.96,272.763,407.722
32.6447,130.544,272.4,402.944
32.6647,131.043,272.136,403.179
32.6847,140.059,269.803,409.862
32.7047,146.072,275.662,421.734
32.7247,144.385,271.994,416.379
32.7447,140.083,277.469,417.552
32.7647,144.594,275.48,420.075
32.7847,141.906,270.675,412.581
32.8047,153.999,274.804,428.803
32.8247,141.348,273.53,414.879
32.8447,139.582,270.688,410.27
32.8647,146.153,276.654,422.807
32.8847,129.247,268.593,397.84
32.9047,139.66,270.32,409.981
32.9247,152.087,270.103,422.19
32.9447,137.379,275.677,413.055
32.9647,133.871,271.269,405.14
32.9847,136.361,273.656,410.018
33.0047,150.653,276.113,426.766
33.0247,129.16,268.427,397.587
33.0447,130.095,270.722,400.817
33.0647,145.414,273.946,419.361
33.0847,133.748,271.51,405.259
33.1047,150.754,273.617,424.371
33.1247,140.535,272.794,413.328
33.1447,138.139,269.94,408.079
33.1647,142.757,268.401,411.158
33.1847,148.214,271.519,419.733
33.2047,126.222,268.508,394.73
33.2247,147.554,273.332,420.886
33.2447,136.32,268.946,405.266
33.2647,131.311,266.768,398.08
33.2847,150.096,273.609,423.706
33.3047,143.103,269.872,412.975
33.3247,137.947,273.034,410.981
33.3447,137.048,271.754,408.802
33.3647,133.476,268.247,401.722
33.3847,149.285,274.712,423.997
33.4047,137.436,272.955,410.391
33.4247,136.168,267.26,403.428
33.4447,139.915,270.087,410.002
33.4647,131.252,262.951,394.203
33.4847,151.638,273.586,425.224
33.5047,136.878,270.073,406.951
33.5247,146.369,270.783,417.153
33.5447,141.143,271.95,413.093
33.5647,130.551,269.016,399.567
33.5847,137.816,267.153,404.969
33.6047,141.076,271.147,412.223
33.6247,142.936,269.258,412.194
33.6447,135.641,267.665,403.306
33.6647,139.411,267.366,406.776
33.6847,126.662,269.04,395.702
33.7047,135.423,268.625,404.048
33.7247,145.6,272.649,418.249
33.7447,138.573,269.937,408.511
33.7647,138.762,271.449,410.212
33.7847,131.285,265.388,396.674
33.8047,139.037,270.088,409.125
33.8247,142.067,266.085,408.151
33.8447,141.697,272.884,414.581
33.8647,137.578,266.724,404.302
33.8847,139.754,270.898,410.652
33.9047,142.85,274.794,417.644
33.9247,140.214,265.091,405.305
33.9447,132.809,264.295,397.104
33.9647,131.764,269.532,401.296
33.9847,139.839,266.303,406.142
34.0047,142.744,268.487,411.231
34.0247,128.605,265.1,393.705
34.0447,135.393,269.266,404.659
34.0647,142.255,265.991,408.246
34.0847,136.568,264.672,401.24
34.1047,134.485,264.638,399.124
34.1247,135.428,268.941,404.368
34.1447,128.101,262.53,390.631
34.1647,139.377,267.488,406.865
34.1847,133.799,263.028,396.827
34.2047,126.689,262.68,389.369
34.2247,141.651,264.219,405.869
34.2447,142.931,271.855,414.786
34.2647,137.821,264.307,402.128
34.2847,145.46,269.883,415.343
34.3047,141.952,266.468,408.42
34.3247,144.113,273.195,417.308
34.3447,127.411,257.499,384.909
34.3647,141.559,266.507,408.066
34.3847,138.363,262.953,401.316
34.4047,139.74,260.565,400.305
34.4247,134.136,264.6,398.736
34.4447,133.589,267.604,401.193
34.4647,144.726,266.846,411.572
34.4847,137.773,266.39,404.163
34.5047,134.757,264.802,399.56
34.5247,125.254,260.944,386.198
34.5447,140.652,265.867,406.519
34.5647,129.405,263.855,393.261
34.5847,135.765,261.52,397.285
34.6047,130.12,262.64,392.76
34.6247,137.809,266.811,404.62
34.6447,131.302,263.794,395.097
34.6647,132.21,263.771,395.981
34.6847,133.377,263.366,396.743
34.7047,133.329,262.285,395.614
34.7247,130.921,265.092,396.013
34.7447,143.739,261.21,404.949
34.7647,140.883,265.863,406.746
34.7847,135.989,261.356,397.346
34.8047,134.61,262.934,397.544
34.8247,143.919,267.641,411.56
34.8447,129.332,261.169,390.502
34.8647,135.227,262.689,397.917
34.8847,130.761,264.441,395.202
34.9047,138.96,262.501,401.462
34.9247,143.461,268.698,412.159
34.9447,122.505,258.866,381.371
34.9647,134.899,267.649,402.548
34.9847,141.997,265.026,407.024
35.0047,140.707,263.926,404.633
35.0247,148.503,265.811,414.313
35.0447,128.959,263.4,392.359
35.0647,122.995,259.752,382.748
35.0847,140.68,265.696,406.376
35.1047,129.44,263.374,392.814
35.1247,120.951,257.027,377.977
35.1447,132.565,260.484,393.05
35.1647,131.35,261.627,392.977
35.1847,142.685,266.056,408.741
35.2047,130.808,262.322,393.13
35.2247,128.609,263.809,392.417
35.2447,126.258,261.8,388.058
35.2647,139.902,265.924,405.826
35.2847,127.214,260.778,387.993
35.3047,140.757,263.769,404.526
35.3247,138.813,258.541,397.354
35.3447,128.691,259.409,388.1
35.3647,133.114,258.47,391.584
35.3847,131.412,258.233,389.645
35.4047,130.888,263.873,394.762
35.4247,133.48,260.142,393.621
35.4447,143.32,263.732,407.053
35.4647,127.892,257.067,384.96
35.4847,134.988,261.396,396.385
35.5047,133.751,263.306,397.057
35.5247,132.354,261.863,394.217
35.5447,129.238,259.336,388.573
35.5647,133.069,262.304,395.373
35.5847,133.386,257.195,390.581
35.6047,135.568,258.382,393.95
35.6247,124.83,260.159,384.99
35.6447,129.377,259.993,389.37
35.6647,123.927,255.808,379.736
35.6847,144.106,262.977,407.083
35.7047,129.15,256.961,386.111
35.7247,135.354,260.106,395.459
35.7447,129.579,260.063,389.642
35.7647,132.853,260.683,393.536
35.7847,124.866,251.14,376.006
35.8047,136.449,261.241,397.69
35.8247,131.947,260.891,392.838
35.8447,143.017,263.001,406.018
35.8647,122.314,254.662,376.975
35.8847,134.348,259.757,394.105
35.9047,130.3,258.848,389.149
35.9247,137.783,259.814,397.597
35.9447,127.245,260.243,387.488
35.9647,135.926,260.221,396.146
35.9847,126.921,254.344,381.265
36.0047,146.788,262.904,409.692
36.0247,125.367,254.01,379.377
36.0447,126.93,261.793,388.723
36.0647,135.081,257.308,392.389
36.0847,125.234,254.397,379.63
36.1047,130.31,256.807,387.117
36.1247,144.661,262.879,407.539
36.1447,127.65,251.113,378.763
36.1647,130.081,256.964,387.046
36.1847,130.489,255.889,386.377
36.2047,134.482,262.273,396.755
36.2247,128.571,255.718,384.29
36.2447,148.454,260.526,408.979
36.2647,127.282,254.628,381.91
36.2847,128.687,255.147,383.834
36.3047,126.126,254.689,380.815
36.3247,125.706,255.659,381.365
36.3447,130.566,258.102,388.668
36.3647,126.475,256.771,383.246
36.3847,121.478,252.265,373.743
36.4047,130.01,257.083,387.093
36.4247,127.875,255.414,383.289
36.4447,136.688,257.605,394.294
36.4647,122.125,252.759,374.884
36.4847,142.868,261.878,404.746
36.5047,121.368,256.365,377.733
36.5247,134.142,260.854,394.996
36.5447,127.81,257.651,385.461
36.5647,130.31,253.528,383.838
36.5847,126.591,255.184,381.775
36.6047,128.784,257.692,386.476
36.6247,135.969,255.011,390.979
36.6447,134.747,258.514,393.261
36.6647,128.654,256.648,385.302
36.6847,138.857,260.074,398.931
36.7047,131.898,255.182,387.08
36.7247,126.522,256.508,383.03
36.7447,129.84,255.488,385.327
36.7647,131.005,256.701,387.706
36.7847,133.159,257.3,390.459
36.8047,124.595,251.194,375.789
36.8247,126.171,254.756,380.927
36.8447,125.7,252.503,378.203
36.8647,126.896,253.474,380.37
36.8847,134.314,256.884,391.198
36.9047,131.693,254.548,386.242
36.9247,128.336,251.841,380.177
36.9447,128.282,251.319,379.601
36.9647,125.396,254.336,379.732
36.9847,126.172,252.066,378.238
37.0047,132.798,256.142,388.94
37.0247,130.318,251.64,381.958
37.0447,130.045,255.218,385.263
37.0647,128.826,254.321,383.148
37.0847,131.208,254.181,385.389
37.1047,129.83,255.04,384.871
37.1247,124.153,251.309,375.463
37.1447,119.516,251.689,371.205
37.1647,132.292,255.315,387.606
37.1847,122.711,251.74,374.451
37.2047,125.235,250.764,376
37.2247,130.526,252.863,383.389
37.2447,121.874,251.858,373.732
37.2647,138.564,252.274,390.839
37.2847,128.911,251.753,380.664
37.3047,132.018,253.692,385.709
37.3247,122.294,247.42,369.713
37.3447,134.55,255.951,390.501
37.3647,128.592,250.462,379.054
37.3847,123.738,247.774,371.512
37.4047,131.635,257.49,389.126
37.4247,126.208,249.521,375.729
37.4447,132.01,254.523,386.533
37.4647,123.187,250.765,373.952
37.4847,128.028,253.532,381.56
37.5047,128.838,250.672,379.509
37.5247,120.655,250.9,371.555
37.5447,129.867,252.785,382.652
37.5647,133.689,252.411,386.099
37.5847,126.07,252.737,378.807
37.6047,125.743,252.473,378.216
37.6247,137.165,252.967,390.132
37.6447,126.399,251.605,378.004
37.6647,124.181,252.147,376.328
37.6847,127.167,250.886,378.053
37.7047,122.852,252.069,374.921
37.7247,134.796,256.66,391.456
37.7447,127.001,247.268,374.269
37.7647,130.033,257.028,387.061
37.7847,119.53,247.459,366.989
37.8047,134.002,248.988,382.99
37.8247,123.993,247.973,371.966
37.8447,127.369,247.652,375.021
37.8647,135.08,252.963,388.043
37.8847,126.703,249.392,376.095
37.9047,131.682,252.351,384.033
37.9247,117.669,246.559,364.227
37.9447,132.984,252.448,385.432
37.9647,129.318,249.766,379.084
37.9847,130.261,254.415,384.677
38.0047,120.986,247.987,368.973
38.0247,135.734,254.824,390.558
38.0447,118.564,244.943,363.507
38.0647,125.829,246.718,372.547
38.0847,125.605,247.258,372.862
38.1047,123.754,251.792,375.546
38.1247,129.764,250.174,379.938
38.1447,131.331,252.26,383.592
38.1647,124.995,250.345,375.34
38.1847,128.986,253.754,382.74
38.2047,127.471,251.559,379.03
38.2247,121.083,249.649,370.732
38.2447,133.386,251.083,384.469
38.2647,120.713,244.958,365.671
38.2847,121.854,245.789,367.643
38.3047,122.887,246.814,369.701
38.3247,126.056,246.093,372.149
38.3447,128.315,250.627,378.942
38.3647,122.824,245.316,368.14
38.3847,130.31,250.393,380.702
38.4047,120.507,244.824,365.33
38.4247,119.687,251.739,371.426
38.4447,132.968,255.344,388.312
38.4647,123.007,245.847,368.853
38.4847,121.985,245.757,367.742
38.5047,125.746,244.353,370.098
38.5247,112.017,245.425,357.442
38.5447,125.664,247.042,372.706
38.5647,126.507,248.273,374.78
38.5847,137.267,249.187,386.454
38.6047,122.693,245.97,368.663
38.6247,125.001,244.897,369.899
38.6447,129.542,250.673,380.215
38.6647,122.499,250.769,373.268
38.6847,118.376,243.789,362.165
38.7047,126.038,250.382,376.421
38.7247,119.819,246.815,366.634
38.7447,122.436,248.627,371.064
38.7647,129.642,246.544,376.186
38.7847,122.354,245.816,368.17
38.8047,120.739,246.32,367.059
38.8247,130.459,247.098,377.557
38.8447,121.3,247.42,368.72
38.8647,130.002,247.993,377.995
38.8847,117.779,243.752,361.531
38.9047,140.042,252.79,392.832
38.9247,120.623,247.824,368.446
38.9447,128.963,247.476,376.439
38.9647,112.111,240.219,352.33
38.9847,119.98,248.354,368.334
39.0047,115.584,240.881,356.465
39.0247,117.445,245.313,362.758
39.0447,133.335,246.835,380.17
39.0647,118.642,245.543,364.185
39.0847,125.36,249.184,374.544
39.1047,128.687,247.337,376.024
39.1247,120.41,244.949,365.359
39.1447,114.726,241.479,356.204
39.1647,123.156,244.173,367.329
39.1847,126.64,247.989,374.629
39.2047,126.616,245.764,372.38
39.2247,127.216,247.247,374.463
39.2447,128.764,245.431,374.195
39.2647,128.214,245.38,373.594
39.2847,125.179,248.783,373.962
39.3047,129.353,247.967,377.321
39.3247,116.673,242.89,359.563
39.3447,123.545,241.478,365.023
39.3647,117.93,245.184,363.114
39.3847,122.292,244.12,366.412
39.4047,121.057,247.631,368.688
39.4247,122.379,244.281,366.66
39.4447,117.003,242.499,359.501
39.4647,125.139,246.385,371.524
39.4847,130.28,248.88,379.16
39.5047,133.674,245.837,379.511
39.5247,128.069,247.843,375.912
39.5447,112.834,242.429,355.263
39.5647,126.092,245.774,371.866
39.5847,112.011,241.22,353.232
39.6047,119.398,244.867,364.265
39.6247,114.686,240.554,355.24
39.6447,124.55,246.982,371.532
39.6647,115.767,242.048,357.815
39.6847,130.03,246.773,376.804
39.7047,117.413,243.433,360.847
39.7247,126.808,246.246,373.054
39.7447,119.498,247.649,367.147
39.7647,121.764,240.786,362.55
39.7847,128.133,243.671,371.804
39.8047,119.18,241.34,360.52
39.8247,121.932,241.888,363.82
39.8447,130.246,247.055,377.301
39.8647,110.752,240.407,351.16
39.8847,127.552,247.415,374.967
39.9047,120.097,241.383,361.48
39.9247,124.661,243.968,368.629
39.9447,123.388,241.526,364.914
39.9647,125.656,246.737,372.393
39.9847,118.347,238.999,357.346
40.0047,122.411,240.177,362.588
40.0247,130.065,246.895,376.96
40.0447,128.207,246.023,374.23
40.0647,122.672,243.776,366.448
40.0847,123.813,244.345,368.158
40.1047,115.545,240.046,355.591
40.1247,123.51,244.561,368.071
40.1447,121.348,240.037,361.384
40.1647,123.085,242.113,365.199
40.1847,127.244,243.489,370.733
40.2047,120.259,239.328,359.587
40.2247,118.183,240.111,358.294
40.2447,126.174,242.998,369.172
40.2647,120.826,243.443,364.269
40.2847,135.538,244.34,379.879
40.3047,113.668,240.514,354.182
40.3247,118.413,241.448,359.86
40.3447,115.535,240.615,356.151
40.3647,119.64,241.063,360.703
40.3847,114.373,239.554,353.928
40.4047,123.9,241.597,365.497
40.4247,132.845,248.269,381.115
40.4447,107.829,237.078,344.907
40.4647,124.944,239.866,364.81
40.4847,112.435,240.109,352.544
40.5047,122.804,240.654,363.458
40.5247,109.892,236.363,346.256
40.5447,127.422,243.251,370.673
40.5647,117.59,243.781,361.371
40.5847,122.218,240.287,362.506
40.6047,126.663,241.761,368.424
40.6247,116.764,244.452,361.216
40.6447,121.333,242.067,363.401
40.6647,116.031,237.633,353.664
40.6847,130.228,242.05,372.278
40.7047,117.7,240.537,358.237
40.7247,120.191,238.136,358.327
40.7447,112.176,237.157,349.333
40.7647,122.275,240.259,362.533
40.7847,121.84,238.721,360.56
40.8047,123.737,241.351,365.088
40.8247,125.935,243.368,369.303
40.8447,122.6,241.129,363.73
40.8647,113.237,239.084,352.321
40.8847,122.28,237.686,359.966
40.9047,119.572,239.583,359.155
40.9247,120.96,239.275,360.235
40.9447,114.395,237.267,351.662
40.9647,120.496,237.492,357.988
40.9847,112.426,238.122,350.548
41.0047,127.367,245.367,372.735
41.0247,116.678,235.492,352.169
41.0447,124.783,242.401,367.184
41.0647,122.516,242.84,365.356
41.0847,117.631,237.047,354.678
41.1047,120.897,239.488,360.385
41.1247,126.883,242.197,369.081
41.1447,109.27,235.387,344.657
41.1647,121.839,243.001,364.839
41.1847,111.237,234.967,346.203
41.2047,129.226,242.834,372.06
41.2247,121.946,237.358,359.304
41.2447,124.078,241.885,365.962
41.2647,112.308,236.784,349.093
41.2847,127.158,243.509,370.666
41.3047,125.531,236.71,362.241
41.3247,114.579,232.073,346.652
41.3447,113.982,237.625,351.607
41.3647,121.748,239.832,361.58
41.3847,120.026,241.783,361.809
41.4047,120.903,237.47,358.373
41.4247,112.342,235.998,348.34
41.4447,125.899,237.997,363.896
41.4647,128.251,240.868,369.119
41.4847,118.724,238.436,357.161
41.5047,110.543,238.14,348.684
41.5247,119.818,238.027,357.845
41.5447,112.601,232.426,345.028
41.5647,112.697,237.104,349.801
41.5847,117.707,237.342,355.049
41.6047,127.264,239.658,366.922
41.6247,110.979,237.132,348.111
41.6447,123.259,238.316,361.575
41.6647,116.706,237.664,354.37
41.6847,116.237,236.367,352.605
41.7047,115.209,235.626,350.834
41.7247,121.544,236.055,357.599
41.7447,119.368,239.902,359.27
41.7647,119.073,236.914,355.987
41.7847,118.348,237.045,355.393
41.8047,118.17,237.316,355.486
41.8247,117.731,238.101,355.833
41.8447,128.259,239.296,367.556
41.8647,106.177,234.368,340.545
41.8847,116.411,237.983,354.393
41.9047,118.357,237.925,356.282
41.9247,114.469,236.682,351.15
41.9447,112.431,233.274,345.705
41.9647,125.432,239.173,364.605
41.9847,110.873,232.777,343.65
42.0047,121.649,235.054,356.703
42.0247,113.006,233.617,346.623
42.0447,118.461,236.054,354.515
42.0647,106.607,231.452,338.059
42.0847,122.625,238.473,361.098
42.1047,113.06,236.85,349.91
42.1247,117.673,234.805,352.478
42.1447,107.997,236.766,344.764
42.1647,120.712,237.33,358.042
42.1847,105.06,232.86,337.92
42.2047,120.403,236.37,356.774
42.2247,119.662,235.023,354.685
42.2447,116.165,234.355,350.52
42.2647,113.806,233.931,347.737
42.2847,127.384,237.443,364.827
42.3047,115.338,235.73,351.068
42.3247,113.397,231.459,344.856
42.3447,115.679,235.649,351.329
42.3647,126.404,234.381,360.785
42.3847,122.485,235.05,357.535
42.4047,100.802,229.913,330.715
42.4247,115.687,236.927,352.613
42.4447,107.868,233.132,341
42.4647,111.963,237.38,349.343
42.4847,117.79,234.751,352.542
42.5047,121.186,235.691,356.877
42.5247,106.325,230.347,336.672
42.5447,122.654,235.858,358.511
42.5647,121.116,239.178,360.294
42.5847,118.449,234.259,352.707
42.6047,118.455,234.467,352.922
42.6247,114.318,235.077,349.395
42.6447,109.084,232.438,341.523
42.6647,111.504,232.951,344.456
42.6847,111.488,232.768,344.256
42.7047,124.896,236.162,361.058
42.7247,116.732,230.675,347.407
42.7447,121.171,235.293,356.464
42.7647,112.419,231.237,343.655
42.7847,118.146,237.128,355.273
42.8047,114.69,232.221,346.911
42.8247,113.759,230.809,344.568
42.8447,117.035,233.143,350.178
42.8647,120.868,233.455,354.323
42.8847,118.424,233.787,352.21
42.9047,106.496,229.722,336.219
42.9247,113.127,233.799,346.925
42.9447,114.266,234.881,349.147
42.9647,118.13,236.419,354.549
42.9847,119.48,234.676,354.156
43.0047,116.15,232.531,348.681
43.0247,112.08,229.848,341.928
43.0447,116.983,235.933,352.916
43.0647,103.909,229.495,333.404
43.0847,121.599,228.609,350.208
43.1047,103.498,229.889,333.387
43.1247,111.748,231.64,343.388
43.1447,118.005,235.643,353.648
43.1647,114.67,234.587,349.257
43.1847,116.897,234.939,351.835
43.2047,118.666,235.302,353.968
43.2247,107.77,231.187,338.957
43.2447,110.466,234.808,345.274
43.2647,116.942,232.744,349.686
43.2847,126.531,233.49,360.021
43.3047,117.11,233.34,350.449
43.3247,115.372,232.885,348.257
43.3447,112.77,235.453,348.223
43.3647,111.848,230.137,341.986
43.3847,112.597,231.912,344.509
43.4047,120.244,234.798,355.042
43.4247,111.344,234.655,345.999
43.4447,107.859,228.805,336.664
43.4647,100.578,230.978,331.556
43.4847,119.29,233.759,353.049
43.5047,107.637,231.011,338.647
43.5247,122.42,231.701,354.121
43.5447,114.245,228.379,342.624
43.5647,118.149,232.172,350.322
43.5847,106.317,227.88,334.197
43.6047,119.645,237.612,357.257
43.6247,111.473,228.616,340.088
43.6447,123.426,232.919,356.345
43.6647,108.888,228.237,337.124
43.6847,108.725,233.982,342.707
43.7047,107.2,227.771,334.97
43.7247,115.826,232.478,348.304
43.7447,106.825,227.369,334.194
43.7647,115.405,231.981,347.387
43.7847,116.473,232.329,348.802
43.8047,109.82,229.432,339.252
43.8247,110.342,229.269,339.611
43.8447,112.981,228.08,341.061
43.8647,116.348,233.915,350.263
43.8847,114.472,230.383,344.855
43.9047,108.465,229.131,337.597
43.9247,115.173,226.975,342.147
43.9447,113.055,230.535,343.59
43.9647,112.072,229.564,341.636
43.9847,113.904,233.088,346.992
44.0047,112.43,231.326,343.756
44.0247,105.65,232.268,337.918
44.0447,115.145,234.042,349.187
44.0647,111.34,230.169,341.509
44.0847,108.193,230.804,338.997
44.1047,110.22,229.736,339.956
44.1247,116.856,227.817,344.673
44.1447,103.414,228.336,331.75
44.1647,111.434,230.967,342.401
44.1847,112.538,231.292,343.83
44.2047,104.99,228.249,333.239
44.2247,105.189,227.839,333.028
44.2447,113.365,230.072,343.437
44.2647,120.653,231.166,351.82
44.2847,110.739,229.679,340.419
44.3047,118.336,231.745,350.081
44.3247,111.784,230.482,342.266
44.3447,105.995,230.174,336.169
44.3647,115.505,231.351,346.857
44.3847,113.354,229.563,342.917
44.4047,120.117,231.084,351.201
44.4247,106.77,225.9,332.67
44.4447,111.528,228.022,339.549
44.4647,108.329,225.889,334.217
44.4847,109.525,224.35,333.876
44.5047,114.304,232.705,347.009
44.5247,109.052,227.748,336.799
44.5447,114.198,228.765,342.963
44.5647,107.969,225.345,333.314
44.5847,122.921,232.154,355.075
44.6047,104.155,222.084,326.238
44.6247,114.95,231.977,346.928
44.6447,116.253,226.827,343.08
44.6647,113.524,228.975,342.499
44.6847,108.987,224.703,333.69
44.7047,120.209,227.951,348.159
44.7247,105.424,227.298,332.722
44.7447,107.017,230.202,337.219
44.7647,107.877,228.352,336.229
44.7847,109.325,224.206,333.531
44.8047,104.468,226.293,330.761
44.8247,108.35,228.345,336.695
44.8447,114.126,229.389,343.515
44.8647,108.092,226.793,334.885
44.8847,104.513,228.399,332.912
44.9047,115.788,230.408,346.196
44.9247,104.982,227.8,332.782
44.9447,114.552,230.012,344.563
44.9647,105.099,221.856,326.955
44.9847,113.597,228.331,341.928
45.0047,108.64,227.936,336.576
45.0247,113.846,229.591,343.436
45.0447,114.78,227.215,341.995
45.0647,107.309,225.152,332.461
45.0847,100.751,223.184,323.934
45.1047,111.92,227.345,339.265
45.1247,112.448,228.896,341.345
45.1447,100.403,221.914,322.317
45.1647,116.081,225.631,341.711
45.1847,111.683,226.207,337.89
45.2047,110.604,227.589,338.192
45.2247,105.85,225.526,331.376
45.2447,120.353,226.525,346.879
45.2647,101.814,223.243,325.056
45.2847,113.06,227.339,340.399
45.3047,109.713,227.411,337.124
45.3247,103.435,223.454,326.889
45.3447,116.02,226.567,342.587
45.3647,105.289,223.434,328.723
45.3847,111.289,228.573,339.861
45.4047,113.624,225.057,338.681
45.4247,118.071,226.652,344.723
45.4447,107.549,222.215,329.765
45.4647,114.468,226.071,340.54
45.4847,114.731,228.608,343.339
45.5047,113.188,228.102,341.29
45.5247,113.391,226.625,340.015
45.5447,104.055,224.854,328.909
45.5647,108.535,227.551,336.086
45.5847,109.999,226.938,336.937
45.6047,102.865,223.653,326.518
45.6247,120.739,227.794,348.532
45.6447,106.188,222.437,328.625
45.6647,102.583,221.983,324.567
45.6847,108.147,220.982,329.129
45.7047,112.02,226.71,338.729
45.7247,115.365,227.555,342.92
45.7447,108.67,223.888,332.558
45.7647,106.708,222.586,329.294
45.7847,108.176,227.784,335.96
45.8047,107.368,225.145,332.513
45.8247,110.961,226.444,337.405
45.8447,110.909,224.861,335.77
45.8647,115.664,226.135,341.799
45.8847,124.558,228.99,353.548
45.9047,104.036,224.634,328.67
45.9247,106.72,224.501,331.221
45.9447,107.157,222.662,329.819
45.9647,111.693,222.882,334.575
45.9847,102.878,223.662,326.54
46.0047,110.1,226.399,336.499
46.0247,115.149,224.015,339.164
46.0447,109.412,227.027,336.439
46.0647,105.644,221.04,326.684
46.0847,117.326,229.244,346.57
46.1047,105.997,221.181,327.178
46.1247,116.322,227.626,343.948
46.1447,98.5761,219.744,318.32
46.1647,107.796,224.61,332.406
46.1847,113.339,226.077,339.416
46.2047,110.527,224.795,335.321
46.2247,110.846,222.497,333.343
46.2447,104.496,222.483,326.978
46.2647,109.6,224.601,334.2
46.2847,102.331,221.313,323.644
46.3047,104.196,219.408,323.604
46.3247,103.451,221.622,325.073
46.3447,104.106,220.207,324.313
46.3647,116.256,225.16,341.416
46.3847,107.528,224.83,332.358
46.4047,102.584,219.519,322.103
46.4247,110.197,223.724,333.921
46.4447,106.956,222.927,329.883
46.4647,108.515,224.111,332.626
46.4847,107.69,224.572,332.262
46.5047,107.816,224.052,331.868
46.5247,102.928,221.692,324.62
46.5447,104.785,222.719,327.504
46.5647,113.614,225.204,338.818
46.5847,98.3047,215.874,314.178
46.6047,120.555,223.954,344.509
46.6247,104.74,222.379,327.119
46.6447,107.313,219.239,326.552
46.6647,110.973,225.348,336.321
46.6847,107.752,224.429,332.181
46.7047,98.7271,217.564,316.291
46.7247,106.412,222.543,328.955
46.7447,109.621,222.171,331.792
46.7647,116.289,222.795,339.084
46.7847,96.5159,221.428,317.943
46.8047,109.099,222.229,331.328
46.8247,108.435,219.57,328.005
46.8447,106.049,225.007,331.056
46.8647,107.324,218.227,325.552
46.8847,99.2034,222.069,321.272
46.9047,110.754,224.218,334.973
46.9247,111.238,225.506,336.744
46.9447,98.7361,217.348,316.085
46.9647,106.325,222.629,328.953
46.9847,102.721,220.578,323.299
47.0047,105.641,222.43,328.071
47.0247,107.351,220.064,327.415
47.0447,97.2772,218.448,315.726
47.0647,114.789,222.409,337.198
47.0847,113.82,226.15,339.97
47.1047,106.291,219.627,325.917
47.1247,99.8775,220.653,320.53
47.1447,106.524,224.739,331.263
47.1647,112.499,221.988,334.487
47.1847,107.481,220.205,327.685
47.2047,102.205,220.019,322.223
47.2247,100.942,221.882,322.824
47.2447,104.071,220.772,324.844
47.2647,101.401,218.013,319.414
47.2847,107.51,219.376,326.886
47.3047,102.696,219.533,322.228
47.3247,101.226,218.388,319.614
47.3447,112.244,222.058,334.302
47.3647,104.782,218.303,323.085
47.3847,105.378,220.753,326.131
47.4047,104.84,221.996,326.836
47.4247,106.397,220.474,326.872
47.4447,103.01,220.632,323.642
47.4647,108.491,218.296,326.787
47.4847,94.1059,218.361,312.467
47.5047,107.854,224.095,331.949
47.5247,106.703,218.34,325.043
47.5447,103.379,218.012,321.391
47.5647,102.77,218.361,321.131
47.5847,113.265,220.904,334.169
47.6047,104.556,218.459,323.015
47.6247,99.6799,216.185,315.865
47.6447,100.157,220.199,320.356
47.6647,106.66,221.788,328.448
47.6847,104.725,218.964,323.689
47.7047,100.074,218.021,318.095
47.7247,101.32,220.6,321.92
47.7447,97.0113,219.407,316.418
47.7647,104.95,217,321.95
47.7847,111.735,223.637,335.373
47.8047,98.9532,217.731,316.684
47.8247,110.533,219.11,329.643
47.8447,99.5529,220.536,320.089
47.8647,118.203,221.197,339.4
47.8847,107.85,221.312,329.162
47.9047,109.736,219.528,329.264
47.9247,102.906,216.156,319.062
47.9447,100.058,217.86,317.919
47.9647,104.406,219.024,323.43
47.9847,105.878,217.333,323.211
48.0047,105.444,217.004,322.448
48.0247,109.596,220.819,330.415
48.0447,104.086,215.508,319.594
48.0647,102.722,218.987,321.709
48.0847,104.361,218.176,322.537
48.1047,101.743,219.779,321.522
48.1247,100.002,217.886,317.888
48.1447,112.615,219.25,331.865
48.1647,107.789,221.26,329.048
48.1847,95.7363,212.487,308.224
48.2047,97.0177,217.097,314.115
48.2247,106.441,218.04,324.481
48.2447,99.7407,216.278,316.018
48.2647,105.517,220.411,325.928
48.2847,104.433,216.332,320.765
48.3047,107.207,211.598,318.805
48.3247,101.369,218.897,320.266
48.3447,99.6309,215.477,315.107
48.3647,96.1616,215.826,311.987
48.3847,97.5469,216.562,314.109
48.4047,109.627,216.912,326.539
48.4247,110.656,216.702,327.358
48.4447,108.395,219.404,327.799
48.4647,112.72,220.445,333.165
48.4847,106.773,217.824,324.597
48.5047,103.626,215.474,319.1
48.5247,107.489,220.054,327.543
48.5447,99.3582,216.809,316.167
48.5647,103.669,218.56,322.229
48.5847,101.608,214.581,316.189
48.6047,105.094,216.887,321.981
48.6247,102.84,214.332,317.172
48.6447,100.715,217.03,317.746
48.6647,103.404,216.592,319.997
48.6847,94.7077,211.938,306.646
48.7047,99.3907,214.547,313.937
48.7247,107.102,218.208,325.31
48.7447,100.382,216.265,316.647
48.7647,105.812,215.762,321.574
48.7847,110.649,218.518,329.167
48.8047,100.315,213.773,314.089
48.8247,103.62,214.671,318.291
48.8447,97.975,217.117,315.092
48.8647,96.79,213.023,309.813
48.8847,103.961,219.833,323.794
48.9047,103.388,218.674,322.063
48.9247,104.276,218.148,322.424
48.9447,94.1086,213.534,307.643
48.9647,91.3985,212.389,303.787
48.9847,108.758,218.227,326.984
49.0047,95.7438,212.813,308.557
49.0247,100.322,213.624,313.946
49.0447,99.5226,214.944,314.467
49.0647,110.287,219.209,329.496
49.0847,96.4555,210.496,306.952
49.1047,110.501,217.309,327.81
49.1247,109.514,218.434,327.948
49.1447,100.758,216.434,317.192
49.1647,103.111,215.839,318.951
49.1847,109.934,219.396,329.33
49.2047,89.7764,210.48,300.256
49.2247,100.603,212.026,312.628
49.2447,97.9045,213.516,311.421
49.2647,104.156,213.135,317.292
49.2847,101.111,218.644,319.756
49.3047,108.226,216.432,324.659
49.3247,97.9798,215.718,313.697
49.3447,105.981,213.814,319.795
49.3647,99.8353,214.716,314.551
49.3847,95.7744,214.675,310.45
49.4047,97.9318,214.37,312.301
49.4247,103.896,213.147,317.043
49.4447,99.1099,214.074,313.184
49.4647,107.079,215.035,322.114
49.4847,97.1592,211.749,308.909
49.5047,99.6019,213.961,313.563
49.5247,106.972,214.642,321.614
49.5447,97.1075,211.775,308.882
49.5647,103.417,216.132,319.548
49.5847,105.877,217.695,323.571
49.6047,95.1099,210.695,305.805
49.6247,99.992,214.443,314.435
49.6447,101.065,217.272,318.336
49.6647,94.4432,215.563,310.006
49.6847,93.2673,216.37,309.637
49.7047,97.5275,211.677,309.204
49.7247,96.1364,211.012,307.149
49.7447,106.534,212.844,319.377
49.7647,99.0121,216.721,315.733
49.7847,104.603,214.939,319.542
49.8047,98.5181,213.185,311.703
49.8247,100.592,209.536,310.128
49.8447,98.4148,215.977,314.392
49.8647,98.5003,209.501,308.001
49.8847,108.735,216.476,325.211
49.9047,103.571,213.792,317.363
49.9247,103.569,214.258,317.827
49.9447,106.838,208.815,315.653
49.9647,100.473,212.774,313.247
49.9847,101.455,212.517,313.972
50.0047,96.4442,211.79,308.234
50.0247,97.6728,208.932,306.605
50.0447,106.12,213.048,319.168
50.0647,98.3939,211.835,310.228
50.0847,96.469,213.639,310.108
50.1047,94.3938,211.765,306.159
50.1247,101.819,217.603,319.422
50.1447,93.7858,211.602,305.387
50.1647,94.536,209.026,303.562
50.1847,99.2813,211.862,311.144
50.2047,100.954,210.733,311.687
50.2247,107.722,214.653,322.375
50.2447,96.6492,211.377,308.027
50.2647,96.6395,209.388,306.028
50.2847,104.559,210.661,315.22
50.3047,92.3154,214.707,307.022
50.3247,110.015,214.887,324.902
50.3447,91.0416,209.604,300.645
50.3647,106.242,211.536,317.777
50.3847,99.3582,212.947,312.305
50.4047,103.247,212.618,315.865
50.4247,91.4394,210.24,301.68
50.4447,97.0632,210.589,307.653
50.4647,95.8662,209.662,305.528
50.4847,107.72,214.563,322.282
50.5047,97.8608,211.166,309.027
50.5247,100.799,210.621,311.419
50.5447,97.2331,211.328,308.561
50.5647,97.0917,212.769,309.861
50.5847,101.896,212.808,314.704
50.6047,98.0356,216.314,314.35
50.6247,99.1866,214.965,314.152
50.6447,103.58,214.688,318.268
50.6647,97.3795,210.382,307.761
50.6847,97.5011,208.869,306.371
50.7047,94.8719,212.555,307.426
50.7247,101.861,210.38,312.241
50.7447,87.9226,207.008,294.931
50.7647,104.593,213.283,317.876
50.7847,92.2574,210.819,303.076
50.8047,96.7194,209.017,305.737
50.8247,101.783,212.91,314.693
50.8447,98.3458,211.496,309.841
50.8647,99.7771,209.992,309.769
50.8847,97.9372,211.649,309.586
50.9047,91.8011,209.527,301.328
50.9247,98.0181,208.316,306.334
50.9447,90.8624,208.817,299.679
50.9647,91.3573,207.992,299.35
50.9847,102.442,213.051,315.493
51.0047,100.147,209.704,309.851
51.0247,99.6293,211.287,310.916
51.0447,95.7098,209.828,305.538
51.0647,105.702,211.967,317.669
51.0847,89.2613,207.31,296.571
51.1047,105.962,212.114,318.076
51.1247,111.222,213.03,324.252
51.1447,98.6052,211.066,309.671
51.1647,97.6252,209.728,307.353
51.1847,92.3318,206.062,298.393
51.2047,106.527,210.772,317.298
51.2247,100.518,209.869,310.388
51.2447,89.7415,209.319,299.061
51.2647,99.7579,209.531,309.289
51.2847,89.5715,207.433,297.004
51.3047,95.1539,207.271,302.425
51.3247,96.0087,208.969,304.978
51.3447,100.129,209.585,309.714
51.3647,99.9762,207.884,307.861
51.3847,94.8314,211.876,306.707
51.4047,94.6898,207.346,302.036
51.4247,95.9384,210.634,306.572
51.4447,100.646,209.412,310.058
51.4647,101.876,208.989,310.866
51.4847,101.736,210.058,311.794
51.5047,93.4786,206.914,300.393
51.5247,97.2708,208.86,306.13
51.5447,84.2978,209.989,294.286
51.5647,100.79,207.879,308.669
51.5847,95.8755,205.17,301.046
51.6047,102.282,209.979,312.261
51.6247,89.0244,208.525,297.55
51.6447,102.345,212.935,315.28
51.6647,94.4489,208.319,302.768
51.6847,99.637,209.335,308.972
51.7047,95.7321,207.108,302.841
51.7247,93.4498,207.396,300.846
51.7447,94.6835,208.217,302.9
51.7647,102.87,206.113,308.983
51.7847,94.8668,204.775,299.641
51.8047,95.856,206.928,302.784
51.8247,95.0732,207.342,302.415
51.8447,97.8467,206.673,304.52
51.8647,97.7804,208.506,306.287
51.8847,97.3469,208.092,305.439
51.9047,101.647,213.021,314.668
51.9247,92.138,207.114,299.252
51.9447,88.6883,207.737,296.425
51.9647,108.39,210.611,319.001
51.9847,94.6796,203.178,297.857
52.0047,99.0045,208.052,307.056
52.0247,98.677,210.211,308.888
52.0447,99.4686,208.518,307.986
52.0647,91.8806,208.457,300.337
52.0847,93.6636,206.693,300.357
52.1047,98.1574,206.449,304.607
52.1247,101.394,207.273,308.668
52.1447,92.849,205.78,298.629
52.1647,104.781,208.347,313.129
52.1847,103.354,205.314,308.669
52.2047,94.1226,208.414,302.536
52.2247,96.3721,203.62,299.992
52.2447,93.9091,203.933,297.842
52.2647,93.4347,206.929,300.363
52.2847,98.6743,206.429,305.104
52.3047,96.2956,208.157,304.452
52.3247,94.1106,205.499,299.609
52.3447,86.073,204.965,291.038
52.3647,93.4712,209.324,302.795
52.3847,93.9428,206.233,300.176
52.4047,96.2236,207.844,304.068
52.4247,98.7855,205.217,304.002
52.4447,101.715,209.064,310.779
52.4647,92.2987,208.144,300.442
52.4847,97.2765,204.292,301.568
52.5047,92.4133,204.727,297.14
52.5247,102.17,209.086,311.257
52.5447,99.9505,206.139,306.089
52.5647,93.6562,206.664,300.321
52.5847,94.4565,205.605,300.061
52.6047,99.9219,206.698,306.619
52.6247,95.3716,206.818,302.19
52.6447,94.9576,206.273,301.231
52.6447,90.0058,205.736,295.742
52.6647,99.4851,207.805,307.29
52.6847,104.652,207.904,312.556
52.7047,96.0243,207.664,303.688
52.7247,87.4824,203.403,290.886
52.7447,99.8098,206.854,306.664
52.7647,91.9308,201.969,293.9
52.7847,93.1531,202.018,295.172
52.8047,95.1434,209.23,304.374
52.8247,93.9795,205.568,299.547
52.8447,91.9928,200.837,292.83
52.8647,98.0535,207.344,305.397
52.8847,95.6491,200.232,295.881
52.9047,97.5991,206.159,303.758
52.9247,91.3316,202.828,294.16
52.9447,95.115,203.978,299.093
52.9647,95.2299,203.993,299.223
52.9847,99.8455,207.395,307.24
53.0047,91.0482,205.284,296.332
53.0247,91.9075,205.162,297.069
53.0447,98.8255,205.993,304.819
53.0647,91.121,205.874,296.995
53.0847,95.3796,204.539,299.918
53.1047,94.4846,204.172,298.657
53.1247,92.2044,206.352,298.556
53.1447,86.9503,202.156,289.107
53.1647,95.5775,205.518,301.095
53.1847,95.8573,206.677,302.535
53.2047,87.7326,202.394,290.126
53.2247,98.9766,206.534,305.51
53.2447,97.0075,207.8,304.807
53.2647,93.9094,205.142,299.052
53.2847,96.4819,203.525,300.007
53.3047,90.0128,204.574,294.587
53.3247,85.907,203.279,289.186
53.3447,85.392,202.952,288.344
53.3647,93.2253,202.324,295.549
53.3847,97.0844,206.576,303.661
53.4047,95.6903,204.407,300.097
53.4247,88.5646,205.297,293.862
53.4447,93.2992,204.397,297.697
53.4647,92.0651,203.863,295.928
53.4847,99.4797,208.833,308.313
53.5047,89.3221,203.506,292.828
53.5247,91.0864,201.743,292.83
53.5447,93.7131,205.277,298.99
53.5647,89.0634,204.805,293.868
53.5847,95.8344,205.937,301.771
53.6047,92.4655,202.465,294.931
53.6247,90.2985,204.474,294.773
53.6447,103.279,202.353,305.632
53.6647,87.315,199.803,287.118
53.6847,92.4598,204.877,297.337
53.7047,92.047,203.188,295.235
53.7247,95.4787,202.3,297.779
53.7447,84.5874,203.215,287.803
53.7647,93.4477,202.14,295.588
53.7847,84.5114,199.779,284.291
53.8047,87.0015,203.719,290.72
53.8247,95.3311,206.414,301.746
53.8447,91.3393,204.923,296.262
53.8647,102.957,204.486,307.442
53.8847,96.9497,202.228,299.178
53.9047,93.1407,203.985,297.126
53.9247,92.6833,201.229,293.912
53.9447,93.7092,202.098,295.807
53.9647,88.716,199.938,288.654
53.9847,99.7366,204.01,303.746
54.0047,87.4318,203.218,290.65
54.0247,88.6715,200.949,289.621
54.0447,83.2358,201.205,284.441
54.0647,97.1705,204.834,302.005
54.0847,98.1261,204.44,302.566
54.1047,102.666,204.923,307.589
54.1247,93.1502,202.382,295.532
54.1447,101.77,203.769,305.539
54.1647,86.4531,202.975,289.428
54.1847,93.0293,200.053,293.082
54.2047,93.1318,199.43,292.562
54.2247,92.8828,201.211,294.094
54.2447,93.087,203.385,296.472
54.2647,88.0218,200.235,288.257
54.2847,93.3542,205.442,298.796
54.3047,95.6267,205.165,300.792
54.3247,90.0314,202.756,292.787
54.3447,99.6323,203.084,302.716
54.3647,85.7527,200.892,286.645
54.3847,95.0554,203.834,298.889
54.4047,96.5905,202.689,299.28
54.4247,93.6464,199.641,293.287
54.4447,90.1641,198.826,288.99
54.4647,95.239,202.521,297.76
54.4847,89.6733,201.935,291.609
54.5047,90.2024,202.702,292.904
54.5247,90.008,198.441,288.449
54.5447,101.705,200.801,302.506
54.5647,84.7882,203.158,287.947
54.5847,92.5348,201.164,293.699
54.6047,92.3082,198.729,291.037
54.6247,89.2634,201.864,291.127
54.6447,92.4762,200.206,292.682
54.6647,91.5631,201.096,292.659
54.6847,98.303,200.109,298.412
54.7047,90.1532,198.022,288.176
54.7247,91.2165,202.724,293.94
54.7447,94.687,197.846,292.533
54.7647,88.2195,199.894,288.113
54.7847,92.7684,201.276,294.044
54.8047,94.6473,201.26,295.907
54.8247,89.4806,196.231,285.712
54.8447,93.3971,201.474,294.871
54.8647,88.7978,197.052,285.849
54.8847,94.6512,201.288,295.939
54.9047,95.0618,201.253,296.315
54.9247,94.0107,201.914,295.924
54.9447,82.1649,195.73,277.895
54.9647,85.9144,197.082,282.996
54.9847,92.943,200.075,293.018
55.0047,94.1901,202.922,297.112
55.0247,89.3065,198.063,287.369
55.0447,92.1236,201.499,293.623
55.0647,88.4152,200.646,289.061
55.0847,95.1226,203.512,298.634
55.1047,92.1567,200.052,292.209
55.1247,88.5899,199.92,288.51
55.1447,89.5533,200.132,289.685
55.1647,88.3404,197.904,286.244
55.1847,86.9009,199.193,286.094
55.2047,99.4152,202.207,301.623
55.2247,89.3237,199.851,289.175
55.2447,88.9923,196.845,285.837
55.2647,91.4759,200.375,291.851
55.2847,93.2838,200.364,293.648
55.3047,95.3569,202.014,297.37
55.3247,84.6833,196.486,281.169
55.3447,96.2552,201.917,298.172
55.3647,90.5552,199.282,289.837
55.3847,95.4331,202.287,297.72
55.4047,86.3834,195.325,281.709
55.4247,91.4996,201.263,292.763
55.4447,91.6283,200.472,292.1
55.4647,86.6547,199.842,286.497
55.4847,89.8977,197.498,287.395
55.5047,87.5271,199.095,286.622
55.5247,90.6419,198.896,289.538
55.5447,98.7488,200.932,299.681
55.5647,89.2272,199.62,288.847
55.5847,84.5381,196.435,280.973
55.6047,85.8095,197.367,283.177
55.6247,89.7745,199.911,289.685
55.6447,91.302,199.708,291.01
55.6647,96.3808,200.858,297.238
55.6847,90.2749,197.448,287.723
55.7047,85.0294,196.104,281.134
55.7247,89.4745,198.42,287.894
55.7447,99.2494,202.909,302.158
55.7647,97.2322,201.16,298.392
55.7847,86.5381,200.945,287.484
55.8047,86.8178,197.447,284.265
55.8247,90.0813,195.701,285.782
55.8447,86.8511,196.616,283.467
55.8647,89.4198,200.28,289.7
55.8847,88.2841,199.567,287.851
55.9047,91.0672,199.425,290.492
55.9247,91.8804,198.892,290.773
55.9447,87.8617,199.609,287.471
55.9647,89.245,199.397,288.642
55.9847,84.6962,197.238,281.934
56.0047,91.7041,198.912,290.616
56.0247,90.021,198.585,288.606
56.0447,89.3805,197.989,287.37
56.0647,87.6996,200.705,288.404
56.0847,82.6823,197.244,279.926
56.1047,96.1411,200.216,296.357
56.1247,83.8905,199.463,283.354
56.1447,88.873,198.128,287.001
56.1647,91.1481,198.573,289.721
56.1847,81.7743,195.913,277.687
56.2047,88.7754,201.418,290.193
56.2247,94.2716,197.586,291.858
56.2447,90.6736,198.043,288.716
56.2647,91.5394,195.966,287.505
56.2847,81.92,195.154,277.074
56.3047,91.2259,196.475,287.701
56.3247,88.5972,196.335,284.932
56.3447,92.4808,197.096,289.577
56.3647,86.7903,196.395,283.186
56.3847,86.7011,197.124,283.825
56.4047,79.6583,196.017,275.676
56.4247,92.0141,200.483,292.497
56.4447,91.2924,195.201,286.493
56.4647,84.6589,198.701,283.36
56.4847,83.9615,193.275,277.237
56.5047,83.2029,195.511,278.714
56.5247,92.573,196.846,289.419
56.5447,88.1426,192.607,280.749
56.5647,98.7008,199.748,298.449
56.5847,90.3548,194.905,285.26
56.6047,88.7164,197.417,286.133
56.6247,89.3642,197.284,286.648
56.6447,85.7036,198.484,284.188
56.6647,89.0915,198.492,287.583
56.6847,80.7258,196.007,276.733
56.7047,88.0599,197.388,285.448
56.7247,86.4281,195.508,281.936
56.7447,93.7484,195.456,289.204
56.7647,89.0945,195.082,284.177
56.7847,88.4244,195.415,283.84
56.8047,89.1332,197.007,286.141
56.8247,79.4899,193.124,272.614
56.8447,96.4672,197.938,294.405
56.8647,93.6585,197.119,290.777
56.8847,87.999,197.439,285.438
56.9047,89.2492,195.881,285.13
56.9247,93.5849,195.453,289.038
56.9447,91.3529,195.614,286.967
56.9647,92.1366,198.916,291.052
56.9847,88.6643,193.435,282.099
57.0047,81.4962,190.783,272.279
57.0247,93.7484,193.828,287.576
57.0447,86.2971,195.733,282.03
57.0647,80.8419,194.015,274.857
57.0847,86.9052,195.06,281.965
57.1047,86.3851,196.111,282.496
57.1247,88.7695,197.928,286.698
57.1447,82.4231,195.449,277.872
57.1647,84.9183,196.359,281.277
57.1847,85.7175,195.571,281.288
57.2047,90.0771,197.272,287.349
57.2247,91.7457,195.217,286.963
57.2447,90.0221,193.597,283.619
57.2647,82.9079,190.63,273.538
57.2847,95.4536,199.733,295.187
57.3047,87.106,197.001,284.107
57.3247,90.547,196.719,287.266
57.3447,89.216,194.728,283.944
57.3647,82.1105,195.983,278.093
57.3847,83.4697,194.273,277.743
57.4047,83.718,195.859,279.577
57.4247,94.2641,193.112,287.376
57.4447,88.5609,197.15,285.711
57.4647,81.5165,193.111,274.628
57.4847,88.0314,192.524,280.555
57.5047,84.9242,193.931,278.855
57.5247,88.6524,194.831,283.484
57.5447,93.1221,196.882,290.004
57.5647,87.1655,197.96,285.125
57.5847,84.8694,192.714,277.583
57.6047,89.4951,196.194,285.689
57.6247,87.9019,193.685,281.587
57.6447,85.9112,191.72,277.631
57.6647,91.8501,194.784,286.634
57.6847,84.781,194.422,279.203
57.7047,84.8415,192.996,277.837
57.7247,78.7604,193.514,272.274
57.7447,86.6647,195.073,281.737
57.7647,84.056,191.119,275.175
57.7847,90.4786,195.725,286.204
57.8047,82.5814,191.911,274.493
57.8247,85.3615,194.642,280.003
57.8447,87.6633,195.919,283.582
57.8647,86.7178,195.045,281.763
57.8847,81.912,192.118,274.03
57.9047,82.5827,192.231,274.813
57.9247,85.0874,193.571,278.658
57.9447,85.8976,191.713,277.61
57.9647,78.9021,189.356,268.259
57.9847,96.7613,195.167,291.928
58.0047,83.2052,194.983,278.189
58.0247,86.0713,192.88,278.952
58.0447,82.1687,191.751,273.919
58.0647,86.2801,194.113,280.393
58.0847,87.4457,193.941,281.387
58.1047,88.1916,194.52,282.711
58.1247,90.8235,197.063,287.887
58.1447,82.6069,192.408,275.015
58.1647,87.4268,195.279,282.705
58.1847,86.039,194.607,280.646
58.2047,91.8818,194.897,286.779
58.2247,84.8489,194.312,279.161
58.2447,82.8711,192.908,275.779
58.2647,88.0273,190.767,278.795
58.2847,86.3607,191.995,278.355
58.3047,83.7682,190.928,274.696
58.3247,88.1263,194.008,282.134
58.3447,82.5379,191.374,273.912
58.3647,84.8949,192.831,277.726
58.3847,78.1851,189.551,267.737
58.4047,85.3064,190.926,276.232
58.4247,81.9631,191.487,273.45
58.4447,85.3459,194.04,279.386
58.4647,87.7516,192.474,280.226
58.4847,78.2668,191.176,269.442
58.5047,91.229,192.615,283.844
58.5247,90.299,193.101,283.4
58.5447,81.4344,189.979,271.414
58.5647,92.6501,194.774,287.424
58.5847,90.2797,193.161,283.441
58.6047,89.4532,193.455,282.909
58.6247,86.0069,195.203,281.21
58.6447,82.3588,191.025,273.384
58.6647,79.738,192.668,272.406
58.6847,86.878,194.209,281.087
58.7047,84.4471,192.04,276.488
58.7247,88.8425,189.56,278.402
58.7447,80.9583,187.444,268.402
58.7647,96.3888,192.478,288.867
58.7847,79.8022,190.616,270.418
58.8047,92.6204,191.19,283.811
58.8247,81.4464,188.198,269.644
58.8447,87.7094,193.188,280.897
58.8647,80.4479,191.492,271.939
58.8847,91.042,193.811,284.853
58.9047,85.7417,191.754,277.496
58.9247,81.1021,189.44,270.542
58.9447,82.0081,192.389,274.398
58.9647,80.2698,191.774,272.044
58.9847,75.7319,187.873,263.605
59.0047,89.812,192.934,282.746
59.0247,82.5691,191.649,274.218
59.0447,89.004,192.918,281.922
59.0647,76.9628,188.071,265.034
59.0847,84.9562,190.062,275.018
59.1047,82.7851,190.008,272.793
59.1247,89.2604,192.177,281.437
59.1447,84.3266,192.705,277.031
59.1647,88.2325,192.937,281.17
59.1847,81.5021,188.92,270.422
59.2047,80.5127,191.155,271.668
59.2247,87.7079,190.751,278.459
59.2447,81.0298,189.776,270.805
59.2647,87.3011,195.717,283.018
59.2847,77.5521,192.66,270.212
59.3047,76.8818,188.33,265.212
59.3247,81.5923,190.268,271.86
59.3447,81.2053,190.874,272.079
59.3647,85.005,190.047,275.052
59.3847,89.3812,194.031,283.412
59.4047,81.7177,188.851,270.569
59.4247,89.6917,192.507,282.198
59.4447,80.9223,190.411,271.333
59.4647,82.474,187.756,270.23
59.4847,86.6472,193.739,280.386
59.5047,88.8599,195.395,284.254
59.5247,86.9216,189.005,275.927
59.5447,89.5697,193.102,282.672
59.5647,89.6161,189.489,279.106
59.5847,85.5651,191.647,277.212
59.6047,80.7439,188.315,269.059
59.6247,78.6799,190.572,269.252
59.6447,85.6243,189.692,275.316
59.6647,75.7118,186.148,261.86
59.6847,85.5011,191.925,277.426
59.7047,84.8593,189.257,274.116
59.7247,87.7684,190.063,277.832
59.7447,85.7479,188.258,274.006
59.7647,78.684,186.401,265.085
59.7847,87.3789,191.464,278.843
59.8047,87.9575,190.993,278.951
59.8247,78.5463,191.384,269.931
59.8447,87.891,191.594,279.485
59.8647,81.8843,186.14,268.024
59.8847,78.9661,188.062,267.028
59.9047,79.3019,188.609,267.911
59.9247,87.8928,190.294,278.186
59.9447,83.8745,188.779,272.654
59.9647,87.1311,189.018,276.149
59.9847,76.891,190.374,267.265
60.0047,80.5234,190.856,271.38
60.0247,87.9337,191.755,279.689
60.0447,86.9587,188.563,275.521
60.0647,83.6016,193.253,276.855
60.0847,80.0784,187.405,267.484
60.1047,84.7789,190.57,275.349
60.1247,76.1081,190.232,266.34
60.1447,86.3162,192.009,278.325
60.1647,83.3565,185.524,268.88
60.1847,83.1259,191.481,274.607
60.2047,81.6975,194.518,276.216
60.2247,77.8298,185.526,263.356
60.2447,89.2071,192.19,281.397
60.2647,81.4063,185.238,266.645
60.2847,87.7695,190.851,278.62
60.3047,75.0275,184.795,259.823
60.3247,81.6241,185.584,267.209
60.3447,84.5512,187.631,272.182
60.3647,79.6694,189.392,269.061
60.3847,79.5747,189.938,269.512
60.4047,82.5552,188.979,271.534
60.4247,87.2605,188.281,275.542
60.4447,87.1408,189.173,276.314
60.4647,83.2152,191.64,274.855
60.4847,74.8064,187.253,262.059
60.5047,83.3633,191.145,274.509
60.5247,84.1818,191.256,275.438
60.5447,81.6254,189.26,270.885
60.5647,89.0182,192.703,281.721
60.5847,81.4454,189.125,270.571
60.6047,80.2321,186.724,266.956
60.6247,80.5462,188.768,269.314
60.6447,75.4776,185.601,261.078
60.6647,86.7124,189.091,275.804
60.6847,72.1683,182.573,254.741
60.7047,87.6534,190.244,277.897
60.7247,80.2242,187.405,267.629
60.7447,82.1127,187.577,269.689
60.7647,73.0946,185.454,258.549
60.7847,83.5148,189.08,272.595
60.8047,90.3763,188.979,279.356
60.8247,90.0952,191.295,281.39
60.8447,77.2721,185.765,263.037
60.8647,80.5218,187.514,268.036
60.8847,75.9537,182.883,258.837
60.9047,93.9413,191.268,285.209
60.9247,77.4753,185.802,263.277
60.9447,86.5556,188.078,274.634
60.9647,81.3205,187.308,268.629
60.9847,80.8081,186.925,267.733
61.0047,79.2812,189.035,268.316
61.0247,77.6348,188.108,265.743
61.0447,75.2625,186.422,261.685
61.0647,87.2178,188.94,276.157
61.0847,73.7901,186.96,260.751
61.1047,85.3969,185.631,271.028
61.1247,83.0151,185.927,268.942
61.1447,82.9728,185.093,268.066
61.1647,83.023,189.11,272.133
61.1847,74.6187,184.876,259.494
61.2047,90.0404,188.041,278.081
61.2247,79.7462,189.348,269.094
61.2447,77.5694,183.307,260.877
61.2647,80.237,185.8,266.037
61.2847,83.7484,188.421,272.17
61.3047,78.7976,186.401,265.198
61.3247,79.5234,186.33,265.854
61.3447,85.2837,188.434,273.717
61.3647,81.1716,185.468,266.64
61.3847,71.1584,184.231,255.389
61.4047,91.8509,188.075,279.926
61.4247,80.6298,183.856,264.485
61.4447,81.8844,189.591,271.475
61.4647,86.765,187.438,274.203
61.4847,82.219,190.063,272.282
61.5047,76.9351,183.574,260.509
61.5247,75.7509,187.051,262.801
61.5447,82.4016,184.144,266.545
61.5647,79.0635,183.149,262.213
61.5847,81.807,185.893,267.7
61.6047,85.7464,185.444,271.191
61.6247,78.8757,186.171,265.047
61.6447,77.3195,187.062,264.382
61.6647,82.9628,188.673,271.636
61.6847,80.2665,184.658,264.924
61.7047,77.114,186.246,263.36
61.7247,80.2423,184.682,264.925
61.7447,77.9417,184.716,262.658
61.7647,78.3275,185.838,264.165
61.7847,82.5846,186.784,269.369
61.8047,77.719,186.903,264.622
61.8247,86.5126,184.656,271.169
61.8447,82.2459,186.741,268.987
61.8647,85.1655,186.381,271.547
61.8847,79.7228,186.54,266.263
61.9047,80.0648,184.582,264.646
61.9247,77.9991,186.79,264.789
61.9447,77.903,186.572,264.475
61.9647,80.237,185.05,265.287
61.9847,78.2921,182.802,261.094
62.0047,75.203,185.613,260.816
62.0247,82.8848,185.78,268.665
62.0447,82.8457,183.939,266.785
62.0647,81.0728,183.1,264.173
62.0847,82.3576,184.321,266.679
62.1047,82.598,184.405,267.003
62.1247,78.2878,185.878,264.165
62.1447,87.5441,183.495,271.04
62.1647,75.3193,183.144,258.464
62.1847,80.597,184.22,264.817
62.2047,87.8269,183.96,271.786
62.2247,72.3134,185.055,257.369
62.2447,76.8989,182.056,258.955
62.2647,71.3899,182.197,253.587
62.2847,76.922,183.647,260.569
62.3047,76.2516,184.476,260.727
62.3247,86.7682,185.145,271.913
62.3447,75.9398,183.639,259.579
62.3647,77.9098,184.639,262.549
62.3847,78.0959,182.274,260.369
62.4047,83.2903,186.845,270.136
62.4247,79.5467,186.84,266.387
62.4447,81.8553,183.349,265.204
62.4647,84.0769,185.793,269.87
62.4847,78.0637,182.884,260.947
62.5047,82.2692,184.086,266.355
62.5247,82.8631,187.603,270.466
62.5447,75.1885,185.807,260.995
62.5647,83.8247,183.951,267.776
62.5847,82.1005,184.559,266.659
62.6047,82.3535,182.442,264.796
62.6247,77.5707,182.515,260.086
62.6447,82.8887,183.643,266.532
62.6647,79.3049,185.502,264.807
62.6847,78.3495,183.795,262.145
62.7047,76.849,182.581,259.43
62.7247,79.6847,185.21,264.895
62.7447,72.3866,181.813,254.2
62.7647,83.1304,182.685,265.815
62.7847,84.9637,180.614,265.578
62.8047,83.1849,184.887,268.072
62.8247,80.7627,181.482,262.245
62.8447,76.7428,182.044,258.787
62.8647,79.8392,181.901,261.741
62.8847,76.0758,182.78,258.856
62.9047,82.4648,184.608,267.073
62.9247,75.535,181.702,257.237
62.9447,76.3996,180.106,256.506
62.9647,77.7753,183.662,261.437
62.9847,80.2421,183.89,264.133
63.0047,72.8107,181.302,254.113
63.0247,75.66,183.433,259.092
63.0447,84.5139,183.629,268.143
63.0647,84.5704,185.924,270.494
63.0847,80.6113,184.739,265.35
63.1047,79.1376,182.418,261.556
63.1247,78.1824,183.38,261.563
63.1447,84.044,184.567,268.611
63.1647,75.9803,182.915,258.895
63.1847,80.5849,181.33,261.915
63.2047,76.3337,181.904,258.237
63.2247,86.0149,182.793,268.808
63.2447,78.0361,182.101,260.137
63.2647,81.7238,180.715,262.439
63.2847,82.7287,181.783,264.512
63.3047,81.9557,185.969,267.925
63.3247,70.0963,176.373,246.469
63.3447,79.1417,180.427,259.569
63.3647,73.9475,183.677,257.624
63.3847,80.9153,182.627,263.543
63.4047,78.6791,179.607,258.286
63.4247,81.8862,180.339,262.225
63.4447,82.1131,182.404,264.518
63.4647,77.5065,180.588,258.094
63.4847,75.862,180.932,256.794
63.5047,82.4072,180.351,262.758
63.5247,70.0267,179.543,249.569
63.5447,77.5323,182.522,260.054
63.5647,77.7275,178.262,255.99
63.5847,71.9701,178.939,250.909
63.6047,77.229,185.121,262.35
63.6247,76.9529,183.909,260.862
63.6447,82.0174,184.71,266.728
63.6647,72.382,184.889,257.271
63.6847,82.9822,181.585,264.567
63.7047,82.0937,182.277,264.371
63.7247,74.6993,182.617,257.316
63.7447,74.4004,178.156,252.556
63.7647,76.3956,180.849,257.244
63.7847,80.436,179.628,260.064
63.8047,78.5547,178.475,257.03
63.8247,80.9592,179.86,260.819
63.8447,81.8452,183.536,265.381
63.8647,74.6823,181.282,255.964
63.8847,70.4157,178.363,248.778
63.9047,84.9031,182.973,267.876
63.9247,75.5407,181.123,256.664
63.9447,78.7051,182.996,261.701
63.9647,79.6997,181.29,260.989
63.9847,86.2643,182.078,268.342
64.0047,73.0237,177.728,250.751
64.0247,85.0219,180.433,265.455
64.0447,76.7597,181.108,257.867
64.0647,79.624,184.332,263.956
64.0847,71.6015,175.479,247.081
64.1047,78.4226,179.847,258.27
64.1247,69.4256,176.835,246.261
64.1447,76.2129,180.395,256.608
64.1647,74.4134,178.007,252.421
64.1847,77.0561,181.761,258.817
64.2047,74.3462,179.678,254.024
64.2247,80.2911,178.623,258.914
64.2447,79.0463,181.237,260.284
64.2647,79.4235,180.973,260.396
64.2847,76.0377,181.244,257.282
64.3047,75.2559,180.079,255.335
64.3247,81.1791,180.215,261.394
64.3447,74.2088,182.909,257.117
64.3647,75.8882,181.053,256.942
64.3847,69.9356,179.214,249.149
64.4047,81.916,184.363,266.279
64.4247,75.0053,180.838,255.843
64.4447,76.5293,179.586,256.115
64.4647,82.0765,181.065,263.142
64.4847,75.62,180.716,256.336
64.5047,75.7122,180.534,256.246
64.5247,74.2257,180.831,255.057
64.5447,80.2817,180.654,260.935
64.5647,73.0845,178.056,251.141
64.5847,71.3659,176.206,247.572
64.6047,82.4359,178.626,261.062
64.6247,76.9448,179.453,256.398
64.6447,82.7792,180.628,263.408
64.6647,69.274,178.582,247.856
64.6847,75.8214,180.851,256.672
64.7047,77.5635,180.701,258.264
64.7247,75.4644,176.962,252.427
64.7447,88.4983,182.351,270.849
64.7647,82.3655,182.397,264.763
64.7847,76.983,179.56,256.543
64.8047,72.593,179.633,252.226
64.8247,76.1858,178.047,254.233
64.8447,74.8996,177.957,252.857
64.8647,80.9587,181.918,262.877
64.8847,67.4099,176.636,244.046
64.9047,72.2582,177.97,250.229
64.9247,79.2403,182.215,261.455
64.9447,77.9925,178.992,256.985
64.9647,77.0505,180.581,257.631
64.9847,83.1721,183.451,266.623
65.0047,77.5492,177.941,255.49
65.0247,81.0188,177.48,258.499
65.0447,74.6316,178.641,253.272
65.0647,77.2603,177.395,254.655
65.0847,70.6189,177.34,247.959
65.1047,78.8795,180.396,259.275
65.1247,69.3589,180.454,249.813
65.1447,74.5893,176.803,251.393
65.1647,74.8479,176.033,250.881
65.1847,72.8588,176.656,249.514
65.2047,78.8242,178.604,257.428
65.2247,79.442,180.537,259.979
65.2447,71.0523,177.543,248.596
65.2647,80.6784,180.877,261.555
65.2847,71.4358,178.333,249.769
65.3047,80.4867,179.456,259.943
65.3247,80.8064,181.452,262.259
65.3447,71.3889,177.782,249.171
65.3647,76.2409,178.787,255.028
65.3847,72.7837,178.913,251.697
65.4047,85.3633,178.216,263.58
65.4247,66.1633,175.143,241.306
65.4447,72.0201,178.619,250.639
65.4647,69.3405,176.96,246.301
65.4847,81.0143,179.689,260.703
65.5047,74.5319,179.405,253.937
65.5247,72.0666,177.302,249.369
65.5447,73.1626,176.798,249.96
65.5647,80.9359,179.883,260.819
65.5847,76.84,177.578,254.418
65.6047,75.784,179.83,255.614
65.6247,74.7395,177.089,251.829
65.6447,75.083,177.982,253.065
65.6647,74.0079,177.648,251.656
65.6847,74.8593,177.495,252.355
65.7047,77.1208,178.981,256.102
65.7247,75.3181,179.508,254.826
65.7447,74.6367,178.421,253.058
65.7647,71.4814,176.423,247.905
65.7847,73.9958,179.619,253.614
65.8047,72.2352,174.46,246.696
65.8247,77.6343,177.749,255.383
65.8447,67.6596,173.114,240.773
65.8647,78.3352,177.283,255.619
65.8847,73.9077,176.473,250.381
65.9047,70.4397,176.817,247.256
65.9247,75.1942,177.806,253
65.9447,75.6354,177.607,253.242
65.9647,75.1965,177.97,253.166
65.9847,76.9703,175.991,252.962
66.0047,80.1903,178.28,258.47
66.0247,74.1796,176.676,250.856
66.0447,73.8145,176.307,250.122
66.0647,76.0637,178.68,254.744
66.0847,79.2201,177.145,256.365
66.1047,73.3377,177.803,251.14
66.1247,72.8064,175.584,248.391
66.1447,75.6636,175.602,251.265
66.1647,70.3096,175.884,246.194
66.1847,73.8758,177.572,251.447
66.2047,70.3143,175.23,245.545
66.2247,75.345,173.612,248.957
66.2447,77.2355,174.067,251.303
66.2647,78.7315,176.796,255.527
66.2847,63.1227,173.346,236.469
66.3047,83.863,176.988,260.851
66.3247,64.3738,175.18,239.554
66.3447,79.9966,178.682,258.679
66.3647,78.2939,178.949,257.243
66.3847,67.0181,176.442,243.46
66.4047,78.627,177.901,256.528
66.4247,76.7721,176.92,253.692
66.4447,70.97,175.162,246.132
66.4647,76.0095,174.951,250.961
66.4847,80.3624,178.664,259.026
66.5047,71.8872,175.248,247.135
66.5247,72.6599,179.297,251.957
66.5447,71.6734,176.75,248.423
66.5647,74.7706,175.108,249.879
66.5847,71.089,175.047,246.136
66.6047,70.62,173.107,243.727
66.6247,73.9834,176.553,250.536
66.6447,80.2042,177.088,257.292
66.6647,71.7872,174.543,246.33
66.6847,74.5456,178.478,253.023
66.7047,72.39,174.689,247.079
66.7247,74.5097,175.806,250.316
66.7447,71.3271,173.403,244.73
66.7647,73.7405,173.502,247.242
66.7847,68.3295,174.78,243.11
66.8047,78.9767,179.382,258.359
66.8247,74.2109,173.953,248.164
66.8447,71.72,177.092,248.812
66.8647,71.6946,174.353,246.048
66.8847,71.6158,174.897,246.513
66.9047,69.7402,175.117,244.857
66.9247,68.8225,175.09,243.913
66.9447,79.4205,180.339,259.76
66.9647,64.5854,173.726,238.312
66.9847,72.8995,175.573,248.473
67.0047,67.3637,173.474,240.838
67.0247,76.7361,175.697,252.433
67.0447,73.7237,176.686,250.409
67.0647,72.5554,176.427,248.982
67.0847,80.1308,177.092,257.223
67.1047,60.8624,170.668,231.531
67.1247,76.7008,175.546,252.246
67.1447,69.4747,172.85,242.324
67.1647,73.8297,176.957,250.786
67.1847,74.9508,175.246,250.196
67.2047,75.685,176.753,252.438
67.2247,69.1017,173.521,242.623
67.2447,72.3627,175.275,247.638
67.2647,78.0005,174.071,252.072
67.2847,70.8403,173.939,244.779
67.3047,73.2351,172.198,245.433
67.3247,74.2196,175.767,249.986
67.3447,71.9062,175.561,247.467
67.3647,71.0189,172.697,243.716
67.3847,76.2967,178.427,254.723
67.4047,67.7725,174.165,241.938
67.4247,74.3996,172.199,246.599
67.4447,77.7063,173.701,251.407
67.4647,69.1159,175.391,244.507
67.4847,68.3246,173.976,242.301
67.5047,74.8737,174.264,249.138
67.5247,75.4411,175.832,251.273
67.5447,76.2973,176.542,252.839
67.5647,65.9409,172.541,238.482
67.5847,67.8004,173.392,241.193
67.6047,76.4405,176.533,252.974
67.6247,71.3523,173.497,244.85
67.6447,71.5795,174.19,245.769
67.6647,79.397,175.658,255.055
67.6847,73.554,174.723,248.277
67.7047,72.8122,171.171,243.983
67.7247,75.0623,175.358,250.42
67.7447,73.9924,171.602,245.595
67.7647,73.3268,174.675,248.002
67.7847,70.5771,174.793,245.37
67.8047,73.1278,173.778,246.906
67.8247,76.4534,173.626,250.08
67.8447,69.6089,171.082,240.691
67.8647,69.783,171.604,241.387
67.8847,77.463,174.655,252.118
67.9047,80.5936,175.988,256.581
67.9247,77.4857,171.879,249.364
67.9447,75.2911,174.089,249.38
67.9647,69.8541,173.744,243.598
67.9847,65.1386,170.535,235.674
68.0047,69.2584,172.934,242.192
68.0247,68.1635,172.368,240.532
68.0447,71.6739,174.43,246.104
68.0647,73.6057,176.404,250.009
68.0847,60.5742,170.592,231.166
68.1047,76.0698,174.617,250.687
68.1247,72.3284,171.251,243.58
68.1447,68.892,170.054,238.946
68.1647,74.4027,173.243,247.645
68.1847,71.1714,170.113,241.285
68.2047,71.3178,171.789,243.107
68.2247,73.5509,172.21,245.761
68.2447,70.412,172.46,242.872
68.2647,77.0177,177.607,254.625
68.2847,68.784,174.819,243.603
68.3047,67.3761,172.242,239.619
68.3247,68.2842,173.35,241.635
68.3447,71.4387,169.794,241.233
68.3647,69.9161,172.851,242.767
68.3847,71.1129,175.318,246.431
68.4047,73.208,173.347,246.555
68.4247,69.9893,171.441,241.43
68.4447,75.5499,171.961,247.511
68.4647,77.3289,176.795,254.124
68.4847,68.5334,171.798,240.331
68.5047,64.3979,173.238,237.636
68.5247,67.4762,171.178,238.654
68.5447,70.4722,171.755,242.227
68.5647,76.4649,175.103,251.567
68.5847,69.9272,171.895,241.822
68.6047,71.7514,173.004,244.756
68.6247,67.1381,173.194,240.332
68.6447,77.9972,174.408,252.405
68.6647,70.7137,171.49,242.204
68.6847,66.2774,170.157,236.434
68.7047,76.9005,173.968,250.869
68.7247,72.4506,173.32,245.771
68.7447,71.5399,174.913,246.453
68.7647,67.0527,172.05,239.102
68.7847,68.8613,170.768,239.63
68.8047,64.2465,170.645,234.891
68.8247,72.3826,169.766,242.148
68.8447,72.8815,170.182,243.064
68.8647,77.8076,171.303,249.111
68.8847,65.1906,172.247,237.438
68.9047,69.497,170.318,239.815
68.9247,70.6846,168.893,239.577
68.9447,74.6238,173.899,248.522
68.9647,64.257,168.736,232.993
68.9847,65.1011,169.232,234.333
69.0047,74.2058,173.448,247.653
69.0247,74.025,172.11,246.135
69.0447,64.4593,169.135,233.594
69.0647,75.0639,171.826,246.89
69.0847,68.812,171.26,240.072
69.1047,70.7343,171.138,241.873
69.1247,76.1611,172.747,248.908
69.1447,63.6695,169.689,233.359
69.1647,63.4152,168.599,232.014
69.1847,68.1979,170.276,238.474
69.2047,75.3265,171.721,247.047
69.2247,71.9437,169.508,241.451
69.2447,68.373,173.63,242.003
69.2647,75.0733,171.478,246.551
69.2847,74.6267,168.92,243.546
69.3047,68.6091,171.892,240.501
69.3247,72.9463,168.376,241.322
69.3447,73.3414,174.503,247.845
69.3647,66.73,168.112,234.842
69.3847,66.5378,170.15,236.688
69.4047,69.2853,170.397,239.683
69.4247,70.1235,171.985,242.109
69.4447,70.4609,172.576,243.037
69.4647,66.5744,168.711,235.285
69.4847,70.2236,169.599,239.822
69.5047,75.2938,171.043,246.337
69.5247,66.4566,168.014,234.471
69.5447,83.6881,170.509,254.197
69.5647,66.5412,168.394,234.935
69.5847,73.3703,171.292,244.662
69.6047,65.8063,168.661,234.468
69.6247,71.0998,172.186,243.286
69.6447,68.2302,170.586,238.816
69.6647,72.9994,169.608,242.608
69.6847,69.9397,169.984,239.924
69.7047,66.3774,170.601,236.979
69.7247,70.8848,171.249,242.133
69.7447,68.2384,169.382,237.62
69.7647,70.5139,170.333,240.847
69.7847,66.3639,172.227,238.591
69.8047,69.7164,172.397,242.113
69.8247,66.4522,165.599,232.052
69.8447,70.7985,170.465,241.264
69.8647,68.345,169.223,237.568
69.8847,65.0977,168.432,233.529
69.9047,70.3581,171.011,241.369
69.9247,71.9387,169.735,241.674
69.9447,67.2896,166.997,234.287
69.9647,67.9114,170.397,238.308
69.9847,71.5969,167.671,239.268
70.0047,64.5272,170.111,234.638
70.0247,67.283,167.415,234.698
70.0447,69.9424,169.278,239.22
70.0647,65.6637,167.658,233.322
70.0847,71.258,170.918,242.176
70.1047,67.3211,167.755,235.076
70.1247,75.2887,170.505,245.793
70.1447,69.1283,167.671,236.799
70.1647,72.5631,171.755,244.318
70.1847,68.3783,170.204,238.582
70.2047,73.167,171.54,244.707
70.2247,79.9237,172.172,252.096
70.2447,67.0231,171.919,238.942
70.2647,69.5715,168.335,237.907
70.2847,68.4336,168.791,237.224
70.3047,66.0053,166.664,232.669
70.3247,62.1722,168.65,230.822
70.3447,65.9059,166.568,232.474
70.3647,71.0745,169.725,240.8
70.3847,68.8011,167.662,236.463
70.4047,77.3426,174.258,251.6
70.4247,64.6779,166.436,231.114
70.4447,66.4828,167.572,234.055
70.4647,71.2089,169.152,240.361
70.4847,63.3742,168.572,231.947
70.5047,73.5112,169.87,243.381
70.5247,65.1032,169.805,234.908
70.5447,70.736,166.383,237.119
70.5647,70.6705,168.028,238.699
70.5847,68.6697,170.576,239.246
70.6047,61.2697,167.919,229.189
70.6247,62.1696,167.257,229.427
70.6447,69.6873,171.669,241.357
70.6647,71.1855,169.013,240.198
70.6847,68.0733,168.426,236.5
70.7047,68.284,171.139,239.423
70.7247,71.5309,166.855,238.386
70.7447,71.3575,167.533,238.891
70.7647,67.8038,169.787,237.591
70.7847,65.3473,166.685,232.032
70.8047,68.7625,170.048,238.81
70.8247,63.0762,167.252,230.328
70.8447,73.8386,168.016,241.855
70.8647,70.2578,165.419,235.677
70.8847,66.2815,164.935,231.217
70.9047,68.4971,169.602,238.099
70.9247,71.4643,169.262,240.727
70.9447,64.0688,162.959,227.028
70.9647,68.5211,166.431,234.952
70.9847,68.1554,166.549,234.705
71.0047,71.1776,167.391,238.568
71.0247,65.4421,170.869,236.311
71.0447,67.6022,167.752,235.355
71.0647,66.1263,167.556,233.682
71.0847,75.2995,169.192,244.492
71.1047,66.9851,166.496,233.481
71.1247,69.8445,164.889,234.734
71.1447,69.182,165.764,234.946
71.1647,64.763,166.697,231.46
71.1847,72.9877,166.876,239.863
71.2047,65.5108,165.646,231.157
71.2247,65.0277,167.764,232.792
71.2447,60.5155,164.278,224.794
71.2647,64.9072,165.389,230.297
71.2847,74.8614,168.441,243.302
71.3047,70.2172,167.546,237.763
71.3247,72.153,167.918,240.071
71.3447,75.1924,167.916,243.108
71.3647,65.3735,166.068,231.442
71.3847,68.5832,162.978,231.561
71.4047,64.7251,166.738,231.463
71.4247,64.0002,165.753,229.753
71.4447,65.4095,168.032,233.442
71.4647,66.0759,167.431,233.507
71.4847,69.5626,167.194,236.757
71.5047,63.806,165.23,229.036
71.5247,65.0723,165.168,230.24
71.5447,65.0036,167.96,232.964
71.5647,68.3898,166.757,235.146
71.5847,66.6083,165.483,232.091
71.6047,69.5818,166.784,236.365
71.6247,71.4026,168.228,239.631
71.6447,70.3576,170.711,241.069
71.6647,67.5145,167.123,234.637
71.6847,71.6157,165.784,237.4
71.7047,74.5162,169.17,243.686
71.7247,66.9646,164.162,231.126
71.7447,72.5615,165.563,238.125
71.7647,63.1314,164.734,227.865
71.7847,70.5818,167.236,237.817
71.8047,61.8945,162.949,224.843
71.8247,63.7089,165.083,228.792
71.8447,60.5137,164.011,224.525
71.8647,64.2409,166.166,230.407
71.8847,70.9173,167.194,238.112
71.9047,71.8722,166.06,237.932
71.9247,69.4894,167.832,237.321
71.9447,72.1208,166.456,238.576
71.9647,67.9599,165.035,232.995
71.9847,68.3848,167.088,235.472
72.0047,66.4647,164.528,230.992
72.0247,64.5636,166.987,231.55
72.0447,68.8037,164.921,233.724
72.0647,67.4736,161.678,229.152
72.0847,71.0826,162.463,233.546
72.1047,68.7018,165.787,234.489
72.1247,68.8536,166.024,234.878
72.1447,68.2796,163.425,231.705
72.1647,68.6877,165.385,234.073
72.1847,68.6948,164.903,233.598
72.2047,65.3665,165.144,230.51
72.2247,69.7019,165.967,235.669
72.2447,62.1902,160.917,223.108
72.2647,63.035,162.954,225.989
72.2847,72.2231,167.476,239.699
72.3047,61.153,165.218,226.371
72.3247,78.2962,167.065,245.361
72.3447,73.887,167.432,241.319
72.3647,65.2946,165.44,230.734
72.3847,65.497,165.561,231.058
72.4047,59.518,162.036,221.554
72.4247,72.787,166.198,238.985
72.4447,61.4573,164.7,226.157
72.4647,69.6743,164.23,233.904
72.4847,64.9979,163.774,228.772
72.5047,64.9174,163.902,228.819
72.5247,68.7308,166.065,234.796
72.5447,64.5573,165.262,229.819
72.5647,70.6782,163.08,233.758
72.5847,60.0132,160.31,220.324
72.6047,67.4918,164.696,232.188
72.6247,71.6164,162.861,234.478
72.6447,63.3471,163.747,227.094
72.6647,70.6522,162.991,233.644
72.6847,68.6426,164.104,232.747
72.7047,57.2334,165.08,222.313
72.7247,61.648,162.838,224.486
72.7447,66.7773,164.996,231.773
72.7647,63.7053,164.921,228.626
72.7847,69.4745,166.014,235.488
72.8047,65.2285,163.014,228.243
72.8247,64.9612,165.025,229.986
72.8447,64.922,164.059,228.981
72.8647,67.6875,168.296,235.983
72.8847,70.5014,166.253,236.755
72.9047,61.2395,165.345,226.584
72.9247,64.0204,165.893,229.913
72.9447,67.132,164.927,232.059
72.9647,71.6345,164.319,235.953
72.9847,64.2344,160.826,225.061
73.0047,68.667,165.03,233.697
73.0247,63.1252,162.168,225.293
73.0447,66.133,164.636,230.769
73.0647,71.3056,164.154,235.46
73.0847,59.2625,163.902,223.165
73.1047,67.9009,165.039,232.94
73.1247,58.6861,163.022,221.708
73.1447,74.1067,165.397,239.504
73.1647,68.9583,165.041,233.999
73.1847,66.807,165.968,232.775
73.2047,66.1421,165.96,232.102
73.2247,68.5868,163.54,232.127
73.2447,63.111,164.084,227.195
73.2647,59.5068,161.064,220.571
73.2847,61.8108,163.057,224.868
73.3047,63.9179,159.245,223.163
73.3247,69.5558,163.512,233.068
73.3447,67.8607,164.708,232.569
73.3647,64.7391,164.182,228.921
73.3847,64.768,163.877,228.645
73.4047,69.6493,164.483,234.132
73.4247,57.3036,161.471,218.775
73.4447,69.8281,163.726,233.554
73.4647,59.991,162.761,222.752
73.4847,68.209,164.432,232.641
73.5047,63.2066,165.785,228.992
73.5247,73.4679,164.265,237.732
73.5447,65.4292,160.439,225.868
73.5647,68.3608,163.262,231.622
73.5847,68.3608,165.161,233.522
73.6047,63.0831,162.597,225.68
73.6247,67.5321,163.342,230.874
73.6447,63.6139,161.995,225.609
73.6647,69.8846,162.365,232.249
73.6847,68.7111,165.571,234.282
73.7047,62.5929,162.898,225.49
73.7247,66.7252,163.714,230.44
73.7447,61.3965,165.192,226.588
73.7647,67.1628,164.301,231.463
73.7847,66.0567,163.926,229.982
73.8047,59.9655,163.817,223.782
73.8247,62.3584,163.629,225.987
73.8447,63.4322,161.762,225.194
73.8647,65.0949,163.878,228.973
73.8847,63.7893,162.327,226.116
73.9047,64.4721,163.747,228.219
73.9247,64.7182,161.142,225.86
73.9447,60.3648,163.587,223.952
73.9647,61.0586,162.075,223.133
73.9847,71.5857,164.465,236.05
74.0047,59.8851,159.435,219.32
74.0247,70.5027,163.342,233.845
74.0447,65.318,163.147,228.465
74.0647,57.6049,162.306,219.911
74.0847,62.7371,162.439,225.176
74.1047,65.4676,161.435,226.902
74.1247,68.7032,164.35,233.053
74.1447,62.7407,160.211,222.952
74.1647,64.4772,162.795,227.272
74.1847,66.1155,159.794,225.91
74.2047,63.7204,161.827,225.548
74.2247,62.8665,161.359,224.225
74.2447,69.1877,165.396,234.584
74.2647,70.731,162.452,233.183
74.2847,62.7281,162.292,225.021
74.3047,61.9178,161.15,223.068
74.3247,61.8851,162.813,224.698
74.3447,65.1403,163.83,228.971
74.3647,59.5597,159.416,218.976
74.3847,72.4414,162.988,235.429
74.4047,63.5879,162.054,225.642
74.4247,66.3985,162.317,228.715
74.4447,59.9296,161.852,221.782
74.4647,63.7672,162.156,225.923
74.4847,59.9563,161.094,221.051
74.5047,63.4942,162.512,226.006
74.5247,69.5443,164.642,234.186
74.5447,70.6586,163.158,233.817
74.5647,64.3379,163.69,228.028
74.5847,59.2472,158.087,217.334
74.6047,63.0094,163.059,226.068
74.6247,67.9039,163.806,231.709
74.6447,69.0569,162.602,231.659
74.6647,65.5179,162.042,227.56
74.6847,62.0164,161.965,223.981
74.7047,68.6393,161.016,229.655
74.7247,56.1933,159.502,215.696
74.7447,63.4991,159.149,222.648
74.7647,67.7157,163.874,231.59
74.7847,58.3975,160.501,218.899
74.8047,66.5859,160.188,226.774
74.8247,69.8128,162.535,232.347
74.8447,58.8924,159.293,218.186
74.8647,69.6206,162.409,232.03
74.8847,65.8697,161.664,227.534
74.9047,61.7987,161.083,222.881
74.9247,64.1862,160.799,224.985
74.9447,59.6989,162.751,222.45
74.9647,65.6435,160.367,226.01
74.9847,66.0711,163.398,229.469
75.0047,63.6493,160.562,224.212
75.0247,56.9519,160.167,217.119
75.0447,61.8948,163.265,225.159
75.0647,66.8769,162.019,228.896
75.0847,58.6898,160.107,218.797
75.1047,67.9529,159.656,227.609
75.1247,63.2193,157.822,221.041
75.1447,62.1313,160.057,222.188
75.1647,65.7242,162.121,227.845
75.1847,63.7111,160.82,224.531
75.2047,62.3186,160.095,222.413
75.2247,65.539,161.007,226.546
75.2447,62.1023,158.799,220.902
75.2647,65.3104,157.721,223.031
75.2847,60.3088,161.811,222.119
75.3047,62.3523,162.36,224.712
75.3247,62.4022,158.819,221.221
75.3447,66.372,160.18,226.552
75.3647,64.289,162.466,226.755
75.3847,58.8493,160.945,219.794
75.4047,54.4894,156.063,210.552
75.4247,59.6449,160.866,220.51
75.4447,67.7039,162.793,230.497
75.4647,69.4736,162.289,231.763
75.4847,61.0643,158.939,220.003
75.5047,60.2402,157.225,217.465
75.5247,63.4517,159.273,222.725
75.5447,70.8911,161.737,232.628
75.5647,66.1052,158.562,224.667
75.5847,66.074,162.136,228.21
75.6047,54.3931,159.314,213.707
75.6247,65.4724,161.787,227.259
75.6447,58.7185,159.011,217.729
75.6647,56.8222,159.074,215.896
75.6847,61.594,157.881,219.475
75.7047,61.2368,160.536,221.773
75.7247,63.8991,157.67,221.569
75.7447,66.1121,159.158,225.27
75.7647,58.9465,159.518,218.464
75.7847,60.3485,162.841,223.19
75.8047,58.4037,158.297,216.701
75.8247,65.7416,158.186,223.927
75.8447,63.7183,161.484,225.202
75.8647,58.3061,157.7,216.006
75.8847,63.9631,160.264,224.227
75.9047,69.4074,163.462,232.869
75.9247,60.4428,159.117,219.56
75.9447,59.6065,157.096,216.703
75.9647,61.1167,155.886,217.003
75.9847,64.5439,160.91,225.454
76.0047,66.677,162.615,229.291
76.0247,62.0371,157.158,219.196
76.0447,58.3104,158.535,216.845
76.0647,65.5921,158.52,224.112
76.0847,57.8421,160.666,218.509
76.1047,64.6405,160.559,225.199
76.1247,60.4926,157.242,217.734
76.1447,59.7316,160.487,220.218
76.1647,61.5168,156.116,217.633
76.1847,62.5235,158.441,220.965
76.2047,65.7827,159.146,224.929
76.2247,61.8027,161.602,223.405
76.2447,65.1792,156.689,221.869
76.2647,63.6145,158.698,222.312
76.2847,61.6432,159.505,221.148
76.3047,58.9876,158.325,217.312
76.3247,68.3393,161.423,229.762
76.3447,63.2811,153.91,217.191
76.3647,67.2028,159.167,226.37
76.3847,59.3194,155.725,215.045
76.4047,62.2866,159.419,221.705
76.4247,62.2704,159.694,221.964
76.4447,62.6447,158.024,220.668
76.4647,62.5139,155.79,218.303
76.4847,68.6444,162.536,231.181
76.5047,59.7656,158.561,218.326
76.5247,59.121,159.481,218.602
76.5447,61.5452,158.578,220.124
76.5647,60.0918,159.197,219.288
76.5847,61.0805,155.926,217.006
76.6047,67.606,157.875,225.481
76.6247,63.3281,159.409,222.737
76.6447,53.0799,155.324,208.403
76.6647,61.054,157.766,218.82
76.6847,69.284,160.101,229.385
76.7047,65.409,159.593,225.002
76.7247,60.4502,156.56,217.01
76.7447,63.609,157.556,221.165
76.7647,62.1684,159.097,221.266
76.7847,61.3115,157.043,218.355
76.8047,61.0334,156.241,217.275
76.8247,68.9107,160.47,229.38
76.8447,61.1255,157.29,218.416
76.8647,62.8974,157.667,220.564
76.8847,65.8877,157.184,223.072
76.9047,68.4581,155.728,224.186
76.9247,59.5717,158.16,217.732
76.9447,60.1711,158.815,218.986
76.9647,58.8703,158.276,217.147
76.9847,68.9081,159.586,228.494
77.0047,58.436,157.375,215.811
77.0247,59.674,157.767,217.441
77.0447,58.3841,156.039,214.423
77.0647,62.0853,158.254,220.339
77.0847,62.3932,159.285,221.678
77.1047,65.2972,160.101,225.398
77.1247,64.321,159.527,223.848
77.1447,57.6368,157.341,214.978
77.1647,61.4915,158.628,220.12
77.1847,59.4911,157.217,216.708
77.2047,60.8753,154.897,215.772
77.2247,55.0898,153.802,208.892
77.2447,62.4733,157.653,220.126
77.2647,58.2241,156.294,214.519
77.2847,66.0948,159.57,225.665
77.3047,57.4966,156.957,214.453
77.3247,61.6423,160.263,221.905
77.3447,58.4573,153.138,211.596
77.3647,63.0629,159.592,222.655
77.3847,58.587,155.693,214.28
77.4047,60.0037,157.751,217.755
77.4247,65.7564,158.955,224.712
77.4447,62.9089,157.51,220.419
77.4647,61.3795,156.288,217.667
77.4847,64.4742,157.041,221.515
77.5047,54.0433,155.288,209.331
77.5247,62.1423,157.284,219.426
77.5447,56.9842,157.257,214.241
77.5647,59.4893,157.38,216.869
77.5847,63.9907,156.687,220.677
77.6047,59.8094,156.514,216.323
77.6247,65.5644,157.795,223.36
77.6447,62.2174,156.987,219.204
77.6647,63.9153,157.114,221.03
77.6847,61.3637,157.313,218.676
77.7047,51.6715,155.729,207.401
77.7247,62.8959,157.431,220.327
77.7447,61.0485,156.502,217.55
77.7647,66.4518,157.439,223.891
77.7847,60.1127,152.081,212.194
77.8047,58.2995,156.514,214.813
77.8247,65.5592,158.205,223.764
77.8447,60.8594,156.501,217.361
77.8647,59.5333,155.35,214.883
77.8847,61.2439,155.531,216.774
77.9047,60.3541,157.869,218.223
77.9247,63.3061,157.793,221.099
77.9447,57.2734,153.779,211.053
77.9647,69.1063,156.324,225.431
77.9847,61.5383,155.728,217.267
78.0047,63.3458,155.553,218.899
78.0247,55.3067,155.951,211.258
78.0447,58.6045,153.593,212.197
78.0647,65.5557,156.036,221.592
78.0847,56.9512,153.771,210.722
78.1047,57.0585,155.257,212.316
78.1247,60.9344,158.136,219.07
78.1447,57.9525,155.179,213.131
78.1647,59.4555,154.352,213.808
78.1847,63.3799,154.798,218.178
78.2047,62.1506,154.373,216.524
78.2247,62.8837,154.557,217.441
78.2447,62.6171,155.783,218.4
78.2647,57.7869,155.481,213.268
78.2847,62.3212,157.008,219.329
78.3047,53.9777,153.043,207.021
78.3247,56.3371,153.366,209.703
78.3447,57.8818,155.451,213.333
78.3647,64.6859,155.643,220.328
78.3847,61.7217,153.917,215.639
78.4047,57.4879,154.38,211.868
78.4247,65.5097,156.374,221.884
78.4447,58.1353,155.158,213.293
78.4647,57.3066,153.454,210.761
78.4847,64.3842,155.109,219.493
78.5047,61.6635,154.035,215.699
78.5247,59.7453,156.889,216.634
78.5447,58.9337,154.598,213.531
78.5647,60.551,154.374,214.925
78.5847,59.1751,154.823,213.998
78.6047,56.2357,154.979,211.214
78.6247,55.301,155.618,210.919
78.6447,69.4647,158.637,228.101
78.6647,56.3808,156.133,212.514
78.6847,63.7133,152.273,215.986
78.7047,59.9803,153.325,213.305
78.7247,55.4073,155.993,211.401
78.7447,60.5368,154.323,214.86
78.7647,57.1639,155.683,212.847
78.7847,57.5119,153.097,210.608
78.8047,61.7505,154.317,216.067
78.8247,60.4353,154.484,214.919
78.8447,62.7484,154.517,217.266
78.8647,54.1196,155.102,209.222
78.8847,62.531,152.804,215.335
78.9047,61.5327,155.257,216.789
78.9247,59.4781,151.742,211.22
78.9447,61.7041,154.2,215.904
78.9647,61.2882,155.569,216.857
78.9847,64.0376,155.072,219.11
79.0047,61.6494,152.086,213.736
79.0247,62.9773,155.164,218.141
79.0447,58.5239,154.644,213.168
79.0647,61.8632,153.033,214.896
79.0847,55.1736,152.744,207.917
79.1047,54.7148,152,206.715
79.1247,65.5507,154.412,219.963
79.1447,64.6391,154.532,219.171
79.1647,61.1126,153.195,214.308
79.1847,59.5081,153.306,212.815
79.2047,61.9444,155.994,217.939
79.2247,63.3756,156.849,220.225
79.2447,61.7547,154.737,216.491
79.2647,62.8362,153.327,216.163
79.2847,65.7755,154.378,220.154
79.3047,57.6789,153.556,211.235
79.3247,55.1376,151.425,206.563
79.3447,56.3417,152.002,208.343
79.3647,55.6543,153.958,209.613
79.3847,63.6693,157.696,221.365
79.4047,56.7556,153.504,210.259
79.4247,61.6418,152.483,214.125
79.4447,61.3946,154.205,215.599
79.4647,55.5959,151.525,207.121
79.4847,58.8352,154.524,213.36
79.5047,59.0633,155.023,214.086
79.5247,59.2196,153.477,212.697
79.5447,62.6448,153.727,216.372
79.5647,56.8772,150.873,207.75
79.5847,54.8908,151.098,205.989
79.6047,57.2839,148.55,205.833
79.6247,61.3463,155.207,216.553
79.6447,55.9702,151.803,207.773
79.6647,65.8544,156.093,221.947
79.6847,55.7322,152.315,208.047
79.7047,56.5652,152.408,208.973
79.7247,62.6514,152.754,215.405
79.7447,53.6155,151.556,205.171
79.7647,62.8356,155.444,218.279
79.7847,59.8819,153.674,213.556
79.8047,57.6819,153.798,211.48
79.8247,58.3155,152.864,211.18
79.8447,59.7498,151.913,211.663
79.8647,59.8108,154.524,214.335
79.8847,53.3753,151.35,204.726
79.9047,62.8058,151.789,214.594
79.9247,59.2875,155.998,215.285
79.9447,56.4447,151.197,207.642
79.9647,58.9513,154.846,213.797
79.9847,57.0506,154.66,211.711
80.0047,66.3611,152.97,219.331
80.0247,61.423,152.517,213.94
80.0447,62.537,152.54,215.077
80.0647,55.2567,152.912,208.168
80.0847,59.3478,152.289,211.637
80.1047,54.7853,152.748,207.533
80.1247,64.664,154.425,219.089
80.1447,57.695,152.174,209.869
80.1647,58.2784,151.528,209.806
80.1847,57.9844,155.007,212.992
80.2047,55.9774,151.392,207.369
80.2247,62.3126,151.364,213.677
80.2447,54.8912,150.617,205.509
80.2647,61.1321,151.941,213.073
80.2847,56.7064,152.258,208.964
80.3047,57.8562,152.636,210.493
80.3247,58.8232,152.477,211.3
80.3447,62.8341,153.45,216.284
80.3647,58.6157,150.402,209.017
80.3847,59.8437,151.59,211.434
80.4047,64.644,152.994,217.638
80.4247,56.0777,152.524,208.602
80.4447,49.0296,150.297,199.326
80.4647,63.8119,149.66,213.472
80.4847,57.8103,150.44,208.251
80.5047,57.247,151.441,208.688
80.5247,61.1813,150.745,211.926
80.5447,55.762,151.001,206.763
80.5647,57.208,151.85,209.058
80.5847,54.4181,150.369,204.787
80.6047,57.2591,151.403,208.662
80.6247,58.1064,151.677,209.784
80.6447,56.7174,153.012,209.729
80.6647,55.0412,151.597,206.638
80.6847,59.5155,152.631,212.146
80.7047,56.8358,148.737,205.572
80.7247,62.6262,152.859,215.485
80.7447,60.4185,151.262,211.68
80.7647,58.439,151.085,209.525
80.7847,58.7312,152.925,211.656
80.8047,52.3167,152.055,204.371
80.8247,57.2586,151.022,208.28
80.8447,56.1057,151.581,207.687
80.8647,62.766,152.266,215.032
80.8847,58.588,152.652,211.24
80.9047,56.0249,153.814,209.839
80.9247,57.1862,151.727,208.914
80.9447,63.0897,152.224,215.314
80.9647,59.4596,150.752,210.212
80.9847,53.595,150.447,204.042
81.0047,64.7895,151.588,216.378
81.0247,57.7897,149.824,207.614
81.0447,57.1923,149.264,206.456
81.0647,56.1155,148.17,204.285
81.0847,65.458,153.613,219.071
81.1047,55.2841,151.261,206.545
81.1247,64.1818,154.517,218.699
81.1447,53.3608,148.71,202.07
81.1647,57.9369,149.083,207.02
81.1847,57.2991,149.054,206.353
81.2047,56.6971,151.349,208.046
81.2247,57.2385,151.793,209.031
81.2447,53.5777,152.118,205.696
81.2647,58.1793,152.396,210.576
81.2847,61.4808,153.345,214.826
81.3047,60.1726,150.921,211.093
81.3247,54.4124,148.016,202.429
81.3447,57.5389,150.067,207.606
81.3647,57.2003,151.175,208.376
81.3847,60.0857,151.337,211.422
81.4047,49.4027,151.247,200.65
81.4247,55.2127,151.483,206.696
81.4447,60.3587,149.749,210.108
81.4647,54.3178,151.109,205.427
81.4847,58.3087,149.328,207.637
81.5047,51.3477,149.016,200.363
81.5247,63.3721,152.534,215.906
81.5447,57.2335,150.607,207.841
81.5647,59.8244,150.714,210.538
81.5847,58.2358,152.037,210.273
81.6047,65.1806,150.279,215.459
81.6247,56.8994,148.8,205.699
81.6447,50.3844,148.638,199.022
81.6647,52.5387,147.567,200.105
81.6847,57.1732,149.387,206.561
81.7047,59.9719,151.47,211.442
81.7247,65.585,150.74,216.325
81.7447,59.4384,151.153,210.591
81.7647,55.1877,148.972,204.16
81.7847,57.5613,152.541,210.102
81.8047,51.5346,148.469,200.003
81.8247,58.5582,150.611,209.169
81.8447,57.2955,148.82,206.115
81.8647,54.6302,150.587,205.217
81.8847,55.2919,150.681,205.973
81.9047,60.8483,152.472,213.32
81.9247,50.5905,149.818,200.409
81.9447,59.9245,150.879,210.804
81.9647,52.5657,148.764,201.33
81.9847,63.3715,152.537,215.909
82.0047,53.5525,148.107,201.659
82.0247,55.0385,150.187,205.225
82.0447,57.4178,151.463,208.881
82.0647,55.7948,149.297,205.091
82.0847,51.4336,147.772,199.206
82.1047,60.8977,154.365,215.262
82.1247,58.6216,148.806,207.427
82.1447,54.67,150.907,205.577
82.1647,58.5457,151.6,210.145
82.1847,63.6906,151.042,214.733
82.2047,52.4936,147.548,200.042
82.2247,61.3097,148.745,210.055
82.2447,54.3277,149.48,203.808
82.2647,57.1237,149.333,206.456
82.2847,62.5285,150.038,212.567
82.3047,60.1195,148.334,208.454
82.3247,58.1256,147.79,205.915
82.3447,54.3032,145.255,199.559
82.3647,54.6,150.488,205.088
82.3847,59.5486,147.883,207.432
82.4047,57.2441,148.893,206.137
82.4247,59.6494,149.132,208.781
82.4447,55.1822,147.753,202.935
82.4647,55.6505,148.477,204.127
82.4847,54.007,149.294,203.301
82.5047,52.5263,148.872,201.399
82.5247,53.6168,148.609,202.225
82.5447,58.512,147.262,205.774
82.5647,52.5693,148.676,201.245
82.5847,62.0595,149.132,211.191
82.6047,56.6878,148.571,205.259
82.6247,55.203,150.154,205.357
82.6447,53.2682,148.945,202.213
82.6647,56.8842,149.52,206.405
82.6847,58.2951,147.698,205.993
82.7047,55.6092,148.551,204.16
82.7247,59.0078,147.694,206.702
82.7447,54.817,150.053,204.87
82.7647,52.6162,148.293,200.909
82.7847,60.2057,148.642,208.848
82.8047,52.5414,146.426,198.967
82.8247,58.0528,149.393,207.446
82.8447,52.3428,146.944,199.287
82.8647,54.2407,149.953,204.193
82.8847,50.6864,149.035,199.721
82.9047,59.2521,148.683,207.935
82.9247,60.6904,149.407,210.098
82.9447,59.5814,146.478,206.06
82.9647,56.0377,147.398,203.435
82.9847,59.9771,146.448,206.425
83.0047,52.0924,147.208,199.3
83.0247,52.4366,149.084,201.52
83.0447,56.1434,149.132,205.276
83.0647,58.8185,148.619,207.437
83.0847,57.9248,147.316,205.24
83.1047,58.869,150.414,209.283
83.1247,51.8532,147.606,199.459
83.1447,55.2471,148.019,203.266
83.1647,64.435,148.557,212.992
83.1847,55.9774,147.955,203.932
83.2047,51.9334,148.446,200.379
83.2247,59.5468,148.757,208.303
83.2447,55.597,147.048,202.645
83.2647,52.7655,147.367,200.132
83.2847,52.1826,147.361,199.544
83.3047,55.6946,149.105,204.8
83.3247,50.428,146.324,196.752
83.3447,59.5763,146.962,206.539
83.3647,53.1751,146.437,199.613
83.3847,55.6762,147.958,203.634
83.4047,59.2183,147.066,206.285
83.4247,53.9153,147.201,201.116
83.4447,57.5808,148.239,205.82
83.4647,49.7505,144.205,193.956
83.4847,51.5439,147.606,199.15
83.5047,58.1784,147.075,205.254
83.5247,57.0896,148.443,205.532
83.5447,57.5684,149.898,207.467
83.5647,54.9515,146.489,201.44
83.5847,53.2234,144.169,197.393
83.6047,58.5168,148.446,206.963
83.6247,52.5317,146.58,199.112
83.6447,54.1773,148.437,202.614
83.6647,57.636,148.27,205.906
83.6847,59.8337,148.528,208.362
83.7047,55.3173,146.045,201.362
83.7247,54.7824,145.695,200.478
83.7447,53.6583,147.787,201.445
83.7647,55.454,147.376,202.83
83.7847,52.9044,148.215,201.119
83.8047,55.6748,148.088,203.762
83.8247,57.9483,148.62,206.569
83.8447,58.75,147.567,206.317
83.8647,51.0519,145.22,196.272
83.8847,53.4002,145.126,198.526
83.9047,57.0289,148.483,205.512
83.9247,56.7701,146.436,203.206
83.9447,50.1841,146.056,196.24
83.9647,56.0197,147.19,203.21
83.9847,57.8927,150.596,208.489
84.0047,55.1753,146.457,201.632
84.0247,53.2187,148.087,201.306
84.0447,58.4709,146.308,204.779
84.0647,51.183,146.383,197.566
84.0847,61.3565,146.847,208.204
84.1047,54.4632,145.247,199.71
84.1247,57.4945,148.172,205.667
84.1447,51.511,144.346,195.857
84.1647,49.7698,145.574,195.344
84.1847,51.8558,147.389,199.244
84.2047,57.4454,147.338,204.783
84.2247,54.5415,147.429,201.971
84.2447,57.9484,146.736,204.684
84.2647,53.7039,144.656,198.36
84.2847,59.8457,149.119,208.965
84.3047,53.0333,144.628,197.661
84.3247,49.0865,143.778,192.865
84.3447,53.8836,144.202,198.086
84.3647,57.5429,144.821,202.364
84.3847,55.2839,146.727,202.01
84.4047,50.457,146.829,197.286
84.4247,55.8388,146.967,202.805
84.4447,56.7182,149.171,205.889
84.4647,55.1834,147.125,202.308
84.4847,54.2516,146.419,200.671
84.5047,57.5875,147.821,205.409
84.5247,54.2059,145.213,199.419
84.5447,52.1901,144.078,196.268
84.5647,58.0942,147.743,205.837
84.5847,56.6872,148.611,205.298
84.6047,50.3816,146.112,196.494
84.6247,53.6867,145.681,199.367
84.6447,51.4124,145.447,196.859
84.6647,56.2142,148.196,204.41
84.6847,55.7158,146.433,202.149
84.7047,57.2459,144.959,202.205
84.7247,52.6886,145.05,197.739
84.7447,56.4834,142.86,199.344
84.7647,55.2649,145.121,200.386
84.7847,51.6068,143.13,194.737
84.8047,55.9699,145.076,201.045
84.8247,56.5867,146.3,202.887
84.8447,48.0027,143.908,191.911
84.8647,50.9898,144.961,195.951
84.8847,47.5189,144.438,191.957
84.9047,52.5295,144.795,197.324
84.9247,52.4053,142.506,194.911
84.9447,55.7813,143.434,199.216
84.9647,59.5619,144.838,204.4
84.9847,54.0688,144.99,199.059
85.0047,57.1742,144.671,201.845
85.0247,51.991,143.896,195.887
85.0447,57.8624,144.277,202.14
85.0647,52.1512,142.918,195.069
85.0847,54.2271,145.02,199.247
85.1047,51.7805,144.487,196.267
85.1247,58.4183,146.013,204.431
85.1447,55.6965,144.444,200.14
85.1647,51.092,144.429,195.521
85.1847,55.5566,145.461,201.017
85.2047,56.2668,144.826,201.092
85.2247,58.1854,143.857,202.042
85.2447,52.5757,144.753,197.329
85.2647,53.7468,144.509,198.256
85.2847,56.6067,148.317,204.924
85.3047,52.7352,144.107,196.842
85.3247,53.6609,144.442,198.103
85.3447,50.5269,142.73,193.257
85.3647,50.5871,144.612,195.199
85.3847,54.0962,143.584,197.68
85.4047,54.4338,145.303,199.737
85.4247,56.9057,143.203,200.108
85.4447,52.4432,144.78,197.223
85.4647,50.2281,146.449,196.677
85.4847,54.4218,144.314,198.735
85.5047,57.3578,143.642,201
85.5247,55.2991,144.269,199.568
85.5447,54.1793,144.474,198.653
85.5647,52.3171,142.775,195.092
85.5847,56.9776,144.912,201.89
85.6047,54.192,147.928,202.12
85.6247,50.6206,141.179,191.8
85.6447,58.1359,142.546,200.682
85.6647,56.3322,145.684,202.016
85.6847,55.026,146.108,201.134
85.7047,52.7367,143.395,196.132
85.7247,50.2051,143.083,193.288
85.7447,64.9568,145.284,210.241
85.7647,48.9058,143.098,192.004
85.7847,55.84,146.831,202.671
85.8047,58.958,142.696,201.654
85.8247,50.9877,141.654,192.642
85.8447,52.0456,144.98,197.026
85.8647,56.8033,144.101,200.904
85.8847,45.5882,139.747,185.335
85.9047,50.9223,142.983,193.905
85.9247,56.3595,144.1,200.46
85.9447,49.2953,140.786,190.081
85.9647,56.0336,143.949,199.983
85.9847,56.9814,146.347,203.329
86.0047,56.8858,143.322,200.208
86.0247,52.5144,144.697,197.212
86.0447,50.0845,142.762,192.846
86.0647,52.0794,143.648,195.727
86.0847,56.1337,143.441,199.574
86.1047,59.271,144.45,203.721
86.1247,54.2423,141.843,196.086
86.1447,55.4586,142.925,198.384
86.1647,50.8422,143.265,194.107
86.1847,51.8262,143.025,194.852
86.2047,49.8369,141.948,191.785
86.2247,58.7484,145.478,204.227
86.2447,52.4059,141.653,194.059
86.2647,51.9446,144.307,196.252
86.2847,55.4921,142.358,197.85
86.3047,55.2069,144.666,199.873
86.3247,52.408,142.204,194.612
86.3447,52.5091,141.279,193.788
86.3647,50.2528,141.478,191.731
86.3847,51.8285,144.769,196.597
86.4047,50.0348,143.349,193.384
86.4247,55.5914,143.89,199.482
86.4447,56.085,144.23,200.315
86.4647,49.2031,143.049,192.252
86.4847,50.5173,142.96,193.477
86.5047,54.3126,146.365,200.678
86.5247,58.1075,145.072,203.179
86.5447,52.7465,142.318,195.064
86.5647,52.4729,143.895,196.368
86.5847,53.5852,142.699,196.284
86.6047,47.3498,143.547,190.897
86.6247,48.1955,143.135,191.33
86.6447,50.7825,141.02,191.803
86.6647,49.2254,141.645,190.871
86.6847,50.1654,142.217,192.383
86.7047,52.8122,142.749,195.561
86.7247,56.4628,144.036,200.498
86.7447,53.842,142.377,196.219
86.7647,49.2911,141.861,191.152
86.7847,50.3209,143.214,193.535
86.8047,59.3778,144.269,203.647
86.8247,53.4297,142.145,195.575
86.8447,54.3327,141.068,195.401
86.8647,52.9886,143.188,196.176
86.8847,47.3394,141.829,189.168
86.9047,54.9613,141.057,196.019
86.9247,48.6376,139.723,188.36
86.9447,59.8436,145.619,205.463
86.9647,48.6832,141.555,190.238
86.9847,54.1823,142.213,196.395
87.0047,46.6911,140.658,187.349
87.0247,52.7567,140.671,193.428
87.0447,54.1695,141.64,195.81
87.0647,55.3321,143.353,198.685
87.0847,51.5197,141.735,193.255
87.1047,58.8987,142.277,201.175
87.1247,52.5399,143.011,195.551
87.1447,52.3138,141.381,193.695
87.1647,53.3962,143.582,196.979
87.1847,50.8034,140.51,191.313
87.2047,50.3415,143.473,193.815
87.2247,51.6668,140.524,192.191
87.2447,54.0149,143.562,197.577
87.2647,50.7911,143.568,194.359
87.2847,52.5697,140.307,192.877
87.3047,53.1477,144.088,197.236
87.3247,55.8622,144.319,200.182
87.3447,50.0541,140.915,190.97
87.3647,54.5411,139.014,193.555
87.3847,56.7353,144.314,201.049
87.4047,44.6691,143.01,187.68
87.4247,51.1273,138.622,189.749
87.4447,51.2062,139.427,190.633
87.4647,52.7046,144.479,197.183
87.4847,55.4151,142.781,198.196
87.5047,49.8713,142.455,192.326
87.5247,54.0341,141.462,195.496
87.5447,54.5052,142.061,196.566
87.5647,52.6944,141.98,194.675
87.5847,49.0889,139.544,188.633
87.6047,52.7697,139.178,191.948
87.6247,45.6492,140.001,185.65
87.6447,49.4378,141.262,190.7
87.6647,53.2136,141.661,194.874
87.6847,54.1941,142.655,196.849
87.7047,54.5006,142.204,196.704
87.7247,52.0403,139.087,191.128
87.7447,53.5494,139.438,192.987
87.7647,54.8669,141.585,196.452
87.7847,55.7653,142.262,198.028
87.8047,55.0607,144.383,199.444
87.8247,50.2185,139.86,190.079
87.8447,49.616,139.89,189.506
87.8647,55.1974,142.404,197.602
87.8847,46.9885,140.376,187.364
87.9047,52.8711,141.845,194.716
87.9247,47.8561,141.87,189.726
87.9447,50.0499,141.822,191.872
87.9647,51.5758,142.621,194.197
87.9847,52.7347,140.857,193.592
88.0047,50.4908,139.942,190.432
88.0247,53.6143,140.406,194.02
88.0447,54.1001,138.668,192.768
88.0647,51.6176,139.581,191.198
88.0847,52.8954,141.043,193.938
88.1047,50.7495,140.049,190.799
88.1247,49.1603,140.286,189.446
88.1447,49.5729,141.389,190.962
88.1647,50.9012,142.758,193.659
88.1847,44.683,140.689,185.372
88.2047,50.4159,142.64,193.055
88.2247,56.4572,141.715,198.172
88.2447,44.2894,137.511,181.801
88.2647,53.4956,141.319,194.814
88.2847,54.1234,142.944,197.068
88.3047,54.4906,141.618,196.109
88.3247,53.845,140.027,193.872
88.3447,55.3515,139.38,194.731
88.3647,48.3372,136.892,185.229
88.3847,54.6609,141.63,196.291
88.4047,55.2174,138.659,193.876
88.4247,51.8071,139.889,191.697
88.4447,50.9406,141.343,192.283
88.4647,48.829,140.592,189.421
88.4847,52.041,138.346,190.387
88.5047,47.9063,138.996,186.903
88.5247,50.2544,142.522,192.776
88.5447,52.2137,142.404,194.618
88.5647,52.9894,139.643,192.632
88.5847,50.4234,138.115,188.539
88.6047,48.9671,139.796,188.763
88.6247,48.6317,140.945,189.577
88.6447,52.6656,141.673,194.339
88.6647,49.846,140.518,190.364
88.6847,44.6151,139.179,183.794
88.7047,52.8699,140.208,193.078
88.7247,52.4649,140.5,192.965
88.7447,44.7951,139.125,183.92
88.7647,58.5013,143.558,202.059
88.7847,48.5238,138.312,186.836
88.8047,50.4061,137.941,188.347
88.8247,45.559,137.615,183.174
88.8447,53.6286,138.182,191.811
88.8647,55.1585,140.529,195.688
88.8847,52.3748,139.542,191.916
88.9047,56.129,140.012,196.141
88.9247,51.6756,140.271,191.947
88.9447,47.9114,139.087,186.998
88.9647,48.3027,141.516,189.819
88.9847,53.5086,138.746,192.254
89.0047,52.837,139.287,192.124
89.0247,51.5866,140.339,191.926
89.0447,49.5334,137.527,187.06
89.0647,51.495,139.953,191.448
89.0847,50.5362,140.255,190.791
89.1047,49.7259,138.161,187.887
89.1247,52.776,140.848,193.624
89.1447,43.9354,138.564,182.499
89.1647,57.7359,138.747,196.483
89.1847,51.4145,138.791,190.206
89.2047,53.4326,141.68,195.112
89.2247,40.978,134.974,175.952
89.2447,49.931,140.138,190.069
89.2647,56.0097,143.402,199.412
89.2847,46.7704,140.246,187.017
89.3047,51.0049,141.652,192.657
89.3247,41.8263,137.475,179.301
89.3447,53.3995,139.93,193.329
89.3647,48.3972,138.562,186.959
89.3847,47.6944,139.928,187.622
89.4047,51.1386,138.272,189.411
89.4247,54.0097,140.437,194.447
89.4447,52.6015,138.888,191.49
89.4647,49.1315,140.603,189.734
89.4847,48.7999,138.298,187.097
89.5047,51.1425,141.503,192.645
89.5247,55.229,141.199,196.428
89.5447,46.8194,138.271,185.09
89.5647,54.8602,140.031,194.891
89.5847,46.1819,135.848,182.03
89.6047,52.889,138.92,191.809
89.6247,51.1404,139.422,190.563
89.6447,46.5247,137.189,183.713
89.6647,51.7222,137.945,189.667
89.6847,47.9816,139.507,187.488
89.7047,53.8019,139.377,193.179
89.7247,49.7517,138.694,188.446
89.7447,50.7661,142.047,192.814
89.7647,42.8207,137.798,180.619
89.7847,53.951,139.775,193.726
89.8047,53.1709,138.906,192.077
89.8247,49.5821,138.277,187.859
89.8447,56.0841,139.621,195.705
89.8647,49.2447,138.006,187.251
89.8847,50.2563,136.377,186.633
89.9047,49.0158,138.587,187.603
89.9247,53.4178,139.275,192.693
89.9447,47.4257,137.93,185.356
89.9647,47.2368,138.298,185.535
89.9847,51.1016,139.314,190.416
90.0047,55.2582,139.065,194.323
90.0247,43.8708,137.294,181.165
90.0447,50.6637,139.06,189.724
90.0647,51.1366,140.893,192.03
90.0847,46.4269,136.354,182.78
90.1047,46.4466,137.35,183.797
90.1247,53.7506,140.002,193.753
90.1447,51.5706,137.2,188.77
90.1647,51.0908,136.023,187.113
90.1847,50.0624,139.025,189.087
90.2047,51.2815,139.819,191.1
90.2247,45.9744,136.061,182.035
90.2447,51.7482,138.803,190.551
90.2647,47.3409,137.431,184.772
90.2847,50.8502,137.079,187.929
90.3047,43.7571,133.33,177.087
90.3247,54.8704,139.854,194.725
90.3447,44.7455,137.261,182.006
90.3647,53.9109,136.713,190.624
90.3847,47.7307,137.987,185.718
90.4047,50.0758,138.548,188.624
90.4247,50.3845,138.37,188.755
90.4447,47.9807,135.553,183.534
90.4647,51.0813,140.325,191.407
90.4847,48.5198,133.282,181.802
90.5047,50.1493,138.839,188.988
90.5247,52.1018,136.975,189.076
90.5447,49.4307,137.8,187.231
90.5647,51.1437,136.885,188.029
90.5847,49.8718,136.387,186.259
90.6047,47.8998,140.259,188.159
90.6247,49.7444,137.668,187.412
90.6447,51.1405,136.405,187.546
90.6647,53.2403,138.786,192.026
90.6847,49.7067,137.383,187.089
90.7047,49.4438,140.69,190.134
90.7247,48.7808,135.3,184.081
90.7447,48.1758,137.403,185.579
90.7647,48.5114,136.966,185.477
90.7847,46.774,135.948,182.722
90.8047,43.0096,135.071,178.08
90.8247,52.065,137.501,189.566
90.8447,47.3793,137.809,185.188
90.8647,46.6802,137.709,184.389
90.8847,48.096,134.621,182.717
90.9047,52.7726,136.474,189.247
90.9247,51.2271,137.309,188.536
90.9447,47.8926,136.024,183.917
90.9647,48.2425,137.612,185.855
90.9847,47.1802,135.503,182.683
91.0047,46.5574,138.473,185.03
91.0247,49.5474,136.943,186.49
91.0447,48.8098,137.843,186.653
91.0647,46.7472,136.496,183.244
91.0847,47.2101,136.621,183.831
91.1047,51.0555,137.066,188.122
91.1247,47.5184,137.157,184.675
91.1447,46.3227,137.236,183.558
91.1647,46.8552,135.457,182.312
91.1847,51.1297,136.488,187.618
91.2047,49.8919,135.546,185.438
91.2247,46.7619,135.786,182.548
91.2447,51.1817,134.614,185.795
91.2647,46.0624,136.371,182.433
91.2847,46.9906,136.787,183.778
91.3047,51.9485,138.74,190.689
91.3247,44.2777,134.369,178.647
91.3447,49.5958,138.388,187.983
91.3647,47.066,136.232,183.298
91.3847,49.9642,136.492,186.456
91.4047,49.4741,136.202,185.676
91.4247,48.9102,137.526,186.436
91.4447,48.3002,135.933,184.234
91.4647,47.7204,136.274,183.994
91.4847,53.5712,135.653,189.224
91.5047,50.0197,136.036,186.056
91.5247,50.6877,136.568,187.256
91.5447,46.1022,135.915,182.017
91.5647,49.5561,138.038,187.594
91.5847,45.3671,135.541,180.908
91.6047,48.9127,138.779,187.691
91.6247,47.9131,138.816,186.73
91.6447,52.0376,134.749,186.786
91.6647,52.0506,137.418,189.469
91.6847,49.8641,136.327,186.191
91.7047,51.5574,136.96,188.517
91.7247,44.9826,136.22,181.203
91.7447,46.1427,136.138,182.281
91.7647,47.0421,135.779,182.821
91.7847,49.3403,137.485,186.826
91.8047,55.0354,137.078,192.113
91.8247,45.558,135.803,181.361
91.8447,43.522,136.397,179.919
91.8647,49.7592,136.307,186.066
91.8847,45.596,134.668,180.264
91.9047,54.5095,135.144,189.653
91.9247,45.3688,135.493,180.862
91.9447,46.0506,136.446,182.497
91.9647,49.8549,134.612,184.466
91.9847,47.674,136.087,183.761
92.0047,41.1766,134.79,175.966
92.0247,47.0793,134.516,181.595
92.0447,54.7693,138.711,193.481
92.0647,50.1313,133.55,183.682
92.0847,48.1901,135.75,183.94
92.1047,44.3807,136.83,181.21
92.1247,46.7214,134.17,180.891
92.1447,45.5346,134.6,180.135
92.1647,48.2151,134.93,183.145
92.1847,48.2581,134.934,183.192
92.2047,50.9231,136.595,187.518
92.2247,46.6063,133.916,180.522
92.2447,47.6946,135.128,182.822
92.2647,49.4899,136.137,185.627
92.2847,49.6018,136.788,186.39
92.3047,50.5233,136.093,186.617
92.3247,45.2816,133.98,179.261
92.3447,52.3874,136.694,189.081
92.3647,49.1506,135.022,184.173
92.3847,45.1922,133.805,178.998
92.4047,47.0706,134.877,181.948
92.4247,51.7784,135.043,186.821
92.4447,50.4143,134.87,185.284
92.4647,53.213,137.803,191.016
92.4847,45.9773,135.551,181.529
92.5047,49.5431,134.6,184.143
92.5247,46.5241,134.147,180.671
92.5447,50.1619,136.437,186.599
92.5647,44.7933,135.677,180.47
92.5847,45.3314,135.487,180.818
92.6047,45.6839,136.127,181.811
92.6247,49.3553,135.156,184.511
92.6447,48.2771,134.769,183.046
92.6647,46.3393,135.308,181.648
92.6847,45.6869,135.611,181.298
92.7047,51.7038,135.199,186.903
92.7247,44.6665,132.901,177.568
92.7447,49.3972,131.82,181.217
92.7647,49.2597,132.808,182.068
92.7847,50.8845,135.542,186.427
92.8047,48.2852,134.72,183.005
92.8247,48.2833,135.484,183.767
92.8447,49.5109,135.956,185.467
92.8647,45.5574,133.315,178.872
92.8847,46.5801,133.513,180.094
92.9047,45.5696,132.376,177.945
92.9247,48.4061,134.03,182.436
92.9447,50.4246,135.951,186.375
92.9647,52.4176,135.006,187.424
92.9847,43.9136,135.392,179.306
93.0047,42.2277,132.703,174.931
93.0247,50.279,136.408,186.687
93.0447,46.7107,133.344,180.055
93.0647,51.4389,133.336,184.775
93.0847,45.6913,132.529,178.22
93.1047,43.427,130.241,173.668
93.1247,41.1887,130.88,172.069
93.1447,50.9076,134.559,185.467
93.1647,46.104,135.575,181.679
93.1847,41.7103,133.436,175.147
93.2047,51.4485,136.233,187.681
93.2247,52.7707,133.708,186.478
93.2447,45.3948,132.407,177.802
93.2647,49.4255,135.287,184.713
93.2847,49.272,135.066,184.338
93.3047,41.877,131.782,173.659
93.3247,54.1343,136.067,190.201
93.3447,47.3881,133.377,180.765
93.3647,44.336,130.207,174.543
93.3847,45.069,133.96,179.029
93.4047,44.6401,131.046,175.687
93.4247,47.9372,135.684,183.621
93.4447,49.8576,135.567,185.425
93.4647,46.9464,133.636,180.583
93.4847,47.2015,135.745,182.947
93.5047,47.4698,133.295,180.765
93.5247,49.0571,133.567,182.625
93.5447,44.0528,132.107,176.16
93.5647,47.2548,133.694,180.949
93.5847,49.6412,135.51,185.151
93.6047,48.8725,132.64,181.512
93.6247,46.8699,130.806,177.676
93.6447,47.4443,133.823,181.268
93.6647,45.7106,133.58,179.291
93.6847,45.6959,133.591,179.287
93.7047,49.827,132.188,182.015
93.7247,47.6642,132.805,180.469
93.7447,44.6108,134.256,178.867
93.7647,49.3044,132.102,181.406
93.7847,42.8701,130.424,173.294
93.8047,45.1901,133.519,178.709
93.8247,45.644,131.699,177.343
93.8447,43.5054,131.186,174.691
93.8647,51.4062,131.854,183.26
93.8847,49.7141,132.456,182.171
93.9047,49.9245,135.35,185.274
93.9247,45.7839,131.266,177.05
93.9447,47.3838,132.298,179.681
93.9647,48.1712,133.684,181.855
93.9847,47.8937,134.43,182.324
94.0047,49.3517,132.062,181.413
94.0247,43.7821,129.885,173.667
94.0447,43.1753,132.806,175.981
94.0647,49.387,135.226,184.613
94.0847,48.8825,134.297,183.179
94.1047,42.1989,132.543,174.742
94.1247,47.0641,134.117,181.181
94.1447,48.9245,132.752,181.676
94.1647,47.424,131.789,179.213
94.1847,45.2312,130.475,175.706
94.2047,44.7685,132.571,177.339
94.2247,46.7818,129.952,176.733
94.2447,49.0728,133.929,183.002
94.2647,46.6196,128.686,175.306
94.2847,46.5734,131.85,178.424
94.3047,47.5706,133.026,180.597
94.3247,45.2316,131.93,177.161
94.3447,46.9933,134.688,181.681
94.3647,51.6494,131.448,183.097
94.3847,44.8508,134.697,179.548
94.4047,49.4221,132.405,181.827
94.4247,42.358,131.047,173.405
94.4447,49.6603,133.891,183.551
94.4647,45.1492,130.986,176.135
94.4847,50.2914,133.146,183.437
94.5047,44.3789,131.133,175.512
94.5247,51.2402,133.41,184.65
94.5447,39.1465,130.156,169.303
94.5647,48.8955,132.34,181.236
94.5847,47.8032,128.862,176.665
94.6047,45.9866,132.653,178.64
94.6247,48.9655,132.282,181.248
94.6447,45.591,131.475,177.066
94.6647,48.9185,132.192,181.11
94.6847,48.54,135.413,183.953
94.7047,46.5269,135.681,182.208
94.7247,45.388,129.946,175.334
94.7447,48.0951,132.354,180.449
94.7647,42.8413,129.577,172.419
94.7847,44.563,132.971,177.534
94.8047,40.0265,130.44,170.466
94.8247,43.2835,133.606,176.89
94.8447,46.5608,131.61,178.171
94.8647,46.0669,132.351,178.417
94.8847,46.4395,130.641,177.081
94.9047,46.6009,131.715,178.315
94.9247,45.1078,133.545,178.653
94.9447,46.5532,130.463,177.016
94.9647,42.9345,132.685,175.619
94.9847,46.1069,132.762,178.869
95.0047,43.477,131.605,175.082
95.0247,49.0165,131.532,180.549
95.0447,43.4843,129.692,173.176
95.0647,46.8105,131.256,178.066
95.0847,50.8449,134.64,185.485
95.1047,45.8712,128.78,174.651
95.1247,46.0915,133.232,179.323
95.1447,45.2081,131.349,176.557
95.1647,44.6577,129.42,174.078
95.1847,45.2154,131.458,176.673
95.2047,47.0247,132.097,179.122
95.2247,46.7783,133.495,180.273
95.2447,40.2863,129.53,169.816
95.2647,47.7122,132.541,180.253
95.2847,48.1025,131.778,179.88
95.3047,45.2777,128.88,174.158
95.3247,48.2455,129.869,178.115
95.3447,49.5121,131.714,181.226
95.3647,45.4706,132.183,177.654
95.3847,40.2676,130.423,170.691
95.4047,45.1752,132.393,177.568
95.4247,45.3142,133.096,178.411
95.4447,46.4717,131.766,178.238
95.4647,40.2201,128.811,169.031
95.4847,46.0523,128.812,174.864
95.5047,46.9095,131.108,178.018
95.5247,47.4753,129.502,176.978
95.5447,49.8851,130.917,180.802
95.5647,48.0971,132.868,180.965
95.5847,49.8499,131.747,181.597
95.6047,43.7666,131.587,175.353
95.6247,49.8519,131.158,181.01
95.6447,42.261,130.188,172.449
95.6647,49.3364,131.878,181.215
95.6847,44.8756,131.439,176.314
95.7047,44.3213,129.883,174.204
95.7247,44.6318,131.123,175.755
95.7447,46.2105,127.614,173.824
95.7647,44.5677,131.607,176.175
95.7847,50.3748,131.811,182.186
95.8047,49.6668,131.716,181.383
95.8247,42.1164,129.395,171.512
95.8447,42.5876,130.558,173.146
95.8647,49.072,131.868,180.94
95.8847,49.1117,130.208,179.319
95.9047,45.1642,130.245,175.409
95.9247,39.3689,129.489,168.858
95.9447,47.4445,132.578,180.023
95.9647,46.728,129.981,176.709
95.9847,42.2593,129.993,172.253
96.0047,42.991,129.499,172.49
96.0247,51.8024,130.573,182.375
96.0447,47.0437,131.4,178.444
96.0647,45.4717,130.439,175.911
96.0847,44.2185,131.223,175.441
96.1047,43.4895,129.478,172.968
96.1247,48.0069,131.367,179.374
96.1447,50.7238,132.658,183.382
96.1647,43.5068,129.185,172.692
96.1847,42.5884,129.282,171.871
96.2047,43.9794,130.573,174.553
96.2247,47.5299,131.154,178.684
96.2447,38.8379,130.126,168.964
96.2647,44.1547,132.336,176.491
96.2847,41.842,127.935,169.777
96.3047,43.3433,131.603,174.946
96.3247,37.9059,127.944,165.849
96.3447,45.5486,130.612,176.16
96.3647,45.128,130.49,175.618
96.3847,42.6167,129.489,172.105
96.4047,46.9236,130.221,177.145
96.4247,49.4699,129.446,178.916
96.4447,41.8912,129.084,170.976
96.4647,47.0316,127.039,174.071
96.4847,48.2343,130.473,178.707
96.5047,47.371,131.985,179.356
96.5247,42.7188,127.517,170.236
96.5447,45.2879,129.047,174.335
96.5647,41.9856,128.052,170.037
96.5847,48.7354,129.458,178.193
96.6047,43.6328,129.806,173.438
96.6247,45.5252,127.12,172.645
96.6447,43.8361,130.696,174.532
96.6647,49.2459,129.967,179.213
96.6847,37.8985,127.586,165.484
96.7047,48.325,126.036,174.361
96.7247,44.4581,131.158,175.617
96.7447,46.4496,127.238,173.688
96.7647,52.7177,131.796,184.514
96.7847,41.2797,125.356,166.636
96.8047,48.5278,130.334,178.862
96.8247,43.2021,127.209,170.411
96.8447,48.9044,130.556,179.46
96.8647,52.0127,131.045,183.058
96.8847,44.3885,128.173,172.561
96.9047,44.7122,128.215,172.927
96.9247,43.7152,127.653,171.368
96.9447,45.9695,128.139,174.109
96.9647,41.0558,128.765,169.821
96.9847,45.7944,130.078,175.873
97.0047,45.0169,127.879,172.896
97.0247,44.1986,126.557,170.755
97.0447,46.0885,129.125,175.213
97.0647,42.3025,127.96,170.263
97.0847,48.7912,130.18,178.971
97.1047,47.709,129.769,177.478
97.1247,40.6493,132.516,173.166
97.1447,47.0739,128.534,175.608
97.1647,45.8311,129.905,175.736
97.1847,40.2521,128.294,168.546
97.2047,46.4789,127.517,173.996
97.2247,44.1766,129.202,173.379
97.2447,43.0045,128.408,171.413
97.2647,43.814,129.641,173.455
97.2847,44.25,130.946,175.196
97.3047,44.2804,128.482,172.762
97.3247,46.5784,129.375,175.953
97.3447,45.6426,127.877,173.519
97.3647,43.4255,126.924,170.349
97.3847,41.3888,127.529,168.918
97.4047,43.2406,128.788,172.028
97.4247,48.7664,130.531,179.298
97.4447,43.9072,129.865,173.772
97.4647,39.049,125.602,164.651
97.4847,41.8408,127.587,169.427
97.5047,46.5394,126.671,173.21
97.5247,44.5984,127.392,171.99
97.5447,46.9373,126.978,173.915
97.5647,44.5891,129.369,173.958
97.5847,46.7291,128.752,175.481
97.6047,45.7593,126.066,171.825
97.6247,42.9407,125.007,167.948
97.6447,43.5388,127.454,170.993
97.6647,42.0731,127.229,169.302
97.6847,45.8698,130.039,175.909
97.7047,42.2983,129.012,171.31
97.7247,49.6551,127.596,177.252
97.7447,48.2983,126.924,175.223
97.7647,43.579,127.684,171.262
97.7847,47.0784,128.186,175.265
97.8047,43.0822,127.577,170.659
97.8247,37.5773,127.693,165.27
97.8447,47.1572,129.151,176.308
97.8647,46.6037,126.413,173.017
97.8847,46.5554,127.576,174.131
97.9047,47.4697,128.924,176.394
97.9247,44.3423,126.66,171.003
97.9447,42.1853,128.523,170.709
97.9647,45.3908,129.908,175.299
97.9847,43.1931,127.368,170.561
98.0047,42.948,128.224,171.172
98.0247,41.7551,128.198,169.953
98.0447,44.6919,128.143,172.834
98.0647,44.1658,127.802,171.968
98.0847,42.2439,127.925,170.169
98.1047,44.4477,129.227,173.675
98.1247,42.7094,127.139,169.849
98.1447,45.895,126.433,172.328
98.1647,48.5726,127.951,176.524
98.1847,47.4364,128.763,176.199
98.2047,38.0096,124.482,162.492
98.2247,46.0524,128.34,174.392
98.2447,39.481,127.203,166.684
98.2647,46.3882,127.12,173.508
98.2847,42.822,125.893,168.715
98.3047,45.1044,129.446,174.551
98.3247,43.997,126.393,170.39
98.3447,49.244,127.553,176.797
98.3647,38.3422,124.971,163.313
98.3847,46.5753,126.152,172.727
98.4047,46.5408,127.379,173.92
98.4247,41.778,127.603,169.381
98.4447,43.2578,127.264,170.522
98.4647,48.843,129.244,178.087
98.4847,43.1004,127.215,170.315
98.5047,39.2824,127.801,167.083
98.5247,43.9637,127.296,171.26
98.5447,42.0593,126.989,169.048
98.5647,46.2882,127.3,173.588
98.5847,46.5566,126.664,173.22
98.6047,40.9769,126.769,167.746
98.6247,39.8748,126.033,165.907
98.6447,48.0048,127.418,175.423
98.6647,44.8864,127.335,172.221
98.6847,39.4888,124.796,164.285
98.7047,44.4445,127.305,171.749
98.7247,44.272,125.957,170.229
98.7447,39.4594,128.539,167.999
98.7647,43.4089,128.209,171.618
98.7847,46.0868,127.749,173.836
98.8047,46.0704,125.701,171.771
98.8247,43.4569,124.592,168.049
98.8447,46.7987,126.463,173.262
98.8647,47.37,125.522,172.892
98.8847,45.0833,130.274,175.358
98.9047,44.0931,126.976,171.069
98.9247,43.1226,126.463,169.586
98.9447,38.8156,125.71,164.526
98.9647,47.9669,125.732,173.699
98.9847,47.3813,130.158,177.54
99.0047,44.9082,128.125,173.033
99.0247,41.7846,126.551,168.336
99.0447,39.731,124.917,164.648
99.0647,37.1897,124.755,161.944
99.0847,41.4938,126.97,168.464
99.1047,45.1787,127.765,172.944
99.1247,41.4509,127.192,168.643
99.1447,47.8243,128.438,176.262
99.1647,49.9537,128.256,178.21
99.1847,38.5048,124.864,163.369
99.2047,42.9682,127.262,170.231
99.2247,42.2769,124.393,166.67
99.2447,48.8289,126.867,175.696
99.2647,41.0648,125.133,166.198
99.2847,43.318,125.419,168.737
99.3047,42.9896,122.83,165.82
99.3247,48.7882,124.537,173.325
99.3447,39.2191,125.66,164.879
99.3647,44.6668,127.152,171.819
99.3847,41.5484,126.645,168.193
99.4047,39.8614,123.557,163.418
99.4247,41.8201,124.527,166.347
99.4447,46.0005,128.184,174.184
99.4647,41.514,122.404,163.918
99.4847,42.7082,126.924,169.632
99.5047,45.0017,126.631,171.633
99.5247,46.4355,125.394,171.829
99.5447,41.5052,123.973,165.478
99.5647,40.5776,123.318,163.896
99.5847,44.4021,124.821,169.224
99.6047,45.2414,124.751,169.993
99.6247,47.903,125.871,173.774
99.6447,46.45,127.079,173.529
99.6647,40.4422,122.51,162.952
99.6847,46.7213,126.576,173.297
99.7047,43.3817,126.776,170.157
99.7247,37.9915,124.602,162.593
99.7447,41.0134,125.329,166.342
99.7647,45.0823,124.519,169.601
99.7847,41.5403,122.745,164.285
99.8047,45.0169,126.208,171.225
99.8247,45.7236,125.586,171.309
99.8447,41.6974,124.927,166.624
99.8647,44.0042,125.641,169.645
99.8847,44.2169,125.492,169.709
99.9047,42.1938,124.972,167.166
99.9247,42.0597,125.726,167.786
99.9447,47.5408,128.353,175.893
99.9647,45.7412,126.101,171.842
99.9847,43.6602,125.808,169.468
100.005,41.0742,125.221,166.295
100.025,40.4965,125.368,165.865
100.045,43.843,126.44,170.283
100.065,41.6179,123.463,165.081
100.085,46.2,124.734,170.934
100.105,43.4435,125.52,168.963
100.125,39.017,124.53,163.547
100.145,42.3548,126.149,168.503
100.165,48.1713,127.717,175.888
100.185,41.3804,124.158,165.538
100.205,41.2592,125.547,166.806
100.225,43.5047,123.192,166.697
100.245,43.8171,124.455,168.272
100.265,40.874,125.675,166.549
100.285,43.0433,124.037,167.081
100.305,41.4882,126.092,167.581
100.325,40.8782,124.367,165.246
100.345,39.0786,124.066,163.144
100.365,45.1997,126.423,171.623
100.385,37.8161,124.491,162.307
100.405,41.1229,124.889,166.012
100.425,46.3163,125.318,171.634
100.445,40.1862,125.826,166.012
100.465,39.5312,124.232,163.763
100.485,37.5738,124.103,161.677
100.505,40.2586,123.475,163.734
100.525,40.5611,124.848,165.409
100.545,49.6015,127.453,177.055
100.565,44.0166,124.584,168.6
100.585,40.9711,123.815,164.786
100.605,38.1027,123.846,161.949
100.625,45.3314,124.166,169.497
100.645,36.8745,122.854,159.728
100.665,44.1677,124.752,168.919
100.685,49.0293,125.023,174.052
100.705,38.2827,123.549,161.831
100.725,41.0027,122.867,163.869
100.745,37.9408,125.554,163.495
100.765,45.7566,125.93,171.686
100.785,39.2347,123.71,162.944
100.805,39.4331,124.632,164.065
100.825,44.9677,123.905,168.873
100.845,44.5392,124.471,169.011
100.865,49.6015,125.802,175.403
100.885,39.3042,123.076,162.38
100.905,41.2889,122.372,163.661
100.925,44.0094,125.307,169.317
100.945,42.9563,124.071,167.027
100.965,45.2118,127.299,172.51
100.985,45.3498,122.884,168.234
101.005,41.03,123.727,164.757
101.025,40.985,124.019,165.004
101.045,42.3636,125.881,168.245
101.065,42.7978,125.338,168.136
101.085,38.2382,122.583,160.821
101.105,40.8364,122.818,163.654
101.125,42.0757,127.241,169.317
101.145,41.137,122.95,164.087
101.165,41.3902,126.638,168.028
101.185,46.027,124.433,170.46
101.205,42.2943,121.85,164.144
101.225,42.5024,123.38,165.882
101.245,41.965,122.325,164.29
101.265,43.0199,123.793,166.813
101.285,43.0791,125.144,168.223
101.305,42.6867,124.796,167.483
101.325,43.1085,123.462,166.57
101.345,40.8629,123.049,163.912
101.365,42.603,125.556,168.159
101.385,40.6055,124.101,164.706
101.405,44.775,125.032,169.807
101.425,43.3271,124.817,168.145
101.445,43.2914,124.257,167.548
101.465,39.9781,122.116,162.095
101.485,39.1471,121.272,160.419
101.505,42.1858,124.629,166.815
101.525,46.2156,125.014,171.229
101.545,39.1727,124.896,164.069
101.565,42.9021,123.805,166.707
101.585,37.8265,121.144,158.97
101.605,42.3052,120.704,163.009
101.625,42.8264,122.538,165.364
101.645,47.2692,123.425,170.694
101.665,40.5041,124.197,164.701
101.685,43.105,123.536,166.641
101.705,40.6132,123.454,164.067
101.725,42.7518,123.545,166.297
101.745,40.6014,123.396,163.997
101.765,45.962,124.766,170.728
101.785,42.5527,124.321,166.874
101.805,43.1893,124.102,167.291
101.825,38.8618,120.762,159.624
101.845,39.5723,122.719,162.292
101.865,38.6541,123.085,161.739
101.885,42.0329,125.113,167.146
101.905,37.209,122.471,159.68
101.925,36.0935,122.254,158.348
101.945,41.3508,123.185,164.536
101.965,47.6376,125.517,173.155
101.985,45.2765,124.98,170.257
102.005,43.0063,122.76,165.766
102.025,39.3993,120.704,160.103
102.045,44.6657,123.584,168.25
102.065,39.5481,121.311,160.859
102.085,39.2283,120.483,159.711
102.105,39.9775,123.8,163.778
102.125,46.5391,124.068,170.607
102.145,42.7189,122.433,165.152
102.165,41.6635,123.783,165.446
102.185,41.292,120.955,162.247
102.205,39.7441,123.429,163.173
102.225,40.0238,119.445,159.469
102.245,42.4407,123.354,165.794
102.265,41.5716,121.734,163.305
102.285,41.1987,124.898,166.097
102.305,40.6443,121.399,162.043
102.325,45.0018,123.347,168.349
102.345,41.316,121.673,162.989
102.365,44.5121,122.604,167.116
102.385,39.2044,122.803,162.007
102.405,39.2662,121.888,161.154
102.425,42.028,123.859,165.887
102.445,41.2839,123.426,164.71
102.465,44.8736,122.009,166.883
102.485,40.1808,121.431,161.612
102.505,40.6962,120.319,161.015
102.525,42.4811,125.611,168.093
102.545,42.6296,123.912,166.542
102.565,42.6827,122.595,165.278
102.585,35.8745,121.549,157.424
102.605,36.2841,122.285,158.569
102.625,43.8322,123.728,167.56
102.645,43.2589,123.461,166.72
102.665,42.2317,124.189,166.42
102.685,39.4728,120.774,160.247
102.705,42.0763,123.053,165.13
102.725,41.8892,122.884,164.773
102.745,41.7816,124.976,166.757
102.765,39.837,120.835,160.672
102.785,40.7479,120.105,160.852
102.805,42.856,122.445,165.301
102.825,37.9719,121.269,159.241
102.845,44.5993,122.899,167.498
102.865,39.2174,122.564,161.781
102.885,42.1369,121.267,163.403
102.905,44.7465,122.819,167.566
102.925,40.6022,121.184,161.787
102.945,40.921,120.911,161.832
102.965,38.7866,120.855,159.642
102.985,43.5567,124.245,167.801
103.005,40.1508,121.895,162.046
103.025,41.713,122.61,164.323
103.045,37.9256,119.397,157.323
103.065,40.5069,122.859,163.366
103.085,41.0615,121.798,162.86
103.105,38.5236,120.367,158.891
103.125,44.87,121.17,166.04
103.145,42.9473,121.904,164.851
103.165,39.543,122.081,161.624
103.185,40.3643,120.027,160.391
103.205,37.6536,120.528,158.182
103.225,40.0889,121.851,161.94
103.245,42.4524,122.381,164.834
103.265,37.9616,122.589,160.55
103.285,41.7196,121.854,163.573
103.305,38.3413,118.59,156.931
103.325,42.0222,123.331,165.353
103.345,44.8298,120.681,165.511
103.365,46.8225,123.562,170.385
103.385,36.4256,119.267,155.692
103.405,41.9435,123.219,165.163
103.425,40.4966,119.256,159.753
103.445,37.5281,123.082,160.61
103.465,37.5652,119.995,157.561
103.485,39.7022,119.586,159.288
103.505,42.1506,120.794,162.944
103.525,38.4113,121.441,159.852
103.545,42.0872,119.529,161.616
103.565,44.9561,122.696,167.652
103.585,39.0685,121.657,160.725
103.605,41.6946,121.146,162.841
103.625,34.2988,120.556,154.854
103.645,38.5221,118.085,156.607
103.665,36.5078,119.482,155.99
103.685,36.0108,119.301,155.312
103.705,47.7404,121.534,169.274
103.725,43.0658,124.226,167.291
103.745,39.7461,120.321,160.067
103.765,40.0699,121.796,161.866
103.785,47.1072,120.614,167.721
103.805,39.1903,120.359,159.549
103.825,40.7554,122.177,162.933
103.845,39.8165,120.18,159.997
103.865,40.8306,121.332,162.163
103.885,34.589,119.342,153.931
103.905,44.6888,121.864,166.553
103.925,39.2214,120.156,159.377
103.945,40.1371,119.551,159.689
103.965,42.4492,122.292,164.741
103.985,43.3531,120.482,163.835
104.005,45.7959,122.767,168.563
104.025,42.7349,121.801,164.536
104.045,43.244,121.684,164.928
104.065,40.4089,120.819,161.228
104.085,43.3046,120.484,163.788
104.105,40.2115,120.735,160.947
104.125,39.2541,120.417,159.671
104.145,43.2601,122.828,166.088
104.165,36.124,118.39,154.514
104.185,38.1585,119.801,157.96
104.205,36.8145,122.813,159.628
104.225,38.466,119.668,158.134
104.245,46.5419,121.46,168.002
104.265,43.4944,120.257,163.752
104.285,35.5571,119.207,154.764
104.305,36.234,117.048,153.282
104.325,45.7229,120.908,166.631
104.345,37.8954,118.388,156.284
104.365,39.2369,120.586,159.822
104.385,40.091,120.018,160.109
104.405,40.6785,121.515,162.194
104.425,37.3193,118.577,155.896
104.445,37.3581,118.343,155.701
104.465,40.486,121.708,162.194
104.485,40.2457,120.428,160.673
104.505,37.5685,119.772,157.341
104.525,41.256,121.417,162.673
104.545,37.7738,121.692,159.466
104.565,40.086,119.793,159.879
104.585,43.0908,121.884,164.975
104.605,35.664,118.133,153.797
104.625,38.9773,120.162,159.139
104.645,43.764,121.53,165.294
104.665,41.8453,122.04,163.885
104.685,33.6009,118.158,151.759
104.705,43.5248,121.218,164.743
104.725,38.0333,120.451,158.484
104.745,36.9479,120.328,157.276
104.765,39.8484,121.137,160.986
104.785,39.5978,120.14,159.738
104.805,42.4524,120.358,162.81
104.825,37.0075,120.234,157.242
104.845,39.5475,120.264,159.811
104.865,40.3085,119.462,159.77
104.885,41.028,120.576,161.604
104.905,45.3305,121.451,166.781
104.925,39.2167,119.552,158.768
104.945,40.4181,120.956,161.375
104.965,33.3055,117.292,150.598
104.985,41.6134,119.581,161.194
105.005,39.8309,118.979,158.81
105.025,42.7198,121.455,164.175
105.045,40.3479,119.704,160.052
105.065,43.0762,118.666,161.742
105.085,37.1838,120.274,157.458
105.105,38.1624,120.524,158.686
105.125,37.0076,118.555,155.562
105.145,38.3791,119.176,157.555
105.165,38.1403,120.508,158.648
105.185,38.7045,120.119,158.823
105.205,40.5771,119.897,160.475
105.225,37.3706,119.939,157.31
105.245,39.0874,118.689,157.777
105.265,42.5648,119.484,162.049
105.285,39.068,117.927,156.995
105.305,37.4847,117.074,154.558
105.325,43.1759,120.485,163.661
105.345,35.9377,118.211,154.149
105.365,38.3968,117.138,155.534
105.385,41.5549,119.268,160.822
105.405,42.3091,119.527,161.836
105.425,37.5993,118.104,155.703
105.445,41.828,118.059,159.887
105.465,43.2689,120.884,164.153
105.485,38.3405,119.016,157.356
105.505,38.347,119.592,157.939
105.525,35.4602,118.587,154.047
105.545,42.399,119.669,162.068
105.565,37.7246,119.015,156.74
105.585,38.7279,118.738,157.466
105.605,39.8272,117.556,157.383
105.625,44.1676,118.934,163.102
105.645,38.9338,117.965,156.899
105.665,40.7953,119.185,159.98
105.685,40.4561,118.894,159.35
105.705,36.219,116.676,152.895
105.725,45.4067,119.987,165.394
105.745,32.1491,117.499,149.648
105.765,40.3991,118.453,158.852
105.785,36.373,118.084,154.457
105.805,33.7956,116.511,150.307
105.825,43.4884,118.433,161.922
105.845,39.6727,119.164,158.836
105.865,37.8063,118.206,156.012
105.885,38.1084,118.939,157.047
105.905,37.7053,116.066,153.771
105.925,43.9802,121.254,165.234
105.945,37.2169,120.502,157.719
105.965,37.5511,120.195,157.746
105.985,40.9858,117.032,158.018
106.005,42.0702,116.445,158.515
106.025,39.0919,119.184,158.276
106.045,40.857,119.782,160.639
106.065,42.3196,119.543,161.863
106.085,35.2086,118.111,153.32
106.105,35.944,116.681,152.625
106.125,37.4382,118.323,155.761
106.145,35.0782,115.882,150.96
106.165,38.3854,118.198,156.583
106.185,36.1439,120.402,156.546
106.205,41.4893,118.289,159.778
106.225,38.092,118.399,156.491
106.245,38.5606,118.86,157.42
106.265,43.4494,118.239,161.688
106.285,38.0796,119.302,157.381
106.305,38.3265,117.701,156.027
106.325,38.9262,119.249,158.175
106.345,40.0543,120.096,160.15
106.365,41.0637,120.807,161.871
106.385,34.3771,115.032,149.409
106.405,39.6195,119.687,159.307
106.425,36.8328,119.452,156.285
106.445,36.3096,116.543,152.853
106.465,38.9695,119.491,158.46
106.485,35.5397,115.977,151.517
106.505,36.566,116.569,153.135
106.525,38.0693,118.228,156.297
106.545,41.3538,117.496,158.85
106.565,42.0525,117.861,159.913
106.585,39.6756,117.116,156.792
106.605,36.7478,116.198,152.946
106.625,36.8443,116.092,152.937
106.645,40.6042,118.362,158.966
106.665,37.3483,116.088,153.436
106.685,39.0213,116.994,156.015
106.705,42.4216,117.564,159.986
106.725,43.04,119.049,162.089
106.745,34.332,116.016,150.348
106.765,37.0757,117.544,154.62
106.785,42.7745,119.092,161.867
106.805,36.0365,118.079,154.116
106.825,36.6814,115.509,152.19
106.845,45.4695,119.02,164.49
106.865,39.1435,118.849,157.992
106.885,40.0823,117.585,157.667
106.905,36.2688,117.139,153.407
106.925,37.3413,117.487,154.828
106.945,43.889,119.667,163.556
106.965,44.1171,117.329,161.446
106.985,33.7002,114.933,148.633
107.005,40.636,117.783,158.419
107.025,38.9369,118.002,156.939
107.045,37.3515,113.896,151.248
107.065,40.3556,116.766,157.121
107.085,36.6623,116.754,153.417
107.105,39.7218,116.85,156.572
107.125,36.4504,115.832,152.282
107.145,40.4862,119.852,160.338
107.165,32.089,115.887,147.976
107.185,32.8511,118.383,151.235
107.205,33.2226,117.292,150.515
107.225,39.8366,116.425,156.262
107.245,36.2224,115.778,152
107.265,40.8753,117.188,158.063
107.285,37.8361,118.133,155.969
107.305,35.9063,112.641,148.547
107.325,40.4649,118.137,158.602
107.345,37.7673,117.222,154.99
107.365,42.3796,119.361,161.741
107.385,39.1686,116.712,155.88
107.405,39.8201,117.298,157.118
107.425,40.4498,116.027,156.477
107.445,38.7663,117.062,155.829
107.465,42.9422,116.886,159.828
107.485,37.419,116.606,154.025
107.505,37.3709,118.566,155.937
107.525,37.5224,115.186,152.708
107.545,40.3757,115.37,155.746
107.565,35.2923,116.393,151.685
107.585,38.2388,117.374,155.613
107.605,42.2923,116.312,158.604
107.625,36.8285,116.953,153.782
107.645,39.2021,117.856,157.058
107.665,41.1584,117.187,158.346
107.685,35.2873,114.393,149.681
107.705,36.6566,113.504,150.16
107.725,38.5646,116.271,154.835
107.745,37.2752,117.691,154.966
107.765,39.6541,117.382,157.036
107.785,38.806,118.043,156.849
107.805,35.1404,117.204,152.345
107.825,38.1734,117.377,155.55
107.845,35.6263,113.79,149.416
107.865,36.6446,118.364,155.008
107.885,37.4163,114.682,152.098
107.905,39.2746,116.016,155.291
107.925,36.5173,116.138,152.655
107.945,38.7804,115.583,154.363
107.965,36.0236,118.208,154.232
107.985,37.573,116.429,154.002
108.005,39.1608,117.203,156.364
108.025,37.2088,115.007,152.216
108.045,39.6823,116.971,156.653
108.065,37.235,117.733,154.968
108.085,37.3684,115.569,152.937
108.105,36.5234,117.694,154.218
108.125,38.1097,117.197,155.307
108.145,34.462,114.533,148.995
108.165,36.7746,116.753,153.527
108.185,39.1561,118.664,157.82
108.205,32.9412,115.527,148.468
108.225,36.6705,115.786,152.457
108.245,34.2854,115.91,150.195
108.265,38.7345,115.281,154.015
108.285,39.4772,118.135,157.612
108.305,38.2361,115.383,153.619
108.325,39.8216,116.24,156.062
108.345,39.7981,116.808,156.606
108.365,42.5132,115.559,158.072
108.385,38.6023,116.954,155.557
108.405,37.7325,113.933,151.665
108.425,34.0398,114.817,148.857
108.445,36.4743,113.984,150.458
108.465,41.4896,117.081,158.571
108.485,36.4298,116.036,152.466
108.505,39.5969,116.193,155.79
108.525,34.9043,114.637,149.541
108.545,34.7364,114.23,148.967
108.565,39.054,115.435,154.489
108.585,39.6794,115.524,155.204
108.605,37.6596,113.633,151.293
108.625,37.7586,115.048,152.806
108.645,40.276,117.419,157.695
108.665,37.0509,116.48,153.53
108.685,40.0461,114.803,154.849
108.705,38.2536,114.044,152.298
108.725,38.4644,117.156,155.621
108.745,32.7541,115.164,147.918
108.765,39.3307,114.426,153.757
108.785,35.0302,114.901,149.931
108.805,36.804,114.84,151.644
108.825,38.8034,115.447,154.25
108.845,39.0685,115.026,154.095
108.865,38.7329,116.692,155.425
108.885,37.002,115.894,152.896
108.905,30.817,114.897,145.714
108.925,36.9803,114.297,151.277
108.945,40.2026,115.512,155.715
108.965,38.2607,115.388,153.649
108.985,32.8681,115.578,148.446
109.005,40.3863,113.812,154.198
109.025,38.1704,115.181,153.351
109.045,39.7557,115.539,155.295
109.065,38.7368,114.146,152.883
109.085,34.1678,114.718,148.886
109.105,38.7485,114.922,153.67
109.125,37.9637,112.377,150.34
109.145,34.8104,113.817,148.628
109.165,40.6631,116.071,156.735
109.185,36.5124,114.13,150.642
109.205,35.6778,113.832,149.51
109.225,35.8615,114.227,150.088
109.245,39.5496,113.597,153.147
109.265,37.2173,113.798,151.015
109.285,35.4482,113.754,149.202
109.305,35.1357,115.263,150.399
109.325,34.3835,116.056,150.439
109.345,38.8112,115.969,154.78
109.365,34.9275,114.456,149.384
109.385,35.8205,113.307,149.127
109.405,38.5091,113.93,152.439
109.425,39.8068,112.862,152.669
109.445,35.7246,116.259,151.983
109.465,33.0419,113.071,146.113
109.485,37.4798,113.793,151.273
109.505,34.3768,112.284,146.661
109.525,42.1319,116.643,158.775
109.545,37.5339,113.96,151.494
109.565,40.1547,113.237,153.392
109.585,36.3366,114.372,150.708
109.605,33.0711,112.929,146
109.625,39.3741,114.575,153.949
109.645,38.2696,113.942,152.212
109.665,39.6748,115.176,154.851
109.685,37.5944,114.621,152.215
109.705,40.0467,113.895,153.942
109.725,36.6968,112.531,149.228
109.745,35.7632,114.077,149.841
109.765,37.2747,114.904,152.179
109.785,39.1417,113.329,152.47
109.805,34.2753,112.894,147.169
109.825,35.1276,112.453,147.581
109.845,42.7836,115.304,158.087
109.865,33.7051,112.433,146.138
109.885,37.1088,114.762,151.871
109.905,35.1082,113.907,149.015
109.925,37.1112,114.995,152.106
109.945,34.1779,113.525,147.703
109.965,36.2662,117.206,153.473
109.985,44.32,114.442,158.762
110.005,38.1726,114.768,152.941
110.025,37.4385,113.563,151.001
110.045,33.2584,111.425,144.683
110.065,36.1162,114.588,150.704
110.085,36.1996,114.856,151.055
110.105,32.4848,112.376,144.861
110.125,39.2195,115.578,154.798
110.145,32.5238,112.012,144.536
110.165,36.7835,114.887,151.67
110.185,40.1387,112.655,152.794
110.205,34.2374,112.734,146.971
110.225,40.6218,115.284,155.906
110.245,36.34,113.064,149.404
110.265,34.5471,113.964,148.511
110.285,39.9239,115.074,154.998
110.305,33.1605,112.683,145.843
110.325,36.3294,114.054,150.383
110.345,34.5797,112.4,146.98
110.365,35.1313,112.888,148.02
110.385,43.5595,114.844,158.404
110.405,34.2415,113.037,147.278
110.425,36.8236,113.208,150.032
110.445,36.7233,115.916,152.639
110.465,33.0414,112.367,145.408
110.485,38.6263,115.809,154.436
110.505,38.1637,114.555,152.718
110.525,40.3516,113.27,153.621
110.545,33.9561,112.166,146.122
110.565,35.0247,112.506,147.53
110.585,36.8495,113.428,150.277
110.605,37.1414,114.415,151.556
110.625,36.9598,113.827,150.787
110.645,39.4013,112.544,151.946
110.665,37.2922,113.241,150.533
110.685,35.1266,113.215,148.342
110.705,33.0473,112.334,145.382
110.725,37.5149,113.803,151.318
110.745,32.9111,111.118,144.029
110.765,35.3424,113.542,148.885
110.785,34.3766,113.602,147.978
110.805,40.537,113.194,153.731
110.825,36.276,113.669,149.945
110.845,40.2008,114.408,154.609
110.865,33.3182,112.815,146.133
110.885,37.791,114.79,152.581
110.905,31.0743,111.823,142.898
110.925,42.7823,112.933,155.715
110.945,36.1004,115.014,151.114
110.965,35.9504,113.34,149.29
110.985,34.7739,112.804,147.578
111.005,33.3821,112.328,145.71
111.025,38.8871,110.012,148.899
111.045,34.4353,112.109,146.545
111.065,37.5686,112.516,150.085
111.085,30.6441,112.38,143.024
111.105,40.7881,112.229,153.017
111.125,39.8477,111.195,151.042
111.145,37.1691,112.033,149.202
111.165,40.2987,113.239,153.538
111.185,33.1606,112.69,145.851
111.205,36.7755,113.316,150.091
111.225,34.3837,113.533,147.917
111.245,36.0661,114.156,150.223
111.265,39.4159,112.485,151.901
111.285,35.8106,112.499,148.309
111.305,31.8729,111.92,143.793
111.325,33.6903,112.666,146.356
111.345,32.5678,111.808,144.376
111.365,34.936,111.389,146.325
111.385,33.9646,110.429,144.394
111.405,40.4536,113.579,154.032
111.425,34.1111,112.184,146.295
111.445,38.1601,112.954,151.114
111.465,38.9824,112.179,151.162
111.485,29.8205,112.767,142.588
111.505,36.2335,112.95,149.184
111.525,31.8461,110.686,142.532
111.545,36.5542,110.675,147.229
111.565,35.4899,110.342,145.832
111.585,38.1395,113.23,151.37
111.605,33.1846,111.001,144.186
111.625,37.7278,112.085,149.812
111.645,37.4033,114.589,151.992
111.665,39.9107,113.048,152.959
111.685,37.7677,112.035,149.802
111.705,35.782,111.162,146.944
111.725,38.7847,112.013,150.797
111.745,32.077,110.406,142.483
111.765,33.8908,110.221,144.112
111.785,37.9165,113.004,150.921
111.805,31.5948,111.285,142.88
111.825,37.8468,112.234,150.08
111.845,37.6209,112.715,150.336
111.865,36.9389,112.414,149.353
111.885,33.012,110.25,143.262
111.905,35.5173,112.1,147.618
111.925,36.7333,111.284,148.017
111.945,32.9587,112.134,145.093
111.965,35.9198,112.926,148.846
111.985,40.4314,113.988,154.42
112.005,37.7839,113.964,151.748
112.025,31.8812,112.105,143.986
112.045,35.3863,111.858,147.244
112.065,36.9587,112.545,149.504
112.085,35.7346,111.366,147.101
112.105,31.362,111.432,142.794
112.125,36.4662,110.862,147.328
112.145,34.6569,111.392,146.049
112.165,34.4244,111.519,145.943
112.185,35.0374,111.106,146.144
112.205,35.8911,110.245,146.136
112.225,34.8634,110.643,145.506
112.245,41.1281,109.47,150.598
112.265,34.5542,110.769,145.323
112.285,36.7344,112.969,149.703
112.305,30.9263,111.794,142.72
112.325,31.9423,111.514,143.456
112.345,33.3445,111.466,144.811
112.365,37.1653,112.615,149.78
112.385,32.6518,109.765,142.417
112.405,37.2141,111.585,148.799
112.425,38.0462,114.728,152.774
112.445,31.8271,110.509,142.336
112.465,32.3373,112.332,144.669
112.485,40.2784,112.028,152.307
112.505,34.1047,109.195,143.3
112.525,33.2813,109.862,143.143
112.545,41.2031,111.652,152.855
112.565,35.9178,110.188,146.106
112.585,37.1634,112.097,149.26
112.605,31.797,109.111,140.908
112.625,32.3116,111.228,143.54
112.645,38.3174,110.614,148.932
112.665,41.7516,113.02,154.772
112.685,34.6397,111.882,146.521
112.705,35.0673,111.551,146.618
112.725,33.8088,112.466,146.275
112.745,34.7717,108.936,143.707
112.765,33.3509,109.911,143.261
112.785,32.6656,110.61,143.276
112.805,34.9346,111.4,146.335
112.825,34.0296,111.301,145.331
112.845,32.3516,109.489,141.84
112.865,38.8499,111.798,150.648
112.885,31.486,109.812,141.298
112.905,36.5272,109.765,146.292
112.925,37.0605,112.441,149.501
112.945,39.0545,113.108,152.162
112.965,32.3346,109.799,142.134
112.985,31.8108,112.568,144.379
113.005,31.904,109.422,141.326
113.025,40.6983,112.327,153.026
113.045,35.4432,109.712,145.155
113.065,39.2889,110.529,149.818
113.085,36.7152,108.134,144.85
113.105,36.2229,110.665,146.888
113.125,35.9958,110.877,146.872
113.145,34.7611,110.681,145.442
113.165,33.8143,111.689,145.503
113.185,36.6257,111.495,148.121
113.205,33.0689,112.886,145.955
113.225,33.821,109.689,143.51
113.245,31.764,110.666,142.43
113.265,36.0167,109.256,145.273
113.285,35.35,109.58,144.93
113.305,29.8741,109.048,138.922
113.325,37.1647,108.619,145.784
113.345,36.0683,109.972,146.04
113.365,37.7502,111.49,149.24
113.385,33.9318,108.236,142.168
113.405,37.3003,108.528,145.828
113.425,34.415,112.193,146.608
113.445,36.0896,112.367,148.457
113.465,33.6935,108.986,142.68
113.485,33.329,109.667,142.996
113.505,35.9727,111.22,147.193
113.525,33.8003,108.92,142.721
113.545,31.876,109.767,141.643
113.565,37.084,111.048,148.132
113.585,36.9094,109.334,146.243
113.605,37.212,109.201,146.413
113.625,34.4722,110.518,144.991
113.645,33.8771,108.844,142.721
113.665,30.7473,108.144,138.891
113.685,32.3133,110.389,142.702
113.705,31.263,108.7,139.963
113.725,40.3837,111.575,151.959
113.745,34.5284,108.438,142.967
113.765,37.3341,110.384,147.718
113.785,36.5491,107.969,144.518
113.805,34.3688,108.637,143.006
113.825,32.9677,109.822,142.79
113.845,30.0201,109.665,139.685
113.865,37.1051,108.316,145.421
113.885,34.2871,108.855,143.142
113.905,33.6852,110.088,143.774
113.925,36.0738,110.481,146.555
113.945,34.192,108.159,142.351
113.965,34.642,109.495,144.137
113.985,33.3837,108.043,141.427
114.005,34.0042,109.593,143.597
114.025,32.8837,109.087,141.971
114.045,31.7887,108.258,140.046
114.065,35.0955,110.078,145.174
114.085,33.9617,110.843,144.804
114.105,32.6916,107.77,140.461
114.125,37.4575,112.051,149.509
114.145,31.4442,106.723,138.167
114.165,34.2126,109.68,143.893
114.185,29.1681,108.521,137.689
114.205,34.193,110.618,144.811
114.225,35.147,109.418,144.565
114.245,34.4396,110.099,144.539
114.265,32.4054,108.922,141.327
114.285,36.7825,108.618,145.401
114.305,35.3398,109.664,145.004
114.325,37.1198,109.128,146.248
114.345,37.501,109.592,147.093
114.365,36.7849,110.78,147.565
114.385,33.262,110.586,143.848
114.405,34.469,106.589,141.058
114.425,39.0848,109.521,148.606
114.445,34.0369,107.031,141.068
114.465,31.5515,106.92,138.471
114.485,35.0033,109.746,144.749
114.505,32.0571,108.519,140.576
114.525,36.7562,109.26,146.016
114.545,32.92,108.993,141.913
114.565,36.5787,109.885,146.464
114.585,36.3276,111.124,147.452
114.605,31.4095,106.633,138.042
114.625,33.4196,107.56,140.98
114.645,32.2152,108.758,140.974
114.665,34.815,108.208,143.023
114.685,33.4095,110.156,143.565
114.705,32.1564,108.104,140.26
114.725,32.0563,108.898,140.954
114.745,32.3652,107.408,139.773
114.765,37.7574,110.085,147.842
114.785,32.9316,108.259,141.191
114.805,32.0724,110.421,142.494
114.825,35.4579,108.453,143.911
114.845,35.9946,109.481,145.475
114.865,34.4536,109.054,143.508
114.885,33.0477,109.28,142.327
114.905,33.0891,111.569,144.658
114.925,36.2198,110.232,146.452
114.945,36.5437,109.69,146.234
114.965,31.416,107.639,139.055
114.985,35.0505,107.927,142.978
115.005,31.1226,107.561,138.684
115.025,32.4098,109,141.409
115.045,30.9882,105.479,136.467
115.065,34.7185,106.066,140.785
115.085,37.649,110.695,148.344
115.105,34.2455,109.17,143.415
115.125,31.4393,106.536,137.975
115.145,33.7832,106.985,140.768
115.165,34.5946,107.142,141.737
115.185,36.0577,107.614,143.672
115.205,34.6987,110.488,145.187
115.225,29.7043,106.547,136.252
115.245,35.5685,107.973,143.542
115.265,31.4112,107.479,138.89
115.285,34.4124,107.55,141.963
115.305,34.8674,110.048,144.915
115.325,34.7804,107.428,142.208
115.345,29.6304,106.632,136.263
115.365,34.7342,109.688,144.422
115.385,33.5353,108.959,142.494
115.405,34.0224,108.094,142.117
115.425,34.4699,107.761,142.231
115.445,32.4732,105.374,137.847
115.465,34.9862,107.765,142.752
115.485,38.2465,107.99,146.237
115.505,34.9077,108.14,143.048
115.525,33.4259,108.425,141.85
115.545,32.8197,106.273,139.092
115.565,30.1211,107.567,137.688
115.585,36.7853,107.725,144.51
115.605,30.1187,107.474,137.592
115.625,32.5158,108.741,141.257
115.645,33.153,107.439,140.592
115.665,34.9513,109.162,144.113
115.685,33.0537,108.431,141.484
115.705,31.9289,108.197,140.126
115.725,35.8875,108.819,144.707
115.745,33.7775,108.492,142.269
115.765,32.0691,108.366,140.436
115.785,31.902,106.793,138.695
115.805,33.6516,106.566,140.218
115.825,34.8511,109.491,144.342
115.845,34.1364,107.519,141.655
115.865,36.1489,106.486,142.635
115.885,29.0693,105.351,134.421
115.905,33.5249,110.379,143.904
115.925,32.607,106.726,139.333
115.945,34.0159,106.876,140.892
115.965,33.4541,106.398,139.852
115.985,33.2419,106.266,139.508
116.005,33.8596,109.727,143.586
116.025,29.303,106.383,135.686
116.045,31.7555,107.762,139.517
116.065,32.0644,107.445,139.509
116.085,31.0453,106.381,137.426
116.105,33.4978,107.098,140.595
116.125,33.5075,106.686,140.194
116.145,39.0326,106.461,145.494
116.165,35.5661,106.344,141.91
116.185,32.1151,107.844,139.959
116.205,38.8743,108.115,146.989
116.225,32.2412,105.367,137.608
116.245,31.515,106.528,138.043
116.265,35.3585,106.246,141.604
116.285,31.3516,106.884,138.236
116.305,34.3216,106.704,141.026
116.325,34.3605,106.851,141.211
116.345,31.8303,106.004,137.834
116.365,32.0779,104.454,136.532
116.385,30.9911,105.71,136.701
116.405,35.5031,108.614,144.117
116.425,32.0013,105.97,137.972
116.445,33.1047,107.799,140.904
116.465,35.4056,108.141,143.546
116.485,38.7199,108.846,147.566
116.505,30.4878,108.11,138.598
116.525,33.8333,104.568,138.401
116.545,33.5785,107.536,141.114
116.565,31.6703,106.549,138.22
116.585,32.4312,106.985,139.416
116.605,29.6423,106.036,135.678
116.625,33.116,106.928,140.044
116.645,36.5087,106.498,143.006
116.665,36.8721,108.298,145.17
116.685,32.2372,105.866,138.104
116.705,30.8063,103.618,134.424
116.725,33.4477,104.831,138.279
116.745,37.4946,107.922,145.417
116.765,31.6081,105.934,137.542
116.785,29.9828,106.555,136.538
116.805,33.0367,107.049,140.085
116.825,30.0597,105.729,135.789
116.845,33.2433,104.739,137.983
116.865,35.191,108.43,143.621
116.885,35.3587,105.886,141.245
116.905,30.287,106.399,136.686
116.925,36.0676,106.111,142.179
116.945,31.6299,106.771,138.401
116.965,29.5216,105.27,134.792
116.985,35.9066,105.672,141.579
117.005,33.1585,106.369,139.527
117.025,33.7387,106.331,140.069
117.045,31.8833,105.557,137.44
117.065,36.6693,106.214,142.883
117.085,34.934,107.678,142.612
117.105,33.2484,107.657,140.906
117.125,33.727,106.27,139.997
117.145,34.182,106.899,141.081
117.165,31.1871,106.229,137.416
117.185,34.9076,107.861,142.769
117.205,30.2684,105.547,135.815
117.225,37.701,105.424,143.125
117.245,28.0555,104.808,132.864
117.265,30.6663,104.388,135.054
117.285,30.326,106.104,136.429
117.305,30.3371,104.065,134.402
117.325,34.8278,106.981,141.809
117.345,34.7377,107.012,141.75
117.365,31.3755,104.034,135.409
117.385,35.5814,105.744,141.325
117.405,32.6561,105.459,138.115
117.425,31.8002,106.137,137.937
117.445,34.8505,106.24,141.09
117.465,33.4415,106.179,139.62
117.485,31.6968,106.181,137.878
117.505,27.5374,105.464,133.001
117.525,32.9692,104.798,137.768
117.545,32.3624,105.948,138.31
117.565,36.27,104.335,140.605
117.585,32.7522,106.851,139.603
117.605,33.6064,106.156,139.763
117.625,32.6711,105.46,138.131
117.645,31.3913,105.105,136.497
117.665,32.2354,104.691,136.926
117.685,31.8578,105.341,137.199
117.705,30.3693,105.948,136.318
117.725,33.0323,104.078,137.11
117.745,30.8578,105.013,135.87
117.765,32.332,105.006,137.338
117.785,36.3615,106.513,142.874
117.805,33.8811,105.853,139.734
117.825,28.4767,105.288,133.765
117.845,32.9365,105.981,138.917
117.865,33.4924,105.183,138.676
117.885,33.6213,105.28,138.901
117.905,33.5527,105.328,138.881
117.925,30.1207,106.079,136.199
117.945,36.501,105.715,142.216
117.965,32.4511,104.746,137.198
117.985,30.6248,105.287,135.912
118.005,35.8065,104.193,140
118.025,33.057,104.405,137.462
118.045,27.998,103.912,131.91
118.065,32.1877,106.756,138.944
118.085,36.4919,106.473,142.965
118.105,29.9412,104.558,134.499
118.125,33.4962,107.434,140.931
118.145,27.7769,105.369,133.146
118.165,30.1422,106.158,136.301
118.185,31.9145,105.37,137.284
118.205,30.5922,102.88,133.473
118.225,32.6012,104.639,137.24
118.245,34.9398,103.412,138.352
118.265,36.1699,106.149,142.319
118.285,33.1452,103.242,136.387
118.305,35.4006,106.592,141.992
118.325,34.1017,105.908,140.01
118.345,31.4581,104.994,136.452
118.365,31.7603,104.991,136.752
118.385,34.286,104.476,138.762
118.405,31.3073,103.231,134.538
118.425,35.7083,103.318,139.026
118.445,33.2188,103.999,137.218
118.465,33.7565,104.163,137.92
118.485,31.1888,103.061,134.25
118.505,31.5004,104.973,136.473
118.525,32.1949,105.501,137.696
118.545,30.4713,105.054,135.526
118.565,30.9512,104.206,135.157
118.585,32.6128,107.107,139.72
118.605,30.754,104.817,135.571
118.625,34.9277,104.49,139.418
118.645,32.133,103.902,136.035
118.665,33.2056,104.574,137.78
118.685,27.5932,104.062,131.655
118.705,37.6169,104.501,142.118
118.725,33.1603,107.011,140.171
118.745,30.2825,102.381,132.664
118.765,35.9067,104.952,140.859
118.785,33.7522,104.292,138.044
118.805,35.7939,105.349,141.143
118.825,31.5412,104.076,135.617
118.845,31.2528,103.778,135.031
118.865,32.8472,104.675,137.522
118.885,31.6043,104.232,135.836
118.905,32.2773,103.169,135.447
118.925,32.1752,103.191,135.366
118.945,32.029,105.654,137.683
118.965,29.5267,102.927,132.453
118.985,35.0081,102.951,137.959
119.005,28.4079,103.174,131.582
119.025,31.9868,104.486,136.473
119.045,30.2957,103.376,133.672
119.065,28.9504,103.404,132.354
119.085,31.1698,102.232,133.402
119.105,34.5369,103.029,137.566
119.125,34.737,105.39,140.127
119.145,29.7545,105.13,134.885
119.165,30.3351,104.628,134.964
119.185,32.9356,105.232,138.168
119.205,28.0065,103.542,131.548
119.225,32.4086,103.848,136.256
119.245,37.1891,105.159,142.348
119.265,35.025,103.622,138.646
119.285,29.4397,103.116,132.556
119.305,30.6166,104.864,135.481
119.325,34.6114,104.312,138.923
119.345,31.0825,103.704,134.787
119.365,30.7435,105.45,136.193
119.385,28.1511,103.729,131.88
119.405,27.6094,103.836,131.446
119.425,31.9193,105.359,137.278
119.445,29.879,103.913,133.792
119.465,34.0564,104.611,138.667
119.485,29.9533,103.917,133.87
119.505,30.426,102.741,133.167
119.525,34.4534,103.422,137.876
119.545,30.8647,103.758,134.622
119.565,34.4234,104.465,138.888
119.585,33.7957,102.509,136.305
119.605,30.7035,105.017,135.72
119.625,29.4758,104.461,133.937
119.645,34.16,104.173,138.333
119.665,29.5583,104.149,133.707
119.685,33.3651,102.804,136.169
119.705,31.443,104.151,135.594
119.725,31.4721,105.187,136.659
119.745,27.9176,103.078,130.996
119.765,33.0878,103.757,136.845
119.785,30.635,101.968,132.603
119.805,34.5922,104.036,138.628
119.825,31.1141,102.722,133.836
119.845,33.3936,101.976,135.37
119.865,34.3504,101.962,136.312
119.885,27.767,101.886,129.653
119.905,31.762,102.517,134.279
119.925,32.9109,100.272,133.183
119.945,33.5672,103.398,136.965
119.965,32.8297,102.427,135.257
119.985,31.3716,102.724,134.095
120.005,25.6998,101.362,127.062
120.025,31.4258,103.696,135.122
120.045,31.5845,103.031,134.616
120.065,33.0517,102.712,135.763
120.085,30.8592,103.959,134.818
120.105,33.7557,103.469,137.224
120.125,34.3053,104.108,138.413
120.145,31.6504,103.969,135.62
120.165,31.1329,101.753,132.886
120.185,32.6508,104.258,136.909
120.205,29.3768,103.375,132.752
120.225,29.6777,101.922,131.6
120.245,33.7827,103.574,137.357
120.265,30.0161,101.497,131.513
120.285,34.8485,102.591,137.44
120.305,29.9306,102.386,132.317
120.325,32.0889,103.276,135.365
120.345,27.4389,102.796,130.235
120.365,30.2528,103.542,133.795
120.385,35.1615,103.087,138.248
120.405,32.4391,102.968,135.408
120.425,30.4675,102.831,133.299
120.445,32.0686,101.849,133.917
120.465,31.2801,103.269,134.549
120.485,30.7785,103.449,134.228
120.505,33.4218,101.485,134.907
120.525,29.6491,102.396,132.046
120.545,34.2443,103.915,138.159
120.565,33.5073,101.568,135.076
120.585,34.8466,103.255,138.101
120.605,29.1678,100.948,130.116
120.625,35.3133,104.945,140.259
120.645,30.7946,100.999,131.793
120.665,33.2979,102.318,135.616
120.685,29.234,101.592,130.826
120.705,33.4649,101.116,134.581
120.725,32.2215,102.834,135.055
120.745,32.8428,102.232,135.075
120.765,32.3427,104.036,136.379
120.785,35.5947,102.779,138.374
120.805,27.8152,101.407,129.222
120.825,32.1605,103.48,135.641
120.845,32.5025,102.565,135.067
120.865,33.1977,103.036,136.234
120.885,28.8288,102.481,131.31
120.905,26.1528,101.722,127.875
120.925,29.3625,103.103,132.465
120.945,29.1875,102.24,131.427
120.965,31.7958,103.179,134.975
120.985,28.3711,102.515,130.886
121.005,30.8805,103.481,134.361
121.025,28.7795,101.022,129.802
121.045,31.4832,100.961,132.444
121.065,30.2741,100.789,131.063
121.085,29.9488,103.482,133.431
121.105,29.1981,102.088,131.286
121.125,33.5297,100.75,134.279
121.145,29.9051,103.958,133.863
121.165,29.4509,101.934,131.385
121.185,32.4396,103.714,136.154
121.205,32.726,102.828,135.554
121.225,31.9055,103.849,135.754
121.245,29.726,100.954,130.68
121.265,32.5744,102.098,134.672
121.285,29.6261,103.813,133.439
121.305,29.6072,100.824,130.431
121.325,30.2412,102.483,132.724
121.345,31.6575,101.422,133.08
121.365,33.4586,99.7337,133.192
121.385,28.3751,101.606,129.981
121.405,26.367,102.859,129.226
121.425,34.554,102.193,136.747
121.445,29.5424,104.741,134.284
121.465,31.1311,100.79,131.921
121.485,34.3571,104.265,138.623
121.505,32.6339,102.579,135.213
121.525,30.3438,100.536,130.88
121.545,29.5491,101.753,131.302
121.565,32.7372,103.398,136.135
121.585,30.3442,101.713,132.058
121.605,31.2808,101.899,133.18
121.625,32.2292,101.409,133.638
121.645,29.2718,99.7469,129.019
121.665,32.8018,102.211,135.013
121.685,29.6561,100.025,129.681
121.705,30.5353,103.061,133.597
121.725,29.0923,103.369,132.462
121.745,31.7676,101.688,133.455
121.765,31.1826,103.536,134.718
121.785,29.2345,99.5479,128.782
121.805,32.0229,101.562,133.585
121.825,30.192,99.3499,129.542
121.845,28.6734,101.986,130.659
121.865,27.7271,100.868,128.595
121.885,32.9521,100.554,133.507
121.905,26.9144,100.803,127.717
121.925,29.9094,101.72,131.63
121.945,31.5739,101.299,132.873
121.965,31.1566,100.823,131.98
121.985,30.0993,102.31,132.409
122.005,34.7433,100.017,134.761
122.025,29.025,100.639,129.664
122.045,29.9998,100.49,130.49
122.065,31.5384,101.628,133.166
122.085,30.3758,103.087,133.463
122.105,31.2113,100.293,131.505
122.125,34.7189,102.164,136.883
122.145,30.0304,101.923,131.953
122.165,29.8945,100.411,130.305
122.185,33.1642,101.227,134.392
122.205,28.5654,100.367,128.933
122.225,33.0602,100.24,133.3
122.245,31.2778,101.214,132.491
122.265,31.3502,99.2141,130.564
122.285,30.6471,99.3087,129.956
122.305,31.8748,102.078,133.953
122.325,29.5342,100.306,129.84
122.345,30.8893,100.543,131.432
122.365,31.7372,100.702,132.439
122.385,33.1214,101.566,134.687
122.405,29.5097,100.204,129.714
122.425,34.1569,101.177,135.333
122.445,31.1657,99.726,130.892
122.465,29.988,100.399,130.387
122.485,29.0761,99.4956,128.572
122.505,31.1845,100.577,131.761
122.525,29.0903,101.29,130.38
122.545,31.4875,101.422,132.909
122.565,28.1257,100.986,129.112
122.585,29.5096,101.554,131.064
122.605,32.2751,99.7415,132.017
122.625,34.409,100.305,134.714
122.645,29.3851,99.3507,128.736
122.665,29.5571,99.8727,129.43
122.685,31.0657,100.268,131.334
122.705,31.4987,100.524,132.023
122.725,29.6852,100.455,130.141
122.745,30.1237,101.209,131.332
122.765,29.3914,100.724,130.115
122.785,34.312,101.38,135.692
122.805,29.1122,99.4149,128.527
122.825,25.8525,97.9572,123.81
122.845,32.8735,101.622,134.496
122.865,29.274,101.077,130.351
122.885,26.796,101.885,128.681
122.905,29.662,101.001,130.663
122.925,29.4106,99.457,128.868
122.945,25.7843,99.7639,125.548
122.965,26.6324,97.8675,124.5
122.985,30.9764,99.6381,130.614
123.005,33.4081,102.514,135.922
123.025,30.0626,101.554,131.616
123.045,32.9252,101.634,134.56
123.065,30.5282,100.423,130.951
123.085,27.4148,99.682,127.097
123.105,28.5741,97.1765,125.751
123.125,35.025,101.37,136.395
123.145,32.7611,98.875,131.636
123.165,29.024,99.6407,128.665
123.185,29.182,102.036,131.218
123.205,31.4515,100.051,131.502
123.225,32.9058,101.41,134.316
123.245,30.1015,100.153,130.254
123.265,31.0478,100.895,131.943
123.285,28.5971,101.741,130.338
123.305,29.6765,99.864,129.541
123.325,29.7377,101.023,130.761
123.345,29.602,100.845,130.447
123.365,29.2872,98.0861,127.373
123.385,33.8799,100.854,134.734
123.405,28.6271,100.554,129.181
123.425,30.4721,100.949,131.421
123.445,33.1907,99.9861,133.177
123.465,28.3993,100.076,128.475
123.485,29.8454,99.5278,129.373
123.505,32.9495,100.762,133.712
123.525,26.8335,99.4656,126.299
123.545,28.3835,101.508,129.891
123.565,34.7553,99.296,134.051
123.585,28.3558,98.4919,126.848
123.605,28.5752,99.4445,128.02
123.625,31.4971,98.7668,130.264
123.645,28.3077,99.1631,127.471
123.665,28.5119,100.748,129.26
123.685,29.0411,99.2329,128.274
123.705,30.8061,100.427,131.233
123.725,29.4792,98.5974,128.077
123.745,29.767,99.5876,129.355
123.765,26.3412,99.6089,125.95
123.785,29.4879,98.8187,128.307
123.805,30.7371,100.51,131.247
123.825,35.4972,99.6193,135.116
123.845,25.7236,99.2739,124.998
123.865,30.6189,100.1,130.719
123.885,31.926,100.202,132.128
123.905,26.5208,100.11,126.631
123.925,28.5191,98.9885,127.508
123.945,29.3068,99.4065,128.713
123.965,31.6788,99.3438,131.023
123.985,29.0758,98.3349,127.411
124.005,31.2472,100.406,131.653
124.025,28.0287,98.2024,126.231
124.045,29.1645,98.9132,128.078
124.065,31.684,100.087,131.771
124.085,25.4008,97.1381,122.539
124.105,31.7541,100.433,132.187
124.125,28.584,98.9536,127.538
124.145,29.7232,97.927,127.65
124.165,27.0525,98.9164,125.969
124.185,31.1945,100.225,131.419
124.205,28.8273,99.5642,128.391
124.225,23.9539,98.0719,122.026
124.245,34.4434,100.033,134.476
124.265,31.8993,99.7418,131.641
124.285,32.8244,99.2853,132.11
124.305,31.4731,98.8873,130.36
124.325,27.0899,99.5336,126.623
124.345,31.7594,98.9869,130.746
124.365,24.7847,99.3218,124.107
124.385,30.5041,99.8928,130.397
124.405,30.528,98.545,129.073
124.425,30.4813,98.7701,129.251
124.445,34.6361,99.1016,133.738
124.465,27.6431,100.574,128.217
124.485,29.1051,101.578,130.683
124.505,27.3255,98.1714,125.497
124.525,32.1467,99.4839,131.631
124.545,27.6762,100.627,128.303
124.565,27.6088,98.4833,126.092
124.585,33.1558,100.788,133.943
124.605,27.0256,97.7962,124.822
124.625,27.1851,99.0255,126.211
124.645,27.456,97.5844,125.04
124.665,28.4264,100.012,128.439
124.685,29.8747,99.7597,129.634
124.705,30.5395,98.5034,129.043
124.725,30.0526,99.4218,129.474
124.745,33.4859,99.3959,132.882
124.765,27.3173,100.297,127.614
124.785,30.3212,98.3709,128.692
124.805,28.6895,98.0333,126.723
124.825,29.1242,98.4558,127.58
124.845,35.6476,101.148,136.796
124.865,29.471,99.7812,129.252
124.885,28.3991,99.333,127.732
124.905,30.7554,99.0166,129.772
124.925,30.4822,97.6934,128.176
124.945,25.1174,98.3746,123.492
124.965,27.2523,98.3229,125.575
124.985,27.6945,98.6671,126.362
125.005,29.8319,97.1285,126.96
125.025,26.7831,97.7838,124.567
125.045,31.3038,99.1111,130.415
125.065,32.8,99.3093,132.109
125.085,27.0535,94.8601,121.914
125.105,28.9191,97.5737,126.493
125.125,30.4747,97.5843,128.059
125.145,33.0252,97.7955,130.821
125.165,22.1844,96.7608,118.945
125.185,31.4189,98.7641,130.183
125.205,29.5247,98.6094,128.134
125.225,30.0638,98.8399,128.904
125.245,31.8382,99.2921,131.13
125.265,28.4854,96.4015,124.887
125.285,27.6473,98.9184,126.566
125.305,29.6296,98.1365,127.766
125.325,25.5901,97.6542,123.244
125.345,30.7904,100.296,131.086
125.365,30.6284,97.158,127.786
125.385,28.8564,98.0603,126.917
125.405,26.6944,97.9898,124.684
125.425,30.5071,98.2325,128.74
125.445,28.6375,97.6485,126.286
125.465,31.7672,99.551,131.318
125.485,29.2254,98.7363,127.962
125.505,28.964,97.6228,126.587
125.525,32.0497,100.384,132.433
125.545,26.7468,96.7802,123.527
125.565,28.7988,98.6479,127.447
125.585,27.5593,97.8971,125.456
125.605,24.5843,94.6455,119.23
125.625,31.4426,98.8768,130.319
125.645,29.0501,99.3865,128.437
125.665,28.4295,98.3495,126.779
125.685,29.7087,98.5827,128.291
125.705,28.6979,98.5472,127.245
125.725,29.5998,98.5749,128.175
125.745,29.5803,97.2269,126.807
125.765,27.5226,96.4643,123.987
125.785,29.805,98.2028,128.008
125.805,28.1473,97.4981,125.645
125.825,26.7465,97.35,124.097
125.845,29.3696,97.6998,127.069
125.865,27.2795,97.3368,124.616
125.885,27.4013,97.7335,125.135
125.905,27.6303,98.4041,126.034
125.925,29.5093,97.4669,126.976
125.945,29.679,98.6933,128.372
125.965,28.4499,99.1301,127.58
125.985,27.3524,96.2829,123.635
126.005,26.3368,97.798,124.135
126.025,29.5321,98.7325,128.265
126.045,28.8264,97.9651,126.792
126.065,30.7285,98.129,128.857
126.085,32.1612,98.7784,130.94
126.105,27.9433,97.703,125.646
126.125,29.9624,96.8251,126.788
126.145,31.4523,98.0286,129.481
126.165,26.9803,96.2819,123.262
126.185,29.6484,98.3057,127.954
126.205,23.8227,95.6094,119.432
126.225,34.3053,98.7744,133.08
126.245,27.1809,96.3332,123.514
126.265,29.9326,98.2877,128.22
126.285,28.5496,98.0631,126.613
126.305,30.9847,96.4082,127.393
126.325,24.7389,96.4798,121.219
126.345,26.8529,96.6552,123.508
126.365,27.7125,97.3461,125.059
126.385,28.7574,98.442,127.199
126.405,29.3595,96.4797,125.839
126.425,26.8294,96.0623,122.892
126.445,29.4637,96.4885,125.952
126.465,30.1354,94.728,124.863
126.485,27.1712,96.8891,124.06
126.505,32.7091,98.021,130.73
126.525,29.9708,97.21,127.181
126.545,28.2418,97.1809,125.423
126.565,26.2575,96.1839,122.441
126.585,32.0181,95.6714,127.69
126.605,29.9509,98.0641,128.015
126.625,28.7734,97.4555,126.229
126.645,25.3901,95.8926,121.283
126.665,30.2695,97.5924,127.862
126.685,29.9044,96.6569,126.561
126.705,29.3921,99.1208,128.513
126.725,27.1388,97.6266,124.765
126.745,29.862,97.6297,127.492
126.765,29.369,97.3454,126.714
126.785,29.6026,98.28,127.883
126.805,22.4917,95.7292,118.221
126.825,24.4229,94.6313,119.054
126.845,30.1014,96.9441,127.045
126.865,30.5248,97.12,127.645
126.885,31.4842,96.7888,128.273
126.905,26.2549,96.0096,122.265
126.925,32.2424,96.1376,128.38
126.945,28.6639,98.3089,126.973
126.965,26.1517,96.2563,122.408
126.985,28.05,98.5462,126.596
127.005,28.1602,96.032,124.192
127.025,27.3446,96.0061,123.351
127.045,26.2234,96.6789,122.902
127.065,32.9973,97.5341,130.531
127.085,31.1298,97.9753,129.105
127.105,26.2022,96.5078,122.71
127.125,28.639,96.7069,125.346
127.145,29.1586,95.5365,124.695
127.165,27.8997,97.294,125.194
127.185,30.2793,98.6346,128.914
127.205,24.3905,95.2353,119.626
127.225,30.1982,95.2411,125.439
127.245,29.7617,94.3646,124.126
127.265,27.9999,95.9675,123.967
127.285,29.6569,95.8832,125.54
127.305,26.2901,95.6214,121.912
127.325,26.455,96.5776,123.033
127.345,26.8089,96.6724,123.481
127.365,26.8348,94.3901,121.225
127.385,29.0309,97.2444,126.275
127.405,27.5039,95.1361,122.64
127.425,27.7684,95.9013,123.67
127.445,29.1251,97.4062,126.531
127.465,29.2067,96.0813,125.288
127.485,30.0688,96.6412,126.71
127.505,28.9682,95.8865,124.855
127.525,29.3111,96.8434,126.154
127.545,28.078,95.8114,123.889
127.565,28.249,97.4829,125.732
127.585,26.8284,95.9944,122.823
127.605,29.0015,94.2892,123.291
127.625,28.0524,95.8233,123.876
127.645,27.0689,97.2459,124.315
127.665,24.1568,94.9607,119.117
127.685,27.1551,96.8442,123.999
127.705,28.9198,96.6658,125.586
127.725,28.2874,96.1187,124.406
127.745,26.9287,96.509,123.438
127.765,28.7829,96.3355,125.118
127.785,31.0826,96.8625,127.945
127.805,30.5234,94.4556,124.979
127.825,28.0557,95.5211,123.577
127.845,25.9056,95.932,121.838
127.865,29.9439,95.6292,125.573
127.885,30.9977,96.9255,127.923
127.905,27.9542,94.4149,122.369
127.925,28.1737,94.8009,122.975
127.945,24.5923,95.4737,120.066
127.965,30.495,96.855,127.35
127.985,27.0814,95.7773,122.859
128.005,31.7817,95.0065,126.788
128.025,26.6066,96.8295,123.436
128.045,27.7174,96.9861,124.704
128.065,30.6652,96.6934,127.359
128.085,25.6757,96.1751,121.851
128.105,26.6879,94.7962,121.484
128.125,32.0897,94.7387,126.828
128.145,25.8637,95.6703,121.534
128.165,24.7143,94.9876,119.702
128.185,31.019,94.5286,125.548
128.205,25.651,93.802,119.453
128.225,28.349,94.7207,123.07
128.245,26.4323,94.8059,121.238
128.265,29.5887,94.9545,124.543
128.285,27.3037,94.4591,121.763
128.305,26.0927,95.4976,121.59
128.325,28.4684,95.4271,123.896
128.345,30.0252,95.4556,125.481
128.365,28.2089,95.7273,123.936
128.385,29.3094,95.0572,124.367
128.405,30.5204,96.9266,127.447
128.425,27.3372,94.4464,121.784
128.445,27.6643,95.5361,123.2
128.465,25.927,97.0268,122.954
128.485,26.7715,94.7931,121.565
128.505,30.8118,96.7212,127.533
128.525,23.9625,94.6556,118.618
128.545,29.136,93.3278,122.464
128.565,26.9326,96.5358,123.468
128.585,27.5959,95.9643,123.56
128.605,27.7916,93.2605,121.052
128.625,26.6771,94.7351,121.412
128.645,27.9112,94.6263,122.537
128.665,27.5057,96.2486,123.754
128.685,23.7573,94.2201,117.977
128.705,29.9277,96.446,126.374
128.725,28.3265,92.8852,121.212
128.745,26.9296,95.3665,122.296
128.765,30.6233,95.3124,125.936
128.785,32.5319,95.8495,128.381
128.805,29.0028,95.1744,124.177
128.825,29.8317,96.2334,126.065
128.845,26.0518,93.4938,119.546
128.865,29.3378,95.2606,124.598
128.885,22.1495,92.9406,115.09
128.905,26.5707,95.7679,122.339
128.925,25.3084,94.6271,119.936
128.945,27.484,94.7069,122.191
128.965,28.2844,94.8827,123.167
128.985,28.4642,93.1289,121.593
129.005,24.4072,94.7831,119.19
129.025,26.0065,94.1393,120.146
129.045,30.2401,94.9656,125.206
129.065,29.3246,95.5467,124.871
129.085,26.385,95.1229,121.508
129.105,29.6633,96.3424,126.006
129.125,26.3515,93.9356,120.287
129.145,27.5624,95.518,123.08
129.165,28.4234,95.6968,124.12
129.185,30.4302,96.2623,126.692
129.205,25.9697,95.165,121.135
129.225,25.6008,95.4329,121.034
129.245,26.3359,94.3372,120.673
129.265,27.7467,93.9351,121.682
129.285,27.3837,94.1246,121.508
129.305,28.4038,95.9659,124.37
129.325,26.8948,93.3344,120.229
129.345,27.6894,93.9795,121.669
129.365,26.6991,93.0151,119.714
129.385,30.4484,94.2408,124.689
129.405,27.7806,92.9153,120.696
129.425,25.6153,94.1923,119.808
129.445,28.6951,96.9769,125.672
129.465,28.5207,94.4221,122.943
129.485,29.186,94.4168,123.603
129.505,29.3309,94.1535,123.484
129.525,29.01,96.2401,125.25
129.545,22.4103,92.98,115.39
129.565,27.2974,94.8602,122.158
129.585,24.6677,93.5342,118.202
129.605,29.9018,94.5375,124.439
129.625,25.8175,94.2521,120.07
129.645,26.4032,92.4291,118.832
129.665,27.7744,94.0124,121.787
129.685,25.2205,94.6892,119.91
129.705,29.9812,95.0798,125.061
129.725,23.5375,93.8728,117.41
129.745,28.9367,94.2972,123.234
129.765,26.4464,93.1083,119.555
129.785,28.3367,97.083,125.42
129.805,29.9555,93.8459,123.801
129.825,26.3485,94.093,120.441
129.845,27.2904,93.868,121.158
129.865,27.4066,95.729,123.136
129.885,24.1133,92.9979,117.111
129.905,25.3782,95.1695,120.548
129.925,30.1283,95.5165,125.645
129.945,22.0628,94.2086,116.271
129.965,31.8484,94.0935,125.942
129.985,28.662,93.4967,122.159
130.005,30.8094,93.7618,124.571
130.025,23.9952,92.5693,116.564
130.045,25.3844,94.1267,119.511
130.065,26.4128,95.1399,121.553
130.085,27.4882,96.9482,124.436
130.105,24.1656,94.8421,119.008
130.125,28.6986,94.3012,123
130.145,26.7222,93.2016,119.924
130.165,30.7247,93.2636,123.988
130.185,26.2682,93.7756,120.044
130.205,28.3657,92.3491,120.715
130.225,27.0637,92.7533,119.817
130.245,25.4404,92.8553,118.296
130.265,27.13,95.2812,122.411
130.285,26.2866,93.7161,120.003
130.305,25.2562,91.5493,116.805
130.325,22.1148,92.656,114.771
130.345,28.6777,92.9432,121.621
130.365,27.8319,93.5737,121.406
130.385,26.6663,94.0405,120.707
130.405,27.816,94.0427,121.859
130.425,28.337,95.8538,124.191
130.445,24.3847,94.2207,118.605
130.465,29.6069,94.6871,124.294
130.485,27.1505,93.2044,120.355
130.505,25.4451,93.3175,118.763
130.525,28.2007,92.0731,120.274
130.545,24.5954,93.8507,118.446
130.565,24.1634,95.4457,119.609
130.585,26.7817,92.5566,119.338
130.605,27.2359,93.5101,120.746
130.625,27.4397,94.4643,121.904
130.645,29.643,93.5822,123.225
130.665,26.1039,91.418,117.522
130.685,25.2742,93.185,118.459
130.705,25.3993,92.0274,117.427
130.725,25.5239,90.307,115.831
130.745,24.8922,92.3738,117.266
130.765,27.0707,93.5787,120.649
130.785,29.6581,92.939,122.597
130.805,25.4539,92.0002,117.454
130.825,26.3943,91.4368,117.831
130.845,25.6915,93.9265,119.618
130.865,26.7536,93.6793,120.433
130.885,28.9779,93.3875,122.365
130.905,28.4497,92.4695,120.919
130.925,27.3285,93.016,120.345
130.945,25.1162,91.7442,116.86
130.965,25.6458,94.0155,119.661
130.985,32.4332,95.1814,127.615
131.005,27.2626,94.1239,121.386
131.025,25.3589,91.6318,116.991
131.045,26.1077,92.2084,118.316
131.065,28.8907,94.4377,123.328
131.085,30.0673,92.3097,122.377
131.105,26.8208,90.7564,117.577
131.125,24.0708,92.559,116.63
131.145,25.6388,94.0573,119.696
131.165,26.8909,92.2864,119.177
131.185,28.6582,92.1355,120.794
131.205,26.7395,91.8142,118.554
131.225,27.5487,92.6009,120.15
131.245,25.8203,93.2729,119.093
131.265,26.3963,93.7459,120.142
131.285,27.8703,93.3532,121.223
131.305,26.8137,93.0617,119.875
131.325,27.1877,91.3011,118.489
131.345,26.8763,93.5542,120.43
131.365,27.7166,93.0433,120.76
131.385,27.9599,94.1267,122.087
131.405,25.0788,92.049,117.128
131.425,29.47,93.2006,122.671
131.445,24.2162,89.2917,113.508
131.465,28.6615,91.9399,120.601
131.485,27.5629,93.1744,120.737
131.505,25.4841,92.2335,117.718
131.525,27.6827,93.6767,121.359
131.545,24.255,90.9075,115.163
131.565,23.5428,90.8237,114.366
131.585,24.1274,91.7592,115.887
131.605,28.6875,93.0592,121.747
131.625,25.6926,92.4109,118.103
131.645,28.5897,92.4156,121.005
131.665,25.4711,91.2371,116.708
131.685,25.8481,91.2457,117.094
131.705,26.9603,93.5309,120.491
131.725,24.3054,90.8533,115.159
131.745,26.8365,93.7227,120.559
131.765,27.4206,93.4796,120.9
131.785,26.5996,92.6894,119.289
131.805,23.9816,93.0026,116.984
131.825,27.1272,93.3707,120.498
131.845,25.2385,91.2787,116.517
131.865,27.2018,92.6692,119.871
131.885,25.0135,92.17,117.184
131.905,26.7492,92.3592,119.108
131.925,26.3801,93.8074,120.187
131.945,22.6992,90.4425,113.142
131.965,29.6275,91.7366,121.364
131.985,27.7927,93.1948,120.987
132.005,28.9439,91.7869,120.731
132.025,30.8548,91.8865,122.741
132.045,23.6541,90.2208,113.875
132.065,25.2302,91.5972,116.827
132.085,25.9273,89.7854,115.713
132.105,25.1955,92.8136,118.009
132.125,27.1008,91.9981,119.099
132.145,27.4481,92.9476,120.396
132.165,27.986,88.9007,116.887
132.185,23.012,92.2658,115.278
132.205,25.3018,91.5791,116.881
132.225,28.7887,91.9027,120.691
132.245,28.4618,90.1981,118.66
132.265,26.7423,90.5324,117.275
132.285,25.4778,91.1869,116.665
132.305,24.9772,90.9827,115.96
132.325,30.8677,92.0687,122.936
132.345,26.2999,91.0383,117.338
132.365,23.4239,91.7778,115.202
132.385,27.0671,90.3665,117.434
132.405,27.3344,91.8271,119.161
132.425,26.1317,92.2215,118.353
132.445,25.0713,92.4715,117.543
132.465,22.173,90.807,112.98
132.485,27.1698,94.0504,121.22
132.505,27.4448,92.4381,119.883
132.525,26.4982,92.2094,118.708
132.545,25.7262,93.2143,118.941
132.565,24.35,92.5225,116.872
132.585,24.8938,91.2486,116.142
132.605,26.0956,89.6767,115.772
132.625,23.1724,89.0439,112.216
132.645,29.6403,91.9137,121.554
132.665,27.6432,91.7385,119.382
132.685,28.7946,90.9963,119.791
132.705,24.2748,91.7672,116.042
132.725,24.6838,92.6489,117.333
132.745,24.5404,91.6747,116.215
132.765,28.1968,91.1423,119.339
132.785,26.4288,90.9722,117.401
132.805,25.0518,90.4654,115.517
132.825,26.5029,92.455,118.958
132.845,25.3409,91.6266,116.967
132.865,28.7063,92.8967,121.603
132.885,25.9551,90.6147,116.57
132.905,24.1903,90.8575,115.048
132.925,24.1068,91.2019,115.309
132.945,23.7033,90.7796,114.483
132.965,23.853,90.4205,114.273
132.985,26.1349,91.2672,117.402
133.005,26.8498,91.7487,118.598
133.025,27.0592,90.1231,117.182
133.045,22.7167,90.9164,113.633
133.065,28.5916,91.5513,120.143
133.085,23.8289,90.5104,114.339
133.105,25.5528,91.9365,117.489
133.125,26.6386,90.3559,116.994
133.145,29.0581,91.6778,120.736
133.165,25.5219,90.7006,116.223
133.185,26.8093,91.1682,117.977
133.205,28.7461,92.2774,121.023
133.225,25.4798,91.9252,117.405
133.245,23.1057,91.626,114.732
133.265,26.3393,89.3078,115.647
133.285,26.3238,88.7275,115.051
133.305,28.9952,91.7279,120.723
133.325,23.9113,88.1789,112.09
133.345,24.1939,90.8202,115.014
133.365,26.1925,91.2452,117.438
133.385,25.7421,91.8864,117.628
133.405,26.2871,89.839,116.126
133.425,22.8326,92.251,115.084
133.445,25.7255,90.9443,116.67
133.465,21.5771,89.8208,111.398
133.485,23.0013,90.7928,113.794
133.505,29.6122,91.0534,120.666
133.525,24.3998,90.5848,114.985
133.545,25.0886,92.0059,117.095
133.565,27.5143,90.2844,117.799
133.585,26.9601,91.3617,118.322
133.605,27.5943,91.2957,118.89
133.625,21.9287,88.7904,110.719
133.645,21.7137,90.9666,112.68
133.665,23.6703,89.7201,113.39
133.685,23.5092,89.4442,112.953
133.705,26.5877,91.2584,117.846
133.725,28.6761,91.5177,120.194
133.745,26.3757,90.224,116.6
133.765,21.7213,88.3135,110.035
133.785,24.35,90.2466,114.597
133.805,25.1336,90.2243,115.358
133.825,26.7695,93.0612,119.831
133.845,22.652,89.4668,112.119
133.865,27.1075,91.6912,118.799
133.885,27.57,90.2393,117.809
133.905,29.1319,90.3051,119.437
133.925,25.8394,90.8133,116.653
133.945,23.4586,88.8875,112.346
133.965,25.9,89.0089,114.909
133.985,21.3613,89.282,110.643
134.005,25.8597,91.0004,116.86
134.025,24.2376,89.3042,113.542
134.045,26.9606,89.6746,116.635
134.065,26.8042,90.4888,117.293
134.085,27.0168,89.8558,116.873
134.105,28.1409,92.3678,120.509
134.125,22.7737,89.3213,112.095
134.145,26.3731,89.4904,115.863
134.165,24.8398,88.8048,113.645
134.185,22.4424,89.9951,112.437
134.205,28.7481,90.8328,119.581
134.225,25.9998,90.1935,116.193
134.245,22.9918,89.7032,112.695
134.265,26.3108,90.1923,116.503
134.285,24.7357,90.9431,115.679
134.305,23.9689,89.2903,113.259
134.325,23.4361,89.246,112.682
134.345,27.053,88.5756,115.629
134.365,28.0545,90.9624,119.017
134.385,18.6331,87.8975,106.531
134.405,27.5039,90.6451,118.149
134.425,27.9673,90.654,118.621
134.445,29.802,90.7454,120.547
134.465,23.9733,88.8713,112.845
134.485,25.8526,87.4982,113.351
134.505,21.7156,90.3787,112.094
134.525,28.242,90.3299,118.572
134.545,25.9509,89.8153,115.766
134.565,24.497,88.6032,113.1
134.585,23.1773,90.0042,113.181
134.605,22.0906,90.441,112.532
134.625,22.6929,89.8128,112.506
134.645,25.8939,90.8835,116.777
134.665,27.1046,90.1857,117.29
134.685,23.9303,88.4692,112.4
134.705,22.8575,88.7229,111.58
134.725,25.2803,89.3129,114.593
134.745,23.8391,90.5482,114.387
134.765,25.3404,89.7676,115.108
134.785,22.9075,91.4628,114.37
134.805,29.0744,90.4475,119.522
134.825,27.1731,90.843,118.016
134.845,27.5015,88.6892,116.191
134.865,26.3588,88.5838,114.943
134.885,23.7033,87.9537,111.657
134.905,25.1832,90.7005,115.884
134.925,24.4172,90.2989,114.716
134.945,25.7814,89.5357,115.317
134.965,24.6181,89.7363,114.354
134.985,25.1409,89.3077,114.449
135.005,23.5738,87.39,110.964
135.025,23.7083,88.9224,112.631
135.045,24.5763,89.6176,114.194
135.065,28.708,88.4841,117.192
135.085,22.4265,88.1134,110.54
135.105,24.7234,89.1911,113.915
135.125,27.5136,89.5378,117.051
135.145,26.2611,89.0625,115.324
135.165,23.6912,89.9705,113.662
135.185,25.3921,91.1405,116.533
135.205,22.3907,89.411,111.802
135.225,21.9166,86.8082,108.725
135.245,29.2803,89.0318,118.312
135.265,24.0447,87.6059,111.651
135.285,26.2069,87.879,114.086
135.305,25.53,89.6768,115.207
135.325,25.3221,91.3881,116.71
135.345,25.1714,89.0445,114.216
135.365,22.6865,88.2593,110.946
135.385,22.7767,88.9667,111.743
135.405,24.7692,89.6471,114.416
135.425,27.1418,88.918,116.06
135.445,24.3006,88.8352,113.136
135.465,25.8726,88.5716,114.444
135.485,20.736,89.3601,110.096
135.505,25.7333,88.6874,114.421
135.525,24.103,89.7803,113.883
135.545,22.0718,89.1921,111.264
135.565,27.4673,89.6344,117.102
135.585,23.859,89.2748,113.134
135.605,23.9002,87.1962,111.096
135.625,25.6056,88.591,114.197
135.645,25.8916,88.3667,114.258
135.665,22.0554,88.9371,110.992
135.685,24.1618,88.3274,112.489
135.705,24.1269,90.2462,114.373
135.725,25.7019,87.64,113.342
135.745,23.8907,88.9249,112.816
135.765,23.9271,87.5497,111.477
135.785,25.6351,89.6268,115.262
135.805,25.5985,88.6351,114.234
135.825,24.1335,86.5808,110.714
135.845,30.2257,89.4742,119.7
135.865,27.6807,89.1905,116.871
135.885,26.3846,89.2895,115.674
135.905,21.6292,87.7732,109.402
135.925,23.1907,86.2281,109.419
135.945,25.7538,87.4675,113.221
135.965,24.8703,89.2212,114.091
135.985,23.1859,87.563,110.749
136.005,27.0831,89.5829,116.666
136.025,25.4176,87.0529,112.471
136.045,24.6845,88.0587,112.743
136.065,23.848,86.9149,110.763
136.085,24.5165,88.7871,113.304
136.105,25.5937,87.8125,113.406
136.125,23.009,88.1649,111.174
136.145,26.6203,87.4682,114.089
136.165,25.2412,86.2392,111.48
136.185,26.599,88.9168,115.516
136.205,24.5423,86.692,111.234
136.225,27.9323,88.6389,116.571
136.245,22.1705,86.991,109.161
136.265,26.9178,86.9632,113.881
136.285,22.2369,86.519,108.756
136.305,21.16,87.5509,108.711
136.325,27.1824,87.4681,114.651
136.345,22.1298,86.1011,108.231
136.365,23.4827,88.1335,111.616
136.385,25.4412,88.9182,114.359
136.405,27.0514,87.1191,114.171
136.425,25.0478,87.9743,113.022
136.445,25.531,90.2381,115.769
136.465,23.5911,86.2405,109.832
136.485,25.7649,88.2472,114.012
136.505,21.7754,87.1345,108.91
136.525,21.0088,87.3549,108.364
136.545,28.0374,88.5802,116.618
136.565,22.8463,87.9666,110.813
136.585,24.0016,88.6771,112.679
136.605,25.1716,87.5125,112.684
136.625,23.4279,88.2402,111.668
136.645,27.0232,89.424,116.447
136.665,23.2623,87.5252,110.787
136.685,27.7036,88.7482,116.452
136.705,25.8445,87.8054,113.65
136.725,20.2188,87.8715,108.09
136.745,24.3874,87.5485,111.936
136.765,23.4848,87.2779,110.763
136.785,24.6544,86.9648,111.619
136.805,24.0986,87.8212,111.92
136.825,25.3877,87.0502,112.438
136.845,24.7977,87.504,112.302
136.865,22.8119,87.1018,109.914
136.885,22.0485,87.4422,109.491
136.905,23.765,88.6473,112.412
136.925,25.1365,86.3982,111.535
136.945,26.7777,86.1346,112.912
136.965,24.6625,86.8083,111.471
136.985,26.0413,87.8456,113.887
137.005,25.0921,87.8862,112.978
137.025,20.3613,86.3629,106.724
137.045,25.4773,87.717,113.194
137.065,23.4863,87.6879,111.174
137.085,26.1432,86.8223,112.965
137.105,27.5484,87.3315,114.88
137.125,23.1991,86.3965,109.596
137.145,23.6803,86.7012,110.382
137.165,25.0054,87.7193,112.725
137.185,26.1877,87.3136,113.501
137.205,24.2721,86.4094,110.682
137.225,27.8162,87.1552,114.971
137.245,23.8317,86.9921,110.824
137.265,27.3596,86.763,114.123
137.285,19.9692,87.644,107.613
137.305,22.3217,86.4241,108.746
137.325,23.3505,87.0618,110.412
137.345,23.4779,85.9675,109.445
137.365,26.5484,87.6966,114.245
137.385,24.0959,85.8311,109.927
137.405,25.4963,88.5957,114.092
137.425,24.7901,86.6622,111.452
137.445,22.0418,85.3655,107.407
137.465,25.5335,86.6831,112.217
137.485,24.9795,86.9881,111.968
137.505,23.5759,86.1261,109.702
137.525,27.8382,87.8365,115.675
137.545,24.9327,86.93,111.863
137.565,25.0396,87.563,112.603
137.585,23.5585,88.1391,111.698
137.605,21.6341,85.8556,107.49
137.625,23.9625,87.004,110.967
137.645,23.3292,86.4504,109.78
137.665,26.4547,87.8471,114.302
137.685,27.2986,88.4686,115.767
137.705,21.5455,85.228,106.773
137.725,23.6779,88.3872,112.065
137.745,24.171,87.1602,111.331
137.765,26.5053,86.033,112.538
137.785,23.4518,87.6213,111.073
137.805,21.3392,88.1934,109.533
137.825,26.2949,87.718,114.013
137.845,22.1512,86.1908,108.342
137.865,27.4965,88.4739,115.97
137.885,26.1438,85.1964,111.34
137.905,20.1006,86.1666,106.267
137.925,25.2674,86.0045,111.272
137.945,22.2028,85.1219,107.325
137.965,22.8879,85.508,108.396
137.985,24.3023,88.2073,112.51
138.005,23.8194,86.6491,110.468
138.025,22.798,87.2785,110.077
138.045,23.9892,85.6518,109.641
138.065,23.9866,86.304,110.291
138.085,25.2292,86.0798,111.309
138.105,27.7322,86.1507,113.883
138.125,24.0732,85.1106,109.184
138.145,23.1899,86.4614,109.651
138.165,22.6037,87.5059,110.11
138.185,25.0522,87.1238,112.176
138.205,21.1543,85.2322,106.386
138.225,25.0247,86.259,111.284
138.245,23.2635,86.2674,109.531
138.265,22.6943,86.6438,109.338
138.285,26.4485,86.003,112.452
138.305,22.4089,85.6894,108.098
138.325,28.8592,84.8504,113.71
138.345,21.7184,88.8669,110.585
138.365,22.9546,87.4192,110.374
138.385,25.4374,86.9217,112.359
138.405,21.0186,84.666,105.685
138.425,24.4617,87.1006,111.562
138.445,24.2664,86.6989,110.965
138.465,25.136,86.7322,111.868
138.485,21.1296,85.7747,106.904
138.505,23.5684,85.6862,109.255
138.525,23.376,86.0629,109.439
138.545,23.7836,85.1991,108.983
138.565,21.2545,84.4792,105.734
138.585,23.0455,86.618,109.664
138.605,22.4162,86.7057,109.122
138.625,26.1652,87.3209,113.486
138.645,22.5338,84.9637,107.497
138.665,22.6126,87.0037,109.616
138.685,24.4332,86.0096,110.443
138.705,23.2834,83.699,106.982
138.725,23.0988,85.0999,108.199
138.745,26.8713,87.2288,114.1
138.765,20.9728,84.7377,105.71
138.785,24.0111,84.5532,108.564
138.805,25.8179,87.2305,113.048
138.825,22.8371,86.1535,108.991
138.845,25.939,86.7379,112.677
138.865,24.1026,85.2821,109.385
138.885,22.5403,86.2889,108.829
138.905,27.1764,87.2961,114.472
138.925,24.4285,86.3282,110.757
138.945,23.8489,86.049,109.898
138.965,19.705,84.9372,104.642
138.985,23.7393,85.9354,109.675
139.005,23.4407,87.1718,110.613
139.025,23.6363,84.5323,108.169
139.045,25.3533,86.3871,111.74
139.065,24.5981,85.6328,110.231
139.085,24.5917,85.9737,110.565
139.105,23.521,84.8555,108.377
139.125,22.5033,85.4862,107.989
139.145,24.8686,86.2418,111.11
139.165,22.5483,85.5405,108.089
139.185,23.2777,85.9424,109.22
139.205,21.0893,84.6674,105.757
139.225,21.5264,86.0728,107.599
139.245,26.5402,86.1214,112.662
139.265,23.4854,85.0961,108.582
139.285,22.0118,86.9078,108.92
139.305,21.3314,85.187,106.518
139.325,26.0582,84.9623,111.021
139.345,25.3966,86.0603,111.457
139.365,20.5941,85.8626,106.457
139.385,24.141,85.0417,109.183
139.405,22.9771,84.6268,107.604
139.425,23.2177,86.8075,110.025
139.445,22.2383,84.9198,107.158
139.465,23.65,86.3962,110.046
139.485,20.7711,84.7184,105.49
139.505,25.0287,85.6572,110.686
139.525,23.255,82.4989,105.754
139.545,25.5348,85.9822,111.517
139.565,24.6415,83.2908,107.932
139.585,24.9781,84.6465,109.625
139.605,19.4534,84.3336,103.787
139.625,22.9007,84.6489,107.55
139.645,21.0795,83.6377,104.717
139.665,22.8416,84.6196,107.461
139.685,24.7769,84.9407,109.718
139.705,25.3374,86.9925,112.33
139.725,22.8536,84.0536,106.907
139.745,24.6663,85.5163,110.183
139.765,20.6017,84.0204,104.622
139.785,22.8875,84.8359,107.723
139.805,21.1144,83.6404,104.755
139.825,22.7497,85.2353,107.985
139.845,27.9916,85.0614,113.053
139.865,25.1018,84.93,110.032
139.885,20.6984,84.9618,105.66
139.905,21.6977,83.619,105.317
139.925,22.0488,84.8968,106.946
139.945,21.646,83.8247,105.471
139.965,21.8045,84.6543,106.459
139.985,26.3127,85.0347,111.347
140.005,22.2363,85.92,108.156
140.025,22.9987,84.6753,107.674
140.045,23.1399,83.9967,107.137
140.065,23.0665,85.0168,108.083
140.085,22.9909,83.2332,106.224
140.105,21.046,84.6466,105.693
140.125,25.3496,84.9184,110.268
140.145,19.3311,82.6393,101.97
140.165,20.8984,84.1741,105.072
140.185,25.0967,85.6348,110.732
140.205,25.3344,83.3678,108.702
140.225,24.6615,85.8342,110.496
140.245,21.0246,84.0482,105.073
140.265,23.7276,84.6337,108.361
140.285,22.3061,85.2399,107.546
140.305,22.6473,85.567,108.214
140.325,24.1462,84.5397,108.686
140.345,24.5671,83.8118,108.379
140.365,27.3791,85.1842,112.563
140.385,22.9886,84.0037,106.992
140.405,24.6645,84.3376,109.002
140.425,22.4939,85.5082,108.002
140.445,24.8909,85.1939,110.085
140.465,25.4143,84.9842,110.399
140.485,20.7715,84.99,105.762
140.505,21.4728,84.9861,106.459
140.525,20.6346,84.5531,105.188
140.545,20.088,83.5657,103.654
140.565,24.3069,85.7821,110.089
140.585,25.0223,84.963,109.985
140.605,22.0045,84.0793,106.084
140.625,20.8025,83.3929,104.195
140.645,22.2079,84.8167,107.025
140.665,22.0985,83.5569,105.655
140.685,22.1185,84.212,106.331
140.705,22.6905,83.1426,105.833
140.725,25.1218,83.3612,108.483
140.745,24.0022,84.6714,108.674
140.765,22.1576,85.0329,107.191
140.785,28.171,84.9643,113.135
140.805,20.7428,84.1033,104.846
140.825,21.5159,84.075,105.591
140.845,21.3449,84.6665,106.011
140.865,25.1796,84.0483,109.228
140.885,20.3811,83.2605,103.642
140.905,19.8092,84.9081,104.717
140.925,22.3523,82.7624,105.115
140.945,21.8619,83.6772,105.539
140.965,22.1294,83.8581,105.987
140.985,24.465,84.8933,109.358
141.005,21.3676,83.7354,105.103
141.025,23.6641,83.1817,106.846
141.045,23.0337,83.1404,106.174
141.065,23.3212,83.0155,106.337
141.085,24.3245,83.225,107.549
141.105,22.4364,83.561,105.997
141.125,22.7869,82.5637,105.351
141.145,22.4518,83.6729,106.125
141.165,22.2794,85.0027,107.282
141.185,25.0354,85.0096,110.045
141.205,22.8246,83.6691,106.494
141.225,23.0673,84.1762,107.243
141.245,24.2751,84.8817,109.157
141.265,22.1835,83.286,105.469
141.285,20.3784,82.9257,103.304
141.305,18.2082,83.3702,101.578
141.325,24.7902,84.2673,109.058
141.345,24.5786,85.1626,109.741
141.365,23.0978,84.8084,107.906
141.385,21.5284,82.4953,104.024
141.405,21.0179,82.6763,103.694
141.425,25.1852,82.9215,108.107
141.445,26.704,83.4217,110.126
141.465,21.5517,81.855,103.407
141.485,23.4826,84.6265,108.109
141.505,22.7659,83.3462,106.112
141.525,23.7725,83.3457,107.118
141.545,21.8972,83.2927,105.19
141.565,24.662,82.5519,107.214
141.585,21.7333,83.8781,105.611
141.605,21.2869,82.9703,104.257
141.625,21.766,83.6727,105.439
141.645,21.2177,83.508,104.726
141.665,21.9918,82.2308,104.223
141.685,23.9303,83.344,107.274
141.705,21.0806,82.2893,103.37
141.725,21.0773,81.5153,102.593
141.745,23.4416,84.2179,107.66
141.765,25.4699,84.7218,110.192
141.785,22.3778,82.647,105.025
141.805,24.3392,82.2303,106.57
141.825,24.3899,83.2649,107.655
141.845,21.4506,83.9465,105.397
141.865,22.2949,82.3306,104.625
141.885,20.8437,83.4511,104.295
141.905,22.591,82.336,104.927
141.925,23.7839,84.0169,107.801
141.945,22.7653,82.4166,105.182
141.965,23.8187,81.8749,105.694
141.985,21.7951,82.6395,104.435
142.005,18.5368,82.7562,101.293
142.025,23.5601,82.7336,106.294
142.045,23.0905,82.0026,105.093
142.065,26.7628,82.3962,109.159
142.085,18.0147,83.5841,101.599
142.105,24.9583,82.3495,107.308
142.125,20.1138,83.5951,103.709
142.145,24.4321,82.0022,106.434
142.165,21.9684,83.7637,105.732
142.185,22.5152,83.4085,105.924
142.205,23.1903,83.2909,106.481
142.225,21.3088,83.3576,104.666
142.245,18.9385,82.756,101.695
142.265,20.8392,82.867,103.706
142.285,21.147,83.5967,104.744
142.305,23.1858,80.5421,103.728
142.325,29.2799,84.5326,113.812
142.345,20.83,83.1373,103.967
142.365,23.3191,83.1806,106.5
142.385,23.2418,82.3341,105.576
142.405,25.3718,84.538,109.91
142.425,22.5717,82.4798,105.052
142.445,19.7145,81.2729,100.987
142.465,22.9222,83.0419,105.964
142.485,22.9365,81.5343,104.471
142.505,22.6304,84.24,106.87
142.525,19.8334,82.9969,102.83
142.545,21.5235,82.7799,104.303
142.565,22.5216,81.8571,104.379
142.585,24.8933,82.4691,107.362
142.605,22.0736,82.2055,104.279
142.625,20.6936,81.9816,102.675
142.645,21.9684,79.4784,101.447
142.665,23.6677,83.2565,106.924
142.685,22.6716,82.8083,105.48
142.705,21.8749,82.2837,104.159
142.725,21.1297,82.9409,104.071
142.745,19.3691,82.5428,101.912
142.765,22.5969,82.8753,105.472
142.785,20.488,82.471,102.959
142.805,21.0487,83.009,104.058
142.825,21.202,82.3378,103.54
142.845,25.2034,82.804,108.007
142.865,22.4329,82.949,105.382
142.885,25.1859,82.3141,107.5
142.905,22.6044,81.5229,104.127
142.925,18.7131,81.6662,100.379
142.945,27.9222,83.1883,111.11
142.965,20.4628,82.1265,102.589
142.985,21.4563,82.1781,103.634
143.005,22.6345,82.4832,105.118
143.025,21.4756,80.8641,102.34
143.045,23.0515,83.0643,106.116
143.065,22.9891,82.4767,105.466
143.085,23.1762,81.9328,105.109
143.105,20.3242,81.6391,101.963
143.125,22.2443,82.8507,105.095
143.145,19.6861,81.6713,101.357
143.165,21.8014,81.4483,103.25
143.185,24.0958,81.395,105.491
143.205,22.3682,80.7746,103.143
143.225,21.9722,83.2005,105.173
143.245,20.4097,81.7262,102.136
143.265,22.2219,82.1992,104.421
143.285,24.7817,81.8849,106.667
143.305,24.0565,82.2716,106.328
143.325,21.8773,81.2759,103.153
143.345,21.7927,81.8238,103.617
143.365,22.5461,82.4036,104.95
143.385,23.3241,82.0206,105.345
143.405,22.2287,82.9929,105.222
143.425,21.8552,80.7877,102.643
143.445,19.2076,79.2163,98.4239
143.465,20.3134,80.5287,100.842
143.485,22.2947,82.2698,104.565
143.505,22.8946,82.4372,105.332
143.525,24.307,80.3955,104.702
143.545,20.9349,81.716,102.651
143.565,19.2492,82.3086,101.558
143.585,24.1683,81.665,105.833
143.605,22.1208,80.7159,102.837
143.625,21.0389,82.886,103.925
143.645,21.0292,82.906,103.935
143.665,21.7681,81.9874,103.756
143.685,21.6766,82.0107,103.687
143.705,23.3965,81.3022,104.699
143.725,21.4793,81.6288,103.108
143.745,22.8853,81.7069,104.592
143.765,23.8632,82.2054,106.069
143.785,20.0998,80.8728,100.973
143.805,21.5199,81.2662,102.786
143.825,20.5146,80.491,101.006
143.845,24.0899,82.0485,106.138
143.865,23.2283,80.3063,103.535
143.885,22.0609,80.8105,102.871
143.905,19.1594,82.194,101.353
143.925,24.399,81.9775,106.377
143.945,24.7119,81.9354,106.647
143.965,20.7956,81.4544,102.25
143.985,24.3955,82.4698,106.865
144.005,23.1251,79.5817,102.707
144.025,16.679,79.6199,96.2989
144.045,21.1278,82.2021,103.33
144.065,21.3776,81.3572,102.735
144.085,22.793,82.3403,105.133
144.105,22.1121,81.266,103.378
144.125,23.0987,81.7933,104.892
144.145,19.9869,80.3021,100.289
144.165,23.2802,80.6288,103.909
144.185,19.7129,79.9733,99.6863
144.205,23.3354,81.2973,104.633
144.225,21.4891,79.9716,101.461
144.245,23.4,83.4208,106.821
144.265,20.9289,80.5768,101.506
144.285,22.7702,80.4876,103.258
144.305,22.4922,82.3645,104.857
144.325,21.9773,80.8089,102.786
144.345,20.7449,81.6503,102.395
144.365,22.5988,79.4398,102.039
144.385,21.671,80.0409,101.712
144.405,22.8624,81.2658,104.128
144.425,21.2095,80.1214,101.331
144.445,20.5899,79.5914,100.181
144.465,24.0596,81.1612,105.221
144.485,22.7903,79.1567,101.947
144.505,22.267,81.5057,103.773
144.525,20.9498,81.0009,101.951
144.545,20.372,80.5369,100.909
144.565,24.346,81.099,105.445
144.585,20.4991,80.4084,100.908
144.605,19.688,79.9251,99.6131
144.625,23.497,80.0983,103.595
144.645,21.7552,80.9526,102.708
144.665,21.7166,81.9731,103.69
144.685,20.9471,79.3536,100.301
144.705,23.8398,82.6914,106.531
144.725,23.9793,81.0333,105.013
144.745,20.3497,80.193,100.543
144.765,22.3816,80.4352,102.817
144.785,19.0179,80.9168,99.9346
144.805,22.1905,79.4103,101.601
144.825,22.5264,79.3913,101.918
144.845,22.1211,81.0142,103.135
144.865,20.0592,80.7766,100.836
144.885,23.8053,80.2184,104.024
144.905,20.8256,80.7535,101.579
144.925,23.4885,81.3427,104.831
144.945,18.8404,79.0896,97.93
144.965,21.4818,81.1177,102.6
144.985,20.7444,79.9961,100.741
145.005,18.6177,80.804,99.4217
145.025,20.4822,79.9216,100.404
145.045,22.3856,80.9113,103.297
145.065,21.6943,82.2458,103.94
145.085,21.1162,80.4057,101.522
145.105,20.9649,81.3441,102.309
145.125,22.0779,80.0222,102.1
145.145,20.7837,79.6547,100.438
145.165,22.7364,79.9035,102.64
145.185,20.387,79.3158,99.7028
145.205,19.5605,79.7686,99.3291
145.225,25.171,81.1493,106.32
145.245,22.6376,80.585,103.223
145.265,18.8035,80.541,99.3445
145.285,21.232,79.1852,100.417
145.305,20.7003,80.1857,100.886
145.325,21.257,81.3921,102.649
145.345,22.1691,80.3769,102.546
145.365,19.4222,78.7718,98.1939
145.385,23.1452,81.2677,104.413
145.405,19.8453,79.9997,99.845
145.425,21.5523,79.9288,101.481
145.445,19.8022,79.1091,98.9113
145.465,21.5401,78.7514,100.291
145.485,19.6689,79.651,99.3199
145.505,23.4063,80.3258,103.732
145.525,21.1473,79.7928,100.94
145.545,19.8357,79.6876,99.5233
145.565,19.8893,81.0354,100.925
145.585,20.4582,79.953,100.411
145.605,21.6098,80.0147,101.625
145.625,20.1419,79.7891,99.9311
145.645,18.4422,78.9167,97.3588
145.665,22.1139,81.0568,103.171
145.685,23.0346,80.5178,103.552
145.705,19.3509,79.4929,98.8438
145.725,21.0066,78.8141,99.8206
145.745,20.4131,79.3323,99.7454
145.765,18.4771,79.6838,98.1609
145.785,22.9348,80.3044,103.239
145.805,23.1789,80.3807,103.56
145.825,22.6897,79.0504,101.74
145.845,22.522,79.0257,101.548
145.865,22.6681,79.3774,102.046
145.885,20.1287,79.8449,99.9736
145.905,22.8212,78.9457,101.767
145.925,25.5324,81.019,106.551
145.945,20.1274,78.9359,99.0632
145.965,21.988,79.4465,101.434
145.985,20.6186,78.8363,99.4549
146.005,21.3289,78.8081,100.137
146.025,18.6173,79.4922,98.1095
146.045,23.3083,80.1985,103.507
146.065,22.2163,79.6941,101.91
146.085,22.4311,79.0478,101.479
146.105,22.48,78.8023,101.282
146.125,18.0526,79.4452,97.4978
146.145,20.1127,80.3646,100.477
146.165,21.5521,80.9037,102.456
146.185,21.8395,79.6715,101.511
146.205,20.3214,77.0261,97.3475
146.225,20.1414,79.3968,99.5381
146.245,20.9495,79.7537,100.703
146.265,21.2095,78.4746,99.6841
146.285,22.9675,81.3713,104.339
146.305,18.7772,78.6122,97.3894
146.325,22.4756,80.6261,103.102
146.345,20.3793,79.7401,100.119
146.365,19.8067,78.8203,98.6269
146.385,23.0548,79.1863,102.241
146.405,19.6797,79.5794,99.2591
146.425,20.9237,80.1707,101.094
146.445,22.4607,79.9888,102.449
146.465,20.5856,78.4371,99.0227
146.485,18.271,79.3478,97.6188
146.505,17.6124,79.3151,96.9275
146.525,20.5507,80.6384,101.189
146.545,20.9922,81.3816,102.374
146.565,20.2909,80.7988,101.09
146.585,22.9623,79.269,102.231
146.605,17.2176,78.1184,95.336
146.625,21.5085,78.9898,100.498
146.645,20.8805,79.9109,100.791
146.665,22.7941,79.8202,102.614
146.685,21.6812,79.6234,101.305
146.705,21.2357,79.0506,100.286
146.725,19.485,80.2452,99.7303
146.745,18.1009,78.9968,97.0977
146.765,18.7202,79.9368,98.657
146.785,25.3508,80.8293,106.18
146.805,17.2075,78.5768,95.7842
146.825,22.8722,78.9373,101.809
146.845,21.3454,79.4651,100.811
146.865,18.6732,78.52,97.1932
146.885,20.9668,78.4146,99.3814
146.905,21.9126,79.5365,101.449
146.925,22.7952,79.7715,102.567
146.945,20.8778,80.1139,100.992
146.965,18.781,79.0143,97.7953
146.985,21.2051,78.8214,100.026
147.005,22.1214,77.4497,99.5712
147.025,21.6495,77.5958,99.2453
147.045,21.0782,79.2612,100.339
147.065,20.8478,78.458,99.3058
147.085,22.8888,78.9241,101.813
147.105,19.6368,78.6971,98.3338
147.125,16.7059,78.7269,95.4327
147.145,19.067,79.1886,98.2556
147.165,23.4417,81.1974,104.639
147.185,20.2114,78.0578,98.2692
147.205,21.2282,78.6765,99.9047
147.225,20.9263,78.6021,99.5284
147.245,19.309,78.4594,97.7685
147.265,21.0571,78.9237,99.9808
147.285,21.139,78.0177,99.1568
147.305,19.8377,77.828,97.6656
147.325,17.4873,78.1668,95.6541
147.345,21.2585,78.6253,99.8837
147.365,18.2644,79.2605,97.5249
147.385,19.9838,79.3872,99.371
147.405,20.8828,78.8117,99.6945
147.425,20.3163,78.801,99.1174
147.445,22.865,78.035,100.9
147.465,21.7566,78.4127,100.169
147.485,20.4791,76.951,97.4301
147.505,18.6795,78.2255,96.905
147.525,22.7607,78.3832,101.144
147.545,24.2381,79.1834,103.421
147.565,20.3993,77.9602,98.3595
147.585,23.599,78.977,102.576
147.605,17.4342,78.3171,95.7512
147.625,22.0138,78.6303,100.644
147.645,21.8466,78.6299,100.477
147.665,21.3453,77.99,99.3353
147.685,19.7268,78.04,97.7668
147.705,19.4197,79.1198,98.5395
147.725,22.8911,77.5779,100.469
147.745,19.5263,76.7052,96.2315
147.765,19.6187,77.8714,97.4902
147.785,22.6537,79.3892,102.043
147.805,18.2091,77.3646,95.5737
147.825,24.2546,77.7975,102.052
147.845,19.7928,77.5664,97.3592
147.865,21.8808,78.1783,100.059
147.885,19.9214,77.4947,97.4161
147.905,20.9161,76.8773,97.7934
147.925,20.8303,76.6473,97.4776
147.945,18.9369,78.8048,97.7417
147.965,16.2848,78.7066,94.9913
147.985,20.7076,78.1809,98.8885
148.005,18.9069,78.6718,97.5787
148.025,22.4625,79.2728,101.735
148.045,18.774,77.1577,95.9317
148.065,18.7475,78.9821,97.7296
148.085,22.3785,78.152,100.531
148.105,19.1504,77.0033,96.1536
148.125,22.399,77.0684,99.4675
148.145,20.3934,76.7823,97.1757
148.165,21.3075,77.8434,99.1509
148.185,20.2191,77.5994,97.8185
148.205,20.4535,77.7394,98.1929
148.225,20.6033,76.9856,97.5888
148.245,21.002,76.8282,97.8302
148.265,20.8961,77.6443,98.5403
148.285,18.9059,76.2365,95.1424
148.305,20.6069,79.4474,100.054
148.325,19.8969,77.235,97.132
148.345,20.2354,76.8686,97.104
148.365,19.9865,76.2262,96.2127
148.385,23.5392,77.649,101.188
148.405,20.6295,76.98,97.6095
148.425,21.588,77.0815,98.6695
148.445,16.2064,76.4677,92.674
148.465,21.8343,77.6473,99.4816
148.485,20.9943,78.2844,99.2787
148.505,20.9497,77.2283,98.178
148.525,20.0431,79.0234,99.0665
148.545,23.0201,78.0119,101.032
148.565,18.2125,77.629,95.8415
148.585,17.3218,76.9873,94.3092
148.605,20.8193,77.8332,98.6525
148.625,19.2503,76.5995,95.8499
148.645,23.7241,77.5709,101.295
148.665,19.7342,77.0062,96.7404
148.685,20.7517,77.3366,98.0883
148.705,19.3648,77.662,97.0268
148.725,19.1164,77.8986,97.0149
148.745,17.9657,76.7714,94.7371
148.765,17.8203,76.44,94.2603
148.785,18.9849,77.1376,96.1225
148.805,19.6351,77.6683,97.3034
148.825,19.5609,78.4106,97.9715
148.845,20.9376,77.4944,98.4321
148.865,20.1038,77.5243,97.6281
148.885,18.2809,77.0816,95.3626
148.905,23.133,77.3625,100.496
148.925,21.7067,77.9351,99.6417
148.945,22.2929,75.6472,97.9401
148.965,19.6242,76.8506,96.4748
148.985,19.8871,76.9536,96.8407
149.005,20.0761,78.1842,98.2603
149.025,21.2001,76.0841,97.2842
149.045,16.3903,76.2084,92.5986
149.065,19.4896,76.6267,96.1163
149.085,19.6552,76.3457,96.0009
149.105,18.4911,75.3498,93.8409
149.125,21.8885,77.0953,98.9837
149.145,18.0704,77.0605,95.1309
149.165,20.5233,77.7802,98.3034
149.185,18.7311,76.2477,94.9788
149.205,22.3209,76.4316,98.7525
149.225,21.9824,78.1859,100.168
149.245,20.8411,76.6878,97.529
149.265,22.8859,77.9436,100.83
149.285,18.6772,75.0055,93.6827
149.305,20.3432,76.3588,96.702
149.325,18.6567,76.8563,95.5131
149.345,19.222,76.5345,95.7565
149.365,20.7083,76.6644,97.3727
149.385,17.8351,76.6566,94.4916
149.405,19.1315,77.2071,96.3386
149.425,22.9086,76.8554,99.764
149.445,19.8769,76.9257,96.8026
149.465,18.2335,77.0392,95.2727
149.485,18.3563,76.1123,94.4686
149.505,20.6587,75.7234,96.382
149.525,20.1716,77.4022,97.5738
149.545,22.0899,77.186,99.2759
149.565,19.9495,76.857,96.8065
149.585,20.6805,76.2881,96.9686
149.605,16.2224,75.9608,92.1832
149.625,20.3471,77.4458,97.7928
149.645,20.3433,77.4413,97.7846
149.665,20.9423,75.1257,96.0679
149.685,20.8952,76.64,97.5351
149.705,18.7767,76.0421,94.8188
149.725,19.7782,76.6461,96.4243
149.745,17.0144,74.9386,91.9529
149.765,22.4685,76.8416,99.3101
149.785,19.8549,75.0133,94.8683
149.805,18.3415,77.7817,96.1232
149.825,19.0657,76.3124,95.3781
149.845,23.6224,75.8959,99.5183
149.865,22.9703,76.9458,99.9161
149.885,20.8235,75.7166,96.5401
149.905,21.2618,76.4354,97.6972
149.925,20.1844,75.408,95.5924
149.945,19.4948,75.4306,94.9254
149.965,21.8452,75.9275,97.7727
149.985,22.6718,76.2739,98.9457
150.005,19.0898,75.897,94.9868
150.025,18.7672,76.9273,95.6944
150.045,17.6608,75.7181,93.3789
150.065,20.6013,76.3603,96.9616
150.085,21.6704,74.8197,96.4901
150.105,19.4672,76.5211,95.9883
150.125,19.103,76.0038,95.1068
150.145,20.5839,77.2384,97.8222
150.165,20.5955,73.1324,93.7279
150.185,20.4209,76.0329,96.4538
150.205,21.273,76.102,97.375
150.225,20.9586,73.8131,94.7717
150.245,18.0254,75.1259,93.1513
150.265,21.5492,76.9881,98.5373
150.285,19.6048,76.3874,95.9922
150.305,16.9251,74.7713,91.6964
150.325,19.7101,77.1205,96.8306
150.345,21.0835,75.533,96.6164
150.365,19.9332,76.1653,96.0985
150.385,18.5363,75.4872,94.0235
150.405,20.7757,74.9668,95.7425
150.425,19.9039,77.0546,96.9585
150.445,22.0267,75.3643,97.391
150.465,20.1789,75.8046,95.9835
150.485,20.4861,76.9528,97.4389
150.505,19.3872,75.823,95.2103
150.525,19.5268,75.8865,95.4133
150.545,22.6573,75.5916,98.2489
150.565,18.5553,74.8602,93.4155
150.585,20.4313,75.0575,95.4888
150.605,19.3997,75.8551,95.2548
150.625,19.1881,75.7634,94.9515
150.645,18.5632,74.8799,93.4431
150.665,20.538,76.1167,96.6547
150.685,21.4501,75.4931,96.9432
150.705,17.3501,74.9622,92.3123
150.725,18.8116,75.7396,94.5512
150.745,19.0885,75.8769,94.9654
150.765,19.0079,75.9622,94.9701
150.785,19.7803,75.7827,95.563
150.805,19.0374,76.4185,95.4559
150.825,19.2653,76.3055,95.5708
150.845,21.7834,76.2617,98.0451
150.865,17.1871,75.8308,93.0179
150.885,18.9175,75.8725,94.79
150.905,18.6831,75.1798,93.8629
150.925,20.1679,73.7912,93.9592
150.945,18.9745,74.7892,93.7637
150.965,22.8178,76.0788,98.8966
150.985,21.1462,75.5011,96.6474
151.005,20.3959,75.6592,96.0552
151.025,17.6536,74.433,92.0866
151.045,19.365,76.0428,95.4078
151.065,19.7616,75.0578,94.8194
151.085,21.0752,75.4663,96.5415
151.105,20.3393,74.571,94.9103
151.125,18.9286,74.7424,93.6711
151.145,21.5889,74.0977,95.6866
151.165,18.9097,73.3081,92.2179
151.185,19.4849,75.2262,94.711
151.205,21.9266,75.5743,97.5009
151.225,16.9639,75.8342,92.7981
151.245,19.3752,76.1675,95.5427
151.265,19.9978,74.7687,94.7664
151.285,18.7293,75.443,94.1723
151.305,17.4351,75.3893,92.8245
151.325,19.8652,75.7185,95.5837
151.345,20.1572,74.9878,95.1449
151.365,22.9669,76.9309,99.8978
151.385,18.7088,74.3343,93.0431
151.405,17.2995,75.6624,92.9619
151.425,20.0229,74.5139,94.5368
151.445,19.2129,75.0427,94.2556
151.465,19.1601,75.9297,95.0898
151.485,17.6501,75.6369,93.2871
151.505,16.516,74.9213,91.4373
151.525,17.9361,75.7855,93.7216
151.545,19.4658,75.1389,94.6047
151.565,18.5994,76.0628,94.6623
151.585,19.1093,74.2159,93.3252
151.605,19.8455,75.4537,95.2992
151.625,22.2569,76.1939,98.4508
151.645,19.4159,76.3202,95.736
151.665,17.0632,75.603,92.6662
151.685,18.2906,75.0803,93.3709
151.705,18.8757,74.9928,93.8685
151.725,19.4829,74.4993,93.9822
151.745,22.2168,74.8777,97.0945
151.765,20.5408,75.3205,95.8613
151.785,20.271,74.9944,95.2654
151.805,16.9134,75.0533,91.9668
151.825,20.2201,74.5039,94.724
151.845,20.5963,75.0513,95.6476
151.865,18.8182,74.8305,93.6487
151.885,18.091,73.6347,91.7257
151.905,20.6898,74.7198,95.4095
151.925,16.6304,74.2237,90.8541
151.945,19.017,75.7082,94.7252
151.965,16.6903,74.1784,90.8687
151.985,21.4358,74.1152,95.5509
152.005,22.7619,76.2682,99.03
152.025,17.8854,74.5129,92.3983
152.045,18.2263,74.0138,92.2401
152.065,18.1128,74.9972,93.11
152.085,19.6678,75.3088,94.9766
152.105,19.0488,73.9118,92.9606
152.125,21.1416,74.9372,96.0788
152.145,20.3579,73.9455,94.3034
152.165,18.8023,74.8188,93.6211
152.185,19.7342,75.322,95.0562
152.205,16.7976,74.8741,91.6717
152.225,19.8337,75.509,95.3427
152.245,21.0177,75.3261,96.3438
152.265,19.2762,74.6051,93.8814
152.285,19.2954,74.9993,94.2946
152.305,18.9139,73.7029,92.6167
152.325,20.11,74.3077,94.4176
152.345,17.736,73.3127,91.0487
152.365,17.7115,74.2891,92.0006
152.385,18.3348,73.9356,92.2704
152.405,19.561,74.9949,94.5559
152.425,19.0516,75.2983,94.3499
152.445,18.2725,75.401,93.6736
152.465,16.2985,73.2447,89.5432
152.485,17.3689,74.7847,92.1536
152.505,21.3269,75.339,96.6659
152.525,19.0756,74.4137,93.4893
152.545,18.8119,73.5487,92.3606
152.565,16.4827,73.5406,90.0234
152.585,19.6945,73.9993,93.6938
152.605,19.6481,74.7626,94.4107
152.625,19.362,73.9119,93.2739
152.645,18.3497,74.0344,92.3841
152.665,18.6938,73.032,91.7259
152.685,22.5912,74.5369,97.1282
152.705,15.2978,74.6758,89.9736
152.725,19.3399,74.6265,93.9663
152.745,19.2337,73.5944,92.8281
152.765,16.1421,73.642,89.7841
152.785,19.8645,74.1422,94.0067
152.805,20.532,74.0196,94.5516
152.825,17.2136,73.4583,90.6719
152.845,22.5812,74.3996,96.9808
152.865,16.5904,72.7576,89.348
152.885,22.0379,74.0468,96.0848
152.905,20.1647,73.451,93.6157
152.925,18.4216,74.5568,92.9784
152.945,19.1191,73.9015,93.0206
152.965,19.5519,73.6548,93.2067
152.985,16.8337,74.274,91.1077
153.005,21.7621,74.648,96.4101
153.025,19.674,74.4311,94.1051
153.045,19.8812,74.5036,94.3848
153.065,20.9963,74.7773,95.7737
153.085,18.5029,73.4231,91.926
153.105,16.9665,73.2835,90.25
153.125,19.6606,73.5868,93.2474
153.145,17.529,74.3219,91.8509
153.165,20.0396,74.2181,94.2577
153.185,18.5009,74.6786,93.1795
153.205,18.0803,74.2609,92.3412
153.225,17.3105,74.3357,91.6462
153.245,20.3111,74.5538,94.8649
153.265,16.2209,73.3486,89.5695
153.285,16.3379,74.1425,90.4804
153.305,16.4695,72.966,89.4355
153.325,19.1279,73.5738,92.7017
153.345,20.1463,73.226,93.3723
153.365,19.0981,74.4039,93.502
153.385,21.2774,75.7605,97.0379
153.405,20.603,73.6709,94.2739
153.425,15.4013,73.3612,88.7625
153.445,16.8765,73.786,90.6624
153.465,19.8475,73.3592,93.2067
153.485,19.8416,72.8461,92.6876
153.505,19.0001,74.047,93.0471
153.525,18.334,74.5403,92.8743
153.545,17.5027,73.2316,90.7343
153.565,18.1201,73.0699,91.19
153.585,18.4409,73.701,92.1418
153.605,19.727,72.5397,92.2667
153.625,19.638,73.4928,93.1308
153.645,19.7396,73.5479,93.2875
153.665,17.0166,72.9582,89.9748
153.685,20.1659,75.1825,95.3484
153.705,17.743,73.356,91.099
153.725,18.7925,71.7765,90.569
153.745,18.9705,73.2273,92.1978
153.765,19.7279,73.1137,92.8416
153.785,18.2318,73.7354,91.9672
153.805,18.9514,73.0282,91.9796
153.825,17.4595,73.1244,90.5839
153.845,21.9447,72.4058,94.3505
153.865,18.574,73.9362,92.5102
153.885,19.9489,73.9131,93.862
153.905,16.5442,73.2717,89.8159
153.925,16.9473,73.0874,90.0347
153.945,20.6782,72.8392,93.5174
153.965,16.4055,72.6571,89.0626
153.985,17.5553,72.6675,90.2228
154.005,18.7488,72.3496,91.0984
154.025,17.1403,73.0034,90.1437
154.045,20.1684,73.2554,93.4238
154.065,18.8339,72.5627,91.3966
154.085,18.2142,71.7556,89.9698
154.105,19.9377,74.9091,94.8468
154.125,18.006,72.6752,90.6812
154.145,19.5479,73.3157,92.8636
154.165,19.0757,71.8833,90.959
154.185,19.8401,72.3423,92.1825
154.205,17.7546,73.8927,91.6473
154.225,19.365,72.6889,92.0539
154.245,18.782,72.4762,91.2582
154.265,18.0746,72.2436,90.3182
154.285,17.658,73.3007,90.9587
154.305,17.0218,72.1213,89.1431
154.325,15.9747,72.016,87.9906
154.345,16.6852,72.7034,89.3886
154.365,19.5597,72.4277,91.9874
154.385,19.3577,72.6239,91.9816
154.405,20.4639,73.9729,94.4368
154.425,20.7363,74.306,95.0423
154.445,18.5277,74.4491,92.9768
154.465,17.9621,72.7411,90.7031
154.485,16.8036,71.9004,88.7041
154.505,17.7292,73.056,90.7852
154.525,18.1129,72.7825,90.8954
154.545,18.185,73.1395,91.3245
154.565,17.8307,72.4603,90.291
154.585,17.7484,71.9141,89.6625
154.605,18.3942,72.3321,90.7263
154.625,16.8953,71.9595,88.8548
154.645,19.3353,73.6365,92.9718
154.665,16.2762,71.9627,88.2389
154.685,18.4427,73.4416,91.8844
154.705,19.9794,71.6772,91.6566
154.725,19.8531,71.7283,91.5813
154.745,19.7197,72.3485,92.0682
154.765,19.6695,72.0786,91.748
154.785,19.2749,73.0794,92.3543
154.805,18.756,72.9077,91.6637
154.825,18.016,71.5464,89.5624
154.845,19.1719,71.2734,90.4453
154.865,18.8516,72.0583,90.9099
154.885,18.4321,71.5919,90.024
154.905,18.9867,72.1087,91.0954
154.925,18.7323,73.2152,91.9475
154.945,18.3402,72.6838,91.024
154.965,19.0152,73.2055,92.2207
154.985,18.697,72.4026,91.0997
155.005,18.2807,72.6172,90.898
155.025,18.3668,73.0397,91.4066
155.045,18.8265,73.252,92.0785
155.065,19.2279,72.8938,92.1217
155.085,18.7178,71.7508,90.4686
155.105,18.6903,71.941,90.6314
155.125,17.8282,72.8678,90.696
155.145,15.6949,73.0747,88.7697
155.165,19.1914,72.9401,92.1315
155.185,19.5289,72.317,91.8459
155.205,15.9034,70.6659,86.5692
155.225,17.002,71.4736,88.4756
155.245,19.0851,74.4155,93.5006
155.265,13.6988,71.8466,85.5454
155.285,17.2171,72.6413,89.8584
155.305,18.1537,71.0103,89.164
155.325,18.0703,72.059,90.1293
155.345,19.4199,72.9129,92.3328
155.365,18.5368,71.5958,90.1326
155.385,18.122,73.2009,91.3228
155.405,18.4315,72.2373,90.6687
155.425,17.0483,71.461,88.5092
155.445,18.0472,71.6105,89.6577
155.465,16.748,71.6438,88.3918
155.485,19.0346,71.9127,90.9473
155.505,19.5542,71.7761,91.3303
155.525,15.7161,72.8073,88.5234
155.545,19.0452,72.449,91.4942
155.565,19.7292,72.3089,92.0381
155.585,18.1542,71.7623,89.9165
155.605,19.0398,72.6035,91.6433
155.625,18.9414,72.966,91.9074
155.645,18.6609,71.7011,90.3621
155.665,21.1139,73.7948,94.9088
155.685,19.2973,71.9731,91.2705
155.705,14.6498,69.7734,84.4231
155.725,18.4705,72.7703,91.2407
155.745,15.7223,70.754,86.4762
155.765,17.6696,71.9204,89.59
155.785,19.1087,72.3089,91.4176
155.805,16.0516,71.2374,87.289
155.825,17.1048,72.2339,89.3386
155.845,18.4044,72.0514,90.4558
155.865,19.5138,71.891,91.4048
155.885,17.7077,72.1113,89.8191
155.905,18.3716,72.0676,90.4392
155.925,17.0562,71.6851,88.7414
155.945,19.9598,71.2227,91.1825
155.965,17.6599,71.1029,88.7628
155.985,17.3969,71.3472,88.7441
156.005,17.8403,70.3412,88.1815
156.025,16.3108,70.8717,87.1825
156.045,20.0375,70.8884,90.9259
156.065,18.6094,70.5729,89.1823
156.085,16.8575,71.3951,88.2525
156.105,17.1944,71.0957,88.2901
156.125,17.4089,72.3446,89.7536
156.145,18.4622,70.8694,89.3317
156.165,18.3854,70.9505,89.3359
156.185,18.1668,71.5878,89.7546
156.205,17.4165,70.2733,87.6899
156.225,17.7008,71.6387,89.3395
156.245,17.654,71.1373,88.7913
156.265,18.414,71.7404,90.1543
156.285,15.4394,69.5612,85.0006
156.305,19.1626,70.2584,89.4211
156.325,17.5118,72.5663,90.0781
156.345,17.8193,70.6783,88.4977
156.365,16.6729,73.5183,90.1912
156.385,16.073,71.0384,87.1114
156.405,20.6778,72.4235,93.1013
156.425,16.784,71.1838,87.9678
156.445,16.9986,71.4732,88.4717
156.465,19.2969,71.9336,91.2305
156.485,17.4934,70.7871,88.2805
156.505,18.6813,71.326,90.0072
156.525,15.8381,70.3905,86.2286
156.545,18.1734,69.602,87.7755
156.565,18.0908,70.0225,88.1134
156.585,19.0598,71.0823,90.1421
156.605,15.5243,71.4618,86.9861
156.625,16.2204,70.1733,86.3937
156.645,20.7618,70.8071,91.5689
156.665,17.3594,71.4216,88.7809
156.685,18.8489,71.7924,90.6414
156.705,16.3941,71.1499,87.544
156.725,18.4615,70.0999,88.5614
156.745,16.7911,70.7024,87.4935
156.765,16.5961,69.7354,86.3316
156.785,18.5705,70.4427,89.0131
156.805,16.2804,70.8723,87.1527
156.825,20.3965,72.1141,92.5106
156.845,17.5521,71.5425,89.0946
156.865,15.7414,71.1973,86.9387
156.885,16.2652,70.4049,86.67
156.905,16.093,72.1485,88.2416
156.925,16.4534,70.0842,86.5376
156.945,18.2356,70.2604,88.496
156.965,15.8383,70.579,86.4173
156.985,20.6203,72.21,92.8303
157.005,18.7044,70.5156,89.22
157.025,19.1233,69.7367,88.86
157.045,15.9982,70.5805,86.5787
157.065,16.6173,70.5074,87.1247
157.085,19.2604,70.1693,89.4297
157.105,18.6129,70.3789,88.9918
157.125,19.5717,71.9479,91.5196
157.145,18.9735,69.7058,88.6794
157.165,17.8447,70.5188,88.3635
157.185,18.0612,70.8615,88.9227
157.205,18.711,72.0729,90.7839
157.225,16.3806,68.7134,85.094
157.245,16.9518,69.623,86.5748
157.265,16.605,70.399,87.004
157.285,17.9572,70.9559,88.913
157.305,18.7035,70.3387,89.0422
157.325,16.1492,70.1305,86.2797
157.345,16.7505,69.5578,86.3082
157.365,17.9165,72.2209,90.1375
157.385,15.9905,70.6236,86.6141
157.405,15.74,71.4451,87.1851
157.425,19.3593,71.5207,90.88
157.445,17.9521,70.8961,88.8482
157.465,16.4117,70.494,86.9058
157.485,17.0927,70.2968,87.3896
157.505,18.4954,70.6004,89.0958
157.525,17.6319,70.0095,87.6414
157.545,17.9979,71.9268,89.9247
157.565,18.4394,70.614,89.0533
157.585,16.8782,70.3219,87.2001
157.605,17.8167,69.9976,87.8143
157.625,17.4805,69.4479,86.9284
157.645,16.2436,69.8942,86.1378
157.665,18.1495,69.4642,87.6137
157.685,17.1232,69.6964,86.8196
157.705,16.1984,70.4625,86.6609
157.725,17.8983,69.7397,87.638
157.745,17.8172,70.7872,88.6044
157.765,16.24,69.5983,85.8383
157.785,18.4313,69.3874,87.8188
157.805,17.9577,69.9903,87.948
157.825,16.7278,70.4758,87.2036
157.845,16.0189,71.2204,87.2393
157.865,17.5896,68.9287,86.5183
157.885,17.1787,70.4673,87.646
157.905,16.4381,70.6117,87.0498
157.925,18.8454,69.3476,88.1929
157.945,16.899,71.3428,88.2417
157.965,17.9524,70.4603,88.4127
157.985,15.0459,68.2469,83.2928
158.005,18.3771,70.0555,88.4325
158.025,18.317,70.527,88.844
158.045,16.6466,70.5069,87.1535
158.065,16.8975,70.1659,87.0634
158.085,16.1347,68.6024,84.7371
158.105,18.5215,70.3266,88.8481
158.125,18.088,68.9378,87.0258
158.145,18.0566,69.3389,87.3955
158.165,17.6683,70.1663,87.8346
158.185,17.4118,70.1561,87.5679
158.205,18.2171,70.3066,88.5237
158.225,19.6734,70.8072,90.4806
158.245,16.0514,71.525,87.5764
158.265,16.879,71.0814,87.9605
158.285,16.317,68.9005,85.2175
158.305,18.7769,69.7065,88.4834
158.325,18.5911,69.8369,88.428
158.345,18.6575,69.8522,88.5097
158.365,16.328,69.5545,85.8825
158.385,16.2991,69.779,86.0782
158.405,16.1472,69.8627,86.01
158.425,16.7014,69.3499,86.0513
158.445,16.9083,69.8294,86.7377
158.465,18.2339,68.6935,86.9274
158.485,14.7377,69.2403,83.978
158.505,18.0262,70.1342,88.1604
158.525,17.3607,69.6582,87.0189
158.545,16.3105,68.6459,84.9564
158.565,18.8477,70.075,88.9227
158.585,18.7311,68.9588,87.6899
158.605,17.8852,70.501,88.3863
158.625,17.183,69.1143,86.2973
158.645,15.1581,69.5002,84.6583
158.665,17.5945,70.3853,87.9798
158.685,17.7701,69.9744,87.7445
158.705,16.3357,69.4973,85.8329
158.725,17.9269,69.285,87.2119
158.745,16.2021,69.4503,85.6525
158.765,16.9812,70.2056,87.1868
158.785,15.5195,68.6819,84.2014
158.805,16.1033,68.1499,84.2532
158.825,16.9197,69.508,86.4278
158.845,15.814,68.8875,84.7015
158.865,17.2956,69.7684,87.064
158.885,17.93,69.6665,87.5965
158.905,16.2374,69.6046,85.8421
158.925,15.4938,68.7051,84.1989
158.945,17.1052,68.7773,85.8826
158.965,19.8277,68.7622,88.59
158.985,16.4308,68.7509,85.1817
159.005,16.479,69.0001,85.4791
159.025,17.468,69.4796,86.9476
159.045,17.3564,69.342,86.6984
159.065,15.9598,69.0963,85.0561
159.085,17.3301,69.7342,87.0642
159.105,15.0568,68.9227,83.9795
159.125,18.9738,68.5664,87.5403
159.145,14.6021,68.4654,83.0675
159.165,18.5117,68.416,86.9277
159.185,17.0731,70.1009,87.174
159.205,18.0198,69.9338,87.9535
159.225,13.7874,68.71,82.4975
159.245,18.0877,69.2856,87.3733
159.265,16.6085,69.3316,85.9401
159.285,19.0861,69.4603,88.5463
159.305,18.2847,69.3113,87.596
159.325,17.7195,69.7696,87.4891
159.345,14.9781,69.0893,84.0674
159.365,14.1812,68.3654,82.5466
159.385,18.1338,69.6881,87.822
159.405,16.3541,68.4411,84.7952
159.425,17.4671,68.537,86.0041
159.445,16.9011,68.9495,85.8506
159.465,16.9251,69.4946,86.4196
159.485,15.9526,69.6313,85.5839
159.505,18.0003,69.7435,87.7438
159.525,16.5281,69.2845,85.8126
159.545,18.0545,68.9342,86.9887
159.565,14.4839,68.7156,83.1995
159.585,16.3523,69.6824,86.0347
159.605,17.3469,68.3702,85.7171
159.625,16.2789,68.5445,84.8234
159.645,17.0424,68.34,85.3823
159.665,17.5171,69.1872,86.7043
159.685,15.7246,67.9775,83.702
159.705,17.3648,68.7147,86.0795
159.725,17.2595,69.8557,87.1151
159.745,16.9429,70.3464,87.2893
159.765,16.5889,68.0627,84.6516
159.785,14.453,68.6838,83.1368
159.805,15.1175,67.8668,82.9843
159.825,14.8608,69.2173,84.0781
159.845,18.9783,67.8761,86.8544
159.865,16.866,69.2563,86.1223
159.885,16.7779,68.9334,85.7113
159.905,16.7661,68.9308,85.6969
159.925,16.4311,67.5948,84.0259
159.945,17.2316,66.9398,84.1714
159.965,17.1502,67.4583,84.6085
159.985,16.4749,68.1858,84.6607
160.005,17.4119,68.2425,85.6544
160.025,18.6766,69.0779,87.7545
160.045,18.4626,69.0649,87.5275
160.065,17.2263,67.899,85.1253
160.085,17.4662,68.9143,86.3805
160.105,15.2297,67.9979,83.2276
160.125,17.4872,69.5263,87.0136
160.145,15.5252,67.9048,83.4299
160.165,17.7927,68.4092,86.2018
160.185,15.4492,67.7902,83.2393
160.205,14.2724,68.2552,82.5276
160.225,17.8851,70.2921,88.1772
160.245,15.2535,67.7134,82.9669
160.265,15.207,69.3424,84.5495
160.285,15.8387,67.4464,83.2851
160.305,16.6482,68.9193,85.5675
160.325,15.7737,67.9091,83.6828
160.345,15.8266,67.1155,82.9422
160.365,16.9951,68.8351,85.8302
160.385,19.3742,67.6588,87.033
160.405,16.4608,67.6443,84.105
160.425,15.9394,68.4681,84.4075
160.445,15.496,67.4677,82.9637
160.465,19.3525,68.735,88.0875
160.485,17.0315,69.4598,86.4912
160.505,16.7129,68.1239,84.8368
160.525,14.483,69.3062,83.7892
160.545,18.0636,68.3431,86.4067
160.565,14.5033,68.2511,82.7544
160.585,15.5819,68.5056,84.0874
160.605,14.4122,68.5851,82.9972
160.625,15.3495,67.4062,82.7557
160.645,17.9378,67.6655,85.6033
160.665,17.2799,67.1871,84.467
160.685,16.1222,67.7097,83.8318
160.705,16.1907,66.5212,82.7119
160.725,15.3429,68.2984,83.6413
160.745,17.4803,68.8442,86.3244
160.765,16.2402,67.664,83.9042
160.785,15.7075,69.0301,84.7376
160.805,15.2607,68.745,84.0058
160.825,17.5234,68.2849,85.8082
160.845,18.2895,67.8977,86.1872
160.865,16.4248,67.4202,83.8449
160.885,16.6965,69.6981,86.3946
160.905,15.4481,66.5481,81.9963
160.925,18.1043,67.7816,85.886
160.945,16.1771,67.8518,84.0289
160.965,16.8942,68.0389,84.9331
160.985,16.512,67.7132,84.2252
161.005,19.685,67.9686,87.6536
161.025,15.0556,66.9352,81.9908
161.045,16.0105,67.6531,83.6637
161.065,16.5295,67.7076,84.2372
161.085,17.2035,67.5607,84.7642
161.105,16.3828,67.7144,84.0972
161.125,17.2062,66.6401,83.8463
161.145,16.4427,68.1989,84.6415
161.165,17.2644,66.7604,84.0247
161.185,19.8806,68.1681,88.0487
161.205,18.2879,67.687,85.9749
161.225,16.2233,67.7516,83.9749
161.245,15.398,67.0747,82.4726
161.265,16.793,67.0098,83.8028
161.285,16.1392,67.0479,83.1872
161.305,16.7598,68.6135,85.3733
161.325,15.1551,67.3302,82.4852
161.345,15.4735,67.0637,82.5372
161.365,14.4417,66.7552,81.1969
161.385,14.7651,67.4968,82.2619
161.405,15.3948,67.0693,82.4641
161.425,16.706,66.5921,83.298
161.445,15.9017,67.9378,83.8395
161.465,16.1059,67.4634,83.5693
161.485,17.206,68.1125,85.3185
161.505,18.3961,67.9829,86.379
161.525,15.9868,67.3108,83.2977
161.545,15.4854,68.2376,83.723
161.565,15.3559,67.1347,82.4906
161.585,16.3304,67.0167,83.3471
161.605,16.1665,66.9238,83.0902
161.625,16.6782,66.5339,83.2121
161.645,16.2903,66.2067,82.497
161.665,16.3319,68.1753,84.5071
161.685,17.9897,67.642,85.6316
161.705,16.7191,67.3253,84.0444
161.725,15.2869,66.8888,82.1757
161.745,15.3704,65.7231,81.0936
161.765,17.6707,67.0491,84.7198
161.785,15.207,66.7669,81.9739
161.805,14.6671,66.5076,81.1747
161.825,17.2922,67.458,84.7502
161.845,16.3029,67.5535,83.8564
161.865,18.4785,68.2577,86.7361
161.885,14.4686,67.1568,81.6254
161.905,17.055,67.1991,84.2542
161.925,16.0092,67.5914,83.6006
161.945,15.6578,66.9602,82.618
161.965,15.201,67.0807,82.2817
161.985,15.7389,67.5097,83.2486
162.005,17.2048,67.7949,84.9997
162.025,15.3385,66.2723,81.6108
162.045,17.6231,67.0901,84.7132
162.065,17.3541,67.7054,85.0595
162.085,16.6746,67.0098,83.6844
162.105,14.7851,67.2887,82.0739
162.125,15.514,65.5301,81.0441
162.145,15.5004,66.7377,82.2381
162.165,16.2126,66.8521,83.0647
162.185,15.9063,67.2115,83.1179
162.205,15.75,67.6346,83.3846
162.225,14.7911,66.1874,80.9784
162.245,16.4815,66.4872,82.9687
162.265,18.071,65.6246,83.6956
162.285,15.2742,67.1722,82.4465
162.305,14.7781,65.588,80.3661
162.325,15.9194,66.6725,82.5919
162.345,13.2964,66.2199,79.5163
162.365,16.6255,66.7287,83.3542
162.385,18.5782,67.4117,85.9899
162.405,16.9308,67.145,84.0758
162.425,14.8357,65.4582,80.294
162.445,14.7931,67.3928,82.1859
162.465,15.315,66.3015,81.6165
162.485,16.4761,65.6477,82.1238
162.505,18.1452,67.4534,85.5987
162.525,14.0622,66.7266,80.7888
162.545,16.4773,66.3776,82.8549
162.565,15.5067,67.1176,82.6243
162.585,14.9255,66.4716,81.3971
162.605,16.271,66.252,82.523
162.625,17.7718,66.9383,84.7101
162.645,17.1825,66.7722,83.9547
162.665,17.6975,66.3028,84.0003
162.685,15.5244,66.83,82.3544
162.705,16.3096,65.0485,81.3581
162.725,13.8497,65.7625,79.6122
162.745,16.4399,67.2007,83.6407
162.765,16.8919,66.1418,83.0337
162.785,15.6151,65.985,81.6001
162.805,16.2808,66.4245,82.7052
162.825,15.2107,65.5484,80.7591
162.845,16.3152,66.7679,83.0831
162.865,18.2501,66.1167,84.3668
162.885,16.6275,65.2781,81.9055
162.905,15.7687,66.2742,82.0429
162.925,13.9719,66.3744,80.3464
162.945,16.5058,65.4302,81.936
162.965,14.6297,67.142,81.7717
162.985,17.7448,66.9065,84.6512
163.005,15.5901,65.892,81.4821
163.025,16.2475,66.7395,82.987
163.045,15.4345,65.4813,80.9158
163.065,16.8002,65.5459,82.3461
163.085,17.3085,66.5159,83.8244
163.105,18.4218,66.5478,84.9696
163.125,16.8285,66.0399,82.8684
163.145,13.2182,65.228,78.4461
163.165,17.7745,66.9859,84.7603
163.185,15.9643,66.3543,82.3186
163.205,15.7077,65.2703,80.978
163.225,15.2785,65.8384,81.1169
163.245,14.5579,65.1001,79.6579
163.265,14.2211,65.9511,80.1721
163.285,16.3488,65.65,81.9988
163.305,15.9629,66.2337,82.1966
163.325,16.8513,66.1368,82.9881
163.345,14.335,65.4922,79.8272
163.365,14.0714,66.0126,80.0839
163.385,15.6544,65.4012,81.0556
163.405,16.1471,66.2449,82.392
163.425,15.0997,65.3297,80.4293
163.445,15.047,65.7308,80.7778
163.465,14.2807,65.2137,79.4943
163.485,15.8602,65.5782,81.4384
163.505,16.1146,65.4426,81.5572
163.525,17.7429,66.6233,84.3662
163.545,15.9358,65.8463,81.7821
163.565,13.8855,66.9916,80.8771
163.585,13.2087,63.9184,77.1271
163.605,17.0842,66.5115,83.5958
163.625,16.878,65.1901,82.0681
163.645,16.2718,66.0307,82.3024
163.665,15.3267,65.9898,81.3165
163.685,15.3697,66.4885,81.8582
163.705,15.1883,64.8392,80.0276
163.725,16.71,67.1077,83.8178
163.745,16.1117,64.9613,81.073
163.765,14.9363,65.2745,80.2107
163.785,15.2759,65.262,80.5379
163.805,14.6694,66.0891,80.7585
163.825,12.8275,64.3032,77.1307
163.845,15.4691,64.6664,80.1355
163.865,16.9887,65.9586,82.9472
163.885,17.0147,66.4696,83.4843
163.905,16.4851,66.0913,82.5764
163.925,14.5027,66.2023,80.705
163.945,17.0326,65.762,82.7946
163.965,15.1314,64.5525,79.6839
163.985,16.4179,65.6138,82.0317
164.005,13.3616,65.2776,78.6391
164.025,17.3881,66.0491,83.4372
164.045,14.7029,65.8519,80.5548
164.065,16.629,65.5805,82.2094
164.085,14.8171,63.3322,78.1493
164.105,15.6357,65.244,80.8797
164.125,15.8413,64.6622,80.5035
164.145,15.0483,64.6793,79.7276
164.165,14.0585,64.6217,78.6802
164.185,14.5748,64.1574,78.7322
164.205,17.0889,65.6609,82.7498
164.225,16.472,65.1996,81.6716
164.245,15.8923,65.5206,81.413
164.265,15.9272,65.9725,81.8997
164.285,17.5092,65.13,82.6391
164.305,14.6781,65.0174,79.6955
164.325,14.3648,65.0896,79.4544
164.345,13.8994,65.5173,79.4166
164.365,14.6659,64.8519,79.5178
164.385,17.3065,65.7611,83.0677
164.405,13.4028,63.7827,77.1856
164.425,14.5545,65.9993,80.5538
164.445,14.7297,64.6249,79.3546
164.465,15.0152,64.1442,79.1594
164.485,15.2645,64.874,80.1385
164.505,16.4795,65.168,81.6474
164.525,15.2962,64.3266,79.6228
164.545,16.7287,65.7459,82.4745
164.565,15.0801,64.2394,79.3195
164.585,14.1428,64.1153,78.2582
164.605,16.9401,64.9948,81.9349
164.625,16.7462,64.967,81.7132
164.645,17.723,64.4073,82.1303
164.665,15.765,64.0221,79.7871
164.685,15.9988,63.8065,79.8052
164.705,15.4724,64.9127,80.3851
164.725,15.255,64.2732,79.5282
164.745,13.2357,64.7667,78.0024
164.765,15.8743,64.7951,80.6694
164.785,13.4351,64.6988,78.1339
164.805,15.6463,65.7239,81.3702
164.825,13.4359,64.8479,78.2837
164.845,12.6228,64.6682,77.291
164.865,17.2687,64.2527,81.5214
164.885,15.3557,64.3549,79.7107
164.905,15.563,65.3379,80.9009
164.925,15.3932,65.0571,80.4503
164.945,13.7993,64.5768,78.3761
164.965,14.0529,64.553,78.606
164.985,13.808,63.8076,77.6156
165.005,16.6033,65.027,81.6304
165.025,16.7137,65.3563,82.07
165.045,14.9497,64.8441,79.7938
165.065,12.551,63.9673,76.5183
165.085,14.4677,65.0883,79.556
165.105,15.5183,64.8624,80.3807
165.125,16.671,65.4186,82.0895
165.145,14.8436,63.8542,78.6978
165.165,13.7055,63.6472,77.3527
165.185,15.65,64.1528,79.8028
165.205,15.2291,64.6673,79.8964
165.225,16.5447,64.5207,81.0654
165.245,15.6069,65.0345,80.6414
165.265,14.8101,63.9164,78.7264
165.285,14.4141,65.2276,79.6417
165.305,15.1943,64.1628,79.3572
165.325,17.0705,64.042,81.1125
165.345,14.4212,64.4206,78.8419
165.365,15.9731,63.3675,79.3406
165.385,15.3614,64.6421,80.0035
165.405,14.0276,64.9601,78.9877
165.425,14.2523,65.0279,79.2802
165.445,12.058,64.2196,76.2776
165.465,15.4846,63.3356,78.8202
165.485,16.6615,64.9847,81.6461
165.505,14.4,63.0635,77.4635
165.525,16.8999,64.4996,81.3995
165.545,14.5227,64.939,79.4618
165.565,16.2575,65.414,81.6715
165.585,14.5456,63.7716,78.3172
165.605,13.7631,64.3736,78.1367
165.625,16.1805,64.5684,80.749
165.645,14.8985,64.5666,79.4651
165.665,13.7197,63.3499,77.0696
165.685,13.7999,65.0226,78.8225
165.705,15.1057,64.4829,79.5886
165.725,17.3011,64.3427,81.6439
165.745,15.371,64.1133,79.4843
165.765,16.185,65.3131,81.4981
165.785,15.2183,64.9078,80.1261
165.805,15.707,62.3719,78.0789
165.825,14.3165,64.1115,78.428
165.845,15.0663,64.3902,79.4566
165.865,11.2241,62.5186,73.7427
165.885,12.4057,63.8917,76.2974
165.905,13.4843,63.0738,76.558
165.925,14.8569,63.4376,78.2946
165.945,15.2395,64.3921,79.6316
165.965,13.6944,63.4109,77.1052
165.985,16.7085,63.4552,80.1637
166.005,14.4166,63.2178,77.6345
166.025,15.9851,63.3419,79.327
166.045,16.0964,63.7817,79.878
166.065,14.5138,63.4413,77.9551
166.085,12.9203,62.9069,75.8272
166.105,13.761,63.4,77.1609
166.125,15.1188,64.0064,79.1251
166.145,16.0843,64.4377,80.5219
166.165,13.0609,62.6793,75.7401
166.185,14.7774,62.6852,77.4626
166.205,14.0124,62.7798,76.7922
166.225,15.89,63.8739,79.7638
166.245,14.9415,63.6267,78.5682
166.265,14.3704,63.6429,78.0133
166.285,14.4865,63.0706,77.5571
166.305,14.9219,63.441,78.3629
166.325,14.1997,63.7082,77.9079
166.345,14.1342,63.5582,77.6924
166.365,13.9513,61.6742,75.6255
166.385,14.752,63.9971,78.7491
166.405,16.0679,63.2875,79.3555
166.425,17.5277,63.8526,81.3803
166.445,16.7943,63.6688,80.4631
166.465,12.8329,62.6332,75.4661
166.485,13.9267,63.1651,77.0918
166.505,15.5107,63.7031,79.2137
166.525,13.982,62.1525,76.1346
166.545,15.0345,62.7044,77.7389
166.565,13.2059,62.6825,75.8885
166.585,14.8903,62.7279,77.6181
166.605,14.0462,63.5558,77.6021
166.625,14.3611,62.7358,77.0969
166.645,14.6122,64.421,79.0332
166.665,13.4069,62.6605,76.0674
166.685,13.8504,63.0228,76.8733
166.705,15.6929,64.1571,79.85
166.725,14.0151,64.0392,78.0543
166.745,13.451,63.6474,77.0984
166.765,15.5172,63.4091,78.9263
166.785,16.2432,62.8457,79.0888
166.805,13.0918,63.3042,76.3961
166.825,14.763,62.7469,77.5099
166.845,16.659,62.8926,79.5515
166.865,13.5943,63.6453,77.2397
166.885,13.4773,63.1559,76.6333
166.905,15.7202,63.6643,79.3845
166.925,14.8893,62.9468,77.8361
166.945,13.3753,61.5624,74.9377
166.965,14.0767,62.9666,77.0433
166.985,15.1206,62.908,78.0286
167.005,15.0449,63.0361,78.0811
167.025,13.4447,63.1935,76.6382
167.045,14.7095,62.5006,77.2101
167.065,13.9713,62.027,75.9983
167.085,13.6367,62.6754,76.3121
167.105,13.8521,62.9757,76.8278
167.125,16.196,61.9071,78.1031
167.145,14.6916,61.5958,76.2874
167.165,14.2946,63.5173,77.8119
167.185,13.003,62.2361,75.2391
167.205,13.8987,62.9673,76.866
167.225,14.0184,63.1135,77.1319
167.245,13.3334,63.111,76.4445
167.265,12.8581,63.3059,76.164
167.285,13.5207,62.8264,76.347
167.305,16.3174,64.1153,80.4327
167.325,14.8901,63.1731,78.0632
167.345,14.2931,62.5221,76.8153
167.365,16.2278,62.5656,78.7934
167.385,15.3185,60.8108,76.1292
167.405,15.1782,63.6055,78.7837
167.425,14.9919,63.2096,78.2015
167.445,16.9735,62.3587,79.3322
167.465,14.0012,63.1423,77.1436
167.485,14.0368,63.3667,77.4035
167.505,13.6394,62.5915,76.2309
167.525,12.3494,61.1332,73.4826
167.545,14.8377,61.8,76.6377
167.565,16.9393,63.2134,80.1527
167.585,13.5174,62.1785,75.6958
167.605,13.7265,61.9966,75.7231
167.625,15.0502,62.6831,77.7333
167.645,12.3792,61.3041,73.6833
167.665,13.8181,62.4269,76.245
167.685,16.9032,62.6158,79.519
167.705,13.6809,61.729,75.4099
167.725,14.9951,61.8335,76.8287
167.745,14.421,62.5672,76.9882
167.765,13.6728,61.9353,75.6081
167.785,16.7829,61.7746,78.5575
167.805,13.7622,62.7339,76.4961
167.825,15.2854,62.6489,77.9343
167.845,16.0548,63.0064,79.0612
167.865,13.4019,61.9038,75.3058
167.885,14.3974,61.0276,75.4249
167.905,13.6716,60.7178,74.3893
167.925,13.6521,62.4795,76.1315
167.945,15.5734,62.4738,78.0471
167.965,14.7947,61.5554,76.3501
167.985,12.5488,61.7579,74.3066
168.005,15.9702,61.9526,77.9228
168.025,14.2835,62.4226,76.7061
168.045,14.656,62.3626,77.0187
168.065,13.7124,61.461,75.1734
168.085,12.9467,61.5597,74.5063
168.105,13.7086,61.2931,75.0017
168.125,15.0468,62.8098,77.8566
168.145,12.4929,62.1476,74.6406
168.165,15.5937,61.713,77.3067
168.185,13.7412,61.0632,74.8044
168.205,14.6255,61.7144,76.3399
168.225,15.9422,62.4403,78.3825
168.245,13.496,63.2262,76.7223
168.265,16.3937,62.009,78.4027
168.285,12.5311,62.1955,74.7266
168.305,11.2566,62.1955,73.4521
168.325,13.8386,61.2596,75.0982
168.345,13.5968,60.5273,74.1241
168.365,14.1078,61.8199,75.9277
168.385,16.2468,61.7833,78.0301
168.405,13.9265,61.3087,75.2352
168.425,13.8166,61.6343,75.4509
168.445,14.9563,62.629,77.5853
168.465,13.2524,62.1936,75.4461
168.485,14.4455,60.3375,74.783
168.505,13.2487,60.755,74.0037
168.525,14.8682,61.0383,75.9065
168.545,13.5816,62.0435,75.6251
168.565,17.147,60.6533,77.8003
168.585,14.9312,60.358,75.2892
168.605,12.0706,61.3219,73.3925
168.625,15.8611,61.8598,77.7209
168.645,14.3135,61.733,76.0465
168.665,14.7519,60.7864,75.5383
168.685,14.6544,61.5374,76.1918
168.705,15.1155,60.9179,76.0333
168.725,13.9744,62.0787,76.0531
168.745,14.0278,61.4118,75.4397
168.765,14.5989,61.7702,76.3691
168.785,13.0431,60.9751,74.0183
168.805,14.5054,61.8133,76.3188
168.825,14.3349,61.501,75.8359
168.845,14.9981,60.4593,75.4574
168.865,12.8866,61.7625,74.649
168.885,13.0836,61.7137,74.7973
168.905,16.4619,61.3254,77.7873
168.925,14.8012,62.5534,77.3546
168.945,14.6807,61.5697,76.2504
168.965,15.0238,61.0546,76.0784
168.985,12.5038,60.2913,72.7951
169.005,14.834,61.4531,76.2871
169.025,13.6334,61.8542,75.4875
169.045,13.9067,61.5046,75.4114
169.065,13.0073,60.5367,73.544
169.085,14.4367,61.5347,75.9714
169.105,12.4515,61.3902,73.8417
169.125,14.114,61.4911,75.6052
169.145,14.7874,61.6654,76.4528
169.165,13.8846,61.2342,75.1188
169.185,14.1186,60.5931,74.7116
169.205,14.4327,60.0396,74.4722
169.225,16.1405,61.0966,77.2372
169.245,15.2599,61.2826,76.5425
169.265,14.9696,61.3682,76.3378
169.285,13.2451,60.2725,73.5176
169.305,16.1385,61.3261,77.4646
169.325,14.7705,59.8858,74.6563
169.345,15.3179,61.2471,76.5649
169.365,12.0849,60.9836,73.0685
169.385,14.5882,60.0035,74.5917
169.405,13.015,59.2332,72.2482
169.425,14.1764,60.7282,74.9046
169.445,13.6723,60.3644,74.0367
169.465,13.4003,60.7789,74.1792
169.485,12.3354,60.6236,72.9591
169.505,14.2947,60.5273,74.822
169.525,13.9433,60.367,74.3103
169.545,13.6214,59.6877,73.309
169.565,15.0147,62.2158,77.2305
169.585,14.4954,62.1342,76.6296
169.605,13.5293,59.2915,72.8208
169.625,12.3356,60.5038,72.8394
169.645,15.2381,60.6677,75.9057
169.665,13.2046,61.0601,74.2647
169.685,14.8075,60.5882,75.3957
169.705,13.1491,61.0169,74.1659
169.725,14.7146,61.3189,76.0335
169.745,12.9661,59.8215,72.7876
169.765,14.7381,60.8148,75.5529
169.785,13.5081,61.0778,74.5859
169.805,14.0593,61.1144,75.1738
169.825,14.2294,60.9166,75.146
169.845,13.079,60.6004,73.6795
169.865,13.3781,60.5842,73.9623
169.885,14.9265,60.4346,75.3612
169.905,14.2283,60.6662,74.8944
169.925,12.8907,59.7885,72.6793
169.945,14.552,59.1525,73.7046
169.965,14.4141,60.7624,75.1765
169.985,13.8768,61.2133,75.0901
170.005,13.8287,60.6071,74.4358
170.025,13.1231,59.7082,72.8313
170.045,14.2659,60.4882,74.7542
170.065,13.0982,59.6787,72.7769
170.085,14.7094,60.3759,75.0853
170.105,13.3368,59.9327,73.2695
170.125,13.9418,59.6954,73.6372
170.145,13.8069,60.7316,74.5385
170.165,13.0561,60.0952,73.1514
170.185,14.5269,59.8052,74.3321
170.205,13.5503,59.829,73.3794
170.225,16.1508,60.2527,76.4035
170.245,13.9851,60.8843,74.8694
170.265,13.3622,60.4351,73.7973
170.285,13.6051,60.4845,74.0896
170.305,14.0217,60.4422,74.4639
170.325,11.0054,60.2359,71.2413
170.345,13.4665,60.7921,74.2586
170.365,13.9698,60.141,74.1108
170.385,12.7127,59.4323,72.1451
170.405,15.5401,59.7064,75.2465
170.425,14.5502,59.6975,74.2477
170.445,15.9877,59.6892,75.6768
170.465,15.2787,60.1423,75.421
170.485,12.8528,60.4166,73.2693
170.505,12.9158,60.5127,73.4286
170.525,10.8426,60.2549,71.0975
170.545,13.5685,60.0045,73.573
170.565,13.2393,59.6398,72.8791
170.585,14.7886,60.2138,75.0024
170.605,15.0486,60.2552,75.3038
170.625,12.0584,60.0446,72.103
170.645,13.8669,59.8826,73.7495
170.665,14.1594,60.5242,74.6836
170.685,11.143,59.8419,70.9849
170.705,14.2028,59.1324,73.3353
170.725,13.7432,59.3443,73.0875
170.745,13.9443,59.8012,73.7454
170.765,13.6595,59.1917,72.8511
170.785,11.9695,60.5513,72.5207
170.805,14.0612,59.1734,73.2346
170.825,13.6805,60.2511,73.9315
170.845,14.0345,59.2804,73.3148
170.865,14.4897,60.5326,75.0222
170.885,11.8217,59.1922,71.0139
170.905,14.1677,59.5861,73.7538
170.925,13.8994,59.7927,73.692
170.945,12.5628,58.3636,70.9264
170.965,13.8203,58.857,72.6774
170.985,14.5785,60.3265,74.9049
171.005,12.7597,59.253,72.0128
171.025,14.8712,60.0519,74.923
171.045,13.9744,60.239,74.2134
171.065,13.8679,59.3049,73.1728
171.085,15.1733,59.4622,74.6355
171.105,10.9323,59.2315,70.1637
171.125,14.7127,58.5586,73.2713
171.145,13.0727,59.4537,72.5265
171.165,12.1217,59.8556,71.9773
171.185,13.5319,59.5526,73.0845
171.205,14.9729,59.227,74.1999
171.225,11.5875,59.5871,71.1746
171.245,12.5975,58.8028,71.4002
171.265,10.9914,58.4661,69.4575
171.285,13.985,59,72.9849
171.305,13.2684,59.6826,72.951
171.325,13.8151,60.1326,73.9477
171.345,12.4152,58.8952,71.3104
171.365,13.8041,59.8658,73.6699
171.385,13.2163,58.8876,72.1039
171.405,14.8189,59.9611,74.78
171.425,11.5174,59.1195,70.6369
171.445,10.8596,59.7289,70.5885
171.465,12.7597,58.6519,71.4116
171.485,14.4555,58.8531,73.3086
171.505,16.0125,59.1178,75.1303
171.525,11.9296,58.9777,70.9073
171.545,13.167,59.5597,72.7267
171.565,15.8524,59.3614,75.2138
171.585,13.81,59.0714,72.8814
171.605,12.8262,58.7778,71.604
171.625,13.959,59.6858,73.6448
171.645,14.706,59.3439,74.0499
171.665,14.018,59.0261,73.0441
171.685,12.926,59.5126,72.4386
171.705,13.2977,59.4371,72.7348
171.725,13.4361,58.2148,71.6509
171.745,10.7446,57.7089,68.4536
171.765,14.9536,59.9327,74.8863
171.785,13.4394,58.0843,71.5236
171.805,13.091,57.4667,70.5578
171.825,12.7791,59.0004,71.7795
171.845,16.5692,59.4895,76.0587
171.865,13.6321,59.0465,72.6787
171.885,12.9933,59.2643,72.2577
171.905,15.348,58.5713,73.9193
171.925,12.8145,58.4378,71.2523
171.945,15.4734,59.6536,75.1271
171.965,12.8581,58.301,71.1591
171.985,13.2763,58.7083,71.9845
172.005,15.3341,58.7451,74.0793
172.025,12.8264,58.9019,71.7282
172.045,13.0686,58.96,72.0287
172.065,12.9187,58.4246,71.3433
172.085,13.8055,59.388,73.1935
172.105,13.5706,58.1377,71.7083
172.125,14.989,58.485,73.474
172.145,12.6404,58.5367,71.1771
172.165,13.3665,58.8033,72.1698
172.185,14.8902,59.466,74.3561
172.205,12.9014,57.9985,70.8998
172.225,10.3248,57.3081,67.6329
172.245,13.2476,58.1815,71.4291
172.265,11.8391,58.1921,70.0311
172.285,14.6216,58.5766,73.1982
172.305,14.6373,58.0401,72.6774
172.325,12.714,58.6807,71.3947
172.345,12.0843,58.8441,70.9284
172.365,10.8776,59.0196,69.8972
172.385,12.9366,58.0309,70.9675
172.405,12.2114,58.6824,70.8938
172.425,12.9516,59.2301,72.1818
172.445,12.1048,57.4501,69.5549
172.465,12.3671,58.4591,70.8262
172.485,14.0549,57.8896,71.9445
172.505,13.5374,60.1912,73.7287
172.525,13.6378,59.0487,72.6865
172.545,11.88,58.3761,70.2562
172.565,14.624,58.275,72.8991
172.585,11.3917,57.6817,69.0734
172.605,13.5333,58.971,72.5043
172.625,13.1982,58.0754,71.2736
172.645,12.7207,59.4792,72.1999
172.665,11.4434,58.696,70.1394
172.685,13.4333,58.4613,71.8946
172.705,11.6829,58.4835,70.1664
172.725,12.1976,57.1733,69.3709
172.745,12.695,59.1365,71.8315
172.765,14.3967,59.0219,73.4186
172.785,12.7271,58.3049,71.032
172.805,14.8118,58.844,73.6558
172.825,13.4778,59.0296,72.5074
172.845,13.5788,57.0191,70.5979
172.865,12.9221,58.1182,71.0403
172.885,12.4139,58.5399,70.9538
172.905,12.1374,58.3281,70.4655
172.925,12.6481,58.6769,71.325
172.945,12.6907,58.6631,71.3538
172.965,12.3542,58.2829,70.6371
172.985,15.7995,58.1286,73.9282
173.005,13.6606,58.3329,71.9935
173.025,13.2254,58.5482,71.7736
173.045,13.0552,56.6137,69.6689
173.065,12.2548,57.7186,69.9734
173.085,15.1985,58.8758,74.0743
173.105,11.0985,58.4015,69.5
173.125,13.2094,57.6427,70.852
173.145,13.3776,57.7715,71.1491
173.165,10.6523,57.6545,68.3068
173.185,13.923,57.7736,71.6966
173.205,12.667,57.2197,69.8867
173.225,12.706,58.8931,71.5991
173.245,13.5433,59.1023,72.6456
173.265,12.122,57.0567,69.1786
173.285,12.913,57.9811,70.8941
173.305,11.1564,58.3903,69.5467
173.325,12.6026,58.5322,71.1347
173.345,13.333,58.3227,71.6557
173.365,11.777,57.4213,69.1984
173.385,14.2017,58.4951,72.6967
173.405,13.5661,58.0581,71.6242
173.425,10.8396,57.3473,68.1869
173.445,12.1009,58.0857,70.1867
173.465,13.3229,57.6506,70.9735
173.485,13.6897,58.1446,71.8343
173.505,13.9538,57.7114,71.6652
173.525,13.3859,58.228,71.614
173.545,11.7258,57.1332,68.859
173.565,12.4209,57.9211,70.342
173.585,11.2402,57.5648,68.8049
173.605,12.4615,57.3966,69.8581
173.625,12.4944,57.0427,69.5371
173.645,12.9382,58.0695,71.0077
173.665,11.7127,57.7226,69.4353
173.685,12.3357,57.3098,69.6455
173.705,14.2607,57.9484,72.2091
173.725,12.139,56.6862,68.8252
173.745,13.0067,57.9294,70.9361
173.765,12.8494,57.7196,70.569
173.785,13.8561,57.4246,71.2807
173.805,10.386,57.4521,67.838
173.825,10.7524,58.0076,68.76
173.845,13.6145,58.0222,71.6366
173.865,12.0055,57.4628,69.4683
173.885,14.4929,58.0465,72.5395
173.905,13.9146,57.3124,71.2271
173.925,10.9372,56.7098,67.647
173.945,13.8043,56.5924,70.3967
173.965,12.7858,56.9231,69.7089
173.985,11.3347,57.7132,69.0479
174.005,14.884,56.5954,71.4794
174.025,13.8838,56.771,70.6547
174.045,13.0976,57.4176,70.5152
174.065,12.2608,56.571,68.8318
174.085,12.1891,56.1788,68.3679
174.105,11.2055,56.335,67.5406
174.125,11.1025,56.4233,67.5257
174.145,12.2824,57.4135,69.6958
174.165,13.1706,56.948,70.1186
174.185,12.8179,56.7761,69.594
174.205,13.1029,57.2137,70.3166
174.225,12.8947,56.0164,68.9111
174.245,13.4876,57.3798,70.8675
174.265,10.9192,57.4295,68.3487
174.285,11.725,57.0088,68.7338
174.305,11.6597,57.3478,69.0076
174.325,12.8086,56.7155,69.5241
174.345,10.5582,56.4758,67.0341
174.365,12.4269,57.6971,70.124
174.385,13.3127,56.9719,70.2846
174.405,11.4602,56.8183,68.2785
174.425,12.2378,57.2459,69.4837
174.445,11.2966,57.2454,68.5421
174.465,11.9477,55.8348,67.7825
174.485,13.6207,56.2004,69.821
174.505,13.6504,56.2815,69.932
174.525,13.024,56.7499,69.7739
174.545,13.3211,56.862,70.1831
174.565,11.6247,55.271,66.8958
174.585,13.6278,57.8869,71.5147
174.605,13.3742,56.8467,70.2209
174.625,11.3408,56.4811,67.8219
174.645,12.0474,57.1931,69.2405
174.665,14.951,57.7402,72.6912
174.685,11.6523,56.352,68.0042
174.705,11.9267,55.879,67.8056
174.725,12.4208,56.4212,68.8421
174.745,11.8998,56.5851,68.4849
174.765,11.1922,56.4834,67.6757
174.785,11.4127,55.4299,66.8426
174.805,12.6775,56.5387,69.2162
174.825,13.4054,57.1226,70.528
174.845,12.158,56.8769,69.0349
174.865,12.0307,56.7664,68.7972
174.885,12.9354,57.1253,70.0607
174.905,12.4908,56.193,68.6837
174.925,12.6214,56.9999,69.6213
174.945,12.2896,56.4787,68.7683
174.965,12.8288,56.053,68.8818
174.985,12.5752,55.835,68.4102
175.005,12.7203,56.4001,69.1204
175.025,13.0605,56.6671,69.7276
175.045,11.9267,56.8846,68.8113
175.065,12.3294,56.6581,68.9875
175.085,12.5434,56.0343,68.5777
175.105,12.3582,54.7285,67.0867
175.125,12.5302,56.5739,69.1041
175.145,11.8444,55.6902,67.5346
175.165,13.7096,55.9414,69.6511
175.185,12.4139,56.4443,68.8582
175.205,11.6223,56.2029,67.8252
175.225,12.9124,56.099,69.0114
175.245,12.7717,55.5716,68.3433
175.265,12.2784,55.3698,67.6482
175.285,13.5113,56.8018,70.3131
175.305,11.7462,55.6242,67.3704
175.325,11.9138,55.8408,67.7546
175.345,13.9541,56.2937,70.2478
175.365,12.5475,56.0915,68.6391
175.385,12.8002,55.7792,68.5794
175.405,11.7015,55.6863,67.3878
175.425,11.3884,55.3229,66.7114
175.445,12.972,55.4946,68.4666
175.465,12.8337,56.5031,69.3368
175.485,14.6507,55.683,70.3338
175.505,11.7702,56.5613,68.3316
175.525,13.1684,55.5672,68.7357
175.545,11.6244,56.3187,67.9431
175.565,12.4103,55.8101,68.2204
175.585,11.5685,56.1944,67.7628
175.605,11.9793,56.5623,68.5416
175.625,13.3713,55.6238,68.9951
175.645,11.6114,55.9095,67.5209
175.665,11.4628,55.6992,67.162
175.685,10.797,54.9335,65.7305
175.705,11.2871,55.6246,66.9117
175.725,13.9866,55.757,69.7436
175.745,12.6443,54.2686,66.9128
175.765,13.7582,56.8027,70.5609
175.785,12.5615,54.9745,67.536
175.805,13.2443,55.0989,68.3432
175.825,11.6148,55.0263,66.641
175.845,13.002,55.5825,68.5845
175.865,13.2986,56.6786,69.9771
175.885,13.9343,55.9732,69.9075
175.905,11.4883,54.6156,66.1039
175.925,12.9075,55.7343,68.6418
175.945,11.9872,56.2811,68.2683
175.965,11.6976,56.062,67.7596
175.985,12.2068,55.3858,67.5925
176.005,11.6053,55.352,66.9573
176.025,12.163,55.173,67.336
176.045,11.5745,55.1796,66.7541
176.065,12.1362,54.9547,67.0909
176.085,11.9733,54.9351,66.9084
176.105,12.6663,55.2252,67.8916
176.125,10.6801,54.3031,64.9832
176.145,12.005,55.6419,67.6469
176.165,12.3369,56.3356,68.6725
176.185,12.0579,55.3401,67.3979
176.205,12.0352,55.6489,67.684
176.225,10.794,55.1101,65.9042
176.245,12.3706,54.8937,67.2644
176.265,11.9253,56.2388,68.1642
176.285,11.7649,54.2717,66.0366
176.305,11.6005,54.6718,66.2723
176.325,12.5745,55.6141,68.1887
176.345,11.638,56.1812,67.8192
176.365,11.2358,54.4137,65.6495
176.385,12.9131,55.9018,68.8149
176.405,12.3048,55.7334,68.0382
176.425,12.3194,55.1975,67.517
176.445,12.7812,55.0235,67.8047
176.465,11.5092,54.916,66.4252
176.485,11.9776,54.8644,66.8421
176.505,12.6152,54.8986,67.5138
176.525,12.4753,55.1694,67.6447
176.545,12.7589,55.3894,68.1483
176.565,13.0826,55.1591,68.2417
176.585,11.3429,56.0907,67.4336
176.605,11.6836,55.647,67.3306
176.625,12.0848,54.3089,66.3937
176.645,12.2545,54.925,67.1795
176.665,12.2166,54.9649,67.1815
176.685,12.4765,54.9564,67.4329
176.705,11.1276,54.9692,66.0968
176.725,11.9166,55.0061,66.9227
176.745,13.6974,55.4717,69.1691
176.765,11.8075,55.4531,67.2606
176.785,11.5437,56.1839,67.7276
176.805,10.7656,55.1842,65.9498
176.825,13.1578,55.8969,69.0548
176.845,13.781,54.9272,68.7083
176.865,11.9339,55.0805,67.0144
176.885,11.9963,54.9775,66.9738
176.905,12.5777,53.7805,66.3582
176.925,11.5853,54.6195,66.2048
176.945,11.2285,54.1732,65.4017
176.965,13.1035,55.8633,68.9668
176.985,10.8365,54.8338,65.6703
177.005,10.7908,54.3338,65.1245
177.025,10.7805,54.4531,65.2336
177.045,11.094,55.4913,66.5853
177.065,11.4596,54.0434,65.503
177.085,13.5156,54.607,68.1226
177.105,10.9504,55.3664,66.3169
177.125,12.8943,55.002,67.8962
177.145,12.0038,54.2491,66.2529
177.165,11.2717,54.7844,66.0562
177.185,12.4157,54.2049,66.6206
177.205,10.792,54.8382,65.6302
177.225,12.63,55.1019,67.7319
177.245,12.5503,54.2661,66.8165
177.265,12.6834,54.1304,66.8138
177.285,11.1997,54.3759,65.5756
177.305,11.0927,54.2236,65.3163
177.325,11.56,54.1731,65.7331
177.345,12.1822,54.8149,66.9971
177.365,13.4751,55.0858,68.5608
177.385,10.6828,54.7901,65.4729
177.405,11.2377,53.4235,64.6612
177.425,10.8566,54.0035,64.8602
177.445,11.668,55.2194,66.8874
177.465,10.9056,54.7854,65.6909
177.485,12.801,54.3959,67.197
177.505,11.7814,53.94,65.7214
177.525,11.6048,55.1141,66.7189
177.545,12.9765,54.8051,67.7815
177.565,12.0323,53.5078,65.5401
177.585,12.801,54.0568,66.8578
177.605,12.7361,54.6118,67.3479
177.625,10.9739,53.9188,64.8927
177.645,10.0417,53.759,63.8008
177.665,11.7383,53.8009,65.5393
177.685,9.95832,54.4058,64.3641
177.705,12.3282,53.3399,65.6681
177.725,11.642,53.8741,65.516
177.745,10.8591,53.6281,64.4872
177.765,11.5641,53.9593,65.5234
177.785,12.6113,54.1487,66.76
177.805,11.513,52.6019,64.1148
177.825,13.0072,55.1713,68.1785
177.845,13.1618,55.4933,68.655
177.865,11.6372,52.8794,64.5166
177.885,11.8848,54.0073,65.8921
177.905,12.4259,55.3296,67.7555
177.925,10.6449,53.9649,64.6098
177.945,12.4748,53.3073,65.7821
177.965,11.5241,54.8794,66.4036
177.985,11.2196,53.9203,65.1399
178.005,12.3201,53.9174,66.2376
178.025,10.7816,54.5844,65.366
178.045,10.1626,54.0252,64.1878
178.065,12.6573,54.1651,66.8224
178.085,11.1881,54.6785,65.8665
178.105,12.384,53.9453,66.3293
178.125,9.30626,53.219,62.5253
178.145,10.8853,54.4659,65.3511
178.165,12.1066,54.1755,66.2821
178.185,11.7706,53.5687,65.3393
178.205,11.3624,53.5409,64.9032
178.225,12.1745,54.4688,66.6432
178.245,10.1473,52.7469,62.8942
178.265,11.1832,53.9619,65.1451
178.285,11.0459,53.4291,64.475
178.305,12.058,54.1733,66.2313
178.325,12.7641,53.5097,66.2739
178.345,11.9813,52.8691,64.8504
178.365,11.487,53.3284,64.8154
178.385,12.1349,54.3404,66.4753
178.405,12.008,53.8615,65.8695
178.425,9.48148,52.7486,62.2301
178.445,13.643,53.9671,67.6101
178.465,11.366,53.6741,65.0401
178.485,10.8209,53.2075,64.0284
178.505,11.4489,53.0115,64.4603
178.525,11.6431,53.176,64.8191
178.545,11.9675,53.8119,65.7794
178.565,11.0096,52.559,63.5686
178.585,12.1317,54.2416,66.3734
178.605,12.6153,52.3962,65.0115
178.625,11.3601,52.3257,63.6859
178.645,10.3046,54.6533,64.9579
178.665,11.6321,53.034,64.6661
178.685,11.5343,53.4399,64.9742
178.705,11.5675,53.1713,64.7388
178.725,10.4301,52.7662,63.1963
178.745,12.2277,53.2724,65.5002
178.765,10.6212,52.0701,62.6913
178.785,11.2006,53.5283,64.7288
178.805,12.2028,52.7053,64.9081
178.825,11.1596,53.1499,64.3095
178.845,10.8417,52.6374,63.4791
178.865,11.1295,53.6563,64.7858
178.885,11.4224,53.3892,64.8116
178.905,10.7159,53.3301,64.046
178.925,11.2,53.1203,64.3203
178.945,11.7084,54.1428,65.8512
178.965,11.992,53.479,65.471
178.985,10.8058,52.4169,63.2227
179.005,12.1937,52.3095,64.5031
179.025,10.5501,53.5501,64.1002
179.045,9.89563,52.5233,62.4189
179.065,12.7758,52.3145,65.0903
179.085,10.6555,53.0626,63.718
179.105,12.9485,52.8913,65.8398
179.125,11.983,53.2031,65.1861
179.145,10.3018,53.192,63.4938
179.165,11.0554,54.0033,65.0587
179.185,11.3485,52.7643,64.1128
179.205,10.8245,53.1618,63.9862
179.225,10.4696,53.1708,63.6404
179.245,12.4844,51.978,64.4625
179.265,12.1596,52.6059,64.7655
179.285,10.7075,52.9304,63.6379
179.305,11.7384,54.0406,65.7789
179.325,11.9126,53.8233,65.7359
179.345,10.2897,52.975,63.2647
179.365,10.5561,53.2479,63.8041
179.385,10.6079,53.1915,63.7994
179.405,11.2978,52.4602,63.7581
179.425,9.20737,53.211,62.4183
179.445,11.4671,52.3145,63.7817
179.465,13.0073,53.0225,66.0298
179.485,9.85353,52.0418,61.8953
179.505,10.7747,53.3218,64.0965
179.525,11.335,52.0983,63.4334
179.545,10.2617,53.2843,63.546
179.565,11.6102,52.7715,64.3817
179.585,11.8184,52.7918,64.6101
179.605,12.3244,53.0865,65.411
179.625,12.1054,53.1939,65.2993
179.645,11.5832,52.3101,63.8933
179.665,11.5384,53.1531,64.6915
179.685,9.78424,52.6546,62.4388
179.705,11.2961,52.2139,63.51
179.725,10.7854,53.0184,63.8038
179.745,11.0056,51.9184,62.924
179.765,12.4575,52.7521,65.2096
179.785,11.3882,53.4133,64.8015
179.805,11.0065,51.7316,62.7381
179.825,10.554,51.5128,62.0667
179.845,11.2754,52.4184,63.6938
179.865,10.5823,51.091,61.6733
179.885,11.3275,53.6339,64.9614
179.905,11.517,52.374,63.891
179.925,12.6704,52.0451,64.7155
179.945,9.74172,51.9654,61.7071
179.965,10.6264,52.3811,63.0075
179.985,9.87002,52.7842,62.6542
180.005,11.7552,53.1367,64.8918
180.025,11.9136,52.2342,64.1478
180.045,10.7563,52.3732,63.1296
180.065,11.8985,52.6818,64.5802
180.085,12.1138,52.9689,65.0827
180.105,11.8659,52.3792,64.2451
180.125,10.0905,52.6795,62.77
180.145,9.83357,51.656,61.4896
180.165,10.9488,52.3682,63.3169
180.185,11.0299,52.318,63.3478
180.205,9.95902,52.1135,62.0725
180.225,10.2069,52.2156,62.4226
180.245,13.0324,52.034,65.0664
180.265,10.1351,52.3692,62.5043
180.285,12.3373,52.3151,64.6525
180.305,10.4866,52.1469,62.6335
180.325,10.7712,53.0754,63.8466
180.345,11.6474,52.4075,64.0549
180.365,10.2909,51.6132,61.9041
180.385,11.536,51.8136,63.3496
180.405,10.6402,52.1846,62.8249
180.425,9.63526,52.0203,61.6555
180.445,11.8629,53.2742,65.1371
180.465,12.1023,52.2688,64.371
180.485,11.2832,52.309,63.5922
180.505,10.1536,50.4762,60.6298
180.525,11.3459,52.2114,63.5573
180.545,10.2603,51.2872,61.5474
180.565,10.9943,51.5872,62.5815
180.585,9.323,51.4449,60.7679
180.605,11.46,51.8154,63.2755
180.625,12.5603,52.9186,65.4789
180.645,11.5206,51.8391,63.3597
180.665,10.7823,51.6067,62.3889
180.685,11.5368,51.9919,63.5286
180.705,10.5665,52.2823,62.8487
180.725,10.3978,51.1662,61.5641
180.745,11.2996,52.7041,64.0037
180.765,11.4895,51.2846,62.7741
180.785,11.2961,52.1351,63.4312
180.805,9.43522,51.8423,61.2775
180.825,9.99157,51.2157,61.2073
180.845,9.58455,51.5349,61.1194
180.865,12.089,51.3311,63.42
180.885,12.4765,52.1369,64.6133
180.905,10.9242,52.6327,63.5568
180.925,11.2429,51,62.2429
180.945,9.68914,51.6671,61.3562
180.965,10.6091,52.1963,62.8053
180.985,9.02988,51.1462,60.176
181.005,12.1327,50.6606,62.7934
181.025,11.7097,51.0662,62.7759
181.045,9.95754,51.3038,61.2613
181.065,12.3476,51.844,64.1917
181.085,10.8759,52.2653,63.1411
181.105,11.9875,52.4756,64.4632
181.125,9.25457,51.9683,61.2229
181.145,10.6706,51.1735,61.8441
181.165,10.885,51.4761,62.3611
181.185,9.90342,50.9121,60.8155
181.205,10.7417,51.7164,62.458
181.225,11.4928,51.67,63.1628
181.245,10.3183,51.1158,61.4341
181.265,9.07362,50.5925,59.6661
181.285,10.4784,51.5874,62.0659
181.305,12.6706,52.2755,64.9461
181.325,10.5189,50.7287,61.2476
181.345,10.7989,50.7611,61.56
181.365,12.5469,51.1344,63.6813
181.385,9.25507,50.7936,60.0487
181.405,10.7882,51.5434,62.3315
181.425,11.1034,51.6908,62.7942
181.445,11.4973,51,62.4973
181.465,9.86586,51.745,61.6108
181.485,9.83654,50.9786,60.8151
181.505,11.3212,51.4972,62.8183
181.525,10.0548,50.3525,60.4074
181.545,9.88468,50.9457,60.8304
181.565,10.1122,50.8657,60.9779
181.585,9.15775,50.8377,59.9955
181.605,10.3856,51.7007,62.0863
181.625,12.0797,51.3784,63.4581
181.645,10.8759,50.3104,61.1863
181.665,10.1352,50.5446,60.6798
181.685,11.3439,50.9197,62.2635
181.705,11.1996,52.1612,63.3607
181.725,10.8208,51.2356,62.0565
181.745,11.8738,51.9845,63.8583
181.765,11.4383,51.2783,62.7166
181.785,10.1335,51.1848,61.3182
181.805,10.1997,50.3401,60.5398
181.825,11.4964,50.6108,62.1072
181.845,10.2967,50.9378,61.2346
181.865,10.7878,51.0805,61.8683
181.885,10.9947,51.7636,62.7583
181.905,11.3534,51.1071,62.4605
181.925,12.4137,50.787,63.2007
181.945,10.6382,51.461,62.0992
181.965,9.96827,50.746,60.7142
181.985,10.3652,50.9609,61.3261
182.005,11.9492,50.8051,62.7544
182.025,11.2832,51.509,62.7921
182.045,10.9765,50.6136,61.5901
182.065,9.58923,50.053,59.6423
182.085,10.1135,50.6397,60.7532
182.105,11.1112,50.6042,61.7154
182.125,10.8908,50.5666,61.4575
182.145,10.7332,51.5168,62.25
182.165,9.57613,50.8229,60.399
182.185,11.658,50.8732,62.5312
182.205,9.85185,50.8566,60.7085
182.225,10.8616,50.5183,61.3799
182.245,12.2651,51.0221,63.2872
182.265,10.4554,49.9214,60.3768
182.285,10.447,51.3749,61.8219
182.305,9.81448,50.6995,60.514
182.325,9.9861,50.3219,60.308
182.345,10.0067,49.4667,59.4735
182.365,10.7657,49.9011,60.6668
182.385,10.6923,50.3014,60.9936
182.405,12.2323,51.3968,63.6291
182.425,8.9968,51.1723,60.1691
182.445,10.3909,50.7016,61.0924
182.465,10.9858,51.3215,62.3072
182.485,11.3552,50.3279,61.6831
182.505,11.1316,50.219,61.3506
182.525,11.1817,50.283,61.4647
182.545,11.2395,50.8092,62.0487
182.565,10.0658,49.7592,59.825
182.585,10.4322,50.5781,61.0103
182.605,11.1705,49.841,61.0115
182.625,10.0492,50.2129,60.2621
182.645,10.0844,51.2282,61.3127
182.665,9.58382,50.0478,59.6317
182.685,10.591,50.4866,61.0776
182.705,10.7046,50.739,61.4436
182.725,9.25847,50.0547,59.3132
182.745,11.5398,49.6011,61.141
182.765,10.1854,49.3686,59.554
182.785,11.6588,51.7646,63.4233
182.805,9.93484,51.3146,61.2494
182.825,11.3021,50.4033,61.7054
182.845,8.40668,49.0425,57.4492
182.865,10.8166,50.4208,61.2374
182.885,11.2552,49.8326,61.0878
182.905,10.0148,50.4573,60.4722
182.925,10.504,49.9275,60.4315
182.945,9.91015,50.6523,60.5625
182.965,10.9114,50.3013,61.2126
182.985,10.5769,50.5831,61.16
183.005,9.89637,50.8356,60.7319
183.025,9.60142,50.6962,60.2976
183.045,10.2871,49.4439,59.731
183.065,10.3065,49.456,59.7625
183.085,10.2165,50.2126,60.4291
183.105,8.99697,49.2647,58.2617
183.125,9.68083,50.4823,60.1631
183.145,10.5827,49.5008,60.0835
183.165,10.4687,49.7803,60.249
183.185,10.4583,49.5734,60.0317
183.205,9.34273,49.5339,58.8767
183.225,9.30609,50.2726,59.5787
183.245,11.6749,49.898,61.5729
183.265,10.9159,49.8788,60.7947
183.285,10.9085,49.3364,60.245
183.305,10.1244,49.0088,59.1332
183.325,9.37233,50.0664,59.4387
183.345,10.2625,49.6123,59.8748
183.365,8.7115,49.1206,57.8321
183.385,9.46521,50.1818,59.647
183.405,11.0031,49.6356,60.6387
183.425,11.2434,51.2366,62.4801
183.445,11.3666,49.6121,60.9787
183.465,10.9791,49.8466,60.8256
183.485,8.23585,49.2248,57.4606
183.505,10.3017,49.8911,60.1928
183.525,10.5682,49.3373,59.9055
183.545,10.5464,49.5154,60.0617
183.565,10.311,49.4418,59.7528
183.585,9.84141,49.3633,59.2047
183.605,9.06182,50.6312,59.693
183.625,10.8741,49.2969,60.171
183.645,10.295,49.1198,59.4148
183.665,9.76406,49.8259,59.59
183.685,11.3165,49.2767,60.5932
183.705,11.6306,49.734,61.3647
183.725,10.6995,48.9721,59.6716
183.745,9.70915,48.9784,58.6875
183.765,10.2082,49.5691,59.7774
183.785,10.284,48.9571,59.2411
183.805,9.3872,49.2181,58.6053
183.825,9.96203,49.4551,59.4172
183.845,10.3384,48.7135,59.0519
183.865,10.4269,49.6738,60.1007
183.885,10.5762,50.1775,60.7537
183.905,10.5067,48.542,59.0487
183.925,8.69087,50.0813,58.7722
183.945,10.6456,49.8506,60.4962
183.965,8.99522,48.9887,57.9839
183.985,11.7011,49.7303,61.4314
184.005,11.2306,49.9675,61.1981
184.025,10.388,49.6405,60.0285
184.045,10.1428,48.5926,58.7354
184.065,10.6784,48.8553,59.5337
184.085,10.6144,48.9644,59.5788
184.105,9.12862,49.1058,58.2345
184.125,10.8289,49.1583,59.9872
184.145,10.3608,49.1444,59.5052
184.165,10.6335,49.3672,60.0007
184.185,10.5898,48.8335,59.4233
184.205,9.91507,48.9065,58.8215
184.225,10.8325,49.1412,59.9737
184.245,11.3266,49.3284,60.655
184.265,9.2798,49.1525,58.4323
184.285,8.87291,49.1777,58.0506
184.305,9.66731,48.6951,58.3625
184.325,9.79677,48.3881,58.1849
184.345,8.91518,48.9291,57.8443
184.365,10.0997,48.8582,58.9579
184.385,10.4768,48.321,58.7978
184.405,10.3541,48.596,58.9501
184.425,9.96771,48.641,58.6087
184.445,9.93736,48.4291,58.3665
184.465,10.0984,48.9213,59.0197
184.485,10.873,49.4349,60.3078
184.505,10.0943,48.9743,59.0686
184.525,10.5857,49.5991,60.1848
184.545,12.2441,48.0028,60.2469
184.565,9.50953,48.8821,58.3917
184.585,10.3988,48.8428,59.2416
184.605,10.0007,49.165,59.1657
184.625,8.97367,49.1088,58.0825
184.645,10.2093,49.7845,59.9938
184.665,7.58472,48.2,55.7847
184.685,10.9123,48.535,59.4472
184.705,10.8481,49.2715,60.1196
184.725,10.1398,48.2914,58.4312
184.745,11.7572,49.0256,60.7829
184.765,8.76826,49.1802,57.9485
184.785,9.75012,49.2642,59.0144
184.805,9.37531,48.9156,58.2909
184.825,10.3189,49.4551,59.774
184.845,9.73237,48.3399,58.0723
184.865,9.49925,48.3397,57.8389
184.885,11.5406,49.1376,60.6782
184.905,9.64109,47.973,57.6141
184.925,9.88952,47.354,57.2435
184.945,10.1463,48.6072,58.7535
184.965,9.28168,48.368,57.6496
184.985,9.93528,48.4923,58.4276
185.005,10.0874,48.6086,58.696
185.025,7.98834,48.0134,56.0018
185.045,9.19919,48.4351,57.6343
185.065,10.1075,48.4504,58.5579
185.085,9.95537,48.6208,58.5762
185.105,9.40331,48.6713,58.0746
185.125,11.0152,48.8582,59.8733
185.145,11.5116,48.263,59.7746
185.165,10.3077,48.0746,58.3823
185.185,9.01021,47.682,56.6923
185.205,10.9268,48.2514,59.1783
185.225,10.3231,48.6515,58.9746
185.245,8.7222,48.7474,57.4696
185.265,10.9352,47.7112,58.6465
185.285,9.92609,49.4541,59.3802
185.305,9.62257,48.4785,58.1011
185.325,10.1442,48.8202,58.9644
185.345,9.30426,48.9223,58.2266
185.365,8.72265,48.2391,56.9618
185.385,9.67007,47.4617,57.1318
185.405,9.42217,47.4848,56.907
185.425,10.0161,48.4129,58.429
185.445,9.88501,47.8812,57.7662
185.465,9.99523,47.9501,57.9454
185.485,9.69843,48.1817,57.8801
185.505,8.87402,48.3371,57.2112
185.525,10.9192,48.5369,59.4561
185.545,10.6362,47.7404,58.3766
185.565,11.3653,48.6877,60.053
185.585,8.82593,47.8515,56.6775
185.605,10.5196,48.1969,58.7164
185.625,10.7934,48.4725,59.2659
185.645,9.56147,47.995,57.5565
185.665,9.94015,48.1779,58.1181
185.685,9.41808,47.8306,57.2487
185.705,9.77038,48.2371,58.0075
185.725,8.5066,47.5964,56.103
185.745,10.2711,48.3793,58.6504
185.765,9.36577,48.1076,57.4734
185.785,8.60783,48.0789,56.6867
185.805,9.91723,47.5872,57.5044
185.825,10.1414,47.5822,57.7236
185.845,8.19311,47.1727,55.3658
185.865,11.2777,47.4347,58.7124
185.885,9.88032,47.1404,57.0208
185.905,10.2877,47.8226,58.1104
185.925,9.96472,48.4685,58.4333
185.945,9.22552,46.6716,55.8971
185.965,8.93372,48.1581,57.0919
185.985,9.42294,48.8399,58.2629
186.005,8.86741,48.1701,57.0375
186.025,10.651,47.8511,58.5021
186.045,10.4295,47.9288,58.3583
186.065,9.28071,47.9925,57.2732
186.085,9.77833,47.3584,57.1367
186.105,10.6588,48.1238,58.7826
186.125,9.43578,47.898,57.3338
186.145,9.81817,47.1927,57.0109
186.165,9.56977,47.8979,57.4677
186.185,9.66164,47.2911,56.9528
186.205,8.67144,47.3229,55.9944
186.225,9.38077,46.8819,56.2627
186.245,8.50627,47.5127,56.019
186.265,10.7176,47.8438,58.5614
186.285,8.89176,46.971,55.8628
186.305,9.6312,46.9225,56.5537
186.325,9.50323,47.6676,57.1708
186.345,10.3739,48.6921,59.066
186.365,11.0742,48.1615,59.2357
186.385,9.81168,47.3299,57.1416
186.405,9.01693,47.8359,56.8528
186.425,9.29588,48.4926,57.7884
186.445,8.91446,47.7871,56.7015
186.465,10.2166,47.6532,57.8698
186.485,10.3423,47.143,57.4853
186.505,9.71621,47.5416,57.2578
186.525,10.1883,47.1159,57.3042
186.545,9.88756,46.9511,56.8387
186.565,8.94685,47.5677,56.5146
186.585,9.00814,46.7508,55.759
186.605,9.72907,47.2326,56.9616
186.625,9.73362,46.6933,56.4269
186.645,8.75175,47.5666,56.3183
186.665,8.17995,47.3073,55.4872
186.685,9.40742,47.5332,56.9407
186.705,9.90255,47.9397,57.8422
186.725,9.94735,47.5294,57.4768
186.745,9.58438,46.8923,56.4767
186.765,9.21774,47.3801,56.5978
186.785,9.63299,46.9948,56.6278
186.805,9.76858,47.4561,57.2247
186.825,8.82562,47.2233,56.0489
186.845,9.42255,46.4212,55.8437
186.865,9.50721,46.9287,56.4359
186.885,9.48841,46.7404,56.2288
186.905,10.6603,47.8758,58.5361
186.925,7.74771,46.8233,54.5711
186.945,8.99785,47.6451,56.643
186.965,8.73197,47.0028,55.7348
186.985,10.4648,47.3198,57.7846
187.005,8.92153,46.1885,55.11
187.025,9.67191,47.7473,57.4193
187.045,9.75201,46.4122,56.1642
187.065,9.31386,46.6169,55.9307
187.085,9.00773,47.5707,56.5784
187.105,9.8198,47.1812,57.001
187.125,9.92976,46.3402,56.27
187.145,9.29566,46.3913,55.6869
187.165,10.6781,47.4586,58.1366
187.185,9.75563,46.8218,56.5774
187.205,9.86738,46.6441,56.5114
187.225,9.72033,47.7069,57.4273
187.245,9.02628,46.4061,55.4324
187.265,7.99986,46.4152,54.4151
187.285,8.52564,46.0329,54.5585
187.305,8.95146,46.5042,55.4557
187.325,9.73033,47.59,57.3203
187.345,8.61014,47.296,55.9061
187.365,10.048,46.7876,56.8356
187.385,8.63978,46.8604,55.5002
187.405,11.0447,46.9025,57.9472
187.425,9.41476,46.5498,55.9646
187.445,9.89283,47.3028,57.1956
187.465,8.78753,46.6357,55.4232
187.485,10.2833,47.7276,58.0109
187.505,9.59624,46.1762,55.7725
187.525,8.21138,46.232,54.4434
187.545,8.04662,46.5114,54.558
187.565,8.2061,46.4497,54.6558
187.585,8.7261,46.2112,54.9373
187.605,8.86384,46.3955,55.2593
187.625,8.41062,46.0208,54.4314
187.645,11.6788,47.4812,59.16
187.665,9.01719,46.3967,55.4139
187.685,9.63321,46.4519,56.0851
187.705,9.12287,46.8467,55.9696
187.725,8.46188,46.3219,54.7838
187.745,8.31898,46.8984,55.2173
187.765,9.18937,46.3944,55.5838
187.785,9.02445,45.7795,54.804
187.805,9.00423,46.9827,55.987
187.825,9.05735,46.666,55.7234
187.845,10.0781,45.9586,56.0368
187.865,9.18104,47.4048,56.5858
187.885,11.0975,45.8589,56.9564
187.905,10.3798,46.1533,56.5331
187.925,8.43647,45.5847,54.0212
187.945,10.1907,46.4899,56.6806
187.965,9.10801,46.54,55.648
187.985,8.72553,46.3264,55.0519
188.005,9.23205,45.3909,54.6229
188.025,9.85829,45.7969,55.6552
188.045,8.94508,46.7973,55.7424
188.065,9.73175,46.1295,55.8613
188.085,8.70603,45.3819,54.088
188.105,11.1556,47.0405,58.1961
188.125,9.43726,45.9599,55.3972
188.145,8.66148,46.7265,55.388
188.165,8.58837,46.2048,54.7932
188.185,8.32061,45.6767,53.9973
188.205,8.74041,45.406,54.1464
188.225,8.38663,46.108,54.4946
188.245,9.056,45.476,54.532
188.265,9.09287,46.429,55.5218
188.285,8.27229,45.8503,54.1226
188.305,8.04773,45.175,53.2227
188.325,10.1521,46.078,56.2302
188.345,9.94383,46.6858,56.6296
188.365,9.17028,46.2622,55.4325
188.385,9.55518,45.3887,54.9439
188.405,9.00058,45.5555,54.556
188.425,9.59655,46.6076,56.2042
188.445,8.65206,46.4155,55.0676
188.465,8.7389,46.1964,54.9353
188.485,8.65239,46.3173,54.9697
188.505,7.6595,45.2805,52.94
188.525,9.38163,45.4885,54.8701
188.545,7.27104,45.9651,53.2361
188.565,8.56151,46.0559,54.6174
188.585,9.41192,46.0434,55.4553
188.605,10.0306,46.0247,56.0553
188.625,9.32214,45.7482,55.0704
188.645,9.4542,45.4765,54.9307
188.665,8.0416,45.3059,53.3475
188.685,8.69721,46.0217,54.7189
188.705,9.19742,45.6689,54.8663
188.725,7.43463,45.0482,52.4828
188.745,9.64097,45.5672,55.2081
188.765,8.25883,45.5346,53.7935
188.785,8.77069,46.0342,54.8049
188.805,8.52935,44.5496,53.0789
188.825,9.10033,45.626,54.7263
188.845,9.69927,45.5031,55.2024
188.865,7.26058,45.2416,52.5022
188.885,9.55902,45.5671,55.1262
188.905,9.71034,45.7547,55.465
188.925,9.67261,45.2552,54.9278
188.945,8.80705,44.7721,53.5791
188.965,8.67672,44.9808,53.6575
188.985,7.85061,44.7335,52.5841
189.005,9.69168,44.975,54.6666
189.025,9.55274,45.724,55.2768
189.045,8.86367,45.2652,54.1288
189.065,8.5826,45.1448,53.7274
189.085,9.32744,45.8939,55.2213
189.105,8.41607,45.1786,53.5947
189.125,8.7554,45.3031,54.0586
189.145,8.84925,45.6828,54.532
189.165,9.47958,45.1339,54.6135
189.185,8.21696,45.2282,53.4452
189.205,8.2159,45.6763,53.8922
189.225,9.04626,45.1522,54.1985
189.245,9.93922,44.7396,54.6788
189.265,8.06333,45.588,53.6513
189.285,9.57547,44.96,54.5355
189.305,9.25781,45.0109,54.2687
189.325,8.45406,44.9625,53.4165
189.345,8.67568,44.9256,53.6013
189.365,9.66372,44.8151,54.4788
189.385,8.08681,45.1269,53.2137
189.405,8.39931,44.7289,53.1283
189.425,8.09233,44.8082,52.9006
189.445,7.06759,44.7914,51.859
189.465,8.7876,45.944,54.7316
189.485,8.47311,44.5142,52.9873
189.505,8.92745,44.8753,53.8028
189.525,9.34566,44.6864,54.032
189.545,7.91195,45.0995,53.0114
189.565,8.6289,44.2813,52.9102
189.585,8.68611,45.8492,54.5353
189.605,8.68548,44.5743,53.2598
189.625,9.76989,44.4804,54.2502
189.645,8.24534,44.7714,53.0168
189.665,7.27222,43.9542,51.2264
189.685,9.31302,44.4854,53.7984
189.705,8.84072,44.3516,53.1923
189.725,9.0099,44.4337,53.4436
189.745,9.03109,44.6775,53.7085
189.765,7.50544,44.7138,52.2192
189.785,7.70653,44.9655,52.672
189.805,8.34698,44.6635,53.0105
189.825,8.59163,43.652,52.2437
189.845,9.70851,45.8524,55.5609
189.865,9.19579,44.6736,53.8694
189.885,9.20077,44.249,53.4497
189.905,8.76172,44.8681,53.6298
189.925,8.33182,44.3186,52.6504
189.945,7.5356,44.4827,52.0183
189.965,9.32989,45.1684,54.4983
189.985,8.6488,44.5137,53.1625
190.005,8.09329,43.8683,51.9616
190.025,9.49639,44.7829,54.2793
190.045,9.32297,44.6675,53.9904
190.065,8.75636,44.7431,53.4995
190.085,8.10244,44.8817,52.9841
190.105,8.14017,44.4132,52.5534
190.125,9.16069,44.3605,53.5212
190.145,9.12761,44.3913,53.5189
190.165,8.61017,44.6027,53.2129
190.185,8.97614,44.5389,53.515
190.205,7.9788,43.6229,51.6017
190.225,9.15185,44.6469,53.7987
190.245,8.48933,44.5665,53.0558
190.265,7.38547,44.4016,51.787
190.285,8.69109,44.3711,53.0622
190.305,9.11271,44.5797,53.6924
190.325,8.75746,43.9629,52.7204
190.345,8.36901,43.9258,52.2948
190.365,9.17901,43.9781,53.1571
190.385,9.58827,43.7494,53.3376
190.405,7.66499,43.8888,51.5538
190.425,9.20372,44.4975,53.7012
190.445,8.96956,44.6769,53.6465
190.465,8.96105,44.0429,53.0039
190.485,8.3264,45.2285,53.5549
190.505,8.4602,44.2058,52.666
190.525,7.74905,43.81,51.5591
190.545,8.32984,43.7886,52.1184
190.565,8.91713,43.8821,52.7992
190.585,7.83534,44.2579,52.0933
190.605,7.88193,43.4801,51.3621
190.625,8.89544,43.6015,52.4969
190.645,8.39572,44.4407,52.8364
190.665,8.66018,44.2762,52.9364
190.685,8.53142,43.3328,51.8642
190.705,8.5197,43.8891,52.4088
190.725,8.94778,44.3171,53.2649
190.745,8.55612,44.085,52.6411
190.765,8.59906,44.3157,52.9147
190.785,8.04986,44.4604,52.5103
190.805,7.61895,43.6839,51.3029
190.825,7.59402,44.1051,51.6991
190.845,9.00723,43.5948,52.602
190.865,7.17547,43.1727,50.3482
190.885,9.21554,44.4257,53.6412
190.905,7.96492,44.1608,52.1257
190.925,9.35425,43.328,52.6822
190.945,8.39057,43.7929,52.1834
190.965,8.43973,43.4468,51.8866
190.985,8.47657,43.8465,52.3231
191.005,8.55576,43.242,51.7978
191.025,7.86753,44.772,52.6396
191.045,7.67893,43.6131,51.292
191.065,8.75342,43.4787,52.2321
191.085,8.23765,43.9291,52.1668
191.105,7.95021,42.7431,50.6933
191.125,8.46338,43.1111,51.5744
191.145,8.29615,43.3627,51.6588
191.165,9.49642,43.7132,53.2096
191.185,8.98575,43.7726,52.7583
191.205,8.47356,42.7942,51.2677
191.225,9.24645,43.458,52.7044
191.245,7.9086,43.2662,51.1748
191.265,9.25442,43.2742,52.5286
191.285,8.59474,43.2344,51.8292
191.305,7.98564,43.1799,51.1655
191.325,8.01795,43.5669,51.5849
191.345,7.70942,43.0364,50.7458
191.365,7.61954,42.9777,50.5973
191.385,9.22294,43.1033,52.3262
191.405,8.6587,43.1282,51.7869
191.425,7.29561,43.6328,50.9284
191.445,8.52006,43.2841,51.8042
191.465,9.0107,43.743,52.7537
191.485,9.15998,43.2864,52.4464
191.505,8.02157,43.4283,51.4499
191.525,8.69183,43.5001,52.1919
191.545,9.13117,42.9864,52.1176
191.565,9.52493,43.3893,52.9142
191.585,7.37451,43.1747,50.5492
191.605,8.55674,42.7549,51.3117
191.625,8.62779,43.4164,52.0442
191.645,8.21087,43.25,51.4608
191.665,8.33314,42.5489,50.8821
191.685,8.8881,42.762,51.6501
191.705,8.89047,43.0489,51.9393
191.725,8.577,43.0077,51.5847
191.745,8.26337,42.9207,51.1841
191.765,8.21841,42.9837,51.2021
191.785,7.31644,42.7339,50.0504
191.805,8.1341,42.2784,50.4125
191.825,8.21141,41.6494,49.8608
191.845,7.49319,42.4609,49.9541
191.865,7.21534,43.2573,50.4726
191.885,7.98366,43.1358,51.1194
191.905,9.07496,43.2856,52.3605
191.925,9.62776,42.272,51.8998
191.945,8.30302,42.5869,50.8899
191.965,7.74494,41.9788,49.7237
191.985,8.36605,42.906,51.272
192.005,8.33204,42.7651,51.0971
192.025,7.93051,42.7898,50.7203
192.045,7.82854,43.1897,51.0183
192.065,9.23617,42.5657,51.8018
192.085,8.45016,43.0741,51.5243
192.105,7.47856,43.0137,50.4923
192.125,8.63097,42.8242,51.4552
192.145,7.54004,42.8769,50.4169
192.165,8.59759,42.7492,51.3468
192.185,7.6851,43.1477,50.8328
192.205,8.32287,42.6766,50.9994
192.225,8.83629,42.9815,51.8178
192.245,8.3954,42.5093,50.9047
192.265,8.52289,42.9387,51.4616
192.285,7.14623,42.251,49.3972
192.305,9.87704,42.8784,52.7554
192.325,7.41558,41.4808,48.8963
192.345,8.98525,42.501,51.4863
192.365,7.56965,42.438,50.0076
192.385,9.2326,42.6841,51.9167
192.405,6.83173,42.6596,49.4914
192.425,8.88001,42.9006,51.7806
192.445,7.51382,42.5517,50.0656
192.465,7.88799,42.7106,50.5986
192.485,8.20379,43.0778,51.2816
192.505,8.62451,43.1326,51.7571
192.525,7.90838,42.3841,50.2925
192.545,7.79974,42.7245,50.5243
192.565,7.04522,42.3546,49.3998
192.585,8.32678,42.9755,51.3022
192.605,7.95294,42.2922,50.2452
192.625,8.28826,42.5873,50.8756
192.645,7.91688,42.4946,50.4115
192.665,7.30063,42.6729,49.9735
192.685,8.27767,43.0763,51.354
192.705,7.96605,42.3471,50.3132
192.725,6.82528,42.4624,49.2877
192.745,7.13805,42.2768,49.4148
192.765,7.89602,42.3551,50.2512
192.785,8.40502,42.4003,50.8053
192.805,6.74801,42.1931,48.9411
192.825,8.57993,42.8212,51.4011
192.845,8.09737,42.0085,50.1059
192.865,7.37012,41.9009,49.2711
192.885,7.86579,42.3347,50.2004
192.905,8.11535,42.0828,50.1982
192.925,7.91116,41.6898,49.601
192.945,8.90676,41.875,50.7818
192.965,8.36064,42.2987,50.6593
192.985,7.60263,41.8935,49.4961
193.005,7.63214,41.4666,49.0987
193.025,8.60089,42.2042,50.8051
193.045,8.29945,41.3372,49.6367
193.065,7.91624,41.7043,49.6205
193.085,9.30341,42.24,51.5434
193.105,9.07386,41.9643,51.0381
193.125,7.15172,41.4582,48.6099
193.145,8.64994,41.6475,50.2974
193.165,8.38092,41.8606,50.2415
193.185,6.26846,42.3506,48.619
193.205,8.04704,42.5703,50.6173
193.225,8.33677,41.7158,50.0526
193.245,7.89405,42.6741,50.5681
193.265,7.65925,42.0377,49.6969
193.285,7.52048,42.1209,49.6414
193.305,7.94087,41.5579,49.4988
193.325,8.08783,42.9385,51.0263
193.345,6.41737,41.09,47.5074
193.365,7.57231,41.5598,49.1321
193.385,7.14454,41.8307,48.9752
193.405,7.61988,41.8927,49.5126
193.425,8.31449,42.8117,51.1261
193.445,8.1359,41.4817,49.6176
193.465,8.63085,41.7296,50.3604
193.485,7.41867,42.1645,49.5832
193.505,8.85503,41.4975,50.3525
193.525,8.73029,41.7528,50.4831
193.545,7.40265,41.6272,49.0298
193.565,6.97763,40.7943,47.7719
193.585,7.74107,42.0971,49.8382
193.605,7.73169,40.9385,48.6702
193.625,8.58339,41.215,49.7984
193.645,8.06309,41.4583,49.5214
193.665,7.06026,40.5715,47.6318
193.685,7.92481,42.0004,49.9253
193.705,7.45777,42.0757,49.5335
193.725,7.4901,41.5743,49.0644
193.745,7.2928,41.4671,48.7599
193.765,7.03126,41.7662,48.7975
193.785,6.62173,41.0559,47.6776
193.805,6.91876,40.7124,47.6311
193.825,8.3275,41.2728,49.6003
193.845,7.51533,41.9904,49.5057
193.865,8.09829,41.9146,50.0129
193.885,7.87829,41.6766,49.5549
193.905,8.63955,41.388,50.0275
193.925,8.10338,41.2544,49.3577
193.945,7.21094,40.6586,47.8695
193.965,8.31253,41.4076,49.7201
193.985,7.73421,41.4632,49.1974
194.005,7.21397,41.4123,48.6263
194.025,8.93356,41.5198,50.4533
194.045,8.35538,41.0441,49.3995
194.065,8.36528,41.6378,50.0031
194.085,7.7829,40.8322,48.6151
194.105,7.03406,40.5111,47.5451
194.125,8.38275,41.6199,50.0026
194.145,7.12903,41.0537,48.1827
194.165,7.31233,40.6761,47.9884
194.185,6.9321,41.0433,47.9754
194.205,9.66563,41.3436,51.0093
194.225,6.87712,41.1327,48.0098
194.245,7.56402,41.0547,48.6187
194.265,7.9741,41.0056,48.9797
194.285,6.88031,40.8156,47.6959
194.305,8.67567,40.8311,49.5068
194.325,8.00429,41.1465,49.1508
194.345,8.65464,40.468,49.1227
194.365,7.2073,40.0923,47.2996
194.385,8.84656,40.8341,49.6807
194.405,7.56947,41.2331,48.8025
194.425,7.22429,40.7557,47.9799
194.445,7.75105,40.5093,48.2604
194.465,8.3407,41.2028,49.5435
194.485,6.88985,40.3982,47.288
194.505,7.40514,40.6652,48.0703
194.525,7.11953,40.7512,47.8707
194.545,6.61154,41.5357,48.1473
194.565,8.00196,41.0792,49.0812
194.585,7.52345,40.4043,47.9278
194.605,7.79735,41.5305,49.3278
194.625,7.50276,40.0247,47.5274
194.645,7.04099,40.5618,47.6028
194.665,6.84706,40.9313,47.7784
194.685,8.31755,41.0196,49.3371
194.705,6.98968,41.2562,48.2459
194.725,7.38906,41.3134,48.7024
194.745,7.42192,40.4702,47.8921
194.765,6.40322,41.1624,47.5656
194.785,6.51829,40.7717,47.29
194.805,7.67467,41.6968,49.3714
194.825,7.01244,40.5705,47.5829
194.845,8.77984,40.742,49.5218
194.865,7.14786,41.0304,48.1782
194.885,6.89182,41.1462,48.038
194.905,7.26368,39.717,46.9806
194.925,8.30363,40.6592,48.9628
194.945,7.59156,41.0165,48.6081
194.965,6.22039,40.5807,46.8011
194.985,7.62891,40.5069,48.1358
195.005,7.06963,40.1566,47.2262
195.025,8.40945,40.1786,48.588
195.045,8.33849,40.7158,49.0543
195.065,7.37327,40.3265,47.6998
195.085,7.69349,40.7894,48.4828
195.105,7.62664,40.1269,47.7536
195.125,7.90878,40.301,48.2098
195.145,7.24332,39.9718,47.2151
195.165,7.60819,40.4731,48.0813
195.185,7.81676,40.3317,48.1485
195.205,8.49484,40.6266,49.1214
195.225,7.61214,40.5096,48.1217
195.245,6.93287,40.7004,47.6333
195.265,7.06586,40.2269,47.2928
195.285,7.83659,40.2331,48.0697
195.305,8.4687,40.5619,49.0306
195.325,7.31669,39.9762,47.2929
195.345,6.65804,40.188,46.846
195.365,7.93217,40.3841,48.3163
195.385,7.3257,39.4271,46.7528
195.405,7.33751,39.5757,46.9132
195.425,8.01165,40.7371,48.7488
195.445,7.55338,40.0462,47.5996
195.465,8.32451,40.1621,48.4866
195.485,8.07057,39.9935,48.0641
195.505,6.76988,39.9631,46.733
195.525,8.00243,40.2545,48.2569
195.545,7.03038,39.8998,46.9302
195.565,5.86335,40.5431,46.4064
195.585,7.92268,39.9226,47.8453
195.605,7.27257,40.0051,47.2777
195.625,7.43493,39.735,47.1699
195.645,7.73422,40.2126,47.9468
195.665,7.96545,40.5511,48.5166
195.685,5.65153,39.7882,45.4397
195.705,7.33006,39.7071,47.0371
195.725,7.34072,39.731,47.0717
195.745,7.52562,40.2871,47.8127
195.765,6.49376,40.3967,46.8905
195.785,7.07984,39.9189,46.9987
195.805,7.0043,38.8502,45.8545
195.825,6.86361,40.126,46.9896
195.845,7.86673,39.7913,47.658
195.865,7.09733,39.9668,47.0642
195.885,8.06326,39.9752,48.0385
195.905,6.32276,39.4613,45.7841
195.925,6.98167,39.5302,46.5119
195.945,7.6652,39.2522,46.9174
195.965,6.86742,40.4648,47.3323
195.985,8.09644,38.8509,46.9473
196.005,6.97214,39.8442,46.8163
196.025,7.83862,39.4112,47.2499
196.045,7.24276,40.1997,47.4424
196.065,6.98491,39.3911,46.376
196.085,7.44018,39.8169,47.2571
196.105,7.28153,38.9957,46.2772
196.125,6.97332,39.7697,46.743
196.145,6.03234,39.3048,45.3372
196.165,6.94944,39.191,46.1404
196.185,7.29602,39.6394,46.9355
196.205,7.62408,39.8033,47.4274
196.225,7.06788,39.1868,46.2547
196.245,8.57588,39.067,47.6429
196.265,7.335,39.5915,46.9265
196.285,7.66241,39.1395,46.8019
196.305,5.99811,39.0716,45.0697
196.325,7.40114,39.714,47.1151
196.345,7.61466,39.8855,47.5001
196.365,7.60655,39.2961,46.9026
196.385,7.77506,39.5479,47.3229
196.405,6.56716,38.6805,45.2477
196.425,6.30778,39.7029,46.0107
196.445,7.57662,39.4852,47.0618
196.465,7.57445,39.8855,47.4599
196.485,7.71008,39.5628,47.2729
196.505,6.22899,39.18,45.4089
196.525,6.40301,38.7262,45.1292
196.545,7.22688,38.7829,46.0097
196.565,7.60398,39.4944,47.0984
196.585,7.77291,39.0923,46.8652
196.605,7.41063,38.2563,45.6669
196.625,7.24717,39.0477,46.2949
196.645,6.86873,38.9197,45.7885
196.665,7.08303,38.4173,45.5003
196.685,7.76783,39.08,46.8478
196.705,7.61119,38.6294,46.2406
196.725,6.80783,38.9429,45.7507
196.745,6.92224,38.551,45.4733
196.765,6.29056,39.1286,45.4192
196.785,7.87836,38.925,46.8034
196.805,6.87729,39.1453,46.0226
196.825,6.82549,39.176,46.0015
196.845,8.2707,39.0777,47.3484
196.865,7.2452,38.8426,46.0878
196.885,7.20313,38.3168,45.5199
196.905,6.18855,38.4677,44.6563
196.925,7.10048,38.5527,45.6532
196.945,7.53006,38.5796,46.1097
196.965,6.42091,38.8459,45.2668
196.985,7.16062,38.5649,45.7255
197.005,6.56611,39.5088,46.0749
197.025,6.0743,38.0666,44.1409
197.045,7.68705,39.2539,46.941
197.065,6.51527,38.808,45.3233
197.085,6.18275,39.2841,45.4669
197.105,7.46321,38.2061,45.6693
197.125,6.97916,39.1983,46.1774
197.145,7.742,39.1881,46.9301
197.165,7.49451,39.1947,46.6893
197.185,6.53153,39.1378,45.6693
197.205,6.58284,38.7999,45.3828
197.225,7.29013,38.4802,45.7703
197.245,7.97883,39.5792,47.558
197.265,6.09193,38.5663,44.6582
197.285,7.01593,38.6851,45.701
197.305,6.97328,38.3077,45.281
197.325,7.83415,38.3549,46.1891
197.345,6.12183,38.5923,44.7141
197.365,6.89292,38.8969,45.7898
197.385,6.0563,38.5771,44.6334
197.405,7.18308,38.3311,45.5142
197.425,5.87753,38.0352,43.9127
197.445,5.47851,38.357,43.8355
197.465,7.64182,38.0242,45.666
197.485,6.57377,38.3543,44.9281
197.505,6.31999,38.5031,44.8231
197.525,6.32378,38.4814,44.8052
197.545,7.01881,38.259,45.2778
197.565,6.70279,38.1481,44.8509
197.585,6.29378,38.7778,45.0716
197.605,6.9754,38.3587,45.3341
197.625,7.22973,38.1569,45.3866
197.645,5.98247,38.2533,44.2357
197.665,6.61314,38.0742,44.6873
197.685,5.7525,38.418,44.1705
197.705,6.67049,37.4977,44.1682
197.725,6.70446,38.1494,44.8538
197.745,7.00511,38.4444,45.4495
197.765,6.71423,38.1238,44.8381
197.785,7.52997,38.5079,46.0379
197.805,6.44602,38.0738,44.5198
197.825,7.8421,38.3005,46.1426
197.845,6.01448,38.072,44.0865
197.865,7.02128,38.5057,45.527
197.885,7.23671,38.5341,45.7708
197.905,6.64031,37.8082,44.4485
197.925,6.41938,38.2644,44.6838
197.945,6.9086,38.4708,45.3794
197.965,6.60684,37.9893,44.5962
197.985,6.55108,37.4439,43.995
198.005,7.46941,37.6404,45.1098
198.025,7.29291,38.0089,45.3018
198.045,6.67526,38.0209,44.6962
198.065,6.55653,37.3133,43.8698
198.085,6.92684,38.2715,45.1983
198.105,7.63876,37.7487,45.3875
198.125,7.21919,38.5629,45.7821
198.145,6.7829,37.7552,44.5381
198.165,7.32685,37.6211,44.948
198.185,6.94417,38.3956,45.3398
198.205,6.83782,37.4236,44.2614
198.225,7.29027,37.9675,45.2577
198.245,6.47868,37.7048,44.1835
198.265,7.23681,37.8944,45.1312
198.285,6.11031,37.6159,43.7262
198.305,6.89146,37.6493,44.5407
198.325,6.05572,37.5194,43.5751
198.345,6.5778,37.8239,44.4017
198.365,7.43717,37.7976,45.2347
198.385,6.77221,37.5997,44.3719
198.405,6.36033,37.3423,43.7026
198.425,6.51007,37.953,44.4631
198.445,6.67209,38.0453,44.7174
198.465,6.81052,37.5074,44.3179
198.485,7.40567,38.2688,45.6745
198.505,5.76874,37.6405,43.4093
198.525,7.10682,38.2954,45.4022
198.545,5.72945,37.0209,42.7504
198.565,6.65017,37.32,43.9702
198.585,6.65427,37.8688,44.5231
198.605,6.96823,36.9937,43.9619
198.625,7.36127,37.4625,44.8237
198.645,5.94617,36.9668,42.913
