Time(ns),Ie(fC/ns),Ih(fC/ns),It(fC/ns)
0,0.14245,0.141668,0.284118
0.0001,-0.343687,-0.34956,-0.693246
0.0002,0.889947,0.840621,1.73057
0.0003,-0.815627,-0.679941,-1.49557
0.0004,1.06162,0.88841,1.95003
0.0005,-0.768854,-0.612528,-1.38138
0.0006,0.731179,0.686846,1.41802
0.0007,-0.578132,-0.520848,-1.09898
0.0008,0.545428,0.534656,1.08008
0.0009,-0.493288,-0.337924,-0.831212
0.001,0.485838,0.373631,0.859469
0.0011,-0.160745,-0.22136,-0.382105
0.0012,0.516788,0.328808,0.845596
0.0013,-0.0583126,-0.118306,-0.176619
0.0014,0.411061,0.376665,0.787726
0.0015,-0.105421,-0.0841986,-0.18962
0.0016,0.36738,0.312705,0.680085
0.0017,-0.0859433,-0.107915,-0.193858
0.0018,0.486402,0.326453,0.812855
0.0019,-0.052353,-0.0521894,-0.104542
0.002,0.325492,0.360946,0.686438
0.0021,0.0248716,0.0746523,0.0995239
0.0022,0.556745,0.399695,0.956441
0.0023,0.057164,0.014271,0.071435
0.0024,0.19316,0.192463,0.385623
0.0025,0.180374,0.122701,0.303075
0.0026,0.21355,0.136389,0.349938
0.0027,0.295366,0.220349,0.515715
0.0028,0.0751588,0.0300575,0.105216
0.0029,0.360448,0.294068,0.654516
0.003,0.0137078,-0.0300788,-0.016371
0.0031,0.2795,0.300702,0.580202
0.0032,0.0958514,0.0251194,0.120971
0.0033,0.457429,0.457241,0.91467
0.0034,0.0775464,0.0619533,0.1395
0.0035,0.415926,0.476007,0.891933
0.0036,0.0716887,0.0572025,0.128891
0.0037,0.445453,0.357124,0.802577
0.0038,0.339125,0.174189,0.513315
0.0039,0.22013,0.24783,0.46796
0.004,0.143773,0.110619,0.254392
0.0041,0.416999,0.249044,0.666044
0.0042,0.285659,0.114265,0.399924
0.0043,0.206088,0.253251,0.459339
0.0044,0.253476,0.365915,0.61939
0.0045,0.327303,0.275641,0.602943
0.0046,0.376523,0.284026,0.660549
0.0047,0.419448,0.303543,0.722992
0.0048,0.305009,0.130279,0.435288
0.0049,0.429739,0.419742,0.849481
0.005,0.145577,0.117704,0.263282
0.0051,0.553115,0.403433,0.956548
0.0052,0.60359,0.409114,1.0127
0.0053,0.453602,0.406748,0.86035
0.0054,0.450525,0.190962,0.641487
0.0055,0.344829,0.293017,0.637846
0.0056,0.456667,0.29449,0.751157
0.0057,0.506825,0.386506,0.893331
0.0058,0.416832,0.202739,0.619571
0.0059,0.484677,0.474209,0.958886
0.006,0.473382,0.455331,0.928714
0.0061,0.473668,0.432762,0.90643
0.0062,0.446667,0.334135,0.780802
0.0063,0.214802,0.456315,0.671117
0.0064,0.341991,0.512507,0.854498
0.0065,0.51238,0.447133,0.959513
0.0066,0.628195,0.415412,1.04361
0.0067,0.711958,0.414091,1.12605
0.0068,0.43902,0.389811,0.828831
0.0069,0.630321,0.583436,1.21376
0.007,0.536138,0.397656,0.933793
0.0071,0.53731,0.508794,1.0461
0.0072,0.565491,0.410299,0.97579
0.0073,0.636354,0.525671,1.16203
0.0074,0.364523,0.402636,0.767159
0.0075,0.612223,0.52379,1.13601
0.0076,0.476971,0.32075,0.797722
0.0077,0.489736,0.552479,1.04221
0.0078,0.488856,0.468205,0.957062
0.0079,0.747025,0.474691,1.22172
0.008,0.732158,0.506485,1.23864
0.0081,0.514823,0.406646,0.921469
0.0082,0.634009,0.335388,0.969398
0.0083,0.569325,0.431978,1.0013
0.0084,0.726239,0.482083,1.20832
0.0085,0.522422,0.535367,1.05779
0.0086,0.980301,0.673251,1.65355
0.0087,0.51676,0.206407,0.723167
0.0088,0.775891,0.434302,1.21019
0.0089,0.356172,0.335391,0.691563
0.009,0.889057,0.776513,1.66557
0.0091,0.436816,0.21469,0.651506
0.0092,0.894707,0.821497,1.7162
0.0093,0.44128,0.344831,0.786112
0.0094,0.932443,0.791104,1.72355
0.0095,0.32185,0.338405,0.660256
0.0096,0.837738,0.724685,1.56242
0.0097,0.543155,0.324895,0.86805
0.0098,1.06163,0.912793,1.97442
0.0099,0.3834,0.452362,0.835762
0.01,1.00178,0.834939,1.83672
0.0101,0.611329,0.532864,1.14419
0.0102001,0.9072,0.855904,1.7631
0.0103003,0.709517,0.477215,1.18673
0.0104005,0.90497,0.546545,1.45151
0.0105009,0.594043,0.481453,1.0755
0.0106014,1.01478,0.575028,1.58981
0.0107019,0.470579,0.579823,1.0504
0.0108026,0.989876,0.782393,1.77227
0.0109033,0.892686,0.30069,1.19338
0.0110041,0.992666,0.627099,1.61976
0.011105,0.820153,0.446096,1.26625
0.011206,1.24367,0.811952,2.05562
0.0113071,0.892977,0.57563,1.46861
0.0114083,0.982162,0.705301,1.68746
0.0115096,0.867963,0.715878,1.58384
0.011611,1.40197,0.906775,2.30875
0.0117124,0.637567,0.224568,0.862134
0.011814,1.16193,1.02202,2.18395
0.0119156,0.639871,0.439471,1.07934
0.0120174,1.23291,0.84067,2.07358
0.0121192,0.44461,0.393924,0.838534
0.0122211,1.03994,1.0609,2.10084
0.0123231,0.672255,0.344304,1.01656
0.0124253,1.24693,1.07948,2.32641
0.0125275,0.591164,0.591827,1.18299
0.0126298,1.10791,1.22145,2.32935
0.0127322,0.67674,0.43893,1.11567
0.0128346,1.3633,1.09648,2.45979
0.0129372,0.680864,0.587358,1.26822
0.0130399,1.5327,1.05759,2.59029
0.0131426,0.959784,0.416068,1.37585
0.0132455,1.16697,1.05435,2.22131
0.0133485,0.639761,0.510649,1.15041
0.0134515,1.45802,0.857246,2.31527
0.0135546,1.10795,0.61642,1.72437
0.0136579,1.21799,1.08987,2.30786
0.0137612,0.905002,0.623915,1.52892
0.0138646,1.51432,0.936881,2.45121
0.0139681,0.92394,0.43012,1.35406
0.0140717,1.5457,1.16046,2.70616
0.0141754,1.17012,0.563363,1.73348
0.0142792,1.64019,1.09146,2.73166
0.0143831,0.825489,0.703008,1.5285
0.0144871,1.73156,1.04357,2.77513
0.0145912,0.976753,0.445321,1.42207
0.0146954,1.6894,1.10207,2.79147
0.0147996,1.22414,0.764038,1.98818
0.014904,1.34189,0.752045,2.09394
0.0150084,1.09074,0.981207,2.07194
0.015113,1.44905,1.01469,2.46374
0.0152176,1.34417,0.855103,2.19927
0.0153224,1.3195,0.817141,2.13665
0.0154272,1.42043,0.865902,2.28633
0.0155322,0.958203,0.999687,1.95789
0.0156372,1.28029,0.712381,1.99267
0.0157423,1.57156,0.942592,2.51415
0.0158475,1.50311,0.81678,2.31989
0.0159529,1.55497,1.0981,2.65307
0.0160583,1.19395,0.785399,1.97935
0.0161638,1.56328,1.17293,2.73621
0.0162694,1.07086,0.872565,1.94343
0.0163751,1.5676,1.07647,2.64407
0.0164809,1.17943,0.668556,1.84799
0.0165868,1.47722,1.29007,2.76729
0.0166928,1.41996,1.16295,2.58291
0.0167988,1.90239,1.24874,3.15114
0.016905,1.39935,0.92702,2.32637
0.0170113,1.50925,1.07135,2.5806
0.0171177,1.49896,1.04616,2.54512
0.0172241,1.79259,0.96298,2.75557
0.0173307,1.58341,0.950349,2.53376
0.0174374,1.77115,1.37339,3.14454
0.0175441,1.4129,1.06522,2.47812
0.017651,1.63897,0.80259,2.44156
0.0177579,1.06784,0.805949,1.87379
0.017865,1.54846,1.26275,2.81121
0.0179721,1.57106,0.896208,2.46727
0.0180794,2.02041,1.40062,3.42103
0.0181867,1.68949,1.13716,2.82665
0.0182942,1.72873,1.33414,3.06287
0.0184017,1.46381,0.841,2.30481
0.0185094,2.03851,1.28527,3.32378
0.0186171,1.82779,1.01706,2.84484
0.0187249,1.95368,1.42034,3.37403
0.0188329,1.11924,0.951341,2.07059
0.0189409,2.01504,1.56336,3.5784
0.019049,1.69565,1.05141,2.74707
0.0191572,2.12252,1.60394,3.72646
0.0192656,1.33683,1.02264,2.35947
0.019374,2.0076,1.60898,3.61657
0.0194825,1.98848,1.08142,3.06989
0.0195911,2.02855,1.45059,3.47914
0.0196999,1.57647,1.05034,2.62682
0.0198087,2.18729,1.44897,3.63626
0.0199176,1.7741,0.980683,2.75478
0.0200266,2.21864,1.27263,3.49127
0.0201357,1.58072,1.23377,2.81449
0.0202449,2.30015,1.39638,3.69653
0.0203543,1.88141,1.16118,3.04259
0.0204637,2.02908,1.74564,3.77471
0.0205732,1.64288,0.912456,2.55533
0.0206828,2.16594,1.57183,3.73777
0.0207925,1.9325,1.34,3.2725
0.0209023,2.08072,1.23858,3.31931
0.0210122,2.00868,1.29548,3.30416
0.0211222,2.04432,1.52144,3.56576
0.0212323,2.16019,1.54481,3.705
0.0213426,2.08636,1.40424,3.4906
0.0214529,1.88199,1.48631,3.3683
0.0215633,2.20755,1.72343,3.93098
0.0216738,2.12711,1.34182,3.46893
0.0217844,2.21467,1.39376,3.60843
0.0218951,2.16379,1.39936,3.56315
0.0220059,2.47085,1.72452,4.19537
0.0221168,1.95571,1.31979,3.27549
0.0222279,2.26069,1.63828,3.89897
0.022339,2.17395,1.49337,3.66731
0.0224502,2.14523,1.653,3.79823
0.0225615,2.24313,1.53098,3.77411
0.0226729,2.39901,1.73606,4.13507
0.0227845,1.76563,1.52217,3.2878
0.0228961,2.42363,1.52024,3.94387
0.0230078,2.28105,1.4447,3.72575
0.0231196,2.39538,1.54437,3.93974
0.0232316,2.34778,1.60244,3.95021
0.0233436,2.24307,1.45126,3.69433
0.0234557,2.2061,1.54799,3.75409
0.0235679,2.56432,1.75686,4.32117
0.0236803,2.47582,1.39454,3.87036
0.0237927,2.52111,1.64251,4.16362
0.0239053,2.1539,1.59143,3.74533
0.0240179,2.49666,1.76792,4.26458
0.0241306,2.17779,1.30898,3.48677
0.0242435,2.43314,1.91141,4.34456
0.0243564,2.07697,1.70203,3.779
0.0244695,2.41288,2.01033,4.42322
0.0245826,2.01807,1.40634,3.42441
0.0246959,2.13998,1.41242,3.55241
0.0248093,2.29172,1.4688,3.76052
0.0249227,2.77176,1.94574,4.71751
0.0250363,2.52523,1.567,4.09223
0.02515,2.60824,1.6847,4.29294
0.0252637,2.30597,1.55835,3.86432
0.0253776,2.54047,1.48039,4.02086
0.0254916,2.8044,1.6401,4.4445
0.0256057,2.35373,1.49515,3.84888
0.0257199,2.55618,1.8587,4.41488
0.0258341,2.46931,1.61935,4.08866
0.0259485,2.57195,1.84779,4.41974
0.026063,2.5431,1.8676,4.4107
0.0261776,2.51839,2.05995,4.57834
0.0262923,2.45266,2.03685,4.48951
0.0264072,2.62243,1.54908,4.17151
0.0265221,2.85978,2.03098,4.89076
0.0266371,2.32167,1.52409,3.84576
0.0267522,2.34971,1.316,3.66571
0.0268674,2.57345,1.73323,4.30668
0.0269828,2.44616,1.71134,4.1575
0.0270982,2.85931,1.86475,4.72406
0.0272138,2.60769,1.63649,4.24418
0.0273294,3.1875,2.01468,5.20217
0.0274452,2.61427,1.72951,4.34378
0.027561,2.95868,2.07769,5.03636
0.027677,2.43496,1.38863,3.82359
0.0277931,3.25568,2.0514,5.30708
0.0279092,2.44831,1.56539,4.0137
0.0280255,3.35434,2.16804,5.52238
0.0281419,2.37637,1.4785,3.85487
0.0282584,3.05253,2.22312,5.27565
0.028375,2.57578,1.4977,4.07348
0.0284917,3.13165,2.33364,5.46529
0.0286085,2.24038,1.45461,3.69499
0.0287254,3.25777,2.18719,5.44496
0.0288424,2.31799,1.57422,3.89221
0.0289596,2.62725,1.73215,4.3594
0.0290768,2.73067,1.54531,4.27598
0.0291942,3.06354,2.05572,5.11926
0.0293116,2.86253,1.8206,4.68313
0.0294292,3.10348,2.07693,5.18041
0.0295468,2.73734,1.84666,4.584
0.0296646,3.32919,2.00449,5.33368
0.0297825,2.85859,1.87067,4.72925
0.0299005,3.07207,2.15507,5.22713
0.0300185,3.05414,1.856,4.91015
0.0301367,2.95988,2.27639,5.23627
0.0302551,2.55838,1.76223,4.32061
0.0303735,3.09121,2.26577,5.35697
0.030492,3.10345,2.18833,5.29179
0.0306106,3.00324,1.79477,4.79801
0.0307294,2.71298,1.74552,4.4585
0.0308482,3.29942,2.35129,5.65071
0.0309672,2.79503,1.79376,4.58879
0.0310862,3.13409,1.98937,5.12346
0.0312054,2.97177,2.1563,5.12808
0.0313247,3.12465,2.03707,5.16172
0.031444,2.74205,1.77115,4.5132
0.0315635,2.86417,2.02345,4.88762
0.0316831,2.69077,1.19717,3.88793
0.0318029,3.12776,2.15485,5.2826
0.0319227,3.01786,1.80914,4.827
0.0320426,2.95809,1.76857,4.72666
0.0321626,3.50915,2.31918,5.82833
0.0322828,2.87221,2.26987,5.14208
0.032403,2.78526,1.84796,4.63322
0.0325234,3.57595,2.29393,5.86989
0.0326439,3.14216,1.87975,5.02191
0.0327645,3.35163,2.11287,5.4645
0.0328852,3.11915,2.27409,5.39324
0.033006,3.29565,1.90818,5.20383
0.0331269,3.16471,2.24271,5.40742
0.0332479,3.60249,2.10384,5.70633
0.033369,2.90123,2.15715,5.05838
0.0334903,3.57281,2.48244,6.05525
0.0336116,3.06166,2.29979,5.36146
0.0337331,2.95606,2.22761,5.18367
0.0338547,2.86718,1.94237,4.80955
0.0339764,3.37111,2.4643,5.83542
0.0340982,3.06065,2.16849,5.22914
0.0342201,3.62883,2.32983,5.95866
0.0343421,3.32265,2.01219,5.33483
0.0344642,3.50506,2.30051,5.80557
0.0345865,3.5613,2.07868,5.63998
0.0347088,3.27795,2.1752,5.45314
0.0348313,3.43849,2.09971,5.5382
0.0349539,3.58791,2.34701,5.93492
0.0350765,3.34906,2.36768,5.71674
0.0351993,3.85406,2.28714,6.1412
0.0353222,3.66767,2.2256,5.89327
0.0354453,3.48323,2.5908,6.07404
0.0355684,3.36377,2.25209,5.61585
0.0356916,4.04176,2.71384,6.7556
0.035815,3.51222,2.56382,6.07604
0.0359385,3.26686,2.44864,5.7155
0.036062,3.68236,2.73133,6.41369
0.0361857,3.62694,2.4811,6.10803
0.0363095,3.58391,2.50411,6.08803
0.0364335,3.24766,2.00542,5.25309
0.0365575,3.83673,2.69628,6.53301
0.0366816,3.4485,1.99766,5.44616
0.0368059,4.00865,2.96028,6.96893
0.0369303,3.72175,2.29582,6.01757
0.0370547,3.72912,2.1663,5.89542
0.0371793,3.35442,2.57706,5.93149
0.037304,3.82597,2.35817,6.18414
0.0374289,3.6806,2.14795,5.82855
0.0375538,3.68098,2.54143,6.22241
0.0376789,3.66591,1.92739,5.59331
0.037804,4.17683,2.39545,6.57228
0.0379293,3.94182,2.17928,6.1211
0.0380547,3.75568,2.34183,6.09751
0.0381802,3.55855,2.10443,5.66298
0.0383058,3.80347,2.34504,6.1485
0.0384315,3.76488,2.54252,6.3074
0.0385574,3.48845,2.0658,5.55425
0.0386833,3.67842,2.6163,6.29472
0.0388094,3.63676,2.7401,6.37686
0.0389356,3.36551,2.19623,5.56174
0.0390619,3.51954,2.60466,6.12421
0.0391883,3.57373,2.41927,5.99299
0.0393149,3.83114,2.35932,6.19046
0.0394415,3.73955,2.21974,5.95929
0.0395683,4.40577,2.76854,7.17431
0.0396952,4.1976,2.3427,6.5403
0.0398222,4.03298,2.64023,6.67321
0.0399493,3.93842,2.38827,6.32669
0.0400765,3.8147,2.38858,6.20328
0.0402038,4.05756,2.5824,6.63996
0.0403313,3.99232,2.34415,6.33646
0.0404589,3.9968,2.25701,6.25381
0.0405866,4.27113,2.71231,6.98344
0.0407144,3.46862,2.20466,5.67329
0.0408423,3.99818,2.40714,6.40533
0.0409703,3.92681,2.34999,6.27679
0.0410985,3.56321,2.18404,5.74724
0.0412268,3.96566,2.51985,6.48551
0.0413551,4.19794,2.82685,7.0248
0.0414836,4.06367,2.36131,6.42497
0.0416123,4.19029,2.60697,6.79726
0.041741,3.81267,2.25564,6.06831
0.0418699,4.31096,2.87719,7.18815
0.0419988,4.20482,2.51778,6.72261
0.0421279,3.97178,2.33006,6.30184
0.0422571,3.77368,2.3428,6.11648
0.0423865,4.49902,2.53216,7.03118
0.0425159,4.57982,2.34897,6.92879
0.0426455,4.03531,2.88587,6.92117
0.0427751,4.118,2.47172,6.58973
0.0429049,4.05667,3.19018,7.24685
0.0430348,3.84547,2.49766,6.34312
0.0431649,4.2098,2.38026,6.59006
0.043295,3.29327,2.26386,5.55714
0.0434253,4.37358,2.60762,6.98119
0.0435557,4.3966,2.86001,7.25662
0.0436862,3.87641,2.55507,6.43148
0.0438168,4.12637,2.54385,6.67022
0.0439476,4.53318,2.97893,7.51211
0.0440784,3.91338,2.56653,6.47992
0.0442094,4.43687,3.07052,7.50738
0.0443405,4.13185,2.79603,6.92788
0.0444717,3.68767,2.4364,6.12407
0.0446031,4.0289,2.69351,6.72241
0.0447345,3.88657,2.57112,6.4577
0.0448661,4.51151,2.53007,7.04158
0.0449978,4.23618,2.46784,6.70402
0.0451296,4.28014,2.09063,6.37077
0.0452615,5.01137,2.78131,7.79268
0.0453936,4.39027,2.56753,6.9578
0.0455258,4.17809,2.52897,6.70706
0.0456581,3.89691,2.65339,6.5503
0.0457905,4.19103,3.08151,7.27255
0.045923,4.31065,2.60827,6.91892
0.0460557,4.13664,2.43721,6.57385
0.0461885,3.83335,2.89958,6.73293
0.0463214,4.29161,2.9442,7.2358
0.0464544,4.02793,2.6712,6.69913
0.0465875,4.37012,2.5214,6.89151
0.0467208,3.70469,2.7009,6.40559
0.0468542,4.48102,2.85427,7.3353
0.0469877,4.5741,2.85346,7.42756
0.0471213,4.58204,2.94645,7.52849
0.047255,3.91995,2.81147,6.73142
0.0473889,4.50764,2.6669,7.17455
0.0475229,3.62067,2.49329,6.11396
0.047657,4.98831,2.96846,7.95677
0.0477912,4.36835,2.42998,6.79833
0.0479256,3.8875,2.89674,6.78424
0.0480601,4.41245,2.60803,7.02049
0.0481947,4.14028,2.62621,6.76648
0.0483294,4.37155,2.43038,6.80193
0.0484642,4.51818,3.01439,7.53257
0.0485992,4.28998,2.63538,6.92536
0.0487343,4.17453,2.37595,6.55048
0.0488695,4.28722,2.81014,7.09736
0.0490048,3.92958,2.88563,6.81521
0.0491403,4.51292,2.74039,7.25331
0.0492759,4.54335,2.67206,7.21541
0.0494116,4.39443,3.12481,7.51923
0.0495474,4.5818,2.7423,7.3241
0.0496834,4.70735,2.75013,7.45748
0.0498194,4.58491,2.91758,7.50249
0.0499556,4.28445,2.6439,6.92835
0.050092,4.37124,2.75889,7.13013
0.0502284,4.66919,2.46923,7.13842
0.050365,4.43467,2.72761,7.16228
0.0505017,4.63884,2.8937,7.53255
0.0506385,4.49447,2.68287,7.17734
0.0507754,4.00157,2.59588,6.59745
0.0509125,4.6256,3.08742,7.71302
0.0510497,4.80981,2.55631,7.36612
0.051187,5.06923,3.20396,8.27318
0.0513245,4.58869,2.67468,7.26337
0.051462,4.07364,2.75507,6.82872
0.0515997,4.16802,2.86952,7.03754
0.0517375,4.45303,2.77838,7.23142
0.0518755,4.12546,2.52596,6.65142
0.0520136,4.71112,3.31981,8.03093
0.0521518,4.27319,2.52059,6.79378
0.0522901,4.95034,3.06267,8.01301
0.0524285,4.44491,2.33927,6.78418
0.0525671,4.74334,2.81134,7.55468
0.0527058,4.36673,2.70347,7.0702
0.0528446,4.71558,2.96865,7.68422
0.0529836,4.79138,3.08887,7.88025
0.0531226,4.59462,2.68537,7.27999
0.0532618,4.24091,2.7628,7.00371
0.0534012,5.14535,2.58886,7.73421
0.0535406,4.3887,2.79626,7.18496
0.0536802,4.91073,2.85447,7.7652
0.0538199,4.48539,2.97961,7.465
0.0539597,4.67302,3.01511,7.68812
0.0540997,4.47195,2.99046,7.46241
0.0542398,4.99226,2.88084,7.8731
0.05438,4.76853,3.04457,7.8131
0.0545204,4.19068,2.74326,6.93394
0.0546608,4.07225,2.71431,6.78656
0.0548014,4.75868,2.52673,7.28541
0.0549422,4.19829,2.78055,6.97884
0.055083,4.33731,2.68741,7.02472
0.055224,4.60563,3.03141,7.63704
0.0553651,4.73739,2.87114,7.60853
0.0555064,4.1384,2.72748,6.86588
0.0556477,4.38126,2.59197,6.97322
0.0557892,4.63373,3.08586,7.71959
0.0559309,4.85949,3.11171,7.97121
0.0560726,4.73013,2.78829,7.51842
0.0562145,4.61035,2.68323,7.29358
0.0563565,4.16341,2.71463,6.87805
0.0564987,4.48973,3.19957,7.6893
0.0566409,4.32547,2.91992,7.24538
0.0567833,4.42936,2.4183,6.84766
0.0569259,5.15717,2.64583,7.803
0.0570685,5.16596,2.85469,8.02065
0.0572113,5.72471,2.97659,8.7013
0.0573542,5.10434,2.86143,7.96578
0.0574973,5.10664,2.82662,7.93326
0.0576405,5.22774,3.16204,8.38978
0.0577838,4.70302,3.09962,7.80264
0.0579272,4.52513,2.86498,7.39011
0.0580708,4.67307,2.84205,7.51513
0.0582145,4.81258,2.93868,7.75126
0.0583583,4.93511,2.8194,7.7545
0.0585023,5.043,3.16232,8.20533
0.0586464,4.77055,2.3213,7.09185
0.0587906,4.7102,3.25109,7.96129
0.0589349,4.85814,3.03776,7.8959
0.0590794,4.94541,3.1083,8.05372
0.059224,5.00579,2.53448,7.54027
0.0593688,4.93247,3.12061,8.05309
0.0595137,4.78023,3.20909,7.98932
0.0596587,5.42155,2.94774,8.36929
0.0598038,4.85757,2.80175,7.65933
0.0599491,4.93827,2.87386,7.81213
0.0600945,4.84839,2.88241,7.7308
0.0602401,4.92693,3.23215,8.15909
0.0603857,4.94068,2.53559,7.47627
0.0605315,4.66744,3.21375,7.88119
0.0606775,4.84097,3.03517,7.87614
0.0608235,4.77045,3.04242,7.81288
0.0609697,4.66648,2.42512,7.0916
0.0611161,4.58689,2.68803,7.27492
0.0612625,5.00896,2.96309,7.97204
0.0614092,4.75066,2.87644,7.6271
0.0615559,4.64477,2.65948,7.30425
0.0617028,4.87214,3.18894,8.06108
0.0618498,4.72675,2.83916,7.56592
0.0619969,5.44794,2.76084,8.20878
0.0621442,4.61643,2.59034,7.20677
0.0622916,4.69375,2.52778,7.22152
0.0624391,5.09073,2.59951,7.69024
0.0625868,5.28884,2.90199,8.19083
0.0627346,5.16251,2.70141,7.86391
0.0628825,4.93806,2.45193,7.38998
0.0630306,4.4717,2.84145,7.31316
0.0631788,5.28269,3.03522,8.3179
0.0633272,4.87718,2.61677,7.49395
0.0634756,5.16333,3.19861,8.36194
0.0636242,4.79823,2.75883,7.55707
0.063773,5.07445,2.82154,7.89599
0.0639219,4.82197,2.70194,7.52392
0.0640709,4.99382,2.84115,7.83497
0.0642201,4.56613,2.77715,7.34328
0.0643693,5.07119,2.97221,8.0434
0.0645188,4.60958,3.043,7.65258
0.0646683,4.99706,3.35132,8.34837
0.064818,4.54085,2.98208,7.52294
0.0649679,4.83253,2.57521,7.40774
0.0651178,4.65886,2.97329,7.63216
0.0652679,5.13433,3.30481,8.43914
0.0654182,4.7271,2.45978,7.18688
0.0655686,4.88135,3.20648,8.08783
0.0657191,4.49893,2.7224,7.22133
0.0658697,4.6256,2.71411,7.33972
0.0660205,5.08543,2.59984,7.68527
0.0661715,5.05459,2.98758,8.04218
0.0663225,5.01713,3.0505,8.06763
0.0664737,4.4059,2.71039,7.11629
0.0666251,5.13267,3.16249,8.29516
0.0667765,5.20738,3.18557,8.39295
0.0669282,4.97403,3.09511,8.06915
0.0670799,5.70491,3.10249,8.8074
0.0672318,4.95214,2.826,7.77814
0.0673838,5.16888,3.03169,8.20056
0.067536,5.16151,2.73013,7.89163
0.0676883,4.73394,2.99221,7.72614
0.0678407,4.73909,2.66596,7.40505
0.0679933,5.01072,2.95191,7.96263
0.0681461,5.18645,2.95565,8.1421
0.0682989,5.1612,3.47367,8.63487
0.0684519,5.17743,2.3578,7.53522
0.068605,4.6054,3.02361,7.62901
0.0687583,5.09722,2.92154,8.01875
0.0689117,4.86152,2.64388,7.50539
0.0690653,4.77481,2.84928,7.62409
0.069219,4.1737,2.73058,6.90428
0.0693728,4.99222,2.93293,7.92516
0.0695268,4.57906,3.08402,7.66309
0.0696809,4.12815,3.09321,7.22136
0.0698352,5.33609,3.11237,8.44846
0.0699896,4.87683,2.85353,7.73036
0.0701441,4.71388,3.03395,7.74782
0.0702988,4.87529,2.81488,7.69017
0.0704536,5.33236,2.80568,8.13803
0.0706086,5.39332,2.70856,8.10188
0.0707637,5.47367,3.14277,8.61643
0.0709189,4.84713,2.87898,7.72611
0.0710743,4.67136,2.88058,7.55194
0.0712298,4.99244,3.04163,8.03407
0.0713855,4.87832,2.5616,7.43992
0.0715413,4.90329,2.67897,7.58226
0.0716972,4.99445,3.01857,8.01302
0.0718533,5.2879,3.0124,8.3003
0.0720095,4.95069,2.77563,7.72632
0.0721659,4.57006,2.75665,7.32671
0.0723224,5.12873,2.60336,7.73208
0.0724791,4.74806,3.11709,7.86516
0.0726359,4.63854,2.95792,7.59646
0.0727928,4.92913,2.59634,7.52547
0.0729499,4.88695,2.89338,7.78034
0.0731071,4.69081,2.56177,7.25258
0.0732645,5.10016,2.69351,7.79367
0.073422,4.95285,3.02529,7.97814
0.0735797,4.7135,2.90277,7.61627
0.0737375,5.23288,2.78446,8.01734
0.0738954,4.79257,2.96041,7.75299
0.0740535,5.26842,2.5147,7.78312
0.0742117,5.14058,3.14624,8.28682
0.0743701,5.27958,2.95387,8.23345
0.0745286,5.4617,2.92555,8.38725
0.0746873,5.20582,2.82285,8.02867
0.0748461,4.72386,2.65954,7.3834
0.075005,5.36618,2.98038,8.34656
0.0751641,4.50036,2.93352,7.43388
0.0753234,5.19106,2.84204,8.0331
0.0754828,5.37664,2.9245,8.30114
0.0756423,5.40397,2.64575,8.04972
0.075802,5.39943,3.33251,8.73194
0.0759618,5.24267,2.62972,7.8724
0.0761218,5.17726,2.78635,7.9636
0.0762819,4.72444,2.50482,7.22925
0.0764421,5.50489,2.84937,8.35427
0.0766025,5.03762,3.02544,8.06306
0.0767631,6.00712,3.1449,9.15203
0.0769238,5.20366,2.83695,8.0406
0.0770846,5.82197,3.0297,8.85167
0.0772456,5.52231,2.82737,8.34967
0.0774067,5.28003,3.00433,8.28436
0.077568,4.92681,2.78937,7.71618
0.0777294,5.23641,2.68446,7.92087
0.077891,5.13456,2.09907,7.23363
0.0780527,5.11933,2.96729,8.08662
0.0782146,5.80203,2.60396,8.40598
0.0783766,5.25485,2.58033,7.83518
0.0785388,4.95457,2.80854,7.76312
0.0787011,4.62038,3.20632,7.8267
0.0788635,4.9243,3.20888,8.13318
0.0790261,4.9291,2.80768,7.73678
0.0791889,5.32101,3.12602,8.44702
0.0793518,5.40792,2.80199,8.20991
0.0795148,5.79528,2.99934,8.79462
0.079678,4.93153,2.91584,7.84737
0.0798414,4.90161,2.94502,7.84663
0.0800049,5.52515,3.53449,9.05964
0.0801685,5.26856,2.92379,8.19235
0.0803323,4.88954,2.75152,7.64106
0.0804962,4.4726,2.92572,7.39832
0.0806603,4.82773,3.11831,7.94604
0.0808245,5.43339,2.93254,8.36593
0.0809889,4.91736,2.68657,7.60393
0.0811535,4.54871,2.41624,6.96496
0.0813182,5.26181,3.33462,8.59643
0.081483,5.07156,2.65304,7.72459
0.081648,4.89833,3.07027,7.9686
0.0818131,5.08302,3.16092,8.24394
0.0819784,4.77579,2.55693,7.33271
0.0821438,5.21451,2.91657,8.13108
0.0823094,4.70497,3.02178,7.72675
0.0824751,5.09647,2.45072,7.54718
0.082641,5.62749,2.86024,8.48773
0.0828071,5.09219,3.23653,8.32872
0.0829733,5.22572,2.61554,7.84126
0.0831396,5.22049,2.46547,7.68596
0.0833061,5.38556,2.91806,8.30362
0.0834727,5.28066,2.81421,8.09486
0.0836395,5.21582,2.51156,7.72738
0.0838065,5.53456,3.14642,8.68097
0.0839736,4.96119,2.45035,7.41154
0.0841408,5.20632,2.93076,8.13708
0.0843082,5.4045,2.97447,8.37897
0.0844758,4.79828,3.40934,8.20762
0.0846435,5.32214,2.5666,7.88874
0.0848113,5.20529,2.79857,8.00385
0.0849793,5.46948,2.72177,8.19125
0.0851475,5.10179,3.28554,8.38733
0.0853158,5.47853,3.02536,8.50388
0.0854843,5.13337,2.97721,8.11058
0.0856529,5.40688,3.05663,8.46351
0.0858217,4.6871,2.7656,7.4527
0.0859906,5.12824,2.80553,7.93378
0.0861597,5.06928,3.20958,8.27886
0.0863289,4.80185,2.85922,7.66107
0.0864983,5.00488,2.51975,7.52463
0.0866679,4.8916,3.17872,8.07031
0.0868376,4.82995,2.64903,7.47898
0.0870074,4.82011,2.82249,7.6426
0.0871774,5.07216,2.8672,7.93936
0.0873476,4.93311,2.71005,7.64316
0.0875179,4.8773,3.13652,8.01382
0.0876884,5.21825,2.97046,8.18871
0.087859,5.19763,2.81138,8.00901
0.0880298,5.78382,2.79432,8.57814
0.0882007,5.04727,2.68188,7.72914
0.0883718,4.86298,2.60784,7.47083
0.0885431,5.18342,3.09776,8.28118
0.0887145,4.84274,2.77708,7.61982
0.088886,5.03691,2.67688,7.71379
0.0890577,5.06758,2.65864,7.72622
0.0892296,5.1,2.8005,7.9005
0.0894016,4.71122,2.93894,7.65015
0.0895738,5.25391,3.0379,8.29182
0.0897462,5.66908,3.19786,8.86695
0.0899186,5.16286,2.39015,7.55301
0.0900913,5.16207,3.07494,8.23701
0.0902641,5.08271,2.62519,7.7079
0.0904371,5.5099,2.86719,8.37709
0.0906102,5.14767,2.64405,7.79172
0.0907835,5.5393,3.14065,8.67995
0.0909569,4.63923,2.52563,7.16486
0.0911305,4.80289,2.49665,7.29954
0.0913043,5.40525,2.80191,8.20716
0.0914782,5.3427,2.99806,8.34077
0.0916523,4.85341,2.86775,7.72116
0.0918265,5.74219,2.71245,8.45464
0.0920009,5.55738,3.15886,8.71623
0.0921754,5.53632,2.81446,8.35078
0.0923501,5.33421,2.83236,8.16657
0.092525,5.17939,3.26686,8.44625
0.0927,4.93084,2.75215,7.68299
0.0928752,4.8077,2.72156,7.52925
0.0930505,4.74067,2.70384,7.44451
0.093226,4.7276,2.63424,7.36184
0.0934017,5.02942,2.75286,7.78228
0.0935775,4.1056,2.42577,6.53136
0.0937535,5.30582,2.77532,8.08114
0.0939296,4.85935,2.82998,7.68933
0.0941059,4.26465,2.5242,6.78886
0.0942824,4.70046,2.50655,7.20701
0.094459,4.75296,2.77438,7.52734
0.0946358,4.943,2.75272,7.69571
0.0948127,5.34151,2.79726,8.13877
0.0949898,5.25836,2.76113,8.01949
0.0951671,5.0686,2.85444,7.92304
0.0953445,5.42255,2.66238,8.08493
0.0955221,5.26411,2.69286,7.95696
0.0956999,5.87402,2.70496,8.57898
0.0958778,4.26099,2.71655,6.97754
0.0960558,4.44801,2.55799,7.006
0.0962341,5.14365,2.64539,7.78903
0.0964125,5.04999,2.46059,7.51057
0.096591,4.90213,2.54374,7.44587
0.0967697,5.13804,2.79983,7.93787
0.0969486,5.49389,2.71442,8.20831
0.0971277,5.073,2.73997,7.81297
0.0973069,4.65689,3.22644,7.88332
0.0974862,4.98883,2.66664,7.65547
0.0976658,4.708,2.61317,7.32118
0.0978455,5.03624,2.23346,7.2697
0.0980253,5.27996,2.55525,7.83521
0.0982054,5.08521,2.89807,7.98328
0.0983855,4.51901,2.64222,7.16123
0.0985659,5.081,2.59429,7.67529
0.0987464,4.95609,2.54227,7.49836
0.0989271,5.49567,2.73737,8.23304
0.0991079,5.52333,2.70986,8.2332
0.0992889,4.73582,2.94971,7.68553
0.0994701,5.0471,2.63736,7.68446
0.0996514,5.15499,2.45341,7.6084
0.099833,5.10852,3.01544,8.12396
0.100015,5.00957,2.67468,7.68425
0.100196,5.27353,2.64379,7.91731
0.100378,4.72615,2.79217,7.51832
0.100561,4.35332,2.53863,6.89195
0.100743,4.87906,2.94734,7.8264
0.100925,5.20587,2.25632,7.46219
0.101108,4.862,2.85696,7.71897
0.101291,4.734,2.76645,7.50045
0.101474,4.28326,2.47475,6.75801
0.101657,4.85896,2.35459,7.21355
0.10184,5.19006,2.609,7.79905
0.102024,4.30315,2.3926,6.69575
0.102208,3.8751,2.38127,6.25637
0.102391,4.41514,3.00354,7.41868
0.102575,5.11182,2.33527,7.44709
0.10276,4.79143,2.7772,7.56863
0.102944,5.01795,2.27607,7.29402
0.103128,4.35903,2.77445,7.13348
0.103313,4.40796,2.46129,6.86925
0.103498,4.9851,2.30567,7.29078
0.103683,4.87181,2.82538,7.69719
0.103868,4.91631,2.95387,7.87018
0.104053,4.84404,2.52422,7.36826
0.104239,4.66256,2.51973,7.18229
0.104425,4.73149,2.39237,7.12386
0.10461,4.55245,2.73145,7.2839
0.104796,5.19703,2.70689,7.90391
0.104983,5.42628,2.79236,8.21865
0.105169,5.50076,2.60898,8.10974
0.105355,5.38419,2.91551,8.29971
0.105542,5.05651,2.51473,7.57124
0.105729,4.61154,2.89742,7.50896
0.105916,4.82319,2.5306,7.35379
0.106103,5.54326,2.58684,8.1301
0.106291,5.54332,2.87747,8.42079
0.106478,4.89994,2.75283,7.65276
0.106666,4.44778,2.9019,7.34968
0.106854,4.37442,2.32468,6.6991
0.107042,4.91805,2.43368,7.35173
0.10723,5.22733,2.6732,7.90053
0.107418,4.62739,2.31322,6.94061
0.107607,4.74069,2.73919,7.47987
0.107796,4.94352,2.74559,7.68911
0.107985,4.72625,2.6281,7.35435
0.108174,4.68971,2.33912,7.02883
0.108363,4.74903,2.61846,7.36749
0.108552,4.97038,2.82765,7.79803
0.108742,5.18141,2.67674,7.85816
0.108932,4.94893,2.51842,7.46736
0.109122,4.57407,2.59786,7.17193
0.109312,5.1038,2.65454,7.75834
0.109502,4.5735,2.6532,7.2267
0.109692,4.91748,2.58704,7.50452
0.109883,4.82641,2.37229,7.19871
0.110074,4.5942,2.53946,7.13367
0.110265,5.14997,2.83366,7.98363
0.110456,4.75669,2.68425,7.44094
0.110647,4.75558,2.65226,7.40784
0.110839,4.52514,1.96325,6.48839
0.11103,4.46432,2.55695,7.02127
0.111222,4.5522,2.68344,7.23564
0.111414,4.69949,2.41305,7.11255
0.111607,4.67934,2.8686,7.54794
0.111799,4.81269,2.21589,7.02858
0.111991,4.12245,2.32266,6.44511
0.112184,4.85584,2.63236,7.4882
0.112377,4.5766,2.53886,7.11546
0.11257,5.05159,2.53288,7.58447
0.112763,4.87246,2.36404,7.2365
0.112957,4.59977,2.1835,6.78327
0.11315,4.51533,2.57621,7.09154
0.113344,4.82366,2.35073,7.17439
0.113538,4.81697,2.62109,7.43806
0.113732,5.12715,2.74835,7.8755
0.113927,3.8056,2.62653,6.43212
0.114121,5.12146,2.78734,7.9088
0.114316,4.6246,2.2854,6.91
0.11451,5.0309,2.94234,7.97324
0.114706,4.5044,2.65913,7.16353
0.114901,5.23201,2.10233,7.33435
0.115096,4.37336,2.26559,6.63895
0.115292,4.80907,2.73402,7.5431
0.115487,4.22059,2.38108,6.60168
0.115683,4.45865,2.33715,6.7958
0.115879,4.81202,2.47865,7.29068
0.116076,4.89442,2.49449,7.38891
0.116272,4.42413,2.54205,6.96618
0.116469,4.80434,2.43821,7.24255
0.116665,5.29288,2.43459,7.72748
0.116862,4.51174,2.76138,7.27312
0.117059,5.00635,2.43433,7.44068
0.117257,4.70421,2.39458,7.09879
0.117454,4.40365,2.46828,6.87193
0.117652,4.46875,2.54206,7.01082
0.11785,4.79601,2.86137,7.65738
0.118048,4.37631,2.49705,6.87336
0.118246,4.60181,2.53842,7.14022
0.118445,5.34761,2.49999,7.8476
0.118643,5.09039,2.49143,7.58182
0.118842,5.19795,2.77638,7.97433
0.119041,4.46849,2.538,7.00648
0.11924,4.84086,3.05626,7.89712
0.119439,5.33675,2.49022,7.82697
0.119639,4.85896,2.68648,7.54544
0.119838,5.17981,2.34593,7.52574
0.120038,5.17556,2.75337,7.92892
0.120238,4.72659,2.39923,7.12582
0.120439,5.2781,2.59604,7.87415
0.120639,5.1399,2.38744,7.52735
0.12084,5.33577,2.40425,7.74002
0.12104,5.07562,2.90054,7.97616
0.121241,4.53603,2.28441,6.82044
0.121442,5.01489,2.3915,7.40639
0.121644,4.06241,2.60437,6.66678
0.121845,4.82893,2.53157,7.3605
0.122047,4.06242,2.49644,6.55886
0.122249,4.58019,2.62223,7.20242
0.122451,4.27221,2.15488,6.4271
0.122653,4.90342,2.42828,7.3317
0.122855,3.54371,2.43392,5.97763
0.123058,4.66475,2.34689,7.01164
0.123261,4.97087,2.81842,7.78929
0.123464,4.77321,2.51693,7.29013
0.123667,4.25328,2.2468,6.50008
0.12387,4.46343,2.52772,6.99115
0.124074,4.45752,2.57834,7.03585
0.124277,4.9674,2.49301,7.46041
0.124481,4.30927,2.41926,6.72853
0.124685,4.41655,2.36486,6.78141
0.12489,4.63737,2.82329,7.46067
0.125094,4.82483,2.35707,7.1819
0.125299,4.33578,2.20908,6.54486
0.125504,4.64977,2.45483,7.1046
0.125709,5.08242,2.67449,7.75691
0.125914,4.49147,2.31382,6.80529
0.126119,4.97035,2.25788,7.22823
0.126325,4.17484,2.13094,6.30578
0.12653,4.13833,2.58112,6.71945
0.126736,4.3873,2.54803,6.93533
0.126942,4.76752,2.18824,6.95576
0.127149,4.28763,2.5116,6.79924
0.127355,4.02913,2.4061,6.43523
0.127562,4.70519,2.63593,7.34112
0.127769,4.73026,2.38662,7.11689
0.127976,4.12566,2.11111,6.23677
0.128183,4.7111,2.66123,7.37233
0.128391,4.18478,2.4076,6.59238
0.128598,4.94105,2.6406,7.58165
0.128806,4.77832,2.40047,7.1788
0.129014,4.93731,2.34325,7.28056
0.129222,4.63517,2.48569,7.12086
0.129431,4.56025,2.72194,7.28219
0.129639,4.76393,2.35442,7.11835
0.129848,4.53423,1.95424,6.48846
0.130057,4.89104,2.28519,7.17623
0.130266,5.08771,2.56242,7.65013
0.130475,4.37504,2.14303,6.51807
0.130685,4.51455,2.32749,6.84204
0.130895,4.49278,2.24855,6.74133
0.131105,5.13489,2.60892,7.74381
0.131315,4.51062,2.34836,6.85898
0.131525,4.58251,2.04648,6.62899
0.131735,4.41902,2.09835,6.51737
0.131946,4.3665,2.05705,6.42356
0.132157,4.61677,2.18337,6.80014
0.132368,4.67986,3.03621,7.71607
0.132579,4.73384,2.2826,7.01644
0.132791,3.83949,2.547,6.3865
0.133002,4.54496,2.55125,7.09621
0.133214,4.2325,2.30471,6.53721
0.133426,4.36292,2.31512,6.67804
0.133638,4.69478,2.39884,7.09362
0.133851,4.85436,2.33455,7.1889
0.134063,5.22394,2.58329,7.80724
0.134276,4.31634,2.63285,6.94919
0.134489,4.3516,2.43683,6.78844
0.134702,4.86691,2.57591,7.44281
0.134916,4.11455,2.24062,6.35517
0.135129,4.28762,2.31467,6.60229
0.135343,4.11991,2.21496,6.33487
0.135557,4.88346,2.32262,7.20607
0.135771,4.4839,2.15612,6.64002
0.135985,4.6438,1.962,6.6058
0.1362,4.4536,2.33174,6.78534
0.136415,4.37259,2.48357,6.85616
0.13663,4.82244,1.98879,6.81123
0.136845,4.46363,2.06227,6.5259
0.13706,5.04431,2.27831,7.32262
0.137275,5.36674,2.45182,7.81855
0.137491,4.11352,2.14757,6.26109
0.137707,4.28558,2.46895,6.75453
0.137923,4.68067,2.87757,7.55824
0.138139,4.9917,2.49665,7.48835
0.138356,4.79667,2.50583,7.3025
0.138573,4.68132,2.30966,6.99098
0.13879,4.64152,2.353,6.99452
0.139007,4.41882,2.40447,6.82329
0.139224,4.2538,2.53598,6.78978
0.139441,4.59237,2.67979,7.27216
0.139659,4.55441,2.3011,6.85551
0.139877,4.66739,2.49864,7.16603
0.140095,5.17346,2.51587,7.68933
0.140313,4.71979,2.19252,6.9123
0.140532,4.77501,2.09928,6.87429
0.14075,4.7068,2.10617,6.81297
0.140969,4.49346,2.65734,7.1508
0.141188,4.21639,2.12756,6.34395
0.141408,4.64751,3.09745,7.74497
0.141627,4.20446,2.45981,6.66428
0.141847,4.73927,2.24582,6.98508
0.142067,5.22136,2.43596,7.65732
0.142287,3.76301,1.89445,5.65746
0.142507,4.31028,2.0913,6.40158
0.142727,4.231,2.44066,6.67166
0.142948,4.1293,2.27335,6.40265
0.143169,4.47638,2.41738,6.89376
0.14339,4.4197,2.2574,6.6771
0.143611,4.54379,2.60592,7.14971
0.143833,4.32607,2.63937,6.96544
0.144054,4.28008,1.9087,6.18878
0.144276,4.63855,2.39821,7.03676
0.144498,4.55069,2.36174,6.91243
0.144721,4.15987,2.34114,6.50101
0.144943,4.47647,2.1455,6.62197
0.145166,4.19484,2.07421,6.26906
0.145389,4.24287,2.16581,6.40868
0.145612,4.73894,2.34654,7.08548
0.145835,4.34935,2.22422,6.57357
0.146058,4.46363,2.15442,6.61806
0.146282,4.19695,2.45414,6.65109
0.146506,4.06746,1.73667,5.80413
0.14673,4.25258,2.37007,6.62266
0.146954,3.50151,2.36296,5.86447
0.147179,3.86297,2.58039,6.44336
0.147404,4.09863,2.23325,6.33187
0.147629,4.59529,2.26633,6.86162
0.147854,4.23149,2.40692,6.63842
0.148079,4.05978,2.47879,6.53857
0.148304,4.21391,1.89005,6.10396
0.14853,3.94542,2.51899,6.46441
0.148756,4.6036,2.24732,6.85091
0.148982,3.95592,2.3576,6.31352
0.149209,4.02084,2.52888,6.54971
0.149435,3.69645,2.26477,5.96122
0.149662,4.26737,2.48187,6.74924
0.149889,4.64757,2.30417,6.95174
0.150116,4.35613,2.63974,6.99587
0.150343,4.69517,2.22033,6.91549
0.150571,4.28582,2.13242,6.41824
0.150799,4.6196,2.54764,7.16725
0.151027,4.52186,2.10513,6.62699
0.151255,4.59832,2.95286,7.55118
0.151483,4.46608,2.39354,6.85962
0.151712,4.26463,2.38679,6.65142
0.151941,4.33822,2.47348,6.8117
0.15217,3.8966,2.12348,6.02007
0.152399,4.12459,2.69883,6.82342
0.152629,4.33961,2.38324,6.72285
0.152858,4.6109,2.6573,7.2682
0.153088,4.14257,1.89773,6.0403
0.153318,4.38959,1.83463,6.22422
0.153549,4.54728,2.37867,6.92595
0.153779,4.73708,2.52189,7.25897
0.15401,4.03615,1.92472,5.96087
0.154241,4.24531,2.36677,6.61208
0.154472,4.44948,2.52859,6.97807
0.154703,4.42753,2.29678,6.72431
0.154935,4.66258,2.52672,7.1893
0.155166,4.1037,1.81242,5.91612
0.155398,4.67855,2.34686,7.02541
0.155631,4.17017,2.5834,6.75357
0.155863,4.48199,2.35025,6.83225
0.156096,4.28901,1.93051,6.21952
0.156328,4.43733,2.53656,6.97389
0.156561,3.70599,2.16163,5.86762
0.156795,4.74852,2.48491,7.23343
0.157028,4.71522,2.2367,6.95192
0.157262,4.50203,2.35089,6.85292
0.157496,3.49301,2.37234,5.86535
0.15773,4.96409,2.28217,7.24626
0.157964,3.92974,1.94779,5.87753
0.158199,4.33102,2.23958,6.5706
0.158433,3.9848,2.1567,6.14151
0.158668,4.05729,1.67076,5.72805
0.158903,3.66294,2.46535,6.12829
0.159139,4.07903,1.96786,6.04689
0.159374,4.31976,2.1127,6.43246
0.15961,4.13938,2.21375,6.35313
0.159846,4.43865,2.6003,7.03895
0.160082,3.97182,2.28768,6.2595
0.160319,4.30631,2.64311,6.94942
0.160555,4.40683,2.46474,6.87157
0.160792,4.80391,2.19119,6.9951
0.161029,4.31046,2.19402,6.50448
0.161267,4.32384,2.19589,6.51973
0.161504,4.03857,2.41966,6.45823
0.161742,3.89016,2.3072,6.19736
0.16198,4.28809,2.24587,6.53396
0.162218,4.33702,2.13678,6.47379
0.162456,4.38065,2.23609,6.61674
0.162695,4.71082,2.31429,7.02511
0.162934,4.34565,2.53605,6.88171
0.163173,4.7138,2.56534,7.27914
0.163412,4.30588,2.13273,6.43862
0.163652,4.53618,2.21416,6.75034
0.163891,3.75993,2.16346,5.92339
0.164131,3.86282,2.23338,6.0962
0.164371,3.59996,2.25106,5.85103
0.164612,4.52553,2.07154,6.59708
0.164852,4.0273,1.983,6.0103
0.165093,4.66019,2.71476,7.37495
0.165334,4.21442,2.18322,6.39764
0.165575,4.63122,2.01853,6.64975
0.165817,4.23123,2.1709,6.40212
0.166058,3.70028,2.29481,5.99509
0.1663,4.40155,2.33734,6.73889
0.166542,3.71965,2.10799,5.82764
0.166785,4.11385,2.09719,6.21104
0.167027,4.63714,2.24278,6.87992
0.16727,3.67786,1.69637,5.37423
0.167513,4.2195,2.22554,6.44504
0.167756,4.07036,2.37629,6.44665
0.167999,3.88706,2.08611,5.97318
0.168243,4.13118,2.39548,6.52666
0.168487,4.26104,1.87566,6.13669
0.168731,4.26874,2.38839,6.65712
0.168975,4.79894,2.44348,7.24242
0.16922,4.59799,2.28614,6.88413
0.169465,4.20054,2.37242,6.57296
0.16971,4.0937,1.92653,6.02023
0.169955,4.49379,2.70574,7.19953
0.1702,4.78133,2.58355,7.36488
0.170446,4.6869,2.54675,7.23364
0.170692,4.43608,2.51858,6.95466
0.170938,4.57746,2.29884,6.8763
0.171184,4.71665,2.05196,6.76862
0.171431,3.93014,2.31835,6.24849
0.171677,4.26164,2.62018,6.88182
0.171924,3.64441,2.16139,5.8058
0.172171,4.41949,2.33419,6.75368
0.172419,3.93967,2.15758,6.09725
0.172667,4.91762,2.48973,7.40735
0.172914,5.05846,2.54481,7.60326
0.173163,4.30692,2.5104,6.81732
0.173411,4.27369,2.24518,6.51886
0.173659,3.71295,1.85808,5.57103
0.173908,3.89723,2.2362,6.13343
0.174157,4.49221,2.10559,6.5978
0.174406,3.97419,2.14694,6.12114
0.174656,4.20913,2.53806,6.74719
0.174906,3.95257,2.06181,6.01438
0.175156,3.89545,2.45665,6.3521
0.175406,3.81204,2.51979,6.33183
0.175656,4.30189,2.35063,6.65253
0.175907,3.5275,2.33005,5.85754
0.176157,3.85524,2.18272,6.03797
0.176408,4.17857,2.16421,6.34278
0.17666,4.19882,2.09113,6.28996
0.176911,4.2074,2.09506,6.30246
0.177163,4.43187,2.39421,6.82609
0.177415,3.91036,2.23028,6.14064
0.177667,3.69428,2.07933,5.77361
0.17792,3.64687,2.00741,5.65428
0.178172,3.52484,1.7634,5.28825
0.178425,3.17876,1.98686,5.16561
0.178678,4.4753,2.18246,6.65776
0.178932,4.01948,2.44305,6.46253
0.179185,3.88762,1.98704,5.87466
0.179439,4.49324,2.33731,6.83055
0.179693,3.7158,2.29173,6.00753
0.179947,4.15527,2.1052,6.26048
0.180202,4.56852,2.29468,6.8632
0.180457,4.00061,2.3555,6.35611
0.180711,3.70326,2.0242,5.72746
0.180967,4.34614,2.3175,6.66364
0.181222,3.55605,2.20368,5.75973
0.181478,4.83759,1.84683,6.68442
0.181734,3.76612,1.92419,5.69031
0.18199,4.11666,2.26207,6.37873
0.182246,3.56681,1.79234,5.35915
0.182503,3.92232,2.02704,5.94936
0.18276,3.75619,2.24587,6.00206
0.183017,4.10336,1.95116,6.05452
0.183274,4.37024,2.40801,6.77825
0.183531,4.48795,2.58652,7.07447
0.183789,3.54,1.72578,5.26578
0.184047,3.80956,2.36056,6.17012
0.184305,3.9064,1.86487,5.77127
0.184564,4.0911,2.43789,6.52898
0.184822,3.50367,2.36454,5.86821
0.185081,3.462,1.87968,5.34169
0.185341,4.15705,2.30303,6.46008
0.1856,4.23142,2.28999,6.5214
0.18586,4.4607,2.1911,6.6518
0.186119,4.24866,2.05183,6.30049
0.18638,4.13765,2.10807,6.24572
0.18664,4.13848,2.35433,6.49281
0.186901,3.70395,2.06177,5.76572
0.187161,4.40008,2.59336,6.99345
0.187422,3.65615,2.4185,6.07465
0.187684,3.65223,1.99743,5.64966
0.187945,4.62055,2.15315,6.7737
0.188207,3.89133,2.09727,5.9886
0.188469,3.7884,1.92184,5.71024
0.188731,3.71231,1.91834,5.63065
0.188994,4.1189,2.12108,6.23998
0.189256,4.48317,1.60483,6.088
0.189519,3.7028,2.4377,6.1405
0.189783,3.75186,2.07537,5.82724
0.190046,4.20926,2.06056,6.26982
0.19031,3.93369,2.34114,6.27483
0.190574,3.43704,1.96999,5.40702
0.190838,3.78054,2.05764,5.83818
0.191102,4.27991,2.22349,6.50341
0.191367,3.73131,1.97063,5.70194
0.191632,3.92646,2.14494,6.0714
0.191897,4.26181,2.27201,6.53382
0.192162,4.44695,2.31551,6.76247
0.192428,3.84417,1.74193,5.5861
0.192694,4.27737,2.42652,6.70389
0.19296,3.41908,2.19337,5.61246
0.193226,4.00503,2.06692,6.07196
0.193493,4.03863,2.15147,6.1901
0.193759,4.39169,2.34448,6.73617
0.194026,3.58396,2.22256,5.80652
0.194294,4.24655,2.24702,6.49356
0.194561,3.64501,2.18596,5.83097
0.194829,3.16043,2.35541,5.51584
0.195097,3.89472,1.91327,5.80799
0.195365,3.47638,2.0781,5.55448
0.195634,3.97764,2.31617,6.29382
0.195903,3.99202,1.88371,5.87572
0.196172,3.61969,2.41005,6.02974
0.196441,3.74803,2.55671,6.30474
0.19671,3.55995,1.89309,5.45304
0.19698,3.83928,2.66494,6.50422
0.19725,3.8308,2.07439,5.90518
0.19752,3.91302,2.2546,6.16762
0.197791,3.94258,2.22433,6.16691
0.198062,4.25915,2.44222,6.70137
0.198333,3.60858,2.31671,5.9253
0.198604,4.15333,2.79323,6.94655
0.198875,3.68633,2.62665,6.31298
0.199147,4.31043,2.39098,6.70141
0.199419,3.44513,1.9365,5.38163
0.199691,3.46751,1.68705,5.15456
0.199964,3.65394,2.428,6.08195
0.200236,4.35189,2.16255,6.51445
0.200509,3.83569,2.41574,6.25143
0.200782,4.72197,2.40918,7.13116
0.201056,3.59686,2.10255,5.69941
0.201329,4.39332,2.3924,6.78572
0.201603,3.97043,2.38746,6.35788
0.201878,3.64498,2.52661,6.17159
0.202152,3.68421,1.94279,5.62699
0.202427,3.74124,2.05592,5.79715
0.202702,3.54771,1.90626,5.45397
0.202977,3.9055,2.55921,6.46471
0.203252,3.81537,2.17226,5.98763
0.203528,3.85977,2.12554,5.98531
0.203804,4.33102,2.09791,6.42893
0.20408,3.889,1.85468,5.74368
0.204356,3.65107,2.20133,5.8524
0.204633,4.08717,2.26902,6.35619
0.20491,4.34653,2.13628,6.48281
0.205187,3.68128,1.91064,5.59192
0.205465,3.54426,2.06105,5.60532
0.205742,4.1175,2.03367,6.15117
0.20602,3.9079,1.70862,5.61652
0.206299,4.01114,1.85968,5.87082
0.206577,3.38408,1.72823,5.11231
0.206856,3.55844,2.10095,5.65939
0.207135,3.77248,1.87743,5.64991
0.207414,3.58356,2.42901,6.01257
0.207693,3.69621,2.16788,5.86409
0.207973,4.1517,2.40283,6.55453
0.208253,4.05844,2.21813,6.27657
0.208533,4.66249,2.27779,6.94028
0.208814,4.1973,2.26699,6.46429
0.209095,3.77094,2.02113,5.79207
0.209376,3.98837,2.21909,6.20747
0.209657,3.07708,2.21176,5.28884
0.209938,4.13825,2.21884,6.35708
0.21022,3.66349,2.12158,5.78507
0.210502,3.69457,1.7996,5.49417
0.210784,3.64638,2.11223,5.75861
0.211067,3.65123,1.99481,5.64604
0.21135,3.98978,1.87801,5.8678
0.211633,3.61128,1.92938,5.54065
0.211916,3.68932,1.95353,5.64285
0.2122,4.34567,1.97905,6.32472
0.212483,3.73631,1.82599,5.5623
0.212767,3.63686,2.01825,5.65511
0.213052,3.85387,2.0881,5.94196
0.213336,4.08204,1.82514,5.90718
0.213621,3.52529,2.2204,5.74569
0.213906,3.37427,1.96761,5.34187
0.214192,3.6081,2.25155,5.85965
0.214477,3.40489,1.95981,5.3647
0.214763,3.68721,2.23213,5.91935
0.215049,3.71444,1.92247,5.63691
0.215336,3.65832,2.18357,5.84188
0.215622,3.0787,2.12231,5.20101
0.215909,3.62419,1.71691,5.34109
0.216197,3.86656,1.97296,5.83953
0.216484,3.85099,2.35169,6.20268
0.216772,3.56884,1.797,5.36584
0.21706,3.73068,1.85298,5.58366
0.217348,4.12448,2.30201,6.42649
0.217636,3.78578,2.14618,5.93196
0.217925,3.51743,2.07229,5.58972
0.218214,4.15591,2.29263,6.44854
0.218504,3.5535,2.06847,5.62197
0.218793,3.8427,2.18694,6.02965
0.219083,3.18792,2.11729,5.30521
0.219373,3.57845,2.40928,5.98773
0.219663,3.8615,2.52335,6.38485
0.219954,2.98729,1.93019,4.91749
0.220245,2.93887,2.38667,5.32554
0.220536,3.76937,2.51332,6.28269
0.220827,3.88419,2.29967,6.18386
0.221119,3.54479,2.64646,6.19126
0.221411,4.12318,2.36563,6.48881
0.221703,4.02506,1.89215,5.9172
0.221996,3.84529,2.12542,5.97071
0.222288,4.20506,2.27534,6.4804
0.222581,3.7164,2.16995,5.88635
0.222875,4.1611,2.23905,6.40015
0.223168,4.23754,2.0503,6.28784
0.223462,4.15386,2.20592,6.35979
0.223756,3.57857,2.20254,5.78111
0.22405,3.8769,1.99748,5.87438
0.224345,3.72207,2.00956,5.73162
0.22464,3.4029,1.70651,5.10941
0.224935,3.86025,2.3272,6.18745
0.22523,3.49079,2.30353,5.79433
0.225526,3.81737,2.37395,6.19131
0.225822,3.67074,2.08767,5.7584
0.226118,3.89487,2.18124,6.07611
0.226414,3.91594,2.10317,6.01911
0.226711,3.74359,2.12232,5.86591
0.227008,3.62745,2.12607,5.75352
0.227305,3.44157,2.23169,5.67326
0.227603,3.95803,2.21657,6.17459
0.227901,3.34514,2.27279,5.61793
0.228199,3.97991,2.06698,6.04689
0.228497,3.36369,1.83564,5.19933
0.228796,3.41374,2.09823,5.51196
0.229095,3.74496,1.72861,5.47358
0.229394,4.02523,2.10084,6.12607
0.229693,3.43174,1.95608,5.38782
0.229993,3.49979,2.12048,5.62027
0.230293,3.25697,2.31076,5.56772
0.230593,3.39665,1.95005,5.3467
0.230894,3.03238,2.01656,5.04894
0.231195,3.58944,2.05724,5.64668
0.231496,3.19609,2.02595,5.22205
0.231797,3.51205,2.10139,5.61344
0.232099,3.83898,2.04574,5.88472
0.232401,3.89847,2.47229,6.37076
0.232703,3.89875,2.4089,6.30765
0.233005,3.79596,2.18483,5.98079
0.233308,3.95025,1.98985,5.9401
0.233611,3.78155,2.29497,6.07652
0.233914,2.88763,1.88752,4.77515
0.234218,3.77849,2.0778,5.8563
0.234522,3.46166,2.04936,5.51103
0.234826,3.53186,2.32506,5.85693
0.23513,3.43835,2.21836,5.6567
0.235435,3.29856,2.29556,5.59413
0.23574,3.60281,2.19053,5.79334
0.236045,4.00774,2.54704,6.55478
0.236351,3.82663,2.08245,5.90908
0.236656,3.33264,1.73899,5.07163
0.236962,3.67185,2.32538,5.99723
0.237269,4.37071,2.31586,6.68657
0.237575,3.74218,1.84562,5.5878
0.237882,3.74588,2.19681,5.94269
0.238189,4.26952,2.02048,6.29
0.238497,3.28137,1.83667,5.11804
0.238805,3.58491,2.09977,5.68467
0.239113,3.2553,2.26296,5.51826
0.239421,4.03888,1.96935,6.00824
0.239729,3.44917,1.8358,5.28497
0.240038,3.25512,1.99525,5.25038
0.240347,3.8902,2.36341,6.25361
0.240657,2.83365,2.13753,4.97118
0.240967,2.73823,2.30939,5.04763
0.241277,3.47211,1.98326,5.45538
0.241587,3.49802,2.13874,5.63676
0.241897,3.52745,2.09033,5.61777
0.242208,2.70617,2.33719,5.04336
0.242519,3.20849,1.78635,4.99485
0.242831,3.5532,1.9425,5.4957
0.243142,3.2673,2.15922,5.42652
0.243454,3.52417,2.39368,5.91786
0.243766,3.80468,1.98207,5.78674
0.244079,3.77804,2.00111,5.77915
0.244392,3.50626,2.0151,5.52136
0.244705,3.55911,2.26961,5.82872
0.245018,3.56865,2.08664,5.65529
0.245332,3.75833,2.28375,6.04208
0.245646,3.39921,2.29651,5.69571
0.24596,3.53007,1.91763,5.4477
0.246275,3.99932,2.27469,6.27401
0.246589,3.91505,2.29639,6.21145
0.246904,3.44505,2.28752,5.73256
0.24722,2.87391,2.37374,5.24765
0.247535,3.64985,2.21748,5.86733
0.247851,3.9495,2.23534,6.18485
0.248168,4.00302,2.36549,6.36851
0.248484,2.80413,1.84167,4.6458
0.248801,3.69192,1.94291,5.63483
0.249118,3.9,1.94105,5.84105
0.249435,3.7381,2.23757,5.97567
0.249753,3.06579,2.24583,5.31162
0.250071,3.588,2.01083,5.59883
0.250389,4.0592,2.20058,6.25977
0.250708,3.1041,2.06676,5.17086
0.251027,3.80101,2.39684,6.19784
0.251346,3.8753,2.25136,6.12666
0.251665,3.89853,2.21621,6.11474
0.251985,3.28131,2.32435,5.60566
0.252305,3.37531,1.73548,5.11078
0.252625,3.86208,2.26546,6.12754
0.252946,4.75279,1.96089,6.71369
0.253267,4.06324,2.38995,6.45319
0.253588,3.51092,1.91169,5.42261
0.253909,3.55463,1.88615,5.44078
0.254231,3.57068,2.19746,5.76814
0.254553,3.88672,2.05394,5.94066
0.254875,3.54944,1.76621,5.31564
0.255198,3.57212,2.06696,5.63909
0.255521,3.64296,2.4205,6.06346
0.255844,3.55641,1.96552,5.52193
0.256167,3.78987,2.26127,6.05114
0.256491,3.40979,2.45436,5.86415
0.256815,3.86383,2.40673,6.27056
0.25714,3.9699,2.16466,6.13456
0.257464,3.82786,1.93088,5.75874
0.257789,3.99595,2.28613,6.28208
0.258115,3.18352,2.28839,5.47191
0.25844,4.1176,2.56329,6.68089
0.258766,2.99528,2.10332,5.0986
0.259092,3.07647,2.02707,5.10354
0.259419,3.16134,1.68169,4.84304
0.259745,2.74716,1.74646,4.49362
0.260072,3.12593,2.08263,5.20855
0.2604,3.10523,2.21414,5.31937
0.260727,3.07071,2.10624,5.17696
0.261055,3.49735,1.95991,5.45726
0.261384,3.59691,2.01984,5.61675
0.261712,3.18701,1.98441,5.17142
0.262041,3.53843,2.24138,5.77981
0.26237,3.53706,2.10237,5.63943
0.262699,3.59283,2.20508,5.79791
0.263029,3.40457,2.2848,5.68937
0.263359,3.2178,2.24507,5.46288
0.26369,2.87059,2.37952,5.25011
0.26402,3.56705,1.96489,5.53194
0.264351,2.92952,1.96485,4.89437
0.264682,2.93836,2.10225,5.04061
0.265014,3.67477,2.26854,5.9433
0.265346,3.64541,2.58074,6.22615
0.265678,3.35663,2.08608,5.44272
0.26601,3.51784,2.00914,5.52698
0.266343,3.17334,2.05844,5.23178
0.266676,3.70368,2.01834,5.72203
0.267009,3.26325,2.0264,5.28966
0.267343,3.55661,2.08176,5.63837
0.267677,2.96466,2.09359,5.05825
0.268011,3.49941,1.96821,5.46762
0.268346,3.67125,2.0202,5.69145
0.268681,3.20695,2.12575,5.3327
0.269016,2.95325,2.16721,5.12046
0.269351,3.74241,2.29613,6.03854
0.269687,3.52736,2.02637,5.55373
0.270023,3.14529,2.15093,5.29622
0.270359,3.0459,2.5523,5.5982
0.270696,3.5332,1.93586,5.46906
0.271033,3.53867,2.09182,5.63049
0.27137,3.51638,2.07994,5.59632
0.271708,2.99639,2.25195,5.24835
0.272046,2.88047,2.09168,4.97216
0.272384,3.07585,2.03203,5.10789
0.272723,3.1843,2.10607,5.29036
0.273062,3.37054,1.99013,5.36067
0.273401,3.69653,2.60573,6.30226
0.27374,3.55414,2.23165,5.78579
0.27408,3.72079,2.02795,5.74873
0.27442,3.74532,1.75579,5.50111
0.27476,3.69929,2.31436,6.01365
0.275101,3.55753,1.87129,5.42882
0.275442,3.11277,1.85356,4.96633
0.275783,3.61232,2.35235,5.96467
0.276125,3.73119,2.28924,6.02043
0.276467,3.24171,1.80532,5.04703
0.276809,2.84838,1.84011,4.68849
0.277152,3.50638,2.01778,5.52417
0.277495,3.27861,2.18736,5.46597
0.277838,3.75436,2.31112,6.06548
0.278181,3.5977,2.14265,5.74035
0.278525,3.94462,2.28894,6.23356
0.278869,2.96293,2.10504,5.06796
0.279214,3.46897,2.34959,5.81856
0.279558,3.62517,2.02989,5.65506
0.279903,3.44852,2.18488,5.63339
0.280249,2.90164,1.86317,4.76482
0.280594,3.5203,2.29667,5.81698
0.28094,3.64074,2.11145,5.75219
0.281287,3.4052,2.30207,5.70727
0.281633,3.36142,2.39842,5.75984
0.28198,3.08633,2.19339,5.27972
0.282328,3.39598,2.01179,5.40777
0.282675,2.98673,2.13361,5.12033
0.283023,2.93956,2.19596,5.13552
0.283371,3.14854,2.17184,5.32039
0.28372,3.4244,2.00715,5.43155
0.284069,4.05031,2.02499,6.0753
0.284418,3.04505,2.1164,5.16145
0.284767,3.1564,2.14816,5.30457
0.285117,3.69551,2.32206,6.01757
0.285467,3.1775,2.40237,5.57987
0.285818,3.64629,2.23147,5.87776
0.286168,3.29651,2.29123,5.58775
0.286519,3.49415,2.2016,5.69575
0.286871,3.47943,1.91915,5.39858
0.287222,3.39406,1.77389,5.16795
0.287574,2.86467,1.84092,4.7056
0.287927,3.50778,2.19173,5.69951
0.288279,3.3568,2.04146,5.39826
0.288632,3.4522,2.35317,5.80537
0.288986,3.39941,1.8024,5.2018
0.289339,3.03678,2.02255,5.05933
0.289693,3.99992,2.02101,6.02093
0.290048,3.94878,2.05642,6.0052
0.290402,4.01163,2.31952,6.33115
0.290757,3.15662,2.02951,5.18613
0.291112,3.54559,1.97572,5.52131
0.291468,3.24206,2.33454,5.5766
0.291824,3.61735,2.26219,5.87954
0.29218,3.22202,2.09063,5.31265
0.292536,3.00454,1.88253,4.88707
0.292893,3.26157,2.09783,5.3594
0.293251,3.31573,2.26848,5.58421
0.293608,3.10074,1.99255,5.09329
0.293966,3.1943,2.00327,5.19756
0.294324,3.51572,1.86642,5.38214
0.294682,3.42574,2.01102,5.43676
0.295041,3.00086,1.72627,4.72713
0.2954,3.57752,2.07634,5.65386
0.29576,3.53541,2.32708,5.86249
0.29612,3.26739,1.97404,5.24143
0.29648,3.4261,2.35063,5.77673
0.29684,3.51136,2.4451,5.95646
0.297201,3.70372,2.07626,5.77998
0.297562,3.70442,2.3565,6.06092
0.297923,3.49926,2.26513,5.76439
0.298285,3.92166,2.3959,6.31757
0.298647,3.3311,2.25289,5.58399
0.29901,3.62909,2.19098,5.82007
0.299372,3.11275,2.41356,5.52631
0.299735,3.30281,2.1746,5.4774
0.300099,3.69033,1.86842,5.55876
0.300463,3.23776,2.06778,5.30554
0.300827,3.00189,2.24215,5.24405
0.301191,3.15092,2.05319,5.20411
0.301556,3.07772,2.00608,5.08381
0.301921,3.651,2.16914,5.82013
0.302286,2.45581,2.07636,4.53217
0.302652,3.04581,2.31237,5.35818
0.303018,2.83605,1.7887,4.62475
0.303384,2.91208,2.02883,4.94092
0.303751,3.18222,1.90712,5.08934
0.304118,2.82502,1.98783,4.81284
0.304485,3.08561,2.27465,5.36026
0.304853,3.55967,2.00544,5.56511
0.305221,3.25581,2.27728,5.53309
0.30559,3.0871,2.24661,5.3337
0.305958,3.78805,2.21251,6.00057
0.306327,3.66688,1.98209,5.64897
0.306697,3.39597,2.17816,5.57413
0.307067,3.50694,2.03686,5.5438
0.307437,3.11158,2.06972,5.1813
0.307807,3.63266,1.97488,5.60754
0.308178,2.90993,2.56627,5.4762
0.308549,3.59568,2.20255,5.79823
0.30892,3.29422,2.41674,5.71096
0.309292,3.60804,2.07977,5.68781
0.309664,3.24651,2.03464,5.28115
0.310036,3.45064,2.20387,5.65451
0.310409,3.45888,1.84152,5.30041
0.310782,3.19246,2.08273,5.27519
0.311156,3.53881,2.26062,5.79943
0.31153,3.03278,2.06299,5.09577
0.311904,3.44552,2.20634,5.65187
0.312278,3.43965,2.09656,5.53621
0.312653,3.6,2.1863,5.78629
0.313028,3.46118,2.1919,5.65308
0.313404,3.04465,1.95499,4.99963
0.313779,3.05289,1.88572,4.93862
0.314155,3.69086,2.28381,5.97468
0.314532,3.46856,2.03486,5.50341
0.314909,3.70462,2.36315,6.06776
0.315286,2.79072,2.22991,5.02063
0.315664,3.35511,2.23023,5.58534
0.316041,3.46621,1.88549,5.3517
0.31642,3.29494,1.91559,5.21053
0.316798,2.80437,1.72454,4.52891
0.317177,3.32913,2.10173,5.43085
0.317556,3.21505,2.12202,5.33707
0.317936,3.82252,2.04843,5.87096
0.318316,3.29255,2.06656,5.35911
0.318696,3.36218,2.28851,5.6507
0.319077,3.77481,2.33831,6.11312
0.319458,3.64917,2.27263,5.92181
0.319839,3.42129,2.04067,5.46196
0.320221,3.17427,2.0313,5.20558
0.320603,3.60682,2.11427,5.72109
0.320985,3.71342,2.5982,6.31162
0.321368,3.4163,2.25432,5.67062
0.321751,3.81731,2.17966,5.99697
0.322134,3.75757,2.20642,5.96398
0.322518,3.33478,2.00536,5.34014
0.322902,3.42205,2.29332,5.71536
0.323287,3.21801,2.07208,5.29008
0.323672,3.06669,2.1119,5.17859
0.324057,2.75288,2.43001,5.18289
0.324442,3.22684,1.8566,5.08343
0.324828,2.79545,2.01131,4.80676
0.325214,2.89864,1.75362,4.65225
0.325601,4.05134,2.31927,6.37061
0.325988,3.12479,2.22318,5.34797
0.326375,3.55786,2.3854,5.94325
0.326763,3.36913,2.1346,5.50373
0.327151,3.16947,2.29896,5.46843
0.327539,3.54545,2.0376,5.58305
0.327928,2.86071,2.48768,5.34839
0.328317,2.28635,2.14737,4.43372
0.328706,3.17107,2.11045,5.28153
0.329096,3.05157,2.17744,5.22901
0.329486,3.42777,2.16781,5.59558
0.329876,3.31121,2.05682,5.36803
0.330267,3.22204,2.21286,5.4349
0.330658,3.40338,2.59228,5.99566
0.33105,3.37395,2.07627,5.45022
0.331442,3.25755,2.18308,5.44063
0.331834,3.49479,2.42941,5.9242
0.332226,3.01927,2.22321,5.24248
0.332619,3.52417,1.99084,5.51501
0.333013,3.08924,1.68579,4.77503
0.333406,2.70617,2.04055,4.74672
0.3338,3.98147,1.97928,5.96076
0.334195,3.02229,2.0046,5.02689
0.334589,3.45578,1.84078,5.29656
0.334984,2.93523,2.01589,4.95112
0.33538,3.65684,2.12164,5.77848
0.335776,3.42752,1.88539,5.31291
0.336172,3.12105,2.39265,5.5137
0.336568,3.57172,2.16588,5.7376
0.336965,3.24638,2.11572,5.36209
0.337362,3.85113,2.14576,5.9969
0.33776,3.01064,2.47646,5.4871
0.338158,2.65332,2.08265,4.73597
0.338556,3.04181,2.10067,5.14248
0.338955,2.9854,2.15747,5.14287
0.339354,3.21751,2.25347,5.47097
0.339753,2.93039,2.2682,5.19858
0.340153,3.70982,2.29658,6.00639
0.340553,3.1412,2.00682,5.14802
0.340954,3.65979,2.27407,5.93386
0.341355,3.25461,2.03945,5.29407
0.341756,3.34331,2.21855,5.56186
0.342158,3.08987,2.32205,5.41192
0.34256,3.37794,1.99412,5.37207
0.342962,3.09256,2.36065,5.45321
0.343365,2.62473,2.10237,4.72709
0.343768,3.05585,2.52315,5.579
0.344171,3.04145,2.30315,5.34459
0.344575,3.30988,2.37452,5.6844
0.344979,3.84373,2.0837,5.92743
0.345384,3.3712,1.97477,5.34597
0.345788,3.32862,2.18424,5.51286
0.346194,3.24474,2.09274,5.33748
0.346599,3.11387,2.10238,5.21625
0.347005,2.6783,1.9658,4.6441
0.347412,2.96907,2.24683,5.2159
0.347818,3.17918,2.40109,5.58027
0.348226,4.09001,2.10172,6.19173
0.348633,2.96476,2.24059,5.20535
0.349041,3.60368,2.31137,5.91504
0.349449,2.96058,2.08401,5.04459
0.349858,3.11304,2.43377,5.54681
0.350267,3.4808,2.558,6.0388
0.350676,2.9391,1.89896,4.83806
0.351086,3.43715,1.85034,5.28749
0.351496,3.47086,2.0226,5.49346
0.351906,3.38088,2.08751,5.46839
0.352317,2.88118,2.44875,5.32992
0.352728,3.04352,2.18823,5.23175
0.35314,3.38702,1.84249,5.22951
0.353552,3.16739,2.22369,5.39108
0.353964,3.22317,2.69777,5.92094
0.354377,3.42903,2.29938,5.7284
0.35479,3.48959,2.37264,5.86223
0.355203,3.2359,2.1202,5.3561
0.355617,3.31003,2.41273,5.72276
0.356031,3.46515,2.04809,5.51324
0.356446,3.11823,2.15911,5.27734
0.356861,3.51094,2.35791,5.86885
0.357276,3.45574,2.44833,5.90407
0.357692,3.06232,2.38408,5.4464
0.358108,3.12261,2.24834,5.37095
0.358524,3.004,2.32052,5.32452
0.358941,3.19595,2.14342,5.33936
0.359358,3.66773,2.30059,5.96831
0.359776,2.89753,2.17413,5.07166
0.360194,3.11217,2.19611,5.30828
0.360612,3.31791,2.00454,5.32245
0.361031,3.6406,2.39711,6.03771
0.36145,3.1951,2.396,5.5911
0.36187,3.38763,2.57916,5.96679
0.36229,3.46948,2.11039,5.57987
0.36271,3.16395,2.25883,5.42278
0.36313,3.55522,1.97937,5.53459
0.363552,3.3216,2.21441,5.53601
0.363973,3.50674,2.26492,5.77166
0.364395,3.58437,2.13182,5.71619
0.364817,3.05548,2.04759,5.10307
0.365239,3.34046,2.42503,5.76548
0.365662,3.28609,2.35635,5.64245
0.366086,3.24856,2.17369,5.42225
0.366509,3.02764,2.03642,5.06405
0.366934,2.90882,2.0388,4.94762
0.367358,3.16261,2.39077,5.55337
0.367783,2.7558,2.04592,4.80172
0.368208,3.24649,1.99902,5.24551
0.368634,2.72876,2.24788,4.97665
0.36906,2.90407,2.3139,5.21797
0.369486,3.30861,2.20709,5.5157
0.369913,3.398,2.45713,5.85512
0.37034,3.06925,2.01084,5.08009
0.370768,2.63875,2.10048,4.73923
0.371196,2.684,2.21092,4.89492
0.371624,3.24824,2.20999,5.45823
0.372053,3.115,2.47355,5.58854
0.372482,3.41088,2.43434,5.84522
0.372912,3.21718,2.39062,5.6078
0.373342,2.83714,2.13561,4.97275
0.373772,3.08951,2.2676,5.35711
0.374203,3.15087,2.21075,5.36161
0.374634,3.21735,2.40788,5.62523
0.375065,3.16484,2.30301,5.46784
0.375497,2.99765,2.10369,5.10133
0.375929,3.28307,2.63093,5.914
0.376362,2.89987,1.91241,4.81228
0.376795,3.76556,2.30336,6.06891
0.377228,3.20769,2.2367,5.44439
0.377662,3.07108,2.11486,5.18594
0.378096,3.14704,2.11609,5.26312
0.378531,2.95812,2.32746,5.28558
0.378966,3.05436,2.38062,5.43498
0.379402,3.4442,2.56895,6.01315
0.379837,3.32972,2.30915,5.63888
0.380274,3.52198,2.40525,5.92722
0.38071,3.6927,2.31261,6.00531
0.381147,2.85118,2.25784,5.10902
0.381585,3.51341,2.33572,5.84913
0.382022,2.92833,2.17845,5.10678
0.382461,3.20558,2.38907,5.59465
0.382899,3.29381,2.04219,5.336
0.383338,3.40672,2.37691,5.78363
0.383778,3.11461,1.92441,5.03902
0.384217,3.46964,2.32265,5.79229
0.384658,2.91467,2.46737,5.38204
0.385098,3.11983,1.86626,4.98608
0.385539,2.91936,1.89804,4.8174
0.385981,3.05243,2.40787,5.4603
0.386422,3.62732,2.34185,5.96917
0.386865,2.7461,2.01087,4.75697
0.387307,2.47564,2.02627,4.50191
0.38775,2.78455,2.12504,4.9096
0.388194,3.67896,2.16567,5.84463
0.388637,3.03592,2.21433,5.25026
0.389082,3.23963,2.32328,5.56291
0.389526,3.2601,2.4515,5.71159
0.389971,2.93503,2.21801,5.15304
0.390417,2.84509,2.20267,5.04776
0.390863,3.10941,2.4785,5.58791
0.391309,3.23395,2.30642,5.54037
0.391755,3.24661,2.19914,5.44574
0.392203,3.11391,2.12666,5.24058
0.39265,2.71931,2.14747,4.86679
0.393098,3.19377,1.96219,5.15595
0.393546,3.27681,2.36864,5.64545
0.393995,3.12088,2.06696,5.18784
0.394444,3.36964,2.11491,5.48455
0.394893,2.60601,2.49487,5.10088
0.395343,3.58128,2.19628,5.77755
0.395794,3.01224,2.53906,5.55131
0.396244,2.71276,2.21596,4.92872
0.396695,2.77123,2.23804,5.00928
0.397147,3.10602,2.11081,5.21684
0.397599,3.07427,2.23192,5.3062
0.398051,2.84006,2.2679,5.10796
0.398504,3.05267,2.40324,5.4559
0.398957,3.50079,2.25356,5.75435
0.399411,3.11857,2.37503,5.4936
0.399865,2.98943,2.15683,5.14626
0.400319,2.64614,2.26908,4.91523
0.400774,2.83802,2.01422,4.85224
0.401229,2.99672,2.59174,5.58846
0.401685,2.83688,2.4849,5.32178
0.402141,3.29086,2.17477,5.46564
0.402598,2.85597,1.93812,4.79408
0.403055,2.98196,2.42961,5.41157
0.403512,3.31056,2.19098,5.50155
0.40397,3.30347,2.24076,5.54423
0.404428,3.00124,1.95636,4.9576
0.404886,2.36014,2.31765,4.6778
0.405345,2.21041,1.86354,4.07395
0.405805,2.76334,2.14498,4.90831
0.406265,2.8129,2.21508,5.02798
0.406725,2.98835,2.16996,5.1583
0.407185,2.68083,1.97265,4.65348
0.407646,2.85682,2.42136,5.27818
0.408108,2.82265,2.39458,5.21723
0.40857,2.66929,2.17933,4.84862
0.409032,3.0108,2.13553,5.14633
0.409495,2.82411,2.11775,4.94186
0.409958,2.89206,2.38824,5.2803
0.410422,2.81811,2.43137,5.24948
0.410886,3.72508,2.03704,5.76212
0.41135,2.93225,2.09787,5.03012
0.411815,2.88479,2.36965,5.25444
0.41228,3.18951,2.35262,5.54213
0.412746,3.11729,2.13628,5.25356
0.413212,3.07146,2.16907,5.24053
0.413679,3.3313,2.38135,5.71264
0.414146,3.01575,2.30344,5.31919
0.414613,3.02354,2.12641,5.14995
0.415081,2.90755,2.02181,4.92936
0.415549,2.86341,2.31199,5.1754
0.416018,3.13679,1.9509,5.08768
0.416487,2.79529,2.1114,4.90669
0.416957,2.85457,2.27829,5.13286
0.417427,2.87759,1.80348,4.68107
0.417897,2.77801,2.12259,4.9006
0.418368,2.676,2.38023,5.05624
0.418839,2.67973,2.33609,5.01582
0.419311,2.9877,1.97817,4.96587
0.419783,2.91768,2.13421,5.05189
0.420255,2.92521,2.30308,5.22829
0.420728,2.81216,2.04174,4.8539
0.421202,3.12423,2.31856,5.44279
0.421675,2.75787,2.01297,4.77084
0.42215,3.1762,2.15055,5.32675
0.422624,2.64329,2.06858,4.71187
0.4231,2.81384,2.38682,5.20066
0.423575,2.65245,2.42713,5.07958
0.424051,2.85931,2.20831,5.06762
0.424527,3.18419,2.33477,5.51897
0.425004,3.35309,2.34575,5.69884
0.425482,3.3355,2.4162,5.7517
0.425959,2.97103,2.21297,5.184
0.426437,2.77882,2.24562,5.02444
0.426916,3.07206,2.1303,5.20236
0.427395,3.03843,2.16833,5.20675
0.427874,3.43868,2.31977,5.75845
0.428354,3.09454,2.50904,5.60359
0.428835,2.66266,2.17765,4.84032
0.429315,3.39134,2.21448,5.60582
0.429797,3.14061,2.31393,5.45454
0.430278,2.93467,2.33519,5.26986
0.43076,2.59103,2.21731,4.80834
0.431243,2.94915,2.16998,5.11914
0.431726,2.96316,2.18899,5.15215
0.432209,3.19935,2.72892,5.92828
0.432693,2.79069,2.38301,5.17371
0.433177,2.87424,2.10125,4.97549
0.433662,3.2473,2.40809,5.65539
0.434147,2.72889,2.24075,4.96964
0.434633,2.76799,2.29368,5.06167
0.435119,2.73981,2.54275,5.28256
0.435605,3.02537,2.57462,5.59999
0.436092,3.41954,2.14098,5.56052
0.436579,2.96063,1.94419,4.90482
0.437067,2.87884,2.24356,5.1224
0.437556,2.89631,2.28532,5.18163
0.438044,3.08434,2.48132,5.56566
0.438533,2.78106,2.31518,5.09624
0.439023,3.16824,2.1791,5.34734
0.439513,3.48202,2.40103,5.88304
0.440003,2.63887,2.35198,4.99085
0.440494,3.12888,2.20109,5.32997
0.440986,2.74329,2.13146,4.87476
0.441477,2.84929,2.12242,4.97171
0.44197,3.05568,2.37208,5.42776
0.442462,2.59731,2.21244,4.80975
0.442956,2.56386,2.16396,4.72782
0.443449,2.95888,2.36363,5.32251
0.443943,3.17351,2.44699,5.6205
0.444438,2.53773,2.14996,4.68769
0.444933,3.04264,2.35213,5.39476
0.445428,3.29821,2.47976,5.77797
0.445924,3.30094,2.65708,5.95801
0.44642,3.2212,2.27464,5.49583
0.446917,3.276,2.42565,5.70165
0.447414,2.86591,2.32052,5.18643
0.447912,2.79082,2.34537,5.13619
0.44841,2.92814,2.25127,5.17941
0.448908,3.05575,2.38187,5.43762
0.449407,3.40051,2.40734,5.80784
0.449907,2.51095,2.09237,4.60332
0.450407,2.78946,2.37866,5.16812
0.450907,3.5352,2.36197,5.89717
0.451408,3.24856,2.23253,5.48109
0.451909,2.54195,2.32507,4.86702
0.452411,2.6242,2.14514,4.76933
0.452913,2.4733,2.34752,4.82082
0.453416,2.96987,2.43967,5.40954
0.453919,2.85124,2.42302,5.27426
0.454423,2.99304,2.10453,5.09757
0.454927,3.26696,2.06222,5.32919
0.455431,3.27421,2.3352,5.60941
0.455936,3.46522,2.11617,5.58139
0.456441,3.08574,2.22441,5.31015
0.456947,2.91692,2.52926,5.44618
0.457454,2.94459,2.32498,5.26957
0.45796,3.14066,2.41877,5.55943
0.458468,3.52411,1.98476,5.50887
0.458975,2.92349,2.23014,5.15362
0.459483,2.67293,2.32959,5.00252
0.459992,2.86701,2.36695,5.23396
0.460501,2.72395,2.46919,5.19314
0.461011,3.09953,2.42364,5.52317
0.461521,3.27838,2.42235,5.70072
0.462031,2.74766,1.99726,4.74492
0.462542,3.00254,2.40247,5.40501
0.463053,3.04714,2.27663,5.32377
0.463565,3.2421,2.26169,5.5038
0.464078,2.89601,2.18074,5.07675
0.46459,3.09951,2.36255,5.46206
0.465104,2.65228,2.21788,4.87017
0.465617,2.82031,2.09607,4.91638
0.466132,3.00579,2.6572,5.663
0.466646,3.14217,2.42427,5.56644
0.467161,3.29536,2.33938,5.63474
0.467677,2.98227,2.4003,5.38257
0.468193,3.31217,2.47456,5.78673
0.46871,3.23076,2.47724,5.708
0.469227,3.22832,2.12948,5.3578
0.469744,3.11385,2.60066,5.71452
0.470262,3.0019,2.15805,5.15996
0.470781,2.82136,2.57034,5.3917
0.471299,2.98965,2.4471,5.43676
0.471819,2.95314,2.29174,5.24488
0.472339,2.85718,2.11982,4.977
0.472859,2.82673,2.44814,5.27488
0.47338,3.33521,2.38736,5.72257
0.473901,2.74323,2.29494,5.03817
0.474423,3.20881,2.18528,5.39409
0.474945,2.36544,2.26815,4.63359
0.475468,2.69019,2.43854,5.12873
0.475991,2.81455,2.21647,5.03101
0.476514,2.67741,2.46707,5.14449
0.477038,3.20101,2.31829,5.51929
0.477563,3.3955,2.38009,5.77559
0.478088,3.09256,2.2496,5.34216
0.478614,2.63175,2.21328,4.84503
0.47914,3.01723,2.34912,5.36635
0.479666,2.57581,2.28271,4.85852
0.480193,2.62639,2.25273,4.87912
0.480721,2.03319,2.18687,4.22006
0.481248,3.07633,2.28337,5.3597
0.481777,2.64196,2.33685,4.9788
0.482306,3.13245,2.25185,5.3843
0.482835,2.3789,2.25008,4.62898
0.483365,2.88799,2.24785,5.13584
0.483895,2.91606,2.48384,5.3999
0.484426,2.9918,2.40295,5.39474
0.484957,2.28224,2.30485,4.58709
0.485489,3.06576,2.43785,5.50361
0.486021,2.85392,2.28166,5.13558
0.486554,2.95051,2.50747,5.45798
0.487087,3.04291,2.4202,5.46311
0.487621,2.88961,2.58476,5.47437
0.488155,3.07451,2.19002,5.26453
0.48869,3.26446,2.4132,5.67766
0.489225,2.94895,2.33367,5.28262
0.489761,2.75158,2.41355,5.16513
0.490297,2.81796,2.59594,5.4139
0.490834,2.80297,2.11031,4.91328
0.491371,3.03721,2.59361,5.63082
0.491908,3.49578,2.52372,6.0195
0.492447,3.23412,2.56362,5.79774
0.492985,2.75102,2.38938,5.14039
0.493524,2.52291,2.03485,4.55776
0.494064,2.95069,2.44492,5.39561
0.494604,3.31881,2.38776,5.70657
0.495144,3.36056,2.45336,5.81392
0.495685,3.00907,2.05536,5.06442
0.496227,2.90222,2.36219,5.26441
0.496769,2.52783,2.23942,4.76726
0.497311,2.90228,2.52853,5.4308
0.497854,2.70034,2.46986,5.17021
0.498398,2.93288,2.35404,5.28692
0.498942,2.77722,2.14237,4.9196
0.499486,2.5792,2.424,5.0032
0.500031,2.91197,2.47452,5.38649
0.500577,2.74448,2.49285,5.23733
0.501123,2.96506,2.40246,5.36752
0.501669,2.44793,2.30277,4.7507
0.502216,2.9471,2.17889,5.12599
0.502764,2.90829,2.39228,5.30057
0.503312,2.67203,2.55706,5.22908
0.50386,3.08592,2.30993,5.39585
0.504409,2.78492,2.60538,5.3903
0.504959,2.7999,2.49856,5.29846
0.505509,2.53299,2.46044,4.99343
0.506059,2.83536,2.44584,5.2812
0.50661,2.82547,2.33804,5.16351
0.507162,2.85562,2.15673,5.01235
0.507714,2.92217,2.3732,5.29537
0.508266,2.70163,2.41992,5.12156
0.508819,2.75732,2.19456,4.95188
0.509372,2.56709,2.61711,5.1842
0.509926,2.94812,2.27801,5.22613
0.510481,2.72769,2.59161,5.3193
0.511036,2.71932,2.49149,5.21081
0.511591,3.10898,2.30318,5.41216
0.512147,2.92416,2.36012,5.28428
0.512704,2.61695,2.44307,5.06003
0.513261,2.99727,2.47508,5.47235
0.513818,3.02146,2.4206,5.44206
0.514376,2.79373,2.44775,5.24148
0.514935,3.20082,2.35583,5.55665
0.515494,3.04499,2.29956,5.34455
0.516053,2.37469,2.36717,4.74186
0.516614,2.57677,2.62688,5.20365
0.517174,2.47818,2.20806,4.68624
0.517735,3.01297,2.40907,5.42204
0.518297,2.98344,2.65848,5.64192
0.518859,2.87925,2.24709,5.12634
0.519421,2.79895,2.33581,5.13476
0.519985,3.3175,2.34913,5.66663
0.520548,2.84193,2.27915,5.12108
0.521112,2.43762,2.26706,4.70469
0.521677,2.51497,2.3992,4.91417
0.522242,2.55223,2.34513,4.89736
0.522808,2.69808,2.22102,4.9191
0.523374,3.30759,2.59981,5.9074
0.523941,3.37755,2.40031,5.77786
0.524508,3.01677,2.36942,5.38619
0.525076,3.06058,2.39037,5.45094
0.525644,2.94245,2.37875,5.3212
0.526213,2.88122,2.5047,5.38593
0.526782,2.59048,2.24013,4.83061
0.527352,2.44673,2.39325,4.83997
0.527922,2.6515,2.42429,5.07579
0.528493,2.78585,2.71093,5.49678
0.529064,2.62309,2.34726,4.97034
0.529636,3.05798,2.32993,5.38792
0.530208,3.08587,2.46906,5.55493
0.530781,2.74687,2.32277,5.06963
0.531355,2.79113,2.37419,5.16533
0.531929,2.86411,2.46932,5.33343
0.532503,2.58093,2.40874,4.98968
0.533078,3.40455,2.48216,5.88671
0.533654,2.62185,2.17875,4.8006
0.53423,2.67684,2.32155,4.99839
0.534806,2.64608,2.27473,4.92081
0.535384,3.28398,2.52013,5.80411
0.535961,2.71645,2.52474,5.24118
0.536539,2.8987,2.5355,5.4342
0.537118,2.38351,2.15818,4.54169
0.537697,2.66162,2.29843,4.96006
0.538277,2.48044,2.52186,5.0023
0.538857,2.79979,2.35526,5.15505
0.539438,2.76191,2.62149,5.38339
0.540019,2.91827,2.64405,5.56232
0.540601,2.60118,2.35446,4.95564
0.541183,2.8504,2.32698,5.17739
0.541766,2.87697,2.55353,5.4305
0.54235,3.0807,2.55615,5.63685
0.542934,3.041,2.39271,5.4337
0.543518,2.78123,2.23912,5.02035
0.544103,2.7028,2.51612,5.21892
0.544689,2.50796,2.54673,5.05468
0.545275,2.98493,2.47354,5.45847
0.545861,2.74127,2.38605,5.12731
0.546449,2.8909,2.53088,5.42178
0.547036,2.76258,2.53912,5.3017
0.547624,2.91037,2.58862,5.49899
0.548213,2.9936,2.41383,5.40743
0.548803,2.97291,2.5061,5.47901
0.549392,2.55423,2.37712,4.93135
0.549983,2.84786,2.37276,5.22063
0.550574,2.78909,2.44037,5.22946
0.551165,3.06736,2.18711,5.25447
0.551757,3.37471,2.43171,5.80642
0.552349,2.79836,2.19606,4.99442
0.552943,2.79273,2.62825,5.42098
0.553536,2.8101,2.45805,5.26815
0.55413,2.74801,2.51084,5.25885
0.554725,2.8549,2.60312,5.45802
0.55532,2.92,2.48578,5.40578
0.555916,2.15292,2.04287,4.19579
0.556512,2.5289,2.19012,4.71902
0.557109,2.20803,2.36737,4.5754
0.557706,2.61929,2.39427,5.01356
0.558304,2.46461,2.19225,4.65686
0.558903,3.20753,2.21032,5.41786
0.559502,2.34214,2.24838,4.59052
0.560101,2.59816,2.09619,4.69435
0.560701,3.01351,2.2884,5.30191
0.561302,2.49737,2.40918,4.90655
0.561903,2.79128,2.52374,5.31502
0.562505,2.96203,2.33891,5.30095
0.563107,2.8786,2.30579,5.18438
0.56371,2.48646,2.56113,5.04759
0.564313,2.57999,2.33154,4.91153
0.564917,2.00891,2.38766,4.39656
0.565522,2.81367,2.48042,5.2941
0.566127,2.8091,2.39671,5.20582
0.566732,2.88062,2.42306,5.30368
0.567338,2.33246,2.4793,4.81176
0.567945,2.89963,2.43482,5.33445
0.568552,2.80466,2.25453,5.05919
0.56916,2.77542,2.71461,5.49003
0.569768,2.47083,2.28486,4.75569
0.570377,2.62476,2.53914,5.1639
0.570987,2.45729,2.37909,4.83638
0.571597,2.48776,2.47411,4.96187
0.572207,2.76487,2.82073,5.5856
0.572818,2.73356,2.2052,4.93876
0.57343,2.87032,2.4463,5.31662
0.574042,2.32524,2.59673,4.92197
0.574655,3.37213,2.45112,5.82325
0.575268,2.87193,2.59632,5.46825
0.575882,2.60152,2.30327,4.90479
0.576497,2.7144,2.63826,5.35266
0.577112,2.85337,2.5802,5.43356
0.577727,2.69685,2.377,5.07385
0.578343,3.12132,2.60818,5.7295
0.57896,2.40994,2.54625,4.95619
0.579577,2.46867,2.47702,4.94569
0.580195,2.96055,2.66335,5.6239
0.580813,2.7253,2.42815,5.15345
0.581432,2.55115,2.5488,5.09995
0.582052,2.5624,2.41337,4.97577
0.582672,2.74216,2.3863,5.12846
0.583292,2.38075,2.46255,4.8433
0.583914,3.15612,2.52912,5.68524
0.584535,2.5283,2.34032,4.86862
0.585158,2.80886,2.41362,5.22248
0.585781,2.35755,2.43575,4.79331
0.586404,2.68143,2.26856,4.94999
0.587028,2.80006,2.62544,5.4255
0.587653,2.83707,2.21164,5.04872
0.588278,2.42589,2.37883,4.80472
0.588903,2.63582,2.45933,5.09515
0.58953,2.10186,2.39361,4.49546
0.590157,3.14766,2.36029,5.50795
0.590784,2.65122,2.45322,5.10444
0.591412,2.43381,2.55039,4.98419
0.592041,2.20438,2.36485,4.56923
0.59267,2.91383,2.4417,5.35553
0.593299,2.59684,2.49999,5.09684
0.59393,2.87746,2.68572,5.56318
0.59456,2.85152,2.68602,5.53754
0.595192,3.18758,2.49136,5.67894
0.595824,2.73815,2.66085,5.399
0.596456,2.69678,2.53268,5.22946
0.59709,2.71142,2.31787,5.02929
0.597723,2.81891,2.47111,5.29002
0.598358,2.80483,2.4306,5.23543
0.598992,2.30902,2.45989,4.76891
0.599628,2.82607,2.46856,5.29463
0.600264,2.55451,2.61365,5.16816
0.600901,2.93336,2.62792,5.56128
0.601538,2.63855,2.50109,5.13964
0.602175,2.96895,2.83023,5.79918
0.602814,2.55403,2.61807,5.1721
0.603453,3.00258,2.51161,5.5142
0.604092,2.83271,2.31886,5.15157
0.604732,2.81749,2.62214,5.43963
0.605373,2.54625,2.88243,5.42868
0.606014,2.50804,2.52304,5.03108
0.606656,2.49357,2.32522,4.81879
0.607298,3.02081,2.32666,5.34747
0.607941,2.8276,2.41721,5.24481
0.608585,2.61,2.5448,5.1548
0.609229,2.84985,2.50754,5.35739
0.609874,2.53805,2.31037,4.84842
0.610519,2.60084,2.6851,5.28593
0.611165,2.78659,2.7593,5.54589
0.611812,2.68475,2.60146,5.28621
0.612459,3.11929,2.60214,5.72143
0.613107,2.26976,2.47705,4.7468
0.613755,2.72394,2.4716,5.19554
0.614404,2.76509,2.46847,5.23357
0.615053,2.72371,2.53797,5.26169
0.615703,2.65968,2.58223,5.24191
0.616354,2.452,2.85473,5.30674
0.617005,2.89841,2.30724,5.20565
0.617657,2.84484,2.41556,5.2604
0.618309,2.62792,2.49688,5.12481
0.618962,2.67717,2.48212,5.15928
0.619616,2.65081,2.316,4.96681
0.62027,2.69532,2.48641,5.18173
0.620925,3.03525,2.4368,5.47205
0.62158,2.23798,2.37958,4.61755
0.622236,2.60712,2.76658,5.3737
0.622893,2.39991,2.36692,4.76683
0.62355,2.31819,2.54939,4.86758
0.624208,2.44442,2.53781,4.98222
0.624866,2.45661,2.606,5.06261
0.625525,2.75068,2.49209,5.24278
0.626185,2.78276,2.72097,5.50372
0.626845,3.10733,2.80025,5.90758
0.627506,2.67397,2.58072,5.25469
0.628167,2.86322,2.41254,5.27577
0.628829,2.31495,2.49249,4.80744
0.629492,2.69785,2.47035,5.1682
0.630155,2.58858,2.44976,5.03834
0.630819,2.64916,2.49728,5.14644
0.631483,2.47445,2.56558,5.04002
0.632148,2.2699,2.60455,4.87445
0.632813,2.46644,2.80794,5.27439
0.63348,2.3481,2.41186,4.75996
0.634146,2.64712,2.50921,5.15633
0.634814,2.69245,2.83808,5.53053
0.635482,2.96715,2.31668,5.28384
0.636151,2.69485,2.49049,5.18534
0.63682,2.83323,2.76293,5.59617
0.63749,2.84825,2.57375,5.422
0.63816,3.27649,2.60056,5.87704
0.638831,2.6656,2.60423,5.26983
0.639503,2.64914,2.59994,5.24908
0.640175,2.98195,2.53999,5.52193
0.640848,2.7908,2.504,5.2948
0.641521,2.89627,2.61517,5.51144
0.642196,2.66986,2.51871,5.18858
0.64287,2.84886,2.65652,5.50539
0.643546,2.62863,2.48191,5.11054
0.644222,2.95252,2.57623,5.52875
0.644898,2.60483,2.40461,5.00944
0.645575,2.36646,2.5421,4.90855
0.646253,2.65915,2.33941,4.99856
0.646931,2.83646,2.51533,5.35178
0.647611,2.63813,2.7577,5.39584
0.64829,2.80397,2.54411,5.34808
0.64897,2.80823,2.76914,5.57737
0.649651,2.4774,2.52775,5.00516
0.650333,2.78586,2.73266,5.51852
0.651015,2.87628,2.62752,5.5038
0.651698,2.58438,2.75287,5.33725
0.652381,2.73603,2.6653,5.40133
0.653065,2.65584,2.61532,5.27116
0.65375,2.70593,2.68622,5.39214
0.654435,2.78116,2.6963,5.47745
0.655121,2.61161,2.54774,5.15935
0.655807,2.6728,2.51236,5.18516
0.656494,2.39821,2.69213,5.09034
0.657182,2.42569,2.41852,4.84421
0.65787,2.8036,2.46625,5.26985
0.658559,2.70156,2.42264,5.1242
0.659249,2.39968,2.572,4.97168
0.659939,2.15334,2.46596,4.6193
0.66063,2.83348,2.64212,5.4756
0.661321,2.83503,2.43106,5.26609
0.662014,2.1454,2.59791,4.74331
0.662706,3.21793,2.55533,5.77327
0.6634,2.45307,2.46278,4.91585
0.664094,2.35492,2.68448,5.03939
0.664788,2.42355,2.44653,4.87008
0.665484,2.56969,2.72625,5.29593
0.666179,2.67995,2.55981,5.23976
0.666876,2.3711,2.52288,4.89397
0.667573,2.38519,2.63364,5.01883
0.668271,2.83091,2.91512,5.74603
0.668969,2.50675,2.4887,4.99545
0.669668,2.90621,2.61499,5.52121
0.670368,3.04005,2.70074,5.74078
0.671068,2.30247,2.54146,4.84393
0.671769,2.51421,2.57033,5.08454
0.672471,2.81707,2.64976,5.46683
0.673173,2.29123,2.64292,4.93415
0.673876,3.0609,2.50812,5.56902
0.67458,2.9023,2.618,5.5203
0.675284,2.3667,2.53142,4.89812
0.675989,2.79048,2.57097,5.36145
0.676694,2.65985,2.52093,5.18078
0.6774,2.76963,2.65478,5.42441
0.678107,2.53593,2.84354,5.37947
0.678814,2.88277,2.61185,5.49462
0.679522,2.6267,2.51937,5.14607
0.680231,2.67374,2.51896,5.1927
0.68094,2.21821,2.75496,4.97317
0.68165,2.69396,2.83461,5.52858
0.682361,2.65834,2.71012,5.36845
0.683072,2.91408,2.52136,5.43544
0.683784,2.84259,2.76096,5.60355
0.684496,2.39119,2.82968,5.22087
0.68521,2.6096,2.7269,5.3365
0.685923,2.4078,2.6787,5.0865
0.686638,2.60799,2.7646,5.37259
0.687353,2.40518,2.6555,5.06068
0.688069,2.56659,2.65093,5.21752
0.688785,2.76299,2.67147,5.43447
0.689502,2.62486,2.66238,5.28724
0.69022,2.62284,2.97793,5.60077
0.690938,2.6034,2.76513,5.36853
0.691657,2.59203,2.76011,5.35215
0.692377,2.52563,2.69269,5.21832
0.693098,2.68269,2.67703,5.35972
0.693819,2.12987,2.72994,4.8598
0.69454,2.55827,2.70312,5.2614
0.695262,2.40129,2.57309,4.97438
0.695985,2.37507,2.63913,5.0142
0.696709,2.58396,2.5448,5.12876
0.697433,2.47217,2.54711,5.01928
0.698158,2.77849,2.43064,5.20913
0.698884,2.58087,2.53288,5.11375
0.69961,2.31275,2.68879,5.00154
0.700337,2.35794,2.63305,4.99098
0.701065,2.48016,2.68515,5.16531
0.701793,2.61572,2.43188,5.04759
0.702522,2.83579,2.63405,5.46983
0.703251,3.02305,2.63462,5.65766
0.703982,2.48954,2.63541,5.12495
0.704712,2.79813,2.77647,5.5746
0.705444,2.86067,2.6831,5.54377
0.706176,2.95663,2.47002,5.42665
0.706909,2.46215,2.63193,5.09407
0.707643,3.03911,2.79558,5.83469
0.708377,2.80096,2.48159,5.28255
0.709112,2.62764,2.84461,5.47225
0.709847,2.7148,2.80604,5.52084
0.710584,2.51056,2.67715,5.18771
0.71132,2.294,2.71915,5.01315
0.712058,2.9691,2.59351,5.56261
0.712796,2.30696,2.69665,5.00362
0.713535,2.6666,2.62086,5.28746
0.714275,2.72421,2.41519,5.1394
0.715015,2.55233,3.02612,5.57845
0.715756,2.89301,2.72288,5.61589
0.716498,2.35719,2.57283,4.93002
0.71724,2.40732,2.78759,5.19491
0.717983,2.86594,2.51959,5.38553
0.718726,2.61051,2.66845,5.27896
0.719471,2.27232,2.50659,4.77891
0.720216,2.6287,2.90832,5.53702
0.720961,2.59074,2.60408,5.19482
0.721708,2.51101,2.7071,5.2181
0.722455,2.57004,2.55959,5.12963
0.723202,2.35441,2.58106,4.93548
0.723951,2.60758,2.74707,5.35465
0.7247,2.5619,2.84488,5.40679
0.725449,2.86216,2.53803,5.40019
0.7262,2.52104,2.91756,5.4386
0.726951,2.30225,2.72437,5.02662
0.727703,2.90092,2.49992,5.40084
0.728455,2.53538,2.76688,5.30226
0.729208,2.66879,2.67292,5.34171
0.729962,2.02008,2.95966,4.97974
0.730717,2.36744,2.72035,5.08779
0.731472,2.4473,2.61489,5.06219
0.732228,2.40514,2.77471,5.17985
0.732984,2.5122,2.60242,5.11461
0.733742,2.6136,2.58366,5.19726
0.7345,2.36387,2.69699,5.06086
0.735258,2.84744,2.49127,5.33871
0.736017,2.79016,2.78682,5.57698
0.736777,2.5231,2.59018,5.11329
0.737538,2.29858,2.9483,5.24688
0.7383,2.30141,2.85276,5.15417
0.739062,2.73501,2.66856,5.40356
0.739824,2.20096,2.65796,4.85892
0.740588,2.26522,2.81351,5.07873
0.741352,2.64321,2.80976,5.45297
0.742117,2.15855,2.56271,4.72126
0.742883,2.61991,2.74632,5.36623
0.743649,2.36713,2.70304,5.07017
0.744416,2.33534,2.66754,5.00289
0.745183,2.49527,2.71036,5.20563
0.745952,2.44107,2.62747,5.06854
0.746721,2.51392,2.90844,5.42236
0.747491,2.71147,2.72153,5.433
0.748261,2.57245,2.73862,5.31108
0.749032,2.18948,2.56572,4.7552
0.749804,2.34046,2.55084,4.8913
0.750577,2.22312,2.72545,4.94857
0.75135,2.508,2.62503,5.13304
0.752124,2.17706,2.67721,4.85427
0.752898,2.55329,2.65533,5.20862
0.753674,2.57852,2.6329,5.21142
0.75445,2.21384,2.79922,5.01306
0.755227,2.62212,2.46139,5.08352
0.756004,2.62434,2.67535,5.2997
0.756782,2.74699,2.61788,5.36487
0.757561,2.16188,2.8099,4.97178
0.758341,2.30025,2.75813,5.05838
0.759121,2.19853,2.62501,4.82354
0.759902,2.77017,2.66906,5.43923
0.760684,2.59618,2.61629,5.21247
0.761466,2.46119,2.82004,5.28123
0.762249,2.87903,2.87327,5.7523
0.763033,2.3183,2.65072,4.96902
0.763818,2.58657,2.8316,5.41816
0.764603,2.76527,2.62164,5.3869
0.765389,2.34217,2.72385,5.06601
0.766176,2.22239,2.74754,4.96993
0.766963,2.38969,2.90786,5.29755
0.767751,2.65562,2.68587,5.34148
0.76854,2.72252,2.80369,5.5262
0.76933,2.46829,2.6814,5.14969
0.77012,2.34398,2.71733,5.06131
0.770911,2.37556,2.90471,5.28028
0.771703,2.62771,2.76733,5.39504
0.772495,2.25633,2.71444,4.97077
0.773289,2.83692,2.89169,5.72861
0.774082,2.19229,2.79532,4.98761
0.774877,2.65403,2.74668,5.40072
0.775672,2.62324,2.85776,5.48101
0.776469,2.68811,2.88469,5.5728
0.777265,2.55672,2.74825,5.30498
0.778063,2.67488,2.79081,5.46569
0.778861,2.16146,2.76417,4.92564
0.77966,2.09826,2.66432,4.76258
0.78046,2.33664,2.91444,5.25108
0.78126,2.693,2.79282,5.48582
0.782061,2.20814,2.79991,5.00805
0.782863,2.57172,2.74984,5.32156
0.783666,2.51953,2.53456,5.05409
0.784469,2.58348,2.84389,5.42738
0.785273,2.36543,2.9134,5.27883
0.786078,2.49022,2.66533,5.15555
0.786883,2.33046,2.87658,5.20704
0.78769,2.1661,2.78086,4.94696
0.788497,2.18651,2.63115,4.81766
0.789304,2.04992,2.72246,4.77239
0.790113,2.57978,2.76607,5.34585
0.790922,2.50713,2.73186,5.239
0.791732,2.58561,2.8567,5.44231
0.792543,2.54832,2.73264,5.28096
0.793354,2.59526,2.64177,5.23703
0.794166,2.54799,2.80552,5.35351
0.794979,2.69773,2.9178,5.61552
0.795793,2.39817,2.80653,5.2047
0.796607,2.67408,2.95996,5.63404
0.797422,2.27955,2.58872,4.86828
0.798238,2.73945,2.84663,5.58608
0.799055,2.83689,2.78639,5.62327
0.799872,2.63123,2.61224,5.24347
0.80069,2.70178,2.8789,5.58068
0.801509,2.51042,2.85753,5.36795
0.802328,2.46382,2.96707,5.43088
0.803149,2.51879,3.11902,5.63781
0.80397,2.41328,2.89521,5.30849
0.804791,2.34373,2.62378,4.96751
0.805614,2.48836,2.90338,5.39174
0.806437,2.58814,2.66661,5.25475
0.807261,2.27919,2.62269,4.90188
0.808086,2.62163,2.90658,5.52821
0.808912,2.6112,2.80336,5.41456
0.809738,2.07416,2.96536,5.03952
0.810565,2.34265,2.75521,5.09787
0.811393,2.27228,2.74137,5.01365
0.812221,2.27211,2.6865,4.9586
0.813051,2.34483,3.05532,5.40016
0.813881,2.45331,2.93713,5.39044
0.814711,2.46489,2.81876,5.28366
0.815543,2.52899,2.70368,5.23266
0.816375,2.43157,2.82901,5.26059
0.817208,2.54389,2.83843,5.38231
0.818042,2.4719,2.92117,5.39307
0.818877,2.46874,2.85101,5.31975
0.819712,2.40724,2.99229,5.39954
0.820548,2.21478,2.77577,4.99055
0.821385,2.78854,2.90563,5.69417
0.822223,2.12219,2.87353,4.99572
0.823061,1.94673,2.87459,4.82132
0.8239,2.59806,2.75708,5.35515
0.82474,2.46169,3.10827,5.56996
0.825581,2.60282,2.93587,5.53869
0.826422,2.47623,2.69873,5.17497
0.827264,2.44925,2.82827,5.27751
0.828107,2.00321,2.61267,4.61588
0.828951,2.48358,2.7395,5.22307
0.829796,2.63374,2.81916,5.4529
0.830641,2.71316,2.61581,5.32897
0.831487,2.3129,2.81871,5.13161
0.832334,2.27244,2.65075,4.92319
0.833181,2.34643,2.7222,5.06863
0.83403,2.50138,2.78219,5.28357
0.834879,2.30714,2.98677,5.29391
0.835729,2.38867,2.74276,5.13144
0.836579,2.34752,2.90924,5.25677
0.837431,2.45296,2.94675,5.3997
0.838283,2.68446,2.68615,5.37061
0.839136,2.35022,2.80867,5.1589
0.83999,2.54498,2.62305,5.16802
0.840844,2.47978,3.12127,5.60105
0.8417,2.31326,2.81314,5.1264
0.842556,2.32416,2.79089,5.11506
0.843413,2.43908,2.77768,5.21676
0.84427,2.59326,2.64725,5.24051
0.845129,2.53167,2.9789,5.51057
0.845988,2.00817,2.6745,4.68267
0.846848,2.36293,2.76598,5.12891
0.847709,2.51516,2.78156,5.29672
0.84857,2.5768,2.82717,5.40397
0.849432,2.4984,2.91101,5.4094
0.850296,2.53175,2.76061,5.29235
0.85116,2.32809,3.09333,5.42143
0.852024,2.74978,2.87599,5.62577
0.85289,2.28614,2.78446,5.0706
0.853756,2.79849,3.05973,5.85823
0.854623,2.16385,2.41189,4.57574
0.855491,2.51799,3.03248,5.55047
0.856359,2.47021,2.81851,5.28871
0.857229,2.52412,2.97307,5.4972
0.858099,2.4798,2.76746,5.24727
0.85897,2.21136,2.66415,4.87551
0.859842,2.08488,2.88721,4.97209
0.860714,2.41387,2.88909,5.30296
0.861588,2.55386,2.6467,5.20056
0.862462,2.60031,2.91868,5.51898
0.863337,2.26807,2.82814,5.09621
0.864213,2.3846,3.03249,5.41708
0.865089,2.64159,2.98778,5.62937
0.865967,2.15142,2.77998,4.9314
0.866845,2.56964,3.05289,5.62253
0.867724,2.23687,2.98726,5.22412
0.868604,2.66268,2.84251,5.50519
0.869484,2.04392,2.82551,4.86942
0.870365,2.81237,2.81383,5.6262
0.871248,2.56993,3.04389,5.61382
0.872131,2.42081,2.77526,5.19607
0.873014,2.65296,2.90314,5.5561
0.873899,2.17846,2.99969,5.17815
0.874784,2.20464,2.75642,4.96106
0.87567,2.61424,2.895,5.50924
0.876557,2.35278,2.89372,5.2465
0.877445,2.45829,2.94901,5.4073
0.878334,2.61419,2.83908,5.45327
0.879223,2.73067,2.82973,5.5604
0.880113,2.09156,3.14722,5.23878
0.881004,2.55901,2.89601,5.45503
0.881896,2.34349,2.88141,5.2249
0.882789,2.32769,2.90784,5.23553
0.883682,2.33684,2.99069,5.32753
0.884576,2.34449,2.82463,5.16912
0.885472,2.50614,2.96844,5.47458
0.886367,2.20476,2.77643,4.98118
0.887264,2.37246,2.89209,5.26455
0.888162,2.58138,2.96427,5.54564
0.88906,2.68556,3.00956,5.69512
0.889959,2.24639,3.07148,5.31787
0.890859,2.62206,2.91646,5.53852
0.89176,2.34343,2.91356,5.257
0.892661,2.67062,2.84636,5.51698
0.893564,2.07571,2.89452,4.97023
0.894467,2.55574,2.8915,5.44725
0.895371,2.28306,2.72921,5.01226
0.896276,2.42605,2.88605,5.31211
0.897182,2.61734,2.86495,5.4823
0.898088,2.36837,2.82366,5.19204
0.898996,2.49972,2.9476,5.44732
0.899904,2.25448,3.125,5.37948
0.900813,2.42083,2.83231,5.25314
0.901723,2.04655,2.93255,4.9791
0.902633,2.33889,2.96252,5.30141
0.903545,2.56559,3.11376,5.67935
0.904457,2.54077,2.9645,5.50527
0.90537,2.57277,2.80807,5.38085
0.906284,2.76772,2.86755,5.63528
0.907199,2.07702,2.76566,4.84268
0.908115,2.27789,2.95882,5.23671
0.909031,2.19919,3.05814,5.25733
0.909948,2.39092,2.7579,5.14882
0.910867,2.73987,3.06062,5.80049
0.911786,2.43904,2.80089,5.23993
0.912705,2.45569,3.02538,5.48107
0.913626,2.32367,2.79016,5.11384
0.914547,2.22015,3.07773,5.29788
0.91547,2.30299,2.91182,5.21481
0.916393,2.29022,2.91581,5.20603
0.917317,2.30762,3.00451,5.31213
0.918242,2.01149,3.0259,5.0374
0.919167,2.20022,3.10986,5.31008
0.920094,2.04946,3.00729,5.05675
0.921021,2.17309,3.05869,5.23177
0.921949,2.1492,3.11206,5.26126
0.922879,2.34108,3.08798,5.42906
0.923808,2.48261,3.01971,5.50232
0.924739,2.51776,2.89994,5.41771
0.925671,2.37659,3.0777,5.45429
0.926603,2.17422,2.96877,5.14298
0.927536,2.20578,3.00351,5.20929
0.928471,2.35831,3.00556,5.36387
0.929406,2.30176,2.88605,5.18781
0.930341,2.33759,3.02517,5.36276
0.931278,2.46137,3.1038,5.56517
0.932216,2.46201,3.09139,5.5534
0.933154,2.46112,2.8869,5.34802
0.934093,2.36756,2.97826,5.34582
0.935033,2.37071,3.01348,5.38419
0.935974,2.20578,2.91455,5.12033
0.936916,2.23522,2.99132,5.22655
0.937859,2.62487,3.09374,5.71861
0.938802,2.59678,2.97895,5.57573
0.939747,2.4744,3.08324,5.55764
0.940692,2.13096,2.97842,5.10937
0.941638,2.42188,3.10344,5.52532
0.942585,2.41897,2.9495,5.36846
0.943533,2.38648,3.14905,5.53553
0.944481,2.27967,2.92447,5.20414
0.945431,2.31012,3.09542,5.40554
0.946381,2.49858,3.1829,5.68147
0.947332,2.42063,3.22246,5.64308
0.948285,2.64883,3.05518,5.704
0.949238,2.43048,2.91613,5.34661
0.950191,1.98725,3.1096,5.09684
0.951146,2.26128,2.95242,5.2137
0.952102,2.29692,3.19795,5.49488
0.953058,2.45291,2.98988,5.44279
0.954015,2.42011,2.92314,5.34325
0.954974,2.61792,2.88308,5.501
0.955933,2.13483,3.04455,5.17938
0.956893,2.30064,3.06888,5.36952
0.957853,2.44213,2.907,5.34913
0.958815,2.17531,3.31517,5.49048
0.959778,2.299,3.20232,5.50132
0.960741,2.3738,2.93879,5.3126
0.961705,2.43161,2.95708,5.38868
0.962671,2.3019,3.07433,5.37623
0.963637,2.33663,3.0451,5.38173
0.964604,2.55618,3.19784,5.75402
0.965571,2.41029,2.95025,5.36054
0.96654,2.14067,3.02094,5.16161
0.96751,2.54616,3.00859,5.55474
0.96848,2.33931,3.09631,5.43562
0.969452,2.18898,3.13485,5.32382
0.970424,2.32355,3.05921,5.38276
0.971397,2.00332,3.09846,5.10178
0.972371,2.27033,3.07045,5.34078
0.973346,2.05767,3.04222,5.09988
0.974322,1.92216,3.01806,4.94022
0.975298,1.99813,2.9363,4.93442
0.976276,2.28191,3.21926,5.50117
0.977254,2.09633,3.01404,5.11037
0.978234,2.43224,3.20194,5.63417
0.979214,2.52334,3.09766,5.621
0.980195,2.42304,3.21953,5.64256
0.981177,2.59069,2.87588,5.46656
0.98216,2.27167,3.16531,5.43698
0.983143,2.11921,3.24782,5.36703
0.984128,2.30473,3.16398,5.46871
0.985114,2.05671,2.96605,5.02277
0.9861,2.36638,3.15562,5.522
0.987088,2.16996,3.0254,5.19536
0.988076,1.84446,3.24873,5.09318
0.989065,2.17908,3.09026,5.26934
0.990055,2.31417,3.08598,5.40015
0.991046,2.15781,3.18208,5.33989
0.992038,2.5223,3.01352,5.53582
0.993031,2.47138,3.21941,5.69079
0.994024,2.41692,3.11099,5.52791
0.995019,2.2442,3.05572,5.29992
0.996014,2.56603,2.91566,5.48169
0.997011,1.97093,3.02526,4.99619
0.998008,2.09336,2.90727,5.00063
0.999006,2.18792,3.17111,5.35903
1.00001,2.4275,3.17649,5.60399
1.00101,2.20762,3.01763,5.22525
1.00201,2.36556,3.11266,5.47822
1.00301,2.2456,3.02911,5.27471
1.00402,2.47645,2.99952,5.47597
1.00502,2.20622,3.06031,5.26654
1.00603,2.38521,3.04926,5.43447
1.00704,2.26903,3.36988,5.63891
1.00805,2.48932,3.19143,5.68075
1.00906,2.33505,3.18871,5.52377
1.01008,2.28509,3.23748,5.52257
1.0111,2.22376,3.15985,5.3836
1.01211,2.31119,3.04383,5.35502
1.01313,2.35324,3.23986,5.5931
1.01415,2.49954,3.03053,5.53007
1.01518,2.42876,3.23108,5.65983
1.0162,2.34815,3.33325,5.6814
1.01723,2.25264,3.18909,5.44173
1.01826,2.38859,3.29712,5.68571
1.01929,2.27175,3.11637,5.38811
1.02032,2.37235,3.15235,5.5247
1.02135,2.38694,3.22086,5.6078
1.02238,2.39233,3.02181,5.41414
1.02342,2.20286,3.10243,5.30529
1.02446,2.35186,3.15414,5.506
1.0255,2.41828,2.97403,5.39231
1.02654,2.25863,3.06097,5.3196
1.02758,2.4297,3.29345,5.72315
1.02863,2.34864,3.19414,5.54278
1.02968,2.12787,3.12246,5.25033
1.03072,2.03701,3.05453,5.09154
1.03177,2.44896,3.24088,5.68983
1.03282,2.32822,3.18874,5.51696
1.03388,2.28339,3.34583,5.62922
1.03493,2.26237,3.09502,5.35739
1.03599,2.47048,3.21229,5.68277
1.03705,2.33017,3.1777,5.50787
1.03811,1.90581,3.01598,4.92179
1.03917,2.31499,3.20354,5.51854
1.04023,2.25313,2.99681,5.24993
1.0413,2.224,3.18625,5.41025
1.04237,2.0152,3.00806,5.02326
1.04344,2.63884,3.16101,5.79985
1.04451,2.4204,3.3275,5.7479
1.04558,2.47942,2.99369,5.47311
1.04665,2.49261,3.11033,5.60294
1.04773,2.59515,3.18436,5.77951
1.04881,2.35497,2.96463,5.3196
1.04989,2.10109,3.14123,5.24232
1.05097,2.44711,3.12713,5.57424
1.05205,2.45966,3.11718,5.57684
1.05313,2.49086,3.29521,5.78607
1.05422,2.19938,3.03223,5.23161
1.05531,2.41124,2.94331,5.35455
1.0564,2.2388,3.27705,5.51584
1.05749,2.35142,3.33935,5.69077
1.05858,2.14285,3.10685,5.2497
1.05968,2.46099,3.25334,5.71433
1.06078,2.359,3.22373,5.58273
1.06187,2.2223,3.19503,5.41733
1.06297,2.1703,3.22635,5.39665
1.06408,2.22728,3.27462,5.50189
1.06518,2.25234,3.30083,5.55317
1.06629,2.22322,3.32713,5.55035
1.06739,2.02729,3.05884,5.08612
1.0685,2.11715,3.07651,5.19366
1.06962,2.17939,3.05018,5.22957
1.07073,2.24627,3.1615,5.40777
1.07184,2.24364,3.36313,5.60677
1.07296,2.24969,3.31722,5.56691
1.07408,2.2049,3.12368,5.32858
1.0752,2.16147,3.07334,5.23482
1.07632,2.24837,3.3225,5.57088
1.07745,2.09263,3.2793,5.37193
1.07857,2.37413,3.01429,5.38841
1.0797,2.38798,3.28885,5.67683
1.08083,2.24713,3.183,5.43013
1.08196,2.24915,3.21814,5.46729
1.08309,2.38491,3.19615,5.58106
1.08423,2.23756,3.26124,5.4988
1.08536,2.23929,3.26542,5.50471
1.0865,2.12083,3.42283,5.54366
1.08764,2.10493,3.22605,5.33098
1.08879,2.17341,3.28218,5.45559
1.08993,2.31626,3.26572,5.58198
1.09108,2.30929,3.19491,5.5042
1.09223,2.34644,3.30415,5.65059
1.09337,2.04833,3.32754,5.37587
1.09453,1.92957,3.19093,5.12051
1.09568,2.31925,3.44698,5.76623
1.09684,2.32325,3.03116,5.3544
1.09799,2.07041,3.34845,5.41886
1.09915,1.91412,3.20071,5.11483
1.10031,2.2664,3.36701,5.63341
1.10148,1.98741,3.13033,5.11774
1.10264,2.68007,3.15316,5.83323
1.10381,2.07419,3.21726,5.29146
1.10498,2.12585,3.2982,5.42405
1.10615,2.42152,3.298,5.71951
1.10732,2.2743,3.23778,5.51208
1.10849,2.38959,3.36593,5.75552
1.10967,2.37075,3.31673,5.68748
1.11085,2.41818,3.23719,5.65537
1.11203,2.16257,3.46753,5.6301
1.11321,2.16262,3.32124,5.48387
1.11439,2.15986,3.38873,5.54859
1.11558,2.41087,3.33404,5.74491
1.11677,2.15843,3.30623,5.46466
1.11796,2.0943,3.2688,5.36309
1.11915,2.4032,3.36917,5.77237
1.12034,2.13796,3.07534,5.2133
1.12154,2.28934,3.12686,5.4162
1.12274,2.44332,3.14593,5.58925
1.12394,2.19047,3.2061,5.39656
1.12514,2.39053,3.23149,5.62202
1.12634,2.29732,3.28756,5.58488
1.12755,2.35198,3.43879,5.79077
1.12875,2.38532,3.28012,5.66544
1.12996,2.17599,3.26055,5.43654
1.13117,2.29469,3.37597,5.67066
1.13239,2.15907,3.12189,5.28097
1.1336,2.13178,3.18887,5.32066
1.13482,2.21611,3.29779,5.51389
1.13604,2.48557,3.28336,5.76893
1.13726,2.25396,3.28947,5.54343
1.13848,2.08385,3.4137,5.49754
1.13971,2.33335,3.33506,5.66841
1.14093,2.14019,3.35801,5.4982
1.14216,2.22563,3.38101,5.60664
1.14339,2.20589,3.28512,5.491
1.14463,2.12003,3.37737,5.4974
1.14586,1.91829,3.43801,5.35631
1.1471,2.37476,3.36062,5.73538
1.14834,2.2802,3.34787,5.62808
1.14958,2.20593,3.42974,5.63567
1.15082,2.16105,3.15358,5.31464
1.15207,2.09604,3.38197,5.47801
1.15332,2.04511,3.37217,5.41728
1.15456,2.04836,3.2997,5.34807
1.15582,2.23186,3.47697,5.70883
1.15707,2.30746,2.9919,5.29936
1.15832,2.0777,3.22291,5.30061
1.15958,2.27558,3.45673,5.73232
1.16084,2.14256,3.46551,5.60807
1.1621,2.31265,3.43503,5.74767
1.16337,2.2343,3.29783,5.53213
1.16463,2.16424,3.51544,5.67968
1.1659,2.26928,3.37663,5.64592
1.16717,2.05988,3.30237,5.36225
1.16844,2.35214,3.39849,5.75062
1.16971,2.11179,3.30344,5.41523
1.17099,2.10629,3.36268,5.46898
1.17227,2.16905,3.48669,5.65573
1.17355,2.24526,3.40795,5.65321
1.17483,2.19135,3.47478,5.66612
1.17611,2.12769,3.39445,5.52214
1.1774,2.49168,3.39057,5.88225
1.17869,2.21008,3.33374,5.54382
1.17998,2.11664,3.47248,5.58912
1.18127,2.19553,3.42239,5.61792
1.18256,1.98231,3.42184,5.40414
1.18386,2.41187,3.37863,5.79049
1.18516,2.35991,3.42681,5.78672
1.18646,1.9876,3.43099,5.4186
1.18776,2.20969,3.4458,5.65549
1.18907,2.19504,3.35769,5.55273
1.19038,2.04046,3.52749,5.56795
1.19169,2.15927,3.40325,5.56252
1.193,2.30203,3.44513,5.74716
1.19431,2.33662,3.50213,5.83875
1.19563,2.20719,3.50975,5.71694
1.19694,2.03434,3.31902,5.35336
1.19826,1.95958,3.48182,5.4414
1.19959,2.05048,3.35151,5.40199
1.20091,2.35959,3.45984,5.81943
1.20224,2.4317,3.41815,5.84986
1.20357,2.02944,3.24086,5.2703
1.2049,2.2333,3.433,5.66631
1.20623,2.03903,3.24493,5.28397
1.20756,2.29924,3.41411,5.71335
1.2089,2.17827,3.37049,5.54876
1.21024,1.96862,3.37489,5.34351
1.21158,1.95932,3.50852,5.46783
1.21293,2.2254,3.37763,5.60302
1.21427,2.07495,3.52939,5.60434
1.21562,1.96493,3.42761,5.39254
1.21697,2.02806,3.39713,5.42519
1.21832,2.36327,3.37144,5.73471
1.21968,2.11008,3.46671,5.57679
1.22104,2.23063,3.56811,5.79874
1.2224,2.12214,3.42479,5.54693
1.22376,2.18933,3.42651,5.61584
1.22512,2.18356,3.43016,5.61372
1.22649,2.05876,3.53165,5.5904
1.22785,2.23129,3.38508,5.61637
1.22922,2.06845,3.43879,5.50724
1.2306,2.03565,3.24113,5.27677
1.23197,2.277,3.37836,5.65535
1.23335,2.16352,3.41821,5.58173
1.23473,1.96255,3.54055,5.5031
1.23611,2.04855,3.51061,5.55917
1.23749,1.86233,3.40508,5.26741
1.23888,1.92066,3.32507,5.24572
1.24027,2.12324,3.33136,5.4546
1.24166,2.19103,3.33647,5.52749
1.24305,2.3121,3.40722,5.71932
1.24445,1.85182,3.50964,5.36146
1.24584,2.07819,3.4263,5.50449
1.24724,1.96461,3.62292,5.58753
1.24864,2.07878,3.47928,5.55806
1.25005,2.14842,3.51676,5.66518
1.25145,1.877,3.55437,5.43137
1.25286,1.66408,3.44343,5.10751
1.25427,1.99624,3.3239,5.32013
1.25569,2.14018,3.52896,5.66914
1.2571,1.61611,3.52248,5.13859
1.25852,2.15599,3.43184,5.58783
1.25994,1.97533,3.31998,5.2953
1.26136,1.79199,3.52775,5.31974
1.26279,1.95859,3.4287,5.38729
1.26421,1.98124,3.39602,5.37727
1.26564,1.86936,3.28022,5.14958
1.26708,2.21511,3.33984,5.55495
1.26851,2.22269,3.44808,5.67077
1.26995,2.09305,3.35917,5.45223
1.27138,2.02989,3.44901,5.4789
1.27283,2.16557,3.43161,5.59718
1.27427,2.02049,3.62566,5.64615
1.27571,2.1291,3.40753,5.53663
1.27716,1.86794,3.49075,5.35868
1.27861,2.01239,3.52213,5.53452
1.28007,1.86794,3.50405,5.37199
1.28152,2.14869,3.64749,5.79618
1.28298,2.0466,3.60797,5.65457
1.28444,2.16769,3.57521,5.7429
1.2859,1.99748,3.41506,5.41254
1.28736,2.32048,3.42819,5.74867
1.28883,1.945,3.41821,5.36321
1.2903,2.09866,3.38029,5.47896
1.29177,1.93953,3.5735,5.51304
1.29325,1.79079,3.5019,5.29269
1.29472,2.2095,3.6103,5.8198
1.2962,2.07607,3.56561,5.64168
1.29768,2.11728,3.62208,5.73935
1.29917,2.0418,3.60726,5.64906
1.30065,2.15016,3.59583,5.74599
1.30214,1.93323,3.53893,5.47216
1.30363,1.85588,3.66848,5.52436
1.30513,1.99014,3.70648,5.69662
1.30662,2.21649,3.5933,5.80979
1.30812,2.07688,3.61248,5.68936
1.30962,2.01445,3.51056,5.52501
1.31112,1.98491,3.3435,5.32841
1.31263,1.7884,3.63143,5.41983
1.31414,2.11952,3.59298,5.71249
1.31565,1.98682,3.5214,5.50823
1.31716,1.97297,3.67073,5.64371
1.31868,1.94589,3.66708,5.61296
1.32019,2.09241,3.5685,5.6609
1.32171,2.22656,3.51883,5.74539
1.32324,2.18125,3.69268,5.87393
1.32476,1.84967,3.6009,5.45057
1.32629,1.9976,3.48942,5.48701
1.32782,2.02984,3.4549,5.48475
1.32935,1.84867,3.63885,5.48752
1.33089,2.00835,3.51355,5.52191
1.33243,2.23709,3.73833,5.97542
1.33397,1.97111,3.55763,5.52874
1.33551,1.88566,3.67094,5.5566
1.33705,2.2493,3.65883,5.90813
1.3386,2.02912,3.50662,5.53574
1.34015,1.95998,3.51664,5.47662
1.34171,2.09583,3.66214,5.75797
1.34326,1.98173,3.67561,5.65733
1.34482,2.11524,3.46479,5.58002
1.34638,2.07912,3.50328,5.58239
1.34794,1.94066,3.7176,5.65825
1.34951,1.84852,3.58232,5.43084
1.35107,1.72095,3.61796,5.33891
1.35265,2.05209,3.60867,5.66077
1.35422,2.06061,3.60649,5.66709
1.35579,2.04538,3.62797,5.67336
1.35737,2.23697,3.62397,5.86094
1.35895,1.90521,3.54973,5.45494
1.36054,2.1924,3.49166,5.68406
1.36212,1.88434,3.54735,5.43169
1.36371,2.15159,3.68963,5.84122
1.3653,2.09011,3.6922,5.78231
1.3669,2.01153,3.6452,5.65673
1.36849,1.98291,3.59044,5.57335
1.37009,1.93934,3.61574,5.55509
1.37169,1.88951,3.60108,5.49058
1.3733,1.90638,3.68417,5.59055
1.3749,2.00839,3.74102,5.74941
1.37651,1.97296,3.67319,5.64614
1.37812,1.93989,3.58988,5.52976
1.37974,1.76332,3.63128,5.3946
1.38135,2.06688,3.71315,5.78004
1.38297,2.1548,3.7495,5.9043
1.3846,1.9538,3.63897,5.59277
1.38622,1.81101,3.7994,5.61041
1.38785,2.00053,3.72621,5.72674
1.38948,2.06925,3.62401,5.69325
1.39111,1.81157,3.76132,5.57289
1.39275,2.16115,3.39515,5.5563
1.39439,1.97571,3.87785,5.85356
1.39603,1.86368,3.69309,5.55677
1.39767,2.06672,3.81886,5.88558
1.39932,1.8573,3.63672,5.49402
1.40097,1.96649,3.61845,5.58494
1.40262,1.85079,3.63625,5.48704
1.40427,1.98629,3.68242,5.66871
1.40593,2.00502,3.55805,5.56307
1.40759,1.94693,3.66014,5.60708
1.40925,2.0047,3.70539,5.71008
1.41092,2.19702,3.69934,5.89636
1.41258,2.07426,3.5619,5.63617
1.41425,1.77043,3.7023,5.47273
1.41593,2.08621,3.63064,5.71685
1.4176,1.68598,3.68704,5.37302
1.41928,2.04823,3.68169,5.72993
1.42096,1.97025,3.71444,5.68469
1.42265,1.99844,3.66364,5.66208
1.42433,1.95702,3.86628,5.8233
1.42602,1.86005,3.77652,5.63657
1.42772,2.0377,3.63141,5.66911
1.42941,1.94496,3.63363,5.57858
1.43111,2.02224,3.67933,5.70157
1.43281,1.96706,3.74472,5.71178
1.43451,1.92656,3.72415,5.65071
1.43622,1.66034,3.92432,5.58466
1.43793,2.12027,3.7801,5.90037
1.43964,2.14367,3.75649,5.90016
1.44135,1.97943,3.88019,5.85963
1.44307,2.11621,3.81815,5.93437
1.44479,1.84411,3.46508,5.3092
1.44651,1.94287,3.70257,5.64543
1.44824,2.06264,3.6244,5.68704
1.44997,2.13187,3.73234,5.86421
1.4517,2.05153,3.60314,5.65467
1.45343,1.93851,3.70744,5.64594
1.45517,1.95236,3.80671,5.75907
1.45691,2.03389,3.69069,5.72458
1.45865,2.07006,3.75703,5.82709
1.4604,1.83714,3.89533,5.73247
1.46214,1.89366,3.73474,5.62839
1.4639,1.93177,3.88806,5.81983
1.46565,1.96347,3.70539,5.66886
1.46741,2.11497,3.81135,5.92632
1.46917,1.85463,3.70287,5.5575
1.47093,1.943,3.89714,5.84013
1.47269,1.9482,3.70861,5.65681
1.47446,2.03901,3.75368,5.79269
1.47623,2.12037,3.74696,5.86733
1.47801,2.07136,3.65762,5.72899
1.47978,1.85049,3.8174,5.66789
1.48156,2.12145,3.71455,5.836
1.48335,2.05528,3.77804,5.83332
1.48513,2.02211,3.61701,5.63912
1.48692,1.97523,3.96885,5.94408
1.48871,1.83726,3.77078,5.60804
1.4905,2.15403,4.02142,6.17545
1.4923,1.93878,3.91592,5.8547
1.4941,1.98724,3.83048,5.81773
1.4959,1.95303,3.88228,5.83531
1.49771,1.95879,3.68545,5.64424
1.49952,1.92726,3.81164,5.73891
1.50133,1.99068,3.84328,5.83396
1.50315,1.81699,3.89152,5.70851
1.50496,1.84137,3.76427,5.60563
1.50678,1.78779,3.78415,5.57194
1.50861,1.87633,3.72128,5.59761
1.51043,2.04176,3.78846,5.83023
1.51226,1.85697,3.78751,5.64448
1.5141,1.97232,3.85862,5.83094
1.51593,1.89896,3.89932,5.79828
1.51777,2.10926,3.84808,5.95734
1.51961,2.11533,3.82577,5.9411
1.52146,1.90953,3.65984,5.56937
1.5233,2.1367,3.9215,6.05819
1.52515,2.23922,3.84765,6.08687
1.52701,1.9442,3.66171,5.60592
1.52886,1.881,3.85214,5.73314
1.53072,1.86148,3.80458,5.66606
1.53258,2.02861,3.86378,5.89239
1.53445,1.89692,3.9365,5.83342
1.53632,1.70355,3.79327,5.49681
1.53819,2.0187,3.7094,5.7281
1.54006,1.9269,3.90115,5.82805
1.54194,1.89777,3.81903,5.71679
1.54382,1.93926,3.87003,5.80929
1.54571,1.80045,3.97552,5.77597
1.54759,1.69783,3.72726,5.42509
1.54948,1.94186,3.88117,5.82303
1.55138,2.06107,3.86204,5.92311
1.55327,1.92166,3.91707,5.83873
1.55517,1.95694,3.96754,5.92448
1.55707,1.93773,3.94034,5.87807
1.55898,1.82617,3.87152,5.69769
1.56089,1.93736,3.86998,5.80734
1.5628,1.81444,3.81438,5.62882
1.56471,1.80614,3.82086,5.627
1.56663,1.91126,3.98343,5.89469
1.56855,1.83233,3.82864,5.66098
1.57048,2.04617,3.8861,5.93227
1.5724,1.6557,3.79299,5.44869
1.57433,1.8899,3.97535,5.86525
1.57627,2.04176,3.9121,5.95386
1.5782,2.0383,3.8526,5.8909
1.58014,1.95786,3.83838,5.79624
1.58208,1.92895,4.02545,5.9544
1.58403,2.20582,3.89961,6.10544
1.58598,1.99767,3.89396,5.89163
1.58793,1.89046,3.89975,5.79021
1.58989,1.73691,4.08902,5.82593
1.59185,1.70852,3.99945,5.70797
1.59381,1.71095,3.97626,5.68721
1.59577,1.86068,3.88281,5.74349
1.59774,1.76435,4.02446,5.78881
1.59971,1.71268,4.0683,5.78098
1.60169,1.62561,3.81771,5.44332
1.60366,1.9959,3.90833,5.90423
1.60564,1.97376,3.94753,5.92129
1.60763,2.01671,3.89698,5.91369
1.60962,2.01392,3.8242,5.83813
1.61161,1.80976,3.97158,5.78134
1.6136,1.58892,3.90867,5.49759
1.6156,1.95179,3.95565,5.90744
1.6176,1.76635,3.95729,5.72364
1.6196,2.07659,4.06749,6.14408
1.62161,1.93824,3.78012,5.71836
1.62362,1.97363,3.90953,5.88316
1.62563,1.64637,3.98274,5.62911
1.62765,2.0825,3.93453,6.01703
1.62967,1.71262,3.97596,5.68858
1.63169,1.76772,3.93631,5.70404
1.63372,1.58664,4.02296,5.60961
1.63575,1.511,4.06934,5.58034
1.63778,1.77127,4.08773,5.859
1.63982,1.81254,4.00849,5.82103
1.64186,1.93249,4.00422,5.93671
1.6439,2.01739,4.01506,6.03245
1.64595,1.8319,3.99412,5.82602
1.648,1.81914,4.00644,5.82558
1.65005,1.97369,4.06973,6.04342
1.65211,1.81313,4.11171,5.92484
1.65417,1.70637,3.98979,5.69616
1.65623,1.8363,4.09404,5.93034
1.65829,1.7801,4.07687,5.85696
1.66036,1.87173,3.85384,5.72557
1.66244,1.75034,3.96732,5.71765
1.66451,1.70115,4.0118,5.71295
1.66659,1.79053,4.00461,5.79514
1.66868,1.93254,4.03245,5.965
1.67076,1.89861,4.04078,5.93939
1.67285,2.13829,4.0861,6.22438
1.67495,2.0822,4.10443,6.18663
1.67704,1.81038,3.95343,5.76381
1.67914,1.74227,4.10401,5.84628
1.68125,1.76048,3.83924,5.59971
1.68335,1.78398,4.088,5.87198
1.68547,1.91085,4.02373,5.93458
1.68758,1.75189,3.98745,5.73934
1.6897,1.90275,4.16459,6.06734
1.69182,1.61872,4.03524,5.65396
1.69394,1.78449,3.94469,5.72918
1.69607,1.9463,4.12083,6.06713
1.6982,1.81755,4.1831,6.00065
1.70033,1.94108,4.03943,5.98051
1.70247,1.88233,4.0366,5.91894
1.70461,1.89857,4.25693,6.1555
1.70676,2.00519,4.10362,6.10881
1.70891,1.88671,4.16468,6.05139
1.71106,2.02065,4.12395,6.1446
1.71322,1.81591,4.12214,5.93805
1.71537,1.91351,4.06872,5.98223
1.71754,1.76207,4.03893,5.801
1.7197,1.84949,4.15618,6.00567
1.72187,1.75175,4.17343,5.92518
1.72405,2.11442,4.13889,6.25332
1.72622,1.70752,4.11606,5.82358
1.7284,1.71785,4.15486,5.87271
1.73059,1.75701,4.03019,5.7872
1.73277,1.84381,4.05578,5.89959
1.73496,1.97576,4.18204,6.1578
1.73716,1.7591,4.03904,5.79813
1.73936,1.84197,4.07787,5.91984
1.74156,1.81901,4.06743,5.88644
1.74376,1.79862,3.98672,5.78534
1.74597,1.76925,4.11815,5.88739
1.74818,1.65038,4.181,5.83138
1.7504,1.75191,4.19548,5.94739
1.75262,1.9278,4.09552,6.02332
1.75484,1.80109,4.12525,5.92634
1.75707,1.80946,4.2379,6.04735
1.7593,1.78878,4.17735,5.96613
1.76153,1.80049,4.09088,5.89137
1.76377,1.69825,4.18886,5.88711
1.76601,1.84571,4.24231,6.08802
1.76826,1.79631,4.12183,5.91814
1.7705,1.85479,4.28528,6.14006
1.77276,2.0685,4.15394,6.22244
1.77501,1.96643,4.23836,6.20479
1.77727,1.99915,4.17903,6.17818
1.77953,1.90589,4.09245,5.99833
1.7818,1.74438,4.16994,5.91432
1.78407,1.77135,4.11608,5.88742
1.78635,1.64773,4.25507,5.9028
1.78862,1.68217,4.2471,5.92926
1.7909,2.05414,4.30596,6.3601
1.79319,1.76544,4.11084,5.87628
1.79548,1.76587,4.18724,5.95311
1.79777,1.57849,4.17198,5.75047
1.80007,1.74656,4.18776,5.93432
1.80237,1.84744,4.28261,6.13005
1.80467,1.77206,4.2073,5.97936
1.80698,1.90061,4.3359,6.23651
1.80929,1.61552,4.26812,5.88363
1.81161,1.73564,4.10937,5.84501
1.81392,2.02974,4.33442,6.36416
1.81625,1.80407,4.20289,6.00695
1.81857,1.65565,4.27547,5.93112
1.8209,1.75949,4.08042,5.83991
1.82324,1.78929,4.31918,6.10847
1.82558,1.74042,4.19475,5.93517
1.82792,1.93484,4.11204,6.04688
1.83026,1.90437,4.2182,6.12257
1.83261,1.73782,4.18439,5.92221
1.83496,1.88061,4.3038,6.18441
1.83732,1.88767,4.26355,6.15122
1.83968,1.70266,4.14959,5.85225
1.84205,1.72591,4.24893,5.97485
1.84441,1.8466,4.42289,6.2695
1.84679,1.73433,4.28174,6.01607
1.84916,1.80453,4.40016,6.20469
1.85154,1.72513,4.36848,6.09361
1.85393,1.6887,4.3388,6.0275
1.85631,1.80725,4.1813,5.98855
1.85871,1.6331,4.23332,5.86643
1.8611,1.75747,4.35185,6.10931
1.8635,1.68182,4.23502,5.91684
1.8659,1.82965,4.23515,6.0648
1.86831,1.80276,4.29266,6.09542
1.87072,1.825,4.22445,6.04944
1.87314,1.69081,4.26806,5.95887
1.87556,1.69981,4.24086,5.94067
1.87798,1.8069,4.39204,6.19893
1.88041,1.74889,4.36689,6.11579
1.88284,1.9127,4.41301,6.32571
1.88527,1.9508,4.37253,6.32333
1.88771,1.74309,4.28671,6.02981
1.89015,1.71429,4.27855,5.99284
1.8926,1.82319,4.25059,6.07379
1.89505,1.87879,4.43324,6.31203
1.8975,1.69173,4.347,6.03873
1.89996,1.74349,4.33411,6.0776
1.90242,1.78658,4.42145,6.20803
1.90489,1.79963,4.34764,6.14727
1.90736,1.6683,4.38031,6.04861
1.90984,1.67631,4.2546,5.93091
1.91231,1.95307,4.35862,6.3117
1.9148,1.73844,4.43008,6.16852
1.91728,1.63833,4.49059,6.12892
1.91977,1.69919,4.32573,6.02492
1.92227,1.89799,4.21793,6.11592
1.92477,1.63305,4.35464,5.98769
1.92727,1.72466,4.31175,6.03641
1.92978,1.60495,4.41316,6.01811
1.93229,1.68577,4.28073,5.9665
1.9348,1.72572,4.23974,5.96546
1.93732,1.68608,4.25557,5.94165
1.93984,1.77308,4.44284,6.21592
1.94237,1.66769,4.31361,5.9813
1.9449,1.61525,4.41305,6.0283
1.94744,1.73272,4.3264,6.05912
1.94998,1.40719,4.30437,5.71156
1.95252,1.71105,4.48617,6.19722
1.95507,1.62797,4.38199,6.00996
1.95762,1.67707,4.3708,6.04787
1.96018,1.65852,4.34945,6.00798
1.96274,1.71817,4.456,6.17417
1.9653,1.70534,4.35989,6.06523
1.96787,1.69923,4.48037,6.17961
1.97044,1.6991,4.51739,6.21649
1.97302,1.62768,4.38204,6.00972
1.9756,1.48056,4.42795,5.90851
1.97819,1.73492,4.41344,6.14836
1.98078,1.58222,4.46543,6.04764
1.98337,1.57703,4.3521,5.92914
1.98597,1.89027,4.54929,6.43955
1.98857,1.7023,4.369,6.0713
1.99118,1.77246,4.29206,6.06452
1.99379,1.59036,4.27203,5.86239
1.9964,1.5192,4.39743,5.91663
1.99902,1.51248,4.4845,5.99698
2.00165,1.52948,4.34056,5.87004
2.00427,1.53751,4.48879,6.0263
2.0069,1.7168,4.36179,6.07858
2.00954,1.68235,4.58693,6.26927
2.01218,1.58347,4.49269,6.07616
2.01483,1.68281,4.4041,6.08691
2.01748,1.73197,4.40136,6.13332
2.02013,1.65056,4.50918,6.15973
2.02279,1.72231,4.50283,6.22514
2.02545,1.64694,4.49979,6.14673
2.02811,1.67317,4.52949,6.20266
2.03079,1.70638,4.36667,6.07305
2.03346,1.64176,4.40861,6.05037
2.03614,1.77809,4.50335,6.28145
2.03882,1.68752,4.54264,6.23017
2.04151,1.69964,4.53897,6.23861
2.0442,1.56957,4.33969,5.90926
2.0469,1.70016,4.38892,6.08908
2.0496,1.49084,4.56973,6.06057
2.05231,1.65246,4.43047,6.08293
2.05502,1.60965,4.39004,5.9997
2.05773,1.61831,4.51913,6.13744
2.06045,1.64726,4.53866,6.18593
2.06317,1.66928,4.52515,6.19443
2.0659,1.62676,4.52083,6.14758
2.06863,1.66164,4.55413,6.21578
2.07137,1.46738,4.45973,5.92711
2.07411,1.66445,4.49521,6.15966
2.07686,1.58773,4.5446,6.13234
2.07961,1.54774,4.59208,6.13981
2.08236,1.52379,4.5531,6.07689
2.08512,1.50708,4.43385,5.94093
2.08788,1.77221,4.5891,6.36131
2.09065,1.55511,4.61596,6.17107
2.09342,1.57551,4.67818,6.25369
2.0962,1.5867,4.41219,5.99889
2.09898,1.73251,4.53046,6.26297
2.10177,1.48768,4.47068,5.95836
2.10456,1.55426,4.50113,6.05539
2.10735,1.64733,4.64903,6.29636
2.11015,1.59228,4.66367,6.25596
2.11296,1.45642,4.55122,6.00763
2.11576,1.56266,4.56736,6.13002
2.11858,1.63734,4.57709,6.21443
2.1214,1.53485,4.55435,6.0892
2.12422,1.55928,4.6537,6.21298
2.12704,1.54215,4.58517,6.12732
2.12988,1.48983,4.62697,6.1168
2.13271,1.50055,4.65585,6.15641
2.13555,1.62951,4.60644,6.23596
2.1384,1.47167,4.68916,6.16083
2.14125,1.72581,4.69549,6.4213
2.1441,1.64344,4.6739,6.31733
2.14696,1.66839,4.62821,6.2966
2.14983,1.69164,4.62194,6.31358
2.15269,1.63092,4.53959,6.17051
2.15557,1.53201,4.70667,6.23868
2.15845,1.7519,4.50262,6.25452
2.16133,1.53344,4.79639,6.32983
2.16421,1.56812,4.58609,6.15421
2.16711,1.57584,4.61481,6.19064
2.17,1.68084,4.63978,6.32061
2.1729,1.66122,4.69423,6.35545
2.17581,1.64118,4.79336,6.43454
2.17872,1.56583,4.66184,6.22768
2.18164,1.545,4.53892,6.08392
2.18456,1.58501,4.6285,6.2135
2.18748,1.65245,4.68245,6.3349
2.19041,1.46959,4.77816,6.24775
2.19335,1.55983,4.71588,6.27571
2.19628,1.69323,4.70232,6.39555
2.19923,1.56811,4.70681,6.27491
2.20218,1.64617,4.6695,6.31567
2.20513,1.69966,4.76602,6.46568
2.20809,1.61309,4.79695,6.41004
2.21105,1.47737,4.7916,6.26898
2.21402,1.43525,4.74163,6.17688
2.21699,1.62919,4.81377,6.44296
2.21997,1.66228,4.69437,6.35665
2.22295,1.75998,4.72102,6.481
2.22594,1.61069,4.85151,6.46219
2.22893,1.50138,4.79041,6.29179
2.23193,1.61131,4.89688,6.50819
2.23493,1.5529,4.76184,6.31474
2.23794,1.55177,4.72862,6.28038
2.24095,1.48341,4.74543,6.22884
2.24397,1.70662,4.74211,6.44873
2.24699,1.62172,4.87253,6.49425
2.25001,1.66648,4.68712,6.3536
2.25305,1.59589,4.64991,6.2458
2.25608,1.56661,4.77604,6.34265
2.25912,1.49801,4.77632,6.27433
2.26217,1.6233,4.6326,6.2559
2.26522,1.61797,4.73971,6.35768
2.26828,1.5037,4.69744,6.20114
2.27134,1.54578,4.74767,6.29345
2.2744,1.41406,4.7473,6.16136
2.27747,1.51418,4.73875,6.25293
2.28055,1.59326,4.76609,6.35935
2.28363,1.62248,4.81218,6.43466
2.28672,1.57288,4.61331,6.18619
2.28981,1.77361,4.95853,6.73214
2.2929,1.5329,4.79936,6.33225
2.296,1.44821,4.75671,6.20492
2.29911,1.53742,4.76266,6.30008
2.30222,1.65648,4.89398,6.55046
2.30534,1.56893,4.87136,6.44029
2.30846,1.64151,4.89849,6.54001
2.31158,1.6169,4.87246,6.48937
2.31472,1.44532,4.83817,6.2835
2.31785,1.56011,4.90077,6.46088
2.32099,1.3764,4.83372,6.21013
2.32414,1.58907,4.85683,6.44591
2.32729,1.47036,4.83818,6.30854
2.33045,1.77561,4.83709,6.6127
2.33361,1.5894,4.85464,6.44405
2.33678,1.53402,4.98756,6.52158
2.33995,1.38484,4.86193,6.24677
2.34313,1.51275,4.81761,6.33036
2.34631,1.69796,4.86228,6.56024
2.3495,1.47758,4.75321,6.23078
2.35269,1.54083,4.8695,6.41033
2.35589,1.58055,4.86118,6.44173
2.35909,1.42074,4.90875,6.32949
2.3623,1.60249,4.73927,6.34175
2.36552,1.38582,4.8569,6.24272
2.36873,1.56344,4.98468,6.54812
2.37196,1.50359,4.94996,6.45354
2.37519,1.49465,4.83932,6.33396
2.37842,1.6392,4.95847,6.59767
2.38166,1.61398,4.9377,6.55168
2.38491,1.64407,4.75664,6.40071
2.38816,1.40102,4.91013,6.31115
2.39141,1.64271,4.9066,6.54932
2.39467,1.39138,4.91366,6.30504
2.39794,1.52941,4.95065,6.48006
2.40121,1.51529,4.91714,6.43243
2.40449,1.58377,4.99373,6.5775
2.40777,1.59579,4.95219,6.54798
2.41106,1.56643,5.02274,6.58917
2.41435,1.62164,4.94863,6.57027
2.41765,1.6201,4.92561,6.54571
2.42095,1.58457,5.03085,6.61542
2.42426,1.2912,4.97365,6.26485
2.42758,1.6354,4.981,6.6164
2.4309,1.62856,4.99191,6.62047
2.43422,1.59581,5.00029,6.5961
2.43755,1.46888,4.90996,6.37884
2.44089,1.33323,4.98262,6.31585
2.44423,1.44701,5.01754,6.46455
2.44758,1.51211,4.99846,6.51058
2.45093,1.53948,4.88184,6.42132
2.45429,1.56008,5.04758,6.60766
2.45765,1.30472,4.94203,6.24675
2.46102,1.5573,5.00057,6.55788
2.46439,1.43828,4.97958,6.41786
2.46777,1.55413,5.00806,6.56219
2.47116,1.52101,5.02108,6.54209
2.47455,1.48487,5.01477,6.49964
2.47795,1.37023,4.90756,6.27778
2.48135,1.33437,5.04513,6.3795
2.48475,1.27853,4.94893,6.22747
2.48817,1.52705,5.01108,6.53813
2.49159,1.45235,5.02452,6.47687
2.49501,1.41521,5.05488,6.47008
2.49844,1.35311,5.02941,6.38252
2.50187,1.29942,4.93417,6.23359
2.50531,1.56252,5.02526,6.58778
2.50876,1.2423,4.99132,6.23362
2.51221,1.3646,4.99082,6.35542
2.51567,1.30925,4.99982,6.30907
2.51913,1.28026,4.96106,6.24132
2.5226,1.26701,5.12184,6.38886
2.52608,1.17628,5.07201,6.24829
2.52956,1.22585,4.99968,6.22553
2.53304,1.36313,5.08499,6.44813
2.53653,1.4047,5.00637,6.41107
2.54003,1.25019,5.1373,6.38749
2.54353,1.32349,4.99396,6.31745
2.54704,1.29731,5.04873,6.34604
2.55055,1.28398,5.03864,6.32262
2.55407,1.47267,5.08268,6.55536
2.5576,1.1712,5.00227,6.17348
2.56113,1.29662,5.10579,6.40241
2.56467,1.33395,5.03823,6.37218
2.56821,1.22583,5.03265,6.25848
2.57176,1.3837,5.1424,6.5261
2.57531,1.35084,5.19486,6.5457
2.57887,1.35356,5.08888,6.44244
2.58244,1.32156,5.13698,6.45853
2.58601,1.38101,5.16814,6.54915
2.58959,1.1962,5.11047,6.30667
2.59317,1.26862,5.04015,6.30878
2.59676,1.39205,5.11058,6.50262
2.60035,1.31504,5.12148,6.43652
2.60395,1.26036,5.02315,6.28351
2.60756,1.17567,5.0416,6.21727
2.61117,1.34208,5.05789,6.39998
2.61479,1.28982,5.09668,6.38649
2.61841,1.367,5.16709,6.53409
2.62204,1.35524,5.15349,6.50873
2.62568,1.36473,5.07084,6.43557
2.62932,1.29454,5.01088,6.30542
2.63297,1.20882,5.20776,6.41658
2.63662,1.32431,5.20253,6.52684
2.64028,1.32278,5.11147,6.43425
2.64395,1.42759,5.19349,6.62108
2.64762,1.43698,5.18402,6.621
2.6513,1.32286,5.12739,6.45025
2.65498,1.0333,5.20812,6.24143
2.65867,1.28483,5.13114,6.41597
2.66236,1.21565,5.11154,6.32719
2.66607,1.27636,5.22893,6.50529
2.66977,1.25698,5.19562,6.45261
2.67349,1.19507,5.30255,6.49762
2.67721,1.29803,5.20325,6.50128
2.68093,1.10415,5.19226,6.29641
2.68466,1.26255,5.11953,6.38208
2.6884,1.27114,5.23371,6.50485
2.69214,1.31712,5.16596,6.48308
2.69589,1.41577,5.30626,6.72203
2.69965,1.28963,5.19942,6.48905
2.70341,1.24806,5.15807,6.40612
2.70718,1.47047,5.21344,6.68391
2.71095,1.33987,5.24728,6.58715
2.71473,1.28091,5.28561,6.56651
2.71852,1.43257,5.18339,6.61596
2.72231,1.35552,5.20321,6.55873
2.72611,1.32298,5.24804,6.57102
2.72992,1.25162,5.38371,6.63533
2.73373,1.27377,5.32057,6.59433
2.73755,1.2523,5.37404,6.62633
2.74137,1.23568,5.27836,6.51403
2.7452,1.25221,5.2571,6.50931
2.74903,1.27125,5.32541,6.59666
2.75288,1.24323,5.29295,6.53619
2.75673,1.31227,5.36929,6.68155
2.76058,1.25866,5.26985,6.52851
2.76444,1.3073,5.39144,6.69874
2.76831,1.39075,5.33505,6.7258
2.77218,1.31422,5.28895,6.60317
2.77606,1.3263,5.33334,6.65964
2.77995,1.33789,5.24785,6.58574
2.78384,1.42569,5.37917,6.80486
2.78774,1.31736,5.2868,6.60416
2.79164,1.36543,5.37109,6.73652
2.79556,1.21946,5.33699,6.55645
2.79947,1.46789,5.3078,6.7757
2.8034,1.335,5.31868,6.65368
2.80733,1.20657,5.34554,6.55211
2.81126,1.29357,5.40195,6.69552
2.81521,1.34345,5.38033,6.72378
2.81916,1.33504,5.31133,6.64637
2.82311,1.43036,5.43053,6.86089
2.82708,1.24363,5.27523,6.51886
2.83105,1.34195,5.30272,6.64467
2.83502,1.20489,5.42389,6.62878
2.839,1.34325,5.4075,6.75075
2.84299,1.31267,5.39267,6.70534
2.84699,1.25992,5.33466,6.59458
2.85099,1.36222,5.33904,6.70125
2.85499,1.42102,5.38779,6.80881
2.85901,1.29097,5.32726,6.61823
2.86303,1.37763,5.36642,6.74405
2.86706,1.30025,5.38448,6.68473
2.87109,1.38126,5.3841,6.76536
2.87513,1.43218,5.36507,6.79724
2.87918,1.35857,5.36125,6.71982
2.88323,1.28639,5.36917,6.65557
2.88729,1.30914,5.39698,6.70612
2.89136,1.27909,5.44055,6.71964
2.89543,1.26227,5.42317,6.68544
2.89951,1.30142,5.49718,6.7986
2.9036,1.37283,5.49459,6.86742
2.90769,1.31468,5.43031,6.74499
2.91179,1.40754,5.47405,6.88159
2.9159,1.29077,5.58054,6.8713
2.92001,1.47519,5.46906,6.94425
2.92413,1.30061,5.48275,6.78336
2.92826,1.32715,5.49246,6.81961
2.93239,1.1951,5.52273,6.71783
2.93653,1.30183,5.55183,6.85366
2.94068,1.22866,5.49764,6.7263
2.94483,1.34903,5.49932,6.84835
2.94899,1.42283,5.4807,6.90353
2.95316,1.22031,5.48166,6.70197
2.95734,1.24599,5.48933,6.73532
2.96152,1.286,5.47419,6.76019
2.9657,1.32475,5.57727,6.90202
2.9699,1.30664,5.4827,6.78934
2.9741,1.37875,5.62739,7.00614
2.97831,1.3705,5.49851,6.86901
2.98252,1.36687,5.53503,6.90189
2.98674,1.32872,5.55692,6.88564
2.99097,1.21063,5.46543,6.67606
2.99521,1.34872,5.62595,6.97467
2.99945,1.31155,5.49929,6.81084
3.0037,1.26045,5.5495,6.80995
3.00795,1.3581,5.58943,6.94753
3.01222,1.13561,5.64267,6.77828
3.01649,1.23035,5.50187,6.73222
3.02076,1.34473,5.61729,6.96201
3.02505,1.38143,5.67092,7.05235
3.02934,1.3576,5.5761,6.9337
3.03364,1.20735,5.65179,6.85914
3.03794,1.2683,5.58408,6.85237
3.04225,1.23606,5.65886,6.89492
3.04657,1.22381,5.61041,6.83422
3.0509,1.29563,5.5266,6.82223
3.05523,1.27212,5.5556,6.82771
3.05957,1.2732,5.50008,6.77328
3.06392,1.31277,5.57931,6.89208
3.06827,1.27102,5.65275,6.92377
3.07263,1.20319,5.70069,6.90388
3.077,1.04875,5.68628,6.73503
3.08137,1.15762,5.64603,6.80365
3.08576,1.30197,5.67432,6.97629
3.09015,1.23507,5.63919,6.87426
3.09454,1.23725,5.58923,6.82648
3.09895,1.23137,5.64225,6.87362
3.10336,1.30537,5.64237,6.94774
3.10777,1.13908,5.72448,6.86356
3.1122,1.22627,5.63768,6.86396
3.11663,1.18232,5.66708,6.84939
3.12107,1.17495,5.68713,6.86208
3.12552,1.35134,5.82617,7.17751
3.12997,1.20137,5.6558,6.85717
3.13443,1.26116,5.72164,6.98281
3.1389,1.21971,5.77769,6.9974
3.14338,1.30619,5.72339,7.02958
3.14786,1.22471,5.75869,6.9834
3.15235,1.26691,5.69067,6.95758
3.15685,1.26968,5.75679,7.02647
3.16135,1.20523,5.82757,7.0328
3.16587,1.20155,5.80271,7.00427
3.17039,1.27198,5.75915,7.03114
3.17491,1.19474,5.69445,6.88919
3.17945,1.11782,5.79745,6.91527
3.18399,1.21613,5.74164,6.95776
3.18854,1.33121,5.72116,7.05237
3.19309,1.24452,5.85099,7.09551
3.19766,1.29541,5.83627,7.13168
3.20223,1.17552,5.72228,6.8978
3.20681,1.22139,5.81868,7.04007
3.21139,1.27417,5.76172,7.03588
3.21599,1.25791,5.76662,7.02453
3.22059,1.21485,5.79066,7.00551
3.2252,1.09297,5.81876,6.91173
3.22981,1.09322,5.68787,6.78109
3.23444,1.23399,5.77751,7.0115
3.23907,1.18895,5.77378,6.96272
3.2437,1.15804,5.73218,6.89021
3.24835,1.18912,5.82369,7.01281
3.253,1.19822,5.84326,7.04148
3.25767,1.21314,5.79002,7.00316
3.26233,1.12389,5.80474,6.92863
3.26701,1.14311,5.92053,7.06364
3.27169,1.20163,5.78606,6.98769
3.27639,1.23932,5.73228,6.97161
3.28108,1.26003,5.82854,7.08857
3.28579,1.16889,5.88996,7.05884
3.29051,1.2031,5.86001,7.06311
3.29523,1.26284,5.9194,7.18223
3.29996,1.21476,5.81921,7.03397
3.3047,1.30495,5.89352,7.19847
3.30944,1.18726,5.92046,7.10771
3.31419,1.1585,5.89261,7.05111
3.31895,1.22348,5.86244,7.08592
3.32372,1.17059,5.89206,7.06265
3.3285,1.18683,5.97401,7.16083
3.33328,1.21963,5.92171,7.14134
3.33807,1.0854,6.01456,7.09996
3.34287,1.14452,5.85178,6.9963
3.34768,1.1401,5.84151,6.98161
3.35249,1.15223,5.96189,7.11412
3.35732,1.18409,5.90406,7.08816
3.36215,1.16043,5.96374,7.12416
3.36699,1.05424,5.99812,7.05235
3.37183,1.18578,5.9842,7.16998
3.37669,1.26294,5.97423,7.23717
3.38155,1.221,6.01712,7.23812
3.38642,1.14288,5.9433,7.08618
3.3913,1.24031,5.92269,7.163
3.39618,1.17564,5.9787,7.15434
3.40108,1.04923,6.0428,7.09203
3.40598,1.13066,5.95674,7.0874
3.41089,1.28502,5.97985,7.26487
3.41581,1.07517,5.98503,7.0602
3.42073,1.01907,6.03392,7.05299
3.42567,1.23219,5.9773,7.20949
3.43061,1.23007,6.02608,7.25615
3.43556,1.04123,6.07235,7.11358
3.44051,1.09045,5.91801,7.00846
3.44548,1.17147,6.07125,7.24271
3.45045,1.05258,6.09743,7.15001
3.45544,1.20155,5.99798,7.19953
3.46043,1.14032,6.04649,7.18681
3.46543,1.13643,5.98962,7.12605
3.47043,1.21778,6.02722,7.245
3.47545,1.14369,6.04993,7.19362
3.48047,1.13516,6.01464,7.1498
3.4855,1.12517,5.90884,7.034
3.49054,1.09269,6.11487,7.20756
3.49559,1.28105,6.0718,7.35285
3.50064,1.10397,6.03788,7.14185
3.5057,1.20877,6.08252,7.29129
3.51078,1.08881,6.09668,7.18549
3.51586,1.19957,6.06522,7.26479
3.52094,1.10605,6.14222,7.24827
3.52604,1.13251,6.13057,7.26308
3.53115,0.972044,6.19823,7.17027
3.53626,1.07102,6.11598,7.187
3.54138,1.0178,6.24269,7.26049
3.54651,1.12539,6.12243,7.24782
3.55165,1.08709,6.09329,7.18038
3.55679,1.13802,6.08995,7.22797
3.56195,1.1707,6.17445,7.34515
3.56711,1.09273,6.17203,7.26476
3.57228,1.04677,6.1382,7.18498
3.57746,1.06045,6.12071,7.18116
3.58265,1.20662,6.20832,7.41494
3.58785,1.1572,6.14078,7.29799
3.59305,1.12793,6.23288,7.36081
3.59827,1.07084,6.08361,7.15446
3.60349,1.11117,6.1348,7.24597
3.60872,1.17374,6.20921,7.38295
3.61396,1.10475,6.24245,7.3472
3.61921,1.18447,6.21305,7.39752
3.62446,1.08742,6.24059,7.32802
3.62973,1.13366,6.08739,7.22105
3.635,1.15424,6.19534,7.34958
3.64028,0.968489,6.14372,7.11221
3.64557,1.09893,6.28377,7.3827
3.65087,1.07204,6.18099,7.25304
3.65618,0.98561,6.14026,7.12587
3.6615,1.20446,6.18323,7.38768
3.66682,1.10067,6.23083,7.3315
3.67216,1.06614,6.28086,7.347
3.6775,1.03766,6.23129,7.26896
3.68285,1.01577,6.27376,7.28954
3.68821,0.989617,6.2282,7.21782
3.69358,1.15737,6.22703,7.3844
3.69895,1.07711,6.31867,7.39578
3.70434,1.03911,6.32246,7.36157
3.70973,1.132,6.25349,7.38548
3.71514,1.09758,6.33245,7.43003
3.72055,0.981882,6.26812,7.25001
3.72597,1.05815,6.39173,7.44988
3.7314,1.0763,6.31204,7.38835
3.73684,1.01526,6.31164,7.32689
3.74229,1.05825,6.33432,7.39257
3.74774,1.12871,6.31717,7.44588
3.75321,1.12765,6.27985,7.4075
3.75868,1.10992,6.32858,7.4385
3.76416,1.16444,6.3076,7.47204
3.76966,1.01474,6.37152,7.38627
3.77516,1.07541,6.35281,7.42822
3.78067,1.1172,6.32692,7.44412
3.78618,1.08838,6.33957,7.42796
3.79171,1.12627,6.42564,7.55192
3.79725,0.967871,6.40686,7.37474
3.80279,1.08826,6.37044,7.4587
3.80835,1.05798,6.38003,7.43801
3.81391,1.00456,6.38924,7.3938
3.81949,0.997659,6.36112,7.35878
3.82507,1.03459,6.41347,7.44806
3.83066,1.04617,6.39503,7.4412
3.83626,0.975355,6.35895,7.33431
3.84187,1.02924,6.37143,7.40067
3.84748,1.00088,6.44938,7.45026
3.85311,0.978372,6.42569,7.40406
3.85875,1.06718,6.33452,7.4017
3.86439,0.920873,6.33948,7.26036
3.87005,1.05885,6.39482,7.45367
3.87571,1.00969,6.41734,7.42703
3.88138,0.969902,6.37135,7.34126
3.88707,1.02566,6.42826,7.45392
3.89276,1.01206,6.45551,7.46757
3.89846,1.03578,6.45126,7.48704
3.90417,1.09998,6.47187,7.57185
3.90989,0.975595,6.38715,7.36275
3.91562,0.950439,6.42383,7.37427
3.92136,0.98174,6.48658,7.46832
3.9271,1.03128,6.46281,7.49409
3.93286,1.04702,6.38858,7.43561
3.93862,1.02094,6.46325,7.48419
3.9444,1.02216,6.47052,7.49268
3.95018,1.017,6.49517,7.51218
3.95598,0.952644,6.4654,7.41805
3.96178,0.939629,6.49933,7.43895
3.9676,0.993916,6.60157,7.59549
3.97342,0.955897,6.4236,7.37949
3.97925,0.978795,6.49929,7.47808
3.98509,0.960586,6.50505,7.46563
3.99094,0.982064,6.59165,7.57372
3.9968,0.998456,6.48348,7.48193
4.00267,1.002,6.59514,7.59713
4.00855,0.939155,6.54471,7.48386
4.01444,1.06342,6.5976,7.66103
4.02034,0.952879,6.52892,7.4818
4.02625,0.978977,6.52632,7.50529
4.03216,1.04461,6.60995,7.65457
4.03809,0.937783,6.55119,7.48898
4.04403,0.913252,6.51551,7.42876
4.04997,0.948075,6.47688,7.42495
4.05593,1.02207,6.63894,7.66101
4.0619,1.03573,6.62851,7.66424
4.06787,0.9685,6.56713,7.53563
4.07386,0.964591,6.60843,7.57302
4.07985,0.984853,6.5962,7.58105
4.08586,0.949112,6.62058,7.5697
4.09187,0.862487,6.56812,7.43061
4.0979,0.959094,6.72779,7.68688
4.10393,0.990222,6.58498,7.5752
4.10997,0.988307,6.65532,7.64363
4.11603,0.953921,6.64043,7.59435
4.12209,0.950658,6.62669,7.57735
4.12816,0.95107,6.6419,7.59297
4.13425,1.037,6.64234,7.67934
4.14034,0.965037,6.68012,7.64516
4.14644,0.965203,6.66135,7.62655
4.15256,0.885976,6.69199,7.57797
4.15868,0.891359,6.74083,7.63219
4.16481,0.950748,6.78834,7.73909
4.17096,0.950274,6.60769,7.55796
4.17711,0.946203,6.76394,7.71015
4.18327,0.919882,6.71307,7.63295
4.18944,0.922513,6.71024,7.63275
4.19563,0.910591,6.65474,7.56533
4.20182,0.949248,6.71605,7.66529
4.20802,0.967385,6.66566,7.63304
4.21424,0.890899,6.76113,7.65203
4.22046,0.885435,6.71064,7.59607
4.22669,0.911713,6.70999,7.6217
4.23294,0.961669,6.78345,7.74512
4.23919,0.993621,6.72495,7.71857
4.24545,0.999025,6.75392,7.75294
4.25173,0.895433,6.83329,7.72872
4.25801,0.983837,6.77846,7.76229
4.2643,0.873205,6.7326,7.60581
4.27061,0.936044,6.81986,7.75591
4.27692,0.987149,6.71134,7.69849
4.28325,0.965545,6.77303,7.73858
4.28958,0.849354,6.73947,7.58883
4.29593,0.9321,6.8449,7.777
4.30229,0.897361,6.71957,7.61693
4.30865,0.860369,6.79828,7.65865
4.31503,0.899277,6.77221,7.67148
4.32142,0.867097,6.7947,7.66179
4.32781,0.841189,6.82724,7.66843
4.33422,0.991116,6.79337,7.78449
4.34064,0.782163,6.87119,7.65336
4.34707,0.948072,6.78453,7.7326
4.35351,0.87123,6.83984,7.71107
4.35996,0.923319,6.86737,7.79068
4.36642,0.938807,6.94996,7.88877
4.37289,0.871905,6.86077,7.73267
4.37937,0.86258,6.90095,7.76353
4.38586,0.886907,6.89596,7.78287
4.39236,0.899885,6.84468,7.74456
4.39887,0.862012,6.88244,7.74445
4.4054,0.868123,6.8997,7.76782
4.41193,0.918514,6.96991,7.88843
4.41847,0.851661,6.91657,7.76823
4.42503,0.845202,6.94281,7.78801
4.4316,0.918405,6.87539,7.79379
4.43817,0.84817,6.96651,7.81468
4.44476,0.995974,6.94781,7.94379
4.45136,0.940711,6.98458,7.92529
4.45796,0.883351,6.96827,7.85162
4.46458,0.863566,6.91423,7.7778
4.47121,0.876696,6.99354,7.87024
4.47785,0.885937,7.01751,7.90344
4.48451,0.952373,6.96819,7.92056
4.49117,0.816435,6.9936,7.81004
4.49784,0.884209,6.93957,7.82378
4.50453,0.886592,6.99222,7.87881
4.51122,0.805876,6.97195,7.77783
4.51793,0.8643,6.97749,7.84179
4.52464,0.875581,6.99194,7.86752
4.53137,0.7829,6.9942,7.7771
4.53811,0.915707,7.04265,7.95836
4.54486,0.849526,6.98389,7.83341
4.55162,0.827086,7.02322,7.85031
4.55839,0.888645,7.00087,7.88951
4.56517,0.838978,7.04542,7.8844
4.57197,0.797799,7.08172,7.87952
4.57877,0.887309,7.06639,7.9537
4.58559,0.84284,7.10061,7.94345
4.59241,0.820998,7.0127,7.8337
4.59925,0.918573,7.04322,7.96179
4.6061,0.873914,7.08309,7.95701
4.61296,0.750155,7.10726,7.85741
4.61983,0.832607,7.00231,7.83491
4.62671,0.891996,7.04409,7.93609
4.63361,0.760058,7.11783,7.87789
4.64051,0.828605,7.0747,7.9033
4.64743,0.789253,7.1496,7.93885
4.65435,0.854369,7.05573,7.9101
4.66129,0.797541,7.01976,7.8173
4.66824,0.80053,7.17988,7.98041
4.6752,0.833169,7.14428,7.97745
4.68217,0.836794,7.12004,7.95684
4.68916,0.781561,7.10333,7.88489
4.69615,0.919616,7.11992,8.03953
4.70316,0.764014,7.13421,7.89822
4.71018,0.879998,7.17601,8.05601
4.71721,0.849359,7.13731,7.98667
4.72425,0.792528,7.10587,7.8984
4.7313,0.829755,7.19281,8.02256
4.73836,0.831045,7.12578,7.95682
4.74544,0.840951,7.25873,8.09968
4.75252,0.738246,7.18721,7.92545
4.75962,0.837193,7.17903,8.01622
4.76673,0.805148,7.22454,8.02969
4.77385,0.791444,7.16852,7.95996
4.78098,0.762651,7.13008,7.89274
4.78813,0.711136,7.25923,7.97037
4.79528,0.829497,7.22778,8.05727
4.80245,0.829948,7.24138,8.07133
4.80963,0.802005,7.20257,8.00458
4.81682,0.802281,7.22822,8.0305
4.82402,0.865712,7.2423,8.10801
4.83124,0.838217,7.21054,8.04876
4.83846,0.829976,7.29455,8.12453
4.8457,0.8052,7.30526,8.11046
4.85295,0.755437,7.19963,7.95507
4.86021,0.814519,7.22741,8.04193
4.86748,0.760096,7.27905,8.03915
4.87477,0.752096,7.2536,8.00569
4.88206,0.838337,7.27241,8.11075
4.88937,0.662312,7.27996,7.94227
4.89669,0.796881,7.3659,8.16278
4.90402,0.7915,7.32746,8.11896
4.91137,0.707538,7.3136,8.02114
4.91872,0.819113,7.29458,8.1137
4.92609,0.833677,7.34082,8.17449
4.93347,0.79055,7.33068,8.12123
4.94086,0.839665,7.32819,8.16785
4.94827,0.733438,7.30091,8.03435
4.95568,0.80213,7.31107,8.1132
4.96311,0.757671,7.33422,8.09189
4.97055,0.818516,7.35413,8.17265
4.978,0.831566,7.3921,8.22367
4.98547,0.771972,7.38788,8.15986
4.99294,0.756953,7.38576,8.14272
5.00043,0.776799,7.35529,8.13208
5.00793,0.753822,7.41637,8.17019
5.01545,0.841554,7.40728,8.24883
5.02299,0.79117,7.43062,8.22179
5.03055,0.778073,7.45875,8.23682
5.03813,0.75454,7.40247,8.15701
5.04572,0.785527,7.36682,8.15235
5.05334,0.768266,7.35496,8.12322
5.06097,0.752145,7.46329,8.21543
5.06862,0.771397,7.45657,8.22797
5.07629,0.706459,7.4999,8.20636
5.08398,0.784865,7.43606,8.22092
5.09169,0.739088,7.48465,8.22374
5.09942,0.783369,7.48482,8.26819
5.10717,0.707121,7.4949,8.20202
5.11494,0.705076,7.54856,8.25363
5.12273,0.687724,7.5311,8.21883
5.13053,0.71581,7.46845,8.18426
5.13836,0.754094,7.43008,8.18417
5.14621,0.705382,7.49893,8.20431
5.15407,0.770684,7.48052,8.2512
5.16196,0.720639,7.46964,8.19028
5.16986,0.700481,7.49378,8.19427
5.17779,0.676775,7.51527,8.19204
5.18573,0.722314,7.54963,8.27194
5.1937,0.744316,7.5429,8.28721
5.20168,0.678192,7.5623,8.24049
5.20968,0.763001,7.57341,8.33641
5.21771,0.747625,7.45045,8.19808
5.22575,0.720059,7.59373,8.31379
5.23382,0.738933,7.58623,8.32516
5.2419,0.799058,7.62055,8.41961
5.25001,0.705844,7.5908,8.29664
5.25813,0.733631,7.56418,8.29781
5.26628,0.654322,7.59824,8.25256
5.27444,0.665907,7.57704,8.24295
5.28263,0.636647,7.59169,8.22833
5.29083,0.695554,7.6176,8.31315
5.29906,0.65657,7.57299,8.22956
5.30731,0.677102,7.66139,8.33849
5.31558,0.695071,7.6653,8.36037
5.32387,0.72464,7.57048,8.29512
5.33218,0.702022,7.57996,8.28198
5.34051,0.696201,7.67259,8.36879
5.34886,0.707003,7.67538,8.38238
5.35723,0.724815,7.66695,8.39176
5.36562,0.671135,7.64971,8.32085
5.37404,0.661363,7.611,8.27236
5.38247,0.654358,7.64782,8.30218
5.39093,0.668399,7.6469,8.3153
5.39941,0.657076,7.65851,8.31558
5.4079,0.665327,7.70941,8.37474
5.41642,0.693444,7.75064,8.44409
5.42497,0.696882,7.70984,8.40672
5.43353,0.699611,7.6899,8.38951
5.44211,0.706421,7.73593,8.44236
5.45072,0.714212,7.73026,8.44447
5.45934,0.657049,7.7069,8.36395
5.46799,0.686656,7.73548,8.42214
5.47666,0.654628,7.74381,8.39843
5.48535,0.651105,7.70982,8.36093
5.49407,0.651951,7.7328,8.38475
5.5028,0.657544,7.74237,8.39991
5.51156,0.613112,7.75754,8.37065
5.52034,0.631079,7.76831,8.39939
5.52914,0.599604,7.75021,8.34982
5.53796,0.68553,7.85739,8.54292
5.54681,0.62734,7.75607,8.38341
5.55567,0.639995,7.78225,8.42224
5.56456,0.646255,7.75767,8.40393
5.57347,0.646334,7.81889,8.46522
5.58241,0.697026,7.74649,8.44352
5.59136,0.656739,7.91824,8.57498
5.60034,0.631463,7.84185,8.47332
5.60934,0.608311,7.8333,8.44161
5.61837,0.628133,7.81607,8.4442
5.62741,0.664729,7.86323,8.52796
5.63648,0.602809,7.90338,8.50619
5.64557,0.653739,7.80842,8.46216
5.65469,0.601786,7.8777,8.47948
5.66382,0.640642,7.80651,8.44715
5.67298,0.580818,7.85522,8.43604
5.68216,0.602183,7.87314,8.47532
5.69137,0.645048,7.90312,8.54817
5.7006,0.62326,7.8651,8.48836
5.70985,0.604122,7.92545,8.52958
5.71912,0.687872,7.89662,8.5845
5.72842,0.613856,7.93136,8.54522
5.73774,0.587507,8.02308,8.61058
5.74709,0.59442,7.92179,8.51621
5.75646,0.636561,7.92179,8.55835
5.76585,0.604086,7.90928,8.51336
5.77526,0.57923,7.91889,8.49812
5.7847,0.60613,7.94922,8.55535
5.79416,0.602328,7.93365,8.53597
5.80365,0.565499,7.89236,8.45786
5.81316,0.587622,7.94676,8.53438
5.82269,0.600013,7.9516,8.55162
5.83225,0.577821,7.99335,8.57117
5.84183,0.62659,7.99269,8.61928
5.85143,0.62094,8.03335,8.65429
5.86106,0.560591,8.01879,8.57938
5.87071,0.643229,8.04451,8.68774
5.88039,0.602237,8.06335,8.66558
5.89009,0.53084,7.98586,8.5167
5.89981,0.568244,8.0325,8.60074
5.90956,0.628284,7.99273,8.62102
5.91934,0.583879,8.05671,8.64059
5.92914,0.594652,8.02568,8.62033
5.93896,0.537994,8.03503,8.57302
5.94881,0.517171,8.00364,8.52081
5.95868,0.568653,8.05318,8.62183
5.96858,0.571588,8.08727,8.65886
5.9785,0.562313,8.05484,8.61715
5.98844,0.565619,8.09919,8.66481
5.99841,0.552275,8.0945,8.64677
6.00841,0.555897,8.13101,8.6869
6.01843,0.541934,8.14806,8.69
6.02848,0.550252,8.12499,8.67524
6.03855,0.6003,8.16295,8.76325
6.04864,0.544688,8.16588,8.71057
6.05877,0.614322,8.19473,8.80905
6.06891,0.553054,8.09885,8.6519
6.07909,0.533823,8.17504,8.70886
6.08928,0.559078,8.12711,8.68618
6.09951,0.544815,8.12997,8.67479
6.10976,0.508644,8.15595,8.6646
6.12003,0.528411,8.11921,8.64762
6.13033,0.502596,8.19058,8.69318
6.14066,0.529821,8.19562,8.72544
6.15101,0.48502,8.17261,8.65763
6.16138,0.542591,8.19054,8.73313
6.17179,0.5549,8.18128,8.73618
6.18222,0.562816,8.21034,8.77316
6.19267,0.526269,8.20898,8.73525
6.20316,0.507434,8.19371,8.70115
6.21366,0.493489,8.24712,8.74061
6.2242,0.519018,8.23289,8.75191
6.23476,0.510277,8.30385,8.81412
6.24534,0.478469,8.22397,8.70244
6.25596,0.523144,8.2194,8.74254
6.2666,0.490067,8.25652,8.74659
6.27726,0.506736,8.26268,8.76941
6.28796,0.528217,8.28489,8.81311
6.29868,0.519073,8.26821,8.78728
6.30942,0.496519,8.2679,8.76442
6.3202,0.503436,8.29103,8.79446
6.331,0.518446,8.28227,8.80071
6.34183,0.518969,8.34544,8.86441
6.35268,0.522279,8.34571,8.86799
6.36356,0.474196,8.33861,8.8128
6.37447,0.506983,8.35572,8.8627
6.38541,0.439783,8.31825,8.75804
6.39637,0.473363,8.29253,8.7659
6.40736,0.49831,8.33297,8.83128
6.41838,0.480707,8.33517,8.81587
6.42943,0.45665,8.40156,8.85821
6.4405,0.48203,8.33491,8.81694
6.4516,0.487852,8.37828,8.86613
6.46273,0.443499,8.33838,8.78188
6.47389,0.482446,8.43316,8.91561
6.48507,0.438114,8.3429,8.78102
6.49628,0.452468,8.3996,8.85207
6.50752,0.46943,8.36306,8.83249
6.51879,0.445489,8.40191,8.8474
6.53009,0.470612,8.41962,8.89023
6.54142,0.413125,8.45104,8.86417
6.55277,0.417483,8.42644,8.84393
6.56415,0.446197,8.37776,8.82396
6.57556,0.427552,8.39399,8.82154
6.587,0.443389,8.44313,8.88652
6.59847,0.43008,8.45192,8.882
6.60996,0.458416,8.40635,8.86477
6.62149,0.427155,8.46506,8.89222
6.63304,0.466151,8.42002,8.88617
6.64463,0.453495,8.48942,8.94292
6.65624,0.422653,8.45165,8.87431
6.66788,0.419671,8.48898,8.90865
6.67955,0.431957,8.47083,8.90278
6.69125,0.414883,8.45942,8.87431
6.70297,0.429497,8.43362,8.86312
6.71473,0.395965,8.50746,8.90343
6.72652,0.418257,8.51923,8.93748
6.73833,0.388148,8.50367,8.89182
6.75018,0.3981,8.52268,8.92078
6.76206,0.429176,8.51578,8.94495
6.77396,0.421054,8.54474,8.96579
6.7859,0.450405,8.5181,8.96851
6.79786,0.413482,8.55045,8.96393
6.80986,0.41751,8.51818,8.93569
6.82188,0.398401,8.57758,8.97598
6.83393,0.437297,8.55426,8.99156
6.84602,0.400529,8.55195,8.95248
6.85813,0.406999,8.57069,8.97769
6.87028,0.409968,8.59228,9.00224
6.88246,0.400658,8.56497,8.96563
6.89466,0.401068,8.64154,9.04261
6.9069,0.39386,8.59109,8.98495
6.91917,0.390999,8.59271,8.98371
6.93146,0.366364,8.62539,8.99175
6.94379,0.390203,8.64562,9.03583
6.95615,0.336073,8.64038,8.97645
6.96854,0.382793,8.63275,9.01554
6.98096,0.398551,8.58047,8.97902
6.99342,0.395451,8.67753,9.07298
7.0059,0.368564,8.64844,9.017
7.01841,0.360889,8.63358,8.99447
7.03096,0.365616,8.66619,9.03181
7.04354,0.377901,8.74499,9.1229
7.05615,0.366821,8.6177,8.98452
7.06879,0.3725,8.67778,9.05028
7.08146,0.379428,8.65413,9.03356
7.09416,0.374385,8.70652,9.0809
7.1069,0.356505,8.68847,9.04497
7.11966,0.340562,8.68843,9.02899
7.13246,0.335957,8.66758,9.00354
7.1453,0.33582,8.69768,9.0335
7.15816,0.37152,8.75112,9.12265
7.17105,0.356566,8.69815,9.05472
7.18398,0.350312,8.69687,9.04718
7.19694,0.346089,8.76759,9.11368
7.20993,0.324207,8.74125,9.06545
7.22296,0.345099,8.77029,9.11539
7.23602,0.320938,8.76963,9.09057
7.24911,0.340444,8.73121,9.07165
7.26223,0.309813,8.73705,9.04686
7.27538,0.32717,8.81268,9.13985
7.28857,0.332704,8.75772,9.09043
7.30179,0.314831,8.76339,9.07822
7.31505,0.336255,8.82388,9.16013
7.32834,0.299033,8.75632,9.05535
7.34166,0.301255,8.78269,9.08395
7.35501,0.31298,8.81779,9.13077
7.3684,0.318003,8.83737,9.15538
7.38182,0.301941,8.76756,9.0695
7.39527,0.287216,8.79281,9.08002
7.40876,0.298409,8.78274,9.08115
7.42228,0.289863,8.83803,9.1279
7.43584,0.307706,8.84886,9.15657
7.44943,0.305471,8.83298,9.13845
7.46305,0.282274,8.74801,9.03029
7.47671,0.299203,8.85549,9.15469
7.4904,0.266696,8.89642,9.16312
7.50413,0.278606,8.84057,9.11917
7.51789,0.293756,8.86691,9.16066
7.53168,0.267967,8.84858,9.11655
7.54551,0.274482,8.87005,9.14453
7.55938,0.250755,8.91034,9.1611
7.57328,0.25207,8.90176,9.15383
7.58721,0.265987,8.95625,9.22224
7.60118,0.249325,8.90844,9.15777
7.61518,0.279883,8.91571,9.1956
7.62922,0.261265,8.86427,9.12553
7.64329,0.2465,8.92443,9.17093
7.6574,0.242034,8.8723,9.11434
7.67154,0.259597,8.95612,9.21572
7.68572,0.264083,8.88742,9.1515
7.69994,0.25013,8.94565,9.19578
7.71419,0.233444,8.97421,9.20766
7.72847,0.227979,8.91851,9.14649
7.74279,0.245651,8.95271,9.19836
7.75715,0.236968,8.9766,9.21357
7.77154,0.24975,9.01383,9.26358
7.78597,0.243789,8.97172,9.21551
7.80044,0.220163,8.95896,9.17913
7.81494,0.224933,8.96001,9.18494
7.82947,0.234826,8.96523,9.20006
7.84405,0.220469,9.02467,9.24514
7.85866,0.219634,9.05507,9.2747
7.8733,0.210051,8.96194,9.17199
7.88799,0.214329,8.97317,9.1875
7.90271,0.20931,9.03964,9.24895
7.91746,0.217825,9.0442,9.26202
7.93226,0.200221,9.06378,9.26401
7.94709,0.20451,9.02412,9.22863
7.96196,0.217598,9.04,9.25759
7.97686,0.204424,9.02696,9.23138
7.9918,0.211573,9.03646,9.24804
8.00678,0.196542,9.07312,9.26966
8.0218,0.207439,9.04228,9.24972
8.03685,0.192397,9.0443,9.23669
8.05195,0.185098,9.06585,9.25095
8.06708,0.181841,9.06023,9.24208
8.08224,0.19027,9.0651,9.25537
8.09745,0.178143,9.09545,9.27359
8.11269,0.182356,9.06019,9.24255
8.12798,0.179222,9.1063,9.28552
8.14329,0.164255,9.14092,9.30518
8.15865,0.165079,9.06328,9.22836
8.17405,0.164335,9.07857,9.2429
8.18948,0.162728,9.11191,9.27464
8.20496,0.160111,9.09617,9.25628
8.22047,0.161649,9.09178,9.25343
8.23602,0.170474,9.13954,9.31001
8.25161,0.15303,9.12213,9.27516
8.26724,0.157545,9.12387,9.28142
8.28291,0.157264,9.12936,9.28662
8.29862,0.147964,9.16736,9.31532
8.31436,0.143049,9.15766,9.30071
8.33015,0.143522,9.12327,9.26679
8.34597,0.135964,9.1333,9.26926
8.36184,0.135423,9.15281,9.28824
8.37774,0.130214,9.15822,9.28843
8.39369,0.138085,9.15101,9.28909
8.40967,0.135224,9.12215,9.25738
8.4257,0.122355,9.1752,9.29756
8.44176,0.126811,9.17678,9.30359
8.45787,0.116626,9.16043,9.27705
8.47401,0.1163,9.19522,9.31152
8.4902,0.11969,9.22426,9.34395
8.50642,0.116106,9.20569,9.3218
8.52269,0.109947,9.2196,9.32954
8.53899,0.104017,9.2252,9.32922
8.55534,0.106304,9.24135,9.34766
8.57173,0.103809,9.22049,9.3243
8.58816,0.0917918,9.22175,9.31354
8.60463,0.0960955,9.19402,9.29011
8.62114,0.0933574,9.23395,9.32731
8.63769,0.0900232,9.22864,9.31866
8.65429,0.0749973,9.19647,9.27147
8.67092,0.0783207,9.24048,9.3188
8.6876,0.0791245,9.20814,9.28727
8.70432,0.0797604,9.2291,9.30886
8.72108,0.072541,9.20111,9.27365
8.73788,0.0746129,9.25102,9.32564
8.75473,0.0695998,9.25072,9.32032
8.77161,0.0715339,9.24576,9.3173
8.78854,0.0633389,9.16263,9.22597
8.80552,0.0559155,9.25957,9.31549
8.82253,0.056427,9.2372,9.29363
8.83959,0.0607147,9.24524,9.30595
8.85668,0.0556482,9.22106,9.27671
8.87383,0.0539757,9.25942,9.3134
8.89101,0.0481783,9.2925,9.34068
8.90824,0.049207,9.2364,9.28561
8.92551,0.0471436,9.27475,9.32189
8.94282,0.0440735,9.23107,9.27515
8.96018,0.0371469,9.27009,9.30724
8.97758,0.0363944,9.22421,9.2606
8.99502,0.029691,9.27689,9.30659
9.01251,0.0291898,9.2699,9.29909
9.03004,0.0258189,9.24967,9.27549
9.04762,0.0246024,9.3029,9.3275
9.06524,0.0212043,9.25237,9.27358
9.0829,0.0176249,9.25387,9.27149
9.10061,0.0163533,9.26684,9.28319
9.11836,0.0138156,9.24382,9.25763
9.13615,0.0143909,9.32397,9.33836
9.15399,0.0115876,9.30494,9.31653
9.17188,0.0110919,9.29249,9.30359
9.18981,0.00849222,9.25253,9.26102
9.20778,0.00804384,9.24786,9.2559
9.2258,0.00745542,9.28721,9.29467
9.24387,0.00682443,9.30879,9.31562
9.26198,0.00581145,9.31063,9.31644
9.28013,0.00302748,9.26428,9.26731
9.29833,0.00312542,9.25829,9.26141
9.31658,0.00168973,9.30784,9.30953
9.33487,0.00287256,9.318,9.32087
9.35321,0.0010802,9.30441,9.30549
9.37159,0.00194413,9.31075,9.31269
9.39002,0.00122102,9.3475,9.34872
9.40849,0.000837845,9.33437,9.33521
9.42702,0.000303578,9.32648,9.32678
9.44558,0.000413152,9.30426,9.30468
9.4642,0.000321363,9.28347,9.2838
9.48286,0.000218677,9.34898,9.3492
9.50156,0.000354181,9.32831,9.32867
9.52032,0.000190486,9.30875,9.30894
9.53912,0.00019136,9.26875,9.26895
9.55797,3.73658e-05,9.35647,9.35651
9.57686,0.000256189,9.30862,9.30888
9.5958,-1.86886e-05,9.3363,9.33628
9.61479,0.000139271,9.31669,9.31683
9.63383,-6.93007e-06,9.31096,9.31095
9.65292,1.65324e-05,9.2724,9.27242
9.67205,7.70202e-05,9.37089,9.37096
9.69123,4.54278e-05,9.34598,9.34603
9.71046,9.73493e-05,9.29341,9.29351
9.72973,0,9.33217,9.33217
9.74906,0,9.29759,9.29759
9.76843,0,9.36967,9.36967
9.78785,0,9.35737,9.35737
9.80732,0,9.33637,9.33637
9.82684,0,9.33574,9.33574
9.84641,0,9.32607,9.32607
9.86602,0,9.30399,9.30399
9.88569,0,9.34131,9.34131
9.9054,0,9.32417,9.32417
9.92516,0,9.31402,9.31402
9.94498,0,9.32462,9.32462
9.96484,0,9.32301,9.32301
9.98475,0,9.38544,9.38544
10.0047,0,9.37137,9.37137
10.0247,0,9.33784,9.33784
10.0447,0,9.37243,9.37243
10.0647,0,9.36067,9.36067
10.0847,0,9.3607,9.3607
10.1047,0,9.33782,9.33782
10.1247,0,9.36052,9.36052
10.1447,0,9.3759,9.3759
10.1647,0,9.35368,9.35368
10.1847,0,9.37262,9.37262
10.2047,0,9.36534,9.36534
10.2247,0,9.36338,9.36338
10.2447,0,9.37265,9.37265
10.2647,0,9.38598,9.38598
10.2847,0,9.36865,9.36865
10.3047,0,9.34356,9.34356
10.3247,0,9.33685,9.33685
10.3447,0,9.36191,9.36191
10.3647,0,9.40703,9.40703
10.3847,0,9.38448,9.38448
10.4047,0,9.33458,9.33458
10.4247,0,9.36965,9.36965
10.4447,0,9.38933,9.38933
10.4647,0,9.34057,9.34057
10.4847,0,9.40887,9.40887
10.5047,0,9.39688,9.39688
10.5247,0,9.37558,9.37558
10.5447,0,9.38797,9.38797
10.5647,0,9.39894,9.39894
10.5847,0,9.38316,9.38316
10.6047,0,9.37168,9.37168
10.6247,0,9.38511,9.38511
10.6447,0,9.36635,9.36635
10.6647,0,9.38952,9.38952
10.6847,0,9.36819,9.36819
10.7047,0,9.36809,9.36809
10.7247,0,9.37895,9.37895
10.7447,0,9.39575,9.39575
10.7647,0,9.42571,9.42571
10.7847,0,9.37849,9.37849
10.8047,0,9.36104,9.36104
10.8247,0,9.35765,9.35765
10.8447,0,9.37992,9.37992
10.8647,0,9.37171,9.37171
10.8847,0,9.42902,9.42902
10.9047,0,9.39694,9.39694
10.9247,0,9.40034,9.40034
10.9447,0,9.37363,9.37363
10.9647,0,9.39727,9.39727
10.9847,0,9.43858,9.43858
11.0047,0,9.43039,9.43039
11.0247,0,9.38477,9.38477
11.0447,0,9.43068,9.43068
11.0647,0,9.40247,9.40247
11.0847,0,9.37394,9.37394
11.1047,0,9.41829,9.41829
11.1247,0,9.40986,9.40986
11.1447,0,9.41346,9.41346
11.1647,0,9.43849,9.43849
11.1847,0,9.43436,9.43436
11.2047,0,9.36815,9.36815
11.2247,0,9.41143,9.41143
11.2447,0,9.36436,9.36436
11.2647,0,9.43627,9.43627
11.2847,0,9.41451,9.41451
11.3047,0,9.43876,9.43876
11.3247,0,9.44849,9.44849
11.3447,0,9.41691,9.41691
11.3647,0,9.40666,9.40666
11.3847,0,9.44271,9.44271
11.4047,0,9.37845,9.37845
11.4247,0,9.44962,9.44962
11.4447,0,9.41706,9.41706
11.4647,0,9.43691,9.43691
11.4847,0,9.40825,9.40825
11.5047,0,9.47895,9.47895
11.5247,0,9.43251,9.43251
11.5447,0,9.4508,9.4508
11.5647,0,9.42176,9.42176
11.5847,0,9.41211,9.41211
11.6047,0,9.41113,9.41113
11.6247,0,9.4587,9.4587
11.6447,0,9.45542,9.45542
11.6647,0,9.46763,9.46763
11.6847,0,9.47412,9.47412
11.7047,0,9.42761,9.42761
11.7247,0,9.39761,9.39761
11.7447,0,9.43562,9.43562
11.7647,0,9.48741,9.48741
11.7847,0,9.38844,9.38844
11.8047,0,9.48634,9.48634
11.8247,0,9.43895,9.43895
11.8447,0,9.46167,9.46167
11.8647,0,9.49067,9.49067
11.8847,0,9.47186,9.47186
11.9047,0,9.44481,9.44481
11.9247,0,9.47018,9.47018
11.9447,0,9.42858,9.42858
11.9647,0,9.43818,9.43818
11.9847,0,9.43515,9.43515
12.0047,0,9.47239,9.47239
12.0247,0,9.48556,9.48556
12.0447,0,9.416,9.416
12.0647,0,9.47157,9.47157
12.0847,0,9.48513,9.48513
12.1047,0,9.44927,9.44927
12.1247,0,9.4459,9.4459
12.1447,0,9.50937,9.50937
12.1647,0,9.46343,9.46343
12.1847,0,9.44218,9.44218
12.2047,0,9.44599,9.44599
12.2247,0,9.5084,9.5084
12.2447,0,9.5101,9.5101
12.2647,0,9.44444,9.44444
12.2847,0,9.44541,9.44541
12.3047,0,9.48435,9.48435
12.3247,0,9.46623,9.46623
12.3447,0,9.5036,9.5036
12.3647,0,9.54133,9.54133
12.3847,0,9.45104,9.45104
12.4047,0,9.49834,9.49834
12.4247,0,9.50911,9.50911
12.4447,0,9.44347,9.44347
12.4647,0,9.48894,9.48894
12.4847,0,9.50747,9.50747
12.5047,0,9.52893,9.52893
12.5247,0,9.5289,9.5289
12.5447,0,9.49023,9.49023
12.5647,0,9.47239,9.47239
12.5847,0,9.49909,9.49909
12.6047,0,9.50159,9.50159
12.6247,0,9.55612,9.55612
12.6447,0,9.527,9.527
12.6647,0,9.48606,9.48606
12.6847,0,9.52768,9.52768
12.7047,0,9.5142,9.5142
12.7247,0,9.50421,9.50421
12.7447,0,9.48378,9.48378
12.7647,0,9.47718,9.47718
12.7847,0,9.48691,9.48691
12.8047,0,9.49747,9.49747
12.8247,0,9.45227,9.45227
12.8447,0,9.48173,9.48173
12.8647,0,9.51766,9.51766
12.8847,0,9.49937,9.49937
12.9047,0,9.49152,9.49152
12.9247,0,9.46735,9.46735
12.9447,0,9.49474,9.49474
12.9647,0,9.48286,9.48286
12.9847,0,9.47244,9.47244
13.0047,0,9.53674,9.53674
13.0247,0,9.51546,9.51546
13.0447,0,9.50089,9.50089
13.0647,0,9.54085,9.54085
13.0847,0,9.49794,9.49794
13.1047,0,9.54107,9.54107
13.1247,0,9.52778,9.52778
13.1447,0,9.49224,9.49224
13.1647,0,9.53449,9.53449
13.1847,0,9.56866,9.56866
13.2047,0,9.54248,9.54248
13.2247,0,9.49359,9.49359
13.2447,0,9.51965,9.51965
13.2647,0,9.53914,9.53914
13.2847,0,9.53692,9.53692
13.3047,0,9.53172,9.53172
13.3247,0,9.51448,9.51448
13.3447,0,9.53158,9.53158
13.3647,0,9.54652,9.54652
13.3847,0,9.53555,9.53555
13.4047,0,9.53105,9.53105
13.4247,0,9.52271,9.52271
13.4447,0,9.5564,9.5564
13.4647,0,9.54286,9.54286
13.4847,0,9.54092,9.54092
13.5047,0,9.54776,9.54776
13.5247,0,9.52339,9.52339
13.5447,0,9.54897,9.54897
13.5647,0,9.53575,9.53575
13.5847,0,9.5542,9.5542
13.6047,0,9.52417,9.52417
13.6247,0,9.58679,9.58679
13.6447,0,9.54678,9.54678
13.6647,0,9.57715,9.57715
13.6847,0,9.56286,9.56286
13.7047,0,9.59131,9.59131
13.7247,0,9.54016,9.54016
13.7447,0,9.57479,9.57479
13.7647,0,9.57835,9.57835
13.7847,0,9.52726,9.52726
13.8047,0,9.55386,9.55386
13.8247,0,9.52537,9.52537
13.8447,0,9.5547,9.5547
13.8647,0,9.59494,9.59494
13.8847,0,9.55726,9.55726
13.9047,0,9.54404,9.54404
13.9247,0,9.57649,9.57649
13.9447,0,9.55533,9.55533
13.9647,0,9.57151,9.57151
13.9847,0,9.55277,9.55277
14.0047,0,9.59419,9.59419
14.0247,0,9.55392,9.55392
14.0447,0,9.60724,9.60724
14.0647,0,9.57405,9.57405
14.0847,0,9.56548,9.56548
14.1047,0,9.60632,9.60632
14.1247,0,9.58418,9.58418
14.1447,0,9.56531,9.56531
14.1647,0,9.60575,9.60575
14.1847,0,9.61972,9.61972
14.2047,0,9.6041,9.6041
14.2247,0,9.56954,9.56954
14.2447,0,9.60262,9.60262
14.2647,0,9.603,9.603
14.2847,0,9.54904,9.54904
14.3047,0,9.57836,9.57836
14.3247,0,9.60581,9.60581
14.3447,0,9.62453,9.62453
14.3647,0,9.5954,9.5954
14.3847,0,9.54538,9.54538
14.4047,0,9.57151,9.57151
14.4247,0,9.60373,9.60373
14.4447,0,9.59541,9.59541
14.4647,0,9.62006,9.62006
14.4847,0,9.59847,9.59847
14.5047,0,9.62611,9.62611
14.5247,0,9.5501,9.5501
14.5447,0,9.60083,9.60083
14.5647,0,9.57367,9.57367
14.5847,0,9.62971,9.62971
14.6047,0,9.60695,9.60695
14.6247,0,9.5867,9.5867
14.6447,0,9.59473,9.59473
14.6647,0,9.57147,9.57147
14.6847,0,9.61289,9.61289
14.7047,0,9.59114,9.59114
14.7247,0,9.62585,9.62585
14.7447,0,9.62114,9.62114
14.7647,0,9.56224,9.56224
14.7847,0,9.60545,9.60545
14.8047,0,9.56158,9.56158
14.8247,0,9.61646,9.61646
14.8447,0,9.59481,9.59481
14.8647,0,9.58571,9.58571
14.8847,0,9.65342,9.65342
14.9047,0,9.60612,9.60612
14.9247,0,9.62749,9.62749
14.9447,0,9.62733,9.62733
14.9647,0,9.61067,9.61067
14.9847,0,9.63155,9.63155
15.0047,0,9.62715,9.62715
15.0247,0,9.65549,9.65549
15.0447,0,9.61038,9.61038
15.0647,0,9.62454,9.62454
15.0847,0,9.61088,9.61088
15.1047,0,9.64929,9.64929
15.1247,0,9.6145,9.6145
15.1447,0,9.66186,9.66186
15.1647,0,9.64977,9.64977
15.1847,0,9.63532,9.63532
15.2047,0,9.60499,9.60499
15.2247,0,9.6797,9.6797
15.2447,0,9.67699,9.67699
15.2647,0,9.68012,9.68012
15.2847,0,9.61363,9.61363
15.3047,0,9.67093,9.67093
15.3247,0,9.65352,9.65352
15.3447,0,9.63027,9.63027
15.3647,0,9.64722,9.64722
15.3847,0,9.68381,9.68381
15.4047,0,9.6463,9.6463
15.4247,0,9.63524,9.63524
15.4447,0,9.68854,9.68854
15.4647,0,9.65074,9.65074
15.4847,0,9.64422,9.64422
15.5047,0,9.60072,9.60072
15.5247,0,9.62653,9.62653
15.5447,0,9.62644,9.62644
15.5647,0,9.61149,9.61149
15.5847,0,9.63401,9.63401
15.6047,0,9.66725,9.66725
15.6247,0,9.63588,9.63588
15.6447,0,9.67636,9.67636
15.6647,0,9.66717,9.66717
15.6847,0,9.66603,9.66603
15.7047,0,9.67475,9.67475
15.7247,0,9.65211,9.65211
15.7447,0,9.67167,9.67167
15.7647,0,9.6683,9.6683
15.7847,0,9.64721,9.64721
15.8047,0,9.64346,9.64346
15.8247,0,9.68098,9.68098
15.8447,0,9.66584,9.66584
15.8647,0,9.68412,9.68412
15.8847,0,9.63966,9.63966
15.9047,0,9.71327,9.71327
15.9247,0,9.67169,9.67169
15.9447,0,9.67915,9.67915
15.9647,0,9.71602,9.71602
15.9847,0,9.64173,9.64173
16.0047,0,9.69899,9.69899
16.0247,0,9.67462,9.67462
16.0447,0,9.72133,9.72133
16.0647,0,9.71017,9.71017
16.0847,0,9.6775,9.6775
16.1047,0,9.72311,9.72311
16.1247,0,9.67554,9.67554
16.1447,0,9.69271,9.69271
16.1647,0,9.66553,9.66553
16.1847,0,9.68092,9.68092
16.2047,0,9.72361,9.72361
16.2247,0,9.70386,9.70386
16.2447,0,9.66462,9.66462
16.2647,0,9.67841,9.67841
16.2847,0,9.68264,9.68264
16.3047,0,9.69421,9.69421
16.3247,0,9.69673,9.69673
16.3447,0,9.70654,9.70654
16.3647,0,9.69841,9.69841
16.3847,0,9.69105,9.69105
16.4047,0,9.68718,9.68718
16.4247,0,9.70931,9.70931
16.4447,0,9.69231,9.69231
16.4647,0,9.73205,9.73205
16.4847,0,9.66428,9.66428
16.5047,0,9.68667,9.68667
16.5247,0,9.70636,9.70636
16.5447,0,9.69222,9.69222
16.5647,0,9.71251,9.71251
16.5847,0,9.72225,9.72225
16.6047,0,9.71622,9.71622
16.6247,0,9.67998,9.67998
16.6447,0,9.74499,9.74499
16.6647,0,9.72303,9.72303
16.6847,0,9.70749,9.70749
16.7047,0,9.74847,9.74847
16.7247,0,9.72276,9.72276
16.7447,0,9.71686,9.71686
16.7647,0,9.68702,9.68702
16.7847,0,9.69862,9.69862
16.8047,0,9.7621,9.7621
16.8247,0,9.74029,9.74029
16.8447,0,9.75553,9.75553
16.8647,0,9.72992,9.72992
16.8847,0,9.70802,9.70802
16.9047,0,9.74102,9.74102
16.9247,0,9.67777,9.67777
16.9447,0,9.71901,9.71901
16.9647,0,9.69073,9.69073
16.9847,0,9.71373,9.71373
17.0047,0,9.72377,9.72377
17.0247,0,9.71385,9.71385
17.0447,0,9.74719,9.74719
17.0647,0,9.71885,9.71885
17.0847,0,9.74806,9.74806
17.1047,0,9.74255,9.74255
17.1247,0,9.76182,9.76182
17.1447,0,9.70669,9.70669
17.1647,0,9.76079,9.76079
17.1847,0,9.72042,9.72042
17.2047,0,9.75833,9.75833
17.2247,0,9.69675,9.69675
17.2447,0,9.72908,9.72908
17.2647,0,9.75151,9.75151
17.2847,0,9.76557,9.76557
17.3047,0,9.72624,9.72624
17.3247,0,9.77007,9.77007
17.3447,0,9.80249,9.80249
17.3647,0,9.76685,9.76685
17.3847,0,9.74526,9.74526
17.4047,0,9.75747,9.75747
17.4247,0,9.72348,9.72348
17.4447,0,9.75939,9.75939
17.4647,0,9.75459,9.75459
17.4847,0,9.76331,9.76331
17.5047,0,9.72433,9.72433
17.5247,0,9.73219,9.73219
17.5447,0,9.78995,9.78995
17.5647,0,9.74707,9.74707
17.5847,0,9.79497,9.79497
17.6047,0,9.76105,9.76105
17.6247,0,9.75714,9.75714
17.6447,0,9.75334,9.75334
17.6647,0,9.78193,9.78193
17.6847,0,9.77773,9.77773
17.7047,0,9.78361,9.78361
17.7247,0,9.77573,9.77573
17.7447,0,9.81148,9.81148
17.7647,0,9.75715,9.75715
17.7847,0,9.75433,9.75433
17.8047,0,9.77337,9.77337
17.8247,0,9.78984,9.78984
17.8447,0,9.75953,9.75953
17.8647,0,9.76839,9.76839
17.8847,0,9.75592,9.75592
17.9047,0,9.77834,9.77834
17.9247,0,9.78519,9.78519
17.9447,0,9.78846,9.78846
17.9647,0,9.7631,9.7631
17.9847,0,9.80532,9.80532
18.0047,0,9.79416,9.79416
18.0247,0,9.83198,9.83198
18.0447,0,9.77716,9.77716
18.0647,0,9.78869,9.78869
18.0847,0,9.7761,9.7761
18.1047,0,9.79344,9.79344
18.1247,0,9.79553,9.79553
18.1447,0,9.80908,9.80908
18.1647,0,9.78673,9.78673
18.1847,0,9.77884,9.77884
18.2047,0,9.81005,9.81005
18.2247,0,9.82662,9.82662
18.2447,0,9.78902,9.78902
18.2647,0,9.79514,9.79514
18.2847,0,9.82758,9.82758
18.3047,0,9.79018,9.79018
18.3247,0,9.80535,9.80535
18.3447,0,9.77171,9.77171
18.3647,0,9.78276,9.78276
18.3847,0,9.79821,9.79821
18.4047,0,9.79515,9.79515
18.4247,0,9.85053,9.85053
18.4447,0,9.81918,9.81918
18.4647,0,9.79957,9.79957
18.4847,0,9.80727,9.80727
18.5047,0,9.80183,9.80183
18.5247,0,9.79999,9.79999
18.5447,0,9.8513,9.8513
18.5647,0,9.82644,9.82644
18.5847,0,9.83275,9.83275
18.6047,0,9.82844,9.82844
18.6247,0,9.79233,9.79233
18.6447,0,9.84912,9.84912
18.6647,0,9.80891,9.80891
18.6847,0,9.80227,9.80227
18.7047,0,9.85136,9.85136
18.7247,0,9.85339,9.85339
18.7447,0,9.8328,9.8328
18.7647,0,9.8469,9.8469
18.7847,0,9.84779,9.84779
18.8047,0,9.78679,9.78679
18.8247,0,9.82708,9.82708
18.8447,0,9.81996,9.81996
18.8647,0,9.83294,9.83294
18.8847,0,9.80518,9.80518
18.9047,0,9.86638,9.86638
18.9247,0,9.8208,9.8208
18.9447,0,9.82371,9.82371
18.9647,0,9.84969,9.84969
18.9847,0,9.84455,9.84455
19.0047,0,9.80668,9.80668
19.0247,0,9.83568,9.83568
19.0447,0,9.81617,9.81617
19.0647,0,9.79635,9.79635
19.0847,0,9.84219,9.84219
19.1047,0,9.81562,9.81562
19.1247,0,9.83253,9.83253
19.1447,0,9.81942,9.81942
19.1647,0,9.81467,9.81467
19.1847,0,9.81566,9.81566
19.2047,0,9.86148,9.86148
19.2247,0,9.83697,9.83697
19.2447,0,9.78629,9.78629
19.2647,0,9.86093,9.86093
19.2847,0,9.84192,9.84192
19.3047,0,9.77587,9.77587
19.3247,0,9.85886,9.85886
19.3447,0,9.81878,9.81878
19.3647,0,9.81434,9.81434
19.3847,0,9.80505,9.80505
19.4047,0,9.83745,9.83745
19.4247,0,9.80383,9.80383
19.4447,0,9.76485,9.76485
19.4647,0,9.75456,9.75456
19.4847,0,9.76793,9.76793
19.5047,0,9.77458,9.77458
19.5247,0,9.73183,9.73183
19.5447,0,9.79358,9.79358
19.5647,0,9.8155,9.8155
19.5847,0,9.75552,9.75552
19.6047,0,9.76789,9.76789
19.6247,0,9.75494,9.75494
19.6447,0,9.74426,9.74426
19.6647,0,9.72577,9.72577
19.6847,0,9.74309,9.74309
19.7047,0,9.76291,9.76291
19.7247,0,9.76856,9.76856
19.7447,0,9.72479,9.72479
19.7647,0,9.73141,9.73141
19.7847,0,9.73553,9.73553
19.8047,0,9.73943,9.73943
19.8247,0,9.69052,9.69052
19.8447,0,9.74641,9.74641
19.8647,0,9.74063,9.74063
19.8847,0,9.68149,9.68149
19.9047,0,9.6765,9.6765
19.9247,0,9.70495,9.70495
19.9447,0,9.66921,9.66921
19.9647,0,9.73261,9.73261
19.9847,0,9.70542,9.70542
20.0047,0,9.68797,9.68797
20.0247,0,9.68011,9.68011
20.0447,0,9.68708,9.68708
20.0647,0,9.62383,9.62383
20.0847,0,9.64396,9.64396
20.1047,0,9.64739,9.64739
20.1247,0,9.66698,9.66698
20.1447,0,9.62042,9.62042
20.1647,0,9.64835,9.64835
20.1847,0,9.61257,9.61257
20.2047,0,9.63919,9.63919
20.2247,0,9.62074,9.62074
20.2447,0,9.6312,9.6312
20.2647,0,9.61464,9.61464
20.2847,0,9.61835,9.61835
20.3047,0,9.61968,9.61968
20.3247,0,9.59972,9.59972
20.3447,0,9.58259,9.58259
20.3647,0,9.5936,9.5936
20.3847,0,9.55457,9.55457
20.4047,0,9.53628,9.53628
20.4247,0,9.5198,9.5198
20.4447,0,9.55986,9.55986
20.4647,0,9.58807,9.58807
20.4847,0,9.53287,9.53287
20.5047,0,9.50754,9.50754
20.5247,0,9.49123,9.49123
20.5447,0,9.49633,9.49633
20.5647,0,9.51898,9.51898
20.5847,0,9.53353,9.53353
20.6047,0,9.45346,9.45346
20.6247,0,9.45994,9.45994
20.6447,0,9.47237,9.47237
20.6647,0,9.48955,9.48955
20.6847,0,9.38878,9.38878
20.7047,0,9.41174,9.41174
20.7247,0,9.4235,9.4235
20.7447,0,9.4461,9.4461
20.7647,0,9.39254,9.39254
20.7847,0,9.36889,9.36889
20.8047,0,9.44697,9.44697
20.8247,0,9.40874,9.40874
20.8447,0,9.37908,9.37908
20.8647,0,9.42388,9.42388
20.8847,0,9.38106,9.38106
20.9047,0,9.33344,9.33344
20.9247,0,9.33042,9.33042
20.9447,0,9.33965,9.33965
20.9647,0,9.3251,9.3251
20.9847,0,9.3115,9.3115
21.0047,0,9.29672,9.29672
21.0247,0,9.31905,9.31905
21.0447,0,9.29264,9.29264
21.0647,0,9.28977,9.28977
21.0847,0,9.26528,9.26528
21.1047,0,9.27336,9.27336
21.1247,0,9.25598,9.25598
21.1447,0,9.2069,9.2069
21.1647,0,9.24336,9.24336
21.1847,0,9.19664,9.19664
21.2047,0,9.19462,9.19462
21.2247,0,9.20863,9.20863
21.2447,0,9.18882,9.18882
21.2647,0,9.18815,9.18815
21.2847,0,9.1677,9.1677
21.3047,0,9.19006,9.19006
21.3247,0,9.16074,9.16074
21.3447,0,9.1326,9.1326
21.3647,0,9.12286,9.12286
21.3847,0,9.09613,9.09613
21.4047,0,9.09041,9.09041
21.4247,0,9.09134,9.09134
21.4447,0,9.10607,9.10607
21.4647,0,9.08057,9.08057
21.4847,0,9.07345,9.07345
21.5047,0,9.02076,9.02076
21.5247,0,9.07623,9.07623
21.5447,0,9.04231,9.04231
21.5647,0,9.03023,9.03023
21.5847,0,9.05045,9.05045
21.6047,0,9.05328,9.05328
21.6247,0,8.98784,8.98784
21.6447,0,9.00506,9.00506
21.6647,0,8.99767,8.99767
21.6847,0,8.94173,8.94173
21.7047,0,8.94178,8.94178
21.7247,0,8.92126,8.92126
21.7447,0,8.89748,8.89748
21.7647,0,8.8988,8.8988
21.7847,0,8.91782,8.91782
21.8047,0,8.87271,8.87271
21.8247,0,8.88922,8.88922
21.8447,0,8.8102,8.8102
21.8647,0,8.82269,8.82269
21.8847,0,8.79639,8.79639
21.9047,0,8.79655,8.79655
21.9247,0,8.82908,8.82908
21.9447,0,8.78823,8.78823
21.9647,0,8.7638,8.7638
21.9847,0,8.78749,8.78749
22.0047,0,8.77021,8.77021
22.0247,0,8.70656,8.70656
22.0447,0,8.7387,8.7387
22.0647,0,8.7193,8.7193
22.0847,0,8.70989,8.70989
22.1047,0,8.69617,8.69617
22.1247,0,8.65121,8.65121
22.1447,0,8.66811,8.66811
22.1647,0,8.63802,8.63802
22.1847,0,8.62899,8.62899
22.2047,0,8.58844,8.58844
22.2247,0,8.60704,8.60704
22.2447,0,8.56731,8.56731
22.2647,0,8.56626,8.56626
22.2847,0,8.54626,8.54626
22.3047,0,8.53024,8.53024
22.3247,0,8.50941,8.50941
22.3447,0,8.50134,8.50134
22.3647,0,8.54779,8.54779
22.3847,0,8.4976,8.4976
22.4047,0,8.49655,8.49655
22.4247,0,8.50267,8.50267
22.4447,0,8.45443,8.45443
22.4647,0,8.43201,8.43201
22.4847,0,8.45296,8.45296
22.5047,0,8.38807,8.38807
22.5247,0,8.3983,8.3983
22.5447,0,8.37335,8.37335
22.5647,0,8.35778,8.35778
22.5847,0,8.38407,8.38407
22.6047,0,8.34058,8.34058
22.6247,0,8.31976,8.31976
22.6447,0,8.33751,8.33751
22.6647,0,8.3105,8.3105
22.6847,0,8.28377,8.28377
22.7047,0,8.26483,8.26483
22.7247,0,8.24541,8.24541
22.7447,0,8.2328,8.2328
22.7647,0,8.23693,8.23693
22.7847,0,8.21252,8.21252
22.8047,0,8.174,8.174
22.8247,0,8.2061,8.2061
22.8447,0,8.18562,8.18562
22.8647,0,8.14217,8.14217
22.8847,0,8.12378,8.12378
22.9047,0,8.1318,8.1318
22.9247,0,8.13216,8.13216
22.9447,0,8.12283,8.12283
22.9647,0,8.10278,8.10278
22.9847,0,8.06574,8.06574
23.0047,0,8.07319,8.07319
23.0247,0,8.06098,8.06098
23.0447,0,7.99832,7.99832
23.0647,0,8.00458,8.00458
23.0847,0,8.00896,8.00896
23.1047,0,7.97339,7.97339
23.1247,0,7.9708,7.9708
23.1447,0,8.01007,8.01007
23.1647,0,7.94664,7.94664
23.1847,0,7.91799,7.91799
23.2047,0,7.87861,7.87861
23.2247,0,7.90226,7.90226
23.2447,0,7.87615,7.87615
23.2647,0,7.86013,7.86013
23.2847,0,7.86244,7.86244
23.3047,0,7.8212,7.8212
23.3247,0,7.84028,7.84028
23.3447,0,7.79383,7.79383
23.3647,0,7.80122,7.80122
23.3847,0,7.7767,7.7767
23.4047,0,7.73962,7.73962
23.4247,0,7.73046,7.73046
23.4447,0,7.73896,7.73896
23.4647,0,7.70152,7.70152
23.4847,0,7.71498,7.71498
23.5047,0,7.69981,7.69981
23.5247,0,7.6897,7.6897
23.5447,0,7.63367,7.63367
23.5647,0,7.66584,7.66584
23.5847,0,7.6329,7.6329
23.6047,0,7.6105,7.6105
23.6247,0,7.5646,7.5646
23.6447,0,7.58488,7.58488
23.6647,0,7.51364,7.51364
23.6847,0,7.5282,7.5282
23.7047,0,7.53506,7.53506
23.7247,0,7.52308,7.52308
23.7447,0,7.51382,7.51382
23.7647,0,7.48742,7.48742
23.7847,0,7.48777,7.48777
23.8047,0,7.42509,7.42509
23.8247,0,7.45497,7.45497
23.8447,0,7.40636,7.40636
23.8647,0,7.40893,7.40893
23.8847,0,7.41632,7.41632
23.9047,0,7.35324,7.35324
23.9247,0,7.37832,7.37832
23.9447,0,7.3547,7.3547
23.9647,0,7.32886,7.32886
23.9847,0,7.30871,7.30871
24.0047,0,7.25111,7.25111
24.0247,0,7.2599,7.2599
24.0447,0,7.27249,7.27249
24.0647,0,7.23753,7.23753
24.0847,0,7.23722,7.23722
24.1047,0,7.23122,7.23122
24.1247,0,7.20494,7.20494
24.1447,0,7.19466,7.19466
24.1647,0,7.17096,7.17096
24.1847,0,7.18735,7.18735
24.2047,0,7.15725,7.15725
24.2247,0,7.15055,7.15055
24.2447,0,7.07878,7.07878
24.2647,0,7.1341,7.1341
24.2847,0,7.06335,7.06335
24.3047,0,7.0965,7.0965
24.3247,0,7.03115,7.03115
24.3447,0,7.04372,7.04372
24.3647,0,7.0126,7.0126
24.3847,0,7.01644,7.01644
24.4047,0,6.95422,6.95422
24.4247,0,6.96818,6.96818
24.4447,0,6.93097,6.93097
24.4647,0,6.92204,6.92204
24.4847,0,6.91996,6.91996
24.5047,0,6.89188,6.89188
24.5247,0,6.85713,6.85713
24.5447,0,6.87926,6.87926
24.5647,0,6.88532,6.88532
24.5847,0,6.84628,6.84628
24.6047,0,6.83711,6.83711
24.6247,0,6.78456,6.78456
24.6447,0,6.77306,6.77306
24.6647,0,6.74035,6.74035
24.6847,0,6.78063,6.78063
24.7047,0,6.72823,6.72823
24.7247,0,6.7175,6.7175
24.7447,0,6.70362,6.70362
24.7647,0,6.69681,6.69681
24.7847,0,6.6646,6.6646
24.8047,0,6.63791,6.63791
24.8247,0,6.65001,6.65001
24.8447,0,6.62934,6.62934
24.8647,0,6.61928,6.61928
24.8847,0,6.60975,6.60975
24.9047,0,6.55872,6.55872
24.9247,0,6.56359,6.56359
24.9447,0,6.53942,6.53942
24.9647,0,6.53845,6.53845
24.9847,0,6.48607,6.48607
25.0047,0,6.49566,6.49566
25.0247,0,6.45996,6.45996
25.0447,0,6.47657,6.47657
25.0647,0,6.43277,6.43277
25.0847,0,6.41671,6.41671
25.1047,0,6.42007,6.42007
25.1247,0,6.37082,6.37082
25.1447,0,6.37186,6.37186
25.1647,0,6.36393,6.36393
25.1847,0,6.35012,6.35012
25.2047,0,6.32968,6.32968
25.2247,0,6.31256,6.31256
25.2447,0,6.31506,6.31506
25.2647,0,6.25418,6.25418
25.2847,0,6.23927,6.23927
25.3047,0,6.24959,6.24959
25.3247,0,6.24537,6.24537
25.3447,0,6.2141,6.2141
25.3647,0,6.18842,6.18842
25.3847,0,6.15283,6.15283
25.4047,0,6.18253,6.18253
25.4247,0,6.12324,6.12324
25.4447,0,6.12791,6.12791
25.4647,0,6.13378,6.13378
25.4847,0,6.06174,6.06174
25.5047,0,6.04685,6.04685
25.5247,0,6.0372,6.0372
25.5447,0,6.03538,6.03538
25.5647,0,6.0314,6.0314
25.5847,0,5.97341,5.97341
25.6047,0,5.99431,5.99431
25.6247,0,5.98482,5.98482
25.6447,0,5.95606,5.95606
25.6647,0,5.945,5.945
25.6847,0,5.93681,5.93681
25.7047,0,5.93372,5.93372
25.7247,0,5.90445,5.90445
25.7447,0,5.87625,5.87625
25.7647,0,5.84224,5.84224
25.7847,0,5.80303,5.80303
25.8047,0,5.81531,5.81531
25.8247,0,5.79801,5.79801
25.8447,0,5.79326,5.79326
25.8647,0,5.76743,5.76743
25.8847,0,5.75961,5.75961
25.9047,0,5.71511,5.71511
25.9247,0,5.7574,5.7574
25.9447,0,5.70723,5.70723
25.9647,0,5.68679,5.68679
25.9847,0,5.66886,5.66886
26.0047,0,5.66115,5.66115
26.0247,0,5.66362,5.66362
26.0447,0,5.64029,5.64029
26.0647,0,5.65944,5.65944
26.0847,0,5.5973,5.5973
26.1047,0,5.58248,5.58248
26.1247,0,5.58094,5.58094
26.1447,0,5.5552,5.5552
26.1647,0,5.53323,5.53323
26.1847,0,5.53213,5.53213
26.2047,0,5.47086,5.47086
26.2247,0,5.48261,5.48261
26.2447,0,5.4517,5.4517
26.2647,0,5.42723,5.42723
26.2847,0,5.41598,5.41598
26.3047,0,5.42597,5.42597
26.3247,0,5.40922,5.40922
26.3447,0,5.38452,5.38452
26.3647,0,5.39167,5.39167
26.3847,0,5.32043,5.32043
26.4047,0,5.38886,5.38886
26.4247,0,5.33591,5.33591
26.4447,0,5.3071,5.3071
26.4647,0,5.30802,5.30802
26.4847,0,5.29554,5.29554
26.5047,0,5.28301,5.28301
26.5247,0,5.2488,5.2488
26.5447,0,5.25421,5.25421
26.5647,0,5.21533,5.21533
26.5847,0,5.2025,5.2025
26.6047,0,5.18239,5.18239
26.6247,0,5.162,5.162
26.6447,0,5.14748,5.14748
26.6647,0,5.168,5.168
26.6847,0,5.12958,5.12958
26.7047,0,5.11148,5.11148
26.7247,0,5.09895,5.09895
26.7447,0,5.06734,5.06734
26.7647,0,5.09724,5.09724
26.7847,0,5.0504,5.0504
26.8047,0,5.01567,5.01567
26.8247,0,5.00975,5.00975
26.8447,0,5.02097,5.02097
26.8647,0,4.94374,4.94374
26.8847,0,4.94769,4.94769
26.9047,0,4.94249,4.94249
26.9247,0,4.95508,4.95508
26.9447,0,4.89848,4.89848
26.9647,0,4.90371,4.90371
26.9847,0,4.88427,4.88427
27.0047,0,4.91369,4.91369
27.0247,0,4.86317,4.86317
27.0447,0,4.85257,4.85257
27.0647,0,4.82199,4.82199
27.0847,0,4.78546,4.78546
27.1047,0,4.7848,4.7848
27.1247,0,4.77323,4.77323
27.1447,0,4.77147,4.77147
27.1647,0,4.74976,4.74976
27.1847,0,4.71984,4.71984
27.2047,0,4.74317,4.74317
27.2247,0,4.66682,4.66682
27.2447,0,4.67011,4.67011
27.2647,0,4.64545,4.64545
27.2847,0,4.67015,4.67015
27.3047,0,4.61857,4.61857
27.3247,0,4.62451,4.62451
27.3447,0,4.61203,4.61203
27.3647,0,4.56176,4.56176
27.3847,0,4.54543,4.54543
27.4047,0,4.55057,4.55057
27.4247,0,4.54601,4.54601
27.4447,0,4.50349,4.50349
27.4647,0,4.52847,4.52847
27.4847,0,4.49175,4.49175
27.5047,0,4.50012,4.50012
27.5247,0,4.45248,4.45248
27.5447,0,4.43472,4.43472
27.5647,0,4.44665,4.44665
27.5847,0,4.41345,4.41345
27.6047,0,4.41511,4.41511
27.6247,0,4.38899,4.38899
27.6447,0,4.37633,4.37633
27.6647,0,4.3833,4.3833
27.6847,0,4.31897,4.31897
27.7047,0,4.33842,4.33842
27.7247,0,4.32001,4.32001
27.7447,0,4.2726,4.2726
27.7647,0,4.26588,4.26588
27.7847,0,4.2524,4.2524
27.8047,0,4.24728,4.24728
27.8247,0,4.25147,4.25147
27.8447,0,4.17778,4.17778
27.8647,0,4.18983,4.18983
27.8847,0,4.17617,4.17617
27.9047,0,4.15816,4.15816
27.9247,0,4.13738,4.13738
27.9447,0,4.12022,4.12022
27.9647,0,4.13595,4.13595
27.9847,0,4.11201,4.11201
28.0047,0,4.07597,4.07597
28.0247,0,4.07542,4.07542
28.0447,0,4.07763,4.07763
28.0647,0,4.02606,4.02606
28.0847,0,4.0125,4.0125
28.1047,0,4.03779,4.03779
28.1247,0,4.0047,4.0047
28.1447,0,3.99773,3.99773
28.1647,0,3.93995,3.93995
28.1847,0,3.96535,3.96535
28.2047,0,3.93263,3.93263
28.2247,0,3.93836,3.93836
28.2447,0,3.93642,3.93642
28.2647,0,3.89516,3.89516
28.2847,0,3.89722,3.89722
28.3047,0,3.83416,3.83416
28.3247,0,3.82826,3.82826
28.3447,0,3.85202,3.85202
28.3647,0,3.84297,3.84297
28.3847,0,3.83468,3.83468
28.4047,0,3.77469,3.77469
28.4247,0,3.75864,3.75864
28.4447,0,3.7485,3.7485
28.4647,0,3.77567,3.77567
28.4847,0,3.71463,3.71463
28.5047,0,3.70866,3.70866
28.5247,0,3.70484,3.70484
28.5447,0,3.67606,3.67606
28.5647,0,3.64289,3.64289
28.5847,0,3.65976,3.65976
28.6047,0,3.65891,3.65891
28.6247,0,3.62728,3.62728
28.6447,0,3.63389,3.63389
28.6647,0,3.59385,3.59385
28.6847,0,3.56299,3.56299
28.7047,0,3.57924,3.57924
28.7247,0,3.53883,3.53883
28.7447,0,3.5548,3.5548
28.7647,0,3.51151,3.51151
28.7847,0,3.51022,3.51022
28.8047,0,3.49654,3.49654
28.8247,0,3.476,3.476
28.8447,0,3.49598,3.49598
28.8647,0,3.4658,3.4658
28.8847,0,3.44415,3.44415
28.9047,0,3.43613,3.43613
28.9247,0,3.40168,3.40168
28.9447,0,3.39283,3.39283
28.9647,0,3.3935,3.3935
28.9847,0,3.35549,3.35549
29.0047,0,3.35745,3.35745
29.0247,0,3.33221,3.33221
29.0447,0,3.31632,3.31632
29.0647,0,3.29584,3.29584
29.0847,0,3.31021,3.31021
29.1047,0,3.24998,3.24998
29.1247,0,3.28152,3.28152
29.1447,0,3.25883,3.25883
29.1647,0,3.23341,3.23341
29.1847,0,3.20344,3.20344
29.2047,0,3.22478,3.22478
29.2247,0,3.20889,3.20889
29.2447,0,3.1971,3.1971
29.2647,0,3.18739,3.18739
29.2847,0,3.18556,3.18556
29.3047,0,3.14161,3.14161
29.3247,0,3.131,3.131
29.3447,0,3.13558,3.13558
29.3647,0,3.10355,3.10355
29.3847,0,3.12556,3.12556
29.4047,0,3.09307,3.09307
29.4247,0,3.05397,3.05397
29.4447,0,3.03595,3.03595
29.4647,0,3.02573,3.02573
29.4847,0,3.02065,3.02065
29.5047,0,3.0169,3.0169
29.5247,0,2.99175,2.99175
29.5447,0,2.95639,2.95639
29.5647,0,2.98981,2.98981
29.5847,0,2.94841,2.94841
29.6047,0,2.9359,2.9359
29.6247,0,2.90505,2.90505
29.6447,0,2.92367,2.92367
29.6647,0,2.89495,2.89495
29.6847,0,2.89267,2.89267
29.7047,0,2.86331,2.86331
29.7247,0,2.87673,2.87673
29.7447,0,2.86621,2.86621
29.7647,0,2.83925,2.83925
29.7847,0,2.80263,2.80263
29.8047,0,2.83577,2.83577
29.8247,0,2.79773,2.79773
29.8447,0,2.78339,2.78339
29.8647,0,2.80052,2.80052
29.8847,0,2.7588,2.7588
29.9047,0,2.74947,2.74947
29.9247,0,2.72191,2.72191
29.9447,0,2.70805,2.70805
29.9647,0,2.69557,2.69557
29.9847,0,2.7202,2.7202
30.0047,0,2.68681,2.68681
30.0247,0,2.6464,2.6464
30.0447,0,2.66969,2.66969
30.0647,0,2.6553,2.6553
30.0847,0,2.61788,2.61788
30.1047,0,2.62277,2.62277
30.1247,0,2.58966,2.58966
30.1447,0,2.58057,2.58057
30.1647,0,2.55722,2.55722
30.1847,0,2.55182,2.55182
30.2047,0,2.5505,2.5505
30.2247,0,2.55133,2.55133
30.2447,0,2.53608,2.53608
30.2647,0,2.52726,2.52726
30.2847,0,2.482,2.482
30.3047,0,2.48659,2.48659
30.3247,0,2.4735,2.4735
30.3447,0,2.4837,2.4837
30.3647,0,2.45465,2.45465
30.3847,0,2.43637,2.43637
30.4047,0,2.4361,2.4361
30.4247,0,2.4231,2.4231
30.4447,0,2.38445,2.38445
30.4647,0,2.3903,2.3903
30.4847,0,2.3757,2.3757
30.5047,0,2.38121,2.38121
30.5247,0,2.35712,2.35712
30.5447,0,2.34468,2.34468
30.5647,0,2.31401,2.31401
30.5847,0,2.3125,2.3125
30.6047,0,2.29513,2.29513
30.6247,0,2.29984,2.29984
30.6447,0,2.2678,2.2678
30.6647,0,2.29075,2.29075
30.6847,0,2.25915,2.25915
30.7047,0,2.22376,2.22376
30.7247,0,2.22668,2.22668
30.7447,0,2.22884,2.22884
30.7647,0,2.211,2.211
30.7847,0,2.20971,2.20971
30.8047,0,2.18098,2.18098
30.8247,0,2.17924,2.17924
30.8447,0,2.16944,2.16944
30.8647,0,2.15783,2.15783
30.8847,0,2.12559,2.12559
30.9047,0,2.11607,2.11607
30.9247,0,2.10676,2.10676
30.9447,0,2.09623,2.09623
30.9647,0,2.07897,2.07897
30.9847,0,2.05795,2.05795
31.0047,0,2.05693,2.05693
31.0247,0,2.02365,2.02365
31.0447,0,2.03591,2.03591
31.0647,0,2.03819,2.03819
31.0847,0,2.02727,2.02727
31.1047,0,2.01232,2.01232
31.1247,0,1.99973,1.99973
31.1447,0,1.98664,1.98664
31.1647,0,1.95718,1.95718
31.1847,0,1.95744,1.95744
31.2047,0,1.93358,1.93358
31.2247,0,1.94008,1.94008
31.2447,0,1.91988,1.91988
31.2647,0,1.90172,1.90172
31.2847,0,1.89559,1.89559
31.3047,0,1.8908,1.8908
31.3247,0,1.88183,1.88183
31.3447,0,1.89037,1.89037
31.3647,0,1.85734,1.85734
31.3847,0,1.85156,1.85156
31.4047,0,1.83266,1.83266
31.4247,0,1.81899,1.81899
31.4447,0,1.83051,1.83051
31.4647,0,1.80806,1.80806
31.4847,0,1.79591,1.79591
31.5047,0,1.77427,1.77427
31.5247,0,1.76029,1.76029
31.5447,0,1.75973,1.75973
31.5647,0,1.73881,1.73881
31.5847,0,1.73982,1.73982
31.6047,0,1.70502,1.70502
31.6247,0,1.69765,1.69765
31.6447,0,1.68672,1.68672
31.6647,0,1.69342,1.69342
31.6847,0,1.67256,1.67256
31.7047,0,1.66782,1.66782
31.7247,0,1.66234,1.66234
31.7447,0,1.62325,1.62325
31.7647,0,1.63259,1.63259
31.7847,0,1.63658,1.63658
31.8047,0,1.59947,1.59947
31.8247,0,1.6029,1.6029
31.8447,0,1.58822,1.58822
31.8647,0,1.58392,1.58392
31.8847,0,1.56592,1.56592
31.9047,0,1.55881,1.55881
31.9247,0,1.55001,1.55001
31.9447,0,1.52574,1.52574
31.9647,0,1.52081,1.52081
31.9847,0,1.51642,1.51642
32.0047,0,1.52573,1.52573
32.0247,0,1.47452,1.47452
32.0447,0,1.48664,1.48664
32.0647,0,1.47331,1.47331
32.0847,0,1.4688,1.4688
32.1047,0,1.45738,1.45738
32.1247,0,1.44516,1.44516
32.1447,0,1.41611,1.41611
32.1647,0,1.43878,1.43878
32.1847,0,1.39246,1.39246
32.2047,0,1.40203,1.40203
32.2247,0,1.38784,1.38784
32.2447,0,1.39466,1.39466
32.2647,0,1.37892,1.37892
32.2847,0,1.37933,1.37933
32.3047,0,1.3539,1.3539
32.3247,0,1.35195,1.35195
32.3447,0,1.34584,1.34584
32.3647,0,1.31954,1.31954
32.3847,0,1.33375,1.33375
32.4047,0,1.30593,1.30593
32.4247,0,1.314,1.314
32.4447,0,1.29114,1.29114
32.4647,0,1.28309,1.28309
32.4847,0,1.26977,1.26977
32.5047,0,1.2572,1.2572
32.5247,0,1.23666,1.23666
32.5447,0,1.25127,1.25127
32.5647,0,1.25483,1.25483
32.5847,0,1.23286,1.23286
32.6047,0,1.22363,1.22363
32.6247,0,1.21761,1.21761
32.6447,0,1.1932,1.1932
32.6647,0,1.20404,1.20404
32.6847,0,1.18941,1.18941
32.7047,0,1.17542,1.17542
32.7247,0,1.15528,1.15528
32.7447,0,1.16392,1.16392
32.7647,0,1.14939,1.14939
32.7847,0,1.14541,1.14541
32.8047,0,1.13125,1.13125
32.8247,0,1.10983,1.10983
32.8447,0,1.10983,1.10983
32.8647,0,1.11212,1.11212
32.8847,0,1.08677,1.08677
32.9047,0,1.07295,1.07295
32.9247,0,1.08249,1.08249
32.9447,0,1.05849,1.05849
32.9647,0,1.05497,1.05497
32.9847,0,1.05208,1.05208
33.0047,0,1.03875,1.03875
33.0247,0,1.01885,1.01885
33.0447,0,1.02218,1.02218
33.0647,0,1.01319,1.01319
33.0847,0,0.998383,0.998383
33.1047,0,0.999878,0.999878
33.1247,0,0.979105,0.979105
33.1447,0,0.971497,0.971497
33.1647,0,0.968784,0.968784
33.1847,0,0.963948,0.963948
33.2047,0,0.947719,0.947719
33.2247,0,0.939909,0.939909
33.2447,0,0.926182,0.926182
33.2647,0,0.926166,0.926166
33.2847,0,0.902529,0.902529
33.3047,0,0.895724,0.895724
33.3247,0,0.907318,0.907318
33.3447,0,0.883641,0.883641
33.3647,0,0.887272,0.887272
33.3847,0,0.880868,0.880868
33.4047,0,0.863796,0.863796
33.4247,0,0.858663,0.858663
33.4447,0,0.839269,0.839269
33.4647,0,0.836292,0.836292
33.4847,0,0.829418,0.829418
33.5047,0,0.832951,0.832951
33.5247,0,0.801603,0.801603
33.5447,0,0.799853,0.799853
33.5647,0,0.801208,0.801208
33.5847,0,0.78468,0.78468
33.6047,0,0.786525,0.786525
33.6247,0,0.773785,0.773785
33.6447,0,0.782742,0.782742
33.6647,0,0.76543,0.76543
33.6847,0,0.757359,0.757359
33.7047,0,0.744454,0.744454
33.7247,0,0.742497,0.742497
33.7447,0,0.73608,0.73608
33.7647,0,0.735974,0.735974
33.7847,0,0.721874,0.721874
33.8047,0,0.703591,0.703591
33.8247,0,0.712164,0.712164
33.8447,0,0.696142,0.696142
33.8647,0,0.695917,0.695917
33.8847,0,0.688821,0.688821
33.9047,0,0.686649,0.686649
33.9247,0,0.680321,0.680321
33.9447,0,0.664898,0.664898
33.9647,0,0.663273,0.663273
33.9847,0,0.654281,0.654281
34.0047,0,0.644851,0.644851
34.0247,0,0.640829,0.640829
34.0447,0,0.633189,0.633189
34.0647,0,0.616383,0.616383
34.0847,0,0.628806,0.628806
34.1047,0,0.610706,0.610706
34.1247,0,0.60339,0.60339
34.1447,0,0.60815,0.60815
34.1647,0,0.602816,0.602816
34.1847,0,0.598249,0.598249
34.2047,0,0.588085,0.588085
34.2247,0,0.57156,0.57156
34.2447,0,0.561506,0.561506
34.2647,0,0.559674,0.559674
34.2847,0,0.557038,0.557038
34.3047,0,0.550729,0.550729
34.3247,0,0.550223,0.550223
34.3447,0,0.538651,0.538651
34.3647,0,0.544691,0.544691
34.3847,0,0.524771,0.524771
34.4047,0,0.515328,0.515328
34.4247,0,0.513277,0.513277
34.4447,0,0.501834,0.501834
34.4647,0,0.507974,0.507974
34.4847,0,0.492851,0.492851
34.5047,0,0.489686,0.489686
34.5247,0,0.487583,0.487583
34.5447,0,0.475515,0.475515
34.5647,0,0.471951,0.471951
34.5847,0,0.46391,0.46391
34.6047,0,0.460788,0.460788
34.6247,0,0.451393,0.451393
34.6447,0,0.459697,0.459697
34.6647,0,0.446194,0.446194
34.6847,0,0.43366,0.43366
34.7047,0,0.430836,0.430836
34.7247,0,0.420731,0.420731
34.7447,0,0.425446,0.425446
34.7647,0,0.403846,0.403846
34.7847,0,0.40662,0.40662
34.8047,0,0.394773,0.394773
34.8247,0,0.397364,0.397364
34.8447,0,0.387315,0.387315
34.8647,0,0.382289,0.382289
34.8847,0,0.380386,0.380386
34.9047,0,0.375141,0.375141
34.9247,0,0.366597,0.366597
34.9447,0,0.364355,0.364355
34.9647,0,0.364075,0.364075
34.9847,0,0.35792,0.35792
35.0047,0,0.352256,0.352256
35.0247,0,0.347462,0.347462
35.0447,0,0.337905,0.337905
35.0647,0,0.334086,0.334086
35.0847,0,0.319298,0.319298
35.1047,0,0.321898,0.321898
35.1247,0,0.324422,0.324422
35.1447,0,0.304836,0.304836
35.1647,0,0.311789,0.311789
35.1847,0,0.304258,0.304258
35.2047,0,0.300069,0.300069
35.2247,0,0.288893,0.288893
35.2447,0,0.292944,0.292944
35.2647,0,0.287717,0.287717
35.2847,0,0.280583,0.280583
35.3047,0,0.27571,0.27571
35.3247,0,0.274957,0.274957
35.3447,0,0.27098,0.27098
35.3647,0,0.261913,0.261913
35.3847,0,0.257246,0.257246
35.4047,0,0.253333,0.253333
35.4247,0,0.255287,0.255287
35.4447,0,0.246274,0.246274
35.4647,0,0.24531,0.24531
35.4847,0,0.238353,0.238353
35.5047,0,0.231279,0.231279
35.5247,0,0.228616,0.228616
35.5447,0,0.223419,0.223419
35.5647,0,0.215965,0.215965
35.5847,0,0.217724,0.217724
35.6047,0,0.212323,0.212323
35.6247,0,0.206679,0.206679
35.6447,0,0.203387,0.203387
35.6647,0,0.201124,0.201124
35.6847,0,0.193008,0.193008
35.7047,0,0.196502,0.196502
35.7247,0,0.186188,0.186188
35.7447,0,0.183014,0.183014
35.7647,0,0.181142,0.181142
35.7847,0,0.178106,0.178106
35.8047,0,0.180054,0.180054
35.8247,0,0.168988,0.168988
35.8447,0,0.16452,0.16452
35.8647,0,0.165886,0.165886
35.8847,0,0.16578,0.16578
35.9047,0,0.156499,0.156499
35.9247,0,0.157784,0.157784
35.9447,0,0.149421,0.149421
35.9647,0,0.145939,0.145939
35.9847,0,0.140196,0.140196
36.0047,0,0.143974,0.143974
36.0247,0,0.138927,0.138927
36.0447,0,0.138966,0.138966
36.0647,0,0.137286,0.137286
36.0847,0,0.128741,0.128741
36.1047,0,0.127244,0.127244
36.1247,0,0.123184,0.123184
36.1447,0,0.119875,0.119875
36.1647,0,0.110096,0.110096
36.1847,0,0.117028,0.117028
36.2047,0,0.11169,0.11169
36.2247,0,0.107845,0.107845
36.2447,0,0.106478,0.106478
36.2647,0,0.104526,0.104526
36.2847,0,0.101426,0.101426
36.3047,0,0.0977623,0.0977623
36.3247,0,0.092783,0.092783
36.3447,0,0.0941832,0.0941832
36.3647,0,0.0914654,0.0914654
36.3847,0,0.0894421,0.0894421
36.4047,0,0.0845701,0.0845701
36.4247,0,0.0837438,0.0837438
36.4447,0,0.0817029,0.0817029
36.4647,0,0.076306,0.076306
36.4847,0,0.0810624,0.0810624
36.5047,0,0.0757307,0.0757307
36.5247,0,0.0739952,0.0739952
36.5447,0,0.0717648,0.0717648
36.5647,0,0.0712931,0.0712931
36.5847,0,0.0697567,0.0697567
36.6047,0,0.0673476,0.0673476
36.6247,0,0.0670855,0.0670855
36.6447,0,0.0631004,0.0631004
36.6647,0,0.0619806,0.0619806
36.6847,0,0.0602696,0.0602696
36.7047,0,0.0573532,0.0573532
36.7247,0,0.0566728,0.0566728
36.7447,0,0.0538073,0.0538073
36.7647,0,0.0543447,0.0543447
36.7847,0,0.0500637,0.0500637
36.8047,0,0.0472864,0.0472864
36.8247,0,0.0500026,0.0500026
36.8447,0,0.0494528,0.0494528
36.8647,0,0.0464499,0.0464499
36.8847,0,0.0444807,0.0444807
36.9047,0,0.0431487,0.0431487
36.9247,0,0.0426238,0.0426238
36.9447,0,0.0391172,0.0391172
36.9647,0,0.0364465,0.0364465
36.9847,0,0.0359608,0.0359608
37.0047,0,0.0362048,0.0362048
37.0247,0,0.034265,0.034265
37.0447,0,0.0298265,0.0298265
37.0647,0,0.0308647,0.0308647
37.0847,0,0.0280594,0.0280594
37.1047,0,0.0267673,0.0267673
37.1247,0,0.0252856,0.0252856
37.1447,0,0.0264827,0.0264827
37.1647,0,0.0247586,0.0247586
37.1847,0,0.0244053,0.0244053
37.2047,0,0.0235659,0.0235659
37.2247,0,0.0197147,0.0197147
37.2447,0,0.0214263,0.0214263
37.2647,0,0.0182585,0.0182585
37.2847,0,0.0177851,0.0177851
37.3047,0,0.0178548,0.0178548
37.3247,0,0.0193412,0.0193412
37.3447,0,0.0160104,0.0160104
37.3647,0,0.0167072,0.0167072
37.3847,0,0.0155095,0.0155095
37.4047,0,0.0152851,0.0152851
37.4247,0,0.0126011,0.0126011
37.4447,0,0.0126914,0.0126914
37.4647,0,0.0112411,0.0112411
37.4847,0,0.0106666,0.0106666
37.5047,0,0.0107877,0.0107877
37.5247,0,0.00981887,0.00981887
37.5447,0,0.00927583,0.00927583
37.5647,0,0.00963266,0.00963266
37.5847,0,0.00994663,0.00994663
37.6047,0,0.00770115,0.00770115
37.6247,0,0.0073201,0.0073201
37.6447,0,0.00633913,0.00633913
37.6647,0,0.00731727,0.00731727
37.6847,0,0.00636937,0.00636937
37.7047,0,0.00632232,0.00632232
37.7247,0,0.0057143,0.0057143
37.7447,0,0.00625884,0.00625884
37.7647,0,0.00449386,0.00449386
37.7847,0,0.00488481,0.00488481
37.8047,0,0.00416371,0.00416371
37.8247,0,0.00402384,0.00402384
37.8447,0,0.00369598,0.00369598
37.8647,0,0.00386826,0.00386826
37.8847,0,0.00293464,0.00293464
37.9047,0,0.00358629,0.00358629
37.9247,0,0.0029084,0.0029084
37.9447,0,0.00308449,0.00308449
37.9647,0,0.00221812,0.00221812
37.9847,0,0.00230558,0.00230558
38.0047,0,0.00254521,0.00254521
38.0247,0,0.00151376,0.00151376
38.0447,0,0.00206226,0.00206226
38.0647,0,0.0015684,0.0015684
38.0847,0,0.00218181,0.00218181
38.1047,0,0.00129494,0.00129494
38.1247,0,0.00144516,0.00144516
38.1447,0,0.00133185,0.00133185
38.1647,0,0.00119449,0.00119449
38.1847,0,0.000548168,0.000548168
38.2047,0,0.00111199,0.00111199
38.2247,0,0.000471974,0.000471974
38.2447,0,0.000495336,0.000495336
38.2647,0,0.00112663,0.00112663
38.2847,0,0.000411042,0.000411042
38.3047,0,0.000631091,0.000631091
38.3247,0,0.000672698,0.000672698
38.3447,0,0.000188549,0.000188549
38.3647,0,0.000195535,0.000195535
38.3847,0,0.000334544,0.000334544
38.4047,0,0.000357251,0.000357251
38.4247,0,0.000176627,0.000176627
38.4447,0,0.000209348,0.000209348
38.4647,0,0.000232754,0.000232754
38.4847,0,0.000207132,0.000207132
38.5047,0,0.000342492,0.000342492
38.5247,0,0.000326046,0.000326046
38.5447,0,0.000112914,0.000112914
38.5647,0,-5.41104e-05,-5.41104e-05
38.5847,0,0.000160209,0.000160209
38.6047,0,9.55062e-05,9.55062e-05
38.6247,0,2.15755e-05,2.15755e-05
38.6447,0,0.0001212,0.0001212
