Time(ns),Ie(fC/ns),Ih(fC/ns),It(fC/ns)
0,23.6864,8.99539,32.6818
0.0001,22.5349,8.58527,31.1201
0.0002,22.936,9.29552,32.2315
0.0003,22.7997,8.34465,31.1444
0.0004,22.8384,9.28753,32.1259
0.0005,22.5635,9.10159,31.6651
0.0006,23.8378,9.04004,32.8778
0.0007,23.3155,9.3216,32.6371
0.0008,23.371,9.33228,32.7032
0.0009,22.8597,9.20987,32.0696
0.001,22.8627,8.60039,31.4631
0.0011,23.5369,9.09785,32.6347
0.0012,22.8976,8.94833,31.8459
0.0013,21.5682,9.04389,30.6121
0.0014,23.1448,8.69408,31.8389
0.0015,23.4647,8.55927,32.0239
0.0016,23.0669,8.83205,31.899
0.0017,23.0475,9.05125,32.0988
0.0018,22.7991,9.63688,32.436
0.0019,23.5814,8.90213,32.4836
0.002,22.7743,9.12625,31.9006
0.0021,22.2786,9.11478,31.3934
0.0022,23.8655,9.09967,32.9652
0.0023,22.6538,8.31845,30.9723
0.0024,22.5188,9.17557,31.6944
0.0025,23.8184,9.9678,33.7862
0.0026,23.083,8.56616,31.6492
0.0027,22.7798,9.50449,32.2843
0.0028,23.4083,9.05759,32.4659
0.0029,22.4863,9.21315,31.6994
0.003,23.3697,8.83914,32.2088
0.0031,23.7702,9.55293,33.3231
0.0032,23.5829,9.60341,33.1863
0.0033,23.3526,9.00158,32.3542
0.0034,24.0954,9.10277,33.1981
0.0035,22.3529,8.52131,30.8742
0.0036,23.4657,8.55806,32.0238
0.0037,23.7089,9.40665,33.1156
0.0038,22.5132,9.35479,31.868
0.0039,22.8288,8.52873,31.3575
0.004,23.2127,9.56519,32.7779
0.0041,23.0659,9.22015,32.286
0.0042,23.2207,9.38593,32.6066
0.0043,22.6898,8.63277,31.3226
0.0044,24.489,8.9544,33.4434
0.0045,21.9832,9.01623,30.9994
0.0046,22.656,9.59134,32.2473
0.0047,23.2333,9.1788,32.4121
0.0048,22.4949,8.94603,31.4409
0.0049,22.8708,9.17323,32.044
0.005,22.5346,8.77736,31.3119
0.0051,23.2142,8.53189,31.7461
0.0052,23.0923,8.99289,32.0852
0.0053,22.7643,8.86918,31.6334
0.0054,22.4154,9.10313,31.5185
0.0055,22.1166,9.108,31.2246
0.0056,22.8263,9.49669,32.323
0.0057,23.0843,8.89552,31.9798
0.0058,22.8083,9.24676,32.055
0.0059,23.5022,8.81118,32.3134
0.006,22.6735,9.25033,31.9239
0.0061,23.2693,9.36165,32.6309
0.0062,21.6169,9.16953,30.7864
0.0063,22.7801,8.52252,31.3027
0.0064,22.1209,8.42306,30.544
0.0065,22.4751,8.86331,31.3385
0.0066,23.6117,8.94469,32.5564
0.0067,22.1017,9.17204,31.2738
0.0068,22.1779,8.89069,31.0686
0.0069,22.2446,8.76542,31.01
0.007,22.2609,8.95573,31.2167
0.0071,22.8409,9.84641,32.6873
0.0072,22.3246,8.79271,31.1173
0.0073,22.9466,9.14957,32.0962
0.0074,23.5891,9.84639,33.4355
0.0075,22.726,9.19242,31.9184
0.0076,22.2898,9.05983,31.3497
0.0077,22.0035,9.18643,31.1899
0.0078,22.902,8.77566,31.6776
0.0079,23.4567,9.30081,32.7575
0.008,22.9449,9.55606,32.5009
0.0081,22.4227,9.18607,31.6087
0.0082,22.1808,8.32363,30.5044
0.0083,23.413,8.78023,32.1933
0.0084,22.0541,9.25979,31.3139
0.0085,22.7806,8.882,31.6626
0.0086,23.3537,9.56519,32.9189
0.0087,23.3493,9.18204,32.5313
0.0088,22.8129,8.37941,31.1923
0.0089,23.1478,8.68406,31.8318
0.009,22.6006,8.21464,30.8152
0.0091,23.5509,8.52345,32.0743
0.0092,23.018,8.29685,31.3148
0.0093,22.1813,9.104,31.2853
0.0094,21.9104,8.89544,30.8059
0.0095,22.7958,8.34787,31.1436
0.0096,22.6842,8.47907,31.1632
0.0097,23.0234,9.00009,32.0235
0.0098,23.1357,9.3423,32.478
0.0099,23.2072,9.15735,32.3646
0.01,22.4142,8.8185,31.2327
0.0101,22.5372,8.86098,31.3982
0.0102001,22.752,9.22948,31.9815
0.0103003,22.47,8.57227,31.0423
0.0104005,22.6914,8.38367,31.075
0.0105009,23.0713,8.86756,31.9389
0.0106014,22.9106,9.00034,31.911
0.0107019,22.3429,8.29603,30.6389
0.0108026,22.528,9.47405,32.002
0.0109033,22.0775,8.80677,30.8843
0.0110041,23.1569,9.28087,32.4377
0.011105,22.6875,9.52719,32.2147
0.011206,23.5895,9.4889,33.0784
0.0113071,22.1379,9.1472,31.2851
0.0114083,23.2511,9.54377,32.7948
0.0115096,23.5077,9.02076,32.5285
0.011611,23.9025,9.0024,32.9049
0.0117124,22.3189,8.67527,30.9942
0.011814,23.2715,9.14611,32.4176
0.0119156,22.6973,8.7275,31.4248
0.0120174,22.8633,8.05219,30.9155
0.0121192,22.1382,9.14825,31.2864
0.0122211,23.3229,9.54805,32.8709
0.0123231,21.5818,8.9575,30.5393
0.0124253,22.2464,8.68546,30.9318
0.0125275,23.0271,9.13318,32.1602
0.0126298,22.6648,9.26423,31.9291
0.0127322,22.4034,9.04213,31.4455
0.0128346,22.8825,8.61385,31.4964
0.0129372,22.788,9.76769,32.5557
0.0130399,22.1093,8.80236,30.9116
0.0131426,22.6005,9.45853,32.059
0.0132455,22.7617,9.13927,31.9009
0.0133485,23.7817,9.05794,32.8396
0.0134515,22.8977,8.73948,31.6372
0.0135546,22.7063,9.0745,31.7808
0.0136579,23.7357,8.45889,32.1946
0.0137612,23.0023,9.23536,32.2377
0.0138646,23.0334,8.92786,31.9613
0.0139681,22.5893,9.02539,31.6147
0.0140717,23.6514,9.14305,32.7945
0.0141754,22.9859,8.43138,31.4172
0.0142792,22.713,9.31115,32.0242
0.0143831,22.3815,8.92411,31.3056
0.0144871,22.398,8.77384,31.1718
0.0145912,21.8978,9.01215,30.91
0.0146954,23.2983,8.69735,31.9956
0.0147996,22.8857,8.64246,31.5282
0.014904,23.2276,9.07145,32.299
0.0150084,22.638,9.25339,31.8914
0.015113,23.1578,9.09106,32.2489
0.0152176,22.9963,8.73847,31.7347
0.0153224,22.7526,9.00636,31.7589
0.0154272,22.2409,8.94768,31.1886
0.0155322,21.9438,9.24466,31.1885
0.0156372,22.4318,8.98242,31.4142
0.0157423,22.3188,9.19252,31.5113
0.0158475,22.6892,9.04526,31.7345
0.0159529,23.2787,9.13975,32.4184
0.0160583,22.6568,9.42803,32.0849
0.0161638,22.54,8.81011,31.3501
0.0162694,22.932,9.09408,32.0261
0.0163751,23.5994,8.89408,32.4935
0.0164809,22.7809,9.05858,31.8395
0.0165868,23.113,8.73261,31.8456
0.0166928,22.179,8.62289,30.8019
0.0167988,22.9177,9.19569,32.1134
0.016905,22.7033,9.13479,31.8381
0.0170113,22.2311,9.12607,31.3572
0.0171177,22.9072,8.96078,31.868
0.0172241,22.8313,8.86537,31.6967
0.0173307,21.8793,9.29652,31.1758
0.0174374,22.7577,8.7802,31.5379
0.0175441,22.9051,8.95229,31.8574
0.017651,23.0494,8.98024,32.0296
0.0177579,22.969,9.01346,31.9825
0.017865,22.3447,8.80559,31.1503
0.0179721,22.3386,8.7492,31.0878
0.0180794,22.8144,8.74129,31.5557
0.0181867,22.424,9.35354,31.7776
0.0182942,23.5581,9.07298,32.631
0.0184017,22.5933,9.1034,31.6967
0.0185094,24.05,9.27098,33.321
0.0186171,22.1088,8.78537,30.8942
0.0187249,22.8331,9.70978,32.5429
0.0188329,21.8973,8.49738,30.3947
0.0189409,22.437,8.54059,30.9776
0.019049,22.4482,9.41249,31.8607
0.0191572,22.8154,8.42376,31.2392
0.0192656,23.3369,9.14741,32.4843
0.019374,22.962,9.50266,32.4646
0.0194825,23.0031,8.87626,31.8794
0.0195911,22.9577,9.27018,32.2278
0.0196999,22.8324,8.3381,31.1705
0.0198087,22.7374,8.94493,31.6823
0.0199176,21.8882,8.6202,30.5084
0.0200266,22.3673,8.85652,31.2238
0.0201357,22.7807,8.80532,31.5861
0.0202449,22.381,9.20975,31.5907
0.0203543,22.9311,8.03302,30.9642
0.0204637,22.0335,9.2354,31.2689
0.0205732,22.2425,9.09137,31.3339
0.0206828,23.0951,9.24126,32.3363
0.0207925,22.7137,9.49266,32.2063
0.0209023,22.1323,9.27725,31.4095
0.0210122,22.765,8.73918,31.5042
0.0211222,22.227,9.07324,31.3002
0.0212323,22.2133,8.7154,30.9287
0.0213426,22.4744,9.16182,31.6362
0.0214529,22.8582,8.50921,31.3675
0.0215633,21.8102,9.30744,31.1177
0.0216738,21.921,8.85995,30.781
0.0217844,22.2062,8.80206,31.0082
0.0218951,22.74,8.47243,31.2125
0.0220059,22.9045,9.26118,32.1657
0.0221168,22.8094,9.02658,31.836
0.0222279,22.3979,9.1622,31.5601
0.022339,23.5762,9.03675,32.613
0.0224502,21.7396,9.16843,30.908
0.0225615,22.4211,8.69147,31.1126
0.0226729,23.5697,8.68708,32.2568
0.0227845,22.3712,9.01379,31.385
0.0228961,22.295,8.76578,31.0608
0.0230078,22.2556,9.05188,31.3075
0.0231196,22.8588,9.35265,32.2114
0.0232316,22.9702,9.01751,31.9878
0.0233436,22.3894,8.90368,31.2931
0.0234557,22.7877,9.34174,32.1294
0.0235679,22.8945,9.05509,31.9496
0.0236803,22.9469,8.7011,31.648
0.0237927,22.7398,9.31419,32.054
0.0239053,23.0872,9.1631,32.2503
0.0240179,22.3629,9.10141,31.4643
0.0241306,23.1183,8.37784,31.4961
0.0242435,21.622,8.52665,30.1487
0.0243564,22.2431,8.70699,30.9501
0.0244695,23.5035,9.38751,32.891
0.0245826,21.7917,9.30961,31.1013
0.0246959,22.9419,9.18829,32.1302
0.0248093,21.6713,8.65277,30.3241
0.0249227,22.7107,8.99187,31.7026
0.0250363,22.5548,8.95627,31.5111
0.02515,22.1542,8.60016,30.7544
0.0252637,22.3182,8.56654,30.8847
0.0253776,22.7626,8.95535,31.718
0.0254916,23.1155,8.74935,31.8649
0.0256057,22.2794,9.1965,31.4759
0.0257199,22.2182,8.9552,31.1734
0.0258341,22.3897,9.24837,31.6381
0.0259485,22.5367,9.3852,31.9219
0.026063,21.5596,9.14876,30.7084
0.0261776,22.3535,8.67039,31.0239
0.0262923,22.498,9.10064,31.5987
0.0264072,22.6685,9.05831,31.7268
0.0265221,22.2022,8.91047,31.1127
0.0266371,22.2042,8.94552,31.1498
0.0267522,22.2004,9.17778,31.3782
0.0268674,22.7928,8.92855,31.7213
0.0269828,21.6622,9.23455,30.8968
0.0270982,21.7544,9.13403,30.8884
0.0272138,23.4098,8.92177,32.3315
0.0273294,22.5532,8.92841,31.4816
0.0274452,23.0417,8.64964,31.6913
0.027561,22.4617,9.47914,31.9408
0.027677,22.4049,9.14031,31.5452
0.0277931,22.9506,9.01347,31.9641
0.0279092,22.9149,9.20889,32.1238
0.0280255,22.3955,8.43906,30.8346
0.0281419,21.8654,9.23051,31.0959
0.0282584,22.7487,9.22882,31.9775
0.028375,22.4606,8.8954,31.356
0.0284917,22.3111,9.13475,31.4459
0.0286085,22.6176,8.64816,31.2657
0.0287254,22.3022,8.43156,30.7337
0.0288424,22.9026,8.95471,31.8573
0.0289596,22.2938,9.24679,31.5406
0.0290768,22.6968,8.4316,31.1284
0.0291942,22.7977,9.16351,31.9612
0.0293116,22.7801,9.36255,32.1426
0.0294292,22.8482,9.03813,31.8863
0.0295468,22.6018,8.70043,31.3022
0.0296646,22.9551,9.38428,32.3393
0.0297825,22.875,8.70334,31.5783
0.0299005,22.8315,9.00384,31.8353
0.0300185,22.7877,9.23289,32.0206
0.0301367,23.1227,9.32778,32.4505
0.0302551,22.6184,8.91788,31.5363
0.0303735,22.7326,9.12699,31.8596
0.030492,22.1043,9.06483,31.1692
0.0306106,23.1114,8.90637,32.0178
0.0307294,22.8733,8.9307,31.804
0.0308482,22.2686,9.16445,31.433
0.0309672,22.5419,8.55439,31.0963
0.0310862,23.0144,8.64156,31.6559
0.0312054,21.8545,9.15358,31.0081
0.0313247,22.25,8.94722,31.1972
0.031444,22.596,9.2263,31.8223
0.0315635,22.003,9.11659,31.1196
0.0316831,21.9169,9.32096,31.2379
0.0318029,22.0564,9.10296,31.1593
0.0319227,22.0834,9.06716,31.1506
0.0320426,23.1396,8.27244,31.412
0.0321626,22.9384,9.04271,31.9811
0.0322828,23.2866,8.75378,32.0404
0.032403,21.9055,9.39839,31.3039
0.0325234,22.4438,9.24651,31.6903
0.0326439,22.4413,8.15748,30.5987
0.0327645,22.6079,9.50997,32.1178
0.0328852,22.8586,9.13002,31.9887
0.033006,22.6371,9.70258,32.3397
0.0331269,22.4338,8.87236,31.3062
0.0332479,23.1834,9.01831,32.2017
0.033369,22.7967,9.75547,32.5521
0.0334903,22.7542,8.97217,31.7264
0.0336116,22.288,9.01946,31.3075
0.0337331,22.3258,9.0092,31.335
0.0338547,22.6548,8.96492,31.6197
0.0339764,22.5263,8.76897,31.2953
0.0340982,23.0368,8.96195,31.9988
0.0342201,21.5259,9.19783,30.7237
0.0343421,22.4767,9.33791,31.8146
0.0344642,22.5897,9.0908,31.6805
0.0345865,22.5219,9.23284,31.7547
0.0347088,23.1691,8.8519,32.021
0.0348313,22.0116,8.70301,30.7146
0.0349539,22.2985,9.36872,31.6672
0.0350765,22.3665,8.47562,30.8422
0.0351993,22.7796,8.87664,31.6562
0.0353222,22.4368,8.73069,31.1675
0.0354453,22.357,9.42848,31.7854
0.0355684,22.4405,9.05723,31.4977
0.0356916,22.0729,9.10874,31.1816
0.035815,22.0051,9.23063,31.2357
0.0359385,22.8085,9.32416,32.1326
0.036062,22.2851,9.77789,32.063
0.0361857,22.9114,9.22309,32.1345
0.0363095,22.4752,9.05278,31.5279
0.0364335,23.3477,9.04713,32.3948
0.0365575,21.9067,9.2548,31.1615
0.0366816,22.3717,9.00472,31.3764
0.0368059,22.9693,9.08899,32.0583
0.0369303,22.1744,9.2332,31.4076
0.0370547,22.5111,8.43276,30.9439
0.0371793,22.0428,9.27988,31.3227
0.037304,23.2363,9.43256,32.6689
0.0374289,22.412,8.55136,30.9634
0.0375538,22.4856,8.6978,31.1834
0.0376789,21.6638,9.23071,30.8946
0.037804,21.6684,9.37545,31.0438
0.0379293,22.078,9.13671,31.2147
0.0380547,22.502,8.97934,31.4813
0.0381802,22.2829,8.73106,31.0139
0.0383058,22.218,9.50528,31.7233
0.0384315,22.3842,8.79738,31.1815
0.0385574,22.3815,8.85918,31.2407
0.0386833,21.98,8.79461,30.7746
0.0388094,22.5875,9.26404,31.8515
0.0389356,21.7992,8.72671,30.5259
0.0390619,22.246,9.18897,31.435
0.0391883,22.6567,9.13384,31.7906
0.0393149,21.6784,8.73755,30.416
0.0394415,22.2965,8.49553,30.792
0.0395683,22.4614,8.55572,31.0171
0.0396952,21.6594,9.00178,30.6612
0.0398222,21.9065,8.77425,30.6808
0.0399493,22.7195,9.28459,32.0041
0.0400765,22.2636,8.80639,31.07
0.0402038,22.2284,8.29026,30.5186
0.0403313,21.9965,8.83158,30.8281
0.0404589,22.168,9.1701,31.3381
0.0405866,23.0581,8.62589,31.684
0.0407144,22.3767,9.022,31.3986
0.0408423,22.2173,9.46124,31.6785
0.0409703,22.7612,8.96434,31.7255
0.0410985,21.5603,8.8872,30.4475
0.0412268,22.4241,8.93642,31.3606
0.0413551,22.1201,8.88937,31.0095
0.0414836,21.295,9.24245,30.5375
0.0416123,21.6705,9.3699,31.0404
0.041741,22.6154,9.09631,31.7117
0.0418699,22.9098,9.26066,32.1705
0.0419988,23.1872,8.91088,32.0981
0.0421279,21.8985,9.04204,30.9405
0.0422571,22.3843,8.7986,31.1829
0.0423865,22.6504,8.64393,31.2943
0.0425159,21.6401,8.66106,30.3011
0.0426455,22.2212,8.45705,30.6783
0.0427751,22.0521,8.49447,30.5466
0.0429049,22.0598,9.25201,31.3118
0.0430348,22.0166,9.30087,31.3174
0.0431649,21.0505,9.07189,30.1224
0.043295,22.0442,9.14483,31.189
0.0434253,22.3516,9.36268,31.7143
0.0435557,22.2044,8.90941,31.1138
0.0436862,22.7213,9.11119,31.8325
0.0438168,22.3485,8.59238,30.9409
0.0439476,22.1081,8.93281,31.0409
0.0440784,21.9371,9.46747,31.4046
0.0442094,21.6623,8.89088,30.5531
0.0443405,22.0475,9.30231,31.3498
0.0444717,22.6072,8.78943,31.3966
0.0446031,22.7313,9.24817,31.9794
0.0447345,22.42,9.38437,31.8044
0.0448661,22.1251,9.29928,31.4244
0.0449978,22.5809,8.83504,31.416
0.0451296,22.575,8.42602,31.001
0.0452615,22.6915,9.16384,31.8554
0.0453936,22.2839,9.22468,31.5086
0.0455258,22.5883,9.00163,31.59
0.0456581,21.9331,9.02515,30.9582
0.0457905,22.2351,8.76285,30.998
0.045923,22.049,9.53286,31.5818
0.0460557,22.1716,8.38454,30.5561
0.0461885,22.7731,9.14744,31.9205
0.0463214,22.7268,9.40196,32.1288
0.0464544,22.0052,9.35148,31.3567
0.0465875,21.9347,8.55825,30.4929
0.0467208,21.4741,8.97581,30.4499
0.0468542,22.6613,8.74907,31.4104
0.0469877,21.8351,9.27325,31.1083
0.0471213,22.7564,8.87593,31.6323
0.047255,22.3717,9.13399,31.5057
0.0473889,22.0304,8.86192,30.8923
0.0475229,22.7214,9.19355,31.915
0.047657,21.5036,8.78957,30.2932
0.0477912,21.9188,8.83406,30.7529
0.0479256,21.2476,8.89382,30.1414
0.0480601,22.3474,8.5138,30.8612
0.0481947,21.8622,9.14583,31.008
0.0483294,22.1215,8.55046,30.6719
0.0484642,22.8079,8.38812,31.1961
0.0485992,22.3863,8.99945,31.3858
0.0487343,21.8913,9.09486,30.9862
0.0488695,21.5637,8.34713,29.9108
0.0490048,21.7428,9.01505,30.7578
0.0491403,21.7538,9.28059,31.0344
0.0492759,22.1813,9.58575,31.7671
0.0494116,22.1596,8.81364,30.9732
0.0495474,21.7225,8.91106,30.6336
0.0496834,22.3979,9.16205,31.5599
0.0498194,21.9364,8.70786,30.6443
0.0499556,22.1279,9.10858,31.2365
0.050092,22.4359,8.81367,31.2495
0.0502284,21.1744,9.24213,30.4166
0.050365,22.484,9.29086,31.7749
0.0505017,21.0133,9.08949,30.1028
0.0506385,22.2505,8.67876,30.9293
0.0507754,22.8757,8.61137,31.4871
0.0509125,22.6023,9.1441,31.7464
0.0510497,21.115,8.73969,29.8546
0.051187,21.4037,8.66424,30.0679
0.0513245,22.4118,8.74061,31.1524
0.051462,21.8613,8.49894,30.3603
0.0515997,22.8281,9.01625,31.8444
0.0517375,22.1402,8.46176,30.6019
0.0518755,21.6757,9.20453,30.8802
0.0520136,21.9018,9.27886,31.1807
0.0521518,22.1467,8.87172,31.0185
0.0522901,21.9297,8.76829,30.698
0.0524285,22.0224,8.8943,30.9167
0.0525671,22.2766,9.05572,31.3323
0.0527058,22.3443,9.14762,31.4919
0.0528446,22.2491,9.01916,31.2682
0.0529836,21.4812,8.85,30.3312
0.0531226,21.7946,9.0817,30.8763
0.0532618,21.401,9.41587,30.8169
0.0534012,22.4741,9.07802,31.5521
0.0535406,21.8368,8.62464,30.4615
0.0536802,22.3189,9.0276,31.3465
0.0538199,21.9435,8.83505,30.7785
0.0539597,21.4423,8.72038,30.1627
0.0540997,22.5286,8.82016,31.3488
0.0542398,22.4054,8.33258,30.738
0.05438,21.7585,8.80535,30.5638
0.0545204,22.2002,9.23926,31.4395
0.0546608,21.8086,8.66942,30.478
0.0548014,21.8685,9.08286,30.9513
0.0549422,21.0326,9.21626,30.2489
0.055083,22.7814,9.19039,31.9718
0.055224,21.8747,9.12239,30.9971
0.0553651,21.5737,9.03046,30.6041
0.0555064,22.2322,8.96386,31.1961
0.0556477,21.5899,9.20122,30.7911
0.0557892,21.8314,8.91151,30.7429
0.0559309,22.6877,8.69065,31.3784
0.0560726,21.7173,9.33136,31.0486
0.0562145,21.7261,8.76461,30.4907
0.0563565,21.5428,9.14706,30.6898
0.0564987,22.9938,9.13625,32.13
0.0566409,22.3294,8.99567,31.3251
0.0567833,22.5115,8.67373,31.1853
0.0569259,22.0708,8.80493,30.8757
0.0570685,22.0322,9.28108,31.3133
0.0572113,22.0339,9.06444,31.0983
0.0573542,22.1084,9.01206,31.1205
0.0574973,22.1688,9.07711,31.246
0.0576405,21.9291,8.44467,30.3737
0.0577838,22.0577,8.94599,31.0037
0.0579272,22.088,8.75808,30.8461
0.0580708,21.9674,9.36547,31.3329
0.0582145,21.2517,8.30072,29.5524
0.0583583,22.5349,9.04641,31.5813
0.0585023,22.2873,8.46697,30.7543
0.0586464,21.6523,9.07641,30.7288
0.0587906,22.3808,8.90582,31.2867
0.0589349,22.2078,8.97624,31.1841
0.0590794,20.7715,9.19116,29.9627
0.059224,21.6016,8.97802,30.5797
0.0593688,22.2144,8.66464,30.8791
0.0595137,21.5666,8.96082,30.5274
0.0596587,21.9084,8.87461,30.783
0.0598038,22.2013,9.13865,31.3399
0.0599491,21.6455,8.58564,30.2311
0.0600945,22.4113,8.94373,31.3551
0.0602401,21.3586,8.9186,30.2772
0.0603857,22.0345,8.81482,30.8493
0.0605315,21.8843,9.15941,31.0437
0.0606775,21.7862,9.04925,30.8354
0.0608235,22.7042,8.78466,31.4888
0.0609697,22.2085,8.92359,31.1321
0.0611161,21.4691,8.80271,30.2719
0.0612625,22.1154,9.21314,31.3285
0.0614092,22.6425,9.04415,31.6867
0.0615559,22.0529,9.31512,31.368
0.0617028,21.7655,9.10147,30.867
0.0618498,21.4377,8.52182,29.9595
0.0619969,21.009,9.07165,30.0806
0.0621442,21.6042,8.89332,30.4976
0.0622916,22.4044,8.80968,31.2141
0.0624391,22.0589,9.36566,31.4245
0.0625868,21.7509,8.57156,30.3224
0.0627346,21.7093,8.95667,30.666
0.0628825,22.0434,9.13547,31.1788
0.0630306,22.501,9.08098,31.582
0.0631788,21.9541,8.96516,30.9193
0.0633272,21.7568,8.69612,30.453
0.0634756,22.4432,9.10415,31.5474
0.0636242,21.8182,9.61862,31.4368
0.063773,22.0608,8.95346,31.0143
0.0639219,22.3456,9.17441,31.52
0.0640709,21.8166,8.811,30.6276
0.0642201,21.835,8.98347,30.8184
0.0643693,21.4904,8.6893,30.1797
0.0645188,21.5984,9.0825,30.6809
0.0646683,21.8686,8.86734,30.736
0.064818,21.7749,9.10008,30.875
0.0649679,22.4695,8.92503,31.3945
0.0651178,21.2656,8.6208,29.8864
0.0652679,20.8354,8.82075,29.6561
0.0654182,21.8892,8.80647,30.6957
0.0655686,22.6708,8.7277,31.3985
0.0657191,21.4888,9.06919,30.558
0.0658697,21.9139,9.27276,31.1867
0.0660205,22.0626,9.0422,31.1048
0.0661715,21.686,9.10325,30.7893
0.0663225,21.5104,9.36249,30.8728
0.0664737,22.1564,8.88255,31.039
0.0666251,22.0219,9.00491,31.0268
0.0667765,21.8643,8.68556,30.5499
0.0669282,21.5521,9.0515,30.6036
0.0670799,21.5935,9.08799,30.6815
0.0672318,21.2391,9.20491,30.444
0.0673838,21.7578,9.38814,31.1459
0.067536,21.7248,8.90778,30.6326
0.0676883,20.9833,9.14482,30.1281
0.0678407,21.7215,8.66752,30.389
0.0679933,21.0874,9.06328,30.1507
0.0681461,21.1867,9.20489,30.3916
0.0682989,20.7794,8.35684,29.1362
0.0684519,22.1706,8.76283,30.9334
0.068605,22.1777,8.93556,31.1132
0.0687583,21.3929,8.9245,30.3174
0.0689117,21.2832,9.04451,30.3278
0.0690653,20.6237,8.73537,29.3591
0.069219,22.2069,8.82962,31.0366
0.0693728,20.9219,9.06458,29.9865
0.0695268,21.4099,8.942,30.3519
0.0696809,21.2955,8.57795,29.8735
0.0698352,22.2208,9.21741,31.4382
0.0699896,20.859,9.36049,30.2195
0.0701441,21.9082,8.59959,30.5078
0.0702988,21.4537,9.31823,30.7719
0.0704536,21.76,8.90846,30.6684
0.0706086,22.0356,9.25109,31.2867
0.0707637,21.5461,9.37623,30.9223
0.0709189,20.7969,8.75996,29.5568
0.0710743,21.591,9.5153,31.1063
0.0712298,22.2468,8.97187,31.2187
0.0713855,21.0301,9.22941,30.2595
0.0715413,21.9217,9.10661,31.0283
0.0716972,21.8202,9.20127,31.0215
0.0718533,21.7219,8.98591,30.7078
0.0720095,21.1114,8.96283,30.0742
0.0721659,21.394,8.91516,30.3091
0.0723224,21.0691,8.65394,29.723
0.0724791,22.3569,8.90924,31.2661
0.0726359,21.6195,8.66949,30.289
0.0727928,21.2519,9.06288,30.3148
0.0729499,21.9417,8.6685,30.6102
0.0731071,22.5306,8.74124,31.2718
0.0732645,22.7643,9.3212,32.0855
0.073422,21.8323,9.0389,30.8712
0.0735797,21.4116,9.27733,30.6889
0.0737375,21.2341,9.28359,30.5177
0.0738954,21.7554,8.88368,30.639
0.0740535,21.4045,8.98853,30.393
0.0742117,21.2468,8.77124,30.0181
0.0743701,21.0922,9.17612,30.2683
0.0745286,22.2213,9.5059,31.7272
0.0746873,21.5338,8.92698,30.4608
0.0748461,21.6325,8.88964,30.5221
0.075005,21.0273,8.59174,29.619
0.0751641,21.6586,8.87094,30.5295
0.0753234,21.6675,9.04913,30.7166
0.0754828,22.3592,8.5282,30.8874
0.0756423,21.664,8.61756,30.2815
0.075802,20.9531,9.06972,30.0229
0.0759618,21.9554,9.04116,30.9966
0.0761218,21.7155,9.30434,31.0198
0.0762819,21.786,9.15185,30.9379
0.0764421,21.1403,8.86562,30.0059
0.0766025,21.8296,9.1833,31.0129
0.0767631,21.9735,8.99241,30.9659
0.0769238,21.6466,9.09943,30.746
0.0770846,21.6043,8.8874,30.4917
0.0772456,21.869,8.92478,30.7937
0.0774067,21.2582,8.96975,30.2279
0.077568,21.8037,8.95612,30.7598
0.0777294,21.5956,8.56825,30.1639
0.077891,21.49,8.94059,30.4306
0.0780527,21.4732,8.92457,30.3978
0.0782146,21.8365,8.98566,30.8221
0.0783766,21.6109,9.00074,30.6116
0.0785388,21.6699,9.07616,30.7461
0.0787011,21.6917,9.12162,30.8133
0.0788635,21.2446,9.05624,30.3008
0.0790261,21.5703,9.10783,30.6781
0.0791889,20.8893,9.08938,29.9787
0.0793518,21.3425,8.72701,30.0695
0.0795148,20.9381,8.99549,29.9336
0.079678,21.6952,8.94806,30.6432
0.0798414,21.912,9.0714,30.9834
0.0800049,21.3554,9.1866,30.542
0.0801685,21.7148,8.64296,30.3578
0.0803323,21.2823,8.57572,29.858
0.0804962,22.0748,9.66889,31.7437
0.0806603,21.0961,8.79888,29.895
0.0808245,21.1874,8.85072,30.0381
0.0809889,21.2562,9.16536,30.4215
0.0811535,21.1266,9.02516,30.1518
0.0813182,21.5063,8.86915,30.3754
0.081483,21.9717,9.39428,31.366
0.081648,20.5111,9.68044,30.1915
0.0818131,21.6725,8.96838,30.6409
0.0819784,21.8751,8.74789,30.623
0.0821438,21.6765,8.96952,30.646
0.0823094,20.6834,9.0511,29.7345
0.0824751,21.5809,9.27386,30.8547
0.082641,20.9709,9.13839,30.1093
0.0828071,20.7208,8.9291,29.6499
0.0829733,20.7202,8.74436,29.4646
0.0831396,21.5788,9.43599,31.0148
0.0833061,21.1676,9.0595,30.2271
0.0834727,20.8468,8.55161,29.3984
0.0836395,20.8221,8.81028,29.6323
0.0838065,21.2107,9.08183,30.2925
0.0839736,20.9044,8.94984,29.8542
0.0841408,21.1806,9.06492,30.2455
0.0843082,21.348,9.00957,30.3576
0.0844758,20.6602,8.8018,29.462
0.0846435,20.966,8.67853,29.6445
0.0848113,20.8308,8.97565,29.8064
0.0849793,21.2879,8.64865,29.9365
0.0851475,21.1336,9.09879,30.2324
0.0853158,21.9823,8.69319,30.6755
0.0854843,20.9831,9.27784,30.261
0.0856529,21.8431,8.66009,30.5032
0.0858217,21.1776,8.46021,29.6378
0.0859906,21.7637,8.86283,30.6265
0.0861597,20.5634,8.89046,29.4539
0.0863289,21.0456,9.4654,30.5111
0.0864983,21.1799,9.04264,30.2226
0.0866679,21.0429,9.06355,30.1065
0.0868376,21.5352,9.33921,30.8744
0.0870074,21.8237,9.01561,30.8393
0.0871774,20.9279,8.86216,29.79
0.0873476,21.1147,9.18263,30.2973
0.0875179,21.1326,8.62978,29.7624
0.0876884,20.7753,9.08433,29.8597
0.087859,20.8053,9.05727,29.8626
0.0880298,21.2748,9.27979,30.5545
0.0882007,21.1337,9.31465,30.4484
0.0883718,21.6689,8.44661,30.1155
0.0885431,20.9477,9.4432,30.3909
0.0887145,22.1128,9.0171,31.1299
0.088886,21.1195,9.41858,30.5381
0.0890577,20.9672,8.48104,29.4482
0.0892296,21.0944,8.79252,29.8869
0.0894016,20.3344,8.64543,28.9799
0.0895738,21.134,8.91788,30.0518
0.0897462,21.322,8.9112,30.2332
0.0899186,20.7386,8.95678,29.6953
0.0900913,21.4992,8.87632,30.3755
0.0902641,21.0577,9.13545,30.1931
0.0904371,20.8942,8.95144,29.8457
0.0906102,21.2348,9.54104,30.7759
0.0907835,20.7803,8.81207,29.5923
0.0909569,20.0823,9.29001,29.3723
0.0911305,20.6935,9.35455,30.0481
0.0913043,21.2745,9.13667,30.4112
0.0914782,21.319,8.77312,30.0921
0.0916523,21.5494,8.80681,30.3562
0.0918265,20.4826,8.84818,29.3307
0.0920009,21.399,9.11657,30.5155
0.0921754,21.325,9.18282,30.5079
0.0923501,21.3553,9.15024,30.5055
0.092525,20.3753,8.92619,29.3015
0.0927,21.5129,9.15163,30.6646
0.0928752,20.5799,8.70601,29.2859
0.0930505,21.2332,9.02061,30.2538
0.093226,20.9861,9.12479,30.1109
0.0934017,20.6232,9.36903,29.9922
0.0935775,21.594,9.09851,30.6925
0.0937535,21.303,8.94137,30.2444
0.0939296,21.4545,9.30041,30.7549
0.0941059,20.4901,8.65225,29.1423
0.0942824,21.0455,9.31576,30.3612
0.094459,21.3451,8.8521,30.1972
0.0946358,21.1166,9.01465,30.1313
0.0948127,20.9865,8.95428,29.9408
0.0949898,20.549,9.44086,29.9898
0.0951671,20.7736,8.83627,29.6099
0.0953445,20.7789,9.05279,29.8317
0.0955221,20.915,8.70072,29.6158
0.0956999,21.2499,8.64737,29.8973
0.0958778,20.656,8.89494,29.5509
0.0960558,20.4888,9.30928,29.7981
0.0962341,20.9203,9.16043,30.0807
0.0964125,20.3789,9.04313,29.4221
0.096591,20.8698,9.36564,30.2354
0.0967697,20.7244,9.15318,29.8776
0.0969486,21.1079,9.17832,30.2863
0.0971277,20.3437,8.88731,29.231
0.0973069,21.301,9.38739,30.6883
0.0974862,20.6976,9.29838,29.996
0.0976658,21.2146,9.29829,30.5128
0.0978455,20.672,8.69143,29.3634
0.0980253,20.2508,9.25661,29.5074
0.0982054,20.8826,8.98567,29.8682
0.0983855,21.0142,8.58763,29.6018
0.0985659,20.7363,8.66547,29.4018
0.0987464,21.2154,8.83552,30.0509
0.0989271,20.8433,9.14869,29.992
0.0991079,21.8992,9.35515,31.2544
0.0992889,20.7746,8.65237,29.427
0.0994701,21.1008,8.85838,29.9592
0.0996514,20.5675,8.90187,29.4694
0.099833,21.4835,9.14022,30.6237
0.100015,20.5911,8.9991,29.5902
0.100196,21.1481,9.05704,30.2052
0.100378,21.5142,9.10552,30.6197
0.100561,20.9066,9.29022,30.1969
0.100743,20.7465,9.49487,30.2414
0.100925,20.5018,9.27904,29.7808
0.101108,20.9039,9.21653,30.1204
0.101291,20.6336,8.94531,29.5789
0.101474,21.0711,9.16731,30.2384
0.101657,21.0351,9.05236,30.0874
0.10184,20.8722,8.7203,29.5924
0.102024,20.8355,9.01748,29.853
0.102208,20.8181,8.59312,29.4112
0.102391,20.443,8.85475,29.2977
0.102575,21.6146,9.15776,30.7724
0.10276,21.0954,8.97624,30.0717
0.102944,21.1835,9.12674,30.3103
0.103128,21.3013,9.159,30.4603
0.103313,20.9845,9.08553,30.07
0.103498,20.9741,9.26376,30.2379
0.103683,20.1769,8.93431,29.1112
0.103868,21.8998,8.75763,30.6574
0.104053,20.4438,8.89088,29.3346
0.104239,20.8386,8.97633,29.8149
0.104425,20.256,9.02132,29.2773
0.10461,21.1255,8.98395,30.1095
0.104796,20.6448,9.16635,29.8112
0.104983,20.8464,8.5733,29.4197
0.105169,20.2895,9.19043,29.4799
0.105355,20.5664,8.66471,29.2311
0.105542,19.8627,8.95805,28.8208
0.105729,20.0851,8.8694,28.9545
0.105916,20.4627,9.22061,29.6833
0.106103,20.5931,8.82845,29.4215
0.106291,20.9674,9.11227,30.0797
0.106478,20.881,8.91566,29.7966
0.106666,20.3141,9.03408,29.3482
0.106854,20.9545,8.85993,29.8144
0.107042,20.7543,9.31486,30.0691
0.10723,20.9754,8.94912,29.9246
0.107418,20.8425,9.3244,30.1669
0.107607,21.034,9.52339,30.5573
0.107796,20.3003,9.30136,29.6016
0.107985,20.7248,9.16135,29.8861
0.108174,20.9108,8.966,29.8768
0.108363,20.7932,9.04293,29.8362
0.108552,21.0903,8.95054,30.0408
0.108742,20.5951,9.43104,30.0261
0.108932,20.994,8.85311,29.8471
0.109122,20.8938,9.35599,30.2498
0.109312,20.8196,9.0396,29.8592
0.109502,20.5048,8.65041,29.1552
0.109692,21.0503,8.98319,30.0335
0.109883,20.8188,8.86394,29.6828
0.110074,21.0903,8.87823,29.9685
0.110265,20.3745,8.99376,29.3682
0.110456,21.1231,8.91941,30.0425
0.110647,20.9656,8.89622,29.8618
0.110839,20.6717,9.04318,29.7149
0.11103,20.3708,8.98919,29.36
0.111222,20.7535,9.05231,29.8058
0.111414,20.3042,9.13776,29.4419
0.111607,20.6397,8.87935,29.5191
0.111799,20.2372,8.81107,29.0482
0.111991,20.6256,8.87955,29.5051
0.112184,21.1911,8.84931,30.0404
0.112377,20.3327,9.132,29.4647
0.11257,20.2894,9.15124,29.4406
0.112763,20.8723,8.89904,29.7713
0.112957,20.0041,9.21333,29.2174
0.11315,21.3562,8.64982,30.006
0.113344,20.682,9.33908,30.021
0.113538,20.7456,9.26435,30.0099
0.113732,20.4556,8.71166,29.1673
0.113927,20.994,9.32225,30.3162
0.114121,20.4342,8.96324,29.3974
0.114316,20.7856,9.35266,30.1383
0.11451,20.4211,9.16725,29.5883
0.114706,20.2982,9.26161,29.5598
0.114901,20.4427,8.89123,29.3339
0.115096,20.1176,9.38681,29.5044
0.115292,20.3005,8.88139,29.1819
0.115487,21.4088,9.11321,30.522
0.115683,20.3587,9.19176,29.5505
0.115879,20.3715,8.8871,29.2586
0.116076,21.5278,8.90571,30.4335
0.116272,20.4198,8.83184,29.2516
0.116469,20.8495,8.83011,29.6796
0.116665,21.3202,9.25241,30.5726
0.116862,20.8146,9.07229,29.8869
0.117059,20.6575,9.12559,29.7831
0.117257,20.2499,9.00027,29.2502
0.117454,20.6458,8.73662,29.3824
0.117652,20.9388,8.9243,29.8631
0.11785,20.4345,9.18437,29.6189
0.118048,19.9951,8.66493,28.66
0.118246,20.5609,9.05759,29.6185
0.118445,20.6122,9.16391,29.7761
0.118643,20.894,9.07032,29.9643
0.118842,20.029,9.21046,29.2395
0.119041,20.8103,8.97923,29.7896
0.11924,20.4882,9.01879,29.5069
0.119439,20.1293,8.54367,28.673
0.119639,20.5961,9.32212,29.9182
0.119838,20.5838,8.60182,29.1856
0.120038,20.9131,8.76383,29.6769
0.120238,19.9733,8.8085,28.7818
0.120439,20.5667,8.88262,29.4493
0.120639,20.2857,9.02596,29.3116
0.12084,20.6302,8.9462,29.5764
0.12104,21.0139,8.97819,29.9921
0.121241,20.7588,9.13936,29.8981
0.121442,19.65,9.27898,28.9289
0.121644,19.7791,8.59009,28.3692
0.121845,21.06,8.64191,29.7019
0.122047,20.3941,9.18381,29.5779
0.122249,19.4296,9.16221,28.5919
0.122451,20.2834,8.73744,29.0208
0.122653,20.3189,8.83027,29.1491
0.122855,20.6954,8.82725,29.5226
0.123058,20.3483,9.34447,29.6928
0.123261,20.0092,8.82902,28.8382
0.123464,20.2491,8.929,29.1781
0.123667,20.3987,8.78515,29.1839
0.12387,20.8024,9.45656,30.259
0.124074,20.699,8.89333,29.5924
0.124277,20.1466,9.11787,29.2645
0.124481,20.2083,8.66337,28.8716
0.124685,19.8884,8.79389,28.6822
0.12489,20.4163,8.98977,29.4061
0.125094,19.7994,8.9941,28.7935
0.125299,20.21,9.04805,29.2581
0.125504,20.8642,8.78756,29.6517
0.125709,20.1528,9.10215,29.2549
0.125914,20.1322,9.06473,29.1969
0.126119,20.4644,8.79085,29.2553
0.126325,20.717,8.79223,29.5093
0.12653,19.9225,8.98069,28.9032
0.126736,20.5588,9.04854,29.6073
0.126942,20.1616,8.99935,29.161
0.127149,20.2441,8.74964,28.9937
0.127355,20.877,9.15958,30.0366
0.127562,20.5363,9.24934,29.7856
0.127769,20.9477,8.51683,29.4645
0.127976,20.6999,8.92957,29.6295
0.128183,20.1395,9.22978,29.3693
0.128391,20.0284,8.93496,28.9634
0.128598,20.6165,9.19454,29.811
0.128806,19.917,9.24341,29.1604
0.129014,19.569,8.86211,28.4311
0.129222,20.7038,9.02023,29.7241
0.129431,20.5887,8.83441,29.4232
0.129639,20.9077,9.03773,29.9454
0.129848,19.8758,8.97907,28.8548
0.130057,19.9128,8.6745,28.5873
0.130266,20.7291,8.68296,29.412
0.130475,20.3833,9.13203,29.5153
0.130685,20.6052,9.22796,29.8332
0.130895,21.0634,8.68215,29.7455
0.131105,20.1123,9.14945,29.2617
0.131315,20.1914,8.71863,28.91
0.131525,20.0138,9.02709,29.0409
0.131735,20.3958,9.0946,29.4904
0.131946,20.046,8.70581,28.7518
0.132157,20.5457,9.28478,29.8305
0.132368,20.3749,8.92285,29.2978
0.132579,20.4291,8.90947,29.3385
0.132791,20.1994,8.76508,28.9645
0.133002,20.325,8.8609,29.1859
0.133214,19.9085,9.41052,29.319
0.133426,20.358,8.97888,29.3368
0.133638,19.9371,9.07851,29.0156
0.133851,19.9221,8.62723,28.5494
0.134063,20.308,8.91294,29.2209
0.134276,20.1233,8.92678,29.0501
0.134489,19.9099,9.12622,29.0361
0.134702,20.3366,9.15345,29.4901
0.134916,20.1097,9.09156,29.2013
0.135129,20.3056,8.5139,28.8195
0.135343,20.2506,9.37422,29.6248
0.135557,20.4248,9.29835,29.7231
0.135771,19.7046,8.73572,28.4403
0.135985,19.9529,8.5766,28.5295
0.1362,20.0768,9.08946,29.1662
0.136415,19.9508,9.07023,29.0211
0.13663,19.9608,8.61225,28.573
0.136845,19.6747,8.92987,28.6046
0.13706,20.1242,9.09623,29.2204
0.137275,19.6342,8.74892,28.3831
0.137491,20.3585,9.22269,29.5812
0.137707,19.9965,9.06214,29.0587
0.137923,19.7014,9.17269,28.8741
0.138139,20.2891,9.07307,29.3621
0.138356,19.8641,9.16228,29.0264
0.138573,20.41,8.85779,29.2678
0.13879,20.5471,8.84849,29.3956
0.139007,20.1413,8.71828,28.8595
0.139224,19.277,8.58872,27.8657
0.139441,19.557,8.94435,28.5014
0.139659,19.3449,9.22962,28.5745
0.139877,19.6335,8.8604,28.4939
0.140095,19.6496,8.67872,28.3283
0.140313,20.0916,8.6532,28.7448
0.140532,19.6889,8.90119,28.5901
0.14075,20.0803,8.88259,28.9628
0.140969,19.6556,9.2008,28.8564
0.141188,19.6948,8.79855,28.4933
0.141408,19.9017,8.8456,28.7473
0.141627,20.2699,9.09042,29.3603
0.141847,19.7503,9.02412,28.7745
0.142067,19.5988,9.11551,28.7143
0.142287,20.2675,8.97292,29.2404
0.142507,20.1887,8.61515,28.8038
0.142727,20.1339,8.77152,28.9054
0.142948,19.4579,8.86261,28.3205
0.143169,20.0843,9.01648,29.1007
0.14339,20.2785,9.22271,29.5012
0.143611,19.9214,9.12116,29.0425
0.143833,19.9652,8.76124,28.7264
0.144054,19.6168,9.20984,28.8266
0.144276,19.7302,9.07661,28.8068
0.144498,19.6249,8.8171,28.442
0.144721,19.3783,9.08624,28.4645
0.144943,20.025,9.17026,29.1953
0.145166,20.0316,8.90693,28.9386
0.145389,20.241,8.62572,28.8667
0.145612,20.3495,9.14107,29.4906
0.145835,19.7027,8.95628,28.659
0.146058,19.6357,8.9614,28.5971
0.146282,20.1263,8.68772,28.8141
0.146506,20.1625,8.81377,28.9763
0.14673,19.6837,8.76504,28.4488
0.146954,19.1966,9.17274,28.3693
0.147179,19.8719,8.61006,28.482
0.147404,19.7975,9.1089,28.9064
0.147629,19.728,8.86367,28.5917
0.147854,20.3494,8.7729,29.1223
0.148079,20.1061,9.5521,29.6582
0.148304,19.5339,9.12523,28.6591
0.14853,20.1868,9.12685,29.3136
0.148756,19.2624,8.66739,27.9298
0.148982,19.4768,9.04476,28.5215
0.149209,19.9406,9.25461,29.1952
0.149435,19.8776,8.9841,28.8617
0.149662,19.8853,9.44654,29.3318
0.149889,19.1176,8.54608,27.6637
0.150116,19.4124,8.81523,28.2276
0.150343,19.6308,9.07454,28.7053
0.150571,19.6782,8.81576,28.494
0.150799,19.6467,9.06516,28.7119
0.151027,19.9386,9.15572,29.0943
0.151255,19.8058,8.74249,28.5483
0.151483,19.6795,8.98492,28.6644
0.151712,19.5302,8.77202,28.3022
0.151941,19.8844,9.26442,29.1489
0.15217,19.9128,9.01876,28.9316
0.152399,19.8633,8.82428,28.6875
0.152629,20.4345,9.00995,29.4445
0.152858,19.7714,9.15338,28.9247
0.153088,19.7259,8.96839,28.6943
0.153318,19.5465,8.75844,28.3049
0.153549,19.3452,9.11462,28.4598
0.153779,19.7189,9.37844,29.0973
0.15401,19.8028,9.19977,29.0026
0.154241,19.8576,9.05275,28.9104
0.154472,19.6803,8.68294,28.3632
0.154703,19.4419,8.83418,28.276
0.154935,19.7501,9.13491,28.885
0.155166,19.5453,9.00189,28.5472
0.155398,19.2851,9.17222,28.4573
0.155631,18.8076,9.36939,28.177
0.155863,19.3859,8.76542,28.1513
0.156096,19.5546,8.9509,28.5055
0.156328,19.6084,8.91257,28.5209
0.156561,19.7874,8.9735,28.7609
0.156795,19.8477,9.34328,29.191
0.157028,19.1877,8.80584,27.9935
0.157262,19.6986,8.8697,28.5683
0.157496,19.9975,8.95964,28.9572
0.15773,19.3858,9.49327,28.8791
0.157964,20.1554,9.0492,29.2046
0.158199,19.7873,8.89789,28.6852
0.158433,19.4027,8.84021,28.2429
0.158668,19.0067,8.69061,27.6973
0.158903,19.2964,9.18626,28.4826
0.159139,19.4044,9.23735,28.6417
0.159374,19.3689,8.67369,28.0426
0.15961,19.0416,8.71174,27.7534
0.159846,19.5733,9.14527,28.7186
0.160082,19.2536,9.03842,28.292
0.160319,19.5532,9.10331,28.6565
0.160555,19.372,9.1416,28.5136
0.160792,19.2284,8.9381,28.1665
0.161029,20.0855,9.05127,29.1367
0.161267,19.2202,8.82539,28.0456
0.161504,19.3111,8.53866,27.8498
0.161742,19.544,8.68655,28.2305
0.16198,19.1193,9.14798,28.2672
0.162218,19.1267,8.89945,28.0262
0.162456,19.1969,8.90898,28.1059
0.162695,19.9157,8.65,28.5657
0.162934,19.7247,9.04272,28.7674
0.163173,19.347,8.82567,28.1726
0.163412,19.8925,9.22737,29.1198
0.163652,19.3978,8.94448,28.3423
0.163891,19.6654,9.33311,28.9985
0.164131,19.415,9.05502,28.47
0.164371,19.0833,9.17137,28.2547
0.164612,19.3976,8.93365,28.3313
0.164852,19.1575,9.23483,28.3924
0.165093,19.394,8.96338,28.3573
0.165334,19.7049,8.66487,28.3698
0.165575,19.3402,8.9237,28.2639
0.165817,19.5441,9.13432,28.6784
0.166058,19.2839,8.84912,28.1331
0.1663,19.1805,9.13957,28.32
0.166542,19.6674,9.14179,28.8091
0.166785,19.043,8.94508,27.9881
0.167027,19.1168,8.91787,28.0347
0.16727,19.0604,9.06038,28.1207
0.167513,19.7915,8.79214,28.5837
0.167756,18.6594,8.9462,27.6056
0.167999,19.4777,8.72766,28.2053
0.168243,19.6082,9.03697,28.6451
0.168487,19.1513,9.10841,28.2597
0.168731,19.4061,8.94017,28.3463
0.168975,19.4326,9.19033,28.6229
0.16922,19.3452,9.54004,28.8852
0.169465,19.4932,9.15976,28.6529
0.16971,19.5112,8.77237,28.2836
0.169955,19.3667,8.7702,28.1369
0.1702,19.2154,9.16687,28.3823
0.170446,18.6613,9.52333,28.1846
0.170692,19.136,9.13532,28.2713
0.170938,19.4196,9.02041,28.44
0.171184,19.0733,8.87442,27.9477
0.171431,19.1447,9.00188,28.1465
0.171677,19.4522,8.63361,28.0858
0.171924,19.036,9.07499,28.111
0.172171,19.0169,9.11386,28.1307
0.172419,18.9587,8.74384,27.7025
0.172667,18.6161,9.0167,27.6328
0.172914,18.9877,8.53958,27.5273
0.173163,19.3537,8.88503,28.2387
0.173411,18.9939,9.05196,28.0459
0.173659,19.1991,8.66183,27.8609
0.173908,19.1981,8.9201,28.1182
0.174157,19.0253,8.6738,27.6991
0.174406,18.8984,9.27833,28.1767
0.174656,19.1887,9.14295,28.3317
0.174906,19.5797,8.92622,28.5059
0.175156,19.2961,8.97329,28.2694
0.175406,19.1374,8.49057,27.628
0.175656,19.286,8.87269,28.1587
0.175907,19.2445,8.74474,27.9893
0.176157,19.3475,8.93321,28.2807
0.176408,19.0334,8.74434,27.7777
0.17666,19.2485,9.04168,28.2902
0.176911,18.8176,8.56265,27.3802
0.177163,18.8319,9.15146,27.9834
0.177415,18.4119,8.87211,27.284
0.177667,19.4486,9.00833,28.4569
0.17792,19.1597,8.9871,28.1468
0.178172,19.1236,8.68175,27.8054
0.178425,18.7757,8.99378,27.7695
0.178678,19.3073,8.92587,28.2332
0.178932,19.5745,9.34706,28.9216
0.179185,19.5632,8.95915,28.5224
0.179439,18.7665,8.96059,27.7271
0.179693,19.4304,9.17296,28.6033
0.179947,19.5517,9.27356,28.8253
0.180202,19.234,8.82686,28.0608
0.180457,18.8365,8.81218,27.6487
0.180711,19.1241,9.31066,28.4348
0.180967,19.1529,9.11928,28.2722
0.181222,19.124,8.90545,28.0295
0.181478,18.6405,9.11216,27.7527
0.181734,19.1942,8.84185,28.036
0.18199,19.2274,8.77499,28.0024
0.182246,18.4997,9.03522,27.5349
0.182503,19.198,9.2245,28.4225
0.18276,19.202,9.50949,28.7115
0.183017,18.789,9.09085,27.8798
0.183274,19.0964,8.88093,27.9773
0.183531,19.2752,9.17579,28.451
0.183789,18.9461,8.9728,27.9189
0.184047,19.2664,9.26516,28.5315
0.184305,19.4645,9.00841,28.4729
0.184564,19.1483,9.22362,28.3719
0.184822,18.7239,9.02127,27.7452
0.185081,18.943,8.74915,27.6921
0.185341,18.423,8.7603,27.1833
0.1856,18.6971,8.61161,27.3087
0.18586,18.5786,8.70078,27.2793
0.186119,18.9544,9.01021,27.9646
0.18638,18.609,9.13864,27.7476
0.18664,19.382,9.2013,28.5833
0.186901,18.5199,8.76153,27.2814
0.187161,18.8192,8.80167,27.6209
0.187422,18.9399,9.16364,28.1036
0.187684,18.4424,9.14498,27.5874
0.187945,19.0834,8.891,27.9744
0.188207,18.8522,8.87579,27.7279
0.188469,18.8111,9.01163,27.8227
0.188731,19.4796,8.72921,28.2088
0.188994,18.9917,8.93911,27.9308
0.189256,18.3172,9.30681,27.624
0.189519,18.5747,8.67211,27.2468
0.189783,18.7421,9.15113,27.8932
0.190046,18.7776,8.76097,27.5385
0.19031,18.2095,9.04244,27.252
0.190574,18.2576,8.76052,27.0181
0.190838,18.9226,9.11654,28.0391
0.191102,19.0048,8.73719,27.742
0.191367,18.3302,8.91536,27.2456
0.191632,18.4907,8.62468,27.1153
0.191897,18.7028,9.11796,27.8207
0.192162,18.7907,8.99521,27.7859
0.192428,19.1874,8.94751,28.1349
0.192694,18.9692,9.20771,28.1769
0.19296,18.9138,8.98288,27.8966
0.193226,19.0574,9.40865,28.4661
0.193493,18.2969,8.9714,27.2683
0.193759,19.2204,9.07007,28.2905
0.194026,18.6642,8.88598,27.5502
0.194294,18.8625,8.54542,27.4079
0.194561,18.7885,8.96982,27.7583
0.194829,18.4962,8.79126,27.2874
0.195097,18.8903,8.94213,27.8325
0.195365,18.7883,8.9614,27.7497
0.195634,18.9694,9.00047,27.9698
0.195903,18.3424,8.9918,27.3342
0.196172,18.4669,8.85805,27.325
0.196441,18.5008,9.13155,27.6323
0.19671,18.5308,8.81825,27.3491
0.19698,18.5545,8.67702,27.2316
0.19725,17.7128,9.05579,26.7686
0.19752,19.2539,8.83822,28.0921
0.197791,18.6769,8.78662,27.4635
0.198062,18.2623,9.45995,27.7223
0.198333,18.4419,8.67506,27.117
0.198604,18.6405,9.23921,27.8797
0.198875,18.6411,8.97506,27.6161
0.199147,18.2466,8.87754,27.1242
0.199419,18.6359,8.95234,27.5883
0.199691,18.6259,8.76874,27.3946
0.199964,18.8926,8.79557,27.6882
0.200236,18.9447,9.13354,28.0782
0.200509,18.0777,9.00736,27.0851
0.200782,18.1813,9.26651,27.4478
0.201056,18.628,8.74896,27.377
0.201329,18.9328,8.91144,27.8443
0.201603,18.4152,8.9565,27.3717
0.201878,18.2428,9.24101,27.4838
0.202152,18.3916,8.85641,27.2481
0.202427,18.2007,9.15044,27.3512
0.202702,18.2129,9.26125,27.4742
0.202977,17.9181,9.09364,27.0118
0.203252,18.9167,8.78118,27.6979
0.203528,18.9742,8.84802,27.8222
0.203804,18.2907,8.87375,27.1645
0.20408,18.3129,8.99003,27.3029
0.204356,18.9199,8.6591,27.579
0.204633,18.0547,9.01626,27.0709
0.20491,18.5191,9.03212,27.5512
0.205187,18.9059,8.99857,27.9045
0.205465,18.5121,8.74861,27.2607
0.205742,17.8795,9.19648,27.076
0.20602,18.6923,8.69092,27.3832
0.206299,18.8048,9.04793,27.8527
0.206577,17.9776,8.88986,26.8674
0.206856,18.7843,9.08599,27.8703
0.207135,18.0295,9.18502,27.2145
0.207414,18.3962,8.94125,27.3375
0.207693,18.1638,9.19633,27.3602
0.207973,18.4136,8.97634,27.3899
0.208253,18.1002,9.0945,27.1947
0.208533,18.7816,9.2862,28.0678
0.208814,18.3907,8.70552,27.0962
0.209095,17.71,8.7699,26.4799
0.209376,18.4174,8.65971,27.0771
0.209657,18.3417,9.2166,27.5584
0.209938,18.2407,8.7914,27.0321
0.21022,18.1978,9.04195,27.2397
0.210502,18.0647,9.17192,27.2367
0.210784,18.6331,9.06063,27.6938
0.211067,18.6233,8.6464,27.2697
0.21135,18.0353,9.14842,27.1838
0.211633,18.359,9.08795,27.4469
0.211916,18.5545,9.19707,27.7515
0.2122,17.7717,8.86114,26.6328
0.212483,18.11,8.56616,26.6761
0.212767,18.0375,8.90671,26.9442
0.213052,18.2324,9.07576,27.3081
0.213336,17.6586,9.23102,26.8897
0.213621,18.2353,9.02545,27.2607
0.213906,18.1995,9.10932,27.3088
0.214192,18.4365,9.04495,27.4815
0.214477,18.6215,9.10406,27.7255
0.214763,18.0712,9.124,27.1952
0.215049,17.5376,8.8194,26.357
0.215336,17.9227,8.9071,26.8298
0.215622,18.1195,8.9895,27.109
0.215909,18.1203,8.6462,26.7665
0.216197,18.2859,9.21075,27.4966
0.216484,18.0876,9.15568,27.2433
0.216772,18.3022,9.06229,27.3645
0.21706,17.6984,8.77062,26.469
0.217348,18.843,9.00041,27.8434
0.217636,17.7943,9.12164,26.916
0.217925,18.1531,9.38003,27.5332
0.218214,17.8959,8.6579,26.5538
0.218504,18.2431,8.57507,26.8181
0.218793,17.9627,8.98758,26.9502
0.219083,18.437,8.97605,27.413
0.219373,17.7696,8.9937,26.7633
0.219663,17.8612,8.84553,26.7067
0.219954,17.9887,8.93833,26.927
0.220245,18.2452,8.99506,27.2403
0.220536,17.8857,9.02001,26.9057
0.220827,17.8169,8.9838,26.8007
0.221119,17.8063,8.92095,26.7272
0.221411,18.0303,9.07122,27.1015
0.221703,18.0705,8.83582,26.9064
0.221996,17.9962,8.58092,26.5771
0.222288,18.1136,8.95149,27.0651
0.222581,18.2067,9.19698,27.4037
0.222875,17.8795,8.9788,26.8583
0.223168,17.8336,9.24154,27.0752
0.223462,18.0187,8.97347,26.9921
0.223756,18.4115,9.13294,27.5444
0.22405,17.7777,9.26405,27.0417
0.224345,18.2342,9.17155,27.4058
0.22464,17.8709,9.15918,27.0301
0.224935,17.9045,8.9958,26.9003
0.22523,18.2888,9.24712,27.5359
0.225526,18.2392,9.18204,27.4212
0.225822,17.909,8.87915,26.7882
0.226118,18.1624,9.06401,27.2264
0.226414,18.1246,8.75542,26.8801
0.226711,17.7744,8.90914,26.6836
0.227008,18.1187,8.87994,26.9986
0.227305,17.9119,8.60433,26.5162
0.227603,17.8689,9.02345,26.8923
0.227901,17.8202,9.3547,27.1749
0.228199,17.4013,9.0302,26.4315
0.228497,17.6308,9.16832,26.7992
0.228796,17.4974,9.27111,26.7685
0.229095,17.7842,9.20792,26.9921
0.229394,17.8155,8.84054,26.656
0.229693,17.9062,9.01958,26.9257
0.229993,18.0834,9.11411,27.1975
0.230293,17.9139,8.83319,26.7471
0.230593,18.0756,8.84671,26.9223
0.230894,17.7058,9.08514,26.7909
0.231195,18.1513,8.90185,27.0531
0.231496,18.3131,9.29605,27.6091
0.231797,17.1912,9.58512,26.7763
0.232099,17.1577,8.98036,26.138
0.232401,17.648,9.2458,26.8938
0.232703,17.9316,8.80331,26.7349
0.233005,17.3585,9.0986,26.4571
0.233308,17.9292,8.90033,26.8295
0.233611,17.8565,9.00354,26.86
0.233914,17.9822,8.77332,26.7555
0.234218,18.2347,9.32842,27.5632
0.234522,16.9709,8.99983,25.9707
0.234826,17.4459,9.10248,26.5483
0.23513,17.6762,8.81507,26.4913
0.235435,17.392,8.65714,26.0491
0.23574,17.6789,9.04279,26.7217
0.236045,17.5871,8.66386,26.2509
0.236351,17.5503,9.04277,26.5931
0.236656,17.706,9.0642,26.7702
0.236962,17.6142,8.9002,26.5144
0.237269,17.6267,8.99419,26.6209
0.237575,17.7296,9.10801,26.8376
0.237882,17.8949,8.77529,26.6701
0.238189,17.7362,9.08738,26.8236
0.238497,17.9889,9.27267,27.2615
0.238805,17.786,9.1482,26.9342
0.239113,17.5111,8.99946,26.5105
0.239421,17.5141,9.32139,26.8354
0.239729,17.3011,9.33199,26.6331
0.240038,17.5672,9.06313,26.6303
0.240347,17.4509,9.02789,26.4788
0.240657,17.0486,9.0717,26.1203
0.240967,17.3359,9.0224,26.3583
0.241277,17.4674,8.91263,26.38
0.241587,17.3247,8.9847,26.3094
0.241897,17.5093,8.62294,26.1322
0.242208,17.4468,9.10505,26.5518
0.242519,17.3736,9.27582,26.6494
0.242831,17.443,8.84865,26.2917
0.243142,17.4495,9.27039,26.7199
0.243454,17.4051,9.23011,26.6352
0.243766,16.7633,8.96476,25.7281
0.244079,17.4761,9.18021,26.6563
0.244392,17.7465,8.67259,26.4191
0.244705,16.7575,8.92551,25.683
0.245018,16.9303,8.7473,25.6776
0.245332,17.6738,8.93227,26.6061
0.245646,17.4326,9.22468,26.6573
0.24596,17.6988,9.05891,26.7577
0.246275,17.6129,8.90088,26.5138
0.246589,17.273,8.70461,25.9776
0.246904,17.0379,9.12351,26.1614
0.24722,17.6606,9.25863,26.9192
0.247535,17.1635,8.90234,26.0658
0.247851,17.3561,8.97125,26.3274
0.248168,17.4011,8.81123,26.2124
0.248484,17.3836,9.56547,26.949
0.248801,17.9462,8.82938,26.7756
0.249118,17.5598,9.13795,26.6978
0.249435,17.1675,8.84372,26.0112
0.249753,16.8194,9.18988,26.0092
0.250071,17.4301,9.23003,26.6601
0.250389,17.5235,8.75919,26.2827
0.250708,17.1742,8.94534,26.1195
0.251027,17.0461,8.99951,26.0456
0.251346,18.0015,8.60398,26.6054
0.251665,17.0588,9.03305,26.0919
0.251985,17.0539,9.21711,26.2711
0.252305,17.2362,9.18881,26.425
0.252625,17.1956,9.62142,26.817
0.252946,16.6285,8.87486,25.5034
0.253267,17.2812,9.34047,26.6217
0.253588,17.2615,8.9621,26.2236
0.253909,16.9934,9.12438,26.1177
0.254231,16.9361,8.75039,25.6865
0.254553,17.2549,9.09139,26.3462
0.254875,17.0763,9.27699,26.3533
0.255198,17.11,8.75168,25.8616
0.255521,17.0729,8.91889,25.9918
0.255844,17.0496,8.89549,25.9451
0.256167,17.0155,8.96645,25.982
0.256491,17.0834,8.81284,25.8963
0.256815,17.3733,8.77524,26.1486
0.25714,16.5307,9.0743,25.605
0.257464,16.706,9.04473,25.7508
0.257789,17.3501,8.50902,25.8591
0.258115,17.555,8.67918,26.2342
0.25844,16.9913,9.45635,26.4476
0.258766,16.4104,9.00882,25.4192
0.259092,16.9276,9.11959,26.0472
0.259419,16.9346,9.1286,26.0632
0.259745,16.5645,8.94234,25.5068
0.260072,17.587,8.7212,26.3082
0.2604,17.1326,9.37331,26.5059
0.260727,16.7146,8.84992,25.5646
0.261055,17.1182,8.84598,25.9642
0.261384,17.2119,8.92564,26.1376
0.261712,16.8499,9.21369,26.0636
0.262041,17.4032,9.2374,26.6406
0.26237,16.8104,9.1742,25.9846
0.262699,17.2631,8.96818,26.2312
0.263029,16.7248,8.92856,25.6533
0.263359,16.8208,9.04023,25.8611
0.26369,17.2509,9.09717,26.348
0.26402,17.0362,9.00272,26.039
0.264351,16.7499,8.99055,25.7404
0.264682,16.9974,9.4412,26.4386
0.265014,16.8956,9.18238,26.078
0.265346,16.8567,8.93591,25.7926
0.265678,16.9118,9.05335,25.9651
0.26601,16.6219,9.0827,25.7046
0.266343,16.3809,8.97723,25.3581
0.266676,16.7748,8.99443,25.7693
0.267009,16.7031,9.29341,25.9965
0.267343,16.9608,8.93736,25.8981
0.267677,17.1639,9.09307,26.2569
0.268011,16.9286,9.2591,26.1877
0.268346,17.2435,9.01782,26.2613
0.268681,16.2099,8.9522,25.1621
0.269016,16.6585,8.64233,25.3008
0.269351,16.6949,8.92466,25.6196
0.269687,17.0342,9.08931,26.1235
0.270023,16.8741,8.95062,25.8247
0.270359,16.7454,8.99618,25.7415
0.270696,16.9093,8.8599,25.7692
0.271033,16.8459,9.00472,25.8506
0.27137,16.9138,9.03008,25.9439
0.271708,16.5686,8.94152,25.5101
0.272046,16.5796,9.14658,25.7262
0.272384,16.52,9.21641,25.7364
0.272723,16.8532,8.64067,25.4938
0.273062,16.8539,8.95405,25.8079
0.273401,16.6746,8.86675,25.5414
0.27374,16.8069,9.17885,25.9857
0.27408,16.4498,9.24922,25.699
0.27442,16.7729,9.0716,25.8445
0.27476,16.7614,9.05048,25.8119
0.275101,16.3663,8.87419,25.2405
0.275442,16.5679,8.89315,25.4611
0.275783,16.652,9.07579,25.7278
0.276125,16.887,9.26959,26.1566
0.276467,16.8487,8.94798,25.7967
0.276809,16.2332,9.00215,25.2354
0.277152,16.4416,8.74698,25.1886
0.277495,16.2963,9.163,25.4593
0.277838,16.3296,9.3507,25.6803
0.278181,16.6996,9.20441,25.904
0.278525,16.0793,9.0126,25.0919
0.278869,16.4823,9.04932,25.5316
0.279214,16.4504,9.16368,25.6141
0.279558,16.4164,9.04526,25.4616
0.279903,16.5273,8.77803,25.3053
0.280249,16.6066,8.71469,25.3213
0.280594,16.7816,8.71649,25.4981
0.28094,16.0759,9.01233,25.0883
0.281287,16.3385,9.21449,25.553
0.281633,16.6018,9.12816,25.73
0.28198,16.6302,8.78696,25.4172
0.282328,16.8612,8.7485,25.6097
0.282675,16.1879,9.00639,25.1943
0.283023,16.351,9.04119,25.3921
0.283371,16.7737,9.07887,25.8526
0.28372,16.3683,9.31856,25.6868
0.284069,16.3702,9.23106,25.6013
0.284418,16.217,8.85866,25.0757
0.284767,16.5436,9.0825,25.6261
0.285117,16.3536,8.87422,25.2279
0.285467,16.4339,9.22129,25.6551
0.285818,16.1579,9.16357,25.3215
0.286168,16.5188,9.09443,25.6132
0.286519,16.2714,8.86785,25.1392
0.286871,15.9885,8.7149,24.7034
0.287222,16.684,9.04386,25.7278
0.287574,16.1992,8.89776,25.097
0.287927,16.4209,8.67207,25.093
0.288279,16.2704,9.15937,25.4297
0.288632,15.7481,8.65553,24.4036
0.288986,16.4413,8.99584,25.4372
0.289339,16.5537,8.76139,25.3151
0.289693,16.155,8.93445,25.0895
0.290048,16.1999,9.07626,25.2762
0.290402,16.0067,9.03578,25.0425
0.290757,16.2644,9.27094,25.5354
0.291112,16.2248,9.0209,25.2457
0.291468,16.2172,8.67636,24.8936
0.291824,15.8684,8.49156,24.3599
0.29218,16.3659,9.07594,25.4418
0.292536,15.9461,8.90666,24.8528
0.292893,16.1782,8.79767,24.9758
0.293251,16.3927,9.12839,25.5211
0.293608,16.4616,8.97888,25.4405
0.293966,16.1196,9.07281,25.1924
0.294324,15.7692,8.88362,24.6528
0.294682,16.3264,8.70483,25.0313
0.295041,16.0875,9.06282,25.1503
0.2954,16.1476,9.22226,25.3698
0.29576,15.6929,8.9234,24.6163
0.29612,16.1026,9.12296,25.2256
0.29648,15.9109,8.74569,24.6566
0.29684,15.9403,8.57676,24.517
0.297201,16.1868,8.77491,24.9617
0.297562,16.1004,9.10385,25.2043
0.297923,16.0213,8.87206,24.8933
0.298285,15.8891,8.77247,24.6615
0.298647,15.881,9.1813,25.0623
0.29901,15.977,8.82628,24.8033
0.299372,15.8978,9.41995,25.3178
0.299735,15.6116,8.86635,24.478
0.300099,15.5881,8.96708,24.5552
0.300463,16.2101,8.99871,25.2088
0.300827,15.8354,9.09401,24.9294
0.301191,15.8551,8.87894,24.734
0.301556,15.6694,8.75155,24.4209
0.301921,15.8077,9.37758,25.1853
0.302286,15.8864,8.86024,24.7467
0.302652,15.9811,9.44891,25.43
0.303018,15.8925,8.57519,24.4677
0.303384,16.1583,8.8831,25.0414
0.303751,15.7656,8.87867,24.6443
0.304118,15.6205,9.05991,24.6804
0.304485,15.9245,8.93081,24.8553
0.304853,15.847,8.82104,24.6681
0.305221,15.6737,8.95272,24.6264
0.30559,15.6128,9.20823,24.821
0.305958,16.0669,8.81401,24.8809
0.306327,15.3863,8.75473,24.141
0.306697,15.4498,8.99055,24.4404
0.307067,15.424,8.94913,24.3732
0.307437,15.57,8.98759,24.5576
0.307807,15.7323,8.79372,24.526
0.308178,15.5421,9.00936,24.5514
0.308549,15.8237,9.19756,25.0213
0.30892,15.9529,9.07962,25.0325
0.309292,15.5228,8.72073,24.2436
0.309664,15.4868,8.92538,24.4122
0.310036,15.3619,8.84114,24.203
0.310409,15.7695,9.10415,24.8736
0.310782,16.0231,9.02614,25.0492
0.311156,15.9622,8.93943,24.9017
0.31153,15.5359,9.11701,24.6529
0.311904,15.9904,8.95626,24.9466
0.312278,15.7913,8.90098,24.6923
0.312653,15.6602,8.92598,24.5862
0.313028,15.4883,8.97468,24.463
0.313404,15.4543,9.24254,24.6968
0.313779,15.6499,8.93113,24.5811
0.314155,15.7042,8.79764,24.5018
0.314532,15.7293,8.80604,24.5354
0.314909,15.8751,9.13004,25.0052
0.315286,15.4944,9.05804,24.5525
0.315664,15.6443,8.75911,24.4034
0.316041,15.9113,8.99767,24.909
0.31642,15.5651,8.97548,24.5406
0.316798,15.4471,9.01228,24.4594
0.317177,15.472,9.24926,24.7213
0.317556,15.2299,8.99285,24.2227
0.317936,15.426,8.9836,24.4096
0.318316,15.263,8.80478,24.0678
0.318696,15.6311,8.7455,24.3766
0.319077,15.5735,8.75331,24.3269
0.319458,15.3621,8.87327,24.2353
0.319839,15.4219,9.16403,24.5859
0.320221,15.1197,9.1052,24.2249
0.320603,15.4263,8.91547,24.3418
0.320985,15.3259,9.15301,24.479
0.321368,15.5528,9.11016,24.6629
0.321751,15.33,9.01533,24.3453
0.322134,15.162,8.92213,24.0842
0.322518,15.2906,9.19216,24.4828
0.322902,15.4451,8.55563,24.0008
0.323287,15.2242,8.79716,24.0213
0.323672,15.5717,8.96124,24.5329
0.324057,15.1196,8.99232,24.112
0.324442,15.2073,9.115,24.3223
0.324828,15.3595,8.87924,24.2388
0.325214,15.1181,9.02901,24.1471
0.325601,15.2518,8.83394,24.0857
0.325988,14.9391,8.92487,23.864
0.326375,14.9476,9.15598,24.1036
0.326763,14.8763,9.1579,24.0342
0.327151,15.1842,9.32555,24.5098
0.327539,15.1303,8.7584,23.8887
0.327928,15.0129,9.31036,24.3233
0.328317,15.0536,8.99338,24.047
0.328706,15.3592,8.85684,24.2161
0.329096,15.1963,9.03535,24.2317
0.329486,15.0466,8.88721,23.9338
0.329876,14.9344,9.06313,23.9975
0.330267,15.3277,9.08321,24.4109
0.330658,14.9819,9.26544,24.2474
0.33105,14.9537,8.92959,23.8833
0.331442,14.8714,9.04105,23.9124
0.331834,15.3199,8.66149,23.9814
0.332226,14.5276,9.004,23.5316
0.332619,15.2296,9.22627,24.4558
0.333013,14.7884,8.99898,23.7874
0.333406,15.0949,9.35547,24.4503
0.3338,15.0046,8.89083,23.8955
0.334195,14.9418,9.0565,23.9983
0.334589,15.588,9.02564,24.6137
0.334984,14.8583,8.89712,23.7554
0.33538,14.7002,9.01989,23.7201
0.335776,15.158,8.77137,23.9294
0.336172,14.9729,8.90809,23.881
0.336568,14.8807,8.83423,23.7149
0.336965,15.1629,9.26384,24.4267
0.337362,15.0643,8.69645,23.7608
0.33776,14.6728,8.96038,23.6332
0.338158,14.941,9.01613,23.9572
0.338556,14.4738,9.11099,23.5848
0.338955,14.7698,8.83472,23.6045
0.339354,15.1897,8.9912,24.1809
0.339753,14.7324,9.10602,23.8385
0.340153,14.5223,8.80905,23.3314
0.340553,14.73,8.98439,23.7144
0.340954,15.0857,9.12302,24.2088
0.341355,14.3716,9.11327,23.4849
0.341756,14.7109,8.72346,23.4344
0.342158,14.6825,8.88095,23.5634
0.34256,14.7152,8.96373,23.6789
0.342962,14.8181,9.09643,23.9146
0.343365,14.48,9.02448,23.5044
0.343768,14.6855,9.2975,23.9829
0.344171,14.5792,9.03835,23.6176
0.344575,14.7906,8.8718,23.6624
0.344979,14.6916,9.09525,23.7868
0.345384,14.4862,8.96386,23.4501
0.345788,14.7672,8.93343,23.7007
0.346194,15.1611,8.83167,23.9927
0.346599,14.6389,9.29196,23.9308
0.347005,14.5986,9.0958,23.6944
0.347412,14.6998,8.95424,23.654
0.347818,14.7018,9.05393,23.7557
0.348226,14.6395,9.09968,23.7392
0.348633,14.6398,9.02632,23.6661
0.349041,14.2266,9.00165,23.2282
0.349449,15.0214,9.17987,24.2013
0.349858,14.5132,8.91407,23.4272
0.350267,15.0309,8.93941,23.9703
0.350676,14.384,9.36591,23.7499
0.351086,14.7706,8.79087,23.5614
0.351496,14.5739,8.92562,23.4995
0.351906,14.4621,8.86908,23.3312
0.352317,14.1638,8.86144,23.0252
0.352728,14.1486,9.0343,23.1829
0.35314,14.479,8.85395,23.3329
0.353552,14.5583,8.74458,23.3029
0.353964,14.4382,9.12235,23.5606
0.354377,14.3626,8.89612,23.2587
0.35479,14.1821,9.08721,23.2693
0.355203,14.4803,8.81142,23.2917
0.355617,14.3905,8.92149,23.312
0.356031,14.4863,8.79116,23.2775
0.356446,14.4162,9.46633,23.8825
0.356861,14.2336,9.07271,23.3063
0.357276,14.5291,9.03345,23.5626
0.357692,14.6813,9.02394,23.7053
0.358108,14.4536,8.81404,23.2676
0.358524,14.1966,9.12049,23.3171
0.358941,14.178,8.87444,23.0525
0.359358,14.0513,8.96046,23.0118
0.359776,14.1515,8.92494,23.0764
0.360194,14.481,9.15591,23.6369
0.360612,14.0276,8.96456,22.9921
0.361031,14.0895,9.13648,23.226
0.36145,14.179,9.16162,23.3406
0.36187,13.8583,9.00618,22.8645
0.36229,14.1512,8.8904,23.0416
0.36271,14.2725,8.65433,22.9268
0.36313,14.066,9.60154,23.6675
0.363552,14.3326,9.03208,23.3647
0.363973,14.1409,8.95187,23.0927
0.364395,14.4022,8.94262,23.3448
0.364817,13.8657,8.86394,22.7296
0.365239,14.1841,8.99846,23.1825
0.365662,14.0909,8.82389,22.9148
0.366086,13.803,9.02826,22.8312
0.366509,13.9556,9.1644,23.12
0.366934,14.3958,9.09968,23.4955
0.367358,13.9163,9.03122,22.9475
0.367783,13.9274,9.12987,23.0572
0.368208,14.042,9.05391,23.0959
0.368634,13.5854,9.10202,22.6874
0.36906,13.6871,8.91411,22.6012
0.369486,14.0566,8.91835,22.9749
0.369913,14.117,9.21106,23.328
0.37034,13.6814,8.85694,22.5384
0.370768,14.2302,9.14721,23.3774
0.371196,13.5496,9.09159,22.6412
0.371624,13.9639,9.19108,23.155
0.372053,14.3369,8.87557,23.2125
0.372482,13.9795,9.08432,23.0638
0.372912,14.1197,8.87455,22.9942
0.373342,13.8842,8.98003,22.8642
0.373772,13.4297,9.00363,22.4333
0.374203,13.5861,9.08392,22.67
0.374634,13.881,9.09392,22.9749
0.375065,13.7274,8.62083,22.3482
0.375497,13.8763,8.98499,22.8612
0.375929,13.8581,9.10243,22.9605
0.376362,13.4792,9.02587,22.5051
0.376795,13.8212,8.97246,22.7936
0.377228,13.6351,8.95513,22.5902
0.377662,14.0645,8.83741,22.9019
0.378096,13.7407,9.21394,22.9547
0.378531,13.8485,8.86544,22.714
0.378966,13.8667,8.84663,22.7133
0.379402,13.6222,8.98526,22.6075
0.379837,13.9114,9.06952,22.9809
0.380274,13.9976,9.03137,23.029
0.38071,14.0272,8.99383,23.021
0.381147,13.7326,9.11691,22.8495
0.381585,13.7503,9.03714,22.7874
0.382022,13.8174,8.97541,22.7928
0.382461,13.4127,9.10623,22.5189
0.382899,13.7706,8.88725,22.6578
0.383338,13.6796,8.76,22.4396
0.383778,13.7814,8.85315,22.6345
0.384217,13.6301,8.82895,22.459
0.384658,13.6513,9.12133,22.7726
0.385098,13.6019,9.1117,22.7136
0.385539,13.1548,9.0827,22.2375
0.385981,13.7762,9.07698,22.8532
0.386422,13.6253,9.13704,22.7624
0.386865,13.728,8.87496,22.603
0.387307,13.7142,9.07968,22.7939
0.38775,13.4698,8.87691,22.3467
0.388194,13.7507,9.13634,22.887
0.388637,13.4499,9.07579,22.5257
0.389082,13.5964,8.88038,22.4768
0.389526,13.7279,9.03796,22.7659
0.389971,13.1795,9.20366,22.3832
0.390417,13.5864,8.79022,22.3766
0.390863,13.2418,8.93967,22.1815
0.391309,13.5154,9.03436,22.5497
0.391755,13.52,8.89795,22.4179
0.392203,13.484,8.91832,22.4023
0.39265,13.4556,9.27516,22.7308
0.393098,13.4535,9.00697,22.4605
0.393546,13.453,9.07551,22.5285
0.393995,13.4,9.13536,22.5354
0.394444,13.1922,9.09409,22.2862
0.394893,13.3411,9.029,22.3701
0.395343,13.8888,8.75554,22.6444
0.395794,13.2347,8.8981,22.1328
0.396244,13.0485,9.38083,22.4293
0.396695,13.2982,9.1108,22.4089
0.397147,12.9583,8.9839,21.9422
0.397599,13.0731,9.10043,22.1735
0.398051,12.9243,9.33993,22.2643
0.398504,13.179,9.19187,22.3709
0.398957,13.0042,8.7922,21.7964
0.399411,13.3444,8.93914,22.2836
0.399865,13.1438,9.02943,22.1733
0.400319,12.9697,9.01137,21.9811
0.400774,12.9724,9.05516,22.0276
0.401229,13.331,8.78039,22.1114
0.401685,12.9674,9.17285,22.1403
0.402141,13.3731,9.2519,22.625
0.402598,12.9541,8.99544,21.9496
0.403055,13.1241,9.19023,22.3144
0.403512,12.9682,8.68081,21.649
0.40397,13.0895,8.87544,21.9649
0.404428,12.9345,9.22917,22.1636
0.404886,13.0466,9.07781,22.1244
0.405345,12.8218,9.05197,21.8738
0.405805,12.8048,8.96293,21.7677
0.406265,12.9744,8.85596,21.8304
0.406725,13.0743,9.22197,22.2962
0.407185,13.1604,9.21739,22.3778
0.407646,12.7514,8.98023,21.7316
0.408108,12.8879,9.00357,21.8915
0.40857,12.8374,9.12075,21.9581
0.409032,13.052,9.02446,22.0765
0.409495,12.8277,8.9457,21.7734
0.409958,12.9858,8.94042,21.9262
0.410422,12.6695,8.99941,21.669
0.410886,12.6536,8.80801,21.4616
0.41135,12.604,8.87617,21.4802
0.411815,12.6871,8.9338,21.6209
0.41228,12.7132,8.76497,21.4782
0.412746,13.0612,8.97099,22.0322
0.413212,12.6541,9.06021,21.7143
0.413679,12.7395,9.08746,21.8269
0.414146,12.6878,8.86572,21.5535
0.414613,12.4784,8.99551,21.4739
0.415081,12.5805,8.89804,21.4785
0.415549,13.043,8.92071,21.9637
0.416018,12.7948,9.04606,21.8409
0.416487,12.6305,9.21859,21.8491
0.416957,12.7027,8.94882,21.6515
0.417427,12.9382,8.89052,21.8288
0.417897,12.3994,9.21687,21.6163
0.418368,12.3106,8.94447,21.2551
0.418839,12.5442,8.97728,21.5215
0.419311,12.5228,8.96839,21.4912
0.419783,12.3025,9.00865,21.3112
0.420255,12.3396,8.7192,21.0588
0.420728,12.4142,9.19867,21.6128
0.421202,12.6025,8.8601,21.4626
0.421675,12.3329,9.00478,21.3377
0.42215,12.4392,8.74673,21.1859
0.422624,12.6391,8.9056,21.5447
0.4231,12.313,8.86968,21.1826
0.423575,12.3596,8.83389,21.1935
0.424051,12.567,8.9373,21.5043
0.424527,12.5249,9.04899,21.5739
0.425004,12.5832,8.99514,21.5783
0.425482,12.2188,9.23323,21.4521
0.425959,12.2999,8.88913,21.189
0.426437,12.2547,8.80563,21.0603
0.426916,12.3179,9.32546,21.6433
0.427395,12.548,8.8672,21.4152
0.427874,12.6421,8.79641,21.4385
0.428354,12.265,9.21106,21.476
0.428835,12.2629,8.92715,21.1901
0.429315,12.2263,8.85364,21.08
0.429797,12.1878,9.00141,21.1892
0.430278,12.4132,8.94283,21.356
0.43076,12.5516,9.20761,21.7592
0.431243,12.0018,9.06418,21.066
0.431726,12.5832,8.97611,21.5593
0.432209,12.4263,9.28705,21.7134
0.432693,12.16,9.25693,21.417
0.433177,12.4857,8.74478,21.2305
0.433662,12.2685,8.89847,21.1669
0.434147,12.0935,9.26196,21.3555
0.434633,12.2205,9.33976,21.5602
0.435119,12.0743,9.12406,21.1984
0.435605,11.9377,8.72529,20.663
0.436092,12.304,8.88524,21.1893
0.436579,12.0706,8.86711,20.9377
0.437067,12.1739,9.02377,21.1976
0.437556,11.7239,9.12357,20.8475
0.438044,12.0694,8.80661,20.876
0.438533,12.0009,9.14203,21.143
0.439023,11.9307,8.99863,20.9294
0.439513,12.1122,9.06536,21.1776
0.440003,11.8675,8.99404,20.8615
0.440494,11.8612,9.09345,20.9546
0.440986,11.9438,8.97185,20.9157
0.441477,12.2599,8.71681,20.9767
0.44197,12.107,9.24619,21.3532
0.442462,12.1415,9.12556,21.2671
0.442956,11.6527,8.82131,20.474
0.443449,11.8342,8.75311,20.5873
0.443943,11.652,9.08592,20.7379
0.444438,11.7542,9.16237,20.9166
0.444933,11.6543,9.1203,20.7746
0.445428,11.8246,9.0419,20.8665
0.445924,11.7357,8.80194,20.5377
0.44642,11.6272,9.08901,20.7162
0.446917,11.5007,8.91057,20.4112
0.447414,11.5177,9.21201,20.7297
0.447912,11.7793,8.89842,20.6778
0.44841,11.8514,9.22746,21.0788
0.448908,11.5565,9.01399,20.5705
0.449407,12.1256,9.01752,21.1432
0.449907,11.9778,9.02273,21.0005
0.450407,11.8245,8.99923,20.8237
0.450907,11.7932,8.74976,20.543
0.451408,11.8397,9.06332,20.903
0.451909,11.7384,8.97743,20.7159
0.452411,11.7399,9.0712,20.8111
0.452913,11.5958,9.15792,20.7537
0.453416,11.5063,8.99587,20.5022
0.453919,11.4507,8.85678,20.3074
0.454423,11.5271,8.90255,20.4297
0.454927,11.7082,8.96371,20.6719
0.455431,11.4657,9.25206,20.7177
0.455936,11.5985,8.97646,20.575
0.456441,11.5312,8.86471,20.396
0.456947,11.7175,8.71336,20.4309
0.457454,11.5186,9.04023,20.5588
0.45796,11.3995,9.08641,20.4859
0.458468,11.1899,9.11275,20.3027
0.458975,11.2157,9.15522,20.371
0.459483,11.8392,9.08591,20.9251
0.459992,11.1914,9.05508,20.2464
0.460501,11.1659,8.86874,20.0346
0.461011,11.3227,8.97047,20.2931
0.461521,11.2278,9.08865,20.3165
0.462031,11.2095,9.10056,20.3101
0.462542,11.0334,8.81322,19.8466
0.463053,11.216,8.95573,20.1717
0.463565,11.1356,9.19185,20.3274
0.464078,11.22,8.99723,20.2173
0.46459,11.0783,8.94985,20.0282
0.465104,11.4102,8.95071,20.3609
0.465617,11.2381,9.08245,20.3205
0.466132,11.2573,8.85018,20.1075
0.466646,10.8924,9.07529,19.9677
0.467161,11.0972,9.04863,20.1458
0.467677,11.2848,9.32531,20.6101
0.468193,11.4538,8.8711,20.3249
0.46871,11.2059,8.88934,20.0952
0.469227,11.0818,9.09145,20.1732
0.469744,11.2119,9.05263,20.2645
0.470262,11.3478,9.15193,20.4997
0.470781,10.8874,9.06288,19.9503
0.471299,11.0463,8.88599,19.9323
0.471819,10.7018,8.80785,19.5096
0.472339,10.9461,8.88322,19.8294
0.472859,10.861,8.90923,19.7703
0.47338,10.8843,9.11077,19.9951
0.473901,10.8064,9.01393,19.8204
0.474423,11.121,8.85255,19.9736
0.474945,10.9728,8.70992,19.6828
0.475468,10.9135,9.09301,20.0065
0.475991,10.8752,8.98574,19.861
0.476514,10.6435,9.04514,19.6886
0.477038,10.5872,9.08437,19.6716
0.477563,10.7347,8.91291,19.6476
0.478088,10.8494,9.03609,19.8855
0.478614,10.9889,9.06781,20.0567
0.47914,10.7129,9.31227,20.0252
0.479666,10.9433,8.95424,19.8975
0.480193,10.7931,8.92103,19.7141
0.480721,10.7013,8.96146,19.6627
0.481248,10.5702,8.97735,19.5476
0.481777,10.7403,9.10585,19.8461
0.482306,10.5818,9.00122,19.5831
0.482835,10.7818,9.06166,19.8435
0.483365,10.6896,9.13093,19.8205
0.483895,10.6611,8.8808,19.5419
0.484426,10.5404,9.07601,19.6164
0.484957,10.5211,9.06398,19.5851
0.485489,10.6313,8.9111,19.5424
0.486021,10.5845,9.24058,19.8251
0.486554,10.5653,8.91472,19.48
0.487087,10.9108,8.82524,19.736
0.487621,10.7112,8.93994,19.6511
0.488155,10.3658,9.02298,19.3888
0.48869,10.4882,9.11284,19.601
0.489225,10.5895,9.2181,19.8076
0.489761,10.337,8.71147,19.0485
0.490297,10.2687,8.85276,19.1215
0.490834,10.4253,8.97614,19.4014
0.491371,10.1742,9.01474,19.189
0.491908,10.458,9.08454,19.5425
0.492447,10.2792,9.30202,19.5812
0.492985,10.3214,9.02654,19.348
0.493524,10.265,8.96838,19.2334
0.494064,10.2667,8.8925,19.1592
0.494604,10.3113,9.10818,19.4194
0.495144,10.0536,8.92019,18.9738
0.495685,10.3564,9.09929,19.4557
0.496227,10.12,8.97356,19.0936
0.496769,10.09,8.94272,19.0327
0.497311,10.0941,9.2302,19.3243
0.497854,10.0501,8.71859,18.7687
0.498398,10.3292,9.28452,19.6137
0.498942,9.91296,9.10291,19.0159
0.499486,10.2299,9.00389,19.2338
0.500031,10.1525,9.00967,19.1622
0.500577,10.0105,9.16001,19.1705
0.501123,10.0862,8.85346,18.9396
0.501669,9.72926,8.96185,18.6911
0.502216,10.1425,9.00311,19.1456
0.502764,9.92354,9.20881,19.1324
0.503312,10.043,9.08953,19.1326
0.50386,10.0974,9.04163,19.139
0.504409,10.0218,8.96972,18.9915
0.504959,10.0708,8.81279,18.8836
0.505509,10.0108,9.02224,19.0331
0.506059,9.94131,8.97099,18.9123
0.50661,9.92805,8.98977,18.9178
0.507162,10.0312,9.11072,19.142
0.507714,9.9416,9.17403,19.1156
0.508266,9.69302,9.02784,18.7209
0.508819,9.77924,8.83709,18.6163
0.509372,9.80467,8.89703,18.7017
0.509926,9.60045,8.82967,18.4301
0.510481,9.79245,9.0545,18.8469
0.511036,9.71165,8.95782,18.6695
0.511591,9.55824,8.84874,18.407
0.512147,9.63541,9.14545,18.7809
0.512704,9.98026,9.11627,19.0965
0.513261,9.84415,9.08599,18.9301
0.513818,9.53961,8.95949,18.4991
0.514376,9.54948,8.77889,18.3284
0.514935,9.64471,9.00968,18.6544
0.515494,9.40812,9.06798,18.4761
0.516053,9.70814,8.87307,18.5812
0.516614,9.3973,8.86756,18.2649
0.517174,9.62716,9.27878,18.9059
0.517735,9.35211,9.20177,18.5539
0.518297,9.61416,8.84069,18.4549
0.518859,9.43692,9.29557,18.7325
0.519421,9.56598,8.93036,18.4963
0.519985,9.5754,8.82317,18.3986
0.520548,9.35674,8.87371,18.2304
0.521112,9.28499,9.0347,18.3197
0.521677,9.52594,9.39524,18.9212
0.522242,9.43071,8.89746,18.3282
0.522808,9.73288,9.14882,18.8817
0.523374,9.46689,9.028,18.4949
0.523941,9.35959,9.18373,18.5433
0.524508,9.40688,8.98554,18.3924
0.525076,9.28965,9.05228,18.3419
0.525644,9.34617,9.21394,18.5601
0.526213,9.38531,9.37498,18.7603
0.526782,9.14144,8.92509,18.0665
0.527352,9.0786,8.9077,17.9863
0.527922,9.25168,8.99297,18.2446
0.528493,9.08263,9.03272,18.1154
0.529064,8.95176,8.74273,17.6945
0.529636,8.96597,8.97426,17.9402
0.530208,9.20558,9.03615,18.2417
0.530781,9.12954,9.24119,18.3707
0.531355,9.00478,9.09269,18.0975
0.531929,9.16662,8.88302,18.0496
0.532503,9.07453,8.83279,17.9073
0.533078,8.9661,9.27415,18.2403
0.533654,8.73588,8.93611,17.672
0.53423,8.8406,9.20087,18.0415
0.534806,9.06983,8.9217,17.9915
0.535384,9.09559,9.03705,18.1326
0.535961,8.97272,8.93586,17.9086
0.536539,9.08489,9.05341,18.1383
0.537118,8.9835,9.12755,18.111
0.537697,8.84229,9.1122,17.9545
0.538277,8.75156,8.97397,17.7255
0.538857,8.69512,8.74125,17.4364
0.539438,8.88285,9.0578,17.9406
0.540019,9.01318,8.85673,17.8699
0.540601,8.56575,9.20357,17.7693
0.541183,8.52819,8.89829,17.4265
0.541766,8.70071,9.01983,17.7205
0.54235,8.56328,8.90673,17.47
0.542934,8.70528,8.77588,17.4812
0.543518,8.64893,8.95032,17.5992
0.544103,8.70207,8.98339,17.6855
0.544689,8.49852,8.9571,17.4556
0.545275,8.57139,9.17298,17.7444
0.545861,8.57021,9.01946,17.5897
0.546449,8.25722,9.10359,17.3608
0.547036,8.49147,8.94236,17.4338
0.547624,8.40118,9.12779,17.529
0.548213,8.3132,9.12899,17.4422
0.548803,8.58323,9.06488,17.6481
0.549392,8.72728,8.99,17.7173
0.549983,8.60223,9.1681,17.7703
0.550574,8.51621,8.96851,17.4847
0.551165,8.21825,8.93973,17.158
0.551757,8.39818,9.22345,17.6216
0.552349,8.35435,8.92284,17.2772
0.552943,8.6127,9.03415,17.6468
0.553536,8.11107,9.21856,17.3296
0.55413,8.12523,8.79691,16.9221
0.554725,8.1951,9.1342,17.3293
0.55532,8.15722,9.01209,17.1693
0.555916,8.19367,8.93142,17.1251
0.556512,8.07759,9.06952,17.1471
0.557109,8.20067,8.97812,17.1788
0.557706,8.1304,8.97115,17.1016
0.558304,8.06241,8.82841,16.8908
0.558903,8.36134,9.016,17.3773
0.559502,8.02302,9.06434,17.0874
0.560101,8.18386,9.01296,17.1968
0.560701,8.1751,9.20653,17.3816
0.561302,7.89075,8.86404,16.7548
0.561903,8.21016,8.90618,17.1163
0.562505,7.84482,9.1202,16.965
0.563107,7.84408,9.17344,17.0175
0.56371,7.66586,9.03464,16.7005
0.564313,7.94738,8.93006,16.8774
0.564917,7.90383,8.91427,16.8181
0.565522,7.78286,9.21633,16.9992
0.566127,7.77192,9.17053,16.9425
0.566732,7.79578,9.12742,16.9232
0.567338,7.94234,9.0604,17.0027
0.567945,7.84544,9.08946,16.9349
0.568552,7.81695,8.98409,16.801
0.56916,7.58007,9.0372,16.6173
0.569768,7.77766,8.9758,16.7535
0.570377,7.46569,9.01195,16.4776
0.570987,7.54557,9.15862,16.7042
0.571597,7.77379,9.08558,16.8594
0.572207,7.6601,8.97023,16.6303
0.572818,7.4587,8.89061,16.3493
0.57343,7.6788,9.15896,16.8378
0.574042,7.42606,9.10102,16.5271
0.574655,7.53225,9.13169,16.6639
0.575268,7.43461,9.03901,16.4736
0.575882,7.38001,8.95814,16.3381
0.576497,7.46773,9.20875,16.6765
0.577112,7.40164,9.0005,16.4021
0.577727,7.30482,9.07568,16.3805
0.578343,7.51169,9.18903,16.7007
0.57896,7.20501,8.94321,16.1482
0.579577,7.27528,9.07138,16.3467
0.580195,7.12807,8.90886,16.0369
0.580813,7.38868,8.83428,16.223
0.581432,7.26718,9.01588,16.2831
0.582052,7.17987,9.02362,16.2035
0.582672,7.34583,8.94225,16.2881
0.583292,7.17124,9.04956,16.2208
0.583914,7.17139,9.25779,16.4292
0.584535,7.10397,9.06035,16.1643
0.585158,7.17776,9.1578,16.3356
0.585781,6.88808,9.09653,15.9846
0.586404,7.11027,9.09196,16.2022
0.587028,7.1102,8.95571,16.0659
0.587653,7.08679,9.21038,16.2972
0.588278,7.00357,8.87153,15.8751
0.588903,6.85132,8.97076,15.8221
0.58953,6.90483,8.97748,15.8823
0.590157,7.0022,8.99439,15.9966
0.590784,6.89872,8.86605,15.7648
0.591412,6.73165,9.1741,15.9057
0.592041,6.73036,9.17497,15.9053
0.59267,6.78266,8.75375,15.5364
0.593299,6.63642,8.95512,15.5915
0.59393,6.84955,9.23321,16.0828
0.59456,6.84365,8.9279,15.7715
0.595192,6.6332,8.95557,15.5888
0.595824,6.70534,9.04574,15.7511
0.596456,6.49435,9.21738,15.7117
0.59709,6.49144,8.94771,15.4392
0.597723,6.48084,9.00336,15.4842
0.598358,6.51487,9.03066,15.5455
0.598992,6.40251,8.90559,15.3081
0.599628,6.2449,9.0499,15.2948
0.600264,6.60478,9.07005,15.6748
0.600901,6.41947,9.01489,15.4344
0.601538,6.42888,9.00812,15.437
0.602175,6.56058,9.07958,15.6402
0.602814,6.31223,8.91003,15.2223
0.603453,6.29513,8.91221,15.2073
0.604092,6.45123,9.0539,15.5051
0.604732,6.40192,8.94597,15.3479
0.605373,6.14028,9.30755,15.4478
0.606014,6.27907,8.95456,15.2336
0.606656,6.11795,8.90492,15.0229
0.607298,6.17174,8.89194,15.0637
0.607941,6.13683,8.84672,14.9835
0.608585,6.18799,9.0415,15.2295
0.609229,6.15168,8.93695,15.0886
0.609874,6.09738,9.08596,15.1833
0.610519,6.21406,9.02242,15.2365
0.611165,5.99784,9.07291,15.0708
0.611812,5.97546,9.14974,15.1252
0.612459,5.85271,8.91245,14.7652
0.613107,5.94042,9.14698,15.0874
0.613755,5.94762,9.0055,14.9531
0.614404,5.94951,8.99613,14.9456
0.615053,5.79722,8.8846,14.6818
0.615703,5.88066,9.11843,14.9991
0.616354,5.78376,9.06758,14.8513
0.617005,5.82496,9.20658,15.0315
0.617657,5.55793,8.77812,14.3361
0.618309,5.70802,8.99439,14.7024
0.618962,5.90411,9.12603,15.0301
0.619616,5.57574,8.99094,14.5667
0.62027,5.68117,8.83565,14.5168
0.620925,5.63078,8.94469,14.5755
0.62158,5.51623,8.86395,14.3802
0.622236,5.59732,9.06828,14.6656
0.622893,5.85182,9.02334,14.8752
0.62355,5.61482,8.7976,14.4124
0.624208,5.60588,9.16981,14.7757
0.624866,5.56128,9.10008,14.6614
0.625525,5.47828,8.84841,14.3267
0.626185,5.46588,8.90297,14.3689
0.626845,5.47714,9.05193,14.5291
0.627506,5.71454,9.10784,14.8224
0.628167,5.39957,8.98981,14.3894
0.628829,5.30186,9.22022,14.5221
0.629492,5.49161,9.04855,14.5402
0.630155,5.34858,9.05703,14.4056
0.630819,5.21615,9.0509,14.267
0.631483,5.1883,8.93121,14.1195
0.632148,5.27822,8.79343,14.0717
0.632813,5.14991,9.06243,14.2123
0.63348,5.26126,9.01442,14.2757
0.634146,5.19725,8.84013,14.0374
0.634814,5.04571,9.02651,14.0722
0.635482,5.16377,8.96679,14.1306
0.636151,5.00235,8.97974,13.9821
0.63682,5.01904,8.98864,14.0077
0.63749,5.09686,8.80725,13.9041
0.63816,4.9223,9.09206,14.0144
0.638831,5.06927,8.93215,14.0014
0.639503,4.96074,8.90597,13.8667
0.640175,5.0169,8.6576,13.6745
0.640848,4.81186,8.97263,13.7845
0.641521,4.96963,8.94781,13.9174
0.642196,4.85568,9.26639,14.1221
0.64287,4.80637,8.65296,13.4593
0.643546,4.83586,8.71555,13.5514
0.644222,4.74042,9.01555,13.756
0.644898,4.58283,8.90516,13.488
0.645575,4.6966,9.09587,13.7925
0.646253,4.64731,9.09143,13.7387
0.646931,4.67896,9.10441,13.7834
0.647611,4.511,9.00106,13.5121
0.64829,4.50966,9.01758,13.5272
0.64897,4.58641,9.10855,13.695
0.649651,4.60063,8.95669,13.5573
0.650333,4.59709,8.98804,13.5851
0.651015,4.31497,8.86708,13.1821
0.651698,4.37632,9.03274,13.4091
0.652381,4.43921,9.13322,13.5724
0.653065,4.46837,9.21399,13.6824
0.65375,4.44276,9.02941,13.4722
0.654435,4.33742,9.09751,13.4349
0.655121,4.43893,9.01606,13.455
0.655807,4.5364,9.15538,13.6918
0.656494,4.28173,8.95098,13.2327
0.657182,4.29505,9.15851,13.4536
0.65787,4.35356,8.94495,13.2985
0.658559,4.09005,8.95765,13.0477
0.659249,4.18559,8.87174,13.0573
0.659939,4.13769,9.05835,13.196
0.66063,4.1137,9.00844,13.1221
0.661321,3.91528,9.00714,12.9224
0.662014,4.08655,8.93109,13.0176
0.662706,4.06193,9.05884,13.1208
0.6634,3.9238,8.93895,12.8627
0.664094,3.91076,8.97259,12.8834
0.664788,4.00265,9.0165,13.0191
0.665484,3.93019,8.97495,12.9051
0.666179,3.95155,8.7384,12.69
0.666876,4.0423,9.29131,13.3336
0.667573,3.80469,8.97334,12.778
0.668271,3.75461,9.03058,12.7852
0.668969,3.8908,9.10962,13.0004
0.669668,3.92902,9.12639,13.0554
0.670368,3.80131,8.84296,12.6443
0.671068,3.61096,8.84873,12.4597
0.671769,3.54286,8.84707,12.3899
0.672471,3.44793,8.89248,12.3404
0.673173,3.75049,8.9712,12.7217
0.673876,3.60109,8.86803,12.4691
0.67458,3.58415,8.9909,12.5751
0.675284,3.55849,8.99108,12.5496
0.675989,3.61053,9.03189,12.6424
0.676694,3.47531,9.12575,12.6011
0.6774,3.37756,8.94632,12.3239
0.678107,3.48463,9.05604,12.5407
0.678814,3.41166,9.01911,12.4308
0.679522,3.3857,9.15588,12.5416
0.680231,3.36453,9.0118,12.3763
0.68094,3.35292,9.06075,12.4137
0.68165,3.42474,9.11656,12.5413
0.682361,3.19981,8.94832,12.1481
0.683072,3.24496,8.80259,12.0476
0.683784,3.30726,9.17127,12.4785
0.684496,3.34386,8.86951,12.2134
0.68521,3.12875,8.95788,12.0866
0.685923,3.13907,9.12682,12.2659
0.686638,3.15974,8.95482,12.1146
0.687353,3.07536,8.86981,11.9452
0.688069,3.01129,9.13217,12.1435
0.688785,3.16251,9.07038,12.2329
0.689502,2.99413,9.01851,12.0126
0.69022,2.92137,9.09458,12.016
0.690938,2.94449,9.11273,12.0572
0.691657,2.92848,9.02587,11.9544
0.692377,3.10669,9.02037,12.1271
0.693098,2.86416,8.97662,11.8408
0.693819,2.84092,9.13829,11.9792
0.69454,2.96472,9.15743,12.1222
0.695262,2.78231,9.03172,11.814
0.695985,2.88832,8.93551,11.8238
0.696709,2.83651,9.10928,11.9458
0.697433,2.8715,8.90483,11.7763
0.698158,2.7885,8.83318,11.6217
0.698884,2.70218,9.14238,11.8446
0.69961,2.64908,9.19017,11.8392
0.700337,2.55051,8.84441,11.3949
0.701065,2.69871,9.01042,11.7091
0.701793,2.5447,9.01304,11.5577
0.702522,2.54126,9.01115,11.5524
0.703251,2.48158,8.95553,11.4371
0.703982,2.53127,9.05642,11.5877
0.704712,2.68966,9.01219,11.7018
0.705444,2.56535,9.08357,11.6489
0.706176,2.46809,9.01861,11.4867
0.706909,2.46916,9.06541,11.5346
0.707643,2.48623,9.09175,11.578
0.708377,2.61404,8.93155,11.5456
0.709112,2.41698,9.09821,11.5152
0.709847,2.48086,9.02263,11.5035
0.710584,2.46027,8.96597,11.4262
0.71132,2.39443,8.99933,11.3938
0.712058,2.24372,8.97305,11.2168
0.712796,2.30856,9.05826,11.3668
0.713535,2.31826,9.11987,11.4381
0.714275,2.31549,8.88678,11.2023
0.715015,2.31121,9.01546,11.3267
0.715756,2.24246,8.73535,10.9778
0.716498,2.24318,9.0181,11.2613
0.71724,2.21099,9.02019,11.2312
0.717983,2.18163,9.10518,11.2868
0.718726,2.12614,8.98644,11.1126
0.719471,2.16997,9.02562,11.1956
0.720216,2.16787,9.06515,11.233
0.720961,2.09772,9.02855,11.1263
0.721708,2.12622,9.12279,11.249
0.722455,1.94438,8.96118,10.9056
0.723202,1.92189,9.12794,11.0498
0.723951,1.96561,8.98865,10.9543
0.7247,2.02182,9.05007,11.0719
0.725449,2.05916,8.83048,10.8896
0.7262,1.7804,9.00225,10.7826
0.726951,1.92883,9.01955,10.9484
0.727703,1.83091,9.21975,11.0507
0.728455,1.89829,9.19711,11.0954
0.729208,1.85868,9.20894,11.0676
0.729962,1.77156,9.07172,10.8433
0.730717,1.81443,8.93741,10.7518
0.731472,1.76516,8.85695,10.6221
0.732228,1.81471,9.15036,10.9651
0.732984,1.70714,8.91919,10.6263
0.733742,1.72861,8.99802,10.7266
0.7345,1.80026,9.14179,10.942
0.735258,1.68064,9.0116,10.6922
0.736017,1.75666,8.71108,10.4677
0.736777,1.70705,9.06698,10.774
0.737538,1.62632,9.00313,10.6295
0.7383,1.65586,9.05163,10.7075
0.739062,1.6908,8.89498,10.5858
0.739824,1.60785,8.95149,10.5593
0.740588,1.59037,9.25428,10.8447
0.741352,1.60731,9.01223,10.6195
0.742117,1.59047,9.13661,10.7271
0.742883,1.50674,8.71372,10.2205
0.743649,1.46006,9.08563,10.5457
0.744416,1.41992,9.2205,10.6404
0.745183,1.48415,9.10833,10.5925
0.745952,1.37707,9.09938,10.4765
0.746721,1.46893,8.97297,10.4419
0.747491,1.53772,9.08109,10.6188
0.748261,1.2951,9.18225,10.4774
0.749032,1.41437,9.12034,10.5347
0.749804,1.35074,9.16672,10.5175
0.750577,1.38186,9.22013,10.602
0.75135,1.26908,9.18813,10.4572
0.752124,1.3286,8.88376,10.2124
0.752898,1.27446,8.89978,10.1742
0.753674,1.2632,8.85496,10.1182
0.75445,1.28806,8.88678,10.1748
0.755227,1.15648,8.82577,9.98225
0.756004,1.23068,9.00936,10.24
0.756782,1.17345,8.90265,10.0761
0.757561,1.1905,9.03836,10.2289
0.758341,1.18188,8.89666,10.0785
0.759121,1.15996,8.78639,9.94634
0.759902,1.11955,8.9748,10.0943
0.760684,1.10546,9.05511,10.1606
0.761466,1.12515,8.95423,10.0794
0.762249,1.09889,8.96684,10.0657
0.763033,1.13203,9.02359,10.1556
0.763818,1.06894,9.02084,10.0898
0.764603,1.04973,9.1015,10.1512
0.765389,1.023,9.04347,10.0665
0.766176,0.966802,9.09693,10.0637
0.766963,1.08778,9.1404,10.2282
0.767751,0.994029,9.02257,10.0166
0.76854,0.980979,9.05318,10.0342
0.76933,1.04599,9.20765,10.2536
0.77012,1.01486,9.01444,10.0293
0.770911,0.954734,9.10104,10.0558
0.771703,0.948194,9.07474,10.0229
0.772495,0.942264,9.05201,9.99427
0.773289,0.915418,9.23155,10.147
0.774082,0.889802,9.07834,9.96815
0.774877,0.92938,9.00091,9.93029
0.775672,0.799346,8.9428,9.74215
0.776469,0.95382,8.89193,9.84575
0.777265,0.83762,9.04268,9.8803
0.778063,0.80323,8.92863,9.73186
0.778861,0.849499,8.95239,9.80189
0.77966,0.841667,9.00797,9.84963
0.78046,0.754886,8.88977,9.64466
0.78126,0.819931,9.05367,9.8736
0.782061,0.780787,8.99685,9.77764
0.782863,0.787304,8.88728,9.67459
0.783666,0.770697,9.09518,9.86588
0.784469,0.705275,9.1007,9.80598
0.785273,0.723963,8.88386,9.60782
0.786078,0.725464,9.12089,9.84636
0.786883,0.674147,9.10655,9.78069
0.78769,0.690333,8.73301,9.42334
0.788497,0.684636,9.03301,9.71765
0.789304,0.704117,8.94824,9.65235
0.790113,0.718161,9.20726,9.92542
0.790922,0.701595,9.02356,9.72516
0.791732,0.674029,9.28172,9.95575
0.792543,0.662842,9.04591,9.70875
0.793354,0.668627,9.11557,9.7842
0.794166,0.69621,8.95795,9.65416
0.794979,0.645345,9.00099,9.64634
0.795793,0.602876,8.97758,9.58046
0.796607,0.589523,9.02089,9.61041
0.797422,0.618958,8.91919,9.53815
0.798238,0.613454,9.25825,9.87171
0.799055,0.589665,9.1516,9.74126
0.799872,0.584029,9.13372,9.71775
0.80069,0.632512,8.84146,9.47397
0.801509,0.599222,8.88806,9.48728
0.802328,0.550698,9.03445,9.58515
0.803149,0.560607,9.02321,9.58382
0.80397,0.505252,9.14917,9.65442
0.804791,0.477232,9.18154,9.65877
0.805614,0.499896,8.99278,9.49267
0.806437,0.490498,9.04857,9.53907
0.807261,0.562417,8.92395,9.48636
0.808086,0.460217,9.21479,9.67501
0.808912,0.461793,8.93933,9.40112
0.809738,0.439447,9.124,9.56345
0.810565,0.519931,8.96931,9.48924
0.811393,0.443558,9.08046,9.52401
0.812221,0.428244,9.12248,9.55073
0.813051,0.472585,8.79916,9.27175
0.813881,0.445833,9.04466,9.49049
0.814711,0.454381,9.12982,9.5842
0.815543,0.404077,9.15964,9.56372
0.816375,0.39763,9.02885,9.42648
0.817208,0.453032,8.99168,9.44471
0.818042,0.392115,8.97942,9.37153
0.818877,0.366206,8.90698,9.27319
0.819712,0.365044,8.98832,9.35336
0.820548,0.37737,8.9684,9.34577
0.821385,0.359942,8.79448,9.15443
0.822223,0.351389,9.0808,9.43219
0.823061,0.340299,8.88073,9.22103
0.8239,0.351416,8.87593,9.22735
0.82474,0.313586,9.12808,9.44166
0.825581,0.370577,9.1013,9.47187
0.826422,0.335454,8.7581,9.09355
0.827264,0.32615,9.14199,9.46814
0.828107,0.345707,9.13525,9.48096
0.828951,0.346007,8.98778,9.33379
0.829796,0.321709,9.03542,9.35713
0.830641,0.30255,9.07376,9.37631
0.831487,0.25559,9.26056,9.51615
0.832334,0.319959,9.12051,9.44047
0.833181,0.278634,8.9629,9.24153
0.83403,0.271661,9.05976,9.33142
0.834879,0.279821,8.89313,9.17295
0.835729,0.306921,9.07334,9.38026
0.836579,0.242888,9.08991,9.3328
0.837431,0.262775,9.04171,9.30448
0.838283,0.232191,9.10638,9.33857
0.839136,0.23824,8.99984,9.23808
0.83999,0.263636,8.85236,9.116
0.840844,0.24181,9.11301,9.35482
0.8417,0.256827,8.97691,9.23374
0.842556,0.217224,9.29391,9.51113
0.843413,0.223366,8.89698,9.12034
0.84427,0.213516,8.93742,9.15094
0.845129,0.216673,9.16336,9.38004
0.845988,0.210777,9.07704,9.28782
0.846848,0.195227,8.95265,9.14788
0.847709,0.191318,8.80917,9.00049
0.84857,0.197952,8.97123,9.16918
0.849432,0.168914,8.97554,9.14445
0.850296,0.165117,9.15609,9.32121
0.85116,0.169846,8.98991,9.15976
0.852024,0.177732,9.07082,9.24855
0.85289,0.183054,8.96059,9.14364
0.853756,0.160928,8.99251,9.15344
0.854623,0.167211,9.11563,9.28284
0.855491,0.180493,8.95185,9.13234
0.856359,0.174515,9.08668,9.2612
0.857229,0.185871,9.00242,9.18829
0.858099,0.131971,9.11847,9.25044
0.85897,0.158271,8.95994,9.11821
0.859842,0.170927,9.03811,9.20904
0.860714,0.153803,8.96614,9.11994
0.861588,0.144719,8.95798,9.1027
0.862462,0.158186,9.10905,9.26723
0.863337,0.154906,8.87826,9.03316
0.864213,0.117711,9.38289,9.5006
0.865089,0.141514,9.00685,9.14836
0.865967,0.131561,9.07653,9.20809
0.866845,0.147107,8.8386,8.98571
0.867724,0.100668,9.074,9.17466
0.868604,0.125777,8.98089,9.10666
0.869484,0.11018,8.95366,9.06384
0.870365,0.107999,9.05064,9.15864
0.871248,0.103853,9.10788,9.21173
0.872131,0.101608,8.86443,8.96604
0.873014,0.105244,9.18252,9.28776
0.873899,0.08376,9.09217,9.17593
0.874784,0.105161,9.02438,9.12954
0.87567,0.0725901,9.09425,9.16684
0.876557,0.10086,8.99421,9.09507
0.877445,0.101307,9.11858,9.21989
0.878334,0.114022,8.84833,8.96235
0.879223,0.107721,9.038,9.14572
0.880113,0.0967283,8.88528,8.98201
0.881004,0.0711191,9.00979,9.08091
0.881896,0.0898004,9.12979,9.21959
0.882789,0.0851474,9.07095,9.1561
0.883682,0.0848057,8.99541,9.08021
0.884576,0.09013,9.12088,9.21101
0.885472,0.078606,8.96295,9.04155
0.886367,0.062218,9.0843,9.14651
0.887264,0.0746773,9.09861,9.17329
0.888162,0.0725788,8.9316,9.00418
0.88906,0.0600718,9.265,9.32507
0.889959,0.0598033,8.92529,8.9851
0.890859,0.0554383,9.06951,9.12495
0.89176,0.0846692,9.10552,9.19019
0.892661,0.0772657,9.33409,9.41135
0.893564,0.0621942,8.98654,9.04874
0.894467,0.057846,8.97602,9.03387
0.895371,0.0549996,9.02088,9.07588
0.896276,0.0652944,9.07722,9.14252
0.897182,0.0514683,9.06753,9.119
0.898088,0.0652053,9.14901,9.21422
0.898996,0.0423267,9.05545,9.09778
0.899904,0.0608678,9.0828,9.14367
0.900813,0.0591425,9.06458,9.12372
0.901723,0.0525122,8.99897,9.05148
0.902633,0.0545667,9.10911,9.16368
0.903545,0.0395039,9.05769,9.0972
0.904457,0.0449661,9.20316,9.24813
0.90537,0.0568236,8.99154,9.04836
0.906284,0.0155935,8.96031,8.9759
0.907199,0.0516499,9.26679,9.31844
0.908115,0.0370623,8.90034,8.9374
0.909031,0.0495267,9.10602,9.15555
0.909948,0.0464465,9.16041,9.20686
0.910867,0.0515536,8.63636,8.68792
0.911786,0.0501347,9.05302,9.10316
0.912705,0.0447394,8.82087,8.86561
0.913626,0.0308214,9.01673,9.04755
0.914547,0.0397629,9.0946,9.13436
0.91547,0.0341381,8.9842,9.01834
0.916393,0.0333146,9.04762,9.08093
0.917317,0.0357453,9.172,9.20775
0.918242,0.0361991,8.94791,8.98411
0.919167,0.0388106,9.07099,9.1098
0.920094,0.0414589,8.96846,9.00992
0.921021,0.0325109,9.1385,9.17101
0.921949,0.0395404,9.14976,9.1893
0.922879,0.0387382,9.11698,9.15571
0.923808,0.0251409,9.12669,9.15183
0.924739,0.0361321,8.97224,9.00837
0.925671,0.0361091,9.07819,9.1143
0.926603,0.032794,9.08913,9.12192
0.927536,0.025208,8.92196,8.94717
0.928471,0.027468,9.12234,9.14981
0.929406,0.0250654,8.83228,8.85735
0.930341,0.0225705,9.155,9.17757
0.931278,0.0235284,9.10664,9.13017
0.932216,0.0311594,9.12635,9.15751
0.933154,0.01143,9.08787,9.0993
0.934093,0.0253953,8.96116,8.98655
0.935033,0.0236656,8.88295,8.90662
0.935974,0.0148142,9.0372,9.05201
0.936916,0.0170507,9.1448,9.16185
0.937859,0.0168804,9.18515,9.20203
0.938802,0.0183031,8.88342,8.90172
0.939747,0.0204992,8.82766,8.84816
0.940692,0.0163988,9.24637,9.26277
0.941638,0.0116891,9.01551,9.0272
0.942585,0.0136646,8.97065,8.98431
0.943533,0.0161509,8.69213,8.70828
0.944481,0.0134132,8.97836,8.99177
0.945431,0.0130711,9.06996,9.08303
0.946381,0.0228199,9.05096,9.07378
0.947332,0.0161339,8.9253,8.94144
0.948285,0.0104267,9.05516,9.06559
0.949238,0.0110141,9.06919,9.08021
0.950191,0.0092685,9.09025,9.09952
0.951146,0.010936,9.09073,9.10167
0.952102,0.0218118,9.00189,9.0237
0.953058,0.00444639,9.01963,9.02408
0.954015,0.00488872,8.95799,8.96288
0.954974,0.00725046,8.94595,8.9532
0.955933,0.011691,9.13107,9.14276
0.956893,0.0214591,9.00486,9.02631
0.957853,0.0116534,8.79357,8.80523
0.958815,0.0065516,8.96332,8.96987
0.959778,0.00599818,8.9353,8.9413
0.960741,0.00762715,9.05655,9.06417
0.961705,0.0118852,9.06321,9.07509
0.962671,0.00468276,9.24408,9.24877
0.963637,0.00864048,8.75732,8.76596
0.964604,0.00918784,8.85035,8.85953
0.965571,0.00764096,9.16086,9.1685
0.96654,0.00635226,8.90799,8.91434
0.96751,0.0068959,9.14752,9.15442
0.96848,0.00426779,9.08522,9.08949
0.969452,0.00191648,9.01092,9.01284
0.970424,0.00468624,9.04446,9.04914
0.971397,0.00920553,8.98354,8.99274
0.972371,0.00512522,8.99059,8.99571
0.973346,0.00675713,8.96982,8.97658
0.974322,0.00296427,9.11367,9.11664
0.975298,0.00483202,9.00657,9.0114
0.976276,0.000791367,9.12677,9.12756
0.977254,0.00575473,9.22962,9.23537
0.978234,0.00395514,8.95791,8.96187
0.979214,0.00423393,9.10231,9.10655
0.980195,0.00661147,9.05631,9.06292
0.981177,0.00267141,9.09191,9.09458
0.98216,0.0085009,9.08641,9.09491
0.983143,0.00206404,9.23994,9.242
0.984128,0.00245001,8.97301,8.97546
0.985114,0.00804695,8.96179,8.96983
0.9861,0.00653235,8.98819,8.99472
0.987088,0.00253089,9.38069,9.38322
0.988076,0.0029531,8.89398,8.89694
0.989065,0.00463431,9.09766,9.1023
0.990055,0.00963234,9.0156,9.02523
0.991046,0.00649354,9.09371,9.10021
0.992038,0.00584029,8.90495,8.91079
0.993031,0.00351848,9.11835,9.12187
0.994024,0.00357011,9.00413,9.0077
0.995019,0.000224295,8.92549,8.92571
0.996014,0.00606982,8.9606,8.96667
0.997011,0.00633316,8.88078,8.88711
0.998008,0.00205563,8.9595,8.96155
0.999006,0.0030673,9.00657,9.00964
1.00001,0.00700552,9.29849,9.3055
1.00101,0.00467739,9.02417,9.02885
1.00201,0.00249731,9.13277,9.13527
1.00301,0.00479666,9.24518,9.24998
1.00402,0.00510041,9.09591,9.10101
1.00502,0.00291296,9.08066,9.08357
1.00603,0.00249801,9.18544,9.18794
1.00704,0.00129489,8.99578,8.99708
1.00805,0.00393971,9.0619,9.06584
1.00906,0.000809931,9.20208,9.20289
1.01008,-0.00124676,8.95415,8.9529
1.0111,0.00149774,9.17624,9.17773
1.01211,0.00124634,9.21935,9.22059
1.01313,0.00288179,9.20555,9.20843
1.01415,0.00459154,9.07736,9.08195
1.01518,0.00214948,9.03296,9.03511
1.0162,0.00131179,9.0998,9.10111
1.01723,0.00119128,9.08873,9.08992
1.01826,0.00270891,8.9978,9.00051
1.01929,0.00262258,9.03584,9.03846
1.02032,0.000309398,9.13203,9.13234
1.02135,0.00156995,9.04138,9.04295
1.02238,0.000961942,9.19841,9.19937
1.02342,0.000964882,9.06137,9.06233
1.02446,0.00129065,9.06743,9.06872
1.0255,0.00137808,9.17034,9.17172
1.02654,-0.000449967,8.91944,8.91899
1.02758,0.000203076,9.16208,9.16229
1.02863,0.000753716,9.03547,9.03622
1.02968,-0.000137308,9.04954,9.0494
1.03072,-0.000732957,8.97983,8.97909
1.03177,-0.000318748,8.91431,8.914
1.03282,0.000179495,9.24618,9.24636
1.03388,-3.42051e-06,9.10046,9.10046
1.03493,-0.00060917,8.98946,8.98886
1.03599,0.00118716,9.12111,9.1223
1.03705,0.000201316,9.15253,9.15274
1.03811,1.90526e-05,8.97395,8.97397
1.03917,-0.000634565,8.94634,8.94571
1.04023,0.00124153,8.91082,8.91206
1.0413,3.985e-05,8.98346,8.9835
1.04237,0.00189303,8.84509,8.84698
1.04344,0.000497573,9.12694,9.12744
1.04451,-0.000918712,8.96023,8.95931
1.04558,0.000389697,9.01292,9.01331
1.04665,-0.000753046,9.0276,9.02684
1.04773,0.00134537,8.89406,8.89541
1.04881,0.000260547,8.89828,8.89854
1.04989,0.000377622,9.02399,9.02437
1.05097,2.11388e-05,9.17451,9.17453
1.05205,0.0014446,9.02816,9.02961
1.05313,0.00089226,9.05699,9.05788
1.05422,0.00157017,9.11517,9.11674
1.05531,0.000397585,9.10413,9.10453
1.0564,0.00125406,9.00854,9.00979
1.05749,0.000207405,9.02092,9.02113
1.05858,0.0014363,8.94041,8.94184
1.05968,-0.000212575,8.93285,8.93264
1.06078,0.00102862,9.0783,9.07933
1.06187,2.87786e-05,9.04797,9.048
1.06297,-5.08737e-05,9.07219,9.07214
1.06408,0.000152195,9.21,9.21015
1.06518,0.00110166,9.00304,9.00414
1.06629,0.000613368,8.76635,8.76696
1.06739,-0.000354651,9.05455,9.0542
1.0685,0.000195558,9.06905,9.06925
1.06962,0.000952722,9.11603,9.11698
1.07073,0.000438172,8.98628,8.98672
1.07184,0.00060204,8.97796,8.97856
1.07296,-6.22205e-05,8.98351,8.98344
1.07408,0.00109136,9.15854,9.15963
1.0752,0.000518856,9.06908,9.0696
1.07632,0.000419158,9.07958,9.08
1.07745,-0.00070909,8.96107,8.96036
1.07857,0.000963003,8.96857,8.96953
1.0797,-0.000279582,8.9129,8.91262
1.08083,0.000784155,9.10043,9.10121
1.08196,-0.000304822,8.95645,8.95615
1.08309,0.000378879,9.10134,9.10172
1.08423,-0.000131016,9.04262,9.04249
1.08536,-0.00100964,9.09666,9.09565
1.0865,-0.000108678,9.02381,9.0237
1.08764,-0.000203326,9.27964,9.27944
1.08879,0.000586596,9.16873,9.16931
1.08993,-0.000483134,9.12723,9.12675
1.09108,-0.000872282,9.06844,9.06757
1.09223,0.000293203,8.96525,8.96555
1.09337,0.00112385,8.80365,8.80477
1.09453,4.00172e-05,8.99509,8.99513
1.09568,-3.26909e-05,9.05153,9.0515
1.09684,0.000155165,9.12842,9.12858
1.09799,2.0387e-05,9.12918,9.1292
1.09915,0.000348612,9.02189,9.02224
1.10031,-0.000148016,9.04674,9.04659
1.10148,0.000331626,8.96607,8.9664
1.10264,0.000583678,9.14565,9.14623
1.10381,0.00012015,8.99617,8.99629
1.10498,-0.000551184,9.22293,9.22238
1.10615,0.000117714,8.96581,8.96592
1.10732,0.000211224,9.07208,9.07229
1.10849,-0.00079889,9.15677,9.15597
1.10967,0.000356938,9.04036,9.04071
1.11085,0.000264448,8.92834,8.9286
1.11203,3.63253e-06,8.89212,8.89213
1.11321,-1.67079e-05,9.0965,9.09648
1.11439,-3.9798e-06,8.81516,8.81516
1.11558,-0.000402557,8.94768,8.94728
1.11677,2.87246e-05,9.06573,9.06576
1.11796,5.12935e-05,8.80373,8.80379
1.11915,4.02856e-05,9.13642,9.13646
1.12034,0.000302872,9.17127,9.17157
1.12154,4.64027e-05,9.00532,9.00537
1.12274,0.000272629,9.10943,9.1097
1.12394,5.38207e-05,9.05905,9.0591
1.12514,-8.59771e-05,9.11042,9.11033
1.12634,0.000331955,9.00198,9.00231
1.12755,0.000338344,9.04167,9.04201
1.12875,0.00071363,9.13873,9.13944
1.12996,4.80371e-05,9.09934,9.09939
1.13117,0.000210817,8.93994,8.94015
1.13239,-0.000393325,8.99499,8.99459
1.1336,0.000142457,8.90218,8.90233
1.13482,-0.000847483,9.14817,9.14733
1.13604,1.46773e-05,9.18864,9.18866
1.13726,0.000474883,9.00846,9.00894
1.13848,-0.000312736,8.94119,8.94088
1.13971,0.000253337,8.81759,8.81785
1.14093,-0.000362862,8.95702,8.95666
1.14216,-0.000428836,9.19817,9.19775
1.14339,-0.000594877,9.02705,9.02646
1.14463,0.000167409,9.0087,9.00886
1.14586,-4.2858e-05,9.06742,9.06738
1.1471,0.000759602,9.02954,9.0303
1.14834,0.000230262,9.12804,9.12827
1.14958,0.000480556,8.97875,8.97923
1.15082,0.000354314,9.0519,9.05226
1.15207,-0.000147536,8.9692,8.96905
1.15332,-0.000664345,9.22293,9.22227
1.15456,0.000632992,9.13346,9.1341
1.15582,0.000360194,9.13824,9.1386
1.15707,-0.000407972,8.98078,8.98037
1.15832,0.000228366,9.134,9.13423
1.15958,-4.38767e-05,9.06489,9.06485
1.16084,0.000344534,8.97117,8.97151
1.1621,-0.000156868,9.07712,9.07696
1.16337,0,8.95026,8.95026
1.16463,0,9.09941,9.09941
1.1659,0,8.91342,8.91342
1.16717,0,8.95708,8.95708
1.16844,0,9.0994,9.0994
1.16971,0,9.0004,9.0004
1.17099,0,8.98957,8.98957
1.17227,0,9.04853,9.04853
1.17355,0,8.85361,8.85361
1.17483,0,9.25255,9.25255
1.17611,0,8.87926,8.87926
1.1774,0,8.89425,8.89425
1.17869,0,8.96701,8.96701
1.17998,0,9.21458,9.21458
1.18127,0,9.19801,9.19801
1.18256,0,8.97693,8.97693
1.18386,0,9.25335,9.25335
1.18516,0,9.12356,9.12356
1.18646,0,9.05146,9.05146
1.18776,0,8.99562,8.99562
1.18907,0,8.87577,8.87577
1.19038,0,8.97228,8.97228
1.19169,0,8.99683,8.99683
1.193,0,9.00068,9.00068
1.19431,0,9.05237,9.05237
1.19563,0,9.08461,9.08461
1.19694,0,9.13042,9.13042
1.19826,0,8.9456,8.9456
1.19959,0,9.15212,9.15212
1.20091,0,8.97001,8.97001
1.20224,0,9.11942,9.11942
1.20357,0,8.98464,8.98464
1.2049,0,9.19563,9.19563
1.20623,0,8.92196,8.92196
1.20756,0,9.07824,9.07824
1.2089,0,8.98596,8.98596
1.21024,0,8.94597,8.94597
1.21158,0,9.09891,9.09891
1.21293,0,9.04649,9.04649
1.21427,0,8.91004,8.91004
1.21562,0,9.01161,9.01161
1.21697,0,9.01652,9.01652
1.21832,0,8.95789,8.95789
1.21968,0,9.0505,9.0505
1.22104,0,8.98334,8.98334
1.2224,0,8.9452,8.9452
1.22376,0,9.0946,9.0946
1.22512,0,8.9948,8.9948
1.22649,0,9.1593,9.1593
1.22785,0,9.07055,9.07055
1.22922,0,9.00926,9.00926
1.2306,0,9.11773,9.11773
1.23197,0,9.01006,9.01006
1.23335,0,9.04582,9.04582
1.23473,0,9.11645,9.11645
1.23611,0,9.05515,9.05515
1.23749,0,9.13669,9.13669
1.23888,0,9.01646,9.01646
1.24027,0,9.0929,9.0929
1.24166,0,9.04039,9.04039
1.24305,0,9.13827,9.13827
1.24445,0,9.11307,9.11307
1.24584,0,9.03603,9.03603
1.24724,0,9.03222,9.03222
1.24864,0,9.0892,9.0892
1.25005,0,9.03311,9.03311
1.25145,0,9.02521,9.02521
1.25286,0,9.06163,9.06163
1.25427,0,9.15701,9.15701
1.25569,0,9.04814,9.04814
1.2571,0,9.03311,9.03311
1.25852,0,9.18413,9.18413
1.25994,0,8.9632,8.9632
1.26136,0,9.12641,9.12641
1.26279,0,8.97396,8.97396
1.26421,0,9.12055,9.12055
1.26564,0,9.1382,9.1382
1.26708,0,9.16606,9.16606
1.26851,0,9.12555,9.12555
1.26995,0,8.99067,8.99067
1.27138,0,9.09918,9.09918
1.27283,0,9.10741,9.10741
1.27427,0,8.7579,8.7579
1.27571,0,9.1769,9.1769
1.27716,0,9.10158,9.10158
1.27861,0,9.14412,9.14412
1.28007,0,8.82951,8.82951
1.28152,0,9.00277,9.00277
1.28298,0,8.92776,8.92776
1.28444,0,9.14725,9.14725
1.2859,0,8.92095,8.92095
1.28736,0,9.21539,9.21539
1.28883,0,8.98942,8.98942
1.2903,0,8.99498,8.99498
1.29177,0,9.1556,9.1556
1.29325,0,9.05106,9.05106
1.29472,0,9.0047,9.0047
1.2962,0,8.98072,8.98072
1.29768,0,9.09401,9.09401
1.29917,0,8.93664,8.93664
1.30065,0,9.15068,9.15068
1.30214,0,8.95098,8.95098
1.30363,0,9.13584,9.13584
1.30513,0,8.9778,8.9778
1.30662,0,9.24631,9.24631
1.30812,0,9.12571,9.12571
1.30962,0,8.95131,8.95131
1.31112,0,8.97266,8.97266
1.31263,0,8.94309,8.94309
1.31414,0,9.09444,9.09444
1.31565,0,9.07277,9.07277
1.31716,0,9.10343,9.10343
1.31868,0,9.11135,9.11135
1.32019,0,9.0482,9.0482
1.32171,0,9.09194,9.09194
1.32324,0,9.14739,9.14739
1.32476,0,9.03603,9.03603
1.32629,0,9.0736,9.0736
1.32782,0,9.05309,9.05309
1.32935,0,9.02744,9.02744
1.33089,0,9.08047,9.08047
1.33243,0,9.00791,9.00791
1.33397,0,9.05159,9.05159
1.33551,0,9.02009,9.02009
1.33705,0,9.17144,9.17144
1.3386,0,9.11582,9.11582
1.34015,0,9.25878,9.25878
1.34171,0,8.91459,8.91459
1.34326,0,9.12448,9.12448
1.34482,0,9.06627,9.06627
1.34638,0,9.07143,9.07143
1.34794,0,9.13783,9.13783
1.34951,0,8.94115,8.94115
1.35107,0,9.16836,9.16836
1.35265,0,9.12552,9.12552
1.35422,0,9.15007,9.15007
1.35579,0,9.10525,9.10525
1.35737,0,9.13802,9.13802
1.35895,0,8.87573,8.87573
1.36054,0,9.11821,9.11821
1.36212,0,9.06385,9.06385
1.36371,0,9.06649,9.06649
1.3653,0,8.98943,8.98943
1.3669,0,8.88463,8.88463
1.36849,0,9.03622,9.03622
1.37009,0,8.9964,8.9964
1.37169,0,9.05068,9.05068
1.3733,0,9.1432,9.1432
1.3749,0,9.12408,9.12408
1.37651,0,9.02081,9.02081
1.37812,0,8.99633,8.99633
1.37974,0,8.97913,8.97913
1.38135,0,9.02737,9.02737
1.38297,0,9.02863,9.02863
1.3846,0,9.05008,9.05008
1.38622,0,9.05637,9.05637
1.38785,0,9.15696,9.15696
1.38948,0,8.95561,8.95561
1.39111,0,9.0546,9.0546
1.39275,0,8.97584,8.97584
1.39439,0,9.11705,9.11705
1.39603,0,9.08173,9.08173
1.39767,0,9.01776,9.01776
1.39932,0,9.10379,9.10379
1.40097,0,9.02194,9.02194
1.40262,0,9.00424,9.00424
1.40427,0,9.15293,9.15293
1.40593,0,9.1749,9.1749
1.40759,0,9.14278,9.14278
1.40925,0,9.00754,9.00754
1.41092,0,9.0169,9.0169
1.41258,0,9.04955,9.04955
1.41425,0,9.05629,9.05629
1.41593,0,8.96743,8.96743
1.4176,0,9.06999,9.06999
1.41928,0,9.09013,9.09013
1.42096,0,9.06519,9.06519
1.42265,0,8.99603,8.99603
1.42433,0,9.1092,9.1092
1.42602,0,9.07365,9.07365
1.42772,0,8.9675,8.9675
1.42941,0,9.0423,9.0423
1.43111,0,8.92462,8.92462
1.43281,0,9.09953,9.09953
1.43451,0,9.06103,9.06103
1.43622,0,9.08218,9.08218
1.43793,0,8.97437,8.97437
1.43964,0,9.09296,9.09296
1.44135,0,9.07762,9.07762
1.44307,0,9.04612,9.04612
1.44479,0,8.96036,8.96036
1.44651,0,9.06804,9.06804
1.44824,0,9.08602,9.08602
1.44997,0,8.88966,8.88966
1.4517,0,9.13667,9.13667
1.45343,0,8.87786,8.87786
1.45517,0,9.02416,9.02416
1.45691,0,9.0594,9.0594
1.45865,0,9.06489,9.06489
1.4604,0,9.06302,9.06302
1.46214,0,9.02412,9.02412
1.4639,0,8.98558,8.98558
1.46565,0,9.15371,9.15371
1.46741,0,8.96792,8.96792
1.46917,0,8.97636,8.97636
1.47093,0,9.0163,9.0163
1.47269,0,9.22885,9.22885
1.47446,0,8.91993,8.91993
1.47623,0,8.90141,8.90141
1.47801,0,9.02952,9.02952
1.47978,0,8.99298,8.99298
1.48156,0,9.25743,9.25743
1.48335,0,8.97881,8.97881
1.48513,0,9.08078,9.08078
1.48692,0,9.08532,9.08532
1.48871,0,8.97324,8.97324
1.4905,0,9.09137,9.09137
1.4923,0,9.04039,9.04039
1.4941,0,9.00238,9.00238
1.4959,0,9.09134,9.09134
1.49771,0,9.09387,9.09387
1.49952,0,8.95404,8.95404
1.50133,0,9.0074,9.0074
1.50315,0,9.07452,9.07452
1.50496,0,9.07731,9.07731
1.50678,0,8.97445,8.97445
1.50861,0,9.05247,9.05247
1.51043,0,9.05904,9.05904
1.51226,0,9.20688,9.20688
1.5141,0,8.99059,8.99059
1.51593,0,8.99394,8.99394
1.51777,0,9.02501,9.02501
1.51961,0,8.99071,8.99071
1.52146,0,9.09307,9.09307
1.5233,0,8.97549,8.97549
1.52515,0,9.16212,9.16212
1.52701,0,8.9727,8.9727
1.52886,0,9.09957,9.09957
1.53072,0,9.13215,9.13215
1.53258,0,8.89517,8.89517
1.53445,0,9.00515,9.00515
1.53632,0,9.14693,9.14693
1.53819,0,9.19302,9.19302
1.54006,0,8.99594,8.99594
1.54194,0,9.18248,9.18248
1.54382,0,9.10862,9.10862
1.54571,0,9.00431,9.00431
1.54759,0,9.02979,9.02979
1.54948,0,9.03503,9.03503
1.55138,0,9.02201,9.02201
1.55327,0,9.01004,9.01004
1.55517,0,9.13213,9.13213
1.55707,0,9.11736,9.11736
1.55898,0,9.14795,9.14795
1.56089,0,9.11286,9.11286
1.5628,0,8.94992,8.94992
1.56471,0,9.04306,9.04306
1.56663,0,9.09818,9.09818
1.56855,0,8.87468,8.87468
1.57048,0,8.83363,8.83363
1.5724,0,9.13756,9.13756
1.57433,0,9.04005,9.04005
1.57627,0,8.99484,8.99484
1.5782,0,9.06789,9.06789
1.58014,0,9.00061,9.00061
1.58208,0,9.19744,9.19744
1.58403,0,9.04886,9.04886
1.58598,0,9.26209,9.26209
1.58793,0,8.96574,8.96574
1.58989,0,9.15688,9.15688
1.59185,0,9.03465,9.03465
1.59381,0,9.0754,9.0754
1.59577,0,9.13489,9.13489
1.59774,0,9.08707,9.08707
1.59971,0,9.1202,9.1202
1.60169,0,9.08887,9.08887
1.60366,0,9.11745,9.11745
1.60564,0,9.05619,9.05619
1.60763,0,9.17574,9.17574
1.60962,0,9.19242,9.19242
1.61161,0,9.17156,9.17156
1.6136,0,9.18859,9.18859
1.6156,0,8.92834,8.92834
1.6176,0,8.9871,8.9871
1.6196,0,9.17301,9.17301
1.62161,0,9.03559,9.03559
1.62362,0,8.9937,8.9937
1.62563,0,9.06777,9.06777
1.62765,0,9.17137,9.17137
1.62967,0,9.05488,9.05488
1.63169,0,9.01268,9.01268
1.63372,0,9.11988,9.11988
1.63575,0,9.0055,9.0055
1.63778,0,9.15484,9.15484
1.63982,0,9.06969,9.06969
1.64186,0,8.99659,8.99659
1.6439,0,9.09913,9.09913
1.64595,0,9.14445,9.14445
1.648,0,8.94203,8.94203
1.65005,0,9.10074,9.10074
1.65211,0,9.08145,9.08145
1.65417,0,9.01478,9.01478
1.65623,0,9.08329,9.08329
1.65829,0,8.96125,8.96125
1.66036,0,9.17038,9.17038
1.66244,0,9.21523,9.21523
1.66451,0,8.98325,8.98325
1.66659,0,9.23627,9.23627
1.66868,0,9.0573,9.0573
1.67076,0,8.98787,8.98787
1.67285,0,9.10236,9.10236
1.67495,0,9.06255,9.06255
1.67704,0,9.05678,9.05678
1.67914,0,9.12382,9.12382
1.68125,0,9.03706,9.03706
1.68335,0,9.18034,9.18034
1.68547,0,8.99417,8.99417
1.68758,0,9.08724,9.08724
1.6897,0,9.08375,9.08375
1.69182,0,9.15914,9.15914
1.69394,0,8.97715,8.97715
1.69607,0,9.04687,9.04687
1.6982,0,9.03139,9.03139
1.70033,0,8.98928,8.98928
1.70247,0,9.12233,9.12233
1.70461,0,9.0844,9.0844
1.70676,0,9.19837,9.19837
1.70891,0,8.9964,8.9964
1.71106,0,9.06862,9.06862
1.71322,0,9.02205,9.02205
1.71537,0,9.08672,9.08672
1.71754,0,9.1357,9.1357
1.7197,0,9.19441,9.19441
1.72187,0,9.01122,9.01122
1.72405,0,9.11884,9.11884
1.72622,0,9.09585,9.09585
1.7284,0,9.01042,9.01042
1.73059,0,9.19554,9.19554
1.73277,0,9.05341,9.05341
1.73496,0,9.07108,9.07108
1.73716,0,9.01661,9.01661
1.73936,0,9.13668,9.13668
1.74156,0,9.07744,9.07744
1.74376,0,9.26286,9.26286
1.74597,0,9.15135,9.15135
1.74818,0,9.06108,9.06108
1.7504,0,9.0781,9.0781
1.75262,0,9.07675,9.07675
1.75484,0,9.07439,9.07439
1.75707,0,9.1337,9.1337
1.7593,0,9.06017,9.06017
1.76153,0,8.95175,8.95175
1.76377,0,9.15538,9.15538
1.76601,0,9.15476,9.15476
1.76826,0,9.17785,9.17785
1.7705,0,9.1511,9.1511
1.77276,0,9.03786,9.03786
1.77501,0,8.98154,8.98154
1.77727,0,9.12972,9.12972
1.77953,0,9.05733,9.05733
1.7818,0,9.10357,9.10357
1.78407,0,9.09202,9.09202
1.78635,0,9.03085,9.03085
1.78862,0,9.10671,9.10671
1.7909,0,9.11603,9.11603
1.79319,0,9.01062,9.01062
1.79548,0,9.05671,9.05671
1.79777,0,8.98775,8.98775
1.80007,0,8.96484,8.96484
1.80237,0,9.10601,9.10601
1.80467,0,9.04325,9.04325
1.80698,0,9.15419,9.15419
1.80929,0,9.00407,9.00407
1.81161,0,9.07756,9.07756
1.81392,0,9.13404,9.13404
1.81625,0,9.1182,9.1182
1.81857,0,9.05432,9.05432
1.8209,0,9.06408,9.06408
1.82324,0,9.14511,9.14511
1.82558,0,9.03682,9.03682
1.82792,0,9.0926,9.0926
1.83026,0,8.96475,8.96475
1.83261,0,9.11077,9.11077
1.83496,0,9.17273,9.17273
1.83732,0,9.17606,9.17606
1.83968,0,9.05747,9.05747
1.84205,0,8.95532,8.95532
1.84441,0,9.07792,9.07792
1.84679,0,9.14424,9.14424
1.84916,0,9.10261,9.10261
1.85154,0,9.07714,9.07714
1.85393,0,9.17401,9.17401
1.85631,0,8.97934,8.97934
1.85871,0,9.0349,9.0349
1.8611,0,9.05774,9.05774
1.8635,0,9.06543,9.06543
1.8659,0,9.17008,9.17008
1.86831,0,9.01789,9.01789
1.87072,0,9.1653,9.1653
1.87314,0,9.10416,9.10416
1.87556,0,9.12529,9.12529
1.87798,0,9.01971,9.01971
1.88041,0,9.10477,9.10477
1.88284,0,9.05512,9.05512
1.88527,0,9.17267,9.17267
1.88771,0,8.96182,8.96182
1.89015,0,9.06508,9.06508
1.8926,0,9.08657,9.08657
1.89505,0,9.1222,9.1222
1.8975,0,9.0631,9.0631
1.89996,0,9.01148,9.01148
1.90242,0,9.16661,9.16661
1.90489,0,9.1726,9.1726
1.90736,0,9.07309,9.07309
1.90984,0,9.02179,9.02179
1.91231,0,9.06747,9.06747
1.9148,0,9.06641,9.06641
1.91728,0,9.14306,9.14306
1.91977,0,9.15234,9.15234
1.92227,0,9.12686,9.12686
1.92477,0,9.05448,9.05448
1.92727,0,9.12512,9.12512
1.92978,0,9.09876,9.09876
1.93229,0,8.98808,8.98808
1.9348,0,9.18697,9.18697
1.93732,0,9.1311,9.1311
1.93984,0,9.12769,9.12769
1.94237,0,9.1187,9.1187
1.9449,0,9.25146,9.25146
1.94744,0,9.0752,9.0752
1.94998,0,9.22489,9.22489
1.95252,0,9.00257,9.00257
1.95507,0,8.94162,8.94162
1.95762,0,8.97238,8.97238
1.96018,0,9.06765,9.06765
1.96274,0,9.0789,9.0789
1.9653,0,9.07731,9.07731
1.96787,0,8.99805,8.99805
1.97044,0,9.17456,9.17456
1.97302,0,9.02923,9.02923
1.9756,0,9.03506,9.03506
1.97819,0,9.03265,9.03265
1.98078,0,9.13669,9.13669
1.98337,0,9.08344,9.08344
1.98597,0,9.07223,9.07223
1.98857,0,9.10314,9.10314
1.99118,0,9.18555,9.18555
1.99379,0,9.12582,9.12582
1.9964,0,9.07986,9.07986
1.99902,0,9.15581,9.15581
2.00165,0,8.9897,8.9897
2.00427,0,9.09742,9.09742
2.0069,0,9.04458,9.04458
2.00954,0,9.00562,9.00562
2.01218,0,9.19055,9.19055
2.01483,0,9.18011,9.18011
2.01748,0,9.16374,9.16374
2.02013,0,9.18591,9.18591
2.02279,0,9.09444,9.09444
2.02545,0,9.05145,9.05145
2.02811,0,9.12489,9.12489
2.03079,0,9.06664,9.06664
2.03346,0,9.08564,9.08564
2.03614,0,9.14402,9.14402
2.03882,0,9.16256,9.16256
2.04151,0,9.10107,9.10107
2.0442,0,9.11982,9.11982
2.0469,0,9.1613,9.1613
2.0496,0,9.0438,9.0438
2.05231,0,9.07541,9.07541
2.05502,0,9.07874,9.07874
2.05773,0,9.01962,9.01962
2.06045,0,9.17013,9.17013
2.06317,0,9.02179,9.02179
2.0659,0,8.98418,8.98418
2.06863,0,8.97933,8.97933
2.07137,0,9.02975,9.02975
2.07411,0,9.10958,9.10958
2.07686,0,9.12942,9.12942
2.07961,0,9.17576,9.17576
2.08236,0,9.08874,9.08874
2.08512,0,9.10725,9.10725
2.08788,0,9.1915,9.1915
2.09065,0,9.05177,9.05177
2.09342,0,9.19977,9.19977
2.0962,0,9.1775,9.1775
2.09898,0,9.06297,9.06297
2.10177,0,9.07194,9.07194
2.10456,0,9.15115,9.15115
2.10735,0,9.09775,9.09775
2.11015,0,9.12181,9.12181
2.11296,0,9.10132,9.10132
2.11576,0,9.1095,9.1095
2.11858,0,9.15927,9.15927
2.1214,0,9.04288,9.04288
2.12422,0,9.11254,9.11254
2.12704,0,9.19929,9.19929
2.12988,0,9.14025,9.14025
2.13271,0,9.05092,9.05092
2.13555,0,9.18986,9.18986
2.1384,0,9.12271,9.12271
2.14125,0,9.05029,9.05029
2.1441,0,9.15567,9.15567
2.14696,0,9.1394,9.1394
2.14983,0,9.07919,9.07919
2.15269,0,9.10203,9.10203
2.15557,0,9.06806,9.06806
2.15845,0,9.12064,9.12064
2.16133,0,9.16343,9.16343
2.16421,0,9.06495,9.06495
2.16711,0,8.98518,8.98518
2.17,0,9.12942,9.12942
2.1729,0,9.02589,9.02589
2.17581,0,9.04712,9.04712
2.17872,0,9.06905,9.06905
2.18164,0,9.05837,9.05837
2.18456,0,9.00179,9.00179
2.18748,0,9.11947,9.11947
2.19041,0,9.0744,9.0744
2.19335,0,9.05645,9.05645
2.19628,0,9.16204,9.16204
2.19923,0,9.11674,9.11674
2.20218,0,9.19188,9.19188
2.20513,0,9.04487,9.04487
2.20809,0,9.08445,9.08445
2.21105,0,9.11087,9.11087
2.21402,0,9.07921,9.07921
2.21699,0,9.09933,9.09933
2.21997,0,9.0574,9.0574
2.22295,0,8.99757,8.99757
2.22594,0,9.0195,9.0195
2.22893,0,9.19983,9.19983
2.23193,0,9.11257,9.11257
2.23493,0,8.99907,8.99907
2.23794,0,9.07659,9.07659
2.24095,0,9.06911,9.06911
2.24397,0,9.14709,9.14709
2.24699,0,9.12124,9.12124
2.25001,0,9.11361,9.11361
2.25305,0,9.12693,9.12693
2.25608,0,9.00412,9.00412
2.25912,0,9.27066,9.27066
2.26217,0,9.16734,9.16734
2.26522,0,9.01763,9.01763
2.26828,0,9.05982,9.05982
2.27134,0,9.1224,9.1224
2.2744,0,9.12143,9.12143
2.27747,0,9.12701,9.12701
2.28055,0,9.0163,9.0163
2.28363,0,9.16882,9.16882
2.28672,0,9.24595,9.24595
2.28981,0,9.09597,9.09597
2.2929,0,9.01618,9.01618
2.296,0,8.92212,8.92212
2.29911,0,9.11936,9.11936
2.30222,0,9.14791,9.14791
2.30534,0,9.07941,9.07941
2.30846,0,9.0401,9.0401
2.31158,0,9.11605,9.11605
2.31472,0,9.06969,9.06969
2.31785,0,9.04383,9.04383
2.32099,0,9.12788,9.12788
2.32414,0,9.15921,9.15921
2.32729,0,9.08253,9.08253
2.33045,0,9.00994,9.00994
2.33361,0,9.05575,9.05575
2.33678,0,9.07573,9.07573
2.33995,0,9.14114,9.14114
2.34313,0,9.02016,9.02016
2.34631,0,9.05302,9.05302
2.3495,0,9.16719,9.16719
2.35269,0,8.9966,8.9966
2.35589,0,9.12599,9.12599
2.35909,0,9.11745,9.11745
2.3623,0,9.1191,9.1191
2.36552,0,9.22981,9.22981
2.36873,0,9.26478,9.26478
2.37196,0,8.9855,8.9855
2.37519,0,9.06376,9.06376
2.37842,0,9.14923,9.14923
2.38166,0,9.13878,9.13878
2.38491,0,9.15913,9.15913
2.38816,0,9.07953,9.07953
2.39141,0,9.0431,9.0431
2.39467,0,8.97037,8.97037
2.39794,0,9.11491,9.11491
2.40121,0,9.08975,9.08975
2.40449,0,9.10497,9.10497
2.40777,0,9.10156,9.10156
2.41106,0,9.05676,9.05676
2.41435,0,9.03837,9.03837
2.41765,0,9.13444,9.13444
2.42095,0,9.10096,9.10096
2.42426,0,9.08292,9.08292
2.42758,0,9.25412,9.25412
2.4309,0,9.14334,9.14334
2.43422,0,9.09735,9.09735
2.43755,0,9.11514,9.11514
2.44089,0,9.13451,9.13451
2.44423,0,9.11731,9.11731
2.44758,0,9.09494,9.09494
2.45093,0,9.08048,9.08048
2.45429,0,9.01789,9.01789
2.45765,0,9.12355,9.12355
2.46102,0,9.07511,9.07511
2.46439,0,9.11673,9.11673
2.46777,0,9.08552,9.08552
2.47116,0,9.23345,9.23345
2.47455,0,9.16462,9.16462
2.47795,0,9.01409,9.01409
2.48135,0,9.12892,9.12892
2.48475,0,9.04905,9.04905
2.48817,0,9.07226,9.07226
2.49159,0,9.0714,9.0714
2.49501,0,9.06443,9.06443
2.49844,0,9.21707,9.21707
2.50187,0,8.94117,8.94117
2.50531,0,9.13335,9.13335
2.50876,0,9.15369,9.15369
2.51221,0,9.09779,9.09779
2.51567,0,9.18946,9.18946
2.51913,0,9.03656,9.03656
2.5226,0,9.06293,9.06293
2.52608,0,9.04542,9.04542
2.52956,0,9.12625,9.12625
2.53304,0,9.18805,9.18805
2.53653,0,9.09609,9.09609
2.54003,0,9.11184,9.11184
2.54353,0,9.19988,9.19988
2.54704,0,9.16651,9.16651
2.55055,0,9.06144,9.06144
2.55407,0,9.03269,9.03269
2.5576,0,8.99202,8.99202
2.56113,0,9.15418,9.15418
2.56467,0,9.03751,9.03751
2.56821,0,9.06399,9.06399
2.57176,0,9.09914,9.09914
2.57531,0,9.09665,9.09665
2.57887,0,9.17294,9.17294
2.58244,0,9.12117,9.12117
2.58601,0,9.07589,9.07589
2.58959,0,9.10118,9.10118
2.59317,0,9.08826,9.08826
2.59676,0,9.037,9.037
2.60035,0,9.17068,9.17068
2.60395,0,9.05568,9.05568
2.60756,0,9.0835,9.0835
2.61117,0,9.17991,9.17991
2.61479,0,9.07291,9.07291
2.61841,0,9.12761,9.12761
2.62204,0,9.16674,9.16674
2.62568,0,9.21658,9.21658
2.62932,0,9.09008,9.09008
2.63297,0,9.09155,9.09155
2.63662,0,9.17822,9.17822
2.64028,0,9.14843,9.14843
2.64395,0,9.15063,9.15063
2.64762,0,9.14252,9.14252
2.6513,0,9.15005,9.15005
2.65498,0,9.10227,9.10227
2.65867,0,9.15847,9.15847
2.66236,0,9.17076,9.17076
2.66607,0,9.17791,9.17791
2.66977,0,9.09256,9.09256
2.67349,0,9.15955,9.15955
2.67721,0,9.14054,9.14054
2.68093,0,9.0603,9.0603
2.68466,0,9.14475,9.14475
2.6884,0,9.15219,9.15219
2.69214,0,9.1347,9.1347
2.69589,0,9.08346,9.08346
2.69965,0,9.02175,9.02175
2.70341,0,9.08934,9.08934
2.70718,0,9.11424,9.11424
2.71095,0,9.10932,9.10932
2.71473,0,9.07945,9.07945
2.71852,0,9.13566,9.13566
2.72231,0,9.16989,9.16989
2.72611,0,9.09911,9.09911
2.72992,0,9.06328,9.06328
2.73373,0,9.14813,9.14813
2.73755,0,9.06199,9.06199
2.74137,0,9.12388,9.12388
2.7452,0,9.27082,9.27082
2.74903,0,9.10889,9.10889
2.75288,0,9.0835,9.0835
2.75673,0,9.14508,9.14508
2.76058,0,9.13141,9.13141
2.76444,0,9.11775,9.11775
2.76831,0,9.19011,9.19011
2.77218,0,9.08161,9.08161
2.77606,0,9.04042,9.04042
2.77995,0,9.23515,9.23515
2.78384,0,9.23073,9.23073
2.78774,0,9.20827,9.20827
2.79164,0,9.07386,9.07386
2.79556,0,9.08523,9.08523
2.79947,0,9.16755,9.16755
2.8034,0,9.16597,9.16597
2.80733,0,9.22056,9.22056
2.81126,0,9.13519,9.13519
2.81521,0,9.17713,9.17713
2.81916,0,9.17515,9.17515
2.82311,0,9.19584,9.19584
2.82708,0,9.09797,9.09797
2.83105,0,9.08295,9.08295
2.83502,0,9.11436,9.11436
2.839,0,9.16498,9.16498
2.84299,0,9.16515,9.16515
2.84699,0,9.06034,9.06034
2.85099,0,9.03644,9.03644
2.85499,0,9.12826,9.12826
2.85901,0,9.09394,9.09394
2.86303,0,9.08461,9.08461
2.86706,0,9.0716,9.0716
2.87109,0,9.06588,9.06588
2.87513,0,9.15675,9.15675
2.87918,0,9.13075,9.13075
2.88323,0,9.11437,9.11437
2.88729,0,9.22984,9.22984
2.89136,0,9.14963,9.14963
2.89543,0,9.12704,9.12704
2.89951,0,9.18177,9.18177
2.9036,0,9.05142,9.05142
2.90769,0,9.17622,9.17622
2.91179,0,9.13237,9.13237
2.9159,0,9.13342,9.13342
2.92001,0,9.0919,9.0919
2.92413,0,9.13745,9.13745
2.92826,0,9.1186,9.1186
2.93239,0,9.18415,9.18415
2.93653,0,9.10253,9.10253
2.94068,0,9.2369,9.2369
2.94483,0,9.11074,9.11074
2.94899,0,9.1948,9.1948
2.95316,0,9.11137,9.11137
2.95734,0,9.13509,9.13509
2.96152,0,9.17408,9.17408
2.9657,0,9.2021,9.2021
2.9699,0,9.19294,9.19294
2.9741,0,9.13326,9.13326
2.97831,0,9.16984,9.16984
2.98252,0,9.13724,9.13724
2.98674,0,9.10473,9.10473
2.99097,0,9.12703,9.12703
2.99521,0,9.06942,9.06942
2.99945,0,9.2578,9.2578
3.0037,0,9.14444,9.14444
3.00795,0,8.96548,8.96548
3.01222,0,9.05263,9.05263
3.01649,0,9.13736,9.13736
3.02076,0,9.11383,9.11383
3.02505,0,9.06414,9.06414
3.02934,0,9.10549,9.10549
3.03364,0,9.09386,9.09386
3.03794,0,9.11641,9.11641
3.04225,0,9.14617,9.14617
3.04657,0,9.18108,9.18108
3.0509,0,9.17485,9.17485
3.05523,0,9.14367,9.14367
3.05957,0,9.16856,9.16856
3.06392,0,9.05106,9.05106
3.06827,0,9.14026,9.14026
3.07263,0,9.14781,9.14781
3.077,0,9.16538,9.16538
3.08137,0,9.17949,9.17949
3.08576,0,9.10541,9.10541
3.09015,0,9.1741,9.1741
3.09454,0,9.12518,9.12518
3.09895,0,9.10623,9.10623
3.10336,0,9.14942,9.14942
3.10777,0,9.1967,9.1967
3.1122,0,9.11865,9.11865
3.11663,0,9.13496,9.13496
3.12107,0,9.10127,9.10127
3.12552,0,9.0877,9.0877
3.12997,0,9.23057,9.23057
3.13443,0,9.0833,9.0833
3.1389,0,9.11096,9.11096
3.14338,0,9.13642,9.13642
3.14786,0,9.28577,9.28577
3.15235,0,9.1655,9.1655
3.15685,0,9.19002,9.19002
3.16135,0,9.18683,9.18683
3.16587,0,9.1321,9.1321
3.17039,0,9.11941,9.11941
3.17491,0,9.14526,9.14526
3.17945,0,9.15763,9.15763
3.18399,0,9.13797,9.13797
3.18854,0,9.13405,9.13405
3.19309,0,9.15885,9.15885
3.19766,0,9.13666,9.13666
3.20223,0,9.12386,9.12386
3.20681,0,9.15584,9.15584
3.21139,0,9.14298,9.14298
3.21599,0,9.24846,9.24846
3.22059,0,9.10315,9.10315
3.2252,0,9.09152,9.09152
3.22981,0,9.11996,9.11996
3.23444,0,9.10967,9.10967
3.23907,0,9.14778,9.14778
3.2437,0,9.19404,9.19404
3.24835,0,9.12259,9.12259
3.253,0,9.15805,9.15805
3.25767,0,9.09323,9.09323
3.26233,0,9.15701,9.15701
3.26701,0,9.21295,9.21295
3.27169,0,9.17077,9.17077
3.27639,0,9.08821,9.08821
3.28108,0,9.21762,9.21762
3.28579,0,9.23395,9.23395
3.29051,0,9.22994,9.22994
3.29523,0,9.13952,9.13952
3.29996,0,9.11185,9.11185
3.3047,0,9.15201,9.15201
3.30944,0,9.17256,9.17256
3.31419,0,9.14868,9.14868
3.31895,0,9.10874,9.10874
3.32372,0,9.22271,9.22271
3.3285,0,9.10814,9.10814
3.33328,0,9.23103,9.23103
3.33807,0,9.17023,9.17023
3.34287,0,9.14266,9.14266
3.34768,0,9.20436,9.20436
3.35249,0,9.06129,9.06129
3.35732,0,9.06562,9.06562
3.36215,0,9.20098,9.20098
3.36699,0,9.05217,9.05217
3.37183,0,9.18346,9.18346
3.37669,0,9.10331,9.10331
3.38155,0,9.1343,9.1343
3.38642,0,9.28072,9.28072
3.3913,0,9.16616,9.16616
3.39618,0,9.14361,9.14361
3.40108,0,9.08287,9.08287
3.40598,0,9.16051,9.16051
3.41089,0,9.0647,9.0647
3.41581,0,9.19128,9.19128
3.42073,0,9.10235,9.10235
3.42567,0,9.20126,9.20126
3.43061,0,9.23358,9.23358
3.43556,0,9.2449,9.2449
3.44051,0,9.20132,9.20132
3.44548,0,9.16486,9.16486
3.45045,0,9.13059,9.13059
3.45544,0,9.19126,9.19126
3.46043,0,9.18086,9.18086
3.46543,0,9.17074,9.17074
3.47043,0,9.20657,9.20657
3.47545,0,9.17429,9.17429
3.48047,0,9.16565,9.16565
3.4855,0,9.27169,9.27169
3.49054,0,9.14021,9.14021
3.49559,0,9.21166,9.21166
3.50064,0,9.10259,9.10259
3.5057,0,9.15894,9.15894
3.51078,0,9.15173,9.15173
3.51586,0,9.12542,9.12542
3.52094,0,9.13351,9.13351
3.52604,0,9.22262,9.22262
3.53115,0,9.11852,9.11852
3.53626,0,9.21757,9.21757
3.54138,0,9.17116,9.17116
3.54651,0,9.19328,9.19328
3.55165,0,9.12887,9.12887
3.55679,0,9.10749,9.10749
3.56195,0,9.1514,9.1514
3.56711,0,9.17855,9.17855
3.57228,0,9.18494,9.18494
3.57746,0,9.15007,9.15007
3.58265,0,9.15639,9.15639
3.58785,0,9.23679,9.23679
3.59305,0,9.06857,9.06857
3.59827,0,9.23095,9.23095
3.60349,0,9.17156,9.17156
3.60872,0,9.19438,9.19438
3.61396,0,9.17411,9.17411
3.61921,0,9.15568,9.15568
3.62446,0,9.19264,9.19264
3.62973,0,9.21021,9.21021
3.635,0,9.2657,9.2657
3.64028,0,9.21122,9.21122
3.64557,0,9.16521,9.16521
3.65087,0,9.06946,9.06946
3.65618,0,9.16108,9.16108
3.6615,0,9.26549,9.26549
3.66682,0,9.10026,9.10026
3.67216,0,9.15419,9.15419
3.6775,0,9.15611,9.15611
3.68285,0,9.1311,9.1311
3.68821,0,9.08415,9.08415
3.69358,0,9.19212,9.19212
3.69895,0,9.13214,9.13214
3.70434,0,9.16579,9.16579
3.70973,0,9.12988,9.12988
3.71514,0,9.13841,9.13841
3.72055,0,9.19384,9.19384
3.72597,0,9.06899,9.06899
3.7314,0,9.13877,9.13877
3.73684,0,9.20618,9.20618
3.74229,0,9.15011,9.15011
3.74774,0,9.22223,9.22223
3.75321,0,9.17313,9.17313
3.75868,0,9.17267,9.17267
3.76416,0,9.18511,9.18511
3.76966,0,9.09379,9.09379
3.77516,0,9.21309,9.21309
3.78067,0,9.17136,9.17136
3.78618,0,9.10132,9.10132
3.79171,0,9.2102,9.2102
3.79725,0,9.19429,9.19429
3.80279,0,9.1578,9.1578
3.80835,0,9.166,9.166
3.81391,0,9.21068,9.21068
3.81949,0,9.16948,9.16948
3.82507,0,9.24181,9.24181
3.83066,0,9.23509,9.23509
3.83626,0,9.22993,9.22993
3.84187,0,9.28137,9.28137
3.84748,0,9.22066,9.22066
3.85311,0,9.09277,9.09277
3.85875,0,9.14533,9.14533
3.86439,0,9.20624,9.20624
3.87005,0,9.1907,9.1907
3.87571,0,9.19459,9.19459
3.88138,0,9.15888,9.15888
3.88707,0,9.12005,9.12005
3.89276,0,9.17922,9.17922
3.89846,0,9.20092,9.20092
3.90417,0,9.09829,9.09829
3.90989,0,9.17501,9.17501
3.91562,0,9.20126,9.20126
3.92136,0,9.14015,9.14015
3.9271,0,9.21641,9.21641
3.93286,0,9.20871,9.20871
3.93862,0,9.22489,9.22489
3.9444,0,9.17398,9.17398
3.95018,0,9.19812,9.19812
3.95598,0,9.17728,9.17728
3.96178,0,9.14934,9.14934
3.9676,0,9.27399,9.27399
3.97342,0,9.14901,9.14901
3.97925,0,9.19261,9.19261
3.98509,0,9.17024,9.17024
3.99094,0,9.17432,9.17432
3.9968,0,9.23677,9.23677
4.00267,0,9.21957,9.21957
4.00855,0,9.1346,9.1346
4.01444,0,9.15072,9.15072
4.02034,0,9.16031,9.16031
4.02625,0,9.14668,9.14668
4.03216,0,9.26756,9.26756
4.03809,0,9.24535,9.24535
4.04403,0,9.1853,9.1853
4.04997,0,9.15208,9.15208
4.05593,0,9.19706,9.19706
4.0619,0,9.1764,9.1764
4.06787,0,9.23817,9.23817
4.07386,0,9.12962,9.12962
4.07985,0,9.21685,9.21685
4.08586,0,9.22873,9.22873
4.09187,0,9.21959,9.21959
4.0979,0,9.15647,9.15647
4.10393,0,9.19518,9.19518
4.10997,0,9.20519,9.20519
4.11603,0,9.10779,9.10779
4.12209,0,9.12003,9.12003
4.12816,0,9.19986,9.19986
4.13425,0,9.16191,9.16191
4.14034,0,9.18896,9.18896
4.14644,0,9.20366,9.20366
4.15256,0,9.26612,9.26612
4.15868,0,9.21836,9.21836
4.16481,0,9.21576,9.21576
4.17096,0,9.1122,9.1122
4.17711,0,9.19761,9.19761
4.18327,0,9.2546,9.2546
4.18944,0,9.30061,9.30061
4.19563,0,9.27031,9.27031
4.20182,0,9.15648,9.15648
4.20802,0,9.23266,9.23266
4.21424,0,9.17523,9.17523
4.22046,0,9.17078,9.17078
4.22669,0,9.25687,9.25687
4.23294,0,9.19863,9.19863
4.23919,0,9.1947,9.1947
4.24545,0,9.22565,9.22565
4.25173,0,9.21107,9.21107
4.25801,0,9.13207,9.13207
4.2643,0,9.19332,9.19332
4.27061,0,9.19824,9.19824
4.27692,0,9.17743,9.17743
4.28325,0,9.18859,9.18859
4.28958,0,9.27233,9.27233
4.29593,0,9.27848,9.27848
4.30229,0,9.1632,9.1632
4.30865,0,9.17263,9.17263
4.31503,0,9.24851,9.24851
4.32142,0,9.21065,9.21065
4.32781,0,9.26473,9.26473
4.33422,0,9.27605,9.27605
4.34064,0,9.16621,9.16621
4.34707,0,9.28141,9.28141
4.35351,0,9.16416,9.16416
4.35996,0,9.17975,9.17975
4.36642,0,9.23266,9.23266
4.37289,0,9.24569,9.24569
4.37937,0,9.27915,9.27915
4.38586,0,9.17109,9.17109
4.39236,0,9.25417,9.25417
4.39887,0,9.21704,9.21704
4.4054,0,9.26841,9.26841
4.41193,0,9.22522,9.22522
4.41847,0,9.282,9.282
4.42503,0,9.14764,9.14764
4.4316,0,9.22033,9.22033
4.43817,0,9.2244,9.2244
4.44476,0,9.22583,9.22583
4.45136,0,9.2166,9.2166
4.45796,0,9.1818,9.1818
4.46458,0,9.22929,9.22929
4.47121,0,9.24426,9.24426
4.47785,0,9.21589,9.21589
4.48451,0,9.21604,9.21604
4.49117,0,9.17631,9.17631
4.49784,0,9.21464,9.21464
4.50453,0,9.27379,9.27379
4.51122,0,9.29872,9.29872
4.51793,0,9.26463,9.26463
4.52464,0,9.26875,9.26875
4.53137,0,9.2484,9.2484
4.53811,0,9.20407,9.20407
4.54486,0,9.21921,9.21921
4.55162,0,9.23663,9.23663
4.55839,0,9.25793,9.25793
4.56517,0,9.17925,9.17925
4.57197,0,9.19192,9.19192
4.57877,0,9.23649,9.23649
4.58559,0,9.25146,9.25146
4.59241,0,9.16984,9.16984
4.59925,0,9.20622,9.20622
4.6061,0,9.29151,9.29151
4.61296,0,9.22611,9.22611
4.61983,0,9.2455,9.2455
4.62671,0,9.19787,9.19787
4.63361,0,9.1399,9.1399
4.64051,0,9.24209,9.24209
4.64743,0,9.22591,9.22591
4.65435,0,9.2616,9.2616
4.66129,0,9.16069,9.16069
4.66824,0,9.26116,9.26116
4.6752,0,9.20141,9.20141
4.68217,0,9.19692,9.19692
4.68916,0,9.25379,9.25379
4.69615,0,9.26878,9.26878
4.70316,0,9.14419,9.14419
4.71018,0,9.22327,9.22327
4.71721,0,9.21239,9.21239
4.72425,0,9.23162,9.23162
4.7313,0,9.22843,9.22843
4.73836,0,9.18179,9.18179
4.74544,0,9.23651,9.23651
4.75252,0,9.2271,9.2271
4.75962,0,9.19533,9.19533
4.76673,0,9.20213,9.20213
4.77385,0,9.22135,9.22135
4.78098,0,9.18885,9.18885
4.78813,0,9.26378,9.26378
4.79528,0,9.28683,9.28683
4.80245,0,9.18068,9.18068
4.80963,0,9.25946,9.25946
4.81682,0,9.17791,9.17791
4.82402,0,9.28668,9.28668
4.83124,0,9.17247,9.17247
4.83846,0,9.2276,9.2276
4.8457,0,9.30622,9.30622
4.85295,0,9.23904,9.23904
4.86021,0,9.26093,9.26093
4.86748,0,9.22663,9.22663
4.87477,0,9.16714,9.16714
4.88206,0,9.23005,9.23005
4.88937,0,9.2579,9.2579
4.89669,0,9.30921,9.30921
4.90402,0,9.2112,9.2112
4.91137,0,9.25631,9.25631
4.91872,0,9.28171,9.28171
4.92609,0,9.27257,9.27257
4.93347,0,9.19459,9.19459
4.94086,0,9.20176,9.20176
4.94827,0,9.21659,9.21659
4.95568,0,9.22318,9.22318
4.96311,0,9.22237,9.22237
4.97055,0,9.24704,9.24704
4.978,0,9.22213,9.22213
4.98547,0,9.23698,9.23698
4.99294,0,9.24316,9.24316
5.00043,0,9.20818,9.20818
5.00793,0,9.23819,9.23819
5.01545,0,9.1897,9.1897
5.02299,0,9.2514,9.2514
5.03055,0,9.22968,9.22968
5.03813,0,9.24794,9.24794
5.04572,0,9.23102,9.23102
5.05334,0,9.18703,9.18703
5.06097,0,9.24035,9.24035
5.06862,0,9.26873,9.26873
5.07629,0,9.24876,9.24876
5.08398,0,9.22749,9.22749
5.09169,0,9.31313,9.31313
5.09942,0,9.27466,9.27466
5.10717,0,9.24432,9.24432
5.11494,0,9.24211,9.24211
5.12273,0,9.26454,9.26454
5.13053,0,9.26681,9.26681
5.13836,0,9.20234,9.20234
5.14621,0,9.22727,9.22727
5.15407,0,9.25489,9.25489
5.16196,0,9.30367,9.30367
5.16986,0,9.31166,9.31166
5.17779,0,9.19105,9.19105
5.18573,0,9.21413,9.21413
5.1937,0,9.18165,9.18165
5.20168,0,9.23434,9.23434
5.20968,0,9.21004,9.21004
5.21771,0,9.23903,9.23903
5.22575,0,9.23063,9.23063
5.23382,0,9.24582,9.24582
5.2419,0,9.19047,9.19047
5.25001,0,9.205,9.205
5.25813,0,9.24628,9.24628
5.26628,0,9.33636,9.33636
5.27444,0,9.33883,9.33883
5.28263,0,9.24868,9.24868
5.29083,0,9.27468,9.27468
5.29906,0,9.23318,9.23318
5.30731,0,9.17,9.17
5.31558,0,9.19364,9.19364
5.32387,0,9.23317,9.23317
5.33218,0,9.28464,9.28464
5.34051,0,9.25553,9.25553
5.34886,0,9.24167,9.24167
5.35723,0,9.22137,9.22137
5.36562,0,9.27999,9.27999
5.37404,0,9.25553,9.25553
5.38247,0,9.26167,9.26167
5.39093,0,9.25112,9.25112
5.39941,0,9.24771,9.24771
5.4079,0,9.26983,9.26983
5.41642,0,9.27969,9.27969
5.42497,0,9.27491,9.27491
5.43353,0,9.28142,9.28142
5.44211,0,9.2313,9.2313
5.45072,0,9.3258,9.3258
5.45934,0,9.21988,9.21988
5.46799,0,9.2848,9.2848
5.47666,0,9.30781,9.30781
5.48535,0,9.30243,9.30243
5.49407,0,9.19954,9.19954
5.5028,0,9.21957,9.21957
5.51156,0,9.28706,9.28706
5.52034,0,9.30671,9.30671
5.52914,0,9.32712,9.32712
5.53796,0,9.258,9.258
5.54681,0,9.26904,9.26904
5.55567,0,9.26719,9.26719
5.56456,0,9.28932,9.28932
5.57347,0,9.2745,9.2745
5.58241,0,9.27593,9.27593
5.59136,0,9.27667,9.27667
5.60034,0,9.28773,9.28773
5.60934,0,9.26127,9.26127
5.61837,0,9.22295,9.22295
5.62741,0,9.2664,9.2664
5.63648,0,9.22673,9.22673
5.64557,0,9.33568,9.33568
5.65469,0,9.2603,9.2603
5.66382,0,9.24404,9.24404
5.67298,0,9.26464,9.26464
5.68216,0,9.28565,9.28565
5.69137,0,9.23736,9.23736
5.7006,0,9.24713,9.24713
5.70985,0,9.21365,9.21365
5.71912,0,9.31606,9.31606
5.72842,0,9.27579,9.27579
5.73774,0,9.26486,9.26486
5.74709,0,9.34649,9.34649
5.75646,0,9.29196,9.29196
5.76585,0,9.24012,9.24012
5.77526,0,9.30859,9.30859
5.7847,0,9.26918,9.26918
5.79416,0,9.27442,9.27442
5.80365,0,9.22855,9.22855
5.81316,0,9.27878,9.27878
5.82269,0,9.30424,9.30424
5.83225,0,9.27099,9.27099
5.84183,0,9.25873,9.25873
5.85143,0,9.26995,9.26995
5.86106,0,9.29552,9.29552
5.87071,0,9.31312,9.31312
5.88039,0,9.2497,9.2497
5.89009,0,9.28034,9.28034
5.89981,0,9.25451,9.25451
5.90956,0,9.27838,9.27838
5.91934,0,9.2814,9.2814
5.92914,0,9.25625,9.25625
5.93896,0,9.28558,9.28558
5.94881,0,9.28572,9.28572
5.95868,0,9.31486,9.31486
5.96858,0,9.30601,9.30601
5.9785,0,9.31861,9.31861
5.98844,0,9.31635,9.31635
5.99841,0,9.28504,9.28504
6.00841,0,9.29679,9.29679
6.01843,0,9.30918,9.30918
6.02848,0,9.31534,9.31534
6.03855,0,9.31253,9.31253
6.04864,0,9.26599,9.26599
6.05877,0,9.30988,9.30988
6.06891,0,9.31536,9.31536
6.07909,0,9.30669,9.30669
6.08928,0,9.29468,9.29468
6.09951,0,9.30583,9.30583
6.10976,0,9.26324,9.26324
6.12003,0,9.33209,9.33209
6.13033,0,9.29676,9.29676
6.14066,0,9.31609,9.31609
6.15101,0,9.30624,9.30624
6.16138,0,9.23095,9.23095
6.17179,0,9.32266,9.32266
6.18222,0,9.28409,9.28409
6.19267,0,9.30002,9.30002
6.20316,0,9.29989,9.29989
6.21366,0,9.35883,9.35883
6.2242,0,9.34986,9.34986
6.23476,0,9.22479,9.22479
6.24534,0,9.33948,9.33948
6.25596,0,9.26637,9.26637
6.2666,0,9.32145,9.32145
6.27726,0,9.30091,9.30091
6.28796,0,9.35363,9.35363
6.29868,0,9.30676,9.30676
6.30942,0,9.33629,9.33629
6.3202,0,9.30657,9.30657
6.331,0,9.2733,9.2733
6.34183,0,9.33114,9.33114
6.35268,0,9.35322,9.35322
6.36356,0,9.31242,9.31242
6.37447,0,9.3211,9.3211
6.38541,0,9.39302,9.39302
6.39637,0,9.31718,9.31718
6.40736,0,9.29773,9.29773
6.41838,0,9.29714,9.29714
6.42943,0,9.30501,9.30501
6.4405,0,9.34198,9.34198
6.4516,0,9.31179,9.31179
6.46273,0,9.33611,9.33611
6.47389,0,9.3195,9.3195
6.48507,0,9.35326,9.35326
6.49628,0,9.3187,9.3187
6.50752,0,9.33995,9.33995
6.51879,0,9.34222,9.34222
6.53009,0,9.36053,9.36053
6.54142,0,9.28234,9.28234
6.55277,0,9.34147,9.34147
6.56415,0,9.33831,9.33831
6.57556,0,9.32145,9.32145
6.587,0,9.34237,9.34237
6.59847,0,9.31048,9.31048
6.60996,0,9.30914,9.30914
6.62149,0,9.33696,9.33696
6.63304,0,9.35347,9.35347
6.64463,0,9.35779,9.35779
6.65624,0,9.31255,9.31255
6.66788,0,9.27907,9.27907
6.67955,0,9.35812,9.35812
6.69125,0,9.30992,9.30992
6.70297,0,9.32235,9.32235
6.71473,0,9.32023,9.32023
6.72652,0,9.30722,9.30722
6.73833,0,9.38266,9.38266
6.75018,0,9.31007,9.31007
6.76206,0,9.3147,9.3147
6.77396,0,9.36158,9.36158
6.7859,0,9.33905,9.33905
6.79786,0,9.36493,9.36493
6.80986,0,9.32979,9.32979
6.82188,0,9.32522,9.32522
6.83393,0,9.34403,9.34403
6.84602,0,9.3328,9.3328
6.85813,0,9.24986,9.24986
6.87028,0,9.40741,9.40741
6.88246,0,9.29686,9.29686
6.89466,0,9.35933,9.35933
6.9069,0,9.40064,9.40064
6.91917,0,9.32892,9.32892
6.93146,0,9.31819,9.31819
6.94379,0,9.36445,9.36445
6.95615,0,9.32593,9.32593
6.96854,0,9.29181,9.29181
6.98096,0,9.34253,9.34253
6.99342,0,9.37184,9.37184
7.0059,0,9.33302,9.33302
7.01841,0,9.35713,9.35713
7.03096,0,9.37562,9.37562
7.04354,0,9.34805,9.34805
7.05615,0,9.33113,9.33113
7.06879,0,9.31087,9.31087
7.08146,0,9.39401,9.39401
7.09416,0,9.3581,9.3581
7.1069,0,9.37801,9.37801
7.11966,0,9.36824,9.36824
7.13246,0,9.35913,9.35913
7.1453,0,9.34418,9.34418
7.15816,0,9.35782,9.35782
7.17105,0,9.36073,9.36073
7.18398,0,9.34999,9.34999
7.19694,0,9.36835,9.36835
7.20993,0,9.29562,9.29562
7.22296,0,9.30824,9.30824
7.23602,0,9.40472,9.40472
7.24911,0,9.34307,9.34307
7.26223,0,9.35392,9.35392
7.27538,0,9.39502,9.39502
7.28857,0,9.30288,9.30288
7.30179,0,9.3828,9.3828
7.31505,0,9.33591,9.33591
7.32834,0,9.30482,9.30482
7.34166,0,9.34039,9.34039
7.35501,0,9.3229,9.3229
7.3684,0,9.33421,9.33421
7.38182,0,9.37842,9.37842
7.39527,0,9.35006,9.35006
7.40876,0,9.39574,9.39574
7.42228,0,9.3697,9.3697
7.43584,0,9.37381,9.37381
7.44943,0,9.30158,9.30158
7.46305,0,9.31407,9.31407
7.47671,0,9.39638,9.39638
7.4904,0,9.29092,9.29092
7.50413,0,9.35715,9.35715
7.51789,0,9.34914,9.34914
7.53168,0,9.38395,9.38395
7.54551,0,9.41804,9.41804
7.55938,0,9.34809,9.34809
7.57328,0,9.37893,9.37893
7.58721,0,9.39987,9.39987
7.60118,0,9.37615,9.37615
7.61518,0,9.37455,9.37455
7.62922,0,9.37235,9.37235
7.64329,0,9.36125,9.36125
7.6574,0,9.35245,9.35245
7.67154,0,9.37353,9.37353
7.68572,0,9.35684,9.35684
7.69994,0,9.37676,9.37676
7.71419,0,9.37417,9.37417
7.72847,0,9.42037,9.42037
7.74279,0,9.41969,9.41969
7.75715,0,9.35376,9.35376
7.77154,0,9.40331,9.40331
7.78597,0,9.42876,9.42876
7.80044,0,9.38327,9.38327
7.81494,0,9.34796,9.34796
7.82947,0,9.3709,9.3709
7.84405,0,9.34765,9.34765
7.85866,0,9.36102,9.36102
7.8733,0,9.37495,9.37495
7.88799,0,9.38828,9.38828
7.90271,0,9.36169,9.36169
7.91746,0,9.42481,9.42481
7.93226,0,9.45073,9.45073
7.94709,0,9.42962,9.42962
7.96196,0,9.36929,9.36929
7.97686,0,9.38914,9.38914
7.9918,0,9.36931,9.36931
8.00678,0,9.33027,9.33027
8.0218,0,9.38069,9.38069
8.03685,0,9.41038,9.41038
8.05195,0,9.41857,9.41857
8.06708,0,9.42087,9.42087
8.08224,0,9.37854,9.37854
8.09745,0,9.43182,9.43182
8.11269,0,9.39838,9.39838
8.12798,0,9.428,9.428
8.14329,0,9.38357,9.38357
8.15865,0,9.35317,9.35317
8.17405,0,9.44302,9.44302
8.18948,0,9.44547,9.44547
8.20496,0,9.36432,9.36432
8.22047,0,9.39409,9.39409
8.23602,0,9.41855,9.41855
8.25161,0,9.38067,9.38067
8.26724,0,9.42904,9.42904
8.28291,0,9.42614,9.42614
8.29862,0,9.37764,9.37764
8.31436,0,9.42054,9.42054
8.33015,0,9.39501,9.39501
8.34597,0,9.45441,9.45441
8.36184,0,9.39591,9.39591
8.37774,0,9.43852,9.43852
8.39369,0,9.39004,9.39004
8.40967,0,9.44485,9.44485
8.4257,0,9.40528,9.40528
8.44176,0,9.41566,9.41566
8.45787,0,9.39446,9.39446
8.47401,0,9.4214,9.4214
8.4902,0,9.42658,9.42658
8.50642,0,9.46221,9.46221
8.52269,0,9.39404,9.39404
8.53899,0,9.46559,9.46559
8.55534,0,9.4795,9.4795
8.57173,0,9.451,9.451
8.58816,0,9.44018,9.44018
8.60463,0,9.41972,9.41972
8.62114,0,9.42766,9.42766
8.63769,0,9.44764,9.44764
8.65429,0,9.43272,9.43272
8.67092,0,9.42735,9.42735
8.6876,0,9.4202,9.4202
8.70432,0,9.42075,9.42075
8.72108,0,9.41203,9.41203
8.73788,0,9.43633,9.43633
8.75473,0,9.43193,9.43193
8.77161,0,9.43105,9.43105
8.78854,0,9.42594,9.42594
8.80552,0,9.38081,9.38081
8.82253,0,9.44404,9.44404
8.83959,0,9.41755,9.41755
8.85668,0,9.38236,9.38236
8.87383,0,9.49727,9.49727
8.89101,0,9.45338,9.45338
8.90824,0,9.45712,9.45712
8.92551,0,9.4627,9.4627
8.94282,0,9.44872,9.44872
8.96018,0,9.47264,9.47264
8.97758,0,9.4776,9.4776
8.99502,0,9.47621,9.47621
9.01251,0,9.47526,9.47526
9.03004,0,9.46643,9.46643
9.04762,0,9.46386,9.46386
9.06524,0,9.51513,9.51513
9.0829,0,9.44478,9.44478
9.10061,0,9.40115,9.40115
9.11836,0,9.50962,9.50962
9.13615,0,9.41341,9.41341
9.15399,0,9.45368,9.45368
9.17188,0,9.49004,9.49004
9.18981,0,9.49085,9.49085
9.20778,0,9.45089,9.45089
9.2258,0,9.50956,9.50956
9.24387,0,9.46582,9.46582
9.26198,0,9.50817,9.50817
9.28013,0,9.48109,9.48109
9.29833,0,9.49447,9.49447
9.31658,0,9.49404,9.49404
9.33487,0,9.4914,9.4914
9.35321,0,9.48402,9.48402
9.37159,0,9.51816,9.51816
9.39002,0,9.46586,9.46586
9.40849,0,9.47705,9.47705
9.42702,0,9.4925,9.4925
9.44558,0,9.44432,9.44432
9.4642,0,9.48218,9.48218
9.48286,0,9.48276,9.48276
9.50156,0,9.48974,9.48974
9.52032,0,9.50988,9.50988
9.53912,0,9.45754,9.45754
9.55797,0,9.4856,9.4856
9.57686,0,9.45916,9.45916
9.5958,0,9.49573,9.49573
9.61479,0,9.48957,9.48957
9.63383,0,9.4691,9.4691
9.65292,0,9.46115,9.46115
9.67205,0,9.47854,9.47854
9.69123,0,9.50061,9.50061
9.71046,0,9.46808,9.46808
9.72973,0,9.5047,9.5047
9.74906,0,9.52437,9.52437
9.76843,0,9.49111,9.49111
9.78785,0,9.51542,9.51542
9.80732,0,9.47578,9.47578
9.82684,0,9.49,9.49
9.84641,0,9.47874,9.47874
9.86602,0,9.52775,9.52775
9.88569,0,9.49215,9.49215
9.9054,0,9.51902,9.51902
9.92516,0,9.50367,9.50367
9.94498,0,9.53248,9.53248
9.96484,0,9.56442,9.56442
9.98475,0,9.49501,9.49501
10.0047,0,9.47681,9.47681
10.0247,0,9.52224,9.52224
10.0447,0,9.5109,9.5109
10.0647,0,9.5471,9.5471
10.0847,0,9.52242,9.52242
10.1047,0,9.48645,9.48645
10.1247,0,9.50249,9.50249
10.1447,0,9.53079,9.53079
10.1647,0,9.52089,9.52089
10.1847,0,9.51407,9.51407
10.2047,0,9.54187,9.54187
10.2247,0,9.49691,9.49691
10.2447,0,9.48607,9.48607
10.2647,0,9.5298,9.5298
10.2847,0,9.5071,9.5071
10.3047,0,9.53718,9.53718
10.3247,0,9.5155,9.5155
10.3447,0,9.52162,9.52162
10.3647,0,9.50399,9.50399
10.3847,0,9.51467,9.51467
10.4047,0,9.54549,9.54549
10.4247,0,9.56981,9.56981
10.4447,0,9.54287,9.54287
10.4647,0,9.51758,9.51758
10.4847,0,9.56388,9.56388
10.5047,0,9.52827,9.52827
10.5247,0,9.53562,9.53562
10.5447,0,9.56838,9.56838
10.5647,0,9.53203,9.53203
10.5847,0,9.54965,9.54965
10.6047,0,9.58863,9.58863
10.6247,0,9.52943,9.52943
10.6447,0,9.54499,9.54499
10.6647,0,9.47729,9.47729
10.6847,0,9.51332,9.51332
10.7047,0,9.52619,9.52619
10.7247,0,9.53914,9.53914
10.7447,0,9.55562,9.55562
10.7647,0,9.58278,9.58278
10.7847,0,9.5069,9.5069
10.8047,0,9.55701,9.55701
10.8247,0,9.48703,9.48703
10.8447,0,9.53906,9.53906
10.8647,0,9.56286,9.56286
10.8847,0,9.53388,9.53388
10.9047,0,9.53367,9.53367
10.9247,0,9.55055,9.55055
10.9447,0,9.52874,9.52874
10.9647,0,9.54028,9.54028
10.9847,0,9.51891,9.51891
11.0047,0,9.5577,9.5577
11.0247,0,9.57968,9.57968
11.0447,0,9.55988,9.55988
11.0647,0,9.52948,9.52948
11.0847,0,9.59111,9.59111
11.1047,0,9.57888,9.57888
11.1247,0,9.55332,9.55332
11.1447,0,9.55246,9.55246
11.1647,0,9.56896,9.56896
11.1847,0,9.59796,9.59796
11.2047,0,9.55506,9.55506
11.2247,0,9.58788,9.58788
11.2447,0,9.5733,9.5733
11.2647,0,9.56533,9.56533
11.2847,0,9.55527,9.55527
11.3047,0,9.54619,9.54619
11.3247,0,9.61289,9.61289
11.3447,0,9.56589,9.56589
11.3647,0,9.59005,9.59005
11.3847,0,9.61574,9.61574
11.4047,0,9.5305,9.5305
11.4247,0,9.5607,9.5607
11.4447,0,9.60527,9.60527
11.4647,0,9.57037,9.57037
11.4847,0,9.53048,9.53048
11.5047,0,9.5701,9.5701
11.5247,0,9.57687,9.57687
11.5447,0,9.62471,9.62471
11.5647,0,9.60982,9.60982
11.5847,0,9.57823,9.57823
11.6047,0,9.57744,9.57744
11.6247,0,9.57098,9.57098
11.6447,0,9.57579,9.57579
11.6647,0,9.59332,9.59332
11.6847,0,9.61623,9.61623
11.7047,0,9.57654,9.57654
11.7247,0,9.60123,9.60123
11.7447,0,9.57323,9.57323
11.7647,0,9.59868,9.59868
11.7847,0,9.57326,9.57326
11.8047,0,9.61846,9.61846
11.8247,0,9.61626,9.61626
11.8447,0,9.61003,9.61003
11.8647,0,9.60167,9.60167
11.8847,0,9.62838,9.62838
11.9047,0,9.64231,9.64231
11.9247,0,9.59806,9.59806
11.9447,0,9.66321,9.66321
11.9647,0,9.613,9.613
11.9847,0,9.62314,9.62314
12.0047,0,9.64442,9.64442
12.0247,0,9.62486,9.62486
12.0447,0,9.59818,9.59818
12.0647,0,9.61459,9.61459
12.0847,0,9.61862,9.61862
12.1047,0,9.62479,9.62479
12.1247,0,9.62729,9.62729
12.1447,0,9.60944,9.60944
12.1647,0,9.63409,9.63409
12.1847,0,9.59871,9.59871
12.2047,0,9.63256,9.63256
12.2247,0,9.6406,9.6406
12.2447,0,9.64935,9.64935
12.2647,0,9.63564,9.63564
12.2847,0,9.66654,9.66654
12.3047,0,9.62094,9.62094
12.3247,0,9.63825,9.63825
12.3447,0,9.63307,9.63307
12.3647,0,9.61033,9.61033
12.3847,0,9.62727,9.62727
12.4047,0,9.64958,9.64958
12.4247,0,9.6469,9.6469
12.4447,0,9.62597,9.62597
12.4647,0,9.6493,9.6493
12.4847,0,9.65986,9.65986
12.5047,0,9.65677,9.65677
12.5247,0,9.64821,9.64821
12.5447,0,9.65091,9.65091
12.5647,0,9.62717,9.62717
12.5847,0,9.69063,9.69063
12.6047,0,9.66183,9.66183
12.6247,0,9.69369,9.69369
12.6447,0,9.65046,9.65046
12.6647,0,9.66656,9.66656
12.6847,0,9.66907,9.66907
12.7047,0,9.66576,9.66576
12.7247,0,9.67125,9.67125
12.7447,0,9.64777,9.64777
12.7647,0,9.67559,9.67559
12.7847,0,9.66446,9.66446
12.8047,0,9.66698,9.66698
12.8247,0,9.68058,9.68058
12.8447,0,9.70151,9.70151
12.8647,0,9.67663,9.67663
12.8847,0,9.66717,9.66717
12.9047,0,9.67819,9.67819
12.9247,0,9.63284,9.63284
12.9447,0,9.65363,9.65363
12.9647,0,9.62461,9.62461
12.9847,0,9.69173,9.69173
13.0047,0,9.6894,9.6894
13.0247,0,9.69987,9.69987
13.0447,0,9.64448,9.64448
13.0647,0,9.6461,9.6461
13.0847,0,9.6847,9.6847
13.1047,0,9.68302,9.68302
13.1247,0,9.6867,9.6867
13.1447,0,9.64199,9.64199
13.1647,0,9.66653,9.66653
13.1847,0,9.66336,9.66336
13.2047,0,9.68975,9.68975
13.2247,0,9.64848,9.64848
13.2447,0,9.6704,9.6704
13.2647,0,9.64855,9.64855
13.2847,0,9.61826,9.61826
13.3047,0,9.6796,9.6796
13.3247,0,9.6703,9.6703
13.3447,0,9.67925,9.67925
13.3647,0,9.68062,9.68062
13.3847,0,9.68178,9.68178
13.4047,0,9.64455,9.64455
13.4247,0,9.67993,9.67993
13.4447,0,9.74115,9.74115
13.4647,0,9.72963,9.72963
13.4847,0,9.66174,9.66174
13.5047,0,9.69442,9.69442
13.5247,0,9.68967,9.68967
13.5447,0,9.69691,9.69691
13.5647,0,9.69888,9.69888
13.5847,0,9.72251,9.72251
13.6047,0,9.6937,9.6937
13.6247,0,9.70493,9.70493
13.6447,0,9.7379,9.7379
13.6647,0,9.66635,9.66635
13.6847,0,9.6906,9.6906
13.7047,0,9.72584,9.72584
13.7247,0,9.69468,9.69468
13.7447,0,9.69697,9.69697
13.7647,0,9.68976,9.68976
13.7847,0,9.69768,9.69768
13.8047,0,9.65171,9.65171
13.8247,0,9.71222,9.71222
13.8447,0,9.7419,9.7419
13.8647,0,9.73323,9.73323
13.8847,0,9.71333,9.71333
13.9047,0,9.72272,9.72272
13.9247,0,9.69975,9.69975
13.9447,0,9.72457,9.72457
13.9647,0,9.73503,9.73503
13.9847,0,9.75465,9.75465
14.0047,0,9.70208,9.70208
14.0247,0,9.70037,9.70037
14.0447,0,9.69452,9.69452
14.0647,0,9.72388,9.72388
14.0847,0,9.73588,9.73588
14.1047,0,9.73795,9.73795
14.1247,0,9.69316,9.69316
14.1447,0,9.71486,9.71486
14.1647,0,9.7147,9.7147
14.1847,0,9.74636,9.74636
14.2047,0,9.74019,9.74019
14.2247,0,9.74784,9.74784
14.2447,0,9.71721,9.71721
14.2647,0,9.71367,9.71367
14.2847,0,9.76953,9.76953
14.3047,0,9.76451,9.76451
14.3247,0,9.75114,9.75114
14.3447,0,9.70161,9.70161
14.3647,0,9.69745,9.69745
14.3847,0,9.70632,9.70632
14.4047,0,9.75295,9.75295
14.4247,0,9.76013,9.76013
14.4447,0,9.72787,9.72787
14.4647,0,9.76545,9.76545
14.4847,0,9.76087,9.76087
14.5047,0,9.73359,9.73359
14.5247,0,9.76229,9.76229
14.5447,0,9.75508,9.75508
14.5647,0,9.7361,9.7361
14.5847,0,9.77885,9.77885
14.6047,0,9.78512,9.78512
14.6247,0,9.76048,9.76048
14.6447,0,9.75619,9.75619
14.6647,0,9.76908,9.76908
14.6847,0,9.77051,9.77051
14.7047,0,9.72776,9.72776
14.7247,0,9.73561,9.73561
14.7447,0,9.76877,9.76877
14.7647,0,9.79151,9.79151
14.7847,0,9.79796,9.79796
14.8047,0,9.77569,9.77569
14.8247,0,9.76111,9.76111
14.8447,0,9.7659,9.7659
14.8647,0,9.7282,9.7282
14.8847,0,9.79591,9.79591
14.9047,0,9.75204,9.75204
14.9247,0,9.76634,9.76634
14.9447,0,9.74074,9.74074
14.9647,0,9.8163,9.8163
14.9847,0,9.79626,9.79626
15.0047,0,9.7112,9.7112
15.0247,0,9.76272,9.76272
15.0447,0,9.77685,9.77685
15.0647,0,9.77099,9.77099
15.0847,0,9.75089,9.75089
15.1047,0,9.78236,9.78236
15.1247,0,9.74411,9.74411
15.1447,0,9.76443,9.76443
15.1647,0,9.78094,9.78094
15.1847,0,9.77188,9.77188
15.2047,0,9.81656,9.81656
15.2247,0,9.79098,9.79098
15.2447,0,9.78388,9.78388
15.2647,0,9.77131,9.77131
15.2847,0,9.80286,9.80286
15.3047,0,9.78071,9.78071
15.3247,0,9.81285,9.81285
15.3447,0,9.78321,9.78321
15.3647,0,9.77207,9.77207
15.3847,0,9.75414,9.75414
15.4047,0,9.78052,9.78052
15.4247,0,9.79769,9.79769
15.4447,0,9.80491,9.80491
15.4647,0,9.75922,9.75922
15.4847,0,9.82394,9.82394
15.5047,0,9.80488,9.80488
15.5247,0,9.77754,9.77754
15.5447,0,9.79998,9.79998
15.5647,0,9.8375,9.8375
15.5847,0,9.82115,9.82115
15.6047,0,9.77737,9.77737
15.6247,0,9.80123,9.80123
15.6447,0,9.78477,9.78477
15.6647,0,9.81922,9.81922
15.6847,0,9.82117,9.82117
15.7047,0,9.84273,9.84273
15.7247,0,9.79948,9.79948
15.7447,0,9.79038,9.79038
15.7647,0,9.78711,9.78711
15.7847,0,9.83234,9.83234
15.8047,0,9.80724,9.80724
15.8247,0,9.841,9.841
15.8447,0,9.83838,9.83838
15.8647,0,9.82751,9.82751
15.8847,0,9.84481,9.84481
15.9047,0,9.81702,9.81702
15.9247,0,9.84376,9.84376
15.9447,0,9.80824,9.80824
15.9647,0,9.85698,9.85698
15.9847,0,9.86329,9.86329
16.0047,0,9.86085,9.86085
16.0247,0,9.87772,9.87772
16.0447,0,9.84429,9.84429
16.0647,0,9.84169,9.84169
16.0847,0,9.84008,9.84008
16.1047,0,9.86264,9.86264
16.1247,0,9.84743,9.84743
16.1447,0,9.87351,9.87351
16.1647,0,9.82981,9.82981
16.1847,0,9.84154,9.84154
16.2047,0,9.83675,9.83675
16.2247,0,9.79209,9.79209
16.2447,0,9.80514,9.80514
16.2647,0,9.82677,9.82677
16.2847,0,9.79579,9.79579
16.3047,0,9.84105,9.84105
16.3247,0,9.84418,9.84418
16.3447,0,9.84134,9.84134
16.3647,0,9.85044,9.85044
16.3847,0,9.86934,9.86934
16.4047,0,9.89118,9.89118
16.4247,0,9.83572,9.83572
16.4447,0,9.84274,9.84274
16.4647,0,9.82628,9.82628
16.4847,0,9.85076,9.85076
16.5047,0,9.86647,9.86647
16.5247,0,9.90243,9.90243
16.5447,0,9.85291,9.85291
16.5647,0,9.87831,9.87831
16.5847,0,9.86637,9.86637
16.6047,0,9.86952,9.86952
16.6247,0,9.92639,9.92639
16.6447,0,9.87522,9.87522
16.6647,0,9.85883,9.85883
16.6847,0,9.86803,9.86803
16.7047,0,9.85496,9.85496
16.7247,0,9.84102,9.84102
16.7447,0,9.89985,9.89985
16.7647,0,9.884,9.884
16.7847,0,9.86482,9.86482
16.8047,0,9.87547,9.87547
16.8247,0,9.92114,9.92114
16.8447,0,9.90775,9.90775
16.8647,0,9.86336,9.86336
16.8847,0,9.86827,9.86827
16.9047,0,9.87781,9.87781
16.9247,0,9.86134,9.86134
16.9447,0,9.91933,9.91933
16.9647,0,9.84941,9.84941
16.9847,0,9.92949,9.92949
17.0047,0,9.94603,9.94603
17.0247,0,9.85254,9.85254
17.0447,0,9.8638,9.8638
17.0647,0,9.87925,9.87925
17.0847,0,9.89435,9.89435
17.1047,0,9.90641,9.90641
17.1247,0,9.90626,9.90626
17.1447,0,9.91068,9.91068
17.1647,0,9.92605,9.92605
17.1847,0,9.87688,9.87688
17.2047,0,9.92472,9.92472
17.2247,0,9.885,9.885
17.2447,0,9.90653,9.90653
17.2647,0,9.92038,9.92038
17.2847,0,9.90317,9.90317
17.3047,0,9.95129,9.95129
17.3247,0,9.90472,9.90472
17.3447,0,9.90865,9.90865
17.3647,0,9.86705,9.86705
17.3847,0,9.90676,9.90676
17.4047,0,9.9329,9.9329
17.4247,0,9.87965,9.87965
17.4447,0,9.92836,9.92836
17.4647,0,9.902,9.902
17.4847,0,9.89735,9.89735
17.5047,0,9.93323,9.93323
17.5247,0,9.91372,9.91372
17.5447,0,9.93366,9.93366
17.5647,0,9.9163,9.9163
17.5847,0,9.90465,9.90465
17.6047,0,9.87711,9.87711
17.6247,0,9.92053,9.92053
17.6447,0,9.91711,9.91711
17.6647,0,9.94071,9.94071
17.6847,0,9.92122,9.92122
17.7047,0,9.90066,9.90066
17.7247,0,9.94038,9.94038
17.7447,0,9.93937,9.93937
17.7647,0,9.93443,9.93443
17.7847,0,9.93664,9.93664
17.8047,0,9.92002,9.92002
17.8247,0,9.93352,9.93352
17.8447,0,9.94338,9.94338
17.8647,0,9.92905,9.92905
17.8847,0,9.96003,9.96003
17.9047,0,9.95467,9.95467
17.9247,0,9.92385,9.92385
17.9447,0,9.95607,9.95607
17.9647,0,9.93475,9.93475
17.9847,0,9.89117,9.89117
18.0047,0,9.94059,9.94059
18.0247,0,9.94591,9.94591
18.0447,0,9.92633,9.92633
18.0647,0,9.9342,9.9342
18.0847,0,9.91788,9.91788
18.1047,0,9.91503,9.91503
18.1247,0,9.9229,9.9229
18.1447,0,9.94147,9.94147
18.1647,0,9.93939,9.93939
18.1847,0,9.9715,9.9715
18.2047,0,9.96434,9.96434
18.2247,0,9.9338,9.9338
18.2447,0,9.9706,9.9706
18.2647,0,9.96057,9.96057
18.2847,0,9.93825,9.93825
18.3047,0,9.96493,9.96493
18.3247,0,9.94868,9.94868
18.3447,0,9.92029,9.92029
18.3647,0,9.99296,9.99296
18.3847,0,9.91501,9.91501
18.4047,0,9.97199,9.97199
18.4247,0,9.9478,9.9478
18.4447,0,9.98361,9.98361
18.4647,0,9.93926,9.93926
18.4847,0,9.97964,9.97964
18.5047,0,9.9697,9.9697
18.5247,0,9.9638,9.9638
18.5447,0,9.98125,9.98125
18.5647,0,9.96917,9.96917
18.5847,0,10.0151,10.0151
18.6047,0,9.9938,9.9938
18.6247,0,9.99014,9.99014
18.6447,0,9.98527,9.98527
18.6647,0,9.95295,9.95295
18.6847,0,9.94429,9.94429
18.7047,0,9.99581,9.99581
18.7247,0,9.96812,9.96812
18.7447,0,9.99105,9.99105
18.7647,0,9.98691,9.98691
18.7847,0,9.99374,9.99374
18.8047,0,9.96179,9.96179
18.8247,0,9.98923,9.98923
18.8447,0,9.9625,9.9625
18.8647,0,9.97252,9.97252
18.8847,0,9.96852,9.96852
18.9047,0,9.97075,9.97075
18.9247,0,9.96369,9.96369
18.9447,0,9.99918,9.99918
18.9647,0,10.0103,10.0103
18.9847,0,9.97349,9.97349
19.0047,0,10.0287,10.0287
19.0247,0,10.0341,10.0341
19.0447,0,9.97908,9.97908
19.0647,0,10.0231,10.0231
19.0847,0,10.0087,10.0087
19.1047,0,9.98479,9.98479
19.1247,0,9.96651,9.96651
19.1447,0,9.99945,9.99945
19.1647,0,10.002,10.002
19.1847,0,10.0041,10.0041
19.2047,0,9.9817,9.9817
19.2247,0,10.025,10.025
19.2447,0,9.99134,9.99134
19.2647,0,10.0547,10.0547
19.2847,0,9.95634,9.95634
19.3047,0,9.98752,9.98752
19.3247,0,10.0198,10.0198
19.3447,0,10.0221,10.0221
19.3647,0,10.0428,10.0428
19.3847,0,10.0147,10.0147
19.4047,0,10.0373,10.0373
19.4247,0,9.99825,9.99825
19.4447,0,9.99927,9.99927
19.4647,0,10.0052,10.0052
19.4847,0,10.054,10.054
19.5047,0,10.0426,10.0426
19.5247,0,9.99508,9.99508
19.5447,0,9.99052,9.99052
19.5647,0,10.0076,10.0076
19.5847,0,9.99642,9.99642
19.6047,0,10.0162,10.0162
19.6247,0,10.0611,10.0611
19.6447,0,10.0269,10.0269
19.6647,0,10.0479,10.0479
19.6847,0,10.0438,10.0438
19.7047,0,10.0102,10.0102
19.7247,0,10.0157,10.0157
19.7447,0,10.0761,10.0761
19.7647,0,10.0168,10.0168
19.7847,0,10.0547,10.0547
19.8047,0,10.0108,10.0108
19.8247,0,9.99161,9.99161
19.8447,0,10.022,10.022
19.8647,0,10.035,10.035
19.8847,0,10.057,10.057
19.9047,0,9.98541,9.98541
19.9247,0,10.0296,10.0296
19.9447,0,10.0583,10.0583
19.9647,0,10.0125,10.0125
19.9847,0,10.0614,10.0614
20.0047,0,10.0982,10.0982
20.0247,0,10.0685,10.0685
20.0447,0,10.0187,10.0187
20.0647,0,10.0682,10.0682
20.0847,0,10.0839,10.0839
20.1047,0,10.0303,10.0303
20.1247,0,10.0596,10.0596
20.1447,0,10.0567,10.0567
20.1647,0,10.0524,10.0524
20.1847,0,10.0599,10.0599
20.2047,0,10.0549,10.0549
20.2247,0,10.0811,10.0811
20.2447,0,10.0864,10.0864
20.2647,0,10.0627,10.0627
20.2847,0,10.1011,10.1011
20.3047,0,10.0856,10.0856
20.3247,0,10.0701,10.0701
20.3447,0,10.0756,10.0756
20.3647,0,10.0392,10.0392
20.3847,0,10.1018,10.1018
20.4047,0,10.0677,10.0677
20.4247,0,10.1055,10.1055
20.4447,0,10.0999,10.0999
20.4647,0,10.071,10.071
20.4847,0,10.0267,10.0267
20.5047,0,10.0797,10.0797
20.5247,0,10.0759,10.0759
20.5447,0,10.0814,10.0814
20.5647,0,10.0772,10.0772
20.5847,0,10.1238,10.1238
20.6047,0,10.0631,10.0631
20.6247,0,10.0896,10.0896
20.6447,0,10.0761,10.0761
20.6647,0,10.019,10.019
20.6847,0,10.0811,10.0811
20.7047,0,10.0778,10.0778
20.7247,0,10.0567,10.0567
20.7447,0,10.0807,10.0807
20.7647,0,10.111,10.111
20.7847,0,10.0918,10.0918
20.8047,0,10.0591,10.0591
20.8247,0,10.1007,10.1007
20.8447,0,10.0927,10.0927
20.8647,0,10.0713,10.0713
20.8847,0,10.0869,10.0869
20.9047,0,10.1014,10.1014
20.9247,0,10.0561,10.0561
20.9447,0,10.0702,10.0702
20.9647,0,10.113,10.113
20.9847,0,10.1076,10.1076
21.0047,0,10.0828,10.0828
21.0247,0,10.1465,10.1465
21.0447,0,10.1274,10.1274
21.0647,0,10.0838,10.0838
21.0847,0,10.1271,10.1271
21.1047,0,10.1282,10.1282
21.1247,0,10.1144,10.1144
21.1447,0,10.1224,10.1224
21.1647,0,10.1172,10.1172
21.1847,0,10.1079,10.1079
21.2047,0,10.1183,10.1183
21.2247,0,10.1173,10.1173
21.2447,0,10.1041,10.1041
21.2647,0,10.1104,10.1104
21.2847,0,10.1298,10.1298
21.3047,0,10.1318,10.1318
21.3247,0,10.0955,10.0955
21.3447,0,10.0967,10.0967
21.3647,0,10.1428,10.1428
21.3847,0,10.112,10.112
21.4047,0,10.1191,10.1191
21.4247,0,10.1086,10.1086
21.4447,0,10.1628,10.1628
21.4647,0,10.1249,10.1249
21.4847,0,10.1423,10.1423
21.5047,0,10.1629,10.1629
21.5247,0,10.1291,10.1291
21.5447,0,10.1465,10.1465
21.5647,0,10.1295,10.1295
21.5847,0,10.1427,10.1427
21.6047,0,10.1353,10.1353
21.6247,0,10.1582,10.1582
21.6447,0,10.135,10.135
21.6647,0,10.1478,10.1478
21.6847,0,10.1175,10.1175
21.7047,0,10.1871,10.1871
21.7247,0,10.1368,10.1368
21.7447,0,10.1491,10.1491
21.7647,0,10.1254,10.1254
21.7847,0,10.1611,10.1611
21.8047,0,10.1471,10.1471
21.8247,0,10.1301,10.1301
21.8447,0,10.1563,10.1563
21.8647,0,10.1112,10.1112
21.8847,0,10.185,10.185
21.9047,0,10.167,10.167
21.9247,0,10.1609,10.1609
21.9447,0,10.1183,10.1183
21.9647,0,10.1332,10.1332
21.9847,0,10.1616,10.1616
22.0047,0,10.1584,10.1584
22.0247,0,10.1545,10.1545
22.0447,0,10.204,10.204
22.0647,0,10.1188,10.1188
22.0847,0,10.1431,10.1431
22.1047,0,10.0933,10.0933
22.1247,0,10.1329,10.1329
22.1447,0,10.1383,10.1383
22.1647,0,10.1377,10.1377
22.1847,0,10.1396,10.1396
22.2047,0,10.1672,10.1672
22.2247,0,10.1277,10.1277
22.2447,0,10.1666,10.1666
22.2647,0,10.1254,10.1254
22.2847,0,10.1627,10.1627
22.3047,0,10.1425,10.1425
22.3247,0,10.1338,10.1338
22.3447,0,10.1949,10.1949
22.3647,0,10.1699,10.1699
22.3847,0,10.1488,10.1488
22.4047,0,10.1436,10.1436
22.4247,0,10.1746,10.1746
22.4447,0,10.1316,10.1316
22.4647,0,10.1264,10.1264
22.4847,0,10.1065,10.1065
22.5047,0,10.1176,10.1176
22.5247,0,10.0952,10.0952
22.5447,0,10.1069,10.1069
22.5647,0,10.0927,10.0927
22.5847,0,10.0524,10.0524
22.6047,0,10.0752,10.0752
22.6247,0,10.0634,10.0634
22.6447,0,10.0446,10.0446
22.6647,0,10.043,10.043
22.6847,0,10.0391,10.0391
22.7047,0,10.012,10.012
22.7247,0,9.9488,9.9488
22.7447,0,9.98127,9.98127
22.7647,0,9.99009,9.99009
22.7847,0,9.98381,9.98381
22.8047,0,9.96719,9.96719
22.8247,0,9.9375,9.9375
22.8447,0,9.9797,9.9797
22.8647,0,9.91047,9.91047
22.8847,0,9.85204,9.85204
22.9047,0,9.83298,9.83298
22.9247,0,9.82396,9.82396
22.9447,0,9.79749,9.79749
22.9647,0,9.82186,9.82186
22.9847,0,9.82098,9.82098
23.0047,0,9.73942,9.73942
23.0247,0,9.68848,9.68848
23.0447,0,9.70585,9.70585
23.0647,0,9.66897,9.66897
23.0847,0,9.65039,9.65039
23.1047,0,9.63372,9.63372
23.1247,0,9.57195,9.57195
23.1447,0,9.55856,9.55856
23.1647,0,9.52924,9.52924
23.1847,0,9.4322,9.4322
23.2047,0,9.42076,9.42076
23.2247,0,9.36417,9.36417
23.2447,0,9.3855,9.3855
23.2647,0,9.3305,9.3305
23.2847,0,9.27557,9.27557
23.3047,0,9.2321,9.2321
23.3247,0,9.19968,9.19968
23.3447,0,9.13335,9.13335
23.3647,0,9.07913,9.07913
23.3847,0,9.01613,9.01613
23.4047,0,8.98337,8.98337
23.4247,0,8.95093,8.95093
23.4447,0,8.88547,8.88547
23.4647,0,8.82857,8.82857
23.4847,0,8.7673,8.7673
23.5047,0,8.69522,8.69522
23.5247,0,8.64617,8.64617
23.5447,0,8.57274,8.57274
23.5647,0,8.51653,8.51653
23.5847,0,8.44771,8.44771
23.6047,0,8.38027,8.38027
23.6247,0,8.30799,8.30799
23.6447,0,8.27938,8.27938
23.6647,0,8.17979,8.17979
23.6847,0,8.12294,8.12294
23.7047,0,8.04078,8.04078
23.7247,0,7.97802,7.97802
23.7447,0,7.87429,7.87429
23.7647,0,7.82087,7.82087
23.7847,0,7.75011,7.75011
23.8047,0,7.69549,7.69549
23.8247,0,7.61654,7.61654
23.8447,0,7.47439,7.47439
23.8647,0,7.40184,7.40184
23.8847,0,7.37078,7.37078
23.9047,0,7.25955,7.25955
23.9247,0,7.19295,7.19295
23.9447,0,7.08656,7.08656
23.9647,0,7.02006,7.02006
23.9847,0,6.93821,6.93821
24.0047,0,6.84054,6.84054
24.0247,0,6.762,6.762
24.0447,0,6.63539,6.63539
24.0647,0,6.57645,6.57645
24.0847,0,6.47978,6.47978
24.1047,0,6.3676,6.3676
24.1247,0,6.30343,6.30343
24.1447,0,6.1896,6.1896
24.1647,0,6.09034,6.09034
24.1847,0,6.0374,6.0374
24.2047,0,5.9323,5.9323
24.2247,0,5.84866,5.84866
24.2447,0,5.76031,5.76031
24.2647,0,5.64557,5.64557
24.2847,0,5.56641,5.56641
24.3047,0,5.4606,5.4606
24.3247,0,5.35873,5.35873
24.3447,0,5.29491,5.29491
24.3647,0,5.18386,5.18386
24.3847,0,5.14035,5.14035
24.4047,0,5.01183,5.01183
24.4247,0,4.9076,4.9076
24.4447,0,4.85102,4.85102
24.4647,0,4.74251,4.74251
24.4847,0,4.67401,4.67401
24.5047,0,4.59311,4.59311
24.5247,0,4.45429,4.45429
24.5447,0,4.3941,4.3941
24.5647,0,4.3061,4.3061
24.5847,0,4.21397,4.21397
24.6047,0,4.11838,4.11838
24.6247,0,4.04926,4.04926
24.6447,0,3.94961,3.94961
24.6647,0,3.8755,3.8755
24.6847,0,3.7882,3.7882
24.7047,0,3.72123,3.72123
24.7247,0,3.62036,3.62036
24.7447,0,3.55209,3.55209
24.7647,0,3.45605,3.45605
24.7847,0,3.38881,3.38881
24.8047,0,3.27826,3.27826
24.8247,0,3.23193,3.23193
24.8447,0,3.13025,3.13025
24.8647,0,3.05289,3.05289
24.8847,0,2.97282,2.97282
24.9047,0,2.92583,2.92583
24.9247,0,2.81064,2.81064
24.9447,0,2.77128,2.77128
24.9647,0,2.67409,2.67409
24.9847,0,2.61063,2.61063
25.0047,0,2.55174,2.55174
25.0247,0,2.44569,2.44569
25.0447,0,2.41263,2.41263
25.0647,0,2.34656,2.34656
25.0847,0,2.26023,2.26023
25.1047,0,2.1842,2.1842
25.1247,0,2.14385,2.14385
25.1447,0,2.07458,2.07458
25.1647,0,2.00175,2.00175
25.1847,0,1.97395,1.97395
25.2047,0,1.91938,1.91938
25.2247,0,1.82676,1.82676
25.2447,0,1.78292,1.78292
25.2647,0,1.7113,1.7113
25.2847,0,1.6736,1.6736
25.3047,0,1.59854,1.59854
25.3247,0,1.52806,1.52806
25.3447,0,1.49414,1.49414
25.3647,0,1.45046,1.45046
25.3847,0,1.40086,1.40086
25.4047,0,1.33985,1.33985
25.4247,0,1.30463,1.30463
25.4447,0,1.25844,1.25844
25.4647,0,1.20434,1.20434
25.4847,0,1.17923,1.17923
25.5047,0,1.12731,1.12731
25.5247,0,1.08458,1.08458
25.5447,0,1.03906,1.03906
25.5647,0,1.0029,1.0029
25.5847,0,0.964438,0.964438
25.6047,0,0.923188,0.923188
25.6247,0,0.891677,0.891677
25.6447,0,0.857018,0.857018
25.6647,0,0.820115,0.820115
25.6847,0,0.790418,0.790418
25.7047,0,0.76484,0.76484
25.7247,0,0.72103,0.72103
25.7447,0,0.700367,0.700367
25.7647,0,0.66015,0.66015
25.7847,0,0.641321,0.641321
25.8047,0,0.598182,0.598182
25.8247,0,0.572046,0.572046
25.8447,0,0.551966,0.551966
25.8647,0,0.527109,0.527109
25.8847,0,0.503131,0.503131
25.9047,0,0.489488,0.489488
25.9247,0,0.453528,0.453528
25.9447,0,0.441896,0.441896
25.9647,0,0.413066,0.413066
25.9847,0,0.388758,0.388758
26.0047,0,0.375972,0.375972
26.0247,0,0.358469,0.358469
26.0447,0,0.333303,0.333303
26.0647,0,0.323352,0.323352
26.0847,0,0.318172,0.318172
26.1047,0,0.287392,0.287392
26.1247,0,0.274257,0.274257
26.1447,0,0.254917,0.254917
26.1647,0,0.239048,0.239048
26.1847,0,0.229035,0.229035
26.2047,0,0.215799,0.215799
26.2247,0,0.201762,0.201762
26.2447,0,0.189336,0.189336
26.2647,0,0.184252,0.184252
26.2847,0,0.166579,0.166579
26.3047,0,0.156916,0.156916
26.3247,0,0.154889,0.154889
26.3447,0,0.142321,0.142321
26.3647,0,0.136703,0.136703
26.3847,0,0.129844,0.129844
26.4047,0,0.120024,0.120024
26.4247,0,0.115812,0.115812
26.4447,0,0.105948,0.105948
26.4647,0,0.104847,0.104847
26.4847,0,0.0924101,0.0924101
26.5047,0,0.0910902,0.0910902
26.5247,0,0.0857878,0.0857878
26.5447,0,0.0804212,0.0804212
26.5647,0,0.0780705,0.0780705
26.5847,0,0.071498,0.071498
26.6047,0,0.0627328,0.0627328
26.6247,0,0.0626892,0.0626892
26.6447,0,0.060633,0.060633
