Time(ns),Ie(fC/ns),Ih(fC/ns),It(fC/ns)
0,-104.262,-92.9757,-197.238
0.0001,230.871,176.865,407.737
0.0002,-236.008,-172.555,-408.563
0.0003,237.136,177.048,414.184
0.0004,-236.673,-176.58,-413.252
0.0005,238.511,179.271,417.782
0.0006,-235.89,-178.527,-414.418
0.0007,237.773,180.558,418.331
0.0008,-234.426,-177.799,-412.224
0.0009,236.393,181.498,417.891
0.001,-322.246,-259.546,-581.792
0.0011,330.363,260.861,591.224
0.0012,-224.02,-149.994,-374.013
0.0013,171.501,137.147,308.648
0.0014,-73.9218,-71.9414,-145.863
0.0015,9.61809,8.43477,18.0529
0.0016,-196.739,-147.298,-344.037
0.0017,208.777,152.144,360.921
0.0018,-229.117,-175.073,-404.19
0.0019,228.606,191.787,420.393
0.002,-101.76,-96.1481,-197.908
0.0021,-72.0295,-55.6195,-127.649
0.0022,24.4277,-5.31417,19.1135
0.0023,279.542,210.117,489.66
0.0024,-195.05,-168.342,-363.392
0.0025,205.727,178.691,384.418
0.0026,-166.239,-129.251,-295.49
0.0027,279.556,235.681,515.237
0.0028,-312.422,-250.735,-563.157
0.0029,305.201,246.304,551.504
0.003,-261.39,-259.083,-520.474
0.0031,132.708,123.448,256.155
0.0032,-202.459,-157.76,-360.219
0.0033,-111.329,-99.164,-210.493
0.0034,34.9823,24.0131,58.9954
0.0035,297.644,214.608,512.252
0.0036,-42.1372,-34.865,-77.0022
0.0037,106.745,75.8137,182.558
0.0038,-258.386,-219.607,-477.994
0.0039,-257.246,-213.968,-471.214
0.004,162.197,134.552,296.749
0.0041,-60.9463,-36.6573,-97.6036
0.0042,254.454,237.805,492.259
0.0043,260.689,234.152,494.841
0.0044,-276.268,-231.167,-507.435
0.0045,-286.443,-200.276,-486.719
0.0046,-232.208,-179.444,-411.652
0.0047,289.663,220.581,510.243
0.0048,-287.268,-241.113,-528.381
0.0049,294.905,208.407,503.312
0.005,-24.3383,-14.9958,-39.3341
0.0051,187.371,131.283,318.654
0.0052,-82.9443,-63.1262,-146.07
0.0053,160.03,127.677,287.707
0.0054,-150.684,-121.539,-272.223
0.0055,-64.387,-55.6444,-120.031
0.0056,191.057,148.604,339.662
0.0057,53.1471,45.8752,99.0223
0.0058,-197.73,-158.053,-355.783
0.0059,-127.701,-96.9817,-224.683
0.006,234.457,232.588,467.045
0.0061,246.899,226.071,472.97
0.0062,-257.227,-204.973,-462.2
0.0063,245.614,206.61,452.224
0.0064,-260.744,-229.02,-489.764
0.0065,255.858,220.11,475.968
0.0066,-254.328,-186.074,-440.402
0.0067,-207.951,-173.599,-381.551
0.0068,-227.32,-155.673,-382.993
0.0069,-57.7084,-40.2145,-97.9229
0.007,38.8647,25.8939,64.7585
0.0071,-101.597,-76.8171,-178.414
0.0072,181.755,141.142,322.897
0.0073,-88.3534,-60.222,-148.575
0.0074,-0.947951,-10.0265,-10.9744
0.0075,21.6279,17.2513,38.8791
0.0076,-15.9368,-18.5012,-34.438
0.0077,38.6312,31.8099,70.4411
0.0078,185.178,170.14,355.319
0.0079,-274.988,-205.869,-480.857
0.008,277.908,224.458,502.366
0.0081,-252.132,-208.33,-460.462
0.0082,266.223,214.922,481.146
0.0083,-255.851,-210.048,-465.899
0.0084,260.405,208.471,468.876
0.0085,-246.437,-198.171,-444.608
0.0086,243.934,193.314,437.247
0.0087,-239.522,-194.477,-433.999
0.0088,271.559,221.439,492.998
0.0089,130.247,111.116,241.363
0.009,-200.699,-158.649,-359.347
0.0091,279.255,216.067,495.322
0.0092,-206.092,-169.447,-375.538
0.0093,94.3603,81.5532,175.914
0.0094,-5.41879,-15.2,-20.6188
0.0095,-156.361,-133.676,-290.037
0.0096,38.1633,20.0067,58.17
0.0097,11.6003,17.6306,29.2309
0.0098,88.0978,66.1075,154.205
0.0099,-88.224,-68.2398,-156.464
0.01,185.562,137.473,323.036
0.0101,11.6744,6.61306,18.2875
0.0102001,53.3759,36.4683,89.8442
0.0103003,-64.9907,-51.0973,-116.088
0.0104005,156.039,122.956,278.995
0.0105009,-178.977,-148.634,-327.611
0.0106014,257.645,207.436,465.081
0.0107019,-115.357,-91.3035,-206.66
0.0108026,-56.7785,-40.7422,-97.5207
0.0109033,-16.7386,-14.6109,-31.3495
0.0110041,48.4148,37.8695,86.2843
0.011105,-1.38,-3.786,-5.166
0.011206,49.3564,36.4078,85.7642
0.0113071,2.49611,0.871196,3.36731
0.0114083,33.8307,25.9671,59.7978
0.0115096,18.729,10.7317,29.4607
0.011611,37.0995,30.1802,67.2797
0.0117124,-80.8598,-62.8579,-143.718
0.011814,36.0713,30.5845,66.6557
0.0119156,-11.2765,-8.20995,-19.4864
0.0120174,23.162,20.1429,43.3049
0.0121192,-22.1268,-18.3234,-40.4502
0.0122211,-25.3432,-26.3722,-51.7154
0.0123231,16.933,8.24946,25.1825
0.0124253,17.5232,12.2084,29.7316
0.0125275,5.80806,5.46153,11.2696
0.0126298,8.94436,5.23442,14.1788
0.0127322,4.13091,4.08421,8.21511
0.0128346,0.235513,0.460921,0.696434
0.0129372,8.40032,5.95782,14.3581
0.0130399,-254.846,-211.37,-466.216
0.0131426,28.5722,16.0707,44.6429
0.0132455,-59.9155,-49.4406,-109.356
0.0133485,64.2588,48.4606,112.719
0.0134515,-10.3588,-4.12299,-14.4818
0.0135546,25.1487,16.0775,41.2262
0.0136579,-10.645,-4.99885,-15.6439
0.0137612,30.3641,17.3978,47.7619
0.0138646,-15.765,-9.08856,-24.8536
0.0139681,34.3149,23.0197,57.3346
0.0140717,-15.5425,-8.64959,-24.1921
0.0141754,31.2183,20.22,51.4384
0.0142792,-7.73178,-4.10534,-11.8371
0.0143831,29.6263,19.6578,49.284
0.0144871,-8.98136,-5.13122,-14.1126
0.0145912,33.384,22.3488,55.7327
0.0146954,-10.0788,-5.06156,-15.1403
0.0147996,32.5859,25.2914,57.8773
0.014904,-6.08617,-4.1316,-10.2178
0.0150084,61.9225,66.3518,128.274
0.015113,273.206,198.398,471.603
0.0152176,-182.179,-135.344,-317.523
0.0153224,126.407,107.094,233.5
0.0154272,-24.7999,-16.6715,-41.4714
0.0155322,-12.4107,-13.8466,-26.2572
0.0156372,23.4389,19.3867,42.8257
0.0157423,-6.24818,-8.37744,-14.6256
0.0158475,29.2011,25.205,54.4061
0.0159529,-7.09434,-5.24661,-12.3409
0.0160583,29.4888,24.6736,54.1624
0.0161638,-9.58137,-9.83032,-19.4117
0.0162694,38.1873,32.4574,70.6447
0.0163751,-15.8675,-11.4227,-27.2903
0.0164809,55.1822,43.1412,98.3234
0.0165868,-11.8814,-14.7124,-26.5938
0.0166928,48.1406,39.4912,87.6318
0.0167988,-9.12759,-12.1131,-21.2407
0.016905,53.0605,43.091,96.1516
0.0170113,-27.8436,-24.9574,-52.801
0.0171177,43.4293,32.0843,75.5137
0.0172241,-9.82194,-12.1743,-21.9963
0.0173307,-260.457,-194.615,-455.072
0.0174374,-112.462,-97.7203,-210.182
0.0175441,153.044,124.163,277.207
0.017651,-221.148,-172.65,-393.798
0.0177579,229.813,179.606,409.419
0.017865,-177.749,-142.003,-319.752
0.0179721,104.231,82.7646,186.995
0.0180794,-203.011,-163.054,-366.064
0.0181867,251.394,204.452,455.846
0.0182942,-140.294,-115.269,-255.563
0.0184017,41.1636,36.015,77.1786
0.0185094,-63.4849,-53.3986,-116.883
0.0186171,246.855,199.591,446.446
0.0187249,-201.016,-159.752,-360.767
0.0188329,65.3167,51.5877,116.904
0.0189409,-145.322,-114.788,-260.11
0.019049,255.96,210.958,466.918
0.0191572,-75.5395,-65.5146,-141.054
0.0192656,-17.8966,-14.6986,-32.5951
0.019374,-37.4839,-30.3577,-67.8416
0.0194825,263.434,212.556,475.99
0.0195911,-154.375,-128.272,-282.648
0.0196999,10.2642,5.82751,16.0917
0.0198087,130.512,104.333,234.845
0.0199176,291.027,219.087,510.114
0.0200266,201.242,156.495,357.737
0.0201357,63.7296,45.6743,109.404
0.0202449,-101.614,-91.5124,-193.126
0.0203543,176.28,152.18,328.461
0.0204637,-31.8757,-27.4018,-59.2775
0.0205732,156.444,135.203,291.647
0.0206828,-178.93,-148.665,-327.595
0.0207925,250.76,197.077,447.837
0.0209023,-209.388,-174.327,-383.715
0.0210122,183.622,154.305,337.927
0.0211222,87.3239,68.5608,155.885
0.0212323,186.514,150.607,337.121
0.0213426,-221.581,-192.388,-413.969
0.0214529,203.916,178.271,382.187
0.0215633,-216.817,-171.729,-388.546
0.0216738,250.29,193.41,443.699
0.0217844,-221.92,-174.911,-396.831
0.0218951,265.095,211.892,476.986
0.0220059,-202.178,-168.981,-371.159
0.0221168,259.409,206.598,466.007
0.0222279,-221.742,-178.402,-400.144
0.022339,255.034,205.27,460.305
0.0224502,-187.814,-160.986,-348.8
0.0225615,266.644,211.526,478.17
0.0226729,-227.094,-187.07,-414.164
0.0227845,251,205.178,456.178
0.0228961,-73.3276,-62.9129,-136.241
0.0230078,159.719,132.755,292.474
0.0231196,-231.886,-194.298,-426.184
0.0232316,-282.418,-205.947,-488.365
0.0233436,-273.62,-209.175,-482.795
0.0234557,26.9892,34.4007,61.3899
0.0235679,-173.835,-147.6,-321.435
0.0236803,280.69,233.898,514.588
0.0237927,-184.009,-158.998,-343.006
0.0239053,252.447,215.731,468.177
0.0240179,-99.2611,-92.3381,-191.599
0.0241306,-124.405,-108.561,-232.966
0.0242435,242.871,201.181,444.053
0.0243564,-171.094,-144.969,-316.063
0.0244695,166.04,147.988,314.028
0.0245826,-173.358,-146.943,-320.301
0.0246959,243.331,205.899,449.229
0.0248093,-122.671,-111.267,-233.938
0.0249227,-190.771,-160.131,-350.901
0.0250363,262.922,246.375,509.297
0.02515,233.627,196.556,430.183
0.0252637,123.663,115.594,239.257
0.0253776,-267.207,-193.754,-460.962
0.0254916,282.522,214.92,497.441
0.0256057,-266.131,-191.138,-457.269
0.0257199,288.765,220.724,509.489
0.0258341,-261.373,-206.297,-467.67
0.0259485,285.424,220.375,505.799
0.026063,-260.443,-204.841,-465.283
0.0261776,301.208,230.381,531.589
0.0262923,-258.618,-201.201,-459.819
0.0264072,297.407,231.891,529.298
0.0265221,-257.01,-200.638,-457.648
0.0266371,296.743,227.981,524.725
0.0267522,-253.351,-200.393,-453.744
0.0268674,283.819,218.559,502.378
0.0269828,-253.346,-200.483,-453.829
0.0270982,296.874,231.844,528.718
0.0272138,160.091,159.245,319.336
0.0273294,276.209,207.699,483.908
0.0274452,246.588,195.745,442.334
0.027561,186.045,159.82,345.866
0.027677,-226.701,-169.492,-396.193
0.0277931,321.03,234.731,555.761
0.0279092,-254.36,-186.645,-441.005
0.0280255,312.85,228.503,541.353
0.0281419,-249.276,-188.346,-437.622
0.0282584,315.304,230.692,545.996
0.028375,-247.661,-186.003,-433.664
0.0284917,312.765,230.732,543.497
0.0286085,-249.586,-184.719,-434.305
0.0287254,310.935,231.015,541.95
0.0288424,-244.007,-186.905,-430.912
0.0289596,314.22,232.516,546.736
0.0290768,-249.779,-186.056,-435.834
0.0291942,309.828,232.703,542.53
0.0293116,-246.034,-189.21,-435.243
0.0294292,314.515,232.437,546.952
0.0295468,-240.45,-186.235,-426.685
0.0296646,308.924,231.765,540.689
0.0297825,-242.708,-188.47,-431.178
0.0299005,309.761,234.987,544.749
0.0300185,-238.693,-189.486,-428.18
0.0301367,315.096,238.221,553.317
0.0302551,-238.927,-186.15,-425.077
0.0303735,314.432,236.684,551.116
0.030492,-233.839,-187.584,-421.423
0.0306106,311.612,238.318,549.929
0.0307294,-235.614,-189.256,-424.87
0.0308482,308.258,236.633,544.892
0.0309672,-230.298,-187.409,-417.707
0.0310862,307.472,238.033,545.505
0.0312054,-237.616,-191.171,-428.787
0.0313247,305.055,238.578,543.633
0.031444,-228.195,-185.376,-413.571
0.0315635,304.768,239.845,544.613
0.0316831,-234.021,-189.969,-423.991
0.0318029,302.515,239.577,542.092
0.0319227,-218.034,-183.954,-401.989
0.0320426,304.347,238.105,542.453
0.0321626,-237.673,-196.034,-433.707
0.0322828,299.13,237.417,536.548
0.032403,-208.104,-174.537,-382.641
0.0325234,300.324,239.42,539.744
0.0326439,-257.784,-197.155,-454.939
0.0327645,-227.402,-181.058,-408.46
0.0328852,-173.317,-162.532,-335.849
0.033006,-159.944,-123.439,-283.383
0.0331269,18.5494,28.6259,47.1753
0.0332479,10.4104,6.84824,17.2586
0.033369,25.7872,18.1601,43.9472
0.0334903,40.0104,26.4385,66.4489
0.0336116,16.7509,13.0358,29.7867
0.0337331,43.406,31.3709,74.7769
0.0338547,16.6154,9.60616,26.2215
0.0339764,48.9107,34.716,83.6266
0.0340982,11.8307,6.79063,18.6213
0.0342201,45.2988,36.9129,82.2118
0.0343421,15.2502,9.5078,24.758
0.0344642,47.8956,34.8628,82.7584
0.0345865,19.6468,13.5981,33.2449
0.0347088,42.6678,31.3175,73.9853
0.0348313,18.1129,11.4162,29.5291
0.0349539,39.9917,32.513,72.5048
0.0350765,19.889,16.4898,36.3788
0.0351993,42.8305,31.8941,74.7246
0.0353222,30.6622,24.5305,55.1927
0.0354453,40.9668,25.9896,66.9563
0.0355684,31.6078,23.7851,55.3929
0.0356916,39.5133,28.5605,68.0738
0.035815,32.192,24.0842,56.2762
0.0359385,37.6051,27.2703,64.8754
0.036062,33.288,23.6836,56.9715
0.0361857,32.3626,24.8927,57.2553
0.0363095,32.8516,22.0674,54.919
0.0364335,26.8551,17.9664,44.8216
0.0365575,-27.9763,-10.3245,-38.3008
0.0366816,232.817,172.305,405.121
0.0368059,-173.057,-125.51,-298.568
0.0369303,231.569,170.289,401.858
0.0370547,-183.52,-131.82,-315.34
0.0371793,248.984,175.482,424.466
0.037304,-180.679,-126.71,-307.39
0.0374289,262.803,182.225,445.028
0.0375538,-175.163,-125.225,-300.388
0.0376789,251.674,179.614,431.289
0.037804,-176.663,-122.734,-299.397
0.0379293,252.549,181.192,433.741
0.0380547,-176.256,-126.154,-302.411
0.0381802,252.214,177.686,429.9
0.0383058,-175.548,-122.908,-298.456
0.0384315,252.926,182.178,435.104
0.0385574,-171.892,-122.694,-294.586
0.0386833,250.018,179.045,429.063
0.0388094,-169.892,-121.841,-291.733
0.0389356,247.743,179.558,427.301
0.0390619,-167.867,-121.263,-289.13
0.0391883,245.179,184.443,429.622
0.0393149,-164.73,-118.105,-282.835
0.0394415,246.778,180.601,427.379
0.0395683,-161.312,-117.562,-278.874
0.0396952,243.484,179.925,423.408
0.0398222,-155.208,-120.637,-275.845
0.0399493,235.809,179.91,415.719
0.0400765,-152.124,-117.041,-269.165
0.0402038,240.828,180.782,421.61
0.0403313,-150.826,-120.781,-271.607
0.0404589,233.261,184.647,417.909
0.0405866,-143.79,-119.94,-263.73
0.0407144,243.458,183.251,426.71
0.0408423,-150.232,-119.188,-269.42
0.0409703,243.273,188.465,431.738
0.0410985,-145.678,-118.551,-264.23
0.0412268,256.235,191.294,447.529
0.0413551,-156.703,-122.691,-279.394
0.0414836,254.133,192.012,446.145
0.0416123,-151.456,-120.813,-272.269
0.041741,250.339,190.192,440.531
0.0418699,-147.158,-125.236,-272.393
0.0419988,257.373,193.865,451.238
0.0421279,-156.593,-122.483,-279.076
0.0422571,245.042,192.618,437.66
0.0423865,-148.517,-123.165,-271.682
0.0425159,246.667,194.31,440.977
0.0426455,-142.824,-120.917,-263.741
0.0427751,263.067,195.546,458.614
0.0429049,-157.264,-122.604,-279.868
0.0430348,163.684,119.97,283.654
0.0431649,30.6782,3.68695,34.3652
0.043295,125.569,65.4137,190.982
0.0434253,44.1728,23.5046,67.6773
0.0435557,-25.8997,-26.8577,-52.7574
0.0436862,216.82,164.303,381.123
0.0438168,-164.406,-125.836,-290.242
0.0439476,245.9,176.938,422.838
0.0440784,-174.157,-133.788,-307.945
0.0442094,231.036,171.297,402.333
0.0443405,-164.07,-126.466,-290.536
0.0444717,265.522,192.823,458.345
0.0446031,-163.15,-136.958,-300.108
0.0447345,218.154,158.462,376.616
0.0448661,-150.174,-117.199,-267.372
0.0449978,205.608,156.587,362.195
0.0451296,-129.528,-112.194,-241.722
0.0452615,298.271,223.71,521.981
0.0453936,294.302,225.688,519.99
0.0455258,269.083,216.826,485.909
0.0456581,223.175,168.234,391.409
0.0457905,-52.7777,-59.5096,-112.287
0.045923,133.537,98.6119,232.149
0.0460557,236.218,193.6,429.818
0.0461885,-164.298,-163.623,-327.92
0.0463214,166.996,134.375,301.371
0.0464544,-254.15,-183.257,-437.407
0.0465875,-211.91,-148.756,-360.667
0.0467208,-212.995,-161.686,-374.681
0.0468542,-203.717,-167.561,-371.278
0.0469877,-211.256,-168.482,-379.738
0.0471213,90.5644,62.5611,153.125
0.047255,-11.3892,-10.005,-21.3942
0.0473889,76.858,58.5498,135.408
0.0475229,42.0352,30.8391,72.8743
0.047657,54.0627,40.9549,95.0176
0.0477912,27.3253,18.3502,45.6755
0.0479256,42.2027,32.9117,75.1145
0.0480601,35.5466,22.9973,58.5439
0.0481947,49.8546,34.7049,84.5596
0.0483294,25.821,16.5106,42.3315
0.0484642,43.3953,28.6249,72.0202
0.0485992,28.5975,17.974,46.5715
0.0487343,46.6806,32.8048,79.4854
0.0488695,39.0043,20.4473,59.4515
0.0490048,49.8026,34.2055,84.0081
0.0491403,29.2258,17.8744,47.1002
0.0492759,47.8686,37.9711,85.8397
0.0494116,35.0903,20.2805,55.3708
0.0495474,51.0163,34.0009,85.0171
0.0496834,42.1704,27.2806,69.4509
0.0498194,55.4376,35.6952,91.1328
0.0499556,34.3033,20.1816,54.4849
0.050092,53.6812,36.3169,89.9981
0.0502284,63.51,41.8937,105.404
0.050365,61.8976,40.651,102.549
0.0505017,11.4506,6.48638,17.937
0.0506385,20.15,20.7362,40.8862
0.0507754,48.9375,33.1882,82.1256
0.0509125,59.5622,30.601,90.1632
0.0510497,66.1532,45.0495,111.203
0.051187,41.0941,28.9817,70.0758
0.0513245,1.29793,5.48381,6.78174
0.051462,42.6471,21.6056,64.2527
0.0515997,64.1534,42.9362,107.09
0.0517375,3.95887,-0.316359,3.64251
0.0518755,50.0225,29.7469,79.7694
0.0520136,50.6415,41.0404,91.6819
0.0521518,12.1021,13.1886,25.2906
0.0522901,49.2285,36.542,85.7706
0.0524285,-24.0963,-23.4393,-47.5355
0.0525671,83.2073,68.3606,151.568
0.0527058,34.3904,26.8892,61.2796
0.0528446,28.6799,21.9397,50.6195
0.0529836,23.8549,16.1933,40.0482
0.0531226,28.3208,21.7091,50.0299
0.0532618,49.2685,30.0522,79.3207
0.0534012,34.234,25.5938,59.8279
0.0535406,31.7398,22.748,54.4878
0.0536802,42.0683,29.6836,71.7519
0.0538199,56.0457,43.7793,99.8249
0.0539597,41.1123,31.4646,72.577
0.0540997,32.1913,19.7964,51.9877
0.0542398,27.1673,17.9891,45.1564
0.05438,106.937,83.8964,190.833
0.0545204,34.6014,21.8616,56.463
0.0546608,35.1427,23.7151,58.8578
0.0548014,27.5067,17.4537,44.9605
0.0549422,37.4482,24.7012,62.1494
0.055083,28.3251,22.1051,50.4301
0.055224,92.9998,95.5465,188.546
0.0553651,70.3672,50.5752,120.942
0.0555064,-55.4883,-48.6889,-104.177
0.0556477,109.183,104.802,213.985
0.0557892,133.397,124.995,258.393
0.0559309,299.311,222.414,521.725
0.0560726,286.479,219.07,505.549
0.0562145,243.763,189.789,433.551
0.0563565,12.5092,-1.41574,11.0935
0.0564987,26.8579,0.930948,27.7889
0.0566409,149.205,110.836,260.041
0.0567833,-29.6302,-45.8458,-75.4759
0.0569259,62.0603,34.9849,97.0452
0.0570685,81.4879,49.4296,130.918
0.0572113,83.8593,65.5009,149.36
0.0573542,105.213,63.8966,169.109
0.0574973,52.1617,28.4025,80.5642
0.0576405,-102.473,-81.7245,-184.198
0.0577838,94.0674,75.7507,169.818
0.0579272,-39.1069,-42.7292,-81.8362
0.0580708,158.649,120.009,278.658
0.0582145,-5.43481,20.8579,15.4231
0.0583583,16.7241,9.23375,25.9579
0.0585023,80.3904,64.8041,145.194
0.0586464,42.9598,57.1291,100.089
0.0587906,13.5848,17.0237,30.6085
0.0589349,53.9962,41.7619,95.758
0.0590794,39.891,21.614,61.505
0.059224,33.4202,28.2194,61.6396
0.0593688,54.661,42.8942,97.5552
0.0595137,40.9829,33.2532,74.2361
0.0596587,56.302,42.1171,98.4191
0.0598038,23.8713,27.8338,51.7051
0.0599491,26.0205,22.9146,48.9351
0.0600945,52.3977,44.2299,96.6276
0.0602401,38.2112,31.5695,69.7807
0.0603857,57.9126,59.6167,117.529
0.0605315,21.5905,12.0243,33.6148
0.0606775,67.9526,50.1171,118.07
0.0608235,35.5359,15.0229,50.5588
0.0609697,33.4683,31.3139,64.7822
0.0611161,79.8615,44.4898,124.351
0.0612625,72.6434,52.6421,125.286
0.0614092,24.5014,19.6625,44.164
0.0615559,41.2352,30.4873,71.7226
0.0617028,31.3031,18.7865,50.0896
0.0618498,42.7681,36.3241,79.0922
0.0619969,23.2362,20.8317,44.0679
0.0621442,43.7108,29.8816,73.5923
0.0622916,27.6711,20.8443,48.5154
0.0624391,46.2643,30.2292,76.4935
0.0625868,21.7791,16.0908,37.8698
0.0627346,35.922,24.759,60.681
0.0628825,15.2034,9.33084,24.5343
0.0630306,28.4152,20.6356,49.0508
0.0631788,17.3019,13.9933,31.2953
0.0633272,31.3678,18.5234,49.8912
0.0634756,26.6702,13.9591,40.6294
0.0636242,32.37,19.9333,52.3033
0.063773,21.3047,15.7185,37.0232
0.0639219,-27.533,-36.736,-64.269
0.0640709,103.423,52.2716,155.695
0.0642201,-16.9142,-6.00017,-22.9144
0.0643693,-16.4155,-17.0906,-33.5061
0.0645188,-63.853,-63.1231,-126.976
0.0646683,-24.6159,-47.0704,-71.6864
0.064818,-18.5429,-9.66362,-28.2065
0.0649679,0.9162,-9.98766,-9.07146
0.0651178,12.8954,14.106,27.0014
0.0652679,17.8844,8.19811,26.0825
0.0654182,30.1913,20.5474,50.7387
0.0655686,35.7117,15.2266,50.9383
0.0657191,41.1365,23.4676,64.6041
0.0658697,43.058,23.1741,66.2321
0.0660205,37.7207,21.0702,58.7908
0.0661715,41.696,23.2319,64.9279
0.0663225,46.1986,29.3015,75.5001
0.0664737,44.3546,30.5251,74.8797
0.0666251,45.2654,33.0302,78.2956
0.0667765,56.6289,38.87,95.4989
0.0669282,52.7518,33.4321,86.1839
0.0670799,59.6466,38.8999,98.5465
0.0672318,52.6016,35.297,87.8987
0.0673838,58.6841,41.4664,100.151
0.067536,48.5641,30.6524,79.2165
0.0676883,70.9755,44.9756,115.951
0.0678407,46.7604,34.6857,81.4461
0.0679933,70.6176,47.9939,118.611
0.0681461,48.313,36.7436,85.0566
0.0682989,72.193,47.476,119.669
0.0684519,52.3649,36.4608,88.8257
0.068605,74.6655,50.7945,125.46
0.0687583,53.291,34.9911,88.2821
0.0689117,79.235,53.806,133.041
0.0690653,49.8794,31.3472,81.2266
0.069219,75.6496,53.5771,129.227
0.0693728,43.8008,32.4532,76.254
0.0695268,77.3903,51.2358,128.626
0.0696809,48.6242,34.6473,83.2715
0.0698352,74.6324,51.959,126.591
0.0699896,51.2754,37.0646,88.34
0.0701441,75.0797,50.457,125.537
0.0702988,50.3607,31.2804,81.641
0.0704536,73.7376,50.9672,124.705
0.0706086,50.0694,32.8694,82.9388
0.0707637,74.6254,49.4027,124.028
0.0709189,51.8252,30.8537,82.6789
0.0710743,73.4288,51.1535,124.582
0.0712298,50.2898,36.871,87.1608
0.0713855,72.2294,47.705,119.934
0.0715413,43.4495,32.3695,75.8191
0.0716972,73.9141,53.0162,126.93
0.0718533,55.9423,35.8349,91.7772
0.0720095,69.922,50.6174,120.539
0.0721659,45.4323,29.9709,75.4032
0.0723224,73.5989,48.3089,121.908
0.0724791,45.2005,30.7668,75.9673
0.0726359,62.9391,44.722,107.661
0.0727928,52.4468,35.3713,87.8181
0.0729499,60.9069,48.3063,109.213
0.0731071,49.9342,29.7939,79.7281
0.0732645,63.6678,48.315,111.983
0.073422,60.469,36.0432,96.5122
0.0735797,65.6122,44.2486,109.861
0.0737375,46.1217,33.3947,79.5164
0.0738954,64.7577,46.7527,111.51
0.0740535,71.1158,51.423,122.539
0.0742117,67.0878,49.5222,116.61
0.0743701,30.0288,16.1593,46.1881
0.0745286,71.1301,52.2354,123.366
0.0746873,53.3257,38.4636,91.7893
0.0748461,-57.8072,-63.0393,-120.846
0.075005,193.259,148.467,341.727
0.0751641,-15.5734,-23.5423,-39.1157
0.0753234,135.565,90.668,226.233
0.0754828,66.1459,55.8757,122.022
0.0756423,21.3738,19.3377,40.7116
0.075802,165.816,126.65,292.466
0.0759618,-15.9766,-5.77462,-21.7512
0.0761218,-24.2554,-16.1255,-40.3809
0.0762819,157.261,133.525,290.786
0.0764421,-38.7699,-35.5758,-74.3457
0.0766025,195.812,154.185,349.997
0.0767631,-9.19897,-3.60379,-12.8028
0.0769238,-31.0948,-26.686,-57.7808
0.0770846,223.679,186.058,409.736
0.0772456,-59.9216,-52.612,-112.534
0.0774067,137.927,104.986,242.913
0.077568,-23.7218,-27.5093,-51.2311
0.0777294,230.09,186.649,416.739
0.077891,-107.947,-99.4309,-207.378
0.0780527,122.955,95.9465,218.901
0.0782146,40.2556,23.7794,64.035
0.0783766,7.87298,0.962757,8.83574
0.0785388,119.177,87.0559,206.232
0.0787011,-46.7114,-42.7166,-89.428
0.0788635,143.827,115.454,259.281
0.0790261,20.3851,9.03846,29.4235
0.0791889,-34.5237,-38.0258,-72.5495
0.0793518,165.549,125.116,290.665
0.0795148,20.0096,22.4536,42.4632
0.079678,-50.6862,-53.7629,-104.449
0.0798414,119.481,95.8451,215.326
0.0800049,17.861,-0.165928,17.6951
0.0801685,141.904,108.457,250.361
0.0803323,258.491,207.942,466.432
0.0804962,-41.3953,-62.8924,-104.288
0.0806603,238.011,185.705,423.716
0.0808245,-136.972,-120.83,-257.802
0.0809889,240.83,187.937,428.767
0.0811535,-138.59,-116.765,-255.355
0.0813182,258.814,192.379,451.193
0.081483,-145.859,-125.865,-271.725
0.081648,259.986,198.304,458.29
0.0818131,-145.366,-126.07,-271.436
0.0819784,262.109,200.558,462.667
0.0821438,-146.428,-128.642,-275.069
0.0823094,267.312,204.322,471.634
0.0824751,-140.903,-125.488,-266.391
0.082641,269.215,211.608,480.823
0.0828071,-143.322,-135.166,-278.489
0.0829733,266.569,214.038,480.607
0.0831396,-142.424,-131.71,-274.134
0.0833061,263.214,210.225,473.439
0.0834727,-145.944,-132.144,-278.088
0.0836395,267.107,213.644,480.75
0.0838065,-152.398,-130.148,-282.546
0.0839736,264.052,214.82,478.871
0.0841408,-152.4,-135.236,-287.636
0.0843082,264.402,214.84,479.242
0.0844758,-148.993,-136.196,-285.189
0.0846435,268.089,212.759,480.847
0.0848113,-150.347,-132.002,-282.349
0.0849793,265.842,210.765,476.606
0.0851475,-144.308,-128.526,-272.834
0.0853158,266.249,212.863,479.112
0.0854843,-143.4,-128.377,-271.777
0.0856529,263.024,206.956,469.981
0.0858217,-144.114,-127.758,-271.872
0.0859906,268.409,214.999,483.408
0.0861597,184.342,168.548,352.89
0.0863289,35.7507,4.24523,39.9959
0.0864983,-74.3532,-59.7671,-134.12
0.0866679,-63.4341,-56.6737,-120.108
0.0868376,185.075,144.474,329.549
0.0870074,-118.508,-106.826,-225.334
0.0871774,216.84,164.317,381.156
0.0873476,-124.467,-110.225,-234.692
0.0875179,217.434,165.205,382.639
0.0876884,-122.437,-112.826,-235.263
0.087859,227.845,177.02,404.865
0.0880298,-116.678,-106.254,-222.931
0.0882007,215.468,163.226,378.694
0.0883718,-111.143,-102.373,-213.516
0.0885431,236.728,174.182,410.91
0.0887145,-106.613,-98.9444,-205.557
0.088886,205.403,158.309,363.711
0.0890577,-106.814,-97.2265,-204.041
0.0892296,232.139,173.374,405.513
0.0894016,-100.788,-97.3616,-198.15
0.0895738,213.143,158.584,371.727
0.0897462,-97.2221,-91.8347,-189.057
0.0899186,223.419,170.574,393.993
0.0900913,-103.446,-94.3964,-197.842
0.0902641,199.328,150.709,350.038
0.0904371,-94.1519,-87.7856,-181.937
0.0906102,237.754,176.821,414.575
0.0907835,-100.092,-91.9669,-192.059
0.0909569,210.248,161.629,371.877
0.0911305,-89.1615,-82.1198,-171.281
0.0913043,228.318,171.082,399.399
0.0914782,-100.455,-90.0479,-190.503
0.0916523,186.916,145.567,332.483
0.0918265,-86.9807,-84.5834,-171.564
0.0920009,240.382,181.587,421.969
0.0921754,-103.391,-91.4412,-194.833
0.0923501,221.847,165.098,386.945
0.092525,-88.2427,-82.5386,-170.781
0.0927,159.141,118.231,277.372
0.0928752,-84.3823,-76.1036,-160.486
0.0930505,247.25,179.734,426.984
0.093226,-111.746,-95.141,-206.887
0.0934017,12.5841,-2.62563,9.95847
0.0935775,58.8335,39.5355,98.3691
0.0937535,56.6843,35.7522,92.4365
0.0939296,77.8261,51.2227,129.049
0.0941059,52.0696,32.0895,84.1591
0.0942824,69.5741,43.2347,112.809
0.094459,21.6999,11.6003,33.3002
0.0946358,76.1976,53.0879,129.286
0.0948127,44.8609,23.5254,68.3863
0.0949898,73.0284,50.0426,123.071
0.0951671,39.4051,21.8199,61.225
0.0953445,67.2429,48.2882,115.531
0.0955221,56.8025,35.0165,91.819
0.0956999,67.1239,45.0294,112.153
0.0958778,51.3127,32.8134,84.1261
0.0960558,65.0764,45.9313,111.008
0.0962341,60.5469,41.9535,102.5
0.0964125,65.381,40.9183,106.299
0.096591,60.4619,41.1306,101.593
0.0967697,64.9668,45.5368,110.504
0.0969486,60.4423,40.8132,101.255
0.0971277,66.3189,45.4079,111.727
0.0973069,62.7593,42.6223,105.382
0.0974862,62.2131,42.2128,104.426
0.0976658,60.182,39.2081,99.3902
0.0978455,64.8145,40.4201,105.235
0.0980253,75.3216,46.2081,121.53
0.0982054,67.5791,43.6801,111.259
0.0983855,64.2072,41.0328,105.24
0.0985659,72.7964,46.3615,119.158
0.0987464,73.7633,47.8517,121.615
0.0989271,70.882,46.4145,117.297
0.0991079,66.4131,44.7499,111.163
0.0992889,65.0457,41.7356,106.781
0.0994701,67.0421,44.0298,111.072
0.0996514,70.2153,46.6979,116.913
0.099833,71.2503,43.315,114.565
0.100015,76.2461,51.9286,128.175
0.100196,63.8663,40.1112,103.977
0.100378,71.0036,48.1915,119.195
0.100561,71.3369,42.9611,114.298
0.100743,73.0895,48.2044,121.294
0.100925,227.635,176.934,404.568
0.101108,76.9346,55.9981,132.933
0.101291,71.4203,46.3037,117.724
0.101474,83.9353,59.1677,143.103
0.101657,66.5198,43.1162,109.636
0.10184,41.5397,22.998,64.5377
0.102024,52.4264,35.4346,87.861
0.102208,60.5097,38.0434,98.553
0.102391,54.4246,31.6485,86.0732
0.102575,64.0734,39.5843,103.658
0.10276,59.3559,36.9312,96.2871
0.102944,66.7152,45.9829,112.698
0.103128,46.7571,28.2784,75.0355
0.103313,72.8519,51.1105,123.962
0.103498,49.1324,35.0176,84.1499
0.103683,57.4727,37.5371,95.0098
0.103868,71.9538,46.698,118.652
0.104053,51.5724,28.2702,79.8426
0.104239,80.3953,61.7596,142.155
0.104425,38.0758,24.372,62.4478
0.10461,102.433,76.2794,178.712
0.104796,38.4191,22.0957,60.5148
0.104983,55.9407,34.4775,90.4182
0.105169,84.2285,58.2303,142.459
0.105355,65.9696,41.4759,107.446
0.105542,72.9878,48.8695,121.857
0.105729,65.7637,47.0552,112.819
0.105916,77.2703,48.8075,126.078
0.106103,66.4656,46.7051,113.171
0.106291,75.3788,50.7543,126.133
0.106478,72.3032,50.2054,122.509
0.106666,79.4368,50.7719,130.209
0.106854,75.7074,48.3337,124.041
0.107042,69.3059,43.9902,113.296
0.10723,81.3777,50.1337,131.511
0.107418,67.1344,41.8496,108.984
0.107607,80.4912,55.6559,136.147
0.107796,64.4662,40.404,104.87
0.107985,81.2845,57.6845,138.969
0.108174,52.0454,30.4023,82.4477
0.108363,84.2173,57.0414,141.259
0.108552,54.6586,32.4047,87.0634
0.108742,85.0408,60.3968,145.438
0.108932,54.1732,36.4873,90.6605
0.109122,88.4123,61.099,149.511
0.109312,50.9127,29.1441,80.0567
0.109502,84.5918,59.1215,143.713
0.109692,65.6333,40.2617,105.895
0.109883,84.5911,58.6546,143.246
0.110074,56.6528,36.4189,93.0717
0.110265,83.7707,61.9989,145.77
0.110456,58.455,36.2649,94.7199
0.110647,98.9852,67.5365,166.522
0.110839,47.4986,26.2324,73.731
0.11103,81.6191,62.1163,143.735
0.111222,58.5846,33.2422,91.8268
0.111414,98.3724,71.2274,169.6
0.111607,50.2713,23.8375,74.1088
0.111799,260.019,202.685,462.704
0.111991,264.127,204.849,468.976
0.112184,70.7579,48.7949,119.553
0.112377,114.594,80.0707,194.665
0.11257,82.5283,57.9086,140.437
0.112763,7.60921,-10.6537,-3.04448
0.112957,191.041,149.579,340.62
0.11315,-54.9224,-65.6462,-120.569
0.113344,191.045,151.331,342.376
0.113538,-40.5474,-48.23,-88.7774
0.113732,167.118,125.374,292.492
0.113927,-22.0529,-40.1312,-62.1841
0.114121,174.764,135.73,310.494
0.114316,-23.2388,-35.8649,-59.1037
0.11451,143.208,111.627,254.836
0.114706,-0.32942,-21.7495,-22.079
0.114901,169.911,131.235,301.146
0.115096,-10.7087,-27.8938,-38.6025
0.115292,150.458,120.072,270.529
0.115487,-1.69384,-19.6881,-21.382
0.115683,151.356,117.2,268.556
0.115879,3.57586,-15.2747,-11.6988
0.116076,188.914,145.376,334.289
0.116272,9.85005,-16.2075,-6.35746
0.116469,114.351,82.7674,197.119
0.116665,56.3454,35.1102,91.4556
0.116862,87.5731,51.8553,139.428
0.117059,67.0308,42.8728,109.904
0.117257,82.873,53.1298,136.003
0.117454,13.2312,-6.93087,6.30032
0.117652,200.477,156.908,357.385
0.11785,-45.5769,-52.5301,-98.107
0.118048,124.804,91.6812,216.485
0.118246,23.5277,4.3941,27.9218
0.118445,202.942,163.688,366.63
0.118643,-32.0546,-41.9448,-73.9994
0.118842,62.0016,39.5767,101.578
0.119041,158.962,125.027,283.99
0.11924,13.8595,-6.17515,7.68433
0.119439,96.0791,66.1975,162.277
0.119639,49.2898,29.4498,78.7397
0.119838,248.617,198.209,446.826
0.120038,164.347,129.433,293.78
0.120238,-115.309,-109.024,-224.334
0.120439,256.578,202.267,458.845
0.120639,-125.169,-119.313,-244.482
0.12084,260.521,204.962,465.483
0.12104,-119.175,-116.642,-235.816
0.121241,264.185,207.559,471.745
0.121442,-121.759,-113.301,-235.06
0.121644,264.615,205.991,470.605
0.121845,-122.457,-115.486,-237.943
0.122047,269.883,205.811,475.694
0.122249,-118.28,-117.579,-235.859
0.122451,272.093,203.241,475.334
0.122653,-123.678,-119.163,-242.841
0.122855,270.178,206.906,477.084
0.123058,-128.422,-120.099,-248.521
0.123261,273.679,205.641,479.32
0.123464,-126.828,-122.045,-248.874
0.123667,273.813,204.548,478.361
0.12387,-122.044,-112.643,-234.687
0.124074,276.514,202.025,478.539
0.124277,-130.472,-114.084,-244.556
0.124481,274.382,204.295,478.677
0.124685,-129.832,-114.518,-244.35
0.12489,276.627,207.325,483.952
0.125094,-128.674,-114.152,-242.827
0.125299,272.617,202.977,475.595
0.125504,-129.976,-110.924,-240.9
0.125709,276.661,203.784,480.444
0.125914,-129.199,-113.557,-242.757
0.126119,274.182,203.794,477.976
0.126325,-127.037,-113.784,-240.822
0.12653,274.169,200.52,474.689
0.126736,-127.487,-113.854,-241.341
0.126942,272.18,199.549,471.73
0.127149,-128.453,-109.677,-238.131
0.127355,278.59,197.742,476.332
0.127562,-126.297,-107.235,-233.532
0.127769,279.539,200.236,479.775
0.127976,-62.3762,-66.5315,-128.908
0.128183,-96.7868,-105.972,-202.759
0.128391,-14.7214,-31.9378,-46.6592
0.128598,205.725,151.303,357.028
0.128806,-91.9441,-97.1579,-189.102
0.129014,243.142,187.563,430.705
0.129222,-116.535,-112,-228.535
0.129431,271.944,203.654,475.598
0.129639,-107.923,-107.958,-215.881
0.129848,219.448,169.273,388.721
0.130057,-104.098,-102.993,-207.091
0.130266,289.745,214.458,504.203
0.130475,-107.611,-103.316,-210.926
0.130685,142.28,99.117,241.397
0.130895,-28.2154,-37.252,-65.4674
0.131105,274.414,209.105,483.519
0.131315,-99.37,-99.5133,-198.883
0.131525,176.471,127.091,303.562
0.131735,-40.9812,-52.1377,-93.1189
0.131946,279.787,202.105,481.892
0.132157,-80.3947,-80.9155,-161.31
0.132368,151.486,108.938,260.424
0.132579,-11.2758,-26.7999,-38.0758
0.132791,262.119,199.558,461.677
0.133002,-91.3783,-93.8987,-185.277
0.133214,201.748,151.949,353.696
0.133426,-65.1834,-74.4052,-139.589
0.133638,277.834,205.984,483.819
0.133851,-86.8082,-94.9288,-181.737
0.134063,133.862,95.7793,229.642
0.134276,76.0182,44.1447,120.163
0.134489,93.4618,58.3051,151.767
0.134702,110.257,75.0292,185.286
0.134916,78.3816,50.8053,129.187
0.135129,45.3868,21.5658,66.9525
0.135343,116.994,75.9131,192.908
0.135557,88.8188,55.0654,143.884
0.135771,47.9937,20.183,68.1767
0.135985,190.178,143.826,334.004
0.1362,-11.1848,-27.149,-38.3338
0.136415,106.495,67.3503,173.846
0.13663,66.6083,39.4723,106.081
0.136845,47.0216,21.2883,68.3099
0.13706,173.851,137.156,311.007
0.137275,-68.8022,-84.9738,-153.776
0.137491,286.868,213.989,500.857
0.137707,-76.3095,-85.444,-161.754
0.137923,160.277,120.092,280.37
0.138139,-25.1252,-38.3237,-63.4488
0.138356,245.973,190.422,436.395
0.138573,-77.5592,-83.5725,-161.132
0.13879,227.769,188.189,415.958
0.139007,217.522,169.329,386.851
0.139224,204.954,164.295,369.249
0.139441,155.643,112.678,268.322
0.139659,94.6289,60.2335,154.862
0.139877,183.125,135.728,318.853
0.140095,-41.949,-56.7198,-98.6687
0.140313,182.869,134.574,317.444
0.140532,133.496,96.637,230.133
0.14075,56.8071,33.9869,90.794
0.140969,120.926,91.3391,212.265
0.141188,-50.3799,-45.39,-95.77
0.141408,-97.2725,-96.906,-194.178
0.141627,-106.974,-106.237,-213.211
0.141847,80.4405,53.1872,133.628
0.142067,58.6717,33.9868,92.6585
0.142287,122.047,88.9524,210.999
0.142507,21.4391,0.888514,22.3276
0.142727,116.948,82.7268,199.675
0.142948,67.187,35.7662,102.953
0.143169,70.576,50.65,121.226
0.14339,68.2282,36.2747,104.503
0.143611,115.662,84.0884,199.75
0.143833,36.9092,11.7592,48.6683
0.144054,118.478,85.7483,204.226
0.144276,75.7918,41.8807,117.673
0.144498,68.5629,44.6194,113.182
0.144721,80.3679,44.4502,124.818
0.144943,99.814,68.7899,168.604
0.145166,60.9615,29.4416,90.4032
0.145389,86.2891,52.6867,138.976
0.145612,83.5713,53.4398,137.011
0.145835,84.599,56.8696,141.469
0.146058,79.3687,47.664,127.033
0.146282,76.6939,46.6082,123.302
0.146506,97.4711,65.3615,162.833
0.14673,73.092,45.5027,118.595
0.146954,84.8016,47.6029,132.404
0.147179,-14.8475,-32.2906,-47.1381
0.147404,-54.7071,-72.0629,-126.77
0.147629,184.424,138.069,322.493
0.147854,-71.6193,-82.6966,-154.316
0.148079,252.016,191.805,443.82
0.148304,-57.998,-71.7848,-129.783
0.14853,159.519,115.816,275.335
0.148756,-63.9564,-74.0797,-138.036
0.148982,263.08,206.59,469.671
0.149209,-62.7796,-75.3517,-138.131
0.149435,161.013,118.544,279.557
0.149662,-41.731,-55.3099,-97.0409
0.149889,270.913,198.229,469.143
0.150116,-42.0797,-55.6266,-97.7063
0.150343,146.678,113.933,260.611
0.150571,-25.3109,-37.9981,-63.3089
0.150799,178.069,133.012,311.08
0.151027,-39.1157,-57.834,-96.9497
0.151255,268.168,198.351,466.519
0.151483,-21.5387,-39.1148,-60.6535
0.151712,111.814,80.5578,192.372
0.151941,31.045,9.04775,40.0928
0.15217,126.673,93.9534,220.626
0.152399,53.5216,24.8729,78.3945
0.152629,88.6742,60.0279,148.702
0.152858,67.1181,38.7457,105.864
0.153088,65.5593,38.1865,103.746
0.153318,170.528,122.787,293.315
0.153549,-10.4818,-30.6013,-41.083
0.153779,199.522,153.399,352.921
0.15401,-33.5021,-46.3055,-79.8076
0.154241,195.68,146.434,342.114
0.154472,-30.8422,-48.4253,-79.2675
0.154703,161.459,121.734,283.194
0.154935,-12.7226,-33.8197,-46.5423
0.155166,189.268,144.978,334.246
0.155398,-25.7544,-45.9699,-71.7243
0.155631,176.694,133.826,310.52
0.155863,242.02,178.488,420.508
0.156096,234.276,179.569,413.845
0.156328,242.323,176.136,418.459
0.156561,154.46,104.204,258.663
0.156795,159.034,112.618,271.652
0.157028,119.017,83.4333,202.45
0.157262,152.239,113.558,265.797
0.157496,61.6846,29.9904,91.675
0.15773,161.641,117.343,278.984
0.157964,39.3535,7.9988,47.3523
0.158199,181.899,132.292,314.19
0.158433,-29.2876,-47.3471,-76.6347
0.158668,166.959,127.953,294.911
0.158903,90.5534,57.1789,147.732
0.159139,94.9064,61.0327,155.939
0.159374,103.51,70.9992,174.509
0.15961,92.1256,58.5505,150.676
0.159846,105.107,72.0598,177.167
0.160082,56.0229,19.371,75.3939
0.160319,120.177,80.5377,200.715
0.160555,108.509,76.261,184.77
0.160792,-119.937,-127.457,-247.393
0.161029,-130.626,-136.3,-266.927
0.161267,223.799,180.515,404.314
0.161504,-110.413,-119.04,-229.453
0.161742,284.741,224.246,508.987
0.16198,-127.507,-126.811,-254.319
0.162218,288.951,224.28,513.231
0.162456,-126.625,-128.065,-254.69
0.162695,296.334,226.655,522.99
0.162934,-128.554,-125.19,-253.744
0.163173,292.826,224.774,517.6
0.163412,-131.489,-124.319,-255.808
0.163652,296.662,223.918,520.58
0.163891,-130.832,-125.438,-256.27
0.164131,298.611,225.532,524.142
0.164371,-135.115,-125.143,-260.258
0.164612,300.821,227.759,528.58
0.164852,-131.564,-122.043,-253.608
0.165093,300.379,226.276,526.654
0.165334,-131.639,-122.489,-254.128
0.165575,302.901,224.364,527.265
0.165817,-128.006,-122.756,-250.762
0.166058,300.666,221.93,522.596
0.1663,-136.625,-121.414,-258.039
0.166542,306.554,223.474,530.029
0.166785,-137.061,-119.371,-256.433
0.167027,301.446,222.257,523.702
0.16727,-132.762,-119.395,-252.157
0.167513,310.837,226.703,537.54
0.167756,-141.697,-126.504,-268.2
0.167999,310.518,227.844,538.362
0.168243,-133.743,-118.294,-252.038
0.168487,302.106,222.043,524.149
0.168731,-139.779,-115.414,-255.193
0.168975,309.749,222.64,532.389
0.16922,-140.641,-119.808,-260.449
0.169465,306.518,221.686,528.204
0.16971,-139.166,-115.93,-255.097
0.169955,304.126,224.287,528.413
0.1702,-137.263,-113.781,-251.044
0.170446,311.301,220.479,531.781
0.170692,-140.344,-118.311,-258.656
0.170938,309.923,224.529,534.452
0.171184,-140.188,-114.351,-254.539
0.171431,309.972,222.771,532.743
0.171677,-139.368,-115.934,-255.302
0.171924,307.33,222.778,530.108
0.172171,-136.743,-118.607,-255.35
0.172419,313.065,221.174,534.238
0.172667,-142.221,-118.825,-261.046
0.172914,303.684,219.019,522.703
0.173163,-147.866,-121.35,-269.216
0.173411,313.368,222.024,535.392
0.173659,-144.646,-115.613,-260.259
0.173908,315.361,225.896,541.257
0.174157,167.927,116.775,284.701
0.174406,175.237,116.391,291.629
0.174656,108.288,73.8037,182.092
0.174906,135.708,90.1837,225.892
0.175156,57.6688,25.8709,83.5397
0.175406,156.959,112.53,269.49
0.175656,59.1402,34.5032,93.6434
0.175907,124.168,88.6712,212.839
0.176157,78.6246,45.7054,124.33
0.176408,85.0101,54.1699,139.18
0.17666,123.322,78.4095,201.732
0.176911,69.7659,39.0518,108.818
0.177163,88.7966,55.104,143.901
0.177415,91.7396,53.8931,145.633
0.177667,60.1474,28.9063,89.0537
0.17792,95.5235,58.2656,153.789
0.178172,81.3012,50.2283,131.529
0.178425,113.024,74.3816,187.405
0.178678,60.8125,31.7288,92.5414
0.178932,120.694,82.3198,203.014
0.179185,80.8491,46.1385,126.988
0.179439,90.0412,55.9931,146.034
0.179693,75.1866,43.0336,118.22
0.179947,110.344,70.307,180.651
0.180202,83.2749,51.7081,134.983
0.180457,76.7597,40.0416,116.801
0.180711,86.9983,53.33,140.328
0.180967,98.0114,62.4323,160.444
0.181222,77.0828,42.8072,119.89
0.181478,61.2709,29.2636,90.5344
0.181734,136.886,93.0825,229.968
0.18199,50.1119,16.7606,66.8725
0.182246,135.729,97.5135,233.242
0.182503,48.3904,18.3657,66.7561
0.18276,108.372,69.1028,177.475
0.183017,79.6636,49.9529,129.617
0.183274,101.951,58.6976,160.648
0.183531,82.0747,54.1787,136.253
0.183789,78.1991,42.4471,120.646
0.184047,96.6051,53.572,150.177
0.184305,89.5141,57.3143,146.828
0.184564,114.751,76.6858,191.437
0.184822,41.9776,18.2887,60.2663
0.185081,98.1877,65.2279,163.416
0.185341,87.8221,51.8525,139.675
0.1856,91.4016,53.1817,144.583
0.18586,111.506,72.9004,184.407
0.186119,60.1514,31.1482,91.2995
0.18638,97.1899,64.4913,161.681
0.18664,89.6099,55.1737,144.784
0.186901,79.7666,43.9372,123.704
0.187161,84.3709,54.4551,138.826
0.187422,71.99,39.6867,111.677
0.187684,88.5114,53.7125,142.224
0.187945,103.36,63.7318,167.092
0.188207,15.8799,-4.9173,10.9626
0.188469,131.675,90.7077,222.382
0.188731,12.0456,5.39407,17.4397
0.188994,-54.5555,-64.0837,-118.639
0.189256,-16.6679,-36.7291,-53.3971
0.189519,67.5725,37.0709,104.643
0.189783,56.2546,31.2997,87.5544
0.190046,140.49,98.2477,238.738
0.19031,101.666,65.2968,166.963
0.190574,57.4635,30.0962,87.5597
0.190838,163.037,111.814,274.851
0.191102,-32.7489,-52.9622,-85.7111
0.191367,180.006,134.682,314.689
0.191632,23.6758,3.23125,26.9071
0.191897,195.406,147.186,342.592
0.192162,61.8378,29.6807,91.5185
0.192428,24.9686,9.02465,33.9932
0.192694,76.6415,38.6912,115.333
0.19296,152.138,117.117,269.255
0.193226,2.92222,-21.3792,-18.457
0.193493,124.248,91.8853,216.134
0.193759,104.853,67.0503,171.903
0.194026,123.576,81.7622,205.338
0.194294,45.0409,13.6524,58.6933
0.194561,137.19,92.2058,229.395
0.194829,158.477,114.45,272.927
0.195097,-47.223,-71.0635,-118.287
0.195365,206.738,150.808,357.546
0.195634,73.7266,39.1448,112.871
0.195903,120.779,80.4815,201.26
0.196172,83.0162,45.6052,128.621
0.196441,108.112,68.1934,176.305
0.19671,125.61,84.0006,209.611
0.19698,13.0479,-9.99607,3.05182
0.19725,109.026,66.2168,175.243
0.19752,148.883,101.345,250.227
0.197791,92.1093,52.4579,144.567
0.198062,87.6233,49.4866,137.11
0.198333,114.173,77.4751,191.648
0.198604,82.8615,43.8268,126.688
0.198875,88.6596,51.3492,140.009
0.199147,87.0189,55.2281,142.247
0.199419,106.808,66.2256,173.033
0.199691,79.0276,44.5771,123.605
0.199964,110.891,67.0595,177.951
0.200236,51.0795,19.0714,70.1508
0.200509,99.0691,58.1431,157.212
0.200782,113.028,73.1169,186.145
0.201056,63.7628,29.9377,93.7005
0.201329,110.603,74.1001,184.703
0.201603,73.8672,40.1464,114.014
0.201878,75.2579,43.916,119.174
0.202152,106.351,70.5236,176.875
0.202427,71.9755,45.8264,117.802
0.202702,97.5089,61.1223,158.631
0.202977,87.416,49.7243,137.14
0.203252,98.9106,63.5459,162.456
0.203528,61.5267,30.9906,92.5173
0.203804,97.1465,57.7256,154.872
0.20408,101.752,65.528,167.28
0.204356,82.0315,46.4578,128.489
0.204633,91.0149,55.1861,146.201
0.20491,82.5979,45.1905,127.788
0.205187,82.8622,49.012,131.874
0.205465,94.6023,59.0599,153.662
0.205742,93.0858,55.352,148.438
0.20602,98.8375,58.8894,157.727
0.206299,78.5491,45.1591,123.708
0.206577,106.107,66.8477,172.954
0.206856,73.7009,37.5512,111.252
0.207135,115.401,79.761,195.162
0.207414,38.4297,11.2884,49.7181
0.207693,131.425,89.0299,220.455
0.207973,77.901,40.5226,118.424
0.208253,132.804,89.0708,221.875
0.208533,4.77749,-15.6858,-10.9084
0.208814,-56.0007,-76.8813,-132.882
0.209095,53.0213,17.2802,70.3015
0.209376,293.124,240.12,533.244
0.209657,-81.7848,-95.4051,-177.19
0.209938,289.999,235.764,525.763
0.21022,-96.2706,-106.392,-202.662
0.210502,289.13,232.625,521.755
0.210784,-100.035,-103.029,-203.064
0.211067,284.555,227.904,512.459
0.21135,-76.2787,-91.0219,-167.301
0.211633,279.526,221.725,501.251
0.211916,-84.1504,-97.0475,-181.198
0.2122,271.625,214.4,486.025
0.212483,-77.2055,-85.2327,-162.438
0.212767,284.768,218.585,503.352
0.213052,-123.842,-120.185,-244.026
0.213336,290.688,221.242,511.931
0.213621,-134.632,-130.829,-265.461
0.213906,-103.119,-110.855,-213.973
0.214192,131.689,91.1994,222.889
0.214477,20.4277,-3.78285,16.6449
0.214763,171.237,120.051,291.288
0.215049,-2.22765,-20.7556,-22.9833
0.215336,181.999,125.862,307.861
0.215622,-6.55131,-24.478,-31.0293
0.215909,179.649,122.602,302.25
0.216197,0.450395,-22.7862,-22.3358
0.216484,175.21,117.446,292.655
0.216772,10.3469,-19.0145,-8.66761
0.21706,159.876,106.373,266.249
0.217348,43.1086,8.79274,51.9013
0.217636,117.318,71.0166,188.334
0.217925,152.928,107.832,260.76
0.218214,-43.8682,-53.5621,-97.4303
0.218504,282.765,209.341,492.107
0.218793,-126.531,-121.282,-247.812
0.219083,308.041,223.053,531.093
0.219373,-120.627,-119.357,-239.985
0.219663,299.367,222.059,521.426
0.219954,-103.1,-107.134,-210.234
0.220245,290.787,211.896,502.683
0.220536,-94.9489,-96.9756,-191.925
0.220827,280.268,203.855,484.123
0.221119,-95.2789,-94.4829,-189.762
0.221411,267.343,191.069,458.412
0.221703,-65.9955,-73.8921,-139.888
0.221996,202.746,149.171,351.917
0.222288,20.5142,-1.11859,19.3956
0.222581,96.9218,55.4527,152.374
0.222875,76.8229,39.8479,116.671
0.223168,136.926,88.7059,225.632
0.223462,40.0157,17.384,57.3997
0.223756,92.0672,53.8523,145.919
0.22405,132.308,84.084,216.392
0.224345,-14.8549,-40.1927,-55.0476
0.22464,251.928,179.742,431.67
0.224935,-112.008,-112.059,-224.067
0.22523,291.633,214.53,506.163
0.225526,-90.3686,-93.9417,-184.31
0.225822,211.962,148.882,360.844
0.226118,84.4637,41.279,125.743
0.226414,121.327,73.3417,194.669
0.226711,55.3022,25.6082,80.9104
0.227008,159.289,110.805,270.094
0.227305,-8.13733,-31.4791,-39.6165
0.227603,145.722,98.499,244.221
0.227901,72.6095,43.1448,115.754
0.228199,77.1942,35.2753,112.469
0.228497,110.074,68.3854,178.46
0.228796,78.5554,37.3008,115.856
0.229095,105.075,65.3923,170.468
0.229394,94.8623,57.4538,152.316
0.229693,47.078,17.586,64.6641
0.229993,149.449,98.8231,248.272
0.230293,26.2058,-0.37808,25.8278
0.230593,192.337,137.695,330.032
0.230894,-78.7506,-89.0445,-167.795
0.231195,293.463,218.838,512.301
0.231496,-119.069,-121.637,-240.706
0.231797,281.852,212.226,494.078
0.232099,-101.677,-105.058,-206.734
0.232401,235.632,172.698,408.33
0.232703,-17.314,-40.2175,-57.5314
0.233005,165.949,113.253,279.202
0.233308,16.9998,0.219375,17.2191
0.233611,153.7,105.793,259.493
0.233914,49.3009,21.1903,70.4912
0.234218,99.7576,53.739,153.497
0.234522,138.246,91.0442,229.29
0.234826,20.6211,-11.1002,9.52089
0.23513,134.586,89.6829,224.269
0.235435,61.5734,27.4699,89.0433
0.23574,103.752,62.9854,166.738
0.236045,80.9212,42.352,123.273
0.236351,49.9748,15.6473,65.6221
0.236656,112.799,67.3741,180.173
0.236962,143.165,92.5248,235.69
0.237269,4.27738,-21.0718,-16.7944
0.237575,129.718,80.6748,210.393
0.237882,146.644,93.4286,240.073
0.238189,20.9025,-3.85053,17.052
0.238497,133.624,85.4869,219.111
0.238805,38.6588,11.4045,50.0633
0.239113,162.061,109.766,271.827
0.239421,-8.22279,-34.1893,-42.4121
0.239729,217.991,159.394,377.384
0.240038,-38.8349,-57.3942,-96.2292
0.240347,236.115,173.009,409.124
0.240657,-60.7696,-75.714,-136.484
0.240967,265.932,196.099,462.03
0.241277,-95.9096,-103.74,-199.65
0.241587,272.016,200.091,472.107
0.241897,-60.2746,-75.6182,-135.893
0.242208,220.534,160.142,380.676
0.242519,256.306,194.574,450.88
0.242831,177.056,129.894,306.95
0.243142,145.298,100.729,246.028
0.243454,139.356,88.4648,227.821
0.243766,87.4951,57.3604,144.855
0.244079,125.35,77.3816,202.732
0.244392,84.1191,47.7378,131.857
0.244705,118.576,77.0335,195.61
0.245018,89.0953,51.2983,140.394
0.245332,112.61,71.062,183.672
0.245646,95.3587,56.4362,151.795
0.24596,103.88,59.1551,163.035
0.246275,93.783,54.3591,148.142
0.246589,100.465,61.5515,162.017
0.246904,87.2671,50.896,138.163
0.24722,106.753,60.9192,167.673
0.247535,88.2217,46.9028,135.124
0.247851,107.761,67.6482,175.409
0.248168,77.7156,41.7395,119.455
0.248484,118.005,74.3768,192.381
0.248801,70.7098,37.9173,108.627
0.249118,120.366,78.4626,198.829
0.249435,75.2658,40.7625,116.028
0.249753,120.844,77.1891,198.033
0.250071,67.3786,33.8436,101.222
0.250389,118.007,71.7285,189.736
0.250708,61.6836,28.016,89.6996
0.251027,124.404,85.2223,209.626
0.251346,52.9001,22.8047,75.7047
0.251665,136.999,90.1659,227.165
0.251985,52.2164,18.5858,70.8022
0.252305,141.149,93.0098,234.158
0.252625,19.985,-6.18678,13.7982
0.252946,123.11,81.5281,204.638
0.253267,157.024,109.579,266.603
0.253588,-83.3026,-88.76,-172.063
0.253909,244.032,182.407,426.439
0.254231,48.1422,24.3012,72.4434
0.254553,130.443,84.8009,215.244
0.254875,54.4998,23.8867,78.3865
0.255198,125.829,82.8128,208.642
0.255521,70.446,39.6695,110.116
0.255844,105.304,67.9226,173.226
0.256167,92.2261,59.077,151.303
0.256491,76.5855,43.5489,120.134
0.256815,106.426,70.0256,176.451
0.25714,81.4837,50.5351,132.019
0.257464,143.96,95.7791,239.74
0.257789,12.3115,-12.7288,-0.417378
0.258115,173.182,119.909,293.091
0.25844,-9.92344,-26.7348,-36.6583
0.258766,149.697,101.335,251.032
0.259092,120.351,73.2512,193.602
0.259419,52.1672,18.6168,70.784
0.259745,81.5905,44.1688,125.759
0.260072,121.924,77.8224,199.746
0.2604,67.9186,32.1926,100.111
0.260727,108.378,61.2214,169.599
0.261055,86.8161,41.3613,128.177
0.261384,80.9329,45.7192,126.652
0.261712,104.824,66.1274,170.951
0.262041,88.6402,44.046,132.686
0.26237,92.3876,50.5582,142.946
0.262699,89.0826,49.4194,138.502
0.263029,99.1331,60.1772,159.31
0.263359,93.7657,53.3272,147.093
0.26369,86.9858,49.5583,136.544
0.26402,77.8718,44.3783,122.25
0.264351,5.10604,-12.5836,-7.47761
0.264682,57.748,20.754,78.5019
0.265014,66.4645,35.4695,101.934
0.265346,116.3,72.4543,188.755
0.265678,78.0688,46.2944,124.363
0.26601,116.227,73.1917,189.418
0.266343,87.505,47.1517,134.657
0.266676,116.373,74.1533,190.526
0.267009,92.4003,50.6022,143.002
0.267343,105.579,68.3032,173.882
0.267677,82.1278,44.3087,126.436
0.268011,120.334,79.3739,199.708
0.268346,98.5163,56.1152,154.632
0.268681,83.7193,49.7551,133.474
0.269016,63.1484,27.5485,90.6969
0.269351,115.922,78.2157,194.138
0.269687,136.991,86.6797,223.67
0.270023,69.8416,36.6782,106.52
0.270359,70.4165,33.093,103.51
0.270696,99.1906,60.4949,159.685
0.271033,115.646,74.3274,189.973
0.27137,110.832,71.3753,182.207
0.271708,77.4184,40.7302,118.149
0.272046,103.97,67.6556,171.626
0.272384,97.0122,57.0399,154.052
0.272723,107.767,70.5851,178.352
0.273062,65.5069,30.4285,95.9354
0.273401,115.949,78.4166,194.366
0.27374,114.602,69.5453,184.148
0.27408,84.4774,43.0556,127.533
0.27442,82.0886,40.8338,122.922
0.27476,135.577,91.5453,227.123
0.275101,70.9081,33.6236,104.532
0.275442,70.3216,38.954,109.276
0.275783,91.7855,53.1862,144.972
0.276125,143.002,93.6182,236.62
0.276467,100.517,56.9733,157.491
0.276809,50.434,18.4388,68.8729
0.277152,74.587,44.3673,118.954
0.277495,134.548,83.1207,217.669
0.277838,107.413,61.7614,169.174
0.278181,108.361,68.0391,176.4
0.278525,44.666,17.9675,62.6335
0.278869,114.886,69.0982,183.984
0.279214,135.518,91.9624,227.48
0.279558,125.821,71.0481,196.869
0.279903,124.329,81.8586,206.188
0.280249,111.569,68.7263,180.295
0.280594,119.938,74.714,194.652
0.28094,117.905,68.414,186.319
0.281287,112.546,72.0569,184.602
0.281633,113.106,67.3821,180.488
0.28198,110.25,70.1268,180.377
0.282328,113.384,64.4522,177.836
0.282675,112.366,65.9156,178.282
0.283023,108.903,61.1321,170.036
0.283371,109.664,65.3139,174.978
0.28372,106.109,64.2761,170.385
0.284069,101.257,66.1011,167.358
0.284418,100.521,62.5369,163.057
0.284767,107.925,61.7282,169.653
0.285117,101.632,58.6111,160.243
0.285467,104.069,60.8977,164.967
0.285818,101.413,58.1076,159.521
0.286168,103.208,62.7683,165.976
0.286519,102.082,57.9324,160.014
0.286871,105.108,60.0015,165.11
0.287222,103.241,55.8924,159.134
0.287574,100.7,59.5803,160.281
0.287927,95.8207,56.2075,152.028
0.288279,105.976,61.0009,166.977
0.288632,96.7288,57.6236,154.352
0.288986,103.128,58.8525,161.98
0.289339,99.0831,56.7514,155.835
0.289693,102.338,60.1391,162.477
0.290048,99.0804,53.9589,153.039
0.290402,106.838,59.2501,166.089
0.290757,96.5684,55.4732,152.042
0.291112,106.796,64.1579,170.954
0.291468,95.6847,56.0342,151.719
0.291824,105.082,60.2009,165.283
0.29218,93.0656,55.0199,148.085
0.292536,101.23,60.5507,161.78
0.292893,96.3801,53.7296,150.11
0.293251,109.558,61.3722,170.931
0.293608,96.006,59.1665,155.173
0.293966,99.1198,57.2378,156.358
0.294324,92.188,55.8205,148.008
0.294682,107.665,57.8708,165.535
0.295041,98.9303,56.2382,155.169
0.2954,109.813,60.7118,170.525
0.29576,93.919,54.3814,148.3
0.29612,103.299,57.4463,160.745
0.29648,95.537,53.856,149.393
0.29684,102.113,60.2993,162.412
0.297201,93.3888,54.6172,148.006
0.297562,103.896,56.1353,160.032
0.297923,97.31,57.8532,155.163
0.298285,100.322,58.0487,158.371
0.298647,102.87,60.2884,163.159
0.29901,106.513,57.8566,164.37
0.299372,101.715,56.0935,157.808
0.299735,102.975,59.6808,162.656
0.300099,94.654,56.1227,150.777
0.300463,103.223,59.8875,163.111
0.300827,99.8932,55.5809,155.474
0.301191,108.828,57.3191,166.147
0.301556,100.096,54.7264,154.823
0.301921,101.486,58.6415,160.127
0.302286,103.519,57.3654,160.885
0.302652,102.191,60.2803,162.472
0.303018,97.2721,55.4543,152.726
0.303384,105.697,59.8457,165.543
0.303751,101.424,55.8709,157.295
0.304118,50.7639,7.04102,57.8049
0.304485,78.4411,32.0738,110.515
0.304853,106.304,57.2941,163.598
0.305221,97.6488,54.6845,152.333
0.30559,107.817,61.5762,169.394
0.305958,96.3302,56.1243,152.455
0.306327,107.275,60.1852,167.46
0.306697,101.113,58.0538,159.167
0.307067,103.395,58.7895,162.184
0.307437,95.8088,51.4303,147.239
0.307807,105.268,59.3333,164.601
0.308178,97.7187,54.4931,152.212
0.308549,106.605,58.9886,165.593
0.30892,95.7877,56.8773,152.665
0.309292,119.434,67.981,187.415
0.309664,108.516,60.9552,169.471
0.310036,108.331,60.0049,168.336
0.310409,103.347,64.2245,167.571
0.310782,104.528,60.8213,165.349
0.311156,101.236,56.5727,157.809
0.31153,93.7784,55.1178,148.896
0.311904,102.695,57.9089,160.604
0.312278,93.7313,51.7016,145.433
0.312653,95.1446,58.4319,153.577
0.313028,90.7099,48.0757,138.786
0.313404,94.8031,57.3611,152.164
0.313779,93.5618,49.3354,142.897
0.314155,98.3885,53.926,152.314
0.314532,90.0503,50.5089,140.559
0.314909,103.913,57.4756,161.389
0.315286,90.2472,49.7036,139.951
0.315664,101.243,55.8209,157.064
0.316041,92.8342,53.9517,146.786
0.31642,96.9046,54.7601,151.665
0.316798,88.6437,48.1478,136.792
0.317177,96.333,54.9143,151.247
0.317556,96.6288,51.7573,148.386
0.317936,96.689,54.4178,151.107
0.318316,89.5075,52.7127,142.22
0.318696,91.3305,53.8957,145.226
0.319077,93.7993,51.8004,145.6
0.319458,91.9619,50.1541,142.116
0.319839,92.1285,49.8282,141.957
0.320221,89.5022,51.4668,140.969
0.320603,89.1114,48.5784,137.69
0.320985,92.7526,50.5377,143.29
0.321368,92.568,49.0056,141.574
0.321751,94.5389,51.2067,145.746
0.322134,85.3322,45.6715,131.004
0.322518,93.7447,52.0549,145.8
0.322902,84.5193,46.3355,130.855
0.323287,99.168,49.099,148.267
0.323672,83.4796,45.1952,128.675
0.324057,-101.317,-74.673,-175.99
0.324442,-82.0585,-67.5121,-149.571
0.324828,-100.928,-88.0087,-188.937
0.325214,-23.1907,-39.1996,-62.3904
0.325601,189.459,128.145,317.603
0.325988,34.4739,2.48613,36.9601
0.326375,86.5532,47.2957,133.849
0.326763,108.075,69.5308,177.606
0.327151,94.3878,49.1236,143.511
0.327539,95.2536,59.9254,155.179
0.327928,88.6686,48.5702,137.239
0.328317,94.2228,56.5157,150.738
0.328706,91.8797,47.2869,139.167
0.329096,89.4525,52.2345,141.687
0.329486,87.5134,50.0428,137.556
0.329876,90.4431,53.9687,144.412
0.330267,92.8055,48.5039,141.309
0.330658,94.7666,51.2041,145.971
0.33105,93.7886,52.0366,145.825
0.331442,92.8544,51.3733,144.228
0.331834,101.897,55.4933,157.39
0.332226,90.4038,55.2101,145.614
0.332619,99.0778,52.643,151.721
0.333013,91.8487,54.8203,146.669
0.333406,98.5449,53.3253,151.87
0.3338,93.2906,55.4955,148.786
0.334195,94.7905,51.6894,146.48
0.334589,92.0795,53.1637,145.243
0.334984,96.9689,53.2645,150.233
0.33538,87.0673,49.515,136.582
0.335776,97.3512,51.6994,149.051
0.336172,93.8991,51.2363,145.135
0.336568,96.4639,54.0433,150.507
0.336965,91.3036,51.2662,142.57
0.337362,90.9375,50.8766,141.814
0.33776,85.136,49.5095,134.645
0.338158,91.3155,49.977,141.293
0.338556,89.8384,49.2052,139.044
0.338955,94.8633,53.5178,148.381
0.339354,88.7342,49.8987,138.633
0.339753,96.6238,54.7491,151.373
0.340153,87.1484,52.6373,139.786
0.340553,89.1241,52.7418,141.866
0.340954,87.5503,52.9322,140.482
0.341355,93.2264,51.5392,144.766
0.341756,89.3401,51.1882,140.528
0.342158,98.0709,53.2318,151.303
0.34256,87.4949,49.098,136.593
0.342962,91.7771,52.9957,144.773
0.343365,85.5221,51.189,136.711
0.343768,134.004,112.997,247.001
0.344171,149.057,98.2327,247.29
0.344575,135.059,93.9855,229.044
0.344979,125.949,82.7375,208.686
0.345384,123.058,79.8527,202.911
0.345788,113.328,68.9595,182.288
0.346194,124.679,80.1364,204.815
0.346599,105.871,60.3385,166.209
0.347005,122.369,78.4693,200.839
0.347412,105.992,60.9348,166.927
0.347818,118.974,71.1143,190.088
0.348226,101.808,59.2545,161.063
0.348633,115.315,71.4941,186.809
0.349041,101.973,57.6794,159.652
0.349449,114.238,65.8205,180.059
0.349858,97.2055,54.5965,151.802
0.350267,113.931,67.5096,181.44
0.350676,105.722,58.3454,164.068
0.351086,115.765,61.8324,177.597
0.351496,97.8868,57.8536,155.74
0.351906,111.709,66.2435,177.952
0.352317,102.567,57.0617,159.628
0.352728,108.553,61.5222,170.075
0.35314,92.6317,55.1353,147.767
0.353552,110.847,63.8476,174.695
0.353964,90.8063,52.1716,142.978
0.354377,111.532,62.9044,174.436
0.35479,94.585,55.3293,149.914
0.355203,104.639,59.2629,163.902
0.355617,88.2659,55.1096,143.376
0.356031,101.114,56.4054,157.52
0.356446,92.164,54.4912,146.655
0.356861,96.9887,53.5001,150.489
0.357276,90.0919,51.6791,141.771
0.357692,103.61,52.781,156.391
0.358108,88.4289,52.2435,140.672
0.358524,103.806,57.4905,161.296
0.358941,87.8619,49.4701,137.332
0.359358,100.218,52.6506,152.868
0.359776,82.5564,44.8003,127.357
0.360194,100.863,56.5303,157.393
0.360612,79.6325,47.7857,127.418
0.361031,98.9535,56.8928,155.846
0.36145,81.9271,46.8042,128.731
0.36187,98.0305,59.81,157.84
0.36229,71.0785,45.4826,116.561
0.36271,101.926,60.5446,162.471
0.36313,75.8966,43.6045,119.501
0.363552,95.6116,55.1775,150.789
0.363973,78.8599,47.2315,126.091
0.364395,101.859,57.4514,159.31
0.364817,75.2275,44.9427,120.17
0.365239,99.3012,54.3964,153.698
0.365662,76.5961,42.3919,118.988
0.366086,99.5187,60.9187,160.437
0.366509,73.0062,38.1892,111.195
0.366934,98.419,55.4861,153.905
0.367358,79.5141,41.0973,120.611
0.367783,101.099,56.0712,157.17
0.368208,69.5809,39.9365,109.517
0.368634,98.253,56.7915,155.044
0.36906,77.2737,39.0312,116.305
0.369486,93.3004,53.6009,146.901
0.369913,79.068,43.6138,122.682
0.37034,93.8622,56.1869,150.049
0.370768,78.6937,40.5917,119.285
0.371196,88.5991,48.5534,137.152
0.371624,78.0661,43.3331,121.399
0.372053,85.9218,52.3406,138.262
0.372482,75.1613,43.7281,118.889
0.372912,90.8338,49.3447,140.179
0.373342,80.3723,42.279,122.651
0.373772,94.4257,53.5002,147.926
0.374203,70.2056,39.9595,110.165
0.374634,84.5696,48.2058,132.775
0.375065,81.464,43.208,124.672
0.375497,90.9022,53.3267,144.229
0.375929,76.5593,44.9419,121.501
0.376362,96.6789,57.7783,154.457
0.376795,-58.5994,-68.7866,-127.386
0.377228,20.9298,-19.5957,1.33408
0.377662,222.471,162.932,385.403
0.378096,-43.0321,-58.1689,-101.201
0.378531,237.559,181.291,418.85
0.378966,-56.5233,-72.6534,-129.177
0.379402,238.834,176.402,415.236
0.379837,-45.3513,-68.8412,-114.192
0.380274,233.735,176.127,409.862
0.38071,-45.9693,-59.005,-104.974
0.381147,230.272,167.95,398.222
0.381585,2.17832,-19.2471,-17.0688
0.382022,126.835,85.4982,212.333
0.382461,27.3059,-5.23683,22.069
0.382899,222.61,165.462,388.072
0.383338,-54.4208,-62.8724,-117.293
0.383778,189.503,136.966,326.47
0.384217,88.8524,49.2785,138.131
0.384658,-29.2769,-40.5789,-69.8557
0.385098,200.165,140.436,340.601
0.385539,71.8336,31.5819,103.415
0.385981,93.486,57.5531,151.039
0.386422,110.616,61.3972,172.013
0.386865,69.2498,33.8654,103.115
0.387307,109.536,68.3993,177.935
0.38775,70.1633,29.6015,99.7648
0.388194,134.405,89.4534,223.858
0.388637,18.1238,-2.93811,15.1857
0.389082,179.036,131.563,310.599
0.389526,-36.5005,-54.7801,-91.2806
0.389971,212.968,156.903,369.871
0.390417,-31.2026,-50.4571,-81.6597
0.390863,212.337,161.39,373.727
0.391309,-48.3425,-62.0682,-110.411
0.391755,184.27,133.437,317.707
0.392203,107.288,62.0093,169.297
0.39265,-26.5898,-46.7581,-73.3478
0.393098,194.909,147.533,342.442
0.393546,4.60372,-21.5137,-16.91
0.393995,155.247,109.41,264.657
0.394444,-0.12423,-20.7322,-20.8564
0.394893,179.264,134.455,313.719
0.395343,35.3056,5.00101,40.3066
0.395794,113.078,73.9649,187.043
0.396244,85.2997,44.7926,130.092
0.396695,134.713,89.4652,224.179
0.397147,-34.0721,-49.8796,-83.9517
0.397599,196.484,147.366,343.851
0.398051,26.5666,-6.44712,20.1195
0.398504,184.63,134.871,319.501
0.398957,-52.513,-60.6186,-113.132
0.399411,197.654,147.117,344.771
0.399865,37.8469,2.46679,40.3137
0.400319,164.769,119.067,283.836
0.400774,-47.2692,-57.2767,-104.546
0.401229,199.479,143.152,342.63
0.401685,54.1039,17.4025,71.5063
0.402141,135.691,91.0612,226.752
0.402598,4.30083,-23.8493,-19.5485
0.403055,178.238,131.847,310.085
0.403512,-9.42751,-35.5226,-44.9501
0.40397,180.52,130.852,311.372
0.404428,66.0657,27.4059,93.4716
0.404886,125.602,84.2068,209.809
0.405345,-12.3125,-33.707,-46.0195
0.405805,179.325,133.659,312.983
0.406265,35.462,5.85026,41.3122
0.406725,156.99,110.17,267.16
0.407185,-44.639,-58.3814,-103.02
0.407646,209.878,155.539,365.417
0.408108,-47.5721,-59.5707,-107.143
0.40857,213.022,158.756,371.778
0.409032,-46.0315,-58.1871,-104.219
0.409495,218.282,160.534,378.816
0.409958,-20.4548,-43.548,-64.0028
0.410422,202.767,148.61,351.377
0.410886,-34.8835,-48.7471,-83.6307
0.41135,191.069,141.244,332.312
0.411815,8.2198,-18.8971,-10.6773
0.41228,159.499,116.214,275.714
0.412746,-18.0978,-39.5995,-57.6973
0.413212,179.202,135.293,314.495
0.413679,23.1677,-7.36242,15.8052
0.414146,159.32,116.06,275.38
0.414613,-27.2292,-46.2147,-73.444
0.415081,183.348,135.869,319.216
0.415549,40.074,13.9478,54.0218
0.416018,148.346,99.4988,247.844
0.416487,-3.97806,-32.5125,-36.4905
0.416957,180.277,129.038,309.315
0.417427,-3.53397,-23.2893,-26.8233
0.417897,172.69,123.219,295.909
0.418368,9.02582,-17.9746,-8.94876
0.418839,163.389,119.08,282.469
0.419311,5.21433,-18.1376,-12.9233
0.419783,168.527,123.244,291.771
0.420255,10.8177,-11.7438,-0.926091
0.420728,161.99,115.475,277.465
0.421202,17.6472,-8.33955,9.30768
0.421675,153.47,107.628,261.098
0.42215,27.8223,1.30473,29.1271
0.422624,153.751,99.7982,253.549
0.4231,39.745,8.35424,48.0993
0.423575,134.789,91.5109,226.3
0.424051,49.3844,15.4001,64.7845
0.424527,126.997,81.4805,208.478
0.425004,56.3235,21.0341,77.3577
0.425482,124.368,78.8297,203.197
0.425959,59.4906,22.0224,81.513
0.426437,113.9,73.4677,187.367
0.426916,72.7512,33.6341,106.385
0.427395,108.294,68.6397,176.933
0.427874,72.9886,35.8764,108.865
0.428354,101.376,60.0663,161.442
0.428835,86.0744,46.7011,132.775
0.429315,85.472,49.1583,134.63
0.429797,92.8472,55.1219,147.969
0.430278,90.5956,53.5211,144.117
0.43076,79.1165,39.5638,118.68
0.431243,111.67,72.2814,183.951
0.431726,56.5239,25.2882,81.8121
0.432209,127.212,87.0811,214.293
0.432693,35.0843,6.8622,41.9465
0.433177,159.659,113.964,273.622
0.433662,-5.22498,-29.0302,-34.2551
0.434147,186.877,141.938,328.815
0.434633,116.878,75.9775,192.856
0.435119,140.914,88.3665,229.281
0.435605,37.2122,2.44402,39.6562
0.436092,192.053,134.946,326.999
0.436579,9.56817,-22.732,-13.1639
0.437067,161.128,108.247,269.376
0.437556,23.1932,-6.32415,16.8691
0.438044,148.397,101.271,249.668
0.438533,27.3092,-1.6713,25.6379
0.439023,145.653,95.1697,240.822
0.439513,34.1945,4.67352,38.868
0.440003,142.862,97.2954,240.158
0.440494,41.7854,3.99059,45.776
0.440986,137.607,92.756,230.363
0.441477,38.4452,9.02513,47.4703
0.44197,147.316,95.1881,242.504
0.442462,43.9581,7.63003,51.5881
0.442956,131.738,89.1897,220.928
0.443449,49.1751,13.904,63.0792
0.443943,134.383,88.4269,222.81
0.444438,44.6733,12.0951,56.7684
0.444933,128.522,83.1047,211.627
0.445428,52.5075,14.7459,67.2535
0.445924,124.08,84.9901,209.071
0.44642,55.6261,24.9088,80.5349
0.446917,121.148,77.7116,198.859
0.447414,53.7308,16.4158,70.1465
0.447912,137.347,90.6561,228.003
0.44841,51.6445,19.3106,70.9551
0.448908,132.64,85.578,218.218
0.449407,57.1992,19.2593,76.4585
0.449907,126.91,84.1274,211.038
0.450407,55.9053,16.7957,72.701
0.450907,128.233,87.9379,216.171
0.451408,58.9093,20.8892,79.7985
0.451909,120.579,79.8123,200.391
0.452411,54.6934,19.9845,74.6779
0.452913,130.486,84.4126,214.898
0.453416,45.6362,16.5934,62.2296
0.453919,131.345,90.1827,221.528
0.454423,52.6373,19.6748,72.3121
0.454927,126.262,84.5397,210.802
0.455431,57.3248,24.2792,81.604
0.455936,127.221,81.9092,209.13
0.456441,65.0456,26.665,91.7105
0.456947,115.668,72.4641,188.132
0.457454,57.9527,27.7681,85.7209
0.45796,130.41,84.599,215.009
0.458468,54.0272,21.7935,75.8207
0.458975,125.365,82.7704,208.135
0.459483,64.2157,21.9092,86.1248
0.459992,132.555,83.8032,216.358
0.460501,60.4002,22.7684,83.1687
0.461011,122.133,79.7728,201.906
0.461521,61.4821,26.5763,88.0584
0.462031,130.414,84.9966,215.41
0.462542,57.5535,24.1893,81.7428
0.463053,119.526,76.7366,196.263
0.463565,63.2747,22.3608,85.6356
0.464078,123.995,80.026,204.021
0.46459,63.0928,27.0015,90.0942
0.465104,115.457,76.4806,191.938
0.465617,68.3672,29.4409,97.8081
0.466132,124.211,82.4203,206.632
0.466646,59.4165,24.7801,84.1966
0.467161,121.22,81.1887,202.409
0.467677,63.9156,27.307,91.2226
0.468193,125.316,78.7185,204.034
0.46871,59.2567,21.8497,81.1064
0.469227,123.654,78.7043,202.358
0.469744,62.5712,30.118,92.6892
0.470262,120.789,80.1681,200.957
0.470781,65.1549,28.2739,93.4288
0.471299,116.335,73.0313,189.367
0.471819,64.8348,29.2716,94.1065
0.472339,120.869,76.373,197.242
0.472859,65.3289,26.3814,91.7103
0.47338,119.089,77.3509,196.44
0.473901,65.7259,28.5119,94.2379
0.474423,114.396,76.8261,191.223
0.474945,65.0417,27.8751,92.9168
0.475468,120.284,80.7807,201.065
0.475991,68.2053,26.7122,94.9176
0.476514,113.172,68.6188,181.791
0.477038,64.9392,30.1822,95.1214
0.477563,119.33,79.8456,199.176
0.478088,63.6319,29.7542,93.3861
0.478614,119.922,78.6089,198.531
0.47914,60.5738,27.9919,88.5656
0.479666,121.91,76.1242,198.034
0.480193,60.5737,31.4585,92.0322
0.480721,118.278,71.886,190.164
0.481248,66.1935,33.817,100.011
0.481777,118.432,75.6408,194.073
0.482306,-34.6976,-57.278,-91.9756
0.482835,190.29,136.99,327.28
0.483365,-51.496,-67.9072,-119.403
0.483895,224.509,166.184,390.693
0.484426,-45.9866,-69.3496,-115.336
0.484957,229.848,169.859,399.707
0.485489,-46.5484,-68.3116,-114.86
0.486021,228.772,167.495,396.266
0.486554,-44.2289,-64.2683,-108.497
0.487087,227.391,165.494,392.885
0.487621,-47.4439,-69.7143,-117.158
0.488155,221.119,162.377,383.496
0.48869,-49.5284,-69.5111,-119.039
0.489225,227.398,165.803,393.202
0.489761,-50.534,-71.1641,-121.698
0.490297,227.729,169.354,397.084
0.490834,-55.3034,-67.5457,-122.849
0.491371,227.631,164.495,392.126
0.491908,-54.7128,-69.3815,-124.094
0.492447,231.296,167.394,398.689
0.492985,-54.1977,-71.7652,-125.963
0.493524,237.226,167.834,405.061
0.494064,-56.7021,-70.3894,-127.091
0.494604,233.193,168.309,401.502
0.495144,-63.3401,-69.9791,-133.319
0.495685,236.597,168.907,405.504
0.496227,-59.2677,-69.2909,-128.559
0.496769,235.863,169.436,405.299
0.497311,-57.2767,-70.8745,-128.151
0.497854,239.413,166.654,406.067
0.498398,-59.1604,-66.8496,-126.01
0.498942,237.911,171.129,409.039
0.499486,-58.6804,-70.1442,-128.825
0.500031,235.04,170.503,405.543
0.500577,-62.9216,-70.007,-132.929
0.501123,241.947,167.626,409.573
0.501669,-64.0955,-71.4271,-135.523
0.502216,243.458,169.515,412.973
0.502764,-61.7272,-69.8971,-131.624
0.503312,240.285,171.068,411.353
0.50386,-60.5578,-69.0016,-129.559
0.504409,246.358,172.804,419.163
0.504959,-60.8156,-68.9401,-129.756
0.505509,240.03,168.845,408.876
0.506059,-63.8565,-72.6581,-136.515
0.50661,242.762,169.842,412.604
0.507162,-55.6287,-68.0929,-123.722
0.507714,240.515,171.36,411.875
0.508266,-57.6902,-68.2668,-125.957
0.508819,237.106,171.642,408.748
0.509372,-58.5159,-68.7179,-127.234
0.509926,238.254,167.2,405.454
0.510481,-54.8494,-70.2553,-125.105
0.511036,124.258,88.3863,212.644
0.511591,23.5325,-8.30332,15.2292
0.512147,209.439,145.29,354.729
0.512704,-23.6044,-43.6981,-67.3025
0.513261,233.107,168.849,401.955
0.513818,-40.9812,-61.3835,-102.365
0.514376,230.473,166.738,397.211
0.514935,-37.8036,-61.3564,-99.16
0.515494,230.795,163.558,394.353
0.516053,-46.5837,-61.3597,-107.943
0.516614,225.53,164.513,390.043
0.517174,-37.3689,-58.4534,-95.8223
0.517735,225.112,164.781,389.893
0.518297,-35.0072,-59.8422,-94.8494
0.518859,221.293,161.365,382.658
0.519421,-31.776,-55.9279,-87.7039
0.519985,225.319,160.272,385.591
0.520548,-35.9945,-53.386,-89.3805
0.521112,216.169,154.911,371.08
0.521677,-30.8788,-51.0637,-81.9425
0.522242,220.663,155.798,376.461
0.522808,-25.0466,-45.0861,-70.1327
0.523374,207.952,155.956,363.908
0.523941,-30.3164,-46.5879,-76.9043
0.524508,212.502,151.206,363.708
0.525076,-25.4044,-47.4248,-72.8292
0.525644,205.165,146.121,351.286
0.526213,-16.3185,-42.7838,-59.1023
0.526782,211.924,151.317,363.242
0.527352,-8.91908,-34.6199,-43.539
0.527922,197.609,138.358,335.966
0.528493,-14.0888,-40.9708,-55.0596
0.529064,196.848,141.496,338.344
0.529636,0.968303,-30.3557,-29.3874
0.530208,192.716,137.68,330.396
0.530781,-1.48545,-28.2975,-29.783
0.531355,180.307,133.854,314.161
0.531929,4.68803,-26.8083,-22.1203
0.532503,181.236,133.581,314.816
0.533078,0.569438,-26.1384,-25.5689
0.533654,181.612,129.817,311.429
0.53423,2.78876,-23.264,-20.4753
0.534806,184.412,128.596,313.007
0.535384,1.76157,-23.6824,-21.9208
0.535961,185.334,129.556,314.89
0.536539,13.9309,-16.9685,-3.03757
0.537118,177.658,126.132,303.79
0.537697,7.96071,-17.3811,-9.42034
0.538277,182.127,125.018,307.146
0.538857,2.14093,-24.0675,-21.9266
0.539438,184.853,132.028,316.881
0.540019,9.99078,-18.8853,-8.89453
0.540601,180.527,123.271,303.799
0.541183,8.10748,-17.3855,-9.27803
0.541766,180.072,124.642,304.715
0.54235,12.0677,-18.2892,-6.22147
0.542934,178.745,126.637,305.382
0.543518,23.6822,-8.83115,14.8511
0.544103,164.506,114.079,278.585
0.544689,25.4376,-6.21499,19.2226
0.545275,170.296,119.016,289.312
0.545861,10.5539,-15.2354,-4.68145
0.546449,173.751,122.255,296.006
0.547036,28.5596,-6.06185,22.4978
0.547624,158.896,110.219,269.115
0.548213,22.5685,-1.36398,21.2046
0.548803,164.711,116.821,281.532
0.549392,16.5612,-12.5687,3.99251
0.549983,174.114,125.157,299.271
0.550574,18.0769,-14.5423,3.53453
0.551165,166.681,118.151,284.832
0.551757,17.7816,-6.95665,10.825
0.552349,168.036,116.277,284.313
0.552943,17.4607,-11.621,5.83966
0.553536,166.655,115.086,281.742
0.55413,33.3344,1.28028,34.6146
0.554725,147.032,102.522,249.554
0.55532,37.073,2.943,40.016
0.555916,147.015,104.614,251.629
0.556512,52.4432,15.9541,68.3973
0.557109,137.298,95.1038,232.402
0.557706,51.3585,17.1301,68.4886
0.558304,145.009,102.893,247.903
0.558903,27.2819,-3.19283,24.089
0.559502,157.057,111.59,268.646
0.560101,39.0623,9.24567,48.308
0.560701,148.043,101.635,249.678
0.561302,37.068,2.65094,39.719
0.561903,149.765,107.694,257.458
0.562505,29.3279,-2.0324,27.2955
0.563107,152.817,107.871,260.689
0.56371,43.4888,10.7421,54.2309
0.564313,142.215,99.6555,241.871
0.564917,27.1942,0.0862616,27.2805
0.565522,155.312,107.249,262.561
0.566127,32.946,5.51472,38.4607
0.566732,119.121,78.1059,197.227
0.567338,36.7948,9.70799,46.5027
0.567945,148.075,101.468,249.543
0.568552,67.1693,32.6743,99.8436
0.56916,114.976,69.9825,184.959
0.569768,88.6665,50.3053,138.972
0.570377,101.455,60.306,161.761
0.570987,87.7145,55.0677,142.782
0.571597,93.4105,56.7574,150.168
0.572207,90.0894,52.8099,142.899
0.572818,96.7006,52.2096,148.91
0.57343,85.6786,51.6888,137.367
0.574042,98.0971,57.905,156.002
0.574655,87.7434,51.6672,139.411
0.575268,95.6052,52.5709,148.176
0.575882,90.5151,52.1042,142.619
0.576497,96.4174,55.6507,152.068
0.577112,91.7583,57.0048,148.763
0.577727,96.669,56.5594,153.228
0.578343,89.8279,54.1439,143.972
0.57896,105.859,61.4881,167.347
0.579577,89.9252,47.3497,137.275
0.580195,98.6119,59.2127,157.825
0.580813,83.4975,46.6472,130.145
0.581432,104.47,58.0847,162.554
0.582052,82.5703,46.6427,129.213
0.582672,91.5707,52.4815,144.052
0.583292,90.0831,53.2941,143.377
0.583914,101.888,57.7022,159.59
0.584535,84.3884,47.7187,132.107
0.585158,105.624,61.1823,166.806
0.585781,81.5203,44.4179,125.938
0.586404,100.523,61.0048,161.528
0.587028,88.704,50.749,139.453
0.587653,91.1515,53.7448,144.896
0.588278,99.0357,56.4883,155.524
0.588903,90.1603,51.33,141.49
0.58953,99.1667,58.9989,158.166
0.590157,90.6983,50.1399,140.838
0.590784,92.5618,55.2538,147.816
0.591412,92.2223,52.9632,145.186
0.592041,89.6268,55.2409,144.868
0.59267,100.875,60.003,160.878
0.593299,90.3717,53.9871,144.359
0.59393,94.2685,56.5524,150.821
0.59456,94.9315,54.1433,149.075
0.595192,92.4663,55.0345,147.501
0.595824,92.9355,58.8195,151.755
0.596456,51.0922,20.8868,71.979
0.59709,96.7999,61.7912,158.591
0.597723,88.7016,52.2133,140.915
0.598358,96.8695,55.0782,151.948
0.598992,91.7649,53.7449,145.51
0.599628,88.0537,51.3443,139.398
0.600264,95.3317,52.5664,147.898
0.600901,81.2163,47.0276,128.244
0.601538,-60.7997,-72.517,-133.317
0.602175,246.059,192.495,438.554
0.602814,-62.1554,-78.5457,-140.701
0.603453,255.636,192.48,448.116
0.604092,-69.3902,-88.1244,-157.515
0.604732,255.507,192.106,447.613
0.605373,-71.8977,-82.4848,-154.382
0.606014,249.486,188.806,438.292
0.606656,-71.709,-85.3836,-157.093
0.607298,248.483,190.48,438.963
0.607941,-82.104,-86.0037,-168.108
0.608585,256.756,191.501,448.257
0.609229,-76.2114,-86.2572,-162.469
0.609874,254.643,189.394,444.037
0.610519,-77.829,-86.7471,-164.576
0.611165,256.793,192.529,449.322
0.611812,-81.3226,-87.1268,-168.449
0.612459,256.626,185.799,442.424
0.613107,-77.5203,-85.2072,-162.727
0.613755,253.607,186.777,440.384
0.614404,-84.0009,-83.7339,-167.735
0.615053,253.397,185.764,439.161
0.615703,-80.804,-86.8533,-167.657
0.616354,254.411,190.124,444.535
0.617005,-83.0439,-85.2551,-168.299
0.617657,257.124,187.872,444.995
0.618309,-84.3609,-85.729,-170.09
0.618962,257.129,184.218,441.347
0.619616,-83.5502,-86.5489,-170.099
0.62027,259.593,186.128,445.722
0.620925,-84.503,-86.7826,-171.286
0.62158,251.134,186.278,437.412
0.622236,-85.071,-85.0531,-170.124
0.622893,256.586,187.532,444.119
0.62355,-87.3404,-85.1588,-172.499
0.624208,255.05,185.63,440.681
0.624866,-86.3174,-85.2693,-171.587
0.625525,253.403,183.65,437.054
0.626185,-86.0747,-84.5513,-170.626
0.626845,252.963,184.529,437.493
0.627506,-81.9085,-84.4836,-166.392
0.628167,254.502,184.709,439.211
0.628829,-87.7131,-84.387,-172.1
0.629492,254.432,185.386,439.818
0.630155,-86.5674,-85.4887,-172.056
0.630819,256.848,184.362,441.211
0.631483,-85.2624,-84.1472,-169.41
0.632148,258.267,185.05,443.317
0.632813,-84.9087,-85.6345,-170.543
0.63348,253.781,185.102,438.883
0.634146,-89.3199,-84.0482,-173.368
0.634814,253.066,185.44,438.506
0.635482,-87.3922,-84.0227,-171.415
0.636151,252.404,180.706,433.109
0.63682,-85.6508,-85.9463,-171.597
0.63749,254.928,184.887,439.815
0.63816,-90.4471,-86.4531,-176.9
0.638831,253.514,186.48,439.994
0.639503,-89.7578,-86.4877,-176.245
0.640175,257.583,186.408,443.991
0.640848,-83.992,-83.6459,-167.638
0.641521,251.946,186.061,438.007
0.642196,-87.3048,-85.3588,-172.664
0.64287,250.949,182.451,433.4
0.643546,-87.5655,-85.5425,-173.108
0.644222,250.144,181.907,432.051
0.644898,-88.4266,-85.0481,-173.475
0.645575,251.316,184.034,435.35
0.646253,-90.288,-86.496,-176.784
0.646931,253.46,182.478,435.938
0.647611,-90.5356,-84.8359,-175.372
0.64829,255.446,184.733,440.178
0.64897,-89.9583,-83.3348,-173.293
0.649651,256.079,184.344,440.423
0.650333,-90.8366,-85.8519,-176.689
0.651015,251.896,180.684,432.58
0.651698,-88.4199,-85.7339,-174.154
0.652381,255.622,185.365,440.987
0.653065,-92.4678,-86.6456,-179.113
0.65375,250.492,181.395,431.887
0.654435,-89.4919,-85.0131,-174.505
0.655121,252.468,183.669,436.137
0.655807,-91.5417,-85.0707,-176.612
0.656494,247.708,185.214,432.922
0.657182,-88.4139,-85.5622,-173.976
0.65787,250.135,182.896,433.031
0.658559,-82.6524,-82.6765,-165.329
0.659249,249.58,185.45,435.03
0.659939,-82.8434,-81.2838,-164.127
0.66063,245.053,185.989,431.042
0.661321,-83.3794,-84.2706,-167.65
0.662014,249.757,182.817,432.574
0.662706,-82.837,-80.5488,-163.386
0.6634,248.797,183.256,432.053
0.664094,-79.1971,-83.7146,-162.912
0.664788,246.493,179.473,425.966
0.665484,-81.4915,-81.8336,-163.325
0.666179,240.565,192.349,432.914
0.666876,232.374,164.144,396.518
0.667573,107.207,63.0353,170.243
0.668271,173.143,122.353,295.497
0.668969,-69.5519,-80.1713,-149.723
0.669668,249.953,187.949,437.902
0.670368,-48.5948,-63.3708,-111.966
0.671068,231.418,171.922,403.34
0.671769,-46.1005,-57.718,-103.818
0.672471,234.565,174.933,409.498
0.673173,-47.2078,-60.762,-107.97
0.673876,234.58,174.534,409.114
0.67458,-59.7031,-70.6354,-130.338
0.675284,237.259,172.821,410.08
0.675989,-56.2408,-70.1337,-126.375
0.676694,234.533,177.857,412.39
0.6774,-65.281,-71.7608,-137.042
0.678107,233.601,175.082,408.683
0.678814,-55.1162,-67.8444,-122.961
0.679522,229.979,172.487,402.466
0.680231,-59.2444,-67.4585,-126.703
0.68094,231.81,174.148,405.958
0.68165,-63.0053,-70.0112,-133.017
0.682361,222.102,163.534,385.637
0.683072,-18.1277,-31.861,-49.9886
0.683784,209.217,158.735,367.952
0.684496,-50.7651,-64.2516,-115.017
0.68521,214.438,161.033,375.472
0.685923,-23.4697,-42.3874,-65.8571
0.686638,219.329,157.521,376.851
0.687353,-46.0251,-57.8533,-103.878
0.688069,208.34,159.925,368.266
0.688785,-19.4284,-34.2172,-53.6455
0.689502,196.086,143.283,339.369
0.69022,-24.3139,-38.8423,-63.1562
0.690938,198.151,142.388,340.539
0.691657,-0.180103,-22.7148,-22.8949
0.692377,136.054,94.3108,230.365
0.693098,70.4488,45.8733,116.322
0.693819,58.0889,21.781,79.8699
0.69454,50.1979,22.0443,72.2422
0.695262,141.436,96.2348,237.671
0.695985,47.9175,21.7944,69.7119
0.696709,123.965,79.6973,203.663
0.697433,57.2987,26.6741,83.9728
0.698158,115.198,72.707,187.905
0.698884,61.7958,32.613,94.4088
0.69961,106.562,66.574,173.136
0.700337,65.175,35.6413,100.816
0.701065,104.998,66.3515,171.349
0.701793,70.1087,35.8174,105.926
0.702522,95.781,62.2758,158.057
0.703251,85.2007,51.6711,136.872
0.703982,84.4383,47.7772,132.215
0.704712,90.1487,56.5574,146.706
0.705444,78.6452,42.2296,120.875
0.706176,105.053,66.3606,171.413
0.706909,81.6597,47.3985,129.058
0.707643,89.6953,55.6857,145.381
0.708377,86.1126,53.95,140.063
0.709112,89.436,51.0242,140.46
0.709847,94.6082,59.9683,154.576
0.710584,79.955,47.4316,127.387
0.71132,90.0971,56.3272,146.424
0.712058,86.4233,52.7444,139.168
0.712796,84.529,50.5072,135.036
0.713535,95.3802,57.5893,152.969
0.714275,79.5696,52.723,132.293
0.715015,88.332,53.2717,141.604
0.715756,85.9298,53.6044,139.534
0.716498,81.7054,46.8843,128.59
0.71724,83.0979,50.9458,134.044
0.717983,88.6413,56.685,145.326
0.718726,77.4292,42.5434,119.973
0.719471,95.2901,59.6256,154.916
0.720216,78.7611,46.6248,125.386
0.720961,91.4808,56.9145,148.395
0.721708,79.8298,47.4171,127.247
0.722455,98.3705,63.1165,161.487
0.723202,76.7196,42.0564,118.776
0.723951,106.446,66.9173,173.363
0.7247,64.0661,39.7823,103.848
0.725449,104.524,68.4388,172.963
0.7262,75.8924,43.606,119.498
0.726951,91.1402,56.4884,147.629
0.727703,82.2072,51.4831,133.69
0.728455,95.8508,61.1565,157.007
0.729208,74.64,43.2902,117.93
0.729962,98.6361,62.973,161.609
0.730717,76.8249,48.8933,125.718
0.731472,97.6895,62.0054,159.695
0.732228,-75.314,-94.7616,-170.076
0.732984,79.3262,57.8912,137.217
0.733742,-58.1744,-69.845,-128.019
0.7345,255.966,191.616,447.582
0.735258,-57.6642,-67.4746,-125.139
0.736017,236.348,183.37,419.719
0.736777,-72.4109,-87.0849,-159.496
0.737538,252.612,188.666,441.279
0.7383,-64.7697,-78.2325,-143.002
0.739062,232.801,174.958,407.759
0.739824,-76.7526,-83.9093,-160.662
0.740588,255.353,189.08,444.433
0.741352,-65.2521,-78.7961,-144.048
0.742117,219.739,167.95,387.689
0.742883,-80.1327,-85.1509,-165.284
0.743649,254.68,192.811,447.491
0.744416,-64.4994,-71.9987,-136.498
0.745183,197.658,149.094,346.752
0.745952,269.083,220.802,489.885
0.746721,228.826,169.491,398.317
0.747491,-21.4759,-35.3766,-56.8525
0.748261,213.092,159.237,372.33
0.749032,-49.3114,-56.8252,-106.137
0.749804,230.8,174.441,405.241
0.750577,-65.3904,-73.1421,-138.532
0.75135,235.806,175.016,410.822
0.752124,-31.4156,-43.4475,-74.8631
0.752898,220.818,169.583,390.4
0.753674,-69.4164,-71.8069,-141.223
0.75445,217.764,164.548,382.312
0.755227,-0.28009,-16.6477,-16.9278
0.756004,180.82,135.953,316.773
0.756782,-18.2237,-37.4836,-55.7073
0.757561,195.299,149.338,344.637
0.758341,-36.6811,-48.296,-84.9771
0.759121,204.587,151.69,356.277
0.759902,8.0446,-11.6654,-3.62083
0.760684,154.635,114.425,269.06
0.761466,43.1028,12.1773,55.2801
0.762249,112.783,79.0625,191.845
0.763033,94.581,57.6826,152.264
0.763818,21.6937,3.19354,24.8873
0.764603,137.134,93.8247,230.959
0.765389,40.4679,18.0394,58.5073
0.766176,101.639,69.8574,171.497
0.766963,76.8206,45.3484,122.169
0.767751,109.513,72.8628,182.376
0.76854,81.8326,45.5974,127.43
0.76933,86.3715,51.8272,138.199
0.77012,94.0384,55.9892,150.028
0.770911,81.4852,47.7452,129.23
0.771703,79.7643,51.4424,131.207
0.772495,110.116,73.8354,183.951
0.773289,61.5261,32.8563,94.3823
0.774082,114.431,77.5847,192.016
0.774877,66.7583,35.1066,101.865
0.775672,103.569,67.8463,171.416
0.776469,69.1807,37.9523,107.133
0.777265,100.159,68.6732,168.832
0.778063,75.5925,41.715,117.308
0.778861,103.649,69.6746,173.324
0.77966,67.7819,39.8745,107.656
0.78046,109.945,71.2498,181.195
0.78126,60.603,31.152,91.755
0.782061,119.151,76.686,195.837
0.782863,47.5525,23.2251,70.7776
0.783666,143.278,101.265,244.543
0.784469,10.5918,-6.32984,4.26192
0.785273,178.603,130.39,308.992
0.786078,-82.2416,-87.8077,-170.049
0.786883,285.274,223.121,508.395
0.78769,-96.4991,-99.9957,-196.495
0.788497,281.311,217.537,498.848
0.789304,-93.326,-98.8315,-192.157
0.790113,279.338,216.274,495.612
0.790922,-98.9855,-96.3069,-195.292
0.791732,277.065,211.74,488.805
0.792543,-91.4451,-97.9837,-189.429
0.793354,269.982,209.899,479.881
0.794166,-93.1186,-92.9535,-186.072
0.794979,266.764,205.072,471.836
0.795793,-88.9745,-90.8115,-179.786
0.796607,262.632,204.185,466.816
0.797422,-86.6389,-91.2688,-177.908
0.798238,262.643,201.561,464.204
0.799055,-88.1293,-87.421,-175.55
0.799872,262.26,196.248,458.508
0.80069,-83.8574,-87.1267,-170.984
0.801509,253.061,196.04,449.101
0.802328,-83.5966,-83.9868,-167.583
0.803149,254.285,195.495,449.78
0.80397,-87.2623,-86.0604,-173.323
0.804791,251.848,197.166,449.014
0.805614,-85.923,-85.478,-171.401
0.806437,254.453,194.096,448.55
0.807261,-80.5636,-83.6509,-164.214
0.808086,253.837,190.91,444.747
0.808912,-82.6309,-82.2467,-164.878
0.809738,250.508,191.499,442.007
0.810565,-80.7586,-83.236,-163.995
0.811393,252.232,189.364,441.596
0.812221,-74.9178,-80.2005,-155.118
0.813051,250.266,190.353,440.619
0.813881,-85.755,-83.8206,-169.576
0.814711,250.114,190.203,440.317
0.815543,-79.5556,-79.846,-159.402
0.816375,252.394,186.842,439.236
0.817208,-79.0097,-81.5416,-160.551
0.818042,244.222,186.471,430.693
0.818877,-65.7028,-72.2853,-137.988
0.819712,240.812,185.751,426.563
0.820548,-80.2498,-80.0411,-160.291
0.821385,246.738,190.009,436.747
0.822223,-70.1409,-71.5176,-141.658
0.823061,242.001,180.805,422.806
0.8239,-83.7118,-82.8017,-166.514
0.82474,244.093,186.273,430.366
0.825581,-62.3116,-68.8523,-131.164
0.826422,243.367,180.76,424.127
0.827264,-81.3019,-81.6157,-162.918
0.828107,247.766,185.438,433.204
0.828951,-71.1341,-73.5139,-144.648
0.829796,241.317,183.863,425.18
0.830641,-75.5461,-78.159,-153.705
0.831487,244.456,184.042,428.498
0.832334,-69.4033,-72.9977,-142.401
0.833181,241.055,184.349,425.405
0.83403,-79.5584,-79.058,-158.616
0.834879,237.856,183.378,421.233
0.835729,-69.6204,-67.4827,-137.103
0.836579,236.045,179.287,415.332
0.837431,-73.6193,-77.3392,-150.958
0.838283,240.608,185.32,425.928
0.839136,-69.1942,-71.9844,-141.179
0.83999,239.332,181.773,421.104
0.840844,-63.6005,-71.4133,-135.014
0.8417,234.939,181.275,416.214
0.842556,-69.3994,-69.8206,-139.22
0.843413,235.684,183.003,418.687
0.84427,-69.8016,-70.7666,-140.568
0.845129,236.395,179.191,415.585
0.845988,-75.1464,-73.3017,-148.448
0.846848,234.559,182.205,416.764
0.847709,-65.2072,-69.4369,-134.644
0.84857,237.132,179.833,416.965
0.849432,-70.9221,-69.6327,-140.555
0.850296,234.665,178.564,413.229
0.85116,-66.057,-67.521,-133.578
0.852024,229.333,176.277,405.61
0.85289,-63.9261,-63.5412,-127.467
0.853756,230.892,178.723,409.615
0.854623,-70.6249,-67.3994,-138.024
0.855491,236.135,177.12,413.255
0.856359,-60.51,-65.4346,-125.945
0.857229,230.182,174.044,404.226
0.858099,-65.1469,-67.9463,-133.093
0.85897,229.818,176.435,406.253
0.859842,-67.1582,-62.372,-129.53
0.860714,160.395,113.311,273.706
0.861588,-64.455,-69.5696,-134.025
0.862462,278.866,212.642,491.507
0.863337,-114.662,-107.232,-221.894
0.864213,276.397,214.648,491.045
0.865089,-115.481,-104.099,-219.58
0.865967,278.932,213.846,492.779
0.866845,-116.238,-106.073,-222.311
0.867724,274.997,214.662,489.659
0.868604,-116.187,-106.191,-222.378
0.869484,278.432,215.268,493.7
0.870365,-114.638,-105.934,-220.572
0.871248,274.625,213.633,488.258
0.872131,-114.494,-104.185,-218.68
0.873014,273.901,213.173,487.074
0.873899,-112.439,-103.864,-216.302
0.874784,275.002,213.999,489.001
0.87567,-111.09,-107.478,-218.567
0.876557,271.169,211.785,482.954
0.877445,-111.454,-102.658,-214.111
0.878334,275.697,210.788,486.485
0.879223,-111.47,-102.342,-213.812
0.880113,270.516,209.767,480.283
0.881004,-107.535,-101.312,-208.847
0.881896,270.976,210.43,481.406
0.882789,-110.01,-98.1381,-208.148
0.883682,271.378,208.356,479.734
0.884576,-104.622,-96.3833,-201.006
0.885472,269.456,205.181,474.637
0.886367,-102.136,-98.6705,-200.806
0.887264,265.686,205.784,471.471
0.888162,-99.3291,-96.9711,-196.3
0.88906,265.191,207.222,472.413
0.889959,-101.357,-96.446,-197.803
0.890859,265.958,203.372,469.33
0.89176,-99.0811,-92.6318,-191.713
0.892661,263.726,203.414,467.14
0.893564,-100.746,-93.7793,-194.525
0.894467,264.905,202.043,466.948
0.895371,-100.381,-95.8919,-196.273
0.896276,262.269,204.6,466.87
0.897182,-94.4712,-89.1977,-183.669
0.898088,263.857,200.385,464.243
0.898996,-101.69,-91.0901,-192.78
0.899904,262.047,199.89,461.936
0.900813,-93.7123,-88.5809,-182.293
0.901723,256.538,199.508,456.046
0.902633,-96.7928,-91.0219,-187.815
0.903545,254.799,197.832,452.63
0.904457,-91.5002,-87.5971,-179.097
0.90537,260.054,198.962,459.016
0.906284,-92.5639,-87.4719,-180.036
0.907199,254.208,197.376,451.584
0.908115,-91.5484,-87.9671,-179.516
0.909031,255.932,198.113,454.045
0.909948,-83.9793,-82.605,-166.584
0.910867,253.77,194.901,448.671
0.911786,-94.5637,-84.0044,-178.568
0.912705,253.608,193.354,446.962
0.913626,-86.7576,-82.4224,-169.18
0.914547,253.075,193.121,446.196
0.91547,-90.6991,-85.2534,-175.953
0.916393,251.002,194.829,445.83
0.917317,-87.3813,-85.8591,-173.24
0.918242,250.833,192.628,443.46
0.919167,-81.8272,-80.0537,-161.881
0.920094,251.68,191.744,443.424
0.921021,-82.582,-80.228,-162.81
0.921949,247.904,189.405,437.309
0.922879,-73.9015,-74.8289,-148.73
0.923808,247.785,190.211,437.996
0.924739,-81.9911,-80.5271,-162.518
0.925671,246.089,189.536,435.625
0.926603,-77.0398,-78.7822,-155.822
0.927536,244.528,189.725,434.252
0.928471,-84.741,-79.4357,-164.177
0.929406,249.988,190.802,440.79
0.930341,-81.3382,-80.3703,-161.708
0.931278,253.83,189.834,443.664
0.932216,-85.9878,-78.2527,-164.24
0.933154,249.067,191.364,440.43
0.934093,-74.9904,-73.3421,-148.333
0.935033,246.064,187.099,433.163
0.935974,-81.3733,-75.8221,-157.195
0.936916,250.095,189.634,439.729
0.937859,-78.925,-78.1971,-157.122
0.938802,243.642,187.539,431.18
0.939747,-82.9493,-80.1339,-163.083
0.940692,247.214,187.115,434.329
0.941638,-75.6853,-72.1605,-147.846
0.942585,244.053,185.406,429.459
0.943533,-79.9951,-75.6257,-155.621
0.944481,240.788,186.189,426.978
0.945431,-78.9896,-72.3353,-151.325
0.946381,240.718,186.231,426.948
0.947332,-117.535,-108.324,-225.859
0.948285,263.198,208.478,471.676
0.949238,-114.729,-110.296,-225.025
0.950191,266.261,215.599,481.859
0.951146,-113.887,-109.523,-223.41
0.952102,272.426,216.045,488.471
0.953058,-115.877,-111,-226.877
0.954015,280.721,218.604,499.325
0.954974,-116.637,-110.157,-226.793
0.955933,278.9,218.045,496.945
0.956893,-116.336,-111.494,-227.83
0.957853,279.651,218.382,498.033
0.958815,-115.734,-111.226,-226.959
0.959778,280.821,219.874,500.695
0.960741,-122.864,-111.368,-234.232
0.961705,279.677,217.032,496.709
0.962671,-120.694,-110.985,-231.679
0.963637,277.479,218.367,495.846
0.964604,-116.13,-105.915,-222.045
0.965571,275.519,215.257,490.776
0.96654,-118.493,-105.428,-223.92
0.96751,274.791,215.816,490.607
0.96848,-116.717,-108.194,-224.911
0.969452,276.603,214.932,491.536
0.970424,-119.503,-107.036,-226.539
0.971397,278.711,217.001,495.712
0.972371,-113.677,-104.284,-217.961
0.973346,277.036,214.962,491.998
0.974322,-114.754,-107.291,-222.046
0.975298,273.872,214.405,488.277
0.976276,-113.622,-105.375,-218.997
0.977254,274.069,214.568,488.637
0.978234,-119.944,-107.61,-227.554
0.979214,277.188,213.716,490.904
0.980195,-117.111,-105.988,-223.1
0.981177,274.405,211.905,486.309
0.98216,-114.527,-104.326,-218.854
0.983143,275.943,214.351,490.294
0.984128,-118.342,-104.737,-223.079
0.985114,271.863,214.046,485.909
0.9861,-115.631,-104.731,-220.362
0.987088,276.035,215.069,491.104
0.988076,-116.974,-105.918,-222.892
0.989065,276.286,214.048,490.334
0.990055,-116.902,-103.786,-220.688
0.991046,273.603,214.389,487.992
0.992038,-118.63,-101.604,-220.234
0.993031,273.369,212.268,485.637
0.994024,-116.52,-103.243,-219.763
0.995019,271.314,211.15,482.465
0.996014,-114.346,-101.695,-216.041
0.997011,272.109,209.034,481.143
0.998008,-112.864,-102.487,-215.351
0.999006,270.853,208.886,479.74
1.00001,-110.835,-99.4387,-210.274
1.00101,271.268,206.696,477.964
1.00201,-111.696,-98.8374,-210.533
1.00301,268.886,211.427,480.313
1.00402,-110.788,-98.2864,-209.074
1.00502,268.081,207.955,476.036
1.00603,-112.645,-95.5743,-208.219
1.00704,269.189,208.757,477.946
1.00805,-111.689,-97.3266,-209.016
1.00906,269.871,210.962,480.834
1.01008,-109.837,-94.6435,-204.481
1.0111,269.326,206.404,475.73
1.01211,-108.115,-97.6406,-205.756
1.01313,267.551,209.156,476.707
1.01415,-110.309,-95.5652,-205.875
1.01518,264.57,206.655,471.224
1.0162,-108.081,-93.1051,-201.186
1.01723,266.657,204.559,471.216
1.01826,-104.471,-94.0844,-198.556
1.01929,264.918,202.274,467.192
1.02032,-108.984,-92.4753,-201.459
1.02135,266.252,204.257,470.509
1.02238,-104.907,-90.0926,-195
1.02342,259.315,204.144,463.459
1.02446,-106.309,-90.9598,-197.269
1.0255,261.99,202.918,464.908
1.02654,-102.657,-91.5558,-194.213
1.02758,262.585,199.584,462.168
1.02863,-100.882,-88.3524,-189.235
1.02968,266.814,199.616,466.43
1.03072,-104.467,-89.1389,-193.606
1.03177,259.342,199.776,459.118
1.03282,-103.247,-87.6785,-190.926
1.03388,260.3,198.042,458.342
1.03493,-98.734,-85.7232,-184.457
1.03599,256.696,199.573,456.27
1.03705,-17.4119,-22.4592,-39.8711
1.03811,56.9197,33.9673,90.887
1.03917,92.0352,67.8453,159.881
1.04023,77.9056,49.9084,127.814
1.0413,75.9092,56.7599,132.669
1.04237,107.219,74.3348,181.554
1.04344,41.487,27.4927,68.9797
1.04451,136.375,96.0178,232.392
1.04558,9.98043,0.987111,10.9675
1.04665,151.422,103.423,254.845
1.04773,40.546,24.7088,65.2548
1.04881,117.537,81.7489,199.286
1.04989,65.0286,43.6151,108.644
1.05097,98.6226,69.6206,168.243
1.05205,67.2036,45.3959,112.6
1.05313,98.1287,67.0605,165.189
1.05422,69.671,47.2156,116.887
1.05531,93.0963,62.846,155.942
1.0564,68.7267,47.5042,116.231
1.05749,90.4418,62.2793,152.721
1.05858,80.2067,51.9034,132.11
1.05968,95.4122,65.9138,161.326
1.06078,69.1271,46.3247,115.452
1.06187,93.3352,66.2982,159.633
1.06297,64.3291,43.4294,107.758
1.06408,93.0029,64.7387,157.742
1.06518,72.6107,53.0155,125.626
1.06629,81.894,57.5652,139.459
1.06739,79.2427,56.756,135.999
1.0685,77.8513,53.8934,131.745
1.06962,82.5232,58.2236,140.747
1.07073,77.1697,51.7732,128.943
1.07184,79.2123,57.1298,136.342
1.07296,82.3487,57.9174,140.266
1.07408,86.665,58.4327,145.098
1.0752,78.8012,55.3124,134.114
1.07632,84.2669,64.2604,148.527
1.07745,73.5416,50.3104,123.852
1.07857,83.7556,59.0607,142.816
1.0797,81.8759,58.7159,140.592
1.08083,78.7193,55.7282,134.448
1.08196,81.5048,57.2428,138.748
1.08309,85.1298,58.1544,143.284
1.08423,74.0207,53.6486,127.669
1.08536,89.2061,65.6937,154.9
1.0865,76.7744,53.4317,130.206
1.08764,81.6641,59.1341,140.798
1.08879,76.0906,52.4144,128.505
1.08993,90.5447,64.0549,154.6
1.09108,71.7241,51.3729,123.097
1.09223,85.5862,61.0729,146.659
1.09337,75.0529,51.5232,126.576
1.09453,88.1061,62.5141,150.62
1.09568,70.1146,49.3864,119.501
1.09684,83.8706,60.2267,144.097
1.09799,79.583,54.2899,133.873
1.09915,86.2424,62.2219,148.464
1.10031,79.2018,52.7749,131.977
1.10148,85.8604,62.5098,148.37
1.10264,83.2008,55.8873,139.088
1.10381,86.2282,62.8487,149.077
1.10498,81.841,58.5144,140.355
1.10615,84.4772,59.3017,143.779
1.10732,81.901,57.6485,139.549
1.10849,86.4946,61.5284,148.023
1.10967,79.2185,57.4792,136.698
1.11085,82.4662,63.0986,145.565
1.11203,69.6452,46.4096,116.055
1.11321,92.2032,68.3673,160.57
1.11439,73.0233,51.7997,124.823
1.11558,88.7433,64.6166,153.36
1.11677,70.3007,47.3415,117.642
1.11796,98.2485,72.138,170.387
1.11915,73.6346,48.7861,122.421
1.12034,91.7515,63.9639,155.715
1.12154,67.5959,48.0633,115.659
1.12274,102.234,73.0547,175.289
1.12394,68.4697,46.7192,115.189
1.12514,91.109,64.6066,155.716
1.12634,75.8797,53.4427,129.322
1.12755,92.0512,66.5154,158.567
1.12875,73.0777,48.8013,121.879
1.12996,88.8539,69.4048,158.259
1.13117,72.2809,48.48,120.761
1.13239,85.5819,64.9355,150.517
1.1336,66.896,47.8958,114.792
1.13482,98.3569,67.9297,166.287
1.13604,66.064,45.5778,111.642
1.13726,102.354,74.8228,177.176
1.13848,65.1937,45.8102,111.004
1.13971,95.772,72.1753,167.947
1.14093,67.692,44.3839,112.076
1.14216,96.2619,70.9604,167.222
1.14339,73.2117,53.4716,126.683
1.14463,89.7469,64.6286,154.376
1.14586,163.864,133.285,297.149
1.1471,-77.7008,-73.798,-151.499
1.14834,260.809,204.167,464.976
1.14958,-78.9904,-80.9608,-159.951
1.15082,247.185,198.125,445.31
1.15207,-86.0621,-81.9826,-168.045
1.15332,249.726,198.628,448.355
1.15456,-88.7321,-82.8682,-171.6
1.15582,247.47,197.249,444.719
1.15707,-94.4088,-83.1044,-177.513
1.15832,248.757,198.85,447.607
1.15958,-86.9034,-82.8096,-169.713
1.16084,251.718,197.552,449.27
1.1621,-91.6985,-84.9611,-176.66
1.16337,245.988,195.499,441.487
1.16463,-93.2393,-83.5942,-176.834
1.1659,251.275,197.202,448.477
1.16717,-96.7631,-85.7491,-182.512
1.16844,252.248,196.298,448.546
1.16971,-98.6746,-82.3515,-181.026
1.17099,252.58,197.433,450.014
1.17227,-96.7584,-83.0362,-179.795
1.17355,251.609,196.799,448.407
1.17483,-97.7683,-85.8711,-183.639
1.17611,248.87,197.687,446.557
1.1774,-96.1979,-84.1878,-180.386
1.17869,251.797,198.878,450.675
1.17998,-96.6834,-84.7687,-181.452
1.18127,249.353,198.397,447.75
1.18256,-95.1245,-83.0458,-178.17
1.18386,252.252,197.438,449.69
1.18516,-98.5013,-84.7444,-183.246
1.18646,249.653,196.86,446.513
1.18776,-96.6012,-82.3341,-178.935
1.18907,246.968,196.777,443.746
1.19038,-95.6309,-83.4738,-179.105
1.19169,248.792,196.592,445.384
1.193,-97.3226,-83.1359,-180.458
1.19431,249.779,198.352,448.131
1.19563,-92.8617,-81.7932,-174.655
1.19694,247.415,197.191,444.606
1.19826,-94.6389,-83.564,-178.203
1.19959,245.697,196.355,442.053
1.20091,-94.8812,-80.9257,-175.807
1.20224,245.706,194.404,440.11
1.20357,-96.6206,-81.0497,-177.67
1.2049,242.608,193.511,436.119
1.20623,-97.1315,-82.8681,-180
1.20756,247.385,194.056,441.441
1.2089,-93.0785,-79.8735,-172.952
1.21024,244.376,193.334,437.71
1.21158,-91.0587,-79.5668,-170.625
1.21293,244.111,195.233,439.344
1.21427,-93.7255,-80.2109,-173.936
1.21562,245.757,195.542,441.299
1.21697,-91.7337,-79.3872,-171.121
1.21832,245.561,195.481,441.042
1.21968,-93.2335,-78.6848,-171.918
1.22104,243.4,195.286,438.686
1.2224,-92.4477,-78.7512,-171.199
1.22376,244.343,196.107,440.451
1.22512,-94.1061,-78.2336,-172.34
1.22649,243.056,195.568,438.624
1.22785,-95.7837,-79.2913,-175.075
1.22922,243.661,194.24,437.902
1.2306,-95.6208,-80.8944,-176.515
1.23197,247.534,193.913,441.447
1.23335,-93.7015,-79.6337,-173.335
1.23473,244.614,192.768,437.383
1.23611,-90.6986,-78.4875,-169.186
1.23749,240.471,194.381,434.852
1.23888,-93.5518,-77.3541,-170.906
1.24027,241.532,193.71,435.242
1.24166,-94.617,-78.244,-172.861
1.24305,241.762,192.613,434.374
1.24445,-90.357,-76.241,-166.598
1.24584,242.876,192.168,435.044
1.24724,-91.6227,-76.2751,-167.898
1.24864,242.449,194.101,436.55
1.25005,-93.4301,-77.044,-170.474
1.25145,243.929,192.122,436.051
1.25286,-91.6897,-76.2364,-167.926
1.25427,242.797,189.988,432.785
1.25569,-92.9753,-74.8804,-167.856
1.2571,243.245,191.773,435.019
1.25852,-88.0962,-75.4434,-163.54
1.25994,240.225,192.282,432.507
1.26136,-89.0135,-74.2677,-163.281
1.26279,240.539,190.571,431.11
1.26421,-92.1996,-73.6913,-165.891
1.26564,240.578,190.548,431.127
1.26708,-90.8516,-74.0625,-164.914
1.26851,241.197,190.461,431.659
1.26995,-96.6176,-73.6722,-170.29
1.27138,239.583,191.113,430.695
1.27283,-14.1102,-11.4232,-25.5333
1.27427,219.641,169.393,389.033
1.27571,-90.8181,-73.6838,-164.502
1.27716,245.273,191.572,436.844
1.27861,-82.7979,-64.7795,-147.577
1.28007,242.089,190.311,432.4
1.28152,-87.6506,-69.7477,-157.398
1.28298,242.099,188.956,431.054
1.28444,-88.8566,-71.0169,-159.874
1.2859,241.28,187.953,429.232
1.28736,-85.004,-67.0458,-152.05
1.28883,240.08,188.149,428.228
1.2903,-85.7063,-66.456,-152.162
1.29177,232.689,184.486,417.175
1.29325,-86.2498,-65.0999,-151.35
1.29472,239.628,185.971,425.6
1.2962,-80.1658,-61.1749,-141.341
1.29768,232.387,182.088,414.475
1.29917,-82.3259,-62.5676,-144.894
1.30065,231.135,182.661,413.796
1.30214,-79.9064,-59.2393,-139.146
1.30363,230.865,182.974,413.838
1.30513,-79.9213,-59.621,-139.542
1.30662,230.809,181.08,411.889
1.30812,-79.8707,-59.3668,-139.238
1.30962,230.536,178.796,409.332
1.31112,-74.2646,-56.6781,-130.943
1.31263,220.752,171.522,392.274
1.31414,-58.2028,-41.8505,-100.053
1.31565,198.593,157.99,356.584
1.31716,-35.9396,-24.6828,-60.6224
1.31868,170.391,134.014,304.405
1.32019,4.58308,7.93216,12.5152
1.32171,123.286,94.788,218.074
1.32324,57.6527,45.0261,102.679
1.32476,84.8993,66.1049,151.004
1.32629,84.0739,67.313,151.387
1.32782,61.3064,46.2491,107.556
1.32935,94.9808,75.173,170.154
1.33089,58.9885,46.7899,105.778
1.33243,89.4418,70.1414,159.583
1.33397,73.6956,56.1202,129.816
1.33551,83.8965,68.7338,152.63
1.33705,65.6989,52.1572,117.856
1.3386,92.6693,71.2157,163.885
1.34015,65.5476,49.2064,114.754
1.34171,89.1239,70.5224,159.646
1.34326,66.9686,52.4244,119.393
1.34482,86.1184,69.0426,155.161
1.34638,53.5427,45.0228,98.5656
1.34794,92.3732,74.1005,166.474
1.34951,72.0136,54.9224,126.936
1.35107,84.5549,67.4323,151.987
1.35265,68.824,54.2166,123.041
1.35422,85.4422,70.167,155.609
1.35579,64.9479,51.8605,116.808
1.35737,86.6412,70.4037,157.045
1.35895,74.8104,58.3563,133.167
1.36054,74.4788,61.353,135.832
1.36212,81.3392,64.313,145.652
1.36371,71.7828,58.7414,130.524
1.3653,81.4005,64.814,146.214
1.3669,69.2938,58.4154,127.709
1.36849,76.97,61.8472,138.817
1.37009,84.9917,66.5453,151.537
1.37169,58.0708,44.6401,102.711
1.3733,97.5911,81.5462,179.137
1.3749,67.6174,55.4649,123.082
1.37651,71.6071,58.6169,130.224
1.37812,89.9383,72.2054,162.144
1.37974,67.1279,55.7984,122.926
1.38135,71.5976,59.2231,130.821
1.38297,82.8409,68.9237,151.765
1.3846,68.0085,53.0816,121.09
1.38622,83.2948,69.2401,152.535
1.38785,75.1779,60.0026,135.181
1.38948,68.4279,58.4514,126.879
1.39111,73.9845,59.8564,133.841
1.39275,80.385,68.2645,148.65
1.39439,59.9031,51.0532,110.956
1.39603,90.9542,73.402,164.356
1.39767,64.2655,50.6683,114.934
1.39932,85.6482,69.8705,155.519
1.40097,71.1755,55.8833,127.059
1.40262,82.9162,66.1735,149.09
1.40427,65.1774,55.8818,121.059
1.40593,78.4309,65.6489,144.08
1.40759,74.7113,60.0457,134.757
1.40925,83.564,69.7413,153.305
1.41092,68.8666,54.6216,123.488
1.41258,89.7621,73.3656,163.128
1.41425,53.8447,45.6734,99.5181
1.41593,89.5661,75.6726,165.239
1.4176,68.5034,56.5467,125.05
1.41928,79.5766,65.8163,145.393
1.42096,68.276,58.3567,126.633
1.42265,81.327,65.8376,147.165
1.42433,66.1592,55.4836,121.643
1.42602,93.8492,77.7256,171.575
1.42772,56.2927,45.3155,101.608
1.42941,86.6152,71.2043,157.82
1.43111,69.1603,58.3566,127.517
1.43281,80.0601,67.7848,147.845
1.43451,100.122,86.913,187.036
1.43622,74.7139,60.5484,135.262
1.43793,48.4631,40.6793,89.1425
1.43964,166.583,135.087,301.67
1.44135,-64.2841,-48.6644,-112.949
1.44307,220.089,175.909,395.997
1.44479,-59.2666,-45.6932,-104.96
1.44651,212.274,169.811,382.086
1.44824,-62.9708,-47.2636,-110.234
1.44997,208.399,171.224,379.623
1.4517,-60.5277,-45.6852,-106.213
1.45343,207.984,167.4,375.383
1.45517,-60.5344,-43.8906,-104.425
1.45691,205.167,166.377,371.544
1.45865,-59.5224,-44.9833,-104.506
1.4604,208.343,165.864,374.207
1.46214,-58.0666,-42.096,-100.163
1.4639,206.045,165.007,371.052
1.46565,-56.4543,-40.9295,-97.3838
1.46741,200.723,162.321,363.043
1.46917,-53.0166,-40.2898,-93.3064
1.47093,200.13,163.106,363.236
1.47269,-59.0289,-39.9243,-98.9533
1.47446,198.523,158.633,357.156
1.47623,-49.7431,-35.4503,-85.1935
1.47801,202.533,162.148,364.681
1.47978,-50.5871,-38.5037,-89.0908
1.48156,194.782,155.799,350.581
1.48335,-51.7505,-33.9366,-85.6871
1.48513,199.315,159.876,359.192
1.48692,-53.2582,-35.0988,-88.357
1.48871,197.352,160.584,357.936
1.4905,-51.7475,-34.5331,-86.2806
1.4923,197.389,159.736,357.125
1.4941,-49.815,-32.5101,-82.3251
1.4959,194.244,156.155,350.4
1.49771,-47.1752,-33.0454,-80.2205
1.49952,193.331,155.39,348.721
1.50133,-45.3945,-30.7853,-76.1797
1.50315,195.448,158.112,353.56
1.50496,-47.3077,-31.4383,-78.746
1.50678,189.973,150.962,340.934
1.50861,-35.5833,-25.0192,-60.6025
1.51043,189.335,152.37,341.705
1.51226,-40.6726,-25.0677,-65.7404
1.5141,189.954,154.149,344.103
1.51593,-43.6186,-27.4291,-71.0477
1.51777,188.365,153.303,341.668
1.51961,-41.352,-24.4367,-65.7886
1.52146,187.677,153.344,341.021
1.5233,-43.0857,-27.8085,-70.8942
1.52515,180.815,147.229,328.044
1.52701,-36.0306,-22.6244,-58.6551
1.52886,184.966,148.814,333.779
1.53072,-38.2925,-23.1376,-61.43
1.53258,186.614,150.238,336.851
1.53445,-39.9792,-25.2391,-65.2184
1.53632,183.75,149.959,333.709
1.53819,-39.5955,-24.5755,-64.171
1.54006,183.716,151.184,334.9
1.54194,-43.196,-25.0326,-68.2286
1.54382,184.491,152.1,336.591
1.54571,-40.2473,-23.3341,-63.5813
1.54759,178.943,147.11,326.053
1.54948,-36.4587,-22.1639,-58.6225
1.55138,185.52,150.449,335.97
1.55327,-38.5761,-20.7032,-59.2793
1.55517,179.358,147.691,327.049
1.55707,-37.3276,-19.8161,-57.1437
1.55898,178.515,146.843,325.358
1.56089,-36.6693,-19.1862,-55.8555
1.5628,180.306,147.895,328.201
1.56471,-37.9907,-18.8951,-56.8858
1.56663,181.251,149.506,330.756
1.56855,-40.3684,-20.3308,-60.6992
1.57048,179.358,148.831,328.19
1.5724,-36.6607,-17.7639,-54.4246
1.57433,174.265,141.26,315.525
1.57627,-31.1321,-14.2794,-45.4115
1.5782,171.739,141.612,313.351
1.58014,-26.4433,-10.5727,-37.016
1.58208,177.961,143.811,321.772
1.58403,-33.8139,-16.1298,-49.9438
1.58598,176.773,144.482,321.255
1.58793,-28.4434,-12.6937,-41.1371
1.58989,173.236,142.255,315.492
1.59185,-33.0759,-15.0502,-48.1261
1.59381,172.786,143.519,316.305
1.59577,-24.3102,-9.90779,-34.218
1.59774,176.773,142.471,319.244
1.59971,-32.3414,-15.315,-47.6564
1.60169,171.181,142.894,314.075
1.60366,-27.6118,-10.8763,-38.4881
1.60564,171.22,141.571,312.791
1.60763,-27.5106,-12.8465,-40.3571
1.60962,167.462,140.717,308.179
1.61161,-17.7962,-5.63693,-23.4331
1.6136,166.291,139.866,306.158
1.6156,-26.0084,-10.8811,-36.8895
1.6176,174.156,140.556,314.713
1.6196,-26.2921,-8.87756,-35.1697
1.62161,168.734,138.817,307.552
1.62362,-29.6111,-13.8949,-43.5061
1.62563,175.246,144.458,319.703
1.62765,-29.0051,-11.7948,-40.7999
1.62967,170.102,142.52,312.622
1.63169,-25.2341,-8.814,-34.0481
1.63372,164.989,136.732,301.721
1.63575,-24.4162,-8.28672,-32.7029
1.63778,172.79,142.634,315.424
1.63982,-24.9431,-9.40136,-34.3445
1.64186,168.016,140.407,308.424
1.6439,-26.5013,-6.92504,-33.4264
1.64595,167.156,138.887,306.044
1.648,-25.0325,-7.59095,-32.6234
1.65005,163.584,137.209,300.792
1.65211,-17.405,-3.28103,-20.686
1.65417,157.71,134.051,291.761
1.65623,-13.9625,2.15648,-11.806
1.65829,159.389,133.401,292.79
1.66036,-98.2902,-58.3727,-156.663
1.66244,248.694,207.378,456.072
1.66451,-95.7027,-64.371,-160.074
1.66659,242.555,205.66,448.216
1.66868,-100.274,-69.9262,-170.2
1.67076,244.242,204.705,448.947
1.67285,-102.165,-69.159,-171.324
1.67495,242.159,204.594,446.753
1.67704,-105.262,-71.1675,-176.429
1.67914,246.786,205.871,452.658
1.68125,-104.364,-71.8836,-176.248
1.68335,246.957,205.068,452.025
1.68547,-107.664,-70.1623,-177.826
1.68758,245.51,205.714,451.224
1.6897,-111.698,-73.1656,-184.863
1.69182,242.21,203.884,446.094
1.69394,-110.622,-72.8888,-183.511
1.69607,246.071,204.728,450.799
1.6982,-109.234,-70.59,-179.824
1.70033,244.856,203.764,448.62
1.70247,-109.378,-70.8078,-180.186
1.70461,245.692,204.316,450.008
1.70676,-110.514,-70.3825,-180.897
1.70891,245.307,204.651,449.959
1.71106,-107.532,-71.6211,-179.153
1.71322,246.149,206.135,452.284
1.71537,-108.682,-71.5113,-180.193
1.71754,244.976,203.967,448.943
1.7197,-111.272,-71.2076,-182.48
1.72187,246.266,204.072,450.338
1.72405,-110.123,-71.6655,-181.789
1.72622,244.729,203.056,447.784
1.7284,-109.388,-70.6376,-180.026
1.73059,245.692,204.57,450.263
1.73277,-110.282,-70.1106,-180.392
1.73496,246.388,204.468,450.856
1.73716,-109.809,-70.7878,-180.597
1.73936,243.684,202.652,446.336
1.74156,-110.112,-69.4393,-179.551
1.74376,247.272,204.618,451.889
1.74597,-110.33,-70.4703,-180.8
1.74818,246.533,204.855,451.388
1.7504,-109.701,-69.6268,-179.328
1.75262,246.547,203.762,450.31
1.75484,-109.265,-68.6154,-177.88
1.75707,246.01,203.816,449.827
1.7593,-112.405,-69.553,-181.958
1.76153,245,204.762,449.762
1.76377,-108.068,-68.6916,-176.76
1.76601,246.477,204.835,451.312
1.76826,-111.723,-69.0244,-180.748
1.7705,247.563,204.128,451.691
1.77276,-107.39,-67.0774,-174.468
1.77501,242.924,202.788,445.712
1.77727,-106.25,-66.2274,-172.478
1.77953,243.054,203.14,446.193
1.7818,-106.957,-66.113,-173.07
1.78407,242.77,204.912,447.682
1.78635,-108.622,-66.312,-174.934
1.78862,246.373,202.916,449.289
1.7909,-106.203,-64.0501,-170.253
1.79319,243.471,202.066,445.537
1.79548,-107.86,-65.5977,-173.458
1.79777,241.755,201.669,443.425
1.80007,-105.772,-63.5933,-169.366
1.80237,242.525,202.775,445.299
1.80467,-109.763,-64.4778,-174.241
1.80698,242.363,202.305,444.669
1.80929,-107.003,-63.6858,-170.689
1.81161,242.228,200.792,443.019
1.81392,-109.106,-64.1676,-173.273
1.81625,242.39,203.311,445.702
1.81857,-106.534,-62.2964,-168.83
1.8209,238.288,202.194,440.481
1.82324,-108.384,-62.9203,-171.305
1.82558,242.388,199.274,441.662
1.82792,-107.515,-61.8192,-169.334
1.83026,239.834,200.24,440.073
1.83261,-104.687,-62.7019,-167.389
1.83496,240.002,200.696,440.699
1.83732,-107.294,-61.4373,-168.731
1.83968,238.366,201.024,439.39
1.84205,-106.522,-63.3522,-169.875
1.84441,235.912,197.582,433.494
1.84679,-103.481,-61.1811,-164.662
1.84916,237.366,199.224,436.59
1.85154,-106.069,-60.9211,-166.991
1.85393,237.959,198.744,436.702
1.85631,-106.08,-61.0718,-167.152
1.85871,236.522,199.115,435.636
1.8611,-105.28,-59.1044,-164.384
1.8635,234.233,199.419,433.652
1.8659,-105.01,-59.4977,-164.508
1.86831,236.447,198.427,434.874
1.87072,-103.703,-58.6186,-162.322
1.87314,236.518,197.399,433.917
1.87556,-106.25,-58.0964,-164.346
1.87798,235.581,199.745,435.325
1.88041,-102.857,-57.9215,-160.779
1.88284,235.268,198.073,433.341
1.88527,-103.42,-57.0735,-160.493
1.88771,235.595,198.675,434.27
1.89015,-105.253,-57.4257,-162.678
1.8926,235.018,196.767,431.785
1.89505,-102.072,-56.1617,-158.233
1.8975,233.848,196.603,430.451
1.89996,-103.376,-56.5416,-159.918
1.90242,232.7,197.2,429.9
1.90489,-100.256,-55.6611,-155.917
1.90736,235.72,195.483,431.203
1.90984,-103.182,-56.1333,-159.315
1.91231,234.293,195.75,430.044
1.9148,-103.634,-56.0741,-159.708
1.91728,234.422,197.213,431.636
1.91977,-104.174,-55.3971,-159.571
1.92227,234.836,197.485,432.321
1.92477,-104.871,-54.6684,-159.54
1.92727,233.855,196.472,430.327
1.92978,-102.312,-55.2569,-157.569
1.93229,234.137,196.762,430.899
1.9348,-104.765,-53.8258,-158.591
1.93732,235.699,198.733,434.432
1.93984,-101.904,-52.0186,-153.923
1.94237,234.294,197.276,431.57
1.9449,-105.139,-53.1391,-158.278
1.94744,234.241,197.013,431.254
1.94998,-102.458,-53.8116,-156.27
1.95252,232.446,195.912,428.357
1.95507,-102.16,-52.4901,-154.65
1.95762,233.3,196.302,429.602
1.96018,-98.4242,-50.5256,-148.95
1.96274,232.473,197.3,429.773
1.9653,-97.6788,-51.8876,-149.566
1.96787,232.894,196.623,429.517
1.97044,-101.036,-52.3399,-153.376
1.97302,233.545,197.67,431.216
1.9756,-99.4961,-49.7571,-149.253
1.97819,230.588,196.847,427.435
1.98078,-55.6038,-15.6553,-71.2591
1.98337,206.853,170.373,377.226
1.98597,-42.164,-8.91766,-51.0817
1.98857,172.426,145.999,318.425
1.99118,-43.5218,-7.11127,-50.6331
1.99379,207.743,170.102,377.845
1.9964,-48.4254,-6.95498,-55.3803
1.99902,180.15,151.437,331.587
2.00165,-45.5544,-4.53686,-50.0913
2.00427,195.924,161.153,357.077
2.0069,-53.2424,-10.1517,-63.3941
2.00954,191.025,159.714,350.739
2.01218,-47.3086,-4.27561,-51.5842
2.01483,185.724,156.617,342.341
2.01748,-45.6305,-5.45557,-51.086
2.02013,181.696,151.678,333.374
2.02279,-47.4043,-5.14307,-52.5474
2.02545,189.189,157.988,347.177
2.02811,-47.5063,-4.78585,-52.2922
2.03079,184.748,154.324,339.071
2.03346,-51.8967,-5.35819,-57.2549
2.03614,183.208,152.721,335.929
2.03882,-38.556,3.52693,-35.029
2.04151,166.796,142.098,308.894
2.0442,-35.4953,3.12887,-32.3664
2.0469,173.1,144.817,317.917
2.0496,-45.3119,0.214292,-45.0976
2.05231,173.843,148.714,322.558
2.05502,-44.1472,0.0141808,-44.133
2.05773,174.513,148.348,322.862
2.06045,-34.6635,5.68035,-28.9832
2.06317,161.859,139.325,301.184
2.0659,-24.5889,14.4708,-10.1181
2.06863,156.367,134.838,291.205
2.07137,-6.87873,25.0471,18.1683
2.07411,112.246,105.479,217.725
2.07686,45.2772,59.3684,104.646
2.07961,66.031,72.002,138.033
2.08236,73.8818,79.5963,153.478
2.08512,51.4974,62.7268,114.224
2.08788,79.1214,82.9873,162.109
2.09065,52.0703,62.805,114.875
2.09342,77.0924,82.5924,159.685
2.0962,49.7803,64.2198,114
2.09898,80.4294,85.1159,165.545
2.10177,46.7118,61.5867,108.299
2.10456,85.1808,88.0377,173.219
2.10735,45.8949,61.8415,107.736
2.11015,78.1705,85.5325,163.703
2.11296,42.476,57.5014,99.9774
2.11576,89.764,94.097,183.861
2.11858,44.7449,59.1284,103.873
2.1214,86.1742,90.8798,177.054
2.12422,39.366,56.0519,95.4179
2.12704,94.7885,96.3081,191.097
2.12988,36.1192,53.356,89.4752
2.13271,92.9641,95.1064,188.07
2.13555,41.3853,57.198,98.5833
2.1384,87.8663,91.2638,179.13
2.14125,38.7871,56.9446,95.7317
2.1441,94.4522,95.7455,190.198
2.14696,35.5239,52.7767,88.3006
2.14983,90.6264,93.2361,183.863
2.15269,47.1659,60.3585,107.524
2.15557,81.6061,87.4506,169.057
2.15845,48.3372,63.9759,112.313
2.16133,85.5085,89.9676,175.476
2.16421,38.6602,56.954,95.6141
2.16711,95.4864,97.0113,192.498
2.17,31.8582,52.7584,84.6167
2.1729,92.782,96.4643,189.246
2.17581,38.7784,57.425,96.2034
2.17872,87.7498,92.2461,179.996
2.18164,49.1507,65.3769,114.528
2.18456,85.107,91.849,176.956
2.18748,39.8144,58.5101,98.3245
2.19041,89.2897,94.254,183.544
2.19335,39.6054,58.0262,97.6317
2.19628,97.1978,97.7991,194.997
2.19923,32.9869,55.2164,88.2033
2.20218,109.007,108.545,217.552
2.20513,15.8237,42.2389,58.0626
2.20809,121.333,114.896,236.229
2.21105,19.6523,44.7582,64.4104
2.21402,115.674,112.42,228.093
2.21699,20.7337,43.3596,64.0933
2.21997,107.051,106.631,213.682
2.22295,27.9316,49.1445,77.0761
2.22594,100.662,102.102,202.764
2.22893,35.5462,55.2956,90.8417
2.23193,102.956,104.679,207.635
2.23493,30.9628,50.0881,81.0509
2.23794,100.517,101.465,201.983
2.24095,36.9483,56.0413,92.9896
2.24397,96.4947,100.004,196.499
2.24699,36.7389,56.8013,93.5402
2.25001,94.4825,97.6192,192.102
2.25305,39.894,59.0748,98.9688
2.25608,98.7912,102.359,201.15
2.25912,31.1295,53.2214,84.351
2.26217,97.2169,102.999,200.216
2.26522,35.3874,54.2369,89.6243
2.26828,99.2579,103.427,202.685
2.27134,34.3505,55.4663,89.8168
2.2744,104.154,105.648,209.802
2.27747,27.6073,50.0143,77.6216
2.28055,107.969,110.892,218.86
2.28363,27.3536,48.7091,76.0627
2.28672,103.5,107.292,210.792
2.28981,35.3229,58.6429,93.9657
2.2929,92.0702,100.083,192.154
2.296,38.5472,60.1969,98.7441
2.29911,98.1783,101.426,199.604
2.30222,41.484,58.8727,100.357
2.30534,91.3844,96.5975,187.982
2.30846,46.6877,63.9731,110.661
2.31158,91.2106,98.5893,189.8
2.31472,42.8998,61.2124,104.112
2.31785,91.4432,98.4929,189.936
2.32099,42.305,60.6904,102.995
2.32414,96.4102,101.113,197.523
2.32729,36.1423,58.3735,94.5158
2.33045,98.6309,102.606,201.237
2.33361,37.8437,56.8712,94.7149
2.33678,96.0544,102.549,198.603
2.33995,39.5078,60.7937,100.302
2.34313,88.4665,96.603,185.069
2.34631,50.2388,66.8204,117.059
2.3495,88.151,96.1546,184.306
2.35269,41.918,61.7018,103.62
2.35589,98.6007,102.846,201.446
2.35909,30.0548,53.777,83.8318
2.3623,100.398,106.834,207.232
2.36552,42.7249,61.8892,104.614
2.36873,88.5283,98.2053,186.734
2.37196,37.6018,60.8182,98.42
2.37519,96.6167,103.579,200.195
2.37842,34.7426,59.6085,94.3511
2.38166,101.593,107.073,208.666
2.38491,32.2719,57.9601,90.2319
2.38816,98.6052,104.413,203.018
2.39141,41.7897,63.0193,104.809
2.39467,94.262,101.344,195.606
2.39794,40.8047,61.9143,102.719
2.40121,90.2562,99.6746,189.931
2.40449,50.7837,67.4182,118.202
2.40777,93.682,100.81,194.492
2.41106,36.1852,60.2188,96.404
2.41435,94.4966,102.397,196.893
2.41765,50.3723,67.3981,117.77
2.42095,84.4698,96.4302,180.9
2.42426,49.0898,68.2973,117.387
2.42758,94.8109,103.458,198.269
2.4309,33.6903,58.6282,92.3185
2.43422,95.3506,104.399,199.75
2.43755,46.9902,67.1618,114.152
2.44089,88.5652,98.8129,187.378
2.44423,49.059,68.9376,117.997
2.44758,82.0663,95.1196,177.186
2.45093,52.7606,72.3079,125.068
2.45429,80.1904,95.5812,175.772
2.45765,45.9969,69.3325,115.329
2.46102,82.7197,97.8286,180.548
2.46439,49.9553,69.9502,119.906
2.46777,83.6241,96.0643,179.688
2.47116,49.5743,71.5586,121.133
2.47455,83.654,97.1609,180.815
2.47795,2.02605,40.1421,42.1682
2.48135,198.06,182.632,380.692
2.48475,-67.6051,-20.2535,-87.8586
2.48817,195.175,182.325,377.501
2.49159,-66.9335,-17.4931,-84.4266
2.49501,197.597,184.176,381.773
2.49844,-68.5089,-18.9589,-87.4678
2.50187,200.267,184.854,385.121
2.50531,-69.6117,-17.5087,-87.1204
2.50876,196.421,183.52,379.94
2.51221,-72.2558,-18.3128,-90.5686
2.51567,199.585,184.644,384.229
2.51913,-73.9733,-18.948,-92.9213
2.5226,197.817,184.308,382.125
2.52608,-70.8769,-18.213,-89.0899
2.52956,197.647,184.372,382.018
2.53304,-76.0532,-18.0968,-94.15
2.53653,196.164,183.311,379.475
2.54003,-71.8392,-17.0699,-88.9091
2.54353,195.893,181.395,377.288
2.54704,-71.7932,-17.016,-88.8093
2.55055,196.169,182.844,379.013
2.55407,-72.9831,-16.8797,-89.8628
2.5576,196.473,180.671,377.145
2.56113,-72.9271,-15.5069,-88.4339
2.56467,197.157,182.189,379.346
2.56821,-73.3163,-14.6624,-87.9786
2.57176,195.028,180.615,375.644
2.57531,-75.3104,-14.4167,-89.727
2.57887,195.178,182.582,377.76
2.58244,-71.2598,-12.709,-83.9688
2.58601,195.98,180.088,376.068
2.58959,-72.7723,-12.4892,-85.2614
2.59317,193.941,179.801,373.743
2.59676,-72.5093,-11.113,-83.6223
2.60035,191.486,179.041,370.528
2.60395,-71.2466,-11.1348,-82.3813
2.60756,193.571,179.575,373.146
2.61117,-71.4366,-11.6441,-83.0807
2.61479,192.564,178.683,371.246
2.61841,-67.5393,-8.34385,-75.8831
2.62204,189.812,177.351,367.163
2.62568,-66.8435,-8.12167,-74.9652
2.62932,190.833,177.877,368.71
2.63297,-66.6857,-8.5487,-75.2344
2.63662,192.128,177.152,369.279
2.64028,-66.5776,-7.37403,-73.9516
2.64395,190.229,178.104,368.333
2.64762,-68.6026,-4.97113,-73.5737
2.6513,188.343,176.966,365.309
2.65498,-65.091,-4.09852,-69.1895
2.65867,188.165,176.216,364.381
2.66236,-63.7998,-2.97541,-66.7752
2.66607,183.932,175.645,359.577
2.66977,-65.7149,-3.61282,-69.3277
2.67349,186.134,174.334,360.468
2.67721,-63.5048,-3.22071,-66.7255
2.68093,183.787,174.182,357.97
2.68466,-63.3236,-1.35621,-64.6798
2.6884,186.035,173.544,359.579
2.69214,-60.5479,0.264222,-60.2837
2.69589,184.454,174.294,358.749
2.69965,-60.6716,0.472336,-60.1992
2.70341,182.454,173.19,355.644
2.70718,-60.312,0.34485,-59.9672
2.71095,185.026,173.597,358.623
2.71473,-62.7802,0.539642,-62.2406
2.71852,183.271,172.37,355.64
2.72231,-59.7781,3.09468,-56.6834
2.72611,183.502,171.866,355.369
2.72992,-58.7905,3.21937,-55.5712
2.73373,184.952,172.796,357.748
2.73755,-56.5144,5.37325,-51.1411
2.74137,182.279,171.424,353.703
2.7452,-58.2531,4.90571,-53.3474
2.74903,181.604,172.572,354.176
2.75288,-61.0962,4.43202,-56.6642
2.75673,182.007,171.041,353.048
2.76058,-56.6908,6.55686,-50.134
2.76444,179.555,171.298,350.852
2.76831,-57.6126,6.75947,-50.8531
2.77218,178.721,171.449,350.17
2.77606,-56.9049,7.18434,-49.7206
2.77995,178.575,169.61,348.186
2.78384,-57.2943,7.10715,-50.1872
2.78774,180.13,171.071,351.202
2.79164,-55.1733,9.36824,-45.805
2.79556,178.767,169.474,348.241
2.79947,-54.7788,11.0264,-43.7524
2.8034,176.664,169.658,346.322
2.80733,-52.8418,11.0302,-41.8116
2.81126,174.193,167.665,341.858
2.81521,-51.2095,13.0923,-38.1172
2.81916,177.264,167.968,345.232
2.82311,-53.5127,13.5794,-39.9334
2.82708,178.036,169.279,347.315
2.83105,-51.8928,11.0931,-40.7996
2.83502,176.779,168.378,345.157
2.839,-51.4802,12.1769,-39.3033
2.84299,173.879,167.687,341.565
2.84699,-50.2217,12.6756,-37.5461
2.85099,170.397,166.946,337.344
2.85499,-47.8895,15.8388,-32.0507
2.85901,170.858,168.012,338.87
2.86303,-49.1596,13.5913,-35.5683
2.86706,172.003,165.641,337.644
2.87109,-46.3061,17.9297,-28.3764
2.87513,170.09,164.765,334.855
2.87918,-49.1996,15.6166,-33.5829
2.88323,169.797,164.819,334.616
2.88729,-45.5069,17.973,-27.5338
2.89136,167.726,163.712,331.438
2.89543,-45.6537,17.99,-27.6636
2.89951,166.956,164.756,331.712
2.9036,-46.8272,19.3637,-27.4635
2.90769,167.108,163.382,330.49
2.91179,-43.1934,21.673,-21.5204
2.9159,167.478,162.983,330.461
2.92001,-42.5822,21.0224,-21.5598
2.92413,168.76,163.612,332.373
2.92826,-44.6746,20.4333,-24.2413
2.93239,165.943,163.25,329.193
2.93653,-42.5407,23.846,-18.6947
2.94068,164.566,161.39,325.956
2.94483,-41.3052,24.0142,-17.291
2.94899,162.378,160.692,323.069
2.95316,-41.3784,24.1087,-17.2697
2.95734,164.837,164.184,329.021
2.96152,-42.4287,23.2334,-19.1953
2.9657,163.745,161.138,324.884
2.9699,-37.4174,25.8348,-11.5826
2.9741,161.211,161.423,322.634
2.97831,-39.6635,26.6954,-12.9681
2.98252,164.045,163.763,327.808
2.98674,-40.1113,25.1451,-14.9662
2.99097,159.779,161.53,321.309
2.99521,-35.3996,28.9716,-6.42794
2.99945,159.108,159.412,318.52
3.0037,-36.1124,29.6483,-6.46406
3.00795,160.808,160.233,321.041
3.01222,-35.0189,29.4328,-5.58611
3.01649,155.16,157.622,312.782
3.02076,-35.2652,30.8294,-4.43576
3.02505,158.287,160.431,318.718
3.02934,-37.2352,30.2275,-7.00763
3.03364,155.556,158.717,314.273
3.03794,-33.0398,31.9445,-1.09523
3.04225,154.119,157.321,311.441
3.04657,-31.0433,32.8739,1.83064
3.0509,154.891,157.244,312.135
3.05523,-33.0976,32.4258,-0.671721
3.05957,154.662,157.963,312.625
3.06392,-34.3242,32.8482,-1.47606
3.06827,154.102,157.88,311.983
3.07263,-34.2224,32.1737,-2.04874
3.077,157.671,158.397,316.068
3.08137,-33.1786,34.9757,1.79706
3.08576,154.542,157.125,311.668
3.09015,-27.5836,36.5652,8.98161
3.09454,152.043,155.541,307.583
3.09895,-30.1633,35.8682,5.70487
3.10336,152.983,156.109,309.092
3.10777,-33.047,36.8692,3.82219
3.1122,154.226,157.432,311.659
3.11663,-32.3195,36.5391,4.21963
3.12107,152.65,157.975,310.625
3.12552,-29.2846,38.3149,9.03029
3.12997,148.203,156.435,304.638
3.13443,-26.7609,39.987,13.2261
3.1389,146.734,153.147,299.881
3.14338,-20.9501,42.3897,21.4396
3.14786,148.477,154.414,302.891
3.15235,-24.6487,41.2277,16.579
3.15685,148.107,154.49,302.597
3.16135,-29.4305,40.9276,11.4971
3.16587,150.95,157.008,307.958
3.17039,-30.0254,39.0455,9.02008
3.17491,150.294,155.301,305.595
3.17945,-25.5495,42.4471,16.8976
3.18399,146.882,154.165,301.047
3.18854,-27.3629,41.9533,14.5904
3.19309,151.92,155.456,307.376
3.19766,-27.8485,41.7165,13.868
3.20223,150.418,155.75,306.168
3.20681,-26.6992,43.0179,16.3187
3.21139,144.553,153.656,298.209
3.21599,-21.9471,45.0197,23.0726
3.22059,145.777,154.643,300.42
3.2252,-23.156,44.591,21.4351
3.22981,147.127,154.851,301.978
3.23444,-23.0729,46.2255,23.1526
3.23907,143.447,153.493,296.94
3.2437,-23.4653,46.7285,23.2632
3.24835,139.643,151.824,291.467
3.253,-20.542,48.2253,27.6833
3.25767,141.807,153.039,294.846
3.26233,-17.9347,48.7001,30.7654
3.26701,138.124,150.539,288.663
3.27169,-19.5284,49.4091,29.8807
3.27639,140.538,151.451,291.989
3.28108,-17.7145,51.2318,33.5173
3.28579,137.129,151.104,288.233
3.29051,-14.9201,51.3401,36.42
3.29523,137.313,151.188,288.501
3.29996,-14.0635,52.7889,38.7253
3.3047,131.039,147.858,278.897
3.30944,-9.23279,55.6402,46.4074
3.31419,132.753,148.06,280.813
3.31895,-10.1161,55.894,45.7779
3.32372,134.657,148.234,282.891
3.3285,-11.7757,56.4492,44.6735
3.33328,133.31,149.099,282.408
3.33807,-8.31381,60.0099,51.6961
3.34287,129.551,145.024,274.576
3.34768,-5.90784,59.9892,54.0814
3.35249,130.154,147.318,277.472
3.35732,-9.11731,58.193,49.0757
3.36215,127.179,145.394,272.574
3.36699,-8.38766,60.5745,52.1868
3.37183,130.266,146.077,276.343
3.37669,-6.57453,60.5777,54.0032
3.38155,125.384,143.661,269.045
3.38642,-2.19364,63.7553,61.5617
3.3913,124.747,143.782,268.529
3.39618,-3.56468,63.8679,60.3033
3.40108,124.213,144.457,268.67
3.40598,-3.05549,64.8312,61.7757
3.41089,124.177,142.897,267.075
3.41581,-2.43289,66.5527,64.1198
3.42073,116.981,139.657,256.638
3.42567,3.65001,68.8257,72.4757
3.43061,117.548,140.91,258.458
3.43556,4.46856,69.7911,74.2596
3.44051,117.448,138.931,256.379
3.44548,9.10819,72.3506,81.4588
3.45045,105.257,133.438,238.695
3.45544,16.6332,77.8425,94.4757
3.46043,98.9233,128.309,227.232
3.46543,27.1746,84.8953,112.07
3.47043,88.0831,123.111,211.194
3.47545,40.4565,93.8086,134.265
3.48047,73.5291,115.33,188.859
3.4855,51.0964,100.283,151.379
3.49054,62.0284,108.13,170.159
3.49559,58.084,105.306,163.39
3.50064,58.9218,105.461,164.383
3.5057,68.174,110.534,178.708
3.51078,50.2821,101.412,151.694
3.51586,71.359,112.448,183.807
3.52094,49.0704,102.039,151.109
3.52604,71.7378,112.705,184.443
3.53115,51.3478,101.117,152.464
3.53626,72.3299,113.908,186.238
3.54138,47.2524,99.9823,147.235
3.54651,72.8291,113.179,186.008
3.55165,52.4242,103.75,156.174
3.55679,67.3611,112.781,180.142
3.56195,49.8546,103.306,153.161
3.56711,69.4287,114.027,183.456
3.57228,53.9208,104.572,158.492
3.57746,65.0763,109.804,174.88
3.58265,55.6597,106.411,162.071
3.58785,66.1429,112.065,178.208
3.59305,55.9024,106.688,162.59
3.59827,64.3253,110.5,174.825
3.60349,53.7244,105.063,158.787
3.60872,69.7005,114.132,183.833
3.61396,51.108,102.826,153.934
3.61921,68.0731,114.818,182.891
3.62446,52.5732,106.846,159.419
3.62973,65.8468,111.891,177.738
3.635,53.6283,105.726,159.354
3.64028,66.4235,112.786,179.209
3.64557,53.3597,105.15,158.51
3.65087,70.6428,115.569,186.212
3.65618,48.7064,103.973,152.68
3.6615,69.7186,114.954,184.673
3.66682,52.3523,106.177,158.529
3.67216,67.3443,113.971,181.315
3.6775,54.877,108.307,163.184
3.68285,63.4066,111.455,174.861
3.68821,54.0723,108.237,162.309
3.69358,67.8935,115.577,183.471
3.69895,48.8301,106.299,155.129
3.70434,71.2262,116.865,188.091
3.70973,48.797,107.395,156.192
3.71514,70.3388,116.393,186.732
3.72055,50.4938,107.152,157.646
3.72597,69.2259,115.453,184.679
3.7314,50.9928,107.656,158.648
3.73684,71.1586,116.264,187.423
3.74229,48.1705,105.779,153.949
3.74774,74.0115,117.681,191.692
3.75321,52.7709,108.538,161.309
3.75868,65.6022,116.092,181.694
3.76416,53.573,109.862,163.435
3.76966,68.799,118.345,187.144
3.77516,49.4615,106.553,156.015
3.78067,68.985,118.875,187.86
3.78618,47.788,107.164,154.952
3.79171,70.6574,120.653,191.31
3.79725,45.8181,106.42,152.238
3.80279,73.0769,119.987,193.064
3.80835,48.5253,108.206,156.732
3.81391,68.2971,117.604,185.901
3.81949,48.8074,107.467,156.274
3.82507,69.4898,120.01,189.499
3.83066,48.5557,109.87,158.426
3.83626,67.5345,117.798,185.333
3.84187,48.9667,109.874,158.84
3.84748,66.2287,118.547,184.776
3.85311,51.3302,110.331,161.661
3.85875,69.9054,120.56,190.465
3.86439,50.8403,110.732,161.572
3.87005,68.8118,117.94,186.752
3.87571,53.3337,113.156,166.489
3.88138,61.5346,116.335,177.87
3.88707,54.7718,113.865,168.636
3.89276,60.7041,115.575,176.279
3.89846,58.0915,117.217,175.308
3.90417,56.0023,113.826,169.828
3.90989,58.4969,117.39,175.887
3.91562,57.9028,114.848,172.751
3.92136,59.6121,117.879,177.491
3.9271,60.51,115.778,176.288
3.93286,59.6743,118.15,177.824
3.93862,59.6881,115.939,175.627
3.9444,59.5089,119.262,178.771
3.95018,60.6956,117.141,177.836
3.95598,57.451,116.483,173.934
3.96178,59.338,116.923,176.261
3.9676,59.8357,118.3,178.135
3.97342,61.1961,117.721,178.917
3.97925,52.6257,115.104,167.729
3.98509,65.2449,121.452,186.697
3.99094,55.033,117.425,172.458
3.9968,61.1181,120.219,181.337
4.00267,53.029,115.909,168.938
4.00855,60.1929,119.661,179.854
4.01444,60.4705,119.863,180.333
4.02034,59.7422,117.721,177.463
4.02625,55.1955,118.686,173.881
4.03216,61.3229,119.032,180.354
4.03809,56.5777,119.168,175.746
4.04403,65.1774,120.871,186.048
4.04997,54.0401,117.928,171.968
4.05593,62.9341,121.212,184.146
4.0619,55.923,118.258,174.181
4.06787,60.3384,119.693,180.031
4.07386,55.5582,120.04,175.598
4.07985,61.2882,120.532,181.82
4.08586,52.979,119.503,172.482
4.09187,61.4758,120.601,182.077
4.0979,53.7545,119.895,173.649
4.10393,63.1699,120.877,184.047
4.10997,57.0555,121.651,178.707
4.11603,57.0118,120.2,177.212
4.12209,59.9189,123.424,183.343
4.12816,54.6503,119.666,174.316
4.13425,61.3258,125.267,186.593
4.14034,53.5954,118.442,172.038
4.14644,61.3139,125.204,186.518
4.15256,57.2065,120.683,177.89
4.15868,59.098,124.497,183.595
4.16481,57.9882,120.404,178.393
4.17096,57.7141,123.422,181.136
4.17711,57.5304,121.972,179.503
4.18327,59.7904,124.455,184.246
4.18944,55.5513,121.462,177.013
4.19563,59.0013,123.815,182.816
4.20182,58.6188,122.545,181.164
4.20802,57.5286,123.126,180.655
4.21424,60.8544,124.589,185.444
4.22046,57.7561,123.414,181.17
4.22669,60.8201,123.405,184.225
4.23294,58.4176,125.796,184.214
4.23919,57.6826,122.504,180.187
4.24545,59.8426,125.836,185.679
4.25173,58.8331,124.315,183.148
4.25801,56.1417,123.976,180.118
4.2643,59.1955,123.546,182.741
4.27061,62.713,127.817,190.53
4.27692,52.8689,121.32,174.189
4.28325,63.4306,128.531,191.962
4.28958,53.162,121.449,174.611
4.29593,63.2224,128.836,192.059
4.30229,55.0041,123.239,178.243
4.30865,58.5146,126.979,185.494
4.31503,57.9276,126.255,184.183
4.32142,58.5481,127.867,186.416
4.32781,59.6847,125.243,184.928
4.33422,57.0941,126.301,183.395
4.34064,61.6025,127.196,188.799
4.34707,57.0857,126.649,183.734
4.35351,58.4018,126.582,184.984
4.35996,57.8884,128.921,186.809
4.36642,59.0625,127.692,186.755
4.37289,57.9745,127.182,185.157
4.37937,56.8784,127.223,184.102
4.38586,57.7982,127.991,185.789
4.39236,55.8278,126.816,182.644
4.39887,58.2605,129.357,187.618
4.4054,56.8584,126.15,183.009
4.41193,58.6483,129.834,188.482
4.41847,54.9089,126.323,181.232
4.42503,59.2627,129.398,188.66
4.4316,57.4941,127.237,184.732
4.43817,57.2911,130.101,187.392
4.44476,55.2119,127.437,182.649
4.45136,58.1665,131.322,189.489
4.45796,57.4959,127.976,185.472
4.46458,56.8711,129.363,186.234
4.47121,58.7259,128.192,186.918
4.47785,55.0398,130.899,185.938
4.48451,54.4976,127.034,181.532
4.49117,59.2955,133.585,192.881
4.49784,52.3157,126.396,178.712
4.50453,61.8547,134.181,196.036
4.51122,53.475,127.796,181.271
4.51793,56.6177,131.236,187.853
4.52464,57.8586,130,187.858
4.53137,56.6697,131.864,188.534
4.53811,58.1806,130.157,188.337
4.54486,56.6465,132.52,189.166
4.55162,56.6251,131.026,187.651
4.55839,60.8498,134.605,195.455
4.56517,53.2407,129.866,183.107
4.57197,62.0514,135.555,197.607
4.57877,53.3953,129.704,183.099
4.58559,59.8599,134.989,194.849
4.59241,55.809,131.231,187.04
4.59925,59.829,134.454,194.283
4.6061,50.423,128.941,179.364
4.61296,64.8132,137.708,202.522
4.61983,53.2112,131.744,184.955
4.62671,57.335,135.802,193.137
4.63361,54.7976,133.372,188.169
4.64051,58.5606,136.336,194.896
4.64743,57.0178,134.698,191.716
4.65435,54.2785,134.384,188.663
4.66129,54.9553,133.871,188.826
4.66824,58.1567,135.453,193.61
4.6752,52.5107,132.574,185.084
4.68217,60.1537,137.855,198.008
4.68916,51.7578,132.224,183.981
4.69615,59.3525,138.003,197.355
4.70316,53.5369,133.455,186.992
4.71018,59.5105,138.122,197.632
4.71721,53.2312,133.458,186.69
4.72425,61.1384,139.072,200.211
4.7313,54.5593,133.942,188.502
4.73836,57.0787,139.043,196.121
4.74544,55.624,135.528,191.152
4.75252,56.0192,137.96,193.979
4.75962,56.4209,136.095,192.515
4.76673,57.7768,137.977,195.754
4.77385,55.0137,136.455,191.469
4.78098,61.3007,139.514,200.814
4.78813,53.376,135.485,188.861
4.79528,58.2681,139.397,197.665
4.80245,54.9119,136.565,191.477
4.80963,57.8396,139.351,197.191
4.81682,53.9605,136.803,190.763
4.82402,57.2601,139.19,196.45
4.83124,55.0752,138.481,193.556
4.83846,55.6252,140.691,196.317
4.8457,53.3767,138.393,191.77
4.85295,56.7687,140.391,197.16
4.86021,54.3421,138.497,192.839
4.86748,56.6783,140.765,197.443
4.87477,52.7998,137.22,190.02
4.88206,57.6555,141.699,199.354
4.88937,51.87,138.401,190.271
4.89669,59.9341,143.286,203.22
4.90402,53.8953,138.313,192.209
4.91137,56.1017,141.409,197.511
4.91872,55.4629,140.484,195.946
4.92609,55.7812,141.94,197.722
4.93347,57.0785,140.218,197.296
4.94086,55.3191,142.092,197.411
4.94827,54.7682,141.081,195.849
4.95568,55.3211,141.248,196.569
4.96311,54.7037,140.852,195.556
4.97055,54.8074,143.635,198.442
4.978,54.0571,141.198,195.255
4.98547,57.8427,144.257,202.099
4.99294,52.4933,140.901,193.394
5.00043,57.7989,145.095,202.894
5.00793,53.1928,141.723,194.916
5.01545,56.8982,144.68,201.578
5.02299,55.0956,143.074,198.17
5.03055,54.6639,143.988,198.652
5.03813,54.7685,142.764,197.533
5.04572,56.5589,145.323,201.882
5.05334,54.1192,143.308,197.428
5.06097,55.0565,145.689,200.746
5.06862,54.2683,144.596,198.865
5.07629,54.8036,145.972,200.775
5.08398,53.9131,144.143,198.056
5.09169,55.7978,147.395,203.193
5.09942,54.3599,144.323,198.683
5.10717,55.9328,146.659,202.591
5.11494,54.4825,145.857,200.339
5.12273,57.6275,147.593,205.22
5.13053,52.3534,144.374,196.728
5.13836,56.1645,147.333,203.497
5.14621,53.9682,145.572,199.54
5.15407,54.9379,148.28,203.218
5.16196,53.3863,145.236,198.622
5.16986,53.1409,147.809,200.95
5.17779,54.8493,146.979,201.828
5.18573,55.2033,149.162,204.366
5.1937,51.0451,145.341,196.386
5.20168,57.3821,150.011,207.393
5.20968,52.536,145.835,198.371
5.21771,54.8497,149.781,204.631
5.22575,49.9591,145.826,195.785
5.23382,54.8778,150.387,205.264
5.2419,56.5031,148.712,205.215
5.25001,53.4581,149.521,202.979
5.25813,54.3047,149.091,203.396
5.26628,56.3757,150.718,207.094
5.27444,54.5008,149.365,203.866
5.28263,54.1581,151.139,205.297
5.29083,53.3114,150.38,203.692
5.29906,55.6732,152.531,208.204
5.30731,52.1733,149.455,201.628
5.31558,53.8012,151.216,205.017
5.32387,53.6526,150.913,204.565
5.33218,54.3651,152.613,206.978
5.34051,53.4814,151.079,204.56
5.34886,55.8779,153.301,209.179
5.35723,53.2546,151.108,204.363
5.36562,52.6617,152.599,205.261
5.37404,52.4403,152.613,205.053
5.38247,52.8428,153.013,205.855
5.39093,52.5431,152.013,204.556
5.39941,55.7381,154.342,210.08
5.4079,50.9843,152.021,203.006
5.41642,53.9296,154.318,208.248
5.42497,51.6009,152.913,204.514
5.43353,53.085,154.651,207.736
5.44211,54.2531,154.948,209.201
5.45072,53.4723,153.677,207.149
5.45934,50.1957,153.266,203.461
5.46799,54.6947,155.846,210.54
5.47666,50.1115,153.877,203.989
5.48535,55.6235,156.51,212.133
5.49407,52.3823,154.483,206.865
5.5028,53.6981,156.236,209.934
5.51156,50.8984,154.166,205.065
5.52034,53.0436,156.812,209.856
5.52914,53.9478,156.897,210.845
5.53796,54.7559,158.263,213.019
5.54681,51.9093,155.067,206.976
5.55567,54.9572,158.49,213.447
5.56456,50.6085,156.061,206.67
5.57347,52.4683,157.283,209.751
5.58241,50.9421,157.317,208.259
5.59136,56.128,159.718,215.846
5.60034,48.8575,156.257,205.115
5.60934,55.3594,160.74,216.099
5.61837,49.4042,157.018,206.422
5.62741,56.5493,160.984,217.534
5.63648,50.6335,157.996,208.629
5.64557,52.8355,159.606,212.441
5.65469,54.4755,161.187,215.663
5.66382,50.2933,158.684,208.977
5.67298,54.2558,161.384,215.64
5.68216,52.187,160.635,212.822
5.69137,52.6372,159.922,212.559
5.7006,53.1046,160.843,213.948
5.70985,52.8666,160.972,213.838
5.71912,53.1337,161.28,214.414
5.72842,52.9532,160.992,213.945
5.73774,53.6758,161.624,215.3
5.74709,49.5188,161.253,210.772
5.75646,54.5645,164.182,218.746
5.76585,52.9061,162.128,215.034
5.77526,52.4631,163.326,215.789
5.7847,51.7604,162.294,214.055
5.79416,52.3206,162.628,214.949
5.80365,52.3424,163.565,215.907
5.81316,52.1045,163.193,215.298
5.82269,53.4617,164.387,217.849
5.83225,49.949,163.876,213.825
5.84183,53.2597,165.352,218.612
5.85143,52.4779,164.853,217.331
5.86106,50.2763,163.943,214.219
5.87071,50.009,165.339,215.348
5.88039,51.8,165.558,217.358
5.89009,51.8144,165.532,217.347
5.89981,53.9527,166.966,220.919
5.90956,49.5862,166.074,215.66
5.91934,54.1493,167.582,221.731
5.92914,52.3048,167.693,219.998
5.93896,51.5305,167.412,218.943
5.94881,50.3559,167.08,217.436
5.95868,52.8588,167.996,220.855
5.96858,51.7982,168.094,219.892
5.9785,52.1124,167.955,220.067
5.98844,50.6044,168.399,219.004
5.99841,53.6352,168.92,222.555
6.00841,51.6134,168.809,220.423
6.01843,54.6016,170.79,225.392
6.02848,49.4852,168.136,217.621
6.03855,53.2362,170.802,224.038
6.04864,51.0934,169.945,221.039
6.05877,52.0419,170.426,222.468
6.06891,50.1381,170.258,220.396
6.07909,51.4798,170.93,222.41
6.08928,49.4757,170.429,219.904
6.09951,51.9932,172.158,224.151
6.10976,50.6716,171.29,221.962
6.12003,51.9727,171.876,223.849
6.13033,51.5378,172.291,223.828
6.14066,51.023,171.833,222.856
6.15101,50.6647,172.035,222.7
6.16138,52.8092,173.643,226.452
6.17179,48.7045,172.464,221.168
6.18222,52.1256,174.213,226.338
6.19267,52.0135,174.046,226.06
6.20316,51.7691,173.826,225.595
6.21366,50.3848,173.528,223.913
6.2242,50.5655,173.933,224.499
6.23476,49.8722,173.688,223.56
6.24534,51.567,174.735,226.302
6.25596,49.0991,174.287,223.386
6.2666,51.9966,175.148,227.145
6.27726,49.8275,174.687,224.514
6.28796,52.4569,175.77,228.227
6.29868,51.0169,175.576,226.593
6.30942,52.2479,175.856,228.104
6.3202,50.1336,176.163,226.296
6.331,51.1985,175.644,226.843
6.34183,50.2192,175.816,226.035
6.35268,51.5838,177.745,229.329
6.36356,49.7719,176.091,225.863
6.37447,51.1052,177.086,228.191
6.38541,50.1297,177.832,227.962
6.39637,53.1147,178.378,231.493
6.40736,48.1323,177.33,225.462
6.41838,52.0952,178.202,230.298
6.42943,48.8878,176.973,225.861
6.4405,52.8886,179.553,232.441
6.4516,47.7003,176.873,224.573
6.46273,52.5584,179.323,231.881
6.47389,49.1616,178.448,227.609
6.48507,52.3708,179.767,232.138
6.49628,48.4541,178.657,227.111
6.50752,51.9374,180.573,232.511
6.51879,47.6189,178.517,226.136
6.53009,52.4491,180.83,233.279
6.54142,49.508,179.196,228.704
6.55277,52.3741,181.431,233.805
6.56415,48.564,179.481,228.045
6.57556,52.0378,180.801,232.839
6.587,46.7527,178.96,225.712
6.59847,52.454,181.248,233.702
6.60996,47.4741,179.545,227.02
6.62149,52.751,182.075,234.826
6.63304,47.5502,180.352,227.902
6.64463,51.3596,182.076,233.436
6.65624,48.732,181.032,229.764
6.66788,51.473,182.795,234.268
6.67955,48.1665,181.225,229.391
6.69125,51.8992,182.438,234.337
6.70297,48.7773,181.208,229.985
6.71473,50.3656,182.734,233.099
6.72652,47.3967,181.835,229.232
6.73833,50.9466,183.057,234.003
6.75018,47.5358,182.109,229.645
6.76206,48.6032,182.587,231.19
6.77396,49.6995,182.979,232.678
6.7859,51.0386,183.757,234.795
6.79786,49.3701,183.416,232.787
6.80986,50.8787,184.03,234.909
6.82188,49.5339,183.036,232.57
6.83393,50.2878,184.827,235.115
6.84602,46.6787,182.668,229.346
6.85813,50.2292,185.462,235.692
6.87028,47.4636,183.518,230.981
6.88246,50.0451,184.561,234.606
6.89466,48.8955,182.997,231.892
6.9069,49.8015,185.03,234.831
6.91917,47.7011,184.01,231.711
6.93146,50.2713,186.055,236.327
6.94379,47.3695,184.267,231.636
6.95615,50.4362,185.611,236.047
6.96854,46.834,184.187,231.021
6.98096,50.7698,185.676,236.445
6.99342,46.6834,183.823,230.507
7.0059,52.6722,186.803,239.476
7.01841,46.8185,183.252,230.07
7.03096,50.9932,187.068,238.061
7.04354,47.919,185.107,233.026
7.05615,50.0811,186.28,236.361
7.06879,46.4058,185.024,231.429
7.08146,51.2252,187.331,238.556
7.09416,46.5352,184.418,230.953
7.1069,51.3672,187.43,238.797
7.11966,46.2276,185.203,231.431
7.13246,50.6574,186.866,237.524
7.1453,45.9721,184.755,230.727
7.15816,51.2008,187.806,239.006
7.17105,47.9423,186.079,234.021
7.18398,48.6186,186.739,235.358
7.19694,46.5437,185.592,232.136
7.20993,50.2019,187.523,237.725
7.22296,46.1066,185.769,231.876
7.23602,50.4797,187.849,238.329
7.24911,46.3011,185.959,232.26
7.26223,49.485,188.114,237.599
7.27538,46.7225,185.861,232.583
7.28857,49.2507,187.492,236.742
7.30179,45.431,186.505,231.936
7.31505,49.9563,188.178,238.134
7.32834,46.3456,186.41,232.755
7.34166,49.7378,188.12,237.858
7.35501,46.2906,186.352,232.643
7.3684,49.6988,188.468,238.167
7.38182,46.4389,186.774,233.213
7.39527,49.4439,188.559,238.003
7.40876,45.4101,187.194,232.604
7.42228,49.8469,188.601,238.448
7.43584,47.1835,186.93,234.114
7.44943,48.2817,187.248,235.53
7.46305,45.908,187.099,233.007
7.47671,49.348,188.856,238.204
7.4904,45.2271,187.037,232.264
7.50413,49.8901,188.901,238.791
7.51789,46.5536,187.706,234.26
7.53168,49.2399,188.248,237.488
7.54551,46.2858,187.41,233.696
7.55938,49.5194,188.29,237.809
7.57328,45.3729,187.938,233.311
7.58721,51.0128,188.096,239.109
7.60118,45.3481,187.883,233.231
7.61518,50.3016,189.067,239.369
7.62922,43.892,187.431,231.323
7.64329,49.6248,188.625,238.25
7.6574,46.2647,188.406,234.671
7.67154,47.5024,188.371,235.873
7.68572,48.5026,189.101,237.604
7.69994,45.8251,187.651,233.477
7.71419,48.7387,189.746,238.485
7.72847,43.427,187.767,231.194
7.74279,49.5719,190.423,239.995
7.75715,43.6165,187.594,231.211
7.77154,49.1682,189.043,238.211
7.78597,43.0837,186.453,229.537
7.80044,49.6975,189.499,239.196
7.81494,42.6451,186.922,229.567
7.82947,49.0034,189.769,238.773
7.84405,42.835,187.114,229.949
7.85866,48.7805,188.921,237.702
7.8733,44.1592,187.596,231.756
7.88799,47.5271,189.108,236.636
7.90271,44.287,187.837,232.124
7.91746,48.2723,189.314,237.586
7.93226,44.263,187.422,231.685
7.94709,47.2552,188.83,236.085
7.96196,42.9846,188.01,230.995
7.97686,48.3817,189.326,237.708
7.9918,45.2108,187.974,233.184
8.00678,47.2364,188.977,236.214
8.0218,45.3422,187.935,233.277
8.03685,47.5618,188.906,236.468
8.05195,45.9554,188.333,234.288
8.06708,47.4924,189.724,237.217
8.08224,46.3025,188.591,234.893
8.09745,46.6393,188.914,235.553
8.11269,46.8077,188.043,234.851
8.12798,45.8685,188.549,234.418
8.14329,45.8082,188.562,234.371
8.15865,47.0403,188.779,235.819
8.17405,46.2089,188.275,234.483
8.18948,45.5471,188.481,234.028
8.20496,47.1282,188.891,236.019
8.22047,45.2254,188.576,233.801
8.23602,47.15,188.763,235.913
8.25161,45.7149,188.653,234.368
8.26724,46.2982,188.41,234.708
8.28291,46.498,189.031,235.529
8.29862,45.8301,188.983,234.813
8.31436,44.6952,188.121,232.816
8.33015,46.301,188.325,234.626
8.34597,45.7932,188.173,233.966
8.36184,45.5938,188.457,234.051
8.37774,44.2968,188.387,232.683
8.39369,45.7178,188.574,234.292
8.40967,45.3919,188.51,233.902
8.4257,46.1647,188.211,234.376
8.44176,44.3816,187.76,232.141
8.45787,45.6022,188.463,234.065
8.47401,44.5399,187.734,232.274
8.4902,44.7908,187.833,232.624
8.50642,44.8564,187.995,232.852
8.52269,44.2593,186.937,231.196
8.53899,45.2998,187.672,232.971
8.55534,45.3353,188.062,233.398
8.57173,44.6301,187.584,232.214
8.58816,45.9334,187.533,233.466
8.60463,43.5532,187.86,231.413
8.62114,44.7958,187.93,232.726
8.63769,43.6148,186.69,230.305
8.65429,45.334,187.503,232.837
8.67092,43.3358,186.46,229.795
8.6876,45.8239,187.38,233.204
8.70432,43.4704,186.413,229.883
8.72108,44.8169,187.637,232.454
8.73788,43.3959,186.252,229.648
8.75473,45.6718,187.113,232.785
8.77161,44.2112,186.317,230.529
8.78854,45.6358,187.303,232.938
8.80552,43.543,185.786,229.329
8.82253,45.8266,186.996,232.823
8.83959,42.4769,185.38,227.857
8.85668,45.0908,186.573,231.664
8.87383,42.4769,185.62,228.097
8.89101,44.5657,186.426,230.992
8.90824,42.1369,185.69,227.827
8.92551,43.9735,186.719,230.692
8.94282,42.7775,185.655,228.432
8.96018,44.0488,186.288,230.337
8.97758,41.6178,185.183,226.801
8.99502,43.0378,185.547,228.585
9.01251,42.9497,185.531,228.48
9.03004,44.0898,185.212,229.302
9.04762,42.2063,184.673,226.879
9.06524,44.243,185.514,229.756
9.0829,41.5285,184.766,226.294
9.10061,44.9451,185.933,230.878
9.11836,41.1492,184.09,225.239
9.13615,44.1779,185.246,229.424
9.15399,41.4116,184.167,225.579
9.17188,44.3905,185.16,229.55
9.18981,40.9754,184.062,225.038
9.20778,43.3237,184.443,227.766
9.2258,40.3436,183.873,224.217
9.24387,43.9644,184.722,228.686
9.26198,41.1376,184.147,225.285
9.28013,43.8086,184.338,228.147
9.29833,39.7905,183.312,223.102
9.31658,42.9655,184.682,227.648
9.33487,40.6879,182.877,223.565
9.35321,42.8954,183.98,226.875
9.37159,40.4866,183.776,224.263
9.39002,41.985,183.267,225.252
9.40849,41.055,182.412,223.467
9.42702,41.9182,182.766,224.684
9.44558,41.2752,182.53,223.805
9.4642,42.7878,183.054,225.842
9.48286,40.2324,182.462,222.694
9.50156,43.0958,183.046,226.142
9.52032,40.3615,181.738,222.1
9.53912,41.8091,182.904,224.713
9.55797,40.8102,181.96,222.77
9.57686,42.9985,182.932,225.931
9.5958,40.3398,181.16,221.5
9.61479,41.6371,181.637,223.274
9.63383,40.5288,181.161,221.689
9.65292,40.8929,181.398,222.291
9.67205,40.8111,181.249,222.061
9.69123,40.2096,181.268,221.478
9.71046,41.2881,180.851,222.139
9.72973,40.088,180.374,220.462
9.74906,40.5279,180.634,221.162
9.76843,41.2349,180.401,221.636
9.78785,40.0645,180.357,220.421
9.80732,40.6019,179.84,220.441
9.82684,39.6178,180.247,219.865
9.84641,39.9141,179.789,219.703
9.86602,41.1752,179.87,221.045
9.88569,38.973,178.947,217.92
9.9054,41.2347,180.193,221.427
9.92516,39.6229,179.031,218.654
9.94498,40.8142,179.473,220.288
9.96484,39.6946,178.896,218.59
9.98475,40.2064,179.062,219.269
10.0047,38.2599,178.013,216.273
10.0247,40.6638,178.981,219.644
10.0447,37.9931,178.292,216.285
10.0647,39.6389,178.452,218.091
10.0847,38.0344,178.302,216.337
10.1047,40.5282,178.699,219.227
10.1247,38.4621,177.908,216.37
10.1447,39.8378,177.912,217.75
10.1647,37.566,176.631,214.197
10.1847,39.4843,177.541,217.026
10.2047,39.3816,176.877,216.258
10.2247,39.6363,177.075,216.712
10.2447,38.0867,176.67,214.757
10.2647,39.8841,176.954,216.838
10.2847,38.2305,176.297,214.528
10.3047,38.9454,176.504,215.45
10.3247,38.0101,176.116,214.126
10.3447,39.5096,176.14,215.649
10.3647,37.6639,175.823,213.487
10.3847,39.5901,175.886,215.476
10.4047,38.3466,175.079,213.426
10.4247,39.3799,174.792,214.172
10.4447,37.4528,174.709,212.161
10.4647,38.1518,174.422,212.574
10.4847,37.8452,174.198,212.043
10.5047,38.4919,174.303,212.795
10.5247,38.1676,174.639,212.806
10.5447,36.9982,173.917,210.915
10.5647,37.5955,173.496,211.092
10.5847,37.7867,173.628,211.415
10.6047,36.8827,173.741,210.624
10.6247,36.8279,173.368,210.195
10.6447,37.3222,173.127,210.449
10.6647,36.8919,172.482,209.374
10.6847,38.5019,172.983,211.485
10.7047,37.09,172.61,209.7
10.7247,38.0361,172.673,210.709
10.7447,37.6287,172.271,209.9
10.7647,37.1281,172.12,209.248
10.7847,36.8747,172.02,208.895
10.8047,37.4407,171.635,209.075
10.8247,36.8326,171.63,208.463
10.8447,37.267,170.862,208.129
10.8647,36.3942,170.941,207.335
10.8847,36.8645,170.945,207.809
10.9047,36.7243,170.824,207.549
10.9247,36.818,170.922,207.74
10.9447,36.7787,170.426,207.204
10.9647,36.3151,169.808,206.123
10.9847,36.5285,169.871,206.4
11.0047,36.3405,169.187,205.528
11.0247,36.6152,168.921,205.536
11.0447,36.0764,168.967,205.043
11.0647,35.6537,169.175,204.829
11.0847,35.8789,168.317,204.196
11.1047,36.0845,168.228,204.312
11.1247,35.7968,168.697,204.494
11.1447,34.8956,168.114,203.009
11.1647,35.3212,168.191,203.513
11.1847,35.0795,167.591,202.67
11.2047,35.4418,167.87,203.311
11.2247,34.4697,167.198,201.667
11.2447,35.1982,167.234,202.433
11.2647,34.3133,166.928,201.241
11.2847,35.3031,166.549,201.852
11.3047,34.3765,166.402,200.778
11.3247,36.1676,166.962,203.13
11.3447,35.2372,166.533,201.77
11.3647,35.5809,165.679,201.26
11.3847,34.4512,165.374,199.825
11.4047,34.8068,165.941,200.748
11.4247,34.8136,165.275,200.089
11.4447,35.206,165.503,200.709
11.4647,34.5392,165.014,199.553
11.4847,34.7333,165.108,199.841
11.5047,33.4979,163.806,197.304
11.5247,34.8695,164.42,199.29
11.5447,33.6716,164.287,197.959
11.5647,34.8558,164.132,198.988
11.5847,33.7302,163.533,197.263
11.6047,34.4709,163.719,198.19
11.6247,33.4308,163.027,196.458
11.6447,34.5068,163.41,197.916
11.6647,32.6139,162.486,195.1
11.6847,34.8609,163.13,197.991
11.7047,32.8635,162.383,195.246
11.7247,33.9628,162.357,196.32
11.7447,32.7791,161.954,194.733
11.7647,33.4834,161.877,195.36
11.7847,32.1929,160.906,193.099
11.8047,33.9139,161.759,195.673
11.8247,32.7771,161.385,194.162
11.8447,32.633,161.55,194.183
11.8647,31.889,160.593,192.482
11.8847,32.8118,161.323,194.135
11.9047,32.0313,160.297,192.328
11.9247,33.1471,160.818,193.965
11.9447,32.0839,159.709,191.793
11.9647,32.3322,159.54,191.872
11.9847,31.5528,159.412,190.965
12.0047,32.5662,159.682,192.248
12.0247,31.8079,159.177,190.985
12.0447,32.9311,159.046,191.978
12.0647,31.6335,159.045,190.678
12.0847,31.8639,158.507,190.37
12.1047,32.425,158.835,191.26
12.1247,32.1204,158.869,190.989
12.1447,31.5811,158.277,189.858
12.1647,31.6845,157.815,189.5
12.1847,31.7525,158.025,189.778
12.2047,31.5165,157.395,188.912
12.2247,31.1465,157.831,188.978
12.2447,30.7994,157.012,187.811
12.2647,30.7909,156.996,187.787
12.2847,31.5169,157.018,188.535
12.3047,31.8301,156.804,188.634
12.3247,31.0772,156.165,187.242
12.3447,31.1448,155.919,187.064
12.3647,32.0923,155.863,187.955
12.3847,31.3331,155.475,186.809
12.4047,30.6876,155.251,185.938
12.4247,30.8198,154.741,185.561
12.4447,30.0166,154.866,184.882
12.4647,30.0662,154.131,184.197
12.4847,30.7956,154.707,185.503
12.5047,30.5513,154.573,185.124
12.5247,30.8191,154.403,185.222
12.5447,30.2494,154.094,184.344
12.5647,30.9228,153.855,184.778
12.5847,29.4298,153.209,182.639
12.6047,29.6806,153.635,183.315
12.6247,29.9084,153.182,183.091
12.6447,29.844,153.118,182.962
12.6647,29.9492,152.477,182.426
12.6847,29.6377,152.201,181.839
12.7047,29.6183,152.323,181.942
12.7247,29.3625,152.241,181.603
12.7447,28.8589,151.504,180.362
12.7647,29.8878,151.564,181.451
12.7847,29.5159,151.685,181.201
12.8047,29.149,151.303,180.452
12.8247,29.073,151.164,180.237
12.8447,29.0823,151.376,180.458
12.8647,28.3399,150.577,178.917
12.8847,29.7697,150.618,180.387
12.9047,28.9183,150.427,179.345
12.9247,29.4012,149.954,179.355
12.9447,28.5819,149.946,178.528
12.9647,29.0104,149.676,178.686
12.9847,28.186,149.49,177.676
13.0047,28.5575,149.47,178.027
13.0247,28.198,148.8,176.998
13.0447,28.4376,148.79,177.227
13.0647,28.6223,148.371,176.993
13.0847,28.4844,148.902,177.386
13.1047,27.6259,148.04,175.665
13.1247,28.4621,148.341,176.803
13.1447,27.4433,147.845,175.288
13.1647,28.2656,147.498,175.764
13.1847,27.2602,147.023,174.283
13.2047,27.7897,147.33,175.12
13.2247,27.7059,146.944,174.65
13.2447,27.831,146.779,174.61
13.2647,27.5065,146.394,173.9
13.2847,27.9884,146.869,174.857
13.3047,27.6118,146.667,174.279
13.3247,27.6266,146.128,173.754
13.3447,27.8148,146.106,173.921
13.3647,27.6477,145.698,173.346
13.3847,28.155,145.572,173.727
13.4047,27.2876,145.254,172.542
13.4247,27.4284,144.881,172.31
13.4447,26.4943,144.677,171.171
13.4647,27.5937,144.798,172.392
13.4847,26.8527,144.129,170.981
13.5047,27.071,144.388,171.459
13.5247,26.4725,143.81,170.282
13.5447,26.7725,143.863,170.635
13.5647,26.716,143.429,170.145
13.5847,26.1721,143.362,169.534
13.6047,26.4333,143.422,169.855
13.6247,26.0439,142.992,169.036
13.6447,26.5557,143.292,169.847
13.6647,26.4441,142.757,169.201
13.6847,26.3696,142.528,168.897
13.7047,26.2337,142.221,168.455
13.7247,26.5323,142.415,168.948
13.7447,26.2329,141.81,168.043
13.7647,25.8285,141.492,167.321
13.7847,26.1179,141.21,167.328
13.8047,25.4731,141.042,166.515
13.8247,25.6783,140.837,166.516
13.8447,25.2275,140.697,165.924
13.8647,25.6648,140.835,166.5
13.8847,25.0196,140.426,165.446
13.9047,25.6298,140.363,165.993
13.9247,25.3569,139.915,165.272
13.9447,24.8893,139.772,164.661
13.9647,25.1143,139.441,164.555
13.9847,24.8774,139.367,164.244
14.0047,25.4013,139.232,164.633
14.0247,25.1076,139.208,164.316
14.0447,24.9646,138.82,163.785
14.0647,25.2456,138.475,163.721
14.0847,25.0354,138.632,163.667
14.1047,24.3571,138.304,162.661
14.1247,24.7308,138.41,163.141
14.1447,24.4403,137.619,162.059
14.1647,24.4815,137.816,162.298
14.1847,24.8813,137.362,162.243
14.2047,24.8393,137.537,162.377
14.2247,24.5327,137.119,161.651
14.2447,25.0462,137.284,162.33
14.2647,24.3949,136.952,161.347
14.2847,24.1687,136.448,160.616
14.3047,24.3614,136.822,161.183
14.3247,23.7724,136.065,159.837
14.3447,23.8215,135.916,159.738
14.3647,23.6667,135.922,159.588
14.3847,23.9189,135.563,159.482
14.4047,23.8037,135.367,159.17
14.4247,23.5194,135.401,158.92
14.4447,23.5643,134.88,158.445
14.4647,23.7271,134.65,158.377
14.4847,23.5427,134.628,158.17
14.5047,23.9983,133.837,157.835
14.5247,24.1537,134.596,158.749
14.5447,23.2418,133.873,157.115
14.5647,23.394,133.904,157.298
14.5847,23.3781,133.901,157.28
14.6047,22.467,133.492,155.959
14.6247,23.7912,133.162,156.953
14.6447,23.8799,132.863,156.743
14.6647,23.006,132.795,155.801
14.6847,22.8816,132.746,155.627
14.7047,23.4452,132.098,155.543
14.7247,22.9966,132.287,155.284
14.7447,23.3455,132.246,155.591
14.7647,23.5369,131.836,155.372
14.7847,22.654,131.463,154.117
14.8047,23.2029,131.675,154.878
14.8247,22.4838,131.458,153.942
14.8447,22.5303,131.468,153.999
14.8647,22.7402,130.854,153.594
14.8847,22.3436,130.873,153.217
14.9047,22.4915,130.458,152.949
14.9247,22.4308,130.538,152.968
14.9447,22.7079,130.534,153.242
14.9647,21.9951,130.106,152.101
14.9847,22.5035,130.078,152.581
15.0047,21.4479,129.949,151.397
15.0247,22.4001,129.758,152.158
15.0447,22.0396,129.863,151.903
15.0647,21.3033,129.436,150.739
15.0847,22.5408,129.192,151.733
15.1047,21.867,128.703,150.57
15.1247,21.3294,128.77,150.1
15.1447,21.9328,128.271,150.204
15.1647,22.0194,128.394,150.413
15.1847,21.7349,128.055,149.79
15.2047,21.0672,128.008,149.076
15.2247,21.628,127.772,149.4
15.2447,22.307,127.759,150.066
15.2647,22.0074,127.549,149.556
15.2847,21.8909,127.117,149.008
15.3047,21.23,126.917,148.147
15.3247,21.0828,126.755,147.838
15.3447,21.0298,126.677,147.707
15.3647,21.4382,126.63,148.068
15.3847,20.7921,126.348,147.14
15.4047,21.3007,126.175,147.476
15.4247,21.232,126.05,147.282
15.4447,20.7571,125.563,146.321
15.4647,21.007,125.141,146.148
15.4847,20.9448,125.362,146.307
15.5047,20.194,125.095,145.289
15.5247,21.0786,124.856,145.934
15.5447,20.7714,124.889,145.66
15.5647,21.0838,125.01,146.094
15.5847,20.6504,124.647,145.297
15.6047,20.5009,124.296,144.797
15.6247,20.3523,124.417,144.769
15.6447,20.7338,124.037,144.771
15.6647,20.7876,124.036,144.823
15.6847,20.3245,124.021,144.346
15.7047,20.4585,123.174,143.632
15.7247,20.49,123.038,143.528
15.7447,20.6409,123.152,143.793
15.7647,20.3026,123.643,143.946
15.7847,20.343,122.624,142.967
15.8047,20.0053,122.515,142.52
15.8247,20.3982,122.643,143.041
15.8447,19.5584,122.067,141.626
15.8647,20.1048,121.794,141.899
15.8847,20.4365,122.06,142.497
15.9047,20.1288,121.704,141.832
15.9247,19.6254,121.634,141.259
15.9447,19.6404,121.233,140.874
15.9647,19.8202,121.537,141.357
15.9847,19.6031,121.215,140.818
16.0047,19.9191,120.606,140.525
16.0247,19.6303,120.362,139.992
16.0447,19.6995,120.725,140.424
16.0647,19.8212,120.088,139.91
16.0847,19.657,120.473,140.13
16.1047,19.1232,120.272,139.395
16.1247,19.7582,119.689,139.447
16.1447,19.8709,119.603,139.474
16.1647,19.2007,119.418,138.618
16.1847,19.3756,119.239,138.615
16.2047,18.9297,119.181,138.111
16.2247,19.1797,119.233,138.413
16.2447,19.184,119.068,138.252
16.2647,19.373,118.96,138.333
16.2847,19.109,117.932,137.041
16.3047,18.544,118.398,136.942
16.3247,18.7087,118.412,137.12
16.3447,18.5954,118.143,136.738
16.3647,18.8782,117.522,136.4
16.3847,18.8369,117.761,136.598
16.4047,19.2117,117.825,137.036
16.4247,18.8374,117.293,136.131
16.4447,18.7402,116.935,135.675
16.4647,18.8131,117.028,135.841
16.4847,18.9284,116.664,135.593
16.5047,18.4279,116.838,135.265
16.5247,18.528,116.353,134.881
16.5447,19.2667,116.646,135.912
16.5647,18.0995,116.325,134.424
16.5847,18.1261,115.945,134.071
16.6047,19.013,116.137,135.15
16.6247,18.3275,116.065,134.393
16.6447,18.386,115.761,134.147
16.6647,18.4152,115.27,133.686
16.6847,18.437,115.306,133.743
16.7047,18.5512,115.077,133.628
16.7247,18.1421,115.237,133.379
16.7447,17.8188,114.878,132.697
16.7647,18.2498,114.385,132.635
16.7847,17.5955,114.36,131.955
16.8047,18.0209,114.567,132.588
16.8247,17.4562,114.497,131.953
16.8447,18.2862,113.979,132.266
16.8647,17.7295,113.611,131.34
16.8847,17.6866,113.767,131.454
16.9047,17.8991,113.497,131.396
16.9247,17.203,113.025,130.228
16.9447,17.8641,113.27,131.134
16.9647,18.0566,112.967,131.024
16.9847,17.8829,112.993,130.876
17.0047,17.6087,112.903,130.511
17.0247,17.8576,112.19,130.047
17.0447,17.5639,112.3,129.864
17.0647,17.5727,112.167,129.739
17.0847,16.986,112.032,129.018
17.1047,17.2019,111.86,129.062
17.1247,17.5297,111.771,129.301
17.1447,17.6498,111.678,129.328
17.1647,17.1374,111.665,128.803
17.1847,17.384,111.251,128.635
17.2047,17.4643,111.54,129.005
17.2247,16.8552,110.9,127.755
17.2447,16.938,110.903,127.842
17.2647,17.0983,110.511,127.609
17.2847,17.4511,110.892,128.343
17.3047,17.112,110.301,127.413
17.3247,16.9677,110.34,127.308
17.3447,17.1172,110.43,127.547
17.3647,17.2207,110.239,127.46
17.3847,17.1087,109.923,127.032
17.4047,17.0876,109.649,126.737
17.4247,16.5242,109.521,126.045
17.4447,16.8674,109.911,126.778
17.4647,16.6896,109.005,125.695
17.4847,16.8648,109.128,125.992
17.5047,16.4176,108.764,125.182
17.5247,17.287,108.66,125.947
17.5447,16.744,108.011,124.755
17.5647,16.3077,107.978,124.285
17.5847,16.5758,107.899,124.475
17.6047,16.1688,108.209,124.378
17.6247,16.1765,107.793,123.97
17.6447,16.2515,107.774,124.025
17.6647,16.4347,107.469,123.904
17.6847,16.6504,107.541,124.191
17.7047,15.7975,107.255,123.052
17.7247,16.0955,106.836,122.931
17.7447,15.7527,107.268,123.021
17.7647,15.7694,107.288,123.058
17.7847,16.1867,106.572,122.759
17.8047,16.5461,106.85,123.396
17.8247,16.392,106.716,123.109
17.8447,15.2556,106.406,121.662
17.8647,16.565,106.251,122.816
17.8847,15.596,105.994,121.59
17.9047,15.6175,105.997,121.614
17.9247,15.1948,105.66,120.855
17.9447,15.7522,105.836,121.588
17.9647,15.6885,105.472,121.16
17.9847,15.5923,105.584,121.177
18.0047,15.7268,105.475,121.202
18.0247,15.9962,105.192,121.188
18.0447,16.1514,105.033,121.185
18.0647,15.2916,104.546,119.837
18.0847,15.3346,104.743,120.078
18.1047,15.7286,104.516,120.245
18.1247,15.3858,104.318,119.704
18.1447,14.9328,104.181,119.114
18.1647,15.1529,104.076,119.229
18.1847,14.9432,104.017,118.96
18.2047,14.7165,104.032,118.749
18.2247,14.8878,103.613,118.501
18.2447,15.191,103.466,118.657
18.2647,14.9503,103.321,118.271
18.2847,14.7275,103.407,118.135
18.3047,14.8214,103.332,118.154
18.3247,15.4694,102.779,118.249
18.3447,14.9285,102.692,117.62
18.3647,14.693,102.735,117.428
18.3847,15.0542,102.639,117.693
18.4047,15.1524,102.546,117.698
18.4247,14.6876,102.293,116.981
18.4447,14.7208,101.805,116.525
18.4647,14.4838,101.73,116.214
18.4847,14.9014,101.768,116.669
18.5047,15.0012,101.862,116.863
18.5247,15.1722,101.636,116.808
18.5447,14.5037,101.071,115.575
18.5647,14.4389,101.035,115.474
18.5847,14.4544,101.216,115.671
18.6047,14.4088,100.773,115.182
18.6247,14.9322,100.82,115.753
18.6447,14.2624,100.811,115.073
18.6647,14.5555,100.617,115.172
18.6847,14.5575,100.761,115.319
18.7047,14.4621,100.325,114.787
18.7247,14.291,100.086,114.377
18.7447,14.1991,99.7949,113.994
18.7647,14.2451,99.8257,114.071
18.7847,14.1779,99.9464,114.124
18.8047,14.434,99.4996,113.934
18.8247,14.11,99.3673,113.477
18.8447,14.1045,99.4235,113.528
18.8647,13.6034,99.2117,112.815
18.8847,13.6914,99.3211,113.013
18.9047,13.8549,98.6955,112.55
18.9247,14.4174,99.0528,113.47
18.9447,14.2623,98.7947,113.057
18.9647,14.1474,98.6479,112.795
18.9847,13.95,98.1042,112.054
19.0047,13.6837,98.4022,112.086
19.0247,13.5126,97.9638,111.476
19.0447,13.6435,98.0214,111.665
19.0647,13.7829,97.831,111.614
19.0847,13.6501,97.7209,111.371
19.1047,13.8567,97.5941,111.451
19.1247,14.1696,97.3341,111.504
19.1447,13.5651,97.3535,110.919
19.1647,13.9559,97.7266,111.682
19.1847,13.3403,96.9955,110.336
19.2047,13.1179,97.1606,110.278
19.2247,13.5748,96.6347,110.209
19.2447,13.3227,96.3866,109.709
19.2647,13.1307,96.5698,109.701
19.2847,13.8851,96.7557,110.641
19.3047,13.1395,96.0699,109.209
19.3247,13.357,96.0514,109.408
19.3447,13.571,96.0399,109.611
19.3647,13.1083,95.9548,109.063
19.3847,13.0375,96.0133,109.051
19.4047,13.3205,95.553,108.874
19.4247,13.679,95.6171,109.296
19.4447,12.7134,95.457,108.17
19.4647,12.921,95.4208,108.342
19.4847,13.0338,95.2226,108.256
19.5047,13.1453,95.2959,108.441
19.5247,13.3831,94.9276,108.311
19.5447,13.1345,94.9862,108.121
19.5647,12.9979,94.8595,107.857
19.5847,13.1948,94.7069,107.902
19.6047,12.6101,94.6103,107.22
19.6247,13.0544,94.4497,107.504
19.6447,12.9506,94.1596,107.11
19.6647,13.1169,94.1039,107.221
19.6847,12.539,93.5597,106.099
19.7047,12.4475,93.7836,106.231
19.7247,12.8731,93.6208,106.494
19.7447,12.078,93.4807,105.559
19.7647,12.6736,93.3478,106.021
19.7847,12.8416,93.1966,106.038
19.8047,12.6958,93.1814,105.877
19.8247,12.4801,92.8156,105.296
19.8447,12.7591,93.1651,105.924
19.8647,12.8195,92.7824,105.602
19.8847,12.3118,92.6096,104.921
19.9047,12.3828,92.3056,104.688
19.9247,12.3868,92.3688,104.756
19.9447,12.6241,92.5291,105.153
19.9647,12.5742,92.1755,104.75
19.9847,12.3199,92.3789,104.699
20.0047,12.4593,91.6798,104.139
20.0247,12.4842,91.9034,104.388
20.0447,12.008,91.5784,103.586
20.0647,12.2621,91.705,103.967
20.0847,12.2943,91.2781,103.572
20.1047,12.4168,91.418,103.835
20.1247,12.0911,90.9728,103.064
20.1447,12.5352,91.2172,103.752
20.1647,11.9854,91.1208,103.106
20.1847,12.0394,90.6808,102.72
20.2047,12.2795,90.8373,103.117
20.2247,12.1052,90.7737,102.879
20.2447,12.0196,90.7629,102.782
20.2647,12.0538,90.4827,102.537
20.2847,11.6699,90.0896,101.76
20.3047,11.8156,90.1518,101.967
20.3247,12.2476,90.16,102.408
20.3447,12.1461,90.0313,102.177
20.3647,11.8467,89.6889,101.536
20.3847,11.7968,90.0242,101.821
20.4047,11.8317,89.6628,101.495
20.4247,11.684,89.4501,101.134
20.4447,12.1218,89.277,101.399
20.4647,11.8595,89.3269,101.186
20.4847,11.4476,89.109,100.557
20.5047,11.7008,88.7471,100.448
20.5247,11.2134,88.3916,99.605
20.5447,11.2774,88.6624,99.9398
20.5647,11.6888,88.5544,100.243
20.5847,11.4316,88.4839,99.9156
20.6047,11.4889,88.204,99.693
20.6247,11.1603,88.1676,99.3279
20.6447,11.5099,88.0067,99.5165
20.6647,11.8415,87.5972,99.4388
20.6847,11.41,87.7642,99.1742
20.7047,11.1545,87.7269,98.8814
20.7247,11.2706,87.6376,98.9082
20.7447,11.0069,86.9911,97.998
20.7647,11.4039,87.4048,98.8087
20.7847,11.027,87.2988,98.3258
20.8047,11.2712,86.929,98.2002
20.8247,11.5992,86.5303,98.1295
20.8447,11.1872,86.9009,98.0881
20.8647,10.9083,86.5196,97.4278
20.8847,11.1411,86.5318,97.6729
20.9047,11.1988,86.5431,97.7419
20.9247,11.1371,86.6293,97.7664
20.9447,10.8659,86.4033,97.2692
20.9647,11.3258,86.1279,97.4536
20.9847,10.873,86.3871,97.2601
21.0047,10.8513,86.2399,97.0912
21.0247,10.5934,85.7073,96.3008
21.0447,10.7459,85.8661,96.612
21.0647,11.1375,85.6881,96.8256
21.0847,10.7924,85.4661,96.2585
21.1047,11.0858,85.1169,96.2027
21.1247,10.7981,85.2961,96.0943
21.1447,10.4597,84.9213,95.381
21.1647,10.7949,84.9919,95.7868
21.1847,10.8848,84.9806,95.8655
21.2047,10.3935,84.7512,95.1447
21.2247,10.7755,84.7374,95.513
21.2447,10.6365,84.5874,95.2239
21.2647,10.2666,84.5901,94.8567
21.2847,10.4807,84.5232,95.0039
21.3047,10.6021,84.2172,94.8193
21.3247,10.3177,84.0581,94.3758
21.3447,10.5189,83.9697,94.4886
21.3647,10.29,84.0877,94.3777
21.3847,10.3245,83.9824,94.3069
21.4047,10.2857,83.5068,93.7926
21.4247,10.3266,83.5181,93.8447
21.4447,9.8868,83.2456,93.1324
21.4647,10.4346,82.7967,93.2314
21.4847,10.6613,83.1074,93.7687
21.5047,9.99338,82.9163,92.9096
21.5247,10.8144,83.2076,94.022
21.5447,10.1881,82.9116,93.0996
21.5647,9.98023,82.6545,92.6347
21.5847,10.1609,82.5805,92.7413
21.6047,10.2721,82.42,92.6921
21.6247,10.3091,82.5135,92.8226
21.6447,9.60562,82.0456,91.6512
21.6647,10.1325,82.0615,92.194
21.6847,10.1052,82.2185,92.3237
21.7047,9.99563,82.3514,92.347
21.7247,9.69238,81.7942,91.4866
21.7447,9.90867,81.6532,91.5619
21.7647,9.7709,81.3919,91.1628
21.7847,10.2521,81.3359,91.588
21.8047,9.65625,81.5045,91.1607
21.8247,9.62236,81.2352,90.8576
21.8447,10.1575,81.208,91.3655
21.8647,9.64985,81.1218,90.7717
21.8847,9.85849,80.9578,90.8163
21.9047,9.35756,80.6818,90.0393
21.9247,9.65679,80.7971,90.4539
21.9447,9.90058,80.369,90.2696
21.9647,9.47908,80.5699,90.049
21.9847,9.91339,80.3444,90.2577
22.0047,9.35544,80.1259,89.4814
22.0247,9.76654,80.1515,89.918
22.0447,9.55866,80.2754,89.8341
22.0647,9.86318,80.1212,89.9844
22.0847,9.75147,79.9913,89.7427
22.1047,9.49622,79.7949,89.2911
22.1247,9.53404,79.5834,89.1175
22.1447,9.46088,79.449,88.9099
22.1647,9.42621,79.4664,88.8926
22.1847,9.37133,79.074,88.4453
22.2047,9.43162,79.1537,88.5853
22.2247,9.66297,78.9552,88.6182
22.2447,9.16169,78.8417,88.0034
22.2647,9.22814,78.819,88.0472
22.2847,9.26285,78.4703,87.7331
22.3047,9.25135,78.2108,87.4621
22.3247,9.37337,78.3881,87.7614
22.3447,9.40298,77.9465,87.3495
22.3647,8.96739,78.343,87.3104
22.3847,9.29142,78.2406,87.532
22.4047,9.15041,78.1863,87.3367
22.4247,9.17129,77.7148,86.8861
22.4447,9.17046,77.9306,87.1011
22.4647,8.85829,77.5747,86.433
22.4847,9.07284,77.6188,86.6917
22.5047,8.89387,77.5944,86.4883
22.5247,8.95463,77.4205,86.3752
22.5447,8.78959,77.4619,86.2514
22.5647,9.07673,77.0278,86.1045
22.5847,8.98581,77.1335,86.1194
22.6047,8.48602,76.5389,85.0249
22.6247,9.19806,76.6426,85.8407
22.6447,8.63834,76.9741,85.6125
22.6647,9.00013,76.566,85.5661
22.6847,8.79768,76.588,85.3857
22.7047,8.84388,76.3357,85.1796
22.7247,8.82132,75.8968,84.7182
22.7447,8.61311,76.4651,85.0782
22.7647,8.95442,75.8722,84.8266
22.7847,8.52063,75.8891,84.4098
22.8047,8.74779,75.7651,84.5129
22.8247,8.61512,75.62,84.2351
22.8447,8.79358,75.9408,84.7344
22.8647,8.47429,75.8334,84.3077
22.8847,8.36441,75.2289,83.5933
22.9047,8.41464,75.2851,83.6997
22.9247,8.81339,75.489,84.3024
22.9447,8.32385,75.0042,83.328
22.9647,8.70908,75.4028,84.1119
22.9847,8.26407,74.6855,82.9496
23.0047,8.54199,74.473,83.0149
23.0247,7.99173,74.4377,82.4294
23.0447,8.38727,74.8212,83.2085
23.0647,8.51358,74.3886,82.9022
23.0847,7.94275,74.2609,82.2036
23.1047,8.04292,74.1603,82.2032
23.1247,8.18294,74.2447,82.4276
23.1447,7.89773,74.081,81.9787
23.1647,8.39736,74.0061,82.4034
23.1847,8.16079,73.5222,81.683
23.2047,8.63684,73.9406,82.5775
23.2247,8.38595,73.64,82.026
23.2447,7.99303,73.5174,81.5104
23.2647,7.67436,72.977,80.6513
23.2847,7.90175,73.2783,81.1801
23.3047,8.19493,73.3588,81.5538
23.3247,8.00601,72.9976,81.0036
23.3447,8.11548,73.0923,81.2078
23.3647,8.02064,72.7606,80.7812
23.3847,7.80206,73.159,80.9611
23.4047,8.10458,72.6123,80.7168
23.4247,7.59032,72.6781,80.2684
23.4447,8.06603,72.4879,80.5539
23.4647,7.8943,72.4892,80.3835
23.4847,8.07182,72.5294,80.6012
23.5047,7.74289,72.335,80.0779
23.5247,7.739,71.8886,79.6276
23.5447,7.86846,71.9778,79.8463
23.5647,7.68395,71.8702,79.5541
23.5847,7.47055,71.6304,79.1009
23.6047,7.61146,71.6954,79.3068
23.6247,7.55496,71.4692,79.0242
23.6447,8.00441,71.3389,79.3433
23.6647,7.40578,71.3151,78.7209
23.6847,7.51192,71.1361,78.6481
23.7047,7.77516,70.8952,78.6703
23.7247,7.47898,70.958,78.437
23.7447,7.33863,70.7059,78.0445
23.7647,7.20312,70.5819,77.785
23.7847,7.45014,70.448,77.8981
23.8047,7.40164,70.4408,77.8425
23.8247,7.36816,70.3213,77.6895
23.8447,7.46209,70.1759,77.638
23.8647,7.38067,70.4102,77.7909
23.8847,7.44199,70.3613,77.8033
23.9047,7.2543,69.996,77.2503
23.9247,7.23017,69.9471,77.1772
23.9447,7.19841,69.9444,77.1428
23.9647,7.02108,69.61,76.6311
23.9847,7.22595,69.715,76.9409
24.0047,7.41443,69.441,76.8554
24.0247,7.02286,69.3079,76.3308
24.0447,7.06409,68.9354,75.9995
24.0647,7.2243,69.3495,76.5738
24.0847,7.07776,68.8604,75.9382
24.1047,7.03396,68.8618,75.8957
24.1247,7.20551,68.9191,76.1246
24.1447,6.9956,68.5565,75.5521
24.1647,7.05822,68.6319,75.6901
24.1847,7.03702,68.8237,75.8607
24.2047,7.20459,68.3801,75.5847
24.2247,6.81961,68.2149,75.0345
24.2447,6.89226,68.2308,75.1231
24.2647,6.9648,68.0643,75.0291
24.2847,6.93166,68.065,74.9967
24.3047,6.85822,67.7025,74.5607
24.3247,6.93386,67.6103,74.5441
24.3447,6.76095,67.6594,74.4203
24.3647,6.71366,67.7984,74.5121
24.3847,6.6737,67.4249,74.0986
24.4047,6.71052,67.1001,73.8106
24.4247,6.48796,67.1745,73.6625
24.4447,6.63095,67.1917,73.8226
24.4647,6.73779,67.0129,73.7506
24.4847,6.60611,67.0166,73.6227
24.5047,6.52226,66.9989,73.5212
24.5247,6.50524,66.9942,73.4994
24.5447,6.59572,66.8842,73.4799
24.5647,6.51487,66.5171,73.0319
24.5847,6.42828,66.4894,72.9177
24.6047,6.52815,66.2688,72.797
24.6247,6.51328,66.2832,72.7965
24.6447,6.16226,66.1231,72.2853
24.6647,6.29616,66.0892,72.3854
24.6847,6.30012,66.0312,72.3313
24.7047,6.22359,66.0132,72.2367
24.7247,6.36935,65.7012,72.0705
24.7447,6.18952,65.6632,71.8527
24.7647,6.36644,65.5318,71.8982
24.7847,6.3485,65.583,71.9315
24.8047,6.20745,65.3687,71.5761
24.8247,6.27285,64.9904,71.2632
24.8447,6.45053,64.9887,71.4392
24.8647,6.24264,65.2397,71.4823
24.8847,6.20527,64.9925,71.1977
24.9047,6.15796,64.5422,70.7002
24.9247,6.17586,64.7106,70.8865
24.9447,6.01631,64.6221,70.6385
24.9647,5.92573,64.577,70.5027
24.9847,6.06232,64.4037,70.466
25.0047,6.07613,64.2292,70.3053
25.0247,5.90686,64.0888,69.9957
25.0447,6.01858,64.1675,70.1861
25.0647,6.0739,63.9196,69.9935
25.0847,5.83543,63.6966,69.532
25.1047,5.83081,63.6552,69.486
25.1247,5.75649,63.6814,69.4379
25.1447,5.79114,63.7245,69.5156
25.1647,5.73891,63.4608,69.1997
25.1847,5.90572,63.3459,69.2517
25.2047,5.56572,63.4135,68.9792
25.2247,5.75633,63.171,68.9273
25.2447,5.73941,62.9462,68.6856
25.2647,5.61635,63.0179,68.6342
25.2847,5.51474,62.7581,68.2728
25.3047,5.51891,62.7234,68.2423
25.3247,5.68841,62.8018,68.4902
25.3447,5.64036,62.6599,68.3003
25.3647,5.64766,62.546,68.1937
25.3847,5.55049,62.5951,68.1456
25.4047,5.53881,62.4907,68.0295
25.4247,5.53716,62.338,67.8752
25.4447,5.63722,62.1697,67.8069
25.4647,5.48729,62.0143,67.5016
25.4847,5.52457,61.8429,67.3675
25.5047,5.48964,61.9282,67.4178
25.5247,5.39035,61.5274,66.9177
25.5447,5.47111,61.6825,67.1536
25.5647,5.33038,61.6009,66.9313
25.5847,5.51135,61.2478,66.7591
25.6047,5.31777,61.1182,66.436
25.6247,5.33279,61.2947,66.6275
25.6447,5.3261,61.0279,66.354
25.6647,5.25445,61.0216,66.276
25.6847,5.34299,61.096,66.439
25.7047,5.15993,60.7992,65.9591
25.7247,5.36564,60.5902,65.9558
25.7447,5.23462,60.3326,65.5672
25.7647,5.12636,60.3501,65.4765
25.7847,5.10587,60.1758,65.2817
25.8047,5.26473,60.187,65.4517
25.8247,5.26107,60.2104,65.4715
25.8447,5.08788,60.0872,65.1751
25.8647,5.06528,59.9184,64.9837
25.8847,4.84562,59.8817,64.7273
25.9047,4.97503,59.8922,64.8673
25.9247,4.91024,59.7344,64.6447
25.9447,4.89802,59.6537,64.5517
25.9647,4.82321,59.5202,64.3434
25.9847,5.01401,59.3725,64.3865
26.0047,5.00998,59.2891,64.2991
26.0247,4.87825,59.1892,64.0674
26.0447,4.79007,58.9786,63.7687
26.0647,4.7847,58.9228,63.7075
26.0847,4.81124,58.5918,63.403
26.1047,4.83006,58.6241,63.4542
26.1247,4.83823,58.7105,63.5487
26.1447,4.67173,58.636,63.3077
26.1647,4.75087,58.3335,63.0843
26.1847,4.81493,58.2453,63.0602
26.2047,4.76845,58.2222,62.9907
26.2247,4.62075,58.2093,62.8301
26.2447,4.63119,58.0489,62.6801
26.2647,4.57821,57.9334,62.5116
26.2847,4.78415,57.738,62.5221
26.3047,4.50855,57.7501,62.2587
26.3247,4.58955,57.6385,62.228
26.3447,4.51631,57.5056,62.0219
26.3647,4.48394,57.3416,61.8256
26.3847,4.49401,57.3767,61.8707
26.4047,4.4447,57.3032,61.7479
26.4247,4.371,56.9243,61.2953
26.4447,4.32937,56.9992,61.3286
26.4647,4.19807,56.9731,61.1712
26.4847,4.33795,56.766,61.104
26.5047,4.4478,56.5584,61.0062
26.5247,4.377,56.4226,60.7995
26.5447,4.27021,56.4297,60.6999
26.5647,4.24787,56.3571,60.605
26.5847,4.27724,56.092,60.3692
26.6047,4.21359,56.2015,60.4151
26.6247,4.29169,56.1444,60.4361
26.6447,4.20458,55.9842,60.1888
26.6647,4.06359,55.7415,59.8051
26.6847,4.17664,55.7208,59.8975
26.7047,4.03672,55.616,59.6527
26.7247,3.99737,55.6254,59.6228
26.7447,4.03584,55.3796,59.4154
26.7647,4.03196,55.2962,59.3281
26.7847,3.93373,55.1534,59.0871
26.8047,4.01862,55.2717,59.2903
26.8247,4.0004,54.9938,58.9942
26.8447,3.96278,54.8783,58.8411
26.8647,3.834,54.8037,58.6377
26.8847,3.91297,54.7155,58.6285
26.9047,3.84306,54.4916,58.3347
26.9247,3.87773,54.5379,58.4156
26.9447,3.86462,54.4675,58.3321
26.9647,3.8535,54.3388,58.1923
26.9847,3.83392,54.18,58.014
27.0047,3.70277,54.0195,57.7223
27.0247,3.78319,53.9293,57.7124
27.0447,3.6691,53.8152,57.4843
27.0647,3.6342,53.8194,57.4536
27.0847,3.64436,53.6887,57.333
27.1047,3.6134,53.7644,57.3778
27.1247,3.63651,53.4881,57.1246
27.1447,3.6494,53.3212,56.9706
27.1647,3.60245,53.2233,56.8258
27.1847,3.68173,53.0571,56.7388
27.2047,3.65609,53.0905,56.7466
27.2247,3.47326,52.944,56.4172
27.2447,3.51921,52.7791,56.2983
27.2647,3.33607,52.7318,56.0678
27.2847,3.4808,52.5821,56.0629
27.3047,3.37577,52.3945,55.7703
27.3247,3.38481,52.3403,55.7251
27.3447,3.31235,52.0435,55.3559
27.3647,3.35024,52.357,55.7072
27.3847,3.3195,52.0814,55.4009
27.4047,3.29595,51.93,55.2259
27.4247,3.21834,51.8564,55.0748
27.4447,3.28195,51.7427,55.0247
27.4647,3.28994,51.619,54.9089
27.4847,3.21374,51.9924,55.2061
27.5047,3.10805,51.4191,54.5272
27.5247,3.12517,51.3778,54.5029
27.5447,3.1061,51.1337,54.2398
27.5647,3.11445,51.1561,54.2705
27.5847,3.02998,50.927,53.9569
27.6047,2.97531,51.1043,54.0796
27.6247,3.03596,50.5109,53.5469
27.6447,2.91247,50.916,53.8285
27.6647,2.9058,50.5982,53.504
27.6847,2.92317,50.4415,53.3646
27.7047,2.9054,50.4755,53.3809
27.7247,2.79631,50.1952,52.9915
27.7447,2.84664,50.2627,53.1094
27.7647,2.81085,50.1666,52.9775
27.7847,2.76398,50.0467,52.8107
27.8047,2.7422,49.8653,52.6075
27.8247,2.74164,49.7611,52.5027
27.8447,2.72544,49.8129,52.5384
27.8647,2.73473,49.7035,52.4383
27.8847,2.72066,49.6098,52.3304
27.9047,2.64699,49.3955,52.0425
27.9247,2.65799,49.0602,51.7182
27.9447,2.59934,49.1762,51.7756
27.9647,2.55989,48.9265,51.4863
27.9847,2.52559,48.9208,51.4464
28.0047,2.51446,48.7261,51.2406
28.0247,2.53186,48.6411,51.1729
28.0447,2.54734,48.559,51.1064
28.0647,2.39916,48.7443,51.1434
28.0847,2.42782,48.4383,50.8661
28.1047,2.38192,48.269,50.6509
28.1247,2.36714,48.1609,50.5281
28.1447,2.26954,48.1974,50.467
28.1647,2.24066,47.8486,50.0893
28.1847,2.2441,47.7034,49.9475
28.2047,2.18678,47.8463,50.033
28.2247,2.16871,47.4795,49.6482
28.2447,2.14926,47.5028,49.6521
28.2647,2.09129,47.4513,49.5426
28.2847,2.07425,47.1878,49.262
28.3047,2.083,47.3599,49.4429
28.3247,2.07241,47.2799,49.3523
28.3447,1.99908,46.9104,48.9095
28.3647,1.96852,46.8314,48.7999
28.3847,2.00035,46.9926,48.993
28.4047,1.92563,46.6533,48.579
28.4247,1.89646,46.4723,48.3688
28.4447,1.85324,46.3685,48.2217
28.4647,1.86399,46.5026,48.3666
28.4847,1.79199,46.3442,48.1362
28.5047,1.779,46.1213,47.9003
28.5247,1.76229,46.2132,47.9754
28.5447,1.71199,45.9762,47.6882
28.5647,1.62229,45.752,47.3743
28.5847,1.67983,45.7654,47.4452
28.6047,1.61099,45.8202,47.4312
28.6247,1.52166,45.5049,47.0265
28.6447,1.5479,45.2097,46.7576
28.6647,1.54004,45.1612,46.7013
28.6847,1.48653,45.2839,46.7705
28.7047,1.39724,45.1208,46.518
28.7247,1.38005,45.0831,46.4632
28.7447,1.42266,44.7902,46.2129
28.7647,1.31412,44.7262,46.0403
28.7847,1.32018,44.6321,45.9522
28.8047,1.21581,44.5063,45.7221
28.8247,1.18163,44.3989,45.5806
28.8447,1.13834,44.2928,45.4311
28.8647,1.20585,44.0526,45.2584
28.8847,1.13395,44.0265,45.1605
28.9047,1.07833,43.9688,45.0472
28.9247,1.03053,43.7202,44.7507
28.9447,1.05378,43.7181,44.7719
28.9647,1.05534,43.6055,44.6608
28.9847,0.941254,43.5767,44.5179
29.0047,0.947933,43.3491,44.297
29.0247,0.883362,43.391,44.2743
29.0447,0.887516,43.2215,44.109
29.0647,0.837716,42.9302,43.7679
29.0847,0.848621,42.8763,43.7249
29.1047,0.778413,42.8796,43.658
29.1247,0.750714,42.6103,43.361
29.1447,0.752127,42.5911,43.3432
29.1647,0.767875,42.4627,43.2305
29.1847,0.712338,42.3449,43.0572
29.2047,0.676333,42.1403,42.8166
29.2247,0.648197,42.0569,42.7051
29.2447,0.601518,41.766,42.3675
29.2647,0.588276,41.806,42.3943
29.2847,0.603506,41.5057,42.1092
29.3047,0.564295,41.4798,42.0441
29.3247,0.516439,41.6735,42.1899
29.3447,0.479336,41.4025,41.8818
29.3647,0.4944,41.2359,41.7303
29.3847,0.453449,41.1611,41.6145
29.4047,0.419112,40.874,41.2931
29.4247,0.3952,40.9414,41.3366
29.4447,0.386932,40.8143,41.2012
29.4647,0.360521,40.7981,41.1586
29.4847,0.3591,40.6573,41.0164
29.5047,0.3152,40.5685,40.8837
29.5247,0.359773,40.2989,40.6587
29.5447,0.292592,40.2171,40.5097
29.5647,0.278071,40.0989,40.3769
29.5847,0.274622,39.9164,40.191
29.6047,0.244741,39.8306,40.0753
29.6247,0.221117,39.7264,39.9475
29.6447,0.202695,39.7309,39.9336
29.6647,0.17794,39.4319,39.6098
29.6847,0.16301,39.4818,39.6448
29.7047,0.14576,39.387,39.5328
29.7247,0.148203,39.2846,39.4328
29.7447,0.133069,39.1434,39.2765
29.7647,0.132114,38.9365,39.0686
29.7847,0.124927,38.8698,38.9947
29.8047,0.113459,38.8195,38.9329
29.8247,0.107894,38.5506,38.6585
29.8447,0.0966086,38.6566,38.7532
29.8647,0.0647278,38.3326,38.3973
29.8847,0.0602923,38.3327,38.393
29.9047,0.0585665,37.9513,38.0098
29.9247,0.0384188,37.9817,38.0202
29.9447,0.0457598,38.0388,38.0846
29.9647,0.0365328,37.8416,37.8781
29.9847,0.0355581,37.7894,37.8249
30.0047,0.0213325,37.7643,37.7857
30.0247,0.0202277,37.722,37.7422
30.0447,0.0169183,37.4587,37.4756
30.0647,0.0147478,37.3311,37.3458
30.0847,0.00925688,37.1239,37.1332
30.1047,0.00857868,37.2309,37.2395
30.1247,0.0072972,36.9768,36.9841
30.1447,0.00953583,37.1257,37.1353
30.1647,0.00455381,36.6862,36.6907
30.1847,0.00441717,36.7898,36.7942
30.2047,0.000850814,36.5803,36.5812
30.2247,0.00179141,36.4758,36.4776
30.2447,0,36.397,36.397
30.2647,0,36.3439,36.3439
30.2847,0,36.1128,36.1128
30.3047,0,35.9151,35.9151
30.3247,0,36.027,36.027
30.3447,0,35.899,35.899
30.3647,0,35.8347,35.8347
30.3847,0,35.663,35.663
30.4047,0,35.4898,35.4898
30.4247,0,35.4195,35.4195
30.4447,0,35.3044,35.3044
30.4647,0,35.1018,35.1018
30.4847,0,34.9838,34.9838
30.5047,0,34.9336,34.9336
30.5247,0,34.874,34.874
30.5447,0,34.6599,34.6599
30.5647,0,34.5268,34.5268
30.5847,0,34.5874,34.5874
30.6047,0,34.3896,34.3896
30.6247,0,34.2266,34.2266
30.6447,0,34.254,34.254
30.6647,0,34.0626,34.0626
30.6847,0,33.9671,33.9671
30.7047,0,33.916,33.916
30.7247,0,33.7125,33.7125
30.7447,0,33.6114,33.6114
30.7647,0,33.5319,33.5319
30.7847,0,33.3304,33.3304
30.8047,0,33.3013,33.3013
30.8247,0,33.1067,33.1067
30.8447,0,33.1575,33.1575
30.8647,0,33.0956,33.0956
30.8847,0,32.8873,32.8873
30.9047,0,32.7454,32.7454
30.9247,0,32.683,32.683
30.9447,0,32.6739,32.6739
30.9647,0,32.4653,32.4653
30.9847,0,32.3386,32.3386
31.0047,0,32.3172,32.3172
31.0247,0,32.1732,32.1732
31.0447,0,32.0715,32.0715
31.0647,0,31.9611,31.9611
31.0847,0,31.8323,31.8323
31.1047,0,31.6439,31.6439
31.1247,0,31.5829,31.5829
31.1447,0,31.561,31.561
31.1647,0,31.3627,31.3627
31.1847,0,31.2561,31.2561
31.2047,0,31.143,31.143
31.2247,0,31.0644,31.0644
31.2447,0,31.0666,31.0666
31.2647,0,30.87,30.87
31.2847,0,30.6606,30.6606
31.3047,0,30.6387,30.6387
31.3247,0,30.6954,30.6954
31.3447,0,30.4826,30.4826
31.3647,0,30.349,30.349
31.3847,0,30.2112,30.2112
31.4047,0,30.1546,30.1546
31.4247,0,29.9425,29.9425
31.4447,0,29.8405,29.8405
31.4647,0,29.7572,29.7572
31.4847,0,29.6332,29.6332
31.5047,0,29.4328,29.4328
31.5247,0,29.4569,29.4569
31.5447,0,29.2835,29.2835
31.5647,0,29.1951,29.1951
31.5847,0,29.0271,29.0271
31.6047,0,29.1459,29.1459
31.6247,0,29.0481,29.0481
31.6447,0,28.9388,28.9388
31.6647,0,28.7805,28.7805
31.6847,0,28.6826,28.6826
31.7047,0,28.5616,28.5616
31.7247,0,28.3733,28.3733
31.7447,0,28.3613,28.3613
31.7647,0,28.2786,28.2786
31.7847,0,28.1493,28.1493
31.8047,0,28.178,28.178
31.8247,0,28.0406,28.0406
31.8447,0,27.8673,27.8673
31.8647,0,27.7612,27.7612
31.8847,0,27.7637,27.7637
31.9047,0,27.5246,27.5246
31.9247,0,27.4171,27.4171
31.9447,0,27.3275,27.3275
31.9647,0,27.314,27.314
31.9847,0,27.1714,27.1714
32.0047,0,26.9492,26.9492
32.0247,0,26.8683,26.8683
32.0447,0,26.7965,26.7965
32.0647,0,26.6887,26.6887
32.0847,0,26.6254,26.6254
32.1047,0,26.5704,26.5704
32.1247,0,26.4088,26.4088
32.1447,0,26.2469,26.2469
32.1647,0,26.1794,26.1794
32.1847,0,26.0982,26.0982
32.2047,0,26.0016,26.0016
32.2247,0,25.9524,25.9524
32.2447,0,25.9788,25.9788
32.2647,0,25.8005,25.8005
32.2847,0,25.5428,25.5428
32.3047,0,25.4973,25.4973
32.3247,0,25.4797,25.4797
32.3447,0,25.3773,25.3773
32.3647,0,25.2638,25.2638
32.3847,0,25.1397,25.1397
32.4047,0,25.0021,25.0021
32.4247,0,24.9536,24.9536
32.4447,0,24.8332,24.8332
32.4647,0,24.6765,24.6765
32.4847,0,24.5384,24.5384
32.5047,0,24.5599,24.5599
32.5247,0,24.5382,24.5382
32.5447,0,24.3327,24.3327
32.5647,0,24.3096,24.3096
32.5847,0,24.1851,24.1851
32.6047,0,24.1077,24.1077
32.6247,0,23.9127,23.9127
32.6447,0,23.8462,23.8462
32.6647,0,23.7194,23.7194
32.6847,0,23.6429,23.6429
32.7047,0,23.5336,23.5336
32.7247,0,23.4753,23.4753
32.7447,0,23.3017,23.3017
32.7647,0,23.248,23.248
32.7847,0,23.2566,23.2566
32.8047,0,23.0675,23.0675
32.8247,0,22.8907,22.8907
32.8447,0,22.9184,22.9184
32.8647,0,22.8503,22.8503
32.8847,0,22.7144,22.7144
32.9047,0,22.4601,22.4601
32.9247,0,22.4349,22.4349
32.9447,0,22.4661,22.4661
32.9647,0,22.2793,22.2793
32.9847,0,22.2708,22.2708
33.0047,0,22.1506,22.1506
33.0247,0,22.0013,22.0013
33.0447,0,21.8372,21.8372
33.0647,0,21.8846,21.8846
33.0847,0,21.7196,21.7196
33.1047,0,21.6619,21.6619
33.1247,0,21.6062,21.6062
33.1447,0,21.402,21.402
33.1647,0,21.3451,21.3451
33.1847,0,21.27,21.27
33.2047,0,21.1471,21.1471
33.2247,0,21.0184,21.0184
33.2447,0,20.9447,20.9447
33.2647,0,20.8979,20.8979
33.2847,0,20.7307,20.7307
33.3047,0,20.7394,20.7394
33.3247,0,20.5843,20.5843
33.3447,0,20.4682,20.4682
33.3647,0,20.3774,20.3774
33.3847,0,20.3172,20.3172
33.4047,0,20.2405,20.2405
33.4247,0,20.1101,20.1101
33.4447,0,19.8736,19.8736
33.4647,0,19.8737,19.8737
33.4847,0,19.7557,19.7557
33.5047,0,19.8239,19.8239
33.5247,0,19.6116,19.6116
33.5447,0,19.47,19.47
33.5647,0,19.415,19.415
33.5847,0,19.3589,19.3589
33.6047,0,19.3039,19.3039
33.6247,0,19.2869,19.2869
33.6447,0,19.0358,19.0358
33.6647,0,19.0543,19.0543
33.6847,0,18.8718,18.8718
33.7047,0,18.8447,18.8447
33.7247,0,18.7251,18.7251
33.7447,0,18.5429,18.5429
33.7647,0,18.4503,18.4503
33.7847,0,18.3779,18.3779
33.8047,0,18.3334,18.3334
33.8247,0,18.255,18.255
33.8447,0,18.1034,18.1034
33.8647,0,18.0426,18.0426
33.8847,0,17.893,17.893
33.9047,0,17.869,17.869
33.9247,0,17.8269,17.8269
33.9447,0,17.6665,17.6665
33.9647,0,17.4573,17.4573
33.9847,0,17.5301,17.5301
34.0047,0,17.4064,17.4064
34.0247,0,17.1906,17.1906
34.0447,0,17.2696,17.2696
34.0647,0,17.1764,17.1764
34.0847,0,17.0473,17.0473
34.1047,0,17.0198,17.0198
34.1247,0,16.815,16.815
34.1447,0,16.7827,16.7827
34.1647,0,16.7184,16.7184
34.1847,0,16.5641,16.5641
34.2047,0,16.6265,16.6265
34.2247,0,16.6045,16.6045
34.2447,0,16.4245,16.4245
34.2647,0,16.3189,16.3189
34.2847,0,16.1308,16.1308
34.3047,0,16.0637,16.0637
34.3247,0,16.0008,16.0008
34.3447,0,15.8649,15.8649
34.3647,0,15.8392,15.8392
34.3847,0,15.7326,15.7326
34.4047,0,15.8407,15.8407
34.4247,0,15.6609,15.6609
34.4447,0,15.5064,15.5064
34.4647,0,15.4724,15.4724
34.4847,0,15.362,15.362
34.5047,0,15.1998,15.1998
34.5247,0,15.157,15.157
34.5447,0,15.1948,15.1948
34.5647,0,14.9588,14.9588
34.5847,0,14.8672,14.8672
34.6047,0,14.7905,14.7905
34.6247,0,14.7672,14.7672
34.6447,0,14.6038,14.6038
34.6647,0,14.501,14.501
34.6847,0,14.4696,14.4696
34.7047,0,14.3193,14.3193
34.7247,0,14.2244,14.2244
34.7447,0,14.2077,14.2077
34.7647,0,14.1024,14.1024
34.7847,0,14.0435,14.0435
34.8047,0,13.8535,13.8535
34.8247,0,13.8717,13.8717
34.8447,0,13.7917,13.7917
34.8647,0,13.6782,13.6782
34.8847,0,13.5355,13.5355
34.9047,0,13.4843,13.4843
34.9247,0,13.4151,13.4151
34.9447,0,13.3775,13.3775
34.9647,0,13.3341,13.3341
34.9847,0,13.1798,13.1798
35.0047,0,13.1842,13.1842
35.0247,0,13.0339,13.0339
35.0447,0,12.9813,12.9813
35.0647,0,12.9673,12.9673
35.0847,0,12.8169,12.8169
35.1047,0,12.807,12.807
35.1247,0,12.6872,12.6872
35.1447,0,12.5377,12.5377
35.1647,0,12.5483,12.5483
35.1847,0,12.386,12.386
35.2047,0,12.3244,12.3244
35.2247,0,12.2758,12.2758
35.2447,0,12.2291,12.2291
35.2647,0,12.2043,12.2043
35.2847,0,12.0185,12.0185
35.3047,0,11.9708,11.9708
35.3247,0,11.8746,11.8746
35.3447,0,11.7577,11.7577
35.3647,0,11.7171,11.7171
35.3847,0,11.6099,11.6099
35.4047,0,11.4755,11.4755
35.4247,0,11.4837,11.4837
35.4447,0,11.3875,11.3875
35.4647,0,11.2957,11.2957
35.4847,0,11.2298,11.2298
35.5047,0,11.2824,11.2824
35.5247,0,11.0847,11.0847
35.5447,0,11.0863,11.0863
35.5647,0,10.9196,10.9196
35.5847,0,10.8348,10.8348
35.6047,0,10.8315,10.8315
35.6247,0,10.6971,10.6971
35.6447,0,10.5679,10.5679
35.6647,0,10.6117,10.6117
35.6847,0,10.4819,10.4819
35.7047,0,10.4335,10.4335
35.7247,0,10.3999,10.3999
35.7447,0,10.1855,10.1855
35.7647,0,10.1586,10.1586
35.7847,0,10.0865,10.0865
35.8047,0,10.0333,10.0333
35.8247,0,9.93782,9.93782
35.8447,0,9.82353,9.82353
35.8647,0,9.7532,9.7532
35.8847,0,9.77639,9.77639
35.9047,0,9.59279,9.59279
35.9247,0,9.57251,9.57251
35.9447,0,9.43253,9.43253
35.9647,0,9.38257,9.38257
35.9847,0,9.29137,9.29137
36.0047,0,9.22864,9.22864
36.0247,0,9.15968,9.15968
36.0447,0,9.09721,9.09721
36.0647,0,9.08868,9.08868
36.0847,0,8.95369,8.95369
36.1047,0,8.88628,8.88628
36.1247,0,8.82914,8.82914
36.1447,0,8.80138,8.80138
36.1647,0,8.73293,8.73293
36.1847,0,8.60772,8.60772
36.2047,0,8.57542,8.57542
36.2247,0,8.53419,8.53419
36.2447,0,8.48697,8.48697
36.2647,0,8.3775,8.3775
36.2847,0,8.20911,8.20911
36.3047,0,8.23869,8.23869
36.3247,0,8.16198,8.16198
36.3447,0,8.0831,8.0831
36.3647,0,8.01978,8.01978
36.3847,0,7.92148,7.92148
36.4047,0,7.90382,7.90382
36.4247,0,7.84897,7.84897
36.4447,0,7.73898,7.73898
36.4647,0,7.74246,7.74246
36.4847,0,7.56836,7.56836
36.5047,0,7.53812,7.53812
36.5247,0,7.43786,7.43786
36.5447,0,7.40274,7.40274
36.5647,0,7.3169,7.3169
36.5847,0,7.27449,7.27449
36.6047,0,7.20474,7.20474
36.6247,0,7.10499,7.10499
36.6447,0,7.07773,7.07773
36.6647,0,6.98935,6.98935
36.6847,0,6.85188,6.85188
36.7047,0,6.85125,6.85125
36.7247,0,6.80017,6.80017
36.7447,0,6.70569,6.70569
36.7647,0,6.61743,6.61743
36.7847,0,6.63519,6.63519
36.8047,0,6.55377,6.55377
36.8247,0,6.44233,6.44233
36.8447,0,6.4214,6.4214
36.8647,0,6.35331,6.35331
36.8847,0,6.28671,6.28671
36.9047,0,6.25944,6.25944
36.9247,0,6.1493,6.1493
36.9447,0,6.11886,6.11886
36.9647,0,6.01711,6.01711
36.9847,0,6.02097,6.02097
37.0047,0,5.90828,5.90828
37.0247,0,5.88556,5.88556
37.0447,0,5.79095,5.79095
37.0647,0,5.72599,5.72599
37.0847,0,5.68061,5.68061
37.1047,0,5.59459,5.59459
37.1247,0,5.51284,5.51284
37.1447,0,5.49426,5.49426
37.1647,0,5.39847,5.39847
37.1847,0,5.34317,5.34317
37.2047,0,5.29123,5.29123
37.2247,0,5.26645,5.26645
37.2447,0,5.14661,5.14661
37.2647,0,5.14753,5.14753
37.2847,0,5.08298,5.08298
37.3047,0,4.99216,4.99216
37.3247,0,4.98376,4.98376
37.3447,0,4.91856,4.91856
37.3647,0,4.82031,4.82031
37.3847,0,4.77053,4.77053
37.4047,0,4.68515,4.68515
37.4247,0,4.66651,4.66651
37.4447,0,4.60715,4.60715
37.4647,0,4.56645,4.56645
37.4847,0,4.49827,4.49827
37.5047,0,4.41313,4.41313
37.5247,0,4.47283,4.47283
37.5447,0,4.36494,4.36494
37.5647,0,4.31753,4.31753
37.5847,0,4.22318,4.22318
37.6047,0,4.19325,4.19325
37.6247,0,4.14931,4.14931
37.6447,0,4.14292,4.14292
37.6647,0,4.02915,4.02915
37.6847,0,3.97664,3.97664
37.7047,0,3.89465,3.89465
37.7247,0,3.88994,3.88994
37.7447,0,3.82312,3.82312
37.7647,0,3.7494,3.7494
37.7847,0,3.78989,3.78989
37.8047,0,3.67127,3.67127
37.8247,0,3.67209,3.67209
37.8447,0,3.5713,3.5713
37.8647,0,3.50995,3.50995
37.8847,0,3.49394,3.49394
37.9047,0,3.44546,3.44546
37.9247,0,3.3778,3.3778
37.9447,0,3.34103,3.34103
37.9647,0,3.29576,3.29576
37.9847,0,3.25069,3.25069
38.0047,0,3.23638,3.23638
38.0247,0,3.14531,3.14531
38.0447,0,3.08759,3.08759
38.0647,0,3.01121,3.01121
38.0847,0,2.9785,2.9785
38.1047,0,2.94366,2.94366
38.1247,0,2.92048,2.92048
38.1447,0,2.83897,2.83897
38.1647,0,2.79966,2.79966
38.1847,0,2.77096,2.77096
38.2047,0,2.75142,2.75142
38.2247,0,2.67866,2.67866
38.2447,0,2.62919,2.62919
38.2647,0,2.57844,2.57844
38.2847,0,2.60127,2.60127
38.3047,0,2.53541,2.53541
38.3247,0,2.46314,2.46314
38.3447,0,2.44037,2.44037
38.3647,0,2.3749,2.3749
38.3847,0,2.28767,2.28767
38.4047,0,2.23568,2.23568
38.4247,0,2.23097,2.23097
38.4447,0,2.1947,2.1947
38.4647,0,2.15731,2.15731
38.4847,0,2.11206,2.11206
38.5047,0,2.07528,2.07528
38.5247,0,2.0469,2.0469
38.5447,0,2.00855,2.00855
38.5647,0,1.93812,1.93812
38.5847,0,1.93336,1.93336
38.6047,0,1.92058,1.92058
38.6247,0,1.86051,1.86051
38.6447,0,1.85542,1.85542
38.6647,0,1.80785,1.80785
38.6847,0,1.75883,1.75883
38.7047,0,1.71032,1.71032
38.7247,0,1.69753,1.69753
38.7447,0,1.65654,1.65654
38.7647,0,1.62226,1.62226
38.7847,0,1.59754,1.59754
38.8047,0,1.55316,1.55316
38.8247,0,1.49456,1.49456
38.8447,0,1.4895,1.4895
38.8647,0,1.43778,1.43778
38.8847,0,1.38456,1.38456
38.9047,0,1.33519,1.33519
38.9247,0,1.33047,1.33047
38.9447,0,1.29396,1.29396
38.9647,0,1.24247,1.24247
38.9847,0,1.22813,1.22813
39.0047,0,1.18185,1.18185
39.0247,0,1.14739,1.14739
39.0447,0,1.12667,1.12667
39.0647,0,1.12339,1.12339
39.0847,0,1.07508,1.07508
39.1047,0,1.03956,1.03956
39.1247,0,1.01845,1.01845
39.1447,0,0.973855,0.973855
39.1647,0,0.961076,0.961076
39.1847,0,0.924074,0.924074
39.2047,0,0.876702,0.876702
39.2247,0,0.866761,0.866761
39.2447,0,0.844582,0.844582
39.2647,0,0.817466,0.817466
39.2847,0,0.773841,0.773841
39.3047,0,0.732987,0.732987
39.3247,0,0.730086,0.730086
39.3447,0,0.713039,0.713039
39.3647,0,0.682428,0.682428
39.3847,0,0.665528,0.665528
39.4047,0,0.640066,0.640066
39.4247,0,0.603568,0.603568
39.4447,0,0.581255,0.581255
39.4647,0,0.550776,0.550776
39.4847,0,0.530136,0.530136
39.5047,0,0.532558,0.532558
39.5247,0,0.487221,0.487221
39.5447,0,0.48225,0.48225
39.5647,0,0.457559,0.457559
39.5847,0,0.453648,0.453648
39.6047,0,0.421424,0.421424
39.6247,0,0.416044,0.416044
39.6447,0,0.397307,0.397307
39.6647,0,0.388722,0.388722
39.6847,0,0.374272,0.374272
39.7047,0,0.353533,0.353533
39.7247,0,0.321653,0.321653
39.7447,0,0.31245,0.31245
39.7647,0,0.28975,0.28975
39.7847,0,0.285022,0.285022
39.8047,0,0.2801,0.2801
39.8247,0,0.264075,0.264075
39.8447,0,0.250551,0.250551
39.8647,0,0.243347,0.243347
39.8847,0,0.221159,0.221159
39.9047,0,0.201157,0.201157
39.9247,0,0.198556,0.198556
39.9447,0,0.186205,0.186205
39.9647,0,0.177057,0.177057
39.9847,0,0.170486,0.170486
40.0047,0,0.163151,0.163151
40.0247,0,0.150653,0.150653
40.0447,0,0.12409,0.12409
40.0647,0,0.118172,0.118172
40.0847,0,0.107576,0.107576
40.1047,0,0.0954558,0.0954558
40.1247,0,0.0910676,0.0910676
40.1447,0,0.0790603,0.0790603
40.1647,0,0.0693916,0.0693916
40.1847,0,0.0638113,0.0638113
40.2047,0,0.0560516,0.0560516
40.2247,0,0.0530076,0.0530076
40.2447,0,0.0516479,0.0516479
40.2647,0,0.041141,0.041141
40.2847,0,0.0345709,0.0345709
40.3047,0,0.02983,0.02983
40.3247,0,0.0275399,0.0275399
40.3447,0,0.0215861,0.0215861
40.3647,0,0.0153063,0.0153063
40.3847,0,0.0121672,0.0121672
40.4047,0,0.00744037,0.00744037
40.4247,0,0.00618813,0.00618813
40.4447,0,0.00717783,0.00717783
40.4647,0,0.00556214,0.00556214
40.4847,0,0.00612162,0.00612162
40.5047,0,0.00585325,0.00585325
40.5247,0,0.00458794,0.00458794
40.5447,0,0.00325381,0.00325381
40.5647,0,0.00238605,0.00238605
40.5847,0,0.00121018,0.00121018
40.6047,0,0.00154511,0.00154511
40.6247,0,0.00212047,0.00212047
40.6447,0,0.00275412,0.00275412
