Time(ns),Ie(fC/ns),Ih(fC/ns),It(fC/ns)
0,567.241,235.444,802.685
0.0001,555.147,235.288,790.435
0.0002,552.557,236.42,788.977
0.0003,565.678,239.754,805.431
0.0004,573.872,239.52,813.392
0.0005,561.974,232.449,794.423
0.0006,561.811,240.502,802.313
0.0007,563.313,224.547,787.859
0.0008,559.409,236.61,796.019
0.0009,558.44,240.244,798.684
0.001,562.313,234.447,796.76
0.0011,569.149,239.301,808.451
0.0012,560.766,238.103,798.869
0.0013,554.795,239.128,793.923
0.0014,564.379,244.176,808.554
0.0015,561.22,241.062,802.282
0.0016,559.543,236.117,795.66
0.0017,578.786,238.901,817.687
0.0018,568.615,242.842,811.456
0.0019,563.129,240.997,804.126
0.002,554.707,236.398,791.105
0.0021,573.623,240.643,814.266
0.0022,553.295,237.624,790.919
0.0023,565.773,240.171,805.944
0.0024,562.351,238.367,800.718
0.0025,572.052,237.256,809.308
0.0026,565.898,234.573,800.472
0.0027,559.009,239.604,798.613
0.0028,557.01,236.332,793.343
0.0029,559.134,236.939,796.073
0.003,566.092,232.878,798.97
0.0031,552.886,238.758,791.644
0.0032,566.904,235.459,802.363
0.0033,562.218,241.335,803.553
0.0034,567.451,236.882,804.332
0.0035,554.013,239.857,793.87
0.0036,550.498,228.259,778.757
0.0037,559.292,240.913,800.205
0.0038,559.13,231.766,790.896
0.0039,554.938,229.127,784.065
0.004,565.789,236.533,802.323
0.0041,563.398,237.351,800.749
0.0042,569.945,241.107,811.052
0.0043,552.693,237.952,790.645
0.0044,559.657,243.928,803.584
0.0045,563.141,244.511,807.652
0.0046,554.259,233.084,787.343
0.0047,560.906,236.759,797.665
0.0048,561.989,234.186,796.175
0.0049,566.109,242.954,809.063
0.005,551.254,239.094,790.348
0.0051,557.436,235.608,793.044
0.0052,549.169,235.048,784.218
0.0053,551.732,234.935,786.667
0.0054,556.373,227.38,783.752
0.0055,564.446,238.513,802.96
0.0056,570.114,242.17,812.284
0.0057,553.187,235.434,788.621
0.0058,558.094,231.698,789.792
0.0059,552.055,238.712,790.767
0.006,559.706,233.677,793.383
0.0061,555.751,239.721,795.472
0.0062,558.38,236.884,795.264
0.0063,568.388,245.016,813.403
0.0064,564.696,241.374,806.07
0.0065,566.164,242.635,808.799
0.0066,560.29,236.939,797.23
0.0067,557.624,240.997,798.621
0.0068,550.373,237.094,787.467
0.0069,565.015,237.52,802.535
0.007,549.069,236.295,785.364
0.0071,565.348,238.031,803.379
0.0072,553.527,238.122,791.649
0.0073,552.602,242.762,795.364
0.0074,563.784,240.513,804.297
0.0075,564.586,241.998,806.584
0.0076,556.716,238.838,795.553
0.0077,571.22,235.153,806.373
0.0078,561.576,238.051,799.627
0.0079,566.95,244.52,811.47
0.008,563.062,231.916,794.978
0.0081,557.724,235.131,792.855
0.0082,566.943,228.009,794.951
0.0083,560.056,234.549,794.605
0.0084,568.998,239.652,808.65
0.0085,565.303,234.76,800.063
0.0086,560.093,239.436,799.529
0.0087,553.121,236.357,789.479
0.0088,557.514,238.045,795.559
0.0089,564.419,239.998,804.416
0.009,571.867,235.984,807.851
0.0091,563.412,240.573,803.985
0.0092,564.75,234.055,798.805
0.0093,551.883,237.807,789.691
0.0094,557.258,240.859,798.117
0.0095,567.942,236.179,804.121
0.0096,565.829,235.322,801.151
0.0097,557.131,235.358,792.489
0.0098,563.18,240.319,803.499
0.0099,562.887,236.912,799.799
0.01,557.381,231.85,789.231
0.0101,553.614,241.209,794.823
0.0102001,568.335,241.095,809.429
0.0103003,571.587,235.881,807.468
0.0104005,560.607,238.839,799.446
0.0105009,547.316,238.512,785.828
0.0106014,553.289,240.614,793.904
0.0107019,568.545,243.936,812.481
0.0108026,562.643,241.195,803.838
0.0109033,555.059,238.855,793.914
0.0110041,552.397,235.07,787.467
0.011105,557.13,235.261,792.391
0.011206,554.285,238.549,792.834
0.0113071,552.688,238.393,791.081
0.0114083,564.264,237.295,801.559
0.0115096,559.116,242.15,801.266
0.011611,555.822,238.156,793.978
0.0117124,556.941,233.737,790.677
0.011814,563.256,237.216,800.472
0.0119156,554.197,234.474,788.67
0.0120174,549.725,236.128,785.853
0.0121192,567.442,237.793,805.236
0.0122211,562.128,241.828,803.956
0.0123231,568.336,231.094,799.43
0.0124253,555.37,239.617,794.986
0.0125275,552.845,236.52,789.365
0.0126298,554.425,242.001,796.426
0.0127322,570.257,240.246,810.503
0.0128346,560.637,238.674,799.311
0.0129372,568.068,235.691,803.759
0.0130399,568.679,243.541,812.22
0.0131426,560.752,235.619,796.371
0.0132455,542.557,230.756,773.313
0.0133485,565.171,243.682,808.854
0.0134515,565.888,236.764,802.652
0.0135546,556.572,232.2,788.772
0.0136579,563.956,231.825,795.781
0.0137612,555.425,234.04,789.465
0.0138646,565.649,235.909,801.557
0.0139681,558.226,237.562,795.788
0.0140717,564.189,240.616,804.805
0.0141754,552.171,237.06,789.231
0.0142792,555.108,237.162,792.27
0.0143831,556.643,242.111,798.754
0.0144871,557.17,235.559,792.728
0.0145912,561.229,236.395,797.624
0.0146954,563.573,231.67,795.243
0.0147996,558.956,241.824,800.78
0.014904,563.261,237.979,801.24
0.0150084,567.722,238.366,806.087
0.015113,561.916,236.557,798.473
0.0152176,544.696,243.141,787.837
0.0153224,565.821,240.019,805.84
0.0154272,563.693,232.127,795.82
0.0155322,548.98,236.126,785.106
0.0156372,559.104,242.859,801.963
0.0157423,563.29,235.915,799.206
0.0158475,567.938,242.266,810.204
0.0159529,562.492,241.08,803.571
0.0160583,553.197,240.951,794.148
0.0161638,561.717,245.575,807.292
0.0162694,564.439,241.915,806.354
0.0163751,564.708,237.073,801.781
0.0164809,565.742,237.342,803.084
0.0165868,562.908,236.855,799.764
0.0166928,551.418,241.294,792.712
0.0167988,552.84,238.594,791.434
0.016905,558.791,239.587,798.377
0.0170113,554.045,239.89,793.935
0.0171177,565.232,236.019,801.251
0.0172241,568.741,230.865,799.606
0.0173307,570.65,236.069,806.719
0.0174374,556.948,233.725,790.674
0.0175441,561.903,241.956,803.859
0.017651,577.876,239.476,817.352
0.0177579,561.009,241.167,802.177
0.017865,576.667,240.155,816.822
0.0179721,561.354,235.161,796.514
0.0180794,559.265,236.659,795.924
0.0181867,571.849,238.857,810.706
0.0182942,550.849,239.674,790.523
0.0184017,565.338,241.228,806.566
0.0185094,565.778,233.81,799.589
0.0186171,557.029,242.371,799.399
0.0187249,548.522,240.071,788.593
0.0188329,559.872,240.499,800.371
0.0189409,558.807,240.795,799.602
0.019049,566.69,238,804.69
0.0191572,568.606,241.493,810.1
0.0192656,565.028,240.651,805.68
0.019374,563.513,245.79,809.303
0.0194825,564.205,238.385,802.59
0.0195911,557.438,237.899,795.337
0.0196999,567.148,234.431,801.579
0.0198087,565.841,238.257,804.098
0.0199176,561.407,230.026,791.433
0.0200266,550.747,246.448,797.195
0.0201357,562.161,233.641,795.802
0.0202449,565.646,239.642,805.288
0.0203543,556.627,237.208,793.835
0.0204637,560.766,237.479,798.245
0.0205732,555.949,235.609,791.558
0.0206828,560.561,242.478,803.039
0.0207925,549.559,233.285,782.844
0.0209023,563.422,228.704,792.125
0.0210122,558.038,235.494,793.533
0.0211222,557.117,239.702,796.82
0.0212323,553.219,230.02,783.239
0.0213426,572.329,235.712,808.041
0.0214529,559.949,243.29,803.239
0.0215633,567,234.66,801.66
0.0216738,561.154,233.771,794.924
0.0217844,546.22,241.955,788.175
0.0218951,565.899,237.266,803.165
0.0220059,571.38,239.691,811.071
0.0221168,553.389,239.058,792.447
0.0222279,557.765,238.733,796.498
0.022339,547.297,234.215,781.512
0.0224502,555.941,236.506,792.447
0.0225615,557.963,233.071,791.033
0.0226729,557.017,243.923,800.94
0.0227845,559.236,239.908,799.144
0.0228961,559.438,237.747,797.185
0.0230078,557.848,241.35,799.198
0.0231196,557.244,229.85,787.093
0.0232316,570.875,241.618,812.493
0.0233436,569.931,243.508,813.439
0.0234557,560.442,235.803,796.245
0.0235679,563.714,238.376,802.09
0.0236803,563.903,242.327,806.23
0.0237927,550.061,238.019,788.081
0.0239053,558.67,240.461,799.131
0.0240179,561.134,241.102,802.236
0.0241306,563.836,241.1,804.936
0.0242435,550.557,237.883,788.44
0.0243564,556.185,240.731,796.915
0.0244695,561.738,241.431,803.169
0.0245826,560.529,237.588,798.117
0.0246959,563.437,237.704,801.141
0.0248093,552.507,234.101,786.608
0.0249227,553.417,231.532,784.95
0.0250363,561.325,231.259,792.584
0.02515,566.682,235.934,802.616
0.0252637,549.603,237.179,786.782
0.0253776,553.098,236.31,789.408
0.0254916,564.435,242.988,807.423
0.0256057,551.906,237.5,789.406
0.0257199,556.392,239.344,795.735
0.0258341,563.431,239.609,803.04
0.0259485,557.61,236.706,794.316
0.026063,562.827,234.628,797.455
0.0261776,554.819,241.971,796.791
0.0262923,555.16,232.488,787.648
0.0264072,549.137,236.94,786.077
0.0265221,552.595,239.766,792.361
0.0266371,567.295,233.126,800.421
0.0267522,552.768,241.892,794.659
0.0268674,556.096,236.331,792.427
0.0269828,560.993,239.174,800.167
0.0270982,565.82,240.684,806.503
0.0272138,558.909,234.918,793.826
0.0273294,551.231,240.347,791.577
0.0274452,565.415,233.691,799.106
0.027561,551.066,238.672,789.739
0.027677,560.137,236.213,796.351
0.0277931,564.5,228.568,793.068
0.0279092,559.834,239.271,799.106
0.0280255,552.76,239.538,792.298
0.0281419,567.193,234.508,801.701
0.0282584,558.413,236.085,794.498
0.028375,559.972,240.73,800.703
0.0284917,561.165,236.376,797.541
0.0286085,568.764,233.396,802.16
0.0287254,556.195,237.783,793.978
0.0288424,570.432,237.599,808.03
0.0289596,559.177,237.096,796.273
0.0290768,560.95,243.712,804.662
0.0291942,557.639,239.782,797.421
0.0293116,553.788,238.935,792.723
0.0294292,559.196,239.197,798.393
0.0295468,564.661,231.592,796.253
0.0296646,558.842,234.385,793.227
0.0297825,557.451,236.138,793.589
0.0299005,568.069,236.782,804.851
0.0300185,548.396,238.548,786.944
0.0301367,563.652,232.462,796.115
0.0302551,556.199,240.675,796.875
0.0303735,550.354,237.941,788.294
0.030492,550.855,241.977,792.831
0.0306106,553.307,240.455,793.763
0.0307294,563.28,239.444,802.724
0.0308482,565.87,233.668,799.539
0.0309672,560.605,239.012,799.617
0.0310862,565.253,242.536,807.789
0.0312054,557.118,235.823,792.941
0.0313247,554.927,229.091,784.018
0.031444,557.437,245.27,802.707
0.0315635,560.288,233.853,794.142
0.0316831,561.394,240.616,802.01
0.0318029,560.332,242.282,802.614
0.0319227,555.86,238.405,794.265
0.0320426,568.128,243.19,811.318
0.0321626,566.61,240.732,807.342
0.0322828,556.643,235.425,792.068
0.032403,556.024,237.904,793.928
0.0325234,554.121,239.497,793.618
0.0326439,567.109,234.001,801.111
0.0327645,550.899,229.169,780.068
0.0328852,557.983,240.774,798.757
0.033006,558.787,239.869,798.656
0.0331269,558.892,242.244,801.136
0.0332479,568.451,236.86,805.311
0.033369,557.492,238.336,795.829
0.0334903,564.364,235.792,800.156
0.0336116,557.913,235.262,793.175
0.0337331,557.051,244.05,801.101
0.0338547,551.514,239.2,790.714
0.0339764,555.579,231.402,786.981
0.0340982,552.786,228.636,781.422
0.0342201,553.995,245.564,799.559
0.0343421,556.227,233.581,789.808
0.0344642,553.38,235.183,788.563
0.0345865,556.612,235.39,792.002
0.0347088,543.576,238.453,782.029
0.0348313,566.724,235.722,802.445
0.0349539,554.326,241.654,795.981
0.0350765,559.621,241.502,801.122
0.0351993,555.352,238.145,793.497
0.0353222,557.927,239.505,797.432
0.0354453,555.903,245.781,801.684
0.0355684,559.222,242.895,802.118
0.0356916,556.706,239.225,795.931
0.035815,550.431,233.583,784.013
0.0359385,561.766,234.593,796.359
0.036062,555.844,235.626,791.469
0.0361857,556.202,244.11,800.312
0.0363095,568.067,242.763,810.831
0.0364335,562.471,238.553,801.024
0.0365575,560.738,235.555,796.293
0.0366816,555.428,236.642,792.07
0.0368059,563.454,242.73,806.184
0.0369303,560.789,237.026,797.815
0.0370547,545.711,235.905,781.615
0.0371793,553.3,242.271,795.572
0.037304,552.189,238.253,790.442
0.0374289,560.417,239.956,800.374
0.0375538,561.524,243.286,804.811
0.0376789,557.115,237.501,794.616
0.037804,562.682,246.149,808.831
0.0379293,556.387,239.651,796.038
0.0380547,553.3,238.692,791.992
0.0381802,561.257,234.434,795.691
0.0383058,554.33,237.146,791.477
0.0384315,561.603,240.92,802.523
0.0385574,556.836,242.57,799.405
0.0386833,555.529,237.078,792.607
0.0388094,560.442,236.863,797.304
0.0389356,551.299,238.54,789.84
0.0390619,557.433,242.561,799.994
0.0391883,553.889,239.839,793.729
0.0393149,554.749,239.985,794.734
0.0394415,560.913,240.213,801.126
0.0395683,552.494,235.858,788.352
0.0396952,554.466,240.204,794.67
0.0398222,569.157,242.183,811.34
0.0399493,556.599,243.193,799.792
0.0400765,552.374,240.504,792.879
0.0402038,561.417,235.565,796.982
0.0403313,556.6,233.632,790.232
0.0404589,548.004,242.679,790.683
0.0405866,552.341,234.985,787.326
0.0407144,548.232,235.391,783.623
0.0408423,560.303,235.014,795.317
0.0409703,552.418,236.519,788.937
0.0410985,551.463,234.242,785.705
0.0412268,550.99,234.832,785.822
0.0413551,563.131,237.72,800.85
0.0414836,558.703,238.395,797.097
0.0416123,555.309,233.125,788.435
0.041741,552.845,238.471,791.316
0.0418699,560.086,236.257,796.343
0.0419988,559.009,241.302,800.311
0.0421279,556.557,243.031,799.588
0.0422571,550.754,235.275,786.028
0.0423865,554.558,238.101,792.659
0.0425159,556.548,240.809,797.357
0.0426455,557.888,236.077,793.965
0.0427751,563.248,242.569,805.818
0.0429049,558.79,239.424,798.214
0.0430348,546.39,233.658,780.047
0.0431649,546.92,239.238,786.158
0.043295,555.531,235.208,790.74
0.0434253,554.708,240.631,795.339
0.0435557,561.063,237.694,798.757
0.0436862,550.181,238.367,788.548
0.0438168,549.862,242.477,792.339
0.0439476,554.162,239.319,793.482
0.0440784,557.643,236.2,793.843
0.0442094,556.256,241.473,797.729
0.0443405,550.987,238.475,789.462
0.0444717,553.411,242.082,795.493
0.0446031,553.577,238.221,791.799
0.0447345,562.183,237.751,799.935
0.0448661,568.405,236.795,805.2
0.0449978,557.676,233.703,791.379
0.0451296,561.596,237.768,799.364
0.0452615,561.224,235.608,796.832
0.0453936,546.729,245.072,791.801
0.0455258,551.547,238.738,790.285
0.0456581,550.357,232.855,783.212
0.0457905,555.904,234.675,790.58
0.045923,558.666,236.276,794.942
0.0460557,554.132,241.875,796.007
0.0461885,557.336,236.119,793.454
0.0463214,557.324,240.713,798.038
0.0464544,564.324,237.203,801.527
0.0465875,556.265,232.552,788.817
0.0467208,549.551,237.514,787.065
0.0468542,556.689,233.238,789.927
0.0469877,559.758,246.643,806.401
0.0471213,554.144,236.665,790.809
0.047255,552.12,238.351,790.472
0.0473889,556.828,237.911,794.74
0.0475229,563.174,241.821,804.995
0.047657,566.185,239.738,805.922
0.0477912,558.461,239.969,798.43
0.0479256,554.032,241.414,795.446
0.0480601,550.149,242.063,792.212
0.0481947,549.384,236.278,785.662
0.0483294,552.046,234.31,786.356
0.0484642,563.575,240.852,804.427
0.0485992,555.435,245.741,801.176
0.0487343,559.621,239.581,799.202
0.0488695,549.658,243.246,792.904
0.0490048,560.974,233.715,794.689
0.0491403,556.983,234.208,791.19
0.0492759,560.521,238.341,798.862
0.0494116,551.657,234.487,786.144
0.0495474,549.123,232.927,782.05
0.0496834,545.401,235.856,781.256
0.0498194,555.958,235.512,791.47
0.0499556,560.09,236.489,796.579
0.050092,556.147,238.954,795.102
0.0502284,558.535,239.917,798.453
0.050365,561.369,243.007,804.376
0.0505017,550.13,242.78,792.91
0.0506385,558.819,243.234,802.053
0.0507754,554.758,240.669,795.427
0.0509125,549.753,244.074,793.827
0.0510497,557.323,244.204,801.527
0.051187,554.181,236.54,790.721
0.0513245,548.444,240.649,789.093
0.051462,559.428,239.539,798.966
0.0515997,557.905,239.646,797.551
0.0517375,549.785,236.446,786.231
0.0518755,559.441,236.251,795.691
0.0520136,552.995,235.682,788.677
0.0521518,553.291,242.103,795.393
0.0522901,555.461,237.068,792.529
0.0524285,552.408,238.762,791.17
0.0525671,546.407,242.773,789.18
0.0527058,560.63,243.867,804.497
0.0528446,558.675,238.042,796.717
0.0529836,556.116,241.632,797.749
0.0531226,552.05,242.597,794.646
0.0532618,553.568,235.904,789.472
0.0534012,556.608,240.187,796.795
0.0535406,557.684,239.614,797.298
0.0536802,553.225,244.7,797.925
0.0538199,556.998,236.685,793.683
0.0539597,561.769,243.944,805.712
0.0540997,554.359,241.924,796.283
0.0542398,554.56,236.481,791.041
0.05438,552.378,236.879,789.257
0.0545204,557.049,237.435,794.484
0.0546608,558.308,241.948,800.256
0.0548014,553.409,238.36,791.769
0.0549422,554.537,234.493,789.031
0.055083,559.051,238.552,797.603
0.055224,551.824,233.398,785.223
0.0553651,555.622,238.715,794.338
0.0555064,554.487,238.778,793.265
0.0556477,554.259,245.173,799.432
0.0557892,541.251,233.915,775.166
0.0559309,566.025,234.309,800.334
0.0560726,541.487,239.041,780.527
0.0562145,552.453,236.38,788.833
0.0563565,557.93,239.501,797.431
0.0564987,549.949,238.875,788.824
0.0566409,556.321,240.75,797.07
0.0567833,552.289,241.171,793.461
0.0569259,551.187,232.491,783.678
0.0570685,551.318,235.006,786.324
0.0572113,547.639,243.489,791.129
0.0573542,548.884,241.763,790.647
0.0574973,554.146,240.844,794.99
0.0576405,550.437,240.579,791.016
0.0577838,551.559,239.514,791.074
0.0579272,557.575,239.631,797.206
0.0580708,564.623,234.671,799.294
0.0582145,557.227,240.796,798.023
0.0583583,553.269,240.082,793.351
0.0585023,548.222,241.62,789.842
0.0586464,546.742,244.38,791.122
0.0587906,560.154,242.226,802.38
0.0589349,545.909,233.498,779.407
0.0590794,548.958,245.303,794.26
0.059224,567.413,239.751,807.164
0.0593688,559.795,233.586,793.382
0.0595137,556.948,236.282,793.23
0.0596587,560.131,237.997,798.128
0.0598038,554.919,237.817,792.735
0.0599491,552.489,238.883,791.372
0.0600945,559.819,236.838,796.657
0.0602401,557.254,237.862,795.117
0.0603857,548.214,237.478,785.691
0.0605315,546.633,242.312,788.945
0.0606775,562.19,240.968,803.158
0.0608235,539.953,242.701,782.654
0.0609697,561.76,243.401,805.161
0.0611161,546.532,231.888,778.419
0.0612625,552.435,243.648,796.083
0.0614092,549.436,231.311,780.747
0.0615559,549.905,236.883,786.787
0.0617028,558.136,242.451,800.586
0.0618498,543.575,243.331,786.906
0.0619969,562.237,238.53,800.768
0.0621442,550.455,244.246,794.701
0.0622916,537.418,236.408,773.826
0.0624391,553.425,231.041,784.466
0.0625868,545.54,234.255,779.795
0.0627346,551.515,234.23,785.744
0.0628825,548.918,245.299,794.217
0.0630306,549.577,232.234,781.811
0.0631788,557.911,238.894,796.805
0.0633272,554.903,238.137,793.039
0.0634756,548.892,235.714,784.606
0.0636242,548.835,238.977,787.812
0.063773,562.568,241.81,804.378
0.0639219,554.457,235.585,790.042
0.0640709,556.313,237.027,793.34
0.0642201,554.312,234.333,788.645
0.0643693,546.079,244.01,790.088
0.0645188,555.488,239.833,795.321
0.0646683,553.621,241.346,794.967
0.064818,552.249,234.2,786.449
0.0649679,552.233,237.328,789.561
0.0651178,546.034,235.032,781.067
0.0652679,558.166,236.305,794.471
0.0654182,562.285,240.702,802.987
0.0655686,557.568,240.787,798.355
0.0657191,553.897,233.575,787.471
0.0658697,553.878,241.196,795.074
0.0660205,554.558,238.921,793.479
0.0661715,545.808,235.105,780.913
0.0663225,544.385,239.731,784.115
0.0664737,554.471,240.212,794.683
0.0666251,548.169,240.574,788.743
0.0667765,551.072,242.215,793.287
0.0669282,558.402,237.776,796.179
0.0670799,545.506,248.492,793.998
0.0672318,550.785,242.732,793.517
0.0673838,542.391,242.042,784.433
0.067536,555.739,243.948,799.687
0.0676883,549.083,239.546,788.629
0.0678407,548.247,239.134,787.381
0.0679933,557.874,235.341,793.215
0.0681461,553.854,233.528,787.382
0.0682989,550.299,237.092,787.39
0.0684519,554.971,242.058,797.029
0.068605,549.961,238.256,788.217
0.0687583,550.805,241.247,792.052
0.0689117,552.699,248.101,800.8
0.0690653,550.481,234.566,785.048
0.069219,553.815,235.628,789.443
0.0693728,552.658,233.789,786.447
0.0695268,551.446,236.674,788.121
0.0696809,555.373,236.668,792.041
0.0698352,552.013,237.478,789.492
0.0699896,551.404,240.545,791.95
0.0701441,547.302,232.326,779.628
0.0702988,548,239.499,787.499
0.0704536,538.671,242.502,781.172
0.0706086,550.708,240.717,791.426
0.0707637,555.11,242.524,797.635
0.0709189,553.141,241.673,794.813
0.0710743,553.833,238.117,791.95
0.0712298,559.553,235.009,794.562
0.0713855,541.511,243.656,785.168
0.0715413,553.721,240.486,794.207
0.0716972,556.613,233.872,790.485
0.0718533,552.712,240.828,793.54
0.0720095,546.2,236.896,783.097
0.0721659,552.473,236.248,788.721
0.0723224,547.892,236.55,784.441
0.0724791,547.019,242.135,789.154
0.0726359,555.694,242.174,797.868
0.0727928,554.12,247.552,801.672
0.0729499,548.375,237.112,785.488
0.0731071,560.826,236.943,797.769
0.0732645,551.981,243.113,795.095
0.073422,541.969,237.157,779.126
0.0735797,546.34,241.194,787.534
0.0737375,545.787,239.952,785.739
0.0738954,542.262,235.293,777.555
0.0740535,548.574,235.576,784.15
0.0742117,545.264,235.887,781.15
0.0743701,552.224,237.139,789.363
0.0745286,554.363,239.488,793.852
0.0746873,549.849,243.408,793.257
0.0748461,545.712,236.69,782.402
0.075005,545.335,240.561,785.896
0.0751641,551.778,235.946,787.725
0.0753234,546.349,238.315,784.664
0.0754828,551.213,231.477,782.689
0.0756423,547.609,240.764,788.372
0.075802,549.512,236.893,786.405
0.0759618,559.319,244.516,803.835
0.0761218,554.45,236.997,791.447
0.0762819,559.074,245.422,804.496
0.0764421,545.129,238.549,783.679
0.0766025,553.731,244.154,797.885
0.0767631,540.597,243.512,784.109
0.0769238,553.145,238.224,791.369
0.0770846,549.961,236.689,786.651
0.0772456,556.101,245.972,802.073
0.0774067,550.971,242.772,793.743
0.077568,553.734,239.85,793.584
0.0777294,556.876,247.093,803.969
0.077891,550.991,237.807,788.799
0.0780527,539.766,234.97,774.736
0.0782146,540.63,235.577,776.206
0.0783766,547.991,242.783,790.774
0.0785388,553.839,236.957,790.796
0.0787011,551.141,237.806,788.947
0.0788635,549.232,238.007,787.239
0.0790261,547.883,240.376,788.259
0.0791889,554.403,240.94,795.344
0.0793518,550.99,235.314,786.304
0.0795148,539.039,241.654,780.693
0.079678,539.626,238.2,777.826
0.0798414,543.927,240.344,784.271
0.0800049,552.653,232.14,784.793
0.0801685,552.976,234.58,787.556
0.0803323,549.227,244.231,793.458
0.0804962,553.65,240.463,794.112
0.0806603,558.244,238.354,796.599
0.0808245,554.049,239.632,793.682
0.0809889,540.88,239.159,780.039
0.0811535,549.493,239.428,788.921
0.0813182,552.274,239.411,791.685
0.081483,548.818,232.996,781.815
0.081648,552.129,240.914,793.043
0.0818131,538.079,235.02,773.099
0.0819784,539.077,244.715,783.792
0.0821438,549.787,237.829,787.616
0.0823094,552.603,239.754,792.356
0.0824751,550.259,235.042,785.3
0.082641,544.794,237.786,782.58
0.0828071,554.362,242.066,796.428
0.0829733,544.246,242.715,786.961
0.0831396,547.509,239.058,786.567
0.0833061,548.922,239.259,788.181
0.0834727,550.739,235.066,785.805
0.0836395,545.594,240.008,785.602
0.0838065,554.142,240.199,794.341
0.0839736,544.587,236.317,780.904
0.0841408,549.163,238.233,787.396
0.0843082,551.249,241.452,792.701
0.0844758,542.341,242.31,784.65
0.0846435,548.527,241.273,789.799
0.0848113,548.371,238.158,786.53
0.0849793,550.532,240.819,791.351
0.0851475,549.164,240.143,789.307
0.0853158,544.96,242.096,787.056
0.0854843,547.732,242.227,789.958
0.0856529,546.426,231.404,777.829
0.0858217,544.022,244.058,788.08
0.0859906,553.149,237.749,790.898
0.0861597,545.976,242.336,788.312
0.0863289,546.726,241.731,788.457
0.0864983,545.311,241.023,786.333
0.0866679,542.54,235.314,777.854
0.0868376,548.547,239.071,787.619
0.0870074,550.858,240.43,791.288
0.0871774,552.502,242.589,795.091
0.0873476,540.617,239.402,780.019
0.0875179,545.572,239.472,785.044
0.0876884,546.384,238.533,784.918
0.087859,545.766,243.365,789.132
0.0880298,552.085,237.969,790.053
0.0882007,556.368,238.866,795.234
0.0883718,544.929,232.864,777.793
0.0885431,553.069,237.227,790.296
0.0887145,541.529,241.674,783.202
0.088886,541.384,238.593,779.977
0.0890577,550.39,240.336,790.727
0.0892296,546.84,237.877,784.717
0.0894016,544.39,234.019,778.409
0.0895738,549.145,241.494,790.638
0.0897462,549.564,242.068,791.632
0.0899186,546.082,242.998,789.08
0.0900913,555.199,242.176,797.374
0.0902641,551.603,242.84,794.443
0.0904371,551.244,243.093,794.337
0.0906102,549.731,242.479,792.21
0.0907835,544.659,242.003,786.662
0.0909569,549.533,237.3,786.833
0.0911305,544.848,237.485,782.333
0.0913043,549.315,240.151,789.465
0.0914782,550.426,239.529,789.955
0.0916523,548.776,239.759,788.535
0.0918265,548.664,242.686,791.35
0.0920009,545.834,240.213,786.047
0.0921754,553.059,240.678,793.737
0.0923501,562.53,238.475,801.005
0.092525,542.85,242.7,785.55
0.0927,545.693,238.845,784.538
0.0928752,547.569,238.622,786.192
0.0930505,557.74,242.075,799.815
0.093226,539.148,239.122,778.27
0.0934017,544.815,238.283,783.098
0.0935775,542.936,236.721,779.658
0.0937535,548.973,238.662,787.635
0.0939296,546.663,237.984,784.646
0.0941059,541.106,243.461,784.566
0.0942824,551.035,244.535,795.569
0.094459,552.751,243.006,795.757
0.0946358,551.642,241.895,793.537
0.0948127,552.513,236.848,789.361
0.0949898,549.121,234.048,783.169
0.0951671,545.442,239.961,785.403
0.0953445,545.277,235.8,781.077
0.0955221,542.208,242.308,784.516
0.0956999,555.933,242.237,798.17
0.0958778,546.158,235.567,781.726
0.0960558,548.367,237.998,786.366
0.0962341,542.935,230.817,773.752
0.0964125,552.224,243.787,796.011
0.096591,547.301,239.466,786.767
0.0967697,538.339,243.061,781.4
0.0969486,550.379,239.48,789.859
0.0971277,548.157,238.146,786.303
0.0973069,546.268,248.972,795.241
0.0974862,548.446,235.175,783.621
0.0976658,551.167,241.059,792.226
0.0978455,539.597,240.718,780.314
0.0980253,554.419,236.83,791.25
0.0982054,551.067,239.302,790.369
0.0983855,549.562,241.516,791.077
0.0985659,553.761,239.926,793.686
0.0987464,538.749,244.032,782.781
0.0989271,548.582,235.359,783.941
0.0991079,544.025,237.502,781.526
0.0992889,546.647,236.602,783.25
0.0994701,546.95,238.231,785.181
0.0996514,542.367,237.48,779.846
0.099833,536.363,238.151,774.514
0.100015,551.038,242.203,793.241
0.100196,543.86,238.615,782.475
0.100378,540.614,243.101,783.715
0.100561,552.019,238.361,790.38
0.100743,544.643,241.532,786.174
0.100925,552.611,240.078,792.689
0.101108,549.17,241.349,790.519
0.101291,544.085,240.181,784.266
0.101474,549.405,244.12,793.525
0.101657,551.35,236.315,787.665
0.10184,546.343,245.332,791.675
0.102024,540.28,243.677,783.957
0.102208,538.056,239.485,777.541
0.102391,553.359,238.176,791.535
0.102575,546.358,247.748,794.107
0.10276,547.443,240.092,787.536
0.102944,536.7,237.535,774.235
0.103128,548.202,242.343,790.545
0.103313,542.776,241.558,784.335
0.103498,548.647,240.456,789.103
0.103683,547.517,238.996,786.514
0.103868,544.275,241.264,785.539
0.104053,543.223,239.129,782.353
0.104239,557.175,237.877,795.052
0.104425,550.5,239.976,790.476
0.10461,541.827,237.746,779.573
0.104796,553.646,241.604,795.25
0.104983,534.999,245.605,780.605
0.105169,538.55,242.111,780.661
0.105355,545.424,247.372,792.796
0.105542,539.83,239.34,779.17
0.105729,543.511,241.026,784.536
0.105916,542.815,238.336,781.15
0.106103,543.71,236.52,780.23
0.106291,543.321,245.058,788.38
0.106478,549.232,238.303,787.535
0.106666,541.156,241.275,782.431
0.106854,550.785,242.171,792.956
0.107042,547.573,243.864,791.438
0.10723,545.123,237.928,783.051
0.107418,548.515,242.636,791.151
0.107607,542.58,235.661,778.241
0.107796,543.625,242.169,785.794
0.107985,550.496,235.069,785.564
0.108174,541.516,234.559,776.075
0.108363,543.284,243.132,786.416
0.108552,546.27,237.49,783.76
0.108742,547.598,242.096,789.694
0.108932,533.327,235.355,768.683
0.109122,542.525,240.81,783.335
0.109312,544.416,241.909,786.325
0.109502,544.239,242.03,786.27
0.109692,543.459,237.531,780.99
0.109883,548.408,239.932,788.341
0.110074,549.319,237.578,786.897
0.110265,538.774,234.948,773.722
0.110456,545.039,237.479,782.519
0.110647,535.582,242.196,777.779
0.110839,546.123,242.121,788.244
0.11103,545.055,235.236,780.291
0.111222,544.601,241.536,786.137
0.111414,544.872,234.034,778.906
0.111607,540.947,242.107,783.055
0.111799,543.836,244.456,788.293
0.111991,544.013,237.959,781.972
0.112184,545.32,238.206,783.527
0.112377,539.839,240.434,780.273
0.11257,537.6,242.551,780.152
0.112763,543.845,233.021,776.867
0.112957,534.682,239.021,773.702
0.11315,541.671,241.207,782.879
0.113344,546.943,242.127,789.07
0.113538,539.325,236.62,775.945
0.113732,546.651,237.384,784.035
0.113927,548.965,243.168,792.133
0.114121,548.478,241.52,789.998
0.114316,538.624,241.068,779.692
0.11451,546.92,241.47,788.39
0.114706,545.945,236.434,782.379
0.114901,548.092,240.924,789.016
0.115096,544.326,242.523,786.849
0.115292,546.737,241.81,788.548
0.115487,539.056,240.344,779.401
0.115683,542.075,238.167,780.242
0.115879,534.347,243.218,777.565
0.116076,541.682,240.514,782.196
0.116272,542.552,241.926,784.478
0.116469,545.172,241.096,786.268
0.116665,540.27,243.954,784.224
0.116862,534.332,237.3,771.632
0.117059,544.15,240.407,784.556
0.117257,541.824,243.688,785.512
0.117454,540.865,237.836,778.701
0.117652,543.621,237.419,781.04
0.11785,545.566,237.688,783.254
0.118048,546.233,240.189,786.422
0.118246,544.297,239.249,783.547
0.118445,542.681,240.145,782.826
0.118643,548.502,239.962,788.464
0.118842,540.928,238.009,778.937
0.119041,544.681,235.894,780.575
0.11924,546.322,243.42,789.742
0.119439,541.668,240.287,781.955
0.119639,550.754,238.887,789.641
0.119838,533.006,243.451,776.457
0.120038,543.322,237.641,780.963
0.120238,544.329,240.879,785.208
0.120439,543.187,239.064,782.251
0.120639,533.104,240.391,773.494
0.12084,540.179,244.141,784.319
0.12104,540.93,236.223,777.153
0.121241,542.039,241.063,783.101
0.121442,542.935,235.586,778.521
0.121644,548.077,238.391,786.468
0.121845,538.472,243.719,782.191
0.122047,544.198,238.885,783.083
0.122249,539.241,240.589,779.83
0.122451,545.851,244.781,790.632
0.122653,542.4,241.188,783.587
0.122855,551.828,238.298,790.126
0.123058,546.038,237.026,783.064
0.123261,544.69,243.319,788.009
0.123464,540.412,245.881,786.293
0.123667,538.237,239.006,777.242
0.12387,537.498,235.859,773.357
0.124074,536.265,242.384,778.649
0.124277,540.44,241.497,781.937
0.124481,539.387,238.396,777.782
0.124685,549.079,239.389,788.468
0.12489,543.84,241.436,785.276
0.125094,548.006,236.941,784.947
0.125299,536.966,242.565,779.53
0.125504,540.344,236.535,776.879
0.125709,535.873,244.505,780.378
0.125914,542.381,241.334,783.715
0.126119,534.729,236.927,771.656
0.126325,546.506,247.91,794.416
0.12653,541,238.744,779.744
0.126736,538.73,240.895,779.625
0.126942,538.664,235.762,774.426
0.127149,544.243,245.135,789.378
0.127355,538.416,241.113,779.53
0.127562,542.634,234.902,777.537
0.127769,540.578,243.645,784.222
0.127976,542.53,241.286,783.816
0.128183,545.197,237.296,782.493
0.128391,540.578,243.509,784.087
0.128598,528.851,245.7,774.551
0.128806,545.264,237.563,782.827
0.129014,536.854,236.965,773.819
0.129222,541.475,238.149,779.624
0.129431,539.021,241.703,780.724
0.129639,549.908,237.561,787.469
0.129848,537.354,241.208,778.562
0.130057,541.73,243.395,785.125
0.130266,548.781,241.126,789.907
0.130475,540.771,240.64,781.412
0.130685,542.697,237.987,780.684
0.130895,539.404,237.349,776.753
0.131105,540.002,245.767,785.768
0.131315,543.768,239.968,783.736
0.131525,540.705,243.776,784.482
0.131735,542.749,242.123,784.871
0.131946,537.019,245.604,782.623
0.132157,541.007,242.096,783.103
0.132368,543.982,235.636,779.618
0.132579,534.661,244.803,779.464
0.132791,546.845,240.177,787.022
0.133002,543.049,242.542,785.591
0.133214,531.705,248.813,780.518
0.133426,538.868,244.361,783.228
0.133638,537.798,245.731,783.529
0.133851,547.121,234.124,781.244
0.134063,539.448,241.803,781.251
0.134276,544.032,240.248,784.28
0.134489,535.347,239.606,774.953
0.134702,545.454,240.022,785.476
0.134916,542.28,244.054,786.334
0.135129,539.988,236.296,776.284
0.135343,546.398,239.394,785.792
0.135557,536.436,239.094,775.529
0.135771,547.026,242.896,789.923
0.135985,541.319,240.09,781.409
0.1362,540.464,242.955,783.419
0.136415,536.903,240.54,777.442
0.13663,533.751,238.062,771.814
0.136845,531.525,239.409,770.934
0.13706,545.07,238.821,783.891
0.137275,543.851,237.143,780.993
0.137491,535.25,237.085,772.336
0.137707,545.722,243.885,789.607
0.137923,539.337,241.874,781.211
0.138139,541.867,236.396,778.263
0.138356,536.65,241.099,777.749
0.138573,536.939,236.756,773.696
0.13879,537.19,238.771,775.962
0.139007,537.91,237.682,775.593
0.139224,533.659,238.244,771.904
0.139441,534.704,245.952,780.656
0.139659,538.505,241.296,779.801
0.139877,542.693,239.399,782.092
0.140095,540.873,242.703,783.576
0.140313,534.032,238.284,772.316
0.140532,538.527,241.49,780.017
0.14075,542.053,242.931,784.984
0.140969,554.027,242.097,796.124
0.141188,534.742,243.039,777.78
0.141408,541.084,248.464,789.547
0.141627,534.626,240.369,774.996
0.141847,539.888,238.189,778.077
0.142067,540.936,238.47,779.406
0.142287,539.296,243.225,782.521
0.142507,539.271,242.906,782.177
0.142727,538.679,238.488,777.167
0.142948,544.202,244.32,788.522
0.143169,533.489,235.307,768.796
0.14339,541.02,241.406,782.426
0.143611,533.883,243.184,777.067
0.143833,539.25,235.02,774.27
0.144054,548.087,239.267,787.354
0.144276,543.433,241.74,785.173
0.144498,544.287,237.275,781.562
0.144721,545.247,244.1,789.347
0.144943,540.416,241.125,781.541
0.145166,534.303,239.854,774.157
0.145389,537.203,243.296,780.499
0.145612,539.754,241.326,781.08
0.145835,541.423,238.623,780.046
0.146058,538.416,241.822,780.238
0.146282,545.508,240.269,785.777
0.146506,533.179,241.725,774.904
0.14673,532.258,240.492,772.75
0.146954,541.176,238.727,779.903
0.147179,533.81,241.029,774.839
0.147404,537.273,244.331,781.604
0.147629,534.924,240.796,775.721
0.147854,545.476,242.493,787.969
0.148079,541.691,241.363,783.054
0.148304,538.788,244.763,783.551
0.14853,535.4,235.363,770.763
0.148756,535.416,238.228,773.644
0.148982,536.152,241.496,777.648
0.149209,533.869,239.013,772.882
0.149435,530.966,245.46,776.426
0.149662,536.815,240.01,776.825
0.149889,542.635,243.66,786.295
0.150116,535.709,241.469,777.178
0.150343,532.858,244.755,777.614
0.150571,537.63,244.488,782.118
0.150799,534.773,241.281,776.054
0.151027,539.503,240.357,779.86
0.151255,533.391,247.918,781.309
0.151483,535.827,240.168,775.996
0.151712,541.16,241.5,782.66
0.151941,537.165,236.208,773.373
0.15217,535.791,243.048,778.838
0.152399,537.997,245.604,783.602
0.152629,536.668,239.501,776.17
0.152858,535.64,241.287,776.927
0.153088,536.284,240.401,776.685
0.153318,535.442,243.796,779.238
0.153549,534.66,240.57,775.23
0.153779,538.688,241.489,780.177
0.15401,539.466,238.508,777.974
0.154241,542.956,242.431,785.387
0.154472,541.563,236.986,778.549
0.154703,539.182,241.622,780.805
0.154935,540.564,242.773,783.338
0.155166,525.542,244.24,769.782
0.155398,534.224,239.749,773.973
0.155631,532.359,241.029,773.388
0.155863,542.32,245.784,788.105
0.156096,529.26,238.81,768.07
0.156328,536.974,242.094,779.068
0.156561,536.104,243.93,780.034
0.156795,543.286,240.069,783.355
0.157028,531.006,241.681,772.687
0.157262,539.752,243.889,783.642
0.157496,542.821,241.599,784.419
0.15773,540.83,244.813,785.643
0.157964,540.945,246.113,787.058
0.158199,539.006,239.641,778.647
0.158433,537.297,241.746,779.043
0.158668,531.255,236.565,767.82
0.158903,538.49,243.57,782.06
0.159139,540.605,239.105,779.71
0.159374,535.309,242.506,777.815
0.15961,536.048,242.629,778.678
0.159846,540.413,243.822,784.235
0.160082,533.275,238.681,771.956
0.160319,538.971,240.182,779.153
0.160555,533.059,242.885,775.944
0.160792,526.696,240.286,766.982
0.161029,535.6,242.35,777.95
0.161267,539.222,241.459,780.681
0.161504,531.998,241.075,773.072
0.161742,539.221,244.035,783.256
0.16198,539.843,243.448,783.291
0.162218,537.11,239.809,776.919
0.162456,542.233,243.875,786.108
0.162695,537.706,237.766,775.472
0.162934,530.824,242.41,773.233
0.163173,537.745,238.118,775.863
0.163412,533.897,243.224,777.121
0.163652,533.338,246.944,780.283
0.163891,533.941,244.475,778.415
0.164131,527.517,245.44,772.957
0.164371,536.077,243.032,779.109
0.164612,541.114,246.062,787.177
0.164852,529.915,243.998,773.913
0.165093,537.08,241.795,778.876
0.165334,536.897,241.844,778.741
0.165575,532.287,246.455,778.742
0.165817,535.315,241.482,776.796
0.166058,537.724,243.353,781.077
0.1663,543.238,242.22,785.459
0.166542,530.031,238.011,768.042
0.166785,536.388,240.626,777.014
0.167027,540.809,242.819,783.628
0.16727,535.483,246.212,781.695
0.167513,540.927,238.708,779.635
0.167756,533.214,246.317,779.531
0.167999,529.053,242.363,771.416
0.168243,538.274,241.091,779.365
0.168487,531.927,240.213,772.14
0.168731,536.116,241.81,777.927
0.168975,535.583,240.777,776.359
0.16922,530.816,241.196,772.012
0.169465,539.093,238.538,777.631
0.16971,536.688,241.116,777.804
0.169955,530.65,241.334,771.985
0.1702,536.958,241.943,778.901
0.170446,533.584,237.218,770.803
0.170692,528.783,243.971,772.753
0.170938,537.426,238.747,776.173
0.171184,535.607,242.563,778.17
0.171431,532.302,242.275,774.577
0.171677,534.826,241.281,776.107
0.171924,531.749,239.759,771.508
0.172171,533.32,241.25,774.57
0.172419,530.174,240.371,770.545
0.172667,530.561,242.009,772.57
0.172914,534.232,244.492,778.724
0.173163,538.142,237.818,775.961
0.173411,541.329,243.274,784.602
0.173659,537.584,241.601,779.185
0.173908,531.767,238.761,770.528
0.174157,530.66,241.275,771.935
0.174406,533.74,240.445,774.185
0.174656,533.678,238.198,771.876
0.174906,532.237,237.25,769.486
0.175156,532.215,241.053,773.268
0.175406,528.49,238.185,766.675
0.175656,531.48,240.897,772.377
0.175907,530.248,244.752,775
0.176157,533.773,243.472,777.245
0.176408,532.705,239.616,772.321
0.17666,537.909,244.591,782.5
0.176911,531.408,246.904,778.312
0.177163,536.659,243.026,779.685
0.177415,526.594,241.857,768.45
0.177667,529.743,242.094,771.837
0.17792,529.465,241.351,770.816
0.178172,534.097,239.451,773.548
0.178425,539.278,241.14,780.418
0.178678,534.113,241.581,775.694
0.178932,527.373,234.397,761.77
0.179185,529.522,240.239,769.76
0.179439,531.113,245.724,776.837
0.179693,531.9,240.482,772.382
0.179947,539.169,241.849,781.019
0.180202,525.273,242.306,767.579
0.180457,531.386,243.195,774.58
0.180711,526.949,242.513,769.462
0.180967,536.122,241.133,777.255
0.181222,532.647,241.431,774.078
0.181478,532.965,243.914,776.879
0.181734,532.655,243.834,776.489
0.18199,531.83,237.821,769.65
0.182246,527.152,243.216,770.367
0.182503,526.896,241.256,768.151
0.18276,531.816,243.852,775.667
0.183017,533.039,243.925,776.964
0.183274,536.773,241.016,777.789
0.183531,528.047,242.047,770.094
0.183789,529.152,245.998,775.15
0.184047,526.632,240.443,767.075
0.184305,530.409,245.105,775.513
0.184564,532.522,245.057,777.579
0.184822,529.069,242.394,771.463
0.185081,535.72,237.367,773.088
0.185341,535.011,246.239,781.25
0.1856,528.618,241.364,769.982
0.18586,527.365,245.595,772.961
0.186119,532.283,239.46,771.743
0.18638,530.73,241.649,772.38
0.18664,536.174,243.032,779.206
0.186901,529.752,241.535,771.287
0.187161,533.821,244.431,778.252
0.187422,536.559,243.948,780.507
0.187684,540.515,245.282,785.798
0.187945,527.014,237.102,764.116
0.188207,525.298,239.824,765.122
0.188469,526.309,238.898,765.207
0.188731,533.494,238.061,771.555
0.188994,527.88,243.961,771.841
0.189256,530.679,244.45,775.129
0.189519,536.126,244.814,780.94
0.189783,529.324,243.548,772.871
0.190046,539.016,243.304,782.32
0.19031,525.585,242.467,768.052
0.190574,529.633,240.088,769.721
0.190838,524.524,241.85,766.374
0.191102,531.703,240.829,772.532
0.191367,527.158,240.861,768.02
0.191632,528.549,246.466,775.015
0.191897,533.426,247.138,780.565
0.192162,530.975,239.836,770.811
0.192428,537.515,242.494,780.01
0.192694,525.335,242.242,767.578
0.19296,537.309,242.655,779.964
0.193226,536.385,240.302,776.688
0.193493,535.033,239.856,774.889
0.193759,530.377,242.55,772.927
0.194026,538.753,240.874,779.626
0.194294,529.91,239.87,769.779
0.194561,531.764,235.697,767.46
0.194829,529.382,240.595,769.977
0.195097,527.706,242.096,769.801
0.195365,531.183,244.215,775.398
0.195634,534.99,245.246,780.236
0.195903,530.033,241.32,771.353
0.196172,526.543,246.508,773.052
0.196441,528.98,240.941,769.922
0.19671,534.25,243.362,777.612
0.19698,525.188,240.653,765.841
0.19725,529.371,242.526,771.897
0.19752,532.206,239.472,771.677
0.197791,524.757,245.205,769.962
0.198062,532.434,242.369,774.803
0.198333,522.656,244.901,767.557
0.198604,532.107,243.867,775.973
0.198875,527.682,240.322,768.004
0.199147,525.491,244.659,770.15
0.199419,526.557,245.296,771.853
0.199691,527.405,244.926,772.331
0.199964,524.491,239.726,764.216
0.200236,536.518,240.875,777.394
0.200509,533.302,240.713,774.014
0.200782,527.258,244.096,771.355
0.201056,538.817,243.769,782.586
0.201329,525.629,244.682,770.311
0.201603,530.711,244.799,775.511
0.201878,530.694,243.437,774.131
0.202152,531.12,242.325,773.445
0.202427,530.867,243.918,774.785
0.202702,523.863,239.827,763.691
0.202977,530.324,239.967,770.292
0.203252,530.52,240.553,771.073
0.203528,529.219,247.677,776.896
0.203804,535.344,241.832,777.176
0.20408,531.727,240.662,772.389
0.204356,525.447,243.804,769.251
0.204633,526.908,245.651,772.56
0.20491,530.175,244.396,774.571
0.205187,527.785,238.887,766.672
0.205465,524.286,238.854,763.14
0.205742,528.91,241.42,770.33
0.20602,533.624,242.336,775.959
0.206299,525.473,240.53,766.003
0.206577,528.889,238.955,767.844
0.206856,528.123,241.589,769.712
0.207135,527.855,238.562,766.417
0.207414,533.5,240.046,773.545
0.207693,527.589,242.548,770.137
0.207973,526.629,244.286,770.915
0.208253,536.071,240.695,776.766
0.208533,532.629,241.055,773.684
0.208814,531.604,244.882,776.486
0.209095,527.674,243.395,771.07
0.209376,527.785,244.585,772.369
0.209657,527.385,239.769,767.154
0.209938,525.252,237.433,762.685
0.21022,536.549,243.043,779.591
0.210502,531.548,247.436,778.984
0.210784,529.986,245.005,774.991
0.211067,532.239,245.573,777.812
0.21135,530.822,243.575,774.398
0.211633,525.27,245.753,771.023
0.211916,532.887,243.127,776.014
0.2122,530.099,243.292,773.391
0.212483,529.363,243.218,772.581
0.212767,531.53,241.956,773.485
0.213052,530.143,243.905,774.048
0.213336,523.235,240.041,763.276
0.213621,517.69,245.145,762.835
0.213906,524.806,238.284,763.09
0.214192,527.043,243.544,770.587
0.214477,524.582,247.211,771.793
0.214763,527.342,239.4,766.742
0.215049,527.832,245.959,773.791
0.215336,523.642,240.343,763.985
0.215622,525.54,241.99,767.53
0.215909,533.677,241.464,775.141
0.216197,523.953,242.277,766.23
0.216484,525.528,241.695,767.222
0.216772,524.167,248.248,772.414
0.21706,531.654,245.448,777.102
0.217348,520.606,239.571,760.177
0.217636,525.579,246.537,772.116
0.217925,524.468,246.806,771.274
0.218214,524.335,243.99,768.325
0.218504,531.488,240.041,771.529
0.218793,518.451,240.13,758.581
0.219083,525.33,242.186,767.516
0.219373,528.174,244.16,772.334
0.219663,523.654,245.836,769.49
0.219954,531.753,240.55,772.302
0.220245,527.844,242.615,770.458
0.220536,521.151,237.39,758.541
0.220827,521.177,248.056,769.234
0.221119,532.725,241.716,774.441
0.221411,527.789,240.653,768.442
0.221703,527.622,245.878,773.5
0.221996,525.765,241.643,767.408
0.222288,523.587,242.832,766.42
0.222581,525.332,241.196,766.528
0.222875,523.846,244.334,768.18
0.223168,519.329,242.843,762.172
0.223462,532.18,244.341,776.522
0.223756,523.922,242.489,766.411
0.22405,521.562,241.039,762.601
0.224345,527.454,242.689,770.143
0.22464,522.296,245.985,768.281
0.224935,528.663,241.471,770.133
0.22523,524.756,240.191,764.947
0.225526,524.673,241.506,766.179
0.225822,527.765,237.209,764.974
0.226118,524.533,242.216,766.749
0.226414,521.544,246.108,767.652
0.226711,524.071,246.37,770.441
0.227008,523.988,243.754,767.743
0.227305,526.773,246.594,773.367
0.227603,525.581,243.321,768.902
0.227901,523.703,244.903,768.606
0.228199,525.442,246.243,771.686
0.228497,519.748,244.43,764.178
0.228796,531.481,246.938,778.419
0.229095,517.627,243.31,760.937
0.229394,526.206,244.451,770.657
0.229693,519.872,239.391,759.263
0.229993,525.78,244.673,770.453
0.230293,526.652,243.22,769.872
0.230593,520.804,240.229,761.033
0.230894,522,244.477,766.478
0.231195,528.819,243.829,772.648
0.231496,520.205,242.542,762.747
0.231797,524.852,246.348,771.2
0.232099,522.398,246.999,769.397
0.232401,524.435,244.197,768.632
0.232703,520.085,242.525,762.61
0.233005,526.765,247.94,774.705
0.233308,526.901,243.316,770.217
0.233611,530.021,240.924,770.944
0.233914,526.511,247.396,773.907
0.234218,524.128,241.174,765.302
0.234522,522.796,237.984,760.78
0.234826,520.998,246.942,767.94
0.23513,522.404,242.299,764.703
0.235435,521.976,242.145,764.121
0.23574,520.228,245.96,766.188
0.236045,524.992,241.116,766.108
0.236351,525.373,241.451,766.824
0.236656,528.919,245.038,773.957
0.236962,519.647,244.695,764.342
0.237269,520.388,244.185,764.573
0.237575,523.322,243.264,766.586
0.237882,517.773,242.002,759.775
0.238189,523.091,243.508,766.599
0.238497,519.573,246.51,766.083
0.238805,522.149,240.633,762.782
0.239113,516.615,242.185,758.8
0.239421,525.206,242.463,767.669
0.239729,524.437,241.036,765.472
0.240038,518.909,244.654,763.562
0.240347,520.597,237.053,757.651
0.240657,524.684,244.379,769.062
0.240967,519.961,245.344,765.304
0.241277,518.174,244.575,762.75
0.241587,516.406,244.095,760.501
0.241897,524.068,241.599,765.666
0.242208,524.127,241.483,765.611
0.242519,517.783,243.114,760.897
0.242831,527.146,241.531,768.677
0.243142,515.66,245.333,760.993
0.243454,524.752,246.633,771.385
0.243766,521.875,242.293,764.168
0.244079,525.012,240.749,765.761
0.244392,521.94,247.165,769.105
0.244705,515.481,242.649,758.131
0.245018,521.825,237.921,759.746
0.245332,520.819,244.289,765.109
0.245646,522.545,244.931,767.476
0.24596,525.453,245.217,770.67
0.246275,523.619,244.484,768.103
0.246589,525.241,247.153,772.395
0.246904,527.379,242.637,770.016
0.24722,520.351,243.159,763.511
0.247535,522.332,245.622,767.955
0.247851,521.571,243.565,765.136
0.248168,520.008,243.913,763.922
0.248484,523.595,242.055,765.65
0.248801,519.952,241.613,761.564
0.249118,519.179,247.713,766.892
0.249435,522.845,244.727,767.572
0.249753,520.238,246.432,766.67
0.250071,519.746,243.699,763.444
0.250389,516.687,247.094,763.781
0.250708,521.973,241.652,763.625
0.251027,517.185,246.723,763.908
0.251346,521.388,242.406,763.794
0.251665,527.038,244.578,771.616
0.251985,518.383,247.884,766.267
0.252305,518.095,244.049,762.144
0.252625,523.084,249.21,772.293
0.252946,520.57,243.952,764.522
0.253267,516.667,243.552,760.218
0.253588,528.494,246.772,775.266
0.253909,522.138,242.338,764.476
0.254231,520.323,244.147,764.469
0.254553,520.892,243.263,764.154
0.254875,512.314,242.687,755.002
0.255198,520.553,243.768,764.322
0.255521,518.14,247.722,765.862
0.255844,519.796,244.087,763.883
0.256167,518.323,243.876,762.2
0.256491,523.656,242.645,766.301
0.256815,526.019,241.209,767.228
0.25714,524.069,240.3,764.368
0.257464,521.915,243.899,765.814
0.257789,521.519,243.627,765.146
0.258115,518.084,243.552,761.636
0.25844,518.462,245.474,763.936
0.258766,520.02,242.903,762.922
0.259092,522.242,245.471,767.713
0.259419,519.281,244.352,763.633
0.259745,514.655,247.763,762.418
0.260072,515.386,247.652,763.038
0.2604,524.238,245.498,769.737
0.260727,523.082,248.251,771.334
0.261055,509.797,241.846,751.643
0.261384,515.898,243.723,759.622
0.261712,518.905,242.634,761.539
0.262041,521.466,242.475,763.941
0.26237,524.766,245.441,770.207
0.262699,517.358,243.751,761.108
0.263029,520.192,245.118,765.31
0.263359,523.232,246.344,769.576
0.26369,514.399,245.554,759.953
0.26402,526.474,243.48,769.954
0.264351,522.607,243.962,766.568
0.264682,517.624,244.753,762.377
0.265014,511.447,239.595,751.042
0.265346,526.801,240.221,767.022
0.265678,522.096,246.799,768.895
0.26601,516.585,247.044,763.629
0.266343,516.134,247.248,763.382
0.266676,518.469,247.008,765.477
0.267009,521.828,245.467,767.295
0.267343,515.843,250.194,766.037
0.267677,520.992,242.179,763.171
0.268011,518.654,243.762,762.416
0.268346,519.389,243.439,762.828
0.268681,516.955,241.515,758.47
0.269016,517.08,239.183,756.263
0.269351,519.889,244.534,764.422
0.269687,519.39,245.026,764.416
0.270023,518.1,242.462,760.562
0.270359,519.398,237.682,757.08
0.270696,517.217,245.019,762.236
0.271033,518.625,243.591,762.216
0.27137,519.789,243.888,763.678
0.271708,519.21,244.919,764.129
0.272046,520.002,245.437,765.438
0.272384,520.09,245.3,765.39
0.272723,514.151,239.384,753.535
0.273062,513.73,245.684,759.413
0.273401,516.472,245.138,761.609
0.27374,510.862,243.427,754.289
0.27408,517.523,241.652,759.174
0.27442,518.009,242.598,760.607
0.27476,517.249,247.381,764.629
0.275101,516.065,244.402,760.467
0.275442,522.393,244.243,766.635
0.275783,514.78,239.596,754.376
0.276125,511.054,245.901,756.955
0.276467,519.406,240.831,760.237
0.276809,517.462,247.871,765.333
0.277152,519.014,245.262,764.276
0.277495,510.153,244.345,754.497
0.277838,513.469,244.862,758.331
0.278181,521.735,246.127,767.862
0.278525,511.749,241.339,753.088
0.278869,513.437,244.004,757.441
0.279214,515.861,247.021,762.882
0.279558,512.108,241.231,753.339
0.279903,514.11,247.071,761.181
0.280249,517.718,245.429,763.147
0.280594,511.017,242.69,753.706
0.28094,513.596,241.945,755.541
0.281287,515.852,245.775,761.627
0.281633,509.855,245.276,755.131
0.28198,513.636,244.896,758.532
0.282328,518.427,245.28,763.707
0.282675,513.747,246.553,760.299
0.283023,515.095,249.43,764.525
0.283371,517.118,246.808,763.926
0.28372,519.5,243.853,763.353
0.284069,517.438,243.601,761.039
0.284418,509.696,243.379,753.075
0.284767,513.042,243.913,756.954
0.285117,516.572,242.823,759.395
0.285467,516.83,243.316,760.146
0.285818,514.217,246.783,761
0.286168,516.313,246.318,762.631
0.286519,515.111,245.53,760.641
0.286871,520.355,245.743,766.098
0.287222,516.932,245.88,762.812
0.287574,515.179,247.121,762.301
0.287927,512.673,245.418,758.09
0.288279,514.748,244.599,759.348
0.288632,512.688,241.706,754.395
0.288986,513.099,242.726,755.825
0.289339,514.392,246.147,760.539
0.289693,514.26,245.277,759.537
0.290048,514.375,245.979,760.354
0.290402,515.514,243.231,758.744
0.290757,517.753,243.672,761.425
0.291112,515.023,247.809,762.832
0.291468,513.465,248.642,762.107
0.291824,512.457,248.443,760.9
0.29218,513.271,243.8,757.071
0.292536,502.601,243.905,746.505
0.292893,509.95,242.192,752.141
0.293251,512.469,246.817,759.285
0.293608,512.043,245.1,757.143
0.293966,511.751,246.346,758.097
0.294324,511.588,246.709,758.297
0.294682,515.004,244.447,759.451
0.295041,514.655,240.735,755.39
0.2954,515.922,242.862,758.784
0.29576,518.435,246.77,765.205
0.29612,514.691,245.759,760.45
0.29648,512.67,243.843,756.513
0.29684,516.155,243.397,759.553
0.297201,516.12,246.165,762.285
0.297562,510.058,242.414,752.472
0.297923,511.356,245.551,756.907
0.298285,507.23,247.511,754.741
0.298647,513.817,246.964,760.78
0.29901,516.349,248.08,764.429
0.299372,515.373,241.769,757.143
0.299735,513.399,246.062,759.461
0.300099,515.189,245.566,760.756
0.300463,505.157,245.443,750.599
0.300827,508.852,241.398,750.25
0.301191,513.948,247.629,761.577
0.301556,514.191,241.963,756.155
0.301921,514.723,243.533,758.256
0.302286,518.914,245.689,764.603
0.302652,512.321,246.046,758.367
0.303018,519.092,244.826,763.918
0.303384,515.953,245.346,761.299
0.303751,509.784,243.057,752.841
0.304118,514.024,244.514,758.538
0.304485,511.121,245.817,756.939
0.304853,511.521,244.34,755.861
0.305221,513.341,244.748,758.089
0.30559,511.408,244.238,755.646
0.305958,512.139,247.141,759.28
0.306327,518.106,247.969,766.075
0.306697,507.871,243.859,751.73
0.307067,513.827,241.879,755.706
0.307437,508.896,242.907,751.802
0.307807,507.565,243.925,751.49
0.308178,505.155,244.461,749.616
0.308549,513.282,245.69,758.972
0.30892,513.607,241.185,754.792
0.309292,508.338,246.278,754.616
0.309664,510.617,244.826,755.443
0.310036,513.075,248.648,761.723
0.310409,518.087,246.91,764.998
0.310782,512.521,242.114,754.636
0.311156,510.64,242.242,752.882
0.31153,507.011,244.292,751.302
0.311904,509.269,245.684,754.953
0.312278,511.884,247.068,758.952
0.312653,511.227,246.882,758.109
0.313028,509.822,244.48,754.302
0.313404,515.013,244.333,759.346
0.313779,510.07,239.426,749.497
0.314155,511.164,249.945,761.11
0.314532,510.505,245.187,755.692
0.314909,511.182,244.967,756.149
0.315286,508.837,244.885,753.721
0.315664,507.504,241.827,749.331
0.316041,509.015,244.966,753.981
0.31642,513.559,245.178,758.737
0.316798,510.099,249.773,759.872
0.317177,515.876,243.202,759.077
0.317556,511.112,245.881,756.992
0.317936,506.95,244.723,751.673
0.318316,508.497,244.908,753.405
0.318696,513.131,247.291,760.423
0.319077,512.619,243.237,755.856
0.319458,511.281,249.278,760.558
0.319839,512.062,243.998,756.06
0.320221,506.461,249.95,756.411
0.320603,516.268,247.262,763.53
0.320985,508.086,245.153,753.239
0.321368,508.966,244.311,753.277
0.321751,509.655,247.6,757.255
0.322134,510.736,243.348,754.084
0.322518,515.611,251.366,766.977
0.322902,509.084,245.787,754.872
0.323287,507.079,246.167,753.246
0.323672,511.26,243.901,755.16
0.324057,510.309,248.073,758.382
0.324442,504.044,244.982,749.027
0.324828,510.078,245.893,755.971
0.325214,509.498,244.238,753.736
0.325601,508.68,243.883,752.563
0.325988,509.003,245.697,754.699
0.326375,503.931,244.107,748.038
0.326763,508.694,244.718,753.411
0.327151,508.97,245.709,754.679
0.327539,501.457,247.199,748.656
0.327928,514.809,246.875,761.684
0.328317,504.672,243.689,748.361
0.328706,510.775,247.835,758.61
0.329096,508.169,246.401,754.571
0.329486,504.73,243.607,748.337
0.329876,508.733,245.203,753.936
0.330267,503.849,245.934,749.783
0.330658,504.53,245.136,749.666
0.33105,506.278,246.226,752.504
0.331442,504.825,248.295,753.12
0.331834,508.16,247.696,755.856
0.332226,504.816,244.063,748.879
0.332619,514.766,247.339,762.105
0.333013,499.594,244.082,743.676
0.333406,502.515,245.168,747.683
0.3338,503.179,243.781,746.96
0.334195,510.698,246.453,757.151
0.334589,505.38,245.209,750.59
0.334984,502.001,245.607,747.608
0.33538,503.407,247.041,750.448
0.335776,508.728,243.846,752.573
0.336172,507.844,247.168,755.012
0.336568,503.803,248.225,752.028
0.336965,508.923,246.558,755.48
0.337362,501.985,245.151,747.136
0.33776,509.834,247.494,757.328
0.338158,502.678,248.873,751.551
0.338556,503.101,249.095,752.196
0.338955,505.086,242.463,747.55
0.339354,507.028,244.503,751.531
0.339753,504.32,246.103,750.423
0.340153,500.394,246.433,746.827
0.340553,503.382,249.117,752.499
0.340954,510.809,243.214,754.023
0.341355,502.46,244.283,746.743
0.341756,506.904,243.444,750.348
0.342158,505.134,246.522,751.657
0.34256,502.222,245.738,747.96
0.342962,502.653,246.922,749.575
0.343365,502.737,250.845,753.582
0.343768,508.579,245.928,754.506
0.344171,506.309,245.381,751.691
0.344575,505.737,246.592,752.329
0.344979,503.638,247.446,751.084
0.345384,503.424,246.029,749.452
0.345788,500.115,247.383,747.498
0.346194,507.668,246.487,754.154
0.346599,501.035,247.484,748.519
0.347005,508.269,248.881,757.151
0.347412,500.88,248.594,749.473
0.347818,510.016,247.602,757.618
0.348226,503.993,244.381,748.374
0.348633,501.236,249.456,750.693
0.349041,507.006,246.404,753.411
0.349449,509.405,246.335,755.74
0.349858,509.287,244.127,753.414
0.350267,506.957,243.645,750.602
0.350676,506.176,248.151,754.328
0.351086,500.025,245.889,745.914
0.351496,507.765,244.05,751.816
0.351906,507.369,244.564,751.933
0.352317,502.776,247.81,750.586
0.352728,499.741,245.037,744.778
0.35314,508.02,247.796,755.817
0.353552,505.465,245.05,750.515
0.353964,496.76,247.848,744.608
0.354377,508.515,245.282,753.797
0.35479,498.581,247.13,745.71
0.355203,506.383,248.118,754.5
0.355617,506.425,245.618,752.042
0.356031,504.202,246.02,750.222
0.356446,498.657,245.215,743.873
0.356861,500.856,246.116,746.971
0.357276,500.904,244.033,744.937
0.357692,498.504,245.367,743.871
0.358108,503.449,248.878,752.327
0.358524,498.879,242.94,741.819
0.358941,499.203,244.487,743.69
0.359358,504.019,245.528,749.548
0.359776,502.25,247.579,749.83
0.360194,501.845,243.128,744.973
0.360612,500.894,245.073,745.968
0.361031,501.041,249.681,750.722
0.36145,503.651,246.163,749.814
0.36187,496.411,244.794,741.204
0.36229,497.738,247.764,745.502
0.36271,501.614,250.815,752.429
0.36313,497.309,244.506,741.816
0.363552,503.174,247.268,750.442
0.363973,504.309,246.759,751.068
0.364395,497.877,245.182,743.06
0.364817,499.05,248.68,747.73
0.365239,500.863,245.928,746.791
0.365662,497.508,248.213,745.721
0.366086,502.913,245.847,748.761
0.366509,500.858,247.602,748.46
0.366934,498.546,247.206,745.752
0.367358,501.371,251.224,752.595
0.367783,505.05,245.885,750.935
0.368208,501.073,248.344,749.417
0.368634,498.594,243.917,742.511
0.36906,500.187,245.292,745.48
0.369486,500.707,242.003,742.71
0.369913,500.517,247.16,747.677
0.37034,500.36,248,748.36
0.370768,504.059,251.17,755.229
0.371196,504.399,249.727,754.126
0.371624,499.141,243.974,743.116
0.372053,498.936,250.542,749.478
0.372482,502.03,249.763,751.793
0.372912,507.681,247.47,755.151
0.373342,502.154,249.62,751.774
0.373772,497.054,248.457,745.511
0.374203,504.29,247.233,751.523
0.374634,499.36,245.321,744.682
0.375065,498.375,248.096,746.471
0.375497,494.465,247.564,742.029
0.375929,503.107,247.071,750.177
0.376362,499.557,246.67,746.227
0.376795,500.478,247.246,747.724
0.377228,506.082,250.489,756.57
0.377662,499.327,245.987,745.313
0.378096,497.922,249.307,747.228
0.378531,504.588,246.169,750.757
0.378966,495.042,247.147,742.189
0.379402,496.279,247.573,743.852
0.379837,494.119,249.576,743.694
0.380274,501.376,250.107,751.483
0.38071,500.614,247.884,748.498
0.381147,501.639,247.328,748.967
0.381585,500.03,248.085,748.115
0.382022,495.305,244.425,739.729
0.382461,502.526,245.432,747.959
0.382899,497.18,244.178,741.358
0.383338,495.586,245.6,741.186
0.383778,494.342,245.205,739.547
0.384217,498.46,246.216,744.675
0.384658,501.615,246.408,748.023
0.385098,497.562,247.809,745.371
0.385539,499.406,248.148,747.554
0.385981,496.332,247.633,743.966
0.386422,496.819,247.23,744.049
0.386865,499.283,244.403,743.686
0.387307,495.674,246.151,741.825
0.38775,497.599,247.897,745.496
0.388194,499.883,244.623,744.505
0.388637,496.282,244.86,741.143
0.389082,501.29,245.41,746.7
0.389526,498.511,247.681,746.193
0.389971,501.227,250.65,751.877
0.390417,503.314,247.029,750.343
0.390863,498.659,244.954,743.614
0.391309,499.578,247.113,746.691
0.391755,498.783,246.413,745.196
0.392203,500.985,249.449,750.434
0.39265,499.018,246.264,745.282
0.393098,497.439,247.006,744.445
0.393546,500.11,247.502,747.611
0.393995,496.009,248.609,744.619
0.394444,502.226,251.071,753.297
0.394893,496.053,250.101,746.154
0.395343,496.488,250.63,747.118
0.395794,498.092,249.525,747.617
0.396244,498.616,251.679,750.295
0.396695,492.15,245.124,737.274
0.397147,497.238,250.279,747.517
0.397599,494.712,247.669,742.381
0.398051,492.544,247.131,739.675
0.398504,491.61,249.301,740.911
0.398957,488.094,245.521,733.615
0.399411,491.816,248.207,740.023
0.399865,498.722,247.139,745.861
0.400319,496.76,246.655,743.415
0.400774,496.415,247.816,744.231
0.401229,494.812,249.499,744.311
0.401685,489.718,249.226,738.944
0.402141,492.243,245.396,737.639
0.402598,492.775,250.455,743.231
0.403055,491.716,249.527,741.243
0.403512,498.058,249.854,747.912
0.40397,492.062,245.096,737.158
0.404428,492.569,248.556,741.125
0.404886,498.406,243.772,742.178
0.405345,495.358,247.046,742.404
0.405805,500.907,246.871,747.778
0.406265,487.421,246.909,734.331
0.406725,499.559,246.467,746.026
0.407185,491.219,250.36,741.578
0.407646,494.674,250.052,744.726
0.408108,499.709,247.41,747.119
0.40857,491.606,245.678,737.284
0.409032,498.282,249.419,747.701
0.409495,492.836,246.958,739.794
0.409958,492.891,246.639,739.531
0.410422,489.828,248.791,738.619
0.410886,494.526,244.526,739.052
0.41135,491.387,247.675,739.062
0.411815,490.557,250.459,741.016
0.41228,496.165,244.883,741.048
0.412746,493.581,247.855,741.436
0.413212,488.5,245.446,733.946
0.413679,494.372,247.391,741.763
0.414146,493.773,248.558,742.331
0.414613,491.94,246.635,738.576
0.415081,491.68,248.628,740.308
0.415549,490.16,247.13,737.289
0.416018,495.739,247.017,742.756
0.416487,495.072,248.558,743.629
0.416957,492.571,250.484,743.055
0.417427,496.065,252.968,749.032
0.417897,495.345,249.391,744.736
0.418368,494.901,248.201,743.101
0.418839,486.686,246.665,733.352
0.419311,485.349,248.119,733.468
0.419783,495.777,245.657,741.434
0.420255,496.661,246.714,743.375
0.420728,489.71,249.132,738.842
0.421202,495.102,249.284,744.386
0.421675,494.008,251.464,745.472
0.42215,490.653,245.262,735.914
0.422624,493.64,248.711,742.351
0.4231,491.319,252.881,744.2
0.423575,491.212,247.07,738.282
0.424051,491.858,250.95,742.808
0.424527,493.854,245.101,738.955
0.425004,491.188,250.998,742.186
0.425482,494.905,249.055,743.96
0.425959,492.192,248.956,741.148
0.426437,493.996,249.845,743.841
0.426916,490.905,247.126,738.031
0.427395,492.227,247.524,739.751
0.427874,490.486,248.879,739.365
0.428354,492.361,245.997,738.359
0.428835,490.78,248.061,738.841
0.429315,492.407,248.132,740.539
0.429797,495.525,245.504,741.029
0.430278,491.201,249.244,740.445
0.43076,490.506,250.308,740.815
0.431243,488.021,247.044,735.065
0.431726,490.005,246.917,736.922
0.432209,486.184,244.679,730.864
0.432693,494.174,247.895,742.068
0.433177,488.267,250.176,738.444
0.433662,483.952,248.775,732.727
0.434147,490.147,247.22,737.366
0.434633,491.538,247.08,738.618
0.435119,490.618,247.628,738.246
0.435605,493.739,250.462,744.2
0.436092,487.428,247.806,735.234
0.436579,491.032,247.815,738.847
0.437067,490.244,248.297,738.541
0.437556,485.481,245.951,731.432
0.438044,489.188,247.801,736.989
0.438533,494.466,248.278,742.744
0.439023,487.467,249.376,736.843
0.439513,485.69,248.456,734.146
0.440003,490.397,246.459,736.856
0.440494,489.974,244.569,734.543
0.440986,492.486,248.989,741.475
0.441477,490.069,246.391,736.46
0.44197,487.418,250.226,737.643
0.442462,485.704,246.008,731.713
0.442956,487.19,246.719,733.91
0.443449,488.538,250.487,739.025
0.443943,487.979,248.146,736.125
0.444438,486.991,245.276,732.267
0.444933,485.265,245.974,731.239
0.445428,484.435,248.902,733.338
0.445924,489.983,248.58,738.562
0.44642,489.868,248.434,738.301
0.446917,487.515,249.241,736.756
0.447414,489.981,248.325,738.305
0.447912,488.813,250.565,739.377
0.44841,484.329,251.314,735.643
0.448908,490.003,249.942,739.946
0.449407,484.968,247.044,732.012
0.449907,489.72,248.252,737.972
0.450407,485.613,248.284,733.897
0.450907,484.678,244.931,729.609
0.451408,483.83,248.594,732.424
0.451909,484.688,245.382,730.071
0.452411,483.07,248.179,731.249
0.452913,486.928,247.179,734.107
0.453416,487.365,249.057,736.423
0.453919,485.714,251.153,736.866
0.454423,489.411,246.872,736.283
0.454927,485.743,248.124,733.867
0.455431,484.864,248.707,733.572
0.455936,482.33,249.095,731.424
0.456441,487.094,247.486,734.58
0.456947,487.642,249.401,737.042
0.457454,486.35,248.981,735.331
0.45796,484.055,251.65,735.705
0.458468,484.69,248.679,733.369
0.458975,482.243,251.255,733.498
0.459483,481.071,248.327,729.398
0.459992,487.857,250.516,738.374
0.460501,480.932,250.044,730.976
0.461011,486.726,247.65,734.377
0.461521,479.76,247.41,727.17
0.462031,484.508,248.934,733.442
0.462542,483.706,248.367,732.073
0.463053,489.738,250.398,740.136
0.463565,491.751,250.527,742.277
0.464078,486.326,251.351,737.677
0.46459,483.815,251.95,735.764
0.465104,482.263,249.132,731.395
0.465617,485.013,250.028,735.041
0.466132,480.481,247.306,727.787
0.466646,486.122,250.985,737.107
0.467161,485.457,248.626,734.083
0.467677,481.74,249.588,731.328
0.468193,481.93,251.343,733.273
0.46871,483.943,250.212,734.155
0.469227,488.881,246.1,734.981
0.469744,487.83,247.097,734.927
0.470262,487.202,247.461,734.663
0.470781,480.447,250.657,731.104
0.471299,484.222,251.006,735.228
0.471819,485.633,247.977,733.61
0.472339,482.595,249.47,732.066
0.472859,487.218,248.086,735.304
0.47338,488.136,248.636,736.772
0.473901,483.922,248.947,732.869
0.474423,482.188,253.715,735.903
0.474945,485.004,246.57,731.574
0.475468,479.87,252.398,732.268
0.475991,478.793,248.327,727.12
0.476514,475.126,250.596,725.722
0.477038,479.831,247.331,727.162
0.477563,482.931,249.951,732.882
0.478088,481.748,246.39,728.138
0.478614,477.613,249.471,727.084
0.47914,477.124,250.505,727.628
0.479666,482.992,249.88,732.872
0.480193,476.594,246.599,723.193
0.480721,483.476,251.894,735.37
0.481248,485.862,249.971,735.833
0.481777,483.464,247.496,730.96
0.482306,480.988,248.033,729.022
0.482835,482.217,247.109,729.325
0.483365,485.389,247.651,733.04
0.483895,480.75,248.209,728.959
0.484426,479.733,250.373,730.106
0.484957,480.701,248.926,729.627
0.485489,482.834,249.093,731.927
0.486021,476.897,253.304,730.2
0.486554,482.437,251.31,733.748
0.487087,481.582,250.289,731.871
0.487621,479.772,248.621,728.393
0.488155,481.685,248.934,730.619
0.48869,476.115,251.425,727.54
0.489225,482.163,250.436,732.599
0.489761,476.678,252.266,728.943
0.490297,481.25,250.716,731.966
0.490834,478.358,250.299,728.657
0.491371,472.628,251.913,724.541
0.491908,478.749,246.601,725.35
0.492447,480.474,249.72,730.195
0.492985,483.548,249.235,732.783
0.493524,476.091,250.859,726.95
0.494064,479.384,248.266,727.65
0.494604,482.374,250.832,733.207
0.495144,480.395,250.017,730.412
0.495685,479.426,251.839,731.265
0.496227,479.053,247.792,726.845
0.496769,484.763,250.6,735.363
0.497311,475.032,251.815,726.847
0.497854,479.232,248.006,727.238
0.498398,476.925,252.416,729.341
0.498942,479.858,249.277,729.136
0.499486,481.523,251.053,732.576
0.500031,477.268,251.397,728.665
0.500577,476.336,249.939,726.274
0.501123,475.454,248.851,724.304
0.501669,474.69,249.677,724.367
0.502216,479.041,250.364,729.405
0.502764,479.945,249.085,729.03
0.503312,479.152,252.047,731.199
0.50386,478.888,249.707,728.595
0.504409,479.288,251.002,730.29
0.504959,475.233,251.758,726.991
0.505509,481.184,248.833,730.017
0.506059,476.502,249.974,726.475
0.50661,475.295,250.506,725.801
0.507162,480.771,251.188,731.959
0.507714,476.323,247.375,723.698
0.508266,475.671,248.738,724.409
0.508819,482.239,251.257,733.496
0.509372,479.981,249.59,729.571
0.509926,472.365,249.764,722.129
0.510481,474.951,251.962,726.912
0.511036,475.472,253.494,728.966
0.511591,476.936,250.851,727.787
0.512147,479.738,250.967,730.705
0.512704,473.077,247.66,720.737
0.513261,480.094,250.044,730.138
0.513818,481.131,246.038,727.169
0.514376,479.472,251.457,730.929
0.514935,479.248,247.526,726.774
0.515494,472.05,250.627,722.677
0.516053,473.07,252.855,725.925
0.516614,475.981,249.053,725.034
0.517174,478.477,249.491,727.968
0.517735,475.231,254.028,729.259
0.518297,472.389,250.949,723.338
0.518859,470.66,249.783,720.443
0.519421,476.337,249.493,725.829
0.519985,476.064,251.368,727.432
0.520548,476.364,250.766,727.13
0.521112,471.818,249.93,721.748
0.521677,474.928,250.785,725.713
0.522242,477.589,248.763,726.352
0.522808,476.207,250.784,726.991
0.523374,474.961,251.161,726.121
0.523941,472.868,252.087,724.955
0.524508,475.166,249.751,724.917
0.525076,470.994,250.875,721.869
0.525644,476.363,252.746,729.109
0.526213,475.195,249.162,724.356
0.526782,473.057,251.406,724.463
0.527352,469.614,251.108,720.722
0.527922,470.287,251.72,722.007
0.528493,471.774,251.559,723.333
0.529064,474.895,252.41,727.304
0.529636,472.2,250.646,722.846
0.530208,467.771,248.316,716.088
0.530781,472.918,249.294,722.211
0.531355,472.949,254.044,726.992
0.531929,476.221,251.924,728.145
0.532503,472.473,250.595,723.069
0.533078,470.029,250.847,720.876
0.533654,471.96,249.847,721.807
0.53423,476.385,252.391,728.776
0.534806,476.846,251.789,728.635
0.535384,474.702,251.534,726.235
0.535961,472.288,251.086,723.374
0.536539,467.813,251.455,719.268
0.537118,471.207,252.426,723.633
0.537697,469.977,252.648,722.625
0.538277,467.712,253.194,720.906
0.538857,470.376,252.224,722.6
0.539438,471.222,251.12,722.343
0.540019,467.404,252.946,720.35
0.540601,473.428,255.127,728.555
0.541183,472.307,251.818,724.125
0.541766,469.7,250.326,720.026
0.54235,472.725,251.504,724.229
0.542934,469.441,251.447,720.889
0.543518,468.881,251.785,720.666
0.544103,470.39,251.844,722.234
0.544689,464.088,251.547,715.635
0.545275,469.042,247.914,716.955
0.545861,469.48,252.351,721.831
0.546449,468.054,249.049,717.104
0.547036,471.961,250.12,722.082
0.547624,469.28,248.375,717.655
0.548213,466.852,250.668,717.52
0.548803,470.762,250.914,721.676
0.549392,467.4,251.482,718.882
0.549983,467.92,252.066,719.986
0.550574,471.3,252.857,724.157
0.551165,470.306,250.721,721.026
0.551757,470.991,252.598,723.589
0.552349,465.643,251.708,717.351
0.552943,464.709,252.32,717.029
0.553536,466.967,250.57,717.537
0.55413,467.8,251.46,719.261
0.554725,465.187,254.746,719.933
0.55532,471.425,249.803,721.228
0.555916,470.601,248.657,719.258
0.556512,469.663,252.677,722.34
0.557109,463.877,247.214,711.091
0.557706,467.064,250.629,717.693
0.558304,465.398,250.491,715.889
0.558903,469.762,249.903,719.665
0.559502,467.562,254.968,722.531
0.560101,466.849,250.504,717.352
0.560701,462.108,249.585,711.693
0.561302,468.765,250.88,719.646
0.561903,466.263,254.555,720.818
0.562505,465.452,249.767,715.219
0.563107,465.905,255.234,721.139
0.56371,468.901,250.791,719.692
0.564313,469.988,251.62,721.609
0.564917,468.221,251.417,719.639
0.565522,468.236,253.371,721.607
0.566127,468.215,249.21,717.425
0.566732,467.474,253.061,720.535
0.567338,466.622,250.476,717.098
0.567945,467.508,253.75,721.258
0.568552,470.277,251.465,721.742
0.56916,464.401,252.681,717.082
0.569768,464.934,250.042,714.976
0.570377,466.789,252.855,719.644
0.570987,470.18,255.067,725.247
0.571597,470.204,255.1,725.304
0.572207,467.704,254.171,721.875
0.572818,466.66,250.944,717.604
0.57343,467.503,251.518,719.021
0.574042,468.182,249.722,717.904
0.574655,466.252,251.116,717.368
0.575268,459.514,255.368,714.883
0.575882,464.303,250.58,714.883
0.576497,466.106,251.605,717.711
0.577112,464.559,251.708,716.267
0.577727,467.9,251.037,718.938
0.578343,461.745,251.42,713.165
0.57896,465.22,252.985,718.204
0.579577,460.323,253.384,713.707
0.580195,469.582,251.617,721.199
0.580813,466.214,252.874,719.087
0.581432,463.957,253.847,717.805
0.582052,463.576,253.103,716.679
0.582672,460.71,252.29,713
0.583292,466.11,251.671,717.781
0.583914,463.4,253.771,717.171
0.584535,462.856,253.887,716.743
0.585158,463.179,250.27,713.45
0.585781,459.255,252.215,711.47
0.586404,467.512,254.643,722.155
0.587028,463.434,252.8,716.234
0.587653,465.88,252.288,718.169
0.588278,463.634,254.152,717.786
0.588903,465.023,253.961,718.985
0.58953,465.939,252.474,718.413
0.590157,461.027,252.984,714.011
0.590784,462.714,254.507,717.22
0.591412,464.538,254.272,718.81
0.592041,464.363,251.444,715.807
0.59267,461.165,250.856,712.021
0.593299,463.217,255.655,718.872
0.59393,461.315,248.186,709.502
0.59456,459.504,255.652,715.156
0.595192,461.507,253.006,714.513
0.595824,466.133,251.587,717.72
0.596456,460.912,253.743,714.655
0.59709,467.022,251.582,718.604
0.597723,460.048,250.293,710.341
0.598358,462.05,253.735,715.785
0.598992,461.791,253.208,714.999
0.599628,459.395,254.192,713.588
0.600264,462.796,253.2,715.996
0.600901,458.953,253.271,712.224
0.601538,460.617,253.584,714.201
0.602175,465.143,252.572,717.715
0.602814,461.069,250.857,711.926
0.603453,459.476,253.84,713.317
0.604092,466.362,252.996,719.358
0.604732,460.575,251.36,711.934
0.605373,461.153,252.206,713.359
0.606014,460.199,254.093,714.291
0.606656,458.17,254.424,712.594
0.607298,460.913,253.38,714.293
0.607941,456.676,253.79,710.465
0.608585,462.26,256.371,718.631
0.609229,458.575,252.162,710.736
0.609874,463.226,253.959,717.186
0.610519,461.313,253.464,714.777
0.611165,462.357,255.906,718.262
0.611812,459.455,256.571,716.026
0.612459,456.961,252.618,709.579
0.613107,456.304,251.503,707.807
0.613755,458.888,251.534,710.422
0.614404,455.12,250.767,705.888
0.615053,460.325,252.554,712.879
0.615703,462.024,251.151,713.175
0.616354,459.189,254.327,713.516
0.617005,460.851,251.495,712.346
0.617657,461.656,251.626,713.283
0.618309,457.206,253.568,710.773
0.618962,460.371,252.297,712.668
0.619616,459.499,253.147,712.646
0.62027,458.822,251.778,710.6
0.620925,461.587,252.033,713.62
0.62158,461.095,255.447,716.543
0.622236,456.277,255.181,711.458
0.622893,456.001,251.132,707.132
0.62355,458.397,252.645,711.042
0.624208,458.175,253.733,711.908
0.624866,457.075,254.813,711.888
0.625525,458.391,254.359,712.751
0.626185,459.429,253.928,713.357
0.626845,459.994,254.176,714.17
0.627506,457.988,251.991,709.979
0.628167,459.081,254.343,713.424
0.628829,457.2,251.592,708.791
0.629492,458.849,256.006,714.856
0.630155,451.366,253.948,705.313
0.630819,457.841,252.685,710.526
0.631483,450.828,254.332,705.16
0.632148,454.394,255.067,709.461
0.632813,452.475,249.711,702.186
0.63348,453.798,255.581,709.38
0.634146,455.21,253.958,709.169
0.634814,455.625,254.915,710.539
0.635482,456.791,253.156,709.947
0.636151,456.061,253.822,709.884
0.63682,458.235,254.685,712.92
0.63749,456.231,256.516,712.748
0.63816,458.458,253.159,711.616
0.638831,455.108,254.224,709.332
0.639503,451.825,254.041,705.866
0.640175,451.279,250.219,701.498
0.640848,451.93,254.138,706.068
0.641521,455.009,255.163,710.172
0.642196,455.699,253.999,709.698
0.64287,453.95,250.933,704.883
0.643546,454.722,255.158,709.88
0.644222,452.902,256.467,709.369
0.644898,452.611,255.136,707.747
0.645575,455.807,255.873,711.68
0.646253,455.917,251.662,707.579
0.646931,452.872,255.834,708.706
0.647611,453.627,251.792,705.419
0.64829,453.152,253.956,707.108
0.64897,451.172,253.8,704.971
0.649651,452.022,253.903,705.925
0.650333,454.448,251.156,705.604
0.651015,456.517,251.586,708.102
0.651698,452.839,255.541,708.38
0.652381,452.101,253.608,705.708
0.653065,455.646,254.416,710.062
0.65375,454.387,254.041,708.428
0.654435,445.336,253.309,698.645
0.655121,448.313,253.21,701.522
0.655807,450.781,255.552,706.334
0.656494,450.974,253.905,704.879
0.657182,446.45,256.084,702.534
0.65787,449.235,254.217,703.452
0.658559,455.776,255.211,710.988
0.659249,449.7,252.766,702.467
0.659939,451.896,251.964,703.86
0.66063,448.101,255.291,703.392
0.661321,450.757,254.666,705.423
0.662014,451.351,254.582,705.934
0.662706,451.761,254.794,706.554
0.6634,446.249,255.764,702.013
0.664094,445.56,253.783,699.342
0.664788,448.069,255.823,703.893
0.665484,456.08,252.898,708.978
0.666179,447.736,253.436,701.172
0.666876,449.386,256.015,705.401
0.667573,449.626,254.349,703.975
0.668271,448.649,254.901,703.55
0.668969,446.891,252.679,699.57
0.669668,448.835,254.918,703.753
0.670368,446.555,254.097,700.652
0.671068,450.32,255.027,705.347
0.671769,452.105,252.333,704.438
0.672471,448.42,253.816,702.236
0.673173,454.017,253.672,707.689
0.673876,449.352,254.136,703.488
0.67458,446.101,254.321,700.422
0.675284,449.433,255.531,704.964
0.675989,448.175,254.35,702.525
0.676694,448.867,253.413,702.28
0.6774,446.899,254.653,701.552
0.678107,450.38,255.286,705.666
0.678814,452.66,253.893,706.553
0.679522,447.763,255.569,703.332
0.680231,446.095,257.919,704.014
0.68094,444.728,251.968,696.696
0.68165,445.067,254.191,699.258
0.682361,445.737,254.125,699.862
0.683072,445.789,251.986,697.776
0.683784,444.681,256.378,701.059
0.684496,444.304,255.109,699.414
0.68521,445.784,254.835,700.619
0.685923,446.683,252.586,699.269
0.686638,445.675,257.486,703.161
0.687353,443.804,253.606,697.411
0.688069,448.503,253.773,702.276
0.688785,446.074,255.18,701.254
0.689502,448.102,256.223,704.324
0.69022,443.255,258.554,701.809
0.690938,441.193,254.067,695.259
0.691657,446.865,256.649,703.514
0.692377,443.231,256.145,699.376
0.693098,443.605,256.017,699.622
0.693819,444.411,253.026,697.437
0.69454,444.492,252.699,697.191
0.695262,447.587,257.808,705.395
0.695985,446.412,255.342,701.753
0.696709,444.371,254.249,698.62
0.697433,445.088,257.98,703.068
0.698158,445.253,255.837,701.09
0.698884,443.33,253.621,696.951
0.69961,445.876,256.7,702.576
0.700337,448.114,255.905,704.019
0.701065,444.759,254.083,698.842
0.701793,445.439,255.942,701.381
0.702522,448.297,256.145,704.442
0.703251,448.48,260.418,708.898
0.703982,445.863,256.54,702.403
0.704712,443.706,257.103,700.809
0.705444,443.841,254.485,698.326
0.706176,444.24,254.767,699.006
0.706909,444.077,257.263,701.339
0.707643,444.836,255.26,700.096
0.708377,442.527,256.104,698.631
0.709112,440.665,253.475,694.14
0.709847,441.392,253.702,695.094
0.710584,443.542,256.66,700.202
0.71132,440.307,258.899,699.206
0.712058,439.907,254.678,694.585
0.712796,443.132,257.339,700.471
0.713535,443.575,253.21,696.785
0.714275,438.693,256.626,695.319
0.715015,437.864,257.19,695.054
0.715756,443.765,255.489,699.253
0.716498,442.269,256.284,698.553
0.71724,439.397,255.357,694.754
0.717983,441.122,258.303,699.425
0.718726,441.333,256.371,697.704
0.719471,440.872,256.997,697.868
0.720216,440.872,253.996,694.868
0.720961,442.357,255.65,698.007
0.721708,439.066,257.291,696.357
0.722455,437.482,254.757,692.239
0.723202,439.669,256.863,696.532
0.723951,439.153,256.587,695.741
0.7247,442.822,255.732,698.554
0.725449,437.891,253.318,691.209
0.7262,440.737,256.369,697.106
0.726951,442.94,257.308,700.248
0.727703,439.741,257.189,696.931
0.728455,440.392,253.193,693.584
0.729208,436.229,258.337,694.567
0.729962,439.745,257.231,696.977
0.730717,437.446,257.516,694.962
0.731472,440.133,257.377,697.51
0.732228,437.977,257.472,695.449
0.732984,435.162,257.309,692.472
0.733742,436.771,256.039,692.81
0.7345,439.294,256.925,696.219
0.735258,440.809,255.04,695.849
0.736017,438.41,255.223,693.633
0.736777,437.393,252.379,689.772
0.737538,440.191,255.539,695.729
0.7383,436.95,254.348,691.298
0.739062,436.815,254.697,691.512
0.739824,437.148,254.667,691.815
0.740588,437.362,257.393,694.754
0.741352,435.899,252.522,688.421
0.742117,436.662,256.421,693.083
0.742883,438.508,255.419,693.927
0.743649,433.104,258.337,691.441
0.744416,438.391,258.852,697.243
0.745183,437.642,255.385,693.027
0.745952,437.122,259.302,696.424
0.746721,436.423,256.828,693.251
0.747491,435.456,257.023,692.479
0.748261,432.933,256.2,689.133
0.749032,438.351,257.892,696.243
0.749804,438.087,256.854,694.941
0.750577,434.917,256.357,691.275
0.75135,439.629,256.897,696.527
0.752124,436.821,259.627,696.447
0.752898,438.341,255.766,694.107
0.753674,433.918,255.632,689.55
0.75445,431.332,255.693,687.025
0.755227,433.346,257.036,690.383
0.756004,433.431,255.262,688.693
0.756782,442.142,255.237,697.379
0.757561,434.577,254.983,689.56
0.758341,437.565,256.858,694.423
0.759121,435.311,254.494,689.805
0.759902,436.437,256.753,693.191
0.760684,436.276,256.375,692.65
0.761466,432.449,258.35,690.8
0.762249,435.712,256.495,692.208
0.763033,433.629,257.419,691.048
0.763818,429.758,254.642,684.401
0.764603,435.383,257.658,693.041
0.765389,432.681,257.729,690.41
0.766176,430.904,254.943,685.847
0.766963,432.331,257.413,689.744
0.767751,431.812,256.726,688.538
0.76854,434.901,255.862,690.762
0.76933,435.467,256.739,692.206
0.77012,433.474,257.695,691.169
0.770911,432.44,253.581,686.021
0.771703,429.31,255.862,685.172
0.772495,432.358,257.446,689.804
0.773289,432.557,257.354,689.911
0.774082,434.033,258.386,692.419
0.774877,434.065,257.739,691.804
0.775672,426.004,257.854,683.858
0.776469,431.74,256.754,688.494
0.777265,430.382,256.27,686.652
0.778063,430.242,256.315,686.557
0.778861,426.682,258.129,684.811
0.77966,430.893,256.634,687.527
0.78046,432.742,259.037,691.78
0.78126,430.46,257.525,687.985
0.782061,430.507,255.434,685.941
0.782863,429.329,261.173,690.502
0.783666,429.005,259.072,688.076
0.784469,433.714,258.298,692.012
0.785273,429.688,259.209,688.897
0.786078,430.063,255.628,685.691
0.786883,426.645,257.031,683.675
0.78769,428.117,258.285,686.402
0.788497,433.567,256.788,690.355
0.789304,429.984,258.376,688.36
0.790113,430.935,257.005,687.94
0.790922,429.107,257.243,686.35
0.791732,428.666,259.731,688.397
0.792543,429.784,260.613,690.397
0.793354,428.66,256.191,684.85
0.794166,426.488,256.509,682.997
0.794979,428.089,254.952,683.041
0.795793,430.077,256.533,686.61
0.796607,426.621,260.992,687.613
0.797422,430.253,258.59,688.843
0.798238,429.86,257.811,687.671
0.799055,425.371,256.549,681.92
0.799872,426.614,258.57,685.185
0.80069,426.272,255.677,681.948
0.801509,427.429,257.997,685.426
0.802328,424.853,256.56,681.413
0.803149,429.542,257.568,687.11
0.80397,429.062,257.998,687.06
0.804791,425.447,259.716,685.163
0.805614,423.336,258.501,681.836
0.806437,424.493,257.899,682.392
0.807261,425.028,260.202,685.23
0.808086,426.897,258.373,685.27
0.808912,426.646,259.006,685.653
0.809738,427.555,258.783,686.338
0.810565,428.163,258.951,687.115
0.811393,426.147,256.766,682.913
0.812221,426.484,259.019,685.503
0.813051,424.349,259.531,683.88
0.813881,423.523,258.901,682.424
0.814711,422.52,258.56,681.08
0.815543,423.792,256.494,680.286
0.816375,426.407,261.902,688.309
0.817208,422.872,259.895,682.766
0.818042,421.187,257.041,678.229
0.818877,425.782,256.106,681.888
0.819712,425.866,257.948,683.814
0.820548,422.151,257.994,680.145
0.821385,422.219,258.506,680.724
0.822223,419.578,256.879,676.457
0.823061,419.429,259.488,678.917
0.8239,420.98,260.067,681.047
0.82474,418.239,259.896,678.135
0.825581,421.877,261.377,683.254
0.826422,425.439,259.008,684.448
0.827264,422.466,262.375,684.841
0.828107,420.497,257.899,678.396
0.828951,416.586,256.95,673.535
0.829796,420.156,260.742,680.898
0.830641,422.27,260.067,682.337
0.831487,421.913,259.602,681.515
0.832334,421.661,260.424,682.086
0.833181,423.193,258.334,681.527
0.83403,424.044,256.544,680.587
0.834879,422.492,259.894,682.386
0.835729,422.53,259.697,682.227
0.836579,419.809,259.417,679.226
0.837431,416.677,259.985,676.662
0.838283,417.862,259.663,677.524
0.839136,418.974,259.39,678.364
0.83999,418.42,256.53,674.95
0.840844,422.203,260.517,682.72
0.8417,418.233,261.506,679.739
0.842556,422.175,258.238,680.413
0.843413,421.113,262.287,683.4
0.84427,423.086,263.015,686.101
0.845129,419.263,259.899,679.162
0.845988,419.203,259.276,678.479
0.846848,421.284,259.096,680.38
0.847709,419.566,257.714,677.281
0.84857,419.335,257.821,677.156
0.849432,420.193,256.516,676.71
0.850296,419.77,259.802,679.572
0.85116,417.982,257.854,675.836
0.852024,420.454,260.705,681.159
0.85289,420.442,260.143,680.585
0.853756,419.442,256.833,676.274
0.854623,419.595,259.689,679.283
0.855491,418.81,259.433,678.243
0.856359,414.908,260.695,675.603
0.857229,421.571,259.839,681.409
0.858099,416.689,256.227,672.916
0.85897,416.182,261.685,677.867
0.859842,419.973,256.627,676.6
0.860714,417.629,260.378,678.007
0.861588,417.807,257.398,675.204
0.862462,416.566,261.125,677.69
0.863337,413.932,259.89,673.822
0.864213,414.778,260.923,675.702
0.865089,417.134,261.873,679.007
0.865967,414.385,260.693,675.077
0.866845,413.189,260.801,673.99
0.867724,414.184,260.264,674.449
0.868604,418.655,260.432,679.087
0.869484,418.326,262.349,680.674
0.870365,417.578,259.483,677.061
0.871248,416.094,261.266,677.36
0.872131,420.697,262.436,683.133
0.873014,413.88,259.702,673.582
0.873899,412.745,260.092,672.837
0.874784,415.672,258.535,674.207
0.87567,414.33,260.249,674.579
0.876557,415.273,261.611,676.884
0.877445,414.026,262.509,676.535
0.878334,416.797,260.299,677.096
0.879223,415.514,259.118,674.632
0.880113,412.915,261.525,674.439
0.881004,408.278,262.334,670.612
0.881896,415.776,260.077,675.853
0.882789,415.297,259.463,674.76
0.883682,411.04,262.739,673.779
0.884576,412.445,260.607,673.052
0.885472,412.171,258.22,670.392
0.886367,412.335,258.799,671.134
0.887264,410.595,261.505,672.1
0.888162,412.841,260.984,673.825
0.88906,412.953,260.016,672.97
0.889959,413.678,261.665,675.343
0.890859,409.512,258.789,668.301
0.89176,410.715,261.408,672.123
0.892661,410.683,262.066,672.749
0.893564,411.806,262.061,673.868
0.894467,411.236,261.858,673.094
0.895371,410.709,258.623,669.331
0.896276,413.003,261.465,674.468
0.897182,413.481,261.015,674.496
0.898088,414.832,262.068,676.9
0.898996,413.906,260.235,674.141
0.899904,412.355,260.061,672.416
0.900813,411.809,259.869,671.678
0.901723,409.53,260.653,670.184
0.902633,411.209,261.257,672.466
0.903545,408.66,262.465,671.125
0.904457,412.189,257.401,669.59
0.90537,410.111,258.975,669.086
0.906284,409.07,261.16,670.23
0.907199,409.33,260.934,670.265
0.908115,406.959,261.531,668.49
0.909031,411.407,262.628,674.035
0.909948,408.17,262.17,670.34
0.910867,411.452,260.013,671.465
0.911786,407.489,262.877,670.366
0.912705,408.526,263.164,671.69
0.913626,403.995,260.275,664.27
0.914547,408.227,259.262,667.489
0.91547,404.393,261.732,666.125
0.916393,412.601,260.024,672.625
0.917317,406.883,263.179,670.063
0.918242,407.641,263.193,670.833
0.919167,407.539,260.999,668.538
0.920094,406.353,260.377,666.73
0.921021,406.818,261.892,668.711
0.921949,409.574,260.044,669.618
0.922879,405.52,261.998,667.518
0.923808,411.456,261.482,672.938
0.924739,408.772,262.049,670.821
0.925671,406.598,262.044,668.642
0.926603,409.521,261.324,670.845
0.927536,404.369,259.348,663.717
0.928471,407.77,260.845,668.615
0.929406,405.796,260.99,666.786
0.930341,400.746,261.793,662.539
0.931278,404.565,260.328,664.893
0.932216,404.297,262.257,666.554
0.933154,407.296,261.393,668.689
0.934093,407.459,261.195,668.654
0.935033,406.548,261.313,667.861
0.935974,399.552,263.334,662.886
0.936916,404.047,262.289,666.336
0.937859,403.564,261.187,664.751
0.938802,403.226,261.439,664.666
0.939747,403.154,260.486,663.64
0.940692,405.514,262.504,668.018
0.941638,406.284,261.949,668.233
0.942585,406.482,260.814,667.296
0.943533,402.725,263.159,665.884
0.944481,401.728,262.809,664.537
0.945431,402.788,261.819,664.607
0.946381,398.469,262.321,660.79
0.947332,401.911,260.148,662.059
0.948285,399.514,261.231,660.745
0.949238,402.077,263.283,665.36
0.950191,399.105,261.05,660.155
0.951146,397.467,261.716,659.182
0.952102,403.581,262.979,666.559
0.953058,399.55,261.018,660.567
0.954015,401.907,262.451,664.357
0.954974,400.384,262.598,662.982
0.955933,400.345,264.321,664.666
0.956893,400.552,263.004,663.556
0.957853,398.675,263.656,662.331
0.958815,400.593,262.03,662.623
0.959778,401.759,261.346,663.104
0.960741,396.744,263.692,660.436
0.961705,398.015,264.622,662.636
0.962671,399.889,262.558,662.448
0.963637,401.262,262.093,663.355
0.964604,400.365,262.299,662.664
0.965571,398.154,263.332,661.486
0.96654,398.316,262.68,660.996
0.96751,401.135,262.21,663.345
0.96848,398.951,262.92,661.871
0.969452,398.042,261.867,659.909
0.970424,402.739,262.279,665.018
0.971397,399.437,263.923,663.36
0.972371,398.885,262.22,661.105
0.973346,397.76,260.559,658.319
0.974322,398.668,264.912,663.58
0.975298,397.408,264.04,661.448
0.976276,400.187,262.316,662.502
0.977254,392.574,263.892,656.466
0.978234,396.192,261.009,657.201
0.979214,395.883,262.709,658.592
0.980195,399.65,262.736,662.386
0.981177,399.96,265.171,665.131
0.98216,398.405,264.416,662.82
0.983143,397.229,263.476,660.704
0.984128,394.617,263.002,657.62
0.985114,394.989,263.764,658.753
0.9861,395.475,262.41,657.885
0.987088,396.759,264.84,661.599
0.988076,393.675,262.523,656.198
0.989065,396.683,262.951,659.634
0.990055,395.919,262.672,658.591
0.991046,394.301,262.291,656.592
0.992038,394.289,262.829,657.118
0.993031,393.105,262.452,655.557
0.994024,394.291,262.377,656.668
0.995019,394.631,265.401,660.032
0.996014,395.278,263.791,659.068
0.997011,395.983,265.068,661.051
0.998008,391.97,264.165,656.134
0.999006,395.318,262.293,657.611
1.00001,391.422,265.653,657.075
1.00101,393.658,262.445,656.103
1.00201,392.604,262.602,655.206
1.00301,392.078,264.394,656.472
1.00402,394.446,262.825,657.272
1.00502,391.307,264.356,655.663
1.00603,394.554,264.335,658.889
1.00704,393.396,263.65,657.045
1.00805,396.636,264.381,661.017
1.00906,392.626,265.877,658.503
1.01008,392.619,264.281,656.9
1.0111,388.499,264.801,653.3
1.01211,390.588,263.086,653.674
1.01313,391.746,263.876,655.622
1.01415,392.837,264.687,657.524
1.01518,391.084,264.081,655.165
1.0162,393.845,263.738,657.582
1.01723,391.564,264.995,656.558
1.01826,391.759,264.324,656.083
1.01929,390.998,262.851,653.849
1.02032,390.452,263.229,653.681
1.02135,392.29,265.592,657.882
1.02238,392.735,264.086,656.821
1.02342,390.292,264.236,654.528
1.02446,390.481,261.128,651.609
1.0255,388.702,265.153,653.855
1.02654,389.809,263.634,653.443
1.02758,390.878,263.771,654.649
1.02863,387.728,262.707,650.434
1.02968,388.421,264.142,652.564
1.03072,388.789,265.205,653.994
1.03177,390.178,264.004,654.181
1.03282,388.163,264.811,652.974
1.03388,391.644,264.866,656.511
1.03493,384.566,266.904,651.47
1.03599,387.075,263.536,650.611
1.03705,389.943,264.633,654.576
1.03811,388.339,265.471,653.81
1.03917,381.732,264.681,646.413
1.04023,382.912,265.333,648.245
1.0413,388.242,265.419,653.661
1.04237,382.957,263.057,646.014
1.04344,384.608,264.183,648.792
1.04451,389.473,263.482,652.955
1.04558,384.103,265.44,649.544
1.04665,384.744,265.59,650.334
1.04773,390.266,264.533,654.799
1.04881,382.712,264.664,647.376
1.04989,387.622,263.813,651.435
1.05097,384.755,265.745,650.5
1.05205,385.013,264.635,649.647
1.05313,386.729,267.034,653.763
1.05422,384.94,266.916,651.856
1.05531,386.966,266.12,653.086
1.0564,381.837,264.517,646.354
1.05749,382.947,263.446,646.392
1.05858,378.649,266.35,644.999
1.05968,382.998,265.695,648.693
1.06078,382.831,267.41,650.241
1.06187,382.462,267.869,650.331
1.06297,382.205,266.049,648.254
1.06408,383.548,263.068,646.616
1.06518,384.578,266.437,651.015
1.06629,382.236,266.225,648.461
1.06739,383.591,265.499,649.09
1.0685,381.193,264.126,645.319
1.06962,380.226,265.307,645.533
1.07073,378.638,264.821,643.459
1.07184,379.722,264.918,644.64
1.07296,380.886,264.351,645.237
1.07408,378.935,264.408,643.343
1.0752,379.699,262.929,642.628
1.07632,379.223,263.947,643.169
1.07745,377.928,264.555,642.483
1.07857,378.288,267.904,646.192
1.0797,379.084,266.714,645.798
1.08083,377.822,265.46,643.282
1.08196,376.625,265.964,642.589
1.08309,379.716,265.74,645.456
1.08423,376.166,266.154,642.32
1.08536,383.946,263.43,647.376
1.0865,380.577,263.963,644.54
1.08764,375.679,264.986,640.664
1.08879,377.134,266.524,643.658
1.08993,377.796,266.105,643.902
1.09108,376.397,267.811,644.208
1.09223,378.112,265.656,643.767
1.09337,377.232,264.47,641.702
1.09453,377.155,267.582,644.737
1.09568,376.837,266.955,643.792
1.09684,374.83,264.254,639.084
1.09799,379.196,264.301,643.496
1.09915,378.857,267.024,645.881
1.10031,376.378,266.273,642.651
1.10148,376.921,265.422,642.343
1.10264,374.737,264.544,639.281
1.10381,372.195,267.066,639.261
1.10498,373.173,267.982,641.155
1.10615,372.167,266.824,638.991
1.10732,374.886,266.382,641.269
1.10849,374.737,265.796,640.533
1.10967,376.121,267.656,643.777
1.11085,375.388,267.352,642.74
1.11203,374.029,263.963,637.992
1.11321,372.123,268.093,640.216
1.11439,373.965,266.371,640.335
1.11558,373.32,266.332,639.653
1.11677,372.695,266.692,639.387
1.11796,372.736,266.149,638.884
1.11915,371.723,266.521,638.244
1.12034,373.807,264.793,638.6
1.12154,370.907,265.632,636.539
1.12274,371.283,267.771,639.054
1.12394,370.596,266.774,637.37
1.12514,372.052,267.133,639.186
1.12634,373.637,266.705,640.343
1.12755,370.888,268.875,639.764
1.12875,368.731,266.758,635.489
1.12996,373.056,269.28,642.336
1.13117,369.562,268.005,637.567
1.13239,368.721,266.953,635.674
1.1336,370.659,265.834,636.493
1.13482,369.212,267.012,636.224
1.13604,368.149,269.116,637.265
1.13726,366.196,267.63,633.826
1.13848,370.902,266.446,637.349
1.13971,368.425,266.938,635.363
1.14093,367.349,267.522,634.872
1.14216,369.383,266.316,635.699
1.14339,368.938,267.932,636.871
1.14463,368.049,267.353,635.402
1.14586,367.946,267.274,635.22
1.1471,368.685,268.152,636.837
1.14834,364.991,267.348,632.339
1.14958,367.187,270.562,637.748
1.15082,367.466,266.936,634.401
1.15207,363.398,268.482,631.88
1.15332,365.903,267.017,632.92
1.15456,363.277,268.044,631.32
1.15582,369.536,267.27,636.806
1.15707,365.933,267.402,633.335
1.15832,365.87,268.819,634.689
1.15958,366.403,266.988,633.392
1.16084,364.863,266.972,631.836
1.1621,365.388,266.417,631.805
1.16337,366.379,269.32,635.699
1.16463,364.637,269.622,634.259
1.1659,365.519,265.915,631.434
1.16717,363.208,268.455,631.664
1.16844,361.656,268.497,630.153
1.16971,363.223,267.908,631.131
1.17099,363.373,269.435,632.808
1.17227,364.273,268.833,633.105
1.17355,364.728,266.269,630.997
1.17483,361.314,268.351,629.665
1.17611,361.061,269.193,630.254
1.1774,362.807,269.73,632.537
1.17869,362.548,269.38,631.928
1.17998,358.879,269.421,628.3
1.18127,361.291,268.121,629.412
1.18256,362.795,266.647,629.442
1.18386,358.72,267.669,626.389
1.18516,362.166,268.886,631.052
1.18646,361.151,267.903,629.054
1.18776,358.279,268.856,627.134
1.18907,359.17,267.788,626.958
1.19038,360.169,268.756,628.924
1.19169,359.707,267.473,627.18
1.193,358.739,268.012,626.751
1.19431,357.792,270.245,628.037
1.19563,358.415,269.41,627.825
1.19694,357.996,267.692,625.688
1.19826,357.941,270.387,628.328
1.19959,357.636,269.506,627.142
1.20091,355.191,269.886,625.077
1.20224,355.718,267.118,622.836
1.20357,357.055,268.526,625.581
1.2049,359.787,269.165,628.952
1.20623,357.648,268.036,625.683
1.20756,354.922,269.085,624.007
1.2089,358.965,268.546,627.511
1.21024,357.584,270.939,628.524
1.21158,356.494,269.565,626.059
1.21293,354.765,269.957,624.722
1.21427,356.953,268.576,625.528
1.21562,354.98,271.197,626.177
1.21697,353.952,269.656,623.608
1.21832,354.763,269.89,624.653
1.21968,353.717,268.989,622.706
1.22104,354.525,269.348,623.873
1.2224,354.621,269.352,623.973
1.22376,354.033,269.987,624.02
1.22512,354.044,269.92,623.964
1.22649,355.527,268.398,623.925
1.22785,352.121,268.358,620.478
1.22922,353.508,269.68,623.187
1.2306,350.18,271.167,621.347
1.23197,353.311,268.61,621.921
1.23335,351.882,270.134,622.016
1.23473,351.192,270.525,621.718
1.23611,350.125,269.744,619.869
1.23749,349.498,270.483,619.981
1.23888,350.65,271.318,621.969
1.24027,349.601,269.203,618.804
1.24166,350.869,268.599,619.468
1.24305,351.243,270.468,621.711
1.24445,351.306,268.173,619.479
1.24584,350.436,269.844,620.279
1.24724,347.069,269.718,616.787
1.24864,347.689,269.489,617.178
1.25005,348.341,269.891,618.232
1.25145,350.889,271.087,621.976
1.25286,347.806,272.163,619.969
1.25427,348.982,270.387,619.37
1.25569,347.84,268.852,616.692
1.2571,350.955,270.314,621.269
1.25852,346.643,270.518,617.161
1.25994,348.862,270.412,619.274
1.26136,347.002,271.899,618.9
1.26279,344.463,271.657,616.12
1.26421,343.508,270.693,614.2
1.26564,344.576,269.96,614.536
1.26708,345.453,269.507,614.96
1.26851,343.74,272.894,616.634
1.26995,344.07,270.9,614.971
1.27138,348.17,271.215,619.385
1.27283,347.284,272.888,620.172
1.27427,345.24,272.154,617.394
1.27571,343.78,271.142,614.921
1.27716,343.503,270.313,613.816
1.27861,342.672,273.509,616.181
1.28007,342.959,271.538,614.497
1.28152,342.374,270.103,612.477
1.28298,344.864,271.465,616.329
1.28444,343.851,269.712,613.562
1.2859,341.03,271.465,612.494
1.28736,340.175,271.79,611.964
1.28883,341.776,271.111,612.887
1.2903,341.452,271.966,613.418
1.29177,343.823,272.027,615.85
1.29325,342.607,272.258,614.865
1.29472,342.11,272.671,614.782
1.2962,338.416,272.383,610.798
1.29768,340.806,272.765,613.57
1.29917,341.206,270.229,611.435
1.30065,341.57,271.905,613.476
1.30214,340.747,274.126,614.874
1.30363,340.074,272.64,612.714
1.30513,340.167,273.61,613.778
1.30662,339.872,269.636,609.508
1.30812,337.822,271.719,609.542
1.30962,336.8,272.718,609.519
1.31112,338.923,270.388,609.312
1.31263,338.806,270.99,609.796
1.31414,340.241,271.699,611.94
1.31565,335.289,270.56,605.849
1.31716,335.073,270.364,605.437
1.31868,336.9,272.398,609.298
1.32019,338.033,272.745,610.778
1.32171,336.392,273.927,610.319
1.32324,333.509,274.37,607.88
1.32476,334.046,272.707,606.753
1.32629,338.341,270.765,609.105
1.32782,335.891,272.409,608.3
1.32935,336.389,272.734,609.123
1.33089,336.616,272.15,608.766
1.33243,334.108,271.347,605.455
1.33397,334.757,272.014,606.771
1.33551,334.439,273.101,607.54
1.33705,333.68,272.859,606.539
1.3386,333.401,272.572,605.973
1.34015,334.025,273.327,607.352
1.34171,331.547,273.812,605.358
1.34326,332.522,273.338,605.859
1.34482,332.735,272.27,605.005
1.34638,329.956,273.406,603.362
1.34794,333.319,272.934,606.253
1.34951,330.806,272.897,603.704
1.35107,331.578,271.177,602.755
1.35265,329.798,272.86,602.658
1.35422,329.217,273.345,602.562
1.35579,327.843,273.392,601.236
1.35737,329.044,270.723,599.767
1.35895,328.536,272.88,601.415
1.36054,327.006,272.976,599.981
1.36212,331.166,272.019,603.185
1.36371,327.846,275.055,602.901
1.3653,326.594,273.251,599.845
1.3669,325.187,272.893,598.08
1.36849,325.669,272.759,598.429
1.37009,326.233,272.387,598.621
1.37169,328.917,274.204,603.121
1.3733,328.309,273.442,601.752
1.3749,325.749,273.132,598.881
1.37651,328.487,273.477,601.965
1.37812,327.498,274.804,602.302
1.37974,323.498,274.027,597.525
1.38135,325.898,274.549,600.446
1.38297,323.164,275.101,598.264
1.3846,322.879,275.134,598.013
1.38622,324.849,273.272,598.121
1.38785,322.491,272.263,594.754
1.38948,324.891,274.145,599.036
1.39111,324.09,274.542,598.632
1.39275,324.751,274.155,598.906
1.39439,325.107,275.91,601.017
1.39603,322.501,274.465,596.966
1.39767,320.346,274.366,594.712
1.39932,322.724,272.575,595.299
1.40097,320.978,275.494,596.472
1.40262,320.572,271.941,592.513
1.40427,323.633,273.395,597.028
1.40593,321.153,273.118,594.271
1.40759,322.722,273.962,596.684
1.40925,317.866,273.227,591.093
1.41092,319.702,274.805,594.507
1.41258,319.848,273.847,593.695
1.41425,317.831,274.937,592.768
1.41593,317.826,274.242,592.068
1.4176,319.378,276.237,595.615
1.41928,317.759,276.194,593.953
1.42096,318.388,274.513,592.901
1.42265,320.899,275.158,596.057
1.42433,318.695,273.49,592.185
1.42602,316.371,274.365,590.736
1.42772,316.132,275.328,591.46
1.42941,318.432,275.796,594.228
1.43111,318.189,275.241,593.43
1.43281,315.096,275.316,590.412
1.43451,315.589,274.733,590.322
1.43622,315.691,276.672,592.364
1.43793,315.535,274.61,590.145
1.43964,315.901,274.433,590.334
1.44135,316.281,276.374,592.655
1.44307,316.328,276.059,592.387
1.44479,315.411,277.007,592.418
1.44651,311.718,274.392,586.111
1.44824,312.176,276.175,588.351
1.44997,311.763,275.924,587.688
1.4517,310.067,274.935,585.002
1.45343,313.872,275.728,589.6
1.45517,314.864,274.218,589.082
1.45691,313.294,275.262,588.556
1.45865,309.867,275.152,585.02
1.4604,313.643,276.615,590.258
1.46214,309.591,275.984,585.576
1.4639,313.01,276.954,589.964
1.46565,309.931,276.584,586.515
1.46741,310.2,277.498,587.698
1.46917,311.049,277.203,588.252
1.47093,309.633,277.179,586.812
1.47269,309.162,275.217,584.379
1.47446,312.226,273.992,586.218
1.47623,309.204,277.981,587.185
1.47801,307.629,277.607,585.236
1.47978,308.163,279.496,587.659
1.48156,308.847,277.343,586.19
1.48335,307.508,275.757,583.265
1.48513,307.209,277.249,584.458
1.48692,306.253,277.104,583.358
1.48871,306.926,278.494,585.421
1.4905,306.137,275.702,581.839
1.4923,304.803,276.877,581.68
1.4941,305.202,277.261,582.462
1.4959,305.686,277.556,583.242
1.49771,303.72,274.41,578.13
1.49952,306.699,277.826,584.525
1.50133,303.573,275.598,579.171
1.50315,300.226,275.73,575.957
1.50496,303.866,277.147,581.013
1.50678,302.816,278.064,580.88
1.50861,303.514,276.558,580.072
1.51043,300.699,276.931,577.63
1.51226,301.478,275.883,577.361
1.5141,302.663,277.788,580.451
1.51593,299.275,277.484,576.759
1.51777,303.12,277.109,580.229
1.51961,300.064,278.108,578.172
1.52146,299.172,277.91,577.082
1.5233,299.684,277.888,577.572
1.52515,298.51,275.594,574.104
1.52701,298.119,278.783,576.902
1.52886,297.773,277.561,575.334
1.53072,299.339,279.358,578.697
1.53258,298.262,278.893,577.155
1.53445,297.874,279.416,577.289
1.53632,300.32,279.083,579.404
1.53819,297.826,279.752,577.578
1.54006,296.258,278.248,574.506
1.54194,297.844,277.658,575.502
1.54382,295.526,277.608,573.133
1.54571,294.62,276.385,571.005
1.54759,295.709,278.961,574.67
1.54948,293.771,279.193,572.964
1.55138,295.509,278.442,573.951
1.55327,294.022,278.053,572.075
1.55517,293.222,277.584,570.806
1.55707,294.292,278.822,573.115
1.55898,293.352,278.503,571.855
1.56089,294.801,276.465,571.266
1.5628,291.606,278.954,570.56
1.56471,291.555,278.997,570.552
1.56663,292.731,279.733,572.464
1.56855,292.007,278.002,570.009
1.57048,292.155,278.929,571.084
1.5724,293.11,278.454,571.563
1.57433,287.967,279.019,566.986
1.57627,290.932,279.579,570.511
1.5782,290.271,278.912,569.183
1.58014,288.153,280.418,568.571
1.58208,289.42,281.245,570.665
1.58403,290.201,279.671,569.872
1.58598,289.956,281.19,571.146
1.58793,287.028,280.163,567.191
1.58989,286.389,279.836,566.224
1.59185,287.505,280.251,567.755
1.59381,289.233,278.021,567.254
1.59577,286.916,279.148,566.064
1.59774,284.496,279.694,564.189
1.59971,288.345,280.036,568.381
1.60169,286.049,280.928,566.977
1.60366,285.664,280.333,565.997
1.60564,283.501,280.83,564.331
1.60763,284.356,280.115,564.471
1.60962,282.178,279.779,561.957
1.61161,284.69,280.612,565.302
1.6136,285.029,279.436,564.465
1.6156,281.599,279.494,561.093
1.6176,281.633,279.117,560.751
1.6196,284.515,281.085,565.6
1.62161,282.443,279.671,562.114
1.62362,279.817,280.998,560.815
1.62563,281.307,281.021,562.329
1.62765,279.486,279.967,559.453
1.62967,280.949,279.798,560.747
1.63169,281.412,281.027,562.438
1.63372,280.428,280.336,560.764
1.63575,280.621,281.357,561.977
1.63778,278.65,280.978,559.627
1.63982,279.222,281.095,560.317
1.64186,277.95,281.637,559.587
1.6439,277.831,280.775,558.606
1.64595,275.846,280.911,556.757
1.648,276.483,280.152,556.635
1.65005,277.152,280.593,557.744
1.65211,276.147,281.949,558.096
1.65417,275.1,280.844,555.943
1.65623,273.098,281.586,554.684
1.65829,275.902,282.014,557.916
1.66036,274.95,278.961,553.911
1.66244,275.442,281.7,557.143
1.66451,274.685,282.171,556.856
1.66659,275.848,282.155,558.003
1.66868,275.22,282.958,558.178
1.67076,274.859,279.106,553.965
1.67285,272.856,282.329,555.185
1.67495,273.474,282.111,555.586
1.67704,271.804,281.263,553.067
1.67914,272.543,282.56,555.103
1.68125,272.354,281.919,554.272
1.68335,270.283,283.136,553.419
1.68547,269.641,281.996,551.637
1.68758,270.141,283.841,553.981
1.6897,269.449,280.595,550.044
1.69182,268.73,282.645,551.375
1.69394,269.115,282.769,551.884
1.69607,270.097,282.432,552.529
1.6982,269.521,282.999,552.52
1.70033,269.859,281.91,551.769
1.70247,267.316,282.382,549.697
1.70461,269.325,282.816,552.141
1.70676,264.763,283.453,548.216
1.70891,268.114,281.911,550.024
1.71106,266.321,284.367,550.688
1.71322,266.348,284.035,550.383
1.71537,263.93,281.895,545.826
1.71754,264.489,283.835,548.325
1.7197,263.021,283.945,546.967
1.72187,265.535,283.993,549.528
1.72405,262.715,284.558,547.273
1.72622,263.844,285.225,549.069
1.7284,260.77,283.641,544.411
1.73059,262.267,283.274,545.541
1.73277,262.887,282.436,545.323
1.73496,261.164,285.654,546.818
1.73716,263.681,283.09,546.771
1.73936,262.331,282.58,544.911
1.74156,261.782,283.985,545.767
1.74376,259.418,284.625,544.043
1.74597,260.791,284.809,545.6
1.74818,257.966,283.947,541.913
1.7504,257.811,282.346,540.157
1.75262,259.598,283.779,543.377
1.75484,259.081,284.356,543.437
1.75707,257.95,284.42,542.37
1.7593,255.832,284.461,540.293
1.76153,258.074,284.581,542.655
1.76377,255.3,286.193,541.493
1.76601,254.842,283.812,538.654
1.76826,254.451,284.345,538.796
1.7705,255.504,284.331,539.836
1.77276,254.303,283.549,537.852
1.77501,254.384,286.075,540.459
1.77727,254.89,284.571,539.461
1.77953,254.708,285.372,540.08
1.7818,253.718,285.741,539.46
1.78407,252.282,284.944,537.225
1.78635,251.271,285.264,536.535
1.78862,249.261,284.748,534.009
1.7909,248.426,285.55,533.975
1.79319,250.575,283.973,534.548
1.79548,249.99,285.646,535.636
1.79777,250.407,284.918,535.325
1.80007,250.053,284.799,534.852
1.80237,247.652,285.34,532.992
1.80467,247.387,287.03,534.417
1.80698,247.421,286.551,533.972
1.80929,246.758,286.165,532.923
1.81161,246.565,284.677,531.241
1.81392,246.646,286.28,532.925
1.81625,245.989,285.21,531.199
1.81857,244.02,285.327,529.347
1.8209,243.101,285.733,528.834
1.82324,243.865,287.02,530.884
1.82558,244.548,286.069,530.616
1.82792,244.18,285.635,529.814
1.83026,243.626,285.606,529.232
1.83261,242.901,285.248,528.15
1.83496,242.477,287.806,530.283
1.83732,244.024,286.784,530.808
1.83968,243.681,287.071,530.752
1.84205,243.06,286.298,529.357
1.84441,242.001,287.27,529.271
1.84679,241.603,286.47,528.073
1.84916,240.427,287.793,528.22
1.85154,239.937,287.225,527.162
1.85393,239.818,285.643,525.461
1.85631,239.879,286.72,526.599
1.85871,238.728,286.902,525.631
1.8611,237.105,288.04,525.144
1.8635,237.357,286.845,524.203
1.8659,236.862,287.244,524.106
1.86831,237.447,287.361,524.808
1.87072,234.308,288.634,522.941
1.87314,233.921,287.611,521.532
1.87556,234.343,288.051,522.394
1.87798,233.091,288.176,521.266
1.88041,233.02,288.14,521.16
1.88284,233.334,289.047,522.381
1.88527,232.073,287.562,519.635
1.88771,231.44,287.355,518.795
1.89015,233.312,288.03,521.342
1.8926,232.296,287.97,520.267
1.89505,230.679,288.143,518.822
1.8975,232.263,287.718,519.981
1.89996,230.416,288.181,518.597
1.90242,230.488,289.151,519.639
1.90489,230.243,288.281,518.523
1.90736,229.993,286.737,516.73
1.90984,228.954,288.492,517.445
1.91231,229.091,287.639,516.731
1.9148,227.032,287.422,514.453
1.91728,225.783,287.812,513.595
1.91977,225.633,289.342,514.974
1.92227,225.806,287.251,513.056
1.92477,224.985,288.146,513.131
1.92727,225.179,289.508,514.687
1.92978,223.855,288.405,512.26
1.93229,224.584,289.792,514.376
1.9348,224.391,289.487,513.878
1.93732,222.808,288.856,511.665
1.93984,223.862,289.199,513.061
1.94237,222.144,288.918,511.062
1.9449,222.356,288.437,510.793
1.94744,220.909,288.8,509.709
1.94998,223.797,289.199,512.996
1.95252,220.728,289.965,510.693
1.95507,219.646,290.288,509.933
1.95762,218.94,288.154,507.094
1.96018,217.896,289.848,507.743
1.96274,218.313,290.209,508.523
1.9653,217.681,290.367,508.048
1.96787,218.508,289.169,507.676
1.97044,218.738,291.037,509.775
1.97302,217.911,289.298,507.209
1.9756,215.15,289.866,505.016
1.97819,215.432,290.847,506.28
1.98078,216.036,290.365,506.401
1.98337,214.705,290.012,504.717
1.98597,213.837,290.226,504.063
1.98857,213.64,291.839,505.479
1.99118,214.015,290.841,504.856
1.99379,212.511,291.171,503.682
1.9964,211.439,291.819,503.258
1.99902,211.51,290.525,502.035
2.00165,210.347,291.088,501.436
2.00427,209.715,292.079,501.794
2.0069,210.177,292.153,502.33
2.00954,208.905,290.892,499.796
2.01218,208.497,291.615,500.112
2.01483,208.029,292.63,500.658
2.01748,207.456,291.453,498.909
2.02013,206.51,289.618,496.129
2.02279,207.854,292.357,500.21
2.02545,206.062,292.115,498.178
2.02811,206.686,290.923,497.609
2.03079,205.718,290.18,495.899
2.03346,204.145,291.745,495.89
2.03614,204.089,291.704,495.793
2.03882,202.198,291.384,493.583
2.04151,200.212,290.821,491.033
2.0442,202.555,292.519,495.074
2.0469,201.3,292.858,494.158
2.0496,201.662,294.446,496.108
2.05231,199.234,292.949,492.183
2.05502,201.95,293.284,495.235
2.05773,199.383,293.152,492.536
2.06045,198.945,293.096,492.041
2.06317,198.564,291.406,489.97
2.0659,198.709,292.916,491.625
2.06863,198.935,293.313,492.249
2.07137,198.659,293.311,491.97
2.07411,197.356,292.022,489.379
2.07686,198.122,293.972,492.095
2.07961,196.8,292.894,489.694
2.08236,195.066,293.461,488.528
2.08512,195.486,293.35,488.836
2.08788,194.635,294.743,489.378
2.09065,193.649,294.674,488.322
2.09342,193.841,294.022,487.863
2.0962,191.371,294.292,485.663
2.09898,189.314,293.93,483.244
2.10177,192.981,293.265,486.246
2.10456,190.696,293.738,484.434
2.10735,190.974,293.054,484.028
2.11015,191.046,293.205,484.25
2.11296,189.105,292.717,481.822
2.11576,188.077,295.316,483.393
2.11858,187.269,293.623,480.891
2.1214,187.067,293.74,480.807
2.12422,187.692,294.969,482.661
2.12704,184.918,296.117,481.035
2.12988,185.472,293.779,479.251
2.13271,186.127,294.656,480.783
2.13555,184.57,293.943,478.514
2.1384,184.084,295.527,479.61
2.14125,182.671,294.601,477.272
2.1441,183.99,295.643,479.633
2.14696,182.361,295.214,477.575
2.14983,181.439,295.819,477.258
2.15269,179.467,294.155,473.621
2.15557,180.926,295.442,476.368
2.15845,181.159,296.227,477.386
2.16133,180.86,295.852,476.712
2.16421,179.527,295.901,475.427
2.16711,178.43,296.478,474.908
2.17,177.888,296.599,474.487
2.1729,176.073,293.88,469.953
2.17581,177.341,294.894,472.236
2.17872,174.95,295.382,470.332
2.18164,175.491,296.129,471.62
2.18456,174.155,296.563,470.718
2.18748,175.073,295.468,470.541
2.19041,173.903,297.44,471.343
2.19335,174.119,297.858,471.976
2.19628,172.36,297.243,469.602
2.19923,170.486,297.104,467.591
2.20218,171.382,296.784,468.166
2.20513,172.41,297.7,470.11
2.20809,171.126,297.723,468.849
2.21105,169.282,297.172,466.454
2.21402,169.485,297.51,466.995
2.21699,168.976,296.479,465.455
2.21997,167.693,296.55,464.242
2.22295,166.887,298.351,465.237
2.22594,168.118,297.472,465.59
2.22893,165.83,296.948,462.778
2.23193,167.008,296.379,463.386
2.23493,163.996,297.745,461.74
2.23794,164.567,298.493,463.06
2.24095,162.697,297.492,460.189
2.24397,163.528,297.961,461.489
2.24699,162.356,297.739,460.094
2.25001,163.745,297.342,461.088
2.25305,161.29,298.639,459.929
2.25608,160.28,298.587,458.867
2.25912,160.035,299.032,459.067
2.26217,158.995,297.713,456.708
2.26522,158.227,298.3,456.527
2.26828,158.629,297.13,455.758
2.27134,158.064,298.588,456.653
2.2744,158.001,298.832,456.833
2.27747,157.45,298.881,456.331
2.28055,155.969,299.624,455.593
2.28363,154.79,299.157,453.947
2.28672,153.331,299.506,452.837
2.28981,153.325,299.827,453.152
2.2929,153.24,299.132,452.372
2.296,153.547,299.233,452.779
2.29911,152.47,299.544,452.014
2.30222,150.206,300.138,450.344
2.30534,149.438,299.379,448.816
2.30846,149.784,299.646,449.429
2.31158,149.606,300.262,449.868
2.31472,149.155,297.915,447.07
2.31785,147.55,301.735,449.284
2.32099,146.637,299.384,446.021
2.32414,146.488,300.348,446.836
2.32729,146.543,300.515,447.058
2.33045,144.683,300.611,445.294
2.33361,144.615,301.196,445.811
2.33678,143.567,301.556,445.123
2.33995,143.077,299.936,443.013
2.34313,143.547,300.803,444.35
2.34631,141.322,300.333,441.654
2.3495,138.447,300.772,439.219
2.35269,139.518,301.093,440.611
2.35589,138.489,300.782,439.271
2.35909,137.759,300.516,438.274
2.3623,137.51,301.247,438.756
2.36552,137.458,302.548,440.006
2.36873,135.048,301.214,436.263
2.37196,135.521,302.248,437.769
2.37519,134.318,300.622,434.941
2.37842,134.212,302.211,436.423
2.38166,132.503,300.318,432.82
2.38491,132.1,302.617,434.717
2.38816,129.828,301.655,431.483
2.39141,130.276,302.445,432.721
2.39467,129.087,303.203,432.29
2.39794,129.396,302.118,431.514
2.40121,126.807,303.7,430.507
2.40449,125.86,301.899,427.759
2.40777,124.617,302.655,427.272
2.41106,124.836,303.132,427.968
2.41435,123.112,303.893,427.005
2.41765,122.24,303.18,425.42
2.42095,121.924,303.286,425.21
2.42426,121.272,303.217,424.489
2.42758,118.954,303.124,422.078
2.4309,118.504,303.747,422.251
2.43422,118.42,303.07,421.49
2.43755,115.647,305.148,420.795
2.44089,115.705,303.521,419.226
2.44423,113.863,303.03,416.893
2.44758,113.316,303.961,417.277
2.45093,112.251,303.327,415.577
2.45429,109.558,303.27,412.828
2.45765,109.257,304.353,413.61
2.46102,107.899,303.541,411.44
2.46439,105.832,304.599,410.431
2.46777,105.358,303.347,408.705
2.47116,104.211,304.085,408.295
2.47455,103.994,305.211,409.205
2.47795,102.164,304.807,406.972
2.48135,100.725,305.448,406.174
2.48475,99.5734,304.32,403.894
2.48817,98.2166,305.004,403.221
2.49159,95.3404,305.946,401.286
2.49501,94.4338,304.904,399.338
2.49844,94.8066,306.002,400.809
2.50187,90.979,304.825,395.804
2.50531,90.2921,305.327,395.619
2.50876,90.1851,306.059,396.244
2.51221,87.1735,305.226,392.4
2.51567,86.3709,305.835,392.206
2.51913,84.9969,305.15,390.147
2.5226,83.8815,306.357,390.239
2.52608,81.3964,304.983,386.38
2.52956,81.4163,306.299,387.715
2.53304,77.9988,306.438,384.437
2.53653,76.8692,306.175,383.044
2.54003,76.705,306.499,383.204
2.54353,74.886,305.97,380.856
2.54704,72.6377,307.454,380.092
2.55055,71.4923,306.32,377.812
2.55407,70.5423,306.349,376.891
2.5576,67.735,306.322,374.057
2.56113,66.8305,306.939,373.77
2.56467,64.8962,307.032,371.928
2.56821,64.2416,307.14,371.382
2.57176,62.4408,306.915,369.356
2.57531,60.4274,308.03,368.458
2.57887,58.8513,308.495,367.346
2.58244,57.6944,307.909,365.604
2.58601,55.9182,307.607,363.525
2.58959,54.7005,307.565,362.265
2.59317,52.7714,307.37,360.141
2.59676,51.7252,307.631,359.356
2.60035,49.8737,308.546,358.419
2.60395,48.9611,308.478,357.439
2.60756,46.5123,308.841,355.354
2.61117,45.665,309.139,354.804
2.61479,44.1095,308.891,353
2.61841,43.0982,308.057,351.156
2.62204,41.148,308.329,349.477
2.62568,39.7195,309.77,349.489
2.62932,39.1567,309.506,348.663
2.63297,37.3977,308.971,346.368
2.63662,36.7102,309.72,346.43
2.64028,34.6813,309.253,343.934
2.64395,33.6159,309.265,342.881
2.64762,32.6234,310.062,342.685
2.6513,30.853,308.813,339.666
2.65498,29.1161,310.738,339.854
2.65867,28.2247,310.855,339.08
2.66236,27.0596,308.736,335.795
2.66607,26.0775,309.287,335.365
2.66977,25.2316,309.573,334.805
2.67349,24.0216,310.373,334.395
2.67721,23.0218,310.974,333.996
2.68093,22.1644,310.726,332.89
2.68466,21.1672,310.318,331.486
2.6884,20.7227,310.462,331.184
2.69214,19.5765,310.173,329.75
2.69589,18.5055,310.562,329.068
2.69965,17.3599,311.444,328.804
2.70341,16.5482,310.469,327.017
2.70718,15.7473,311.438,327.185
2.71095,15.2635,311.451,326.715
2.71473,14.403,311.948,326.351
2.71852,13.5037,312.173,325.677
2.72231,12.9645,311.574,324.538
2.72611,12.6203,311.73,324.35
2.72992,11.548,311.27,322.818
2.73373,10.8289,311.629,322.457
2.73755,10.3984,312.692,323.091
2.74137,10.2526,312.549,322.801
2.7452,9.07665,313.475,322.551
2.74903,8.63562,313.141,321.777
2.75288,7.79825,313.006,320.804
2.75673,7.68726,313.184,320.871
2.76058,7.52867,312.598,320.126
2.76444,6.70572,313.552,320.258
2.76831,6.45563,314.45,320.906
2.77218,6.0861,313.462,319.548
2.77606,5.63604,314.042,319.678
2.77995,5.20179,314.022,319.224
2.78384,5.10795,314.081,319.189
2.78774,4.51214,314.454,318.966
2.79164,4.46537,313.229,317.694
2.79556,4.16872,314.46,318.629
2.79947,3.87406,314.612,318.486
2.8034,3.62939,314.797,318.427
2.80733,3.44879,314.823,318.272
2.81126,3.01925,314.959,317.978
2.81521,2.87921,314.176,317.056
2.81916,2.91449,313.87,316.785
2.82311,2.53631,314.614,317.15
2.82708,2.39512,314.002,316.397
2.83105,2.23708,314.76,316.997
2.83502,1.9761,316.475,318.451
2.839,1.98974,315.576,317.566
2.84299,1.79266,315.467,317.26
2.84699,1.56412,315.339,316.903
2.85099,1.4218,315.698,317.12
2.85499,1.31031,315.808,317.119
2.85901,1.31888,316.223,317.542
2.86303,1.19881,315.966,317.165
2.86706,1.05957,316.377,317.437
2.87109,1.05271,315.687,316.74
2.87513,0.922651,317.889,318.812
2.87918,0.857541,315.821,316.678
2.88323,0.732821,315.263,315.996
2.88729,0.684545,317.291,317.975
2.89136,0.609846,316.231,316.841
2.89543,0.629531,317.233,317.863
2.89951,0.448666,317.72,318.169
2.9036,0.48658,315.967,316.453
2.90769,0.409848,317.198,317.608
2.91179,0.432314,317.553,317.985
2.9159,0.359129,317.139,317.498
2.92001,0.324695,316.716,317.041
2.92413,0.336673,316.619,316.955
2.92826,0.289879,318.383,318.673
2.93239,0.279787,317.325,317.605
2.93653,0.233512,318.973,319.206
2.94068,0.186144,318.709,318.895
2.94483,0.184902,319.06,319.245
2.94899,0.19114,318.813,319.004
2.95316,0.177636,318.868,319.045
2.95734,0.146576,318.379,318.526
2.96152,0.1646,319.204,319.369
2.9657,0.153775,318.74,318.893
2.9699,0.112374,318.885,318.998
2.9741,0.123635,318.697,318.821
2.97831,0.0755636,319.67,319.745
2.98252,0.0731401,320.044,320.117
2.98674,0.0481642,319.367,319.415
2.99097,0.0590993,319.332,319.392
2.99521,0.0542425,321.494,321.549
2.99945,0.0206368,320.742,320.763
3.0037,0.0549032,320.703,320.758
3.00795,0.0250966,319.73,319.755
3.01222,0.0461149,319.56,319.607
3.01649,0.0296287,321.248,321.277
3.02076,0.0423372,321.26,321.303
3.02505,0.0303379,321.067,321.097
3.02934,0.0233384,320.531,320.554
3.03364,0.0178329,321.316,321.334
3.03794,0.0285885,321.767,321.796
3.04225,0.0174267,321.829,321.846
3.04657,0.0137689,320.782,320.796
3.0509,0.00781576,320.55,320.558
3.05523,0.0154215,321.964,321.98
3.05957,0.0266258,321.393,321.42
3.06392,0.0118347,321.686,321.698
3.06827,0.00246396,322.904,322.907
3.07263,0.00584569,321.754,321.76
3.077,0.010751,323.088,323.099
3.08137,0.00259438,323.187,323.189
3.08576,0.00217475,322.912,322.915
3.09015,0.00159542,323.332,323.334
3.09454,0.00558231,322.717,322.723
3.09895,0.000176232,321.994,321.994
3.10336,0.000911223,323.816,323.817
3.10777,0.00404006,323.798,323.802
3.1122,0.0027486,323.655,323.657
3.11663,0.00216016,322.933,322.935
3.12107,0,323.974,323.974
3.12552,0,324.459,324.459
3.12997,0,323.258,323.258
3.13443,0,323.69,323.69
3.1389,0,324.081,324.081
3.14338,0,324.817,324.817
3.14786,0,323.909,323.909
3.15235,0,324.567,324.567
3.15685,0,325.4,325.4
3.16135,0,324.328,324.328
3.16587,0,323.75,323.75
3.17039,0,324.782,324.782
3.17491,0,325.74,325.74
3.17945,0,325.333,325.333
3.18399,0,325.684,325.684
3.18854,0,325.098,325.098
3.19309,0,325.047,325.047
3.19766,0,325.796,325.796
3.20223,0,326.37,326.37
3.20681,0,326.133,326.133
3.21139,0,325.666,325.666
3.21599,0,326.667,326.667
3.22059,0,326.993,326.993
3.2252,0,326.489,326.489
3.22981,0,327.434,327.434
3.23444,0,326.382,326.382
3.23907,0,327.494,327.494
3.2437,0,327.031,327.031
3.24835,0,326.573,326.573
3.253,0,327.91,327.91
3.25767,0,328.436,328.436
3.26233,0,326.845,326.845
3.26701,0,327.067,327.067
3.27169,0,328.686,328.686
3.27639,0,328.58,328.58
3.28108,0,328.243,328.243
3.28579,0,328.396,328.396
3.29051,0,328.714,328.714
3.29523,0,328.827,328.827
3.29996,0,329.121,329.121
3.3047,0,329.682,329.682
3.30944,0,329.571,329.571
3.31419,0,330.141,330.141
3.31895,0,329.762,329.762
3.32372,0,330.153,330.153
3.3285,0,329.895,329.895
3.33328,0,329.687,329.687
3.33807,0,330.338,330.338
3.34287,0,330.674,330.674
3.34768,0,329.646,329.646
3.35249,0,330.552,330.552
3.35732,0,330.255,330.255
3.36215,0,330.688,330.688
3.36699,0,331.315,331.315
3.37183,0,330.478,330.478
3.37669,0,331.604,331.604
3.38155,0,332.536,332.536
3.38642,0,331.711,331.711
3.3913,0,331.893,331.893
3.39618,0,331.605,331.605
3.40108,0,331.748,331.748
3.40598,0,332.2,332.2
3.41089,0,332.58,332.58
3.41581,0,332.763,332.763
3.42073,0,331.995,331.995
3.42567,0,332.529,332.529
3.43061,0,332.066,332.066
3.43556,0,331.999,331.999
3.44051,0,332.94,332.94
3.44548,0,333.62,333.62
3.45045,0,332.524,332.524
3.45544,0,334.476,334.476
3.46043,0,332.889,332.889
3.46543,0,333.721,333.721
3.47043,0,334.285,334.285
3.47545,0,333.787,333.787
3.48047,0,334.86,334.86
3.4855,0,335.148,335.148
3.49054,0,333.958,333.958
3.49559,0,334.274,334.274
3.50064,0,335.124,335.124
3.5057,0,334.965,334.965
3.51078,0,334.926,334.926
3.51586,0,335.525,335.525
3.52094,0,335.443,335.443
3.52604,0,335.843,335.843
3.53115,0,335.656,335.656
3.53626,0,336.908,336.908
3.54138,0,335.875,335.875
3.54651,0,336.141,336.141
3.55165,0,337.492,337.492
3.55679,0,337.002,337.002
3.56195,0,337.423,337.423
3.56711,0,336.242,336.242
3.57228,0,337.619,337.619
3.57746,0,337.321,337.321
3.58265,0,337.733,337.733
3.58785,0,338.299,338.299
3.59305,0,336.819,336.819
3.59827,0,337.696,337.696
3.60349,0,338.858,338.858
3.60872,0,338.95,338.95
3.61396,0,339.506,339.506
3.61921,0,339.023,339.023
3.62446,0,338.572,338.572
3.62973,0,339.719,339.719
3.635,0,338.033,338.033
3.64028,0,339.916,339.916
3.64557,0,339.879,339.879
3.65087,0,339.838,339.838
3.65618,0,338.322,338.322
3.6615,0,340.181,340.181
3.66682,0,339.929,339.929
3.67216,0,340.683,340.683
3.6775,0,339.982,339.982
3.68285,0,340.391,340.391
3.68821,0,341.463,341.463
3.69358,0,339.956,339.956
3.69895,0,340.499,340.499
3.70434,0,340.533,340.533
3.70973,0,342.531,342.531
3.71514,0,342.033,342.033
3.72055,0,341.834,341.834
3.72597,0,341.6,341.6
3.7314,0,340.453,340.453
3.73684,0,341.468,341.468
3.74229,0,342.298,342.298
3.74774,0,342.795,342.795
3.75321,0,342.161,342.161
3.75868,0,343.664,343.664
3.76416,0,343.681,343.681
3.76966,0,342.471,342.471
3.77516,0,344.224,344.224
3.78067,0,343.257,343.257
3.78618,0,344.73,344.73
3.79171,0,344.124,344.124
3.79725,0,343.98,343.98
3.80279,0,344.488,344.488
3.80835,0,344.622,344.622
3.81391,0,345.122,345.122
3.81949,0,344.736,344.736
3.82507,0,344.831,344.831
3.83066,0,344.431,344.431
3.83626,0,346.02,346.02
3.84187,0,345.4,345.4
3.84748,0,345.245,345.245
3.85311,0,346.133,346.133
3.85875,0,345.627,345.627
3.86439,0,346.324,346.324
3.87005,0,345.301,345.301
3.87571,0,346.423,346.423
3.88138,0,346.218,346.218
3.88707,0,345.854,345.854
3.89276,0,347.369,347.369
3.89846,0,346.516,346.516
3.90417,0,347.062,347.062
3.90989,0,348.343,348.343
3.91562,0,346.883,346.883
3.92136,0,348.269,348.269
3.9271,0,347.42,347.42
3.93286,0,347.684,347.684
3.93862,0,348.134,348.134
3.9444,0,348.581,348.581
3.95018,0,348.252,348.252
3.95598,0,348.28,348.28
3.96178,0,349.382,349.382
3.9676,0,349.433,349.433
3.97342,0,348.756,348.756
3.97925,0,349.929,349.929
3.98509,0,349.581,349.581
3.99094,0,350.77,350.77
3.9968,0,350.356,350.356
4.00267,0,349.576,349.576
4.00855,0,350.605,350.605
4.01444,0,350.375,350.375
4.02034,0,351.231,351.231
4.02625,0,350.527,350.527
4.03216,0,350.987,350.987
4.03809,0,350.507,350.507
4.04403,0,352.102,352.102
4.04997,0,352.574,352.574
4.05593,0,352.213,352.213
4.0619,0,352.028,352.028
4.06787,0,353.424,353.424
4.07386,0,352.963,352.963
4.07985,0,353.187,353.187
4.08586,0,353.327,353.327
4.09187,0,353.238,353.238
4.0979,0,353.338,353.338
4.10393,0,353.32,353.32
4.10997,0,354.24,354.24
4.11603,0,353.074,353.074
4.12209,0,353.854,353.854
4.12816,0,354.154,354.154
4.13425,0,354.239,354.239
4.14034,0,353.451,353.451
4.14644,0,354.918,354.918
4.15256,0,354.581,354.581
4.15868,0,355.427,355.427
4.16481,0,355.527,355.527
4.17096,0,355.385,355.385
4.17711,0,356.461,356.461
4.18327,0,357.028,357.028
4.18944,0,356.049,356.049
4.19563,0,356.986,356.986
4.20182,0,356.263,356.263
4.20802,0,356.511,356.511
4.21424,0,357.123,357.123
4.22046,0,357.438,357.438
4.22669,0,356.582,356.582
4.23294,0,358.081,358.081
4.23919,0,357.185,357.185
4.24545,0,357.213,357.213
4.25173,0,358.163,358.163
4.25801,0,358.436,358.436
4.2643,0,357.707,357.707
4.27061,0,358.568,358.568
4.27692,0,358.806,358.806
4.28325,0,358.453,358.453
4.28958,0,359.732,359.732
4.29593,0,359.233,359.233
4.30229,0,358.52,358.52
4.30865,0,359.887,359.887
4.31503,0,359.91,359.91
4.32142,0,359.657,359.657
4.32781,0,361,361
4.33422,0,359.904,359.904
4.34064,0,360.591,360.591
4.34707,0,360.382,360.382
4.35351,0,361.17,361.17
4.35996,0,361.544,361.544
4.36642,0,361.406,361.406
4.37289,0,361.813,361.813
4.37937,0,362.384,362.384
4.38586,0,362.195,362.195
4.39236,0,362.76,362.76
4.39887,0,363.051,363.051
4.4054,0,363.314,363.314
4.41193,0,361.907,361.907
4.41847,0,363.045,363.045
4.42503,0,363.536,363.536
4.4316,0,363.937,363.937
4.43817,0,363.686,363.686
4.44476,0,363.975,363.975
4.45136,0,363.76,363.76
4.45796,0,364.433,364.433
4.46458,0,364.028,364.028
4.47121,0,365.217,365.217
4.47785,0,364.786,364.786
4.48451,0,364.894,364.894
4.49117,0,366.402,366.402
4.49784,0,364.764,364.764
4.50453,0,366.296,366.296
4.51122,0,365.123,365.123
4.51793,0,366.386,366.386
4.52464,0,366.506,366.506
4.53137,0,366.477,366.477
4.53811,0,366.87,366.87
4.54486,0,367.463,367.463
4.55162,0,367.925,367.925
4.55839,0,367.095,367.095
4.56517,0,367.597,367.597
4.57197,0,367.443,367.443
4.57877,0,368.156,368.156
4.58559,0,368.386,368.386
4.59241,0,369.226,369.226
4.59925,0,368.62,368.62
4.6061,0,368.24,368.24
4.61296,0,369.694,369.694
4.61983,0,369.69,369.69
4.62671,0,369.505,369.505
4.63361,0,370.199,370.199
4.64051,0,369.622,369.622
4.64743,0,370.733,370.733
4.65435,0,369.385,369.385
4.66129,0,371.084,371.084
4.66824,0,370.286,370.286
4.6752,0,370.627,370.627
4.68217,0,370.176,370.176
4.68916,0,371.632,371.632
4.69615,0,371.764,371.764
4.70316,0,372.21,372.21
4.71018,0,372.485,372.485
4.71721,0,372.061,372.061
4.72425,0,372.697,372.697
4.7313,0,372.524,372.524
4.73836,0,373.059,373.059
4.74544,0,373.088,373.088
4.75252,0,373.323,373.323
4.75962,0,373.997,373.997
4.76673,0,373.361,373.361
4.77385,0,373.725,373.725
4.78098,0,374.138,374.138
4.78813,0,373.777,373.777
4.79528,0,374.222,374.222
4.80245,0,375.776,375.776
4.80963,0,375.106,375.106
4.81682,0,375.758,375.758
4.82402,0,376.511,376.511
4.83124,0,376.16,376.16
4.83846,0,376.159,376.159
4.8457,0,376.466,376.466
4.85295,0,376.384,376.384
4.86021,0,377.267,377.267
4.86748,0,378.047,378.047
4.87477,0,377.482,377.482
4.88206,0,377.777,377.777
4.88937,0,376.974,376.974
4.89669,0,378.232,378.232
4.90402,0,378.437,378.437
4.91137,0,378.31,378.31
4.91872,0,378.56,378.56
4.92609,0,379.13,379.13
4.93347,0,379.198,379.198
4.94086,0,379.909,379.909
4.94827,0,380.312,380.312
4.95568,0,380.027,380.027
4.96311,0,379.539,379.539
4.97055,0,380.08,380.08
4.978,0,381.02,381.02
4.98547,0,381.148,381.148
4.99294,0,381.295,381.295
5.00043,0,381.559,381.559
5.00793,0,381.367,381.367
5.01545,0,382.006,382.006
5.02299,0,383.29,383.29
5.03055,0,382.078,382.078
5.03813,0,382.723,382.723
5.04572,0,382.19,382.19
5.05334,0,382.764,382.764
5.06097,0,382.761,382.761
5.06862,0,383.162,383.162
5.07629,0,383.81,383.81
5.08398,0,383.831,383.831
5.09169,0,383.92,383.92
5.09942,0,384.7,384.7
5.10717,0,385.486,385.486
5.11494,0,384.602,384.602
5.12273,0,385.6,385.6
5.13053,0,385.607,385.607
5.13836,0,386.092,386.092
5.14621,0,385.999,385.999
5.15407,0,386.55,386.55
5.16196,0,386.222,386.222
5.16986,0,387.003,387.003
5.17779,0,387.161,387.161
5.18573,0,388.142,388.142
5.1937,0,386.821,386.821
5.20168,0,387.664,387.664
5.20968,0,388.134,388.134
5.21771,0,388.118,388.118
5.22575,0,388.303,388.303
5.23382,0,388.871,388.871
5.2419,0,389.198,389.198
5.25001,0,389.595,389.595
5.25813,0,389.055,389.055
5.26628,0,389.883,389.883
5.27444,0,389.987,389.987
5.28263,0,390.452,390.452
5.29083,0,391.002,391.002
5.29906,0,391.926,391.926
5.30731,0,390.747,390.747
5.31558,0,391.237,391.237
5.32387,0,391.403,391.403
5.33218,0,392.379,392.379
5.34051,0,391.583,391.583
5.34886,0,393.422,393.422
5.35723,0,392.736,392.736
5.36562,0,393.092,393.092
5.37404,0,392.729,392.729
5.38247,0,393.967,393.967
5.39093,0,393.898,393.898
5.39941,0,394.564,394.564
5.4079,0,394.589,394.589
5.41642,0,393.983,393.983
5.42497,0,394.652,394.652
5.43353,0,395.582,395.582
5.44211,0,395.078,395.078
5.45072,0,395.525,395.525
5.45934,0,396.008,396.008
5.46799,0,396.393,396.393
5.47666,0,397.04,397.04
5.48535,0,397.783,397.783
5.49407,0,397.747,397.747
5.5028,0,397.129,397.129
5.51156,0,397.928,397.928
5.52034,0,398.112,398.112
5.52914,0,398.174,398.174
5.53796,0,398.083,398.083
5.54681,0,399.09,399.09
5.55567,0,398.842,398.842
5.56456,0,398.823,398.823
5.57347,0,399.917,399.917
5.58241,0,399.594,399.594
5.59136,0,400.385,400.385
5.60034,0,400.31,400.31
5.60934,0,399.953,399.953
5.61837,0,400.522,400.522
5.62741,0,400.608,400.608
5.63648,0,400.956,400.956
5.64557,0,402.299,402.299
5.65469,0,402.062,402.062
5.66382,0,403.091,403.091
5.67298,0,403.246,403.246
5.68216,0,403.556,403.556
5.69137,0,403.03,403.03
5.7006,0,403.412,403.412
5.70985,0,404.206,404.206
5.71912,0,404.304,404.304
5.72842,0,404.343,404.343
5.73774,0,405.412,405.412
5.74709,0,405.28,405.28
5.75646,0,405.735,405.735
5.76585,0,406.323,406.323
5.77526,0,406.768,406.768
5.7847,0,406.325,406.325
5.79416,0,406.503,406.503
5.80365,0,406.949,406.949
5.81316,0,406.827,406.827
5.82269,0,408.209,408.209
5.83225,0,408.095,408.095
5.84183,0,408.326,408.326
5.85143,0,408.234,408.234
5.86106,0,409.031,409.031
5.87071,0,409.071,409.071
5.88039,0,409.747,409.747
5.89009,0,409.035,409.035
5.89981,0,409.971,409.971
5.90956,0,410.875,410.875
5.91934,0,410.476,410.476
5.92914,0,410.923,410.923
5.93896,0,411.081,411.081
5.94881,0,411.391,411.391
5.95868,0,411.719,411.719
5.96858,0,412.981,412.981
5.9785,0,413.078,413.078
5.98844,0,413.348,413.348
5.99841,0,413.512,413.512
6.00841,0,413.604,413.604
6.01843,0,414.044,414.044
6.02848,0,414.158,414.158
6.03855,0,414.814,414.814
6.04864,0,415.11,415.11
6.05877,0,415.076,415.076
6.06891,0,415.01,415.01
6.07909,0,416.191,416.191
6.08928,0,416.553,416.553
6.09951,0,416.656,416.656
6.10976,0,415.893,415.893
6.12003,0,417.87,417.87
6.13033,0,417.339,417.339
6.14066,0,418.23,418.23
6.15101,0,418.124,418.124
6.16138,0,418.628,418.628
6.17179,0,419.517,419.517
6.18222,0,418.696,418.696
6.19267,0,420.07,420.07
6.20316,0,420.389,420.389
6.21366,0,420.772,420.772
6.2242,0,420.677,420.677
6.23476,0,420.713,420.713
6.24534,0,421.625,421.625
6.25596,0,421.261,421.261
6.2666,0,421.605,421.605
6.27726,0,422.389,422.389
6.28796,0,422.923,422.923
6.29868,0,422.902,422.902
6.30942,0,422.914,422.914
6.3202,0,423.908,423.908
6.331,0,423.759,423.759
6.34183,0,424.684,424.684
6.35268,0,424.181,424.181
6.36356,0,424.988,424.988
6.37447,0,425.669,425.669
6.38541,0,425.542,425.542
6.39637,0,426.374,426.374
6.40736,0,426.474,426.474
6.41838,0,426.829,426.829
6.42943,0,427.317,427.317
6.4405,0,427.251,427.251
6.4516,0,427.794,427.794
6.46273,0,427.958,427.958
6.47389,0,428.395,428.395
6.48507,0,428.655,428.655
6.49628,0,429.169,429.169
6.50752,0,430.152,430.152
6.51879,0,430.134,430.134
6.53009,0,430.643,430.643
6.54142,0,430.816,430.816
6.55277,0,431.245,431.245
6.56415,0,431.339,431.339
6.57556,0,431.401,431.401
6.587,0,431.844,431.844
6.59847,0,432.317,432.317
6.60996,0,433.144,433.144
6.62149,0,433.012,433.012
6.63304,0,433.779,433.779
6.64463,0,434.52,434.52
6.65624,0,434.423,434.423
6.66788,0,434.66,434.66
6.67955,0,435.601,435.601
6.69125,0,435.645,435.645
6.70297,0,436.195,436.195
6.71473,0,436.788,436.788
6.72652,0,436.423,436.423
6.73833,0,437.237,437.237
6.75018,0,437.683,437.683
6.76206,0,437.784,437.784
6.77396,0,438.824,438.824
6.7859,0,438.401,438.401
6.79786,0,438.988,438.988
6.80986,0,439.529,439.529
6.82188,0,439.797,439.797
6.83393,0,440.637,440.637
6.84602,0,440.307,440.307
6.85813,0,441.622,441.622
6.87028,0,441.196,441.196
6.88246,0,441.585,441.585
6.89466,0,442.394,442.394
6.9069,0,442.333,442.333
6.91917,0,443.386,443.386
6.93146,0,443.279,443.279
6.94379,0,444.034,444.034
6.95615,0,444.212,444.212
6.96854,0,444.348,444.348
6.98096,0,444.721,444.721
6.99342,0,444.537,444.537
7.0059,0,445.84,445.84
7.01841,0,446.52,446.52
7.03096,0,446.99,446.99
7.04354,0,447.758,447.758
7.05615,0,447.774,447.774
7.06879,0,447.526,447.526
7.08146,0,448.421,448.421
7.09416,0,448.306,448.306
7.1069,0,448.659,448.659
7.11966,0,449.379,449.379
7.13246,0,448.834,448.834
7.1453,0,449.796,449.796
7.15816,0,449.786,449.786
7.17105,0,449.548,449.548
7.18398,0,449.973,449.973
7.19694,0,450.342,450.342
7.20993,0,449.798,449.798
7.22296,0,449.423,449.423
7.23602,0,448.841,448.841
7.24911,0,448.52,448.52
7.26223,0,447.448,447.448
7.27538,0,446.711,446.711
7.28857,0,445.574,445.574
7.30179,0,443.688,443.688
7.31505,0,442.148,442.148
7.32834,0,440.393,440.393
7.34166,0,437.986,437.986
7.35501,0,436.05,436.05
7.3684,0,432.449,432.449
7.38182,0,429.121,429.121
7.39527,0,425.82,425.82
7.40876,0,422.048,422.048
7.42228,0,417.743,417.743
7.43584,0,413.636,413.636
7.44943,0,409.309,409.309
7.46305,0,405.418,405.418
7.47671,0,399.488,399.488
7.4904,0,394.484,394.484
7.50413,0,389.497,389.497
7.51789,0,383.572,383.572
7.53168,0,377.806,377.806
7.54551,0,372.587,372.587
7.55938,0,367.398,367.398
7.57328,0,362.373,362.373
7.58721,0,357.319,357.319
7.60118,0,352.549,352.549
7.61518,0,348.065,348.065
7.62922,0,343.759,343.759
7.64329,0,339.73,339.73
7.6574,0,335.52,335.52
7.67154,0,332.123,332.123
7.68572,0,327.825,327.825
7.69994,0,325.27,325.27
7.71419,0,322.106,322.106
7.72847,0,319.459,319.459
7.74279,0,316.603,316.603
7.75715,0,314.644,314.644
7.77154,0,312.036,312.036
7.78597,0,309.634,309.634
7.80044,0,307.988,307.988
7.81494,0,306.548,306.548
7.82947,0,304.004,304.004
7.84405,0,302.455,302.455
7.85866,0,300.72,300.72
7.8733,0,299.712,299.712
7.88799,0,297.709,297.709
7.90271,0,296.563,296.563
7.91746,0,294.5,294.5
7.93226,0,293.008,293.008
7.94709,0,291.634,291.634
7.96196,0,290.283,290.283
7.97686,0,289.817,289.817
7.9918,0,287.972,287.972
8.00678,0,286.367,286.367
8.0218,0,285.091,285.091
8.03685,0,283.544,283.544
8.05195,0,282.111,282.111
8.06708,0,281.302,281.302
8.08224,0,279.792,279.792
8.09745,0,278.688,278.688
8.11269,0,276.954,276.954
8.12798,0,275.515,275.515
8.14329,0,274.946,274.946
8.15865,0,273.074,273.074
8.17405,0,272.145,272.145
8.18948,0,270.974,270.974
8.20496,0,269.042,269.042
8.22047,0,268.145,268.145
8.23602,0,266.923,266.923
8.25161,0,265.847,265.847
8.26724,0,264.523,264.523
8.28291,0,263.113,263.113
8.29862,0,261.497,261.497
8.31436,0,260.572,260.572
8.33015,0,259.235,259.235
8.34597,0,258.05,258.05
8.36184,0,256.815,256.815
8.37774,0,255.343,255.343
8.39369,0,254.446,254.446
8.40967,0,252.856,252.856
8.4257,0,252.167,252.167
8.44176,0,251.102,251.102
8.45787,0,249.906,249.906
8.47401,0,248.499,248.499
8.4902,0,247.619,247.619
8.50642,0,246.154,246.154
8.52269,0,245.054,245.054
8.53899,0,243.788,243.788
8.55534,0,242.625,242.625
8.57173,0,241.521,241.521
8.58816,0,240.427,240.427
8.60463,0,239.027,239.027
8.62114,0,237.804,237.804
8.63769,0,236.629,236.629
8.65429,0,235.421,235.421
8.67092,0,234.557,234.557
8.6876,0,233.415,233.415
8.70432,0,231.755,231.755
8.72108,0,230.739,230.739
8.73788,0,230.005,230.005
8.75473,0,228.833,228.833
8.77161,0,227.419,227.419
8.78854,0,226.088,226.088
8.80552,0,225.432,225.432
8.82253,0,223.557,223.557
8.83959,0,222.628,222.628
8.85668,0,221.383,221.383
8.87383,0,220.633,220.633
8.89101,0,219.059,219.059
8.90824,0,217.579,217.579
8.92551,0,216.567,216.567
8.94282,0,215.08,215.08
8.96018,0,214.217,214.217
8.97758,0,212.878,212.878
8.99502,0,211.846,211.846
9.01251,0,210.375,210.375
9.03004,0,209.197,209.197
9.04762,0,207.954,207.954
9.06524,0,206.912,206.912
9.0829,0,205.624,205.624
9.10061,0,204.618,204.618
9.11836,0,203.693,203.693
9.13615,0,202.55,202.55
9.15399,0,201.699,201.699
9.17188,0,200.501,200.501
9.18981,0,199.041,199.041
9.20778,0,197.814,197.814
9.2258,0,196.801,196.801
9.24387,0,195.849,195.849
9.26198,0,194.873,194.873
9.28013,0,193.447,193.447
9.29833,0,192.421,192.421
9.31658,0,191.272,191.272
9.33487,0,190.619,190.619
9.35321,0,189.466,189.466
9.37159,0,188.006,188.006
9.39002,0,187.051,187.051
9.40849,0,185.946,185.946
9.42702,0,184.852,184.852
9.44558,0,183.703,183.703
9.4642,0,182.844,182.844
9.48286,0,181.526,181.526
9.50156,0,180.504,180.504
9.52032,0,179.258,179.258
9.53912,0,178.665,178.665
9.55797,0,177.352,177.352
9.57686,0,176.35,176.35
9.5958,0,175.12,175.12
9.61479,0,174.591,174.591
9.63383,0,173.345,173.345
9.65292,0,172.339,172.339
9.67205,0,170.96,170.96
9.69123,0,169.767,169.767
9.71046,0,169,169
9.72973,0,167.626,167.626
9.74906,0,166.789,166.789
9.76843,0,165.582,165.582
9.78785,0,164.443,164.443
9.80732,0,163.342,163.342
9.82684,0,162.277,162.277
9.84641,0,161.121,161.121
9.86602,0,160.361,160.361
9.88569,0,159.171,159.171
9.9054,0,157.993,157.993
9.92516,0,157.158,157.158
9.94498,0,155.951,155.951
9.96484,0,154.798,154.798
9.98475,0,153.792,153.792
10.0047,0,152.718,152.718
10.0247,0,151.678,151.678
10.0447,0,150.553,150.553
10.0647,0,149.602,149.602
10.0847,0,148.68,148.68
10.1047,0,147.417,147.417
10.1247,0,146.113,146.113
10.1447,0,145.276,145.276
10.1647,0,144.374,144.374
10.1847,0,143.36,143.36
10.2047,0,142.224,142.224
10.2247,0,141.211,141.211
10.2447,0,140.206,140.206
10.2647,0,139.119,139.119
10.2847,0,138.069,138.069
10.3047,0,137.014,137.014
10.3247,0,136.104,136.104
10.3447,0,134.99,134.99
10.3647,0,134.075,134.075
10.3847,0,132.943,132.943
10.4047,0,132.232,132.232
10.4247,0,131.294,131.294
10.4447,0,130.174,130.174
10.4647,0,128.832,128.832
10.4847,0,127.958,127.958
10.5047,0,127.255,127.255
10.5247,0,126.226,126.226
10.5447,0,125.211,125.211
10.5647,0,124.394,124.394
10.5847,0,123.579,123.579
10.6047,0,122.526,122.526
10.6247,0,121.743,121.743
10.6447,0,120.566,120.566
10.6647,0,119.39,119.39
10.6847,0,118.779,118.779
10.7047,0,117.813,117.813
10.7247,0,116.668,116.668
10.7447,0,116.011,116.011
10.7647,0,114.78,114.78
10.7847,0,113.908,113.908
10.8047,0,112.858,112.858
10.8247,0,111.77,111.77
10.8447,0,111.041,111.041
10.8647,0,110.122,110.122
10.8847,0,109.091,109.091
10.9047,0,108.095,108.095
10.9247,0,107.374,107.374
10.9447,0,106.391,106.391
10.9647,0,105.637,105.637
10.9847,0,104.476,104.476
11.0047,0,103.79,103.79
11.0247,0,102.88,102.88
11.0447,0,101.921,101.921
11.0647,0,101.015,101.015
11.0847,0,100.356,100.356
11.1047,0,99.3124,99.3124
11.1247,0,98.4163,98.4163
11.1447,0,97.3878,97.3878
11.1647,0,96.8586,96.8586
11.1847,0,95.6796,95.6796
11.2047,0,94.7857,94.7857
11.2247,0,93.9862,93.9862
11.2447,0,93.3286,93.3286
11.2647,0,92.1498,92.1498
11.2847,0,91.3988,91.3988
11.3047,0,90.4711,90.4711
11.3247,0,89.7805,89.7805
11.3447,0,88.7976,88.7976
11.3647,0,88.0364,88.0364
11.3847,0,87.1042,87.1042
11.4047,0,86.407,86.407
11.4247,0,85.6271,85.6271
11.4447,0,84.5459,84.5459
11.4647,0,84.0513,84.0513
11.4847,0,83.3711,83.3711
11.5047,0,82.4135,82.4135
11.5247,0,81.5391,81.5391
11.5447,0,80.7236,80.7236
11.5647,0,79.9001,79.9001
11.5847,0,79.1949,79.1949
11.6047,0,78.3873,78.3873
11.6247,0,77.5114,77.5114
11.6447,0,76.8901,76.8901
11.6647,0,75.9593,75.9593
11.6847,0,75.1078,75.1078
11.7047,0,74.4246,74.4246
11.7247,0,73.6426,73.6426
11.7447,0,72.8583,72.8583
11.7647,0,72.2871,72.2871
11.7847,0,71.5586,71.5586
11.8047,0,70.7255,70.7255
11.8247,0,69.8007,69.8007
11.8447,0,69.3237,69.3237
11.8647,0,68.5722,68.5722
11.8847,0,67.7932,67.7932
11.9047,0,66.9815,66.9815
11.9247,0,66.2853,66.2853
11.9447,0,65.506,65.506
11.9647,0,64.7621,64.7621
11.9847,0,64.2318,64.2318
12.0047,0,63.5112,63.5112
12.0247,0,62.5655,62.5655
12.0447,0,61.9464,61.9464
12.0647,0,61.3814,61.3814
12.0847,0,60.6005,60.6005
12.1047,0,59.783,59.783
12.1247,0,59.2332,59.2332
12.1447,0,58.2448,58.2448
12.1647,0,57.8054,57.8054
12.1847,0,56.8962,56.8962
12.2047,0,56.0537,56.0537
12.2247,0,55.2738,55.2738
12.2447,0,54.5274,54.5274
12.2647,0,53.6892,53.6892
12.2847,0,52.8747,52.8747
12.3047,0,52.2633,52.2633
12.3247,0,51.3802,51.3802
12.3447,0,50.9339,50.9339
12.3647,0,50.2546,50.2546
12.3847,0,49.5178,49.5178
12.4047,0,48.7558,48.7558
12.4247,0,48.0567,48.0567
12.4447,0,47.3558,47.3558
12.4647,0,46.5128,46.5128
12.4847,0,45.6671,45.6671
12.5047,0,45.1178,45.1178
12.5247,0,44.3712,44.3712
12.5447,0,43.7441,43.7441
12.5647,0,42.9221,42.9221
12.5847,0,42.0541,42.0541
12.6047,0,41.5204,41.5204
12.6247,0,40.8098,40.8098
12.6447,0,39.9154,39.9154
12.6647,0,39.278,39.278
12.6847,0,38.6328,38.6328
12.7047,0,37.7688,37.7688
12.7247,0,37.0909,37.0909
12.7447,0,36.5571,36.5571
12.7647,0,35.7531,35.7531
12.7847,0,35.1377,35.1377
12.8047,0,34.4021,34.4021
12.8247,0,33.6842,33.6842
12.8447,0,33.0844,33.0844
12.8647,0,32.398,32.398
12.8847,0,31.7659,31.7659
12.9047,0,31.1484,31.1484
12.9247,0,30.2757,30.2757
12.9447,0,29.6426,29.6426
12.9647,0,28.83,28.83
12.9847,0,28.143,28.143
13.0047,0,27.2675,27.2675
13.0247,0,26.7693,26.7693
13.0447,0,26.0908,26.0908
13.0647,0,25.4935,25.4935
13.0847,0,24.7111,24.7111
13.1047,0,24.126,24.126
13.1247,0,23.4548,23.4548
13.1447,0,22.6434,22.6434
13.1647,0,22.1945,22.1945
13.1847,0,21.4109,21.4109
13.2047,0,20.8095,20.8095
13.2247,0,20.1362,20.1362
13.2447,0,19.4764,19.4764
13.2647,0,18.8437,18.8437
13.2847,0,18.2964,18.2964
13.3047,0,17.6197,17.6197
13.3247,0,17.0682,17.0682
13.3447,0,16.4334,16.4334
13.3647,0,15.9819,15.9819
13.3847,0,15.3296,15.3296
13.4047,0,14.7282,14.7282
13.4247,0,14.182,14.182
13.4447,0,13.5043,13.5043
13.4647,0,12.9494,12.9494
13.4847,0,12.4475,12.4475
13.5047,0,11.8326,11.8326
13.5247,0,11.3018,11.3018
13.5447,0,10.6808,10.6808
13.5647,0,10.1778,10.1778
13.5847,0,9.67675,9.67675
13.6047,0,9.14939,9.14939
13.6247,0,8.60983,8.60983
13.6447,0,8.1849,8.1849
13.6647,0,7.73268,7.73268
13.6847,0,7.27683,7.27683
13.7047,0,6.85445,6.85445
13.7247,0,6.54779,6.54779
13.7447,0,6.1248,6.1248
13.7647,0,5.8235,5.8235
13.7847,0,5.55132,5.55132
13.8047,0,5.123,5.123
13.8247,0,4.70987,4.70987
13.8447,0,4.33438,4.33438
13.8647,0,4.01259,4.01259
13.8847,0,3.73234,3.73234
13.9047,0,3.4508,3.4508
13.9247,0,3.29014,3.29014
13.9447,0,3.05051,3.05051
13.9647,0,2.85337,2.85337
13.9847,0,2.67643,2.67643
14.0047,0,2.48101,2.48101
14.0247,0,2.28815,2.28815
14.0447,0,2.15658,2.15658
14.0647,0,1.94569,1.94569
14.0847,0,1.79488,1.79488
14.1047,0,1.64024,1.64024
14.1247,0,1.49394,1.49394
14.1447,0,1.36786,1.36786
14.1647,0,1.23763,1.23763
14.1847,0,1.11511,1.11511
14.2047,0,1.03567,1.03567
14.2247,0,0.918735,0.918735
14.2447,0,0.851265,0.851265
14.2647,0,0.756073,0.756073
14.2847,0,0.685683,0.685683
14.3047,0,0.598601,0.598601
14.3247,0,0.537773,0.537773
14.3447,0,0.485383,0.485383
14.3647,0,0.426867,0.426867
14.3847,0,0.37938,0.37938
14.4047,0,0.334872,0.334872
14.4247,0,0.308518,0.308518
14.4447,0,0.25747,0.25747
14.4647,0,0.229928,0.229928
14.4847,0,0.189688,0.189688
14.5047,0,0.161476,0.161476
14.5247,0,0.137679,0.137679
14.5447,0,0.113521,0.113521
14.5647,0,0.0900207,0.0900207
14.5847,0,0.0755112,0.0755112
14.6047,0,0.0650324,0.0650324
14.6247,0,0.06118,0.06118
14.6447,0,0.0618304,0.0618304
