Time(ns),Ie(fC/ns),Ih(fC/ns),It(fC/ns)
0,337.532,233.718,571.251
0.0001,309.267,256.584,565.85
0.0002,270.105,232.465,502.571
0.0003,101.502,52.8573,154.359
0.0004,289.888,241.583,531.471
0.0005,-312.471,-300.092,-612.563
0.0006,1099.87,846.637,1946.51
0.0007,-675.688,-517.186,-1192.87
0.0008,1085.97,841.358,1927.33
0.0009,-708.937,-574.2,-1283.14
0.001,1058.17,813.566,1871.74
0.0011,-770.245,-636.006,-1406.25
0.0012,918.258,736.885,1655.14
0.0013,-605.438,-505.191,-1110.63
0.0014,875.795,703.807,1579.6
0.0015,-532.53,-462.942,-995.472
0.0016,668.428,567.344,1235.77
0.0017,-265.525,-262.941,-528.465
0.0018,146.139,111.519,257.659
0.0019,227.069,209.125,436.194
0.002,16.7287,-4.2941,12.4346
0.0021,161.816,118.232,280.047
0.0022,30.9529,3.66758,34.6205
0.0023,154.409,67.5075,221.916
0.0024,94.721,42.0504,136.771
0.0025,176.331,115.037,291.368
0.0026,79.4111,52.2802,131.691
0.0027,126.857,85.8981,212.755
0.0028,39.6827,15.6196,55.3023
0.0029,145.891,110.826,256.717
0.003,-1.30695,-30.764,-32.0709
0.0031,124.279,95.8219,220.101
0.0032,25.9876,-16.8599,9.12769
0.0033,-21.1973,-51.8533,-73.0506
0.0034,-157.669,-187.277,-344.946
0.0035,1.2184,-65.3695,-64.1511
0.0036,-120.706,-159.009,-279.715
0.0037,-24.8727,-67.2085,-92.0812
0.0038,-177.194,-186.171,-363.365
0.0039,-71.1681,-94.5826,-165.751
0.004,-241.183,-250.986,-492.169
0.0041,35.0648,-6.27189,28.793
0.0042,-179.631,-217.959,-397.59
0.0043,39.0833,11.8811,50.9644
0.0044,-249.817,-258.353,-508.17
0.0045,35.9739,-11.5146,24.4593
0.0046,-171.152,-185.575,-356.727
0.0047,63.5044,36.6955,100.2
0.0048,-281.969,-278.867,-560.836
0.0049,-234.212,-194.349,-428.561
0.005,-322.852,-297.165,-620.017
0.0051,-225.05,-207.836,-432.887
0.0052,-326.632,-338.097,-664.728
0.0053,-293.474,-275.574,-569.048
0.0054,-444.891,-454.76,-899.65
0.0055,-268.704,-225.022,-493.727
0.0056,-275.735,-303.709,-579.443
0.0057,-184.362,-136.192,-320.555
0.0058,-199.557,-251.069,-450.626
0.0059,-80.3382,-123.264,-203.602
0.006,-139.912,-112.818,-252.73
0.0061,-166.171,-137.532,-303.702
0.0062,77.1892,60.5498,137.739
0.0063,-102.193,-103.816,-206.009
0.0064,14.9314,45.4824,60.4139
0.0065,114.092,19.7159,133.808
0.0066,110.137,84.4552,194.592
0.0067,152.278,82.0885,234.367
0.0068,-29.8862,-64.0237,-93.9099
0.0069,259.472,190.587,450.059
0.007,60.4509,68.157,128.608
0.0071,1089.43,882.69,1972.12
0.0072,1041.81,832.364,1874.17
0.0073,894.08,754.981,1649.06
0.0074,706.062,553.756,1259.82
0.0075,736.205,631.432,1367.64
0.0076,466.573,306.753,773.326
0.0077,693.463,610.516,1303.98
0.0078,124.73,171.042,295.772
0.0079,212.814,224.112,436.926
0.008,390.74,446.057,836.798
0.0081,67.8094,108.623,176.433
0.0082,546.421,476.819,1023.24
0.0083,-76.8979,-47.0747,-123.973
0.0084,685.665,518.303,1203.97
0.0085,-398.238,-283.815,-682.053
0.0086,640.618,461.397,1102.02
0.0087,-285.831,-202.709,-488.54
0.0088,732.859,544.548,1277.41
0.0089,-150.605,-109.524,-260.128
0.009,503.249,414.712,917.961
0.0091,509.022,680.408,1189.43
0.0092,361.911,474.928,836.839
0.0093,-745.25,-485.606,-1230.86
0.0094,698.92,644.891,1343.81
0.0095,-267.904,-285.039,-552.943
0.0096,648.061,384.633,1032.69
0.0097,-63.3775,-187.721,-251.098
0.0098,937.971,575.329,1513.3
0.0099,-358.104,-415.541,-773.645
0.01,812.69,614.246,1426.94
0.0101,80.1928,-121.549,-41.3559
0.0102001,962.485,710.931,1673.42
0.0103003,-316.462,-221.76,-538.221
0.0104005,689.445,592.271,1281.72
0.0105009,-556.434,-543.058,-1099.49
0.0106014,561.006,482.728,1043.73
0.0107019,-565.687,-464.231,-1029.92
0.0108026,379.234,317.941,697.175
0.0109033,-614.334,-497.419,-1111.75
0.0110041,519.669,424.306,943.975
0.011105,-506.931,-416.442,-923.373
0.011206,541.552,373.137,914.689
0.0113071,-421.132,-333.024,-754.155
0.0114083,656.565,454.281,1110.85
0.0115096,-384.707,-345.935,-730.642
0.011611,543.977,443.018,986.995
0.0117124,-411.369,-369.976,-781.345
0.011814,557.924,465.438,1023.36
0.0119156,-282.028,-408.493,-690.521
0.0120174,-262.111,-392.443,-654.554
0.0121192,-237.23,-427.164,-664.394
0.0122211,498.634,258.269,756.903
0.0123231,-178.38,-349.591,-527.97
0.0124253,835.665,637.759,1473.42
0.0125275,-216.647,-320.484,-537.132
0.0126298,932.744,775.693,1708.44
0.0127322,-191.334,-138.358,-329.692
0.0128346,829.219,790.628,1619.85
0.0129372,27.1868,-31.2908,-4.10403
0.0130399,772.265,718.4,1490.66
0.0131426,-44.7892,-207.107,-251.896
0.0132455,748.338,702.963,1451.3
0.0133485,-221.937,-351.653,-573.59
0.0134515,618.084,615.452,1233.54
0.0135546,72.543,-88.2927,-15.7497
0.0136579,145.081,169.967,315.047
0.0137612,114.361,-47.5947,66.7662
0.0138646,150.338,254.663,405.001
0.0139681,83.0203,-77.789,5.23129
0.0140717,156.396,213.878,370.274
0.0141754,-51.936,-182.575,-234.511
0.0142792,174.121,204.627,378.747
0.0143831,176.039,21.6572,197.696
0.0144871,297.2,292.248,589.448
0.0145912,202.134,31.9347,234.069
0.0146954,141.283,180.5,321.783
0.0147996,142.875,-29.6411,113.234
0.014904,139.83,214.637,354.468
0.0150084,143.92,-16.1199,127.8
0.015113,118.902,216.297,335.2
0.0152176,194.275,11.9615,206.237
0.0153224,166.16,218.822,384.983
0.0154272,166.289,-4.89497,161.394
0.0155322,222.407,276.032,498.439
0.0156372,190.83,-6.28692,184.543
0.0157423,220.494,285.582,506.076
0.0158475,143.182,-43.2559,99.9257
0.0159529,222.023,274.886,496.91
0.0160583,176.404,5.59482,181.999
0.0161638,-362.613,-560.235,-922.848
0.0162694,-484.65,-554.487,-1039.14
0.0163751,-345.257,-303.546,-648.803
0.0164809,-184.889,-195.851,-380.741
0.0165868,-311.874,-122.481,-434.354
0.0166928,-419.278,-155.716,-574.994
0.0167988,-474.974,-204.698,-679.672
0.016905,-445.692,-202.837,-648.528
0.0170113,-225.916,-82.7026,-308.619
0.0171177,-322.92,-283.78,-606.7
0.0172241,-282.548,-193.006,-475.554
0.0173307,243.642,110.212,353.854
0.0174374,-143.155,-142.506,-285.661
0.0175441,-17.0675,-23.9591,-41.0266
0.017651,-226.939,-199.952,-426.892
0.0177579,58.5542,23.6101,82.1643
0.017865,-340.029,-290.42,-630.449
0.0179721,441.436,323.12,764.556
0.0180794,-502.477,-403.293,-905.771
0.0181867,166.983,164.687,331.67
0.0182942,-517.142,-473.194,-990.337
0.0184017,834.301,684.082,1518.38
0.0185094,-499.314,-432.669,-931.984
0.0186171,-70.3853,-137.071,-207.457
0.0187249,537.535,566.748,1104.28
0.0188329,-570.313,-516.721,-1087.03
0.0189409,443.183,371.009,814.192
0.019049,-455.352,-372.112,-827.463
0.0191572,787.555,712.055,1499.61
0.0192656,-366.083,-346.13,-712.213
0.019374,-564.761,-467.217,-1031.98
0.0194825,1186.28,958.049,2144.33
0.0195911,-374.101,-346.364,-720.464
0.0196999,-146.474,-129.92,-276.394
0.0198087,1041.96,886.919,1928.88
0.0199176,-506.546,-434.444,-940.991
0.0200266,-500.032,-461.902,-961.934
0.0201357,1162.54,979.22,2141.76
0.0202449,-421.638,-399.187,-820.825
0.0203543,-55.6271,-28.5627,-84.1898
0.0204637,794.345,663.355,1457.7
0.0205732,-479.28,-419.87,-899.15
0.0206828,204.752,174.428,379.18
0.0207925,-188.095,-176.137,-364.232
0.0209023,1225.84,943.237,2169.08
0.0210122,-491.95,-434.36,-926.31
0.0211222,-361.623,-348.045,-709.668
0.0212323,1177.13,898.986,2076.12
0.0213426,-509.276,-457.454,-966.731
0.0214529,1560.7,838.828,2399.53
0.0215633,1565.67,978.404,2544.08
0.0216738,1582.3,1150.39,2732.69
0.0217844,1250.86,991.455,2242.31
0.0218951,642.572,556.379,1198.95
0.0220059,532.677,373.694,906.371
0.0221168,183.549,196.598,380.147
0.0222279,299.919,131.607,431.526
0.022339,161.687,-20.1522,141.534
0.0224502,273.34,73.5645,346.905
0.0225615,145.376,-107.968,37.4077
0.0226729,333.171,153.352,486.524
0.0227845,9.68666,-2.20189,7.48477
0.0228961,138.389,112.774,251.163
0.0230078,265.074,262.744,527.818
0.0231196,155.477,240.807,396.284
0.0232316,234.308,205.749,440.057
0.0233436,-99.3233,-32.576,-131.899
0.0234557,289.609,184.795,474.405
0.0235679,-172.515,-119.529,-292.044
0.0236803,194.885,156.522,351.407
0.0237927,18.7419,34.9905,53.7324
0.0239053,-28.7194,-93.4356,-122.155
0.0240179,32.4243,9.55406,41.9783
0.0241306,-21.3474,-74.3059,-95.6533
0.0242435,60.8631,60.3359,121.199
0.0243564,-83.8444,-70.4606,-154.305
0.0244695,272.648,180.522,453.17
0.0245826,-131.567,-78.9151,-210.482
0.0246959,207.369,112.262,319.632
0.0248093,-34.2702,25.974,-8.29617
0.0249227,316.835,181.336,498.171
0.0250363,-40.8966,21.3974,-19.4993
0.02515,231.77,143.81,375.579
0.0252637,83.6197,105.836,189.456
0.0253776,222.867,70.8434,293.711
0.0254916,99.9526,122.994,222.947
0.0256057,342.699,168.185,510.883
0.0257199,-27.9466,40.7539,12.8073
0.0258341,415.311,276.246,691.557
0.0259485,-35.8442,-9.89947,-45.7436
0.026063,443.377,296.15,739.526
0.0261776,-62.9353,-14.0347,-76.97
0.0262923,431.521,218.489,650.01
0.0264072,-161.286,-100.56,-261.846
0.0265221,456.842,265.023,721.865
0.0266371,-128.711,-34.5411,-163.252
0.0267522,441.986,229.487,671.473
0.0268674,-168.406,-94.3553,-262.761
0.0269828,499.488,291.729,791.217
0.0270982,-34.9968,33.3463,-1.6505
0.0272138,409.324,206.302,615.626
0.0273294,-92.4337,-35.8275,-128.261
0.0274452,388.813,208.037,596.85
0.027561,25.9533,84.5493,110.503
0.027677,324.879,147.216,472.095
0.0277931,-67.4982,-15.9098,-83.4081
0.0279092,333.559,191.111,524.67
0.0280255,108.943,171.859,280.802
0.0281419,426.352,232.835,659.187
0.0282584,-109.056,-49.1455,-158.202
0.028375,298.341,171.8,470.141
0.0284917,149.464,163.166,312.63
0.0286085,396.785,208.516,605.3
0.0287254,7.88089,43.0816,50.9625
0.0288424,275.417,156.601,432.017
0.0289596,83.5103,116.957,200.468
0.0290768,409.088,254.007,663.095
0.0291942,-6.18315,29.5924,23.4093
0.0293116,318.555,179.29,497.845
0.0294292,1126.63,885.481,2012.11
0.0295468,-27.0931,60.1279,33.0348
0.0296646,842.82,571.392,1414.21
0.0297825,1170.77,792.982,1963.75
0.0299005,1042.28,751.472,1793.75
0.0300185,1233.12,850.301,2083.42
0.0301367,229.173,159.292,388.465
0.0302551,392.888,337.436,730.324
0.0303735,255.693,216.616,472.309
0.030492,525.797,307.3,833.097
0.0306106,216.807,174.511,391.318
0.0307294,726.812,422.493,1149.31
0.0308482,391.018,202.23,593.247
0.0309671,748.561,512.69,1261.25
0.0310862,299.831,322.152,621.983
0.0312054,737.882,551.299,1289.18
0.0313247,534.556,449.215,983.771
0.031444,272.072,184.914,456.987
0.0315635,310.088,293.794,603.882
0.0316831,379.857,270.663,650.52
0.0318029,-59.9877,1.6914,-58.2963
0.0319227,448.122,334.265,782.387
0.0320426,-124.722,-49.6188,-174.34
0.0321626,517.45,366.985,884.435
0.0322828,-210.36,-101.154,-311.514
0.032403,559.29,397.263,956.553
0.0325234,-287.464,-148.047,-435.511
0.0326439,711.964,520.034,1232
0.0327645,-332.906,-183.076,-515.982
0.0328852,597.403,350.177,947.581
0.033006,-204.046,-96.6311,-300.677
0.0331269,646.791,474.195,1120.99
0.0332479,-345.789,-257.106,-602.896
0.033369,569.691,394.419,964.11
0.0334903,-313.126,-279.723,-592.849
0.0336116,612.651,460.319,1072.97
0.0337331,-389.452,-329.634,-719.086
0.0338547,610.879,465.771,1076.65
0.0339764,-275.012,-259.656,-534.667
0.0340982,523.304,367.443,890.746
0.0342201,-348.182,-253.768,-601.95
0.0343421,431.694,300.334,732.028
0.0344642,-248.93,-236.388,-485.318
0.0345865,406.295,293.158,699.452
0.0347088,-243.651,-204.038,-447.69
0.0348313,385.541,267.069,652.61
0.0349539,-178.628,-163.223,-341.851
0.0350765,428.355,322.916,751.271
0.0351993,-199.497,-175.053,-374.549
0.0353222,336.337,261.561,597.898
0.0354453,-158.26,-135.374,-293.635
0.0355684,407.167,333.293,740.46
0.0356916,-118.161,-139.638,-257.799
0.035815,443.625,341.837,785.462
0.0359385,-61.6057,-82.6768,-144.283
0.036062,421.75,333.896,755.646
0.0361857,-118.09,-99.9565,-218.046
0.0363095,413.738,329.565,743.303
0.0364335,-84.5042,-101.415,-185.92
0.0365575,419.33,324.702,744.032
0.0366816,-114.061,-126.364,-240.424
0.0368059,488.341,399.502,887.843
0.0369303,-146.586,-153.755,-300.341
0.0370547,502.372,381.297,883.669
0.0371793,-120.021,-111.095,-231.116
0.037304,446.485,374.587,821.072
0.0374289,-108.351,-146.343,-254.693
0.0375538,501.783,412.637,914.42
0.0376789,-102.279,-96.94,-199.219
0.037804,543.126,417.224,960.35
0.0379293,-72.3485,-93.5344,-165.883
0.0380547,506.938,400.799,907.737
0.0381802,-40.3487,-58.7274,-99.076
0.0383058,500.683,401.13,901.813
0.0384315,-46.8845,-52.8924,-99.7769
0.0385574,524.644,419.968,944.613
0.0386833,-65.2644,-85.6959,-150.96
0.0388094,507.032,420.001,927.034
0.0389356,-42.8532,-85.7996,-128.653
0.0390619,550.919,434.447,985.366
0.0391883,-49.128,-69.0857,-118.214
0.0393149,550.739,456.513,1007.25
0.0394415,-68.5906,-86.6888,-155.279
0.0395683,562.369,435.262,997.631
0.0396952,-20.7243,-60.3932,-81.1175
0.0398222,589.763,457.052,1046.82
0.0399493,-28.718,-60.2726,-88.9907
0.0400765,569.84,457.543,1027.38
0.0402038,23.0458,-19.9843,3.06144
0.0403313,573.154,425.112,998.266
0.0404589,10.315,-16.4432,-6.12826
0.0405866,581.135,460.789,1041.92
0.0407144,30.8974,-10.034,20.8634
0.0408423,632.536,469.507,1102.04
0.0409703,-30.3559,-48.7302,-79.0861
0.0410985,636.314,487.297,1123.61
0.0412268,28.2298,-4.72056,23.5092
0.0413551,665.466,534.288,1199.75
0.0414836,-37.5204,-76.8875,-114.408
0.0416123,716.302,560.391,1276.69
0.041741,-29.4142,-53.518,-82.9322
0.0418699,786.477,626.972,1413.45
0.0419988,-93.9918,-107.658,-201.65
0.0421279,826.904,641.553,1468.46
0.0422571,-108.166,-107.979,-216.145
0.0423865,832.671,662.149,1494.82
0.0425159,-94.7547,-132.35,-227.104
0.0426455,833.756,672.906,1506.66
0.0427751,-147.117,-152.151,-299.268
0.0429049,891.105,717.026,1608.13
0.0430348,-160.551,-203.88,-364.431
0.0431649,877.525,688.127,1565.65
0.043295,-1234.55,-965.161,-2199.71
0.0434253,290.157,177.932,468.09
0.0435557,843.891,614.024,1457.91
0.0436862,-1244.65,-925.435,-2170.08
0.0438168,641.088,615.42,1256.51
0.0439476,-1370.81,-897.395,-2268.21
0.0440784,607.333,661.985,1269.32
0.0442094,-1384.19,-1034.18,-2418.38
0.0443405,536.724,373.746,910.471
0.0444717,-1219.56,-992.856,-2212.41
0.0446031,652.891,447.749,1100.64
0.0447345,-1468.92,-1230.94,-2699.85
0.0448661,1098.33,812.553,1910.88
0.0449978,-1306.09,-1179.89,-2485.98
0.0451296,1142,844.642,1986.64
0.0452615,-1132.96,-1063.34,-2196.3
0.0453936,906.863,832.524,1739.39
0.0455258,-776.509,-796.358,-1572.87
0.0456581,829.297,796.603,1625.9
0.0457905,-530.409,-450.345,-980.754
0.045923,611.529,680.238,1291.77
0.0460557,-766.253,-680.831,-1447.08
0.0461885,649.344,737.89,1387.23
0.0463214,-721.354,-548.527,-1269.88
0.0464544,810.455,745.459,1555.91
0.0465875,-811.293,-711.11,-1522.4
0.0467208,731.32,608.307,1339.63
0.0468542,-682.64,-586.781,-1269.42
0.0469877,725.814,601.742,1327.56
0.0471213,-611.068,-557.235,-1168.3
0.047255,833.052,720.094,1553.15
0.0473889,-515.899,-480.402,-996.3
0.0475229,1014.31,858.442,1872.75
0.047657,-616.027,-477.667,-1093.69
0.0477912,954.738,803.014,1757.75
0.0479256,-615.773,-514.49,-1130.26
0.0480601,967.016,795.718,1762.73
0.0481947,-657.278,-538.654,-1195.93
0.0483294,850.73,752.774,1603.5
0.0484642,-560.471,-469.054,-1029.53
0.0485992,972.117,756.714,1728.83
0.0487343,-541.014,-434.193,-975.207
0.0488695,847.73,639.349,1487.08
0.0490048,-523.149,-397.653,-920.801
0.0491403,945.795,720.541,1666.34
0.0492759,-566.029,-452.822,-1018.85
0.0494116,924.183,685.991,1610.17
0.0495474,-560.975,-456.175,-1017.15
0.0496834,1001.18,776.791,1777.97
0.0498194,-596.629,-478.114,-1074.74
0.0499556,1048.8,810.754,1859.56
0.050092,-588.407,-474.265,-1062.67
0.0502284,1093.25,873.601,1966.86
0.050365,-588.785,-515.19,-1103.98
0.0505017,1110.34,864.505,1974.84
0.0506385,-558.585,-483.151,-1041.74
0.0507754,1259.78,953.602,2213.38
0.0509125,-601.727,-509.554,-1111.28
0.0510497,1260.43,973.114,2233.54
0.051187,-620.566,-487.204,-1107.77
0.0513245,1190.61,915.253,2105.87
0.051462,-622.206,-506.858,-1129.06
0.0515997,1251.74,949.292,2201.04
0.0517375,-712.472,-583.606,-1296.08
0.0518755,1266.58,976.787,2243.37
0.0520136,-669.432,-551.695,-1221.13
0.0521518,1075.21,651.768,1726.98
0.0522901,834.058,455.329,1289.39
0.0524285,629.183,311.576,940.759
0.0525671,85.2934,-160.553,-75.26
0.0527058,23.3161,-80.4934,-57.1773
0.0528446,-136.017,-141.11,-277.127
0.0529836,106.427,118.888,225.315
0.0531226,-378.759,-226.757,-605.516
0.0532618,1069.85,998.728,2068.58
0.0534012,-367.344,-372.98,-740.324
0.0535406,25.6018,94.1876,119.789
0.0536802,1063.13,807.752,1870.88
0.0538199,-353.581,-301.842,-655.423
0.0539597,-138.323,-144.996,-283.319
0.0540997,1385.14,1076.3,2461.45
0.0542398,-494.919,-353.714,-848.633
0.05438,23.1012,2.11569,25.2169
0.0545204,1345.65,1011.89,2357.54
0.0546608,139.124,-10.6248,128.499
0.0548014,-462.521,-362.277,-824.798
0.0549422,1611.15,1312.77,2923.92
0.055083,-345.731,-335.466,-681.197
0.055224,1361.48,1085.02,2446.5
0.0553651,-525.992,-419.158,-945.15
0.0555064,409.002,247.112,656.114
0.0556477,381.067,374.441,755.508
0.0557892,-84.7083,-184.868,-269.576
0.0559309,1100.33,914.257,2014.59
0.0560726,-32.0468,-126.973,-159.02
0.0562145,-226.929,-218.118,-445.047
0.0563565,1432.9,1077.48,2510.38
0.0564987,-522.339,-421.866,-944.205
0.0566409,-266.454,-352.216,-618.67
0.0567833,1076.47,932.185,2008.65
0.0569259,-285.06,-350.333,-635.393
0.0570685,694.672,694.093,1388.76
0.0572113,-261.167,-374.976,-636.143
0.0573542,863.732,802.266,1666
0.0574973,-393.614,-482.728,-876.343
0.0576405,-87.1435,-45.5809,-132.724
0.0577838,1329.43,995.965,2325.39
0.0579272,-709.763,-565.72,-1275.48
0.0580708,-309.199,-372.188,-681.387
0.0582145,1074.74,903.384,1978.13
0.0583583,-534.596,-536.581,-1071.18
0.0585023,904.223,780.681,1684.9
0.0586464,-433.534,-475.773,-909.307
0.0587906,578.738,564.638,1143.38
0.0589349,-528.165,-533.348,-1061.51
0.0590794,1221.98,963.399,2185.38
0.059224,-430.26,-452.401,-882.661
0.0593688,293.269,291.966,585.234
0.0595137,-439.681,-476.283,-915.964
0.0596587,1172.01,921.414,2093.43
0.0598038,-410.231,-443.214,-853.446
0.0599491,1129.85,939.017,2068.87
0.0600945,-431.389,-461.745,-893.134
0.0602401,-371.77,-355.337,-727.108
0.0603857,1279.53,966.293,2245.82
0.0605315,-484.83,-403.524,-888.354
0.0606775,564.649,405.631,970.281
0.0608235,-428.887,-406.042,-834.929
0.0609697,1291.97,962.03,2254
0.0611161,-475.051,-427.255,-902.305
0.0612625,-39.4385,-99.1373,-138.576
0.0614092,1205.96,938.498,2144.46
0.0615559,-478.145,-520.273,-998.418
0.0617028,-212.508,-210.545,-423.053
0.0618498,1279.97,953.011,2232.98
0.0619969,-360.816,-333.515,-694.331
0.0621442,428.516,325.478,753.993
0.0622916,167.411,135.185,302.596
0.0624391,912.189,722.518,1634.71
0.0625868,52.2848,-4.41682,47.868
0.0627346,583.088,453.852,1036.94
0.0628825,18.429,-41.1997,-22.7707
0.0630306,576.864,461.345,1038.21
0.0631788,57.966,-35.7034,22.2626
0.0633272,668.952,514.989,1183.94
0.0634756,-90.8672,-118.508,-209.375
0.0636242,667.637,500.724,1168.36
0.063773,63.0512,-12.5112,50.54
0.0639219,765.231,602.691,1367.92
0.0640709,-67.965,-92.4988,-160.464
0.0642201,647.368,501.23,1148.6
0.0643694,-17.8105,-75.1876,-92.9982
0.0645188,778.358,623.944,1402.3
0.0646683,-82.7113,-120.927,-203.638
0.064818,766.147,604.293,1370.44
0.0649679,-74.4828,-150.187,-224.67
0.0651178,813.613,631.247,1444.86
0.065268,-137.979,-163.118,-301.097
0.0654182,870.094,662.151,1532.25
0.0655686,-110.655,-157.175,-267.83
0.0657191,684.646,547.241,1231.89
0.0658697,-119.794,-156.915,-276.709
0.0660205,1131.53,873.941,2005.47
0.0661715,-116.996,-164.228,-281.225
0.0663225,200.879,83.4266,284.305
0.0664737,577.694,475.714,1053.41
0.0666251,358.758,197.357,556.115
0.0667765,-164.914,-203.837,-368.751
0.0669282,1418.89,1074.31,2493.2
0.0670799,-203.569,-242.119,-445.688
0.0672318,324.992,188.563,513.555
0.0673838,-140.23,-203.172,-343.402
0.067536,1459.07,1110.37,2569.44
0.0676883,-230.429,-248.934,-479.362
0.0678407,282.376,116.091,398.467
0.0679933,178.737,71.0195,249.756
0.068146,1278.16,984.199,2262.36
0.0682989,-191.1,-221.318,-412.418
0.0684519,651.988,471.431,1123.42
0.0686051,-148.746,-225.54,-374.286
0.0687583,1484.21,1119.67,2603.89
0.0689117,-232.634,-277.165,-509.799
0.0690653,175.733,22.6387,198.372
0.069219,1261.73,962.43,2224.16
0.0693728,-218.714,-276.682,-495.397
0.0695268,159.234,59.0719,218.306
0.0696809,1395.84,1038.26,2434.11
0.0698352,104.14,-0.847423,103.293
0.0699896,233.137,66.8222,299.959
0.0701441,1246.17,951.875,2198.05
0.0702988,-256.457,-300.874,-557.331
0.0704536,-133.553,-187.855,-321.408
0.0706086,1517.43,1097.75,2615.18
0.0707637,-416.958,-408.284,-825.242
0.0709189,1512.49,1143.93,2656.42
0.0710743,-370.19,-403.49,-773.68
0.0712298,195.602,44.6349,240.237
0.0713855,1234.36,928.886,2163.24
0.0715413,-44.1244,-163.754,-207.878
0.0716972,-53.8226,-166.503,-220.326
0.0718533,1604.03,1202.51,2806.54
0.0720095,-198.602,-278.459,-477.061
0.0721659,1527.29,1158.56,2685.85
0.0723224,-134.34,-226.449,-360.789
0.0724791,34.2882,-83.4054,-49.1172
0.0726359,1408.44,1027.95,2436.39
0.0727928,-142.607,-234.267,-376.875
0.0729499,1104.73,873.231,1977.96
0.0731071,-71.8575,-136.76,-208.617
0.0732645,1601.27,1212.48,2813.75
0.073422,-109.803,-211.018,-320.821
0.0735797,-135.548,-236.893,-372.442
0.0737375,1510.06,1158.33,2668.39
0.0738954,-149.93,-238.476,-388.406
0.0740535,1363.09,1089.75,2452.84
0.0742117,-137.972,-239.501,-377.473
0.0743701,1346.18,1062.26,2408.44
0.0745286,-654.841,-612.923,-1267.76
0.0746873,1044.98,762.552,1807.53
0.0748461,115.822,7.85544,123.678
0.075005,-50.5269,-153.202,-203.728
0.0751641,-480.817,-586.697,-1067.51
0.0753234,-600.638,-696.76,-1297.4
0.0754828,-569.055,-686.956,-1256.01
0.0756423,-767.746,-867.344,-1635.09
0.075802,-507.46,-550.954,-1058.41
0.0759618,-464.387,-647.768,-1112.15
0.0761218,-207.328,-320.893,-528.221
0.0762819,458.959,87.1556,546.115
0.0764421,-540.432,-558.802,-1099.23
0.0766025,795.396,543.808,1339.2
0.0767631,-398.073,-463.178,-861.251
0.0769238,1081.62,698.543,1780.17
0.0770846,-730.148,-734.735,-1464.88
0.0772456,1056.24,871.113,1927.36
0.0774067,-985.929,-980.437,-1966.37
0.077568,1349.17,1062.19,2411.36
0.0777294,-849.14,-899.805,-1748.94
0.077891,883.853,774.761,1658.61
0.0780527,-1017.16,-945.043,-1962.21
0.0782146,1455.79,1147.71,2603.5
0.0783766,-894.359,-779.147,-1673.51
0.0785388,1161.11,909.964,2071.08
0.0787011,-1058.98,-896.288,-1955.27
0.0788635,1210,964.24,2174.24
0.0790261,-935.078,-772.871,-1707.95
0.0791889,1277.89,978.969,2256.86
0.0793518,-1062.67,-895.947,-1958.61
0.0795148,742.876,626.404,1369.28
0.079678,-965.914,-756.678,-1722.59
0.0798414,1575.01,1197.2,2772.21
0.0800048,-963.534,-727.371,-1690.91
0.0801685,1297.42,1047.09,2344.51
0.0803323,-1037.47,-813.167,-1850.63
0.0804962,930.979,713.5,1644.48
0.0806603,-973.369,-790.244,-1763.61
0.0808245,1460.48,1081.34,2541.82
0.0809889,-1023.68,-783.711,-1807.39
0.0811535,1090.75,819.774,1910.52
0.0813182,-984.692,-795.769,-1780.46
0.081483,1286.17,969.037,2255.21
0.081648,-970.733,-752.941,-1723.67
0.0818131,788.625,599.841,1388.47
0.0819784,-924.857,-729.507,-1654.36
0.0821438,1436.22,1035.56,2471.78
0.0823094,-857.546,-646.948,-1504.49
0.0824751,1215.08,896.476,2111.55
0.082641,-825.307,-659.359,-1484.67
0.0828071,894.104,665.924,1560.03
0.0829733,-896.013,-701.997,-1598.01
0.0831396,1380.05,1004.97,2385.02
0.0833061,-862.055,-647.497,-1509.55
0.0834727,1007.27,763.193,1770.47
0.0836395,-801.885,-627.133,-1429.02
0.0838065,1338.46,1008.65,2347.12
0.0839736,-720.116,-574.786,-1294.9
0.0841408,675.529,479.713,1155.24
0.0843082,-714.72,-560.907,-1275.63
0.0844758,1440.4,1045.42,2485.82
0.0846435,-676.509,-525.589,-1202.1
0.0848113,1412.79,1031.25,2444.03
0.0849793,-729.558,-566.066,-1295.62
0.0851475,921.002,702.43,1623.43
0.0853158,-674.276,-527.745,-1202.02
0.0854843,1486.21,1086.24,2572.44
0.0856529,-673.338,-528.545,-1201.88
0.0858217,908.745,685.81,1594.55
0.0859906,-615.023,-501.635,-1116.66
0.0861597,1497.14,1106.04,2603.18
0.0863289,-661.01,-514.555,-1175.57
0.0864983,713.096,494.059,1207.15
0.0866679,-503.351,-404.116,-907.468
0.0868376,1422.69,1038.7,2461.39
0.0870074,-503.647,-393.236,-896.882
0.0871774,1133.11,853.398,1986.51
0.0873476,-443.929,-357.971,-801.9
0.0875179,732.213,554.695,1286.91
0.0876884,-447.518,-376.578,-824.096
0.087859,1419.36,1036.02,2455.38
0.0880298,-453,-372.19,-825.19
0.0882007,911.696,692.257,1603.95
0.0883718,-396.777,-334.713,-731.49
0.088543,1293.88,960.073,2253.95
0.0887145,-413.538,-333.498,-747.036
0.088886,515.176,320.185,835.36
0.0890577,-314.367,-286.996,-601.364
0.0892296,1484.82,1076.46,2561.27
0.0894016,-404.361,-348.707,-753.068
0.0895738,1473.72,1104.68,2578.41
0.0897461,-425.949,-370.91,-796.859
0.0899186,851.917,627.101,1479.02
0.0900913,-372.339,-331.132,-703.471
0.0902641,1564.18,1152.44,2716.63
0.0904371,-465.737,-393.957,-859.694
0.0906102,1087.67,817.157,1904.83
0.0907835,-364.955,-324.866,-689.82
0.0909569,1510.88,1122.53,2633.41
0.0911305,-432.437,-352.675,-785.112
0.0913043,672.529,438.296,1110.83
0.0914782,-231.925,-236.545,-468.47
0.0916523,1646.97,1203.49,2850.46
0.0918265,-433.988,-374.451,-808.438
0.0920009,1593.35,1168.98,2762.33
0.0921754,-393.957,-346.868,-740.825
0.0923501,1030.57,749.185,1779.76
0.092525,-407.248,-346.298,-753.546
0.0927,1762.53,1298,3060.52
0.0928752,-461.243,-407.075,-868.318
0.0930505,1264.3,964.173,2228.47
0.093226,-318.236,-301.057,-619.292
0.0934017,1588.74,1145.52,2734.26
0.0935775,-413.444,-350.227,-763.672
0.0937535,881.668,604.587,1486.26
0.0939296,-275.379,-228.521,-503.9
0.0941059,1773.58,1271.06,3044.64
0.0942824,-336.857,-316.888,-653.745
0.094459,1630.52,1215.4,2845.93
0.0946358,-383.946,-333.904,-717.85
0.0948127,977.349,694.47,1671.82
0.0949898,-248.574,-253.977,-502.551
0.0951671,1771.92,1293.02,3064.94
0.0953445,-348.4,-314.031,-662.431
0.0955221,1442.75,1094.52,2537.27
0.0956999,-313.584,-291.361,-604.945
0.0958778,1370.75,1015.49,2386.24
0.0960558,-291.851,-294.103,-585.953
0.0962341,1549.17,1151.41,2700.58
0.0964125,-319.509,-296.247,-615.756
0.096591,1209.62,885.409,2095.03
0.0967697,-261.067,-278.457,-539.524
0.0969486,1820.61,1355.07,3175.69
0.0971277,-317.479,-301.126,-618.605
0.0973069,1096.78,793.911,1890.69
0.0974863,-265.473,-278.707,-544.18
0.0976658,1883.21,1378.94,3262.15
0.0978455,-364.708,-357.571,-722.279
0.0980253,1346.2,1013.69,2359.89
0.0982054,-263.918,-277.919,-541.838
0.0983856,1784.56,1319.86,3104.42
0.0985659,-280.744,-267.11,-547.854
0.0987464,985.855,628.271,1614.13
0.0989271,-109.151,-185.322,-294.473
0.0991079,1963.42,1448.06,3411.48
0.0992889,-240.695,-243.331,-484.026
0.0994701,1559.75,1143.4,2703.14
0.0996514,-144.955,-196.554,-341.509
0.099833,1243.17,934.237,2177.41
0.100015,-190.431,-205.401,-395.832
0.100196,1781.9,1293.36,3075.26
0.100378,-200.668,-251.956,-452.624
0.100561,941.178,650.766,1591.94
0.100743,-80.5241,-145.69,-226.214
0.100925,1892.03,1375.21,3267.24
0.101108,-106.118,-161.01,-267.129
0.101291,1441.5,1066.18,2507.69
0.101474,-175.128,-196.534,-371.661
0.101657,1327.13,986.106,2313.23
0.10184,-212.057,-252.485,-464.542
0.102024,1705.57,1291.63,2997.2
0.102208,-214.271,-231.014,-445.285
0.102391,1093.3,771.451,1864.75
0.102575,-39.4801,-100.358,-139.838
0.10276,1793.56,1328.54,3122.1
0.102944,-35.6805,-89.8946,-125.575
0.103128,1413.88,1019.51,2433.39
0.103313,-74.2047,-120.849,-195.054
0.103498,1424.55,1072.34,2496.89
0.103683,-4.40249,-47.6625,-52.065
0.103868,1262.93,951.322,2214.25
0.104053,-18.092,-116.433,-134.525
0.104239,1613.63,1195.7,2809.34
0.104424,-63.1665,-105.497,-168.663
0.10461,943.862,640.796,1584.66
0.104796,92.276,0.836737,93.1127
0.104983,1829.72,1335,3164.71
0.105169,-55.2207,-124.032,-179.252
0.105355,1297.17,958.534,2255.71
0.105542,-38.5292,-112.821,-151.35
0.105729,1554.36,1161.65,2716.01
0.105916,-35.6682,-84.3765,-120.045
0.106103,1098.8,787.766,1886.57
0.106291,-51.5828,-107.273,-158.856
0.106478,1891.51,1391.09,3282.6
0.106666,-98.8261,-168.332,-267.158
0.106854,1179.7,844.831,2024.53
0.107042,-79.5399,-142.914,-222.454
0.10723,1812.53,1320.92,3133.45
0.107418,-83.4011,-165.774,-249.175
0.107607,1012.73,687.751,1700.48
0.107796,23.1328,-61.0084,-37.8756
0.107985,1844.42,1337.48,3181.9
0.108174,-53.6961,-110.727,-164.423
0.108363,1338.53,975.182,2313.71
0.108552,-60.7141,-82.5205,-143.235
0.108742,1601.92,1170.52,2772.44
0.108932,-91.9712,-152.941,-244.912
0.109122,1170.68,825.243,1995.93
0.109312,-41.7013,-117.355,-159.057
0.109502,1876.56,1386.38,3262.94
0.109692,1181.27,549.085,1730.36
0.109883,1146.3,564.873,1711.17
0.110074,200.094,-319.407,-119.313
0.110265,-319.804,-461.954,-781.758
0.110456,1006.71,743.894,1750.61
0.110647,-443.84,-444.979,-888.819
0.110839,-364.319,-344.896,-709.215
0.11103,860.356,597.914,1458.27
0.111222,-110.718,-234.048,-344.766
0.111414,413.928,265.339,679.266
0.111607,-445.428,-402.307,-847.735
0.111799,-837.044,-692.975,-1530.02
0.111991,1609.46,1119.42,2728.88
0.112184,-568.535,-557.964,-1126.5
0.112377,1615.55,1312.28,2927.83
0.11257,-837.437,-683.539,-1520.98
0.112763,-333.151,-354.865,-688.016
0.112957,873.601,702.833,1576.43
0.11315,-119.223,-156.25,-275.473
0.113344,-651.475,-499.082,-1150.56
0.113538,1423.03,1027.72,2450.76
0.113732,-772.727,-606.388,-1379.12
0.113927,155.698,-15.7713,139.927
0.114121,891.734,720.883,1612.62
0.114316,-47.6825,-236.069,-283.751
0.11451,-357.209,-267.052,-624.261
0.114706,1455.37,1003.71,2459.08
0.114901,-517.519,-372.829,-890.349
0.115096,19.0131,-214.052,-195.039
0.115292,933.03,813.146,1746.18
0.115487,-133.505,-322.791,-456.296
0.115683,-370.781,-269.658,-640.438
0.115879,1487.65,1000.41,2488.06
0.116076,-480.562,-369.543,-850.105
0.116272,525.188,250.878,776.067
0.116469,-300.627,-212.215,-512.842
0.116665,1020.84,444.617,1465.46
0.116862,1216.56,668.792,1885.35
0.117059,1151.27,645.048,1796.32
0.117257,1292.98,958.033,2251.02
0.117454,423.325,377,800.324
0.117652,400.669,414.715,815.384
0.11785,80.4283,34.6918,115.12
0.118048,-169.371,7.62127,-161.749
0.118246,1388.36,1343.74,2732.1
0.118445,-521.164,-232.172,-753.335
0.118643,-166.304,-124.238,-290.541
0.118842,842.933,713.02,1555.95
0.119041,-594.89,-679.251,-1274.14
0.11924,1510.59,1152.72,2663.31
0.119439,-1012.41,-937.297,-1949.71
0.119639,362.776,179.434,542.211
0.119838,1050.66,728.35,1779.01
0.120038,-385.319,-462.028,-847.347
0.120238,-503.977,-572.719,-1076.7
0.120439,1710.01,1279.18,2989.19
0.120639,-968.017,-887.868,-1855.89
0.12084,7.68116,-61.2551,-53.5739
0.12104,1235.6,955.39,2190.99
0.121241,-483.024,-460.104,-943.128
0.121442,1339.3,902.809,2242.11
0.121644,-608.443,-469.502,-1077.95
0.121845,-350.755,-411.022,-761.776
0.122047,1407.77,1067.87,2475.64
0.122249,-606.859,-597.052,-1203.91
0.122451,1519.96,1145.34,2665.3
0.122653,-775.505,-702.633,-1478.14
0.122855,1043.88,860.885,1904.76
0.123058,-710.054,-673.872,-1383.93
0.123261,1327.41,1010.55,2337.96
0.123464,-816.545,-756.611,-1573.16
0.123667,830.806,658.567,1489.37
0.12387,-754.518,-734.363,-1488.88
0.124074,1416.51,1079.62,2496.13
0.124277,-726.849,-707.115,-1433.96
0.124481,1438.64,1108.29,2546.93
0.124685,-836.86,-751.192,-1588.05
0.12489,-63.0193,-123.845,-186.864
0.125094,1356.68,997.591,2354.27
0.125299,-449.83,-397.844,-847.674
0.125504,1118,832.182,1950.18
0.125709,-401.475,-384.697,-786.172
0.125914,900.134,713.566,1613.7
0.126119,-389.353,-349.649,-739.002
0.126325,1148.8,837.887,1986.69
0.12653,-426.595,-420.498,-847.093
0.126736,-466.568,-453.531,-920.099
0.126943,1451.14,1128.67,2579.81
0.127149,-623.318,-609.201,-1232.52
0.127355,1531.79,1129.17,2660.95
0.127562,-622.79,-590.151,-1212.94
0.127769,853.134,689.295,1542.43
0.127976,-589.526,-572.391,-1161.92
0.128183,1511.66,1135.11,2646.77
0.128391,-570.533,-549.403,-1119.94
0.128598,1225.11,939.626,2164.73
0.128806,-481.816,-479.277,-961.093
0.129014,288.615,131.46,420.075
0.129222,1278.9,979.119,2258.02
0.129431,-420.992,-438.12,-859.112
0.129639,1285.86,962.151,2248.02
0.129848,-416.745,-443.612,-860.356
0.130057,-154.112,-247.524,-401.636
0.130266,1439.09,1097.65,2536.74
0.130475,-663.744,-647.981,-1311.73
0.130685,-918.503,-906.424,-1824.93
0.130895,-846.97,-773.539,-1620.51
0.131105,-621.993,-485.438,-1107.43
0.131315,-560.659,-534.169,-1094.83
0.131525,-557.336,-540.084,-1097.42
0.131735,-747.121,-993.628,-1740.75
0.131946,-169.411,-529.998,-699.409
0.132157,-612.066,-806.028,-1418.09
0.132368,-431.363,-613.56,-1044.92
0.132579,1276.89,980.199,2257.09
0.132791,-266.589,-544.108,-810.696
0.133002,835.604,616.487,1452.09
0.133214,-405.596,-701.552,-1107.15
0.133426,1404.71,1094.36,2499.07
0.133638,-498.836,-690.354,-1189.19
0.133851,629.888,565.448,1195.34
0.134063,-744.612,-822.294,-1566.91
0.134276,1065.59,941.864,2007.45
0.134489,-496.343,-581.425,-1077.77
0.134702,967.509,878.48,1845.99
0.134916,-451.209,-533.505,-984.714
0.135129,-155.734,-156.371,-312.105
0.135343,1457.1,1065.75,2522.85
0.135557,-535.259,-474.589,-1009.85
0.135771,1132.68,785.925,1918.61
0.135985,-607.109,-453.457,-1060.57
0.1362,-109.374,-234.973,-344.348
0.136415,955.46,778.703,1734.16
0.13663,-220.533,-343.036,-563.57
0.136845,1143.29,921.952,2065.24
0.13706,-120.924,-227.929,-348.853
0.137276,-364.45,-302.216,-666.666
0.137491,1233.88,821.676,2055.55
0.137707,-367.475,-262.35,-629.825
0.137923,145.755,-51.1763,94.5788
0.13814,986.592,797.597,1784.19
0.138356,-84.2313,-185.575,-269.806
0.138573,-63.1836,-16.784,-79.9676
0.13879,1128.48,844.17,1972.65
0.139007,-380.094,-352.732,-732.826
0.139224,932.674,698.718,1631.39
0.139441,-201.806,-179.39,-381.196
0.139659,940.88,660.87,1601.75
0.139877,-90.1751,-123.905,-214.08
0.140095,313.482,133.4,446.882
0.140313,754.524,636.84,1391.36
0.140532,575.631,368.51,944.141
0.14075,13.6491,-3.26388,10.3852
0.140969,441.586,215.322,656.908
0.141188,240.055,224.468,464.523
0.141408,687.768,467.489,1155.26
0.141627,229.028,184.642,413.671
0.141847,627.331,422.81,1050.14
0.142067,150.253,144.693,294.946
0.142287,676.749,480.07,1156.82
0.142507,201.522,152.294,353.816
0.142727,709.561,519.034,1228.59
0.142948,220.643,164.074,384.717
0.143169,723.484,482.343,1205.83
0.14339,292.313,248.561,540.874
0.143611,674.19,453.109,1127.3
0.143833,187.75,184.132,371.882
0.144054,692.371,472.428,1164.8
0.144276,178.636,142.47,321.106
0.144498,673.994,489.863,1163.86
0.144721,244.288,197.597,441.885
0.144943,690.27,473.855,1164.12
0.145166,267.577,209.253,476.83
0.145389,655.773,464.038,1119.81
0.145612,255.615,175.411,431.026
0.145835,687.61,496.046,1183.66
0.146058,318.126,223.398,541.524
0.146282,678.708,459.168,1137.88
0.146506,292.223,204.106,496.329
0.14673,648.6,434.521,1083.12
0.146954,300.544,212.142,512.685
0.147179,636.699,446.863,1083.56
0.147404,321.386,246.74,568.127
0.147629,639.257,408.27,1047.53
0.147854,353.642,254.333,607.975
0.148079,726.97,486.965,1213.93
0.148304,291.118,207.22,498.338
0.14853,738.66,483.949,1222.61
0.148756,360.055,255.448,615.503
0.148982,782.657,500.019,1282.68
0.149209,355.692,254.861,610.553
0.149435,691.013,467.195,1158.21
0.149662,447.584,285.432,733.015
0.149889,721.975,489.384,1211.36
0.150116,444.846,296.933,741.779
0.150343,645.9,442.847,1088.75
0.150571,517.652,333.44,851.091
0.150799,682.571,465.087,1147.66
0.151027,495.786,331.096,826.882
0.151255,700.696,490.399,1191.09
0.151483,534.208,374.151,908.359
0.151712,769.234,505.743,1274.98
0.151941,562.973,379.813,942.787
0.15217,700.1,469.858,1169.96
0.152399,531.595,359.797,891.393
0.152629,750.659,494.636,1245.29
0.152858,510.761,329.33,840.091
0.153088,706.508,446.073,1152.58
0.153318,589.173,372.477,961.65
0.153549,733.964,479.924,1213.89
0.153779,548.569,345.086,893.655
0.15401,711.421,464.388,1175.81
0.154241,581.949,339.192,921.141
0.154472,722.858,477.864,1200.72
0.154703,609.11,398.871,1007.98
0.154935,810.023,531.441,1341.46
0.155166,613.876,396.459,1010.33
0.155398,728.402,458.308,1186.71
0.155631,569.357,364.627,933.985
0.155863,872.629,574.086,1446.71
0.156096,600.333,362.117,962.45
0.156328,847.88,563.91,1411.79
0.156561,643.891,373.782,1017.67
0.156795,850.572,566.147,1416.72
0.157028,608.928,378.919,987.848
0.157262,890.859,607.419,1498.28
0.157496,584.734,340.111,924.845
0.15773,812.793,529.583,1342.38
0.157964,581.233,339.133,920.366
0.158199,930.737,618.632,1549.37
0.158433,567.5,333.856,901.357
0.158668,963.902,634.491,1598.39
0.158903,523.882,308.836,832.719
0.159139,932.527,627.569,1560.1
0.159374,573.705,336.616,910.32
0.15961,881.963,575.787,1457.75
0.159846,618.529,381.53,1000.06
0.160082,912.439,599.389,1511.83
0.160319,613.67,368.819,982.49
0.160555,891.042,583.53,1474.57
0.160792,610.786,382.721,993.507
0.161029,924.558,638.835,1563.39
0.161267,556.602,311.855,868.458
0.161504,878.786,574.72,1453.51
0.161742,597.665,369.569,967.234
0.16198,979.253,645.152,1624.4
0.162218,577.807,366.557,944.364
0.162456,1000.51,686.438,1686.95
0.162695,586.208,354.794,941.002
0.162934,1005.48,703.282,1708.76
0.163173,635.61,386.878,1022.49
0.163412,970.954,659.854,1630.81
0.163652,599.619,347.543,947.162
0.163891,988.723,663.608,1652.33
0.164131,535.758,311.407,847.166
0.164371,987.421,655.749,1643.17
0.164612,564.052,314.608,878.66
0.164852,1086.71,753.046,1839.75
0.165093,528.355,326.953,855.308
0.165334,1083.96,715.081,1799.04
0.165575,596.599,336.88,933.479
0.165817,1074.61,721.176,1795.79
0.166058,596.18,338.321,934.501
0.1663,994.09,664.522,1658.61
0.166542,575.586,329.376,904.962
0.166785,1037.55,713.889,1751.44
0.167027,601.125,352.4,953.525
0.16727,1083.12,752.981,1836.1
0.167513,600.163,336.155,936.318
0.167756,1041.96,701.68,1743.64
0.167999,444.402,402.444,846.847
0.168243,1145.17,720.243,1865.42
0.168487,344.92,-168.925,175.995
0.168731,1039.32,666.626,1705.95
0.168975,1220.73,1003.85,2224.58
0.16922,1171.79,1079.06,2250.86
0.169465,-165.099,-50.2292,-215.329
0.16971,65.4816,142.793,208.274
0.169955,167.44,97.4835,264.923
0.1702,304.375,12.7913,317.166
0.170446,575.598,468.353,1043.95
0.170692,653.24,447.8,1101.04
0.170938,677.124,669.279,1346.4
0.171184,-28.263,-143.679,-171.942
0.171431,930.895,865.091,1795.99
0.171677,-376.341,-340.978,-717.319
0.171924,624.828,631.005,1255.83
0.172171,62.6894,-192.335,-129.646
0.172419,914.477,792.496,1706.97
0.172667,220.69,-27.5481,193.142
0.172914,924.298,872.426,1796.72
0.173163,169.014,4.04948,173.064
0.173411,651.331,691.704,1343.03
0.173659,-120.891,-222.479,-343.37
0.173908,983.568,849.623,1833.19
0.174157,13.3719,-172.413,-159.041
0.174406,706.709,605.076,1311.78
0.174656,22.6517,-125.9,-103.249
0.174906,906.76,748.615,1655.38
0.175156,218,57.7961,275.796
0.175406,736.193,609.366,1345.56
0.175656,-66.9356,-179.705,-246.64
0.175907,1065.8,892.395,1958.19
0.176157,372.02,163.735,535.756
0.176408,797.827,641.083,1438.91
0.17666,-96.6165,-241.263,-337.88
0.176911,1050.38,861.251,1911.63
0.177163,299.742,122.55,422.292
0.177415,780.64,616.182,1396.82
0.177667,58.689,-102.884,-44.1948
0.17792,902.139,700.206,1602.34
0.178172,312.805,152.571,465.376
0.178425,702.692,506.465,1209.16
0.178678,211.626,68.3054,279.931
0.178932,833.613,612.727,1446.34
0.179185,348.09,197.669,545.759
0.179439,649.882,420.875,1070.76
0.179693,340.665,197.183,537.848
0.179947,809.082,596.753,1405.83
0.180202,543.046,325.43,868.476
0.180457,595.814,398.142,993.956
0.180711,363.437,196.312,559.75
0.180967,798.066,568.64,1366.71
0.181222,694.153,463.676,1157.83
0.181478,583.719,389.24,972.959
0.181734,372.409,203.732,576.141
0.18199,763.808,545.221,1309.03
0.182246,649.648,408.432,1058.08
0.182503,637.585,393.951,1031.54
0.18276,366.917,196.578,563.494
0.183017,799.551,579.063,1378.61
0.183274,606.395,397.193,1003.59
0.183531,718.838,490.768,1209.61
0.183789,415.416,211.9,627.316
0.184047,775.823,523.266,1299.09
0.184305,573.134,340.447,913.581
0.184564,688.743,465.94,1154.68
0.184822,477.29,272.324,749.615
0.185081,786.408,530.625,1317.03
0.185341,699.657,448.534,1148.19
0.1856,629.156,400.665,1029.82
0.18586,514.5,310.64,825.14
0.186119,771.293,519.595,1290.89
0.18638,724.468,442.938,1167.41
0.18664,680.41,434.421,1114.83
0.186901,525.497,301.692,827.189
0.187161,821.438,583.341,1404.78
0.187422,733.58,465.913,1199.49
0.187684,639.107,421.7,1060.81
0.187945,583.508,312.895,896.403
0.188207,802.713,556.127,1358.84
0.188469,825.824,540.589,1366.41
0.188731,727.485,464.577,1192.06
0.188994,592.452,367.521,959.974
0.189256,782.729,530.645,1313.37
0.189519,990.473,638.399,1628.87
0.189783,682.651,435.958,1118.61
0.190046,512.797,311.103,823.9
0.19031,786.709,545.715,1332.42
0.190574,872.368,563.94,1436.31
0.190838,750.339,466.803,1217.14
0.191102,648.667,407.976,1056.64
0.191367,766.738,523.359,1290.1
0.191632,862.681,574.334,1437.01
0.191897,632.318,379.26,1011.58
0.192162,721.059,481.14,1202.2
0.192428,875.975,573.852,1449.83
0.192694,752.668,487.989,1240.66
0.19296,705.29,447.194,1152.48
0.193226,680.746,412.97,1093.72
0.193493,890.6,604.052,1494.65
0.193759,849.271,543.093,1392.36
0.194026,614.334,383.455,997.79
0.194294,654.832,401.991,1056.82
0.194561,921.782,629.781,1551.56
0.194829,863.723,581.681,1445.4
0.195097,665.74,389.774,1055.51
0.195365,651.251,410.94,1062.19
0.195634,866.402,571.93,1438.33
0.195903,1001.96,673.275,1675.23
0.196172,578.462,305.311,883.773
0.196441,773.274,503.638,1276.91
0.19671,808.99,544.185,1353.18
0.19698,990.016,667.95,1657.97
0.19725,574.136,308.401,882.537
0.19752,809.822,561.531,1371.35
0.197791,774.691,485.141,1259.83
0.198062,1036.23,713.794,1750.02
0.198333,531.867,273.666,805.533
0.198604,761.082,500.25,1261.33
0.198875,813.459,505.247,1318.71
0.199147,1062.83,737.868,1800.7
0.199419,525.473,269.158,794.631
0.199691,655.393,432.495,1087.89
0.199963,868.435,560.934,1429.37
0.200236,1202.13,835.779,2037.91
0.200509,392.074,134.517,526.591
0.200782,601.888,424.317,1026.2
0.201056,960.75,647.052,1607.8
0.201329,1383.52,1031.19,2414.71
0.201603,-59.7429,-306.428,-366.171
0.201878,762.049,485.359,1247.41
0.202152,780.782,502.141,1282.92
0.202427,898.178,603.151,1501.33
0.202702,859.485,553.429,1412.91
0.202977,751.119,504.607,1255.73
0.203252,731.373,478.521,1209.89
0.203528,701.001,467.068,1168.07
0.203804,824.347,534.752,1359.1
0.20408,747.055,481.418,1228.47
0.204356,675.985,407.535,1083.52
0.204633,800.94,521.186,1322.13
0.20491,809.305,537.862,1347.17
0.205187,705.219,434.588,1139.81
0.205465,805.15,507.568,1312.72
0.205742,677.535,399.689,1077.22
0.20602,895.166,603.619,1498.79
0.206299,718.624,400.889,1119.51
0.206577,886.923,584.743,1471.67
0.206856,682.561,413.098,1095.66
0.207135,938.028,617.378,1555.41
0.207414,676.522,408.474,1085
0.207693,897.363,585.712,1483.07
0.207973,682.261,416.59,1098.85
0.208253,852.441,556.837,1409.28
0.208533,824.9,507.939,1332.84
0.208814,834.119,500.917,1335.04
0.209095,627.787,351.293,979.081
0.209376,1054.9,719.781,1774.68
0.209657,780.574,453.589,1234.16
0.209938,698.315,408.499,1106.81
0.21022,499.506,259.524,759.03
0.210502,1248.85,871.009,2119.85
0.210784,1124.09,800.933,1925.03
0.211067,-98.7421,-334.059,-432.801
0.21135,613.098,357.703,970.801
0.211633,1560.08,1012.04,2572.12
0.211916,231.3,-19.3662,211.934
0.2122,1265.02,880.41,2145.43
0.212483,213.686,-18.9829,194.703
0.212767,1429.34,1020.52,2449.86
0.213052,30.6505,-120.162,-89.5118
0.213336,1213.08,856.19,2069.27
0.213621,108.889,-80.5521,28.3373
0.213906,1540.78,1009.44,2550.22
0.214192,162.929,-48.0759,114.853
0.214477,1433.51,1017.9,2451.4
0.214763,208.408,-29.4099,178.999
0.215049,1101.38,756.504,1857.88
0.215336,147.668,-43.965,103.703
0.215622,1525.49,1010.74,2536.23
0.215909,95.6868,-98.8677,-3.18084
0.216197,1621.08,1162.64,2783.72
0.216484,81.2369,-90.831,-9.59405
0.216772,-14.3411,-238.401,-252.742
0.21706,1626.91,1206.93,2833.83
0.217348,-83.1618,-325.404,-408.566
0.217636,1609.07,1213.24,2822.31
0.217925,-74.4875,-282.231,-356.719
0.218214,1788.24,1352.63,3140.87
0.218504,-108.856,-333.451,-442.306
0.218793,1294.75,913.507,2208.26
0.219083,-103.596,-298.136,-401.732
0.219373,1581.68,1190.22,2771.9
0.219663,28.5486,-245.111,-216.562
0.219954,1541.75,1151.58,2693.33
0.220245,30.7227,-207.642,-176.919
0.220536,1734.63,1289.59,3024.22
0.220827,40.3429,-228.846,-188.503
0.221119,1692.6,1274.48,2967.07
0.221411,-847.423,-776.879,-1624.3
0.221703,-337.375,-302.642,-640.017
0.221996,-189.839,-119.964,-309.803
0.222288,-147.134,-202.354,-349.488
0.222581,734.564,502.812,1237.38
0.222875,-561.218,-493.248,-1054.47
0.223168,1141.43,1091.89,2233.31
0.223462,-551.529,-376.212,-927.74
0.223756,1542.62,1181.96,2724.59
0.22405,-282.23,-238.765,-520.995
0.224345,1453.32,1248.75,2702.07
0.22464,-36.7865,27.6467,-9.13972
0.224935,970.847,875.55,1846.4
0.22523,-177.446,-163.474,-340.92
0.225526,1412.34,1134.15,2546.48
0.225822,-97.4622,-61.9658,-159.428
0.226118,1232.19,900.545,2132.73
0.226414,-171.337,-149.762,-321.098
0.226711,997.866,746.995,1744.86
0.227008,5.52133,-55.7271,-50.2058
0.227305,1226.11,882.889,2109
0.227603,2.70799,0.532287,3.24028
0.227901,721.889,485.601,1207.49
0.228199,73.5147,39.1696,112.684
0.228497,1187.3,814.085,2001.39
0.228796,110.928,57.7247,168.653
0.229095,1294.65,910.527,2205.18
0.229394,43.1544,-8.04019,35.1143
0.229693,912.052,673.977,1586.03
0.229993,41.8246,-24.8355,16.9891
0.230293,1248.26,860.168,2108.42
0.230593,102.682,-1.58356,101.099
0.230894,814.172,577.314,1391.49
0.231195,152.556,48.4087,200.965
0.231496,1192.94,808.973,2001.91
0.231797,-1008.15,-794.713,-1802.86
0.232099,1578.77,1028.89,2607.67
0.232401,-781.266,-641.221,-1422.49
0.232703,-434.376,-430.802,-865.178
0.233005,89.2452,-262.82,-173.574
0.233308,-769.005,-618.703,-1387.71
0.233611,-16.8592,-312.759,-329.618
0.233914,1186.76,1047.1,2233.86
0.234218,-658.268,-549.75,-1208.02
0.234522,1248.59,1076.64,2325.23
0.234826,-637.243,-471.579,-1108.82
0.23513,6.70828,122.52,129.228
0.235435,-162.232,-355.905,-518.137
0.23574,949.029,994.224,1943.25
0.236045,-153.572,-325.155,-478.728
0.236351,126.94,247.247,374.187
0.236656,-141.62,-361.573,-503.193
0.236962,1021.01,924.722,1945.73
0.237269,-179.935,-347.421,-527.357
0.237575,977.935,928.796,1906.73
0.237882,-3.88937,-308.478,-312.367
0.238189,-33.6688,161.262,127.593
0.238497,131.812,-227.311,-95.4994
0.238805,942.336,870.245,1812.58
0.239113,58.0968,-277.238,-219.142
0.239421,954.3,908.582,1862.88
0.239729,83.5939,-255.656,-172.063
0.240038,957.848,860.719,1818.57
0.240347,125.817,-184.441,-58.6238
0.240657,-267.954,-149.353,-417.307
0.240967,1912.01,1303.38,3215.4
0.241277,-946.646,-706.935,-1653.58
0.241587,382.618,18.4115,401.029
0.241897,980.429,839.622,1820.05
0.242208,73.2166,-219.733,-146.516
0.242519,1070.05,927.616,1997.66
0.242831,7.63403,-241.43,-233.796
0.243142,-567.466,-439.186,-1006.65
0.243454,1798.82,1157.36,2956.18
0.243766,-803.125,-607.537,-1410.66
0.244079,1800,1213.64,3013.64
0.244392,-662.825,-541.846,-1204.67
0.244705,1555.37,1046.56,2601.92
0.245018,-430.347,-333.215,-763.562
0.245332,1788.28,1194.7,2982.98
0.245646,-356.573,-323.855,-680.427
0.24596,260.191,-64.0572,196.133
0.246275,1325.1,1040.02,2365.12
0.246589,29.6865,-220.106,-190.42
0.246904,1498.72,1167.91,2666.63
0.24722,-128.835,-359.158,-487.993
0.247535,368.002,251.675,619.677
0.247851,1690.81,1140.63,2831.44
0.248168,-336.487,-310.626,-647.113
0.248484,-30.2435,-276.69,-306.934
0.248801,1451.19,1095.66,2546.85
0.249118,54.0088,-207.015,-153.006
0.249435,1605.55,1223.5,2829.06
0.249753,-1.67448,-229.862,-231.536
0.250071,1165.58,934.219,2099.8
0.250389,11.6294,-247.848,-236.219
0.250708,1649.14,1255.21,2904.35
0.251027,19.1589,-219.753,-200.594
0.251346,1202.58,913.303,2115.88
0.251665,49.4963,-191.863,-142.366
0.251985,1700.87,1291.55,2992.42
0.252305,51.2694,-200.56,-149.29
0.252625,768.618,548.957,1317.58
0.252946,358.36,27.9045,386.265
0.253267,1715.58,1272.45,2988.03
0.253588,85.3919,-173.069,-87.6773
0.253909,1608.36,1213.69,2822.05
0.254231,67.0406,-196.332,-129.292
0.254553,1222.05,914.708,2136.76
0.254875,90.3361,-157.126,-66.7896
0.255198,1759.45,1275.52,3034.97
0.255521,100.949,-168.378,-67.4287
0.255844,1649.83,1249.27,2899.1
0.256167,90.5624,-173.704,-83.1419
0.256491,1030.36,753.479,1783.84
0.256815,128.957,-141.841,-12.8845
0.25714,1701.3,1257.76,2959.07
0.257464,128.359,-125.754,2.60467
0.257789,1803.82,1344.18,3148
0.258115,128.151,-165.857,-37.7055
0.25844,88.8234,-113.534,-24.7105
0.258766,1638.45,1134,2772.46
0.259092,25.5481,-136.318,-110.77
0.259419,1817.13,1240.18,3057.31
0.259745,65.2248,-108.425,-43.2004
0.260072,271.691,-36.0385,235.653
0.2604,1981.91,1377.95,3359.86
0.260727,183.307,-75.6736,107.634
0.261055,1798.62,1300.54,3099.16
0.261384,172.09,-60.7098,111.38
0.261712,248.675,30.817,279.492
0.262041,1699.51,1172.68,2872.19
0.26237,89.4119,-120.04,-30.628
0.262699,1548.66,1078.21,2626.87
0.263029,78.9363,-130.692,-51.7557
0.263359,1829.94,1252.54,3082.48
0.26369,67.3531,-111.71,-44.3569
0.26402,177.447,-98.6693,78.7776
0.264351,1906.62,1281.39,3188.01
0.264682,383.431,105.43,488.861
0.265014,1655.79,1228.62,2884.41
0.265346,1141.46,759.045,1900.5
0.265678,1546.35,1160.17,2706.52
0.26601,534.921,189.205,724.126
0.266343,1252.54,898.063,2150.6
0.266676,284.461,14.1688,298.63
0.267009,1270.34,924.056,2194.4
0.267343,418.86,96.3072,515.167
0.267677,1398.22,1053.11,2451.33
0.268011,584.678,206.862,791.54
0.268346,1346.47,944.823,2291.29
0.268681,503.081,137.733,640.814
0.269016,1418.94,1051.57,2470.51
0.269351,562.955,197.361,760.316
0.269687,1380.05,997.996,2378.04
0.270023,433.834,114.792,548.625
0.270359,1437.62,1055.54,2493.16
0.270696,601.829,233.514,835.342
0.271033,1413.08,1042.09,2455.17
0.27137,435.533,106.637,542.171
0.271708,1438.28,1065.13,2503.4
0.272046,554.855,202.201,757.056
0.272384,1381.46,974.621,2356.08
0.272723,421.713,112.367,534.08
0.273062,1463.52,1091.01,2554.53
0.273401,396.301,60.1665,456.467
0.27374,1440.38,995.71,2436.09
0.27408,344.178,41.4427,385.62
0.27442,1553.82,1144.67,2698.49
0.27476,432.243,106.527,538.769
0.275101,1583.04,1181.47,2764.51
0.275442,292.283,-4.1093,288.174
0.275783,1537.6,1129.25,2666.85
0.276125,347.467,16.9252,364.392
0.276467,1552.02,1148.97,2700.99
0.276809,345.752,8.11184,353.864
0.277152,1574.62,1144.96,2719.58
0.277495,344.906,23.3834,368.289
0.277838,1463.1,1060.26,2523.36
0.278181,394.786,66.5411,461.327
0.278525,1648.11,1194.58,2842.7
0.278869,258.756,-31.8216,226.934
0.279214,1571.51,1134.67,2706.18
0.279558,316.202,43.598,359.8
0.279903,1636.1,1198,2834.1
0.280249,254.485,-28.464,226.021
0.280594,1578.04,1137.3,2715.34
0.28094,376.601,91.6183,468.22
0.281287,1580.53,1166.05,2746.58
0.281633,316.892,6.40599,323.298
0.28198,1564.99,1136.23,2701.21
0.282328,406.584,90.5694,497.154
0.282675,1572.69,1155.78,2728.47
0.283023,396.511,57.5356,454.046
0.283371,1486.36,1058.76,2545.12
0.28372,421.927,104.695,526.622
0.284069,1552.84,1127.12,2679.96
0.284418,311.942,-35.8608,276.081
0.284767,1633.46,1183.59,2817.05
0.285117,332.665,15.4638,348.128
0.285467,1556.21,1159.69,2715.89
0.285818,316.299,-12.2307,304.069
0.286168,1535.83,1142.27,2678.1
0.286519,427.324,78.9277,506.252
0.286871,1619.85,1196.29,2816.15
0.287222,199.562,-83.1977,116.364
0.287574,1339.38,955.709,2295.09
0.287927,1528.2,1023.45,2551.65
0.288279,1605.73,1037.09,2642.82
0.288632,1000.28,697.089,1697.37
0.288986,71.8997,-147.55,-75.6508
0.289339,1196.27,1046.87,2243.14
0.289693,16.7138,-82.8316,-66.1178
0.290048,868.721,758.778,1627.5
0.290402,-261.756,-360.942,-622.699
0.290757,1156.04,1000.94,2156.99
0.291112,-323.588,-516.137,-839.724
0.291468,758.503,604.507,1363.01
0.291824,-163.051,-253.286,-416.337
0.29218,1173.83,838.201,2012.03
0.292536,-297.317,-437.425,-734.742
0.292536,1526.72,1021.12,2547.84
0.292893,-437.942,-379.172,-817.114
0.29325,1448.76,996.897,2445.66
0.293608,-323.804,-326.385,-650.188
0.293966,1381.67,871.699,2253.37
0.294324,-474.136,-440.015,-914.152
0.294682,1696.74,1166.3,2863.05
0.295041,-298.417,-369.192,-667.609
0.2954,1555.81,1106.79,2662.6
0.29576,-340.423,-424.303,-764.726
0.29612,907.176,355.583,1262.76
0.29648,1066.1,398.565,1464.67
0.29684,1543.31,896.656,2439.97
0.297201,1459.49,958.38,2417.87
0.297562,-553.926,-561.427,-1115.35
0.297923,1323.64,704.295,2027.94
0.298285,-25.6867,-378.692,-404.379
0.298647,1236.61,507.306,1743.92
0.29901,-16.6555,-267.358,-284.014
0.299372,1351.95,682.111,2034.06
0.299735,-405.481,-289.662,-695.143
0.300099,1491.18,880.087,2371.27
0.300463,-375.582,-261.424,-637.007
0.300827,1468.66,891.011,2359.67
0.301191,-318.281,-255.633,-573.914
0.301556,1553.71,856.188,2409.9
0.301921,-138.178,-108.585,-246.764
0.302286,1141.25,694.305,1835.55
0.302652,-471.596,-341.54,-813.135
0.303018,1351.32,832.426,2183.75
0.303384,-235.629,-143.135,-378.764
0.303751,1440.18,908.478,2348.66
0.304118,-246.164,-111.217,-357.381
0.304485,1375.08,847.831,2222.91
0.304853,-135.979,-78.4528,-214.432
0.305221,1305.48,842.595,2148.07
0.30559,421.962,307.195,729.157
0.305958,1160.14,773.733,1933.87
0.306327,-424.811,-304.39,-729.201
0.306697,1432.94,965.456,2398.4
0.307066,-213.264,-173.902,-387.166
0.307437,1481.93,999.05,2480.98
0.307807,-218.623,-198.775,-417.398
0.308178,1400.08,912.123,2312.21
0.308549,-204.361,-186.893,-391.253
0.30892,1355.07,866.238,2221.31
0.309292,-185.589,-144.102,-329.691
0.309664,1314.56,860.089,2174.65
0.310036,-77.0432,-138.247,-215.29
0.310409,1340.84,868.405,2209.24
0.310782,-320.321,-267.139,-587.459
0.311156,1355.43,886.807,2242.24
0.311529,37.7216,-52.63,-14.9084
0.311904,1376.24,924.009,2300.25
0.312278,-364.515,-294.855,-659.37
0.312653,1244.98,805.519,2050.5
0.313028,-91.6774,-183.316,-274.993
0.313403,1388.07,921.68,2309.75
0.313779,-179.853,-216.287,-396.14
0.314155,1350.7,896.126,2246.82
0.314532,-104.359,-175.074,-279.432
0.314909,1423.23,946.423,2369.65
0.315286,-82.459,-167.657,-250.116
0.315664,1368.7,914.967,2283.66
0.316041,-86.4673,-149.805,-236.272
0.31642,1370.39,909.031,2279.42
0.316798,-36.0764,-149.914,-185.99
0.317177,1449.97,959.305,2409.28
0.317556,-67.5957,-153.082,-220.678
0.317936,1398.98,918.554,2317.53
0.318316,-2.28575,-114.253,-116.539
0.318696,1412.04,954.719,2366.76
0.319077,9.63405,-105.471,-95.837
0.319458,1334.2,855.8,2190
0.319839,148.787,-20.4877,128.3
0.320221,1280.89,847.498,2128.39
0.320603,239.631,79.3721,319.003
0.320985,1338.61,889.823,2228.44
0.321368,128.223,-42.8267,85.396
0.321751,1406.85,936.717,2343.57
0.322134,225.605,42.9826,268.587
0.322518,1448.61,949.246,2397.86
0.322902,274.338,63.0046,337.343
0.323287,-440.855,-791.021,-1231.88
0.323671,-616.142,-842.023,-1458.17
0.324057,-330.908,-726.192,-1057.1
0.324442,-594.164,-659.755,-1253.92
0.324828,-15.3843,-338.009,-353.393
0.325214,-65.5897,-414.191,-479.781
0.325601,-492.328,-425.436,-917.764
0.325988,1813.89,1218.39,3032.28
0.326375,-867.082,-800.365,-1667.45
0.326763,1575.72,1262.62,2838.34
0.327151,-1015.94,-901.75,-1917.69
0.327539,1692.18,1323.38,3015.56
0.327928,-722.584,-769.89,-1492.47
0.328317,1736.27,1180.01,2916.28
0.328706,-1039.08,-877.586,-1916.67
0.329096,664.33,285.216,949.546
0.329486,-341.308,-286.851,-628.159
0.329876,1559.31,1071.35,2630.66
0.330267,-520.45,-475.614,-996.064
0.330658,1575.57,1104.18,2679.75
0.33105,-532.789,-509.685,-1042.47
0.331442,1439.66,933.729,2373.39
0.331834,-487.248,-422.843,-910.092
0.332226,1774.45,1174.01,2948.47
0.332619,-614.269,-524.806,-1139.08
0.333013,1554.39,1020.85,2575.25
0.333406,-574.916,-487.36,-1062.28
0.3338,1744.12,1179.62,2923.75
0.334195,-624.633,-511.105,-1135.74
0.334589,424.763,38.6783,463.442
0.334984,1528.45,1064.42,2592.87
0.33538,-67.052,-312.338,-379.39
0.335776,1513.46,1085.88,2599.34
0.336172,40.8901,-125.889,-84.9987
0.336568,-523.049,-530.802,-1053.85
0.336965,1443.5,934.776,2378.28
0.337362,-520.409,-475.83,-996.239
0.33776,1917.63,1313.26,3230.89
0.338158,-571.165,-527.972,-1099.14
0.338556,1616.49,1148.62,2765.11
0.338955,-333.806,-401.575,-735.381
0.339354,1581.95,1067.95,2649.9
0.339753,-259.883,-334.654,-594.537
0.340153,1596.73,1067.52,2664.25
0.340553,-138.283,-258.513,-396.795
0.340954,1525.83,1017.92,2543.75
0.341355,-233.415,-322.71,-556.126
0.341756,1659.49,1124.32,2783.81
0.342158,-248.786,-349.353,-598.139
0.34256,997.834,583.237,1581.07
0.342962,-20.5428,-133.121,-153.663
0.343365,1554.72,1034.41,2589.13
0.343768,-113.676,-245.789,-359.465
0.344171,1663.27,1140.29,2803.57
0.344575,-315.612,-356.826,-672.437
0.344979,1708.68,1184.18,2892.86
0.345383,-280.809,-354.005,-634.814
0.345788,625.842,223.556,849.398
0.346194,1948.52,1350.68,3299.2
0.346599,-282.555,-473.637,-756.193
0.347005,1585.91,1170.59,2756.49
0.347412,-268.444,-470.189,-738.633
0.347818,1923.62,1418.18,3341.79
0.348225,-246.544,-444.308,-690.852
0.348633,1922.71,1425.1,3347.81
0.349041,-244.211,-430.521,-674.731
0.349449,1611.19,1184.33,2795.52
0.349858,-220.945,-408.028,-628.972
0.350267,1944.38,1407.78,3352.16
0.350676,-185.494,-410.886,-596.38
0.351086,1574.73,1133.56,2708.29
0.351496,-268.462,-460.003,-728.464
0.351906,1948.51,1306.72,3255.23
0.352317,-169.293,-372.573,-541.865
0.352728,1907.43,1365.57,3273
0.35314,-245.942,-425.377,-671.32
0.353552,806.696,434.79,1241.49
0.353964,1696.75,1154.41,2851.16
0.354377,-0.270233,-154.476,-154.746
0.35479,1805.43,1208.08,3013.51
0.355203,115.16,-118.602,-3.44142
0.355617,256.444,-34.4677,221.977
0.356031,1720.84,1170.55,2891.39
0.356446,-16.0886,-211.084,-227.173
0.356861,1900.72,1311.52,3212.24
0.357276,-46.5696,-252.189,-298.758
0.357692,1801.48,1254.69,3056.17
0.358108,-134.563,-302.479,-437.042
0.358524,1958.76,1350.68,3309.44
0.358941,7.54631,-218.276,-210.73
0.359358,331.481,51.8955,383.377
0.359776,1487.13,899.402,2386.53
0.360194,144.901,-65.1509,79.7506
0.360612,1519.86,956.772,2476.64
0.361031,75.1174,-153.84,-78.7229
0.36145,2012.59,1369.49,3382.08
0.36187,126.055,-73.3918,52.6633
0.36229,588.718,230.794,819.512
0.36271,1797.4,1230.19,3027.59
0.36313,176.905,-82.2149,94.6899
0.363552,2198.71,1541.55,3740.26
0.363973,106.864,-133.751,-26.8873
0.364395,1574.26,1067.44,2641.7
0.364817,-84.3115,-303.322,-387.634
0.365239,1888.29,1277.84,3166.13
0.365662,-234.166,-364.78,-598.946
0.366086,2283.98,1597.32,3881.3
0.366509,-252.865,-423.583,-676.448
0.366934,828.151,431.867,1260.02
0.367358,1410.34,920.919,2331.26
0.367783,580.608,215.795,796.403
0.368208,1667.45,1137.5,2804.95
0.368634,417.228,92.7631,509.991
0.36906,153.436,-91.2221,62.2143
0.369486,2011.17,1382.63,3393.8
0.369913,-117.941,-338.407,-456.347
0.37034,1770.79,1235.98,3006.77
0.370768,35.6619,-187.806,-152.144
0.371196,2000.8,1388.2,3389
0.371624,162.031,-100.256,61.7752
0.372053,812.949,400.155,1213.1
0.372482,1458.07,979.151,2437.22
0.372912,292.37,6.59883,298.969
0.373341,1342.74,912.401,2255.14
0.373772,711.407,351.462,1062.87
0.374203,1397.19,946.208,2343.39
0.374634,647.276,267.595,914.872
0.375065,183.534,-106.703,76.8311
0.375497,2109.5,1447.67,3557.17
0.375929,1478.9,781.806,2260.7
0.376362,2063.39,1244.69,3308.08
0.376795,2135.2,1471.14,3606.34
0.377228,1809.31,1406.67,3215.98
0.377662,593.887,364.404,958.291
0.378096,821.864,787.703,1609.57
0.378531,455.675,424.172,879.847
0.378966,706.33,698.567,1404.9
0.379402,404.061,130.6,534.661
0.379837,1345.34,1065.05,2410.39
0.380274,219.983,113.56,333.543
0.38071,1490.57,1098.07,2588.64
0.381147,-74.4579,-120.343,-194.801
0.381585,1759.68,1335.75,3095.43
0.382022,-381.862,-403.479,-785.341
0.382461,1535.04,1230.96,2766
0.382899,-75.1714,-220.381,-295.552
0.383338,1682.88,1325.25,3008.13
0.383778,-256.851,-349.474,-606.325
0.384217,1645.43,1288.37,2933.81
0.384658,-213.805,-394.061,-607.865
0.385098,1751.83,1356.39,3108.22
0.385539,-273.928,-395.804,-669.732
0.385981,1692.26,1269.87,2962.13
0.386422,-122.544,-294.002,-416.546
0.386865,1666.71,1279.02,2945.73
0.387307,-105.576,-232.845,-338.422
0.38775,1778.13,1319,3097.13
0.388194,-153.397,-294.309,-447.706
0.388637,1632.14,1229.55,2861.69
0.389082,-103.768,-265.85,-369.618
0.389526,1629.76,1189.64,2819.4
0.389971,-94.4122,-252.925,-347.337
0.390417,1639.55,1212.28,2851.83
0.390863,-110.157,-274.191,-384.348
0.391309,1697.49,1217.83,2915.32
0.391755,-94.0248,-264.485,-358.51
0.392203,1574.23,1174.26,2748.49
0.39265,-114.564,-306.378,-420.942
0.393098,1593.2,1155.02,2748.22
0.393546,24.6708,-151.018,-126.347
0.393995,1586.64,1135.56,2722.2
0.394444,-15.621,-205.183,-220.804
0.394893,1547.05,1150.56,2697.61
0.395343,20.6404,-162.027,-141.387
0.395794,1721.17,1234.69,2955.87
0.396244,-208.538,-356.822,-565.359
0.396695,1695.37,1219.49,2914.86
0.397147,-94.6932,-244.99,-339.683
0.397599,1825.85,1310.99,3136.84
0.398051,-173.764,-274.709,-448.473
0.398504,1633.26,1157.8,2791.06
0.398957,3.9499,-146.47,-142.52
0.399411,1753.53,1239.75,2993.28
0.399865,-149.936,-272.758,-422.694
0.400319,1814.08,1266.28,3080.36
0.400774,-24.9044,-184.903,-209.807
0.401229,1726.59,1221.98,2948.57
0.401685,-160.881,-275.685,-436.567
0.402141,1723.07,1234.11,2957.19
0.402598,-131.107,-267.094,-398.201
0.403055,1860.39,1346.2,3206.59
0.403512,-287.075,-383.791,-670.866
0.40397,1798.89,1279.19,3078.08
0.404428,-152.957,-280.661,-433.618
0.404886,1874.07,1330.98,3205.05
0.405345,-260.351,-354.034,-614.385
0.405805,1791.01,1275.88,3066.89
0.406265,-111.092,-254.072,-365.164
0.406725,1906.68,1358.28,3264.96
0.407185,-286.079,-364.32,-650.399
0.407646,1772.01,1261.62,3033.62
0.408108,-127.223,-296.496,-423.719
0.40857,1926.53,1355.41,3281.95
0.409032,-190.945,-300.905,-491.85
0.409495,1740.77,1234.53,2975.3
0.409958,-185.61,-314.418,-500.028
0.410422,1893.17,1343.51,3236.68
0.410886,-311.199,-397.274,-708.472
0.41135,1692.95,1176.4,2869.36
0.411815,-123.726,-268.216,-391.942
0.41228,2009.13,1460.45,3469.58
0.412746,-193.925,-331.613,-525.538
0.413212,1772.98,1243.07,3016.06
0.413679,-176.356,-309.813,-486.169
0.414146,1920.48,1372.88,3293.36
0.414613,-198.528,-332.855,-531.383
0.415081,1749.06,1241.67,2990.73
0.415549,-92.6204,-248.302,-340.923
0.416018,1925.02,1381.57,3306.6
0.416487,-189.381,-316.331,-505.712
0.416957,1802.79,1267.14,3069.93
0.417427,-91.7285,-244.347,-336.075
0.417897,1860.01,1327.69,3187.7
0.418368,-215.11,-335.17,-550.28
0.418839,1828.83,1291.76,3120.59
0.419311,-52.1239,-241.066,-293.19
0.419783,1872.69,1336.79,3209.48
0.420255,-187.163,-321.025,-508.188
0.420728,1727.98,1201.42,2929.4
0.421202,-67.0339,-255.075,-322.108
0.421675,1788.58,1276.16,3064.74
0.42215,-170.892,-286.872,-457.764
0.422624,1872.41,1294.7,3167.11
0.423099,-15.6195,-196.886,-212.506
0.423575,1829.07,1283.55,3112.62
0.424051,-127.838,-272.033,-399.871
0.424527,1733.33,1225.14,2958.47
0.425004,-77.5358,-274.572,-352.107
0.425482,1861.66,1329.5,3191.16
0.425959,-28.3196,-221.148,-249.467
0.426437,1701.82,1176.91,2878.74
0.426916,-103.612,-271.927,-375.539
0.427395,1884.86,1348.6,3233.45
0.427874,-25.0517,-220.888,-245.94
0.428354,1709.59,1197.63,2907.23
0.428835,26.9728,-182.594,-155.621
0.429315,1788.39,1273.29,3061.68
0.429797,94.7,-130.296,-35.5963
0.430278,1617.25,1117.86,2735.11
0.43076,58.8581,-187.735,-128.876
0.431243,1806.72,1279.72,3086.44
0.431726,10.1115,-220.564,-210.453
0.432209,1729.38,1235.76,2965.14
0.432693,24.7037,-211.925,-187.221
0.433177,1787.18,1276.95,3064.13
0.433662,-44.5426,-239.408,-283.95
0.434147,1774.3,1261.49,3035.8
0.434633,-11.0247,-226.759,-237.784
0.435119,1788.19,1259.18,3047.37
0.435605,35.2867,-198.828,-163.542
0.436092,1747.69,1241.88,2989.57
0.436579,18.7824,-217.069,-198.287
0.437067,1776.58,1276.67,3053.26
0.437555,-1300.97,-1198.19,-2499.16
0.438044,-1144.63,-1089.66,-2234.28
0.438533,-756.898,-796.165,-1553.06
0.439023,-641.31,-715.319,-1356.63
0.439513,1773.29,1402.49,3175.78
0.440003,-579.089,-808.242,-1387.33
0.440494,2390.58,1817.37,4207.95
0.440986,-37.2273,-368.854,-406.081
0.441477,2054.93,1447.02,3501.95
0.44197,-275.927,-286.763,-562.69
0.442462,1720.56,1158.39,2878.94
0.442956,-422.513,-439.399,-861.911
0.443449,1273.85,854.68,2128.54
0.443943,1498.69,985.048,2483.74
0.444438,390.014,89.5945,479.608
0.444933,730.794,474.294,1205.09
0.445428,1481.68,1110.09,2591.77
0.445924,-307.256,-399.264,-706.52
0.44642,2255.21,1601.07,3856.28
0.446917,-625.289,-668.235,-1293.52
0.447414,1989.08,1470.95,3460.03
0.447912,-367.55,-487.76,-855.31
0.44841,1664.04,1187.81,2851.86
0.448908,-209.502,-396.839,-606.341
0.449407,1770.68,1286.05,3056.73
0.449907,-226.094,-407.749,-633.843
0.450407,1422.62,1036.36,2458.99
0.450907,-219.708,-398.105,-617.813
0.451408,1876.02,1364.73,3240.75
0.451909,-44.145,-292.217,-336.362
0.452411,773.962,470.461,1244.42
0.452913,1236.96,837.579,2074.54
0.453416,218.494,17.3229,235.817
0.453919,1644.01,1060.84,2704.85
0.454423,172.045,-33.8497,138.195
0.454927,1299.61,882.839,2182.45
0.455431,1290.73,910.124,2200.85
0.455936,383.403,83.9339,467.337
0.456441,1365.01,980.316,2345.32
0.456947,167.571,-95.2756,72.2952
0.457454,759.941,443.328,1203.27
0.45796,389.088,99.9686,489.057
0.458468,1762.19,1235.54,2997.72
0.458975,231.535,-42.7136,188.822
0.459483,723.949,395.156,1119.1
0.459992,412.571,109.35,521.92
0.460501,1840.13,1303.25,3143.37
0.461011,311.8,16.0117,327.812
0.461521,930.608,591.651,1522.26
0.462031,400.375,88.7204,489.095
0.462542,1560.46,1086.57,2647.03
0.463053,378.086,68.4021,446.488
0.463565,962.704,613.3,1576
0.464078,470.639,140.825,611.464
0.46459,1608.99,1136.09,2745.08
0.465104,324.539,24.3273,348.866
0.465617,995.993,619.057,1615.05
0.466132,493.581,158.451,652.031
0.466646,1481.15,1042.16,2523.31
0.467161,332.777,35.6929,368.47
0.467677,1158.14,768.267,1926.4
0.468193,422.59,118.586,541.176
0.46871,1455.74,1022.79,2478.53
0.469227,404.603,90.0095,494.612
0.469744,1062.8,658.073,1720.88
0.470262,452.638,120.995,573.633
0.470781,1641.55,1163.83,2805.38
0.471299,391.671,74.5003,466.172
0.471819,1040.84,657.429,1698.27
0.472339,452.747,140.017,592.764
0.472859,1388.57,983.379,2371.95
0.47338,425.312,94.4132,519.725
0.473901,1181.77,773.59,1955.36
0.474423,469.418,154.673,624.091
0.474945,1552.09,1075.74,2627.83
0.475468,467.681,132.493,600.174
0.475991,1038.24,648.306,1686.54
0.476514,629.545,270.968,900.513
0.477038,1397.51,955.564,2353.07
0.477563,469.549,120.087,589.636
0.478088,1122.7,756.237,1878.93
0.478614,533.834,222.029,755.863
0.47914,1275.14,877.031,2152.17
0.479666,510.314,155.151,665.464
0.480193,1149.32,775.844,1925.17
0.480721,520.938,164.786,685.725
0.481248,1415.26,985.68,2400.94
0.481777,467.626,112.756,580.383
0.482306,1095.48,707.684,1803.17
0.482835,548.616,208.156,756.771
0.483365,1356.23,925.994,2282.22
0.483895,513.978,168.079,682.056
0.484426,1047.49,639.344,1686.83
0.484957,602.618,248.113,850.731
0.485489,1471.7,1027.8,2499.5
0.486021,546.315,178.138,724.453
0.486554,925.269,578.734,1504
0.487087,548.26,199.501,747.761
0.487621,1479.55,1026.34,2505.9
0.488155,482.803,140.294,623.097
0.48869,1005.01,608.332,1613.34
0.489225,582.788,227.715,810.504
0.489761,1594.67,1108.45,2703.12
0.490297,434.584,110.284,544.868
0.490834,921.086,553.91,1475
0.491371,493.009,135.452,628.46
0.491908,1694.3,1176.27,2870.57
0.492446,445.834,120.241,566.075
0.492985,890.137,520.061,1410.2
0.493524,553.437,214.504,767.942
0.494064,1639.98,1149.85,2789.83
0.494604,347.366,41.2768,388.643
0.495144,843.398,458.56,1301.96
0.495685,623.411,266.85,890.262
0.496227,1701.82,1178.4,2880.22
0.496769,360.234,48.5771,408.812
0.497311,931.732,547.127,1478.86
0.497854,453.957,127.599,581.557
0.498398,1815.52,1264.46,3079.98
0.498942,338.122,25.3486,363.471
0.499486,688.56,340.195,1028.76
0.500031,639.946,270.279,910.225
0.500577,1778.27,1237.71,3015.98
0.501123,367.204,52.446,419.65
0.501669,851.542,454.504,1306.05
0.502216,619.291,236.057,855.348
0.502764,756.903,197.555,954.457
0.503312,1318.6,673.568,1992.17
0.50386,819.781,504.596,1324.38
0.504409,2102.73,1438.75,3541.48
0.504959,592.63,359.071,951.701
0.505509,1795.24,1370.22,3165.46
0.506059,-707.083,-701.577,-1408.66
0.50661,1365.2,988.889,2354.09
0.507162,150.263,-92.2996,57.9633
0.507713,1674.18,1211.16,2885.34
0.508266,-455.767,-642.542,-1098.31
0.508819,1992.45,1493.23,3485.69
0.509372,-442.784,-623.609,-1066.39
0.509926,1921.69,1419.41,3341.11
0.510481,-531.595,-647.597,-1179.19
0.511036,1996.02,1465.79,3461.8
0.511591,-557.64,-655.592,-1213.23
0.512147,2078.45,1538.28,3616.73
0.512704,-566.398,-663.281,-1229.68
0.513261,2145.14,1591.1,3736.25
0.513818,-579.037,-662.702,-1241.74
0.514376,2158.5,1593.84,3752.33
0.514935,-580.327,-671.285,-1251.61
0.515494,2155.21,1598.05,3753.26
0.516053,-558.268,-655.701,-1213.97
0.516613,2172.43,1615.89,3788.33
0.517174,-578.618,-674.38,-1253
0.517735,2186.84,1629.27,3816.11
0.518297,-525.439,-625.142,-1150.58
0.518859,2237.97,1650.13,3888.09
0.519421,-707.332,-735.238,-1442.57
0.519984,2252.5,1656.02,3908.52
0.520548,-656.78,-691.346,-1348.13
0.521112,2220.85,1623.17,3844.02
0.521677,-591.186,-655.207,-1246.39
0.522242,2213.07,1613.71,3826.78
0.522808,-592.261,-631.98,-1224.24
0.523374,2217.09,1624.61,3841.7
0.523941,-555.592,-646.511,-1202.1
0.524508,2151.25,1561.44,3712.69
0.525076,-552.343,-609.836,-1162.18
0.525644,2160.26,1566.82,3727.08
0.526213,-465.881,-552.626,-1018.51
0.526782,2171.48,1587.35,3758.83
0.527352,-593.202,-668.579,-1261.78
0.527922,2185.76,1601.69,3787.45
0.528493,-450.425,-537.881,-988.306
0.529064,2129.06,1529.81,3658.87
0.529636,-457.213,-569.899,-1027.11
0.530208,2122.6,1538.7,3661.3
0.530781,-482.192,-587.493,-1069.68
0.531355,2128.96,1548.61,3677.57
0.531929,-386.353,-493.106,-879.459
0.532503,2097.23,1516.28,3613.51
0.533078,-552.606,-641.896,-1194.5
0.533654,2226.22,1630.87,3857.09
0.53423,-520.132,-581.671,-1101.8
0.534806,2214.94,1615.6,3830.54
0.535383,-316.464,-425.312,-741.776
0.535961,2173.32,1582.01,3755.34
0.536539,-639.168,-690.487,-1329.65
0.537118,2236.12,1631.89,3868
0.537697,-519.458,-601.074,-1120.53
0.538277,2032.48,1465.69,3498.18
0.538857,-494.693,-548.701,-1043.39
0.539438,2015.63,1439.72,3455.35
0.540019,-644.714,-710.436,-1355.15
0.540601,2103.63,1513.54,3617.17
0.541183,-506.407,-585.759,-1092.17
0.541766,2045.81,1431.53,3477.34
0.54235,-435.695,-531.567,-967.262
0.542934,2114.73,1531.32,3646.05
0.543518,-803.179,-820.778,-1623.96
0.544103,2228.34,1624.56,3852.9
0.544689,-383.955,-460.707,-844.662
0.545275,2128.26,1513.57,3641.83
0.545861,-656.444,-693.046,-1349.49
0.546449,2298.7,1658.42,3957.12
0.547036,-586.432,-673.857,-1260.29
0.547624,2187.72,1559.8,3747.51
0.548213,-389.454,-458.4,-847.854
0.548802,2280.15,1661.44,3941.59
0.549392,-1052.45,-1026.72,-2079.17
0.549983,2306.56,1677.36,3983.93
0.550574,-411.437,-497.648,-909.085
0.551165,2142.56,1528.49,3671.05
0.551757,-590.001,-675.75,-1265.75
0.552349,2242.01,1609.91,3851.91
0.552943,-501.67,-590.108,-1091.78
0.553536,2261.52,1643.98,3905.49
0.55413,-690.129,-739.416,-1429.55
0.554725,2289.3,1643.41,3932.71
0.55532,-349.441,-481.681,-831.122
0.555916,2111.71,1484.99,3596.71
0.556512,-678.552,-714.265,-1392.82
0.557109,2341.29,1681.6,4022.89
0.557706,-540.059,-644.965,-1185.02
0.558304,2285.29,1615.55,3900.84
0.558903,-828.119,-861.482,-1689.6
0.559502,2367.63,1688.9,4056.53
0.560101,-144.198,-251.729,-395.927
0.560701,2175.24,1534.4,3709.63
0.561302,-883.307,-895.733,-1779.04
0.561903,2002.34,1432.13,3434.48
0.562505,-437.021,-561.844,-998.865
0.563107,2031.38,1441.09,3472.47
0.56371,-354.745,-491.718,-846.462
0.564313,1962.7,1387.91,3350.6
0.564917,-258.658,-423.533,-682.191
0.565522,1989.85,1426.47,3416.32
0.566127,-227.296,-402.474,-629.77
0.566732,2038.47,1449.15,3487.62
0.567338,-258.722,-436.419,-695.14
0.567945,2085.53,1477.57,3563.1
0.568552,-350.012,-505.186,-855.198
0.56916,2131.97,1531.21,3663.18
0.569768,-549.92,-630.855,-1180.77
0.570377,1324.07,881.401,2205.47
0.570987,-554.85,-413.378,-968.228
0.571597,-645.023,-719.341,-1364.36
0.572207,-351.55,-512.342,-863.892
0.572818,136.697,-49.3664,87.3306
0.57343,1745.06,1137,2882.06
0.574042,-103.717,-443.396,-547.113
0.574655,2115.77,1365.76,3481.53
0.575268,-570.759,-603.238,-1174
0.575882,1919.65,1099.27,3018.92
0.576497,-129.674,-329.147,-458.821
0.577112,1958.46,1126.54,3085
0.577727,-217.459,-272.897,-490.356
0.578343,1989.37,1342.66,3332.03
0.57896,-685.97,-612.883,-1298.85
0.579577,2016.35,1287.23,3303.58
0.580195,-436.178,-491.379,-927.557
0.580813,1780.09,1197,2977.09
0.581432,-458.789,-529.053,-987.842
0.582052,1906.95,1310.09,3217.03
0.582672,-397.526,-461.763,-859.289
0.583292,1920.85,1317.28,3238.12
0.583914,-408.623,-492.818,-901.441
0.584535,1875.23,1287.33,3162.56
0.585158,-342.154,-447.379,-789.533
0.585781,1840.19,1259.84,3100.03
0.586404,-330.231,-437.691,-767.922
0.587028,1831.26,1265.18,3096.44
0.587653,-252.873,-392.821,-645.694
0.588278,1751.93,1230.8,2982.74
0.588903,-172.811,-359.638,-532.449
0.58953,1786.57,1223.36,3009.94
0.590157,-164.686,-365.751,-530.437
0.590784,1847.29,1311,3158.29
0.591412,-200.82,-380.481,-581.301
0.59204,1760.15,1270.26,3030.42
0.59267,-231.819,-444.569,-676.388
0.593299,1792.26,1300.2,3092.46
0.59393,11.5965,-240.986,-229.39
0.59456,1726.21,1234.46,2960.67
0.595192,-229.316,-388.739,-618.054
0.595824,1758.07,1225.49,2983.56
0.596456,-179.705,-389.888,-569.594
0.59709,1841.59,1328.94,3170.53
0.597723,-250.995,-454.424,-705.419
0.598358,1783.88,1233.51,3017.4
0.598992,-189.22,-394.802,-584.022
0.599628,1827,1290.85,3117.84
0.600264,-241.498,-453.06,-694.558
0.600901,1895.33,1358.81,3254.14
0.601538,-128.425,-356.297,-484.722
0.602175,1715.75,1221.58,2937.34
0.602814,-243.488,-465.543,-709.031
0.603453,1676.97,1217.88,2894.85
0.604092,12.6691,-260.281,-247.612
0.604732,1723.84,1226.49,2950.33
0.605373,-84.6128,-345.437,-430.05
0.606014,1651.66,1184.84,2836.5
0.606656,-40.2001,-313.224,-353.424
0.607298,1649.48,1187.07,2836.55
0.607941,93.7485,-225.257,-131.509
0.608585,1579.14,1126.29,2705.43
0.609229,12.7806,-306.15,-293.37
0.609874,1687.66,1204.86,2892.51
0.610519,-15.1836,-291.795,-306.979
0.611165,1647.42,1176.62,2824.04
0.611812,44.1468,-253.603,-209.456
0.612459,1590.07,1134.91,2724.98
0.613107,114.745,-186.196,-71.4508
0.613755,1643.05,1169.25,2812.3
0.614404,21.7766,-276.781,-255.005
0.615053,1700.02,1199.32,2899.34
0.615703,5.42545,-271.487,-266.062
0.616354,1674.47,1196.43,2870.9
0.617005,-18.5514,-298.803,-317.355
0.617657,1639.42,1176.47,2815.89
0.618309,89.8799,-215.567,-125.687
0.618962,1669.86,1186.38,2856.24
0.619616,74.4876,-227.792,-153.305
0.62027,1666.04,1181.97,2848.01
0.620925,103.364,-226.036,-122.671
0.62158,1635.09,1149.32,2784.41
0.622236,59.1733,-240.821,-181.647
0.622893,1761.65,1257.32,3018.97
0.62355,84.1752,-204.004,-119.829
0.624208,1453.39,981.899,2435.28
0.624866,54.3014,-257.311,-203.01
0.625525,1868.78,1351.73,3220.51
0.626185,232.158,-116.534,115.624
0.626845,1410.76,975.645,2386.4
0.627506,131.258,-215.602,-84.3448
0.628167,1900.76,1356.08,3256.84
0.628829,137.531,-190.103,-52.5724
0.629492,1507.34,1070.58,2577.93
0.630155,149.729,-197.887,-48.1577
0.630819,1809.68,1303.03,3112.71
0.631483,143.215,-200.732,-57.5169
0.632148,596.818,229.817,826.635
0.632813,1694.96,1082.06,2777.02
0.63348,503.136,157.595,660.731
0.634146,651.665,268.569,920.234
0.634814,1271.26,824.966,2096.23
0.635482,529.047,161.039,690.086
0.63615,1377.13,922.346,2299.48
0.63682,291.432,-62.7827,228.649
0.63749,1668.76,1170.87,2839.63
0.63816,127.903,-218.248,-90.3449
0.638831,1442.29,996.327,2438.62
0.639503,101.506,-226.478,-124.972
0.640175,1816.27,1246.25,3062.53
0.640848,993.275,851.495,1844.77
0.641521,1215.94,837.92,2053.86
0.642195,1254.89,840.858,2095.75
0.64287,553.213,140.726,693.94
0.643546,1826.78,1212.08,3038.86
0.644222,106.596,-132.954,-26.3581
0.644898,851.745,562.965,1414.71
0.645575,1013.1,604.321,1617.42
0.646253,633.711,240.644,874.355
0.646931,1359.57,893.756,2253.32
0.64761,204.621,29.0751,233.696
0.64829,1266.89,791.628,2058.52
0.64897,165.164,-35.6792,129.485
0.649651,1343.27,924.797,2268.07
0.650333,364.604,118.578,483.183
0.651015,658.597,326.999,985.595
0.651698,356.048,133.258,489.305
0.652381,626.454,255.685,882.139
0.653065,864.706,576.033,1440.74
0.65375,744.591,381.08,1125.67
0.654435,645.162,373.783,1018.95
0.655121,925.767,518.793,1444.56
0.655807,404.996,151.991,556.987
0.656494,1118.6,687.991,1806.6
0.657182,432.381,168.785,601.166
0.65787,1167.47,700.004,1867.48
0.658559,460.493,192.319,652.811
0.659249,1088.11,649.211,1737.32
0.659939,388.657,138.226,526.883
0.66063,1111.71,667.533,1779.25
0.661321,419.857,164.941,584.798
0.662014,1051.55,620.682,1672.23
0.662706,471.978,203.031,675.009
0.6634,1101.45,651.113,1752.56
0.664094,470.817,188.769,659.586
0.664788,1017.06,599.176,1616.24
0.665484,517.549,233.115,750.665
0.666179,1062.04,638.677,1700.72
0.666876,599.018,327.386,926.404
0.667573,892.499,505.839,1398.34
0.668271,707.032,387.886,1094.92
0.668969,1004.15,594.347,1598.49
0.669668,662.806,367.06,1029.87
0.670368,1039.92,599.85,1639.77
0.671068,637.992,336.739,974.731
0.671769,1012.14,586.686,1598.82
0.672471,714.448,418.87,1133.32
0.673173,1042.45,592.644,1635.09
0.673876,575.142,293.047,868.189
0.67458,1082.63,627.283,1709.91
0.675284,659.381,389.162,1048.54
0.675989,1007.13,575.128,1582.26
0.676694,852.646,535.67,1388.32
0.6774,763.534,378.254,1141.79
0.678107,980.062,610.598,1590.66
0.678814,996.383,560.266,1556.65
0.679522,680.546,370.688,1051.23
0.680231,1032.16,568.69,1600.85
0.68094,738.743,408.091,1146.83
0.68165,980.932,543.383,1524.32
0.682361,726.593,414.27,1140.86
0.683072,947.954,521.09,1469.04
0.683784,900.398,527.399,1427.8
0.684496,812.413,395.317,1207.73
0.68521,836.609,512.339,1348.95
0.685923,944.532,523.848,1468.38
0.686638,712.323,381.732,1094.05
0.687353,889.204,470.883,1360.09
0.688069,749.716,428.633,1178.35
0.688785,992.73,545.584,1538.31
0.689502,687.836,342.366,1030.2
0.69022,966.309,544.091,1510.4
0.690938,754.338,417.393,1171.73
0.691657,997.146,540.244,1537.39
0.692377,786.537,449.148,1235.68
0.693098,1007.39,556.192,1563.58
0.693818,762.095,418.978,1181.07
0.69454,1053.54,590.765,1644.31
0.695262,719.497,388.656,1108.15
0.695985,994.279,563.869,1558.15
0.696709,695.315,369.614,1064.93
0.697433,1099.21,614.577,1713.78
0.698158,683.349,337.571,1020.92
0.698884,1022.21,597.082,1619.3
0.69961,774.582,424.842,1199.42
0.700337,1106.96,624.854,1731.82
0.701065,723.789,381.24,1105.03
0.701793,1051.38,599.309,1650.69
0.702522,590.902,262.874,853.776
0.703251,1126.81,671.416,1798.23
0.703982,874.061,490.44,1364.5
0.704712,1188.23,690.571,1878.8
0.705444,693.834,325.05,1018.88
0.706176,1177.52,715.781,1893.3
0.706909,743.901,386.297,1130.2
0.707643,1285.22,790.136,2075.35
0.708377,471.639,131.806,603.445
0.709112,1283.85,805.574,2089.43
0.709847,540.559,192.801,733.36
0.710584,1253.74,745.07,1998.81
0.71132,933.748,537.216,1470.96
0.712058,1239.86,742.779,1982.64
0.712796,812.99,432.587,1245.58
0.713535,1207.85,742.261,1950.11
0.714275,434.021,89.9906,524.011
0.715015,1427.86,950.303,2378.16
0.715756,-557.941,-438.197,-996.138
0.716498,1954.34,1261,3215.35
0.71724,396.219,-49.6965,346.523
0.717983,1743.02,1052.55,2795.56
0.718726,29.8098,-300.343,-270.533
0.719471,1201.09,743.706,1944.79
0.720216,-84.1738,-580.684,-664.857
0.720961,1797.8,1291.58,3089.38
0.721708,26.8613,-408.144,-381.283
0.722455,1744.7,1269.56,3014.26
0.723202,25.5827,-200.378,-174.795
0.723951,1822.25,1225.9,3048.15
0.7247,-281.49,-345.76,-627.25
0.725449,1845.15,1225.76,3070.9
0.7262,-192.436,-327.247,-519.683
0.726951,1868.34,1259.24,3127.58
0.727703,-308.906,-406.902,-715.808
0.728455,1879.96,1249.68,3129.64
0.729208,-272.312,-360.609,-632.921
0.729962,1871.33,1248.88,3120.21
0.730717,-260.999,-369.969,-630.968
0.731472,1866.9,1258.41,3125.31
0.732228,-252.569,-342.078,-594.647
0.732984,1847.77,1232.89,3080.66
0.733742,-237.092,-354.714,-591.806
0.734499,1870.71,1245.59,3116.29
0.735258,-241.118,-359.46,-600.578
0.736017,1938.5,1286.2,3224.7
0.736777,-239.055,-350.265,-589.32
0.737538,1891.23,1266.22,3157.44
0.7383,-224.528,-325.068,-549.596
0.739062,1881.35,1261.59,3142.94
0.739824,-207.356,-329.254,-536.61
0.740588,1890.38,1238.8,3129.18
0.741352,-185.639,-305.566,-491.205
0.742117,1836.1,1230.48,3066.58
0.742883,-267.552,-366.205,-633.758
0.743649,1918.97,1294.3,3213.27
0.744416,-174.75,-325.081,-499.831
0.745183,1872.98,1263.68,3136.66
0.745952,-267.589,-387.402,-654.991
0.746721,1921.43,1274.56,3195.99
0.747491,-95.9897,-262.867,-358.856
0.748261,1871.64,1256.17,3127.81
0.749032,-249.562,-372.439,-622.001
0.749804,1883.18,1268.77,3151.95
0.750577,-79.1514,-275.307,-354.458
0.75135,1849.56,1246.12,3095.68
0.752124,-214.419,-331.831,-546.25
0.752898,1914.08,1276.37,3190.45
0.753674,-1.32126,-205.989,-207.311
0.75445,1802.38,1222.63,3025.01
0.755227,-302.724,-400.019,-702.743
0.756004,1946.85,1298.09,3244.94
0.756782,-8.07941,-211.173,-219.253
0.757561,1843.41,1229.86,3073.27
0.758341,-187.849,-336.793,-524.641
0.759121,1879.72,1266.94,3146.66
0.759902,7.94705,-230.255,-222.308
0.760684,1813.27,1218.79,3032.06
0.761466,-179.385,-328.008,-507.393
0.762249,1935.21,1295.68,3230.89
0.763033,-17.2707,-215.892,-233.163
0.763818,1837.03,1218.59,3055.62
0.764603,-50.2553,-250.132,-300.387
0.765389,1853.54,1226.81,3080.35
0.766176,3.53445,-211.916,-208.381
0.766963,1725.01,1156.68,2881.68
0.767751,84.515,-130.633,-46.1184
0.76854,1730.05,1159.39,2889.44
0.76933,45.3951,-181.667,-136.272
0.77012,1723.99,1163.9,2887.89
0.770911,162.389,-104.955,57.4346
0.771703,1671.28,1126.88,2798.16
0.772495,83.1866,-153.778,-70.5917
0.773289,1692.37,1125.92,2818.3
0.774082,230.477,-49.7229,180.754
0.774877,1528.96,998.205,2527.17
0.775672,350.062,40.7629,390.825
0.776468,1546.23,1034.41,2580.64
0.777265,262.529,-21.0739,241.455
0.778063,1535.38,1033.12,2568.5
0.778861,292.881,-3.91227,288.969
0.77966,1567.44,1049.16,2616.6
0.78046,241.35,-52.6399,188.71
0.78126,1591,1048.8,2639.8
0.782061,268.39,-47.5059,220.884
0.782863,1609.17,1091.65,2700.82
0.783666,231.133,-70.3283,160.805
0.784469,1592.8,1055.48,2648.28
0.785273,270.483,-53.9975,216.486
0.786078,1573.53,1053.72,2627.25
0.786883,278.462,-29.5652,248.897
0.78769,1534.12,1043.17,2577.3
0.788497,301.17,-20.1428,281.027
0.789304,1635.28,1102.87,2738.15
0.790113,194.714,-98.8547,95.8589
0.790922,1576.17,1064.78,2640.95
0.791732,259.206,-53.8496,205.357
0.792543,1678.73,1106.7,2785.43
0.793354,271.26,-63.5735,207.687
0.794166,1595.1,1070.03,2665.13
0.794979,27.1306,333.892,361.022
0.795793,405.036,382.081,787.117
0.796607,846.262,513.14,1359.4
0.797422,359.235,80.9542,440.19
0.798238,-44.2207,-154.821,-199.042
0.799055,275.791,-126.18,149.611
0.799872,161.996,-92.4691,69.5266
0.80069,818.003,442.179,1260.18
0.801509,295.242,32.9943,328.236
0.802328,1540.53,976.597,2517.13
0.803149,175.971,-96.9389,79.0317
0.80397,1171.77,716.467,1888.24
0.804791,190.099,-66.3865,123.712
0.805614,1657.41,1159.52,2816.93
0.806437,173.547,-133.567,39.9808
0.807261,887.065,512.131,1399.2
0.808086,44.7584,-230.983,-186.225
0.808912,1784.47,1240.21,3024.68
0.809738,-37.8721,-284.153,-322.025
0.810565,1415.52,988.106,2403.63
0.811393,-131.719,-375.21,-506.929
0.812221,1843.97,1264.57,3108.54
0.813051,-76.9269,-327.107,-404.034
0.813881,1038.3,601.517,1639.82
0.814711,294.509,-0.52672,293.982
0.815543,1827.83,1240.04,3067.87
0.816375,43.9078,-196.556,-152.648
0.817208,1404.85,899.584,2304.44
0.818042,-121.927,-329.151,-451.078
0.818877,1855.3,1282.32,3137.61
0.819712,35.2428,-229.799,-194.556
0.820548,1057.63,611.607,1669.24
0.821385,331.837,79.0964,410.934
0.822223,1622.05,1041.72,2663.77
0.823061,191.106,-72.5422,118.564
0.8239,1488.81,960.078,2448.88
0.82474,28.0348,-205.915,-177.88
0.825581,1340.85,830.601,2171.45
0.826422,169.689,-81.6567,88.0324
0.827264,1872.97,1272.94,3145.91
0.828107,203.168,-75.0014,128.166
0.828951,547.799,174.952,722.751
0.829796,571.994,234.092,806.086
0.830641,1746.61,1172.65,2919.26
0.831487,-83.8329,-297.65,-381.483
0.832334,1609.96,1061.02,2670.98
0.833181,80.868,-159.072,-78.2043
0.83403,1360.91,835.655,2196.56
0.834879,403.418,98.3788,501.797
0.835729,1092.28,607.991,1700.28
0.836579,253.841,-19.7386,234.102
0.837431,1912.47,1263.88,3176.35
0.838283,70.3185,-192.273,-121.954
0.839136,1064.77,594.886,1659.66
0.83999,260.372,-21.4956,238.876
0.840844,1831.92,1213.77,3045.69
0.8417,127.41,-135.775,-8.36472
0.842556,1061.93,581.15,1643.08
0.843413,380.868,93.4249,474.293
0.84427,1924.9,1294.89,3219.79
0.845129,181.164,-81.3058,99.8585
0.845988,879.996,416.634,1296.63
0.846848,619.171,283.105,902.276
0.847709,1312.72,818.369,2131.09
0.84857,196.088,-94.7296,101.359
0.849432,1931.34,1305.64,3236.98
0.850296,193.593,-87.3091,106.284
0.851159,1179.41,676.65,1856.06
0.852024,613.408,293.389,906.797
0.85289,944.132,482.176,1426.31
0.853756,638.925,299.985,938.91
0.854623,1602.42,1036.84,2639.26
0.855491,175.801,-126.304,49.4969
0.856359,1587.54,1023.93,2611.47
0.857229,497.35,182.473,679.822
0.858099,931.485,475.288,1406.77
0.85897,375.646,53.9721,429.618
0.859842,1793.73,1206.53,3000.26
0.860714,147.2,-112.39,34.81
0.861588,1380.47,847.055,2227.53
0.862462,274.384,-9.40277,264.981
0.863337,1405.02,847.798,2252.81
0.864213,251.377,-17.2625,234.114
0.865089,1745.06,1154.58,2899.64
0.865967,198.681,-75.759,122.922
0.866845,1067.79,580.63,1648.42
0.867724,426.101,120.434,546.535
0.868603,1813.01,1189.1,3002.11
0.869484,199.449,-107.525,91.9238
0.870365,1172.35,674.418,1846.77
0.871248,603.896,260.497,864.393
0.87213,1136.32,645.29,1781.61
0.873014,442.22,120.664,562.884
0.873899,1672.93,1090.77,2763.7
0.874784,201.587,-92.0687,109.518
0.87567,1172.68,659.853,1832.53
0.876557,299.928,23.7983,323.726
0.877445,1924.13,1284.14,3208.27
0.878334,1078.71,537.741,1616.45
0.879223,1425.17,716.917,2142.09
0.880113,1519.02,834.521,2353.55
0.881004,637.156,-1.85964,635.296
0.881896,1661.02,1120.47,2781.5
0.882789,1701.26,1084.62,2785.89
0.883682,1046.99,514.636,1561.62
0.884576,941.975,591.404,1533.38
0.885471,865.365,347.93,1213.3
0.886367,600.753,178.073,778.826
0.887264,1083.97,644.02,1727.99
0.888162,810.231,483.027,1293.26
0.88906,864.99,548.434,1413.42
0.889959,990.368,558.144,1548.51
0.890859,474.773,200.293,675.066
0.89176,1553.46,964.768,2518.23
0.892661,79.3016,-21.9418,57.3598
0.893564,1420,844.884,2264.88
0.894467,349.816,100.716,450.532
0.895371,1443.42,885.834,2329.26
0.896276,464.21,208.131,672.342
0.897182,1177.71,685.808,1863.52
0.898088,407.764,145.423,553.187
0.898996,1270.85,765.931,2036.78
0.899904,378.904,121.062,499.966
0.900813,1148.07,701.718,1849.79
0.901723,538.899,207.003,745.902
0.902633,1214.43,752.679,1967.1
0.903545,397.995,100.471,498.466
0.904457,1102.6,676.628,1779.22
0.90537,533.222,203.358,736.581
0.906284,1189.8,737.596,1927.39
0.907199,513.044,175.82,688.863
0.908115,1058.96,630.968,1689.93
0.909031,559.787,212.894,772.681
0.909948,1190.76,762.608,1953.36
0.910867,482.57,136.995,619.565
0.911785,1106.13,712.256,1818.39
0.912705,536.551,169.535,706.086
0.913626,1120.79,686.934,1807.73
0.914547,525.568,186.566,712.133
0.91547,1105.04,718.339,1823.38
0.916393,532.09,158.61,690.7
0.917317,1123.03,693.546,1816.57
0.918242,487.439,141.825,629.265
0.919167,1229.17,789.873,2019.04
0.920094,484.306,123.416,607.722
0.921021,1176.62,750.917,1927.53
0.921949,472.452,136.488,608.94
0.922878,1206.34,771.626,1977.97
0.923808,505.27,141.55,646.819
0.924739,1201.94,767.018,1968.96
0.925671,448.866,98.1276,546.993
0.926603,1246.72,808.545,2055.26
0.927536,496.364,118.35,614.714
0.928471,1231.25,776.554,2007.8
0.929406,439.947,100.246,540.193
0.930341,1242.22,813.405,2055.63
0.931278,437.181,86.611,523.792
0.932216,1268.3,824.7,2093
0.933154,376.477,50.0236,426.5
0.934093,1315.7,847.585,2163.29
0.935033,377.171,47.5626,424.733
0.935974,1333.84,870.508,2204.35
0.936916,405.816,58.8632,464.679
0.937859,1363.7,876.931,2240.63
0.938802,376.739,42.1379,418.876
0.939746,1338.82,850.614,2189.43
0.940692,361.701,39.5482,401.25
0.941638,1401.39,904.549,2305.94
0.942585,396.253,51.5291,447.782
0.943533,1391.19,885.381,2276.57
0.944481,391.007,67.4326,458.439
0.945431,1283.47,829.026,2112.5
0.946381,464.114,99.1306,563.244
0.947332,1296.47,830.247,2126.72
0.948284,430.839,70.3767,501.216
0.949237,1285.1,843.135,2128.24
0.950191,472.71,99.1854,571.895
0.951146,1351.72,875.751,2227.47
0.952102,415.638,73.9204,489.559
0.953058,1349.16,861.816,2210.97
0.954015,455.841,72.3417,528.183
0.954974,1333.11,852.398,2185.51
0.955933,412.48,62.6091,475.089
0.956893,1322.58,849.562,2172.14
0.957853,437.046,52.3535,489.4
0.958815,1346.85,866.139,2212.99
0.959778,426.644,57.9929,484.637
0.960741,1368.1,873.443,2241.55
0.961705,465.55,90.3015,555.851
0.962671,1307.32,813.629,2120.95
0.963637,453.165,100.366,553.531
0.964604,1266.85,814.723,2081.57
0.965571,491.845,111.239,603.085
0.96654,1295,808.356,2103.36
0.96751,487.494,108.942,596.436
0.96848,1233.48,778.542,2012.02
0.969452,475.62,109.499,585.119
0.970424,1341.4,838.998,2180.4
0.971397,528.209,158.495,686.703
0.972371,1270.51,803.807,2074.31
0.973346,417.056,56.8069,473.863
0.974322,1207.32,655.513,1862.83
0.975298,-149.914,-559.618,-709.531
0.976276,1202.2,482.681,1684.88
0.977254,-320.903,-830.317,-1151.22
0.978233,731.879,356.622,1088.5
0.979214,-564.509,-712.623,-1277.13
0.980195,1000.76,659.262,1660.02
0.981177,207.926,-28.7513,179.175
0.98216,1788.24,1066.77,2855.01
0.983143,-220.147,-320.239,-540.386
0.984128,1804.2,1122.23,2926.43
0.985114,-293.761,-433.427,-727.188
0.9861,1644.94,1077.4,2722.34
0.987088,-360.81,-476.445,-837.255
0.988076,1827.68,1195.91,3023.59
0.989065,-240.273,-416.046,-656.319
0.990055,1823.44,1200.89,3024.33
0.991046,-187.478,-365.383,-552.862
0.992038,1610.45,1079.03,2689.48
0.993031,-50.366,-283.442,-333.808
0.994024,1582.19,1042.8,2624.99
0.995019,-67.0009,-276.013,-343.013
0.996014,1604.92,1022.7,2627.62
0.997011,59.8027,-187.725,-127.922
0.998008,1653.97,1099.54,2753.52
0.999006,-25.8599,-252.223,-278.083
1.00001,1639.8,1053.77,2693.57
1.00101,54.5701,-216.483,-161.913
1.00201,1721.08,1163.3,2884.38
1.00301,-43.8028,-262.781,-306.584
1.00402,1637.66,1062.87,2700.53
1.00502,115.928,-194.243,-78.3151
1.00603,1535.47,1023.12,2558.59
1.00704,152.238,-133.864,18.3736
1.00805,1491.32,975.454,2466.77
1.00906,173.43,-141.527,31.9029
1.01008,1499,1004.09,2503.09
1.0111,169.489,-146.018,23.471
1.01211,1448.63,958.237,2406.86
1.01313,166.978,-161.268,5.71002
1.01415,1470.13,973.85,2443.98
1.01518,200.197,-106.938,93.2598
1.0162,1605.82,1030.21,2636.03
1.01723,213.367,-82.2792,131.088
1.01826,1584.46,1017.55,2602.01
1.01929,192.3,-101.873,90.4264
1.02032,1653.52,1070.71,2724.23
1.02135,127.653,-154.566,-26.9127
1.02238,1586.4,1003.05,2589.45
1.02342,145.738,-145.17,0.567821
1.02446,1538.02,1006.3,2544.32
1.0255,231.917,-77.4677,154.45
1.02654,1592.64,1040.36,2633
1.02758,323.106,-24.0133,299.093
1.02863,1535.11,1009.22,2544.33
1.02967,245.625,-76.7582,168.867
1.03072,1566.49,1035.76,2602.25
1.03177,195.131,-114.534,80.5965
1.03282,1553.98,1011.07,2565.05
1.03388,179.457,-100.111,79.3461
1.03493,1727.43,1114.28,2841.71
1.03599,-2.3474,-242.11,-244.457
1.03705,1674.56,1086.72,2761.28
1.03811,126.836,-123.781,3.05498
1.03917,1628.32,1049.09,2677.41
1.04023,298.541,-0.590598,297.95
1.0413,1615.41,1038.78,2654.19
1.04237,250.099,-51.6987,198.4
1.04344,1493.36,936.305,2429.67
1.04451,241.295,-45.0447,196.251
1.04558,1610.3,1027.1,2637.4
1.04665,259.848,-61.3955,198.453
1.04773,1427.78,890.286,2318.07
1.04881,241.783,-40.6412,201.142
1.04989,1570.81,1008.74,2579.55
1.05097,250.665,-52.028,198.637
1.05205,1603.31,1021.77,2625.08
1.05313,233.73,-57.206,176.524
1.05422,1604.03,1023.3,2627.32
1.05531,294.832,-23.9217,270.91
1.0564,1423.86,904.396,2328.26
1.05749,453.557,96.7082,550.265
1.05858,1642.78,1052.08,2694.86
1.05968,259.385,-64.8824,194.503
1.06078,1557.38,1003.26,2560.64
1.06187,284.575,-30.1476,254.427
1.06297,1661.76,1074.03,2735.78
1.06408,274.346,-46.5769,227.769
1.06518,1476.12,920.383,2396.5
1.06629,323.806,-1.89974,321.907
1.06739,1669.37,1068.12,2737.49
1.0685,265.54,-53.0575,212.482
1.06962,1309.42,809.295,2118.71
1.07073,278.714,-20.7314,257.983
1.07184,1579.67,1015.52,2595.19
1.07296,381.014,10.8915,391.906
1.07408,1664.49,1064.94,2729.43
1.0752,257.464,-57.9429,199.521
1.07632,1461.43,913.825,2375.25
1.07745,417.792,63.3211,481.113
1.07857,1721.51,1103.17,2824.68
1.0797,342.861,-6.17508,336.686
1.08083,1254.64,743.715,1998.35
1.08196,379.317,51.1621,430.479
1.08309,1690,1055.15,2745.15
1.08423,305.021,-28.4009,276.62
1.08536,1736.29,1086.18,2822.48
1.0865,226.418,-86.3237,140.094
1.08764,1724.18,1107.94,2832.12
1.08879,222.45,-50.0548,172.396
1.08993,1829.1,1167.66,2996.76
1.09108,62.2185,-206.107,-143.889
1.09223,1601.47,1006.85,2608.31
1.09337,219.443,-65.7425,153.7
1.09453,1864.81,1212.03,3076.83
1.09568,1673.31,711.936,2385.25
1.09684,1325.39,340.055,1665.44
1.09799,742.221,-4.67042,737.551
1.09915,732.205,364.8,1097
1.10031,177.039,86.4546,263.493
1.10148,533.131,217.921,751.051
1.10264,353.884,131.513,485.397
1.10381,1203.44,677.373,1880.81
1.10498,-137.726,-217.132,-354.859
1.10615,1473.24,823.154,2296.39
1.10732,-63.1207,-154.251,-217.372
1.10849,1249.34,728.468,1977.81
1.10967,129.821,-36.0067,93.8138
1.11085,1234.41,735.197,1969.6
1.11203,142.539,-59.6333,82.9061
1.11321,1173.24,686.368,1859.61
1.11439,463.26,177.7,640.96
1.11558,1173.24,663.674,1836.92
1.11677,545.94,193.951,739.891
1.11796,1152.89,674.88,1827.77
1.11915,737.569,366.418,1103.99
1.12034,1063.03,616.058,1679.09
1.12154,655.127,258.967,914.094
1.12274,1189.55,705.913,1895.46
1.12394,799.259,367.834,1167.09
1.12514,982.101,553.732,1535.83
1.12634,653.822,229.761,883.583
1.12755,1228.43,752.358,1980.79
1.12875,582.875,190.315,773.189
1.12996,1257.3,751.653,2008.95
1.13117,573.524,173.859,747.383
1.13239,1185.58,729.063,1914.64
1.1336,853.607,398.598,1252.21
1.13482,1011.14,619.427,1630.57
1.13604,559.387,165.254,724.64
1.13726,1209.27,743.529,1952.8
1.13848,909.483,441.231,1350.71
1.13971,1239.53,798.353,2037.88
1.14093,400.485,37.2479,437.733
1.14216,1308.34,836.528,2144.87
1.14339,767.115,337.593,1104.71
1.14463,1049.92,602.046,1651.97
1.14586,590.29,195.086,785.376
1.1471,1218.88,763.89,1982.77
1.14834,791.515,367.286,1158.8
1.14958,942.011,517.158,1459.17
1.15082,622.704,218.511,841.215
1.15207,1200.11,728.824,1928.94
1.15332,748.779,331.444,1080.22
1.15456,990.875,563.43,1554.31
1.15582,710.438,287.973,998.411
1.15707,1169.45,707.871,1877.32
1.15832,817.275,380.998,1198.27
1.15958,1073.48,618.19,1691.67
1.16084,608.929,241.302,850.231
1.1621,1162.68,686.232,1848.91
1.16337,893.454,452.002,1345.46
1.16463,951.594,524.584,1476.18
1.1659,715.569,302.045,1017.61
1.16717,1130.68,654.234,1784.91
1.16844,870.639,429.517,1300.16
1.16971,1008.74,576.787,1585.53
1.17099,692.732,300.48,993.212
1.17227,1135.17,639.093,1774.26
1.17355,941.823,488.662,1430.49
1.17483,826.3,388.8,1215.1
1.17611,792.189,383.329,1175.52
1.1774,1092.22,598.391,1690.62
1.17869,1065.46,600.399,1665.86
1.17998,780.819,362.428,1143.25
1.18127,810.246,409.725,1219.97
1.18256,1136.5,619.032,1755.54
1.18386,1068.37,598.945,1667.31
1.18516,673.232,264.993,938.224
1.18646,938.079,520.5,1458.58
1.18776,905.691,454.278,1359.97
1.18907,1025.07,577.259,1602.33
1.19038,714.801,286.296,1001.1
1.19169,948.877,546.445,1495.32
1.193,862.228,400.541,1262.77
1.19431,1258.55,809.25,2067.8
1.19563,-104.459,-359.608,-464.067
1.19694,737.05,343.895,1080.94
1.19826,111.619,-262.253,-150.634
1.19959,2084.22,1428.62,3512.85
1.20091,1445.17,889.976,2335.14
1.20224,5.85311,-233.597,-227.743
1.20357,630.346,188.389,818.734
1.2049,1948.41,1321.97,3270.38
1.20623,1002.18,529.875,1532.06
1.20756,234.153,-20.5909,213.562
1.2089,1030.11,563.819,1593.93
1.21024,447.063,76.1154,523.179
1.21158,1442.8,895.303,2338.11
1.21293,759.468,352.631,1112.1
1.21427,1136.17,659.87,1796.04
1.21562,403.846,65.8112,469.657
1.21697,998.807,553.39,1552.2
1.21832,656.283,233.54,889.823
1.21968,1028.31,595.08,1623.4
1.22104,674.435,232.56,906.995
1.2224,1027.87,595.578,1623.45
1.22376,727.82,279.612,1007.43
1.22512,1036.77,599.529,1636.3
1.22649,702.933,256.961,959.894
1.22785,1055.06,609.265,1664.32
1.22922,692.504,251.636,944.141
1.2306,1002.43,575.599,1578.03
1.23197,717.009,270.611,987.62
1.23335,996.204,585.357,1581.56
1.23473,729.561,265.478,995.039
1.23611,1010.48,598.285,1608.76
1.23749,726.433,264.389,990.822
1.23888,1082.35,638.602,1720.95
1.24027,689.175,241.66,930.835
1.24166,1092.63,632.155,1724.79
1.24305,679.583,239.827,919.409
1.24445,1072.69,630,1702.69
1.24584,724.47,271.863,996.333
1.24724,1086.84,617.949,1704.79
1.24864,706.763,275.586,982.349
1.25005,1073.72,626.82,1700.54
1.25145,644.984,227.403,872.387
1.25286,1052.15,615.513,1667.67
1.25427,716.307,282.004,998.311
1.25569,1054.66,604.481,1659.14
1.2571,705.268,266.203,971.471
1.25852,-173.097,-604.636,-777.734
1.25994,1913.17,1339.05,3252.22
1.26136,-421.732,-735.355,-1157.09
1.26279,1604.9,1008.62,2613.52
1.26421,-127.386,-467.05,-594.436
1.26564,2365.16,1703.54,4068.7
1.26708,138.336,-281.668,-143.332
1.26851,2223.17,1500.1,3723.27
1.26995,642.281,174.793,817.073
1.27138,1863.51,1292.98,3156.49
1.27283,-167.339,-446.677,-614.016
1.27427,2506.16,1677.13,4183.29
1.27571,-545.177,-570.707,-1115.88
1.27716,2176.64,1477.28,3653.92
1.27861,-478.491,-620.344,-1098.83
1.28007,2448.07,1597.76,4045.83
1.28152,-511.548,-556.914,-1068.46
1.28298,2503.18,1717.6,4220.78
1.28444,-687.058,-747.981,-1435.04
1.2859,2437.12,1606.25,4043.37
1.28736,-528.092,-569.639,-1097.73
1.28883,2363.35,1629.23,3992.58
1.2903,-585.209,-684.213,-1269.42
1.29177,2305.28,1505.28,3810.56
1.29325,-334.935,-440.179,-775.114
1.29472,2300.36,1595.64,3896
1.2962,-487.154,-626.233,-1113.39
1.29768,2100.14,1367.59,3467.73
1.29917,-185.519,-347.934,-533.453
1.30065,2299.74,1570.48,3870.22
1.30214,-292.467,-474.727,-767.194
1.30363,2069.96,1303.21,3373.17
1.30513,-220.311,-369.818,-590.13
1.30662,2372.12,1601.21,3973.33
1.30812,-229.953,-443.738,-673.691
1.30962,2045.28,1294.7,3339.98
1.31112,-106.514,-290.192,-396.706
1.31263,2235.39,1509.56,3744.95
1.31414,-145.077,-397.742,-542.819
1.31565,1983.35,1254.4,3237.75
1.31716,-65.5031,-254.706,-320.209
1.31868,2177.8,1456.2,3634
1.32019,-100.526,-368.552,-469.079
1.32171,2027.09,1270.42,3297.52
1.32324,-38.927,-238.277,-277.204
1.32476,2175.83,1423.99,3599.82
1.32629,-251.602,-440.887,-692.489
1.32782,2243.02,1439.42,3682.43
1.32935,-59.6601,-238.208,-297.868
1.33089,2346.09,1538.09,3884.18
1.33243,-226.634,-405.76,-632.394
1.33397,2195.56,1383.08,3578.63
1.33551,-188.534,-317.167,-505.701
1.33705,2230.4,1437.92,3668.32
1.3386,-228.857,-383.934,-612.79
1.34015,2302.97,1441.7,3744.67
1.34171,-211.746,-319.381,-531.128
1.34326,2194.02,1402.29,3596.31
1.34482,-154.569,-318.953,-473.522
1.34638,2212.69,1380.9,3593.59
1.34794,-122.055,-269.18,-391.234
1.34951,2146.03,1355.48,3501.52
1.35107,-158.306,-313.727,-472.033
1.35265,2213.22,1377.7,3590.92
1.35422,-175.072,-305.176,-480.248
1.35579,2178.24,1380.2,3558.44
1.35737,-124.688,-272.388,-397.076
1.35895,2147.35,1340.06,3487.4
1.36054,-118.043,-273.317,-391.36
1.36212,2063.29,1293.25,3356.54
1.36371,-46.7318,-247.711,-294.443
1.3653,2102.19,1315.7,3417.89
1.3669,-49.3242,-225.433,-274.758
1.36849,2001.98,1240.16,3242.15
1.37009,5.89129,-206.938,-201.047
1.37169,1985.69,1238.64,3224.33
1.3733,90.7037,-151.835,-61.1315
1.3749,1882.44,1152.37,3034.81
1.37651,114.22,-111.168,3.05235
1.37812,1822.01,1110,2932.01
1.37974,151.029,-109.793,41.2355
1.38135,1824.05,1112.53,2936.58
1.38297,165.168,-101.157,64.0114
1.3846,1830.5,1110.59,2941.1
1.38622,177.848,-65.3523,112.496
1.38785,1843.49,1137.29,2980.78
1.38948,77.2049,-138.792,-61.5875
1.39111,1860.86,1157.09,3017.95
1.39275,158.678,-89.9226,68.7554
1.39439,1853.75,1148.39,3002.14
1.39603,186.415,-68.6876,117.727
1.39767,1719.99,1071.03,2791.03
1.39932,258.819,-26.2254,232.594
1.40097,1672.76,1031.42,2704.19
1.40262,277.246,-17.1055,260.14
1.40427,1636.85,1006.81,2643.66
1.40593,290.267,-9.82437,280.443
1.40759,1617.6,999.562,2617.16
1.40925,274.035,-24.8239,249.211
1.41092,1622.68,998.49,2621.17
1.41258,329.119,13.6014,342.72
1.41425,1580.93,975.429,2556.36
1.41593,353.335,39.6999,393.035
1.4176,1531.68,933.688,2465.37
1.41928,284.872,9.00603,293.878
1.42096,1572.71,961.158,2533.86
1.42265,368.934,48.4365,417.371
1.42433,1449.21,882.187,2331.4
1.42602,363.338,61.4432,424.781
1.42772,1462.97,889.353,2352.32
1.42941,371.349,38.194,409.543
1.43111,1510.68,937.264,2447.95
1.43281,336.17,25.0903,361.26
1.43451,1493.43,923.138,2416.57
1.43622,421.417,68.6476,490.065
1.43793,1382.07,857.793,2239.87
1.43964,510.154,145.96,656.114
1.44135,1351.71,814.201,2165.91
1.44307,456.814,88.2121,545.026
1.44479,1377.79,874.87,2252.66
1.44651,431.253,82.8344,514.088
1.44824,1353.73,802.576,2156.3
1.44997,490.445,118.867,609.312
1.4517,1349.47,861.548,2211.02
1.45343,494.583,123.578,618.161
1.45517,1370.31,816.969,2187.28
1.45691,495.207,109.977,605.184
1.45865,1352.55,855.524,2208.07
1.4604,473.997,115.402,589.399
1.46214,1291.38,788.83,2080.21
1.4639,536.949,132.359,669.308
1.46565,1289.36,821.61,2110.97
1.46741,523.204,144.316,667.52
1.46917,1272.49,764.302,2036.8
1.47093,524.993,133.741,658.734
1.47269,1294.32,820.924,2115.24
1.47446,504.421,126.397,630.818
1.47623,1297.2,783.235,2080.44
1.47801,483.2,117.837,601.037
1.47978,1297.39,815.964,2113.35
1.48156,517.391,156.07,673.461
1.48335,1159.96,681.679,1841.63
1.48513,577.347,189.547,766.894
1.48692,1180.53,726.761,1907.29
1.48871,546.73,184.095,730.825
1.4905,1203.87,721.924,1925.8
1.4923,553.171,151.89,705.06
1.4941,1265.79,805.051,2070.84
1.4959,516.825,134.324,651.148
1.49771,1211.52,737.027,1948.55
1.49952,554.977,144.77,699.747
1.50133,1272.75,791.496,2064.25
1.50315,493.507,110.696,604.202
1.50496,1306.98,803.837,2110.81
1.50678,517.761,119.385,637.145
1.50861,1306.78,837.945,2144.73
1.51043,568.692,161.845,730.536
1.51226,1248.76,755.781,2004.54
1.5141,596.365,163.68,760.045
1.51593,1246.7,778.539,2025.24
1.51777,550.526,167.911,718.437
1.51961,1228.37,736.167,1964.54
1.52146,572.234,164.322,736.556
1.5233,1296.62,821.44,2118.06
1.52515,531.358,149.282,680.64
1.52701,1256.95,744.205,2001.15
1.52886,513.159,128.027,641.186
1.53072,1329.32,838.798,2168.12
1.53258,532.58,159.62,692.199
1.53445,1260.42,741.499,2001.92
1.53632,456.649,102.906,559.555
1.53819,1369.93,854.633,2224.56
1.54006,441.52,116.471,557.992
1.54194,1324.29,787.247,2111.53
1.54382,481.044,120.083,601.127
1.54571,1412.17,878.928,2291.1
1.54759,443.489,103.97,547.458
1.54948,1334.38,803.1,2137.48
1.55138,409.62,67.6506,477.271
1.55327,1430.72,888.876,2319.6
1.55517,391.366,63.5101,454.877
1.55707,1449,890.296,2339.29
1.55898,376.773,37.6042,414.377
1.56089,1411.4,897.412,2308.82
1.5628,475.484,108.414,583.899
1.56471,1378.03,835.477,2213.51
1.56663,420.546,51.3166,471.863
1.56855,1492.33,940.315,2432.65
1.57047,377.695,37.7072,415.402
1.5724,1390.77,855.325,2246.09
1.57433,400.718,28.3201,429.038
1.57627,1478.78,937.933,2416.71
1.5782,386.793,34.6199,421.413
1.58014,1482.96,912.561,2395.52
1.58208,353.1,-1.06011,352.04
1.58403,1522.12,970.682,2492.8
1.58598,397.209,42.1919,439.401
1.58793,1409.3,886.026,2295.33
1.58989,383.279,8.58412,391.863
1.59185,1476.65,950.212,2426.86
1.59381,415.974,55.3472,471.321
1.59577,1394.12,875.007,2269.13
1.59774,369.075,10.5419,379.617
1.59971,1475.42,942.326,2417.75
1.60169,379.047,23.9621,403.009
1.60366,1459.63,903.196,2362.83
1.60564,387.726,16.851,404.577
1.60763,1488.08,949.311,2437.39
1.60962,333.154,2.26688,335.421
1.61161,1454.91,929.821,2384.73
1.6136,323.319,-22.6893,300.63
1.6156,1536.37,985.682,2522.05
1.6176,226.935,-84.4134,142.522
1.6196,1616.63,1024.58,2641.22
1.62161,208.745,-101.517,107.228
1.62362,1668.8,1058.47,2727.27
1.62563,182.02,-117.401,64.619
1.62765,1617.67,1030.2,2647.87
1.62967,269.355,-56.2162,213.139
1.63169,1611.3,1039.77,2651.07
1.63372,222.126,-86.0161,136.11
1.63575,1566.66,980.642,2547.3
1.63778,258.774,-63.827,194.947
1.63982,1607.05,1034.11,2641.16
1.64186,231.784,-87.0845,144.7
1.6439,1680.02,1062,2742.02
1.64595,127.086,-135.456,-8.36962
1.648,1690.3,1087.11,2777.41
1.65005,202.279,-97.0247,105.254
1.65211,1644.21,1052.8,2697.01
1.65417,131.849,-149.486,-17.6365
1.65623,1664.95,1068.5,2733.46
1.65829,150.545,-132.344,18.2009
1.66036,1747.26,1098.64,2845.89
1.66244,105.902,-157.393,-51.4906
1.66451,1654.81,1058.7,2713.51
1.66659,122.143,-136.789,-14.646
1.66868,1751.08,1106.06,2857.14
1.67076,99.7202,-167.194,-67.4739
1.67285,1694.76,1086.12,2780.87
1.67495,90.7624,-153.571,-62.8085
1.67704,1717.18,1075.74,2792.92
1.67914,32.0203,-220.167,-188.146
1.68125,1677.13,1079.54,2756.67
1.68335,60.0631,-178.998,-118.935
1.68547,1669.94,1048.84,2718.78
1.68758,107.246,-177.904,-70.6583
1.6897,1765.26,1123.39,2888.66
1.69182,139.469,-142.287,-2.81794
1.69394,1668.48,1056.81,2725.3
1.69607,104.594,-174.734,-70.1406
1.6982,1695.63,1079.38,2775
1.70033,92.2451,-167.653,-75.4077
1.70247,1587.09,1004.7,2591.78
1.70461,144.935,-146.161,-1.22541
1.70676,1689.04,1075.21,2764.25
1.70891,126.028,-135.559,-9.53141
1.71106,1676.16,1057.26,2733.42
1.71322,151.488,-148.072,3.4167
1.71537,1735.29,1102.65,2837.94
1.71754,79.5729,-187.211,-107.638
1.7197,1619.84,1026.88,2646.72
1.72187,139.345,-151.919,-12.5734
1.72405,1682.95,1076.96,2759.91
1.72622,218.024,-96.1079,121.916
1.7284,1532.33,964.825,2497.16
1.73059,176.079,-146.036,30.0427
1.73277,1746.81,1135.25,2882.05
1.73496,170.34,-136.889,33.4516
1.73716,1531.7,971.141,2502.84
1.73936,280.654,-84.0708,196.583
1.74156,1575.2,1000.67,2575.87
1.74376,361.197,-15.6359,345.561
1.74597,1519.9,952.051,2471.95
1.74818,301.262,-66.721,234.541
1.7504,1507.43,965.181,2472.61
1.75262,367.965,-20.2815,347.683
1.75484,1381.56,884.445,2266
1.75707,397.922,-5.55432,392.367
1.7593,1497.01,953.353,2450.36
1.76153,369.622,-21.4182,348.204
1.76377,1461.75,915.852,2377.6
1.76601,350.91,-39.3104,311.6
1.76826,1491.98,952.58,2444.56
1.7705,384.331,-9.60013,374.731
1.77276,1466.25,916.209,2382.46
1.77501,334.585,-33.9288,300.656
1.77727,1511.87,946.881,2458.75
1.77953,340.879,-31.4904,309.389
1.7818,1526.65,948.521,2475.17
1.78407,351.633,-35.1447,316.488
1.78635,1527.62,963.546,2491.17
1.78862,337.458,-40.9386,296.519
1.7909,1477.29,924.623,2401.91
1.79319,323.099,-42.0995,280.999
1.79548,1560.35,986.714,2547.07
1.79777,255.921,-75.0568,180.864
1.80007,1585.47,999.551,2585.02
1.80237,275.882,-85.4693,190.413
1.80467,1572.58,985.379,2557.96
1.80698,241.901,-108.23,133.671
1.80929,1590.27,994.437,2584.7
1.81161,247.754,-103.32,144.434
1.81392,1570.27,991.343,2561.61
1.81625,263.69,-87.3474,176.343
1.81857,1546.76,959.828,2506.59
1.8209,303.239,-69.6936,233.545
1.82324,1586.6,1008.21,2594.81
1.82558,187.279,-132.455,54.8233
1.82792,1578.83,984.543,2563.37
1.83026,189.711,-132.944,56.767
1.83261,1647.51,1023.11,2670.62
1.83496,190.18,-130.428,59.7527
1.83732,1628.66,1021.9,2650.56
1.83968,205.126,-135.391,69.7354
1.84205,1632.58,1030.25,2662.83
1.84441,215.165,-119.772,95.3932
1.84679,1574.22,984.491,2558.71
1.84916,254.041,-115.629,138.412
1.85154,1613.86,1015.78,2629.64
1.85393,307.694,-68.0102,239.684
1.85631,1519.34,951.115,2470.45
1.85871,317.083,-71.3956,245.687
1.8611,1522.3,963.87,2486.17
1.8635,362.981,-33.9822,328.999
1.8659,1518.47,942.017,2460.49
1.86831,266.221,-106.408,159.814
1.87072,1592.57,1006.41,2598.98
1.87314,287.91,-92.0076,195.902
1.87556,1559.56,968.014,2527.57
1.87798,237.035,-130.756,106.279
1.88041,1570.33,972.112,2542.44
1.88284,338.761,-59.1025,279.659
1.88527,1530.93,949.122,2480.06
1.88771,251.75,-104.353,147.397
1.89015,1592.78,995.826,2588.61
1.8926,225.232,-137.06,88.1723
1.89505,1573.07,985.715,2558.79
1.8975,264.796,-123.923,140.874
1.89996,1553.66,979.085,2532.74
1.90242,260.767,-103.706,157.061
1.90489,1532.76,960.124,2492.88
1.90736,246.907,-132.924,113.984
1.90984,1496.78,944.492,2441.27
1.91231,336.53,-57.1277,279.403
1.9148,1556.82,972.643,2529.46
1.91728,274.108,-100.681,173.428
1.91977,1543.82,960.275,2504.09
1.92227,264.1,-117.485,146.615
1.92477,1559.27,973.296,2532.56
1.92727,247.581,-126.462,121.119
1.92978,1547.71,960.996,2508.71
1.93229,206.861,-156.103,50.758
1.9348,1597.27,997.796,2595.07
1.93732,199.185,-137.629,61.5563
1.93984,1608.62,990.282,2598.91
1.94237,186.537,-175.792,10.7452
1.9449,1598.6,995.422,2594.02
1.94744,230.402,-137.719,92.6827
1.94998,1635.06,1002.73,2637.79
1.95252,204.346,-155.754,48.5922
1.95507,1578.11,972.33,2550.44
1.95762,125.851,-207.354,-81.5027
1.96018,1724.35,1058.06,2782.41
1.96274,208.479,-160.496,47.9824
1.9653,1637.92,1002.2,2640.12
1.96787,180.851,-163.392,17.459
1.97044,1670.61,1034.31,2704.92
1.97302,193.231,-158.252,34.9789
1.9756,1621.43,994.237,2615.67
1.97819,206.586,-161.297,45.2889
1.98078,1684.11,1035.47,2719.58
1.98337,135.371,-195.201,-59.8301
1.98597,1631.45,1000.78,2632.24
1.98857,167.009,-186.943,-19.9337
1.99118,1640.44,1012.28,2652.72
1.99379,172.64,-176.979,-4.33906
1.9964,1656.85,1015.08,2671.93
1.99902,159.071,-187.386,-28.3143
2.00165,1704.03,1051.53,2755.55
2.00427,108.917,-219.838,-110.921
2.0069,1689.95,1030.05,2720
2.00954,207.627,-170.525,37.1023
2.01218,1657.92,1019.23,2677.15
2.01483,200.964,-168.945,32.0195
2.01748,1643.09,1005.09,2648.18
2.02013,248.262,-135.756,112.506
2.02279,1638.53,996.371,2634.9
2.02545,162.038,-188.992,-26.9536
2.02811,1685.03,1028.65,2713.68
2.03079,179.824,-176.539,3.28496
2.03346,1648.24,1011.88,2660.12
2.03614,190.402,-178.226,12.1759
2.03882,1658.39,1011.51,2669.9
2.04151,244.773,-132.367,112.406
2.0442,1599.4,981.174,2580.57
2.0469,289.488,-120.214,169.274
2.0496,1587.72,966.053,2553.77
2.05231,212.982,-144.169,68.813
2.05502,1637.76,1006.53,2644.29
2.05773,298.939,-110.915,188.024
2.06045,1541.08,932.261,2473.34
2.06317,223.809,-149.682,74.1268
2.0659,1599.42,996.457,2595.88
2.06863,402.414,-49.6245,352.789
2.07137,1467.12,881.764,2348.89
2.07411,291.587,-104.714,186.874
2.07686,1503.44,929.557,2432.99
2.07961,330.446,-87.7537,242.692
2.08236,1476.03,896.4,2372.43
2.08512,393.035,-51.9108,341.124
2.08788,1580.81,970.336,2551.14
2.09065,296.304,-114.546,181.758
2.09342,1549.64,945.105,2494.74
2.0962,298.341,-110.929,187.412
2.09898,1613.49,986.043,2599.53
2.10177,290.581,-104.177,186.404
2.10456,1616.43,985.113,2601.55
2.10735,312.016,-105.822,206.195
2.11015,1537.63,945.662,2483.3
2.11296,245.36,-145.134,100.226
2.11576,1594.4,990.756,2585.15
2.11858,340.511,-82.8637,257.647
2.1214,1484.38,909.203,2393.59
2.12422,274.956,-130.713,144.243
2.12704,1630.71,990.372,2621.09
2.12988,306.385,-97.0886,209.296
2.13271,1602.49,963.507,2566
2.13555,127.632,-217.728,-90.0965
2.1384,1695.2,1020.1,2715.3
2.14125,213.653,-151.018,62.6353
2.1441,1600.96,964.639,2565.59
2.14696,135.782,-216.088,-80.306
2.14983,1722.55,1030.86,2753.41
2.15269,186.475,-173.071,13.4039
2.15557,1673.39,1007.92,2681.31
2.15844,133.178,-209.251,-76.0728
2.16133,1734.6,1036.65,2771.25
2.16421,173.738,-188.277,-14.5393
2.16711,1680.19,1011.29,2691.48
2.17,101.054,-223.043,-121.989
2.1729,1696.53,1012.75,2709.28
2.17581,213.458,-162.135,51.3237
2.17872,1678.69,997.3,2675.99
2.18164,210.071,-169.798,40.2735
2.18456,1591.59,955.28,2546.87
2.18748,311.945,-94.2055,217.74
2.19041,1542.63,923.748,2466.38
2.19335,325.125,-107.792,217.333
2.19628,1566.81,949.486,2516.3
2.19923,391.666,-55.525,336.141
2.20218,1519.85,908.268,2428.11
2.20513,382.33,-80.9229,301.407
2.20809,1490.54,903.302,2393.84
2.21105,462.875,-18.6683,444.207
2.21402,1477.6,884.006,2361.6
2.21699,436.844,-45.9758,390.868
2.21997,1499.48,913.699,2413.18
2.22295,384.112,-74.5023,309.61
2.22594,1567.83,939.447,2507.28
2.22893,338.15,-105.853,232.297
2.23193,1536.74,930.487,2467.22
2.23493,369.36,-85.9988,283.362
2.23794,1609.73,970.881,2580.61
2.24095,299.133,-114.158,184.976
2.24397,1615.37,973.332,2588.7
2.24699,317.77,-113.222,204.548
2.25001,1660.11,988.644,2648.75
2.25305,247.654,-144.25,103.404
2.25608,1698.95,1024.42,2723.37
2.25912,253.567,-146.59,106.977
2.26217,1644.23,984.34,2628.57
2.26522,294.791,-122.553,172.238
2.26828,1640.01,974.718,2614.72
2.27134,284.816,-125.648,159.168
2.2744,1627.17,967.169,2594.34
2.27747,350.972,-73.3826,277.59
2.28055,1567.28,936.217,2503.5
2.28363,347.31,-78.9645,268.345
2.28672,1603.73,956.278,2560
2.28981,376.063,-66.3613,309.702
2.2929,1547.38,915.682,2463.06
2.296,381.486,-75.3711,306.115
2.29911,1619.99,963.456,2583.44
2.30222,320.726,-102.528,218.198
2.30534,1611.98,972.18,2584.16
2.30846,277.551,-136.727,140.825
2.31158,1623.18,960.865,2584.05
2.31472,332.442,-114.037,218.405
2.31785,1640.77,973.721,2614.49
2.32099,301.291,-120.861,180.43
2.32414,1640.56,975.173,2615.73
2.32729,232.556,-171.097,61.4595
2.33045,1726.79,1019.14,2745.93
2.33361,302.96,-127.587,175.373
2.33678,1684.62,999.597,2684.22
2.33995,251.176,-161.839,89.3373
2.34313,1656.14,972.455,2628.6
2.34631,243.263,-157.642,85.6207
2.3495,1708.67,1011.89,2720.56
2.35269,253.295,-151.296,101.999
2.35589,1631.22,960.68,2591.9
2.35909,339.123,-93.5837,245.539
2.3623,1588.38,939.728,2528.11
2.36552,371.006,-75.4053,295.601
2.36873,1560.26,919.601,2479.86
2.37196,319.531,-117.661,201.87
2.37519,1691.51,999.995,2691.5
2.37842,209.621,-189.264,20.3569
2.38166,1679.77,992.651,2672.42
2.38491,214.466,-173.911,40.5554
2.38816,1658.58,971.752,2630.33
2.39141,331.037,-95.9124,235.125
2.39467,1531.86,883.641,2415.5
2.39794,317.117,-112.021,205.097
2.40121,1710.49,1016.76,2727.26
2.40449,76.7062,-284.445,-207.738
2.40777,1835.53,1104.87,2940.41
2.41106,139.521,-229.568,-90.0466
2.41435,1666.91,987.995,2654.91
2.41765,311.733,-106.522,205.211
2.42095,1546.88,890.213,2437.09
2.42426,337.71,-96.897,240.813
2.42758,1670.46,989.11,2659.57
2.4309,120.232,-255.873,-135.641
2.43422,1787.45,1063.9,2851.35
2.43755,204.667,-185.421,19.2465
2.44089,1611.05,958.02,2569.07
2.44423,322.512,-110.533,211.979
2.44758,1583.31,919.552,2502.87
2.45093,361.443,-91.883,269.56
2.45429,1702.35,995.548,2697.89
2.45765,147.349,-235.043,-87.6943
2.46102,1826.02,1076.58,2902.6
2.46439,163.645,-221.218,-57.5735
2.46777,1761.28,1038.25,2799.53
2.47116,303.801,-130.654,173.147
2.47455,1628.01,938.347,2566.36
2.47795,290.344,-134.92,155.424
2.48135,1774.9,1049.39,2824.29
2.48475,106.655,-278.45,-171.795
2.48817,1915.25,1151.9,3067.14
2.49159,111.894,-265.716,-153.822
2.49501,1831.32,1094.35,2925.67
2.49844,244.626,-181.628,62.9981
2.50187,1776.74,1036.23,2812.97
2.50531,177.803,-220.774,-42.9704
2.50876,1859.02,1114.07,2973.1
2.51221,26.1972,-331.554,-305.356
2.51567,1926.09,1158.7,3084.8
2.51913,167.978,-238.892,-70.9146
2.5226,1723.75,1039.13,2762.89
2.52608,357.179,-117.282,239.897
2.52956,1568.78,908.328,2477.11
2.53304,400.266,-84.7085,315.557
2.53653,1685.12,1000.52,2685.64
2.54003,168.243,-233.383,-65.1394
2.54353,1833.62,1100.76,2934.37
2.54704,211.543,-200.552,10.9913
2.55055,1713.92,1010.07,2723.99
2.55407,251.597,-161.338,90.259
2.5576,1717.64,985.31,2702.95
2.56113,180.17,-215.11,-34.9396
2.56467,1962.42,1173.89,3136.31
2.56821,-10.1013,-366.795,-376.896
2.57176,1877.83,1124.84,3002.67
2.57531,122.43,-257.674,-135.244
2.57887,1787.56,1056.4,2843.96
2.58244,241.758,-163.776,77.9818
2.58601,1697.69,968.76,2666.45
2.58959,194.277,-196.205,-1.9282
2.59317,1856.94,1114.62,2971.56
2.59676,-41.1132,-371.304,-412.417
2.60035,1971.21,1191.09,3162.3
2.60395,68.2858,-313.305,-245.019
2.60756,1803.59,1074.59,2878.18
2.61117,198.106,-203.85,-5.74365
2.61479,1609.23,921.997,2531.23
2.61841,370.938,-79.9042,291.034
2.62204,1682.81,975.202,2658.01
2.62568,181.289,-238.455,-57.1658
2.62932,1851.2,1110.36,2961.56
2.63297,167.058,-240.962,-73.9038
2.63662,1760.55,1059.87,2820.42
2.64028,314.437,-163.449,150.989
2.64395,1501.02,849.802,2350.82
2.64762,372.496,-99.7768,272.719
2.6513,1724.25,1018.85,2743.1
2.65498,174.165,-256.226,-82.0606
2.65867,1777.92,1066.6,2844.52
2.66236,37.9175,-321.778,-283.86
2.66607,2000.62,1208.49,3209.11
2.66977,195.914,-216.216,-20.3023
2.67349,1539.6,850.271,2389.87
2.67721,746.368,170.53,916.898
2.68093,1077.41,493.94,1571.35
2.68466,992.427,415.412,1407.84
2.6884,902.857,340.231,1243.09
2.69214,1230.8,618.417,1849.21
2.69589,477.829,-13.7212,464.108
2.69965,1739.8,990.553,2730.35
2.70341,310.852,-124.978,185.874
2.70718,1559.52,873.456,2432.98
2.71095,385.173,-76.931,308.242
2.71473,1580.96,893.609,2474.56
2.71852,440.381,-31.3729,409.008
2.72231,1533.28,851.987,2385.27
2.72611,461.433,-19.3281,442.105
2.72992,1548.66,859.931,2408.6
2.73373,397.781,-59.5106,338.271
2.73755,1559.26,878.863,2438.12
2.74137,425.735,-30.6954,395.039
2.7452,1421.76,775.957,2197.72
2.74903,498.097,15.2364,513.334
2.75288,1503.46,818.507,2321.96
2.75673,479.554,-1.27952,478.275
2.76058,1568.24,865.311,2433.55
2.76444,359.382,-82.4778,276.904
2.76831,1663.82,933.661,2597.48
2.77218,372.225,-60.893,311.332
2.77606,1457.65,791.309,2248.96
2.77995,595.873,79.3191,675.192
2.78384,1494.62,795.137,2289.76
2.78774,337.468,-93.9548,243.513
2.79164,1774.46,995.774,2770.23
2.79555,150.893,-222.989,-72.0962
2.79947,1791.03,1021.39,2812.42
2.8034,328.157,-109.642,218.515
2.80733,1591.24,871.452,2462.69
2.81126,404.306,-63.5189,340.787
2.81521,1705.61,950.867,2656.47
2.81916,220.448,-198.236,22.212
2.82311,1810.67,1039.24,2849.91
2.82708,209.143,-194.689,14.4539
2.83104,1762.27,1000.5,2762.77
2.83502,305.992,-125.803,180.189
2.839,1542.61,823.983,2366.59
2.84299,480.294,7.50003,487.794
2.84699,1615.11,886.213,2501.33
2.85099,282.591,-154.574,128.017
2.85499,1811.6,1034.15,2845.75
2.85901,325.533,-107.276,218.257
2.86303,1560.94,859.31,2420.25
2.86706,578.538,57.5472,636.085
2.87109,1344.74,696.541,2041.28
2.87513,676.926,136.235,813.161
2.87918,1485.76,794.529,2280.29
2.88323,356.698,-81.2301,275.468
2.88729,1722.67,967.067,2689.73
2.89136,220.396,-174.703,45.6934
2.89543,1620.93,907.374,2528.3
2.89951,502.406,6.85666,509.262
2.9036,1351.72,708.986,2060.7
2.90769,676.768,138.161,814.929
2.91179,1315.8,665.08,1980.88
2.9159,531.954,30.5244,562.478
2.92001,1679.2,946.885,2626.09
2.92413,89.4632,-275.967,-186.504
2.92826,1930.96,1119.84,3050.8
2.93239,97.5532,-272.346,-174.793
2.93653,1783.61,1017.93,2801.54
2.94068,256.243,-159.644,96.5991
2.94483,1636.16,905.314,2541.47
2.94899,363.607,-88.9124,274.694
2.95316,1694.49,951.571,2646.07
2.95734,176.362,-221.026,-44.664
2.96152,1801.11,1036.48,2837.59
2.9657,235.819,-170.907,64.9125
2.9699,1687.83,957.036,2644.87
2.9741,353.579,-81.9554,271.624
2.97831,1627.1,887.87,2514.97
2.98252,334.135,-105.962,228.173
2.98674,1730.61,969.741,2700.35
2.99097,166.944,-231.523,-64.579
2.99521,1883.38,1092.93,2976.31
2.99945,183.476,-215.867,-32.3909
3.0037,1777.02,1012.61,2789.63
3.00795,328.915,-113.465,215.45
3.01222,1634.26,897.074,2531.33
3.01649,334.201,-102.987,231.214
3.02076,1799.95,1022.62,2822.57
3.02505,87.1559,-277.962,-190.806
3.02934,1950.97,1128.83,3079.8
3.03364,108.282,-261.354,-153.072
3.03794,1762.18,1014.14,2776.32
3.04225,286.749,-149.299,137.45
3.04657,1592.92,859.675,2452.59
3.0509,436.34,-21.5995,414.74
3.05523,1463.44,764.971,2228.41
3.05957,701.515,180.873,882.388
3.06392,1191.95,525.005,1716.95
3.06827,922.414,398.077,1320.49
3.07263,907.371,306.409,1213.78
3.077,1224.67,631.786,1856.45
3.08137,494.909,-22.0802,472.829
3.08576,1523.92,859.328,2383.25
3.09015,410.204,-74.8636,335.34
3.09454,1534.39,864.18,2398.57
3.09895,371.585,-95.6254,275.96
3.10336,1604.43,907.956,2512.39
3.10777,330.09,-117.849,212.24
3.1122,1625.5,889.602,2515.1
3.11663,426.735,-66.5888,360.146
3.12107,1636.09,920.429,2556.51
3.12552,195.866,-233.677,-37.8106
3.12997,1706.34,988.79,2695.13
3.13443,337.86,-147.026,190.834
3.1389,1606.31,915.532,2521.84
3.14338,415.121,-79.3021,335.819
3.14786,1494.52,831.958,2326.48
3.15235,434.231,-67.0447,367.187
3.15685,1554.44,897.758,2452.2
3.16135,310.841,-158.949,151.891
3.16587,1644.5,961.467,2605.97
3.17038,432.171,-66.6219,365.549
3.17491,1444.81,801.06,2245.87
3.17945,750.197,181.096,931.292
3.18399,1186.04,555.427,1741.47
3.18854,962.065,366.468,1328.53
3.19309,865.771,310.672,1176.44
3.19766,1141.16,519.656,1660.81
3.20223,947.578,344.858,1292.44
3.20681,1147.08,537.82,1684.9
3.21139,525.449,25.6988,551.148
3.21599,1600.5,890.868,2491.37
3.22059,413.484,-57.6625,355.821
3.2252,1500.97,816.544,2317.51
3.22981,539.384,24.1123,563.497
3.23443,1358.2,714.377,2072.58
3.23907,754.205,177.842,932.047
3.2437,1327.65,685.279,2012.92
3.24835,473.321,-15.5602,457.76
3.253,1624.84,904.288,2529.13
3.25767,333.222,-117.533,215.69
3.26233,1552.87,875.113,2427.99
3.26701,565.877,39.4332,605.31
3.27169,1413.54,753.067,2166.6
3.27639,509.645,-3.07989,506.565
3.28108,1477.34,806.512,2283.85
3.28579,347.163,-104.614,242.55
3.29051,1737.54,974.499,2712.04
3.29523,127.669,-243.816,-116.147
3.29996,1766.52,992.419,2758.94
3.3047,323.604,-119.096,204.507
3.30944,1736.49,964.478,2700.97
3.31419,168.055,-233.593,-65.538
3.31895,1885.39,1076.61,2962
3.32372,1.43072,-354.687,-353.256
3.3285,2022.01,1175.82,3197.83
3.33328,107.665,-279.41,-171.745
3.33807,1875.59,1050.74,2926.33
3.34287,142.957,-255.454,-112.497
3.34768,1972.77,1132.06,3104.82
3.35249,-53.3314,-379.963,-433.294
3.35732,2027.8,1174.95,3202.74
3.36215,106.615,-265.149,-158.534
3.36699,1845.03,1052.51,2897.53
3.37183,284.505,-144.705,139.799
3.37669,1688.61,921.708,2610.32
3.38155,365.622,-97.0914,268.531
3.38642,1820.08,1023.02,2843.1
3.3913,209.543,-208.2,1.34279
3.39618,1703.99,962.651,2666.64
3.40108,491.053,-18.545,472.508
3.40598,1528.41,811.924,2340.33
3.41089,701.017,155.238,856.256
3.41581,1299.71,641.692,1941.41
3.42073,925.74,302.826,1228.57
3.42567,889.037,319.376,1208.41
3.43061,1359.71,681.263,2040.97
3.43556,696.429,134.484,830.913
3.44051,1449.62,776.765,2226.38
3.44548,202.549,-233.423,-30.8738
3.45045,1757.2,1029.4,2786.6
3.45544,306.257,-155.021,151.236
3.46043,1661.72,961.795,2623.52
3.46542,335.553,-145.979,189.575
3.47043,1674.47,956.531,2631
3.47545,237.705,-194.741,42.9638
3.48047,1710.52,975.099,2685.62
3.4855,355.614,-119.835,235.779
3.49054,1625.76,904.595,2530.35
3.49559,307.652,-149.828,157.824
3.50064,1629.93,916.69,2546.62
3.5057,396.354,-82.0741,314.28
3.51078,1566.04,889.852,2455.89
3.51586,323.501,-144.072,179.43
3.52094,1591.83,902.647,2494.48
3.52604,448.028,-67.1961,380.832
3.53115,1638.52,915.343,2553.86
3.53626,136.552,-265.866,-129.314
3.54138,1724.97,1002.06,2727.03
3.54651,347.158,-124.116,223.042
3.55165,1641.96,945.145,2587.1
3.55679,295.476,-155.758,139.718
3.56195,1614.61,916.973,2531.59
3.56711,436.919,-64.6726,372.246
3.57228,1631.65,924.917,2556.56
3.57746,196.06,-214.191,-18.1306
3.58265,1688.49,962.991,2651.48
3.58785,473.487,-35.2454,438.241
3.59305,1586.84,896.914,2483.76
3.59827,315.265,-143.836,171.43
3.60349,1527.44,839.978,2367.41
3.60872,487.158,-31.3972,455.761
3.61396,1712.37,978.028,2690.4
3.61921,18.3083,-342.608,-324.3
3.62446,1768.59,1029.44,2798.03
3.62973,435.397,-73.8353,361.561
3.635,1631.31,925.48,2556.79
3.64028,240.308,-193.74,46.5681
3.64557,1675.22,950.745,2625.97
3.65087,383.996,-92.2739,291.722
3.65618,1716.03,993.327,2709.35
3.6615,100.908,-283.562,-182.654
3.66682,1734.67,987.237,2721.91
3.67216,424.207,-53.8166,370.391
3.6775,1652.33,939.176,2591.5
3.68285,97.7593,-273.709,-175.95
3.68821,1761.2,1015.34,2776.54
3.69358,379.295,-87.0123,292.283
3.69895,1699.63,970.807,2670.44
3.70434,146.87,-246.147,-99.2777
3.70973,1646.56,928.119,2574.67
3.71514,397.994,-65.9201,332.074
3.72055,1738.57,1003.62,2742.19
3.72597,124.161,-265.135,-140.974
3.7314,1663.16,950.464,2613.63
3.73684,473.275,-19.3628,453.912
3.74229,1621.53,911.419,2532.95
3.74774,317.532,-134.591,182.941
3.75321,1562.44,855.91,2418.35
3.75868,513.028,5.50348,518.532
3.76416,1675.84,934.942,2610.78
3.76966,140.202,-260.105,-119.903
3.77516,1921.92,1117.75,3039.67
3.78067,197.974,-234.844,-36.8698
3.78618,1912.24,1096.33,3008.57
3.79171,223.189,-206.266,16.9235
3.79725,1823.8,1018.3,2842.11
3.80279,470.162,13.9359,484.098
3.80835,1672.09,884.744,2556.83
3.81391,392.626,-53.1129,339.513
3.81949,1777.66,985.818,2763.48
3.82507,-123.523,-446.397,-569.92
3.83066,2178.83,1304.6,3483.43
3.83626,72.4586,-296.118,-223.659
3.84187,1936.63,1138.42,3075.05
3.84748,250.493,-179.963,70.5297
3.85311,1792.49,1037.78,2830.27
3.85875,247.82,-187.441,60.3788
3.86439,1807.62,1041.66,2849.28
3.87005,239.656,-182.74,56.9163
3.87571,1801.42,1039.39,2840.8
3.88138,309.752,-128.721,181.031
3.88707,1679.19,950.23,2629.41
3.89276,340.975,-115.764,225.211
3.89846,1681.11,949.614,2630.72
3.90417,357.664,-94.3569,263.307
3.90989,1613.14,908.038,2521.18
3.91562,281.007,-148.975,132.031
3.92135,1673.86,940.854,2614.71
3.9271,296.72,-139.354,157.366
3.93286,1590.33,890.277,2480.61
3.93862,353.938,-104.723,249.216
3.9444,1574.61,871.186,2445.8
3.95018,292.07,-140.319,151.751
3.95598,1564.45,886.227,2450.68
3.96178,399.319,-86.7821,312.537
3.96759,1504.15,839.258,2343.41
3.97342,491.905,-2.36565,489.539
3.97925,1413.26,769.239,2182.5
3.98509,401.868,-74.6737,327.195
3.99094,1571.51,887.319,2458.83
3.9968,290.55,-150.298,140.251
4.00267,1624.06,931.691,2555.75
4.00855,351.056,-97.0243,254.032
4.01444,1515.59,836.118,2351.71
4.02034,646.394,125.957,772.351
4.02625,1258.27,621.881,1880.16
4.03216,731.267,188.832,920.099
4.03809,1108.23,495.725,1603.95
4.04403,1175.99,567.245,1743.24
4.04997,560.293,54.2575,614.55
4.05593,1549.32,866.847,2416.17
4.0619,165.22,-229.385,-64.1655
4.06787,1819.89,1074.68,2894.57
4.07386,247.649,-186.32,61.3292
4.07985,1720.93,991.979,2712.91
4.08586,307.989,-138.287,169.701
4.09187,1679.89,961.794,2641.68
4.0979,371.916,-100.079,271.837
4.10393,1653.6,938.433,2592.04
4.10997,306.674,-134.027,172.647
4.11603,1771.27,1017.1,2788.37
4.12209,272.427,-164.194,108.233
4.12816,1735.38,981.612,2717
4.13425,204.813,-199.271,5.54186
4.14034,1786.83,1022.78,2809.61
4.14644,152.831,-234.738,-81.9067
4.15256,1759.17,1007.65,2766.81
4.15868,242.089,-182.39,59.6985
4.16481,1629.56,915.914,2545.47
4.17096,350.852,-108.543,242.309
4.17711,1609.07,921.54,2530.61
4.18327,323.358,-120.641,202.717
4.18944,1583.87,892.076,2475.95
4.19563,405.854,-63.3598,342.495
4.20182,1481.47,820.611,2302.08
4.20802,424.042,-47.8608,376.181
4.21424,1521.59,842.976,2364.57
4.22046,356.191,-96.1102,260.081
4.22669,1570.39,876.206,2446.6
4.23294,339.384,-105.278,234.106
4.23919,1524.11,823.968,2348.08
4.24545,571.791,78.5862,650.378
4.25173,1288.63,642.43,1931.06
4.25801,542.044,54.4512,596.495
4.2643,1524.71,828.955,2353.66
4.27061,169.026,-207.638,-38.6112
4.27692,1678.64,950.599,2629.24
4.28325,395.115,-61.1819,333.933
4.28958,1449.84,793.821,2243.66
4.29593,538.786,28.4056,567.192
4.30229,1336.31,704.378,2040.69
4.30865,572.91,51.678,624.588
4.31503,1393.04,755.176,2148.22
4.32142,466.151,-23.827,442.324
4.32781,1501.18,841.692,2342.87
4.33422,519.312,2.73615,522.048
4.34064,1356.73,737.456,2094.19
4.34707,756.584,183.257,939.841
4.35351,1108.54,542.907,1651.45
4.35996,956.394,331.639,1288.03
4.36642,1006.35,439.535,1445.89
4.37289,1076.54,450.339,1526.88
4.37937,952.955,383.106,1336.06
4.38586,1153.29,538.77,1692.06
4.39236,528.299,42.3972,570.696
4.39887,1550.34,854.859,2405.2
4.4054,186.468,-218.473,-32.005
4.41193,1855.34,1083.66,2939
4.41847,57.748,-312.077,-254.329
4.42503,1837.87,1071.23,2909.1
4.43159,205.606,-209,-3.39454
4.43817,1731.52,983.693,2715.22
4.44476,250.361,-179.28,71.0805
4.45136,1734.54,979.216,2713.75
4.45796,245.36,-183.733,61.6272
4.46458,1676.62,935.953,2612.58
4.47121,332.235,-120.171,212.064
4.47785,1626.81,918.86,2545.67
4.48451,401.822,-86.3228,315.5
4.49117,1539.9,861.089,2400.99
4.49784,442.582,-52.548,390.034
4.50453,1509.66,839.541,2349.21
4.51122,451.03,-33.6438,417.386
4.51793,1318.89,691.091,2009.98
4.52464,921.623,358.875,1280.5
4.53137,1121.27,497.239,1618.51
4.53811,709.145,187.213,896.357
4.54486,1305.92,660.338,1966.26
4.55162,148.856,-248.815,-99.9589
4.55839,1890.56,1108.57,2999.12
4.56517,58.9577,-303.357,-244.399
4.57197,1796.14,1039.04,2835.18
4.57877,137.969,-243.032,-105.063
4.58559,1762.97,1017.58,2780.56
4.59241,157.909,-235.995,-78.0868
4.59925,1715.14,981.193,2696.33
4.6061,234.52,-185.357,49.1623
4.61296,1622.3,924.376,2546.68
4.61983,357.054,-110.501,246.553
4.62671,1598.59,905.644,2504.24
4.63361,355.079,-97.6009,257.479
4.64051,1519.34,846.474,2365.81
4.64743,489.495,-11.0718,478.423
4.65435,1481.92,810.339,2292.26
4.66129,497.083,4.54054,501.624
4.66824,1484.62,818.517,2303.13
4.6752,462.137,-19.813,442.324
4.68217,1545.67,861.397,2407.06
4.68916,429.223,-33.5322,395.691
4.69615,1526.16,845.841,2372
4.70316,513.335,26.8524,540.188
4.71018,1352.03,689.001,2041.03
4.7172,893.613,309.164,1202.78
4.72425,1134.2,498.784,1632.98
4.7313,780.578,238.969,1019.55
4.73836,1075.66,479.817,1555.48
4.74544,1036.02,448.352,1484.37
4.75252,882.284,351.837,1234.12
4.75962,1175.15,538.345,1713.5
4.76673,832.251,300.898,1133.15
4.77385,1091.94,488.18,1580.12
4.78098,884.158,338.538,1222.7
4.78813,1164.55,521.112,1685.66
4.79528,685.164,179.738,864.902
4.80245,1389.72,689.637,2079.36
4.80963,310.624,-117.224,193.4
4.81682,1828.98,1047.95,2876.94
4.82402,240.423,-142.86,97.5633
4.83124,1568.49,860.502,2429
4.83846,453.502,-18.4007,435.101
4.8457,1515.43,823.903,2339.33
4.85295,552.515,46.6187,599.133
4.86021,1457.77,770.533,2228.31
4.86748,599.027,85.7427,684.77
4.87477,1418.17,739.123,2157.29
4.88206,459.012,-13.4458,445.566
4.88937,1629.03,902.442,2531.47
4.89669,255.721,-144.557,111.164
4.90402,1663.82,924.937,2588.76
4.91137,385.015,-67.5346,317.48
4.91872,1561.65,847.82,2409.47
4.92609,448.245,-9.45759,438.788
4.93347,1458.46,802.2,2260.65
4.94086,506.529,7.27715,513.806
4.94827,1484.53,819.557,2304.09
4.95568,498.341,3.0407,501.382
4.96311,1385.35,760.239,2145.59
4.97055,659.929,91.4352,751.364
4.978,1325.77,716.641,2042.41
4.98547,688.418,123.899,812.317
4.99294,1211.38,616.575,1827.96
5.00043,1056.64,399.564,1456.21
5.00793,942.569,391.892,1334.46
5.01545,1104.27,478.677,1582.94
5.02299,656.942,183.56,840.501
5.03055,1253.17,581.111,1834.28
5.03813,634.397,166.491,800.889
5.04572,1344.95,632.232,1977.18
5.05334,683.822,183.608,867.43
5.06097,1359.29,658.074,2017.36
5.06862,558.728,74.758,633.486
5.07629,1614.65,875.836,2490.48
5.08398,11.4403,-321.675,-310.234
5.09169,1910.71,1093.51,3004.22
5.09942,254.15,-154.242,99.9078
5.10717,1801.44,1012.62,2814.06
5.11494,226.548,-166.338,60.2097
5.12273,1701.95,954.347,2656.29
5.13053,416.496,-41.9974,374.498
5.13836,1538.3,839.405,2377.71
5.14621,467.465,-19.3595,448.105
5.15407,1478.22,793.82,2272.05
5.16196,485.888,5.9247,491.812
5.16986,1450.91,780.202,2231.11
5.17779,460.818,-18.1739,442.644
5.18573,1543.04,864.984,2408.02
5.19369,350.864,-90.4651,260.399
5.20168,1581.88,889.352,2471.24
5.20968,472.647,-6.76105,465.886
5.21771,1406.81,761.939,2168.75
5.22575,551.581,56.2615,607.842
5.23382,1491.76,813.392,2305.15
5.2419,399.459,-32.1008,367.358
5.25001,1555.66,846.018,2401.68
5.25813,403.851,-27.8109,376.04
5.26628,1542.15,855.171,2397.32
5.27444,431.473,-17.5583,413.915
5.28263,1445.6,785.868,2231.47
5.29083,703.542,186.705,890.247
5.29906,1027.75,437.483,1465.23
5.30731,988.857,424.416,1413.27
5.31558,1026.5,437.094,1463.59
5.32387,947.002,378.801,1325.8
5.33218,1073.02,484.651,1557.67
5.34051,767.487,225.525,993.012
5.34886,1488.3,822.602,2310.9
5.35723,123.612,-242.245,-118.632
5.36562,1746.2,993.973,2740.17
5.37404,365.093,-75.717,289.376
5.38247,1535.33,846.017,2381.35
5.39093,540.528,59.2917,599.819
5.39941,1433.88,761.323,2195.2
5.4079,552.975,74.54,627.515
5.41642,1432.35,761.525,2193.88
5.42496,559.637,76.4689,636.106
5.43353,1450.13,769.568,2219.7
5.44211,469.596,17.3285,486.924
5.45072,1562.26,842.955,2405.21
5.45934,267.233,-122.449,144.784
5.46799,1715.58,959.737,2675.32
5.47666,289.238,-108.022,181.216
5.48535,1556.59,836.887,2393.48
5.49407,515.425,43.4186,558.844
5.5028,1227.59,573.883,1801.48
5.51156,813.664,311.669,1125.33
5.52034,1220.14,545.29,1765.43
5.52914,744.477,250.808,995.285
5.53796,1312.16,617.144,1929.3
5.54681,532.581,56.9582,589.54
5.55567,1603.5,877.425,2480.92
5.56456,126.604,-236.415,-109.811
5.57347,1741.83,987.765,2729.6
5.58241,300.778,-123.524,177.254
5.59136,1633.6,923.08,2556.68
5.60034,355.069,-86.3256,268.744
5.60934,1573.01,873.95,2446.96
5.61837,454.086,-23.8529,430.233
5.62741,1525.28,833.824,2359.1
5.63648,429.212,-30.2424,398.969
5.64557,1527.06,834.462,2361.52
5.65469,322.02,-103.684,218.336
5.66382,1666.68,941.282,2607.96
5.67298,185.682,-184.442,1.23955
5.68216,1770.94,1013.9,2784.83
5.69137,168.118,-206.77,-38.6518
5.7006,1690.4,960.628,2651.03
5.70985,353.546,-69.7488,283.797
5.71912,1282.22,647.68,1929.9
5.72842,755.643,260.639,1016.28
5.73774,1154.42,555.712,1710.13
5.74709,805.272,293.746,1099.02
5.75646,1156.37,561.49,1717.86
5.76585,651.169,173.135,824.304
5.77526,1501.11,832.467,2333.57
5.7847,100.894,-230.765,-129.872
5.79416,1688.86,986.057,2674.92
5.80365,295.42,-109.411,186.009
5.81316,1598.88,907.025,2505.91
5.82269,348.555,-74.6067,273.949
5.83224,1589.04,892.454,2481.5
5.84183,351.223,-63.1443,288.078
5.85143,1583.37,879.116,2462.48
5.86106,349.698,-65.0858,284.612
5.87071,1579.13,870.401,2449.53
5.88039,346.327,-72.2189,274.108
5.89009,1622.41,901.275,2523.68
5.89981,280.55,-130.551,150
5.90956,1726.14,980.092,2706.23
5.91934,169.017,-194.389,-25.3716
5.92914,1751.48,995.934,2747.42
5.93896,236.784,-136.46,100.324
5.94881,1677.7,944.685,2622.38
5.95868,248.039,-122.074,125.966
5.96858,1702.95,956.076,2659.02
5.9785,171.577,-174.752,-3.17467
5.98844,1791.26,1027.37,2818.63
5.99841,47.2018,-258.928,-211.726
6.00841,1848.45,1069.09,2917.54
6.01843,118.962,-221.306,-102.344
6.02848,1741.75,991.356,2733.1
6.03855,210.243,-162.096,48.1466
6.04864,1730.94,975.715,2706.66
6.05877,145.867,-199.834,-53.9675
6.06891,1806.35,1045.02,2851.38
6.07909,90.158,-233.514,-143.356
6.08928,1763.13,1027.57,2790.7
6.09951,112.627,-206.406,-93.7792
6.10976,1768.88,1028.17,2797.05
6.12003,100.926,-228.609,-127.683
6.13033,1747.71,1017.52,2765.23
6.14066,63.9643,-247.951,-183.987
6.15101,1779.62,1050.44,2830.06
6.16138,92.8561,-240.38,-147.524
6.17179,1747.99,1013.84,2761.83
6.18222,220.125,-150.97,69.1547
6.19267,1450.76,788.506,2239.27
6.20315,680.917,214.547,895.464
6.21366,1253.88,619.771,1873.65
6.2242,624.178,172.275,796.454
6.23476,1236.28,593.002,1829.28
6.24534,607.83,146.186,754.016
6.25596,1394.87,707.167,2102.04
6.2666,356.982,-64.6912,292.291
6.27726,1763.86,1023.45,2787.31
6.28796,303.503,-102.317,201.186
6.29868,1539.63,867.111,2406.74
6.30942,425.691,-4.23808,421.453
6.3202,1501.31,831.956,2333.27
6.331,422.686,-8.48997,414.196
6.34183,1501.77,823.58,2325.36
6.35268,451.868,30.0964,481.964
6.36356,1425.91,755.678,2181.58
6.37447,468.102,22.2207,490.323
6.38541,1432.86,757.381,2190.25
6.39637,525.044,72.7333,597.777
6.40736,1293.63,642.586,1936.22
6.41838,864.626,330.282,1194.91
6.42943,1042.87,438.489,1481.35
6.4405,872.483,357.439,1229.92
6.4516,1019.83,424.899,1444.73
6.46273,574.024,110.662,684.686
6.47389,1506.44,820.891,2327.33
6.48507,422.186,27.3639,449.55
6.49628,1350.84,724.069,2074.91
6.50752,509.047,94.4116,603.459
6.51879,1329.66,711.152,2040.82
6.53009,588.419,137.961,726.38
6.54142,1348.02,700.947,2048.97
6.55277,572.517,126.247,698.764
6.56415,1347.58,697.693,2045.27
6.57556,588.549,119.719,708.268
6.587,1325.8,690.641,2016.44
6.59847,583.187,113.423,696.61
6.60996,1366.86,713.949,2080.81
6.62149,477.095,50.3284,527.423
6.63304,1438.39,752.723,2191.11
6.64462,453.866,27.5664,481.433
6.65624,1458.99,780.858,2239.84
6.66788,412.618,12.8338,425.452
6.67955,1449.12,778.46,2227.58
6.69125,442.041,19.7985,461.839
6.70297,1427.8,770.638,2198.44
6.71473,460.752,24.8598,485.612
6.72652,1450.9,770.924,2221.82
6.73833,520.413,72.0374,592.451
6.75018,1156.11,548.164,1704.27
6.76206,853.225,330.542,1183.77
6.77396,1060.8,480.433,1541.23
6.7859,797.379,293.125,1090.5
6.79786,1066.55,476.895,1543.44
6.80985,793.527,274.062,1067.59
6.82188,1217.62,586.325,1803.94
6.83393,683.054,179.47,862.524
6.84602,1534.34,825.483,2359.83
6.85813,174.458,-182.308,-7.85021
6.87028,1767.92,1012.32,2780.24
6.88246,211.2,-159.695,51.5042
6.89466,1638.98,911.887,2550.87
6.9069,272.067,-99.735,172.332
6.91917,1531.48,850.802,2382.28
6.93146,343.697,-42.1735,301.524
6.94379,1476.74,808.321,2285.06
6.95615,418.067,7.90513,425.972
6.96854,1429.87,772.384,2202.26
6.98096,499.855,57.0889,556.943
6.99342,1353.11,716.661,2069.77
7.0059,601.056,122.946,724.002
7.01841,1274.82,661.244,1936.06
7.03096,596.092,127.025,723.117
7.04354,1301.06,693.636,1994.69
7.05615,575.051,96.0166,671.068
7.06879,1320.03,708.153,2028.19
7.08146,607.441,116.537,723.979
7.09416,1268.04,666.143,1934.18
7.1069,708.408,204.853,913.261
7.11966,931.073,398.645,1329.72
7.13246,945.695,403.865,1349.56
7.14529,1017.5,462.807,1480.31
7.15816,929.256,385.018,1314.27
7.17105,978.301,425.397,1403.7
7.18398,905.451,371.521,1276.97
7.19694,981.626,432.22,1413.85
7.20993,830.347,309.462,1139.81
7.22296,1219.58,616.091,1835.67
7.23602,342.193,-45.6139,296.579
7.24911,1598.97,922.597,2521.56
7.26223,320.921,-48.751,272.17
7.27538,1511.98,847.952,2359.93
7.28857,337.551,-21.6264,315.924
7.30179,1464.56,819.99,2284.55
7.31505,401.671,27.2747,428.946
7.32834,1425.29,790.246,2215.53
7.34166,432.791,43.1795,475.97
7.35501,1372.18,755.852,2128.03
7.3684,467.079,57.4193,524.498
7.38182,1329.71,723.221,2052.93
7.39527,529.816,97.5022,627.319
7.40876,1285.56,696.09,1981.65
7.42228,554.667,114.057,668.724
7.43584,1242.74,666.534,1909.28
7.44943,601.462,157.246,758.709
7.46305,1133.72,580.962,1714.68
7.47671,921.213,415.427,1336.64
7.4904,921.459,404.244,1325.7
7.50413,858.131,382.313,1240.44
7.51789,842.064,353.818,1195.88
7.53168,874.969,389.1,1264.07
7.54551,889.889,391.753,1281.64
7.55938,840.33,342.702,1183.03
7.57327,1046.25,507.977,1554.23
7.58721,524.03,93.1745,617.204
7.60118,1420.73,816.357,2237.09
7.61518,515.354,71.6483,587.002
7.62922,1288.9,719.788,2008.69
7.64329,589.217,131.462,720.68
7.6574,1225.16,669.12,1894.28
7.67154,634.85,169.066,803.917
7.68572,1192.03,643.908,1835.94
7.69993,645.38,180.876,826.256
7.71418,1200.91,650.197,1851.11
7.72847,626.683,168.507,795.191
7.74279,1202.41,650.585,1852.99
7.75715,616.165,160.778,776.944
7.77154,1220.7,657.124,1877.82
7.78597,591.187,147.771,738.958
7.80043,1225.51,651.262,1876.77
7.81494,583.398,145.244,728.642
7.82947,1266.01,668.921,1934.93
7.84405,571.955,132.552,704.506
7.85866,1277.73,685.089,1962.82
7.8733,531.01,114.461,645.471
7.88799,1290.86,685.093,1975.95
7.90271,507.136,96.427,603.563
7.91746,1323.22,716.743,2039.97
7.93226,468.053,85.1137,553.167
7.94709,1308.07,708.686,2016.75
7.96196,497.061,104.245,601.306
7.97686,1274.74,686.561,1961.31
7.9918,502.121,98.0999,600.221
8.00678,1285.7,701.796,1987.49
8.0218,493.483,96.3342,589.818
8.03685,1251.31,694.242,1945.56
8.05195,526.378,112.576,638.954
8.06708,1209.72,652.405,1862.12
8.08224,701.828,247.226,949.054
8.09745,894.938,394.356,1289.29
8.11269,893.27,400.498,1293.77
8.12797,942.71,432.291,1375
8.14329,851.143,380.942,1232.08
8.15865,921.717,423.97,1345.69
8.17405,866.135,379.78,1245.91
8.18948,929.152,433.583,1362.73
8.20496,823.194,342.849,1166.04
8.22047,1069.08,549.592,1618.67
8.23602,482.852,90.9327,573.784
8.25161,1286.58,764.192,2050.77
8.26724,577.639,139.798,717.437
8.28291,1181.18,669.214,1850.39
8.29862,553.283,148.664,701.947
8.31436,1165.07,655.175,1820.25
8.33015,555.065,145.048,700.113
8.34597,1174.34,660.392,1834.73
8.36184,555.653,147.546,703.199
8.37774,1206.81,666.289,1873.1
8.39369,534.626,144.593,679.219
8.40967,1244.04,680.32,1924.36
8.4257,516.929,137.1,654.029
8.44176,1264.55,690.31,1954.86
8.45786,498.223,120.123,618.346
8.47401,1285.18,709.771,1994.95
8.49019,439.246,96.0477,535.294
8.50642,1325.39,746.189,2071.57
8.52269,381.372,55.8917,437.264
8.53899,1348.73,763.044,2111.77
8.55534,353.833,35.6447,389.477
8.57173,1382.6,787.735,2170.34
8.58816,298.011,9.62154,307.633
8.60463,1408.48,807.424,2215.91
8.62114,279.758,-3.32381,276.434
8.63769,1413.92,814.798,2228.72
8.65429,285.092,-5.07266,280.019
8.67092,1410.55,818.013,2228.56
8.6876,297.039,-8.03972,289
8.70432,1399.96,804.91,2204.87
8.72108,320.815,4.89426,325.709
8.73788,1384.62,798.616,2183.24
8.75473,327.701,3.85287,331.553
8.77161,1368.69,784.121,2152.81
8.78854,365.595,20.3226,385.918
8.80551,1354.37,779.916,2134.28
8.82253,375.386,24.1337,399.52
8.83958,1338.65,768.095,2106.75
8.85668,387.697,32.309,420.006
8.87383,1335.2,761.265,2096.46
8.89101,406.917,48.8391,455.756
8.90824,1330.65,761.564,2092.22
8.92551,444.321,63.7122,508.033
8.94282,1295.5,749.085,2044.59
8.96018,456.966,70.2209,527.187
8.97758,1288.51,742.656,2031.17
8.99502,443.887,54.0112,497.898
9.01251,1282.37,746.482,2028.85
9.03004,422.748,46.2481,468.996
9.04762,1303.07,762.843,2065.91
9.06524,383.307,26.6196,409.927
9.0829,1329.52,781.079,2110.6
9.10061,378.698,27.0514,405.75
9.11836,1327.83,782.46,2110.29
9.13615,405.001,47.6136,452.615
9.15399,1299.15,747.765,2046.91
9.17188,432.237,70.9944,503.231
9.18981,1277.47,732.815,2010.28
9.20778,431.189,63.4518,494.641
9.2258,1236.97,706.549,1943.52
9.24387,444.064,88.5239,532.588
9.26198,1355.3,792.905,2148.21
9.28013,331.239,-2.41779,328.821
9.29833,1344.96,791.55,2136.51
9.31658,335.569,15.7621,351.331
9.33487,1310.04,754.727,2064.77
9.35321,366.059,61.1427,427.202
9.37159,1377.14,772.653,2149.79
9.39002,365.492,46.9049,412.397
9.40849,1346.02,769.485,2115.51
9.42702,340.503,30.4432,370.946
9.44558,1354.53,777.079,2131.61
9.4642,292.992,10.8376,303.83
9.48286,1383.52,793.736,2177.25
9.50156,270.725,0.245452,270.971
9.52032,1393.39,801.91,2195.3
9.53912,240.058,-17.4411,222.617
9.55797,1404.59,814.608,2219.2
9.57686,238.642,-8.80251,229.839
9.5958,1403.82,808.329,2212.15
9.61479,271.575,9.18289,280.758
9.63383,1351.12,772.617,2123.74
9.65291,305.174,36.0381,341.212
9.67205,1312.21,748.294,2060.51
9.69123,339.594,49.1977,388.792
9.71046,1314.48,751.033,2065.51
9.72973,356.71,53.275,409.985
9.74906,1283.74,727.869,2011.61
9.76843,388.94,78.5464,467.487
9.78785,1250.21,702.062,1952.27
9.80732,437.474,105.676,543.15
9.82684,1216.19,677.492,1893.68
9.8464,448.13,114.967,563.097
9.86602,1189.52,672.884,1862.41
9.88569,470.231,123.046,593.277
9.9054,1201.02,678.453,1879.47
9.92516,436.363,107.376,543.738
9.94498,1199.36,678.081,1877.44
9.96484,428.696,115.377,544.073
9.98475,1184.87,678.591,1863.46
10.0047,442.338,115.405,557.743
10.0247,1142.96,660.258,1803.22
10.0447,482.251,147.42,629.672
10.0647,1108.82,642.831,1751.65
10.0847,494.685,153.662,648.347
10.1047,1067.86,628.804,1696.66
10.1247,537.745,180.82,718.565
10.1447,1053.38,615.329,1668.71
10.1647,557.949,200.313,758.261
10.1847,1027.27,599.705,1626.97
10.2047,591.14,221.367,812.507
10.2247,1028.11,596.523,1624.63
10.2447,596.045,228.867,824.913
10.2647,1008.29,580.731,1589.02
10.2847,593.45,236.57,830.019
10.3047,1010.86,582.861,1593.72
10.3247,572.711,229.157,801.868
10.3447,1031.64,593.656,1625.3
10.3647,558.239,223.01,781.249
10.3847,1059.26,604.432,1663.69
10.4047,554.54,223.487,778.027
10.4247,1054.33,591.309,1645.64
10.4447,671.929,298.208,970.137
10.4647,800.546,375.842,1176.39
10.4847,780.406,401.805,1182.21
10.5047,800.153,412.895,1213.05
10.5247,796.269,422.004,1218.27
10.5447,797.755,405.695,1203.45
10.5647,783.332,392.412,1175.74
10.5847,849.785,442.527,1292.31
10.6047,753.495,362.085,1115.58
10.6247,841.552,445.062,1286.61
10.6447,792.655,379.841,1172.5
10.6647,798.667,413.599,1212.27
10.6847,779.77,377.814,1157.58
10.7047,837.397,439.501,1276.9
10.7247,757.463,365.159,1122.62
10.7447,842.043,443.397,1285.44
10.7647,768.576,365.02,1133.6
10.7847,771.283,399.928,1171.21
10.8047,818.596,409.216,1227.81
10.8247,744.241,381.031,1125.27
10.8447,841.807,422.829,1264.64
10.8647,734.015,367.426,1101.44
10.8847,834.503,414.689,1249.19
10.9047,863.795,472.549,1336.34
10.9247,600.271,240.126,840.398
10.9447,838.125,645.417,1483.54
10.9647,895.89,335.088,1230.98
10.9847,831.003,499.901,1330.9
11.0047,754.622,329.919,1084.54
11.0247,840.12,489.561,1329.68
11.0447,743.983,319.477,1063.46
11.0647,855.903,492.248,1348.15
11.0847,711.512,314.71,1026.22
11.1047,873.6,505.356,1378.96
11.1247,689.602,300.705,990.307
11.1447,886.334,507.55,1393.88
11.1647,699.481,304.769,1004.25
11.1847,885.934,508.852,1394.79
11.2047,671.916,295.305,967.221
11.2247,905.35,523.579,1428.93
11.2447,664.958,285.974,950.932
11.2647,926.325,533.524,1459.85
11.2847,653.712,275.471,929.183
11.3047,926.594,526.637,1453.23
11.3247,661.854,276.506,938.36
11.3447,912.609,521.446,1434.06
11.3647,647.115,275.884,922.999
11.3847,911.443,512.995,1424.44
11.4047,635.708,267.182,902.89
11.4247,901.458,517.859,1419.32
11.4447,644.847,268.447,913.294
11.4647,898.83,524.643,1423.47
11.4847,649.168,265.887,915.056
11.5047,879.557,518.904,1398.46
11.5247,665.776,278.963,944.739
11.5447,866.122,510.852,1376.97
11.5647,650.703,280.985,931.688
11.5847,882.558,513.752,1396.31
11.6047,619.907,260.015,879.923
11.6247,902.696,531.792,1434.49
11.6447,614.62,264.306,878.926
11.6647,887.882,515.093,1402.98
11.6847,619.062,265.891,884.953
11.7047,887.195,532.344,1419.54
11.7247,627.473,274.066,901.539
11.7447,874.621,507.034,1381.66
11.7647,604.865,258.983,863.848
11.7847,902.252,531.968,1434.22
11.8047,612.191,267.888,880.079
11.8247,885.157,522.818,1407.97
11.8447,595.771,257.509,853.28
11.8647,901.354,530.083,1431.44
11.8847,600.533,265.014,865.548
11.9047,895.476,521.957,1417.43
11.9247,608.15,262.523,870.672
11.9447,902.235,526.46,1428.7
11.9647,593.903,256.223,850.127
11.9847,902.296,519.832,1422.13
12.0047,595.793,271.529,867.322
12.0247,907.594,520.684,1428.28
12.0447,582.711,255.326,838.037
12.0647,912.494,526.33,1438.82
12.0847,567.315,260.507,827.822
12.1047,949.302,535.341,1484.64
12.1247,560.237,238.1,798.337
12.1447,961.939,552.255,1514.19
12.1647,543.206,240.934,784.139
12.1847,977.163,553.917,1531.08
12.2047,532.494,223.469,755.963
12.2247,972.029,561.958,1533.99
12.2447,552.935,254.797,807.732
12.2647,958.089,544.441,1502.53
12.2847,572.188,236.116,808.304
12.3047,899.958,516.604,1416.56
12.3247,589.525,296.204,885.729
12.3447,921.93,513.789,1435.72
12.3647,586.88,241.399,828.279
12.3847,860.533,497.848,1358.38
12.4047,668.373,389.694,1058.07
12.4247,939.352,546.312,1485.66
12.4447,491.963,157.404,649.367
12.4647,901.266,539.408,1440.67
12.4847,501.696,207.535,709.231
12.5047,967.592,533.724,1501.32
12.5247,523.924,275.003,798.927
12.5447,982.885,526.114,1509
12.5647,522.266,254.277,776.543
12.5847,944.554,520.031,1464.59
12.6047,536.876,263.583,800.459
12.6247,956.933,522.216,1479.15
12.6447,528.242,258.888,787.13
12.6647,940.712,521.45,1462.16
12.6847,524.248,251.363,775.611
12.7047,939.057,521.851,1460.91
12.7247,525.866,248.305,774.172
12.7447,947.413,523.842,1471.26
12.7647,524.43,256.073,780.503
12.7847,923.257,513.538,1436.8
12.8047,542.221,268.494,810.715
12.8247,919.144,509.887,1429.03
12.8447,535.328,263.569,798.897
12.8647,916.056,513.694,1429.75
12.8847,532.443,268.978,801.421
12.9047,919.646,508.03,1427.68
12.9247,543.818,272.854,816.672
12.9447,903.957,502.921,1406.88
12.9647,549.037,268.796,817.833
12.9847,875.255,484.071,1359.33
13.0047,653.126,348.552,1001.68
13.0247,735.908,417.19,1153.1
13.0447,593.713,292.315,886.028
13.0647,959.84,533.709,1493.55
13.0847,523.742,258.581,782.322
13.1047,885.004,486.209,1371.21
13.1247,582.793,292.719,875.512
13.1447,846.04,466.439,1312.48
13.1647,575.138,297.166,872.304
13.1847,854.539,464.734,1319.27
13.2047,610.166,307.276,917.442
13.2247,825.431,458.499,1283.93
13.2447,607.966,304.62,912.586
13.2647,830.653,460.175,1290.83
13.2847,619.192,321.533,940.725
13.3047,801.06,444.705,1245.77
13.3247,629.394,331.318,960.712
13.3447,795.686,445.478,1241.16
13.3647,625.42,319.001,944.42
13.3847,819.796,460.551,1280.35
13.4047,615.631,317.761,933.391
13.4247,790.915,449.009,1239.92
13.4447,612.61,314.117,926.726
13.4647,810.554,451.665,1262.22
13.4847,600.539,315.209,915.747
13.5047,797.772,448.677,1246.45
13.5247,621.499,322.695,944.193
13.5447,801.756,452.568,1254.32
13.5647,605.128,314.688,919.816
13.5847,796.505,466.193,1262.7
13.6047,601.138,306.817,907.956
13.6247,813.144,456.487,1269.63
13.6447,578.435,297.191,875.626
13.6647,844.755,499.693,1344.45
13.6847,547.701,271.692,819.393
13.7047,884.372,492.402,1376.77
13.7247,558.913,291.371,850.283
13.7447,720.599,377.944,1098.54
13.7647,608.439,344.742,953.182
13.7847,813.559,448.783,1262.34
13.8047,629.281,370.62,999.901
13.8247,808.898,404.426,1213.32
13.8447,621.44,345.78,967.22
13.8647,833.85,430.877,1264.73
13.8847,540.37,302.971,843.341
13.9047,906.337,514.804,1421.14
13.9247,491.981,279.118,771.098
13.9447,839.897,465.856,1305.75
13.9647,552.699,297.932,850.631
13.9847,835.999,459.362,1295.36
14.0047,555.382,305.933,861.315
14.0247,819.738,453.307,1273.04
14.0447,574.147,311.008,885.154
14.0647,835.808,458.325,1294.13
14.0847,541.463,298.938,840.4
14.1047,838.593,465.131,1303.72
14.1247,563.661,304.782,868.443
14.1447,821.734,457.333,1279.07
14.1647,558.357,303.809,862.165
14.1847,816.213,451.291,1267.5
14.2047,556.312,308.03,864.343
14.2247,796.651,451.985,1248.64
14.2447,574.406,308.016,882.422
14.2647,767,437.434,1204.43
14.2847,600.743,321.856,922.6
14.3047,780.121,431.272,1211.39
14.3247,590.476,327.553,918.029
14.3447,777.53,441.648,1219.18
14.3647,583.143,311.704,894.847
14.3847,769.572,439.991,1209.56
14.4047,602.265,320.889,923.154
14.4247,761.84,430.871,1192.71
14.4447,628.566,338.88,967.447
14.4647,720.91,410.727,1131.64
14.4847,631.587,355.379,986.966
14.5047,737.351,417.276,1154.63
14.5247,607.976,335.11,943.085
14.5447,753.194,426.531,1179.72
14.5647,602.696,335.653,938.349
14.5847,760.115,423.702,1183.82
14.6047,606.552,335.707,942.259
14.6247,745.785,419.47,1165.25
14.6447,597.488,331.47,928.957
14.6647,747.108,421.336,1168.44
14.6847,594.856,333.727,928.584
14.7047,736.934,419.706,1156.64
14.7247,599.286,331.69,930.976
14.7447,738.697,414.015,1152.71
14.7647,583.483,333.726,917.209
14.7847,730.384,416.574,1146.96
14.8047,587.414,330.164,917.578
14.8247,737.421,422.958,1160.38
14.8447,567.905,330.46,898.365
14.8647,741.936,425.478,1167.41
14.8847,573.436,331.328,904.764
14.9047,743.626,423.288,1166.91
14.9247,575.737,335.355,911.092
14.9447,736.768,420.515,1157.28
14.9647,577.75,332.845,910.596
14.9847,738.845,423.046,1161.89
15.0047,557.991,322.249,880.24
15.0247,751.895,427.892,1179.79
15.0447,546.71,318.022,864.732
15.0647,761.887,435.196,1197.08
15.0847,539.857,308.135,847.993
15.1047,767.706,440.489,1208.19
15.1247,510.087,298.729,808.816
15.1447,793.554,444.206,1237.76
15.1647,517.717,299.298,817.014
15.1847,770.533,437.177,1207.71
15.2047,514.788,305.625,820.413
15.2247,787.776,445.416,1233.19
15.2447,505.676,294.896,800.572
15.2647,776.461,440.667,1217.13
15.2847,511.478,298.298,809.776
15.3047,776.243,445.618,1221.86
15.3247,517.941,301.605,819.547
15.3447,783.329,446.247,1229.58
15.3647,504.866,298.355,803.222
15.3847,771.393,444.593,1215.99
15.4047,510.697,301.28,811.976
15.4247,775.448,440.618,1216.07
15.4447,502.76,295.49,798.251
15.4647,777.344,444.611,1221.96
15.4847,507.264,296.719,803.983
15.5047,772.16,451.267,1223.43
15.5247,487.067,286.419,773.487
15.5447,789.342,459.872,1249.21
15.5647,474.898,281.681,756.579
15.5847,800.637,466.685,1267.32
15.6047,473.421,278.15,751.571
15.6247,793.609,459.925,1253.53
15.6447,484.462,281.695,766.157
15.6647,783.063,457.831,1240.89
15.6847,477.246,287.628,764.874
15.7047,786.082,458.875,1244.96
15.7247,475.778,272.568,748.346
15.7447,796.767,466.368,1263.14
15.7647,475.507,285.374,760.881
15.7847,817.515,466.19,1283.7
15.8047,475.793,277.714,753.507
15.8247,783.113,459.589,1242.7
15.8447,479.862,284.68,764.542
15.8647,795.754,457.881,1253.64
15.8847,483.782,280.6,764.382
15.9047,774.444,454.987,1229.43
15.9247,469.741,283.626,753.367
15.9447,799.24,453.919,1253.16
15.9647,474.354,290.058,764.412
15.9847,757.192,443.142,1200.33
16.0047,484.435,295.209,779.643
16.0247,763.441,441.546,1204.99
16.0447,469.079,285.227,754.306
16.0647,781.325,451.106,1232.43
16.0847,459.591,278.625,738.217
16.1047,808.879,462.529,1271.41
16.1247,432.5,270.033,702.533
16.1447,805.755,463.206,1268.96
16.1647,418.89,265.206,684.096
16.1847,847.189,478.537,1325.73
16.2047,418.175,257.289,675.464
16.2247,797.295,464.343,1261.64
16.2447,418.044,260.2,678.244
16.2647,835.226,474.319,1309.54
16.2847,422.123,262.553,684.676
16.3047,784.749,460.867,1245.62
16.3247,430.216,265.187,695.403
16.3447,825.991,474.333,1300.32
16.3647,423.949,255.645,679.593
16.3847,799.563,468.733,1268.3
16.4047,427.686,263.745,691.431
16.4247,810.796,468.516,1279.31
16.4447,429.34,254.424,683.764
16.4647,775.757,462.679,1238.44
16.4847,430.924,264.215,695.14
16.5047,815.18,469.439,1284.62
16.5247,431.502,261.178,692.68
16.5447,787.596,461.056,1248.65
16.5647,442.1,277.076,719.176
16.5847,780.911,456.413,1237.32
16.6047,454.561,275.487,730.048
16.6247,753.873,442.332,1196.21
16.6447,465.887,294.397,760.284
16.6647,740.081,430.711,1170.79
16.6847,472.5,289.886,762.386
16.7047,705.072,422.95,1128.02
16.7247,490.577,307.309,797.886
16.7447,738.789,434.039,1172.83
16.7647,477.324,291.37,768.695
16.7847,701.115,425.944,1127.06
16.8047,477.186,300.71,777.895
16.8247,746.71,430.061,1176.77
16.8447,483.766,300.773,784.539
16.8647,690.988,418.1,1109.09
16.8847,482.99,300.043,783.034
16.9047,746.691,432.259,1178.95
16.9247,470.839,298.847,769.687
16.9447,690.985,421.856,1112.84
16.9647,491.215,303.955,795.17
16.9847,744.214,428.599,1172.81
17.0047,472.296,293.962,766.257
17.0247,661.157,412.685,1073.84
17.0447,496.92,309.425,806.346
17.0647,723.863,418.116,1141.98
17.0847,489.339,305.583,794.921
17.1047,654.124,402.213,1056.34
17.1247,499.623,315.524,815.148
17.1447,739.785,429.497,1169.28
17.1647,488.239,297.389,785.627
17.1847,672.762,402.323,1075.09
17.2047,465.178,304.107,769.285
17.2247,741.858,445.516,1187.37
17.2447,484.401,295.59,779.992
17.2647,665.064,374.216,1039.28
17.2847,446.023,294.76,740.782
17.3047,1082.02,522.231,1604.25
17.3247,180.815,159.457,340.273
17.3447,926.685,547.337,1474.02
17.3647,218.152,151.479,369.631
17.3847,940.595,550.939,1491.53
17.4047,242.84,147.971,390.811
17.4247,889.699,549.354,1439.05
17.4447,265.609,163.043,428.652
17.4647,910.933,556.062,1466.99
17.4847,277.74,151.734,429.474
17.5047,857.953,541.797,1399.75
17.5247,286.184,172.242,458.427
17.5447,865.947,538.79,1404.74
17.5647,307.245,159.719,466.965
17.5847,860.552,537.611,1398.16
17.6047,298.892,172.53,471.421
17.6247,862.191,543.448,1405.64
17.6447,319.073,166.329,485.402
17.6647,835.337,531.582,1366.92
17.6847,295.363,174.001,469.363
17.7047,854.299,543.168,1397.47
17.7247,316.991,168.494,485.485
17.7447,840.113,526.657,1366.77
17.7647,303.464,182.38,485.844
17.7847,841.337,532.605,1373.94
17.8047,309.995,169.642,479.637
17.8247,842.842,531.311,1374.15
17.8447,307.182,181.855,489.037
17.8647,834.527,532.916,1367.44
17.8847,311.497,176.089,487.586
17.9047,848.566,533.314,1381.88
17.9247,294.262,172.647,466.908
17.9447,827.822,528.353,1356.17
17.9647,297.569,173.397,470.966
17.9847,837.205,527.156,1364.36
18.0047,323.589,188.583,512.172
18.0247,818.509,520.164,1338.67
18.0447,331.361,186.382,517.743
18.0647,802.803,513.686,1316.49
18.0847,349.08,202.496,551.576
18.1047,791.94,511.31,1303.25
18.1247,361.248,202.94,564.188
18.1447,766.522,496.982,1263.5
18.1647,379.399,217.55,596.949
18.1847,756.178,492.083,1248.26
18.2047,363.879,208.617,572.495
18.2247,755.922,493.78,1249.7
18.2447,380.088,212.29,592.378
18.2647,757.855,490.72,1248.58
18.2847,361.613,210.054,571.666
18.3047,725.216,481.163,1206.38
18.3247,379.167,213.27,592.436
18.3447,751.472,491.872,1243.34
18.3647,358.686,207.062,565.748
18.3847,738.612,489.762,1228.37
18.4047,366.987,210.199,577.186
18.4247,742.28,485.882,1228.16
18.4447,365.93,209.714,575.644
18.4647,735.007,487.104,1222.11
18.4847,357.471,206.037,563.507
18.5047,753.096,493.173,1246.27
18.5247,365.126,207.707,572.834
18.5447,755.336,489.07,1244.41
18.5647,350.924,207.047,557.971
18.5847,757.887,489.431,1247.32
18.6047,358.534,208.053,566.586
18.6247,749.732,490.695,1240.43
18.6447,338.36,203.431,541.79
18.6647,763.396,494.607,1258
18.6847,329.856,195.894,525.75
18.7047,762.772,492.09,1254.86
18.7247,329.772,200.171,529.943
18.7447,755.799,486.923,1242.72
18.7647,333.453,204.439,537.892
18.7847,763.673,497.848,1261.52
18.8047,324.202,198.691,522.892
18.8247,778.889,493.16,1272.05
18.8447,325.891,205.205,531.096
18.8647,745.572,482.054,1227.63
18.8847,339.21,213.989,553.2
18.9047,749.579,488.388,1237.97
18.9247,343.392,208.338,551.73
18.9447,749.511,488.435,1237.95
18.9647,337.233,210.184,547.416
18.9847,750.047,482.244,1232.29
19.0047,351.148,215.934,567.082
19.0247,732.188,477.388,1209.58
19.0447,332.826,211.505,544.331
19.0647,738.747,481.65,1220.4
19.0847,339.067,210.03,549.097
19.1047,726.966,469.757,1196.72
19.1247,351.661,220.186,571.848
19.1447,731.379,467.948,1199.33
19.1647,354.327,221.12,575.447
19.1847,713.547,466.958,1180.51
19.2047,353.935,224.715,578.65
19.2247,718.516,462.888,1181.4
19.2447,373.677,225.517,599.193
19.2647,688.779,457.842,1146.62
19.2847,386.445,238.781,625.226
19.3047,681.541,452.972,1134.51
19.3247,382.163,229.69,611.853
19.3447,696.019,455.671,1151.69
19.3647,368.361,234.273,602.634
19.3847,695.408,453.709,1149.12
19.4047,359.276,223.739,583.015
19.4247,704.369,462.539,1166.91
19.4447,355.545,232.156,587.701
19.4647,708.635,455.478,1164.11
19.4847,362.711,231.07,593.781
19.5047,691.91,450.732,1142.64
19.5247,365.831,230.927,596.757
19.5447,675.027,442.7,1117.73
19.5647,387.339,247.607,634.946
19.5847,670.896,435.611,1106.51
19.6047,405.033,249.378,654.411
19.6247,646.096,426.698,1072.79
19.6447,400.533,260.149,660.682
19.6647,650.769,426.003,1076.77
19.6847,406.983,255.089,662.072
19.7047,632.23,423.31,1055.54
19.7247,394.565,256.847,651.413
19.7447,648.828,428.07,1076.9
19.7647,410.37,255.278,665.647
19.7847,645.913,429.88,1075.79
19.8047,384.631,245.969,630.6
19.8247,657.943,433.931,1091.87
19.8447,380.424,245.825,626.248
19.8647,665.747,437.695,1103.44
19.8847,374.818,243.725,618.543
19.9047,683.258,444.662,1127.92
19.9247,371.309,239.556,610.865
19.9447,670.023,443.916,1113.94
19.9647,353.042,230.212,583.254
19.9847,688.087,449.058,1137.14
20.0047,347.888,235.95,583.838
20.0247,680.087,449.789,1129.88
20.0447,331.332,225.078,556.41
20.0647,695.255,454.301,1149.56
20.0847,330.514,219.998,550.512
20.1047,690.623,453.734,1144.36
20.1247,323.982,224.655,548.637
20.1447,708.474,458.839,1167.31
20.1647,312.507,212.982,525.489
20.1847,698.045,460.169,1158.21
20.2047,326.277,222.954,549.231
20.2247,704.773,460.532,1165.31
20.2447,330.813,218.352,549.165
20.2647,690.071,452.012,1142.08
20.2847,339.35,230.696,570.046
20.3047,691.035,448.881,1139.92
20.3247,328.017,222.619,550.636
20.3447,707.054,460.17,1167.22
20.3647,323.561,222.523,546.084
20.3847,688.463,447.289,1135.75
20.4047,325.308,220.603,545.911
20.4247,683.652,445.189,1128.84
20.4447,325.25,229.858,555.108
20.4647,688.005,445.635,1133.64
20.4847,335.827,234.143,569.97
20.5047,671.102,442.855,1113.96
20.5247,338.197,232.862,571.059
20.5447,671.38,439.138,1110.52
20.5647,347.563,236.028,583.59
20.5847,671.732,437.927,1109.66
20.6047,336.186,232.058,568.244
20.6247,667.883,435.745,1103.63
20.6447,337.096,235.272,572.368
20.6647,659.472,436.655,1096.13
20.6847,332.779,227.895,560.674
20.7047,664.692,438.962,1103.65
20.7247,333.236,231.005,564.241
20.7447,661.536,437.116,1098.65
20.7647,354.13,239.076,593.206
20.7847,652.08,431.276,1083.36
20.8047,349.827,240.644,590.471
20.8247,642.77,428.609,1071.38
20.8447,355.911,245.242,601.153
20.8647,650.218,425.077,1075.3
20.8847,348.428,239.584,588.012
20.9047,642.897,424.868,1067.76
20.9247,346.994,236.357,583.351
20.9447,650.01,425.309,1075.32
20.9647,331.661,239.221,570.883
20.9847,656.284,433.072,1089.36
21.0047,336.949,236.216,573.165
21.0247,655.129,432.316,1087.45
21.0447,312.447,229.629,542.076
21.0647,669.235,436.082,1105.32
21.0847,319.24,230.931,550.171
21.1047,660.279,431.236,1091.52
21.1247,323.712,239.612,563.324
21.1447,639.266,423.518,1062.78
21.1647,345.329,248.395,593.724
21.1847,634.172,420.538,1054.71
21.2047,331.04,240.133,571.174
21.2247,651.91,423.09,1075
21.2447,325.294,238.798,564.092
21.2647,645.082,418.588,1063.67
21.2847,340.71,243.343,584.053
21.3047,639.945,416.627,1056.57
21.3247,332.392,238.773,571.165
21.3447,625.152,417.391,1042.54
21.3647,332.343,248.778,581.121
21.3847,629.53,416.858,1046.39
21.4047,346.073,250.437,596.51
21.4247,624.311,416.112,1040.42
21.4447,332.97,247.847,580.817
21.4647,626.493,416.976,1043.47
21.4847,337.566,243.497,581.063
21.5047,609.736,414.934,1024.67
21.5247,364.256,256.811,621.068
21.5447,593.174,403.099,996.273
21.5647,353.539,255.564,609.104
21.5847,588.772,400.638,989.41
21.6047,359.972,257.084,617.056
21.6247,604.589,402.736,1007.33
21.6447,371.026,261.54,632.565
21.6647,599.416,398.627,998.042
21.6847,365.422,262.573,627.996
21.7047,595.021,401.092,996.113
21.7247,360.3,249.755,610.055
21.7447,584.482,395.243,979.725
21.7647,360.857,265.254,626.111
21.7847,600.563,399.788,1000.35
21.8047,352.708,255.344,608.053
21.8247,586.393,396.753,983.145
21.8447,345.19,259.387,604.577
21.8647,598.881,404.904,1003.79
21.8847,362.797,268.682,631.479
21.9047,581.71,398.372,980.083
21.9247,355.505,261.377,616.881
21.9447,590.668,398.903,989.572
21.9647,357.747,256.966,614.713
21.9847,585.062,396.607,981.669
22.0047,347.041,260.738,607.779
22.0247,586.293,399.324,985.617
22.0447,342.285,251.058,593.343
22.0647,585.574,394.075,979.65
22.0847,346.709,253.569,600.278
22.1047,601.565,402.455,1004.02
22.1247,350.453,252.273,602.726
22.1447,585.338,397.377,982.715
22.1647,329.875,249.181,579.056
22.1847,595.004,396.62,991.624
22.2047,347.151,252.893,600.045
22.2247,582.492,396.806,979.297
22.2447,339.109,254.681,593.791
22.2647,606.775,406.803,1013.58
22.2847,344.604,257.056,601.66
22.3047,582.119,396.15,978.269
22.3247,330.416,254.187,584.603
22.3447,595.525,395.635,991.161
22.3647,335.653,255.27,590.923
22.3847,581.526,393.291,974.816
22.4047,333.854,256.477,590.331
22.4247,605.929,396.538,1002.47
22.4447,325.137,246.975,572.112
22.4647,590.057,395.587,985.644
22.4847,310.911,243.275,554.186
22.5047,617.714,403.286,1021
22.5247,321.805,250.544,572.348
22.5447,581.57,390.988,972.558
22.5647,339.041,260.399,599.44
22.5847,596.568,395.458,992.026
22.6047,322.065,249.487,571.552
22.6247,569.959,388.926,958.885
22.6447,327.034,256.395,583.429
22.6647,591.077,394.23,985.306
22.6847,331.17,258.697,589.866
22.7047,570.183,386.175,956.358
22.7247,330.758,259.093,589.851
22.7447,580.671,390.764,971.435
22.7647,324.732,256.409,581.141
22.7847,576.481,387.082,963.563
22.8047,325.893,258.166,584.059
22.8247,584.37,391.418,975.788
22.8447,327.923,256.006,583.929
22.8647,558.392,378.241,936.632
22.8847,329.552,261.497,591.049
22.9047,575.273,383.816,959.089
22.9247,337.13,258.015,595.146
22.9447,558.168,373.576,931.745
22.9647,341.939,263.913,605.851
22.9847,567.926,378.918,946.844
23.0047,342.923,265.623,608.546
23.0247,561.667,379.057,940.724
23.0447,351.441,266.979,618.42
23.0647,541.325,371.333,912.658
23.0847,342.976,269.894,612.87
23.1047,551.714,374.726,926.441
23.1247,349.257,267.525,616.782
23.1447,532.923,368.347,901.27
23.1647,344.058,263.523,607.581
23.1847,548.086,372.879,920.965
23.2047,333.542,265.906,599.448
23.2247,550.648,374.602,925.25
23.2447,339.597,257.864,597.461
23.2647,548.826,370.963,919.789
23.2847,332.994,265.223,598.217
23.3047,552.095,377.247,929.341
23.3247,322.657,260.634,583.291
23.3447,553.634,378.714,932.348
23.3647,331.62,260.824,592.443
23.3847,551.421,375.689,927.11
23.4047,325.995,257.798,583.794
23.4247,557.391,376.058,933.449
23.4447,333.393,262.72,596.113
23.4647,550.989,374.678,925.666
23.4847,329.683,266.463,596.146
23.5047,549.262,371.991,921.254
23.5247,330.05,259.875,589.925
23.5447,552.356,373.72,926.076
23.5647,327.581,259.854,587.435
23.5847,536.663,370.694,907.356
23.6047,328.942,264.888,593.83
23.6247,539.169,373.831,913
23.6447,330.001,260.56,590.561
23.6647,535.891,372.727,908.618
23.6847,337.896,267.357,605.253
23.7047,539.679,374.854,914.534
23.7247,316.624,260.029,576.653
23.7447,545.822,379.785,925.606
23.7647,316.974,258.444,575.418
23.7847,530.764,371.557,902.321
23.8047,333.41,264.556,597.966
23.8247,530.599,371.034,901.633
23.8447,342.24,261.703,603.943
23.8647,519.98,364.898,884.877
23.8847,338.526,267.532,606.058
23.9047,534.383,365.454,899.837
23.9247,336.787,263.454,600.241
23.9447,523.747,366.259,890.007
23.9647,323.218,255.435,578.653
23.9847,555.557,376.178,931.735
24.0047,325.89,257.774,583.664
24.0247,536.629,371.804,908.433
24.0447,303.911,249.893,553.803
24.0647,541.637,371.356,912.993
24.0847,303.12,248.022,551.142
24.1047,537.96,371.175,909.136
24.1247,308.524,259.448,567.972
24.1447,544.406,374.25,918.656
24.1647,309.883,251.608,561.491
24.1847,532.373,371.086,903.459
24.2047,320.161,264.787,584.948
24.2247,534.835,370.109,904.944
24.2447,310.428,255.072,565.5
24.2647,534.28,371.537,905.818
24.2847,307.722,258.927,566.649
24.3047,543.013,370.644,913.657
24.3247,318.316,258.425,576.741
24.3447,528.48,368.151,896.631
24.3647,312.61,256.718,569.328
24.3847,526.246,362.582,888.828
24.4047,322.251,258.635,580.886
24.4247,521.129,365.411,886.54
24.4447,304.976,257.085,562.06
24.4647,538.708,368.696,907.404
24.4847,314.485,253.822,568.307
24.5047,538.497,370,908.497
24.5247,291.303,252.271,543.574
24.5447,551.209,373.994,925.204
24.5647,312.825,253.384,566.209
24.5847,525.238,370.29,895.528
24.6047,295.908,257.553,553.461
24.6247,556.119,376.12,932.239
24.6447,299.722,251.941,551.664
24.6647,524.699,364.021,888.719
24.6847,287.444,256.256,543.7
24.7047,552.216,371.042,923.258
24.7247,297.06,250.879,547.938
24.7447,528.595,364.875,893.469
24.7647,293.728,253.354,547.082
24.7847,549.292,369.213,918.505
24.8047,285.863,250.782,536.645
24.8247,522.953,364.241,887.194
24.8447,297.948,261.762,559.71
24.8647,522.845,364.275,887.12
24.8847,294.866,257.369,552.234
24.9047,517.255,358.065,875.319
24.9247,300.208,258.434,558.642
24.9447,520.706,360.328,881.035
24.9647,311.323,252.96,564.283
24.9847,515.38,356.025,871.405
25.0047,302.497,258.176,560.672
25.0247,517.169,359.9,877.069
25.0447,304.204,257.216,561.419
25.0647,501.845,356.565,858.41
25.0847,305.476,260.479,565.955
25.1047,510.042,358.057,868.098
25.1247,309.226,266.632,575.858
25.1447,524.449,359.271,883.72
25.1647,297.428,256.754,554.182
25.1847,506.206,355.005,861.211
25.2047,297.596,254.703,552.299
25.2247,517.2,359.619,876.818
25.2447,299.49,253.744,553.234
25.2647,517.272,359.277,876.549
25.2847,291.044,254.102,545.146
25.3047,532.663,362.144,894.807
25.3247,292.386,251.953,544.339
25.3447,509.491,359.209,868.7
25.3647,288.272,252.745,541.017
25.3847,517.689,357.261,874.95
25.4047,297.535,251.563,549.098
25.4247,508.88,358.388,867.268
25.4447,288.741,249.297,538.039
25.4647,511.861,359.437,871.298
25.4847,292.119,254.114,546.233
25.5047,519.161,361.836,880.996
25.5247,298.3,252.388,550.687
25.5447,513.045,361.223,874.268
25.5647,303.744,256.355,560.099
25.5847,501.744,351.546,853.29
25.6047,287.931,257.318,545.249
25.6247,511.984,359.194,871.178
25.6447,288.144,253.252,541.396
25.6647,498.545,352.769,851.314
25.6847,287.472,256.654,544.125
25.7047,495.338,355.063,850.401
25.7247,292.669,254.322,546.991
25.7447,509.692,356.91,866.602
25.7647,295.511,254.82,550.331
25.7847,496.97,353.541,850.511
25.8047,298.497,256.419,554.916
25.8247,499.694,352.524,852.218
25.8447,297.406,256.103,553.509
25.8647,493.517,352.025,845.542
25.8847,292.178,248.889,541.066
25.9047,499.821,354.409,854.23
25.9247,291.365,257.019,548.385
25.9447,501.784,347.304,849.088
25.9647,291.423,257.116,548.539
25.9847,493.601,349.771,843.372
26.0047,278.001,246.892,524.893
26.0247,507.528,358.492,866.021
26.0447,284.535,247.178,531.713
26.0647,514.603,359.541,874.144
26.0847,278.881,244.676,523.556
26.1047,508.215,360.797,869.013
26.1247,271.92,243.639,515.559
26.1447,504.031,356.424,860.455
26.1647,279.591,246.928,526.519
26.1847,500.646,354.922,855.568
26.2047,279.392,247.372,526.764
26.2247,488.752,351.275,840.028
26.2447,279.001,251.72,530.721
26.2647,494.964,354.022,848.986
26.2847,281.458,249.44,530.899
26.3047,493.844,349.369,843.214
26.3247,277.295,250.415,527.71
26.3447,494.778,354.618,849.396
26.3647,284.502,245.255,529.757
26.3847,494.307,351.132,845.439
26.4047,273.762,248.066,521.828
26.4247,500.533,354.194,854.727
26.4447,275.638,247.161,522.799
26.4647,498.818,351.864,850.682
26.4847,281.866,251.925,533.791
26.5047,485.83,350.177,836.007
26.5247,285.218,250.604,535.822
26.5447,472.494,345.401,817.895
26.5647,278.192,248.705,526.897
26.5847,489.922,350.246,840.169
26.6047,281.952,249.971,531.923
26.6247,489.939,350.246,840.185
26.6447,284.127,252.421,536.548
26.6647,477.6,347.698,825.298
26.6847,276.639,247.142,523.781
26.7047,480.386,347.479,827.864
26.7247,291.012,252.963,543.974
26.7447,477.72,345.394,823.114
26.7647,281.683,248.808,530.49
26.7847,477.813,347.164,824.977
26.8047,276.369,248.114,524.483
26.8247,476.453,343.39,819.844
26.8447,294.894,257.61,552.504
26.8647,476.849,344.907,821.756
26.8847,285.806,255.587,541.393
26.9047,469.283,344.212,813.495
26.9247,277.667,247.396,525.063
26.9447,465.743,342.024,807.767
26.9647,281.415,249.89,531.305
26.9847,473.975,345.065,819.04
27.0047,280.097,251.022,531.119
27.0247,487.029,346.681,833.71
27.0447,272.882,250.174,523.057
27.0647,470.086,345.511,815.597
27.0847,274.368,248.114,522.482
27.1047,478.811,345.606,824.417
27.1247,276.311,252.339,528.65
27.1447,460.604,341.623,802.227
27.1647,277.288,249.462,526.75
27.1847,468.358,338.727,807.085
27.2047,267.135,244.723,511.858
27.2247,477.784,345.048,822.832
27.2447,277.753,252.011,529.765
27.2647,476.687,341.309,817.996
27.2847,272.762,249.728,522.49
27.3047,467.493,340.728,808.221
27.3247,281.635,254.018,535.653
27.3447,453.518,335.526,789.044
27.3647,273.325,252.257,525.582
27.3847,461.481,339.36,800.84
27.4047,285.095,252.676,537.771
27.4247,457.086,334.981,792.067
27.4447,271.698,245.63,517.329
27.4647,467.271,343.538,810.809
27.4847,274.583,248.674,523.257
27.5047,458.906,340.889,799.795
27.5247,256.835,248.688,505.523
27.5447,471.07,342.203,813.274
27.5647,264.225,246.425,510.65
27.5847,466.353,338.62,804.973
27.6047,269.331,251.916,521.248
27.6247,468.592,337.048,805.64
27.6447,264.883,249.518,514.401
27.6647,472.266,342.051,814.316
27.6847,264.085,247.162,511.247
27.7047,469.439,336.91,806.349
27.7247,263.38,249.686,513.066
27.7447,472.151,343.267,815.418
27.7647,259.79,243.334,503.123
27.7847,457.1,339.478,796.578
27.8047,258.919,243.932,502.85
27.8247,472.101,342.389,814.49
27.8447,244.425,239.206,483.631
27.8647,479.215,341.816,821.031
27.8847,257.912,243.5,501.411
27.9047,464.775,337.195,801.97
27.9247,261.144,247.189,508.334
27.9447,458.371,338.848,797.219
27.9647,264.689,250.645,515.334
27.9847,449.026,335.355,784.381
28.0047,261.765,248.724,510.489
28.0247,467.087,337.292,804.379
28.0447,256.58,248.162,504.742
28.0647,465.073,339.257,804.33
28.0847,256.495,243.141,499.636
28.1047,453.129,337.737,790.867
28.1247,267.325,248.458,515.783
28.1447,461.824,336.282,798.106
28.1647,254.875,244.537,499.412
28.1847,459.358,332.204,791.562
28.2047,249.562,243.002,492.564
28.2247,466.434,335.297,801.73
28.2447,261.352,247.278,508.63
28.2647,444.261,331.166,775.426
28.2847,263.375,249.812,513.187
28.3047,449.682,327.051,776.733
28.3247,263.379,252.055,515.434
28.3447,456.429,329.1,785.529
28.3647,256.51,248.622,505.132
28.3847,439.274,328.549,767.823
28.4047,255.807,250.272,506.079
28.4247,461.77,332.521,794.291
28.4447,249.861,248.312,498.173
28.4647,457.436,330.911,788.347
28.4847,249.312,245.727,495.039
28.5047,456.186,332.407,788.594
28.5247,256.407,245.557,501.964
28.5447,440.426,331.776,772.203
28.5647,258.52,249.366,507.887
28.5847,453.17,328.379,781.549
28.6047,254.323,245.218,499.541
28.6247,444.352,329.555,773.907
28.6447,244.372,243.1,487.472
28.6647,438.926,330.925,769.85
28.6847,254.422,249.484,503.906
28.7047,447.386,331.688,779.074
28.7247,250.025,244.173,494.199
28.7447,443.38,329.931,773.311
28.7647,250.632,250.118,500.75
28.7847,463.543,330.335,793.877
28.8047,250.713,240.139,490.852
28.8247,445.064,328.861,773.925
28.8447,255.013,246.488,501.501
28.8647,446.789,326.471,773.26
28.8847,247.292,241.517,488.809
28.9047,463.45,336.26,799.71
28.9247,237.591,239.372,476.964
28.9447,457.141,331.991,789.131
28.9647,237.63,237.179,474.809
28.9847,463.648,336.979,800.627
29.0047,225.099,236.963,462.062
29.0247,458.131,333.422,791.553
29.0447,239.617,235.215,474.832
29.0647,455.758,340.843,796.601
29.0847,231.682,240.588,472.269
29.1047,458.211,334.186,792.397
29.1247,231.712,238.864,470.576
29.1447,454.912,334.42,789.331
29.1647,246.354,244.294,490.648
29.1847,448.614,330.171,778.785
29.2047,237.894,237.799,475.693
29.2247,462.244,335.493,797.737
29.2447,223.187,231.115,454.302
29.2647,457.32,332.924,790.245
29.2847,225.959,238.623,464.581
29.3047,455.368,331.107,786.475
29.3247,227.615,231.544,459.16
29.3447,450.193,329.193,779.386
29.3647,235.777,238.182,473.959
29.3847,451.67,328.155,779.825
29.4047,235.754,238.333,474.088
29.4247,457.39,335.964,793.354
29.4447,229.116,239.153,468.269
29.4647,451.716,334.599,786.315
29.4847,240.275,238.183,478.458
29.5047,433.981,324.449,758.43
29.5247,232.648,237.986,470.633
29.5447,446.265,328.087,774.352
29.5647,237.122,240.258,477.379
29.5847,442.037,328.517,770.554
29.6047,228.714,237.355,466.069
29.6247,444.995,333.844,778.839
29.6447,233.549,235.874,469.424
29.6647,437.425,329.487,766.912
29.6847,239.249,238.095,477.344
29.7047,436.468,325.25,761.718
29.7247,242.117,240.834,482.952
29.7447,432.006,321.849,753.855
29.7647,241.815,238.868,480.683
29.7847,428.624,323.71,752.334
29.8047,233.208,236.915,470.123
29.8247,430.25,324.009,754.259
29.8447,232.053,242.514,474.567
29.8647,429.185,324.263,753.448
29.8847,236.35,235.635,471.985
29.9047,438.945,326.502,765.447
29.9247,235.798,243.672,479.47
29.9447,435.993,325.715,761.708
29.9647,244.123,241.9,486.023
29.9847,428.991,325.683,754.673
30.0047,233.403,240.111,473.514
30.0247,430.773,323.469,754.242
30.0447,238.038,242.636,480.674
30.0647,426.598,326.551,753.15
30.0847,229.002,237.234,466.236
30.1047,430.849,329.125,759.974
30.1247,229.832,236.552,466.384
30.1447,431.347,326.217,757.563
30.1647,222.656,230.265,452.921
30.1847,432.499,323.889,756.388
30.2047,235.225,234.64,469.865
30.2247,420.108,322.678,742.785
30.2447,226.986,237.426,464.412
30.2647,437.285,323.236,760.521
30.2847,232.694,237.039,469.733
30.3047,421.557,322.152,743.709
30.3247,225.873,234.416,460.29
30.3447,435.074,326.479,761.553
30.3647,226.923,235.023,461.947
30.3847,423.353,318.178,741.531
30.4047,231.422,243.284,474.706
30.4247,430.234,324.295,754.53
30.4447,224.649,236.452,461.101
30.4647,433.146,321.262,754.409
30.4847,224.835,238.258,463.093
30.5047,435.066,325.088,760.153
30.5247,232.117,236.332,468.449
30.5447,428.837,320.84,749.677
30.5647,232.485,233.786,466.272
30.5847,425.015,325.367,750.382
30.6047,223.22,232.748,455.968
30.6247,420.426,319.357,739.784
30.6447,234.082,234.954,469.036
30.6647,422.238,319.982,742.22
30.6847,219.94,234.843,454.784
30.7047,420.453,321.409,741.861
30.7247,224.333,234.335,458.668
30.7447,430.508,319.038,749.546
30.7647,228.395,235.024,463.418
30.7847,412.404,315.825,728.229
30.8047,226.729,235.316,462.044
30.8247,413.623,318.104,731.727
30.8447,231.904,237.152,469.056
30.8647,415.878,314.243,730.12
30.8847,224.827,236.428,461.255
30.9047,408.093,316.485,724.578
30.9247,224.362,235.779,460.142
30.9447,413.794,318.975,732.77
30.9647,221.647,234.264,455.911
30.9847,422.887,319.79,742.677
31.0047,224.256,237.134,461.39
31.0247,422.374,319.128,741.502
31.0447,220.836,231.725,452.561
31.0647,423.548,316.452,740
31.0847,223.052,234.26,457.311
31.1047,414.592,315.753,730.345
31.1247,221.386,237.139,458.525
31.1447,416.489,316.011,732.501
31.1647,225.34,232.303,457.642
31.1847,410.654,313.336,723.991
31.2047,218.392,234.576,452.968
31.2247,419.28,316.91,736.19
31.2447,226.998,235.079,462.076
31.2647,415.137,316.649,731.786
31.2847,221.762,236.031,457.792
31.3047,406.178,314.271,720.449
31.3247,219.921,238.214,458.135
31.3447,408.724,311.046,719.771
31.3647,222.372,235.649,458.022
31.3847,405.285,314.958,720.243
31.4047,219.579,234.97,454.549
31.4247,417.442,315.545,732.988
31.4447,221.924,237.827,459.75
31.4647,406.405,315.599,722.004
31.4847,221.512,229.625,451.137
31.5047,394.534,314.31,708.844
31.5247,217.916,232.184,450.1
31.5447,403.771,313.736,717.507
31.5647,223.368,234.58,457.948
31.5847,412.277,314.389,726.666
31.6047,216.653,235.394,452.047
31.6247,410.328,314.629,724.957
31.6447,225.628,235.329,460.957
31.6647,395.71,309.642,705.351
31.6847,224.324,237.595,461.918
31.7047,395.995,311.606,707.601
31.7247,233.601,238.893,472.494
31.7447,391.684,308.11,699.794
31.7647,222.2,231.126,453.327
31.7847,385.148,310.86,696.008
31.8047,226.99,236.845,463.834
31.8247,396.731,308.299,705.029
31.8447,230.466,235.797,466.263
31.8647,396.752,308.319,705.071
31.8847,231.631,235.931,467.562
31.9047,401.966,308.878,710.844
31.9247,227.994,234.474,462.469
31.9447,394.026,309.261,703.286
31.9647,229.829,238.481,468.309
31.9847,385.373,307.014,692.386
32.0047,228.695,234.628,463.323
32.0247,396.689,309.849,706.539
32.0447,217.09,234.093,451.184
32.0647,396.663,307.4,704.063
32.0847,203.973,228.462,432.435
32.1047,408.702,313.821,722.523
32.1247,205.967,232.517,438.484
32.1447,406.129,312.402,718.531
32.1647,208.704,233.382,442.086
32.1847,394.492,311.839,706.331
32.2047,215.05,230.663,445.713
32.2247,396.223,307.879,704.102
32.2447,210.31,230.351,440.661
32.2647,403.319,312.14,715.459
32.2847,214.687,230.786,445.473
32.3047,397.383,311.112,708.495
32.3247,217.852,231.913,449.765
32.3447,389.335,309.194,698.529
32.3647,215.641,230.598,446.239
32.3847,396.622,308.569,705.192
32.4047,217.65,238.025,455.675
32.4247,387.619,305.575,693.194
32.4447,221.809,236.858,458.667
32.4647,391.613,303.26,694.873
32.4847,211.982,232.033,444.015
32.5047,397.064,308.162,705.226
32.5247,213.957,234.246,448.203
32.5447,386.537,305.757,692.294
32.5647,219.499,232.684,452.184
32.5847,388.98,306.955,695.935
32.6047,209.437,229.019,438.455
32.6247,385.762,306.693,692.454
32.6447,213.894,230.305,444.199
32.6647,402.736,305.197,707.933
32.6847,212.713,232.119,444.832
32.7047,384.078,304.792,688.869
32.7247,207.53,232.549,440.079
32.7447,383.022,301.317,684.339
32.7647,204.304,229.573,433.877
32.7847,386.083,304.66,690.744
32.8047,204.989,232.489,437.479
32.8247,391.522,305.8,697.322
32.8447,211.133,233.706,444.839
32.8647,393.656,302.517,696.173
32.8847,211.875,230.078,441.953
32.9047,396.566,306.395,702.961
32.9247,208.017,230.775,438.792
32.9447,393.242,310.524,703.766
32.9647,196.858,226.774,423.632
32.9847,387.701,306.058,693.759
33.0047,208.14,229.99,438.13
33.0247,385.726,304.268,689.994
33.0447,204.252,229.033,433.286
33.0647,389.53,304.994,694.523
33.0847,193.696,229.087,422.783
33.1047,388.05,307.472,695.523
33.1247,203.431,228.492,431.923
33.1447,385.506,306.436,691.942
33.1647,194.454,222.836,417.29
33.1847,381.951,306.511,688.462
33.2047,210.112,230.984,441.096
33.2247,391.324,306.941,698.265
33.2447,212.835,227.565,440.401
33.2647,377.769,300.708,678.477
33.2847,198.61,228.203,426.813
33.3047,377.281,305.31,682.591
33.3247,209.958,231.783,441.741
33.3447,380.221,303.338,683.558
33.3647,210.299,230.535,440.835
33.3847,376.622,302.857,679.479
33.4047,207.821,228.921,436.742
33.4247,375.371,302.301,677.672
33.4447,204.055,226.243,430.298
33.4647,376.221,301.861,678.082
33.4847,210.226,233.245,443.472
33.5047,373.807,302.388,676.195
33.5247,203.991,227.714,431.705
33.5447,367.967,299.936,667.903
33.5647,211.179,231.372,442.551
33.5847,378.253,300.382,678.635
33.6047,197.046,222.689,419.736
33.6247,369.641,295.47,665.111
33.6447,202.38,227.963,430.343
33.6647,369.514,298.392,667.906
33.6847,220.855,233.914,454.769
33.7047,364.23,293.33,657.56
33.7247,213.24,233.059,446.3
33.7447,361.12,292.512,653.632
33.7647,216.816,233.052,449.867
33.7847,369.467,294.84,664.306
33.8047,210.462,226.218,436.68
33.8247,363.966,293.22,657.186
33.8447,206.661,228.315,434.976
33.8647,371.797,297.795,669.592
33.8847,200.065,228.511,428.576
33.9047,373.831,295.37,669.201
33.9247,201.546,230.971,432.516
33.9447,372.528,295.668,668.196
33.9647,198.817,227.433,426.249
33.9847,374.858,298.663,673.521
34.0047,211.616,228.009,439.624
34.0247,371.681,295.318,666.999
34.0447,205.416,231.314,436.73
34.0647,368.413,298.097,666.51
34.0847,201.639,228.629,430.267
34.1047,365.02,295.119,660.14
34.1247,201.496,226.183,427.679
34.1447,373.065,294.085,667.149
34.1647,204.4,229.745,434.145
34.1847,366.362,297.837,664.199
34.2047,204.349,224.354,428.703
34.2247,360.115,295.763,655.878
34.2447,198.343,227.504,425.847
34.2647,364.29,292.714,657.004
34.2847,208.941,228.082,437.023
34.3047,362.976,295.568,658.544
34.3247,211.479,229.645,441.124
34.3447,349.684,292.165,641.849
34.3647,201.903,228.732,430.635
34.3847,360.855,291.55,652.406
34.4047,213.065,230.382,443.446
34.4247,349.1,290.856,639.957
34.4447,214.2,232.741,446.942
34.4647,351.916,288.167,640.083
34.4847,213.672,230.548,444.22
34.5047,346.31,287.596,633.906
34.5247,212.244,232.941,445.186
34.5447,347.983,287.233,635.216
34.5647,208.913,228.352,437.265
34.5847,345.967,287.147,633.114
34.6047,208.709,230.874,439.583
34.6247,341.071,285.969,627.04
34.6447,226.576,236.909,463.486
34.6647,348.845,284.208,633.053
34.6847,212.621,232.88,445.502
34.7047,348.204,285.234,633.438
34.7247,203.842,230.328,434.169
34.7447,346.759,285.291,632.05
34.7647,218.412,234.307,452.719
34.7847,348.107,285.159,633.266
34.8047,212.517,232.987,445.504
34.8247,352.532,290.5,643.032
34.8447,215.427,231.269,446.696
34.8647,341.516,283.183,624.699
34.8847,211.128,233.646,444.774
34.9047,333.898,284.858,618.756
34.9247,214.623,232.431,447.054
34.9447,345.011,287.778,632.79
34.9647,211.988,227.623,439.611
34.9847,345.058,282.758,627.816
35.0047,204.287,229.072,433.359
35.0247,339.504,285.919,625.422
35.0447,216.187,232.638,448.825
35.0647,339.495,282.256,621.751
35.0847,209.587,231.198,440.786
35.1047,334.25,281.934,616.184
35.1247,209.694,229.954,439.648
35.1447,334.711,281.78,616.492
35.1647,215.055,230.08,445.134
35.1847,333.999,282.626,616.625
35.2047,221.614,231.78,453.394
35.2247,329.533,284.526,614.059
35.2447,213.116,234.018,447.134
35.2647,339.127,285.611,624.738
35.2847,206.077,231.068,437.145
35.3047,345.508,281.59,627.098
35.3247,197.942,228.122,426.064
35.3447,337.848,282.449,620.297
35.3647,211.447,233.605,445.052
35.3847,333.277,280.269,613.545
35.4047,213.413,231.33,444.743
35.4247,328.953,280.914,609.867
35.4447,214.727,231.195,445.922
35.4647,330.684,281.49,612.174
35.4847,225.37,229.152,454.521
35.5047,322.32,281.999,604.32
35.5247,218.633,233.519,452.152
35.5447,317.659,276.806,594.466
35.5647,227.156,232.271,459.427
35.5847,314.979,274.826,589.805
35.6047,224.637,235.356,459.993
35.6247,322.937,276.257,599.194
35.6447,218.159,236.4,454.559
35.6647,325.24,278.245,603.484
35.6847,219.656,230.612,450.268
35.7047,311.3,275.725,587.026
35.7247,224.569,234.406,458.976
35.7447,315.287,274.8,590.087
35.7647,228.195,234.174,462.369
35.7847,317.217,275.658,592.875
35.8047,220.42,231.733,452.153
35.8247,313.179,273.901,587.081
35.8447,223.404,234.596,457.999
35.8647,321.053,274.71,595.763
35.8847,215.635,232.769,448.405
35.9047,323.376,274.384,597.76
35.9247,214.126,230.371,444.497
35.9447,318.518,275.598,594.116
35.9647,210.868,232.09,442.959
35.9847,325.657,277.097,602.754
36.0047,212.296,231.125,443.421
36.0247,313.274,274.158,587.432
36.0447,216.969,231.16,448.129
36.0647,317.66,275.286,592.946
36.0847,218.504,233.86,452.365
36.1047,310.996,273.391,584.387
36.1247,222.488,232.118,454.606
36.1447,309.789,273.937,583.726
36.1647,216.03,234.959,450.989
36.1847,305.926,270.834,576.76
36.2047,224.572,236.717,461.289
36.2247,315.148,271.832,586.979
36.2447,222.893,233.911,456.804
36.2647,308.895,272.519,581.414
36.2847,215.322,232.407,447.729
36.3047,309.649,272.669,582.318
36.3247,221.415,229.499,450.915
36.3447,304.334,272.094,576.429
36.3647,224.14,236.727,460.868
36.3847,304.222,272.917,577.139
36.4047,214.783,233.99,448.773
36.4247,317.713,273.646,591.36
36.4447,216.237,233.779,450.016
36.4647,321.132,274.313,595.445
36.4847,207.335,227.82,435.155
36.5047,309.356,269.634,578.99
36.5247,215.534,230.184,445.718
36.5447,310.418,272.082,582.5
36.5647,210.367,228.077,438.444
36.5847,308.343,271.943,580.286
36.6047,224.088,235.623,459.71
36.6247,300.656,269.358,570.014
36.6447,227.254,235.207,462.461
36.6647,305.533,267.019,572.552
36.6847,219.339,233.721,453.06
36.7047,292.525,264.674,557.199
36.7247,229.514,236.692,466.206
36.7447,293.795,265.567,559.362
36.7647,225.999,237.349,463.348
36.7847,286.735,263.386,550.122
36.8047,225.071,236.537,461.608
36.8247,286.714,263.769,550.483
36.8447,227.54,233.908,461.448
36.8647,291.191,261.488,552.679
36.8847,233.189,236.874,470.063
36.9047,291.258,260.637,551.895
36.9247,238.189,238.438,476.626
36.9447,289.763,262.799,552.562
36.9647,226.375,237.077,463.452
36.9847,282.269,264.976,547.245
37.0047,237.781,235.19,472.971
37.0247,288.995,266.353,555.348
37.0447,229.399,235.474,464.873
37.0647,278.005,258.597,536.602
37.0847,233.59,241.637,475.227
37.1047,280.239,260.106,540.346
37.1247,241.467,238.906,480.372
37.1447,286.595,257.758,544.353
37.1647,234.077,240.173,474.25
37.1847,274.456,254.603,529.06
37.2047,237.456,243.578,481.034
37.2247,265.164,255.004,520.168
37.2447,229.44,236.885,466.325
37.2647,279.693,260.356,540.049
37.2847,242.803,239.433,482.236
37.3047,274.218,253.983,528.201
37.3247,239.863,243.054,482.917
37.3447,273.422,255.949,529.371
37.3647,238.664,241.954,480.618
37.3847,275.52,254.251,529.771
37.4047,238.328,241.953,480.281
37.4247,277.23,258.037,535.268
37.4447,232.83,238.173,471.002
37.4647,263.792,254.328,518.12
37.4847,242.555,240.866,483.42
37.5047,276.045,255.347,531.392
37.5247,247.706,240.763,488.469
37.5447,267.998,255.163,523.161
37.5647,236.446,240.868,477.314
37.5847,267.916,255.748,523.664
37.6047,233.993,240.622,474.615
37.6247,271.673,253.23,524.902
37.6447,229.303,237.118,466.421
37.6647,272.556,253.436,525.991
37.6847,232.83,238.196,471.026
37.7047,265.011,254.062,519.073
37.7247,240.915,236.033,476.947
37.7447,270.088,254.78,524.868
37.7647,234.593,237.912,472.504
37.7847,269.93,255.54,525.47
37.8047,242.086,240.637,482.722
37.8247,266.897,250.573,517.47
37.8447,244.566,241.625,486.191
37.8647,250.143,247.444,497.587
37.8847,247.736,237.866,485.601
37.9047,254.563,248.955,503.518
37.9247,250.397,243.008,493.405
37.9447,257.769,248.146,505.914
37.9647,253.156,245.982,499.138
37.9847,251.327,249.631,500.958
38.0047,245.695,239.421,485.116
38.0247,248.782,247.32,496.102
38.0447,245.357,240.016,485.373
38.0647,257.294,251.395,508.689
38.0847,244.928,240.395,485.323
38.1047,255.21,250.982,506.192
38.1247,244.617,240.876,485.493
38.1447,254.662,251.267,505.929
38.1647,248.514,242.403,490.917
38.1847,247.493,247.166,494.659
38.2047,244.019,240.24,484.259
38.2247,255.121,249.819,504.939
38.2447,244.885,240.718,485.603
38.2647,254.096,248.499,502.595
38.2847,250.411,242.561,492.972
38.3047,249.797,245.372,495.17
38.3247,249.047,245.652,494.699
38.3447,248.396,245.279,493.675
38.3647,240.587,241.927,482.514
38.3847,247.292,246.704,493.996
38.4047,249.347,243.146,492.494
38.4247,241.147,243.148,484.295
38.4447,256.043,245.783,501.825
38.4647,242.496,243.976,486.472
38.4847,249.782,242.392,492.174
38.5047,237.009,239.64,476.649
38.5247,242.416,242.155,484.571
38.5447,251.295,246.124,497.418
38.5647,244.357,237.964,482.321
38.5847,246.173,243.599,489.772
38.6047,251.257,241.767,493.024
38.6247,254.417,249.357,503.774
38.6447,244.166,239.664,483.829
38.6647,253.929,244.707,498.636
38.6847,251.273,245.227,496.5
38.7047,241.071,243.825,484.896
38.7247,243.075,240.338,483.413
38.7447,240.467,245.745,486.212
38.7647,242.835,239.305,482.14
38.7847,233.931,242.273,476.204
38.8047,254.269,241.502,495.771
38.8247,230.433,240.104,470.537
38.8447,246.987,239.337,486.324
38.8647,246.634,243.628,490.262
38.8847,243.589,240.835,484.424
38.9047,239.322,244.302,483.624
38.9247,253.238,241.551,494.789
38.9447,236.986,245.858,482.844
38.9647,235.08,239.141,474.221
38.9847,243.227,247.898,491.126
39.0047,238.952,237.772,476.723
39.0247,238.195,246.193,484.387
39.0447,256.484,244.557,501.041
39.0647,236.547,238.897,475.444
39.0847,245.223,238.125,483.348
39.1047,232.916,241.917,474.833
39.1247,239.381,237.794,477.175
39.1447,246.209,246.389,492.598
39.1647,240.918,235.912,476.829
39.1847,238.325,243.479,481.804
39.2047,240.916,241.157,482.072
39.2247,247.716,244.625,492.34
39.2447,237.132,238.818,475.949
39.2647,243.175,240.952,484.127
39.2847,239.01,237.403,476.413
39.3047,242.884,245.87,488.754
39.3247,235.226,235.222,470.448
39.3447,241.091,245.006,486.098
39.3647,232.677,237,469.677
39.3847,246.801,245.003,491.804
39.4047,233.939,237.587,471.526
39.4247,240.32,242.706,483.026
39.4447,231.203,234.978,466.181
39.4647,241.916,244.161,486.078
39.4847,235.138,236.615,471.753
39.5047,236.462,242.344,478.806
39.5247,228.531,236.257,464.788
39.5447,236.363,237.774,474.136
39.5647,246.067,241.189,487.256
39.5847,242.059,242.023,484.082
39.6047,245.925,241.187,487.112
39.6247,227.445,236.88,464.326
39.6447,246.631,241.374,488.005
39.6647,242.841,237.295,480.136
39.6847,243.324,244.277,487.601
39.7047,224.475,235.566,460.041
39.7247,244.029,242.901,486.931
39.7447,224.503,236.272,460.775
39.7647,246.345,240.188,486.533
39.7847,222.784,235.348,458.132
39.8047,244.481,240.727,485.208
39.8247,225.155,230.528,455.683
39.8447,243.301,237.02,480.321
39.8647,235.853,237.584,473.438
39.8847,242.233,237.767,480
39.9047,226.191,233.177,459.368
39.9247,236.277,240.173,476.449
39.9447,231.382,236.824,468.206
39.9647,235.378,235.352,470.731
39.9847,237.124,239.162,476.286
40.0047,242.291,236.671,478.962
40.0247,228.824,240.878,469.701
40.0447,236.655,236.283,472.938
40.0647,225.473,236.219,461.693
40.0847,237.294,236.341,473.635
40.1047,227.676,233.647,461.323
40.1247,242.093,239.721,481.814
40.1447,223.228,233.141,456.369
40.1647,246.212,239.741,485.953
40.1847,224.301,233.367,457.668
40.2047,232.892,234.914,467.806
40.2247,229.546,237.058,466.604
40.2447,242.8,237.36,480.161
40.2647,234.391,234.601,468.992
40.2847,230.891,232.746,463.637
40.3047,242.364,242.107,484.472
40.3247,227.795,233.26,461.055
40.3447,231.541,237.779,469.32
40.3647,217.36,229.865,447.225
40.3847,246.806,241.439,488.245
40.4047,229.79,231.15,460.94
40.4247,233.859,238.415,472.274
40.4447,233.088,236.159,469.247
40.4647,237.151,235.767,472.918
40.4847,228.393,230.926,459.319
40.5047,232.905,236.382,469.287
40.5247,234.032,236.043,470.075
40.5447,221.805,237.654,459.459
40.5647,228.611,233.2,461.811
40.5847,225.576,236.84,462.416
40.6047,230.757,235.315,466.071
40.6247,232.771,236.851,469.621
40.6447,225.38,233.198,458.578
40.6647,235.015,237.667,472.682
40.6847,238.222,235.88,474.102
40.7047,229.912,236.689,466.602
40.7247,232.144,232.86,465.004
40.7447,230.874,234.943,465.817
40.7647,226.527,232.808,459.335
40.7847,236.637,235.968,472.605
40.8047,221.545,232.398,453.943
40.8247,230.009,232.768,462.777
40.8447,219.593,230.944,450.537
40.8647,226.841,233.518,460.358
40.8847,216.149,232.202,448.351
40.9047,232.3,236.433,468.733
40.9247,220.329,233.018,453.347
40.9447,227.803,238.441,466.244
40.9647,224.218,228.407,452.626
40.9847,235.257,235.881,471.138
41.0047,221.977,229.488,451.465
41.0247,240.279,237.345,477.624
41.0447,219.594,229.759,449.353
41.0647,232.24,234.468,466.708
41.0847,214.392,229.52,443.912
41.1047,240.298,239.918,480.216
41.1247,213.559,229.545,443.103
41.1447,237.968,239.503,477.471
41.1647,220.021,230.324,450.346
41.1847,230.406,233.569,463.975
41.2047,224.358,231.55,455.907
41.2247,226.093,234.975,461.068
41.2447,221.143,231.266,452.409
41.2647,229.087,233.72,462.807
41.2847,220.721,234.215,454.936
41.3047,223.538,236.505,460.043
41.3247,223.875,231.011,454.886
41.3447,222.147,233.91,456.056
41.3647,221.009,232.759,453.768
41.3847,231.083,235.011,466.094
41.4047,219.159,232.105,451.264
41.4247,231.422,235.009,466.431
41.4447,215.565,230.924,446.489
41.4647,227.164,232.543,459.708
41.4847,219.029,232.754,451.783
41.5047,229.926,234.603,464.529
41.5247,223.116,229.291,452.406
41.5447,226.634,235.204,461.838
41.5647,220.627,233.543,454.169
41.5847,231.723,232.698,464.421
41.6047,220.938,226.949,447.887
41.6247,220.021,231.937,451.959
41.6447,224.646,232.712,457.358
41.6647,224.353,231.616,455.969
41.6847,219.819,231.277,451.096
41.7047,229.949,234.011,463.96
41.7247,226.125,232.148,458.273
41.7447,218.206,229.486,447.692
41.7647,217.888,229.662,447.55
41.7847,218.599,228.153,446.753
41.8047,215.97,228.992,444.962
41.8247,224.079,230.574,454.653
41.8447,224.357,230.696,455.053
41.8647,221.734,228.87,450.604
41.8847,213.175,228.471,441.646
41.9047,221.861,228.989,450.85
41.9247,214.101,229.51,443.611
41.9447,224.964,231.315,456.278
41.9647,218.125,229.796,447.921
41.9847,219.526,229.125,448.651
42.0047,222.605,231.008,453.613
42.0247,220.716,228.329,449.045
42.0447,224.504,232.086,456.589
42.0647,214.096,228.607,442.703
42.0847,220.672,229.245,449.916
42.1047,230.041,228.765,458.806
42.1247,214.756,228.451,443.207
42.1447,220.288,229.004,449.292
42.1647,218.257,229.614,447.871
42.1847,225.656,233.855,459.511
42.2047,220.779,230.809,451.587
42.2247,213.278,227.902,441.179
42.2447,220.853,230.016,450.87
42.2647,211.961,228.611,440.572
42.2847,216.851,227.78,444.631
42.3047,220.079,230.682,450.761
42.3247,216.545,229.494,446.04
42.3447,220.418,228.236,448.654
42.3647,217.082,228.438,445.52
42.3847,226.144,231.398,457.542
42.4047,220.568,225.971,446.539
42.4247,219.404,228.11,447.515
42.4447,217.189,228.45,445.638
42.4647,213.054,229.761,442.816
42.4847,211.219,225.455,436.674
42.5047,214.819,229.072,443.89
42.5247,211.497,227.438,438.934
42.5447,224.05,231.28,455.33
42.5647,214.542,226.631,441.173
42.5847,217.342,229.093,446.435
42.6047,212.508,223.795,436.303
42.6247,219.791,228.282,448.073
42.6447,214.912,224.782,439.695
42.6647,220.992,228.776,449.768
42.6847,212.506,224.373,436.879
42.7047,214.182,225.723,439.905
42.7247,214.405,228.427,442.832
42.7447,217.952,228.274,446.226
42.7647,215.775,226.653,442.428
42.7847,212.854,227.861,440.715
42.8047,215.042,225.108,440.15
42.8247,220.509,227.385,447.894
42.8447,214.111,225.546,439.657
42.8647,215.603,228.476,444.08
42.8847,207.034,226.223,433.257
42.9047,217.376,226.552,443.928
42.9247,213.43,228.154,441.585
42.9447,209.317,222.393,431.71
42.9647,225.522,226.585,452.107
42.9847,208.987,225.749,434.737
43.0047,211.757,225.621,437.377
43.0247,219.756,228.531,448.287
43.0447,211.434,225.871,437.306
43.0647,209.69,227.321,437.011
43.0847,213.887,229.113,443
43.1047,216.983,229.112,446.096
43.1247,207.056,227.417,434.474
43.1447,216.196,226.406,442.602
43.1647,213.522,226.465,439.987
43.1847,213.974,225.215,439.189
43.2047,205.548,223.531,429.079
43.2247,210.143,225.99,436.134
43.2447,216.643,227.642,444.285
43.2647,213.187,224.408,437.595
43.2847,217.907,226.733,444.639
43.3047,207.988,223.192,431.179
43.3247,206.687,227.317,434.004
43.3447,209.347,222.896,432.242
43.3647,211.553,225.382,436.935
43.3847,210.923,222.91,433.833
43.4047,211.541,228.586,440.127
43.4247,208.603,225.91,434.513
43.4447,214.842,223.968,438.81
43.4647,210.14,227.348,437.488
43.4847,213.6,227.052,440.652
43.5047,209.12,226.15,435.271
43.5247,204.254,221.263,425.516
43.5447,210.899,223.025,433.924
43.5647,214.275,220.815,435.09
43.5847,208.515,224.745,433.26
43.6047,208.052,223.322,431.373
43.6247,222.839,227.624,450.463
43.6447,202.188,218.18,420.369
43.6647,212.526,225.806,438.331
43.6847,207.211,224.51,431.721
43.7047,209.818,224.136,433.954
43.7247,210.846,221.371,432.217
43.7447,210.862,225.257,436.119
43.7647,211.822,223.838,435.66
43.7847,202.561,221.857,424.418
43.8047,210.729,223.6,434.329
43.8247,208.508,222.821,431.329
43.8447,211.932,223.536,435.468
43.8647,207.918,223.29,431.208
43.8847,205.319,220.905,426.224
43.9047,206.576,224.903,431.479
43.9247,210.462,221.438,431.9
43.9447,209.468,226.946,436.415
43.9647,203.1,222.514,425.614
43.9847,213.034,223.635,436.67
44.0047,204.863,221.455,426.318
44.0247,215.439,226.446,441.886
44.0447,200.195,217.78,417.975
44.0647,209.504,224.672,434.175
44.0847,202.685,224.249,426.934
44.1047,209.48,222.179,431.659
44.1247,196.897,219.684,416.581
44.1447,215.377,223.707,439.084
44.1647,200.047,217.424,417.471
44.1847,206.157,222.296,428.454
44.2047,199.276,220.036,419.312
44.2247,219.802,228.486,448.287
44.2447,207.996,223.05,431.046
44.2647,205.388,223.695,429.083
44.2847,207.404,222.838,430.241
44.3047,210.277,223.354,433.632
44.3247,193.542,215.119,408.66
44.3447,214.531,225.199,439.73
44.3647,199.48,220.717,420.196
44.3847,207.825,225.809,433.634
44.4047,201.583,219.583,421.166
44.4247,207.404,224.266,431.67
44.4447,205.568,221.986,427.554
44.4647,204.013,222.407,426.419
44.4847,202.251,219.041,421.292
44.5047,202.625,223.508,426.133
44.5247,203.023,218.886,421.909
44.5447,200.538,222.2,422.738
44.5647,205.198,222.752,427.951
44.5847,208.587,221.303,429.89
44.6047,201.603,221.124,422.727
44.6247,205.325,223.142,428.468
44.6447,197.163,218.016,415.179
44.6647,210.371,221.583,431.954
44.6847,208.477,221.718,430.195
44.7047,197.678,218.777,416.455
44.7247,205.587,222.401,427.988
44.7447,198.5,218.611,417.111
44.7647,202.324,221.046,423.371
44.7847,195.428,218.955,414.383
44.8047,203.834,220.608,424.442
44.8247,198.567,221.156,419.723
44.8447,205.262,219.355,424.616
44.8647,200.729,218.615,419.344
44.8847,207.893,220.706,428.599
44.9047,200.757,219.458,420.216
44.9247,207.975,222.458,430.433
44.9447,202.905,218.674,421.579
44.9647,201.508,220.889,422.397
44.9847,203.595,222.051,425.646
45.0047,198.276,218.893,417.169
45.0247,203.202,221.186,424.389
45.0447,207.061,218.96,426.02
45.0647,206.196,222.791,428.988
45.0847,195.58,214.463,410.043
45.1047,195.585,220.754,416.34
45.1247,197.921,218.655,416.576
45.1447,204.432,220.567,424.999
45.1647,200.224,216.34,416.564
45.1847,196.039,219.764,415.803
45.2047,204.362,219.238,423.6
45.2247,196.986,218.815,415.801
45.2447,207.185,223.298,430.483
45.2647,188.788,217.634,406.422
45.2847,197.063,217.542,414.606
45.3047,197.88,220.948,418.828
45.3247,200.143,216.631,416.773
45.3447,196.306,220.16,416.466
45.3647,203.169,215.463,418.632
45.3847,201.45,219.23,420.681
45.4047,194.781,217.153,411.934
45.4247,197.744,221.027,418.77
45.4447,196.16,216.386,412.546
45.4647,198.941,220.177,419.118
45.4847,196.717,216.513,413.23
45.5047,203.53,219.483,423.013
45.5247,192.844,219.418,412.262
45.5447,202.976,220.336,423.312
45.5647,195.79,216.341,412.131
45.5847,202.501,217.854,420.354
45.6047,197.29,219.707,416.996
45.6247,201.002,217.215,418.217
45.6447,195.238,215.803,411.041
45.6647,207.778,217.699,425.477
45.6847,185.989,210.498,396.487
45.7047,198.725,215.912,414.638
45.7247,199.138,216.076,415.214
45.7447,196.688,218.41,415.099
45.7647,201.881,216.958,418.839
45.7847,195.787,220.129,415.916
45.8047,192.222,217.365,409.587
45.8247,202.001,217.918,419.919
45.8447,194.748,213.87,408.618
45.8647,197.901,217.816,415.717
45.8847,193.128,219.748,412.876
45.9047,209.366,218.601,427.967
45.9247,198.098,213.605,411.703
45.9447,200.105,216.685,416.79
45.9647,187.589,213.838,401.427
45.9847,199.047,217.984,417.031
46.0047,193.835,212.352,406.188
46.0247,202.284,219.964,422.248
46.0447,188.784,215.555,404.339
46.0647,204.262,220.096,424.358
46.0847,192.069,211.471,403.54
46.1047,198.645,217.582,416.227
46.1247,196.021,210.743,406.764
46.1447,203.426,220.352,423.778
46.1647,190.362,210.728,401.09
46.1847,197.348,217.186,414.535
46.2047,189.319,212.563,401.882
46.2247,202.865,218.452,421.318
46.2447,186.537,212.873,399.41
46.2647,193.613,215.63,409.243
46.2847,191.677,214.256,405.933
46.3047,196.817,218.324,415.141
46.3247,191.004,212.169,403.173
46.3447,202.883,220.281,423.164
46.3647,199.229,215.136,414.365
46.3847,201.867,218.983,420.851
46.4047,189.711,213.345,403.057
46.4247,196.719,216.99,413.709
46.4447,191.974,213.578,405.552
46.4647,198.338,217.366,415.704
46.4847,185.147,209.683,394.83
46.5047,196.963,218.281,415.244
46.5247,196.043,213.287,409.33
46.5447,193.109,213.153,406.263
46.5647,190.717,216.916,407.633
46.5847,195.44,216.902,412.342
46.6047,187.651,209.691,397.342
46.6247,195.748,217.39,413.138
46.6447,192.283,211.812,404.095
46.6647,197.116,216.181,413.297
46.6847,187.262,214.895,402.156
46.7047,199.587,214.408,413.996
46.7247,192.256,210.223,402.479
46.7447,194.554,219.174,413.728
46.7647,181.253,208.631,389.884
46.7847,199.781,215.407,415.187
46.8047,186.599,211.843,398.442
46.8247,196.908,215.209,412.117
46.8447,190.524,212.332,402.856
46.8647,199.295,216.979,416.274
46.8847,183.439,210.202,393.641
46.9047,200.928,217.109,418.037
46.9247,187.322,209.55,396.872
46.9447,196.982,213.56,410.541
46.9647,179.549,206.517,386.066
46.9847,199.611,217.287,416.899
47.0047,186.41,210.261,396.671
47.0247,190.054,213.12,403.174
47.0447,188.861,209.785,398.646
47.0647,198.428,214.06,412.489
47.0847,189.908,213.816,403.723
47.1047,190.781,211.757,402.537
47.1247,195.295,215.386,410.681
47.1447,190.488,213.125,403.614
47.1647,189.765,212.095,401.86
47.1847,195.442,217.828,413.271
47.2047,182.205,211.331,393.536
47.2247,192.907,216.534,409.441
47.2447,188.046,210.907,398.953
47.2647,190.741,214.506,405.247
47.2847,186.285,208.101,394.386
47.3047,196.756,215.431,412.187
47.3247,182.215,208.443,390.658
47.3447,191.654,210.898,402.553
47.3647,186.918,208.639,395.556
47.3847,185.722,213.612,399.333
47.4047,189.869,212.885,402.755
47.4247,185.965,211.485,397.449
47.4447,189.292,211.85,401.142
47.4647,187.236,210.217,397.453
47.4847,185.016,209.903,394.918
47.5047,190.41,211.078,401.488
47.5247,190.213,212.274,402.487
47.5447,186.785,210.689,397.473
47.5647,183.518,209.172,392.691
47.5847,198.077,213.673,411.75
47.6047,184.54,210.45,394.99
47.6247,187.33,210.267,397.596
47.6447,184.739,209.34,394.08
47.6647,192.534,212.597,405.131
47.6847,191.167,212.116,403.283
47.7047,192.592,210.729,403.32
47.7247,180.739,208.059,388.798
47.7447,193.269,212.957,406.226
47.7647,186.297,210.42,396.716
47.7847,185.659,211.701,397.36
47.8047,184.909,211.462,396.371
47.8247,192.896,215.028,407.924
47.8447,183.253,207.849,391.102
47.8647,175.701,208.408,384.109
47.8847,186.358,212.657,399.014
47.9047,189.536,212.071,401.608
47.9247,181.032,206.261,387.294
47.9447,191.974,211.986,403.96
47.9647,177.904,206.766,384.669
47.9847,193.659,214.281,407.941
48.0047,187.042,211.215,398.258
48.0247,186.655,209.437,396.091
48.0447,183.431,210.512,393.943
48.0647,178.362,210.094,388.455
48.0847,191.734,210.671,402.405
48.1047,183.447,210.51,393.957
48.1247,189.396,211.412,400.808
48.1447,181.958,210.69,392.648
48.1647,183.186,209.839,393.026
48.1847,190.918,212.961,403.879
48.2047,184.68,210.84,395.52
48.2247,173.849,207.879,381.728
48.2447,181.173,207.887,389.06
48.2647,184.628,210.286,394.914
48.2847,182.392,208.361,390.753
48.3047,191.243,209.61,400.853
48.3247,190.331,211.692,402.022
48.3447,185.215,212.263,397.479
48.3647,187.333,208.907,396.24
48.3847,175.044,208.751,383.795
48.4047,184.509,210.641,395.151
48.4247,178.094,208.992,387.086
48.4447,184.579,206.283,390.862
48.4647,185.047,209.044,394.091
48.4847,182.021,209.303,391.324
48.5047,176.509,207.75,384.259
48.5247,184.021,206.813,390.834
48.5447,184.015,209.057,393.072
48.5647,180.562,206.37,386.932
48.5847,180.412,207.048,387.46
48.6047,184.731,210.066,394.797
48.6247,186.189,210.454,396.643
48.6447,182.182,206.039,388.221
48.6647,184.368,208.577,392.945
48.6847,186.103,208.002,394.106
48.7047,180.438,207.938,388.377
48.7247,184.39,210.642,395.032
48.7447,180.592,207.954,388.546
48.7647,181.707,210.594,392.301
48.7847,179.668,208.536,388.204
48.8047,182.97,210.524,393.494
48.8247,181.192,207.247,388.438
48.8447,189.823,209.617,399.44
48.8647,178.117,208.258,386.375
48.8847,177.342,207.807,385.149
48.9047,179.641,204.943,384.584
48.9247,182.999,205.995,388.993
48.9447,176.956,206.078,383.034
48.9647,181.805,204.661,386.466
48.9847,178.685,205.106,383.792
49.0047,186.003,206.714,392.717
49.0247,176.134,205.633,381.767
49.0447,182.256,206.539,388.795
49.0647,179.841,207.759,387.6
49.0847,183.343,207.274,390.618
49.1047,182.028,207.07,389.098
49.1247,177.266,205.37,382.636
49.1447,179.98,205.007,384.987
49.1647,183.16,208.013,391.173
49.1847,173.087,204.769,377.857
49.2047,186.698,205.626,392.325
49.2247,169.042,202.686,371.728
49.2447,185.732,207.171,392.904
49.2647,180.427,209,389.427
49.2847,184.857,207.541,392.397
49.3047,175.471,205.228,380.699
49.3247,185.973,209.182,395.155
49.3447,178.985,206.873,385.858
49.3647,176.252,203.161,379.413
49.3847,179.571,206.461,386.032
49.4047,184.233,206.691,390.924
49.4247,172.674,208.352,381.027
49.4447,180.039,206.904,386.943
49.4647,169.904,204.699,374.604
49.4847,186.807,205.404,392.211
49.5047,177.929,203.348,381.277
49.5247,175.23,205.455,380.686
49.5447,171.432,207.345,378.777
49.5647,178.002,205.905,383.907
49.5847,175.881,201.858,377.739
49.6047,173.248,203.918,377.165
49.6247,177.598,203.116,380.714
49.6447,184.721,209.518,394.238
49.6647,171.08,206.776,377.855
49.6847,176.705,202.269,378.974
49.7047,171.781,205.16,376.942
49.7247,183.443,208.31,391.753
49.7447,177.354,205.17,382.524
49.7647,179.411,206.224,385.635
49.7847,174.662,205.385,380.047
49.8047,174.854,207.028,381.882
49.8247,181.229,206.492,387.721
49.8447,176.418,204.636,381.054
49.8647,177.082,204.168,381.249
49.8847,169.61,203.761,373.37
49.9047,172.668,203.239,375.907
49.9247,174.616,204.545,379.16
49.9447,178.837,207.238,386.075
49.9647,180.869,206.178,387.047
49.9847,169.063,204.292,373.355
50.0047,181.559,205.267,386.825
50.0247,173.694,203.221,376.914
50.0447,172.667,205.377,378.044
50.0647,176.732,204.116,380.848
50.0847,176.525,204.838,381.363
50.1047,168.16,203.152,371.313
50.1247,179.084,204.666,383.75
50.1447,179.148,204.567,383.714
50.1647,178.69,205.152,383.843
50.1847,178.585,202.675,381.26
50.2047,174.746,203.674,378.42
50.2247,168.471,203.799,372.271
50.2447,179.74,207.221,386.96
50.2647,170.307,200.549,370.856
50.2847,171.412,203.106,374.519
50.3047,175.194,205.377,380.571
50.3247,170.359,206.019,376.379
50.3447,178.282,206.212,384.494
50.3647,174.217,205.263,379.48
50.3847,168.252,201.939,370.191
50.4047,169.075,199.3,368.375
50.4247,178.234,201.833,380.067
50.4447,175.405,204.203,379.608
50.4647,172.245,200.709,372.954
50.4847,172.059,203.364,375.424
50.5047,170.5,200.184,370.684
50.5247,176.88,204.881,381.761
50.5447,173.33,202.355,375.685
50.5647,170.834,202.753,373.586
50.5847,171.208,201.367,372.574
50.6047,172.751,201.863,374.614
50.6247,183.401,203.467,386.868
50.6447,172.591,201.345,373.936
50.6647,173.528,201.729,375.258
50.6847,176.214,204.364,380.578
50.7047,171.727,198.582,370.309
50.7247,167.441,202.225,369.666
50.7447,173.414,199.746,373.16
50.7647,172.441,202.879,375.32
50.7847,176.482,201.841,378.323
50.8047,171.197,202.079,373.277
50.8247,172.239,203.887,376.126
50.8447,178.526,202.787,381.314
50.8647,171.825,202.219,374.044
50.8847,173.221,203.753,376.974
50.9047,164.822,200.707,365.53
50.9247,172.892,205.038,377.93
50.9447,171.417,199.447,370.865
50.9647,178.075,204.315,382.39
50.9847,166.386,203.914,370.3
51.0047,170.301,201.035,371.337
51.0247,167.927,199.61,367.537
51.0447,167.636,199.976,367.613
51.0647,177.158,204.61,381.768
51.0847,165.153,198.944,364.097
51.1047,176.076,202.579,378.654
51.1247,164.922,198.425,363.347
51.1447,171.757,201.723,373.481
51.1647,166.144,197.909,364.053
51.1847,175.159,204.188,379.347
51.2047,169.894,200.797,370.69
51.2247,178.316,200.849,379.165
51.2447,167.266,203.039,370.305
51.2647,169.256,200.862,370.118
51.2847,169.521,201.573,371.094
51.3047,172.1,200.619,372.719
51.3247,161.184,197.267,358.451
51.3447,163.943,198.591,362.534
51.3647,170.382,200.042,370.423
51.3847,174.809,201.446,376.255
51.4047,170.5,198.618,369.119
51.4247,168.563,201.496,370.059
51.4447,170.189,201.019,371.208
51.4647,160.525,198.827,359.352
51.4847,172.393,202.136,374.529
51.5047,170.656,200.864,371.52
51.5247,164.972,200.049,365.022
51.5447,164.932,199.697,364.629
51.5647,171.99,201.988,373.978
51.5847,172.324,200.265,372.59
51.6047,171.928,201.489,373.417
51.6247,173.931,200.187,374.118
51.6447,165.98,198.196,364.176
51.6647,167.703,198.277,365.979
51.6847,170.964,200.924,371.888
51.7047,168.875,200.025,368.899
51.7247,168.531,200.212,368.743
51.7447,160.467,197.435,357.902
51.7647,178.64,200.131,378.771
51.7847,169.187,199.938,369.125
51.8047,170.388,201.416,371.804
51.8247,164.392,198.225,362.616
51.8447,168.435,199.905,368.34
51.8647,160.561,196.312,356.873
51.8847,175.95,201.444,377.394
51.9047,162.428,195.298,357.726
51.9247,174.39,202.587,376.978
51.9447,164.551,199.125,363.676
51.9647,169.644,198.87,368.514
51.9847,160.094,193.558,353.652
52.0047,166.326,199.564,365.89
52.0247,170.333,198.378,368.711
52.0447,165.596,199.466,365.062
52.0647,160.73,198.203,358.933
52.0847,165.61,200.19,365.8
52.1047,167.198,198.648,365.846
52.1247,167.654,196.391,364.045
52.1447,165.518,199.921,365.439
52.1647,167.803,196.509,364.312
52.1847,166.24,198.225,364.464
52.2047,171.018,197.523,368.541
52.2247,168.229,196.378,364.607
52.2447,165.803,198.692,364.495
52.2647,168.656,198.379,367.035
52.2847,166.336,197.176,363.512
52.3047,161.307,195.939,357.246
52.3247,168.691,199.171,367.861
52.3447,164.309,195.178,359.488
52.3647,163.575,198.399,361.974
52.3847,165.243,199.169,364.412
52.4047,166.721,198.579,365.3
52.4247,162.88,197.333,360.213
52.4447,166.542,197.045,363.587
52.4647,163.387,198.092,361.479
52.4847,163.554,197.146,360.7
52.5047,166.537,198.114,364.651
52.5247,165.087,195.023,360.11
52.5447,162.035,194.886,356.922
52.5647,170.661,198.532,369.193
52.5847,161.545,194.19,355.735
52.6047,170.577,198.701,369.278
52.6247,162.603,197.095,359.698
52.6447,170.464,199.637,370.101
52.6647,164.133,195.37,359.503
52.6847,166.311,195.165,361.477
52.7047,166.1,196.052,362.152
52.7247,159.309,196.562,355.871
52.7447,161.256,196.384,357.64
52.7647,170.964,197.037,368.001
52.7847,160.121,197.818,357.939
52.8047,164.59,195.319,359.909
52.8247,159.596,193.864,353.459
52.8447,167.086,197.098,364.184
52.8647,167.863,195.464,363.327
52.8847,163.658,195.359,359.017
52.9047,165.868,198.853,364.722
52.9247,163.566,198.726,362.291
52.9447,167.919,199.157,367.076
52.9647,156.654,196.375,353.028
52.9847,162.877,199.021,361.898
53.0047,158.547,194.732,353.278
53.0247,163,196.928,359.928
53.0447,159.526,195.49,355.016
53.0647,163.182,197.985,361.167
53.0847,164.811,193.491,358.302
53.1047,162.609,196.041,358.65
53.1247,168.84,196.646,365.486
53.1447,157.772,194.989,352.761
53.1647,163.421,194.793,358.214
53.1847,168.702,198.227,366.929
53.2047,154.164,196.418,350.582
53.2247,157.29,195.154,352.443
53.2447,161.045,196.446,357.491
53.2647,166.269,198.07,364.34
53.2847,158.118,195.048,353.165
53.3047,156.207,195.452,351.659
53.3247,160.543,197.414,357.957
53.3447,168.133,195.978,364.111
53.3647,161.054,196.668,357.721
53.3847,161.912,197.388,359.3
53.4047,158.612,195.275,353.886
53.4247,160.223,197.444,357.667
53.4447,161.763,197.418,359.181
53.4647,165.736,196.747,362.483
53.4847,160.548,190.631,351.179
53.5047,162.878,195.601,358.479
53.5247,159.475,194.413,353.888
53.5447,159.32,198.038,357.357
53.5647,157.523,193.948,351.471
53.5847,159.194,196.877,356.07
53.6047,155.864,193.462,349.327
53.6247,164.02,198.264,362.284
53.6447,157.023,194.016,351.039
53.6647,167.239,196.385,363.624
53.6847,153.727,191.33,345.057
53.7047,157.235,191.238,348.473
53.7247,158.059,192.858,350.917
53.7447,160.398,195.887,356.286
53.7647,158.435,192.078,350.513
53.7847,161.209,194.731,355.94
53.8047,164.412,194.721,359.133
53.8247,155.327,194.928,350.255
53.8447,158.194,195.81,354.004
53.8647,159.21,197.177,356.387
53.8847,157.957,193.554,351.511
53.9047,166.06,197.538,363.598
53.9247,155.292,192.245,347.536
53.9447,157.319,193.108,350.427
53.9647,157.769,193.942,351.711
53.9847,159.401,194.286,353.687
54.0047,154.819,192.648,347.467
54.0247,159.46,193.745,353.204
54.0447,157.684,192.971,350.655
54.0647,160.14,193.9,354.04
54.0847,160.356,195.129,355.485
54.1047,155.312,191.42,346.732
54.1247,160.156,194.593,354.749
54.1447,160.415,194.552,354.967
54.1647,157.874,193.398,351.272
54.1847,157.986,192.267,350.253
54.2047,155.434,191.412,346.845
54.2247,157.298,195.018,352.316
54.2447,166.058,195.655,361.713
54.2647,159.313,194.225,353.538
54.2847,151.989,192.891,344.881
54.3047,155.737,191.995,347.732
54.3247,156.407,193.364,349.771
54.3447,151.574,192.5,344.075
54.3647,156.401,192.552,348.952
54.3847,156.019,192.287,348.306
54.4047,151.512,190.136,341.648
54.4247,163.753,197.674,361.426
54.4447,157.676,192.526,350.201
54.4647,157.52,192.544,350.064
54.4847,154.633,190.372,345.006
54.5047,167.248,195.928,363.176
54.5247,153.229,189.686,342.916
54.5447,160.892,191.528,352.42
54.5647,160.853,193.097,353.949
54.5847,153.913,191.74,345.654
54.6047,158.657,193.445,352.102
54.6247,154.19,193.136,347.326
54.6447,151.788,192.207,343.995
54.6647,152.874,193.542,346.416
54.6847,161.142,192.766,353.908
54.7047,159.699,192.062,351.761
54.7247,155.755,190.476,346.232
54.7447,153.779,190.498,344.277
54.7647,151.103,194.391,345.494
54.7847,153.032,191.421,344.453
54.8047,152.802,191.974,344.776
54.8247,159.649,192.416,352.065
54.8447,153.751,188.898,342.649
54.8647,157.138,189.445,346.583
54.8847,153.435,190.42,343.855
54.9047,151.174,190.856,342.031
54.9247,154.543,191.078,345.62
54.9447,159.129,191.919,351.048
54.9647,157.58,192.137,349.717
54.9847,154.103,190.671,344.774
55.0047,152.404,194.026,346.429
55.0247,156.449,192.267,348.716
55.0447,157.733,188.626,346.359
55.0647,152.907,194.634,347.541
55.0847,156.808,192.411,349.219
55.1047,158.44,191.949,350.388
55.1247,148.313,190.747,339.06
55.1447,158.763,191.03,349.793
55.1647,147.779,187.658,335.437
55.1847,154.012,190.081,344.092
55.2047,157.572,192.571,350.143
55.2247,159.625,190.61,350.235
55.2447,152.784,189.407,342.191
55.2647,152.192,189.036,341.228
55.2847,157.989,192.21,350.198
55.3047,152.673,190.805,343.478
55.3247,153.362,189.594,342.955
55.3447,160.135,191.337,351.472
55.3647,153.452,188.705,342.157
55.3847,159.212,192.421,351.634
55.4047,150.076,190.682,340.758
55.4247,151.24,187.372,338.612
55.4447,150.25,189.462,339.711
55.4647,155.409,189.76,345.169
55.4847,155.171,193.129,348.3
55.5047,158.171,190.811,348.982
55.5247,150.585,189.337,339.922
55.5447,154.929,190.621,345.55
55.5647,151.636,189.977,341.613
55.5847,153.569,190.612,344.181
55.6047,149.026,188.852,337.878
55.6247,154.545,191.481,346.026
55.6447,146.132,188.502,334.634
55.6647,154.012,190.93,344.942
55.6847,149.17,191.3,340.47
55.7047,154.603,192.522,347.125
55.7247,149.848,189.802,339.65
55.7447,152.574,188.918,341.492
55.7647,157.175,189.465,346.64
55.7847,152.781,191.925,344.706
55.8047,152.587,191.189,343.776
55.8247,152.314,190.2,342.514
55.8447,152.503,189.584,342.088
55.8647,152.608,190.268,342.876
55.8847,148.952,187.79,336.742
55.9047,152.41,191.878,344.288
55.9247,151.82,190.065,341.886
55.9447,149.187,188.865,338.053
55.9647,152.438,189.31,341.748
55.9847,146.725,188.255,334.98
56.0047,148.88,187.388,336.268
56.0247,153.555,188.498,342.052
56.0447,150.013,186.902,336.915
56.0647,160.545,194.17,354.716
56.0847,155.971,189.3,345.271
56.1047,151.001,188.006,339.007
56.1247,152.946,188.047,340.993
56.1447,150.222,188.791,339.013
56.1647,150.868,188.373,339.241
56.1847,155.785,189.031,344.816
56.2047,148.344,188.411,336.755
56.2247,147.353,185.66,333.014
56.2447,150.585,188.201,338.786
56.2647,146.473,186.885,333.358
56.2847,156.358,189.786,346.144
56.3047,139.194,187.861,327.055
56.3247,154.399,186.212,340.612
56.3447,152.524,189.404,341.927
56.3647,152.206,190.128,342.334
56.3847,150.1,186.886,336.987
56.4047,149.277,189.501,338.779
56.4247,145.893,187.288,333.181
56.4447,148.807,187.876,336.683
56.4647,146.508,186.002,332.509
56.4847,150.32,186.194,336.515
56.5047,154.858,189.306,344.164
56.5247,150.849,186.766,337.615
56.5447,149.596,187.054,336.651
56.5647,153.404,188.498,341.903
56.5847,140.232,184.279,324.511
56.6047,151.38,186.872,338.252
56.6247,145.605,186.4,332.005
56.6447,153.454,188.66,342.114
56.6647,153.438,188.607,342.045
56.6847,152.019,188.422,340.441
56.7047,151.63,186.552,338.183
56.7247,143.92,183.683,327.602
56.7447,146.626,187.538,334.164
56.7647,148.604,187.307,335.911
56.7847,149.405,188.56,337.965
56.8047,144.799,185.65,330.449
56.8247,147.307,186.518,333.825
56.8447,146.483,185.627,332.111
56.8647,150.982,188.863,339.844
56.8847,145.899,186.113,332.012
56.9047,150.425,187.237,337.661
56.9247,142.886,185.773,328.659
56.9447,146.717,187.24,333.957
56.9647,146.356,185.133,331.489
56.9847,154.49,189.487,343.978
57.0047,147.288,185.69,332.978
57.0247,149.308,188.331,337.639
57.0447,153.076,188.432,341.509
57.0647,139.401,183.125,322.526
57.0847,138.634,184.936,323.569
57.1047,152.821,186.705,339.526
57.1247,143.486,184.348,327.834
57.1447,152.827,187.256,340.083
57.1647,147.064,184.393,331.457
57.1847,148.904,186.247,335.15
57.2047,144.797,186.097,330.894
57.2247,149.603,187.872,337.476
57.2447,151.605,187.205,338.81
57.2647,148.133,182.21,330.343
57.2847,142.473,182.305,324.778
57.3047,146.948,185.577,332.525
57.3247,149.342,185.012,334.354
57.3447,136.511,180.862,317.374
57.3647,142.722,184.57,327.292
57.3847,149.479,185.383,334.862
57.4047,151.148,186.711,337.859
57.4247,149.484,187.256,336.74
57.4447,147.909,186.018,333.927
57.4647,143.213,184.306,327.519
57.4847,142.683,186.155,328.839
57.5047,140.685,184.393,325.078
57.5247,145.989,185.596,331.586
57.5447,144.007,185.179,329.186
57.5647,146.005,184.477,330.482
57.5847,146.456,185.213,331.669
57.6047,145.07,186.237,331.307
57.6247,150.322,187.806,338.128
57.6447,145.876,185.664,331.539
57.6647,151.249,187.137,338.386
57.6847,149.102,186.959,336.06
57.7047,140.846,183.109,323.955
57.7247,138.87,181.252,320.121
57.7447,141.02,186.39,327.41
57.7647,144.367,183.845,328.212
57.7847,142.986,183.893,326.879
57.8047,148.8,183.724,332.524
57.8247,140.881,184.573,325.454
57.8447,141.379,183.752,325.131
57.8647,144.358,183.162,327.519
57.8847,137.151,182.897,320.048
57.9047,145.513,185.935,331.449
57.9247,147.529,186.04,333.568
57.9447,150.195,185.378,335.573
57.9647,145.711,182.338,328.05
57.9847,144.291,188.061,332.352
58.0047,142.186,183.964,326.149
58.0247,142.192,185.12,327.312
58.0447,142.69,183.671,326.36
58.0647,148.459,184.933,333.392
58.0847,137.2,180.413,317.612
58.1047,148.395,185.014,333.408
58.1247,140.53,185.931,326.461
58.1447,148.288,186.961,335.249
58.1647,145.346,182.473,327.819
58.1847,143.299,181.489,324.788
58.2047,139.895,183.546,323.44
58.2247,141.688,183.548,325.236
58.2447,144.034,181.987,326.021
58.2647,139.769,180.753,320.523
58.2847,146.105,181.93,328.035
58.3047,139.41,182.203,321.613
58.3247,145.852,183.688,329.54
58.3447,145.278,183.09,328.368
58.3647,145.238,183.965,329.203
58.3847,138.918,180.125,319.043
58.4047,141.128,182.87,323.998
58.4247,135.778,181.22,316.998
58.4447,143.257,185.208,328.464
58.4647,143.969,184.082,328.051
58.4847,141.347,181.786,323.133
58.5047,146.533,183.853,330.386
58.5247,136.868,180.806,317.675
58.5447,141.645,182.975,324.62
58.5647,137.044,181.891,318.935
58.5847,144.23,182.582,326.812
58.6047,141.466,183.404,324.87
58.6247,144.359,182.874,327.232
58.6447,135.474,181.469,316.943
58.6647,139.33,179.687,319.017
58.6847,146.409,184.412,330.821
58.7047,144.646,182.686,327.333
58.7247,140.433,180.162,320.595
58.7447,138.129,181.088,319.217
58.7647,142.981,183.076,326.058
58.7847,142.208,181.155,323.363
58.8047,139.285,180.512,319.797
58.8247,141.242,181.078,322.32
58.8447,139.564,183.261,322.825
58.8647,144.101,184.585,328.685
58.8847,135.312,179.377,314.689
58.9047,140.602,182.55,323.152
58.9247,144.352,184.573,328.925
58.9447,136.458,179.474,315.932
58.9647,147.214,182.026,329.24
58.9847,136.122,179.715,315.837
59.0047,139.887,184.24,324.127
59.0247,143.721,181.486,325.207
59.0447,140.519,178.958,319.477
59.0647,142.088,179.655,321.743
59.0847,140.244,180.313,320.557
59.1047,137.154,180.33,317.483
59.1247,139.428,178.874,318.302
59.1447,142.088,180.27,322.357
59.1647,139.961,182.763,322.725
59.1847,133.254,180.357,313.61
59.2047,140.478,179.851,320.329
59.2247,143.196,181.637,324.833
59.2447,142.276,181.131,323.407
59.2647,137.829,181.213,319.042
59.2847,137.305,181.188,318.493
59.3047,135.628,181.461,317.09
59.3247,141.663,182.779,324.442
59.3447,139.953,182.185,322.138
59.3647,136.801,177.831,314.632
59.3847,132.607,178.311,310.917
59.4047,145.572,178.685,324.257
59.4247,145.047,180.756,325.803
59.4447,140.771,178.614,319.386
59.4647,140.978,179.008,319.986
59.4847,139.561,179.453,319.014
59.5047,142.53,179.795,322.325
59.5247,135.181,178.698,313.879
59.5447,141.947,178.022,319.969
59.5647,141.866,181.4,323.266
59.5847,140.936,179.523,320.46
59.6047,133.12,178.551,311.671
59.6247,142.2,179.493,321.693
59.6447,138.324,179.331,317.655
59.6647,141.282,181.09,322.372
59.6847,141.524,181.692,323.216
59.7047,141.824,178.956,320.78
59.7247,144.971,179.287,324.257
59.7447,133.448,179.057,312.505
59.7647,140.48,180.689,321.169
59.7847,138.329,178.82,317.149
59.8047,137.14,178.486,315.626
59.8247,136.344,179.041,315.386
59.8447,137.869,178.298,316.167
59.8647,138.585,177.689,316.274
59.8847,143.462,179.289,322.751
59.9047,136.218,178.452,314.67
59.9247,139.436,181.131,320.566
59.9447,137.753,180.176,317.929
59.9647,133.436,176.771,310.207
59.9847,137.436,177.283,314.719
60.0047,137.961,178.645,316.606
60.0247,135.658,178.937,314.596
60.0447,136.217,180.061,316.279
60.0647,128.663,176.261,304.924
60.0847,138.778,179.752,318.529
60.1047,137.294,179.75,317.044
60.1247,141.902,180.811,322.713
60.1447,134.932,177.79,312.721
60.1647,130.945,178.185,309.13
60.1847,134.116,179.743,313.858
60.2047,139.222,179.98,319.203
60.2247,133.715,178.585,312.299
60.2447,132.541,179.498,312.039
60.2647,137.46,181.411,318.871
60.2847,141.027,180.813,321.84
60.3047,132.918,177.236,310.154
60.3247,140.227,178.106,318.334
60.3447,137.367,179.997,317.364
60.3647,140.127,178.55,318.678
60.3847,136.674,179.131,315.805
60.4047,134.064,176.268,310.332
60.4247,132.165,177.411,309.576
60.4447,138.369,180.402,318.771
60.4647,133.745,174.166,307.911
60.4847,138.082,177.429,315.511
60.5047,137.898,177.63,315.528
60.5247,133.595,176.24,309.836
60.5447,139.918,177.235,317.153
60.5647,135.126,177.262,312.389
60.5847,137.173,176.109,313.281
60.6047,133.319,175.649,308.968
60.6247,145.838,178.164,324.002
60.6447,129.573,176.384,305.957
60.6647,139.661,177.567,317.228
60.6847,133,177.108,310.108
60.7047,133.674,175.976,309.65
60.7247,136.619,176.271,312.89
60.7447,135.12,176.262,311.382
60.7647,137.814,179.408,317.222
60.7847,128.265,175.057,303.323
60.8047,138.112,177.019,315.131
60.8247,133.232,177.578,310.81
60.8447,131.538,176.462,308
60.8647,134.101,178.959,313.06
60.8847,134.124,176.567,310.69
60.9047,131.867,175.34,307.207
60.9247,136.452,176.313,312.765
60.9447,127.855,173.552,301.406
60.9647,140.377,176.477,316.854
60.9847,132.175,176.752,308.926
61.0047,132.794,176.242,309.036
61.0247,132.811,177.355,310.166
61.0447,131.67,175.32,306.991
61.0647,132.474,177.734,310.208
61.0847,135.885,175.909,311.794
61.1047,129.417,175.596,305.013
61.1247,138.071,176.401,314.472
61.1447,131.237,175.324,306.561
61.1647,136.946,179.084,316.03
61.1847,132.358,177.328,309.686
61.2047,137.617,176.491,314.109
61.2247,133.179,176.093,309.272
61.2447,138.571,176.546,315.117
61.2647,124.276,174.324,298.601
61.2847,131.62,177.217,308.837
61.3047,134.915,175.135,310.051
61.3247,137.521,177.536,315.057
61.3447,129.86,174.792,304.652
61.3647,135.174,174.762,309.936
61.3847,133.096,175.39,308.486
61.4047,136.402,175.958,312.36
61.4247,132.59,174.76,307.35
61.4447,132.101,175.931,308.032
61.4647,134.07,176.239,310.309
61.4847,131.159,176.073,307.232
61.5047,130.96,174.407,305.367
61.5247,130.232,175.156,305.388
61.5447,132.706,174.916,307.622
61.5647,136.413,177.369,313.782
61.5847,130.073,175.431,305.504
61.6047,135.284,175.986,311.27
61.6247,129.87,174.992,304.862
61.6447,129.459,173.937,303.396
61.6647,129.52,173.3,302.82
61.6847,131.139,175.378,306.517
61.7047,131.19,174.228,305.419
61.7247,133.182,174.756,307.938
61.7447,127.08,174.004,301.084
61.7647,133.826,174.715,308.541
61.7847,131.521,176.502,308.023
61.8047,132.955,174.232,307.187
61.8247,136.441,175.345,311.786
61.8447,132.033,174.797,306.831
61.8647,127.325,174.831,302.156
61.8847,131.423,176.083,307.506
61.9047,127.576,174.595,302.172
61.9247,138.009,175.353,313.363
61.9447,128.877,172.127,301.004
61.9647,135.635,174.371,310.006
61.9847,134.156,174.832,308.988
62.0047,128.937,173.573,302.51
62.0247,132.398,173.004,305.402
62.0447,129.966,173.607,303.573
62.0647,129.255,173.281,302.536
62.0847,131.249,173.744,304.992
62.1047,125.28,172.517,297.797
62.1247,135.56,173.582,309.143
62.1447,127.066,172.501,299.568
62.1647,130.697,174.344,305.041
62.1847,132.328,175.104,307.432
62.2047,129.286,173.564,302.85
62.2247,130.169,173.692,303.861
62.2447,130.858,173.302,304.159
62.2647,130.066,175.555,305.621
62.2847,134.107,174.562,308.668
62.3047,133.895,175.064,308.958
62.3247,130.178,173.288,303.466
62.3447,126.213,173.409,299.622
62.3647,128.982,174.274,303.256
62.3847,133.508,172.792,306.3
62.4047,131.294,172.145,303.439
62.4247,130.088,171.652,301.74
62.4447,131.024,173.006,304.03
62.4647,134.384,175.563,309.948
62.4847,133.196,174.07,307.265
62.5047,130.338,171.872,302.209
62.5247,131.275,172.788,304.064
62.5447,133.288,174.946,308.234
62.5647,131.11,173.564,304.674
62.5847,133.503,172.369,305.871
62.6047,124.028,171.196,295.224
62.6247,133.18,173.076,306.256
62.6447,125.892,172.998,298.891
62.6647,126.213,172.058,298.271
62.6847,130.519,171.176,301.695
62.7047,128.013,170.643,298.656
62.7247,135.307,171.692,307
62.7447,128.042,171.865,299.907
62.7647,128.104,171.273,299.377
62.7847,127.406,170.155,297.561
62.8047,127.995,173.667,301.661
62.8247,128.519,169.949,298.468
62.8447,133.017,174.482,307.499
62.8647,127.372,171.398,298.769
62.8847,129.789,171.049,300.838
62.9047,137.692,175.293,312.986
62.9247,133.006,171.706,304.712
62.9447,124.286,167.487,291.773
62.9647,135.245,171.606,306.852
62.9847,132.844,171.482,304.327
63.0047,126.257,172.784,299.041
63.0247,126.354,168.685,295.038
63.0447,130.73,173.287,304.017
63.0647,127.809,171.809,299.619
63.0847,124.118,171.954,296.072
63.1047,126.037,172.611,298.648
63.1247,122.333,170.365,292.698
63.1447,130.657,172.45,303.107
63.1647,125.144,172.159,297.303
63.1847,128.701,169.897,298.598
63.2047,127.081,171.165,298.246
63.2247,132.949,174.124,307.073
63.2447,128.509,170.475,298.983
63.2647,130.286,171.42,301.706
63.2847,126.825,172.544,299.369
63.3047,120.35,170.325,290.675
63.3247,127.145,170.138,297.283
63.3447,124.719,171.69,296.409
63.3647,125.863,169.939,295.802
63.3847,128.985,173.617,302.602
63.4047,128.315,170.102,298.417
63.4247,128.871,171.34,300.211
63.4447,129.186,172.891,302.077
63.4647,132.566,173.059,305.626
63.4847,126.043,170.624,296.667
63.5047,125.875,171.334,297.208
63.5247,127.721,168.832,296.554
63.5447,127.893,171.682,299.574
63.5647,125.092,170.882,295.974
63.5847,131.776,170.054,301.831
63.6047,121.202,168.573,289.775
63.6247,124.246,170.142,294.388
63.6447,129.564,172.382,301.946
63.6647,121.809,170.546,292.356
63.6847,129.613,170.675,300.288
63.7047,122.282,168.048,290.33
63.7247,123.504,169.426,292.93
63.7447,124.716,169.951,294.667
63.7647,129.569,169.022,298.591
63.7847,123.358,170.117,293.476
63.8047,127.824,169.036,296.86
63.8247,124.4,169.193,293.593
63.8447,125.223,170.217,295.44
63.8647,128.073,172.976,301.049
63.8847,122.163,169.705,291.868
63.9047,130.095,171.693,301.788
63.9247,118.492,166.909,285.401
63.9447,125.611,171.886,297.497
63.9647,127.257,171.56,298.817
63.9847,118.309,166.671,284.98
64.0047,126.436,170.199,296.635
64.0247,130.151,173.731,303.882
64.0447,128.987,169.35,298.337
64.0647,125.191,170.786,295.978
64.0847,127.09,171.589,298.678
64.1047,128.381,170.146,298.527
64.1247,123.765,167.861,291.626
64.1447,116.504,168.813,285.317
64.1647,127.664,170.344,298.009
64.1847,127.396,169.878,297.274
64.2047,121.899,168.817,290.716
64.2247,125.597,167.413,293.01
64.2447,133.554,169.691,303.245
64.2647,119.936,167.315,287.251
64.2847,125.464,169.859,295.323
64.3047,125.834,170.079,295.913
64.3247,127.187,171.526,298.713
64.3447,124.424,170.541,294.965
64.3647,121.083,168.811,289.894
64.3847,128.684,169.157,297.842
64.4047,125.02,168.705,293.725
64.4247,124.087,168.472,292.559
64.4447,129.014,170.413,299.427
64.4647,127.09,169.703,296.793
64.4847,121.186,169.551,290.738
64.5047,128.646,169.871,298.517
64.5247,121.009,167.306,288.315
64.5447,129.186,170.292,299.478
64.5647,121.168,170.281,291.449
64.5847,126.484,169.067,295.552
64.6047,122.104,170.1,292.204
64.6247,127.425,171.914,299.338
64.6447,119.636,169.014,288.65
64.6647,121.871,169.132,291.003
64.6847,121.176,167.528,288.704
64.7047,122.432,169.002,291.434
64.7247,123.696,167.552,291.248
64.7447,124.725,169.095,293.82
64.7647,123.174,167.97,291.144
64.7847,124.529,169.374,293.903
64.8047,125.494,168.583,294.076
64.8247,123.746,167.216,290.962
64.8447,127.68,168.687,296.367
64.8647,115.687,167.613,283.299
64.8847,125.854,167.553,293.407
64.9047,123.604,165.441,289.045
64.9247,122.6,167.536,290.136
64.9447,125.358,171.611,296.969
64.9647,116.91,164.935,281.844
64.9847,128.059,170.052,298.111
65.0047,127.036,168.232,295.267
65.0247,120.652,167.485,288.138
65.0447,121.372,167.593,288.965
65.0647,117.468,166.303,283.771
65.0847,125.302,165.437,290.739
65.1047,124.077,168.404,292.481
65.1247,119.353,166.2,285.552
65.1447,122.307,165.139,287.446
65.1647,126.976,167.274,294.25
65.1847,124.277,167.305,291.582
65.2047,121.388,164.184,285.572
65.2247,121.381,167.425,288.806
65.2447,122.081,166.455,288.536
65.2647,124.532,167.389,291.921
65.2847,123.58,165.794,289.374
65.3047,120.581,166.218,286.798
65.3247,117.08,165.508,282.588
65.3447,123.623,169.437,293.061
65.3647,122.487,167.278,289.766
65.3847,125.477,168.724,294.201
65.4047,120.682,165.58,286.262
65.4247,116.031,164.95,280.981
65.4447,124.155,166.377,290.531
65.4647,124.637,165.541,290.178
65.4847,118.669,166.419,285.088
65.5047,122.71,167.561,290.271
65.5247,122.791,167.62,290.412
65.5447,124.993,166.689,291.682
65.5647,118.422,166.346,284.768
65.5847,120.047,166.187,286.234
65.6047,117.367,164.251,281.618
65.6247,123.939,167.187,291.126
65.6447,118.721,166.619,285.34
65.6647,116.406,164.702,281.108
65.6847,122.934,167.152,290.086
65.7047,121.176,166.059,287.235
65.7247,118.125,168.326,286.451
65.7447,124.41,167.163,291.573
65.7647,118.999,167.491,286.49
65.7847,124.934,164.902,289.836
65.8047,115.994,163.681,279.676
65.8247,122.123,165.962,288.085
65.8447,120.024,166.478,286.502
65.8647,120.391,166.697,287.088
65.8847,119.82,165.464,285.284
65.9047,119.18,163.913,283.094
65.9247,121.198,167.902,289.1
65.9447,121.393,165.377,286.769
65.9647,120.204,164.818,285.022
65.9847,122.786,166.643,289.429
66.0047,122.867,166.659,289.526
66.0247,118.428,164.705,283.133
66.0447,125.251,165.688,290.939
66.0647,114.33,162.857,277.187
66.0847,126.061,167.871,293.933
66.1047,117.572,164.171,281.743
66.1247,121.694,166.928,288.622
66.1447,119.282,167.4,286.681
66.1647,122.763,166.446,289.209
66.1847,117.108,164.013,281.121
66.2047,120.432,164.541,284.973
66.2247,121.162,166.168,287.33
66.2447,116.934,166.786,283.72
66.2647,117.963,163.9,281.863
66.2847,120.541,166.072,286.613
66.3047,119.621,166.182,285.803
66.3247,116.312,164.389,280.701
66.3447,119.875,165.104,284.979
66.3647,120.546,165.406,285.952
66.3847,122.513,166.039,288.552
66.4047,114.769,163.483,278.251
66.4247,115.065,163.271,278.336
66.4447,118.6,165.949,284.55
66.4647,122.141,166.653,288.795
66.4847,125.021,165.951,290.972
66.5047,116.239,164.916,281.155
66.5247,118.481,162.918,281.398
66.5447,118.214,163.098,281.312
66.5647,116.095,165.79,281.885
66.5847,121.031,165.225,286.256
66.6047,121.06,163.383,284.443
66.6247,113.245,164.069,277.314
66.6447,113.061,163.948,277.009
66.6647,131.197,168.177,299.373
66.6847,117.344,163.08,280.425
66.7047,118.15,164.705,282.854
66.7247,118.266,165.388,283.654
66.7447,118.067,163.852,281.919
66.7647,118.41,164.335,282.745
66.7847,118.127,163.61,281.736
66.8047,116.261,162.55,278.811
66.8247,121.474,165.559,287.033
66.8447,118.659,162.144,280.803
66.8647,115.154,161.843,276.997
66.8847,118.36,164.796,283.156
66.9047,116.414,161.555,277.969
66.9247,113.055,163.215,276.27
66.9447,122.169,164.875,287.044
66.9647,124.733,166.103,290.836
66.9847,113.896,164.552,278.448
67.0047,119.198,163.192,282.39
67.0247,118.289,162.417,280.706
67.0447,122.12,164.11,286.231
67.0647,113.618,161.998,275.616
67.0847,125.845,165.944,291.788
67.1047,122.646,165.206,287.852
67.1247,110.769,162.793,273.562
67.1447,115.541,164.221,279.763
67.1647,119.271,167.308,286.579
67.1847,117.259,164.094,281.353
67.2047,118.253,161.306,279.559
67.2247,111.81,161.745,273.555
67.2447,119.077,164.788,283.865
67.2647,115.865,163.939,279.804
67.2847,119.332,163.229,282.561
67.3047,115.976,162.758,278.733
67.3247,118.006,166.172,284.177
67.3447,117.525,163.915,281.44
67.3647,121.751,164.23,285.981
67.3847,115.431,163.966,279.397
67.4047,115.481,162.746,278.227
67.4247,115.098,161.91,277.008
67.4447,118.708,164.657,283.365
67.4647,113.576,162.81,276.386
67.4847,115.474,165.142,280.617
67.5047,112.557,160.525,273.082
67.5247,113.547,162.142,275.689
67.5447,115.727,162.852,278.579
67.5647,118.502,162.89,281.393
67.5847,116.359,163.065,279.424
67.6047,117.664,162.707,280.371
67.6247,115.407,161.559,276.966
67.6447,114.456,163.03,277.486
67.6647,115.013,161.895,276.907
67.6847,117.426,160.956,278.382
67.7047,112.991,161.242,274.233
67.7247,116.234,163.916,280.15
67.7447,121.333,164.242,285.574
67.7647,115.028,159.525,274.553
67.7847,110.272,159.537,269.809
67.8047,114.373,162.74,277.113
67.8247,118.503,161.869,280.373
67.8447,119.359,163.261,282.62
67.8647,109.431,161.07,270.501
67.8847,119.144,164.595,283.739
67.9047,114.452,162.225,276.676
67.9247,119.408,163.096,282.503
67.9447,114.834,163.122,277.955
67.9647,114.978,159.918,274.896
67.9847,115.446,159.817,275.263
68.0047,118.851,163.484,282.336
68.0247,113.422,161.167,274.589
68.0447,109.99,162.108,272.098
68.0647,113.984,161.36,275.344
68.0847,111.316,159.504,270.82
68.1047,113.517,161.096,274.613
68.1247,117.441,163.961,281.402
68.1447,110.477,160.132,270.608
68.1647,117.211,161.249,278.459
68.1847,116.08,160.412,276.492
68.2047,113.818,160.327,274.144
68.2247,117.881,163.32,281.202
68.2447,118.223,159.257,277.48
68.2647,111.268,157.432,268.699
68.2847,116.695,162.353,279.048
68.3047,116.048,160.784,276.833
68.3247,110.906,159.089,269.995
68.3447,113.349,162.282,275.63
68.3647,121.343,163.583,284.926
68.3847,117.398,162.581,279.979
68.4047,113.575,159.908,273.483
68.4247,113.422,157.471,270.894
68.4447,116.726,161.16,277.886
68.4647,111.94,160.952,272.892
68.4847,111.794,161.586,273.38
68.5047,113.153,159.54,272.692
68.5247,114.856,159.677,274.533
68.5447,115.003,161.855,276.857
68.5647,115.464,158.99,274.455
68.5847,117.919,160.961,278.88
68.6047,118.032,161.249,279.281
68.6247,111.569,162.274,273.844
68.6447,105.769,158.944,264.712
68.6647,115.087,160.262,275.349
68.6847,113.467,162.784,276.251
68.7047,108.238,157.99,266.228
68.7247,117.408,162.45,279.858
68.7447,109.634,157.885,267.519
68.7647,118.794,159.262,278.056
68.7847,111.357,159.804,271.161
68.8047,112.987,159.506,272.493
68.8247,114.514,160.646,275.16
68.8447,116.254,160.749,277.003
68.8647,105.466,157.767,263.232
68.8847,116.594,159.958,276.551
68.9047,116.262,162.29,278.552
68.9247,115.743,160.982,276.725
68.9447,111.572,160.933,272.505
68.9647,113.995,159.673,273.668
68.9847,107.3,157.771,265.072
69.0047,115.753,160.391,276.144
69.0247,111.484,158.563,270.047
69.0447,114.593,160.712,275.305
69.0647,110.695,157.825,268.52
69.0847,115.075,159.52,274.595
69.1047,113.208,159.798,273.006
69.1247,111.658,157.447,269.105
69.1447,114.631,161.041,275.672
69.1647,114.375,159.21,273.585
69.1847,108.842,160.194,269.035
69.2047,109.305,159.024,268.329
69.2247,114.521,159.575,274.095
69.2447,110.647,157.553,268.199
69.2647,105.773,156.919,262.691
69.2847,113.815,158.224,272.04
69.3047,112.034,158.182,270.216
69.3247,113.213,159.797,273.01
69.3447,109.347,156.492,265.839
69.3647,116.846,161.98,278.826
69.3847,113.558,158.84,272.397
69.4047,115.517,161.042,276.56
69.4247,112.337,158.392,270.729
69.4447,111.8,158.997,270.797
69.4647,112.594,156.812,269.406
69.4847,108.392,159.021,267.413
69.5047,110.808,157.811,268.619
69.5247,113.254,157.756,271.01
69.5447,117.335,158.396,275.731
69.5647,110.591,156.863,267.454
69.5847,111.515,158.166,269.682
69.6047,107.1,156.864,263.964
69.6247,112.096,158.565,270.66
69.6447,110.499,158.792,269.291
69.6647,107.142,156.236,263.378
69.6847,103.425,155.906,259.331
69.7047,113.859,158.199,272.059
69.7247,115.324,158.53,273.854
69.7447,113.672,157.773,271.444
69.7647,111.397,156.937,268.334
69.7847,110.979,157.998,268.977
69.8047,112.916,160.106,273.021
69.8247,104.736,156.657,261.392
69.8447,116.974,157.391,274.366
69.8647,105.434,156.556,261.991
69.8847,111.728,161.495,273.223
69.9047,110.423,158.405,268.829
69.9247,110.799,158.955,269.753
69.9447,106.88,155.989,262.869
69.9647,109.802,157.703,267.505
69.9847,115.462,158.115,273.576
70.0047,108.684,158.661,267.345
70.0247,109.285,154.301,263.587
70.0447,115.979,158.515,274.494
70.0647,111.05,156.213,267.263
70.0847,110.181,157.705,267.885
70.1047,107.491,156.985,264.475
70.1247,111.519,158.1,269.619
70.1447,101.224,154.238,255.462
70.1647,108.788,157.735,266.524
70.1847,110.557,156.869,267.426
70.2047,109.238,155.411,264.649
70.2247,111.564,157.14,268.704
70.2447,113.228,159.907,273.134
70.2647,112.253,159.536,271.789
70.2847,109.9,155.897,265.797
70.3047,112.762,161.127,273.889
70.3247,108.869,156.188,265.057
70.3447,112.994,156.151,269.144
70.3647,107.769,157.279,265.047
70.3847,111.23,155.955,267.185
70.4047,105.72,155.792,261.512
70.4247,111.415,158.171,269.586
70.4447,106.247,154.402,260.649
70.4647,107.92,156.355,264.275
70.4847,107.504,154.925,262.429
70.5047,108.34,156.863,265.203
70.5247,102.811,156.602,259.413
70.5447,111.367,159.095,270.462
70.5647,104.249,153.821,258.07
70.5847,109.531,156.086,265.616
70.6047,110.083,155.772,265.855
70.6247,108.52,154.93,263.451
70.6447,108.236,156.353,264.588
70.6647,109.523,156.366,265.889
70.6847,113.649,155.86,269.509
70.7047,110.16,154.576,264.736
70.7247,106.12,153.576,259.696
70.7447,111.367,156.488,267.855
70.7647,103.895,155.288,259.183
70.7847,111.248,153.895,265.143
70.8047,111.029,156.094,267.123
70.8247,109.577,154.839,264.417
70.8447,103.932,158.767,262.698
70.8647,113.975,155.587,269.562
70.8847,103.689,154.911,258.6
70.9047,108.903,157.151,266.054
70.9247,105.837,154.85,260.688
70.9447,107.223,157.214,264.437
70.9647,107.124,156.751,263.875
70.9847,109.923,155.033,264.956
71.0047,104.259,153.2,257.459
71.0247,106.973,154.777,261.751
71.0447,108.874,154.549,263.422
71.0647,108.781,155.096,263.877
71.0847,107.993,154.44,262.433
71.1047,108.89,153.965,262.855
71.1247,106.774,154.836,261.611
71.1447,106.847,154.982,261.829
71.1647,105.979,153.793,259.772
71.1847,110.125,155.693,265.818
71.2047,105.98,154.191,260.172
71.2247,106.142,155.843,261.985
71.2447,110.82,157.718,268.539
71.2647,106.656,152.523,259.179
71.2847,103.567,153.422,256.989
71.3047,107.212,154.906,262.118
71.3247,105.343,154.324,259.667
71.3447,112.027,155.178,267.204
71.3647,110.195,157.859,268.054
71.3847,111.406,156.59,267.995
71.4047,104.575,152.087,256.662
71.4247,102.707,153.255,255.962
71.4447,105.331,154.647,259.978
71.4647,105.977,151.707,257.685
71.4847,109.928,154.186,264.114
71.5047,105.854,156.191,262.045
71.5247,107.119,154.374,261.493
71.5447,107.546,152.388,259.934
71.5647,110.502,155.011,265.513
71.5847,105.714,154.363,260.076
71.6047,104.29,153.903,258.193
71.6247,106.834,155.143,261.977
71.6447,107.389,153.955,261.344
71.6647,114.218,155.424,269.642
71.6847,102.279,152.428,254.708
71.7047,107.491,154.37,261.861
71.7247,107.916,153.69,261.606
71.7447,105.892,155.248,261.14
71.7647,103.257,152.732,255.989
71.7847,104.182,152.758,256.94
71.8047,105.186,154.045,259.231
71.8247,105.994,152.295,258.289
71.8447,105.994,154.196,260.189
71.8647,106.609,153.151,259.76
71.8847,107.439,153.059,260.498
71.9047,106.209,153.052,259.261
71.9247,106.936,149.731,256.667
71.9447,105.34,151.85,257.19
71.9647,100.539,152.475,253.014
71.9847,103.364,153.66,257.024
72.0047,111.074,153.534,264.609
72.0247,103.413,154.073,257.486
72.0447,104.105,153.546,257.651
72.0647,102.024,152.503,254.527
72.0847,107.805,150.881,258.686
72.1047,112.681,153.728,266.409
72.1247,106.816,152.262,259.078
72.1447,100.126,152.127,252.253
72.1647,103.158,150.687,253.845
72.1847,101.346,154.122,255.469
72.2047,102.21,151.739,253.95
72.2247,105.442,153.445,258.886
72.2447,104.977,154.121,259.098
72.2647,109.776,154.147,263.923
72.2847,104.844,152.71,257.554
72.3047,104.295,152.106,256.401
72.3247,106.735,153.051,259.785
72.3447,103.229,153.668,256.897
72.3647,106.5,154.245,260.745
72.3847,106.768,151.348,258.116
72.4047,109.451,152.812,262.263
72.4247,101.815,150.666,252.481
72.4447,102.892,151.316,254.208
72.4647,105.146,153.88,259.026
72.4847,100.545,150.639,251.183
72.5047,101.265,151.889,253.153
72.5247,106.835,151.188,258.023
72.5447,102.265,151.13,253.394
72.5647,106.754,153.798,260.552
72.5847,102.304,150.383,252.687
72.6047,101.924,153.066,254.99
72.6247,105.344,153.327,258.671
72.6447,99.1992,152.028,251.227
72.6647,104.341,151.832,256.173
72.6847,100.861,151.668,252.528
72.7047,103.669,152.343,256.012
72.7247,104.969,152.666,257.635
72.7447,103.625,151.852,255.477
72.7647,106.763,151.795,258.558
72.7847,103.125,150.629,253.754
72.8047,106.494,151.619,258.113
72.8247,101.139,147.214,248.353
72.8447,104.579,149.762,254.341
72.8647,105.716,150.426,256.141
72.8847,102.607,151.175,253.782
72.9047,102.831,151.418,254.249
72.9247,105.715,151.488,257.203
72.9447,107.85,151.181,259.031
72.9647,105.722,154.477,260.199
72.9847,101.156,149.415,250.571
73.0047,107.89,152.085,259.975
73.0247,103.117,148.523,251.64
73.0447,105.202,150.098,255.3
73.0647,109.735,153.941,263.675
73.0847,100.118,150.47,250.587
73.1047,100.095,151.677,251.772
73.1247,102.883,152.374,255.257
73.1447,103.651,149.942,253.592
73.1647,101.614,150.838,252.452
73.1847,102.735,152.583,255.318
73.2047,99.9717,150.167,250.139
73.2247,102.688,151.585,254.273
73.2447,103.026,149.216,252.242
73.2647,103.24,152.437,255.677
73.2847,97.6629,150.924,248.587
73.3047,101.845,151.327,253.173
73.3247,101.994,150.341,252.334
73.3447,101.783,149.912,251.695
73.3647,100.119,151.376,251.495
73.3847,103.57,152.181,255.75
73.4047,99.4061,149.602,249.008
73.4247,105.124,151.212,256.337
73.4447,103.268,150.066,253.334
73.4647,105.416,150.575,255.991
73.4847,101.856,148.935,250.791
73.5047,104.502,152.571,257.073
73.5247,103.314,151.838,255.153
73.5447,98.3259,149.972,248.298
73.5647,99.452,148.315,247.767
73.5847,99.2373,151.232,250.47
73.6047,105.681,151.162,256.843
73.6247,107.194,155.302,262.496
73.6447,92.8519,146.361,239.213
73.6647,106.795,148.679,255.474
73.6847,99.9808,148.549,248.53
73.7047,100.182,148.213,248.395
73.7247,102.871,148.221,251.092
73.7447,104.886,150.617,255.503
73.7647,103.311,148.872,252.183
73.7847,102.129,150.301,252.43
73.8047,97.7591,150.779,248.538
73.8247,101.853,147.127,248.979
73.8447,107.506,150.876,258.382
73.8647,100.97,149.073,250.043
73.8847,100.094,149.783,249.876
73.9047,99.6686,148.71,248.379
73.9247,105.794,149.189,254.983
73.9447,98.3485,150.273,248.622
73.9647,100.095,149.483,249.578
73.9847,100.238,150.093,250.33
74.0047,100.437,149.736,250.173
74.0247,106.282,151.345,257.627
74.0447,104.212,148.431,252.643
74.0647,98.2261,146.907,245.133
74.0847,102.96,149.272,252.233
74.1047,98.9179,146.489,245.407
74.1247,106.319,151.477,257.795
74.1447,103.032,148.905,251.937
74.1647,97.3375,148.942,246.279
74.1847,101.98,148.646,250.626
74.2047,95.902,148.043,243.945
74.2247,98.4468,149.437,247.884
74.2447,100.319,149.389,249.708
74.2647,100.579,149.416,249.995
74.2847,98.3365,146.974,245.31
74.3047,99.2299,149.296,248.526
74.3247,98.4563,148.977,247.434
74.3447,100.682,148.821,249.503
74.3647,97.2319,149.881,247.113
74.3847,99.4146,148.995,248.409
74.4047,105.877,149.45,255.327
74.4247,97.3036,148.35,245.654
74.4447,99.151,148.729,247.88
74.4647,96.8129,148.279,245.092
74.4847,105.741,149.338,255.079
74.5047,104.986,148.591,253.577
74.5247,97.967,147.589,245.556
74.5447,97.8827,146.424,244.307
74.5647,99.9286,147.278,247.206
74.5847,101.963,147.87,249.832
74.6047,94.7963,146.336,241.132
74.6247,105.895,151.653,257.548
74.6447,98.1951,147.011,245.206
74.6647,101.991,147.987,249.978
74.6847,99.9946,148.503,248.497
74.7047,102.941,149.011,251.952
74.7247,99.9362,146.485,246.421
74.7447,97.3284,146.41,243.738
74.7647,97.6762,145.653,243.329
74.7847,98.2953,148.278,246.574
74.8047,102.586,148.79,251.376
74.8247,100.795,146.482,247.277
74.8447,97.6931,146.298,243.991
74.8647,98.4655,148.121,246.586
74.8847,105.609,146.355,251.964
74.9047,98.8908,145.132,244.023
74.9247,95.2963,146.681,241.977
74.9447,93.8222,146.516,240.339
74.9647,101.527,149.078,250.606
74.9847,98.3178,146.554,244.872
75.0047,101.241,146.936,248.176
75.0247,97.7582,146.328,244.086
75.0447,97.9559,148.087,246.043
75.0647,92.508,143.819,236.327
75.0847,101.595,147.993,249.588
75.1047,99.2875,148.543,247.831
75.1247,98.0306,147.455,245.485
75.1447,103.578,147.318,250.896
75.1647,95.8457,145.783,241.628
75.1847,100.414,146.771,247.184
75.2047,99.5723,146.932,246.504
75.2247,98.2285,146.447,244.676
75.2447,99.2755,146.658,245.933
75.2647,96.9548,145.274,242.229
75.2847,102.072,147.844,249.916
75.3047,93.1662,144.662,237.829
75.3247,101.399,149.047,250.446
75.3447,94.4249,146.546,240.971
75.3647,94.2117,144.811,239.023
75.3847,99.712,148.858,248.57
75.4047,105.224,148.371,253.595
75.4247,94.7567,145.808,240.565
75.4447,100.611,147.316,247.927
75.4647,95.9076,146.682,242.59
75.4847,96.2383,143.181,239.419
75.5047,93.5783,145.225,238.803
75.5247,103.726,150.718,254.444
75.5447,96.5518,146.291,242.843
75.5647,98.505,144.068,242.573
75.5847,99.9542,145.882,245.836
75.6047,98.7884,144.707,243.496
75.6247,94.2039,146.371,240.575
75.6447,100.358,146.506,246.864
75.6647,99.4166,145.785,245.202
75.6847,99.4071,144.928,244.335
75.7047,97.1674,144.617,241.784
75.7247,97.6148,147.845,245.46
75.7447,91.6118,145.074,236.685
75.7647,102.896,145.79,248.686
75.7847,92.4191,146.319,238.738
75.8047,98.2679,145.144,243.412
75.8247,96.442,145.963,242.405
75.8447,98.7444,147.101,245.845
75.8647,92.0584,145.756,237.814
75.8847,99.3669,147.115,246.482
75.9047,97.872,146.404,244.276
75.9247,95.7195,143.12,238.839
75.9447,100.586,146.743,247.329
75.9647,95.931,144.536,240.467
75.9847,96.9441,146.025,242.969
76.0047,96.8155,144.991,241.807
76.0247,100.496,147.458,247.954
76.0447,92.8705,143.541,236.412
76.0647,100.505,145.389,245.894
76.0847,94.0914,144.449,238.54
76.1047,94.4635,146.074,240.537
76.1247,94.7199,142.789,237.509
76.1447,96.2823,145.452,241.735
76.1647,106.108,147.792,253.9
76.1847,95.9919,145.911,241.902
76.2047,96.8343,145.301,242.136
76.2247,92.9498,144.968,237.918
76.2447,100.448,147.309,247.757
76.2647,98.1921,144.401,242.594
76.2847,95.1741,145.273,240.447
76.3047,98.5749,143.981,242.556
76.3247,92.0705,143.952,236.023
76.3447,98.6591,147.443,246.102
76.3647,92.925,145.637,238.562
76.3847,96.2241,143.369,239.593
76.4047,99.5327,144.57,244.103
76.4247,96.0455,145.002,241.047
76.4447,96.8427,142.844,239.687
76.4647,98.2764,142.184,240.46
76.4847,96.6738,144.254,240.928
76.5047,94.3081,143.26,237.568
76.5247,94.4788,145.678,240.156
76.5447,95.5812,141.869,237.45
76.5647,98.0522,144.778,242.831
76.5847,94.5944,143.673,238.267
76.6047,96.2811,144.323,240.605
76.6247,99.4031,144.365,243.768
76.6447,102.928,146.605,249.533
76.6647,96.567,143.8,240.367
76.6847,96.3176,144.15,240.467
76.7047,95.9056,143.45,239.356
76.7247,93.5074,143.157,236.664
76.7447,95.2631,144.341,239.604
76.7647,96.0801,143.491,239.571
76.7847,98.0657,143.437,241.503
76.8047,96.1136,143.471,239.585
76.8247,95.7187,144.463,240.181
76.8447,91.3723,142.679,234.051
76.8647,99.7375,142.62,242.358
76.8847,96.3092,142.407,238.716
76.9047,93.1071,143.023,236.13
76.9247,92.9652,143.062,236.028
76.9447,97.9585,143.327,241.285
76.9647,92.4586,143.047,235.505
76.9847,93.7078,143.902,237.609
77.0047,96.8797,145.701,242.581
77.0247,94.4827,142.855,237.338
77.0447,93.1659,141.168,234.334
77.0647,98.5213,142.89,241.411
77.0847,90.8917,141.799,232.691
77.1047,99.4375,142.454,241.891
77.1247,96.6537,143.91,240.563
77.1447,92.7791,141.822,234.601
77.1647,92.15,141.992,234.142
77.1847,92.8898,142.261,235.151
77.2047,92.4182,144.111,236.529
77.2247,92.5242,140.247,232.771
77.2447,98.5805,143.173,241.753
77.2647,95.5565,142.813,238.369
77.2847,95.7149,145.732,241.447
77.3047,96.804,142.936,239.74
77.3247,90.3674,141.225,231.592
77.3447,96.8157,143.69,240.506
77.3647,95.8466,143.572,239.418
77.3847,95.3387,142.349,237.688
77.4047,94.9575,141.392,236.349
77.4247,94.7784,141.699,236.477
77.4447,97.8419,144.054,241.896
77.4647,89.0939,140.279,229.373
77.4847,94.3899,141.387,235.777
77.5047,94.8467,140.901,235.748
77.5247,97.5234,145.062,242.585
77.5447,89.9141,142.221,232.135
77.5647,95.3446,142.684,238.028
77.5847,91.6998,142.899,234.599
77.6047,91.498,141.871,233.369
77.6247,90.8321,141.652,232.484
77.6447,93.4807,142.754,236.235
77.6647,98.2269,142.203,240.43
77.6847,96.1536,143.945,240.099
77.7047,93.7526,143.18,236.933
77.7247,92.6744,141.796,234.47
77.7447,94.2111,142.632,236.843
77.7647,95.2587,142.26,237.519
77.7847,98.9228,143.242,242.164
77.8047,90.5147,143.029,233.544
77.8247,89.2654,139.913,229.178
77.8447,91.7396,140.31,232.049
77.8647,93.226,141.902,235.128
77.8847,94.4221,141.336,235.758
77.9047,94.1512,140.455,234.606
77.9247,91.0046,140.021,231.025
77.9447,91.9102,141.116,233.026
77.9647,97.0913,142.257,239.349
77.9847,96.3192,140.715,237.034
78.0047,93.9983,139.922,233.92
78.0247,98.2945,140.833,239.128
78.0447,95.3876,141.343,236.73
78.0647,90.9399,143.367,234.307
78.0847,94.0137,142.252,236.266
78.1047,93.9767,140.988,234.965
78.1247,95.7059,142.576,238.282
78.1447,95.9421,142.051,237.994
78.1647,89.6066,139.86,229.466
78.1847,94.352,140.465,234.817
78.2047,92.0726,140.537,232.61
78.2247,92.0195,141.687,233.707
78.2447,88.3635,140.026,228.39
78.2647,91.8006,142.354,234.155
78.2847,98.5949,142.267,240.862
78.3047,86.9202,138.677,225.597
78.3247,90.2549,141.255,231.51
78.3447,98.1806,142.573,240.754
78.3647,95.2734,141.904,237.178
78.3847,88.8724,138.016,226.889
78.4047,89.4782,141.929,231.407
78.4247,91.0766,138.969,230.046
78.4447,93.6375,141.643,235.28
78.4647,90.1236,141.498,231.622
78.4847,96.4178,142.266,238.684
78.5047,94.0283,140.782,234.81
78.5247,91.6993,139.854,231.553
78.5447,89.6849,140.524,230.209
78.5647,88.6057,138.657,227.262
78.5847,90.4914,137.728,228.219
78.6047,93.2255,140.651,233.876
78.6247,88.9516,139.461,228.413
78.6447,96.8632,142.063,238.926
78.6647,94.8402,139.907,234.747
78.6847,91.7725,140.725,232.498
78.7047,86.8945,140.575,227.47
78.7247,91.6222,141.399,233.021
78.7447,87.8947,138.973,226.868
78.7647,92.3484,140.219,232.567
78.7847,93.4614,139.908,233.37
78.8047,93.5223,142.308,235.83
78.8247,91.424,139.658,231.082
78.8447,91.9504,139.152,231.103
78.8647,90.3229,138.929,229.252
78.8847,88.8468,139.352,228.198
78.9047,96.2632,142.398,238.661
78.9247,89.9674,140.59,230.558
78.9447,94.5964,140.955,235.551
78.9647,90.8173,139.528,230.346
78.9847,90.4974,139.765,230.262
79.0047,84.556,136.849,221.405
79.0247,96.5801,140.75,237.33
79.0447,90.6946,139.344,230.038
79.0647,91.0688,139.834,230.903
79.0847,88.2608,139.486,227.747
79.1047,92.4349,139.974,232.409
79.1247,90.9774,139.488,230.466
79.1447,92.8438,140.607,233.451
79.1647,92.6778,141.552,234.23
79.1847,96.7706,141.688,238.459
79.2047,94.6316,139.094,233.725
79.2247,86.3112,138.738,225.049
79.2447,88.1717,139.696,227.867
79.2647,84.4515,138.469,222.92
79.2847,90.3472,139.342,229.689
79.3047,93.6751,139.507,233.182
79.3247,89.4791,138.11,227.589
79.3447,87.7775,138.327,226.105
79.3647,89.1043,140.439,229.543
79.3847,93.6641,139.376,233.04
79.4047,94.0569,139.99,234.047
79.4247,89.8753,138.789,228.664
79.4447,88.9961,140.166,229.162
79.4647,88.6,137.563,226.163
79.4847,88.6521,138.814,227.467
79.5047,94.9204,139.881,234.801
79.5247,91.656,138.866,230.522
79.5447,92.8404,139.441,232.281
79.5647,90.2136,138.891,229.104
79.5847,89.7129,137.835,227.548
79.6047,93.888,139.363,233.251
79.6247,90.9901,139.286,230.276
79.6447,87.2763,138.351,225.627
79.6647,90.4468,140.226,230.673
79.6847,91.1808,138.29,229.471
79.7047,84.5447,137.395,221.94
79.7247,95.5493,139.124,234.673
79.7447,87.2451,137.659,224.904
79.7647,90.8994,140.439,231.338
79.7847,87.9211,137.075,224.996
79.8047,92.5548,138.765,231.32
79.8247,86.3876,135.906,222.294
79.8447,91.2775,140.114,231.391
79.8647,86.4231,137.223,223.646
79.8847,88.3873,137.283,225.671
79.9047,88.2127,138.922,227.135
79.9247,93.6209,138.76,232.381
79.9447,92.9059,140.877,233.783
79.9647,86.3924,136.685,223.077
79.9847,91.1853,139.76,230.945
80.0047,85.8457,136.212,222.058
80.0247,93.7315,138.655,232.386
80.0447,91.6554,136.783,228.438
80.0647,86.9433,136.941,223.885
80.0847,89.4753,138.551,228.026
80.1047,90.0221,136.948,226.97
80.1247,90.0992,136.848,226.947
80.1447,90.0972,136.944,227.041
80.1647,91.0374,136.712,227.749
80.1847,85.6057,136.923,222.529
80.2047,92.7267,138.917,231.644
80.2247,95.2284,138.353,233.581
80.2447,90.108,137.603,227.711
80.2647,85.5859,135.551,221.137
80.2847,89.6182,134.988,224.606
80.3047,88.6355,138.665,227.301
80.3247,87.1743,137.044,224.218
80.3447,88.7915,136.633,225.425
80.3647,88.7522,137.172,225.924
80.3847,87.9789,137.36,225.339
80.4047,86.5902,138.518,225.109
80.4247,88.1052,137.218,225.324
80.4447,89.4501,138.18,227.63
80.4647,87.7725,138.88,226.652
80.4847,91.7684,136.07,227.839
80.5047,85.7493,133.925,219.674
80.5247,90.6216,136.639,227.261
80.5447,88.2509,137.504,225.755
80.5647,85.5293,135.569,221.098
80.5847,94.9082,138.64,233.548
80.6047,89.9646,133.98,223.945
80.6247,86.722,136.815,223.537
80.6447,89.9328,136.86,226.793
80.6647,87.2116,135.77,222.981
80.6847,89.528,138.084,227.612
80.7047,93.1686,139.905,233.073
80.7247,87.07,136.571,223.641
80.7447,84.8044,136.637,221.442
80.7647,89.4313,136.313,225.744
80.7847,86.8163,136.157,222.973
80.8047,87.7236,134.921,222.645
80.8247,90.1674,136.846,227.014
80.8447,88.644,137.771,226.415
80.8647,89.1019,134.748,223.85
80.8847,89.665,136.231,225.896
80.9047,81.8717,134.267,216.139
80.9247,92.1934,138.291,230.484
80.9447,89.3292,136.666,225.995
80.9647,87.5183,138.279,225.797
80.9847,81.2491,134.409,215.658
81.0047,92.51,136.946,229.456
81.0247,84.6636,136.319,220.983
81.0447,90.7491,137.292,228.041
81.0647,83.327,134.881,218.208
81.0847,89.3779,134.589,223.967
81.1047,88.823,134.847,223.67
81.1247,86.486,137.388,223.874
81.1447,92.5447,136.924,229.469
81.1647,82.0577,135.703,217.76
81.1847,87.3455,135.537,222.882
81.2047,89.9435,137.176,227.12
81.2247,86.3658,134.22,220.586
81.2447,84.7951,134.239,219.034
81.2647,86.4058,135.151,221.557
81.2847,90.5123,134.059,224.571
81.3047,80.1414,133.038,213.179
81.3247,90.2909,138.263,228.554
81.3447,86.66,135.578,222.238
81.3647,85.1259,135.35,220.476
81.3847,88.0221,136.276,224.298
81.4047,91.443,135.647,227.09
81.4247,87.0082,136.49,223.498
81.4447,87.5021,134.344,221.846
81.4647,85.0279,133.906,218.934
81.4847,84.7869,134.835,219.622
81.5047,87.7202,136.394,224.115
81.5247,86.1924,135.402,221.594
81.5447,88.1369,135.385,223.522
81.5647,87.491,133.526,221.017
81.5847,88.6463,136.218,224.865
81.6047,81.3854,132.897,214.282
81.6247,86.7267,136.076,222.803
81.6447,85.2765,135.576,220.852
81.6647,84.6197,134.445,219.064
81.6847,85.6012,135.043,220.644
81.7047,89.3284,134.812,224.14
81.7247,85.357,134.808,220.165
81.7447,86.8458,134.141,220.987
81.7647,86.6843,134.461,221.145
81.7847,86.6219,136.613,223.234
81.8047,86.2524,135.688,221.94
81.8247,87.926,134.938,222.864
81.8447,88.7758,136.012,224.788
81.8647,83.8312,133.33,217.161
81.8847,86.4612,134.482,220.943
81.9047,86.4943,134.301,220.796
81.9247,88.2749,133.72,221.995
81.9447,84.1555,132.227,216.382
81.9647,90.3642,135.99,226.354
81.9847,81.0928,134.32,215.413
82.0047,87.4906,133.844,221.335
82.0247,83.9046,134.96,218.865
82.0447,84.9445,132.934,217.879
82.0647,87.9464,134.38,222.327
82.0847,80.5034,132.69,213.194
82.1047,90.104,135.724,225.828
82.1247,84.5471,132.413,216.96
82.1447,85.3713,134.655,220.026
82.1647,84.1261,132.111,216.237
82.1847,78.4056,133.325,211.731
82.2047,88.6657,134.937,223.602
82.2247,84.1084,134.245,218.353
82.2447,82.7726,134.584,217.356
82.2647,84.9041,131.646,216.55
82.2847,89.532,135.116,224.648
82.3047,82.8352,132.388,215.223
82.3247,88.2678,137.614,225.882
82.3447,83.4524,134.125,217.577
82.3647,85.928,133.588,219.516
82.3847,87.7235,134.44,222.164
82.4047,84.3855,132.476,216.862
82.4247,85.2943,134.104,219.399
82.4447,85.5531,134.525,220.078
82.4647,84.8766,134.096,218.973
82.4847,81.3284,132.951,214.279
82.5047,87.8371,134.442,222.279
82.5247,82.644,134.343,216.987
82.5447,85.6821,132.533,218.215
82.5647,83.2166,132.429,215.646
82.5847,84.6455,131.857,216.503
82.6047,86.4942,132.445,218.939
82.6247,88.1861,131.836,220.022
82.6447,83.7165,134.046,217.763
82.6647,80.5572,133.433,213.99
82.6847,84.7532,132.697,217.451
82.7047,84.9211,133.988,218.909
82.7247,83.1896,131.666,214.855
82.7447,83.3204,130.832,214.152
82.7647,85.4145,132.462,217.877
82.7847,84.6976,131.877,216.574
82.8047,82.4962,133.405,215.901
82.8247,86.2979,133.893,220.191
82.8447,83.9894,133.721,217.71
82.8647,81.8607,133.404,215.265
82.8847,86.1294,133.076,219.205
82.9047,81.665,132.075,213.74
82.9247,86.3726,132.283,218.656
82.9447,83.7173,131.4,215.117
82.9647,83.282,136.296,219.578
82.9847,85.9367,133.923,219.86
83.0047,82.062,132.538,214.6
83.0247,84.1887,133.662,217.851
83.0447,84.7825,133.792,218.575
83.0647,81.7889,132.636,214.425
83.0847,87.16,132.294,219.453
83.1047,85.1257,131.643,216.769
83.1247,82.2601,131.793,214.053
83.1447,88.0658,133.171,221.237
83.1647,84.8555,133.317,218.172
83.1847,78.2115,131.279,209.49
83.2047,82.8665,132.52,215.387
83.2247,82.9351,130.826,213.761
83.2447,84.751,134.421,219.172
83.2647,86.6678,132.841,219.509
83.2847,84.8506,131.35,216.201
83.3047,79.9421,130.329,210.271
83.3247,88.6274,132.102,220.73
83.3447,79.4254,130.584,210.009
83.3647,80.7382,131.716,212.455
83.3847,84.0809,131.623,215.704
83.4047,83.2443,131.247,214.491
83.4247,80.1071,130.643,210.75
83.4447,85.5807,131.078,216.659
83.4647,86.1617,131.415,217.577
83.4847,81.0542,130.927,211.981
83.5047,82.4789,130.775,213.254
83.5247,83.4663,129.558,213.024
83.5447,83.267,131.391,214.658
83.5647,87.683,132.825,220.508
83.5847,81.9625,131.187,213.149
83.6047,82.5539,131.031,213.585
83.6247,82.4927,131.808,214.301
83.6447,80.1423,128.907,209.049
83.6647,82.5641,132.185,214.749
83.6847,82.398,131.938,214.336
83.7047,84.4626,133.236,217.699
83.7247,78.6806,129.379,208.059
83.7447,80.0448,131.397,211.442
83.7647,83.4844,131.904,215.388
83.7847,83.4468,131.194,214.641
83.8047,83.0707,131.655,214.726
83.8247,79.9532,129.739,209.692
83.8447,88.4917,132.848,221.34
83.8647,84.5259,132.163,216.689
83.8847,78.6394,128.045,206.684
83.9047,81.9029,131.638,213.541
83.9247,81.6619,129.484,211.146
83.9447,83.7936,130.236,214.03
83.9647,86.4427,132.381,218.823
83.9847,83.6042,131.129,214.733
84.0047,82.6889,130.988,213.677
84.0247,76.5326,130.505,207.038
84.0447,86.5469,130.067,216.614
84.0647,83.3859,132.042,215.427
84.0847,84.3085,130.752,215.061
84.1047,86.4154,131.957,218.372
84.1247,76.9927,129.451,206.444
84.1447,84.8822,132.114,216.996
84.1647,78.6592,131.273,209.932
84.1847,81.8166,130.44,212.257
84.2047,84.8737,130.895,215.769
84.2247,76.9681,129.109,206.077
84.2447,82.6883,129.568,212.256
84.2647,82.4586,131.767,214.226
84.2847,82.2491,129.864,212.114
84.3047,80.6342,130.414,211.049
84.3247,81.3714,129.104,210.476
84.3447,82.6098,129.8,212.409
84.3647,84.3437,129.266,213.61
84.3847,81.3322,129.581,210.913
84.4047,79.1786,127.71,206.889
84.4247,83.3233,131.968,215.291
84.4447,79.081,130.321,209.402
84.4647,82.4665,129.865,212.331
84.4847,80.694,130.29,210.984
84.5047,81.6231,128.438,210.061
84.5247,80.4555,129.61,210.066
84.5447,84.3527,129.945,214.298
84.5647,79.0502,129.749,208.799
84.5847,79.4938,130.637,210.131
84.6047,82.7094,130.05,212.759
84.6247,80.6498,129.962,210.612
84.6447,78.2866,128.496,206.782
84.6647,79.816,130.597,210.413
84.6847,82.1576,129.39,211.548
84.7047,81.961,129.004,210.965
84.7247,81.283,129.138,210.421
84.7447,81.5445,128.611,210.155
84.7647,82.2601,129.03,211.29
84.7847,80.0177,128.929,208.947
84.8047,81.8948,128.369,210.263
84.8247,83.6022,128.625,212.227
84.8447,80.9333,128.324,209.257
84.8647,81.337,128.222,209.559
84.8847,79.9804,128.557,208.538
84.9047,79.9042,130.064,209.968
84.9247,78.5832,128.111,206.695
84.9447,80.3461,128.494,208.84
84.9647,81.546,128.596,210.142
84.9847,76.6581,127.631,204.289
85.0047,80.8731,129.347,210.22
85.0247,79.1416,127.816,206.958
85.0447,78.9958,127.798,206.794
85.0647,80.4388,128.862,209.301
85.0847,84.4819,128.507,212.989
85.1047,80.3179,128.006,208.323
85.1247,76.6082,126.858,203.466
85.1447,81.006,129.018,210.024
85.1647,81.1219,129.831,210.953
85.1847,80.3791,128.127,208.507
85.2047,78.1378,128.629,206.766
85.2247,79.4673,128.408,207.875
85.2447,85.8665,128.782,214.649
85.2647,75.1468,126.354,201.501
85.2847,82.6276,129.803,212.431
85.3047,83.0559,127.361,210.417
85.3247,79.5055,130.551,210.056
85.3447,82.1889,128.713,210.901
85.3647,75.0054,128.106,203.111
85.3847,80.6289,127.273,207.902
85.4047,81.0874,129.302,210.389
85.4247,77.897,126.147,204.044
85.4447,79.8829,129.566,209.449
85.4647,79.5716,127.934,207.505
85.4847,76.3807,128.572,204.953
85.5047,77.4662,126.635,204.101
85.5247,82.6792,128.636,211.315
85.5447,83.4315,128.425,211.856
85.5647,78.0866,127.117,205.203
85.5847,81.896,128.529,210.425
85.6047,78.9643,129.765,208.729
85.6247,83.937,129.336,213.273
85.6447,78.5744,127.344,205.918
85.6647,74.8575,126.763,201.621
85.6847,77.8333,128.265,206.098
85.7047,78.3869,129.213,207.6
85.7247,77.6521,127.022,204.674
85.7447,76.5589,126.827,203.386
85.7647,79.4899,127.753,207.242
85.7847,80.1775,127.257,207.434
85.8047,77.3309,126.417,203.748
85.8247,83.5104,129.357,212.868
85.8447,77.4494,127.013,204.463
85.8647,79.0965,127.621,206.718
85.8847,74.3977,125.342,199.739
85.9047,80.2558,129.012,209.268
85.9247,79.6957,126.409,206.104
85.9447,81.735,127.595,209.33
85.9647,76.6671,125.64,202.307
85.9847,82.106,125.993,208.099
86.0047,77.0216,128.267,205.288
86.0247,83.0227,128.86,211.883
86.0447,77.8476,126.344,204.191
86.0647,79.083,126.445,205.528
86.0847,72.3243,126.309,198.633
86.1047,79.417,127.429,206.846
86.1247,77.8961,126.72,204.616
86.1447,80.3003,125.817,206.118
86.1647,74.4102,127.169,201.58
86.1847,81.9337,126.561,208.495
86.2047,79.6621,128.318,207.98
86.2247,75.6339,125.22,200.854
86.2447,80.3566,126.706,207.062
86.2647,77.3282,125.799,203.127
86.2847,81.6384,128.634,210.272
86.3047,74.994,126.033,201.026
86.3247,76.4905,127.2,203.691
86.3447,81.1204,126.793,207.913
86.3647,76.7416,126.22,202.961
86.3847,82.0166,127.606,209.623
86.4047,74.9528,126.018,200.971
86.4247,76.3048,126.653,202.958
86.4447,78.8342,127.295,206.129
86.4647,76.883,126.911,203.794
86.4847,74.8728,126.252,201.125
86.5047,76.9712,127.049,204.02
86.5247,77.8349,125.988,203.823
86.5447,80.0012,127.639,207.64
86.5647,76.8161,124.681,201.497
86.5847,81.6006,127.398,208.999
86.6047,76.1373,124.306,200.443
86.6247,76.7232,126.641,203.364
86.6447,77.3286,125.768,203.097
86.6647,75.4755,124.661,200.136
86.6847,80.4759,125.72,206.195
86.7047,78.5228,125.856,204.379
86.7247,78.0003,125.56,203.561
86.7447,77.0488,126.095,203.144
86.7647,75.8435,124.582,200.425
86.7847,79.5389,126.977,206.516
86.8047,75.206,125.511,200.717
86.8247,78.3548,125.824,204.179
86.8447,75.627,125.902,201.529
86.8647,75.2598,124.284,199.544
86.8847,78.5405,125.524,204.064
86.9047,75.2482,124.982,200.23
86.9247,76.3463,126.138,202.484
86.9447,78.518,125.667,204.185
86.9647,82.0811,124.388,206.469
86.9847,75.3732,126.307,201.68
87.0047,77.5639,126.431,203.995
87.0247,74.8179,124.72,199.538
87.0447,74.5341,122.473,197.007
87.0647,79.9179,125.616,205.534
87.0847,77.4251,124.263,201.688
87.1047,78.3961,123.877,202.273
87.1247,81.2291,125.267,206.496
87.1447,76.151,124.384,200.535
87.1647,74.5269,124.093,198.62
87.1847,77.8244,125.994,203.818
87.2047,77.2469,122.932,200.179
87.2247,76.2845,124.931,201.216
87.2447,73.1619,123.355,196.517
87.2647,76.5164,123.53,200.047
87.2847,76.7336,125.083,201.817
87.3047,76.1212,125.046,201.167
87.3247,75.3056,125.389,200.695
87.3447,76.6635,123.805,200.469
87.3647,77.281,124.087,201.368
87.3847,78.3725,123.066,201.438
87.4047,75.7653,125.608,201.373
87.4247,72.1368,122.646,194.783
87.4447,75.464,125.087,200.551
87.4647,76.6682,124.5,201.169
87.4847,77.8547,125.52,203.374
87.5047,75.2357,122.618,197.853
87.5247,81.3165,125.371,206.687
87.5447,74.2116,122.41,196.622
87.5647,77.5516,123.466,201.017
87.5847,77.3222,123.543,200.865
87.6047,78.4424,125.255,203.697
87.6247,73.0144,122.713,195.727
87.6447,78.1895,124.906,203.095
87.6647,74.7926,124.512,199.305
87.6847,74.456,125.002,199.458
87.7047,74.8831,123.199,198.083
87.7247,73.9046,124.803,198.708
87.7447,75.7054,124.056,199.762
87.7647,76.5524,123.6,200.152
87.7847,77.5496,124.835,202.385
87.8047,77.3301,124.325,201.655
87.8247,76.2044,123.637,199.842
87.8447,74.8556,122.332,197.187
87.8647,76.0556,124.126,200.181
87.8847,72.8192,122.49,195.309
87.9047,78.9086,126.137,205.045
87.9247,73.5451,123.068,196.613
87.9447,73.312,123.595,196.907
87.9647,77.1073,123.722,200.83
87.9847,71.9792,121.334,193.313
88.0047,77.8447,124.228,202.073
88.0247,75.0954,123.275,198.37
88.0447,78.5406,123.387,201.928
88.0647,74.9245,122.243,197.168
88.0847,75.4637,122.389,197.853
88.1047,76.8407,122.398,199.238
88.1247,74.5141,122.516,197.03
88.1447,75.2529,121.574,196.827
88.1647,75.3627,123.933,199.296
88.1847,73.0362,122.6,195.636
88.2047,79.0891,124.013,203.102
88.2247,74.812,122.972,197.784
88.2447,73.0695,121.751,194.82
88.2647,74.3542,123.406,197.761
88.2847,79.197,122.867,202.064
88.3047,71.9299,121.807,193.737
88.3247,74.522,123.214,197.736
88.3447,73.8342,123.165,196.999
88.3647,75.252,123.103,198.355
88.3847,73.5797,122.517,196.097
88.4047,72.3145,122.339,194.653
88.4247,76.886,122.626,199.512
88.4447,73.809,122.523,196.332
88.4647,75.9415,122.686,198.627
88.4847,73.4918,122.196,195.688
88.5047,74.623,122.044,196.667
88.5247,73.9006,122.823,196.723
88.5447,72.9556,122.299,195.255
88.5647,73.2594,121.925,195.184
88.5847,78.735,122.943,201.678
88.6047,74.183,124.334,198.517
88.6247,76.3483,122.986,199.335
88.6447,74.8411,122.211,197.052
88.6647,75.2548,123.384,198.639
88.6847,71.9485,122.79,194.738
88.7047,74.2606,122.162,196.422
88.7247,76.9252,124.608,201.533
88.7447,72.6194,121.01,193.629
88.7647,73.2355,121.562,194.797
88.7847,68.7002,121.487,190.187
88.8047,76.2229,123.275,199.498
88.8247,75.5155,121.639,197.154
88.8447,75.4008,122.307,197.707
88.8647,73.2166,122.357,195.574
88.8847,73.8384,121.601,195.44
88.9047,72.412,122.176,194.588
88.9247,74.1398,121.798,195.938
88.9447,74.0577,121.486,195.544
88.9647,71.3649,121.741,193.106
88.9847,74.2103,121.244,195.455
89.0047,74.8361,121.908,196.745
89.0247,74.1572,123.23,197.387
89.0447,73.0496,121.558,194.607
89.0647,75.1844,121.77,196.954
89.0847,71.489,122,193.489
89.1047,74.4128,122.686,197.099
89.1247,70.3448,120.377,190.722
89.1447,75.1013,122.773,197.874
89.1647,69.3966,121.219,190.615
89.1847,75.0424,121.764,196.807
89.2047,72.0193,121.768,193.787
89.2247,74.4569,121.014,195.471
89.2447,71.1978,120.116,191.314
89.2647,74.2412,121.645,195.887
89.2847,74.5564,120.434,194.991
89.3047,74.8301,123.086,197.916
89.3247,72.3567,119.722,192.079
89.3447,72.5445,120.59,193.135
89.3647,71.8026,121.03,192.833
89.3847,75.6267,121.084,196.71
89.4047,72.4999,121.125,193.624
89.4247,74.1018,121.155,195.257
89.4447,73.061,119.943,193.004
89.4647,72.9155,122.634,195.55
89.4847,76.6549,122.056,198.711
89.5047,72.365,120.348,192.713
89.5247,71.8271,118.626,190.453
89.5447,73.5273,121.06,194.588
89.5647,69.6886,119.262,188.95
89.5847,74.3583,119.468,193.826
89.6047,74.301,119.654,193.955
89.6247,70.3241,118.878,189.202
89.6447,73.0468,119.364,192.411
89.6647,71.7263,120.903,192.629
89.6847,72.9218,120.653,193.575
89.7047,75.9884,120.296,196.284
89.7247,74.2237,120.028,194.252
89.7447,71.8478,119.352,191.2
89.7647,76.9788,120.759,197.738
89.7847,73.8165,121.059,194.876
89.8047,69.5076,119.36,188.868
89.8247,72.0634,120.128,192.192
89.8447,69.813,118.542,188.355
89.8647,73.6135,119.231,192.845
89.8847,74.1316,119.636,193.768
89.9047,75.8471,120.926,196.773
89.9247,72.4982,119.427,191.925
89.9447,71.4055,118.543,189.949
89.9647,68.0803,118.835,186.916
89.9847,69.1415,118.167,187.308
90.0047,77.2904,120.302,197.593
90.0247,72.1528,118.399,190.552
90.0447,72.27,118.788,191.058
90.0647,68.1893,118.613,186.802
90.0847,73.6226,119.535,193.158
90.1047,71.3904,119.089,190.48
90.1247,71.7554,118.136,189.892
90.1447,74.0902,119.519,193.609
90.1647,71.1245,120.264,191.389
90.1847,71.8471,118.216,190.063
90.2047,74.4515,119.834,194.285
90.2247,72.9662,119.071,192.037
90.2447,73.3197,119.524,192.843
90.2647,72.042,118.32,190.362
90.2847,69.6003,117.119,186.719
90.3047,70.3913,118.605,188.997
90.3247,74.5108,119.462,193.973
90.3447,69.7789,118.443,188.222
90.3647,70.7138,118.191,188.905
90.3847,73.0524,120.474,193.526
90.4047,71.4419,119.437,190.879
90.4247,71.6317,119.647,191.279
90.4447,74.0934,118.521,192.614
90.4647,67.9743,117.042,185.017
90.4847,74.2194,119.1,193.319
90.5047,70.5863,118.739,189.325
90.5247,72.0986,119.105,191.203
90.5447,72.4349,119.393,191.828
90.5647,66.8391,118.671,185.51
90.5847,70.5054,120.041,190.546
90.6047,73.8824,119.365,193.248
90.6247,70.1602,117.294,187.454
90.6447,70.9356,118.226,189.162
90.6647,69.1759,118.333,187.509
90.6847,72.117,118.258,190.375
90.7047,70.1939,118.722,188.916
90.7247,74.0552,119.694,193.749
90.7447,66.6381,117.537,184.175
90.7647,73.896,119.536,193.432
90.7847,70.8321,118.18,189.012
90.8047,68.8917,118.502,187.393
90.8247,72.2729,120.091,192.364
90.8447,71.0046,118.793,189.797
90.8647,72.2068,117.385,189.592
90.8847,63.7462,117.744,181.491
90.9047,74.354,120.326,194.68
90.9247,72.0782,118.342,190.421
90.9447,65.9166,117.729,183.646
90.9647,71.6528,119.031,190.684
90.9847,75.0311,118.301,193.332
91.0047,70.0372,116.778,186.815
91.0247,72.1522,118.769,190.922
91.0447,70.7638,117.968,188.732
91.0647,68.5958,118.445,187.04
91.0847,68.7876,118.141,186.928
91.1047,72.7696,116.744,189.513
91.1247,69.3537,117.327,186.681
91.1447,70.3299,117.748,188.078
91.1647,73.492,118.233,191.725
91.1847,67.5609,117.409,184.97
91.2047,70.9823,117.404,188.387
91.2247,74.8569,117.784,192.641
91.2447,66.0746,118.433,184.508
91.2647,72.2776,116.806,189.084
91.2847,65.8376,115.988,181.826
91.3047,71.4592,116.544,188.004
91.3247,68.0663,116.571,184.637
91.3447,68.7249,116.906,185.631
91.3647,72.288,115.589,187.877
91.3847,71.0785,118.772,189.85
91.4047,71.2907,117.035,188.325
91.4247,68.4239,117.144,185.568
91.4447,71.9915,118.17,190.162
91.4647,67.0509,115.046,182.097
91.4847,71.333,114.92,186.253
91.5047,70.0479,117.545,187.593
91.5247,69.0438,115.856,184.9
91.5447,66.7219,117.122,183.844
91.5647,73.8226,117.345,191.168
91.5847,66.8576,115.649,182.507
91.6047,69.8471,117.393,187.24
91.6247,72.1901,116.696,188.886
91.6447,68.5147,116.55,185.064
91.6647,69.1589,115.319,184.478
91.6847,70.2383,116.993,187.232
91.7047,69.1752,117.238,186.414
91.7247,70.5182,117.973,188.491
91.7447,67.4317,115.483,182.914
91.7647,68.71,115.087,183.797
91.7847,71.2759,116.719,187.995
91.8047,73.5089,116.617,190.126
91.8247,70.6405,117.529,188.17
91.8447,68.266,115.37,183.636
91.8647,67.6978,116.548,184.245
91.8847,71.969,116.25,188.219
91.9047,67.7819,116.241,184.023
91.9247,66.3597,117.554,183.913
91.9447,66.1961,116.356,182.552
91.9647,68.4988,114.83,183.329
91.9847,68.806,115.891,184.697
92.0047,69.1895,115.646,184.836
92.0247,68.9307,115.37,184.301
92.0447,73.4411,117.239,190.68
92.0647,67.5448,115.25,182.795
92.0847,64.369,114.672,179.041
92.1047,71.836,115.643,187.479
92.1247,67.2933,116.527,183.821
92.1447,67.037,116.735,183.772
92.1647,68.7413,116.333,185.075
92.1847,67.672,115.533,183.205
92.2047,72.4216,115.835,188.257
92.2247,69.8728,116.785,186.658
92.2447,67.9574,115.992,183.949
92.2647,69.1034,115.848,184.951
92.2847,69.3046,114.948,184.253
92.3047,70.539,117.573,188.112
92.3247,66.4383,114.905,181.344
92.3447,64.8118,116.073,180.885
92.3647,66.8926,114.613,181.506
92.3847,69.2907,117.049,186.34
92.4047,69.4468,116.211,185.657
92.4247,63.834,115.354,179.188
92.4447,73.4332,117.449,190.882
92.4647,65.5386,114.245,179.784
92.4847,66.4362,115.57,182.006
92.5047,68.8827,115.7,184.582
92.5247,67.9522,114.402,182.354
92.5447,65.4314,115.692,181.123
92.5647,70.1816,115.51,185.692
92.5847,65.3818,113.49,178.872
92.6047,68.1041,115.059,183.163
92.6247,71.4597,115.7,187.16
92.6447,67.9783,113.134,181.112
92.6647,69.7938,114.714,184.508
92.6847,69.1572,113.78,182.937
92.7047,69.4951,113.985,183.48
92.7247,71.6203,114.998,186.618
92.7447,71.4808,115.01,186.491
92.7647,68.0189,114.675,182.694
92.7847,67.4373,115.401,182.838
92.8047,68.8554,114.879,183.734
92.8247,66.2098,112.611,178.821
92.8447,66.9057,115.237,182.143
92.8647,66.6742,111.978,178.653
92.8847,63.8112,114.168,177.979
92.9047,66.6067,114.061,180.667
92.9247,68.8554,114.046,182.901
92.9447,66.5909,115.088,181.679
92.9647,68.3675,115.195,183.562
92.9847,65.7751,113.368,179.144
93.0047,65.359,114.601,179.96
93.0247,66.1002,113.88,179.98
93.0447,66.8105,113.606,180.416
93.0647,71.8541,115.397,187.251
93.0847,67.5816,114.485,182.067
93.1047,69.0198,115.246,184.266
93.1247,67.2425,114.549,181.792
93.1447,67.9433,115.059,183.002
93.1647,66.9298,113.274,180.203
93.1847,68.0381,113.759,181.797
93.2047,67.7539,114.028,181.782
93.2247,62.0831,113.363,175.446
93.2447,67.2351,114.421,181.656
93.2647,66.1628,112.834,178.997
93.2847,65.6581,113.12,178.778
93.3047,67.7991,113.973,181.772
93.3247,69.0011,114.35,183.352
93.3447,66.6833,112.179,178.863
93.3647,67.407,113.33,180.737
93.3847,64.3511,112.506,176.857
93.4047,68.9181,114.323,183.241
93.4247,67.4325,113.068,180.5
93.4447,67.8288,112.627,180.456
93.4647,68.8369,114.958,183.795
93.4847,67.7452,114.554,182.299
93.5047,69.6617,113.457,183.118
93.5247,66.9684,112.852,179.821
93.5447,67.013,112.712,179.725
93.5647,69.3424,112.096,181.439
93.5847,67.5451,113.969,181.514
93.6047,69.0989,114.41,183.509
93.6247,64.2699,112.845,177.115
93.6447,65.4171,112.546,177.963
93.6647,66.5204,112.327,178.848
93.6847,65.3629,113.262,178.625
93.7047,66.2476,113.604,179.852
93.7247,67.2978,113.372,180.67
93.7447,64.4798,110.975,175.455
93.7647,65.3615,113.075,178.436
93.7847,62.5572,112.082,174.639
93.8047,66.008,111.371,177.379
93.8247,67.5898,112.813,180.403
93.8447,66.7653,112.092,178.858
93.8647,70.4883,112.659,183.148
93.8847,66.3962,112.989,179.385
93.9047,66.5607,113.465,180.026
93.9247,64.437,113.139,177.576
93.9447,64.4325,113.904,178.336
93.9647,62.6709,112.734,175.405
93.9847,70.2894,113.488,183.777
94.0047,65.9422,111.286,177.228
94.0247,70.0202,112.727,182.747
94.0447,65.1773,111.271,176.448
94.0647,66.7129,112.334,179.047
94.0847,64.6902,111.42,176.11
94.1047,68.4136,113.084,181.497
94.1247,62.5486,110.837,173.385
94.1447,67.1677,112.467,179.634
94.1647,67.3405,111.945,179.285
94.1847,65.9364,111.957,177.894
94.2047,64.4198,111.266,175.685
94.2247,67.8509,110.679,178.529
94.2447,68.2768,112.545,180.822
94.2647,68.9692,113.268,182.238
94.2847,66.9001,112.817,179.717
94.3047,65.5229,109.96,175.483
94.3247,64.3514,111.485,175.836
94.3447,65.9309,111.547,177.478
94.3647,63.6098,112.014,175.624
94.3847,68.6599,111.35,180.01
94.4047,67.1349,112.713,179.848
94.4247,63.3424,111.122,174.465
94.4447,62.9049,111.174,174.079
94.4647,65.8727,110.875,176.748
94.4847,65.82,112.2,178.02
94.5047,65.3423,113.037,178.38
94.5247,61.4714,109.865,171.337
94.5447,64.5696,112.354,176.924
94.5647,68.0659,113.676,181.742
94.5847,64.9207,110.866,175.786
94.6047,67.1205,112.03,179.15
94.6247,63.9741,111.25,175.225
94.6447,63.5246,112.303,175.828
94.6647,60.1466,110.626,170.772
94.6847,68.8725,113.109,181.981
94.7047,64.7862,113.524,178.311
94.7247,64.4812,111.086,175.567
94.7447,66.5955,111.94,178.536
94.7647,64.4694,110.31,174.779
94.7847,63.6097,110.654,174.263
94.8047,63.4772,110.491,173.968
94.8247,66.031,111.912,177.943
94.8447,64.9667,110.297,175.263
94.8647,66.6862,110.757,177.443
94.8847,59.5864,111.422,171.008
94.9047,64.1266,110.753,174.88
94.9247,66.5242,110.47,176.994
94.9447,66.039,111.149,177.188
94.9647,66.266,112.042,178.308
94.9847,65.5328,110.896,176.429
95.0047,64.5879,109.903,174.49
95.0247,63.8432,110.701,174.544
95.0447,62.2246,110.107,172.331
95.0647,62.9335,109.339,172.272
95.0847,63.511,110.765,174.276
95.1047,64.3522,111.023,175.375
95.1247,67.7567,111.191,178.948
95.1447,62.566,109.595,172.161
95.1647,65.3787,109.958,175.336
95.1847,68.3053,113.184,181.489
95.2047,62.1401,110.127,172.267
95.2247,66.4278,110.14,176.568
95.2447,62.1246,109.811,171.935
95.2647,63.5424,110.299,173.841
95.2847,60.3654,109.36,169.726
95.3047,62.5791,110.231,172.81
95.3247,67.1516,109.83,176.981
95.3447,64.7855,110.235,175.021
95.3647,61.0819,109.199,170.281
95.3847,68.4199,111.214,179.634
95.4047,63.2839,110.047,173.331
95.4247,65.5806,108.707,174.287
95.4447,63.9947,109.858,173.852
95.4647,65.2359,110.006,175.242
95.4847,65.1974,110.721,175.919
95.5047,60.818,108.711,169.529
95.5247,66.5103,111.48,177.99
95.5447,64.3072,111.077,175.385
95.5647,63.7871,109.557,173.344
95.5847,60.3914,109.384,169.775
95.6047,63.0307,110.242,173.273
95.6247,60.2034,109.732,169.935
95.6447,65.5847,109.5,175.085
95.6647,61.771,108.552,170.323
95.6847,66.1392,109.88,176.019
95.7047,62.4861,110.086,172.572
95.7247,63.1277,108.555,171.683
95.7447,62.8958,109.858,172.754
95.7647,62.9432,109.206,172.149
95.7847,63.2484,108.719,171.967
95.8047,63.864,110.046,173.91
95.8247,63.0083,109.719,172.727
95.8447,62.9921,110.618,173.61
95.8647,67.6517,110.339,177.99
95.8847,62.9126,109.732,172.644
95.9047,61.9891,108.705,170.694
95.9247,61.3008,108.357,169.658
95.9447,63.0478,110.401,173.449
95.9647,64.5951,111.25,175.845
95.9847,60.8586,108.677,169.535
96.0047,62.0464,109.142,171.189
96.0247,63.9956,107.906,171.902
96.0447,64.6245,110.353,174.977
96.0647,62.2105,108.709,170.92
96.0847,59.3344,108.979,168.313
96.1047,61.652,110.084,171.736
96.1247,63.0386,108.978,172.017
96.1447,64.5013,108.181,172.683
96.1647,63.5837,108.425,172.009
96.1847,62.3469,109.383,171.73
96.2047,61.3867,108.486,169.872
96.2247,65.3041,108.562,173.867
96.2447,62.4011,107.539,169.94
96.2647,64.8236,109.718,174.541
96.2847,58.9742,106.754,165.728
96.3047,64.8236,108.628,173.451
96.3247,59.6638,108.248,167.912
96.3447,63.1163,108.003,171.119
96.3647,63.6678,109.424,173.091
96.3847,61.1862,109.332,170.518
96.4047,62.2692,107.366,169.635
96.4247,60.6697,106.878,167.548
96.4447,62.8803,108.018,170.898
96.4647,60.8795,109.141,170.021
96.4847,62.0821,108.349,170.431
96.5047,61.4394,106.29,167.729
96.5247,64.6578,109.328,173.986
96.5447,63.8518,109.081,172.933
96.5647,63.1469,108.647,171.793
96.5847,59.1097,107.726,166.836
96.6047,63.5051,109.056,172.562
96.6247,63.7769,109.372,173.148
96.6447,60.6868,106.923,167.61
96.6647,62.2711,108.674,170.945
96.6847,62.6304,107.269,169.899
96.7047,61.5213,107.571,169.092
96.7247,61.8571,108.23,170.087
96.7447,61.2951,107.825,169.12
96.7647,65.3653,108.707,174.072
96.7847,60.0197,107.477,167.496
96.8047,64.2352,107.431,171.666
96.8247,59.7264,106.998,166.724
96.8447,64.2372,108.218,172.455
96.8647,59.3772,106.887,166.264
96.8847,59.2551,107.355,166.61
96.9047,60.933,108,168.933
96.9247,60.6282,107.037,167.665
96.9447,61.6135,107.035,168.649
96.9647,62.677,107.071,169.748
96.9847,59.7555,107.297,167.053
97.0047,64.4256,108.323,172.749
97.0247,62.8567,104.957,167.814
97.0447,62.9163,107.625,170.541
97.0647,58.5824,106.33,164.912
97.0847,62.2271,106.649,168.876
97.1047,62.5862,106.016,168.602
97.1247,60.952,107.19,168.142
97.1447,62.212,107.879,170.091
97.1647,61.0691,106.792,167.861
97.1847,60.9312,106.084,167.015
97.2047,62.1933,106.23,168.423
97.2247,63.4555,108.758,172.213
97.2447,59.9278,106.226,166.154
97.2647,59.7108,105.638,165.348
97.2847,63.6257,107.4,171.025
97.3047,60.8281,104.793,165.621
97.3247,61.6879,105.806,167.494
97.3447,62.686,106.531,169.217
97.3647,60.4099,104.916,165.325
97.3847,62.2435,108.028,170.272
97.4047,62.1796,106.592,168.772
97.4247,58.9758,106.412,165.388
97.4447,61.4874,106.631,168.118
97.4647,59.3255,106.819,166.145
97.4847,60.9354,106.722,167.658
97.5047,62.3173,106.639,168.956
97.5247,61.7242,106.591,168.315
97.5447,60.0854,107.241,167.327
97.5647,60.1558,106.425,166.581
97.5847,61.2023,105.709,166.911
97.6047,63.1418,106.409,169.551
97.6247,57.9518,105.14,163.092
97.6447,61.6483,105.703,167.351
97.6647,60.367,104.875,165.242
97.6847,61.1137,105.757,166.871
97.7047,62.0285,105.572,167.601
97.7247,61.5576,105.58,167.138
97.7447,62.0123,105.17,167.182
97.7647,57.7037,105.974,163.678
97.7847,62.6563,105.496,168.153
97.8047,60.9407,105.158,166.098
97.8247,61.3621,105.298,166.66
97.8447,60.635,106.205,166.84
97.8647,61.16,106.599,167.759
97.8847,59.549,104.462,164.011
97.9047,58.6634,104.779,163.442
97.9247,57.3477,104.283,161.63
97.9447,60.699,106.022,166.721
97.9647,62.2484,107.266,169.514
97.9847,60.6978,105.647,166.345
98.0047,59.4062,105.423,164.829
98.0247,58.7407,103.339,162.079
98.0447,59.6386,106.126,165.765
98.0647,58.9786,105.452,164.431
98.0847,62.2452,106.128,168.374
98.1047,59.2869,105.055,164.342
98.1247,58.1495,103.985,162.134
98.1447,61.7371,105.473,167.21
98.1647,58.0768,104.429,162.506
98.1847,61.9114,104.603,166.514
98.2047,63.4572,105.111,168.569
98.2247,58.2553,104.362,162.617
98.2447,60.5738,105.304,165.878
98.2647,59.2748,104.786,164.06
98.2847,60.3877,104.382,164.77
98.3047,62.5155,106.548,169.064
98.3247,55.9468,105.526,161.473
98.3447,59.477,104.448,163.925
98.3647,61.3178,105.159,166.476
98.3847,60.6761,104.274,164.951
98.4047,57.2144,104.128,161.343
98.4247,58.1182,104.25,162.368
98.4447,59.9802,104.197,164.177
98.4647,61.5874,103.983,165.57
98.4847,61.9174,105.042,166.959
98.5047,58.8533,104.227,163.08
98.5247,60.7787,104.036,164.815
98.5447,59.05,103.376,162.426
98.5647,57.0289,104.196,161.225
98.5847,58.6906,102.914,161.605
98.6047,61.0304,103.957,164.987
98.6247,56.9549,103.712,160.667
98.6447,59.8647,104.88,164.745
98.6647,59.3907,104.14,163.531
98.6847,61.1433,105.075,166.218
98.7047,59.2485,103.423,162.671
98.7247,60.8462,105.042,165.888
98.7447,57.0335,104.21,161.243
98.7647,59.9165,101.864,161.78
98.7847,58.1474,102.788,160.935
98.8047,61.0036,105.242,166.245
98.8247,59.9772,104.993,164.971
98.8447,56.7698,103.836,160.606
98.8647,59.4916,104.612,164.103
98.8847,59.0534,103.693,162.746
98.9047,56.4973,104.562,161.059
98.9247,58.2126,103.221,161.434
98.9447,60.5626,102.344,162.907
98.9647,59.7556,104.614,164.37
98.9847,57.7518,102.977,160.729
99.0047,59.069,103.584,162.653
99.0247,61.0338,104.863,165.897
99.0447,55.748,102.404,158.152
99.0647,59.0255,103.302,162.328
99.0847,58.7348,102.408,161.143
99.1047,58.6356,102.711,161.347
99.1247,56.2779,103.998,160.276
99.1447,62.5732,105.261,167.834
99.1647,60.1937,103.246,163.439
99.1847,60.9848,103.931,164.915
99.2047,55.7918,101.717,157.509
99.2247,57.5333,103.909,161.442
99.2447,59.0703,103.536,162.606
99.2647,57.4181,101.932,159.351
99.2847,55.1933,103.945,159.138
99.3047,59.387,103.324,162.711
99.3247,58.4937,103.697,162.191
99.3447,58.512,102.043,160.555
99.3647,56.6893,103.209,159.898
99.3847,58.4449,103.239,161.684
99.4047,61.6333,104.13,165.764
99.4247,58.6966,102.399,161.096
99.4447,63.2535,104.479,167.733
99.4647,57.084,102.284,159.368
99.4847,57.8514,103.313,161.164
99.5047,58.923,103.014,161.937
99.5247,55.9133,101.313,157.227
99.5447,58.8482,103.717,162.566
99.5647,59.7706,104.285,164.055
99.5847,57.7242,102.337,160.061
99.6047,55.0783,101.503,156.581
99.6247,61.0086,103.507,164.515
99.6447,56.2092,101.775,157.984
99.6647,59.3504,102.661,162.012
99.6847,56.3152,101.238,157.553
99.7047,58.7224,102.384,161.106
99.7247,56.0493,101.54,157.589
99.7447,60.3583,102.361,162.719
99.7647,58.9316,102.789,161.72
99.7847,55.8061,101.361,157.167
99.8047,58.6753,102.149,160.824
99.8247,59.2532,101.869,161.122
99.8447,59.2798,103.058,162.338
99.8647,60.3095,102.571,162.881
99.8847,57.7089,99.8767,157.586
99.9047,56.1634,101.354,157.517
99.9247,56.4762,101.506,157.982
99.9447,61.5209,102.78,164.301
99.9647,58.2794,101.85,160.129
99.9847,57.0417,101.664,158.706
100.005,57.4053,103.075,160.481
100.025,55.5749,99.9458,155.521
100.045,60.1707,102.366,162.537
100.065,56.272,100.881,157.153
100.085,55.0509,100.579,155.63
100.105,59.8026,100.636,160.438
100.125,55.2006,101.667,156.868
100.145,51.9702,100.155,152.125
100.165,59.547,100.553,160.1
100.185,59.3289,102.378,161.707
100.205,55.4222,100.413,155.835
100.225,57.067,100.728,157.795
100.245,56.751,101.363,158.114
100.265,55.2621,100.201,155.464
100.285,58.0423,100.983,159.026
100.305,56.5211,100.095,156.616
100.325,57.2829,101.44,158.723
100.345,58.3109,101.352,159.663
100.365,56.9807,102.424,159.405
100.385,58.3768,101.898,160.275
100.405,57.4267,101.578,159.005
100.425,53.4432,100.887,154.33
100.445,57.4992,101.029,158.528
100.465,53.2659,99.9465,153.212
100.485,58.0989,100.939,159.038
100.505,56.155,101.923,158.078
100.525,55.4816,101.721,157.203
100.545,57.9851,101.219,159.204
100.565,58.2049,101.026,159.231
100.585,55.4181,99.9128,155.331
100.605,55.4342,101.295,156.729
100.625,55.437,101.218,156.655
100.645,55.3639,100.81,156.174
100.665,58.4022,101.435,159.837
100.685,56.0325,100.05,156.083
100.705,57.2612,102.174,159.435
100.725,55.0204,99.8196,154.84
100.745,54.5448,101.602,156.146
100.765,57.9643,101.462,159.426
100.785,54.3302,100.782,155.113
100.805,56.1955,99.3519,155.547
100.825,55.5958,100.485,156.081
100.845,55.6006,100.762,156.363
100.865,58.1994,100.355,158.554
100.885,55.9445,100.221,156.165
100.905,54.0569,99.645,153.702
100.925,55.1114,100.122,155.233
100.945,57.5757,101.304,158.88
100.965,56.2308,98.9012,155.132
100.985,57.599,101.267,158.866
101.005,55.1699,99.0375,154.207
101.025,54.6082,100.611,155.219
101.045,54.8856,100.037,154.923
101.065,56.4313,100.415,156.847
101.085,55.9973,101.755,157.753
101.105,55.5183,98.4525,153.971
101.125,53.3197,98.7982,152.118
101.145,56.0767,100.166,156.243
101.165,57.9666,99.9027,157.869
101.185,56.1982,98.2301,154.428
101.205,55.1287,99.3212,154.45
101.225,57.7521,100.484,158.236
101.245,53.5906,98.2298,151.82
101.265,57.6902,100.278,157.968
101.285,55.2776,99.6181,154.896
101.305,55.535,99.5299,155.065
101.325,55.9877,99.1144,155.102
101.345,55.8803,99.0791,154.959
101.365,54.7862,98.7041,153.49
101.385,58.8415,99.7406,158.582
101.405,53.7266,98.6876,152.414
101.425,59.8869,100.901,160.788
101.445,55.4431,98.92,154.363
101.465,55.2439,98.5647,153.809
101.485,57.3839,100.473,157.857
101.505,54.9739,99.8217,154.796
101.525,54.6771,99.8641,154.541
101.545,55.3936,99.8495,155.243
101.565,52.4323,98.2436,150.676
101.585,54.9339,98.4981,153.432
101.605,57.802,98.8179,156.62
101.625,57.2593,101.283,158.543
101.645,56.8901,98.4117,155.302
101.665,58.1554,99.377,157.532
101.685,55.6571,98.2253,153.882
101.705,54.0853,98.7231,152.808
101.725,54.5314,99.4182,153.95
101.745,53.5062,98.2725,151.779
101.765,55.2466,99.4683,154.715
101.785,56.7365,99.4175,156.154
101.805,53.2519,98.9774,152.229
101.825,54.2406,99.2493,153.49
101.845,54.5989,99.2312,153.83
101.865,53.6545,98.5121,152.167
101.885,53.4477,97.7256,151.173
101.905,56.4868,99.0631,155.55
101.925,53.8277,97.9506,151.778
101.945,54.9637,98.5489,153.513
101.965,54.0485,97.9631,152.012
101.985,56.3418,98.4547,154.796
102.005,56.8404,99.5193,156.36
102.025,50.7984,97.3939,148.192
102.045,56.7762,98.5011,155.277
102.065,54.0656,97.0027,151.068
102.085,55.9447,98.0857,154.03
102.105,56.2527,97.2973,153.55
102.125,52.6348,98.4088,151.044
102.145,56.125,97.4802,153.605
102.165,53.8498,97.6495,151.499
102.185,51.2623,97.4606,148.723
102.205,57.6662,98.0586,155.725
102.225,52.0253,96.96,148.985
102.245,54.2258,98.008,152.234
102.265,56.7732,98.1469,154.92
102.285,53.566,98.5647,152.131
102.305,54.2656,97.9741,152.24
102.325,53.8503,97.7646,151.615
102.345,55.0959,98.0546,153.151
102.365,53.7867,97.795,151.582
102.385,55.9105,96.9443,152.855
102.405,54.9765,97.8999,152.876
102.425,53.1824,96.1994,149.382
102.445,57.9142,97.7129,155.627
102.465,54.6578,96.8637,151.521
102.485,53.6262,97.6373,151.263
102.505,52.2607,98.0041,150.265
102.525,53.0305,97.3801,150.411
102.545,54.5533,97.4768,152.03
102.565,54.4352,97.6346,152.07
102.585,56.1256,98.5052,154.631
102.605,53.6581,97.9507,151.609
102.625,54.1322,96.5046,150.637
102.645,52.9538,97.2257,150.179
102.665,53.7168,96.1371,149.854
102.685,54.4059,98.0716,152.477
102.705,54.0588,96.5244,150.583
102.725,52.0664,96.1333,148.2
102.745,52.0062,97.6716,149.678
102.765,54.2794,97.9161,152.195
102.785,54.6943,97.6775,152.372
102.805,53.2888,96.0051,149.294
102.825,54.3004,98.0311,152.332
102.845,53.3807,97.005,150.386
102.865,51.9198,97.5855,149.505
102.885,52.4743,96.2478,148.722
102.905,52.7086,96.2938,149.002
102.925,56.5451,97.2902,153.835
102.945,53.5895,98.1302,151.72
102.965,52.2583,95.4174,147.676
102.985,53.1871,96.8651,150.052
103.005,52.0896,95.8186,147.908
103.025,52.8561,97.1388,149.995
103.045,54.2127,96.5403,150.753
103.065,54.8463,97.5434,152.39
103.085,53.241,96.2879,149.529
103.105,53.7486,96.2978,150.046
103.125,50.9634,94.975,145.938
103.145,51.1025,95.51,146.612
103.165,53.4606,96.2927,149.753
103.185,54.8706,96.3414,151.212
103.205,54.0301,97.6635,151.694
103.225,53.1479,95.6633,148.811
103.245,54.6521,95.3231,149.975
103.265,50.4729,95.7697,146.243
103.285,53.7231,96.6926,150.416
103.305,54.2038,97.2427,151.447
103.325,53.1926,94.3352,147.528
103.345,52.6899,96.8308,149.521
103.365,52.8589,96.4999,149.359
103.385,52.3734,94.543,146.916
103.405,50.798,95.4594,146.257
103.425,55.426,97.1102,152.536
103.445,51.0118,95.9421,146.954
103.465,49.2562,95.9579,145.214
103.485,51.9566,96.6598,148.616
103.505,52.6356,97.1118,149.747
103.525,50.6182,95.0386,145.657
103.545,52.0683,95.7142,147.782
103.565,54.2199,95.1081,149.328
103.585,52.7547,96.0196,148.774
103.605,55.1128,95.9227,151.036
103.625,54.5476,96.5866,151.134
103.645,52.6132,95.3858,147.999
103.665,50.8179,94.9364,145.754
103.685,54.6767,94.5112,149.188
103.705,49.714,94.032,143.746
103.725,53.917,95.3968,149.314
103.745,52.2599,95.7383,147.998
103.765,51.5997,94.6865,146.286
103.785,54.2588,95.5599,149.819
103.805,48.7069,94.5536,143.261
103.825,54.1285,94.1493,148.278
103.845,52.4114,94.9183,147.33
103.865,50.3895,94.6438,145.033
103.885,52.3079,94.015,146.323
103.905,51.2931,94.6898,145.983
103.925,52.2952,95.2934,147.589
103.945,52.8893,94.4051,147.294
103.965,52.3389,95.9904,148.329
103.985,52.2716,94.5428,146.814
104.005,51.6377,95.9149,147.553
104.025,51.3548,93.9087,145.263
104.045,49.0178,95.3714,144.389
104.065,49.9586,93.2557,143.214
104.085,51.9685,95.0884,147.057
104.105,53.1738,94.8865,148.06
104.125,52.5126,94.7657,147.278
104.145,50.5284,94.2521,144.781
104.165,51.5328,93.9181,145.451
104.185,53.4889,93.7946,147.284
104.205,53.7669,94.0549,147.822
104.225,51.717,94.1811,145.898
104.245,50.5311,93.8745,144.406
104.265,50.3414,94.0613,144.403
104.285,51.4106,94.7045,146.115
104.305,50.7813,93.7881,144.569
104.325,52.0354,95.2688,147.304
104.345,51.7407,94.6902,146.431
104.365,49.9674,92.1108,142.078
104.385,52.3504,94.6392,146.99
104.405,51.1258,94.0529,145.179
104.425,51.4134,93.961,145.374
104.445,52.4381,94.8668,147.305
104.465,50.3817,94.0966,144.478
104.485,49.0881,93.6873,142.775
104.505,51.0476,93.3974,144.445
104.525,53.1375,93.4711,146.609
104.545,50.1798,93.6845,143.864
104.565,51.7242,94.125,145.849
104.585,50.1299,94.0087,144.139
104.605,52.6494,94.4247,147.074
104.625,49.9162,92.7042,142.62
104.645,52.3217,94.0987,146.42
104.665,52.09,94.2458,146.336
104.685,51.4787,93.5259,145.005
104.705,52.6613,92.978,145.639
104.725,49.6619,93.1396,142.802
104.745,52.4508,92.9666,145.417
104.765,51.8611,94.5698,146.431
104.785,52.2801,93.5389,145.819
104.805,48.9143,94.6214,143.536
104.825,50.0472,93.5189,143.566
104.845,48.9035,92.9258,141.829
104.865,50.7375,93.6396,144.377
104.885,51.5889,93.3908,144.98
104.905,48.575,92.8417,141.417
104.925,53.527,93.3248,146.852
104.945,49.2933,92.3943,141.688
104.965,50.8541,93.8393,144.693
104.985,50.1326,94.169,144.302
105.005,50.7157,93.546,144.262
105.025,52.5647,93.3863,145.951
105.045,49.6642,93.1724,142.837
105.065,49.5764,93.1319,142.708
105.085,49.7337,93.3193,143.053
105.105,51.1095,92.1075,143.217
105.125,48.6032,92.2837,140.887
105.145,49.5517,92.4237,141.975
105.165,50.1338,92.8987,143.033
105.185,51.1671,92.5434,143.711
105.205,52.6306,93.8144,146.445
105.225,50.3533,93.4676,143.821
105.245,48.5899,92.96,141.55
105.265,48.7669,92.736,141.503
105.285,52.2007,94.2039,146.405
105.305,48.0908,93.9414,142.032
105.325,47.8644,91.8927,139.757
105.345,51.9607,92.4582,144.419
105.365,48.9437,91.5819,140.526
105.385,52.2234,93.7362,145.96
105.405,49.0211,92.3341,141.355
105.425,49.3181,93.5113,142.829
105.445,49.9422,92.4868,142.429
105.465,50.6344,92.7448,143.379
105.485,51.3423,92.3329,143.675
105.505,48.9511,92.0116,140.963
105.525,51.0285,92.8048,143.833
105.545,48.4661,91.4975,139.964
105.565,51.0108,91.6963,142.707
105.585,50.2131,92.5928,142.806
105.605,50.9271,90.6209,141.548
105.625,48.2236,92.5405,140.764
105.645,50.2169,91.5635,141.78
105.665,49.6227,91.6935,141.316
105.685,49.4121,92.0345,141.447
105.705,47.5579,91.7605,139.318
105.725,51.8218,91.5967,143.419
105.745,50.3146,92.6364,142.951
105.765,50.1253,92.5127,142.638
105.785,49.3715,91.2429,140.614
105.805,51.2797,92.0558,143.335
105.825,50.4052,91.2105,141.616
105.845,48.5262,91.3827,139.909
105.865,48.3197,92.5464,140.866
105.885,51.5473,92.4132,143.96
105.905,48.9682,91.4336,140.402
105.925,47.8211,91.5884,139.409
105.945,48.7002,91.7154,140.416
105.965,51.6337,92.4292,144.063
105.985,49.3707,91.3575,140.728
106.005,48.8231,91.2814,140.105
106.025,47.2108,91.6173,138.828
106.045,47.0813,90.7904,137.872
106.065,50.9552,91.1804,142.136
106.085,47.9515,90.045,137.997
106.105,49.213,90.599,139.812
106.125,50.7183,91.2114,141.93
106.145,48.7752,90.0358,138.811
106.165,50.9392,92.1791,143.118
106.185,49.1275,91.3677,140.495
106.205,48.8074,91.706,140.513
106.225,46.358,90.0025,136.361
106.245,49.6574,92.4436,142.101
106.265,48.4702,91.2975,139.768
106.285,49.7458,89.9364,139.682
106.305,50.202,90.9725,141.174
106.325,49.952,90.4057,140.358
106.345,48.1801,91.1824,139.363
106.365,48.0268,90.6592,138.686
106.385,48.3542,90.6789,139.033
106.405,49.9603,90.9057,140.866
106.425,50.3712,92.2999,142.671
106.445,47.6527,89.7847,137.437
106.465,48.0363,90.2715,138.308
106.485,48.3225,90.6077,138.93
106.505,48.0377,90.6828,138.72
106.525,50.657,91.1311,141.788
106.545,47.1413,89.1779,136.319
106.565,50.3022,90.8193,141.122
106.585,48.547,91.2971,139.844
106.605,46.6431,89.4088,136.052
106.625,50.8553,90.7031,141.558
106.645,48.8103,91.4421,140.252
106.665,47.6917,89.1832,136.875
106.685,49.9647,90.3267,140.291
106.705,47.4464,90.6,138.046
106.725,50.4047,91.4634,141.868
106.745,46.9925,90.494,137.487
106.765,46.2086,90.7603,136.969
106.785,49.2643,90.5392,139.803
106.805,48.7396,91.1539,139.894
106.825,46.0183,90.3618,136.38
106.845,49.2788,90.135,139.414
106.865,47.192,89.5418,136.734
106.885,45.9771,90.5653,136.542
106.905,45.7636,88.0158,133.779
106.925,48.9336,89.6303,138.564
106.945,48.6609,89.97,138.631
106.965,47.9389,89.7072,137.646
106.985,47.6126,89.4714,137.084
107.005,49.4458,89.6708,139.117
107.025,47.7031,89.863,137.566
107.045,46.001,89.726,135.727
107.065,51.7638,89.8804,141.644
107.085,47.8849,88.6655,136.55
107.105,48.4378,89.9685,138.406
107.125,45.4306,89.6663,135.097
107.145,47.4506,88.2901,135.741
107.165,45.9761,90.8122,136.788
107.185,50.9145,90.615,141.53
107.205,46.9079,88.327,135.235
107.225,46.0494,88.9039,134.953
107.245,47.3789,89.928,137.307
107.265,46.2473,88.2839,134.531
107.285,47.8054,89.6448,137.45
107.305,45.912,87.9445,133.856
107.325,48.445,89.3203,137.765
107.345,49.3501,90.4307,139.781
107.365,47.2035,88.9763,136.18
107.385,48.792,89.5084,138.3
107.405,46.0716,88.9487,135.02
107.425,46.5958,89.2443,135.84
107.445,46.0204,87.9617,133.982
107.465,49.0851,88.1746,137.26
107.485,46.6544,88.829,135.483
107.505,49.1016,87.4637,136.565
107.525,47.5227,88.8341,136.357
107.545,47.8132,89.7266,137.54
107.565,46.7077,89.1577,135.865
107.585,48.9526,88.5398,137.492
107.605,46.8946,89.5665,136.461
107.625,45.733,88.8095,134.543
107.645,47.8939,88.4737,136.368
107.665,47.0247,88.7592,135.784
107.685,46.6283,89.1974,135.826
107.705,47.5827,89.1233,136.706
107.725,46.494,89.145,135.639
107.745,49.2817,88.0897,137.371
107.765,44.5876,87.8047,132.392
107.785,48.5549,87.8033,136.358
107.805,46.5343,88.0033,134.538
107.825,48.4396,88.7313,137.171
107.845,46.4737,87.957,134.431
107.865,45.2592,88.1731,133.432
107.885,47.888,88.9794,136.867
107.905,47.79,88.307,136.097
107.925,46.5113,87.2301,133.741
107.945,45.982,88.3555,134.337
107.965,44.7151,88.2944,133.009
107.985,44.4968,88.0186,132.515
108.005,47.1465,87.8506,134.997
108.025,45.957,88.8111,134.768
108.045,48.0607,87.9152,135.976
108.065,46.0511,87.6272,133.678
108.085,48.0328,87.6754,135.708
108.105,46.0319,86.7804,132.812
108.125,46.151,87.7781,133.929
108.145,45.1202,87.8459,132.966
108.165,46.192,88.9154,135.107
108.185,48.1318,88.0916,136.223
108.205,46.3627,88.0833,134.446
108.225,46.1096,87.779,133.889
108.245,44.8578,87.2449,132.103
108.265,44.4901,87.5226,132.013
108.285,47.9337,88.4875,136.421
108.305,46.4503,87.8026,134.253
108.325,46.9629,86.7313,133.694
108.345,47.549,86.4347,133.984
108.365,46.0797,86.4577,132.537
108.385,47.3069,87.185,134.492
108.405,47.2227,87.2626,134.485
108.425,45.8569,87.831,133.688
108.445,46.1444,86.6691,132.813
108.465,46.214,87.6259,133.84
108.485,44.6294,86.0203,130.65
108.505,46.6542,86.9457,133.6
108.525,44.6624,86.3772,131.04
108.545,44.7603,86.2155,130.976
108.565,45.669,87.2329,132.902
108.585,47.6961,87.3176,135.014
108.605,45.4978,86.7533,132.251
108.625,46.3068,86.466,132.773
108.645,46.9427,87.271,134.214
108.665,47.1249,86.8075,133.932
108.685,44.1734,86.6886,130.862
108.705,44.7357,87.7953,132.531
108.725,43.3466,88.1871,131.534
108.745,47.4015,85.4667,132.868
108.765,45.1248,86.4407,131.566
108.785,48.3354,86.9363,135.272
108.805,47.7452,86.6399,134.385
108.825,44.4317,87.018,131.45
108.845,46.8941,85.8786,132.773
108.865,44.2698,85.0892,129.359
108.885,46.713,87.2983,134.011
108.905,45.1305,85.4632,130.594
108.925,45.7529,86.2712,132.024
108.945,45.9911,87.1215,133.113
108.965,42.3488,85.3622,127.711
108.985,44.0493,86.5936,130.643
109.005,46.4606,85.8891,132.35
109.025,47.908,87.2308,135.139
109.045,44.494,86.74,131.234
109.065,45.4105,85.7803,131.191
109.085,44.6198,87.0765,131.696
109.105,45.1929,86.2174,131.41
109.125,45.9143,86.3283,132.243
109.145,44.6851,86.6226,131.308
109.165,46.3339,85.8926,132.227
109.185,46.6531,85.9825,132.636
109.205,43.1729,85.5883,128.761
109.225,44.6102,85.7382,130.348
109.245,44.8278,84.7658,129.594
109.265,43.367,84.7794,128.146
109.285,43.0841,85.1716,128.256
109.305,47.6071,85.3268,132.934
109.325,44.4692,84.9787,129.448
109.345,46.2103,86.2071,132.417
109.365,45.8944,85.9177,131.812
109.385,45.8442,84.8762,130.72
109.405,46.4773,85.2937,131.771
109.425,43.1321,85.6042,128.736
109.445,45.7625,85.4131,131.176
109.465,45.4828,84.9971,130.48
109.485,43.0123,85.244,128.256
109.505,43.4762,85.6848,129.161
109.525,46.1938,85.5609,131.755
109.545,46.9446,84.992,131.937
109.565,44.4579,84.8705,129.328
109.585,44.4487,84.504,128.953
109.605,44.4547,85.5382,129.993
109.625,44.7793,85.5928,130.372
109.645,44.0211,85.14,129.161
109.665,44.3243,84.9597,129.284
109.685,42.1766,84.2412,126.418
109.705,47.8289,86.0687,133.898
109.725,46.6014,85.2192,131.821
109.745,43.6766,83.8448,127.521
109.765,43.157,84.145,127.302
109.785,45.1288,86.1099,131.239
109.805,45.2816,84.2002,129.482
109.825,42.3909,85.0959,127.487
109.845,45.4326,85.0746,130.507
109.865,44.5742,85.9251,130.499
109.885,42.3079,84.7869,127.095
109.905,44.5282,84.8632,129.391
109.925,42.8689,84.8177,127.687
109.945,41.6914,83.5074,125.199
109.965,44.6092,85.2182,129.827
109.985,41.0632,84.0494,125.113
110.005,44.4587,84.4262,128.885
110.025,44.2357,83.7108,127.947
110.045,44.4964,84.0161,128.513
110.065,45.3908,84.5782,129.969
110.085,43.7775,84.1358,127.913
110.105,44.3108,84.1057,128.416
110.125,44.8636,83.9677,128.831
110.145,43.1479,83.9031,127.051
110.165,46.4197,85.2036,131.623
110.185,44.1333,84.7012,128.834
110.205,45.4896,83.4689,128.958
110.225,42.0529,83.7953,125.848
110.245,44.3111,84.498,128.809
110.265,44.3916,84.3059,128.698
110.285,42.1239,83.1984,125.322
110.305,44.2052,84.3235,128.529
110.325,45.3852,84.9542,130.339
110.345,42.814,83.4875,126.301
110.365,45.593,84.212,129.805
110.385,41.9995,84.1058,126.105
110.405,42.2634,84.054,126.317
110.425,42.0763,82.4958,124.572
110.445,41.6639,84.6851,126.349
110.465,43.588,83.2353,126.823
110.485,44.4158,83.7182,128.134
110.505,43.858,84.2506,128.109
110.525,43.2853,82.8399,126.125
110.545,43.4616,82.6769,126.139
110.565,44.0878,83.6914,127.779
110.585,44.2096,82.9808,127.19
110.605,41.5378,82.6571,124.195
110.625,41.5474,83.4005,124.948
110.645,42.2159,83.149,125.365
110.665,43.1565,83.4505,126.607
110.685,43.1646,83.783,126.948
110.705,42.6662,82.9005,125.567
110.725,45.7166,82.9946,128.711
110.745,43.75,82.5965,126.346
110.765,42.4648,82.1521,124.617
110.785,44.4909,84.0929,128.584
110.805,41.8149,81.6293,123.444
110.825,43.0864,84.4316,127.518
110.845,41.2959,83.1374,124.433
110.865,43.0116,82.8666,125.878
110.885,43.5358,82.6776,126.213
110.905,42.2515,82.4605,124.712
110.925,41.1627,82.1984,123.361
110.945,44.6165,83.0289,127.645
110.965,41.3645,82.2045,123.569
110.985,43.2025,82.562,125.764
111.005,41.0641,81.0776,122.142
111.025,42.2702,82.9718,125.242
111.045,41.5734,82.8083,124.382
111.065,43.7677,83.1714,126.939
111.085,43.8381,82.3117,126.15
111.105,42.2863,82.3881,124.674
111.125,42.7445,82.2643,125.009
111.145,41.1852,81.9693,123.154
111.165,41.9903,82.5664,124.557
111.185,42.5547,81.8019,124.357
111.205,43.7111,81.4944,125.206
111.225,42.609,82.4674,125.076
111.245,40.7556,81.6084,122.364
111.265,43.4739,82.1675,125.641
111.285,42.5575,82.7066,125.264
111.305,44.0921,82.2437,126.336
111.325,42.8111,81.4927,124.304
111.345,40.8432,81.4207,122.264
111.365,44.3614,81.7408,126.102
111.385,42.5076,82.9472,125.455
111.405,41.9271,81.5355,123.463
111.425,41.4737,82.9162,124.39
111.445,42.7051,81.881,124.586
111.465,44.051,82.3997,126.451
111.485,41.8199,82.1595,123.979
111.505,40.9537,81.4772,122.431
111.525,42.7528,81.4447,124.198
111.545,41.4331,80.7535,122.187
111.565,42.0131,81.791,123.804
111.585,41.2734,81.6634,122.937
111.605,41.2316,80.7828,122.014
111.625,41.6412,82.0816,123.723
111.645,42.9159,82.06,124.976
111.665,42.6636,81.6174,124.281
111.685,39.7245,81.3354,121.06
111.705,41.3274,81.459,122.786
111.725,42.2923,81.1419,123.434
111.745,41.1515,81.3978,122.549
111.765,40.5024,81.5875,122.09
111.785,43.4395,82.8435,126.283
111.805,42.3661,81.7771,124.143
111.825,40.49,80.1234,120.613
111.845,42.9874,80.98,123.967
111.865,40.9824,80.6948,121.677
111.885,40.8899,80.7557,121.646
111.905,41.6608,81.1368,122.798
111.925,41.7926,80.8791,122.672
111.945,40.7691,80.745,121.514
111.965,41.7227,81.7243,123.447
111.985,42.2085,80.0635,122.272
112.005,41.2497,80.1551,121.405
112.025,41.9037,80.1064,122.01
112.045,41.931,80.2747,122.206
112.065,41.5374,79.7242,121.262
112.085,42.3101,80.0099,122.32
112.105,41.8523,81.1095,122.962
112.125,40.4458,80.9124,121.358
112.145,42.4913,79.9719,122.463
112.165,42.3218,80.5568,122.879
112.185,41.8486,80.1635,122.012
112.205,42.6816,80.052,122.734
112.225,39.8195,80.3867,120.206
112.245,41.7825,80.8662,122.649
112.265,40.4244,79.1946,119.619
112.285,41.6445,80.3963,122.041
112.305,41.6603,81.3996,123.06
112.325,40.9935,79.7797,120.773
112.345,40.9401,80.1289,121.069
112.365,40.4336,80.0137,120.447
112.385,40.7841,80.9597,121.744
112.405,40.6787,80.1994,120.878
112.425,41.0419,80.2241,121.266
112.445,41.1891,79.4897,120.679
112.465,40.4223,79.0617,119.484
112.485,41.8649,79.5103,121.375
112.505,39.5359,79.821,119.357
112.525,42.0179,79.8302,121.848
112.545,40.0887,80.2656,120.354
112.565,40.8372,79.7492,120.586
112.585,41.2199,80.0018,121.222
112.605,41.5581,79.253,120.811
112.625,41.2737,79.657,120.931
112.645,40.516,79.8347,120.351
112.665,40.9215,79.6138,120.535
112.685,41.4146,80.0047,121.419
112.705,41.3429,79.7495,121.092
112.725,39.8135,79.9763,119.79
112.745,41.4166,79.3489,120.765
112.765,40.214,79.5691,119.783
112.785,41.4369,79.1071,120.544
112.805,40.5656,78.8176,119.383
112.825,40.5129,79.3844,119.897
112.845,39.6215,80.4148,120.036
112.865,39.7572,79.3597,119.117
112.885,39.5899,79.4118,119.002
112.905,41.2772,79.7972,121.074
112.925,42.1872,79.5769,121.764
112.945,38.5527,79.1694,117.722
112.965,40.655,78.556,119.211
112.985,40.4108,78.9373,119.348
113.005,38.8545,79.2637,118.118
113.025,39.0282,78.5448,117.573
113.045,40.4047,79.1757,119.58
113.065,39.0929,79.1203,118.213
113.085,40.1922,79.019,119.211
113.105,40.1155,78.6349,118.75
113.125,40.428,79.3904,119.818
113.145,38.5833,77.931,116.514
113.165,41.1226,79.0739,120.196
113.185,40.2191,77.9376,118.157
113.205,40.2,78.1596,118.36
113.225,41.0625,78.9664,120.029
113.245,39.5962,78.3155,117.912
113.265,40.4411,79.2184,119.659
113.285,41.5705,79.2716,120.842
113.305,39.5091,77.8332,117.342
113.325,39.3356,78.3438,117.679
113.345,41.2311,79.0252,120.256
113.365,38.1688,77.9477,116.116
113.385,39.7643,78.9121,118.676
113.405,40.5977,78.1775,118.775
113.425,40.2174,77.4255,117.643
113.445,38.6136,77.8265,116.44
113.465,38.6352,77.7155,116.351
113.485,39.8344,77.5081,117.342
113.505,38.4429,78.6304,117.073
113.525,42.1816,79.0667,121.248
113.545,39.6302,77.7184,117.349
113.565,38.4079,77.7346,116.143
113.585,40.2579,78.3247,118.583
113.605,38.7364,77.0525,115.789
113.625,40.9886,78.3174,119.306
113.645,40.0819,78.0839,118.166
113.665,38.6175,77.233,115.851
113.685,37.7006,77.8248,115.525
113.705,39.3793,77.384,116.763
113.725,39.1661,78.5371,117.703
113.745,36.9774,76.9095,113.887
113.765,40.4809,78.312,118.793
113.785,39.4215,77.6494,117.071
113.805,40.3399,77.9524,118.292
113.825,38.5779,77.0333,115.611
113.845,40.1452,78.2223,118.368
113.865,38.4906,77.4209,115.912
113.885,38.9387,77.3052,116.244
113.905,39.6849,77.6114,117.296
113.925,38.8371,77.4135,116.251
113.945,39.438,76.9149,116.353
113.965,40.104,78.0815,118.185
113.985,39.3545,76.7522,116.107
114.005,39.4713,76.6356,116.107
114.025,40.4665,76.6443,117.111
114.045,38.2598,76.1671,114.427
114.065,40.1771,77.0226,117.2
114.085,37.9835,77.0456,115.029
114.105,37.2007,77.058,114.259
114.125,37.0724,77.6735,114.746
114.145,39.0902,76.879,115.969
114.165,38.2991,76.7408,115.04
114.185,37.6128,76.7237,114.336
114.205,39.6355,76.9705,116.606
114.225,41.4427,77.0483,118.491
114.245,38.2624,76.3426,114.605
114.265,37.7719,76.2418,114.014
114.285,37.5451,75.3377,112.883
114.305,40.052,76.7472,116.799
114.325,37.7846,75.9064,113.691
114.345,38.1113,76.3581,114.469
114.365,38.7465,76.6428,115.389
114.385,38.8133,76.1392,114.952
114.405,40.3083,76.628,116.936
114.425,37.89,76.536,114.426
114.445,36.5221,75.2741,111.796
114.465,39.7803,76.593,116.373
114.485,37.6789,76.0945,113.773
114.505,38.4861,76.8609,115.347
114.525,37.7457,76.1035,113.849
114.545,38.727,75.9959,114.723
114.565,37.0004,75.3262,112.327
114.585,38.1965,76.9484,115.145
114.605,37.5592,75.4827,113.042
114.625,39.7915,76.8353,116.627
114.645,37.4695,76.3973,113.867
114.665,39.4373,75.5998,115.037
114.685,39.9412,76.0082,115.949
114.705,38.152,75.1375,113.29
114.725,37.7588,76.4392,114.198
114.745,38.1171,75.737,113.854
114.765,38.0344,75.3821,113.417
114.785,37.0145,75.1395,112.154
114.805,42.2705,75.2068,117.477
114.825,37.4208,75.3476,112.768
114.845,37.0512,75.2775,112.329
114.865,37.6689,74.7656,112.434
114.885,35.6611,75.5586,111.22
114.905,39.6543,75.2425,114.897
114.925,39.0235,75.0885,114.112
114.945,36.0848,74.6409,110.726
114.965,37.8117,75.1608,112.972
114.985,38.5773,76.0623,114.64
115.005,37.4674,75.6516,113.119
115.025,37.113,75.6794,112.792
115.045,37.9552,75.3508,113.306
115.065,36.887,75.9254,112.812
115.085,38.2271,75.5883,113.815
115.105,35.9542,75.0573,111.012
115.125,36.3299,74.1951,110.525
115.145,37.5618,74.7557,112.318
115.165,39.0374,75.3481,114.385
115.185,38.1089,75.2027,113.312
115.205,37.3015,74.9478,112.249
115.225,37.5498,75.2574,112.807
115.245,38.1557,74.7751,112.931
115.265,36.1044,74.6886,110.793
115.285,39.141,75.7115,114.852
115.305,35.1922,73.7755,108.968
115.325,37.1468,74.6869,111.834
115.345,36.0405,75.7092,111.75
115.365,38.0818,75.1534,113.235
115.385,36.2702,74.6506,110.921
115.405,38.7617,74.5497,113.311
115.425,36.4888,74.7455,111.234
115.445,37.2712,75.1439,112.415
115.465,37.3232,75.0341,112.357
115.485,36.2277,74.7201,110.948
115.505,36.9351,73.7671,110.702
115.525,36.1847,74.1057,110.29
115.545,36.4754,74.5668,111.042
115.565,39.0597,74.4594,113.519
115.585,37.4306,73.953,111.384
115.605,39.2854,75.0784,114.364
115.625,34.6678,74.8258,109.494
115.645,35.9764,74.1684,110.145
115.665,37.0101,73.7841,110.794
115.685,37.813,73.9828,111.796
115.705,36.6387,73.8026,110.441
115.725,37.0446,74.105,111.15
115.745,35.3348,73.8065,109.141
115.765,36.5313,73.8297,110.361
115.785,36.7988,74.6447,111.443
115.805,37.168,73.1837,110.352
115.825,37.7423,74.3211,112.063
115.845,37.1949,74.9687,112.164
115.865,38.0012,74.071,112.072
115.885,35.2558,73.5192,108.775
115.905,37.0416,73.4889,110.531
115.925,35.4433,74.1516,109.595
115.945,37.4125,73.9653,111.378
115.965,37.2151,73.5866,110.802
115.985,36.2853,73.4974,109.783
116.005,37.4347,73.5607,110.995
116.025,35.4278,73.0247,108.452
116.045,37.5508,73.2848,110.836
116.065,37.8128,73.4547,111.268
116.085,35.3452,72.3513,107.696
116.105,36.166,72.9712,109.137
116.125,35.3072,73.5118,108.819
116.145,36.5032,74.0309,110.534
116.165,35.5068,73.8163,109.323
116.185,35.2165,73.1007,108.317
116.205,35.8778,73.2377,109.115
116.225,36.3622,73.1452,109.507
116.245,37.1063,72.6061,109.712
116.265,36.7967,73.545,110.342
116.285,37.2407,73.268,110.509
116.305,34.4508,72.5624,107.013
116.325,34.8405,72.5188,107.359
116.345,35.0081,72.5035,107.512
116.365,35.7708,72.586,108.357
116.385,35.5091,72.6199,108.129
116.405,36.007,72.8506,108.858
116.425,35.8689,72.8702,108.739
116.445,35.5659,72.5702,108.136
116.465,35.8108,72.7948,108.606
116.485,34.6297,71.9756,106.605
116.505,35.9349,73.4045,109.339
116.525,36.7187,71.6717,108.39
116.545,35.1088,72.7193,107.828
116.565,36.3927,72.4745,108.867
116.585,33.8989,71.2275,105.126
116.605,36.8561,72.4683,109.324
116.625,36.7279,71.5919,108.32
116.645,36.5506,72.5027,109.053
116.665,36.8915,72.2494,109.141
116.685,36.2334,71.9995,108.233
116.705,34.6128,70.9892,105.602
116.725,36.4729,72.5679,109.041
116.745,35.0722,71.475,106.547
116.765,36.0072,72.0203,108.028
116.785,35.1212,72.8843,108.005
116.805,35.6563,72.7694,108.426
116.825,33.7949,72.4159,106.211
116.845,35.2417,72.4595,107.701
116.865,35.1552,71.6454,106.801
116.885,34.8766,71.8535,106.73
116.905,34.581,71.7852,106.366
116.925,36.0649,72.968,109.033
116.945,33.7757,71.4584,105.234
116.965,33.9592,71.1859,105.145
116.985,34.4881,71.8055,106.294
117.005,34.6949,71.4487,106.144
117.025,37.1899,72.004,109.194
117.045,35.9936,71.7507,107.744
117.065,34.1038,70.8299,104.934
117.085,34.6767,72.0691,106.746
117.105,35.4529,71.3644,106.817
117.125,34.9373,70.9976,105.935
117.145,35.4149,70.5886,106.004
117.165,35.0317,71.5949,106.627
117.185,34.2521,71.2957,105.548
117.205,33.3235,70.8382,104.162
117.225,35.8416,71.1933,107.035
117.245,33.9964,71.1289,105.125
117.265,34.9749,71.7143,106.689
117.285,34.0407,71.4509,105.492
117.305,35.0363,71.2313,106.268
117.325,33.5596,71.2492,104.809
117.345,32.8658,71.0783,103.944
117.365,35.1356,70.9763,106.112
117.385,34.302,70.7283,105.03
117.405,34.5299,69.9102,104.44
117.425,34.646,70.9816,105.628
117.445,35.9575,71.3033,107.261
117.465,33.6788,70.426,104.105
117.485,34.1943,70.4917,104.686
117.505,34.3568,69.9118,104.269
117.525,34.7259,70.1162,104.842
117.545,34.0761,69.8037,103.88
117.565,35.9675,69.9568,105.924
117.585,33.5823,70.4217,104.004
117.605,34.861,69.9208,104.782
117.625,34.5961,69.7687,104.365
117.645,34.0456,69.4924,103.538
117.665,35.4873,70.423,105.91
117.685,32.5312,69.2837,101.815
117.705,36.1897,69.6583,105.848
117.725,35.2133,70.1104,105.324
117.745,33.4634,70.289,103.752
117.765,32.9162,69.6258,102.542
117.785,33.665,69.4504,103.115
117.805,34.6658,70.3257,104.992
117.825,32.8358,70.0268,102.863
117.845,34.5186,70.6297,105.148
117.865,32.3897,68.8746,101.264
117.885,33.7021,70.0026,103.705
117.905,33.5604,68.9641,102.525
117.925,35.8237,69.6626,105.486
117.945,34.3973,69.7161,104.113
117.965,32.0589,69.3763,101.435
117.985,33.5668,69.5728,103.14
118.005,33.7158,69.8026,103.518
118.025,34.0224,69.4321,103.454
118.045,33.2261,69.4485,102.675
118.065,35.896,69.6392,105.535
118.085,33.1858,69.6163,102.802
118.105,34.0235,69.4036,103.427
118.125,33.2221,69.6817,102.904
118.145,32.8305,70.2125,103.043
118.165,32.9581,69.4682,102.426
118.185,33.506,68.0629,101.569
118.205,35.2343,70.7466,105.981
118.225,33.7899,69.5823,103.372
118.245,34.8342,69.7685,104.603
118.265,33.322,69.7544,103.076
118.285,32.8681,68.3815,101.25
118.305,34.8594,68.944,103.803
118.325,33.9241,69.1138,103.038
118.345,33.2117,69.5758,102.788
118.365,32.3994,69.185,101.584
118.385,33.3952,68.2147,101.61
118.405,33.7731,69.5417,103.315
118.425,32.0657,68.5217,100.587
118.445,32.8547,68.2274,101.082
118.465,33.2258,67.7399,100.966
118.485,32.9419,68.3942,101.336
118.505,32.8472,68.5516,101.399
118.525,34.4501,68.3706,102.821
118.545,33.1737,68.1371,101.311
118.565,32.1927,67.8975,100.09
118.585,32.9446,68.869,101.814
118.605,34.8126,68.3342,103.147
118.625,32.4313,68.2683,100.7
118.645,32.8353,68.5507,101.386
118.665,32.7121,68.1612,100.873
118.685,34.3145,68.7149,103.029
118.705,32.4954,69.0215,101.517
118.725,31.6645,67.2527,98.9172
118.745,31.546,67.4033,98.9494
118.765,31.5299,67.7611,99.291
118.785,33.6391,68.1074,101.747
118.805,33.684,67.845,101.529
118.825,34.0315,68.6001,102.632
118.845,31.8771,68.2304,100.108
118.865,32.2472,68.3832,100.63
118.885,32.041,68.0982,100.139
118.905,32.6318,67.3687,100.001
118.925,33.4284,67.7871,101.215
118.945,33.4483,67.5753,101.024
118.965,33.6263,67.6343,101.261
118.985,32.6053,67.8746,100.48
119.005,32.6189,66.9558,99.5747
119.025,32.9692,67.2909,100.26
119.045,30.2648,67.1401,97.4049
119.065,32.6964,67.5138,100.21
119.085,32.3309,67.9277,100.259
119.105,32.7823,67.9496,100.732
119.125,32.5773,67.1258,99.7031
119.145,31.7291,67.9241,99.6533
119.165,31.9106,67.3663,99.2768
119.185,31.8392,67.0559,98.8951
119.205,33.8516,67.4688,101.32
119.225,31.9207,67.0649,98.9856
119.245,32.3948,67.5451,99.9399
119.265,31.5453,66.438,97.9833
119.285,32.1607,66.6779,98.8386
119.305,31.3912,67.2393,98.6306
119.325,32.2972,67.55,99.8472
119.345,30.7893,66.9241,97.7134
119.365,32.8348,67.6137,100.449
119.385,32.6252,66.8145,99.4397
119.405,31.4897,66.9346,98.4243
119.425,31.4188,67.0672,98.486
119.445,32.8585,66.0808,98.9393
119.465,31.3454,66.9078,98.2532
119.485,31.6126,66.1569,97.7695
119.505,32.1656,67.2231,99.3886
119.525,31.7737,66.1965,97.9702
119.545,31.2097,66.9053,98.1151
119.565,30.5682,66.7357,97.3039
119.585,33.1949,66.7091,99.904
119.605,32.6041,66.261,98.865
119.625,33.0193,66.7514,99.7707
119.645,31.0283,65.7279,96.7562
119.665,31.521,66.7101,98.231
119.685,31.5153,65.5506,97.0659
119.705,30.6191,65.4641,96.0832
119.725,31.5477,66.8004,98.3481
119.745,31.4586,66.7516,98.2102
119.765,30.6197,66.3357,96.9553
119.785,31.065,65.5567,96.6217
119.805,31.4153,66.9814,98.3966
119.825,30.5747,65.7219,96.2966
119.845,31.5699,65.5739,97.1438
119.865,32.1037,66.2055,98.3092
119.885,30.8048,65.7098,96.5146
119.905,31.2722,66.1072,97.3793
119.925,30.2621,65.8465,96.1087
119.945,31.1976,65.1959,96.3935
119.965,30.3915,65.5367,95.9283
119.985,31.3206,66.3179,97.6385
120.005,31.4286,66.2563,97.6849
120.025,30.7426,66.5288,97.2713
120.045,31.6126,65.4112,97.0238
120.065,31.5776,65.2727,96.8503
120.085,30.8014,66.1335,96.9349
120.105,31.3871,65.3125,96.6995
120.125,31.4193,65.8549,97.2742
120.145,30.9219,65.4273,96.3492
120.165,29.9194,64.9645,94.8839
120.185,30.9733,65.5635,96.5368
120.205,31.4973,65.3545,96.8518
120.225,29.9789,65.7899,95.7688
120.245,29.6412,64.7009,94.3421
120.265,29.868,65.4755,95.3436
120.285,31.4962,65.0648,96.561
120.305,31.841,65.2292,97.0702
120.325,31.3345,64.9691,96.3035
120.345,30.045,65.5322,95.5773
120.365,30.7455,65.425,96.1705
120.385,29.2069,65.6143,94.8212
120.405,29.8905,64.3338,94.2242
120.425,30.895,64.4151,95.3101
120.445,31.7695,65.3147,97.0842
120.465,31.2317,64.751,95.9826
120.485,31.3319,64.6166,95.9485
120.505,29.2685,64.7177,93.9862
120.525,29.9589,63.6847,93.6436
120.545,30.4864,65.1421,95.6285
120.565,31.172,64.2532,95.4252
120.585,29.3111,64.3511,93.6622
120.605,30.3008,64.188,94.4887
120.625,29.5034,65.0721,94.5754
120.645,31.6372,64.626,96.2632
120.665,30.3343,63.7656,94.0999
120.685,29.0792,64.7565,93.8357
120.705,30.4754,64.1355,94.6109
120.725,29.6004,63.7341,93.3345
120.745,30.2232,64.385,94.6082
120.765,28.9528,63.3982,92.351
120.785,31.7055,64.4617,96.1672
120.805,30.1626,64.1522,94.3148
120.825,29.7641,63.5498,93.3139
120.845,30.6701,64.2396,94.9097
120.865,28.6729,63.4096,92.0824
120.885,30.8243,64.5128,95.3371
120.905,30.2037,63.7374,93.941
120.925,28.2302,64.4153,92.6455
120.945,30.8972,64.5353,95.4325
120.965,29.9775,63.6154,93.5929
120.985,29.8013,63.1151,92.9164
121.005,29.5454,63.5051,93.0505
121.025,30.0074,64.02,94.0274
121.045,30.1898,63.0479,93.2377
121.065,30.6993,62.7987,93.498
121.085,30.0252,63.0688,93.094
121.105,29.7785,62.8207,92.5992
121.125,29.0261,64.1338,93.1598
121.145,29.082,62.6128,91.6948
121.165,29.1555,64.3812,93.5367
121.185,27.6836,63.0909,90.7745
121.205,29.2969,62.7971,92.094
121.225,29.3478,62.5563,91.9042
121.245,29.0735,62.8194,91.8929
121.265,29.0792,63.5019,92.5811
121.285,29.5436,63.0619,92.6055
121.305,28.7025,62.7359,91.4384
121.325,30.8914,62.4101,93.3015
121.345,29.46,62.3157,91.7756
121.365,29.9447,62.5152,92.4599
121.385,27.8637,62.5727,90.4363
121.405,29.5126,62.1088,91.6214
121.425,29.4145,62.8211,92.2356
121.445,29.7259,62.5797,92.3055
121.465,28.3137,62.169,90.4826
121.485,28.7866,63.0625,91.8492
121.505,28.398,62.8238,91.2218
121.525,28.462,62.2842,90.7462
121.545,28.4972,62.3363,90.8335
121.565,29.2237,61.579,90.8027
121.585,30.6473,62.706,93.3534
121.605,29.0203,62.0288,91.0491
121.625,29.8207,61.9687,91.7894
121.645,28.882,62.2465,91.1285
121.665,28.7621,62.2352,90.9973
121.685,28.5389,62.5412,91.0801
121.705,28.3305,62.153,90.4835
121.725,27.7946,62.0729,89.8676
121.745,27.7097,61.9743,89.6841
121.765,28.0351,61.3372,89.3723
121.785,28.29,62.1151,90.4051
121.805,26.9307,61.3718,88.3025
121.825,28.1099,60.8518,88.9617
121.845,29.7566,61.9145,91.6711
121.865,28.9367,62.6061,91.5428
121.885,29.5187,62.5222,92.0409
121.905,28.0121,61.7921,89.8042
121.925,27.5738,61.6394,89.2132
121.945,28.1004,61.7941,89.8945
121.965,27.6612,61.9718,89.633
121.985,29.4379,61.6353,91.0732
122.005,28.4101,60.7361,89.1462
122.025,28.3216,61.8409,90.1625
122.045,27.7219,61.7802,89.502
122.065,27.9949,61.8751,89.87
122.085,28.0122,60.8319,88.8441
122.105,29.2676,61.6573,90.9249
122.125,27.286,60.8317,88.1177
122.145,28.0379,61.3645,89.4024
122.165,27.4893,61.1524,88.6417
122.185,29.708,61.5199,91.2279
122.205,27.6324,61.3599,88.9922
122.225,27.5262,61.2296,88.7557
122.245,27.2896,60.2851,87.5746
122.265,28.1458,61.0354,89.1812
122.285,27.5253,61.0663,88.5916
122.305,27.586,60.4812,88.0672
122.325,29.2442,60.7895,90.0337
122.345,27.4133,59.9886,87.4019
122.365,27.7721,60.3922,88.1643
122.385,27.5039,60.7661,88.27
122.405,27.4852,60.9693,88.4545
122.425,26.8961,60.4726,87.3687
122.445,28.0221,60.5811,88.6033
122.465,27.2189,59.9506,87.1695
122.485,28.1481,60.5514,88.6995
122.505,29.411,59.512,88.923
122.525,27.0621,60.4831,87.5452
122.545,27.1703,60.1194,87.2898
122.565,27.4322,60.3448,87.777
122.585,26.3012,59.57,85.8712
122.605,27.3959,60.1865,87.5824
122.625,27.9589,60.0217,87.9805
122.645,27.5741,60.0486,87.6227
122.665,28.3963,59.8575,88.2538
122.685,27.5571,59.4525,87.0096
122.705,26.8391,59.5243,86.3634
122.725,28.4934,60.7042,89.1976
122.745,26.8551,59.4612,86.3162
122.765,27.4166,59.3794,86.796
122.785,28.6158,59.8679,88.4837
122.805,27.5051,59.7583,87.2634
122.825,26.7526,59.7008,86.4533
122.845,27.2015,59.8372,87.0387
122.865,25.8825,59.2829,85.1654
122.885,26.1215,59.4893,85.6108
122.905,25.5312,59.6649,85.1961
122.925,26.7926,59.4091,86.2017
122.945,26.6652,59.7994,86.4647
122.965,27.6225,59.8772,87.4997
122.985,26.8107,59.5004,86.3111
123.005,26.8698,59.5263,86.3961
123.025,27.3409,58.9881,86.329
123.045,25.9158,59.3796,85.2954
123.065,26.8579,59.4683,86.3262
123.085,27.0013,58.5148,85.516
123.105,26.1985,58.9039,85.1024
123.125,28.1245,58.9285,87.053
123.145,27.0796,59.6833,86.7629
123.165,26.0916,58.6851,84.7767
123.185,26.3242,58.8133,85.1375
123.205,26.5138,59.2371,85.7509
123.225,27.4604,59.0002,86.4606
123.245,25.7828,58.8576,84.6405
123.265,26.6756,58.6831,85.3587
123.285,26.5506,58.3231,84.8737
123.305,26.4816,58.5149,84.9965
123.325,27.4394,58.1758,85.6152
123.345,26.573,58.4431,85.0161
123.365,26.2549,58.4236,84.6785
123.385,27.5955,58.0871,85.6826
123.405,26.5438,58.395,84.9388
123.425,27.2878,58.8887,86.1764
123.445,26.6492,58.1735,84.8226
123.465,25.7109,57.9988,83.7097
123.485,26.6539,58.1742,84.8282
123.505,27.3296,58.4751,85.8046
123.525,25.5623,57.7333,83.2957
123.545,25.694,57.9582,83.6522
123.565,26.2832,58.5756,84.8588
123.585,26.1479,58.0721,84.22
123.605,25.3994,57.354,82.7534
123.625,25.8324,58.0503,83.8827
123.645,24.7547,58.1638,82.9184
123.665,25.1105,58.3733,83.4838
123.685,26.3055,57.9702,84.2756
123.705,25.9277,57.633,83.5608
123.725,26.0224,57.8092,83.8316
123.745,26.5772,57.6125,84.1897
123.765,25.4209,58.1258,83.5467
123.785,26.5911,57.4532,84.0443
123.805,25.7174,57.7026,83.42
123.825,25.7707,57.1918,82.9625
123.845,25.6523,57.6638,83.3161
123.865,25.8733,57.9213,83.7946
123.885,24.3961,57.5134,81.9094
123.905,26.0325,57.849,83.8815
123.925,24.6026,57.2794,81.8819
123.945,26.478,57.3706,83.8487
123.965,25.8959,56.871,82.7669
123.985,25.5024,57.3753,82.8777
124.005,24.9706,57.5189,82.4894
124.025,25.3142,56.9242,82.2384
124.045,24.5199,56.6854,81.2054
124.065,26.5032,56.9574,83.4606
124.085,26.0567,57.3129,83.3696
124.105,24.6166,56.6727,81.2893
124.125,24.748,57.2656,82.0136
124.145,25.6589,57.2726,82.9315
124.165,24.7761,57.1978,81.9739
124.185,25.5366,56.8622,82.3988
124.205,24.5169,57.7773,82.2942
124.225,26.2545,56.4981,82.7527
124.245,24.5469,56.0977,80.6446
124.265,26.0233,56.8816,82.9049
124.285,25.0846,57.1907,82.2753
124.305,24.7085,56.631,81.3395
124.325,25.0301,56.775,81.8052
124.345,23.3408,56.338,79.6789
124.365,24.5433,56.5276,81.0709
124.385,25.2282,56.3476,81.5758
124.405,23.9076,56.5444,80.452
124.425,25.4928,56.4292,81.922
124.445,25.6783,56.4432,82.1215
124.465,25.7088,56.7079,82.4166
124.485,25.1046,56.2176,81.3222
124.505,25.0746,55.8437,80.9183
124.525,25.5339,56.5496,82.0835
124.545,24.4776,55.694,80.1716
124.565,24.773,56.103,80.876
124.585,25.1754,56.1467,81.3221
124.605,25.2471,55.4158,80.6629
124.625,24.8606,55.8269,80.6876
124.645,23.1268,55.9788,79.1056
124.665,24.67,55.6247,80.2946
124.685,24.6017,55.4589,80.0606
124.705,24.9946,55.237,80.2316
124.725,23.6716,55.1058,78.7774
124.745,24.5376,55.6206,80.1582
124.765,24.1428,54.8172,78.96
124.785,25.4795,54.9627,80.4421
124.805,22.9018,55.0609,77.9628
124.825,24.4581,54.9278,79.3859
124.845,24.7975,55.8483,80.6458
124.865,25.6736,55.2031,80.8766
124.885,25.1005,55.2517,80.3522
124.905,24.2738,55.0995,79.3733
124.925,23.8596,55.4296,79.2893
124.945,24.2074,55.0294,79.2368
124.965,24.489,55.6447,80.1337
124.985,23.6832,54.5949,78.2781
125.005,24.7233,54.723,79.4463
125.025,24.6979,54.5807,79.2787
125.045,24.5275,54.4272,78.9547
125.065,23.9282,55.1519,79.0801
125.085,24.2013,54.4616,78.6629
125.105,24.6476,54.9514,79.5991
125.125,23.2758,54.4648,77.7406
125.145,25.26,54.9345,80.1944
125.165,24.6131,54.7587,79.3718
125.185,24.0449,54.4311,78.476
125.205,24.2443,54.6767,78.9209
125.225,23.9839,53.9119,77.8958
125.245,25.0987,54.276,79.3747
125.265,24.6732,54.2713,78.9445
125.285,23.8173,54.2331,78.0504
125.305,24.5467,54.0331,78.5798
125.325,23.7032,54.2551,77.9583
125.345,24.655,54.4599,79.115
125.365,24.2562,54.4574,78.7136
125.385,23.2391,54.1484,77.3875
125.405,23.5836,53.6393,77.2229
125.425,23.7556,54.3597,78.1154
125.445,23.2926,53.8561,77.1486
125.465,23.2469,53.7062,76.9531
125.485,24.5153,54.2567,78.7721
125.505,25.0171,54.5577,79.5748
125.525,23.0313,54.0294,77.0607
125.545,23.2965,53.3448,76.6413
125.565,23.6582,53.5051,77.1633
125.585,23.133,53.5616,76.6946
125.605,23.2965,53.0636,76.3601
125.625,23.7226,53.2716,76.9942
125.645,23.4731,53.3027,76.7758
125.665,23.2409,52.5643,75.8052
125.685,23.1296,52.9493,76.0789
125.705,23.1079,52.7855,75.8934
125.725,23.5568,53.4879,77.0447
125.745,23.8398,53.6692,77.5091
125.765,22.6884,53.487,76.1755
125.785,23.2811,52.7234,76.0045
125.805,22.8001,53.7021,76.5022
125.825,22.9328,53.0987,76.0315
125.845,23.668,53.2497,76.9177
125.865,23.1463,52.228,75.3743
125.885,23.3784,52.9538,76.3322
125.905,23.5504,52.7274,76.2778
125.925,23.0898,51.5967,74.6866
125.945,23.1533,52.4229,75.5762
125.965,22.9463,52.8015,75.7478
125.985,22.0439,52.3411,74.3849
126.005,23.3933,53.1735,76.5668
126.025,22.5759,52.723,75.2989
126.045,23.279,52.5624,75.8414
126.065,22.6915,52.4348,75.1263
126.085,22.5407,52.6434,75.1841
126.105,23.5345,51.6816,75.2161
126.125,22.0704,52.0329,74.1033
126.145,22.9554,51.8329,74.7883
126.165,23.0642,51.7208,74.785
126.185,21.002,52.0698,73.0717
126.205,22.2727,52.8311,75.1038
126.225,23.1199,51.7266,74.8465
126.245,22.5159,52.6275,75.1434
126.265,22.9537,52.1309,75.0846
126.285,22.6507,52.4196,75.0703
126.305,22.5329,52.028,74.5609
126.325,22.2511,51.9737,74.2248
126.345,22.8627,51.7833,74.646
126.365,21.8534,52.093,73.9464
126.385,22.4933,51.4488,73.9421
126.405,22.2396,51.5674,73.8069
126.425,21.2979,50.9564,72.2542
126.445,22.0253,51.4704,73.4957
126.465,21.1787,51.655,72.8337
126.485,22.3092,51.2245,73.5337
126.505,23.2173,51.5993,74.8165
126.525,22.7915,51.0978,73.8892
126.545,21.9692,51.3795,73.3487
126.565,22.0674,51.2732,73.3406
126.585,22.0676,50.7648,72.8325
126.605,21.925,51.2927,73.2177
126.625,22.1542,51.3704,73.5246
126.645,23.0897,50.7115,73.8012
126.665,22.6522,50.5834,73.2356
126.685,21.58,51.4336,73.0137
126.705,22.012,51.406,73.418
126.725,21.1448,50.9059,72.0508
126.745,21.981,51.1837,73.1647
126.765,20.9921,50.2748,71.2669
126.785,22.1641,50.5493,72.7134
126.805,21.5406,50.6449,72.1856
126.825,22.3055,51.3683,73.6738
126.845,21.6398,50.2854,71.9252
126.865,21.7661,50.3523,72.1183
126.885,20.9837,50.7877,71.7714
126.905,21.6601,50.5378,72.1979
126.925,21.3861,51.2796,72.6657
126.945,21.9246,50.5965,72.5211
126.965,22.295,50.826,73.121
126.985,21.0434,50.5702,71.6136
127.005,20.9925,50.4207,71.4132
127.025,20.9906,50.2784,71.269
127.045,21.9187,50.6878,72.6064
127.065,21.0036,50.9475,71.9511
127.085,20.3663,50.6798,71.0461
127.105,21.5376,50.4122,71.9498
127.125,21.3363,50.0405,71.3768
127.145,20.6425,50.0929,70.7354
127.165,21.4101,49.8079,71.2179
127.185,22.0756,49.4645,71.5401
127.205,21.119,49.8985,71.0176
127.225,21.6242,50.0531,71.6772
127.245,20.9492,49.0925,70.0418
127.265,20.6449,49.4947,70.1396
127.285,20.0624,49.616,69.6784
127.305,20.7371,49.645,70.3821
127.325,20.5777,49.3056,69.8833
127.345,20.5465,49.689,70.2355
127.365,21.511,49.5188,71.0298
127.385,20.9416,49.5941,70.5357
127.405,21.2894,49.0976,70.3869
127.425,20.1601,48.5583,68.7184
127.445,21.672,49.066,70.738
127.465,20.4906,48.8085,69.2991
127.485,20.2195,48.8693,69.0888
127.505,20.0869,48.7751,68.862
127.525,20.7508,49.0776,69.8284
127.545,20.7236,49.2027,69.9263
127.565,21.1075,48.6338,69.7414
127.585,19.8391,48.7152,68.5544
127.605,21.173,48.7643,69.9373
127.625,20.2787,49.3878,69.6665
127.645,20.607,48.8806,69.4876
127.665,19.6808,48.5512,68.232
127.685,20.2772,49.087,69.3642
127.705,19.8572,48.6558,68.513
127.725,19.742,48.4744,68.2164
127.745,20.2519,48.3066,68.5585
127.765,20.9789,48.2022,69.1811
127.785,19.6299,48.4201,68.0499
127.805,19.1783,47.9772,67.1555
127.825,19.9187,48.2228,68.1415
127.845,19.9362,48.1388,68.075
127.865,20.2276,47.998,68.2256
127.885,19.7754,48.3816,68.157
127.905,20.7283,47.802,68.5303
127.925,19.8161,47.7473,67.5634
127.945,19.7132,47.9174,67.6307
127.965,19.7166,47.2474,66.9641
127.985,19.7564,48.3595,68.1159
128.005,19.5003,47.9336,67.4339
128.025,19.7348,47.7054,67.4402
128.045,19.4827,48.1238,67.6064
128.065,19.0662,47.8277,66.8939
128.085,20.7898,48.0729,68.8627
128.105,20.0589,47.5576,67.6165
128.125,19.5128,47.5712,67.084
128.145,19.6264,47.5151,67.1416
128.165,19.7331,47.2851,67.0182
128.185,20.748,46.9538,67.7018
128.205,19.543,47.6071,67.1501
128.225,19.9079,47.6025,67.5104
128.245,20.5042,47.0124,67.5166
128.265,19.2733,47.0195,66.2928
128.285,19.622,47.5691,67.1911
128.305,20.5677,47.2349,67.8026
128.325,19.2128,47.4754,66.6882
128.345,20.3759,47.1023,67.4781
128.365,19.1866,47.3002,66.4867
128.385,19.1582,47.1102,66.2684
128.405,18.9592,46.8701,65.8293
128.425,19.5442,47.2206,66.7648
128.445,19.5122,47.3728,66.8851
128.465,18.7014,46.9238,65.6252
128.485,19.3608,46.5669,65.9277
128.505,19.2081,46.9959,66.204
128.525,18.3489,46.8213,65.1703
128.545,19.3962,46.8376,66.2338
128.565,19.4399,46.5578,65.9977
128.585,19.5779,46.6754,66.2533
128.605,18.8948,46.9,65.7948
128.625,19.2818,46.1241,65.4059
128.645,18.4947,46.0488,64.5435
128.665,18.6302,45.8718,64.5021
128.685,19.1167,46.6611,65.7778
128.705,18.9179,46.3443,65.2622
128.725,19.0973,46.0748,65.1721
128.745,18.5955,45.3257,63.9213
128.765,18.1711,45.7219,63.893
128.785,18.1076,45.7477,63.8553
128.805,19.2218,45.4994,64.7212
128.825,18.4552,46.0494,64.5046
128.845,19.4522,45.8723,65.3245
128.865,18.8659,46.0084,64.8743
128.885,18.9796,45.674,64.6536
128.905,18.6333,45.6909,64.3242
128.925,18.6656,45.5335,64.1991
128.945,19.0464,46.3531,65.3995
128.965,18.0242,45.8832,63.9074
128.985,18.6815,45.5638,64.2452
129.005,18.9121,45.6504,64.5625
129.025,17.7429,45.3329,63.0757
129.045,17.5627,45.6186,63.1814
129.065,17.7991,45.0929,62.892
129.085,17.7671,45.0049,62.772
129.105,18.4344,45.4661,63.9005
129.125,18.4862,45.0233,63.5095
129.145,17.9999,45.2101,63.2101
129.165,18.64,45.4371,64.0771
129.185,18.0113,44.9551,62.9664
129.205,19.1126,45.0216,64.1343
129.225,18.2048,44.8429,63.0477
129.245,17.5987,45.0865,62.6852
129.265,18.2459,45.1407,63.3866
129.285,18.026,45.4411,63.4671
129.305,18.4344,44.5739,63.0083
129.325,17.8297,44.635,62.4647
129.345,17.51,43.9833,61.4933
129.365,17.2539,44.5609,61.8148
129.385,18.1717,45.3761,63.5478
129.405,17.2489,44.4239,61.6728
129.425,17.414,44.5201,61.9341
129.445,17.5763,44.5734,62.1497
129.465,18.1231,44.3835,62.5066
129.485,17.5125,44.2427,61.7553
129.505,17.1507,44.2458,61.3965
129.525,17.8449,44.3071,62.152
129.545,16.9375,44.1377,61.0752
129.565,17.7954,43.6436,61.439
129.585,17.3623,44.0152,61.3775
129.605,17.3615,44.4153,61.7768
129.625,17.3741,43.7229,61.097
129.645,16.4704,43.8504,60.3208
129.665,17.137,44.1868,61.3237
129.685,17.5167,43.9413,61.458
129.705,17.6423,43.5307,61.1729
129.725,16.916,43.3808,60.2968
129.745,17.6002,43.7769,61.3771
129.765,17.4444,43.4902,60.9346
129.785,16.6519,43.4667,60.1186
129.805,17.069,43.234,60.303
129.825,17.1003,43.6716,60.7719
129.845,17.3762,43.4515,60.8278
129.865,16.2636,43.1258,59.3894
129.885,17.1894,43.1415,60.3309
129.905,17.4398,43.0343,60.4741
129.925,17.1184,43.2786,60.397
129.945,16.7266,43.0469,59.7735
129.965,16.8254,42.9975,59.8228
129.985,17.1802,42.8298,60.01
130.005,16.7387,43.0119,59.7506
130.025,16.6883,42.9523,59.6405
130.045,17.5013,42.2512,59.7525
130.065,16.8418,42.7329,59.5747
130.085,16.6088,42.6059,59.2147
130.105,17.334,42.7436,60.0776
130.125,16.9905,42.9381,59.9286
130.145,17.1092,42.1921,59.3014
130.165,15.9146,42.4564,58.371
130.185,16.2318,42.6433,58.8751
130.205,16.8603,42.3176,59.1779
130.225,15.9322,42.641,58.5732
130.245,15.9435,41.8336,57.7771
130.265,16.5489,41.8731,58.4219
130.285,17.283,42.4638,59.7468
130.305,16.0552,42.4903,58.5455
130.325,16.4557,42.0423,58.498
130.345,16.4866,42.2086,58.6952
130.365,16.8819,42.4189,59.3009
130.385,15.957,42.2625,58.2195
130.405,16.5295,41.8575,58.387
130.425,15.6796,41.9957,57.6752
130.445,16.1958,41.6714,57.8672
130.465,15.9598,41.7166,57.6763
130.485,16.2955,41.625,57.9204
130.505,15.588,41.7621,57.3501
130.525,16.4697,41.5941,58.0638
130.545,16.2928,41.2595,57.5524
130.565,15.825,41.1733,56.9982
130.585,16.0175,40.9741,56.9916
130.605,15.7701,41.2468,57.0169
130.625,16.0057,41.476,57.4817
130.645,16.395,40.8001,57.1951
130.665,15.874,40.8432,56.7173
130.685,15.9303,41.3308,57.2611
130.705,16.072,40.7534,56.8254
130.725,15.9987,41.1445,57.1433
130.745,15.9473,41.2254,57.1728
130.765,15.2972,41.2791,56.5763
130.785,15.7141,40.9895,56.7036
130.805,15.7538,40.6617,56.4154
130.825,15.2458,41.1043,56.3501
130.845,15.4875,40.5947,56.0823
130.865,15.605,40.3874,55.9924
130.885,15.636,40.7075,56.3436
130.905,15.6347,40.9362,56.5709
130.925,15.3468,40.4783,55.8251
130.945,14.9295,40.4936,55.423
130.965,15.5236,40.5566,56.0802
130.985,14.8128,40.4224,55.2352
131.005,15.9293,40.2477,56.177
131.025,15.1113,40.5416,55.6529
131.045,15.2691,40.5776,55.8467
131.065,15.7467,40.2238,55.9705
131.085,15.1883,39.7803,54.9686
131.105,14.8839,39.3916,54.2756
131.125,15.2858,39.9979,55.2837
131.145,14.9446,39.6982,54.6428
131.165,15.3699,39.3878,54.7577
131.185,14.9805,39.5165,54.497
131.205,15.3982,40.0336,55.4318
131.225,14.8911,39.1406,54.0317
131.245,15.1421,39.4082,54.5503
131.265,15.6702,39.6216,55.2919
131.285,14.9043,39.7432,54.6474
131.305,14.8925,39.7935,54.686
131.325,14.1613,39.2441,53.4054
131.345,14.4792,39.8213,54.3006
131.365,15.1363,39.5934,54.7297
131.385,14.5075,39.5184,54.0259
131.405,14.5772,38.8418,53.419
131.425,14.787,39.3804,54.1675
131.445,14.4987,38.8674,53.3661
131.465,14.7381,38.7455,53.4836
131.485,14.2516,39.2518,53.5035
131.505,14.3759,38.6793,53.0552
131.525,13.9125,38.929,52.8415
131.545,13.6243,38.4528,52.0771
131.565,14.7017,39.6016,54.3033
131.585,13.5819,38.5016,52.0835
131.605,14.3059,38.3914,52.6974
131.625,14.6725,38.4961,53.1686
131.645,14.4854,38.5344,53.0198
131.665,13.8921,38.4657,52.3578
131.685,13.1327,37.9393,51.072
131.705,14.1099,38.6362,52.7461
131.725,13.7569,38.0731,51.83
131.745,13.9252,38.4193,52.3446
131.765,13.7441,38.2234,51.9676
131.785,14.2356,38.0949,52.3305
131.805,13.6804,38.2942,51.9746
131.825,13.4769,37.4916,50.9685
131.845,13.6189,37.952,51.571
131.865,13.4959,37.9347,51.4305
131.885,13.98,38.0785,52.0585
131.905,13.5493,37.4785,51.0277
131.925,13.6678,37.5498,51.2176
131.945,13.5231,37.5065,51.0296
131.965,12.8902,37.5349,50.4252
131.985,13.8063,37.3461,51.1524
132.005,13.163,37.0287,50.1917
132.025,13.3837,37.8765,51.2602
132.045,13.0961,37.4395,50.5356
132.065,13.3322,37.0196,50.3519
132.085,13.1792,37.7103,50.8895
132.105,12.7003,37.4216,50.122
132.125,13.2272,37.0879,50.3151
132.145,13.425,37.0645,50.4895
132.165,12.8247,36.8181,49.6428
132.185,13.231,36.9776,50.2086
132.205,13.143,36.7133,49.8563
132.225,13.3826,37.1535,50.5362
132.245,12.5852,36.6231,49.2083
132.265,12.8987,36.8316,49.7303
132.285,13.0636,36.3455,49.4091
132.305,12.2252,36.8631,49.0883
132.325,12.777,36.5146,49.2915
132.345,12.4668,36.8358,49.3026
132.365,12.6028,36.1226,48.7255
132.385,12.8738,36.3753,49.249
132.405,12.3524,36.3911,48.7435
132.425,12.4757,36.7617,49.2374
132.445,12.8584,35.8119,48.6703
132.465,12.9918,35.9868,48.9786
132.485,12.6445,35.9805,48.625
132.505,12.6019,36.4055,49.0073
132.525,12.5016,36.1859,48.6875
132.545,12.5867,35.8986,48.4853
132.565,12.2834,35.5419,47.8252
132.585,12.8628,35.5019,48.3647
132.605,12.3575,35.5886,47.9461
132.625,12.2192,35.7542,47.9734
132.645,12.1151,36.005,48.1201
132.665,12.1216,35.7086,47.8302
132.685,12.1705,35.6366,47.807
132.705,11.4888,35.63,47.1188
132.725,12.4382,35.2536,47.6918
132.745,12.2545,34.9805,47.2349
132.765,12.0906,35.4059,47.4965
132.785,11.6347,35.0779,46.7127
132.805,11.7,34.9097,46.6097
132.825,12.2827,35.388,47.6707
132.845,11.8506,35.1546,47.0052
132.865,11.8642,34.619,46.4833
132.885,12.2336,34.9559,47.1895
132.905,11.9423,34.8748,46.8171
132.925,11.8773,34.9522,46.8295
132.945,11.6362,34.6147,46.2509
132.965,11.6321,34.4095,46.0415
132.985,11.2766,34.7478,46.0244
133.005,11.8296,34.6656,46.4953
133.025,11.4582,34.3834,45.8416
133.045,11.3373,34.3438,45.6811
133.065,11.2441,34.3046,45.5487
133.085,11.3486,34.4923,45.8409
133.105,10.9707,34.5253,45.4961
133.125,10.5116,34.0923,44.6039
133.145,11.1891,33.8004,44.9894
133.165,10.9054,33.9165,44.8219
133.185,10.6217,34.4226,45.0444
133.205,11.1613,33.7275,44.8888
133.225,11.249,33.7637,45.0127
133.245,11.4323,34.0297,45.4621
133.265,11.1769,34.2433,45.4203
133.285,10.3676,33.7442,44.1119
133.305,10.7625,33.8057,44.5682
133.325,11.1797,33.504,44.6837
133.345,10.5212,33.557,44.0782
133.365,10.4592,33.2282,43.6873
133.385,10.9604,33.5487,44.5092
133.405,10.4323,33.3088,43.7411
133.425,10.6125,33.4688,44.0813
133.445,10.6832,32.9481,43.6313
133.465,10.2274,33.2019,43.4293
133.485,10.6835,32.8935,43.5771
133.505,10.8149,33.2007,44.0156
133.525,10.4172,33.2719,43.689
133.545,10.0446,32.7706,42.8152
133.565,10.4639,32.8353,43.2992
133.585,10.2643,32.9859,43.2502
133.605,10.3141,32.5761,42.8902
133.625,10.3712,32.6236,42.9948
133.645,10.3133,32.4223,42.7355
133.665,10.4055,32.6547,43.0602
133.685,10.3031,32.6819,42.985
133.705,9.86155,32.6151,42.4767
133.725,10.4754,32.0311,42.5065
133.745,10.266,32.4283,42.6942
133.765,9.69667,32.209,41.9057
133.785,10.0033,32.1228,42.1262
133.805,9.46007,32.4016,41.8617
133.825,10.3277,31.8464,42.1741
133.845,9.98873,31.7934,41.7821
133.865,9.67807,31.4171,41.0952
133.885,9.51363,31.5365,41.0502
133.905,9.62631,31.562,41.1883
133.925,9.34527,31.6437,40.989
133.945,10.007,31.6903,41.6973
133.965,9.56601,31.7292,41.2952
133.985,9.61987,31.4597,41.0795
134.005,8.96053,31.5576,40.5181
134.025,8.93194,31.1303,40.0622
134.045,8.84661,31.2664,40.113
134.065,9.30479,31.3131,40.6179
134.085,9.18371,31.0798,40.2635
134.105,9.25512,30.856,40.1111
134.125,8.7354,31.1472,39.8826
134.145,9.26063,30.8027,40.0633
134.165,9.16198,30.7257,39.8877
134.185,9.20403,30.8522,40.0562
134.205,8.97363,30.6398,39.6134
134.225,9.34965,30.589,39.9386
134.245,8.26366,30.7783,39.0419
134.265,8.68606,30.576,39.2621
134.285,8.93279,30.6966,39.6294
134.305,8.72702,30.3931,39.1201
134.325,8.59017,30.2612,38.8513
134.345,8.7838,30.8494,39.6332
134.365,8.41382,29.8922,38.306
134.385,8.25268,30.3246,38.5772
134.405,8.62882,30.2588,38.8876
134.425,8.45372,29.7746,38.2284
134.445,8.10801,30.0366,38.1446
134.465,8.21219,30,38.2122
134.485,8.31238,29.9721,38.2845
134.505,7.93715,29.7522,37.6893
134.525,8.60067,29.6213,38.222
134.545,8.1268,29.718,37.8448
134.565,7.83204,29.4209,37.253
134.585,7.94924,29.6852,37.6345
134.605,8.01578,29.5594,37.5751
134.625,7.65408,28.9304,36.5845
134.645,7.97316,28.8559,36.8291
134.665,7.8717,29.2069,37.0786
134.685,7.75077,29.0963,36.847
134.705,8.02376,29.1054,37.1292
134.725,7.78359,28.5885,36.3721
134.745,7.41561,28.6356,36.0512
134.765,7.30999,28.8226,36.1326
134.785,7.74206,28.4391,36.1811
134.805,7.08638,28.3037,35.3901
134.825,7.08244,28.1676,35.25
134.845,7.42793,28.4193,35.8472
134.865,7.18051,28.2263,35.4068
134.885,7.29145,28.1575,35.4489
134.905,7.06134,28.1621,35.2235
134.925,7.00438,28.0176,35.022
134.945,7.35779,28.0372,35.395
134.965,7.66849,27.8971,35.5656
134.985,7.23859,28.0232,35.2618
135.005,7.12128,27.573,34.6942
135.025,6.69723,27.4506,34.1479
135.045,6.5713,27.5805,34.1518
135.065,6.44647,28.0524,34.4989
135.085,6.50135,27.5319,34.0332
135.105,6.8865,27.413,34.2995
135.125,6.86543,27.3827,34.2482
135.145,6.79218,27.078,33.8702
135.165,6.84026,27.3827,34.223
135.185,6.62315,27.0783,33.7014
135.205,6.46464,26.8727,33.3373
135.225,6.24179,26.8052,33.047
135.245,5.80694,26.939,32.746
135.265,6.45804,26.7433,33.2014
135.285,6.25771,27.2293,33.4871
135.305,6.45217,26.5602,33.0123
135.325,6.23331,26.5755,32.8088
135.345,6.10479,26.5735,32.6783
135.365,5.99527,26.2793,32.2746
135.385,5.84977,26.573,32.4227
135.405,6.40084,26.7338,33.1346
135.425,6.21649,26.1765,32.393
135.445,5.74569,26.0883,31.8339
135.465,5.56644,26.2361,31.8025
135.485,5.73868,26.283,32.0217
135.505,5.79982,25.8602,31.66
135.525,5.64514,25.6566,31.3018
135.545,5.26083,25.9262,31.1871
135.565,5.55332,25.9944,31.5477
135.585,5.56084,25.4718,31.0327
135.605,5.1967,25.8068,31.0035
135.625,5.46949,25.6661,31.1356
135.645,5.37884,25.6684,31.0472
135.665,5.42605,25.5667,30.9927
135.685,5.11754,25.6907,30.8082
135.705,5.23467,25.2839,30.5185
135.725,5.57489,25.4597,31.0346
135.745,5.07292,25.0772,30.1501
135.765,5.0516,24.942,29.9936
135.785,4.83254,24.7359,29.5684
135.805,4.91746,24.729,29.6464
135.825,5.09618,24.5725,29.6687
135.845,5.12239,24.7242,29.8466
135.865,5.03691,24.6118,29.6487
135.885,4.8545,24.756,29.6105
135.905,4.87967,24.549,29.4286
135.925,4.7278,24.3805,29.1083
135.945,4.46893,24.131,28.5999
135.965,4.44852,24.4277,28.8762
135.985,4.80333,24.4195,29.2228
136.005,4.81778,24.0971,28.9149
136.025,4.42573,23.8718,28.2976
136.045,4.57166,23.6363,28.2079
136.065,3.93635,24.1413,28.0776
136.085,4.0583,23.4301,27.4884
136.105,4.12449,23.6642,27.7887
136.125,4.24515,23.7501,27.9952
136.145,4.16248,23.3658,27.5282
136.165,3.64563,23.415,27.0606
136.185,4.07009,23.1513,27.2214
136.205,4.16721,23.2924,27.4597
136.225,3.98309,23.0921,27.0752
136.245,3.74453,23.3099,27.0545
136.265,3.79647,22.9558,26.7523
136.285,3.62577,22.9786,26.6044
136.305,3.93232,22.9798,26.9121
136.325,4.09754,22.8487,26.9462
136.345,3.58404,22.6514,26.2355
136.365,3.67558,22.5241,26.1996
136.385,3.6644,22.659,26.3234
136.405,3.53822,22.4642,26.0024
136.425,3.26362,22.4694,25.733
136.445,3.44544,22.4503,25.8957
136.465,3.40733,22.2182,25.6255
136.485,3.22256,22.0255,25.2481
136.505,3.42228,21.8256,25.2479
136.525,3.33054,21.9419,25.2725
136.545,3.36379,21.939,25.3028
136.565,3.62415,21.8119,25.4361
136.585,2.8072,21.6878,24.495
136.605,3.29275,21.8059,25.0986
136.625,3.17324,21.5329,24.7061
136.645,3.31167,21.3966,24.7083
136.665,3.11934,21.5206,24.64
136.685,3.19629,21.1334,24.3297
136.705,3.12943,21.4498,24.5793
136.725,3.04161,21.2405,24.2821
136.745,2.7768,21.3038,24.0806
136.765,2.88892,21.6366,24.5256
136.785,2.90023,21.2969,24.1971
136.805,3.27592,21.2539,24.5298
136.825,3.04919,20.8975,23.9467
136.845,2.72917,21.0903,23.8195
136.865,2.71149,20.6882,23.3997
136.885,2.78447,20.8505,23.635
136.905,2.74973,20.7765,23.5262
136.925,2.88673,20.5186,23.4053
136.945,2.82158,20.8244,23.646
136.965,2.56364,20.5562,23.1198
136.985,3.02811,20.2094,23.2375
137.005,2.65921,20.4261,23.0853
137.025,2.49407,20.2917,22.7858
137.045,2.53238,19.8586,22.391
137.065,2.81106,20.163,22.9741
137.085,2.55398,20.2196,22.7735
137.105,2.58589,19.8978,22.4837
137.125,2.59575,19.8005,22.3962
137.145,2.42291,20.0103,22.4332
137.165,2.49222,19.8704,22.3627
137.185,2.3802,19.5178,21.898
137.205,2.27903,19.5464,21.8254
137.225,2.69713,19.5892,22.2863
137.245,2.37847,19.4226,21.8011
137.265,2.25652,19.5927,21.8493
137.285,2.1261,19.3353,21.4614
137.305,2.29812,19.4189,21.717
137.325,2.09109,18.945,21.0361
137.345,2.25249,18.9319,21.1844
137.365,2.34897,18.9215,21.2704
137.385,2.31288,18.9692,21.2821
137.405,2.27142,18.9183,21.1897
137.425,2.52683,18.73,21.2569
137.445,2.24662,18.6405,20.8871
137.465,2.28936,18.7022,20.9915
137.485,2.15393,18.6364,20.7904
137.505,2.35424,18.5708,20.9251
137.525,1.9064,18.3294,20.2358
137.545,2.12494,18.4457,20.5706
137.565,2.04846,18.2388,20.2872
137.585,1.90188,18.2833,20.1852
137.605,1.84144,18.2,20.0414
137.625,1.88071,17.9598,19.8405
137.645,2.07657,17.877,19.9536
137.665,1.95459,17.7385,19.6931
137.685,1.96689,18.0114,19.9783
137.705,1.60957,17.8447,19.4543
137.725,2.02271,17.8142,19.8369
137.745,1.85032,17.7278,19.5781
137.765,1.78729,17.7337,19.521
137.785,1.94024,17.5503,19.4906
137.805,1.71199,17.3749,19.0869
137.825,1.79152,17.3213,19.1128
137.845,1.74096,17.2113,18.9522
137.865,1.75593,17.2207,18.9766
137.885,1.75881,17.3172,19.076
137.905,1.74213,17.0508,18.7929
137.925,1.61623,17.2552,18.8714
137.945,1.98592,16.8823,18.8683
137.965,1.90456,16.7548,18.6594
137.985,1.57702,16.7265,18.3035
138.005,1.67396,16.5686,18.2425
138.025,1.59296,16.6597,18.2526
138.045,1.60252,16.5483,18.1508
138.065,1.49182,16.4862,17.978
138.085,1.61029,16.6444,18.2546
138.105,1.6998,16.0477,17.7475
138.125,1.58228,16.1535,17.7358
138.145,1.4663,16.1582,17.6245
138.165,1.23747,15.8482,17.0857
138.185,1.49137,15.7975,17.2889
138.205,1.49842,15.9838,17.4823
138.225,1.42223,15.9062,17.3285
138.245,1.39508,15.8553,17.2504
138.265,1.43515,15.6561,17.0912
138.285,1.52628,15.5948,17.1211
138.305,1.45071,15.2871,16.7378
138.325,1.07586,15.5459,16.6217
138.345,1.34522,15.3925,16.7377
138.365,1.27213,15.347,16.6191
138.385,1.47554,15.4858,16.9613
138.405,1.29287,15.4899,16.7827
138.425,1.44102,15.3944,16.8355
138.445,1.20496,15.3246,16.5296
138.465,1.21408,15.1911,16.4051
138.485,1.39567,15.0958,16.4914
138.505,1.29021,15.1523,16.4425
138.525,0.943772,14.9565,15.9003
138.545,1.02772,14.9799,16.0076
138.565,1.29596,14.876,16.1719
138.585,1.10524,14.6767,15.782
138.605,1.33578,14.5212,15.857
138.625,1.30618,14.6305,15.9366
138.645,1.0732,14.3564,15.4296
138.665,0.95048,14.4535,15.404
138.685,1.11621,14.3271,15.4433
138.705,0.864979,14.4417,15.3067
138.725,1.0309,14.2552,15.2861
138.745,0.919239,14.0591,14.9784
138.765,1.14437,13.849,14.9934
138.785,0.894281,13.8428,14.7371
138.805,1.0869,13.7944,14.8813
138.825,0.963568,13.7958,14.7594
138.845,0.934345,13.8203,14.7546
138.865,1.06831,13.5669,14.6352
138.885,1.11477,13.6425,14.7573
138.905,0.927535,13.4115,14.339
138.925,0.798725,13.4843,14.2831
138.945,1.11847,13.5656,14.684
138.965,0.912483,13.3496,14.2621
138.985,0.957096,13.1744,14.1315
139.005,1.00858,13.2677,14.2762
139.025,0.880103,12.9745,13.8546
139.045,1.0783,13.0594,14.1377
139.065,0.743966,13.0407,13.7847
139.085,0.809425,12.9464,13.7559
139.105,0.617004,12.9984,13.6154
139.125,0.774375,12.8197,13.594
139.145,0.69839,12.8416,13.54
139.165,0.872011,12.5929,13.4649
139.185,0.755941,12.4126,13.1686
139.205,0.871774,12.4688,13.3406
139.225,0.656038,12.3096,12.9656
139.245,0.733276,12.4839,13.2172
139.265,0.626024,12.1765,12.8025
139.285,0.572461,12.175,12.7475
139.305,0.614649,12.2807,12.8954
139.325,0.677636,12.0781,12.7558
139.345,0.672539,11.9203,12.5929
139.365,0.54886,11.8888,12.4377
139.385,0.559302,11.9544,12.5137
139.405,0.633381,11.7526,12.386
139.425,0.5994,11.5889,12.1883
139.445,0.726968,11.8436,12.5706
139.465,0.522404,11.5066,12.029
139.485,0.69921,11.5077,12.2069
139.505,0.724194,11.5223,12.2465
139.525,0.5346,11.6377,12.1723
139.545,0.582413,11.3888,11.9713
139.565,0.457898,11.1851,11.643
139.585,0.876346,11.264,12.1404
139.605,0.347758,11.1539,11.5017
139.625,0.581802,11.2269,11.8087
139.645,0.479419,11.1011,11.5806
139.665,0.570341,11.0337,11.604
139.685,0.451176,11.0521,11.5032
139.705,0.345628,11.1176,11.4633
139.725,0.605851,10.8355,11.4414
139.745,0.482552,10.9515,11.4341
139.765,0.518535,10.6557,11.1743
139.785,0.485492,10.6636,11.1491
139.805,0.500805,10.6515,11.1523
139.825,0.303348,10.5493,10.8527
139.845,0.470207,10.4764,10.9466
139.865,0.568041,10.3292,10.8973
139.885,0.276064,10.5552,10.8312
139.905,0.382752,10.1341,10.5168
139.925,0.506037,10.2069,10.7129
139.945,0.378327,10.3248,10.7031
139.965,0.329369,10.0188,10.3482
139.985,0.394825,10.0705,10.4653
140.005,0.283816,9.78237,10.0662
140.025,0.32494,9.7446,10.0695
140.045,0.390215,9.98686,10.3771
140.065,0.345633,9.75031,10.0959
140.085,0.410131,9.7823,10.1924
140.105,0.308562,9.72885,10.0374
140.125,0.328815,9.61326,9.94208
140.145,0.346345,9.44383,9.79018
140.165,0.411777,9.36073,9.77251
140.185,0.42452,9.4288,9.85332
140.205,0.347112,9.37866,9.72577
140.225,0.330719,9.17285,9.50357
140.245,0.273834,9.0667,9.34054
140.265,0.211942,9.10498,9.31692
140.285,0.408171,9.18048,9.58865
140.305,0.347879,8.8785,9.22638
140.325,0.281683,8.99892,9.2806
140.345,0.265913,8.75887,9.02478
140.365,0.231339,8.76955,9.00089
140.385,0.310853,8.93107,9.24193
140.405,0.217919,8.82082,9.03874
140.425,0.285289,8.66695,8.95223
140.445,0.347991,8.62553,8.97352
140.465,0.272756,8.46988,8.74264
140.485,0.339763,8.49488,8.83464
140.505,0.208108,8.56009,8.7682
140.525,0.165308,8.51346,8.67877
140.545,0.216681,8.45736,8.67404
140.565,0.201492,8.19745,8.39895
140.585,0.140555,8.26676,8.40732
140.605,0.216479,8.14382,8.3603
140.625,0.288609,8.16149,8.4501
140.645,0.206107,8.05191,8.25802
140.665,0.238032,7.91979,8.15782
140.685,0.163519,7.86853,8.03205
140.705,0.261551,7.61793,7.87949
140.725,0.313981,7.74884,8.06282
140.745,0.0891957,7.64369,7.73289
140.765,0.226761,7.6815,7.90826
140.785,0.248037,7.47973,7.72777
140.805,0.201258,7.35855,7.55981
140.825,0.144378,7.31089,7.45527
140.845,0.154204,7.38505,7.53925
140.865,0.145655,7.28664,7.4323
140.885,0.160864,7.28554,7.44641
140.905,0.144887,7.29032,7.43521
140.925,0.0889191,7.25102,7.33993
140.945,0.198919,7.25297,7.45189
140.965,0.0967134,7.21598,7.31269
140.985,0.0383034,7.07371,7.11202
141.005,0.246714,7.01446,7.26117
141.025,0.120464,7.0975,7.21796
141.045,0.150445,6.99552,7.14597
141.065,0.147877,6.85647,7.00435
141.085,0.0698142,6.74456,6.81438
141.105,0.14595,6.68047,6.82642
141.125,0.119311,6.59036,6.70967
141.145,0.118223,6.61135,6.72957
141.165,0.104202,6.60624,6.71044
141.185,0.0903451,6.64688,6.73722
141.205,0.190962,6.51355,6.70451
141.225,0.16404,6.46382,6.62786
141.245,0.115383,6.40567,6.52105
141.265,0.120228,6.21128,6.33151
141.285,0.108336,6.35483,6.46317
141.305,0.119849,6.08928,6.20913
141.325,0.107479,6.29948,6.40696
141.345,0.0404734,6.05268,6.09315
141.365,0.108701,6.08137,6.19007
141.385,0.164985,6.03516,6.20015
141.405,0.0347755,5.98121,6.01599
141.425,0.113835,5.82852,5.94235
141.445,0.0590169,5.93447,5.99349
141.465,0.111376,5.77199,5.88336
141.485,0.0414459,5.76195,5.80339
141.505,0.123111,5.7647,5.88781
141.525,-0.00980936,5.74706,5.73725
141.545,0.0409321,5.71475,5.75568
141.565,0.0212677,5.54543,5.5667
141.585,0.0573993,5.52071,5.57811
141.605,0.0647551,5.48377,5.54852
141.625,0.0806575,5.50305,5.58371
141.645,0.0786765,5.4383,5.51698
141.665,0.0468867,5.3551,5.40199
141.685,0.0520471,5.42139,5.47343
141.705,0.0611551,5.39485,5.45601
141.725,0.0635428,5.52765,5.59119
141.745,0.101363,5.3224,5.42376
141.765,0.0439249,5.19103,5.23496
141.785,0.0230612,4.97607,4.99913
141.805,-0.0102011,5.16595,5.15575
141.825,0.0296805,4.98281,5.01249
141.845,0.0206322,4.93639,4.95702
141.865,0.0164711,4.85531,4.87178
141.885,0.0919927,4.82641,4.91841
141.905,0.0346759,4.80174,4.83642
141.925,0.0207235,4.80595,4.82668
141.945,-0.0121528,4.61467,4.60252
141.965,0.03606,4.65548,4.69154
141.985,0.0459955,4.59911,4.64511
142.005,0.0529467,4.4792,4.53214
142.025,0.00978336,4.60792,4.6177
142.045,0.0173912,4.54754,4.56493
142.065,0.0125201,4.50247,4.51499
142.085,0.0353606,4.39942,4.43478
142.105,0.0200376,4.19121,4.21125
142.125,0.0575489,4.23682,4.29437
142.145,0.0285319,4.14989,4.17842
142.165,0.00314626,4.10118,4.10433
142.185,0.0711992,4.13326,4.20446
142.205,-0.00833038,4.04525,4.03692
142.225,0.0225634,4.06371,4.08627
142.245,0.0717211,4.01205,4.08377
142.265,0.00422832,3.97459,3.97881
142.285,0.0265044,3.90561,3.93211
142.305,0.0525944,3.87621,3.9288
142.325,0.00912089,3.90377,3.9129
142.345,0.00430513,3.79193,3.79623
142.365,0.0107953,3.71651,3.7273
142.385,0.00463181,3.66662,3.67126
142.405,-0.0243517,3.74493,3.72058
142.425,0.0426187,3.63986,3.68248
142.445,0.0214313,3.59667,3.6181
142.465,0.0102769,3.43888,3.44916
142.485,0.00981057,3.50709,3.5169
142.505,0.00914155,3.37494,3.38408
142.525,0.0224815,3.43235,3.45483
142.545,0.0169421,3.37402,3.39096
142.565,0.011183,3.40435,3.41553
142.585,0.0017136,3.26391,3.26562
142.605,0.0122443,3.31537,3.32761
142.625,-0.032898,3.26134,3.22844
142.645,0.0228029,3.26022,3.28302
142.665,0.0255295,3.19103,3.21656
142.685,0.0256321,3.09041,3.11604
142.705,0.0208609,3.02936,3.05023
142.725,0.0170493,2.97722,2.99427
142.745,0.00139578,2.88002,2.88142
142.765,0.00230164,2.88955,2.89185
142.785,0.00495429,2.8822,2.88715
142.805,0.000637541,2.79691,2.79755
142.825,-0.00351285,2.82939,2.82588
142.845,0.0118571,2.83105,2.8429
142.865,0.00188484,2.80016,2.80204
142.885,0.0142976,2.6995,2.71379
142.905,-0.00528588,2.58493,2.57964
142.925,0.0138656,2.59526,2.60912
142.945,-0.00566451,2.52568,2.52002
142.965,-0.00428308,2.43883,2.43455
142.985,0.00471661,2.42166,2.42637
143.005,-0.00879433,2.43287,2.42408
143.025,0.00874057,2.35843,2.36717
143.045,0.00336852,2.34755,2.35092
143.065,-0.0131333,2.24633,2.2332
143.085,-0.00519279,2.25075,2.24556
143.105,0.00216179,2.21041,2.21257
143.125,-0.00228877,2.19588,2.19359
143.145,0.00549111,2.05366,2.05915
143.165,0.0108007,2.04721,2.05801
143.185,0.0083466,2.07695,2.08529
143.205,0.00157439,2.04872,2.05029
143.225,0.00121498,2.02126,2.02248
143.245,0.00844027,1.92405,1.93249
143.265,0.000248416,1.98184,1.98208
143.285,0.00123538,1.92105,1.92228
143.305,0.00732618,1.95132,1.95864
143.325,0.00767421,1.89183,1.8995
143.345,0.00936759,1.83562,1.84499
143.365,-0.0062685,1.78145,1.77518
143.385,0.000790465,1.77757,1.77836
143.405,0.0246062,1.8101,1.83471
143.425,0.0110408,1.75465,1.76569
143.445,0.0204919,1.6959,1.7164
143.465,-0.00190159,1.66244,1.66054
143.485,0.0120285,1.61065,1.62268
143.505,-0.00437313,1.61569,1.61132
143.525,0.000562519,1.54076,1.54132
143.545,-0.00237786,1.48062,1.47825
143.565,0.000396499,1.46719,1.46759
143.585,0.0110364,1.46489,1.47592
143.605,0.00129373,1.46145,1.46274
143.625,0.00186718,1.41703,1.4189
143.645,0.00561953,1.38187,1.38749
143.665,0.00644289,1.38729,1.39374
143.685,0,1.38278,1.38278
143.705,0,1.32155,1.32155
143.725,0,1.2838,1.2838
143.745,0,1.24854,1.24854
143.765,0,1.20863,1.20863
143.785,0,1.20842,1.20842
143.805,0,1.19015,1.19015
143.825,0,1.26837,1.26837
143.845,0,1.12198,1.12198
143.865,0,1.15059,1.15059
143.885,0,1.15042,1.15042
143.905,0,1.12309,1.12309
143.925,0,1.11266,1.11266
143.945,0,1.11632,1.11632
143.965,0,1.05968,1.05968
143.985,0,1.07259,1.07259
144.005,0,1.02159,1.02159
144.025,0,1.07328,1.07328
144.045,0,0.961211,0.961211
144.065,0,0.910225,0.910225
144.085,0,0.886277,0.886277
144.105,0,0.874427,0.874427
144.125,0,0.854756,0.854756
144.145,0,0.774254,0.774254
144.165,0,0.799346,0.799346
144.185,0,0.812075,0.812075
144.205,0,0.766943,0.766943
144.225,0,0.751256,0.751256
144.245,0,0.708305,0.708305
144.265,0,0.699631,0.699631
144.285,0,0.715006,0.715006
144.305,0,0.6574,0.6574
144.325,0,0.601682,0.601682
144.345,0,0.574817,0.574817
144.365,0,0.546106,0.546106
144.385,0,0.585341,0.585341
144.405,0,0.521677,0.521677
144.425,0,0.507021,0.507021
144.445,0,0.466151,0.466151
144.465,0,0.456106,0.456106
144.485,0,0.46587,0.46587
144.505,0,0.476563,0.476563
144.525,0,0.428591,0.428591
144.545,0,0.390594,0.390594
144.565,0,0.404099,0.404099
144.585,0,0.385359,0.385359
144.605,0,0.334668,0.334668
144.625,0,0.352418,0.352418
144.645,0,0.337825,0.337825
