Time(ns),Ie(fC/ns),Ih(fC/ns),It(fC/ns)
0,500.22,407.347,907.566
0.0001,-406.217,-403.213,-809.43
0.0002,1504.55,1203.26,2707.81
0.0003,-41.9276,-90.9314,-132.859
0.0004,333.505,269.629,603.134
0.0005,-14.4638,-38.6846,-53.1484
0.0006,308.606,246.736,555.341
0.0007,12.2319,-19.5405,-7.30854
0.0008,298.571,243.587,542.158
0.0009,-133.328,-144.8,-278.128
0.001,567.459,508.942,1076.4
0.0011,-200.241,-222.938,-423.179
0.0012,586.985,519.887,1106.87
0.0013,-187.49,-183.519,-371.008
0.0014,496.499,438.161,934.66
0.0015,-106.854,-110.777,-217.632
0.0016,394.051,340.572,734.623
0.0017,-26.4011,-42.9906,-69.3918
0.0018,259.895,194.987,454.882
0.0019,-720.12,-651.706,-1371.83
0.002,1354.94,1071.31,2426.25
0.0021,-1034.8,-834.543,-1869.34
0.0022,1373.94,1084.81,2458.75
0.0023,-1010.59,-822.596,-1833.19
0.0024,1403.26,1101.78,2505.04
0.0025,-1035.57,-846.899,-1882.47
0.0026,1352.55,1081.78,2434.33
0.0027,-1028.85,-824.328,-1853.17
0.0028,1371.64,1094.85,2466.5
0.0029,-1020.3,-834.898,-1855.19
0.003,1370.41,1079.05,2449.47
0.0031,-1024.53,-810.488,-1835.01
0.0032,1337.13,1055.88,2393.01
0.0033,-1006.95,-818.955,-1825.9
0.0034,1335.6,1054.03,2389.63
0.0035,-168.794,-180.165,-348.959
0.0036,115.524,81.9026,197.427
0.0037,-58.3205,-89.6681,-147.989
0.0038,174.9,156.445,331.345
0.0039,107.243,72.5163,179.759
0.004,237.153,209.227,446.381
0.0041,29.0872,20.9939,50.0811
0.0042,240.853,213.862,454.715
0.0043,16.3183,-17.2098,-0.891507
0.0044,223.042,189.644,412.686
0.0045,14.4747,-4.5776,9.89706
0.0046,237.613,205.903,443.516
0.0047,94.6815,43.5,138.182
0.0048,197.188,170.431,367.619
0.0049,12.3278,-22.654,-10.3262
0.005,229.649,212.386,442.034
0.0051,-4.3657,-19.5055,-23.8712
0.0052,306.289,262.838,569.127
0.0053,-11.3577,-32.3161,-43.6739
0.0054,331.325,273.782,605.106
0.0055,0.124321,-4.58426,-4.45994
0.0056,347.237,296.085,643.323
0.0057,-17.7109,-44.3453,-62.0562
0.0058,291.94,260.022,551.962
0.0059,-24.9564,31.3298,6.37334
0.006,185.262,175.634,360.896
0.0061,18.795,11.1087,29.9036
0.0062,196.011,176.67,372.681
0.0063,59.5125,42.6992,102.212
0.0064,328.98,267.658,596.638
0.0065,249.189,191.203,440.392
0.0066,190.951,93.6766,284.628
0.0067,284.923,274.541,559.464
0.0068,34.4803,-23.0506,11.4297
0.0069,186.229,173.296,359.525
0.007,17.2126,6.60202,23.8146
0.0071,381.028,341.741,722.769
0.0072,76.784,70.5763,147.36
0.0073,382.931,386.056,768.987
0.0074,54.2244,51.481,105.705
0.0075,170.042,133.152,303.194
0.0076,-53.016,-33.7909,-86.807
0.0077,273.887,183.096,456.983
0.0078,-7.68232,-13.269,-20.9513
0.0079,287.704,210.626,498.33
0.008,-106.947,-54.4929,-161.44
0.0081,310.459,219.592,530.051
0.0082,8.65583,11.4771,20.133
0.0083,226.224,164.925,391.149
0.0084,-12.1902,9.22507,-2.96513
0.0085,244.695,147.131,391.825
0.0086,74.7898,71.7275,146.517
0.0087,197.792,126.755,324.547
0.0088,52.0955,45.2595,97.355
0.0089,153.313,84.7017,238.015
0.009,18.1845,34.561,52.7455
0.0091,181.846,98.0832,279.929
0.0092,101.582,106.964,208.546
0.0093,191.781,86.1215,277.903
0.0094,-19.3318,-21.0523,-40.3841
0.0095,-998.093,-789.49,-1787.58
0.0096,-428.011,-385.674,-813.686
0.0097,1238.27,1055.47,2293.74
0.0098,-694.082,-618.637,-1312.72
0.0099,933.49,778.158,1711.65
0.01,-482.412,-416.189,-898.6
0.0101,685.759,528.411,1214.17
0.0102001,-328.349,-277.038,-605.388
0.0103003,424.843,347.151,771.994
0.0104005,-501.298,-435.718,-937.016
0.0105009,526.225,482.669,1008.89
0.0106014,-648.837,-545.169,-1194.01
0.0107019,411.719,453.198,864.918
0.0108026,-450.452,-448.847,-899.3
0.0109033,586.831,583.196,1170.03
0.0110041,-425.706,-450.283,-875.988
0.011105,334.341,338.419,672.76
0.011206,-328.556,-355.979,-684.535
0.0113071,951.427,798.253,1749.68
0.0114083,-427.015,-430.72,-857.735
0.0115096,-233.887,-266.112,-500
0.011611,994.847,832.083,1826.93
0.0117124,-863.358,-771.389,-1634.75
0.011814,-131.448,-138.163,-269.611
0.0119156,576.529,502.064,1078.59
0.0120174,-565.065,-535.864,-1100.93
0.0121192,459.212,406.503,865.716
0.0122211,-561.584,-521.446,-1083.03
0.0123231,861.065,721.093,1582.16
0.0124253,-499.235,-471.932,-971.167
0.0125275,-576.036,-555.64,-1131.68
0.0126298,1287.06,1004.62,2291.69
0.0127322,-482.07,-467.516,-949.586
0.0128346,-410.99,-382.853,-793.843
0.0129372,1106.36,884.305,1990.66
0.0130399,-427.49,-423.13,-850.62
0.0131426,-410.771,-366.18,-776.952
0.0132455,1003.65,863.36,1867.01
0.0133485,-719.782,-643.732,-1363.51
0.0134515,-233.907,-250.097,-484.004
0.0135546,1195.73,939.174,2134.9
0.0136579,-487.538,-438.736,-926.275
0.0137612,-358.961,-375.119,-734.081
0.0138646,986.278,848.437,1834.72
0.0139681,-689.04,-599.253,-1288.29
0.0140717,-441.911,-449.842,-891.754
0.0141754,1261.65,972.148,2233.8
0.0142792,-347.474,-351.586,-699.059
0.0143831,-257.782,-281.58,-539.362
0.0144871,885.248,798.777,1684.03
0.0145912,782.144,724.647,1506.79
0.0146954,-451.225,-435.267,-886.491
0.0147996,870.426,820.777,1691.2
0.014904,722.255,746.434,1468.69
0.0150084,607.1,517.552,1124.65
0.015113,631.342,550.422,1181.76
0.0152176,337.96,401.106,739.066
0.0153224,517.719,542.531,1060.25
0.0154272,212.671,426.766,639.437
0.0155322,539.129,654.794,1193.92
0.0156372,136.551,353.972,490.523
0.0157423,350.575,355.627,706.202
0.0158475,97.665,157.789,255.454
0.0159529,-620.932,-478.207,-1099.14
0.0160583,374.275,365.154,739.429
0.0161638,186.523,41.4666,227.989
0.0162694,326.871,275.618,602.489
0.0163751,-654.434,-611.778,-1266.21
0.0164809,481.887,436.985,918.872
0.0165868,751.025,632.91,1383.94
0.0166928,-785.358,-730.766,-1516.12
0.0167988,709.509,713.523,1423.03
0.016905,-314.598,-271.919,-586.517
0.0170113,-409.357,-325.132,-734.488
0.0171177,595.766,408.706,1004.47
0.0172241,-235.279,-243.843,-479.122
0.0173307,609.663,478.948,1088.61
0.0174374,-441.042,-408.811,-849.852
0.0175441,548.154,474.113,1022.27
0.017651,-36.9372,-70.2234,-107.161
0.0177579,593.447,494.626,1088.07
0.017865,-906.805,-753.109,-1659.91
0.0179721,725.592,608.651,1334.24
0.0180794,534.676,465.374,1000.05
0.0181867,-547.157,-502.607,-1049.76
0.0182942,540.487,490.708,1031.19
0.0184017,211.203,141.473,352.676
0.0185094,133.306,110.883,244.189
0.0186171,-698.719,-586.654,-1285.37
0.0187249,369.571,335.033,704.604
0.0188329,288.05,220.531,508.581
0.0189409,353.695,322.757,676.453
0.019049,-725.027,-602.557,-1327.58
0.0191572,373.268,358.355,731.622
0.0192656,572.615,478.714,1051.33
0.019374,-390.994,-372.602,-763.597
0.0194825,423.822,345.791,769.613
0.0195911,319.913,270.786,590.699
0.0196999,-800.083,-652.475,-1452.56
0.0198087,429.871,380.402,810.273
0.0199176,501.761,406.104,907.865
0.0200266,201.679,197.532,399.211
0.0201357,-663.581,-551.536,-1215.12
0.0202449,335.398,288.662,624.06
0.0203543,441.439,398.313,839.752
0.0204637,277.657,273.518,551.175
0.0205732,-722.837,-611.236,-1334.07
0.0206828,-645.806,-610.576,-1256.38
0.0207925,-614.408,-654.396,-1268.8
0.0209023,-768.921,-767.682,-1536.6
0.0210122,-659.813,-679.897,-1339.71
0.0211222,-672.207,-587.686,-1259.89
0.0212323,-543.416,-442.627,-986.043
0.0213426,-777.722,-459.556,-1237.28
0.0214529,-637.941,-388.489,-1026.43
0.0215633,-271.114,-64.43,-335.544
0.0216738,-663.503,-567.022,-1230.53
0.0217844,32.842,-63.0011,-30.1591
0.0218951,-557.18,-509.315,-1066.49
0.0220059,304.951,146.091,451.042
0.0221168,-194.184,-179.067,-373.251
0.0222279,783.864,684.167,1468.03
0.022339,145.335,110.224,255.558
0.0224502,792.505,712.402,1504.91
0.0225615,-573.316,-475.18,-1048.5
0.0226729,892.869,751.48,1644.35
0.0227845,-645.9,-532.201,-1178.1
0.0228961,1039.29,815.646,1854.94
0.0230078,-372.284,-316.856,-689.139
0.0231196,928.723,918.976,1847.7
0.0232316,-491.84,-430.976,-922.816
0.0233436,1018.96,942.188,1961.15
0.0234557,-544.102,-564.491,-1108.59
0.0235679,825.912,800.151,1626.06
0.0236803,-407.387,-462.965,-870.352
0.0237927,987.576,915.348,1902.92
0.0239053,-571.684,-488.927,-1060.61
0.0240179,869.952,762.9,1632.85
0.0241306,-543.56,-573.745,-1117.31
0.0242435,940.46,872.052,1812.51
0.0243564,-629.742,-630.148,-1259.89
0.0244695,866.777,821.977,1688.75
0.0245826,-691.472,-648.086,-1339.56
0.0246959,977.022,874.524,1851.55
0.0248093,-678.314,-670.678,-1348.99
0.0249227,888.086,840.226,1728.31
0.0250363,-611.003,-584.221,-1195.22
0.02515,867.924,821.888,1689.81
0.0252637,-627.387,-594.759,-1222.15
0.0253776,777.378,710.984,1488.36
0.0254916,-603.188,-546.381,-1149.57
0.0256057,773.926,745.316,1519.24
0.0257199,-674.872,-628.778,-1303.65
0.0258341,801.001,748.062,1549.06
0.0259485,-652.223,-605.211,-1257.43
0.026063,896.388,814.713,1711.1
0.0261776,-647.23,-622.619,-1269.85
0.0262923,868.199,806.122,1674.32
0.0264072,-641.865,-620.579,-1262.44
0.0265221,901.885,807.181,1709.07
0.0266371,-729.296,-650.618,-1379.91
0.0267522,909.98,816.985,1726.96
0.0268674,-745.835,-655.032,-1400.87
0.0269828,953.69,810.726,1764.42
0.0270982,-788.266,-694.379,-1482.64
0.0272138,979.878,828.24,1808.12
0.0273294,-766.796,-697.132,-1463.93
0.0274452,961.527,869.159,1830.69
0.027561,-767.926,-688.829,-1456.75
0.027677,915.121,783.862,1698.98
0.0277931,-729.484,-654.299,-1383.78
0.0279092,970.412,855.939,1826.35
0.0280255,-815.305,-721.088,-1536.39
0.0281419,1030.07,889.742,1919.82
0.0282584,-759.387,-708.514,-1467.9
0.028375,937.357,836.994,1774.35
0.0284917,-778.99,-707.58,-1486.57
0.0286085,1021.89,846.051,1867.94
0.0287254,-692.063,-643.004,-1335.07
0.0288424,898.673,765.279,1663.95
0.0289596,-796.863,-712.178,-1509.04
0.0290768,962.149,838.356,1800.5
0.0291942,-703.268,-632.2,-1335.47
0.0293116,903.856,760.202,1664.06
0.0294292,-786.98,-707.185,-1494.16
0.0295468,961.541,842.608,1804.15
0.0296646,-738.838,-673.9,-1412.74
0.0297825,902.303,778.679,1680.98
0.0299005,-724.008,-650.617,-1374.63
0.0300185,953.329,837.599,1790.93
0.0301367,-872.253,-979.631,-1851.88
0.0302551,-902.898,-1065.16,-1968.06
0.0303735,-882.334,-1167.84,-2050.17
0.030492,-852.294,-1035.3,-1887.6
0.0306106,-805.888,-927.084,-1732.97
0.0307294,-883.712,-955.337,-1839.05
0.0308482,-939.542,-1058.67,-1998.21
0.0309672,-882.7,-1093.11,-1975.81
0.0310862,-940.206,-950.552,-1890.76
0.0312054,-806.109,-909.532,-1715.64
0.0313247,-1030.11,-858.043,-1888.15
0.031444,-832.263,-778.283,-1610.55
0.0315635,-731.89,-686.959,-1418.85
0.0316831,-668.944,-534.938,-1203.88
0.0318029,427.917,303.706,731.622
0.0319227,-300.884,-348.2,-649.084
0.0320426,715.374,525.099,1240.47
0.0321626,-426.72,-337.247,-763.967
0.0322828,-399.33,-430.475,-829.804
0.032403,1335.21,1113.93,2449.14
0.0325234,-1101.89,-933.731,-2035.62
0.0326439,-245.131,-237.093,-482.224
0.0327645,1160.14,954.765,2114.9
0.0328852,-413.751,-445.908,-859.659
0.033006,58.9023,81.0601,139.962
0.0331269,-445.645,-434.641,-880.286
0.0332479,1137.93,906.129,2044.06
0.033369,-269.888,-345.892,-615.78
0.0334903,768.83,651.397,1420.23
0.0336116,-527.142,-558.03,-1085.17
0.0337331,751.679,644.775,1396.45
0.0338547,-490.224,-496.933,-987.157
0.0339764,1055.17,873.528,1928.7
0.0340982,-477.895,-509.704,-987.599
0.0342201,-262.189,-229.35,-491.539
0.0343421,907.617,734.646,1642.26
0.0344642,-474.699,-444.837,-919.536
0.0345865,1013.93,793.568,1807.5
0.0347088,-663.166,-602.992,-1266.16
0.0348313,496.703,374.472,871.175
0.0349539,-533.474,-482.871,-1016.35
0.0350765,1498.18,1159.06,2657.24
0.0351993,-574.813,-545.633,-1120.45
0.0353222,217.826,154.105,371.93
0.0354453,-512.988,-484.16,-997.148
0.0355684,1421.6,1104.77,2526.37
0.0356916,-586.648,-547.519,-1134.17
0.035815,231.634,130.639,362.273
0.0359385,-562.502,-493.569,-1056.07
0.036062,1224.11,987.311,2211.43
0.0361857,-596.004,-579.591,-1175.59
0.0363095,293.363,231.642,525.005
0.0364335,-521.22,-473.999,-995.219
0.0365575,1232.42,1004.71,2237.13
0.0366816,-630.438,-593.073,-1223.51
0.0368059,340.641,272.037,612.678
0.0369303,-576.596,-520.019,-1096.62
0.0370547,1269.02,1053.83,2322.85
0.0371793,-592.596,-549.653,-1142.25
0.037304,392.812,300.984,693.796
0.0374289,-568.533,-517.847,-1086.38
0.0375538,1282.56,1045.84,2328.4
0.0376789,-659.457,-606.163,-1265.62
0.037804,426.246,350.055,776.3
0.0379293,-561.729,-528.944,-1090.67
0.0380547,1212.76,1005.58,2218.34
0.0381802,-578.228,-532.07,-1110.3
0.0383058,319.787,285.442,605.229
0.0384315,-346.95,-369.959,-716.91
0.0385574,1206.54,988.922,2195.46
0.0386833,-612.536,-576.144,-1188.68
0.0388094,187.64,149.604,337.244
0.0389356,-435.912,-445.154,-881.065
0.0390619,1116.19,917.882,2034.08
0.0391883,-581.452,-549.727,-1131.18
0.0393149,266.408,254.702,521.11
0.0394415,-482.521,-459.946,-942.467
0.0395683,1212.81,1002.43,2215.24
0.0396952,-551.204,-524.386,-1075.59
0.0398222,291.288,271.34,562.628
0.0399493,-513.11,-490.783,-1003.89
0.0400765,1115.35,906.281,2021.63
0.0402038,-535.314,-534.772,-1070.09
0.0403313,1179.86,984.83,2164.69
0.0404589,1147.91,900.55,2048.46
0.0405866,978.058,636.301,1614.36
0.0407144,1240.46,783.839,2024.3
0.0408423,-1405.76,-1356.29,-2762.05
0.0409703,1120.76,755.681,1876.44
0.0410985,-1118.04,-1167.12,-2285.16
0.0412268,1184.69,792.339,1977.03
0.0413551,-933.723,-937.074,-1870.8
0.0414836,1333.6,1054.71,2388.31
0.0416123,-783.85,-750.303,-1534.15
0.041741,1213.15,1078.73,2291.88
0.0418699,-1003.84,-989.682,-1993.52
0.0419988,1366.16,1048.11,2414.27
0.0421279,-1139.81,-1117.71,-2257.52
0.0422571,961.021,825.899,1786.92
0.0423865,-877.303,-836.948,-1714.25
0.0425159,1149.28,1015.34,2164.63
0.0426455,-739.168,-744.869,-1484.04
0.0427751,934.826,939.548,1874.37
0.0429049,-678.451,-657.7,-1336.15
0.0430348,895.187,858.937,1754.12
0.0431649,-570.135,-636.713,-1206.85
0.043295,932.501,898.949,1831.45
0.0434253,-620.657,-587.313,-1207.97
0.0435557,988.895,810.454,1799.35
0.0436862,-381.68,-485.827,-867.507
0.0438168,1159.69,988.893,2148.59
0.0439476,-476.153,-594.611,-1070.76
0.0440784,1025.43,835.985,1861.42
0.0442094,-662.47,-691.384,-1353.85
0.0443405,1102.95,906.504,2009.45
0.0444717,-708.886,-741.65,-1450.54
0.0446031,1054.98,945.92,2000.9
0.0447345,-693.71,-697.116,-1390.83
0.0448661,1079.35,986.33,2065.68
0.0449978,-773.382,-789.836,-1563.22
0.0451296,1142.2,1003.45,2145.65
0.0452615,-602.443,-601.928,-1204.37
0.0453936,1191.87,989.789,2181.66
0.0455258,-793.772,-800.468,-1594.24
0.0456581,1222.67,1029.83,2252.5
0.0457905,-703.299,-721.853,-1425.15
0.045923,1313.91,1080.6,2394.51
0.0460557,-935.52,-897.859,-1833.38
0.0461885,1310.97,1137.21,2448.17
0.0463214,-793.869,-833.517,-1627.39
0.0464544,1343.1,1122.38,2465.48
0.0465875,-772.292,-737.504,-1509.8
0.0467208,1303.69,1091.74,2395.44
0.0468542,-822.54,-817.696,-1640.24
0.0469877,1372,1144.07,2516.07
0.0471213,-945.348,-871.585,-1816.93
0.047255,1244.4,1053.45,2297.84
0.0473889,-825.499,-786.521,-1612.02
0.0475229,1339.07,1122.73,2461.8
0.047657,-803.41,-708.315,-1511.73
0.0477912,1200.37,994.602,2194.97
0.0479256,-918.149,-845.353,-1763.5
0.0480601,1284.83,1043.71,2328.55
0.0481947,-807.108,-703.851,-1510.96
0.0483294,1126.66,984.993,2111.66
0.0484642,-734.792,-707.925,-1442.72
0.0485992,1203.08,1014.52,2217.6
0.0487343,-774.745,-741.245,-1515.99
0.0488695,1279.51,1069.82,2349.33
0.0490048,-883.841,-816.086,-1699.93
0.0491403,1344.99,1123.65,2468.64
0.0492759,-903.907,-844.116,-1748.02
0.0494116,1360.37,1147.69,2508.07
0.0495474,-907.504,-828.568,-1736.07
0.0496834,1432.67,1162.08,2594.75
0.0498194,-904.589,-797.103,-1701.69
0.0499556,1326.41,1130.78,2457.19
0.050092,-847.336,-790.072,-1637.41
0.0502284,1305.29,1091.85,2397.14
0.050365,-879.408,-812.582,-1691.99
0.0505017,1401.14,1195.2,2596.33
0.0506385,-973.15,-874.818,-1847.97
0.0507754,1306.3,1122.23,2428.53
0.0509125,-954.464,-864.261,-1818.73
0.0510497,1314.97,1147.48,2462.45
0.051187,-853.024,-803.55,-1656.57
0.0513245,1429.13,1201.28,2630.41
0.051462,-1027.94,-927.026,-1954.97
0.0515997,1491.45,1253.52,2744.97
0.0517375,-876.647,-798.687,-1675.33
0.0518755,1103.8,1244.9,2348.7
0.0520136,-1211.77,-862.045,-2073.82
0.0521518,1316.45,1038.04,2354.5
0.0522901,1217.52,1197.01,2414.52
0.0524285,957.791,843.946,1801.74
0.0525671,1096.07,1100.85,2196.92
0.0527058,499.338,530.653,1029.99
0.0528446,719.018,762.678,1481.7
0.0529836,451.29,324.595,775.885
0.0531226,827.271,815.544,1642.82
0.0532618,1044.63,1010.82,2055.44
0.0534012,591.243,644.993,1236.24
0.0535406,849.873,891.954,1741.83
0.0536802,237.736,444.306,682.042
0.0538199,974.463,916.274,1890.74
0.0539597,234.013,320.615,554.627
0.0540997,135.593,-6.71534,128.877
0.0542398,921.029,838.256,1759.28
0.05438,-951.365,-742,-1693.37
0.0545204,1071.49,947.451,2018.94
0.0546608,274.282,281.272,555.554
0.0548014,-768.923,-771.498,-1540.42
0.0549422,740.451,637.117,1377.57
0.055083,818.214,797.408,1615.62
0.055224,-1018,-871.88,-1889.88
0.0553651,1006.57,839.582,1846.15
0.0555064,-867.08,-672.755,-1539.84
0.0556477,932.703,794.138,1726.84
0.0557892,-322.492,-288.985,-611.476
0.0559309,932.95,767.855,1700.81
0.0560726,-1187.56,-917.56,-2105.12
0.0562145,879.164,789.02,1668.18
0.0563565,-970.857,-781.93,-1752.79
0.0564987,822.821,741.128,1563.95
0.0566409,941.221,750.13,1691.35
0.0567833,-1190.37,-886.502,-2076.87
0.0569259,1199.44,955.69,2155.13
0.0570685,-1313.49,-985.305,-2298.79
0.0572113,1193.52,923.833,2117.35
0.0573542,704.816,699.7,1404.52
0.0574973,-794.594,-660.723,-1455.32
0.0576405,850.687,774.923,1625.61
0.0577838,-924.845,-791.793,-1716.64
0.0579272,881.124,808.401,1689.53
0.0580708,1075.16,904.992,1980.15
0.0582145,-1155.28,-879.023,-2034.3
0.0583583,1207.11,943.611,2150.72
0.0585023,-1199.35,-895.754,-2095.1
0.0586464,1175,960.994,2135.99
0.0587906,648,602.507,1250.51
0.0589349,-903.732,-771.36,-1675.09
0.0590794,882.769,785.909,1668.68
0.059224,-949.092,-735.261,-1684.35
0.0593688,957.93,884.172,1842.1
0.0595137,1057.28,843.092,1900.37
0.0596587,-1114.62,-852.774,-1967.4
0.0598038,943.164,824.451,1767.61
0.0599491,-1064.72,-848.748,-1913.47
0.0600945,987.258,818.212,1805.47
0.0602401,477.279,448.026,925.305
0.0603857,-960.604,-780.344,-1740.95
0.0605315,980.388,837.509,1817.9
0.0606775,769.946,621.842,1391.79
0.0608235,-932.295,-708.292,-1640.59
0.0609697,1083.25,874.086,1957.33
0.0611161,-1023.69,-821.003,-1844.7
0.0612625,1014.2,842.955,1857.15
0.0614092,883.442,834.108,1717.55
0.0615559,-846.294,-679.227,-1525.52
0.0617028,831.342,772.262,1603.6
0.0618498,-985.74,-803.944,-1789.68
0.0619969,937.17,817.37,1754.54
0.0621442,616.322,536.087,1152.41
0.0622916,-1024.21,-779.319,-1803.53
0.0624391,1045.14,863.321,1908.47
0.0625868,-770.529,-626.055,-1396.58
0.0627346,1076.19,913.588,1989.78
0.0628825,-1017.91,-808.862,-1826.77
0.0630306,1057.56,884.333,1941.89
0.0631788,944.377,833.801,1778.18
0.0633272,-738.484,-592.823,-1331.31
0.0634756,847.324,742.663,1589.99
0.0636242,-841.048,-708.51,-1549.56
0.063773,854.112,765.43,1619.54
0.0639219,-342.48,-318.197,-660.678
0.0640709,1023.03,884.466,1907.5
0.0642201,-945.275,-772.203,-1717.48
0.0643693,880.491,785.656,1666.15
0.0645188,-1009.9,-815.334,-1825.24
0.0646683,945.314,809.273,1754.59
0.064818,902.282,741.439,1643.72
0.0649679,-830.43,-663.474,-1493.9
0.0651178,1027.97,867.082,1895.05
0.0652679,-950.257,-753.183,-1703.44
0.0654182,1120.59,886.443,2007.03
0.0655686,573.364,473.212,1046.58
0.0657191,-819.759,-644.174,-1463.93
0.0658697,829.058,707.127,1536.19
0.0660205,-689.331,-606.178,-1295.51
0.0661715,848.84,754.324,1603.16
0.0663225,1042.86,907.733,1950.59
0.0664737,-947.06,-774.029,-1721.09
0.0666251,1159.88,920.721,2080.6
0.0667765,-989.312,-796.404,-1785.72
0.0669282,1021.92,868.021,1889.94
0.0670799,-67.5522,-95.9998,-163.552
0.0672318,982.955,837.857,1820.81
0.0673838,-865.459,-713.993,-1579.45
0.067536,1175.07,969.844,2144.91
0.0676883,-980.582,-798.083,-1778.66
0.0678407,1085.68,898.921,1984.6
0.0679933,130.07,111.887,241.956
0.0681461,-613.418,-540.92,-1154.34
0.0682989,945.142,793.347,1738.49
0.0684519,-690.051,-579.19,-1269.24
0.068605,891.215,746.643,1637.86
0.0687583,884.121,768.852,1652.97
0.0689117,-1005.06,-848.088,-1853.15
0.0690653,1187.3,1005.49,2192.78
0.069219,-1102.61,-929.914,-2032.53
0.0693728,1168.2,983.618,2151.82
0.0695268,667.638,540.542,1208.18
0.0696809,-496.813,-390.152,-886.965
0.0698352,689.759,578.019,1267.78
0.0699896,-667.384,-536.998,-1204.38
0.0701441,754.027,600.066,1354.09
0.0702988,919.62,754.551,1674.17
0.0704536,-986.09,-807.015,-1793.11
0.0706086,1149.29,963.997,2113.28
0.0707637,-1092.1,-949.62,-2041.72
0.0709189,1279.21,1045.98,2325.19
0.0710743,647.637,542.569,1190.21
0.0712298,-535.018,-409.621,-944.638
0.0713855,633.626,516.125,1149.75
0.0715413,-734.121,-582.074,-1316.2
0.0716972,686.509,553.75,1240.26
0.0718533,468.155,413.893,882.048
0.0720095,-1130.34,-971.918,-2102.26
0.0721659,1325.68,1064.9,2390.59
0.0723224,603.714,518.189,1121.9
0.0724791,-662.233,-494.429,-1156.66
0.0726359,846.198,655.512,1501.71
0.0727928,-710.415,-543.95,-1254.36
0.0729499,1001.78,787.598,1789.38
0.0731071,634.329,598.44,1232.77
0.0732645,-964.144,-785.192,-1749.34
0.073422,1151.11,947.595,2098.7
0.0735797,-1032.47,-905.306,-1937.78
0.0737375,1164.72,959.281,2124
0.0738954,120.885,90.7163,211.601
0.0740535,-778.124,-650.63,-1428.75
0.0742117,1003.29,834.554,1837.85
0.0743701,928.008,823.675,1751.68
0.0745286,-842.103,-716.892,-1558.99
0.0746873,905.105,789.039,1694.14
0.0748461,-1066.13,-859.653,-1925.79
0.075005,1052.07,913.428,1965.49
0.0751641,657.178,538.066,1195.24
0.0753234,-910.645,-710.878,-1621.52
0.0754828,1002.7,793.48,1796.18
0.0756423,-881.57,-758.395,-1639.97
0.075802,1169.6,923.785,2093.39
0.0759618,-315.309,-302.814,-618.123
0.0761218,1148.55,928.896,2077.45
0.0762819,-857.477,-690.222,-1547.7
0.0764421,1023.46,784.788,1808.24
0.0766025,-1036.17,-816.067,-1852.23
0.0767631,1028.74,818.606,1847.35
0.0769238,758.278,645.829,1404.11
0.0770846,-586.724,-498.553,-1085.28
0.0772456,750.7,645.729,1396.43
0.0774067,-759.853,-662.821,-1422.67
0.077568,913.498,766.168,1679.67
0.0777294,936.722,764.715,1701.44
0.077891,-783.626,-635.74,-1419.37
0.0780527,1040.6,811.2,1851.8
0.0782146,-1017.58,-839.763,-1857.34
0.0783766,1096.24,868.374,1964.62
0.0785388,798.341,699.859,1498.2
0.0787011,-497.177,-433.412,-930.589
0.0788635,814.644,710.235,1524.88
0.0790261,-764.385,-691.84,-1456.22
0.0791889,831.21,722.041,1553.25
0.0793518,903.155,762.68,1665.83
0.0795148,-817.368,-640.319,-1457.69
0.079678,998.291,788.17,1786.46
0.0798414,-936.895,-768.717,-1705.61
0.0800049,961.112,789.54,1750.65
0.0801685,709.83,614.48,1324.31
0.0803323,-655.279,-733.694,-1388.97
0.0804962,-764.863,-885.061,-1649.92
0.0806603,-1580.31,-1428.31,-3008.62
0.0808245,-1418.02,-1530.9,-2948.92
0.0809889,-1864.82,-1710.6,-3575.42
0.0811535,-1489.69,-1377.21,-2866.9
0.0813182,-1787.45,-1414.44,-3201.89
0.081483,-1174.88,-834.585,-2009.47
0.081648,-1116.44,-847.677,-1964.12
0.0818131,-1303.03,-1100.56,-2403.58
0.0819784,-1010.25,-593.751,-1604
0.0821438,-1399.74,-1113.07,-2512.81
0.0823094,-769.011,-391.211,-1160.22
0.0824751,-1301.14,-1035.06,-2336.2
0.082641,-104.924,-81.595,-186.52
0.0828071,-902.652,-850.532,-1753.18
0.0829733,427.313,399.678,826.992
0.0831396,-684.087,-700.664,-1384.75
0.0833061,559.964,390.461,950.425
0.0834727,-760.471,-712.386,-1472.86
0.0836395,466.897,305.785,772.682
0.0838065,-1029.53,-810.627,-1840.16
0.0839736,575.654,555.151,1130.8
0.0841408,-999.329,-858.332,-1857.66
0.0843082,334.951,301.019,635.97
0.0844758,-1089.26,-1006.6,-2095.87
0.0846435,633.392,582.728,1216.12
0.0848113,-964.21,-896.32,-1860.53
0.0849793,399.021,339.497,738.518
0.0851475,-1033.55,-927.611,-1961.17
0.0853158,814.787,683.065,1497.85
0.0854843,-940.665,-856.732,-1797.4
0.0856529,201.883,175.015,376.899
0.0858217,-947.289,-879.523,-1826.81
0.0859906,932.9,785.787,1718.69
0.0861597,-853.278,-766.159,-1619.44
0.0863289,306.62,250.951,557.572
0.0864983,-1104.13,-998.538,-2102.67
0.0866679,1085.74,872.866,1958.61
0.0868376,-925.576,-866.159,-1791.74
0.0870074,219.507,148.033,367.539
0.0871774,-872.048,-809.671,-1681.72
0.0873476,1058.5,858.372,1916.87
0.0875179,-834.12,-763.334,-1597.45
0.0876884,310.981,222.585,533.566
0.087859,-982.962,-887.785,-1870.75
0.0880298,1186.76,964.077,2150.83
0.0882007,-692.782,-658.854,-1351.64
0.0883718,183.135,62.2516,245.386
0.0885431,-676.007,-617.866,-1293.87
0.0887145,1005.02,830.128,1835.14
0.088886,-561.224,-559.528,-1120.75
0.0890577,148.031,71.6279,219.659
0.0892296,-483.027,-472.975,-956.002
0.0894016,702.96,597.342,1300.3
0.0895738,-528.789,-506.889,-1035.68
0.0897462,619.086,493.096,1112.18
0.0899186,-929.647,-837.161,-1766.81
0.0900913,803.635,693.295,1496.93
0.0902641,-567.601,-528.608,-1096.21
0.0904371,355.444,266.786,622.229
0.0906102,-743.054,-667.187,-1410.24
0.0907835,1052.4,882.008,1934.41
0.0909569,-577.824,-573.33,-1151.15
0.0911305,48.7244,-7.32893,41.3954
0.0913043,-316.801,-309.108,-625.909
0.0914782,686.319,583.927,1270.25
0.0916523,-618.953,-584.976,-1203.93
0.0918265,313.985,242.592,556.577
0.0920009,-467.986,-422.88,-890.867
0.0921754,919.186,779.076,1698.26
0.0923501,-404.695,-387.581,-792.275
0.092525,331.392,244.727,576.12
0.0927,-359.616,-342.031,-701.647
0.0928752,840.562,685.481,1526.04
0.0930505,-288.006,-283.376,-571.382
0.093226,308.755,240.993,549.748
0.0934017,-317.916,-306.78,-624.696
0.0935775,685.262,580.212,1265.47
0.0937535,-481.006,-455.552,-936.558
0.0939296,215.168,124.301,339.469
0.0941059,-329.749,-333.65,-663.4
0.0942824,798.571,658.205,1456.78
0.094459,-401.717,-390.977,-792.695
0.0946358,322.638,217.342,539.98
0.0948127,-277.303,-285.423,-562.726
0.0949898,786.399,623.496,1409.9
0.0951671,-509.233,-475.091,-984.324
0.0953445,594.915,453.872,1048.79
0.0955221,-544.284,-494.083,-1038.37
0.0956999,925.335,761.613,1686.95
0.0958778,-538.549,-514.707,-1053.26
0.0960558,252.042,176.503,428.546
0.0962341,-167.346,-149.794,-317.139
0.0964125,573.959,409.73,983.689
0.096591,-337.501,-294.92,-632.421
0.0967697,744.657,588.212,1332.87
0.0969486,-325.385,-310.433,-635.819
0.0971277,594.313,461.03,1055.34
0.0973069,-539.115,-495.194,-1034.31
0.0974862,897.088,743.326,1640.41
0.0976658,-301.937,-280.397,-582.334
0.0978455,239.18,97.8681,337.048
0.0980253,-204.505,-184.446,-388.951
0.0982054,854.285,688.636,1542.92
0.0983855,-534.714,-472.014,-1006.73
0.0985659,416.778,332.112,748.89
0.0987464,-282.994,-274.868,-557.862
0.0989271,804.172,667.2,1471.37
0.0991079,-463.927,-424.479,-888.407
0.0992889,521.391,353.573,874.964
0.0994701,-529.605,-466.458,-996.063
0.0996514,967.887,818.329,1786.22
0.099833,-341.933,-323.032,-664.965
0.100015,129.176,62.4122,191.588
0.100196,132.28,144.093,276.374
0.100378,522.117,396.953,919.07
0.100561,-98.7341,-110.819,-209.553
0.100743,352.383,259.149,611.533
0.100925,-144.396,-164.891,-309.287
0.101108,660.152,525.956,1186.11
0.101291,-33.5717,-31.0415,-64.6132
0.101474,566.004,435.303,1001.31
0.101657,-312.198,-313.062,-625.26
0.10184,541.359,398.863,940.222
0.102024,-81.0307,-101.85,-182.881
0.102208,633.53,491.631,1125.16
0.102391,-489.26,-443.999,-933.258
0.102575,821.443,672.463,1493.91
0.10276,-234.31,-217.264,-451.574
0.102944,164.739,62.5112,227.25
0.103128,203.568,142.178,345.746
0.103313,543.701,430.232,973.933
0.103498,-48.3794,-79.8453,-128.225
0.103683,647.487,509.373,1156.86
0.103868,99.3566,41.5912,140.948
0.104053,563.526,420.247,983.772
0.104239,-254.939,-288.16,-543.099
0.104425,649.454,505.482,1154.94
0.10461,-305.851,-306.289,-612.14
0.104796,700.5,571.39,1271.89
0.104983,-293.884,-291.44,-585.323
0.105169,547.547,417.672,965.219
0.105355,-134.923,-158.467,-293.389
0.105542,697.774,545.379,1243.15
0.105729,-257.932,-288.254,-546.186
0.105916,671.511,546.868,1218.38
0.106103,-269.205,-257.329,-526.534
0.106291,763.986,605.495,1369.48
0.106478,-313.792,-314.568,-628.359
0.106666,645.892,496.969,1142.86
0.106854,-212.851,-198.539,-411.39
0.107042,794.767,632.281,1427.05
0.10723,-290.938,-307.121,-598.06
0.107418,509.691,376.011,885.701
0.107607,-134.38,-191.279,-325.659
0.107796,896.785,700.464,1597.25
0.107985,-201.467,-222.552,-424.019
0.108174,611.18,479.326,1090.51
0.108363,-138.898,-127.649,-266.547
0.108552,565.801,429.585,995.386
0.108742,-200.182,-230.107,-430.289
0.108932,951.782,760.624,1712.41
0.109122,-186.09,-223.953,-410.043
0.109312,336.021,213.785,549.806
0.109502,35.2579,-46.6367,-11.3788
0.109692,979.152,791.222,1770.37
0.109883,-17.5874,-61.9282,-79.5156
0.110074,267.583,150.35,417.933
0.110265,-6.24094,-51.4348,-57.6758
0.110456,731.046,569.309,1300.35
0.110647,4.29849,-42.7751,-38.4766
0.110839,392.541,232.338,624.879
0.11103,48.7218,-22.1253,26.5966
0.111222,773.833,626.588,1400.42
0.111414,-28.9565,-105.801,-134.758
0.111607,470.92,345.08,816.001
0.111799,-21.5193,-102.733,-124.253
0.111991,832.147,693.193,1525.34
0.112184,-12.1212,-76.3198,-88.441
0.112377,434.217,283.406,717.623
0.11257,43.9969,-68.9256,-24.9288
0.112763,840.721,662.383,1503.1
0.112957,80.3952,-9.29437,71.1008
0.11315,402.367,296.504,698.871
0.113344,-12.8829,-60.7224,-73.6053
0.113538,982.728,808.659,1791.39
0.113732,-121.945,-155.158,-277.103
0.113927,490.316,392.722,883.039
0.114121,-213.91,-264.476,-478.386
0.114316,1050.47,872.249,1922.72
0.11451,16.3887,-85.9392,-69.5506
0.114706,565.976,418.627,984.602
0.114901,-236.634,-298.834,-535.468
0.115096,939.91,740.271,1680.18
0.115292,-10.7902,-66.0476,-76.8378
0.115487,680.952,553.719,1234.67
0.115683,-163.127,-200.658,-363.785
0.115879,582.756,435.859,1018.62
0.116076,155.826,58.6368,214.463
0.116272,597.07,463.326,1060.4
0.116469,164.335,69.6486,233.984
0.116665,383.749,236.895,620.644
0.116862,232.843,156.344,389.187
0.117059,775.687,602.811,1378.5
0.117257,16.05,-30.4603,-14.4103
0.117454,523.659,380.381,904.04
0.117652,16.5953,-53.097,-36.5017
0.11785,948.247,770.983,1719.23
0.118048,125.027,31.9046,156.932
0.118246,524.487,377.41,901.897
0.118445,197.578,112.242,309.82
0.118643,415.122,251.268,666.39
0.118842,163.846,88.1487,251.995
0.119041,766.871,585.844,1352.71
0.11924,81.2593,-16.4927,64.7665
0.119439,491.833,349.441,841.273
0.119639,76.2094,-9.60303,66.6064
0.119838,931.081,753.948,1685.03
0.120038,130.634,39.4573,170.091
0.120238,544.45,408.593,953.043
0.120439,205.35,111.614,316.964
0.120639,451.385,305.344,756.73
0.12084,84.8445,8.70711,93.5516
0.12104,878.435,680.011,1558.45
0.121241,14.3486,-78.4754,-64.1268
0.121442,662.324,489.169,1151.49
0.121644,59.3005,-26.0695,33.231
0.121845,584.669,433.322,1017.99
0.122047,192.414,72.687,265.101
0.122249,820.614,662.505,1483.12
0.122451,176.755,62.0542,238.81
0.122653,458.741,317.579,776.319
0.122855,279.858,183.232,463.091
0.123058,576.812,399.968,976.781
0.123261,99.9192,-1.2832,98.636
0.123464,688.035,480.15,1168.19
0.123667,119.296,26.5207,145.817
0.12387,836.897,647.675,1484.57
0.124074,19.5856,-52.8405,-33.2549
0.124277,607.572,424.891,1032.46
0.124481,72.9513,-22.8727,50.0786
0.124685,900.199,691.643,1591.84
0.12489,117.401,41.0256,158.427
0.125094,468.342,312.325,780.668
0.125299,174.645,83.9329,258.578
0.125504,724.897,537.443,1262.34
0.125709,73.6235,-5.02775,68.5958
0.125914,581.394,419.495,1000.89
0.126119,87.3906,21.7854,109.176
0.126325,826.667,626.371,1453.04
0.12653,-60.1368,-121.668,-181.805
0.126736,840.524,668.38,1508.9
0.126942,36.7205,-41.8147,-5.09423
0.127149,713.645,519.007,1232.65
0.127355,-4.81839,-97.0622,-101.881
0.127562,858.432,655.614,1514.05
0.127769,204.139,108.072,312.211
0.127976,658.622,491.972,1150.59
0.128183,233.352,338.784,572.136
0.128391,713.047,522.855,1235.9
0.128598,1160.41,782.316,1942.73
0.128806,500.951,197.78,698.732
0.129014,-3.40748,-147.398,-150.805
0.129222,-725.298,-742.341,-1467.64
0.129431,514.519,334.024,848.543
0.129639,-328.853,-509.771,-838.624
0.129848,109.793,-49.5458,60.2471
0.130057,213.142,152.092,365.234
0.130266,-352.048,-305.703,-657.751
0.130475,435.535,501.779,937.314
0.130685,-591.477,-496.745,-1088.22
0.130895,508.041,582.766,1090.81
0.131105,-435.426,-394.917,-830.343
0.131315,-0.122332,-56.5509,-56.6732
0.131525,-216.682,-253.073,-469.756
0.131735,409.098,516.098,925.196
0.131946,192.951,-71.1753,121.775
0.132157,376.633,412.602,789.235
0.132368,793.072,500.707,1293.78
0.132579,-97.6029,97.6989,0.0960416
0.132791,-113.697,-319.351,-433.048
0.133002,408.167,524.824,932.992
0.133214,311.46,55.3836,366.844
0.133426,131.158,286.097,417.255
0.133638,1033.18,668.735,1701.92
0.133851,-681.929,-446.925,-1128.85
0.134063,956.275,639.201,1595.48
0.134276,-696.511,-414.611,-1111.12
0.134489,1024.09,655.745,1679.83
0.134702,-643.839,-373.893,-1017.73
0.134916,941.53,613.213,1554.74
0.135129,-683.285,-376.816,-1060.1
0.135343,993.506,651.423,1644.93
0.135557,-727.78,-476.74,-1204.52
0.135771,1094.45,740.092,1834.54
0.135985,-807.77,-512.419,-1320.19
0.1362,923.961,534.147,1458.11
0.136415,-854.665,-543.113,-1397.78
0.13663,1188.11,788.84,1976.95
0.136845,-790.626,-499.957,-1290.58
0.13706,753.609,372.203,1125.81
0.137275,-862.96,-547.734,-1410.69
0.137491,1258,821.265,2079.26
0.137707,-752.64,-435.98,-1188.62
0.137923,775.867,414.348,1190.21
0.138139,-820.505,-505.816,-1326.32
0.138356,1291.73,832.727,2124.46
0.138573,-799.608,-452.038,-1251.65
0.13879,983.922,594.144,1578.07
0.139007,-771.148,-482.654,-1253.8
0.139224,1196.46,779.544,1976.01
0.139441,-744.538,-471.5,-1216.04
0.139659,987.774,590.687,1578.46
0.139877,-702.068,-449.849,-1151.92
0.140095,1001.88,640.92,1642.8
0.140313,-785.99,-498.672,-1284.66
0.140532,948.324,534.628,1482.95
0.14075,-817.407,-525.013,-1342.42
0.140969,1071.42,701.582,1773
0.141188,-835.512,-557.868,-1393.38
0.141408,1079.28,646.831,1726.11
0.141627,-798.859,-510.112,-1308.97
0.141847,1072.21,704.631,1776.84
0.142067,-811.015,-534.817,-1345.83
0.142287,980.371,588.202,1568.57
0.142507,-729.718,-477.2,-1206.92
0.142727,984.693,620.576,1605.27
0.142948,-813.336,-565.996,-1379.33
0.143169,1111.1,724.036,1835.13
0.14339,-673.775,-427.598,-1101.37
0.143611,874.003,538.948,1412.95
0.143833,-727.467,-516.787,-1244.25
0.144054,1203.7,800.326,2004.02
0.144276,-697.695,-431.741,-1129.44
0.144498,821.746,478.748,1300.49
0.144721,-695.147,-485.178,-1180.32
0.144943,1213.39,800.934,2014.32
0.145166,-696.857,-473.851,-1170.71
0.145389,871.078,530.591,1401.67
0.145612,-671.866,-466.78,-1138.65
0.145835,1160.02,764.378,1924.4
0.146058,-657.389,-438.173,-1095.56
0.146282,927.823,572.275,1500.1
0.146506,-630.117,-427.914,-1058.03
0.14673,1076.91,683.705,1760.61
0.146954,-633.744,-410.2,-1043.94
0.147179,1470.77,900.552,2371.32
0.147404,-847.85,-802.896,-1650.75
0.147629,1213.52,729.615,1943.13
0.147854,1464.38,809.035,2273.41
0.148079,1258.27,874.563,2132.83
0.148304,1121.64,737.332,1858.97
0.14853,-850.641,-611.957,-1462.6
0.148756,132.568,514.852,647.42
0.148982,161.302,140.071,301.373
0.149209,348.416,294.642,643.058
0.149435,688.243,308.057,996.3
0.149662,-98.3744,-148.357,-246.731
0.149889,137.577,-96.3542,41.2223
0.150116,289.414,438.195,727.609
0.150343,219.273,105.227,324.5
0.150571,-155.943,-86.7911,-242.734
0.150799,31.2104,17.0779,48.2883
0.151027,-401.711,-226.672,-628.383
0.151255,-112.309,-51.1387,-163.448
0.151483,-18.1112,186.227,168.115
0.151712,240.548,275.182,515.729
0.151941,-1166.33,-830.087,-1996.42
0.15217,821.035,721.769,1542.8
0.152399,-1062.68,-760.634,-1823.31
0.152629,760.978,583.362,1344.34
0.152858,-1192.78,-847.34,-2040.12
0.153088,1050.83,857.792,1908.62
0.153318,-1023.92,-727.288,-1751.21
0.153549,937.87,698.811,1636.68
0.153779,-990.967,-716.027,-1706.99
0.15401,947.364,749.922,1697.29
0.154241,-830.619,-641.033,-1471.65
0.154472,997.065,781.811,1778.88
0.154703,-933.364,-714.4,-1647.76
0.154935,864.547,704.481,1569.03
0.155166,-751.751,-592.207,-1343.96
0.155398,1015.34,794.572,1809.91
0.155631,-901.875,-732.303,-1634.18
0.155863,948.995,778.87,1727.87
0.156096,-665.962,-593.695,-1259.66
0.156328,1118.43,895.212,2013.64
0.156561,-894.45,-744.188,-1638.64
0.156795,917.892,746.391,1664.28
0.157028,-679.863,-594.028,-1273.89
0.157262,1077.15,842.045,1919.2
0.157496,-825.487,-677.248,-1502.73
0.15773,903.661,722.944,1626.6
0.157964,-608.772,-539.913,-1148.69
0.158199,1073.4,843.502,1916.9
0.158433,-793.189,-671.582,-1464.77
0.158668,956.614,752.384,1709
0.158903,-621.197,-550.2,-1171.4
0.159139,1126.68,893.533,2020.22
0.159374,-894.297,-740.699,-1635
0.15961,1071.95,814.277,1886.22
0.159846,-696.762,-616.873,-1313.64
0.160082,1090.42,820.259,1910.67
0.160319,-818.745,-681.29,-1500.04
0.160555,1113.97,865.596,1979.57
0.160792,-645.884,-559.603,-1205.49
0.161029,1106.21,838.358,1944.57
0.161267,-841.576,-691.035,-1532.61
0.161504,1113.56,843.706,1957.27
0.161742,-606.741,-542.978,-1149.72
0.16198,1112.67,854.117,1966.78
0.162218,-826.136,-682.123,-1508.26
0.162456,1138.26,893.167,2031.42
0.162695,-708.074,-604.243,-1312.32
0.162934,1134.93,882.469,2017.39
0.163173,-718.216,-631.354,-1349.57
0.163412,1244.91,964.857,2209.76
0.163652,-699.385,-665.27,-1364.66
0.163891,1070.27,830.983,1901.26
0.164131,-686.468,-579.946,-1266.41
0.164371,1112.85,868.157,1981
0.164612,-644.675,-612.149,-1256.82
0.164852,1148.6,910.442,2059.04
0.165093,-733.617,-615.778,-1349.39
0.165334,1125.47,912.538,2038.01
0.165575,-571.43,-561.3,-1132.73
0.165817,1041.41,803.799,1845.21
0.166058,-696.397,-614.996,-1311.39
0.1663,1167.68,948.744,2116.42
0.166542,-582.302,-576.464,-1158.77
0.166785,1110.74,908.062,2018.8
0.167027,-648.636,-599.185,-1247.82
0.16727,1010.85,799.349,1810.2
0.167513,-605.905,-554.014,-1159.92
0.167756,1129.75,931.291,2061.04
0.167999,-638.26,-581.064,-1219.32
0.168243,1033.4,796.743,1830.14
0.168487,-623.794,-551.633,-1175.43
0.168731,1067.37,890.389,1957.76
0.168975,-632.659,-580.011,-1212.67
0.16922,1041.29,831.325,1872.62
0.169465,-602.758,-527.647,-1130.41
0.16971,1102.52,914.677,2017.2
0.169955,-573.338,-530.78,-1104.12
0.1702,1008.03,791.762,1799.8
0.170446,-638.571,-524.089,-1162.66
0.170692,1058.95,875.874,1934.82
0.170938,-518.643,-497.865,-1016.51
0.171184,990.391,766.08,1756.47
0.171431,-543.844,-477.687,-1021.53
0.171677,1022.11,809.398,1831.51
0.171924,-597.847,-525.122,-1122.97
0.172171,1033.34,846.45,1879.79
0.172419,-496.796,-442.799,-939.595
0.172667,1008.24,788.617,1796.85
0.172914,-591.537,-486.787,-1078.32
0.173163,1000.06,783.795,1783.85
0.173411,-467.613,-416.077,-883.69
0.173659,955.251,745.887,1701.14
0.173908,-540.511,-458.397,-998.908
0.174157,936.841,759.522,1696.36
0.174406,-430.105,-430.809,-860.915
0.174656,947.017,745.365,1692.38
0.174906,-510.293,-385.212,-895.505
0.175156,941.186,721.138,1662.32
0.175406,-351.69,-340.982,-692.673
0.175656,909.37,704.945,1614.32
0.175907,-469.984,-372.261,-842.246
0.176157,916.13,702.043,1618.17
0.176408,-332.816,-320.162,-652.978
0.17666,877.989,643.118,1521.11
0.176911,-432.359,-315.883,-748.241
0.177163,900.131,710.988,1611.12
0.177415,-315.877,-324.551,-640.428
0.177667,866.08,643.882,1509.96
0.17792,-364.854,-295.371,-660.225
0.178172,820.072,661.735,1481.81
0.178425,-320.817,-297.254,-618.071
0.178678,866.103,664.547,1530.65
0.178932,-378.878,-338.464,-717.342
0.179185,863.08,677.992,1541.07
0.179439,-328.138,-337.63,-665.769
0.179693,832.255,648.871,1481.13
0.179947,-359.406,-313.989,-673.395
0.180202,902.384,683.572,1585.96
0.180457,-315.129,-303.81,-618.939
0.180711,911.764,691.281,1603.05
0.180967,-291.67,-294.132,-585.802
0.181222,904.184,700.22,1604.4
0.181478,-295.318,-317.284,-612.601
0.181734,839.364,632.157,1471.52
0.18199,-257.879,-265.467,-523.346
0.182246,855.16,681.93,1537.09
0.182503,-287.814,-299.179,-586.993
0.18276,866.819,688.625,1555.44
0.183017,-235.458,-288.632,-524.09
0.183274,852.981,661.912,1514.89
0.183531,-285.469,-303.228,-588.697
0.183789,860.334,672.946,1533.28
0.184047,-224.068,-252.92,-476.988
0.184305,769.792,575.798,1345.59
0.184564,-253.054,-230.923,-483.977
0.184822,834.68,598.206,1432.89
0.185081,-234.419,-177.897,-412.316
0.185341,863.578,622.802,1486.38
0.1856,-344.236,-263.161,-607.397
0.18586,823.923,584.691,1408.61
0.186119,-207.178,-175.229,-382.408
0.18638,826.601,573.555,1400.16
0.18664,-316.261,-294.987,-611.248
0.186901,837.582,599.366,1436.95
0.187161,-182.454,-167.43,-349.884
0.187422,833.279,571.936,1405.22
0.187684,-236.945,-218.055,-455
0.187945,868.75,574.075,1442.82
0.188207,-170.531,-173.945,-344.476
0.188469,829.028,567.93,1396.96
0.188731,-223.939,-209.912,-433.85
0.188994,911.984,639.856,1551.84
0.189256,-270.352,-226.829,-497.181
0.189519,852.955,589.328,1442.28
0.189783,-175.379,-150.91,-326.29
0.190046,867.353,603.184,1470.54
0.19031,-174.2,-142.703,-316.903
0.190574,871.036,615.212,1486.25
0.190838,-170.834,-144.57,-315.404
0.191102,822.999,587.825,1410.82
0.191367,-147.365,-148.953,-296.318
0.191632,861.851,608.33,1470.18
0.191897,-174.197,-140.54,-314.737
0.192162,832.221,551.344,1383.56
0.192428,-206.048,-179.049,-385.096
0.192694,917.916,647.291,1565.21
0.19296,-168.843,-147.042,-315.885
0.193226,884.866,590.819,1475.69
0.193493,-178.608,-169.421,-348.029
0.193759,927.168,629.676,1556.84
0.194026,-131.174,-94.327,-225.501
0.194294,920.603,601.113,1521.72
0.194561,-216.966,-182.557,-399.523
0.194829,935.679,646.4,1582.08
0.195097,-201.575,-177.18,-378.754
0.195365,921.669,623.008,1544.68
0.195634,-203.292,-186.286,-389.577
0.195903,925.835,685.185,1611.02
0.196172,-238.456,-182.989,-421.444
0.196441,911.608,648.008,1559.62
0.19671,-169.977,-175.904,-345.881
0.19698,935.188,686.776,1621.96
0.19725,-222.337,-189.058,-411.395
0.19752,926.766,661.944,1588.71
0.197791,-227.327,-203.625,-430.952
0.198062,954.733,683.237,1637.97
0.198333,-184.345,-176.817,-361.162
0.198604,937.95,664.035,1601.99
0.198875,-157.826,-148.122,-305.947
0.199147,980.073,719.316,1699.39
0.199419,-221.797,-217.863,-439.66
0.199691,861.589,619.672,1481.26
0.199964,-178.826,-165.563,-344.39
0.200236,841.058,585.924,1426.98
0.200509,-164.874,-177.6,-342.474
0.200782,918.762,633.362,1552.12
0.201056,-281.378,-244.826,-526.204
0.201329,924.234,661.725,1585.96
0.201603,-116.664,-117.378,-234.041
0.201878,861.111,591.046,1452.16
0.202152,-149.04,-157.028,-306.068
0.202427,901.037,655.438,1556.47
0.202702,-142.173,-135.501,-277.674
0.202977,882.811,601.742,1484.55
0.203252,-206.792,-189.017,-395.808
0.203528,946.195,664.543,1610.74
0.203804,-163.307,-170.245,-333.552
0.20408,950.658,661.366,1612.02
0.204356,-219.405,-207.884,-427.289
0.204633,998.318,727.962,1726.28
0.20491,-242.472,-225.059,-467.531
0.205187,1019.54,738.672,1758.22
0.205465,-296.08,-283.267,-579.347
0.205742,1143.2,827.258,1970.46
0.20602,-349.233,-311.872,-661.105
0.206299,894.176,606.036,1500.21
0.206577,-143.232,-154.241,-297.473
0.206856,1027.77,744.791,1772.56
0.207135,-278.979,-254.922,-533.901
0.207414,1072.54,734.003,1806.55
0.207693,-202.725,-191.581,-394.306
0.207973,978.338,649.671,1628.01
0.208253,-235.405,-240.79,-476.195
0.208533,1005.65,671.919,1677.57
0.208814,-89.8156,-63.8,-153.616
0.209095,890.453,585.085,1475.54
0.209376,-125.267,-107.248,-232.515
0.209657,965.208,666.949,1632.16
0.209938,-162.246,-132.044,-294.291
0.21022,989.824,694.656,1684.48
0.210502,-288.83,-253.326,-542.156
0.210784,1031.26,707.268,1738.53
0.211067,-174.133,-177.922,-352.055
0.21135,877.492,572.624,1450.12
0.211633,-122.751,-98.2717,-221.022
0.211916,973.205,696.199,1669.4
0.2122,58.1736,22.7821,80.9558
0.212483,875.971,575.605,1451.58
0.212767,-151.708,-143.078,-294.786
0.213052,940.322,658.011,1598.33
0.213336,-131.766,-103.128,-234.894
0.213621,858.525,566.401,1424.93
0.213906,-55.789,-86.1076,-141.897
0.214192,774.179,527.529,1301.71
0.214477,-56.347,-55.5348,-111.882
0.214763,938.444,624.938,1563.38
0.215049,-72.9632,-95.5208,-168.484
0.215336,857.662,591.874,1449.54
0.215622,-90.6359,-80.0118,-170.648
0.215909,836.179,575.518,1411.7
0.216197,12.5665,-20.7667,-8.20012
0.216484,862.063,589.193,1451.26
0.216772,-82.0483,-88.0695,-170.118
0.21706,789.116,526.836,1315.95
0.217348,34.7491,10.4257,45.1747
0.217636,1029.05,674.183,1703.23
0.217925,-165.52,-177.917,-343.437
0.218214,931.823,625.56,1557.38
0.218504,-136.94,-143.205,-280.145
0.218793,950.934,639.348,1590.28
0.219083,-94.7688,-124.979,-219.748
0.219373,913.726,602.723,1516.45
0.219663,26.164,-56.039,-29.8751
0.219954,-1276.56,-1021.26,-2297.82
0.220245,-950.152,-798.249,-1748.4
0.220536,-772.234,-837.589,-1609.82
0.220827,-594.398,-445.431,-1039.83
0.221119,-459.737,-485.743,-945.48
0.221411,1212.22,970.92,2183.14
0.221703,-822.168,-711.213,-1533.38
0.221996,1416.11,1176.02,2592.13
0.222288,-838.197,-773.924,-1612.12
0.222581,1012.74,988.066,2000.8
0.222875,-894.066,-753.392,-1647.46
0.223168,-579.883,-288.158,-868.041
0.223462,377.85,386.204,764.054
0.223756,-594.253,-243.104,-837.357
0.22405,661.997,541.974,1203.97
0.224345,-859.308,-671.225,-1530.53
0.22464,317.321,368.66,685.981
0.224935,-400.253,-255.754,-656.006
0.22523,659.211,511.485,1170.7
0.225526,-373.471,-367.063,-740.534
0.225822,405.944,272.63,678.574
0.226118,109.944,-74.808,35.1359
0.226414,121.637,141.441,263.078
0.226711,249.435,99.0071,348.442
0.227008,26.5152,24.0071,50.5222
0.227305,-83.1186,-177.045,-260.164
0.227603,700.386,514.409,1214.79
0.227901,-277.897,-201.355,-479.252
0.228199,575.304,495.69,1070.99
0.228497,-335.508,-249.836,-585.344
0.228796,490.909,440.307,931.217
0.229095,-161.736,-105.336,-267.072
0.229394,213.382,215.033,428.414
0.229693,-503.429,-384.149,-887.578
0.229993,633.764,509.018,1142.78
0.230293,-256.135,-159.935,-416.07
0.230593,718.676,573.079,1291.75
0.230894,-310.228,-236.298,-546.525
0.231195,547.255,496.803,1044.06
0.231496,-368.109,-239.615,-607.724
0.231797,722.408,601.279,1323.69
0.232099,-308.732,-214.589,-523.32
0.232401,-262.841,-169.886,-432.727
0.232703,1080.09,896.279,1976.37
0.233005,-714.194,-528.256,-1242.45
0.233308,54.7709,22.0373,76.8083
0.233611,617.465,565.654,1183.12
0.233914,-226.398,-205.581,-431.979
0.234218,796.562,690.767,1487.33
0.234522,-346.806,-267.579,-614.385
0.234826,443.789,429.59,873.38
0.23513,-119.383,-61.176,-180.559
0.235435,524.378,545.109,1069.49
0.23574,-257.381,-264.728,-522.109
0.236045,603,567.679,1170.68
0.236351,-375.762,-379.822,-755.584
0.236656,611.128,588.123,1199.25
0.236962,-349.741,-346.922,-696.663
0.237269,607.627,552.061,1159.69
0.237575,-353.844,-345.316,-699.16
0.237882,551.827,530.379,1082.21
0.238189,-32.3992,-11.2521,-43.6513
0.238497,-559.931,-500.458,-1060.39
0.238805,1077.69,884.272,1961.96
0.239113,-555.993,-470.976,-1026.97
0.239421,1132.33,916.309,2048.64
0.239729,-696.149,-543.835,-1239.98
0.240038,621.847,475.318,1097.17
0.240347,98.2813,59.6446,157.926
0.240657,362.759,284.145,646.905
0.240967,270.922,275.845,546.768
0.241277,-23.562,-58.0808,-81.6428
0.241587,278.675,208.548,487.223
0.241897,650.189,571.978,1222.17
0.242208,-734.445,-620.524,-1354.97
0.242519,982.643,832.889,1815.53
0.242831,16.4457,-11.2393,5.20636
0.243142,-10.7227,-39.4157,-50.1384
0.243454,370.568,304.045,674.614
0.243766,338.615,262.701,601.316
0.244079,244.371,172.133,416.504
0.244392,-14.4576,-25.2491,-39.7067
0.244705,380.359,350.186,730.545
0.245018,520.308,392.049,912.356
0.245332,-144.723,-148.318,-293.041
0.245646,139.082,102.587,241.67
0.24596,367.955,343.537,711.492
0.246275,-185.467,-145.699,-331.166
0.246589,377.707,275.859,653.566
0.246904,870.622,703.1,1573.72
0.24722,-787.557,-649.092,-1436.65
0.247535,736.079,616.084,1352.16
0.247851,273.531,179.928,453.46
0.248168,303.857,202.725,506.582
0.248484,121.198,119.647,240.846
0.248801,378.77,355.29,734.06
0.249118,122.145,118.168,240.313
0.249435,260.114,176.321,436.435
0.249753,-320.591,-253.242,-573.833
0.250071,1231.55,1060.33,2291.88
0.250389,-970.811,-823.889,-1794.7
0.250708,884.006,721.326,1605.33
0.251027,57.696,34.3134,92.0094
0.251346,775.598,653.694,1429.29
0.251665,-604.886,-514.074,-1118.96
0.251985,1113.14,954.533,2067.67
0.252305,-594.839,-507.312,-1102.15
0.252625,1141.33,970.897,2112.23
0.252946,-865.336,-741.252,-1606.59
0.253267,1301.73,1081.05,2382.78
0.253588,-311.784,-262.382,-574.166
0.253909,581.021,429.071,1010.09
0.254231,-151.593,-143.434,-295.027
0.254553,1255.01,1013.19,2268.2
0.254875,-1171.67,-978.399,-2150.06
0.255198,1397.08,1159.84,2556.92
0.255521,-315.653,-274.946,-590.599
0.255844,791.069,599.04,1390.11
0.256167,-86.2693,-69.3537,-155.623
0.256491,265.446,199.977,465.423
0.256815,-158.386,-136.175,-294.562
0.25714,1421.58,1158.63,2580.21
0.257464,-1155.32,-960.694,-2116.02
0.257789,1415.01,1209.58,2624.6
0.258115,5.89399,-31.2251,-25.3311
0.25844,329.913,224.29,554.203
0.258766,-69.8229,-63.4499,-133.273
0.259092,1099.55,875.901,1975.45
0.259419,-407.799,-371.509,-779.308
0.259745,-83.163,-404.631,-487.794
0.260072,679.96,533.385,1213.35
0.2604,-482.106,-304.428,-786.534
0.260727,924.561,636.043,1560.6
0.261055,-99.9019,-66.478,-166.38
0.261384,789.228,559.37,1348.6
0.261712,-497.844,-458.072,-955.916
0.262041,-190.534,-267.194,-457.728
0.26237,-528.838,-586.403,-1115.24
0.262699,-1099.15,-1037.18,-2136.33
0.263029,-864.407,-753.817,-1618.22
0.263359,-1414.47,-1355.24,-2769.71
0.26369,-860.956,-798.788,-1659.74
0.26402,-1708.15,-1105.67,-2813.83
0.264351,-468.255,-56.5084,-524.763
0.264682,-1521.87,-1048.37,-2570.24
0.265014,-714.309,-357.246,-1071.55
0.265346,-704.391,-413.308,-1117.7
0.265678,-1039.44,-503.353,-1542.79
0.26601,398.843,233.007,631.85
0.266343,-777.371,-246.621,-1023.99
0.266676,157.2,69.9022,227.102
0.267009,-75.5824,180.669,105.086
0.267343,445.052,355.739,800.79
0.267677,-654.375,-362.16,-1016.54
0.268011,647.38,461.475,1108.86
0.268346,-127.558,109.605,-17.9534
0.268681,414.467,180.255,594.721
0.269016,-36.8898,164.247,127.358
0.269351,439.441,232.181,671.622
0.269687,226.52,399.119,625.639
0.270023,435.096,236.23,671.326
0.270359,358.945,528.943,887.888
0.270696,206.513,-3.15883,203.354
0.271033,381.445,552.94,934.386
0.27137,-39.7977,-219.16,-258.958
0.271708,601.56,703.206,1304.77
0.272046,-24.9452,-99.5918,-124.537
0.272384,545.787,643.421,1189.21
0.272723,-23.4173,-203.459,-226.876
0.273062,532.496,658.797,1191.29
0.273401,96.4615,-46.1104,50.3511
0.27374,568.839,649.328,1218.17
0.27408,-123.517,-281.535,-405.052
0.27442,523.282,627.982,1151.26
0.27476,68.9939,-81.898,-12.9041
0.275101,590.407,639.209,1229.62
0.275442,-153.882,-301.845,-455.727
0.275783,524.724,595.908,1120.63
0.276125,-107.521,-259.122,-366.643
0.276467,704.953,705.54,1410.49
0.276809,-127.028,-260.747,-387.775
0.277152,554.716,620.443,1175.16
0.277495,-105.059,-203.408,-308.467
0.277838,761.647,747.319,1508.97
0.278181,-5.12283,-141.547,-146.67
0.278525,600.672,627.57,1228.24
0.278869,-189.368,-277.833,-467.201
0.279214,701.764,665.185,1366.95
0.279558,-11.73,-143.965,-155.695
0.279903,657.077,657.208,1314.28
0.280249,-91.6563,-230.552,-322.209
0.280594,654.602,646.599,1301.2
0.28094,56.4023,-98.4126,-42.0103
0.281287,661.421,661.854,1323.28
0.281633,-139.894,-246.895,-386.789
0.28198,604.619,584.059,1188.68
0.282328,271.783,57.946,329.729
0.282675,476.276,487.997,964.274
0.283023,45.1798,-95.0059,-49.8261
0.283371,552.755,563.587,1116.34
0.28372,53.1597,-153.407,-100.248
0.284069,615.195,588.84,1204.04
0.284418,-31.1009,-155.112,-186.213
0.284767,626.991,588.323,1215.31
0.285117,-22.2651,-157.836,-180.101
0.285467,617.831,606.494,1224.32
0.285818,43.4385,-104.961,-61.5226
0.286168,548.629,505.367,1054
0.286519,-27.063,-152.085,-179.148
0.286871,672.647,615.62,1288.27
0.287222,41.1692,-81.407,-40.2379
0.287574,530.803,500.624,1031.43
0.287927,122.675,-58.1387,64.5361
0.288279,564.347,542.225,1106.57
0.288632,48.7876,-71.79,-23.0024
0.288986,528.938,489.889,1018.83
0.289339,212.142,35.377,247.519
0.289693,608.717,590.479,1199.2
0.290048,63.3781,-42.7505,20.6276
0.290402,614.781,568.214,1182.99
0.290757,9.72689,-113.581,-103.854
0.291112,725.827,638.295,1364.12
0.291468,13.7828,-112.818,-99.035
0.291824,538.982,484.608,1023.59
0.29218,434.254,187.475,621.729
0.292536,298.43,316.931,615.36
0.292893,78.5565,-93.0373,-14.4809
0.293251,421.159,436.519,857.677
0.293608,344.325,138.499,482.824
0.293966,306.999,313.66,620.659
0.294324,301.351,115.43,416.781
0.294682,269.634,284.521,554.155
0.295041,522.779,293.866,816.645
0.2954,288.853,308.849,597.703
0.29576,314.776,136.923,451.7
0.29612,342.197,340.484,682.682
0.29648,515.644,249.692,765.336
0.29684,268.98,261.654,530.634
0.297201,457.716,252.24,709.955
0.297562,239.367,261.402,500.769
0.297923,609.612,347.143,956.755
0.298285,219.328,248.445,467.773
0.298647,469.914,255.951,725.865
0.29901,196.851,237.761,434.612
0.299372,612.433,366.861,979.293
0.299735,157.053,181.158,338.212
0.300099,519.362,291.322,810.684
0.300463,247.523,249.722,497.245
0.300827,561.389,306.195,867.585
0.301191,230.091,249.398,479.489
0.301556,549.9,315.344,865.244
0.301921,206.678,219.568,426.247
0.302286,564.375,333.301,897.676
0.302652,233.92,216.358,450.278
0.303018,622.196,347.287,969.484
0.303384,189.824,207.282,397.106
0.303751,604.785,349.984,954.769
0.304118,240.656,238.979,479.635
0.304485,530.368,329.152,859.52
0.304853,146.478,160.851,307.329
0.305221,678.014,438.98,1116.99
0.30559,213.235,212.797,426.032
0.305958,488.896,258.186,747.082
0.306327,282.243,269.127,551.37
0.306697,573.109,337.783,910.892
0.307067,242.961,224.937,467.898
0.307437,582.09,363.811,945.901
0.307807,-103.207,-55.7779,-158.985
0.308178,847.681,608.931,1456.61
0.308549,1.66002,11.9838,13.6438
0.30892,684.519,448.765,1133.28
0.309292,-77.9789,-45.0645,-123.043
0.309664,938.729,649.012,1587.74
0.310036,-81.5973,-77.6592,-159.256
0.310409,826.598,544.717,1371.31
0.310782,-46.4886,-33.2028,-79.6914
0.311156,825.278,580.698,1405.98
0.31153,-74.6748,-51.1978,-125.873
0.311904,712.725,466.853,1179.58
0.312278,155.979,156.404,312.383
0.312653,604.949,351.854,956.803
0.313028,184.48,190.136,374.616
0.313404,491.651,238.679,730.33
0.313779,183.722,154.328,338.05
0.314155,601.645,362.948,964.593
0.314532,174.39,160.441,334.831
0.314909,519.711,295.44,815.151
0.315286,178.757,170.303,349.06
0.315664,634.843,378.963,1013.81
0.316041,120.651,153.667,274.319
0.31642,547.044,310.832,857.876
0.316798,203.706,184.092,387.798
0.317177,614.383,362.764,977.147
0.317556,163.895,147.858,311.753
0.317936,507.173,306.693,813.867
0.318316,141.347,148.007,289.354
0.318696,646.443,386.7,1033.14
0.319077,180.68,163.971,344.651
0.319458,563.963,313.942,877.905
0.319839,95.0733,78.1921,173.265
0.320221,739.62,483.768,1223.39
0.320603,154.578,131.796,286.374
0.320985,568.4,341.67,910.07
0.321368,135.715,135.81,271.525
0.321751,673.781,428.06,1101.84
0.322134,142.338,148.02,290.357
0.322518,586.824,351.401,938.225
0.322902,101.531,102.213,203.743
0.323287,686.209,410.01,1096.22
0.323672,140.936,130.732,271.668
0.324057,732.291,470.867,1203.16
0.324442,63.0403,56.6898,119.73
0.324828,740.583,492.035,1232.62
0.325214,103.551,107.997,211.548
0.325601,679.338,420.839,1100.18
0.325988,193.571,182.534,376.105
0.326375,590.49,383.492,973.981
0.326763,213.977,180.139,394.116
0.327151,605.448,381.568,987.016
0.327539,290.894,250.187,541.081
0.327928,492.307,280.867,773.174
0.328317,316.95,244.266,561.216
0.328706,566.552,338.805,905.356
0.329096,345.534,276.112,621.646
0.329486,516.584,332.397,848.981
0.329876,201.196,141.35,342.546
0.330267,598.218,392.452,990.669
0.330658,175.097,137.488,312.584
0.33105,621.017,408.832,1029.85
0.331442,200.769,140.211,340.98
0.331834,657.848,446.314,1104.16
0.332226,236.715,198.41,435.125
0.332619,593.585,372.259,965.845
0.333013,247.22,187.817,435.036
0.333406,616.444,397.228,1013.67
0.3338,268.786,213.061,481.846
0.334195,668.547,429.719,1098.27
0.334589,159.064,90.7582,249.822
0.334984,-364.445,-146.383,-510.828
0.33538,18.537,90.7782,109.315
0.335776,-193.933,-48.635,-242.568
0.336172,183.431,-29.2224,154.209
0.336568,31.9827,-270.763,-238.78
0.336965,-90.9079,-145.518,-236.426
0.337362,-65.8392,4.13127,-61.7079
0.33776,275.548,459.619,735.167
0.338158,210.219,273.906,484.125
0.338556,814.154,467.974,1282.13
0.338955,141.708,319.642,461.35
0.339354,315.639,278.266,593.905
0.339753,-139.406,-151.229,-290.634
0.340153,590.172,424.426,1014.6
0.340553,-33.7101,-47.9173,-81.6274
0.340954,649.505,489.276,1138.78
0.341355,-389.339,-156.759,-546.098
0.341756,767.636,472.068,1239.7
0.342158,-278.427,-7.82781,-286.254
0.34256,956.22,625.108,1581.33
0.342962,-425.621,-219.017,-644.638
0.343365,900.352,609.88,1510.23
0.343768,-176.737,29.1965,-147.541
0.344171,1005.08,749.617,1754.69
0.344575,-236.904,-189.883,-426.787
0.344979,746.548,529.452,1276
0.345384,-298.458,-126.849,-425.307
0.345788,966.95,717.854,1684.8
0.346194,-313.848,-156.018,-469.866
0.346599,1052.12,803.895,1856.01
0.347005,-169.731,-55.7072,-225.439
0.347412,752.011,511.795,1263.81
0.347818,-296.916,-202.409,-499.325
0.348226,598.02,421.554,1019.57
0.348633,-152.835,-54.6501,-207.485
0.349041,694.768,524.045,1218.81
0.349449,-38.4114,27.7905,-10.6209
0.349858,633.017,452.489,1085.51
0.350267,-120.059,-89.1926,-209.252
0.350676,696.237,465.114,1161.35
0.351086,143.094,169.228,312.322
0.351496,544.861,363.344,908.205
0.351906,-119.102,-98.9569,-218.059
0.352317,352.521,183.823,536.344
0.352728,513.445,502.705,1016.15
0.35314,594.541,394.705,989.246
0.353552,-235.582,-151.516,-387.098
0.353964,410.976,249.597,660.573
0.354377,331.775,342.552,674.326
0.35479,498.244,329.412,827.657
0.355203,-70.7865,-36.7041,-107.491
0.355617,537.951,351.801,889.753
0.356031,293.61,315.456,609.066
0.356446,507.706,330.391,838.097
0.356861,17.444,47.2766,64.7207
0.357276,489.015,276.558,765.573
0.357692,435.652,431.235,866.887
0.358108,579.346,369.023,948.368
0.358524,-69.8154,-22.2806,-92.0961
0.358941,303.046,122.841,425.887
0.359358,447.93,442.678,890.608
0.359776,563.571,362.004,925.575
0.360194,-108.874,-45.2035,-154.078
0.360612,360.088,144.248,504.336
0.361031,402.245,391.739,793.984
0.36145,476.055,269.355,745.41
0.36187,41.5032,100.787,142.29
0.36229,357.893,105.87,463.763
0.36271,350.951,364.233,715.185
0.36313,423.291,229.778,653.069
0.363552,156.812,165.027,321.839
0.363973,335.553,92.4454,427.999
0.364395,432.761,387.358,820.119
0.364817,418.068,208.561,626.629
0.365239,71.4728,71.9532,143.426
0.365662,349.623,86.1125,435.736
0.366086,358.621,317.632,676.253
0.366509,487.666,259.544,747.21
0.366934,74.3889,41.7158,116.105
0.367358,345.679,114.138,459.816
0.367783,396.956,305.112,702.068
0.368208,467.415,219.583,686.998
0.368634,140.637,93.5936,234.231
0.36906,425.324,178.693,604.016
0.369486,387.971,309.976,697.947
0.369913,417.109,179.545,596.655
0.37034,118.881,89.7353,208.616
0.370768,399.238,197.809,597.047
0.371196,374.606,328.09,702.696
0.371624,429.241,199.196,628.437
0.372053,111.854,46.0115,157.866
0.372482,434.315,228.707,663.022
0.372912,379.202,339.365,718.567
0.373342,324.743,102.448,427.191
0.373772,189.325,159.964,349.288
0.374203,270.119,92.9136,363.032
0.374634,420.231,341.902,762.133
0.375065,283.204,91.0753,374.279
0.375497,304.201,240.609,544.81
0.375929,336.157,129.652,465.809
0.376362,425.463,339.252,764.715
0.376795,367.66,143.993,511.653
0.377228,220.074,191.687,411.761
0.377662,264.12,73.8105,337.931
0.378096,554.025,446.034,1000.06
0.378531,305.882,90.2151,396.097
0.378966,206.361,173.69,380.051
0.379402,290.662,126.822,417.484
0.379837,542.193,379.682,921.875
0.380274,280.763,120.841,401.604
0.38071,272.762,177.042,449.803
0.381147,325.77,151.107,476.877
0.381585,489.764,366.396,856.159
0.382022,323.677,139.157,462.835
0.382461,387.01,281.779,668.789
0.382899,256.811,112.353,369.164
0.383338,504.979,387.333,892.313
0.383778,335.985,150.031,486.016
0.384217,396.154,289.616,685.77
0.384658,302.562,154.726,457.288
0.385098,562.095,441.679,1003.77
0.385539,349.921,184.333,534.254
0.385981,381.728,293.241,674.97
0.386422,318.346,145.001,463.347
0.386865,512.293,392.482,904.774
0.387307,349.549,174.826,524.374
0.38775,458.048,343.014,801.062
0.388194,356.403,194.194,550.597
0.388637,500.168,388.663,888.831
0.389082,379.219,192.046,571.265
0.389526,383.71,270.876,654.586
0.389971,254.603,130.243,384.847
0.390417,631.188,477.315,1108.5
0.390863,276.05,128.18,404.23
0.391309,433.005,329.439,762.445
0.391755,346.133,207.078,553.211
0.392203,523.715,359.618,883.334
0.39265,392.7,216.252,608.952
0.393098,411.722,312.927,724.649
0.393546,434.052,281.983,716.034
0.393995,338.213,211.556,549.77
0.394444,507.014,329.404,836.419
0.394893,280.922,215.874,496.795
0.395343,482.132,275.798,757.93
0.395794,329.34,265.754,595.094
0.396244,630.147,379.988,1010.13
0.396695,224.899,217.277,442.176
0.397147,589.748,355.123,944.871
0.397599,164.403,133.663,298.065
0.398051,575.049,345.96,921.009
0.398504,339.362,270.945,610.307
0.398957,595.191,375.831,971.021
0.399411,182.943,155.482,338.424
0.399865,675.465,418.553,1094.02
0.400319,140.322,87.4149,227.737
0.400774,575.846,349.748,925.594
0.401229,400.98,312.637,713.617
0.401685,640.679,383.723,1024.4
0.402141,301.967,236.725,538.692
0.402598,556.58,337.129,893.71
0.403055,244.344,163.186,407.53
0.403512,662.606,406.455,1069.06
0.40397,450.983,321.744,772.727
0.404428,560.044,355.08,915.125
0.404886,279.343,232.65,511.993
0.405345,743.12,496.067,1239.19
0.405805,300.459,187.119,487.578
0.406265,635.254,433.944,1069.2
0.406725,357.009,254.234,611.244
0.407185,559.298,354.036,913.335
0.407646,336.999,273.185,610.184
0.408108,602.66,361.596,964.256
0.40857,266.581,180.516,447.097
0.409032,611.018,410.367,1021.39
0.409495,204.294,150.012,354.305
0.409958,628.872,382.271,1011.14
0.410422,387.746,235.237,622.983
0.410886,399.835,256.22,656.055
0.41135,504.122,391.82,895.942
0.411815,419.069,261.425,680.494
0.41228,432.354,338.027,770.381
0.412746,173.134,81.6781,254.812
0.413212,555.808,393.91,949.718
0.413679,415.125,265.642,680.766
0.414146,521.468,362.87,884.338
0.414613,364.893,236.432,601.325
0.415081,456.579,308.263,764.841
0.415549,447.74,276.027,723.767
0.416018,478.931,309.615,788.545
0.416487,448.549,312.463,761.012
0.416957,598.634,455.352,1053.99
0.417427,288.708,149.656,438.363
0.417897,604.436,386.232,990.668
0.418368,371.938,231.737,603.675
0.418839,508.925,374.908,883.834
0.419311,512.543,357.76,870.303
0.419783,691.469,424.33,1115.8
0.420255,312.605,224.267,536.872
0.420728,617.803,460.827,1078.63
0.421202,281.257,168.143,449.4
0.421675,552.157,370.456,922.613
0.42215,356.987,252.315,609.302
0.422624,504.512,327.132,831.644
0.4231,372.737,253.47,626.207
0.423575,589.283,422.74,1012.02
0.424051,280.857,171.643,452.5
0.424527,-133.467,-665.605,-799.072
0.425004,-198.041,-667.224,-865.264
0.425482,243.038,-191.214,51.8237
0.425959,-459.172,-586.754,-1045.93
0.426437,165.437,-10.0157,155.421
0.426916,-371.896,-464.579,-836.475
0.427395,795.605,604.484,1400.09
0.427874,-125.526,24.5254,-101.001
0.428354,626.137,532.372,1158.51
0.428835,245.35,463.698,709.048
0.429315,526.911,413.82,940.73
0.429797,-172.773,-78.9489,-251.722
0.430278,322.376,196.947,519.324
0.43076,42.6185,118.91,161.529
0.431243,420.185,257.328,677.513
0.431726,-30.5034,97.5863,67.0828
0.432209,395.328,233.292,628.62
0.432693,-58.7709,164.344,105.573
0.433177,311.732,113.597,425.329
0.433662,-21.8141,163.67,141.856
0.434147,466.559,211.469,678.028
0.434633,-170.676,4.53176,-166.144
0.435119,442.963,177.632,620.594
0.435605,-88.7738,62.4399,-26.3339
0.436092,466.374,222.171,688.545
0.436579,212.7,282.06,494.76
0.437067,149.619,-37.8944,111.725
0.437556,-84.3541,45.6217,-38.7324
0.438044,548.119,314.746,862.866
0.438533,13.1174,64.6509,77.7682
0.439023,476.33,264.448,740.778
0.439513,110.19,184.016,294.206
0.440003,357.673,138.442,496.115
0.440494,240.308,282.791,523.099
0.440986,93.0322,-73.67,19.3622
0.441477,201.595,233.687,435.281
0.44197,300.442,114.526,414.968
0.442462,165.443,194.964,360.407
0.442956,269.41,93.1724,362.582
0.443449,176.539,213.414,389.953
0.443943,321.973,131.398,453.371
0.444438,431.341,397.465,828.806
0.444933,68.3748,-63.9142,4.46058
0.445428,399.734,328.675,728.409
0.445924,100.641,-1.59346,99.0478
0.44642,485.991,430.007,915.997
0.446917,151.595,26.5433,178.138
0.447414,327.543,275.171,602.713
0.447912,181.669,84.5738,266.243
0.44841,493.666,406.923,900.589
0.448908,-1.02392,-79.3824,-80.4063
0.449407,529.455,457.345,986.8
0.449907,101.908,36.1294,138.037
0.450407,251.701,193.197,444.898
0.450907,252.408,156.697,409.104
0.451408,335.432,262.252,597.684
0.451909,119.914,15.0215,134.936
0.452411,329.204,247.607,576.811
0.452913,259.149,134.267,393.416
0.453416,272.012,227.111,499.123
0.453919,297.464,178.316,475.78
0.454423,282.154,213.867,496.021
0.454927,190.392,108.688,299.08
0.455431,401.454,322.2,723.654
0.455936,267.681,160.127,427.808
0.456441,328.997,280.481,609.478
0.456947,185.675,100.102,285.776
0.457454,306.746,241.137,547.883
0.45796,445.84,294.823,740.662
0.458468,-51.7422,-48.6271,-100.369
0.458975,447.576,270.834,718.41
0.459483,191.977,251.434,443.411
0.459992,-202.166,113.04,-89.1256
0.460501,421.954,157.727,579.681
0.461011,515.608,316.478,832.085
0.461521,363.604,294.47,658.073
0.462031,341.837,388.064,729.9
0.462542,655.016,104.83,759.846
0.463053,-128.07,78.5955,-49.474
0.463565,72.554,-220.812,-148.258
0.464078,366.626,416.402,783.029
0.46459,6.46565,-374.268,-367.802
0.465104,625.518,716.759,1342.28
0.465617,-593.852,-655.964,-1249.82
0.466132,508.602,636.726,1145.33
0.466646,-74.7364,-294.221,-368.958
0.467161,503.956,675.211,1179.17
0.467677,-17.397,-207.987,-225.384
0.468193,498.918,682.967,1181.89
0.46871,-164.903,-286.655,-451.558
0.469227,562.578,626.695,1189.27
0.469744,-206.72,-291.324,-498.044
0.470262,704.667,770.834,1475.5
0.470781,-405.354,-415.351,-820.705
0.471299,724.483,714.68,1439.16
0.471819,-319.891,-316.893,-636.784
0.472339,736.991,714.629,1451.62
0.472859,-288.05,-295.847,-583.897
0.47338,606.773,615.734,1222.51
0.473901,-218.803,-202.501,-421.304
0.474423,578.188,573.165,1151.35
0.474945,-156.588,-183.173,-339.761
0.475468,585.688,583.968,1169.66
0.475991,-95.4865,-119.895,-215.381
0.476514,519.363,502.729,1022.09
0.477038,-191.094,-188.52,-379.614
0.477563,514.128,512.851,1026.98
0.478088,-47.7838,-114.559,-162.343
0.478614,600.787,584.686,1185.47
0.47914,-198.822,-207.613,-406.434
0.479666,500.637,569.522,1070.16
0.480193,53.4568,-150.19,-96.7333
0.480721,555.286,575.645,1130.93
0.481248,-1.90186,-138.573,-140.474
0.481777,518.379,595.451,1113.83
0.482306,133.088,-45.5602,87.5281
0.482835,445.798,524.648,970.446
0.483365,60.1009,-126.847,-66.7459
0.483895,593.961,648.264,1242.22
0.484426,-210.69,-375.263,-585.954
0.484957,649.257,608.919,1258.18
0.485489,137.967,-69.9063,68.0609
0.486021,587.998,559.989,1147.99
0.486554,-152.492,-313.84,-466.331
0.487087,630.677,590.29,1220.97
0.487621,12.2358,-140.134,-127.898
0.488155,766.633,680.601,1447.23
0.48869,-218.718,-333.685,-552.403
0.489225,1138.08,969.522,2107.6
0.489761,-427.64,-508.168,-935.808
0.490297,814.836,715.319,1530.16
0.490834,-176.27,-307.721,-483.991
0.491371,755.927,680.361,1436.29
0.491908,-26.1703,-191.147,-217.317
0.492447,755.34,659.269,1414.61
0.492985,-60.6555,-199.375,-260.031
0.493524,764.973,674.684,1439.66
0.494064,1.54489,-160.839,-159.294
0.494604,783.566,662.677,1446.24
0.495144,-144.871,-266.611,-411.482
0.495685,921.49,798.158,1719.65
0.496227,-48.9694,-179.442,-228.411
0.496769,762.12,653.182,1415.3
0.497311,-65.8589,-188.365,-254.224
0.497854,872.368,773.384,1645.75
0.498398,75.943,-93.7305,-17.7875
0.498942,725.705,555.244,1280.95
0.499486,274.688,105.136,379.824
0.500031,624.85,524.354,1149.2
0.500577,30.7418,-100.548,-69.8062
0.501123,686.344,554.438,1240.78
0.501669,249.561,50.7165,300.278
0.502216,560.57,453.932,1014.5
0.502764,195.728,17.0153,212.743
0.503312,616.157,507.432,1123.59
0.50386,463.976,262.109,726.085
0.504409,557.416,421.732,979.149
0.504959,151.329,4.8684,156.197
0.505509,606.778,475.897,1082.68
0.506059,428.913,237.021,665.934
0.50661,507.591,391.484,899.075
0.507162,281.917,124.185,406.102
0.507714,534.002,409.513,943.515
0.508266,538.817,290.058,828.876
0.508819,610.052,438.406,1048.46
0.509372,370.936,212.701,583.637
0.509926,302.392,210.554,512.946
0.510481,755.687,471.874,1227.56
0.511036,286.144,187.224,473.368
0.511591,616.784,373.331,990.115
0.512147,445.176,285.844,731.02
0.512704,344.745,177.417,522.162
0.513261,790.216,563.859,1354.08
0.513818,426.51,271.418,697.928
0.514376,381.019,216.307,597.326
0.514935,456.677,285.928,742.604
0.515494,388.136,247.517,635.653
0.516053,552.353,381.119,933.472
0.516614,511.552,319.943,831.495
0.517174,450.737,262.13,712.867
0.517735,552.589,365.355,917.944
0.518297,523.867,337.478,861.344
0.518859,500.921,348.24,849.161
0.519421,505.095,300.661,805.757
0.519985,601.218,417.211,1018.43
0.520548,566.159,368.292,934.451
0.521112,501.343,327.287,828.63
0.521677,434.414,280.22,714.634
0.522242,595.585,383.737,979.323
0.522808,431.422,246.697,678.12
0.523374,564.662,382.176,946.838
0.523941,527.682,346.581,874.263
0.524508,553.205,363.705,916.91
0.525076,359.782,218.45,578.232
0.525644,577.85,373.087,950.937
0.526213,421.045,265.447,686.491
0.526782,719.473,475.691,1195.16
0.527352,473.908,279.203,753.111
0.527922,576.651,378.441,955.092
0.528493,497.024,331.064,828.088
0.529064,481.074,309.125,790.2
0.529636,529.647,367.356,897.003
0.530208,537.336,344.605,881.941
0.530781,442.151,308.7,750.851
0.531355,616.527,396.703,1013.23
0.531929,401.04,283.491,684.531
0.532503,624.358,401.018,1025.38
0.533078,421.739,296.612,718.351
0.533654,627.696,396.486,1024.18
0.53423,408.078,284.691,692.769
0.534806,641.807,415.713,1057.52
0.535384,321.448,213.063,534.511
0.535961,727.889,479.556,1207.45
0.536539,519.286,364.545,883.831
0.537118,541.946,333.269,875.215
0.537697,461.708,306.916,768.624
0.538277,730.171,465.325,1195.5
0.538857,391.24,241.312,632.553
0.539438,709.231,468.244,1177.48
0.540019,359.311,244.527,603.838
0.540601,801.418,515.932,1317.35
0.541183,340.827,212.372,553.199
0.541766,669.16,407.374,1076.53
0.54235,441.07,320.592,761.661
0.542934,678.216,427.885,1106.1
0.543518,475.571,300.139,775.71
0.544103,584.971,368.562,953.533
0.544689,474.327,351.956,826.283
0.545275,601.046,356.089,957.135
0.545861,449.908,317.126,767.034
0.546449,589.595,380.388,969.983
0.547036,485.197,353.593,838.79
0.547624,601.127,358.152,959.278
0.548213,516.561,332.469,849.029
0.548803,482.399,284.861,767.26
0.549392,611.459,417.092,1028.55
0.549983,529.995,321.588,851.583
0.550574,521.329,354.332,875.661
0.551165,466.572,275.902,742.473
0.551757,723.114,505.709,1228.82
0.552349,497.423,310.621,808.044
0.552943,516.146,317.538,833.684
0.553536,366.946,205.077,572.023
0.55413,687.52,475.132,1162.65
0.554725,610.683,409.261,1019.94
0.55532,483.99,287.831,771.822
0.555916,494.918,316.493,811.411
0.556512,576.652,403.365,980.017
0.557109,593.944,374.094,968.037
0.557706,549.586,328.823,878.409
0.558304,572.227,366.375,938.603
0.558903,525.336,344.636,869.972
0.559502,644.222,419.006,1063.23
0.560101,483.579,297.812,781.392
0.560701,593.325,404.955,998.279
0.561302,625.357,433.74,1059.1
0.561903,533.048,340.237,873.285
0.562505,447.812,257.497,705.31
0.563107,659.775,438.728,1098.5
0.56371,648.397,452.622,1101.02
0.564313,463.712,265.249,728.961
0.564917,499.479,286.909,786.388
0.565522,583.088,395.777,978.864
0.566127,600.458,392.044,992.502
0.566732,492.708,298.317,791.025
0.567338,671.008,446.275,1117.28
0.567945,465.18,286.523,751.703
0.568552,650.622,461.769,1112.39
0.56916,487.429,294.767,782.196
0.569768,564.783,350.648,915.431
0.570377,500.368,276.917,777.285
0.570987,674.231,453.327,1127.56
0.571597,367.21,219.37,586.58
0.572207,840.46,610.794,1451.25
0.572818,367.253,196.804,564.057
0.57343,593.414,409.527,1002.94
0.574042,492.308,316.958,809.266
0.574655,723.455,510.221,1233.68
0.575268,346.658,190.595,537.253
0.575882,1068.16,791.814,1859.97
0.576497,527.216,326.587,853.803
0.577112,365.418,164.5,529.918
0.577727,545.077,368.321,913.397
0.578343,614.346,404.944,1019.29
0.57896,413.85,232.414,646.264
0.579577,473.195,289.232,762.427
0.580195,663.884,443.561,1107.45
0.580813,18.5142,282.305,300.819
0.581432,162.518,395.065,557.582
0.582052,-194.414,-36.6686,-231.082
0.582672,-143.149,114.844,-28.3047
0.583292,189.666,334.772,524.438
0.583914,-372.057,9.128,-362.929
0.584535,45.1738,-82.208,-37.0342
0.585158,268.147,432.011,700.158
0.585781,82.5892,-41.6124,40.9768
0.586404,104.583,179.837,284.42
0.587028,333.163,296.579,629.741
0.587653,1.6972,215.99,217.687
0.588278,208.272,231.041,439.313
0.588903,354.197,462.821,817.017
0.58953,84.8443,83.1281,167.972
0.590157,177.394,352.263,529.657
0.590784,224.432,169.741,394.173
0.591412,-34.7396,51.7359,16.9962
0.592041,110.889,23.1848,134.073
0.59267,168.11,190.806,358.916
0.593299,481.684,280.725,762.409
0.59393,60.4506,102.984,163.435
0.59456,248.61,115.276,363.887
0.595192,102.413,124.104,226.517
0.595824,319.58,197.757,517.336
0.596456,197.776,148.252,346.028
0.59709,304.284,174.798,479.081
0.597723,331.214,265.4,596.614
0.598358,242.28,181.175,423.455
0.598992,303.493,223.546,527.039
0.599628,211.778,148.389,360.168
0.600264,373.576,283.793,657.37
0.600901,266.103,234.288,500.391
0.601538,422.925,296.742,719.667
0.602175,138.152,117.29,255.442
0.602814,601.236,453.505,1054.74
0.603453,34.0221,40.9013,74.9234
0.604092,737.792,534.312,1272.1
0.604732,-79.1342,-141.906,-221.04
0.605373,707.922,610.499,1318.42
0.606014,17.8932,-15.9364,1.95684
0.606656,809.789,595.527,1405.32
0.607298,-171.251,-154.459,-325.71
0.607941,715.198,528.557,1243.75
0.608585,-123.962,-84.4476,-208.41
0.609229,778.025,526.436,1304.46
0.609874,-73.5085,-99.2845,-172.793
0.610519,728.995,526.916,1255.91
0.611165,-27.5331,-18.6313,-46.1644
0.611812,720.714,482.653,1203.37
0.612459,34.8196,22.5606,57.3802
0.613107,677.465,489.33,1166.8
0.613755,33.862,34.6033,68.4654
0.614404,799.555,512.535,1312.09
0.615053,18.9417,-6.20656,12.7351
0.615703,688.99,472.066,1161.06
0.616354,83.4537,68.103,151.557
0.617005,698.818,443.531,1142.35
0.617657,180.03,147.031,327.061
0.618309,681.176,422.526,1103.7
0.618962,173.803,108.039,281.841
0.619616,579.778,361.079,940.858
0.62027,279.471,221.125,500.597
0.620925,566.27,304.539,870.809
0.62158,284.42,223.511,507.931
0.622236,587.187,359.484,946.671
0.622893,252.754,167.587,420.34
0.62355,546.247,312.353,858.6
0.624208,316.675,252.546,569.221
0.624866,651.035,371.011,1022.05
0.625525,304.259,227.022,531.282
0.626185,598.19,339.694,937.884
0.626845,319.585,255.272,574.857
0.627506,609.457,329.961,939.418
0.628167,260.189,191.435,451.625
0.628829,599.553,342.07,941.624
0.629492,362.986,227.216,590.202
0.630155,615.37,462.725,1078.09
0.630819,278.089,94.3441,372.433
0.631483,601.158,374.52,975.678
0.632148,590.975,424.11,1015.08
0.632813,527.139,315.224,842.364
0.63348,319.976,163.259,483.235
0.634146,555.369,376.247,931.617
0.634814,374.155,231.564,605.719
0.635482,524.201,312.056,836.256
0.636151,323.927,209.824,533.751
0.63682,615.283,365.086,980.369
0.63749,372.485,245.352,617.837
0.63816,518.392,306.81,825.203
0.638831,241.537,138.272,379.809
0.639503,643.41,450.824,1094.23
0.640175,331.595,210.212,541.807
0.640848,619.006,399.11,1018.12
0.641521,214.28,155.402,369.682
0.642196,630.188,437.05,1067.24
0.64287,309.353,202.394,511.746
0.643546,586.093,434.601,1020.69
0.644222,287.02,169.31,456.33
0.644898,576.534,393.843,970.377
0.645575,357.621,256.225,613.846
0.646253,614.389,423.549,1037.94
0.646931,327.987,212.14,540.127
0.647611,563.462,388.137,951.599
0.64829,341.033,231.114,572.147
0.64897,609.297,436.9,1046.2
0.649651,220.689,149.176,369.865
0.650333,637.734,409.78,1047.51
0.651015,370.137,269.941,640.078
0.651698,668.663,449.169,1117.83
0.652381,282.814,190.208,473.022
0.653065,703.638,500.872,1204.51
0.65375,348.421,238.022,586.443
0.654435,673.455,427.29,1100.75
0.655121,306.774,230.428,537.202
0.655807,619.203,374.485,993.688
0.656494,360.245,264.018,624.263
0.657182,607.521,399.334,1006.86
0.65787,351.127,266.867,617.995
0.658559,614.538,405.089,1019.63
0.659249,367.415,245.794,613.209
0.659939,635.341,397.64,1032.98
0.66063,430.216,307.973,738.189
0.661321,712.97,422.266,1135.24
0.662014,413.989,293.778,707.766
0.662706,646.809,410.598,1057.41
0.6634,337.689,254.493,592.182
0.664094,715.242,444.629,1159.87
0.664788,366.491,256.186,622.677
0.665484,669.497,387.72,1057.22
0.666179,437.673,310.013,747.686
0.666876,666.443,388.249,1054.69
0.667573,370.875,262.778,633.653
0.668271,737.623,477.339,1214.96
0.668969,335.493,211.025,546.518
0.669668,650.241,425.071,1075.31
0.670368,416.834,316.235,733.069
0.671068,740.65,444.443,1185.09
0.671769,346.172,225.06,571.232
0.672471,825.87,520.163,1346.03
0.673173,300.094,192.688,492.781
0.673876,698.387,456.344,1154.73
0.67458,401.445,290.031,691.476
0.675284,722.173,427.441,1149.61
0.675989,382.491,226.871,609.362
0.676694,639.445,410.331,1049.78
0.6774,464.62,299.33,763.951
0.678107,569.298,333.437,902.735
0.678814,516.829,345.887,862.716
0.679522,539.654,298.522,838.176
0.680231,530.693,334.491,865.184
0.68094,496.048,305.791,801.838
0.68165,579.18,403.654,982.834
0.682361,422.644,188.264,610.908
0.683072,565.985,342.852,908.837
0.683784,390.175,244.548,634.724
0.684496,621.78,459.432,1081.21
0.68521,540.045,317.194,857.24
0.685923,406.305,255.341,661.646
0.686638,654.663,421.147,1075.81
0.687353,611.263,409.035,1020.3
0.688069,548.653,328.46,877.113
0.688785,627.013,401.155,1028.17
0.689502,618.697,392.798,1011.5
0.69022,525.928,368.318,894.247
0.690938,554.991,364.85,919.841
0.691657,540.19,356.821,897.011
0.692377,685.209,403.742,1088.95
0.693098,619.092,421.207,1040.3
0.693819,583.749,371.671,955.421
0.69454,612.85,413.708,1026.56
0.695262,248.261,106.164,354.425
0.695985,706.195,465.478,1171.67
0.696709,864.319,632.518,1496.84
0.697433,983.356,708.783,1692.14
0.698158,571.016,374.194,945.21
0.698884,529.038,345.496,874.533
0.69961,699.115,467.617,1166.73
0.700337,214.922,92.0272,306.95
0.701065,475.853,314.997,790.851
0.701793,449.665,285.236,734.902
0.702522,622.725,420.334,1043.06
0.703251,380.943,240.394,621.337
0.703982,657.616,451.726,1109.34
0.704712,443.32,272.916,716.236
0.705444,515.313,352.328,867.641
0.706176,617.502,447.871,1065.37
0.706909,525.722,327.495,853.217
0.707643,734.335,540.732,1275.07
0.708377,340.886,222.161,563.047
0.709112,760.749,532.032,1292.78
0.709847,480.729,298.174,778.903
0.710584,633.982,422.479,1056.46
0.71132,545.686,379.432,925.118
0.712058,527.97,323.124,851.094
0.712796,459.958,301.868,761.826
0.713535,774.868,539.332,1314.2
0.714275,439.618,264.931,704.549
0.715015,592.669,399.859,992.529
0.715756,1169.14,1015.61,2184.75
0.716498,638.948,598.993,1237.94
0.71724,991.804,824.851,1816.65
0.717983,850.734,555.956,1406.69
0.718726,-45.3754,-120.688,-166.063
0.719471,1099.04,799.327,1898.37
0.720216,-327.928,-190.614,-518.542
0.720961,294.148,108.841,402.989
0.721708,-88.9102,154.041,65.1311
0.722455,603.442,290.484,893.925
0.723202,-76.3461,13.6653,-62.6808
0.723951,965.598,679.194,1644.79
0.7247,-99.141,-5.60802,-104.749
0.725449,854.155,588.548,1442.7
0.7262,-206.685,-114.086,-320.771
0.726951,961.354,703.247,1664.6
0.727703,-226.298,-87.7924,-314.091
0.728455,1128.52,863.348,1991.86
0.729208,44.3876,-37.8075,6.5801
0.729962,717.172,445.65,1162.82
0.730717,-317.071,-170.417,-487.488
0.731472,859.268,630.171,1489.44
0.732228,-524.203,-347.502,-871.705
0.732984,1068.98,810.578,1879.55
0.733742,-80.9548,-104.139,-185.094
0.7345,824.173,610.74,1434.91
0.735258,-587.186,-428.295,-1015.48
0.736017,1169.3,891.219,2060.52
0.736777,-356.531,-157.043,-513.574
0.737538,990.114,787.727,1777.84
0.7383,-205.623,-170.303,-375.926
0.739062,923.361,666.74,1590.1
0.739824,-688.733,-496.689,-1185.42
0.740588,1441.33,1079.19,2520.52
0.741352,-81.2935,-101.642,-182.936
0.742117,791.276,575.613,1366.89
0.742883,-553.626,-435.816,-989.442
0.743649,1457.7,1087.43,2545.13
0.744416,-599.276,-549.271,-1148.55
0.745183,1162.98,861.211,2024.19
0.745952,-276.784,-165.126,-441.91
0.746721,1033.42,727.825,1761.24
0.747491,20.8689,78.6133,99.4822
0.748261,1193.38,871.028,2064.4
0.749032,-208.583,-131.016,-339.598
0.749804,940.028,687.511,1627.54
0.750577,-12.9689,8.19145,-4.77742
0.75135,1273.77,906.347,2180.12
0.752124,-547.16,-409.365,-956.524
0.752898,1207.99,834.874,2042.86
0.753674,-609.606,-476.782,-1086.39
0.75445,1524.96,1157.45,2682.41
0.755227,-778.219,-605.745,-1383.96
0.756004,1540,1156.64,2696.63
0.756782,-729.355,-565.551,-1294.91
0.757561,1434.02,1083.65,2517.67
0.758341,-600.735,-457.144,-1057.88
0.759121,1548.7,1145.61,2694.31
0.759902,-701.436,-539.11,-1240.55
0.760684,1601.72,1205.46,2807.18
0.761466,-552.074,-404.833,-956.907
0.762249,1404.6,1048.52,2453.11
0.763033,-551.851,-441.641,-993.492
0.763818,1588.48,1179.71,2768.2
0.764603,-622.852,-474.5,-1097.35
0.765389,1337.14,973.791,2310.93
0.766176,-494.14,-384.338,-878.478
0.766963,1411.22,1019.58,2430.8
0.767751,-299.171,-239.441,-538.612
0.76854,1372.26,987.673,2359.93
0.76933,-747.109,-587.259,-1334.37
0.77012,1702.85,1296.21,2999.06
0.770911,-775.363,-607.02,-1382.38
0.771703,1295.36,948.967,2244.33
0.772495,-178.071,-129.462,-307.533
0.773289,1244.15,870.618,2114.77
0.774082,-476.184,-373.478,-849.662
0.774877,1462.73,1071.59,2534.32
0.775672,-470.762,-362.51,-833.272
0.776469,1356.31,975.436,2331.74
0.777265,-385.415,-305.296,-690.711
0.778063,1431.7,1068.47,2500.17
0.778861,-558.25,-469.149,-1027.4
0.77966,1357.73,994.344,2352.08
0.78046,-436.763,-333.266,-770.03
0.78126,1431.7,1060.89,2492.59
0.782061,-387.378,-309.494,-696.872
0.782863,1281.52,931.554,2213.07
0.783666,-400.322,-324.849,-725.171
0.784469,1314.81,963.85,2278.66
0.785273,-194.486,-171.74,-366.226
0.786078,1083.94,777.571,1861.52
0.786883,-120.214,-125.064,-245.278
0.78769,1186.17,857.155,2043.33
0.788497,-261.97,-225.767,-487.737
0.789304,959.334,692.649,1651.98
0.790113,254.694,206.461,461.155
0.790922,976.866,667.975,1644.84
0.791732,-20.1217,-18.4842,-38.6058
0.792543,1046.26,755.679,1801.94
0.793354,-20.0174,-22.5988,-42.6161
0.794166,696.65,482.73,1179.38
0.794979,27.2471,33.293,60.5401
0.795793,1166.25,845.744,2011.99
0.796607,-82.8767,-94.2212,-177.098
0.797422,993.843,757.721,1751.56
0.798238,48.3959,15.3859,63.7818
0.799055,927.215,668.69,1595.9
0.799872,-11.0017,-67.5054,-78.5071
0.80069,942.728,653.193,1595.92
0.801509,-108.088,-103.045,-211.133
0.802328,1021.43,736.495,1757.93
0.803149,62.3769,25.8661,88.243
0.80397,963.687,666.67,1630.36
0.804791,-51.0744,-56.3479,-107.422
0.805614,1030.88,750.64,1781.52
0.806437,-82.8255,-61.2569,-144.082
0.807261,1049.91,744.047,1793.96
0.808086,21.8843,13.2372,35.1215
0.808912,1129.36,797.827,1927.18
0.809738,47.3158,25.4702,72.786
0.810565,867.489,613.046,1480.54
0.811393,-145.161,-130.438,-275.599
0.812221,914.224,643.426,1557.65
0.813051,111.364,61.5125,172.877
0.813881,928.698,667.122,1595.82
0.814711,-24.158,-72.1551,-96.3131
0.815543,847.584,627.338,1474.92
0.816375,103.177,46.5163,149.694
0.817208,966.991,695.867,1662.86
0.818042,-16.8782,-52.2198,-69.098
0.818877,786.304,544.95,1331.25
0.819712,4.19425,-24.1197,-19.9255
0.820548,1119.92,841.832,1961.75
0.821385,-276.375,-268.532,-544.907
0.822223,1156.06,863.089,2019.15
0.823061,-471.804,-397.973,-869.777
0.8239,1272.85,949.706,2222.55
0.82474,-404.8,-347.242,-752.042
0.825581,1264.77,952.905,2217.67
0.826422,-342.183,-277.395,-619.578
0.827264,1253.25,918.951,2172.2
0.828107,-365.19,-306.598,-671.788
0.828951,1334.71,1015.16,2349.87
0.829796,-258.707,-221.6,-480.307
0.830641,1353.79,990.965,2344.76
0.831487,-589.738,-476.611,-1066.35
0.832334,1546.72,1153.63,2700.36
0.833181,-450.996,-387.187,-838.183
0.83403,1489.22,1082.16,2571.39
0.834879,-468.283,-375.857,-844.14
0.835729,1391,1011.92,2402.92
0.836579,-251.366,-246.706,-498.073
0.837431,1342.95,978.885,2321.83
0.838283,-340.209,-292.367,-632.577
0.839136,1297.36,975.232,2272.59
0.83999,-450.508,-341.907,-792.415
0.840844,1165.95,885.189,2051.14
0.8417,-239.477,-208.476,-447.953
0.842556,1226.85,923.144,2150
0.843413,-201.141,-171.414,-372.555
0.84427,1346.84,1024.22,2371.06
0.845129,-351.751,-273.587,-625.337
0.845988,1308.26,989.25,2297.51
0.846848,-363.291,-293.532,-656.823
0.847709,1361.29,1019.54,2380.82
0.84857,-378.553,-292.86,-671.414
0.849432,1331.82,998.505,2330.33
0.850296,-298.98,-263.987,-562.968
0.85116,1255.94,924.876,2180.82
0.852024,-222.78,-189.424,-412.204
0.85289,1232.54,919.183,2151.73
0.853756,-247.237,-192.727,-439.964
0.854623,1297.22,977.434,2274.65
0.855491,-343.894,-275.118,-619.011
0.856359,1348.75,1003.86,2352.61
0.857229,-304.502,-284.365,-588.868
0.858099,1353.74,990.413,2344.16
0.85897,-150.888,-187.147,-338.035
0.859842,1254.16,930.45,2184.61
0.860714,-380.837,-292.844,-673.681
0.861588,1420.98,1038.86,2459.83
0.862462,-416.747,-323.996,-740.743
0.863337,1427.51,1045.61,2473.12
0.864213,-404.159,-329.126,-733.285
0.865089,1456.62,1030.2,2486.82
0.865967,-315.215,-309.09,-624.305
0.866845,1348.3,998.276,2346.58
0.867724,-404.299,-349.574,-753.873
0.868604,1435.53,1082.8,2518.33
0.869484,-479.754,-393.945,-873.699
0.870365,1470.74,1071.19,2541.93
0.871248,-390.67,-324.8,-715.47
0.872131,1393.56,1029.06,2422.62
0.873014,-271.811,-196.503,-468.313
0.873899,1185.41,884.09,2069.5
0.874784,-194.272,-175.894,-370.165
0.87567,1454.22,1006.83,2461.05
0.876557,-85.0819,-74.7932,-159.875
0.877445,392.744,692.443,1085.19
0.878334,916.594,1000.44,1917.04
0.879223,982.523,663.607,1646.13
0.880113,132.489,266.251,398.74
0.881004,513.676,313.232,826.909
0.881896,162.452,315.881,478.332
0.882789,421.289,232.33,653.619
0.883682,278.85,319.058,597.908
0.884576,425.357,190.625,615.982
0.885472,311.968,360.781,672.749
0.886367,421.938,203.909,625.846
0.887264,376.585,439.011,815.596
0.888162,560.722,298.308,859.03
0.88906,248.626,285.534,534.16
0.889959,596.617,290.568,887.185
0.890859,90.7833,138.34,229.123
0.89176,811.9,545.183,1357.08
0.892661,-75.643,4.71671,-70.9263
0.893564,880.249,594.603,1474.85
0.894467,26.9039,43.3052,70.2091
0.895371,851.897,604.87,1456.77
0.896276,-28.1201,15.8093,-12.3109
0.897182,887.627,655.212,1542.84
0.898088,17.0581,44.6374,61.6954
0.898996,627.001,430.543,1057.54
0.899904,138.263,142.015,280.278
0.900813,777.764,581.781,1359.55
0.901723,-339.814,-298.714,-638.529
0.902633,1168.08,854.398,2022.48
0.903545,-438.867,-316.479,-755.345
0.904457,1228.92,909.644,2138.57
0.90537,-600.157,-473.962,-1074.12
0.906284,1285.21,944.064,2229.27
0.907199,-507.406,-391.058,-898.464
0.908115,1273.16,937.767,2210.93
0.909031,-412.965,-351.811,-764.776
0.909948,1339.33,996.506,2335.84
0.910867,-695.734,-516.634,-1212.37
0.911786,1532.53,1136.4,2668.93
0.912705,-673.273,-564.813,-1238.09
0.913626,1482.54,1087.72,2570.26
0.914547,-680.177,-508.064,-1188.24
0.91547,1479.79,1100.04,2579.84
0.916393,-674.977,-555.818,-1230.79
0.917317,1503.08,1150.4,2653.49
0.918242,-637.428,-533.934,-1171.36
0.919167,1510.34,1109.37,2619.72
0.920094,-487.836,-401.695,-889.531
0.921021,1047.17,774.837,1822.01
0.921949,-162.205,-147.346,-309.552
0.922879,1139.41,824.135,1963.55
0.923808,-264.432,-221.46,-485.892
0.924739,1060.8,778.598,1839.4
0.925671,-135.751,-141.199,-276.95
0.926603,1189.77,885.619,2075.39
0.927536,-261.072,-228.151,-489.222
0.928471,1140.96,829.989,1970.95
0.929406,-195.615,-164.232,-359.847
0.930341,1164.19,841.198,2005.39
0.931278,-231.941,-190.526,-422.467
0.932216,1094.42,820.035,1914.45
0.933154,-166.152,-142.728,-308.88
0.934093,1165.54,860.926,2026.46
0.935033,119.503,76.7185,196.222
0.935974,776.076,539.831,1315.91
0.936916,156.714,116.247,272.962
0.937859,766.892,523.408,1290.3
0.938802,173.583,156.859,330.443
0.939747,728.51,565.136,1293.65
0.940692,-34.6073,-74.9159,-109.523
0.941638,900.435,680.138,1580.57
0.942585,-190.765,-202.025,-392.79
0.943533,1212.05,904.305,2116.35
0.944481,-42.4621,-54.2861,-96.7482
0.945431,1100.91,808.494,1909.4
0.946381,42.7182,-32.4116,10.3066
0.947332,1333.67,1014.61,2348.28
0.948285,-65.5874,-103.16,-168.747
0.949238,1200.46,881.79,2082.25
0.950191,-770.428,-615.287,-1385.71
0.951146,1526.02,1111.11,2637.13
0.952102,-518.425,-419.745,-938.17
0.953058,1376.63,1017.72,2394.35
0.954015,-256.094,-212.962,-469.056
0.954974,1362.17,981.468,2343.63
0.955933,-131.922,-121.461,-253.384
0.956893,1514.64,1129.23,2643.88
0.957853,-477.444,-428.391,-905.835
0.958815,1332.76,975.104,2307.86
0.959778,-707.761,-545.678,-1253.44
0.960741,1668.01,1193.43,2861.44
0.961705,-564.539,-434.249,-998.788
0.962671,1373.71,1009.72,2383.43
0.963637,-387.436,-292.954,-680.391
0.964604,1354.75,1006.09,2360.84
0.965571,-107.185,-98.9442,-206.129
0.96654,1342.37,1019.08,2361.45
0.96751,-325.69,-306.682,-632.372
0.96848,1093.43,782.682,1876.11
0.969452,-410.506,-367.086,-777.592
0.970424,1127.84,843.643,1971.48
0.971397,-285.622,-293.07,-578.692
0.972371,1511.02,1151.83,2662.85
0.973346,-387.767,-321.234,-709.001
0.974322,1464.12,1097.67,2561.79
0.975298,-576.424,-472.511,-1048.94
0.976276,1365.1,1034.84,2399.94
0.977254,-551.846,-448.538,-1000.38
0.978234,1378.27,1029.39,2407.66
0.979214,-420.462,-345.897,-766.359
0.980195,1067.64,875.047,1942.69
0.981177,-165.474,-208.26,-373.734
0.98216,1081.76,864.467,1946.22
0.983143,21.8933,-27.3755,-5.48214
0.984128,1464.33,1112.99,2577.31
0.985114,-158.118,-162.544,-320.662
0.9861,1216.51,929.851,2146.36
0.987088,-189.164,-187.196,-376.36
0.988076,1044.92,825.738,1870.65
0.989065,-291.818,-271.068,-562.886
0.990055,1162.61,948.157,2110.77
0.991046,46.6789,-36.455,10.2238
0.992038,1231,954.694,2185.69
0.993031,-511.072,-408.658,-919.73
0.994024,1324.81,1032.23,2357.03
0.995019,-269.422,-239.871,-509.293
0.996014,1214.57,888.324,2102.9
0.997011,-208.205,-204.712,-412.917
0.998008,1297.84,985.37,2283.21
0.999006,-373.753,-320.178,-693.931
1.00001,1298.7,1089.57,2388.27
1.00101,-335.915,-347.156,-683.071
1.00201,1061.61,857.337,1918.95
1.00301,-278.477,-206.127,-484.604
1.00402,1477.56,1135.8,2613.36
1.00502,-494.69,-379.146,-873.835
1.00603,1540.63,1197.5,2738.12
1.00704,-566.359,-507.216,-1073.58
1.00805,1477.9,1137.25,2615.15
1.00906,-448.029,-403.838,-851.867
1.01008,1497.61,1154.19,2651.81
1.0111,-404.833,-360.599,-765.431
1.01211,1421.28,1087.29,2508.58
1.01313,-472.158,-397.92,-870.078
1.01415,1451.33,1151.37,2602.69
1.01518,-529.905,-479.987,-1009.89
1.0162,1586.22,1233.1,2819.32
1.01723,-295.943,-291.301,-587.244
1.01826,1307.45,978.477,2285.93
1.01929,-466.309,-346.878,-813.188
1.02032,1263.33,961.473,2224.8
1.02135,-245.15,-281.231,-526.38
1.02238,1190.44,933.751,2124.19
1.02342,-382.073,-340.762,-722.835
1.02446,1397.43,1090.35,2487.78
1.0255,-229.916,-227.546,-457.462
1.02654,1488.83,1117,2605.83
1.02758,-690.188,-544.406,-1234.59
1.02863,1207.05,957.269,2164.32
1.02968,-389.901,-396.265,-786.166
1.03072,1370.55,1099.76,2470.3
1.03177,-242.619,-269.306,-511.925
1.03282,1279.6,992.966,2272.57
1.03388,-332.421,-297.273,-629.694
1.03493,1310.33,997.937,2308.27
1.03599,-301.093,-281.936,-583.028
1.03705,1297.2,1009.13,2306.32
1.03811,-355.044,-333.015,-688.059
1.03917,1434.51,1098.79,2533.3
1.04023,-382.163,-346.591,-728.754
1.0413,1391.82,1084.63,2476.44
1.04237,-447.019,-373.333,-820.352
1.04344,1398.96,1071.52,2470.48
1.04451,-380.071,-345.765,-725.836
1.04558,1405.09,1072.12,2477.21
1.04665,-412.754,-356.083,-768.837
1.04773,1442.67,1085.73,2528.41
1.04881,-368.051,-311.751,-679.803
1.04989,-116.301,-182.844,-299.145
1.05097,667.666,461.608,1129.27
1.05205,319.671,277.464,597.136
1.05313,26.1442,176.007,202.151
1.05422,812.529,742.577,1555.11
1.05531,-179.809,-37.6446,-217.453
1.0564,579.858,418.896,998.753
1.05749,222.172,322.831,545.003
1.05858,571.696,465.44,1037.14
1.05968,230.178,266.625,496.803
1.06078,554.19,381.783,935.973
1.06187,207.135,230.015,437.15
1.06297,442.156,330.245,772.401
1.06408,482.343,392.936,875.279
1.06518,457.53,356.466,813.996
1.06629,396.833,317.973,714.806
1.06739,441.365,348.697,790.062
1.0685,467.74,393.549,861.289
1.06962,393.913,305.932,699.845
1.07073,518.988,411.923,930.911
1.07184,420.666,348.233,768.899
1.07296,387.074,319.098,706.172
1.07408,450.7,375.163,825.863
1.0752,558.925,451.44,1010.37
1.07632,288.29,252.937,541.228
1.07745,412.576,353.081,765.657
1.07857,585.693,444.846,1030.54
1.0797,288.662,255.547,544.209
1.08083,586.134,453.031,1039.17
1.08196,402.849,334.527,737.376
1.08309,405.651,311.611,717.262
1.08423,590.182,448.982,1039.16
1.08536,451.739,351.211,802.95
1.0865,518.603,423.665,942.268
1.08764,395.625,290.615,686.24
1.08879,448.587,352.641,801.228
1.08993,462.622,352.474,815.096
1.09108,447.662,376.947,824.609
1.09223,495.363,368.211,863.575
1.09337,409.617,336.943,746.56
1.09453,421.119,321.184,742.304
1.09568,434.705,360.463,795.168
1.09684,473.143,383.802,856.945
1.09799,424.566,343.962,768.528
1.09915,455.452,368.394,823.846
1.10031,249.683,226.528,476.211
1.10148,520.355,381.403,901.757
1.10264,804.394,595.043,1399.44
1.10381,326.702,234.399,561.101
1.10498,375.406,329.93,705.336
1.10615,728.965,532.766,1261.73
1.10732,407.711,326.6,734.311
1.10849,552.605,415.219,967.824
1.10967,441.183,354.504,795.686
1.11085,599.006,432.529,1031.54
1.11203,384.861,334.315,719.176
1.11321,565.872,380.973,946.845
1.11439,529.275,437.846,967.121
1.11558,620.492,434.259,1054.75
1.11677,310.137,250.149,560.287
1.11796,634.031,466.141,1100.17
1.11915,366.161,306.457,672.618
1.12034,773.049,554.816,1327.87
1.12154,272.444,207.103,479.547
1.12274,563.336,424.793,988.129
1.12394,402.749,329.047,731.796
1.12514,675.211,522.286,1197.5
1.12634,325.702,234.134,559.835
1.12755,501.275,369.92,871.195
1.12875,440.32,359.365,799.685
1.12996,578.919,437.329,1016.25
1.13117,382.816,304.746,687.562
1.13239,604.964,464.387,1069.35
1.1336,249.537,215.804,465.342
1.13482,723.785,547.701,1271.49
1.13604,181.112,149.326,330.438
1.13726,738.873,560.45,1299.32
1.13848,358.301,294.503,652.804
1.13971,581.495,436.731,1018.23
1.14093,348.574,307.051,655.625
1.14216,464.086,336.372,800.458
1.14339,545.546,447.762,993.307
1.14463,564.171,408.143,972.313
1.14586,254.405,210.628,465.032
1.1471,717.047,518.263,1235.31
1.14834,266.759,229.146,495.905
1.14958,715.019,528.341,1243.36
1.15082,221.059,188.722,409.781
1.15207,637.397,463.791,1101.19
1.15332,330.143,304.341,634.484
1.15456,729.134,545.231,1274.37
1.15582,254.941,210.45,465.391
1.15707,660.068,483.364,1143.43
1.15832,432.577,367.865,800.442
1.15958,622.584,454.031,1076.62
1.16084,306.28,247.45,553.73
1.1621,691.32,493.178,1184.5
1.16337,348.245,278.985,627.23
1.16463,759.062,578.034,1337.1
1.1659,140.637,95.1395,235.777
1.16717,919.953,660.755,1580.71
1.16844,125.695,102.881,228.575
1.16971,982.135,721.981,1704.12
1.17099,85.3341,64.1401,149.474
1.17227,907.128,655.548,1562.68
1.17355,36.1719,39.2439,75.4158
1.17483,878.133,651.477,1529.61
1.17611,168.783,126.965,295.748
1.1774,864.852,650.345,1515.2
1.17869,181.915,148.299,330.214
1.17998,805.159,572.772,1377.93
1.18127,246.25,166.351,412.6
1.18256,762.27,574.922,1337.19
1.18386,281.178,202.685,483.863
1.18516,803.762,590.38,1394.14
1.18646,262.463,185.009,447.471
1.18776,782.436,584.279,1366.71
1.18907,275.062,202.761,477.824
1.19038,756.129,565.208,1321.34
1.19169,231.692,154.858,386.551
1.193,852.133,644.49,1496.62
1.19431,131.009,103.193,234.202
1.19563,785.488,590.323,1375.81
1.19694,211.172,138.783,349.955
1.19826,867.604,660.416,1528.02
1.19959,162.387,103.882,266.269
1.20091,816.08,624.932,1441.01
1.20224,175.274,134.493,309.768
1.20357,814.278,616.691,1430.97
1.2049,177.85,110.939,288.789
1.20623,815.383,633.521,1448.9
1.20756,245.066,154.615,399.682
1.2089,679.329,525.094,1204.42
1.21024,228.608,150.434,379.042
1.21158,795.437,642.976,1438.41
1.21293,284.735,196.053,480.788
1.21427,709.9,543.623,1253.52
1.21562,212.657,142.692,355.349
1.21697,754.888,574.386,1329.27
1.21832,414.049,314.885,728.934
1.21968,594.075,442.325,1036.4
1.22104,175.16,139.618,314.779
1.2224,718.998,556.264,1275.26
1.22376,543.036,431.701,974.737
1.22512,738.825,565.451,1304.28
1.22649,327.815,232.015,559.83
1.22785,449.033,318.384,767.417
1.22922,395.521,417.406,812.927
1.2306,535.093,389.603,924.696
1.23197,932.445,432.064,1364.51
1.23335,898.723,702.188,1600.91
1.23473,-507.33,-475.465,-982.795
1.23611,430.731,479.541,910.273
1.23749,8.5801,-78.2938,-69.7137
1.23888,495.846,529.821,1025.67
1.24027,-266.228,-318.012,-584.24
1.24166,646.636,643.807,1290.44
1.24305,-228.975,-289.997,-518.972
1.24445,741.439,714.781,1456.22
1.24584,-246.305,-254.671,-500.976
1.24724,764.261,717.605,1481.87
1.24864,-519.777,-430.087,-949.864
1.25005,1303.25,1099.3,2402.54
1.25145,-622.831,-522.091,-1144.92
1.25286,1382.98,1179.11,2562.09
1.25427,-752.004,-613.547,-1365.55
1.25569,1571,1289.42,2860.42
1.2571,-705.669,-610.439,-1316.11
1.25852,1536.4,1290.45,2826.86
1.25994,-695.915,-576.15,-1272.06
1.26136,1521.54,1207.13,2728.67
1.26279,-746.38,-604.73,-1351.11
1.26421,1583.35,1286.37,2869.71
1.26564,-630.421,-488.442,-1118.86
1.26708,1472.42,1170.9,2643.32
1.26851,-763.104,-602.651,-1365.76
1.26995,1519.3,1258.59,2777.89
1.27138,-647.847,-519.998,-1167.85
1.27283,1502.17,1187.75,2689.92
1.27427,-679.624,-565.435,-1245.06
1.27571,1436.02,1198.67,2634.68
1.27716,-658.868,-534.715,-1193.58
1.27861,1523.05,1214.33,2737.38
1.28007,-597.012,-509.148,-1106.16
1.28152,1419.72,1172.6,2592.33
1.28298,-619.381,-495.921,-1115.3
1.28444,1475.34,1201.51,2676.85
1.2859,-553.354,-466.35,-1019.7
1.28736,1412.98,1170.03,2583.01
1.28883,-620.81,-512.805,-1133.61
1.2903,1477.61,1183.61,2661.22
1.29177,-562.35,-476.859,-1039.21
1.29325,1463.29,1185.37,2648.67
1.29472,-528.108,-449.467,-977.575
1.2962,1472.49,1179.99,2652.49
1.29768,-607.362,-497.662,-1105.02
1.29917,1454.85,1172.48,2627.33
1.30065,-594.849,-489.356,-1084.21
1.30214,1451.76,1183.86,2635.62
1.30363,-573.896,-481.812,-1055.71
1.30513,1456.15,1178.89,2635.04
1.30662,-582.536,-490.702,-1073.24
1.30812,1401.89,1136.88,2538.77
1.30962,-531.507,-429.067,-960.575
1.31112,1383.74,1127.9,2511.64
1.31263,-539.903,-449.584,-989.487
1.31414,1345.05,1098.86,2443.91
1.31565,-514.128,-434.12,-948.248
1.31716,1458.07,1182.56,2640.63
1.31868,-614.196,-496.814,-1111.01
1.32019,1393.41,1131.1,2524.52
1.32171,-532.769,-442.554,-975.323
1.32324,1361.87,1114.09,2475.96
1.32476,-562.41,-472.63,-1035.04
1.32629,1446.44,1170.14,2616.58
1.32782,-525.215,-433.683,-958.898
1.32935,1372.32,1127.11,2499.43
1.33089,-604.764,-491.993,-1096.76
1.33243,1474.2,1190.04,2664.24
1.33397,-668.852,-539.03,-1207.88
1.33551,1548.09,1259.34,2807.44
1.33705,-672.987,-537.117,-1210.1
1.3386,1546.62,1240.17,2786.79
1.34015,-673.09,-535.179,-1208.27
1.34171,1499.6,1218.84,2718.44
1.34326,-662.631,-527.45,-1190.08
1.34482,1545.41,1235.77,2781.18
1.34638,-737.18,-575.553,-1312.73
1.34794,1477.84,1185.98,2663.82
1.34951,-611.466,-505.914,-1117.38
1.35107,1550.66,1246.45,2797.11
1.35265,-700.556,-547.745,-1248.3
1.35422,1486.52,1211.29,2697.82
1.35579,-602.939,-512.526,-1115.47
1.35737,1514.93,1242.23,2757.17
1.35895,-665.675,-518.305,-1183.98
1.36054,1510.88,1215.85,2726.73
1.36212,-668.982,-552.853,-1221.83
1.36371,1510.66,1236.89,2747.55
1.3653,-660.257,-514.121,-1174.38
1.3669,1467.35,1196.74,2664.09
1.36849,-641.964,-529.53,-1171.49
1.37009,1583.88,1264.6,2848.48
1.37169,-660.109,-524.734,-1184.84
1.3733,1530.34,1225.12,2755.46
1.3749,-598.638,-473.895,-1072.53
1.37651,1449.26,1164.42,2613.68
1.37812,-602.283,-478.208,-1080.49
1.37974,1405.62,1130.07,2535.69
1.38135,-506.349,-402.661,-909.01
1.38297,1420.98,1142.24,2563.22
1.3846,-536.278,-425.161,-961.439
1.38622,1397.1,1118.93,2516.04
1.38785,-528.252,-422.949,-951.201
1.38948,1510.83,1211.5,2722.33
1.39111,-596.857,-486.576,-1083.43
1.39275,1422.85,1145.13,2567.98
1.39439,-576.271,-468.663,-1044.93
1.39603,1597.38,1300.35,2897.73
1.39767,-643.697,-530.241,-1173.94
1.39932,1346.39,1081.72,2428.11
1.40097,-475.849,-395.544,-871.393
1.40262,1352.4,1105.6,2458
1.40427,-433.723,-358.231,-791.954
1.40593,1355.07,1095.13,2450.2
1.40759,-455.56,-402.274,-857.834
1.40925,1375.59,1120.39,2495.99
1.41092,-463.942,-381.554,-845.496
1.41258,1357.5,1096.93,2454.43
1.41425,-458.179,-391.332,-849.511
1.41593,1366.77,1101.37,2468.14
1.4176,-505.146,-408.469,-913.615
1.41928,1277.23,1054.44,2331.68
1.42096,-359.015,-312.239,-671.254
1.42265,1305.68,1061.16,2366.84
1.42433,-453.705,-378.16,-831.865
1.42602,1319.44,1061.24,2380.68
1.42772,-382.631,-333.781,-716.412
1.42941,1398.61,1133.39,2531.99
1.43111,-457.038,-374.938,-831.976
1.43281,1281.49,1051.05,2332.54
1.43451,-406.83,-352.584,-759.413
1.43622,1353.62,1088.17,2441.79
1.43793,-524.849,-417.862,-942.711
1.43964,1334.03,1076.56,2410.6
1.44135,-419.138,-350.358,-769.496
1.44307,1410.65,1148.18,2558.83
1.44479,-751.785,-759.019,-1510.8
1.44651,571.112,275.913,847.025
1.44824,931.235,623.974,1555.21
1.44997,442.153,480.872,923.024
1.4517,220.39,123.486,343.875
1.45343,845.268,811.295,1656.56
1.45517,125.622,7.8131,133.435
1.45691,735.993,651.873,1387.87
1.45865,18.0736,10.3872,28.4607
1.4604,830.538,697.664,1528.2
1.46214,-79.6425,-66.6226,-146.265
1.4639,918.013,746.913,1664.93
1.46565,130.844,107.385,238.229
1.46741,587.571,509.07,1096.64
1.46917,136.352,134.019,270.371
1.47093,920.088,745.156,1665.24
1.47269,-336.23,-303.896,-640.125
1.47446,1188.4,1026.84,2215.25
1.47623,-49.7515,-48.7162,-98.4677
1.47801,776.297,646.083,1422.38
1.47978,134.389,80.9704,215.359
1.48156,721.152,621.619,1342.77
1.48335,157.41,111.032,268.443
1.48513,862.671,713.553,1576.22
1.48692,21.1819,16.5467,37.7286
1.48871,989.475,804.661,1794.14
1.4905,-123.657,-86.5051,-210.162
1.4923,1000.18,807.685,1807.87
1.4941,-146.913,-80.4752,-227.388
1.4959,1062.23,849.619,1911.85
1.49771,-165.636,-71.2798,-236.916
1.49952,933.71,750.666,1684.38
1.50133,-142.226,-82.7737,-225
1.50315,569.426,445.699,1015.13
1.50496,301.254,270.213,571.467
1.50678,563.859,450.856,1014.72
1.50861,462.701,416.61,879.311
1.51043,388.9,318.996,707.896
1.51226,551.096,481.823,1032.92
1.5141,342.046,291.63,633.676
1.51593,498.56,456.472,955.032
1.51777,451.428,337.265,788.693
1.51961,525.062,472.116,997.178
1.52146,252.281,208.499,460.78
1.5233,541.413,467.633,1009.05
1.52515,420.058,336.269,756.327
1.52701,471.565,432.005,903.57
1.52886,313.12,250.02,563.14
1.53072,478.927,437.773,916.7
1.53258,456.613,358.545,815.158
1.53445,424.238,407.6,831.838
1.53632,406.819,318.566,725.385
1.53819,353.448,342.596,696.044
1.54006,743.117,586.738,1329.86
1.54194,74.3739,101.48,175.854
1.54382,765.103,630.845,1395.95
1.54571,46.1857,68.9429,115.129
1.54759,898.256,735.314,1633.57
1.54948,118.896,138.321,257.217
1.55138,777.548,631.283,1408.83
1.55327,17.8682,54.2756,72.1438
1.55517,979.213,786.644,1765.86
1.55707,61.7258,83.1671,144.893
1.55898,497.103,414.154,911.257
1.56089,314.911,308.275,623.186
1.5628,673.447,531.863,1205.31
1.56471,227.344,237.22,464.564
1.56663,660.983,542.3,1203.28
1.56855,169.74,177.212,346.952
1.57048,886.609,712.522,1599.13
1.5724,53.6794,92.8649,146.544
1.57433,886.658,719.654,1606.31
1.57627,61.4194,86.3915,147.811
1.5782,763.606,649.993,1413.6
1.58014,161.119,166.127,327.246
1.58208,694.968,581.709,1276.68
1.58403,178.862,206.258,385.12
1.58598,809.93,626.341,1436.27
1.58793,300.912,315.588,616.501
1.58989,639.685,514.907,1154.59
1.59185,206.6,255.74,462.34
1.59381,665.134,495.475,1160.61
1.59577,305.513,345.219,650.732
1.59774,497.745,365.092,862.837
1.59971,459.41,451.023,910.433
1.60169,461.535,328.248,789.784
1.60366,372.869,392.272,765.141
1.60564,622.805,471.267,1094.07
1.60763,236.538,287.489,524.027
1.60962,849.821,647.025,1496.85
1.61161,-20.1023,76.1923,56.09
1.6136,872.765,679.185,1551.95
1.6156,6.4774,73.1957,79.6731
1.6176,959.289,771.446,1730.74
1.6196,-248.032,-129.249,-377.282
1.62161,1094.37,858.181,1952.55
1.62362,-127.593,-49.9679,-177.561
1.62563,979.288,788.321,1767.61
1.62765,70.144,88.6363,158.78
1.62967,1107.25,905.511,2012.76
1.63169,-360.985,-248.52,-609.506
1.63372,1062.58,850.551,1913.13
1.63575,107.506,134.852,242.358
1.63778,924.364,769.133,1693.5
1.63982,-36.8067,27.6727,-9.13399
1.64186,828.062,702.463,1530.53
1.6439,257.102,252.445,509.547
1.64595,740.251,604.595,1344.85
1.648,135.189,187.322,322.511
1.65005,684.151,583.879,1268.03
1.65211,317.044,312.331,629.376
1.65417,693.416,575.674,1269.09
1.65623,30.8985,87.52,118.419
1.65829,776.394,645.111,1421.51
1.66036,202.063,214.576,416.638
1.66244,724.332,614.453,1338.79
1.66451,92.8909,107.8,200.691
1.66659,882.051,745.687,1627.74
1.66868,151.999,171.007,323.006
1.67076,780.107,654.482,1434.59
1.67285,135.432,164.615,300.047
1.67495,789.934,659.637,1449.57
1.67704,130.169,185.053,315.221
1.67914,602.105,512.219,1114.32
1.68125,232.828,238.087,470.915
1.68335,734.622,620.237,1354.86
1.68547,31.5015,90.9046,122.406
1.68758,989.675,818.261,1807.94
1.6897,-673.345,-394.791,-1068.14
1.69182,614.068,745.175,1359.24
1.69394,-457.524,-249.127,-706.651
1.69607,924.495,884.614,1809.11
1.6982,155.3,186.778,342.078
1.70033,599.246,560.587,1159.83
1.70247,352.491,307.266,659.757
1.70461,457.5,447.547,905.047
1.70676,331.167,311.885,643.052
1.70891,413.82,421.401,835.221
1.71106,63.9691,134.595,198.564
1.71322,750.059,708.669,1458.73
1.71537,349.223,288.982,638.204
1.71754,168.15,179.607,347.756
1.7197,117.429,109.76,227.189
1.72187,130.034,124.894,254.928
1.72405,868.951,743.161,1612.11
1.72622,851.004,726.672,1577.68
1.7284,73.8386,93.8074,167.646
1.73059,934.397,831.615,1766.01
1.73277,32.7168,65.4282,98.145
1.73496,644.31,598.327,1242.64
1.73716,211.15,231.369,442.519
1.73936,817.034,707.725,1524.76
1.74156,137.371,147.322,284.693
1.74376,651.629,583.054,1234.68
1.74597,364.091,333.384,697.475
1.74818,455.442,425.735,881.177
1.7504,308.917,291.905,600.822
1.75262,700.505,622.682,1323.19
1.75484,183.699,180.385,364.083
1.75707,649.039,598.623,1247.66
1.7593,386.315,343.925,730.241
1.76153,719.863,648.911,1368.77
1.76377,-58.8525,-35.5869,-94.4394
1.76601,402.833,377.309,780.142
1.76826,302.986,300.369,603.355
1.7705,433.532,386.13,819.662
1.77276,435.414,388.153,823.567
1.77501,453.664,402.174,855.838
1.77727,338.502,308.001,646.503
1.77953,590.189,534.742,1124.93
1.7818,348.127,320.63,668.757
1.78407,582.295,514.941,1097.24
1.78635,386.817,358.181,744.998
1.78862,474.935,442.708,917.643
1.7909,477.68,420.413,898.093
1.79319,509.815,456.742,966.558
1.79548,417.061,362.905,779.966
1.79777,473.095,426.972,900.067
1.80007,411.452,361.735,773.187
1.80237,662.691,584.458,1247.15
1.80467,240.752,243.172,483.925
1.80698,557.551,487.071,1044.62
1.80929,392.243,360.417,752.66
1.81161,617.447,560.281,1177.73
1.81392,447.726,404.873,852.6
1.81625,365.531,383.208,748.738
1.81857,174.649,169.488,344.137
1.8209,787.796,678.106,1465.9
1.82324,225.474,223.079,448.554
1.82558,711.797,609.376,1321.17
1.82792,302.396,296.009,598.406
1.83026,516.934,462.821,979.754
1.83261,347.526,314.021,661.546
1.83496,621.056,552.339,1173.4
1.83732,317.629,307.054,624.683
1.83968,489.202,460.385,949.587
1.84205,423.273,360.774,784.047
1.84441,693.569,608.273,1301.84
1.84679,396.81,341.708,738.518
1.84916,484.204,450.13,934.334
1.85154,297.506,261.963,559.47
1.85393,817.49,717.703,1535.19
1.85631,233.252,213.455,446.707
1.85871,520.406,494.684,1015.09
1.8611,310.292,266.588,576.88
1.8635,681.05,609.137,1290.19
1.8659,157.85,183.836,341.686
1.86831,690.38,609.264,1299.64
1.87072,301.781,275.511,577.291
1.87314,881.397,730.236,1611.63
1.87556,130.001,162.215,292.215
1.87798,711.822,611.924,1323.75
1.88041,125.63,158.215,283.845
1.88284,906.507,731.474,1637.98
1.88527,113.011,139.114,252.125
1.88771,768.443,665.632,1434.07
1.89015,178.921,182.909,361.83
1.8926,974.793,803.728,1778.52
1.89505,-73.9247,-30.5967,-104.521
1.8975,607.784,514.24,1122.02
1.89996,575.861,530.13,1105.99
1.90242,210.766,205.728,416.495
1.90489,643.411,556.122,1199.53
1.90736,424.952,358.365,783.317
1.90984,652.753,575.395,1228.15
1.91231,269.814,240.32,510.134
1.9148,524.933,466.695,991.628
1.91728,615.612,525.494,1141.11
1.91977,477.332,431.427,908.76
1.92227,311.549,279.328,590.877
1.92477,-51.3384,42.1254,-9.21296
1.92727,1119.57,886.922,2006.49
1.92978,64.1604,138.45,202.61
1.93229,763.614,614.493,1378.11
1.9348,342.869,352.36,695.229
1.93732,678.906,527.401,1206.31
1.93984,60.815,134.05,194.865
1.94237,1059.5,853.81,1913.31
1.9449,-3.23053,75.921,72.6904
1.94744,547.446,457.695,1005.14
1.94998,216.056,262.085,478.141
1.95252,1071.21,843.381,1914.59
1.95507,-169.939,-55.741,-225.68
1.95762,582.46,458.125,1040.59
1.96018,418.293,449.581,867.874
1.96274,555.815,436.674,992.488
1.9653,162.766,185.576,348.342
1.96787,746.124,576.495,1322.62
1.97044,554.35,506.33,1060.68
1.97302,301.521,293.359,594.881
1.9756,666.279,589.938,1256.22
1.97819,418.026,375.33,793.357
1.98078,360.648,304.785,665.433
1.98337,461.045,419.1,880.145
1.98597,579.032,522.957,1101.99
1.98857,357.78,352.373,710.153
1.99118,352.001,313.441,665.442
1.99379,1159.98,967.432,2127.41
1.9964,-442.098,-313.073,-755.171
1.99902,589.576,818.27,1407.85
2.00165,-612.372,-156.108,-768.48
2.00427,1504.96,1224.49,2729.44
2.0069,84.3381,108.863,193.201
2.00954,643.783,576.399,1220.18
2.01218,93.5977,174.57,268.167
2.01483,1009.4,761.871,1771.27
2.01748,-353.26,-91.5235,-444.783
2.02013,948.962,783.1,1732.06
2.02279,-338.664,-124.191,-462.855
2.02545,1134,906.4,2040.4
2.02811,-470.486,-201.936,-672.421
2.03079,1154.6,934.99,2089.59
2.03346,-452.867,-223.486,-676.354
2.03614,1240.44,983.281,2223.72
2.03882,-555.429,-260.144,-815.573
2.04151,1067.28,879.807,1947.09
2.0442,-385.29,-162.651,-547.941
2.0469,1114.67,907.93,2022.6
2.0496,-391.833,-163.047,-554.88
2.05231,1010.02,840.711,1850.73
2.05502,-348.182,-134.055,-482.237
2.05773,988.42,815.58,1804
2.06045,-176.793,-28.3817,-205.175
2.06317,749.614,659.16,1408.77
2.0659,-103.867,62.5925,-41.274
2.06863,881.808,698.193,1580
2.07137,-78.6955,77.0005,-1.69506
2.07411,678.996,589.995,1268.99
2.07686,-30.2408,47.5072,17.2664
2.07961,1384.8,1064.74,2449.53
2.08236,-656.007,-398.795,-1054.8
2.08512,607.337,562,1169.34
2.08788,416.499,481.834,898.333
2.09065,449.087,362.776,811.863
2.09342,408.317,454.393,862.711
2.0962,407.182,355.071,762.252
2.09898,415.821,446.275,862.096
2.10177,403.937,364.822,768.759
2.10456,419.653,441.698,861.352
2.10735,343.943,328.993,672.936
2.11015,436.041,446.885,882.926
2.11296,352.975,328.885,681.86
2.11576,396.648,420.837,817.485
2.11858,396.083,368.184,764.267
2.1214,417.2,425.033,842.233
2.12422,417.197,387.32,804.517
2.12704,338.865,366.708,705.573
2.12988,382.96,371.501,754.461
2.13271,458.308,433.219,891.527
2.13555,403.345,387.283,790.628
2.1384,389.376,399.707,789.083
2.14125,397.435,371.287,768.722
2.1441,443.718,424.806,868.525
2.14696,439.622,415.298,854.92
2.14983,380.802,390.842,771.644
2.15269,427.411,388.257,815.669
2.15557,419.823,417.135,836.958
2.15845,386.252,376.316,762.568
2.16133,386.775,397.248,784.023
2.16421,476.45,437.734,914.184
2.16711,373.038,366.374,739.412
2.17,467.658,428.098,895.756
2.1729,339.083,353.88,692.963
2.17581,479.685,434.658,914.343
2.17872,404.892,400.331,805.223
2.18164,446.899,428.983,875.881
2.18456,385.911,381.79,767.701
2.18748,413.594,401.217,814.811
2.19041,490.635,449.117,939.752
2.19335,408.83,404.584,813.413
2.19628,310.465,322.117,632.583
2.19923,499.343,453.758,953.101
2.20218,370.941,362.745,733.686
2.20513,572.615,524.327,1096.94
2.20809,241.221,246.857,488.078
2.21105,419.586,406.72,826.306
2.21402,480.234,446.543,926.777
2.21699,504.037,468.23,972.266
2.21997,295.309,315.473,610.782
2.22295,562.194,515.629,1077.82
2.22594,284.87,313.665,598.535
2.22893,688.814,603.094,1291.91
2.23193,144.217,172.351,316.569
2.23493,809.621,699.099,1508.72
2.23794,2.2118,84.3722,86.584
2.24095,1078.64,911.441,1990.08
2.24397,153.676,213.316,366.993
2.24699,709.979,618.677,1328.66
2.25001,212.773,258.14,470.913
2.25305,665.798,584.292,1250.09
2.25608,108.261,171.392,279.653
2.25912,672.45,580.734,1253.18
2.26217,289.897,329.315,619.213
2.26522,652.38,563.392,1215.77
2.26828,269.231,298.682,567.913
2.27134,588.584,510.586,1099.17
2.2744,327.622,358.913,686.535
2.27747,682.542,596.827,1279.37
2.28055,204.835,251.205,456.04
2.28363,407.168,380.663,787.831
2.28672,363.373,377.273,740.646
2.28981,659.859,584.211,1244.07
2.2929,396.731,395.752,792.484
2.296,404.314,375.741,780.054
2.29911,400.059,421.166,821.225
2.30222,552.583,486.633,1039.22
2.30534,392.859,412.01,804.869
2.30846,501.985,471.987,973.972
2.31158,444.592,426.722,871.314
2.31472,526.491,490.183,1016.67
2.31785,304.416,340.959,645.375
2.32099,411.41,383.893,795.302
2.32414,495.183,456.665,951.848
2.32729,593.553,528.744,1122.3
2.33045,208.463,269.396,477.858
2.33361,583.76,493.937,1077.7
2.33678,378.853,382.672,761.525
2.33995,694.159,604.439,1298.6
2.34313,204.986,274.778,479.764
2.34631,583.953,512.939,1096.89
2.3495,307.874,334.384,642.259
2.35269,638.823,552.303,1191.13
2.35589,219.277,274.356,493.633
2.35909,808.214,671.475,1479.69
2.3623,218.787,272.464,491.251
2.36552,558.309,494.009,1052.32
2.36873,267.409,299.813,567.222
2.37196,677.243,591.812,1269.05
2.37519,264.812,324.601,589.413
2.37842,599.588,516.643,1116.23
2.38166,248.94,305.562,554.502
2.38491,1011.56,837.123,1848.68
2.38816,-75.9301,55.2085,-20.7215
2.39141,788.982,660.534,1449.52
2.39467,276.137,316.047,592.183
2.39794,621.108,555.043,1176.15
2.40121,414.742,401.634,816.376
2.40449,356.383,349.967,706.35
2.40777,596.948,544.122,1141.07
2.41106,424.76,395.649,820.408
2.41435,339.418,366.205,705.624
2.41765,734.189,578.803,1312.99
2.42095,567.986,541.126,1109.11
2.42426,354.757,339.024,693.781
2.42758,581.915,562.566,1144.48
2.4309,329.039,320.323,649.362
2.43422,629.597,568.714,1198.31
2.43755,228.453,262.607,491.061
2.44089,718.204,628.621,1346.83
2.44423,251.054,277.214,528.268
2.44758,699.711,620.592,1320.3
2.45093,889.35,1024.55,1913.9
2.45429,-992.878,-647.18,-1640.06
2.45765,1142,927.133,2069.13
2.46102,-37.1072,117.042,79.9349
2.46439,444.582,276.832,721.415
2.46777,-899.314,-416.614,-1315.93
2.47116,1215.71,1000.25,2215.96
2.47455,-508.489,-216.342,-724.831
2.47795,1182.61,966.351,2148.96
2.48135,-905.533,-492.75,-1398.28
2.48475,1327.45,1084.79,2412.24
2.48817,-419.015,-154.257,-573.272
2.49159,1386.6,1113.98,2500.58
2.49501,-802.581,-456.536,-1259.12
2.49844,1299.87,1095.34,2395.21
2.50187,-509.712,-220.47,-730.182
2.50531,1432.08,1166.78,2598.86
2.50876,-658.276,-342.814,-1001.09
2.51221,1217.75,1062.12,2279.87
2.51567,-484.03,-255.822,-739.852
2.51913,1265.99,1076.73,2342.72
2.5226,-476.022,-240.104,-716.127
2.52608,1158.49,1034.08,2192.57
2.52956,-323.304,-158.251,-481.555
2.53304,1114.83,989.831,2104.66
2.53653,-349.575,-174.321,-523.896
2.54003,1124.46,1000.43,2124.89
2.54353,-218.614,-91.8179,-310.432
2.54704,886.927,812.705,1699.63
2.55055,-92.7661,-16.4157,-109.182
2.55407,923.005,884.176,1807.18
2.5576,-40.3357,29.1449,-11.1908
2.56113,844.34,800.713,1645.05
2.56467,-53.0458,8.71371,-44.3321
2.56821,838.794,824.333,1663.13
2.57176,-0.279209,31.5284,31.2492
2.57531,836.031,827.238,1663.27
2.57887,-6.75378,28.6513,21.8976
2.58244,823.328,833.963,1657.29
2.58601,-66.3033,-7.50552,-73.8088
2.58959,860.218,846.976,1707.19
2.59317,11.9105,22.3464,34.2569
2.59676,853.186,849.082,1702.27
2.60035,39.3097,48.5055,87.8152
2.60395,898.164,881.577,1779.74
2.60756,-61.6445,-8.63423,-70.2787
2.61117,956.665,922.466,1879.13
2.61479,-131.717,-60.4703,-192.187
2.61841,1018.58,957.749,1976.33
2.62204,-118.257,-49.333,-167.59
2.62568,1024.5,954.749,1979.25
2.62932,-187.879,-91.2289,-279.108
2.63297,1065.79,986.716,2052.5
2.63662,-170.761,-86.0523,-256.813
2.64028,1054.79,977.92,2032.71
2.64395,-137.844,-68.734,-206.578
2.64762,1048.9,984.363,2033.27
2.6513,-78.6434,-42.1978,-120.841
2.65498,1005.8,947.098,1952.9
2.65867,-84.4719,-26.1121,-110.584
2.66236,874.134,853.033,1727.17
2.66607,-4.43177,23.439,19.0072
2.66977,954.928,900.055,1854.98
2.67349,27.2441,51.7235,78.9676
2.67721,923.297,866.035,1789.33
2.68093,-36.9139,18.2881,-18.6258
2.68466,1001.68,915.835,1917.51
2.6884,19.2007,48.8704,68.0712
2.69214,902.845,858.065,1760.91
2.69589,70.4882,81.5876,152.076
2.69965,891.322,850.861,1742.18
2.70341,98.0882,97.365,195.453
2.70718,905.759,859.119,1764.88
2.71095,39.9635,70.3759,110.339
2.71473,983.608,918.036,1901.64
2.71852,18.4389,57.7207,76.1596
2.72231,959.578,902.118,1861.7
2.72611,-15.1929,22.9374,7.74447
2.72992,1087.52,996.01,2083.53
2.73373,-57.7329,-0.251119,-57.984
2.73755,1066.96,984.385,2051.35
2.74137,-81.6205,-10.0163,-91.6368
2.7452,1061.76,968.836,2030.59
2.74903,-62.3298,-3.74596,-66.0758
2.75288,1075.73,978.007,2053.73
2.75673,-109.763,-33.7227,-143.486
2.76058,1118.45,1014.87,2133.32
2.76444,-106.191,-33.4217,-139.613
2.76831,1152.59,1033.4,2185.99
2.77218,-160.024,-80.6603,-240.684
2.77606,1273.71,1122.95,2396.66
2.77995,-192.179,-106.264,-298.443
2.78384,1271.78,1112.09,2383.87
2.78774,-234.866,-130.08,-364.946
2.79164,1228.91,1094.24,2323.15
2.79556,-206.264,-100.561,-306.825
2.79947,1288.45,1125.43,2413.87
2.8034,-247.298,-122.821,-370.119
2.80733,1336.42,1155.23,2491.65
2.81126,-288.728,-151.175,-439.904
2.81521,1310.58,1126.64,2437.22
2.81916,-285.914,-147.705,-433.619
2.82311,1370.36,1171.82,2542.18
2.82708,-312.285,-172.237,-484.521
2.83105,1340.51,1160.07,2500.59
2.83502,-278.235,-148.696,-426.931
2.839,1253.62,1111.97,2365.59
2.84299,-206.749,-95.3936,-302.142
2.84699,1116.41,1019.74,2136.15
2.85099,-22.0992,18.6098,-3.48942
2.85499,1160.01,1077.79,2237.8
2.85901,-200.114,-110.933,-311.047
2.86303,1098.92,1009.66,2108.58
2.86706,-134.44,-36.8218,-171.262
2.87109,1110.82,1006.25,2117.07
2.87513,-207.041,-91.0065,-298.047
2.87918,1107.1,1012.01,2119.11
2.88323,-141.801,-47.0516,-188.853
2.88729,978.4,914.593,1892.99
2.89136,-48.0798,7.30367,-40.7762
2.89543,1060.68,986.942,2047.63
2.89951,-157.936,-53.7043,-211.64
2.9036,1102.42,997.533,2099.95
2.90769,-266.949,-112.911,-379.861
2.91179,1198.73,1065.06,2263.79
2.9159,-208.608,-66.5474,-275.155
2.92001,1310.96,1162.69,2473.65
2.92413,-748.832,-442.135,-1190.97
2.92826,1414.81,1212.72,2627.53
2.93239,-251.978,-117.35,-369.328
2.93653,1323.88,1156.9,2480.77
2.94068,-550.249,-338.855,-889.104
2.94483,1428.22,1228.29,2656.51
2.94899,-524.823,-288.879,-813.702
2.95316,1448.91,1252.27,2701.18
2.95734,-603.206,-370.808,-974.014
2.96152,1532.72,1285.19,2817.9
2.9657,-559.163,-352.411,-911.574
2.9699,1558.28,1324.22,2882.5
2.9741,-623.252,-380.709,-1003.96
2.97831,1499.07,1272.43,2771.5
2.98252,-470.228,-287.167,-757.395
2.98674,1454.7,1271.76,2726.46
2.99097,-512.274,-301.459,-813.733
2.99521,1402.23,1214.97,2617.2
2.99945,-401.614,-229.075,-630.689
3.0037,1402.44,1223.11,2625.55
3.00795,-394.325,-240.195,-634.52
3.01222,1339.78,1175.92,2515.71
3.01649,-403.59,-219.693,-623.283
3.02076,1366.51,1206.68,2573.19
3.02505,-409.888,-231.73,-641.618
3.02934,1383.99,1217.89,2601.88
3.03364,-420.274,-238.689,-658.963
3.03794,1461.93,1292.73,2754.66
3.04225,-498.654,-290.281,-788.935
3.04657,1456.77,1261.4,2718.16
3.0509,-455.278,-271.752,-727.03
3.05523,1529.92,1320.63,2850.55
3.05957,-522.363,-308.369,-830.732
3.06392,1388.87,1204.58,2593.46
3.06827,-358.697,-194.406,-553.102
3.07263,1353.49,1191.3,2544.79
3.077,-335.537,-165.645,-501.182
3.08137,1315.74,1153.11,2468.85
3.08576,-390.468,-218.834,-609.302
3.09015,1350.08,1187.33,2537.41
3.09454,-377.009,-197.038,-574.047
3.09895,1341.32,1162.76,2504.08
3.10336,-350.916,-182.629,-533.545
3.10777,1309.79,1164.93,2474.73
3.1122,-362.586,-187.282,-549.868
3.11663,1358.79,1184.33,2543.12
3.12107,-376.545,-197.347,-573.892
3.12552,1268.36,1150.38,2418.74
3.12997,-255.966,-103.386,-359.352
3.13443,1266.37,1117.74,2384.11
3.1389,-310.823,-155.548,-466.371
3.14338,1332.95,1168.7,2501.65
3.14786,-448.008,-237.804,-685.812
3.15235,1430.24,1235.56,2665.8
3.15685,-390.5,-200.795,-591.295
3.16135,1535.24,1250.79,2786.03
3.16587,-515.622,-315.334,-830.956
3.17039,1397.22,1207.22,2604.44
3.17491,-383.19,-181.896,-565.086
3.17945,1412.39,1234.13,2646.52
3.18399,-341.145,-154.326,-495.471
3.18854,1285.58,1116.92,2402.49
3.19309,-412.876,-185.897,-598.772
3.19766,1457.96,1278.02,2735.98
3.20223,-340.231,-168.193,-508.425
3.20681,1351.6,1175.07,2526.67
3.21139,-422.431,-218.947,-641.378
3.21599,1369.34,1173,2542.34
3.22059,-427.63,-212.449,-640.08
3.2252,1518.13,1290.73,2808.86
3.22981,-451.925,-236.257,-688.182
3.23444,1449.72,1224.45,2674.17
3.23907,-530.569,-318.595,-849.164
3.2437,1505.35,1295.05,2800.39
3.24835,-441.357,-250.302,-691.658
3.253,1525.79,1304.59,2830.38
3.25767,-528.61,-317.62,-846.23
3.26233,1622.72,1350.02,2972.73
3.26701,-619.09,-358.83,-977.92
3.27169,1630.37,1360.29,2990.65
3.27639,-617.113,-356.05,-973.164
3.28108,1604.11,1336.51,2940.62
3.28579,-573.246,-331.139,-904.384
3.29051,1536.88,1317.26,2854.14
3.29523,-565.443,-316.009,-881.452
3.29996,1576.03,1321.05,2897.08
3.3047,-544.764,-307.717,-852.481
3.30944,1534.98,1308.44,2843.42
3.31419,-593.593,-339.338,-932.932
3.31895,1540.75,1296.57,2837.32
3.32372,-469.774,-259.927,-729.701
3.3285,1532.89,1305.41,2838.3
3.33328,-540.073,-314.86,-854.933
3.33807,1512.87,1280.03,2792.89
3.34287,-540.995,-293.639,-834.634
3.34768,1629.72,1353.89,2983.61
3.35249,-568.867,-324.972,-893.839
3.35732,1477.93,1278.62,2756.56
3.36215,-489.16,-274.584,-763.743
3.36699,1533.01,1299.76,2832.77
3.37183,-577.91,-331.399,-909.309
3.37669,1532.15,1310.72,2842.87
3.38155,-385.925,-206.796,-592.721
3.38642,1429.32,1242.72,2672.04
3.3913,-393.971,-230.844,-624.816
3.39618,1421.23,1253.94,2675.17
3.40108,-372.132,-202.245,-574.377
3.40598,1432.74,1248.13,2680.87
3.41089,-373.148,-229.079,-602.227
3.41581,1433.54,1254.89,2688.44
3.42073,-450.487,-253.514,-704.001
3.42567,1600.56,1358.53,2959.09
3.43061,-421.64,-259.178,-680.818
3.43556,1405.96,1204.99,2610.95
3.44051,-291.272,-137.141,-428.414
3.44548,1356.49,1186.05,2542.54
3.45045,-395.2,-212.656,-607.856
3.45544,1421.12,1222.81,2643.93
3.46043,-311.836,-121.418,-433.253
3.46543,970.548,859.172,1829.72
3.47043,450.228,412.223,862.45
3.47545,482.218,485.653,967.871
3.48047,749.996,705.105,1455.1
3.4855,211.769,283.539,495.308
3.49054,863.83,773.921,1637.75
3.49559,213.558,308.593,522.151
3.50064,587.249,567.336,1154.59
3.5057,230.927,264.172,495.099
3.51078,590.625,582.618,1173.24
3.51586,377.802,398.452,776.253
3.52094,644.986,615.899,1260.88
3.52604,349.921,352.886,702.808
3.53115,586.153,582.947,1169.1
3.53626,446.461,423.775,870.236
3.54138,587.652,589.517,1177.17
3.54651,339.549,355.335,694.884
3.55165,638.565,622.112,1260.68
3.55679,338.181,361.779,699.96
3.56195,654.377,642.431,1296.81
3.56711,287.647,335.158,622.806
3.57228,718.094,674.521,1392.61
3.57746,323.583,354.674,678.257
3.58265,671.802,641.438,1313.24
3.58785,338.982,367.14,706.122
3.59305,642.093,631.668,1273.76
3.59827,369.358,390.024,759.382
3.60349,607.101,609.596,1216.7
3.60872,407.833,432.703,840.536
3.61396,669.868,644.239,1314.11
3.61921,354.65,388.481,743.13
3.62446,656.709,653.281,1309.99
3.62973,361.596,390.962,752.559
3.635,657.653,647.362,1305.01
3.64028,495.324,494.34,989.664
3.64557,258.702,338.148,596.85
3.65087,819.132,748.93,1568.06
3.65618,112.446,179.553,291.999
3.6615,1276.05,1139.18,2415.23
3.66682,-148.463,-56.3382,-204.801
3.67216,1207.42,1077.67,2285.09
3.6775,-163.104,-38.6351,-201.739
3.68285,1231.01,1102.99,2334
3.68821,-112.712,-35.1664,-147.878
3.69358,1345.97,1172.69,2518.66
3.69895,-92.8436,88.5197,-4.32395
3.70434,375.331,425.601,800.932
3.70973,836.874,849.147,1686.02
3.71514,308.778,297.163,605.941
3.72055,436.257,469.028,905.285
3.72597,113.275,201.109,314.384
3.7314,1087.67,962.244,2049.91
3.73684,-8.54966,94.0052,85.4556
3.74229,1155.38,993.301,2148.68
3.74774,59.1437,165.447,224.59
3.75321,1046.1,937.405,1983.5
3.75868,-13.8704,127.557,113.687
3.76416,1035.39,915.921,1951.31
3.76966,61.9172,155.665,217.582
3.77516,1077.98,945.73,2023.71
3.78067,-86.923,63.4748,-23.4482
3.78618,1078.98,947.093,2026.08
3.79171,90.1641,189.92,280.085
3.79725,945.516,863.381,1808.9
3.80279,174.275,248.439,422.714
3.80835,743.845,708.592,1452.44
3.81391,356.609,370.669,727.278
3.81949,666.253,661.319,1327.57
3.82507,283.009,330.182,613.191
3.83066,745.954,710.271,1456.23
3.83626,411.989,403.889,815.879
3.84187,677.836,684.695,1362.53
3.84748,150.018,258.919,408.938
3.85311,838.123,768.736,1606.86
3.85875,262.5,320.571,583.071
3.86439,802.145,758.836,1560.98
3.87005,87.1583,200.37,287.528
3.87571,945.551,834.056,1779.61
3.88138,147.681,230.138,377.82
3.88707,896.611,821.772,1718.38
3.89276,23.8042,141.403,165.207
3.89846,1046.63,922.74,1969.37
3.90417,100.141,198.747,298.887
3.90989,1080.12,949.09,2029.21
3.91562,-41.4149,115.367,73.9524
3.92136,1016.93,887.248,1904.17
3.9271,84.2873,184.818,269.105
3.93286,910.278,812.145,1722.42
3.93862,245.746,319.898,565.644
3.9444,806.696,753.567,1560.26
3.95018,272.784,327.82,600.604
3.95598,814.351,752.526,1566.88
3.96178,170.891,273.953,444.843
3.9676,1018.24,891.593,1909.83
3.97342,-54.7425,104.762,50.0193
3.97925,1133.6,980.924,2114.53
3.98509,-66.1162,95.358,29.2418
3.99094,1134.66,985.101,2119.76
3.9968,29.0828,139.805,168.888
4.00267,1021.78,915.68,1937.46
4.00855,-19.7107,129.913,110.202
4.01444,1041.98,917.24,1959.22
4.02034,165.957,225.861,391.818
4.02625,808.421,781.038,1589.46
4.03216,421.197,470.219,891.416
4.03809,586.973,556.716,1143.69
4.04403,312.483,392.807,705.29
4.04997,830.135,737.977,1568.11
4.05593,302.308,377.485,679.793
4.0619,865.403,760.141,1625.54
4.06787,50.3592,207.021,257.38
4.07386,1099.21,944.308,2043.52
4.07985,-101.351,77.1881,-24.1633
4.08586,1016.52,900.003,1916.52
4.09187,64.3914,184.798,249.19
4.0979,800.413,750.004,1550.42
4.10393,530.333,554.681,1085.01
4.10997,437.859,453.288,891.148
4.11603,556.907,569.705,1126.61
4.12209,608.174,561.236,1169.41
4.12816,353.857,426.631,780.488
4.13425,527.995,503.444,1031.44
4.14034,892.195,843.582,1735.78
4.14644,96.1291,155.793,251.923
4.15256,880.723,873.404,1754.13
4.15868,141.305,208.27,349.575
4.16481,957.68,903.206,1860.89
4.17096,115.946,193.052,308.998
4.17711,956.079,902.931,1859.01
4.18327,68.4015,162.836,231.238
4.18944,966.951,904.791,1871.74
4.19563,80.4683,172.446,252.914
4.20182,920.773,872.867,1793.64
4.20802,121.025,203.131,324.156
4.21424,936.608,875.338,1811.95
4.22046,185.206,235.396,420.602
4.22669,744.127,767.223,1511.35
4.23294,289.96,316.124,606.084
4.23919,842.399,819.418,1661.82
4.24545,186.408,249.041,435.448
4.25173,737.244,744.19,1481.43
4.25801,294.915,317.924,612.839
4.2643,863.556,841.414,1704.97
4.27061,284.701,314.061,598.761
4.27692,726.132,722.487,1448.62
4.28325,325.662,344.21,669.871
4.28958,782.688,796.313,1579
4.29593,329.307,360.924,690.231
4.30229,717.994,708.883,1426.88
4.30865,208.77,261.504,470.274
4.31503,884.386,856.744,1741.13
4.32142,275.319,312.093,587.412
4.32781,851.209,804.87,1656.08
4.33422,260.919,313.433,574.352
4.34064,734.176,737.244,1471.42
4.34707,336.897,367.854,704.751
4.35351,719.978,704.836,1424.81
4.35996,509.826,512.723,1022.55
4.36642,396.489,461.936,858.425
4.37289,559.888,556.501,1116.39
4.37937,421.759,487.108,908.866
4.38586,624.859,586.505,1211.36
4.39236,521.073,546.093,1067.17
4.39887,726.343,689.933,1416.28
4.4054,650.823,638.609,1289.43
4.41193,208.086,296.785,504.871
4.41847,951.297,864.738,1816.04
4.42503,203.766,298.191,501.957
4.4316,716.434,669.882,1386.32
4.43817,611.259,642.303,1253.56
4.44476,341.816,359.498,701.314
4.45136,996.496,945.172,1941.67
4.45796,115.631,209.966,325.597
4.46458,820.408,801.623,1622.03
4.47121,335.849,354.359,690.208
4.47785,738.611,745.14,1483.75
4.48451,363.782,393.859,757.642
4.49117,807.781,745.009,1552.79
4.49784,332.074,383.146,715.22
4.50453,790.678,739.699,1530.38
4.51122,322.955,371.042,693.997
4.51793,755.343,725.091,1480.43
4.52464,365.298,405.716,771.015
4.53137,715.852,698.273,1414.13
4.53811,469.155,475.544,944.699
4.54486,603.353,610.217,1213.57
4.55162,484.884,475.99,960.874
4.55839,658.262,667.15,1325.41
4.56517,506.947,493.356,1000.3
4.57197,697.39,691.205,1388.6
4.57877,404.034,432.655,836.689
4.58559,802.011,757.482,1559.49
4.59241,342.548,385.669,728.217
4.59925,798.03,747.679,1545.71
4.6061,403.245,421.334,824.579
4.61296,778.413,739.972,1518.38
4.61983,328.473,382.058,710.53
4.62671,741.635,715.756,1457.39
4.63361,553.396,540.608,1094
4.64051,427.686,435.445,863.131
4.64743,712.843,650.831,1363.67
4.65435,444.216,448.275,892.491
4.66129,770.009,710.277,1480.29
4.66824,464.926,468.587,933.513
4.6752,702.217,662.973,1365.19
4.68217,655.36,629.034,1284.39
4.68916,496.486,508.569,1005.06
4.69615,829.763,737.124,1566.89
4.70316,247.015,311.577,558.592
4.71018,993.741,899.916,1893.66
4.71721,251.381,306.246,557.627
4.72425,932.401,817.772,1750.17
4.7313,293.152,330.864,624.016
4.73836,919.521,816.497,1736.02
4.74544,278.165,342.043,620.208
4.75252,926.249,813.215,1739.46
4.75962,315.112,357.609,672.721
4.76673,887.838,801.931,1689.77
4.77385,342.092,373.04,715.132
4.78098,864.607,790.787,1655.39
4.78813,446.114,430.22,876.334
4.79528,824.097,759.038,1583.13
4.80245,407.375,412.779,820.154
4.80963,878.553,810.499,1689.05
4.81682,287.198,334.718,621.917
4.82402,943.537,858.071,1801.61
4.83124,211.978,281.418,493.396
4.83846,981.692,891.418,1873.11
4.8457,178.446,248.376,426.822
4.85295,1070.69,941.713,2012.4
4.86021,118.836,205.014,323.849
4.86748,1198.88,1018.84,2217.71
4.87477,254.971,334.379,589.35
4.88206,829.855,750.916,1580.77
4.88937,477.745,494.677,972.422
4.89669,692.221,641.445,1333.67
4.90402,511.272,513.152,1024.42
4.91137,704.413,635.638,1340.05
4.91872,556.271,533.898,1090.17
4.92609,654.313,626.499,1280.81
4.93347,603.111,571.713,1174.82
4.94086,658.697,633.483,1292.18
4.94827,590.608,538.82,1129.43
4.95568,525.975,560.09,1086.06
4.96311,974.634,822.072,1796.71
4.97055,-106.137,67.546,-38.5907
4.978,1320.19,1118.5,2438.69
4.98547,32.1064,146.147,178.253
4.99294,1118.65,954.052,2072.7
5.00043,-19.9623,126.717,106.755
5.00793,1166.94,1006.09,2173.03
5.01545,75.7889,187.01,262.799
5.02299,1127.42,967.648,2095.07
5.03055,42.9596,181.995,224.955
5.03813,1153.57,1014.13,2167.7
5.04572,47.0591,180.051,227.11
5.05334,1182.67,1012.39,2195.06
5.06097,46.9317,177.107,224.038
5.06862,1167.95,1015.42,2183.37
5.07629,8.09181,146.086,154.178
5.08398,1249.19,1063.72,2312.92
5.09169,-62.1731,116.319,54.1463
5.09942,1208.02,1026.06,2234.07
5.10717,44.6084,180.954,225.563
5.11494,1162.63,995.882,2158.51
5.12273,368.124,450.446,818.57
5.13053,744.643,686.085,1430.73
5.13836,444.82,496.533,941.353
5.14621,589.245,553.925,1143.17
5.15407,556.579,567.482,1124.06
5.16196,615.487,584.255,1199.74
5.16986,543.928,544.863,1088.79
5.17779,626.594,610.204,1236.8
5.18573,657.988,624.349,1282.34
5.1937,655.998,610.333,1266.33
5.20168,560.281,561.852,1122.13
5.20968,663.851,615.365,1279.22
5.21771,679.184,664.686,1343.87
5.22575,384.732,384.059,768.791
5.23382,916.725,874.862,1791.59
5.2419,267.346,315.264,582.609
5.25001,979.157,909.243,1888.4
5.25813,161.832,193.421,355.253
5.26628,903.391,880.586,1783.98
5.27444,321.696,382.925,704.621
5.28263,973.956,871.718,1845.67
5.29083,361.096,393.872,754.968
5.29906,756.498,723.697,1480.2
5.30731,320.429,374.635,695.064
5.31558,865.54,792.478,1658.02
5.32387,290.913,358.058,648.971
5.33218,930.233,818.153,1748.39
5.34051,296.356,359.493,655.849
5.34886,900.745,815.716,1716.46
5.35723,304.827,366.274,671.1
5.36562,861.586,798.926,1660.51
5.37404,357.275,405.674,762.949
5.38247,838.063,792.609,1630.67
5.39093,360.306,395.693,755.999
5.39941,790.355,759.686,1550.04
5.4079,397.579,423.434,821.013
5.41642,749.565,739.45,1489.02
5.42497,503.744,477.976,981.719
5.43353,669.119,685.036,1354.15
5.44211,505.342,484.087,989.429
5.45072,652.216,672.126,1324.34
5.45934,537.093,519.05,1056.14
5.46799,598.99,631.98,1230.97
5.47666,580.083,545.24,1125.32
5.48535,584.617,609.94,1194.56
5.49407,604.428,568.593,1173.02
5.5028,576.762,634.458,1211.22
5.51156,504.462,489.714,994.176
5.52034,686.439,702.218,1388.66
5.52914,396.351,421.659,818.01
5.53796,718.223,751.563,1469.79
5.54681,429.178,433.165,862.344
5.55567,652.399,686.305,1338.7
5.56456,670.579,610.175,1280.75
5.57347,355.267,441.046,796.314
5.58241,912.291,788.409,1700.7
5.59136,314.578,425.3,739.878
5.60034,871.238,757.932,1629.17
5.60934,425.344,494.93,920.275
5.61837,717.088,645.584,1362.67
5.62741,669.094,687.969,1357.06
5.63648,456.77,435.374,892.145
5.64557,670.596,693.32,1363.92
5.65469,451.652,439.079,890.731
5.66382,828.555,800.795,1629.35
5.67298,340.401,360.425,700.825
5.68216,782.583,780.373,1562.96
5.69137,445.04,423.783,868.823
5.7006,795.1,773.905,1569.01
5.70985,357.842,369.941,727.783
5.71912,855.643,830.042,1685.69
5.72842,343.602,365.095,708.697
5.73774,840.399,803.976,1644.38
5.74709,380.102,387.937,768.039
5.75646,827.267,795.97,1623.24
5.76585,444.227,453.15,897.376
5.77526,564.701,586.514,1151.21
5.7847,814.483,717.577,1532.06
5.79416,416.328,468.409,884.737
5.80365,733.895,665.173,1399.07
5.81316,625.179,613.047,1238.23
5.82269,549.924,544.228,1094.15
5.83225,615.523,639.922,1255.44
5.84183,342.184,356.696,698.879
5.85143,759.365,761.108,1520.47
5.86106,550.691,482.098,1032.79
5.87071,582.113,620.029,1202.14
5.88039,601.325,518.903,1120.23
5.89009,587.526,639.394,1226.92
5.89981,553.188,493.402,1046.59
5.90956,663.784,681.032,1344.82
5.91934,545.411,505.728,1051.14
5.92914,673.925,699.217,1373.14
5.93896,500.001,473.273,973.274
5.94881,751.553,751.483,1503.04
5.95868,464.665,446.224,910.889
5.96858,649.673,691.948,1341.62
5.9785,539.009,488.79,1027.8
5.98844,685.928,698.931,1384.86
5.99841,457.658,434.135,891.793
6.00841,766.418,773.642,1540.06
6.01843,486.317,443.886,930.203
6.02848,768.578,756.344,1524.92
6.03855,603.469,557.465,1160.93
6.04864,481.88,522.883,1004.76
6.05877,855.045,728.3,1583.34
6.06891,497.236,548.421,1045.66
6.07909,708.861,640.708,1349.57
6.08928,575.461,583.19,1158.65
6.09951,415.955,406.199,822.154
6.10976,929.428,875.625,1805.05
6.12003,568.737,501.718,1070.45
6.13033,532.622,603.299,1135.92
6.14066,669.195,573.989,1243.18
6.15101,606.218,618.985,1225.2
6.16138,685.124,597.041,1282.16
6.17179,590.031,616.851,1206.88
6.18222,642.042,564.428,1206.47
6.19267,610.346,640.965,1251.31
6.20316,602.692,548.557,1151.25
6.21366,589.67,637.404,1227.07
6.2242,581.453,532.591,1114.04
6.23476,571.213,631.668,1202.88
6.24534,610.461,558.056,1168.52
6.25596,575.64,607.4,1183.04
6.2666,634.178,574.04,1208.22
6.27726,548.98,605.521,1154.5
6.28796,664.999,604.708,1269.71
6.29868,561.109,604.847,1165.96
6.30942,657.708,594.618,1252.33
6.3202,562.606,600.641,1163.25
6.331,642.401,589.993,1232.39
6.34183,573.101,617.025,1190.13
6.35268,671.508,604.984,1276.49
6.36356,565.092,608.446,1173.54
6.37447,686.869,615.27,1302.14
6.38541,529.852,587.658,1117.51
6.39637,690.206,604.523,1294.73
6.40736,613.905,649.704,1263.61
6.41838,538.802,510.016,1048.82
6.42943,718.598,711.251,1429.85
6.4405,527.093,510.345,1037.44
6.4516,634.712,638.3,1273.01
6.46273,870.449,767.47,1637.92
6.47389,422.704,462.015,884.719
6.48507,999.271,866.696,1865.97
6.49628,347.383,410.545,757.928
6.50752,968.72,821.118,1789.84
6.51879,329.631,406.004,735.636
6.53009,940.657,788.205,1728.86
6.54142,397.021,484.019,881.04
6.55277,571.937,519.555,1091.49
6.56415,614.874,660.743,1275.62
6.57556,666.991,591.552,1258.54
6.587,596.652,639.457,1236.11
6.59847,634.017,565.574,1199.59
6.60996,612.147,641.21,1253.36
6.62149,603.067,562.605,1165.67
6.63304,571.156,616.461,1187.62
6.64463,602.149,551.535,1153.68
6.65624,588.658,625.709,1214.37
6.66788,742.071,652.755,1394.83
6.67955,438.004,548.878,986.882
6.69125,818.369,722.032,1540.4
6.70297,262.055,395.503,657.558
6.71473,917.092,780.962,1698.05
6.72652,277.566,402.916,680.483
6.73833,892.788,792.979,1685.77
6.75018,293.901,388.052,681.953
6.76206,945.274,815.03,1760.3
6.77396,297.264,353.606,650.87
6.7859,899.036,788.47,1687.51
6.79786,417.021,443.296,860.317
6.80986,728.224,655.366,1383.59
6.82188,556.27,528.343,1084.61
6.83393,784.824,713.942,1498.77
6.84602,385.087,413.752,798.839
6.85813,881.241,768.058,1649.3
6.87028,424.985,441.301,866.285
6.88246,847.705,739.947,1587.65
6.89466,470.442,474.58,945.022
6.9069,812.334,719.813,1532.15
6.91917,515.765,496.53,1012.29
6.93146,794.231,708.335,1502.57
6.94379,460.638,455.389,916.028
6.95615,822.288,733.609,1555.9
6.96854,504.688,449.688,954.376
6.98096,793.779,718.51,1512.29
6.99342,442.631,444.494,887.125
7.0059,769.765,713.622,1483.39
7.01841,506.473,471.164,977.637
7.03096,743.156,701.19,1444.35
7.04354,500.533,459.952,960.485
7.05615,738.723,706.357,1445.08
7.06879,493.726,458.248,951.974
7.08146,788.434,729.708,1518.14
7.09416,471.432,436.613,908.045
7.1069,807.361,734.088,1541.45
7.11966,410.912,404.921,815.832
7.13246,850.632,767.411,1618.04
7.1453,403.135,399.799,802.933
7.15816,862.948,766.169,1629.12
7.17105,407.922,403.271,811.193
7.18398,790.648,725.652,1516.3
7.19694,499.025,486.026,985.051
7.20993,630.169,594.739,1224.91
7.22296,557.549,519.055,1076.6
7.23602,769.179,702.416,1471.59
7.24911,475.269,460.738,936.006
7.26223,772.234,740.873,1513.11
7.27538,500.264,476.678,976.943
7.28857,655.331,643.706,1299.04
7.30179,558.564,485.79,1044.35
7.31505,754.148,717.413,1471.56
7.32834,464.146,413.351,877.497
7.34166,755.787,724.57,1480.36
7.35501,519.429,468.493,987.922
7.3684,775.723,764.727,1540.45
7.38182,512.812,469.259,982.072
7.39527,808.847,763.746,1572.59
7.40876,628.815,573.24,1202.06
7.42228,675.231,692.258,1367.49
7.43584,495.925,494.545,990.47
7.44943,794.988,721.315,1516.3
7.46305,480.78,474.641,955.421
7.47671,900.137,841.732,1741.87
7.4904,432.189,426.492,858.682
7.50413,925.787,831.355,1757.14
7.51789,342.424,344.44,686.864
7.53168,994.68,881.029,1875.71
7.54551,316.914,359.178,676.092
7.55938,975.871,871.406,1847.28
7.57328,315.043,338.433,653.476
7.58721,1031.47,898.827,1930.3
7.60118,246.245,302.53,548.775
7.61518,1062.61,911.36,1973.97
7.62922,223.234,288.441,511.675
7.64329,1066.9,915.458,1982.36
7.6574,215.394,280.797,496.191
7.67154,1081.72,914.142,1995.87
7.68572,241.581,302.648,544.229
7.69994,1066.03,905.893,1971.93
7.71419,227.23,292.455,519.685
7.72847,1029.12,892.526,1921.65
7.74279,257.215,320.605,577.82
7.75715,1009.53,887.194,1896.72
7.77154,219.296,325.001,544.297
7.78597,1054.38,904.471,1958.85
7.80044,171.066,298.373,469.439
7.81494,1014.78,879.477,1894.25
7.82947,221.06,327.63,548.69
7.84405,1009.18,889.622,1898.81
7.85866,256.506,343.227,599.734
7.8733,969.487,863.244,1832.73
7.88799,297.382,369.534,666.916
7.90271,939.96,842.33,1782.29
7.91746,331.117,392.516,723.633
7.93226,927.487,831.316,1758.8
7.94709,335.172,390.806,725.978
7.96196,893.367,812.313,1705.68
7.97686,374.473,417.622,792.095
7.9918,870.264,791.104,1661.37
8.00678,419.504,452.671,872.175
8.0218,712.664,671.531,1384.19
8.03685,624.691,620.772,1245.46
8.05195,639.163,615.004,1254.17
8.06708,585.637,578.156,1163.79
8.08224,683.39,635.041,1318.43
8.09745,573.868,551.449,1125.32
8.11269,688.799,641.351,1330.15
8.12798,566.936,542.861,1109.8
8.14329,732.783,656.577,1389.36
8.15865,539.397,521.878,1061.28
8.17405,883.259,778.907,1662.17
8.18948,306.913,365.682,672.595
8.20496,937.722,844.898,1782.62
8.22047,298.696,351.027,649.723
8.23602,1039.63,869.273,1908.91
8.25161,274.61,343.321,617.931
8.26724,1023.43,863.73,1887.16
8.28291,250.652,332.579,583.231
8.29862,1044.12,881.4,1925.52
8.31436,248.796,317.504,566.3
8.33015,1036.24,900.266,1936.5
8.34597,276.529,333.884,610.413
8.36184,1013.87,887.404,1901.28
8.37774,299.202,348.381,647.583
8.39369,993.053,877.954,1871.01
8.40967,322.311,372.549,694.861
8.4257,951.774,848.523,1800.3
8.44176,324.401,378.41,702.811
8.45787,950.489,855.233,1805.72
8.47401,299.864,364.709,664.572
8.4902,969.429,864.105,1833.53
8.50642,285.412,366.769,652.181
8.52269,990.273,867.245,1857.52
8.53899,299.38,375.393,674.774
8.55534,969.959,856.424,1826.38
8.57173,305.441,392.928,698.369
8.58816,970.283,850.642,1820.92
8.60463,318.659,389.419,708.078
8.62114,1000.78,861.323,1862.1
8.63769,307.619,380.249,687.868
8.65429,1016.53,862.503,1879.04
8.67092,343.965,397.096,741.061
8.6876,987.724,850.104,1837.83
8.70432,371.245,411.289,782.534
8.72108,972.631,846.553,1819.18
8.73788,347.775,406.192,753.967
8.75473,986.418,851.026,1837.44
8.77161,336.762,391.527,728.289
8.78854,1016.02,865.742,1881.76
8.80552,316.46,381.356,697.816
8.82253,1016.54,871.696,1888.24
8.83959,335.183,379.378,714.56
8.85668,1014.12,867.488,1881.61
8.87383,339.316,387.703,727.019
8.89101,1001.82,862.135,1863.96
8.90824,323.259,375.771,699.03
8.92551,1000.06,860.897,1860.96
8.94282,329.044,374.696,703.74
8.96018,1014.8,863.055,1877.86
8.97758,348.704,390.971,739.674
8.99502,997.168,849.301,1846.47
9.01251,334.764,386.65,721.414
9.03004,985.904,840.823,1826.73
9.04762,340.625,393.969,734.594
9.06524,949.186,825.357,1774.54
9.0829,363.971,416.883,780.854
9.10061,935.549,811.475,1747.02
9.11836,375.751,409.702,785.453
9.13615,943.714,818.065,1761.78
9.15399,358.118,398.238,756.356
9.17188,984.06,841.895,1825.95
9.18981,308.55,379.032,687.582
9.20778,1022.31,862.74,1885.05
9.2258,310.176,375.497,685.673
9.24387,1015.44,864.763,1880.2
9.26198,296.024,368.151,664.175
9.28013,1037.17,877.051,1914.22
9.29833,271.365,357.533,628.898
9.31658,1044.82,882.561,1927.38
9.33487,267.094,356.472,623.566
9.35321,1048.82,899.48,1948.3
9.37159,260.511,349.437,609.947
9.39002,1087.67,908.658,1996.33
9.40849,248.54,341.3,589.84
9.42702,1114.05,932.619,2046.67
9.44558,244.842,327.956,572.798
9.4642,1103.34,930.232,2033.57
9.48286,253.457,329.952,583.409
9.50156,1097.44,917.795,2015.24
9.52032,226.531,321.593,548.124
9.53912,1109.33,934.076,2043.4
9.55797,265.379,334.354,599.733
9.57686,1075.13,920.409,1995.54
9.5958,249.575,324.404,573.979
9.61479,1090.78,933.005,2023.79
9.63383,229.152,314.526,543.678
9.65292,1078.15,927.235,2005.38
9.67205,241.203,317.556,558.759
9.69123,1059.53,915.158,1974.69
9.71046,247.123,328.641,575.764
9.72973,1047.61,900.398,1948.01
9.74906,279.344,345.684,625.028
9.76843,1053.89,897.847,1951.73
9.78785,269.753,342.921,612.674
9.80732,1065.56,905.062,1970.62
9.82684,250.491,338.811,589.302
9.84641,1086.07,914.732,2000.8
9.86602,254.517,338.166,592.682
9.88569,1050.45,906.716,1957.17
9.9054,261.44,341.83,603.271
9.92516,1028.83,885.223,1914.06
9.94498,281.612,361.934,643.546
9.96484,1011.56,875.532,1887.09
9.98475,300.195,378.763,678.958
10.0047,1016.16,868.025,1884.19
10.0247,311.9,381.91,693.809
10.0447,1041.07,872.267,1913.33
10.0647,281.697,375.881,657.578
10.0847,1065.96,887.947,1953.91
10.1047,289.793,378.903,668.697
10.1247,1066.69,881.43,1948.12
10.1447,266.682,381.632,648.314
10.1647,1060.71,879.95,1940.66
10.1847,276.273,376.604,652.878
10.2047,1067.76,875.805,1943.57
10.2247,248.33,371.333,619.663
10.2447,1062.32,879.211,1941.53
10.2647,257.03,365.862,622.893
10.2847,1075.3,871.327,1946.63
10.3047,267.996,374.776,642.772
10.3247,1051.52,870.851,1922.37
10.3447,314.279,383.239,697.518
10.3647,1080.88,879.445,1960.33
10.3847,277.201,381.946,659.147
10.4047,1061.9,878.101,1940
10.4247,306.858,380.99,687.848
10.4447,1090,881.202,1971.2
10.4647,286.879,385.436,672.315
10.4847,1091.66,901.121,1992.78
10.5047,284.566,380.54,665.106
10.5247,1133.94,901.612,2035.55
10.5447,251.274,354.691,605.965
10.5647,1121.06,926.251,2047.31
10.5847,255.274,354.122,609.396
10.6047,1138.63,910.818,2049.45
10.6247,247.792,350.698,598.49
10.6447,1078.88,904.337,1983.22
10.6647,232.458,336.522,568.979
10.6847,1106.12,890.384,1996.5
10.7047,219.26,334.513,553.773
10.7247,1073.05,905.362,1978.42
10.7447,230.958,339.338,570.297
10.7647,1093.23,885.261,1978.49
10.7847,246.817,347.963,594.78
10.8047,1064.72,893.578,1958.3
10.8247,274.434,369.183,643.617
10.8447,1108.17,881.369,1989.54
10.8647,281.814,374.563,656.376
10.8847,1068.01,897.759,1965.77
10.9047,307.086,388.271,695.357
10.9247,1103.93,886.753,1990.68
10.9447,323.149,395.997,719.146
10.9647,1079.97,872.934,1952.91
10.9847,416.491,454.907,871.398
11.0047,1017.09,801.637,1818.73
11.0247,321.798,404.163,725.961
11.0447,1028.2,828.474,1856.68
11.0647,325.357,385.363,710.72
11.0847,1089.59,865.536,1955.13
11.1047,303.032,358.807,661.839
11.1247,1112.98,880.802,1993.78
11.1447,297.917,345.67,643.587
11.1647,1130.34,903.596,2033.94
11.1847,233.087,283.535,516.621
11.2047,1071.6,951.365,2022.97
11.2247,306.747,307.832,614.579
11.2447,1171.42,943.964,2115.38
11.2647,277.229,315.506,592.735
11.2847,1151.3,910.305,2061.6
11.3047,319.228,347.001,666.229
11.3247,1112.3,888.596,2000.89
11.3447,331.85,361.247,693.097
11.3647,1133.89,883.591,2017.48
11.3847,320.779,358.895,679.674
11.4047,1114.25,880.2,1994.45
11.4247,311.046,359.357,670.403
11.4447,1124.25,883.461,2007.71
11.4647,313.985,358.304,672.289
11.4847,1113.59,885.563,1999.15
11.5047,283.914,349.649,633.563
11.5247,1117.96,891.799,2009.76
11.5447,280.006,342.248,622.253
11.5647,1137.58,899.325,2036.9
11.5847,281.258,347.4,628.658
11.6047,1122.49,892.53,2015.02
11.6247,273.234,337.938,611.172
11.6447,1110.49,880.412,1990.9
11.6647,280.918,347.524,628.442
11.6847,1092.92,868.767,1961.69
11.7047,294.01,359.038,653.048
11.7247,1085.59,863.959,1949.55
11.7447,307.418,365.125,672.543
11.7647,1067.68,856.124,1923.81
11.7847,278.213,359.689,637.901
11.8047,1091.94,863.062,1955
11.8247,280.889,359.903,640.792
11.8447,1108.49,865.858,1974.35
11.8647,298.344,371.084,669.428
11.8847,1104.54,861.676,1966.22
11.9047,280.863,359.276,640.139
11.9247,1115.28,866.748,1982.02
11.9447,288.793,360.081,648.874
11.9647,1125.8,874.497,2000.3
11.9847,294.54,361.057,655.597
12.0047,1132.83,873.773,2006.6
12.0247,268.076,341.936,610.012
12.0447,1124.31,878.361,2002.68
12.0647,258.923,336.861,595.784
12.0847,1108.18,880.014,1988.19
12.1047,248.096,330.03,578.126
12.1247,1136.74,887.023,2023.77
12.1447,240.512,327.986,568.498
12.1647,1120.05,883.741,2003.79
12.1847,255.666,329.702,585.368
12.2047,1136.36,889.729,2026.08
12.2247,238.435,318.068,556.503
12.2447,1143.26,900.007,2043.27
12.2647,230.525,319.565,550.09
12.2847,1151.15,906.489,2057.64
12.3047,206.115,303.328,509.443
12.3247,1169.77,913.105,2082.87
12.3447,198.533,301.049,499.581
12.3647,1169.5,917.209,2086.71
12.3847,197.538,294.468,492.006
12.4047,1176.07,918.958,2095.03
12.4247,204.082,302.91,506.993
12.4447,1181.44,915.599,2097.04
12.4647,214.82,298.427,513.247
12.4847,1172.25,907.577,2079.83
12.5047,202.99,288.192,491.182
12.5247,1167.04,910.289,2077.33
12.5447,177.442,279.039,456.481
12.5647,1184.45,923.079,2107.53
12.5847,192.451,289.969,482.42
12.6047,1176.01,908.37,2084.38
12.6247,234.432,304.4,538.833
12.6447,1152.18,892.202,2044.38
12.6647,238.289,311.278,549.567
12.6847,1140.54,894.404,2034.94
12.7047,234.135,308.509,542.644
12.7247,1149.92,899.866,2049.78
12.7447,209.654,292.25,501.904
12.7647,1168.81,907.19,2076
12.7847,235.946,302.949,538.896
12.8047,1156.48,900.651,2057.13
12.8247,224.798,312.088,536.886
12.8447,1143.9,890.55,2034.45
12.8647,245.498,315.47,560.969
12.8847,1134.99,889.148,2024.14
12.9047,250.798,315.236,566.034
12.9247,1124.24,881.977,2006.22
12.9447,240.996,305.151,546.147
12.9647,1144.5,896.954,2041.45
12.9847,256.754,307.999,564.752
13.0047,1123.66,888.577,2012.24
13.0247,244.472,304.505,548.977
13.0447,1116.6,888.83,2005.43
13.0647,238.808,295.131,533.939
13.0847,1115.5,879.44,1994.94
13.1047,260.324,312.293,572.617
13.1247,1102.81,871.639,1974.45
13.1447,269.975,320.774,590.749
13.1647,1085.03,863.505,1948.54
13.1847,297.045,328.997,626.043
13.2047,1081.34,864.082,1945.42
13.2247,276.063,326.573,602.635
13.2447,1106.74,873.606,1980.35
13.2647,263.594,326.029,589.622
13.2847,1123.4,880.036,2003.44
13.3047,265.041,326.075,591.115
13.3247,1117.81,876.85,1994.66
13.3447,236.627,314.241,550.868
13.3647,1111.85,877.524,1989.38
13.3847,220.17,309.63,529.8
13.4047,1130.52,874.221,2004.74
13.4247,209.564,302.545,512.109
13.4447,1142.49,885.602,2028.09
13.4647,194.225,298.855,493.08
13.4847,1150.7,885.828,2036.52
13.5047,220.849,307.481,528.33
13.5247,1130.14,871.202,2001.34
13.5447,227.132,311.283,538.415
13.5647,1129.36,869.369,1998.73
13.5847,224.299,308.896,533.195
13.6047,1125.61,878.15,2003.76
13.6247,212.288,306.115,518.402
13.6447,1150.49,875.162,2025.65
13.6647,195.676,298.615,494.291
13.6847,1131.94,878.635,2010.58
13.7047,216.054,296.984,513.039
13.7247,1176.1,881.119,2057.22
13.7447,193.616,297.553,491.169
13.7647,1141.45,889.172,2030.62
13.7847,198.623,292.54,491.164
13.8047,1202.86,888.633,2091.49
13.8247,166.736,289.265,456.001
13.8447,1162.26,894.098,2056.36
13.8647,177.084,283.575,460.658
13.8847,1232.12,896.178,2128.3
13.9047,147.941,278.472,426.413
13.9247,1140.33,897.229,2037.56
13.9447,194.8,282.454,477.254
13.9647,1251.66,884.352,2136.01
13.9847,151.904,272.022,423.926
14.0047,1253.64,975.522,2229.17
14.0247,130.247,250.433,380.68
14.0447,1105.38,824.934,1930.31
14.0647,227.124,295.322,522.446
14.0847,1125.98,854.181,1980.16
14.1047,264.163,317.395,581.558
14.1247,1114.14,837.69,1951.83
14.1447,211.716,283.39,495.106
14.1647,1173.12,872.3,2045.42
14.1847,208.597,281.396,489.993
14.2047,1065.28,851.933,1917.21
14.2247,273.363,302.431,575.794
14.2447,1107.6,845.389,1952.99
14.2647,263.163,302.929,566.093
14.2847,1125.36,857.393,1982.75
14.3047,225.167,285.772,510.939
14.3247,1163.18,869.585,2032.77
14.3447,211.054,282.82,493.874
14.3647,1156.56,879.212,2035.77
14.3847,197.113,269.691,466.805
14.4047,1165.93,873.674,2039.6
14.4247,196.773,269.81,466.582
14.4447,1160.05,877.442,2037.5
14.4647,186.044,269.526,455.57
14.4847,1173.5,879.79,2053.29
14.5047,149.069,251.848,400.917
14.5247,1194.08,887.31,2081.39
14.5447,146.004,250.669,396.673
14.5647,1200.27,897.245,2097.52
14.5847,154.667,253.889,408.556
14.6047,1190.55,887.348,2077.89
14.6247,167.853,260.241,428.094
14.6447,1177.32,884.152,2061.47
14.6647,169.5,262.646,432.145
14.6847,1198.36,884.256,2082.62
14.7047,156.514,257.568,414.082
14.7247,1202.52,884.343,2086.87
14.7447,158.716,259.507,418.224
14.7647,1201.35,891.228,2092.58
14.7847,172.046,267.762,439.807
14.8047,1193.05,886.896,2079.94
14.8247,164.877,265.488,430.365
14.8447,1199.33,882.242,2081.57
14.8647,159.256,258.476,417.731
14.8847,1201.81,896.333,2098.15
14.9047,144.32,247.291,391.611
14.9247,1217.17,897.376,2114.54
14.9447,135.946,242.996,378.943
14.9647,1225.16,909.289,2134.45
14.9847,141.72,243.575,385.295
15.0047,1243.28,915.905,2159.18
15.0247,117.615,228.312,345.926
15.0447,1245.69,918.167,2163.86
15.0647,99.353,222.05,321.403
15.0847,1248.29,920.911,2169.2
15.1047,107.539,214.182,321.721
15.1247,1245.82,920.224,2166.04
15.1447,111.326,226.362,337.688
15.1647,1245.43,919.048,2164.47
15.1847,116.931,222.7,339.632
15.2047,1238.24,916.694,2154.93
15.2247,100.134,223.143,323.277
15.2447,1250.62,919.813,2170.43
15.2647,105.854,217.208,323.062
15.2847,1241.14,914.314,2155.46
15.3047,122.322,223.619,345.942
15.3247,1235.61,907.287,2142.9
15.3447,133.125,225.699,358.825
15.3647,1220.97,903.002,2123.97
15.3847,150.677,228.977,379.654
15.4047,1209.78,896.093,2105.87
15.4247,146.179,230.605,376.784
15.4447,1206.42,892.645,2099.06
15.4647,150.714,230.932,381.647
15.4847,1198.03,890.939,2088.97
15.5047,167.441,239.298,406.739
15.5247,1192.2,879.962,2072.16
15.5447,160.692,237.465,398.158
15.5647,1195.62,884.479,2080.09
15.5847,145.707,236.019,381.726
15.6047,1196.16,890.735,2086.89
15.6247,163.274,236.392,399.666
15.6447,1214.5,895.377,2109.88
15.6647,148.619,232.81,381.429
15.6847,1212.5,892.979,2105.48
15.7047,137.914,229.76,367.674
15.7247,1212.06,894.823,2106.88
15.7447,137.655,228.686,366.341
15.7647,1209.36,891.031,2100.39
15.7847,138.293,236.942,375.235
15.8047,1225.25,890.695,2115.94
15.8247,142.363,240.136,382.5
15.8447,1226.41,893.051,2119.46
15.8647,148.134,238.342,386.476
15.8847,1210.22,891.066,2101.28
15.9047,147.72,243.675,391.395
15.9247,1204.68,882.945,2087.62
15.9447,155.055,249.148,404.203
15.9647,1182.87,871.488,2054.36
15.9847,141.232,242.487,383.719
16.0047,1190.9,883.55,2074.45
16.0247,160.092,248.639,408.731
16.0447,1174.52,870.921,2045.44
16.0647,159.502,251.005,410.508
16.0847,1178.65,871.841,2050.49
16.1047,167.595,253.379,420.974
16.1247,1156.94,862.311,2019.25
16.1447,166.678,256.198,422.876
16.1647,1159.33,861.723,2021.05
16.1847,164.278,258.302,422.58
16.2047,1158.17,864.791,2022.96
16.2247,163.016,256.855,419.871
16.2447,1163.32,861.047,2024.37
16.2647,191.274,259.221,450.494
16.2847,1142.45,858.926,2001.38
16.3047,186.61,262.037,448.647
16.3247,1151.27,855.801,2007.07
16.3447,191.345,258.517,449.862
16.3647,1152.09,853.246,2005.33
16.3847,171.391,251.761,423.152
16.4047,1170.74,862.085,2032.83
16.4247,156.061,247.759,403.819
16.4447,1185.32,866.016,2051.34
16.4647,153.375,246.749,400.124
16.4847,1182.2,861.914,2044.11
16.5047,174.487,250.439,424.926
16.5247,1163.95,860.392,2024.34
16.5447,159.137,244.228,403.366
16.5647,1171.29,857.394,2028.68
16.5847,156.638,249.074,405.712
16.6047,1165.49,852.89,2018.38
16.6247,168.444,257.084,425.527
16.6447,1170.32,849.109,2019.43
16.6647,158.09,255.978,414.067
16.6847,1165.76,844.357,2010.11
16.7047,173.469,258.725,432.193
16.7247,1152.85,842.579,1995.43
16.7447,170.364,255.426,425.79
16.7647,1150.47,839.032,1989.5
16.7847,161.911,254.451,416.362
16.8047,1154.34,842.483,1996.82
16.8247,172.138,254.328,426.466
16.8447,1159.45,838.17,1997.62
16.8647,173.843,256.499,430.342
16.8847,1166.39,837.259,2003.65
16.9047,182.821,263.144,445.964
16.9247,1133.38,824.3,1957.68
16.9447,197.717,266.252,463.97
16.9647,1140.15,825.077,1965.22
16.9847,191.224,265.121,456.345
17.0047,1119.85,821.882,1941.73
17.0247,204.628,265.714,470.342
17.0447,1122.95,811.71,1934.66
17.0647,208.756,274.414,483.171
17.0847,1118.78,813.272,1932.05
17.1047,209.584,275.303,484.887
17.1247,1108.02,803.768,1911.79
17.1447,213.788,282.24,496.028
17.1647,1093.1,799.018,1892.12
17.1847,220.752,286.734,507.486
17.2047,1114.68,806.738,1921.42
17.2247,217.301,276.321,493.621
17.2447,1114.94,813.968,1928.91
17.2647,202.04,274.522,476.562
17.2847,1116.09,806.561,1922.65
17.3047,177.083,264.968,442.05
17.3247,1122.07,811.185,1933.25
17.3447,191.551,264.863,456.414
17.3647,1113.59,804.401,1917.99
17.3847,200.442,272.645,473.086
17.4047,1082.35,794.792,1877.14
17.4247,207.971,278.031,486.001
17.4447,1067.7,786.63,1854.33
17.4647,230.629,286.658,517.287
17.4847,1064.89,779.818,1844.71
17.5047,230.873,281.092,511.965
17.5247,1052.7,787.832,1840.53
17.5447,239.574,287.861,527.435
17.5647,1071.63,775.977,1847.61
17.5847,224.47,283.211,507.681
17.6047,1044.66,781.101,1825.76
17.6247,252.545,288.968,541.514
17.6447,1059.42,770.177,1829.6
17.6647,223.841,283.08,506.921
17.6847,1065.68,788.78,1854.46
17.7047,243.845,284.431,528.275
17.7247,1054.07,766.592,1820.66
17.7447,244.452,292.62,537.072
17.7647,1046.2,775.624,1821.83
17.7847,266.937,298.043,564.98
17.8047,1053,756.906,1809.9
17.8247,228.055,296.128,524.183
17.8447,1020.67,769.218,1789.89
17.8647,278.636,299.616,578.252
17.8847,1031.51,740.226,1771.74
17.9047,218.209,293.864,512.073
17.9247,1030.12,772.154,1802.28
17.9447,269.13,295.268,564.398
17.9647,1037.25,724.092,1761.34
17.9847,214.747,288.879,503.626
18.0047,1040.51,819.634,1860.14
18.0247,355.112,312.991,668.103
18.0447,391.984,477.811,869.796
18.0647,881.773,711.871,1593.64
18.0847,449.161,469.351,918.512
18.1047,757.225,579.031,1336.26
18.1247,514.139,454.413,968.551
18.1447,735.298,583.86,1319.16
18.1647,534.774,456.436,991.21
18.1847,719.98,578.765,1298.75
18.2047,537.57,461.021,998.59
18.2247,725.243,577.495,1302.74
18.2447,534.993,445.3,980.293
18.2647,707.277,568.319,1275.6
18.2847,534.475,458.47,992.945
18.3047,708.182,572.133,1280.31
18.3247,532.598,425.681,958.279
18.3447,699.043,573.87,1272.91
18.3647,553.09,480.933,1034.02
18.3847,703.539,568.285,1271.82
18.4047,531.883,430.043,961.926
18.4247,666.992,539.292,1206.28
18.4447,441.27,393.373,834.643
18.4647,868.072,656.655,1524.73
18.4847,446.042,402.769,848.811
18.5047,796.012,614.375,1410.39
18.5247,495.585,441.973,937.559
18.5447,704.397,583.074,1287.47
18.5647,512.191,421.588,933.779
18.5847,686.241,594.002,1280.24
18.6047,499.38,412.357,911.737
18.6247,724.205,612.8,1337
18.6447,509,411.105,920.105
18.6647,718.272,610.626,1328.9
18.6847,492.095,406.952,899.046
18.7047,737.967,620.267,1358.23
18.7247,488.24,405.071,893.31
18.7447,739.556,619.245,1358.8
18.7647,488.619,404.964,893.584
18.7847,739.883,621.471,1361.35
18.8047,486.956,397.905,884.861
18.8247,752.969,627.634,1380.6
18.8447,471.191,395.185,866.376
18.8647,761.246,630.353,1391.6
18.8847,462.245,400.673,862.918
18.9047,746.105,624.764,1370.87
18.9247,456.922,392.786,849.707
18.9447,761.298,631.317,1392.61
18.9647,462.867,391.087,853.954
18.9847,766.623,630.817,1397.44
19.0047,452.112,391.514,843.626
19.0247,766.049,629.805,1395.85
19.0447,475.616,414.182,889.798
19.0647,709.562,580.733,1290.29
19.0847,733.517,686.546,1420.06
19.1047,859.319,596.755,1456.07
19.1247,251.487,411.827,663.314
19.1447,918.94,597.068,1516.01
19.1647,260.455,392.958,653.413
19.1847,958.383,631.973,1590.36
19.2047,225.311,353.657,578.968
19.2247,945.065,652.739,1597.8
19.2447,215.382,353.395,568.777
19.2647,996.988,684.527,1681.52
19.2847,212.653,323.567,536.22
19.3047,978.156,674.343,1652.5
19.3247,221.256,332.756,554.012
19.3447,964.221,676.467,1640.69
19.3647,224.165,330.015,554.181
19.3847,969.11,677.451,1646.56
19.4047,218.33,320.328,538.658
19.4247,969.525,681.518,1651.04
19.4447,224.739,319.401,544.14
19.4647,966.665,675.079,1641.74
19.4847,224.81,322.824,547.634
19.5047,948.884,674.297,1623.18
19.5247,256.726,340.022,596.748
19.5447,933.999,667.279,1601.28
19.5647,264.524,334.347,598.871
19.5847,935.632,674.606,1610.24
19.6047,262.337,318.094,580.432
19.6247,948.435,680.75,1629.19
19.6447,239.849,311.058,550.906
19.6647,950.85,686.119,1636.97
19.6847,251.415,308.226,559.642
19.7047,952.364,689.907,1642.27
19.7247,221.811,297.107,518.918
19.7447,979.244,705.943,1685.19
19.7647,211.935,287.724,499.659
19.7847,1000.69,711.942,1712.63
19.8047,203.675,269.963,473.639
19.8247,1004.19,719.241,1723.43
19.8447,184.128,271.086,455.214
19.8647,1016.97,721.923,1738.89
19.8847,185.597,254.757,440.354
19.9047,978.711,699.096,1677.81
19.9247,213.502,300.275,513.777
19.9447,987.84,713.805,1701.65
19.9647,203.91,247.17,451.08
19.9847,957.273,699.071,1656.34
20.0047,229.308,316.533,545.841
20.0247,1013.55,732.156,1745.7
20.0447,5.29772,61.8105,67.1082
20.0647,1064.75,735.792,1800.54
20.0847,310.339,339.098,649.438
20.1047,1073.16,755.779,1828.94
20.1247,262.393,246.208,508.601
20.1447,800.24,617.726,1417.97
20.1647,319.062,331.182,650.245
20.1847,823.097,637.324,1460.42
20.2047,347.113,326.604,673.717
20.2247,805.877,642.213,1448.09
20.2447,344.088,327.387,671.475
20.2647,800.081,641.412,1441.49
20.2847,346.742,321.234,667.976
20.3047,814.3,656.345,1470.64
20.3247,336.992,317.844,654.836
20.3447,824.327,660.608,1484.93
20.3647,328.231,316.334,644.566
20.3847,826.275,655.506,1481.78
20.4047,333.711,312.918,646.63
20.4247,829.896,660.591,1490.49
20.4447,333.34,314.011,647.351
20.4647,826.383,660.354,1486.74
20.4847,332.331,304.797,637.128
20.5047,825.345,668.64,1493.98
20.5247,332.324,306.526,638.85
20.5447,826.595,666.338,1492.93
20.5647,317.714,299.567,617.28
20.5847,834.028,671.371,1505.4
20.6047,322.733,303.884,626.617
20.6247,834.196,671.715,1505.91
20.6447,312.692,294.752,607.445
20.6647,851.419,684.503,1535.92
20.6847,319.896,296.756,616.652
20.7047,830.579,672.332,1502.91
20.7247,317.703,293.805,611.507
20.7447,842.792,680.651,1523.44
20.7647,301.903,283.192,585.095
20.7847,845.657,680.959,1526.62
20.8047,301.18,274.903,576.083
20.8247,836.829,677.682,1514.51
20.8447,298.302,277.654,575.955
20.8647,854.526,690.446,1544.97
20.8847,291.198,269.62,560.819
20.9047,851.746,690.41,1542.16
20.9247,295.657,262.796,558.453
20.9447,850.701,690.829,1541.53
20.9647,289.897,265.017,554.913
20.9847,859.183,692.808,1551.99
21.0047,308.59,273.022,581.612
21.0247,826.644,678.367,1505.01
21.0447,324.994,278.276,603.27
21.0647,817.061,671.273,1488.33
21.0847,327.365,281.06,608.425
21.1047,803.966,665.85,1469.82
21.1247,337.786,289.484,627.271
21.1447,800.866,664.308,1465.17
21.1647,341.399,285.609,627.008
21.1847,794.476,662.973,1457.45
21.2047,311.638,286.921,598.559
21.2247,809.427,660.484,1469.91
21.2447,335.148,271.472,606.62
21.2647,786.118,662.525,1448.64
21.2847,308.523,291.88,600.402
21.3047,819.504,667.468,1486.97
21.3247,326.875,264.557,591.432
21.3447,786.518,661.83,1448.35
21.3647,312.782,317.351,630.133
21.3847,810.559,661.797,1472.36
21.4047,266.188,222.795,488.983
21.4247,836.319,713.233,1549.55
21.4447,284.412,263.186,547.598
21.4647,795.277,674.292,1469.57
21.4847,351.433,287.131,638.564
21.5047,752.491,627.259,1379.75
21.5247,357.091,331.497,688.588
21.5447,772.222,623.45,1395.67
21.5647,391.713,324.201,715.914
21.5847,739.786,617.136,1356.92
21.6047,390.92,330.043,720.963
21.6247,732.753,616.348,1349.1
21.6447,376.316,320.123,696.439
21.6647,742.456,617.043,1359.5
21.6847,374.081,318.461,692.542
21.7047,739.005,618.176,1357.18
21.7247,352.182,312.758,664.94
21.7447,753.204,623.718,1376.92
21.7647,344.303,305.344,649.647
21.7847,753.7,620.026,1373.73
21.8047,334.734,305.011,639.746
21.8247,757.021,630.422,1387.44
21.8447,363.032,310.285,673.317
21.8647,750.214,625.113,1375.33
21.8847,348.621,302.421,651.043
21.9047,747.725,621.325,1369.05
21.9247,353.091,302.915,656.006
21.9447,774.096,635.392,1409.49
21.9647,342.156,302.203,644.359
21.9847,755.688,629.492,1385.18
22.0047,339.498,304.679,644.177
22.0247,752.925,623.143,1376.07
22.0447,339.205,308.837,648.042
22.0647,762.469,627.669,1390.14
22.0847,342.891,307.954,650.845
22.1047,752.34,624.919,1377.26
22.1247,345.552,312.421,657.973
22.1447,737.915,618.369,1356.28
22.1647,337.647,307.177,644.825
22.1847,747.545,614.966,1362.51
22.2047,345.336,306.8,652.136
22.2247,726.358,603.184,1329.54
22.2447,347.828,314.142,661.969
22.2647,730.773,604.924,1335.7
22.2847,357.647,323.688,681.335
22.3047,725.058,601.897,1326.95
22.3247,359.178,318.477,677.655
22.3447,722.989,602.023,1325.01
22.3647,362.301,319.686,681.988
22.3847,737.333,603.897,1341.23
22.4047,335.555,310.872,646.427
22.4247,733.447,601.24,1334.69
22.4447,344.619,312.617,657.237
22.4647,724.403,600.997,1325.4
22.4847,345.302,316.243,661.545
22.5047,758.967,615.749,1374.72
22.5247,331.709,312.99,644.699
22.5447,772.547,610.753,1383.3
22.5647,299.433,298.24,597.673
22.5847,764.768,607.348,1372.12
22.6047,304.489,302.558,607.048
22.6247,757.004,611.028,1368.03
22.6447,315.834,301.878,617.711
22.6647,759.833,611.703,1371.54
22.6847,303.487,294.851,598.338
22.7047,748.573,608.086,1356.66
22.7247,295.147,297.257,592.404
22.7447,773.628,621.687,1395.31
22.7647,298.422,292.352,590.774
22.7847,779.494,626.598,1406.09
22.8047,269.082,281,550.082
22.8247,802.647,636.278,1438.93
22.8447,264.357,275.246,539.603
22.8647,805.814,632.161,1437.98
22.8847,272.826,277.186,550.011
22.9047,809.315,633.27,1442.59
22.9247,257.895,274.094,531.99
22.9447,814.622,641.035,1455.66
22.9647,266.677,275.014,541.692
22.9847,787.722,629.986,1417.71
23.0047,267.33,281.287,548.617
23.0247,795.505,626.572,1422.08
23.0447,255.238,278.513,533.752
23.0647,789.095,625.526,1414.62
23.0847,272.654,278.787,551.441
23.1047,768.321,612.859,1381.18
23.1247,266.861,288.305,555.166
23.1447,766.926,610.931,1377.86
23.1647,283.314,291.082,574.397
23.1847,754.928,606.032,1360.96
23.2047,293.277,296.357,589.635
23.2247,763.539,611.368,1374.91
23.2447,287.821,294.129,581.95
23.2647,772.532,616.075,1388.61
23.2847,263.865,280.726,544.591
23.3047,782.103,625.29,1407.39
23.3247,244.545,273.444,517.989
23.3447,798.049,626.373,1424.42
23.3647,260.317,280.52,540.836
23.3847,793.043,624.57,1417.61
23.4047,257.758,276.462,534.22
23.4247,780.106,617.34,1397.45
23.4447,245.919,275.064,520.984
23.4647,792.104,617.318,1409.42
23.4847,255.796,277.079,532.875
23.5047,789.385,611.06,1400.44
23.5247,241.874,268.671,510.545
23.5447,799.815,622.128,1421.94
23.5647,243.827,277.5,521.327
23.5847,827.253,632.446,1459.7
23.6047,221.531,256.962,478.493
23.6247,802.861,624.39,1427.25
23.6447,212.013,272.819,484.833
23.6647,828.03,632.933,1460.96
23.6847,222.789,253.374,476.163
23.7047,798.044,624.979,1423.02
23.7247,213.243,279.446,492.689
23.7447,843.357,637.677,1481.03
23.7647,207.105,228.563,435.668
23.7847,772.822,617.292,1390.11
23.8047,223.965,311.652,535.618
23.8247,878.38,641.702,1520.08
23.8447,-30.2509,94.3466,64.0957
23.8647,1066.5,820.891,1887.39
23.8847,9.34914,130.718,140.067
23.9047,1057.27,831.729,1889
23.9247,26.218,57.3569,83.575
23.9447,1042.41,810.204,1852.61
23.9647,-23.4544,94.2595,70.8052
23.9847,1060.02,796.474,1856.5
24.0047,2.44886,70.3342,72.7831
24.0247,1018.6,784.032,1802.64
24.0447,-7.41914,118.889,111.47
24.0647,1050.23,780.85,1831.08
24.0847,-40.3583,34.1247,-6.23361
24.1047,1025.18,780.959,1806.14
24.1247,39.712,130.804,170.516
24.1447,1087.88,790.409,1878.29
24.1647,-59.7392,72.5424,12.8033
24.1847,1054,795.188,1849.18
24.2047,-39.62,79.847,40.227
24.2247,1006.44,762.581,1769.02
24.2447,36.7962,126.519,163.315
24.2647,971.742,748.469,1720.21
24.2847,45.7548,127.426,173.181
24.3047,987.616,746.905,1734.52
24.3247,35.3863,125.178,160.565
24.3447,999.759,752.652,1752.41
24.3647,39.5865,129.793,169.379
24.3847,984.316,747.891,1732.21
24.4047,43.7794,129.911,173.691
24.4247,965.863,739.572,1705.43
24.4447,28.0547,127.397,155.452
24.4647,978.601,743.375,1721.98
24.4847,36.6998,130.273,166.973
24.5047,955.962,730.297,1686.26
24.5247,38.5963,134.829,173.426
24.5447,952.522,731.545,1684.07
24.5647,57.7347,140.202,197.937
24.5847,949.042,728.039,1677.08
24.6047,53.0917,142.241,195.332
24.6247,940.694,722.599,1663.29
24.6447,67.1632,147.683,214.846
24.6647,927.452,716.297,1643.75
24.6847,62.5161,147.314,209.83
24.7047,932.929,718.516,1651.45
24.7247,77.2879,157.303,234.591
24.7447,926.254,716.803,1643.06
24.7647,88.6121,164.984,253.596
24.7847,911.707,707.43,1619.14
24.8047,90.5562,168.598,259.154
24.8247,900.461,696.644,1597.11
24.8447,107.228,172.184,279.412
24.8647,877.279,690.409,1567.69
24.8847,114.803,177.078,291.881
24.9047,890.657,691.088,1581.74
24.9247,111.725,174.578,286.303
24.9447,876.679,690.343,1567.02
24.9647,132.761,183.221,315.982
24.9847,861.253,684.558,1545.81
25.0047,134.533,187.555,322.088
25.0247,853.517,677.161,1530.68
25.0447,142.806,188.448,331.254
25.0647,831.533,664.396,1495.93
25.0847,155.044,201.406,356.45
25.1047,833.042,663.011,1496.05
25.1247,152.364,197.139,349.502
25.1447,831.254,660.999,1492.25
25.1647,154.97,206.689,361.659
25.1847,830.808,658.704,1489.51
25.2047,156.78,205.146,361.927
25.2247,844.138,659.886,1504.02
25.2447,155.083,200.433,355.517
25.2647,825.393,651.995,1477.39
25.2847,162.449,212.34,374.789
25.3047,841.201,656.33,1497.53
25.3247,162.694,205.362,368.057
25.3447,833.834,654.318,1488.15
25.3647,155.693,207.804,363.497
25.3847,823.363,647.221,1470.58
25.4047,160.64,207.928,368.567
25.4247,821.404,647.72,1469.12
25.4447,168.675,214.329,383.005
25.4647,828.469,646.028,1474.5
25.4847,164.006,217.006,381.012
25.5047,814.314,643.525,1457.84
25.5247,157.289,208.875,366.164
25.5447,820.823,646.26,1467.08
25.5647,175.785,219.848,395.633
25.5847,808.363,635.158,1443.52
25.6047,158.963,209.878,368.841
25.6247,806.053,635.744,1441.8
25.6447,172.053,218.631,390.685
25.6647,799.189,637.763,1436.95
25.6847,169.897,214.128,384.025
25.7047,799.914,627.251,1427.17
25.7247,179.998,222.744,402.742
25.7447,795.663,628.585,1424.25
25.7647,175.655,226.533,402.188
25.7847,788.628,627.508,1416.14
25.8047,189.141,231.355,420.497
25.8247,791.955,626.039,1417.99
25.8447,179.996,233.364,413.36
25.8647,795.103,622.809,1417.91
25.8847,189.367,228.783,418.15
25.9047,776.278,615.057,1391.33
25.9247,170.279,227.451,397.73
25.9447,780.763,614.262,1395.03
25.9647,191.685,233.751,425.437
25.9847,782.974,615.862,1398.84
26.0047,180.942,237.029,417.972
26.0247,791.987,615.532,1407.52
26.0447,174.526,235.928,410.454
26.0647,765.43,606.902,1372.33
26.0847,199.652,239.46,439.112
26.1047,758.948,600.383,1359.33
26.1247,205.501,252.863,458.364
26.1447,748.813,595.55,1344.36
26.1647,208.215,243.753,451.968
26.1847,744.83,591.109,1335.94
26.2047,210.946,249.959,460.905
26.2247,734.295,591.362,1325.66
26.2447,230.779,261.408,492.187
26.2647,750.018,590.442,1340.46
26.2847,224.908,255.488,480.395
26.3047,733.805,588.366,1322.17
26.3247,219.11,255.538,474.649
26.3447,750.734,593.82,1344.55
26.3647,219.34,253.17,472.51
26.3847,731.958,586.185,1318.14
26.4047,232.458,259.181,491.638
26.4247,735.621,580.649,1316.27
26.4447,235.858,268.935,504.793
26.4647,728.297,575.03,1303.33
26.4847,219.2,262.863,482.063
26.5047,739.038,581.062,1320.1
26.5247,226.78,262.358,489.138
26.5447,714.362,574.975,1289.34
26.5647,216.138,260.894,477.031
26.5847,711.635,571.698,1283.33
26.6047,222.061,266.021,488.082
26.6247,721.866,575.272,1297.14
26.6447,219.934,262.416,482.35
26.6647,723.936,569.814,1293.75
26.6847,236.968,273.07,510.038
26.7047,705.364,562.914,1268.28
26.7247,254.999,280.398,535.397
26.7447,691.108,557.695,1248.8
26.7647,259.708,280.635,540.342
26.7847,697.058,554.065,1251.12
26.8047,251.458,283.753,535.211
26.8247,694.343,559.676,1254.02
26.8447,264.353,284.665,549.018
26.8647,694.137,546.019,1240.16
26.8847,251.012,281.264,532.275
26.9047,676.512,560.887,1237.4
26.9247,272.145,288.717,560.862
26.9447,680.997,528.952,1209.95
26.9647,256.926,278.399,535.326
26.9847,673.48,565.411,1238.89
27.0047,301.036,302.361,603.396
27.0247,688.838,510.813,1199.65
27.0447,209.596,256.647,466.243
27.0647,961.671,702.173,1663.84
27.0847,34.9556,147.746,182.701
27.1047,901.891,620.392,1522.28
27.1247,79.6808,210.172,289.853
27.1447,882.693,675.034,1557.73
27.1647,87.2185,153.449,240.667
27.1847,850.478,667.702,1518.18
27.2047,82.6961,150.949,233.645
27.2247,861.973,673.798,1535.77
27.2447,106.077,159.635,265.712
27.2647,866.454,669.247,1535.7
27.2847,78.0845,150.051,228.136
27.3047,857.392,669.52,1526.91
27.3247,76.1505,147.969,224.12
27.3447,842.375,668.611,1510.99
27.3647,85.6642,144.275,229.939
27.3847,843.713,664.392,1508.11
27.4047,89.6728,148.153,237.826
27.4247,839.445,665.54,1504.99
27.4447,78.1913,145.506,223.697
27.4647,832.546,664,1496.55
27.4847,89.9235,150.494,240.417
27.5047,837.757,662.514,1500.27
27.5247,85.3296,144.624,229.953
27.5447,850.565,664.843,1515.41
27.5647,85.8952,145.782,231.677
27.5847,841.751,660.399,1502.15
27.6047,72.0496,139.111,211.161
27.6247,847.21,669.112,1516.32
27.6447,79.0753,140.564,219.639
27.6647,831.772,665.036,1496.81
27.6847,83.1045,143.784,226.889
27.7047,859.104,671.846,1530.95
27.7247,77.0346,143.312,220.346
27.7447,845.43,665.174,1510.6
27.7647,82.5133,142.284,224.798
27.7847,828.571,663.07,1491.64
27.8047,91.8207,143.574,235.395
27.8247,820.687,658.212,1478.9
27.8447,118.491,153.455,271.946
27.8647,798.491,648.377,1446.87
27.8847,122.147,158.464,280.611
27.9047,805.467,652.82,1458.29
27.9247,113.018,155.59,268.608
27.9447,803.504,651.845,1455.35
27.9647,111.816,153.144,264.96
27.9847,804.382,654.105,1458.49
28.0047,97.8999,148.292,246.192
28.0247,807.089,651.761,1458.85
28.0447,123.366,149.674,273.04
28.0647,796.358,652.221,1448.58
28.0847,113.569,153.354,266.923
28.1047,791.8,649.878,1441.68
28.1247,121.952,157.238,279.19
28.1447,785.744,644.515,1430.26
28.1647,139.6,159.948,299.548
28.1847,766.925,639.877,1406.8
28.2047,136.262,163.758,300.02
28.2247,779.32,644.018,1423.34
28.2447,139.492,169.339,308.831
28.2647,767.015,636.117,1403.13
28.2847,148.656,171.82,320.476
28.3047,755.956,633.265,1389.22
28.3247,140.826,169.541,310.368
28.3447,751.895,628.258,1380.15
28.3647,151.91,173.06,324.97
28.3847,752.006,628.778,1380.78
28.4047,149.335,176.941,326.276
28.4247,769.333,627.979,1397.31
28.4447,150.313,173.462,323.775
28.4647,752.722,633.658,1386.38
28.4847,154.401,168.655,323.056
28.5047,768.293,637.994,1406.29
28.5247,148.703,170.278,318.981
28.5447,741.063,621.734,1362.8
28.5647,157.824,177.951,335.775
28.5847,742.157,624.901,1367.06
28.6047,147.893,182.1,329.993
28.6247,751.508,626.005,1377.51
28.6447,162.202,185.411,347.613
28.6647,739.472,619.728,1359.2
28.6847,177.205,186.925,364.13
28.7047,740.198,618.507,1358.71
28.7247,165.411,187.977,353.388
28.7447,724.597,611.538,1336.13
28.7647,183.463,193.635,377.099
28.7847,726.948,606.798,1333.75
28.8047,176.792,193.489,370.282
28.8247,724.095,604.377,1328.47
28.8447,189.006,195.798,384.803
28.8647,741.326,612.315,1353.64
28.8847,176.584,197.38,373.964
28.9047,710.425,604.314,1314.74
28.9247,215.348,205.883,421.232
28.9447,705.288,592.722,1298.01
28.9647,199.526,206.275,405.8
28.9847,684.571,594.96,1279.53
29.0047,229.823,215.254,445.076
29.0247,687.657,588.672,1276.33
29.0447,212.084,210.473,422.558
29.0647,675.858,590.321,1266.18
29.0847,234.844,217.932,452.776
29.1047,676.038,581.821,1257.86
29.1247,204.031,213.622,417.653
29.1447,666.151,585.192,1251.34
29.1647,237.488,221.508,458.996
29.1847,716.506,582.611,1299.12
29.2047,179.047,197.395,376.441
29.2247,671.393,607.911,1279.3
29.2447,274.124,241.099,515.222
29.2647,833.074,594.676,1427.75
29.2847,60.3914,22.3026,82.694
29.3047,581.717,515.574,1097.29
29.3247,329.875,220.609,550.484
29.3447,440.905,411.07,851.975
29.3647,548.16,504.114,1052.27
29.3847,486.943,426.599,913.542
29.4047,393.023,328.223,721.246
29.4247,575.955,506.307,1082.26
29.4447,438.138,482.925,921.063
29.4647,165.128,276.957,442.085
29.4847,829.485,588.194,1417.68
29.5047,113.228,201.528,314.756
29.5247,800.606,614.901,1415.51
29.5447,106.963,192.382,299.345
29.5647,781.692,614.638,1396.33
29.5847,102.321,184.078,286.399
29.6047,779.009,619.938,1398.95
29.6247,114.554,194.439,308.994
29.6447,779.19,622.856,1402.05
29.6647,132.839,188.024,320.863
29.6847,781.906,623.264,1405.17
29.7047,116.817,189.898,306.715
29.7247,781.818,617.547,1399.37
29.7447,123.686,184.766,308.452
29.7647,779.425,621.524,1400.95
29.7847,118.774,187.009,305.783
29.8047,780.325,618.56,1398.89
29.8247,128.931,195.454,324.385
29.8447,776.492,617.756,1394.25
29.8647,135.86,193.59,329.45
29.8847,774.978,619.59,1394.57
29.9047,128.134,195.944,324.078
29.9247,776.907,618.39,1395.3
29.9447,137.271,196.693,333.964
29.9647,765.845,610.329,1376.17
29.9847,136.494,194.663,331.157
30.0047,772.343,619.382,1391.73
30.0247,151.121,194.792,345.913
30.0447,763.002,614.453,1377.45
30.0647,147.635,195.551,343.186
30.0847,755.454,610.752,1366.21
30.1047,157.837,200.194,358.031
30.1247,749.037,608.561,1357.6
30.1447,162.717,202.656,365.373
30.1647,740.43,604.559,1344.99
30.1847,168.771,205.067,373.838
30.2047,735.534,607.023,1342.56
30.2247,165.741,202.606,368.347
30.2447,728.877,606.657,1335.53
30.2647,170.91,201.519,372.429
30.2847,724.064,601.274,1325.34
30.3047,180.348,205.166,385.514
30.3247,718.322,602.132,1320.45
30.3447,193.497,209.473,402.97
30.3647,724.665,602.387,1327.05
30.3847,189.922,204.231,394.153
30.4047,729.12,602.694,1331.81
30.4247,191.944,207.646,399.59
30.4447,719.024,597.977,1317
30.4647,187.536,209.327,396.863
30.4847,731.818,601.92,1333.74
30.5047,170.988,202.813,373.801
30.5247,728.313,602.947,1331.26
30.5447,171.378,201.991,373.37
30.5647,726.384,602.742,1329.13
30.5847,186.49,212.42,398.91
30.6047,721.195,599.081,1320.28
30.6247,181.532,211.595,393.127
30.6447,731.419,599.032,1330.45
30.6647,180.619,212.418,393.037
30.6847,730.53,601.717,1332.25
30.7047,175.829,206.661,382.49
30.7247,736.809,599.953,1336.76
30.7447,172.526,204.233,376.76
30.7647,735.831,600.468,1336.3
30.7847,163.908,201.904,365.812
30.8047,732.162,599.807,1331.97
30.8247,180.598,207.94,388.538
30.8447,730.938,598.619,1329.56
30.8647,163.421,202.064,365.485
30.8847,732.982,599.603,1332.58
30.9047,173.28,204.218,377.498
30.9247,709.342,592.487,1301.83
30.9447,181.278,209.642,390.92
30.9647,720.601,595.281,1315.88
30.9847,186.032,211.451,397.483
31.0047,725.884,591.865,1317.75
31.0247,174.123,206.167,380.29
31.0447,722.648,594.234,1316.88
31.0647,174.899,203.186,378.084
31.0847,732.716,597.939,1330.65
31.1047,172.723,205.134,377.857
31.1247,717.969,594.398,1312.37
31.1447,177.557,212.195,389.752
31.1647,719.237,596.934,1316.17
31.1847,177.139,203.784,380.924
31.2047,725.002,597.395,1322.4
31.2247,181.233,205.055,386.287
31.2447,732.467,595.104,1327.57
31.2647,167.63,202.756,370.387
31.2847,710.106,587.975,1298.08
31.3047,168.773,200.509,369.282
31.3247,710.71,588.778,1299.49
31.3447,182.933,206.973,389.906
31.3647,714.262,592.649,1306.91
31.3847,167.651,199.546,367.197
31.4047,717.075,591.15,1308.23
31.4247,171.096,206.315,377.411
31.4447,713.108,589.861,1302.97
31.4647,175.578,201.637,377.215
31.4847,723.328,595.057,1318.38
31.5047,178.808,199.087,377.894
31.5247,730.046,598.306,1328.35
31.5447,182.752,203.246,385.999
31.5647,713.457,589.425,1302.88
31.5847,172.458,204.871,377.328
31.6047,713.954,592.836,1306.79
31.6247,175.389,204.769,380.158
31.6447,716.576,590.436,1307.01
31.6647,185.946,203.793,389.739
31.6847,714.549,591.418,1305.97
31.7047,170.027,201.636,371.663
31.7247,720.195,594.35,1314.54
31.7447,172.879,198.565,371.444
31.7647,725.386,598.094,1323.48
31.7847,157.521,197.187,354.708
31.8047,718.437,593.568,1312
31.8247,160.291,197.606,357.897
31.8447,723.924,591.424,1315.35
31.8647,181.323,205.61,386.932
31.8847,715.895,590.707,1306.6
31.9047,167.099,197.748,364.847
31.9247,714.418,593.989,1308.41
31.9447,162.124,199.336,361.46
31.9647,729.17,594.695,1323.86
31.9847,151.032,190.807,341.839
32.0047,738.936,599.983,1338.92
32.0247,167.084,196.977,364.061
32.0447,731.978,594.134,1326.11
32.0647,158.586,193.942,352.528
32.0847,728.491,591.281,1319.77
32.1047,160.643,194.424,355.067
32.1247,724.302,592.61,1316.91
32.1447,160.356,195.99,356.346
32.1647,716.527,589.042,1305.57
32.1847,165.195,198.405,363.6
32.2047,712.758,588.754,1301.51
32.2247,164.843,195.823,360.666
32.2447,710.914,586.378,1297.29
32.2647,166.721,195.933,362.654
32.2847,708.67,585.735,1294.4
32.3047,156.739,198.133,354.872
32.3247,706.096,588.449,1294.55
32.3447,166.327,194.106,360.433
32.3647,693.868,585.088,1278.96
32.3847,169.408,193.04,362.448
32.4047,708.267,589.87,1298.14
32.4247,168.399,194.83,363.229
32.4447,700.861,583.991,1284.85
32.4647,178.214,197.982,376.196
32.4847,704.456,580.952,1285.41
32.5047,170.808,199.891,370.699
32.5247,699.154,581.896,1281.05
32.5447,166.775,189.958,356.733
32.5647,704.93,583.805,1288.73
32.5847,166.031,192.543,358.574
32.6047,697.739,580.204,1277.94
32.6247,170.579,198.481,369.06
32.6447,706.248,584.278,1290.53
32.6647,163.424,190.333,353.757
32.6847,698.245,589.048,1287.29
32.7047,171.155,199.807,370.962
32.7247,705.171,578.85,1284.02
32.7447,195.225,202.491,397.716
32.7647,684.376,575.805,1260.18
32.7847,182.461,200.519,382.979
32.8047,677.667,575.053,1252.72
32.8247,189.738,205.121,394.859
32.8447,665.583,567.893,1233.48
32.8647,193.611,208.53,402.141
32.8847,671.431,566.865,1238.3
32.9047,185.032,203.82,388.852
32.9247,668.566,566.538,1235.1
32.9447,189.34,204.292,393.632
32.9647,679.623,571.05,1250.67
32.9847,184.735,198.537,383.272
33.0047,657.893,563.211,1221.1
33.0247,188.433,201.002,389.435
33.0447,672.667,572.248,1244.91
33.0647,187.129,202.575,389.704
33.0847,670.349,568.764,1239.11
33.1047,188.528,205.555,394.083
33.1247,677.13,571.075,1248.21
33.1447,197.715,202.556,400.271
33.1647,677.825,571.454,1249.28
33.1847,192.869,204.341,397.21
33.2047,675.823,570.961,1246.78
33.2247,179.068,197.675,376.743
33.2447,670.454,565.938,1236.39
33.2647,182.725,199.212,381.937
33.2847,676.373,568.232,1244.61
33.3047,195.275,198.922,394.198
33.3247,680.957,569.294,1250.25
33.3447,171.373,195.231,366.604
33.3647,687.417,573.254,1260.67
33.3847,182.449,196.319,378.768
33.4047,676.905,569.212,1246.12
33.4247,158.949,187.851,346.8
33.4447,693.773,574.781,1268.55
33.4647,162.762,188.406,351.169
33.4847,678.055,574.882,1252.94
33.5047,184.624,196.155,380.779
33.5247,675.346,571.308,1246.65
33.5447,166.778,191.643,358.421
33.5647,672.136,572.767,1244.9
33.5847,166.399,192.203,358.603
33.6047,679.403,569.601,1249
33.6247,155.921,187.629,343.549
33.6447,689.49,575.061,1264.55
33.6647,163.717,189.682,353.4
33.6847,685.809,571.603,1257.41
33.7047,167.665,192.899,360.564
33.7247,688.802,570.694,1259.5
33.7447,166.976,190.342,357.318
33.7647,687.618,569.687,1257.31
33.7847,182.075,198.6,380.675
33.8047,694.612,575.25,1269.86
33.8247,164.68,193.151,357.831
33.8447,697.934,574.053,1271.99
33.8647,164.084,190.151,354.235
33.8847,683.638,570.18,1253.82
33.9047,156.76,193.275,350.036
33.9247,688.33,572.201,1260.53
33.9447,172.097,192.1,364.197
33.9647,677.868,570.554,1248.42
33.9847,158.67,194.516,353.186
34.0047,681.552,564.765,1246.32
34.0247,181.888,197.429,379.317
34.0447,683.109,566.139,1249.25
34.0647,159.733,196.158,355.891
34.0847,677.153,562.348,1239.5
34.1047,177.099,198.498,375.597
34.1247,686.963,563.306,1250.27
34.1447,176.069,197.195,373.264
34.1647,677.397,565.838,1243.24
34.1847,174.89,195.169,370.059
34.2047,669.554,560.612,1230.17
34.2247,176.667,199.998,376.665
34.2447,667.976,560.414,1228.39
34.2647,182.952,200.999,383.951
34.2847,678.241,565.805,1244.05
34.3047,175.518,196.311,371.829
34.3247,680.345,563.318,1243.66
34.3447,190.606,203.378,393.984
34.3647,668.986,554.908,1223.89
34.3847,174.959,200.487,375.446
34.4047,668.558,563.518,1232.08
34.4247,184.916,203.12,388.035
34.4447,678.325,558.157,1236.48
34.4647,177.406,196.939,374.345
34.4847,664.203,560.355,1224.56
34.5047,182.159,202.392,384.552
34.5247,664.257,559.711,1223.97
34.5447,181.164,197.615,378.779
34.5647,662.552,556.89,1219.44
34.5847,189.994,203.216,393.21
34.6047,657.193,552.4,1209.59
34.6247,184.263,200.122,384.385
34.6447,664.148,557.044,1221.19
34.6647,167.884,196.26,364.145
34.6847,670.355,556.71,1227.07
34.7047,175.936,204.298,380.234
34.7247,659.047,555.147,1214.19
34.7447,179.046,202.311,381.356
34.7647,661.186,549.084,1210.27
34.7847,182.679,208.71,391.388
34.8047,666.081,550.72,1216.8
34.8247,179.689,202.248,381.937
34.8447,665.015,554.417,1219.43
34.8647,191.558,209.005,400.563
34.8847,662.479,549.152,1211.63
34.9047,181.036,208.046,389.082
34.9247,664.094,553.703,1217.8
34.9447,194.138,208.618,402.756
34.9647,661.015,553.59,1214.61
34.9847,189.728,208.143,397.872
35.0047,659.678,549.38,1209.06
35.0247,187.372,211.304,398.676
35.0447,656.187,548.351,1204.54
35.0647,192.304,209.199,401.503
35.0847,668.886,552.745,1221.63
35.1047,198.839,213.304,412.143
35.1247,653.889,548.719,1202.61
35.1447,198.347,208.632,406.98
35.1647,652.69,551.119,1203.81
35.1847,188.422,210.634,399.056
35.2047,661.201,548.828,1210.03
35.2247,196.45,211.334,407.784
35.2447,665.476,550.879,1216.35
35.2647,181.654,205.962,387.616
35.2847,657.524,549.92,1207.44
35.3047,185.95,208.336,394.286
35.3247,659.975,551.365,1211.34
35.3447,192.724,210.406,403.13
35.3647,649.029,550.46,1199.49
35.3847,199.21,206.427,405.637
35.4047,667.47,555.234,1222.7
35.4247,193.172,209.745,402.917
35.4447,654.336,546.33,1200.67
35.4647,203.792,215.478,419.27
35.4847,640.943,542.008,1182.95
35.5047,205.495,218.038,423.533
35.5247,654.104,549.815,1203.92
35.5447,200.022,215.722,415.744
35.5647,654.557,545.945,1200.5
35.5847,201.54,217.357,418.897
35.6047,654.278,541.79,1196.07
35.6247,204.213,213.558,417.771
35.6447,642.48,543.329,1185.81
35.6647,209.855,218.82,428.676
35.6847,631.988,534.187,1166.18
35.7047,211.846,220.852,432.699
35.7247,638.202,538.578,1176.78
35.7447,205.359,216.651,422.01
35.7647,639.158,543.351,1182.51
35.7847,219.875,219.344,439.219
35.8047,636.448,539.266,1175.71
35.8247,212.41,221.205,433.616
35.8447,636.785,541.328,1178.11
35.8647,212.946,215.122,428.068
35.8847,644.358,539.382,1183.74
35.9047,216.351,228.376,444.727
35.9247,633.879,535.021,1168.9
35.9447,220.139,227.342,447.481
35.9647,637.168,541.672,1178.84
35.9847,226.171,222.785,448.956
36.0047,619.716,532.991,1152.71
36.0247,224.784,220.881,445.664
36.0447,631.686,534.55,1166.24
36.0647,228.367,228.76,457.127
36.0847,626.669,535.609,1162.28
36.1047,220.492,226.504,446.996
36.1247,618.268,532.517,1150.78
36.1447,225.429,231.324,456.753
36.1647,623.008,530.654,1153.66
36.1847,235.821,233.567,469.387
36.2047,625.552,532.807,1158.36
36.2247,229.621,230.211,459.832
36.2447,617.745,526.401,1144.15
36.2647,217.471,226.871,444.342
36.2847,620.916,533.326,1154.24
36.3047,226.642,232.521,459.162
36.3247,624.069,528.622,1152.69
36.3447,223.121,229.153,452.274
36.3647,635.024,526.889,1161.91
36.3847,215.241,224.905,440.146
36.4047,623.392,524.982,1148.37
36.4247,226.726,230.517,457.243
36.4447,610.575,523.227,1133.8
36.4647,223.505,230.431,453.936
36.4847,614.708,522.233,1136.94
36.5047,225.231,229.406,454.638
36.5247,624.696,523.4,1148.1
36.5447,216.796,235.418,452.214
36.5647,627.954,520.222,1148.18
36.5847,233.026,235.722,468.749
36.6047,615.631,520.335,1135.97
36.6247,228.517,234.389,462.906
36.6447,607.524,515.975,1123.5
36.6647,221.205,230.942,452.147
36.6847,600.622,512.209,1112.83
36.7047,217.438,233.604,451.042
36.7247,609.825,515.96,1125.78
36.7447,220.538,232.504,453.041
36.7647,605.716,516.004,1121.72
36.7847,218.845,232.744,451.589
36.8047,606.235,508.552,1114.79
36.8247,220.26,231.358,451.618
36.8447,609.778,510.458,1120.24
36.8647,226.523,234.387,460.91
36.8847,598.799,505.244,1104.04
36.9047,232.022,238.885,470.906
36.9247,602.339,504.939,1107.28
36.9447,232.987,240.481,473.468
36.9647,587.063,503.642,1090.7
36.9847,227.84,238.772,466.613
37.0047,594.13,502.123,1096.25
37.0247,224.355,233.818,458.173
37.0447,595.83,500.07,1095.9
37.0647,227.704,237.674,465.377
37.0847,586.795,497.728,1084.52
37.1047,232.629,239.004,471.633
37.1247,594.905,499.176,1094.08
37.1447,227.19,242.693,469.883
37.1647,587.504,492.433,1079.94
37.1847,238.078,244.61,482.688
37.2047,593.337,495.066,1088.4
37.2247,223.819,240.088,463.907
37.2447,579.45,493.541,1072.99
37.2647,232.649,243.136,475.785
37.2847,575.141,490.1,1065.24
37.3047,231.356,240.049,471.406
37.3247,579.89,484.68,1064.57
37.3447,235.184,249.303,484.487
37.3647,577.175,487.014,1064.19
37.3847,245.972,247.77,493.741
37.4047,569.904,481.713,1051.62
37.4247,241.416,253.169,494.585
37.4447,562.392,481.243,1043.63
37.4647,231.023,247.937,478.96
37.4847,569.548,482.487,1052.04
37.5047,234.634,247.042,481.676
37.5247,571.942,482.99,1054.93
37.5447,240.68,247.479,488.159
37.5647,562.487,479.862,1042.35
37.5847,245.501,248.449,493.95
37.6047,559.029,477.295,1036.32
37.6247,249.476,248.853,498.329
37.6447,560.719,474.535,1035.25
37.6647,249.011,252.991,502.002
37.6847,561.686,474.689,1036.37
37.7047,242.34,252.604,494.944
37.7247,559.239,475.593,1034.83
37.7447,235.265,247.62,482.885
37.7647,548.166,465.716,1013.88
37.7847,251.731,252.936,504.666
37.8047,553.003,468.74,1021.74
37.8247,244.097,255.982,500.079
37.8447,551.177,466.451,1017.63
37.8647,259.604,257.271,516.875
37.8847,545.682,466.084,1011.77
37.9047,257.333,256.323,513.656
37.9247,540.003,463.595,1003.6
37.9447,247.901,257.975,505.876
37.9647,541.409,460.265,1001.67
37.9847,251.01,256.259,507.269
38.0047,541.392,459.623,1001.02
38.0247,255.353,260.338,515.691
38.0447,542.057,456.608,998.665
38.0647,260.456,262.616,523.072
38.0847,537.252,456.66,993.912
38.1047,259.531,262.631,522.162
38.1247,534.571,456.128,990.699
38.1447,255.116,256.815,511.932
38.1647,518.467,453.252,971.719
38.1847,259.457,261.923,521.38
38.2047,530.643,452.202,982.845
38.2247,256.86,261.338,518.198
38.2447,519.981,446.464,966.445
38.2647,253.672,260.892,514.564
38.2847,521.314,447.967,969.281
38.3047,263.844,266.56,530.404
38.3247,514.247,441.185,955.432
38.3447,261.842,267.332,529.173
38.3647,518.319,446.764,965.083
38.3847,257.897,260.797,518.694
38.4047,523.947,446.705,970.653
38.4247,247.176,258.034,505.21
38.4447,535.919,448.287,984.206
38.4647,264.802,266.035,530.837
38.4847,523.631,445.216,968.847
38.5047,271.338,267.725,539.063
38.5247,513.374,440.202,953.575
38.5447,265.257,270.203,535.46
38.5647,518.602,439.772,958.374
38.5847,268.842,270.165,539.007
38.6047,505.655,437.906,943.561
38.6247,265.115,271.401,536.516
38.6447,512.678,437.278,949.956
38.6647,265.677,273.859,539.536
38.6847,510.488,439.459,949.947
38.7047,263.685,263.551,527.236
38.7247,523.586,439.814,963.401
38.7447,270.425,275.54,545.966
38.7647,507.86,435.927,943.788
38.7847,264.841,270.343,535.184
38.8047,508.276,434.852,943.128
38.8247,270.773,273.479,544.253
38.8447,507.531,433.062,940.593
38.8647,265.919,273.31,539.229
38.8847,501.919,433.072,934.991
38.9047,270.21,275.698,545.908
38.9247,502.355,430.438,932.793
38.9447,265.702,271.075,536.777
38.9647,502.018,431.517,933.534
38.9847,264.042,274.351,538.394
39.0047,500.344,429.422,929.766
39.0247,274.593,275.349,549.942
39.0447,502.893,431.583,934.476
39.0647,269.811,275.979,545.79
39.0847,498.629,427.494,926.123
39.1047,274.648,274.728,549.376
39.1247,502.885,426.02,928.905
39.1447,276.728,278.534,555.262
39.1647,480.579,424.339,904.919
39.1847,284.035,277.961,561.996
39.2047,495.91,426.98,922.89
39.2247,270.127,276.526,546.654
39.2447,497.312,422.589,919.901
39.2647,275.478,277.461,552.939
39.2847,492.494,420.102,912.596
39.3047,274.238,277.365,551.603
39.3247,488.987,421.799,910.787
39.3447,271.192,275.29,546.481
39.3647,490.146,423.37,913.516
39.3847,289.553,281.757,571.309
39.4047,494.198,417.78,911.977
39.4247,285.687,287.111,572.798
39.4447,487.844,422.262,910.106
39.4647,283.888,279.108,562.996
39.4847,481.083,412.405,893.488
39.5047,284.348,281.815,566.163
39.5247,478.538,413.056,891.595
39.5447,285.909,281.244,567.153
39.5647,485.982,414.654,900.636
39.5847,286.993,281.654,568.647
39.6047,465.719,411.242,876.961
39.6247,297.496,289.409,586.905
39.6447,474.191,410.55,884.741
39.6647,282.811,281.257,564.068
39.6847,480.005,406.981,886.986
39.7047,285.834,287.417,573.251
39.7247,471.157,407.237,878.394
39.7447,286.72,286.507,573.227
39.7647,470.844,408.846,879.691
39.7847,288.709,285.155,573.863
39.8047,477.238,406.967,884.204
39.8247,282.079,284.628,566.707
39.8447,473.805,403.772,877.576
39.8647,282.61,284.979,567.589
39.8847,475.934,406.166,882.1
39.9047,289.822,289.284,579.106
39.9247,471.331,404.669,876
39.9447,294.341,288.52,582.861
39.9647,453.514,399.026,852.54
39.9847,290.365,289.274,579.639
40.0047,456.69,396.833,853.523
40.0247,303.422,294.405,597.826
40.0447,461.758,396.211,857.969
40.0647,302.149,300.14,602.288
40.0847,459.439,395.459,854.898
40.1047,302.181,296.595,598.776
40.1247,442.804,389.091,831.895
40.1447,295.162,293.977,589.139
40.1647,450.772,392.57,843.342
40.1847,297.575,302.017,599.592
40.2047,444.211,386.145,830.356
40.2247,314.364,306.729,621.093
40.2447,454.662,386.453,841.115
40.2647,301.058,304.242,605.299
40.2847,457.57,382.969,840.539
40.3047,281.202,297.798,579
40.3247,455.322,387.261,842.583
40.3447,291.657,298.049,589.705
40.3647,450.729,387.03,837.76
40.3847,291.267,300.132,591.399
40.4047,454.931,383.603,838.533
40.4247,276.216,293.793,570.009
40.4447,471.334,391.567,862.9
40.4647,292.505,295.411,587.917
40.4847,454.035,386.039,840.074
40.5047,292.56,301.351,593.912
40.5247,464.441,389.825,854.266
40.5447,293.308,300.959,594.267
40.5647,454.293,386.117,840.409
40.5847,293.779,299.037,592.817
40.6047,464.177,387.99,852.167
40.6247,287.876,296.612,584.489
40.6447,452.268,381.984,834.252
40.6647,288.317,299.556,587.873
40.6847,457.497,386.391,843.888
40.7047,286.373,292.555,578.929
40.7247,449.798,384.445,834.243
40.7447,292.309,296.817,589.126
40.7647,457.728,387.426,845.153
40.7847,289.747,296.852,586.599
40.8047,449.74,383.298,833.039
40.8247,290.413,298.731,589.144
40.8447,449.925,380.921,830.846
40.8647,286.923,296.432,583.355
40.8847,452.875,389.896,842.772
40.9047,278.29,293.93,572.22
40.9247,454.873,388.319,843.192
40.9447,289.645,296.224,585.869
40.9647,448.119,379.496,827.615
40.9847,291.21,294.789,585.998
41.0047,465.753,395.534,861.287
41.0247,264.271,292.712,556.983
41.0447,458.052,387.653,845.705
41.0647,290.609,287.93,578.539
41.0847,454.284,393.075,847.36
41.1047,281.977,293.426,575.403
41.1247,457.993,394.42,852.413
41.1447,283.456,291.351,574.807
41.1647,457.551,394.44,851.991
41.1847,278.553,289.5,568.054
41.2047,452.978,395.051,848.029
41.2247,294.247,289.207,583.455
41.2447,445.163,387.046,832.21
41.2647,284.294,287.56,571.855
41.2847,458.772,393.538,852.309
41.3047,284.851,291.371,576.222
41.3247,449.216,387.522,836.738
41.3447,280.078,295.859,575.937
41.3647,448.408,391.404,839.812
41.3847,284.562,291.869,576.432
41.4047,435.89,382.458,818.348
41.4247,289.599,297.598,587.196
41.4447,449.969,386.98,836.949
41.4647,297.341,293.401,590.742
41.4847,435.627,382.556,818.183
41.5047,287.83,296.935,584.765
41.5247,455.48,386.819,842.299
41.5447,285.312,293.969,579.281
41.5647,453.588,385.144,838.732
41.5847,284.627,294.843,579.469
41.6047,436.62,380.944,817.564
41.6247,282.161,293.293,575.454
41.6447,433.619,380.005,813.624
41.6647,292.289,295.602,587.891
41.6847,444.986,382.353,827.339
41.7047,299.775,298.933,598.708
41.7247,433.928,381.059,814.988
41.7447,288.229,294.002,582.231
41.7647,443.906,381.159,825.065
41.7847,294.488,299.27,593.758
41.8047,434.343,377.904,812.247
41.8247,302.685,300.153,602.838
41.8447,429.577,377.841,807.418
41.8647,304.203,301.67,605.874
41.8847,428.344,372.812,801.156
41.9047,307.45,304.069,611.519
41.9247,430.851,375.651,806.502
41.9447,302.499,301.878,604.376
41.9647,415.535,369.078,784.613
41.9847,297.295,305.066,602.361
42.0047,425.04,375.427,800.467
42.0247,300.179,300.613,600.793
42.0447,416.556,371.245,787.801
42.0647,297.728,302.679,600.407
42.0847,427.029,374.361,801.389
42.1047,313.638,306.172,619.811
42.1247,424.202,371.066,795.268
42.1447,307.393,303.649,611.042
42.1647,414.85,366.96,781.81
42.1847,302.957,303.225,606.182
42.2047,416.968,372.447,789.414
42.2247,303.778,306.763,610.541
42.2447,406.824,369.006,775.83
42.2647,304.356,306.975,611.33
42.2847,398.349,367.094,765.443
42.3047,310.272,309.504,619.776
42.3247,405.437,363.907,769.344
42.3447,315.583,310.825,626.408
42.3647,412.112,367.231,779.342
42.3847,314.282,313.002,627.284
42.4047,403.141,361.695,764.836
42.4247,319.6,311.868,631.468
42.4447,406.441,361.327,767.768
42.4647,312.069,312.87,624.94
42.4847,399.059,359.48,758.54
42.5047,310.922,310.199,621.12
42.5247,400.691,359.108,759.8
42.5447,320.456,313.559,634.014
42.5647,389.048,355.459,744.507
42.5847,328.884,316.403,645.287
42.6047,391.851,354.609,746.46
42.6247,336.97,318.063,655.033
42.6447,394.568,357.374,751.942
42.6647,322.582,317.16,639.742
42.6847,388.876,352.601,741.477
42.7047,326.741,315.069,641.811
42.7247,392.074,357.751,749.826
42.7447,326.177,317.06,643.237
42.7647,389.851,354.37,744.221
42.7847,326.029,315.585,641.613
42.8047,382.545,355.026,737.571
42.8247,331.585,322.799,654.384
42.8447,388.771,351.64,740.411
42.8647,337.284,318.99,656.275
42.8847,373.633,355.564,729.197
42.9047,334.226,320.467,654.693
42.9247,375.664,352.287,727.95
42.9447,337.095,322.135,659.23
42.9647,376.339,348.54,724.879
42.9847,327.197,322.412,649.608
43.0047,379.644,351.296,730.94
43.0247,335.883,321.271,657.154
43.0447,377.376,346.492,723.868
43.0647,343.058,326.314,669.372
43.0847,379.901,349.354,729.255
43.1047,328.63,318.28,646.91
43.1247,379.13,349.781,728.911
43.1447,334.881,319.46,654.341
43.1647,373.734,346.035,719.769
43.1847,337.523,324.935,662.458
43.2047,363.158,343.261,706.419
43.2247,336.897,323.987,660.884
43.2447,378.486,340.869,719.356
43.2647,333.609,322.362,655.971
43.2847,380.898,344.942,725.84
43.3047,336.704,324.801,661.505
43.3247,373.216,343.722,716.938
43.3447,340.419,322.407,662.826
43.3647,375.953,347.163,723.116
43.3847,339.508,321.246,660.753
43.4047,368.342,342.199,710.541
43.4247,338.259,323.917,662.175
43.4447,368.154,342.53,710.683
43.4647,346.209,326.324,672.533
43.4847,371.735,344.329,716.064
43.5047,335.406,321.713,657.119
43.5247,361.861,337.781,699.642
43.5447,340.782,325.44,666.222
43.5647,369.739,341.553,711.292
43.5847,336.329,323.372,659.701
43.6047,363.82,342.155,705.975
43.6247,342.991,327.958,670.949
43.6447,371.036,342.925,713.961
43.6647,332.84,324.199,657.038
43.6847,364.749,339.188,703.937
43.7047,337.813,320.919,658.732
43.7247,360.812,337.736,698.547
43.7447,339.834,329.683,669.517
43.7647,366.321,339.082,705.402
43.7847,341.608,328.661,670.269
43.8047,362.515,334.967,697.482
43.8247,335.713,323.845,659.558
43.8447,368.793,342.01,710.803
43.8647,338.007,320.004,658.011
43.8847,361.413,334.495,695.907
43.9047,340.241,323.943,664.184
43.9247,371.166,344.912,716.078
43.9447,348.861,327.994,676.854
43.9647,351.26,334.747,686.007
43.9847,340.086,323.154,663.24
44.0047,365.804,341.577,707.381
44.0247,351.483,327.862,679.346
44.0447,359.218,335.949,695.166
44.0647,333.243,324.163,657.406
44.0847,367.148,338.896,706.045
44.1047,325.098,322.118,647.217
44.1247,369.119,341.499,710.618
44.1447,343.497,330.916,674.413
44.1647,347.824,327.089,674.913
44.1847,369.352,344.197,713.548
44.2047,337.428,319.473,656.901
44.2247,360.523,339.29,699.813
44.2447,337.288,324.362,661.65
44.2647,354.152,337.588,691.74
44.2847,344.273,325.588,669.862
44.3047,356.103,336.509,692.612
44.3247,343.594,323.754,667.348
44.3447,352.815,335.829,688.644
44.3647,331.051,321.884,652.935
44.3847,359.01,338.805,697.816
44.4047,348.322,324.222,672.544
44.4247,356.219,336.157,692.375
44.4447,339.574,321.135,660.708
44.4647,363.453,339.628,703.081
44.4847,341.777,324.344,666.121
44.5047,355.811,335.255,691.066
44.5247,353.47,328.555,682.025
44.5447,347.982,336.277,684.259
44.5647,351.912,323.935,675.847
44.5847,356.797,338.695,695.492
44.6047,342.487,322.201,664.688
44.6247,353.332,332.285,685.617
44.6447,347.323,327.896,675.219
44.6647,346.976,335.28,682.256
44.6847,338.407,323.255,661.662
44.7047,345.609,331.138,676.747
44.7247,341.614,320.664,662.278
44.7447,356.038,339.35,695.388
44.7647,339.095,325.921,665.016
44.7847,355.358,334.354,689.712
44.8047,331.521,319.934,651.455
44.8247,363.463,337.577,701.04
44.8447,319.236,313.879,633.115
44.8647,367.156,336.735,703.891
44.8847,330.22,321.048,651.268
44.9047,355.816,336.221,692.037
44.9247,339.057,318.144,657.201
44.9447,343.547,332.355,675.903
44.9647,335.586,320.143,655.729
44.9847,357.397,333.393,690.79
45.0047,329.534,319.793,649.327
45.0247,354.891,333.404,688.295
45.0447,323.674,316.165,639.839
45.0647,347.572,331.62,679.192
45.0847,330.404,319.591,649.995
45.1047,354.224,330.988,685.213
45.1247,327.286,318.074,645.36
45.1447,346.107,330.651,676.758
45.1647,337.326,325.161,662.487
45.1847,362.512,332.934,695.446
45.2047,338.928,322.568,661.496
45.2247,346.74,333.252,679.992
45.2447,325.154,320.177,645.331
45.2647,349.728,330.692,680.421
45.2847,325.937,320,645.937
45.3047,347.266,329.888,677.154
45.3247,322.268,317.081,639.348
45.3447,343.934,327.44,671.374
45.3647,332.723,316.624,649.346
45.3847,341.993,324.669,666.662
45.4047,336.829,319.68,656.509
45.4247,341,325.512,666.512
45.4447,324.631,313.991,638.623
45.4647,336.088,323.089,659.177
45.4847,328.213,319.693,647.907
45.5047,341.885,327.307,669.192
45.5247,327.815,316.641,644.456
45.5447,337.671,326.038,663.709
45.5647,333.74,316.82,650.559
45.5847,330.949,319.754,650.703
45.6047,331.357,318.11,649.468
45.6247,332.661,316.266,648.927
45.6447,333.518,317.862,651.38
45.6647,330.498,320.441,650.939
45.6847,325.863,319.231,645.094
45.7047,330.459,319.039,649.498
45.7247,327.992,315.981,643.973
45.7447,335.957,323.621,659.578
45.7647,326.528,314.505,641.033
45.7847,339.347,321.506,660.853
45.8047,324.098,318.365,642.463
45.8247,329.524,319.378,648.902
45.8447,324.153,308.963,633.116
45.8647,325.803,316.094,641.897
45.8847,329.698,316.04,645.738
45.9047,325.285,317.103,642.389
45.9247,327.995,315.796,643.792
45.9447,328.581,318.507,647.088
45.9647,321.432,312.278,633.71
45.9847,320.445,315.199,635.644
46.0047,327.887,315.929,643.815
46.0247,322.888,313.608,636.496
46.0447,325.893,308.673,634.566
46.0647,324.315,316.109,640.425
46.0847,318.509,310.883,629.392
46.1047,332.626,316.765,649.392
46.1247,314.031,308.935,622.966
46.1447,325.212,315.267,640.479
46.1647,324.611,309.65,634.262
46.1847,322.332,309.129,631.461
46.2047,325.904,314.193,640.097
46.2247,325.121,315.824,640.945
46.2447,321.335,313.481,634.815
46.2647,326.038,313.475,639.513
46.2847,310.489,307.876,618.365
46.3047,328.511,314.998,643.509
46.3247,308.219,306.162,614.38
46.3447,323.708,310.358,634.067
46.3647,317.481,310.091,627.572
46.3847,315.396,308.366,623.762
46.4047,318.246,308.741,626.987
46.4247,326,314.237,640.237
46.4447,314.987,309.868,624.855
46.4647,315.042,309.076,624.119
46.4847,317.843,310.646,628.489
46.5047,313.555,308.505,622.059
46.5247,317.629,309.586,627.215
46.5447,307.431,303.83,611.261
46.5647,323.443,312.349,635.792
46.5847,310.007,305.908,615.915
46.6047,316.55,307.396,623.946
46.6247,321.372,307.319,628.691
46.6447,317.827,307.035,624.862
46.6647,318.803,305.306,624.109
46.6847,308.446,306.162,614.608
46.7047,319.825,307.818,627.642
46.7247,303.874,304.639,608.513
46.7447,310.219,306.314,616.533
46.7647,318.401,311.15,629.551
46.7847,311.15,305.33,616.48
46.8047,318.528,310.418,628.946
46.8247,308.911,302.928,611.838
46.8447,311.767,306.82,618.586
46.8647,303.176,303.827,607.003
46.8847,305.467,300.099,605.566
46.9047,306.514,302.501,609.015
46.9247,307.48,306.759,614.239
46.9447,308.943,302.18,611.123
46.9647,313.352,301.467,614.818
46.9847,311.879,305.163,617.042
47.0047,307.291,304.978,612.268
47.0247,309.352,303.765,613.117
47.0447,296.029,300.845,596.875
47.0647,289.767,297.859,587.626
47.0847,311.357,300.563,611.92
47.1047,297.657,300.58,598.237
47.1247,303.058,298.566,601.624
47.1447,288.242,298.097,586.339
47.1647,304.769,301.231,606.001
47.1847,306.647,298.79,605.436
47.2047,304.956,298.88,603.835
47.2247,306.89,301.588,608.479
47.2447,307.44,299.338,606.778
47.2647,298.137,296.341,594.479
47.2847,301.127,300.037,601.163
47.3047,300.421,297.393,597.814
47.3247,302.127,297.133,599.26
47.3447,285.575,294.546,580.121
47.3647,297.156,298.082,595.238
47.3847,292.175,294.702,586.877
47.4047,301.879,300.374,602.253
47.4247,288.255,295.106,583.361
47.4447,283.338,292.279,575.617
47.4647,289.508,295.348,584.856
47.4847,296.774,294.213,590.987
47.5047,291.334,294.996,586.329
47.5247,294.719,295.805,590.524
47.5447,286.301,293.607,579.908
47.5647,296.319,293.958,590.276
47.5847,297.548,294.466,592.013
47.6047,299.418,293.555,592.972
47.6247,281.884,293.572,575.456
47.6447,292.354,293.469,585.823
47.6647,281.642,292.386,574.028
47.6847,289.864,291.657,581.52
47.7047,288.343,292.717,581.06
47.7247,293.707,296.536,590.243
47.7447,285.015,290.602,575.617
47.7647,290.448,291.769,582.217
47.7847,294.236,296.973,591.209
47.8047,282.458,289.451,571.909
47.8247,282.045,289.593,571.638
47.8447,284.853,292.53,577.383
47.8647,282.488,287.485,569.973
47.8847,290.913,289.314,580.226
47.9047,284.395,292.536,576.931
47.9247,284.636,291.309,575.945
47.9447,278.477,288.476,566.953
47.9647,290.39,290.849,581.239
47.9847,277.155,288.876,566.031
48.0047,283.026,291.192,574.219
48.0247,268.535,285.959,554.494
48.0447,275.804,287.204,563.009
48.0647,284.742,289.388,574.13
48.0847,289.099,289.883,578.982
48.1047,285.345,289.569,574.913
48.1247,279.436,289.319,568.754
48.1447,280.042,290.798,570.84
48.1647,290.337,287.829,578.167
48.1847,287.993,291.927,579.921
48.2047,277.013,282.223,559.236
48.2247,280.45,289.075,569.524
48.2447,279.083,287.789,566.872
48.2647,268.306,283.243,551.548
48.2847,276.128,285.3,561.428
48.3047,272.169,285.45,557.619
48.3247,276.145,288.46,564.605
48.3447,276.41,285.854,562.264
48.3647,283.992,286.499,570.491
48.3847,278.078,286.298,564.377
48.4047,280.596,290.225,570.821
48.4247,280.282,285.21,565.492
48.4447,275.718,285.652,561.371
48.4647,278.611,286.857,565.468
48.4847,263.606,280.605,544.211
48.5047,279.403,288.942,568.345
48.5247,273.617,283.319,556.936
48.5447,278.857,283.567,562.424
48.5647,276.153,286.078,562.231
48.5847,274.33,286.707,561.037
48.6047,282.196,285.998,568.194
48.6247,280.832,287.362,568.194
48.6447,277.093,285.85,562.943
48.6647,282.482,282.894,565.376
48.6847,260.681,281.204,541.886
48.7047,280.978,281.235,562.213
48.7247,270.291,277.68,547.971
48.7447,270.893,283.174,554.067
48.7647,274.829,281.97,556.799
48.7847,268.585,284.53,553.115
48.8047,263.843,277.637,541.479
48.8247,270.459,281.223,551.682
48.8447,270.36,278.077,548.437
48.8647,270.049,283.481,553.529
48.8847,282.593,284.035,566.628
48.9047,275.693,281.105,556.798
48.9247,273.623,281.98,555.603
48.9447,267.745,280.823,548.568
48.9647,269.605,278.87,548.475
48.9847,270.787,279.511,550.298
49.0047,275.068,281.535,556.602
49.0247,264.35,280.175,544.525
49.0447,262.659,278.359,541.017
49.0647,268.098,278.551,546.649
49.0847,261.344,276.585,537.929
49.1047,269.741,277.664,547.405
49.1247,267.029,277.681,544.71
49.1447,280.291,284.075,564.366
49.1647,269.752,280.787,550.538
49.1847,260.906,279.287,540.193
49.2047,268.292,279.385,547.677
49.2247,264.891,279.677,544.568
49.2447,273.281,280.802,554.084
49.2647,262.254,278.472,540.727
49.2847,261.772,274.997,536.769
49.3047,265.877,275.966,541.844
49.3247,262.678,276.986,539.663
49.3447,262.308,279.412,541.72
49.3647,257.214,275.072,532.286
49.3847,264.828,277.534,542.362
49.4047,268.449,279.9,548.349
49.4247,262.706,275.608,538.314
49.4447,270.043,277.151,547.194
49.4647,271.41,279.404,550.815
49.4847,268.826,280.955,549.781
49.5047,268.446,279.924,548.37
49.5247,258.661,278.672,537.333
49.5447,261.062,273.04,534.102
49.5647,261.621,277.53,539.151
49.5847,255.736,273.27,529.006
49.6047,250.101,272.219,522.319
49.6247,264.297,277.794,542.091
49.6447,266.457,279.308,545.765
49.6647,266.311,278.256,544.567
49.6847,264.136,278.008,542.144
49.7047,259.352,275.252,534.604
49.7247,257.031,275.02,532.052
49.7447,259.963,275.167,535.129
49.7647,256.307,273.508,529.814
49.7847,264.815,275.794,540.609
49.8047,260.619,274.925,535.543
49.8247,264.599,276.015,540.614
49.8447,266.049,272.631,538.681
49.8647,254.586,272.533,527.118
49.8847,257.335,275.487,532.822
49.9047,261.019,274.415,535.434
49.9247,257.972,269.271,527.243
49.9447,257.216,273.954,531.17
49.9647,258.854,272.115,530.968
49.9847,253.354,270.973,524.327
50.0047,253.544,269.708,523.252
50.0247,265.859,277.421,543.28
50.0447,252.307,270.963,523.27
50.0647,258.641,271.999,530.64
50.0847,267.3,276.643,543.943
50.1047,254.202,274.26,528.463
50.1247,260.443,275.218,535.661
50.1447,258.888,272.202,531.09
50.1647,261.425,276.773,538.197
50.1847,251.044,270.184,521.228
50.2047,251.425,273.325,524.749
50.2247,253.12,270.808,523.928
50.2447,253.908,271.816,525.724
50.2647,260.227,273.168,533.395
50.2847,252.091,272.822,524.913
50.3047,246.728,272.083,518.811
50.3247,248.594,273.58,522.174
50.3447,255.864,268.965,524.829
50.3647,255.782,270.015,525.797
50.3847,256.075,273.45,529.525
50.4047,255.141,272.608,527.749
50.4247,247.024,270.008,517.032
50.4447,255.636,273.445,529.082
50.4647,249.176,271.347,520.523
50.4847,260.436,274.38,534.815
50.5047,247.246,271.571,518.817
50.5247,251.348,269.032,520.38
50.5447,243.782,271.745,515.527
50.5647,253.516,269.574,523.09
50.5847,256.194,272.692,528.886
50.6047,251.934,268.705,520.639
50.6247,242.308,268.831,511.139
50.6447,246.858,271.371,518.229
50.6647,256.11,272.335,528.445
50.6847,245.393,269.987,515.38
50.7047,250.141,272.063,522.204
50.7247,251.174,268.48,519.654
50.7447,247.125,271.683,518.808
50.7647,263.372,275.882,539.255
50.7847,251.105,271.046,522.151
50.8047,247.54,269.699,517.239
50.8247,250.112,270.758,520.87
50.8447,234.24,267.227,501.467
50.8647,257.243,274.367,531.61
50.8847,250.413,269.262,519.676
50.9047,251.952,271.797,523.749
50.9247,256.449,272.505,528.953
50.9447,242.736,270.001,512.737
50.9647,243.621,269.379,513
50.9847,247.722,269.843,517.565
51.0047,237.973,265.133,503.106
51.0247,243.055,268.963,512.018
51.0447,237.661,269.718,507.379
51.0647,241.208,268.232,509.44
51.0847,241.011,267.854,508.865
51.1047,250.046,268.805,518.851
51.1247,243.426,264.749,508.176
51.1447,251.567,269.808,521.375
51.1647,245.043,269.665,514.708
51.1847,251.339,271.525,522.864
51.2047,246.456,269.233,515.689
51.2247,245.909,269.018,514.927
51.2447,248.752,269.458,518.21
51.2647,246.729,266.223,512.952
51.2847,243.811,264.856,508.667
51.3047,241.725,269.537,511.262
51.3247,248.696,271.107,519.803
51.3447,240.426,268.132,508.558
51.3647,246.835,268.948,515.784
51.3847,236.695,266.569,503.264
51.4047,241.03,270.722,511.752
51.4247,240.559,267.933,508.493
51.4447,245.167,269.005,514.173
51.4647,245.224,267.068,512.292
51.4847,242.715,269.08,511.795
51.5047,238.333,266.363,504.697
51.5247,241.968,267.418,509.386
51.5447,236.53,268.384,504.914
51.5647,245.551,266.284,511.836
51.5847,245.487,264.844,510.331
51.6047,246.826,267.837,514.664
51.6247,241.067,264.372,505.44
51.6447,240.335,268.919,509.255
51.6647,241.531,265.46,506.991
51.6847,231.104,265.547,496.65
51.7047,251.695,267.896,519.59
51.7247,244.261,269.545,513.806
51.7447,234.338,267.051,501.389
51.7647,239.77,266.282,506.052
51.7847,231.327,262.74,494.068
51.8047,237.295,264.916,502.212
51.8247,235.211,267.317,502.528
51.8447,241.599,269.411,511.011
51.8647,242.73,268.83,511.56
51.8847,242.972,265.587,508.559
51.9047,238.151,266.041,504.192
51.9247,243.923,268.643,512.566
51.9447,231.295,263.165,494.46
51.9647,243.8,267.29,511.09
51.9847,235.128,260.173,495.301
52.0047,234.778,267.299,502.077
52.0247,235.213,269.864,505.077
52.0447,240.034,268.403,508.437
52.0647,243.485,268.542,512.027
52.0847,238.159,265.401,503.56
52.1047,235.998,264.413,500.411
52.1247,240.041,268.017,508.058
52.1447,232.377,260.987,493.364
52.1647,233.631,264.888,498.519
52.1847,230.926,263.194,494.12
52.2047,226.157,265.081,491.238
52.2247,233.243,267.165,500.408
52.2447,231.693,262.968,494.661
52.2647,237.682,268.327,506.009
52.2847,226.719,263.542,490.26
52.3047,242.685,270.666,513.351
52.3247,232.334,263.375,495.709
52.3447,233.232,265.466,498.697
52.3647,232.497,267.766,500.263
52.3847,237.182,269.412,506.594
52.4047,234.686,264.691,499.376
52.4247,226.982,264.228,491.21
52.4447,236.972,264.647,501.62
52.4647,227.111,264.906,492.017
52.4847,229.556,261.919,491.475
52.5047,230.114,264.344,494.458
52.5247,226.535,263.691,490.226
52.5447,237.746,263.821,501.567
52.5647,231.889,269.093,500.981
52.5847,242.773,266.062,508.835
52.6047,233.723,264.693,498.415
52.6247,226.272,263.872,490.144
52.6447,235.396,260.473,495.868
52.6647,231.253,263.917,495.17
52.6847,230.325,262.029,492.355
52.7047,228.875,264.891,493.765
52.7247,235.449,263.937,499.386
52.7447,230.7,266.439,497.139
52.7647,226.887,262.3,489.187
52.7847,233.244,261.875,495.119
52.8047,230.144,263.851,493.994
52.8247,235.123,263.848,498.97
52.8447,231.174,262.664,493.839
52.8647,228.63,261.906,490.536
52.8847,231.099,263.073,494.172
52.9047,227.573,262.537,490.109
52.9247,223.228,259.353,482.581
52.9447,227.628,264.879,492.507
52.9647,228.579,264.808,493.388
52.9847,226.714,263.878,490.592
53.0047,224.387,262.002,486.389
53.0247,223.69,261.899,485.589
53.0447,234.078,262.578,496.655
53.0647,223.228,261.615,484.843
53.0847,229.801,264.235,494.036
53.1047,222.979,263.213,486.191
53.1247,229.912,266.981,496.894
53.1447,229.269,261.686,490.954
53.1647,229.823,259.754,489.577
53.1847,223.36,266.054,489.414
53.2047,233.312,260.122,493.434
53.2247,229.521,262.079,491.6
53.2447,227.479,261.827,489.306
53.2647,223.128,263.281,486.409
53.2847,222.547,260.476,483.023
53.3047,229.119,261.358,490.477
53.3247,222.738,263.556,486.294
53.3447,225.103,261.935,487.038
53.3647,214.542,260.779,475.321
53.3847,224.506,262.017,486.523
53.4047,227.677,256.475,484.153
53.4247,227.522,260.674,488.196
53.4447,220.419,260.956,481.375
53.4647,222.578,262.559,485.137
53.4847,220.995,255.692,476.687
53.5047,222.361,260.937,483.298
53.5247,223.727,260.462,484.189
53.5447,228.585,259.251,487.835
53.5647,226.343,265.514,491.857
53.5847,227.91,259.29,487.2
53.6047,224.526,262.788,487.314
53.6247,218.932,261.39,480.322
53.6447,228.101,259.67,487.771
53.6647,223.677,262.116,485.793
53.6847,225.609,262.057,487.666
53.7047,223.93,258.18,482.11
53.7247,224.339,256.082,480.421
53.7447,229.643,261.689,491.332
53.7647,227.545,260.3,487.844
53.7847,225.27,259.536,484.806
53.8047,222.007,258.232,480.24
53.8247,220.687,257.629,478.317
53.8447,214.28,259.485,473.765
53.8647,226.094,258.648,484.742
53.8847,224.101,259.769,483.87
53.9047,230.133,261.089,491.222
53.9247,217.452,256.381,473.833
53.9447,214.94,256.634,471.574
53.9647,211.521,254.578,466.099
53.9847,227.006,262.869,489.875
54.0047,219.659,256.391,476.05
54.0247,225.913,259.578,485.49
54.0447,223.953,259.672,483.625
54.0647,214.226,253.252,467.478
54.0847,216.493,255.202,471.696
54.1047,220.531,255.672,476.203
54.1247,218.329,258.71,477.039
54.1447,227.251,260.271,487.522
54.1647,215.554,255.949,471.502
54.1847,209.662,255.778,465.44
54.2047,226.417,262.966,489.383
54.2247,213.19,254.905,468.094
54.2447,220.339,259.572,479.911
54.2647,216.487,256.47,472.958
54.2847,217.015,257.581,474.595
54.3047,218.97,255.165,474.135
54.3247,214.039,257.086,471.125
54.3447,224.621,259.623,484.244
54.3647,220.869,260.679,481.548
54.3847,222.488,258.374,480.862
54.4047,222.902,256.953,479.855
54.4247,215.613,255.597,471.21
54.4447,221.305,260.172,481.477
54.4647,208.572,256.662,465.233
54.4847,212.795,259.884,472.678
54.5047,214.104,257.963,472.067
54.5247,213.05,254.943,467.992
54.5447,215.007,257.994,473
54.5647,204.43,254.549,458.979
54.5847,218.837,256.731,475.568
54.6047,216.499,255.781,472.28
54.6247,216.417,255.106,471.524
54.6447,212.431,255.168,467.599
54.6647,215.619,258.032,473.651
54.6847,213.341,257.018,470.359
54.7047,212.025,254.942,466.967
54.7247,216.29,255.029,471.318
54.7447,209.436,251.728,461.164
54.7647,219.444,256.739,476.184
54.7847,208.819,255.272,464.091
54.8047,222.096,256.655,478.751
54.8247,216.422,257.28,473.702
54.8447,209.84,252.145,461.985
54.8647,221.778,257.861,479.639
54.8847,216.38,256.997,473.377
54.9047,211.303,254.558,465.861
54.9247,215.762,255.894,471.657
54.9447,213.52,252.507,466.027
54.9647,222.852,256.754,479.607
54.9847,209.302,251.83,461.133
55.0047,215.323,257.334,472.657
55.0247,210.129,253.055,463.184
55.0447,217.527,261.35,478.877
55.0647,205.02,252.198,457.218
55.0847,206.152,251.061,457.213
55.1047,215.779,255.073,470.853
55.1247,214.478,255.777,470.255
55.1447,210.462,254.298,464.76
55.1647,205.862,254.038,459.9
55.1847,207.887,250.777,458.664
55.2047,218.426,252.426,470.852
55.2247,212.284,252.103,464.387
55.2447,213.049,254.374,467.423
55.2647,214.296,253.452,467.748
55.2847,220.439,256.896,477.335
55.3047,211.829,250.335,462.163
55.3247,202.637,251.7,454.337
55.3447,215.594,253.809,469.403
55.3647,210.768,253.767,464.535
55.3847,217.881,253.585,471.466
55.4047,202.944,250.743,453.688
55.4247,212.872,256.851,469.723
55.4447,211.34,253.042,464.382
55.4647,207.234,255.036,462.271
55.4847,210.667,254.485,465.152
55.5047,214.158,251.638,465.796
55.5247,211.82,255.592,467.412
55.5447,202.72,252.163,454.884
55.5647,208.795,254.003,462.799
55.5847,203.223,248.839,452.061
55.6047,212.809,251.195,464.004
55.6247,201.603,248.873,450.476
55.6447,213.906,251.354,465.26
55.6647,208.618,253.246,461.863
55.6847,207.893,251.395,459.288
55.7047,208.115,254.212,462.327
55.7247,209.022,249.896,458.918
55.7447,206.056,251.887,457.943
55.7647,211.25,251.209,462.459
55.7847,208.692,252.21,460.902
55.8047,212.011,250.963,462.974
55.8247,206.524,251.092,457.616
55.8447,205.223,251.462,456.686
55.8647,213.279,251.024,464.304
55.8847,209.414,253.056,462.47
55.9047,208.005,247.834,455.839
55.9247,209.916,253.688,463.603
55.9447,205.301,250.956,456.257
55.9647,208.147,251.478,459.625
55.9847,201.328,249.381,450.709
56.0047,195.342,249.104,444.446
56.0247,201.823,249.976,451.799
56.0447,204.479,248.251,452.73
56.0647,207.694,249.701,457.395
56.0847,211.179,251.066,462.245
56.1047,205.045,248.319,453.365
56.1247,207.282,252.286,459.568
56.1447,208.021,250.91,458.931
56.1647,199.626,249.664,449.29
56.1847,207.853,254.204,462.057
56.2047,201.447,248.188,449.636
56.2247,204.907,250.744,455.651
56.2447,203.844,248.318,452.162
56.2647,204.486,249.201,453.688
56.2847,211.375,250.761,462.135
56.3047,210.028,249.722,459.749
56.3247,201.662,246.117,447.779
56.3447,213.277,249.315,462.593
56.3647,199.599,246.746,446.345
56.3847,208.702,249.798,458.5
56.4047,195.557,246.457,442.014
56.4247,208.005,250.579,458.584
56.4447,195.221,247.344,442.565
56.4647,204.006,247.311,451.317
56.4847,203.174,246.565,449.739
56.5047,202.093,243.635,445.729
56.5247,205.799,247.499,453.299
56.5447,205.414,250.849,456.264
56.5647,200.336,247.699,448.034
56.5847,203.968,248.241,452.209
56.6047,206.058,245.926,451.984
56.6247,202.682,246.563,449.246
56.6447,208.922,247.105,456.027
56.6647,191.949,245.043,436.992
56.6847,200.946,245.149,446.094
56.7047,200.617,245.613,446.23
56.7247,203.536,245.866,449.402
56.7447,201.064,248.564,449.628
56.7647,195.534,246.216,441.75
56.7847,207.021,246.831,453.852
56.8047,198.214,246.628,444.842
56.8247,203.763,251.49,455.254
56.8447,197.963,246.497,444.46
56.8647,201.23,247.868,449.098
56.8847,202.972,249.831,452.804
56.9047,201.549,248.329,449.879
56.9247,199.317,245.442,444.759
56.9447,206.018,247.177,453.195
56.9647,202.119,245.315,447.434
56.9847,199.955,247.158,447.113
57.0047,195.477,246.57,442.047
57.0247,197.275,245.067,442.343
57.0447,193.862,242.965,436.827
57.0647,198.344,244.905,443.249
57.0847,197.268,242.647,439.915
57.1047,207.662,247.114,454.776
57.1247,200.957,243.965,444.923
57.1447,202.886,245.155,448.041
57.1647,187.672,242.241,429.913
57.1847,203.21,246.835,450.045
57.2047,198.539,244.58,443.118
57.2247,193.927,246.083,440.01
57.2447,199.97,248.126,448.096
57.2647,197.923,247.483,445.406
57.2847,192.937,242.556,435.493
57.3047,199.328,243.168,442.496
57.3247,199.454,248.059,447.512
57.3447,198.058,243.727,441.785
57.3647,197.689,242.265,439.954
57.3847,202.613,244.394,447.007
57.4047,197.206,242.626,439.832
57.4247,203.712,244.455,448.167
57.4447,198.904,244.74,443.644
57.4647,194.44,243.476,437.916
57.4847,193.542,244.337,437.879
57.5047,194.705,244.311,439.016
57.5247,196.86,246.989,443.848
57.5447,198.01,242.321,440.33
57.5647,192.59,240.272,432.862
57.5847,198.113,244.048,442.161
57.6047,196.801,244.817,441.618
57.6247,200.071,246.51,446.581
57.6447,196.76,240.586,437.346
57.6647,192.321,244.674,436.995
57.6847,191.112,242.64,433.752
57.7047,198.971,243.689,442.66
57.7247,191.731,243.789,435.52
57.7447,193.831,241.416,435.247
57.7647,194.887,242.113,437
57.7847,196.154,243.71,439.864
57.8047,189.202,240.958,430.159
57.8247,196.558,244.61,441.168
57.8447,193.341,241.082,434.423
57.8647,200.77,244.611,445.381
57.8847,193.894,240.973,434.867
57.9047,199.385,245.721,445.106
57.9247,197.058,241.82,438.878
57.9447,197.938,244.23,442.168
57.9647,189.939,240.348,430.287
57.9847,189.566,238.706,428.273
58.0047,198.073,242.804,440.877
58.0247,199.793,242.851,442.644
58.0447,192.409,241.29,433.699
58.0647,196.912,243.278,440.19
58.0847,192.099,241.856,433.955
58.1047,200.043,243.009,443.053
58.1247,191.268,241.939,433.207
58.1447,192.429,238.877,431.306
58.1647,190.327,241.065,431.392
58.1847,188.592,239.062,427.655
58.2047,189.693,241.479,431.172
58.2247,188.253,239.8,428.053
58.2447,179.595,238.604,418.199
58.2647,199.87,243.393,443.263
58.2847,189.563,239.664,429.228
58.3047,198.62,242.561,441.181
58.3247,187.309,241.133,428.442
58.3447,199.007,242.015,441.022
58.3647,193.208,240.976,434.184
58.3847,194.17,241.877,436.047
58.4047,195.145,241.316,436.461
58.4247,187.561,238.862,426.423
58.4447,190.735,238.201,428.936
58.4647,190.653,241.837,432.49
58.4847,196.318,239.768,436.087
58.5047,193.726,241.787,435.513
58.5247,191.674,237.992,429.667
58.5447,193.671,239.926,433.598
58.5647,186.896,240.501,427.397
58.5847,183.415,237.664,421.078
58.6047,190.578,236.609,427.187
58.6247,191.987,237.031,429.018
58.6447,191.571,236.376,427.948
58.6647,189.757,237.28,427.037
58.6847,184.097,236.628,420.725
58.7047,187.375,242.329,429.703
58.7247,189.825,241.406,431.231
58.7447,190.869,237.569,428.437
58.7647,190.213,239.528,429.74
58.7847,188.225,237.753,425.978
58.8047,190.572,237.574,428.146
58.8247,193.76,237.96,431.719
58.8447,185.245,238.526,423.771
58.8647,194.188,242.89,437.078
58.8847,194.709,238.608,433.316
58.9047,187.689,238.436,426.126
58.9247,181.197,236.543,417.74
58.9447,188.874,237.474,426.348
58.9647,192.411,239.78,432.19
58.9847,188.633,239.827,428.46
59.0047,189.691,237.305,426.996
59.0247,193.238,240.608,433.846
59.0447,187.786,236.403,424.189
59.0647,190.609,243.507,434.116
59.0847,183.795,238.712,422.507
59.1047,184.946,235.76,420.706
59.1247,187.694,236.723,424.416
59.1447,183.572,236.939,420.511
59.1647,187.563,236.791,424.354
59.1847,185.502,236.641,422.143
59.2047,184.926,237.382,422.308
59.2247,189.511,240.622,430.133
59.2447,181.423,236.878,418.301
59.2647,188.042,233.554,421.596
59.2847,186.155,237.109,423.264
59.3047,188.686,234.679,423.365
59.3247,183.204,238.111,421.315
59.3447,189.426,237.231,426.657
59.3647,189.04,237.472,426.512
59.3847,180.126,236.453,416.58
59.4047,193.075,238.896,431.971
59.4247,185.423,236.785,422.208
59.4447,188.802,235.876,424.678
59.4647,188.803,237.623,426.426
59.4847,189.614,237.582,427.196
59.5047,177.325,235.773,413.098
59.5247,190.648,237.2,427.848
59.5447,185.713,234.039,419.752
59.5647,181.323,232.441,413.765
59.5847,191.778,237.503,429.282
59.6047,181.934,235.381,417.315
59.6247,178.931,237.488,416.419
59.6447,181.397,235.106,416.504
59.6647,188.099,237.475,425.574
59.6847,188.041,235.498,423.539
59.7047,184.061,234.15,418.211
59.7247,184.281,239.423,423.705
59.7447,184.163,233.939,418.102
59.7647,179.539,234.786,414.325
59.7847,183.887,236.482,420.369
59.8047,184.113,234.592,418.705
59.8247,185.18,236.199,421.379
59.8447,191.071,234.995,426.066
59.8647,181.46,231.897,413.358
59.8847,185.157,235.899,421.056
59.9047,181.76,231.827,413.586
59.9247,187.062,234.314,421.377
59.9447,181.511,232.054,413.565
59.9647,183.655,232.964,416.619
59.9847,177.641,233.86,411.501
60.0047,182.669,232.038,414.706
60.0247,184.836,235.319,420.155
60.0447,186.02,234.562,420.582
60.0647,183.505,233.168,416.674
60.0847,184.979,232.613,417.592
60.1047,189.534,236.467,426.002
60.1247,182.388,232.332,414.72
60.1447,184.706,234.445,419.151
60.1647,183.504,232.963,416.466
60.1847,182.808,230.667,413.474
60.2047,174.772,227.875,402.648
60.2247,180.679,233.503,414.181
60.2447,186.791,233.857,420.648
60.2647,181.411,234.697,416.109
60.2847,177.718,231.207,408.924
60.3047,180.874,232.038,412.912
60.3247,185.437,234.311,419.749
60.3447,184.153,233.588,417.741
60.3647,184.652,230.102,414.754
60.3847,181.905,233.918,415.824
60.4047,181.003,231.227,412.23
60.4247,183.493,232.132,415.625
60.4447,185.528,231.957,417.485
60.4647,178.442,231.954,410.397
60.4847,178.717,231.054,409.772
60.5047,183.244,233.772,417.017
60.5247,179.738,231.35,411.088
60.5447,183.449,234.267,417.716
60.5647,181.164,228.992,410.157
60.5847,179.799,233.209,413.008
60.6047,177.133,230.199,407.333
60.6247,181.511,228.769,410.28
60.6447,185.022,231.887,416.909
60.6647,178.314,228.977,407.29
60.6847,183.494,235.914,419.408
60.7047,179.711,231.98,411.691
60.7247,188.746,233.011,421.757
60.7447,180.075,230.834,410.91
60.7647,171.519,226.932,398.451
60.7847,187.229,231.643,418.872
60.8047,175.657,230.726,406.384
60.8247,182.52,232.165,414.685
60.8447,182.855,230.12,412.975
60.8647,174.417,230.116,404.534
60.8847,178.842,230.177,409.019
60.9047,175.166,227.951,403.117
60.9247,180.037,232.453,412.49
60.9447,174.364,228.682,403.047
60.9647,173.732,229.578,403.309
60.9847,178.314,230.036,408.35
61.0047,174.722,226.862,401.585
61.0247,180.131,231.706,411.837
61.0447,175,227.958,402.959
61.0647,186.391,229.483,415.874
61.0847,177.973,230.808,408.781
61.1047,177.217,232.331,409.547
61.1247,186.648,230.707,417.355
61.1447,177.257,230.488,407.745
61.1647,174.016,229.107,403.122
61.1847,179.641,231.968,411.609
61.2047,167.008,226.277,393.285
61.2247,179.362,231.636,410.998
61.2447,167.912,230.104,398.016
61.2647,181.576,229.797,411.373
61.2847,177.224,228.714,405.939
61.3047,177.932,231.079,409.011
61.3247,181.945,231.869,413.815
61.3447,174.618,228.623,403.241
61.3647,171.8,229.063,400.864
61.3847,180.545,231.866,412.411
61.4047,171.935,228.532,400.466
61.4247,173.48,229.866,403.346
61.4447,175.369,227.681,403.05
61.4647,170.85,226.842,397.692
61.4847,175.608,227.697,403.305
61.5047,177.039,227.935,404.974
61.5247,170.593,228.062,398.655
61.5447,168.773,226.713,395.486
61.5647,178.271,230.932,409.203
61.5847,174.241,226.899,401.139
61.6047,178.465,229.097,407.562
61.6247,170.946,226.702,397.648
61.6447,184.427,228.951,413.378
61.6647,180.18,227.769,407.948
61.6847,174.653,226.396,401.05
61.7047,176.844,227.425,404.269
61.7247,173.149,225.082,398.232
61.7447,184.257,227.986,412.243
61.7647,171.094,225.453,396.547
61.7847,172.944,228.262,401.205
61.8047,171.157,223.965,395.122
61.8247,180.97,230.646,411.615
61.8447,174.053,227.76,401.813
61.8647,171.134,226.832,397.966
61.8847,181.175,228.656,409.832
61.9047,173.307,227.755,401.062
61.9247,167.263,226.89,394.153
61.9447,174.955,227.913,402.868
61.9647,167.159,225.526,392.685
61.9847,177.011,228.208,405.219
62.0047,172.6,226.723,399.324
62.0247,169.787,228.415,398.202
62.0447,174.548,228.139,402.687
62.0647,175.024,224.66,399.685
62.0847,174.835,229.018,403.852
62.1047,174.996,227.816,402.812
62.1247,178.402,227.959,406.362
62.1447,174.463,227.127,401.59
62.1647,177.111,222.494,399.605
62.1847,168.943,225.658,394.601
62.2047,170.171,223.573,393.744
62.2247,171.875,222.516,394.39
62.2447,174.358,224.961,399.318
62.2647,166.673,226.987,393.66
62.2847,169.574,223.632,393.206
62.3047,174.748,222.497,397.245
62.3247,173.205,224.715,397.92
62.3447,171.852,225.722,397.573
62.3647,174.609,225.742,400.351
62.3847,171.177,226.171,397.348
62.4047,171.166,224.57,395.736
62.4247,171.093,225.213,396.306
62.4447,169.66,222.64,392.3
62.4647,168.3,225.783,394.082
62.4847,168.803,225.239,394.042
62.5047,172.983,223.555,396.537
62.5247,167.978,225.393,393.371
62.5447,175.056,225.995,401.051
62.5647,165.664,223.924,389.587
62.5847,171.986,224.62,396.606
62.6047,167.051,224.001,391.052
62.6247,171.165,225.253,396.418
62.6447,171.479,223.801,395.28
62.6647,171.141,223.341,394.483
62.6847,166.499,221.994,388.493
62.7047,167.565,224.498,392.064
62.7247,168.639,227.192,395.831
62.7447,171.448,227.157,398.606
62.7647,166.852,223.522,390.374
62.7847,175.496,224.026,399.522
62.8047,165.799,224.849,390.648
62.8247,169.795,224.368,394.163
62.8447,172.277,224.69,396.967
62.8647,165.883,220.747,386.631
62.8847,168.879,224.991,393.87
62.9047,169.311,221.444,390.754
62.9247,165.76,224.685,390.445
62.9447,173.67,224.837,398.507
62.9647,168.698,223.855,392.553
62.9847,170.311,225.915,396.226
63.0047,162.198,221.985,384.183
63.0247,163.398,221.222,384.62
63.0447,173.684,224.852,398.535
63.0647,172.735,223.845,396.58
63.0847,167.97,221.68,389.651
63.1047,168.243,225.316,393.559
63.1247,164.458,219.375,383.833
63.1447,178.073,224.724,402.797
63.1647,169.145,224.791,393.936
63.1847,166.145,220.161,386.306
63.2047,168.979,223.045,392.025
63.2247,166.355,223.906,390.26
63.2447,163.356,221.391,384.747
63.2647,162.382,219.196,381.578
63.2847,178.003,227.56,405.563
63.3047,163.794,219.429,383.223
63.3247,170.249,222.919,393.168
63.3447,163.702,220.912,384.615
63.3647,167.505,222.458,389.963
63.3847,167.984,223.991,391.975
63.4047,172.109,222.389,394.498
63.4247,163.643,220.831,384.474
63.4447,167.427,222.363,389.79
63.4647,164.175,219.952,384.127
63.4847,158,220.497,378.497
63.5047,165.946,220.486,386.431
63.5247,166.359,222.177,388.536
63.5447,168.581,221.77,390.351
63.5647,162.238,221.761,383.999
63.5847,158.327,219.908,378.234
63.6047,162.945,219.442,382.388
63.6247,163.785,218.438,382.222
63.6447,168.649,221.513,390.162
63.6647,167.657,224.078,391.736
63.6847,161.993,221.728,383.721
63.7047,167.87,220.124,387.994
63.7247,159.596,215.89,375.486
63.7447,166.112,223.962,390.074
63.7647,161.552,224.021,385.574
63.7847,163.829,221.688,385.518
63.8047,167.143,220.387,387.529
63.8247,168.15,221.215,389.365
63.8447,160.365,222.021,382.386
63.8647,169.235,221.139,390.374
63.8847,171.371,223.061,394.432
63.9047,162.693,216.985,379.678
63.9247,171.369,221.458,392.827
63.9447,171.357,219.084,390.441
63.9647,162.308,220.983,383.291
63.9847,157.172,218.99,376.162
64.0047,157.377,219.179,376.557
64.0247,163.309,218.788,382.097
64.0447,161.083,217.259,378.342
64.0647,161.889,220.14,382.03
64.0847,161.893,219.557,381.45
64.1047,163.755,221.786,385.541
64.1247,168.87,218.522,387.392
64.1447,162.142,217.242,379.384
64.1647,165.798,219.853,385.651
64.1847,161.212,218.462,379.674
64.2047,163.201,217.501,380.702
64.2247,161.632,219.402,381.034
64.2447,167.331,218.612,385.943
64.2647,160.95,218.54,379.49
64.2847,164.463,219.783,384.246
64.3047,170.973,221.165,392.138
64.3247,166.173,219.884,386.057
64.3447,164.129,219.982,384.111
64.3647,154.923,217.457,372.38
64.3847,168.574,217.807,386.381
64.4047,155.849,217.354,373.203
64.4247,161.116,217.646,378.762
64.4447,164.526,220.418,384.945
64.4647,162.639,217.022,379.662
64.4847,159.981,217.219,377.2
64.5047,160.458,218.625,379.083
64.5247,159.656,218.115,377.771
64.5447,162.691,217.088,379.78
64.5647,161.392,216.573,377.965
64.5847,159.779,216.966,376.745
64.6047,160.597,220.958,381.555
64.6247,157.232,218.472,375.704
64.6447,162.855,216.08,378.935
64.6647,165.372,217.297,382.669
64.6847,160.947,217.604,378.551
64.7047,160.151,216.251,376.402
64.7247,161.619,218.038,379.657
64.7447,160.36,216.042,376.402
64.7647,159.07,217.379,376.45
64.7847,159.673,217.192,376.865
64.8047,157.722,217.534,375.256
64.8247,161.46,218.589,380.049
64.8447,161.724,217.601,379.325
64.8647,157.267,218.285,375.551
64.8847,162.678,215.448,378.126
64.9047,162.764,218.506,381.269
64.9247,159.136,215.278,374.414
64.9447,164.545,217.351,381.896
64.9647,163.765,216.52,380.285
64.9847,156.535,215.521,372.056
65.0047,162.766,217.25,380.016
65.0247,157.205,217.284,374.489
65.0447,157.243,217.152,374.395
65.0647,153.663,215.235,368.898
65.0847,156.02,213.8,369.821
65.1047,162.592,217.071,379.663
65.1247,163.958,219.973,383.931
65.1447,160.426,218.17,378.596
65.1647,156.286,213.397,369.684
65.1847,158.604,217.291,375.896
65.2047,159.411,214.979,374.39
65.2247,157.259,215.927,373.185
65.2447,157.516,213.31,370.826
65.2647,154.714,213.484,368.198
65.2847,158.624,216.8,375.423
65.3047,155.951,212.491,368.442
65.3247,158.15,214.164,372.315
65.3447,159.487,213.764,373.251
65.3647,157.728,216.034,373.762
65.3847,153.553,213.741,367.295
65.4047,163.77,215.271,379.041
65.4247,158.894,215.73,374.624
65.4447,160.63,215.43,376.06
65.4647,158.18,215.602,373.782
65.4847,154.373,215.898,370.271
65.5047,154.759,213.742,368.501
65.5247,158.09,214.314,372.404
65.5447,157.765,215.918,373.683
65.5647,151.982,209.585,361.567
65.5847,163.528,216.175,379.703
65.6047,150.488,213.267,363.755
65.6247,154.655,213.814,368.469
65.6447,153.196,214.532,367.728
65.6647,156.403,214.813,371.216
65.6847,159.495,214.84,374.335
65.7047,157.413,213.834,371.247
65.7247,154.379,213.407,367.786
65.7447,153.662,216.279,369.941
65.7647,158.368,214.392,372.76
65.7847,156.072,210.661,366.733
65.8047,153.626,212.252,365.878
65.8247,156.73,213.557,370.287
65.8447,151.315,212.701,364.016
65.8647,159.832,214.287,374.119
65.8847,156.607,210.859,367.466
65.9047,155.433,213.422,368.855
65.9247,159.044,213.384,372.428
65.9447,157.676,213.757,371.433
65.9647,151.869,212.533,364.402
65.9847,153.612,211.468,365.08
66.0047,150.684,213.057,363.741
66.0247,153.493,213.458,366.952
66.0447,150.202,210.067,360.269
66.0647,157.738,215.554,373.291
66.0847,151.417,211.757,363.174
66.1047,148.931,212.244,361.175
66.1247,153.391,212.952,366.343
66.1447,156.512,212.648,369.159
66.1647,155.292,211.925,367.216
66.1847,156.759,212.564,369.323
66.2047,163.255,213.563,376.818
66.2247,153.528,212.437,365.965
66.2447,148.751,210.821,359.573
66.2647,157.594,213.889,371.483
66.2847,149.272,211.26,360.532
66.3047,152.636,212.13,364.766
66.3247,148.938,210.105,359.043
66.3447,151.374,210.37,361.744
66.3647,154.192,211.776,365.968
66.3847,153.335,211.556,364.892
66.4047,150.936,209.878,360.813
66.4247,153.669,210.385,364.054
66.4447,150.843,209.894,360.737
66.4647,150.003,211.33,361.333
66.4847,157.587,211.798,369.385
66.5047,150.898,210.745,361.643
66.5247,152.442,209.877,362.319
66.5447,153.138,211.705,364.843
66.5647,147.993,210.31,358.304
66.5847,156.926,210.099,367.025
66.6047,155.208,211.948,367.156
66.6247,153.925,210.982,364.907
66.6447,156.226,210.245,366.471
66.6647,150.053,208.618,358.672
66.6847,154.232,211.755,365.987
66.7047,151.262,210.791,362.054
66.7247,146.795,208.249,355.044
66.7447,158.984,210.51,369.493
66.7647,154.374,211.031,365.405
66.7847,150.476,206.769,357.244
66.8047,151.652,208.664,360.316
66.8247,147.51,208.178,355.688
66.8447,151.888,212.62,364.509
66.8647,148.309,210.34,358.649
66.8847,158.723,212.031,370.754
66.9047,148.836,210.011,358.847
66.9247,153.971,208.465,362.436
66.9447,152.072,209.786,361.858
66.9647,149.486,209.261,358.748
66.9847,145.694,205.68,351.374
67.0047,148.666,209.631,358.297
67.0247,146.79,210.215,357.005
67.0447,152.919,210.249,363.167
67.0647,148.272,207.18,355.452
67.0847,154.008,209.628,363.636
67.1047,147.4,208.931,356.331
67.1247,153.628,210.432,364.06
67.1447,150.799,205.924,356.723
67.1647,153.665,208.527,362.193
67.1847,151.519,210.214,361.733
67.2047,156.753,208.23,364.983
67.2247,141.867,204.924,346.792
67.2447,150.872,205.83,356.703
67.2647,146.167,204.589,350.756
67.2847,154.5,209.516,364.016
67.3047,146.434,208.598,355.032
67.3247,152.626,207.214,359.841
67.3447,148.814,205.861,354.675
67.3647,150.895,207.763,358.658
67.3847,149.042,206.331,355.374
67.4047,146.181,205.365,351.546
67.4247,154.24,208.993,363.233
67.4447,146.584,205.723,352.307
67.4647,147.113,204.834,351.947
67.4847,150.617,207.589,358.206
67.5047,154.256,207.249,361.506
67.5247,148.583,211.497,360.08
67.5447,155.481,208.176,363.657
67.5647,148.932,208.168,357.1
67.5847,148.716,207.328,356.044
67.6047,147.603,205.635,353.237
67.6247,146.974,208.035,355.008
67.6447,142.45,206.196,348.646
67.6647,149.035,207.999,357.034
67.6847,150.057,209.319,359.375
67.7047,150.238,209.966,360.204
67.7247,147.488,206.615,354.103
67.7447,147.755,203.283,351.039
67.7647,156.705,208.038,364.743
67.7847,148.201,205.89,354.092
67.8047,148.149,206.554,354.703
67.8247,147.828,207.755,355.583
67.8447,152.706,207.003,359.709
67.8647,144.028,207.241,351.268
67.8847,150.012,204.792,354.804
67.9047,147.681,207.782,355.463
67.9247,140.594,203.693,344.287
67.9447,150.125,207.067,357.192
67.9647,146.172,205.369,351.542
67.9847,144.162,206.685,350.848
68.0047,146.962,203.972,350.934
68.0247,153.704,206.39,360.095
68.0447,145.218,205.25,350.468
68.0647,139.419,203.038,342.457
68.0847,144.743,206.927,351.67
68.1047,145.1,204.903,350.003
68.1247,145.615,208.536,354.151
68.1447,148.77,207.812,356.581
68.1647,142.094,204.153,346.247
68.1847,143.218,205.387,348.605
68.2047,144.411,207.291,351.702
68.2247,145.122,204.408,349.529
68.2447,142.333,205.739,348.072
68.2647,149.15,205.057,354.207
68.2847,143.641,204.567,348.208
68.3047,140.634,204.12,344.754
68.3247,151.637,205.651,357.288
68.3447,140.022,203.763,343.785
68.3647,144.367,204.253,348.62
68.3847,148.458,204.025,352.483
68.4047,148.444,203.104,351.548
68.4247,139.318,203.753,343.071
68.4447,148.72,205.64,354.361
68.4647,143.488,206.506,349.993
68.4847,145.768,202.669,348.437
68.5047,149.54,206.625,356.165
68.5247,144.399,203.825,348.224
68.5447,143.85,203.496,347.346
68.5647,154.445,207.208,361.653
68.5847,142.567,202.855,345.422
68.6047,146.381,201.901,348.282
68.6247,146.438,202.982,349.42
68.6447,142.693,207.008,349.702
68.6647,146.397,204.711,351.109
68.6847,144.507,202.982,347.489
68.7047,141.546,204.358,345.904
68.7247,149.322,204.353,353.674
68.7447,138.552,201.406,339.958
68.7647,140.255,205.832,346.087
68.7847,144.008,201.196,345.204
68.8047,140.433,200.288,340.721
68.8247,146.16,203.199,349.359
68.8447,142.849,203.205,346.054
68.8647,143.833,205.793,349.626
68.8847,139.346,201.69,341.036
68.9047,148.408,202.602,351.01
68.9247,143.646,200.519,344.164
68.9447,147.342,205.85,353.193
68.9647,146.365,203.244,349.609
68.9847,148.218,203.787,352.005
69.0047,140.298,202.109,342.407
69.0247,142.464,203.444,345.908
69.0447,141.985,201.913,343.898
69.0647,137.342,201.28,338.622
69.0847,140.611,201.568,342.18
69.1047,142.122,202.289,344.411
69.1247,144.4,203.269,347.669
69.1447,147.06,200.818,347.878
69.1647,137.735,200.879,338.614
69.1847,144.428,204.53,348.958
69.2047,145.785,204.405,350.19
69.2247,142.549,202.574,345.124
69.2447,141.195,200.85,342.046
69.2647,140.79,203.134,343.924
69.2847,139.231,204.044,343.274
69.3047,137.622,199.799,337.422
69.3247,139.154,200.291,339.445
69.3447,135.968,200.304,336.272
69.3647,145.629,205.198,350.827
69.3847,144.661,204,348.661
69.4047,141.184,201.378,342.563
69.4247,147.034,204.207,351.241
69.4447,141.253,201.97,343.223
69.4647,145.392,200.623,346.015
69.4847,139.475,204.467,343.941
69.5047,139.581,198.922,338.503
69.5247,143.362,203.739,347.101
69.5447,131.612,199.837,331.449
69.5647,141.399,200.492,341.891
69.5847,143.595,201.097,344.692
69.6047,134.273,200.116,334.39
69.6247,139.858,201.339,341.196
69.6447,140.957,202.072,343.029
69.6647,142.35,200.231,342.581
69.6847,142.553,202.957,345.509
69.7047,137.463,200.716,338.179
69.7247,133.437,201.167,334.603
69.7447,145.077,202.828,347.905
69.7647,137.776,198.261,336.036
69.7847,144.281,200.228,344.509
69.8047,134.308,198.339,332.647
69.8247,143.165,202.175,345.34
69.8447,141.546,201.937,343.484
69.8647,142.507,198.722,341.229
69.8847,142.073,199.615,341.687
69.9047,136.657,198.356,335.013
69.9247,142.282,199.046,341.328
69.9447,138.383,198.144,336.527
69.9647,140.198,197.916,338.114
69.9847,134.107,199.504,333.61
70.0047,144.781,199.828,344.609
70.0247,138.248,200.245,338.493
70.0447,144.716,198.47,343.187
70.0647,141.264,199.831,341.095
70.0847,140.039,198.332,338.372
70.1047,137.835,200.107,337.941
70.1247,135.527,196.427,331.954
70.1447,135.359,198.327,333.686
70.1647,137.561,201.083,338.644
70.1847,140.812,198.363,339.175
70.2047,137.379,200.056,337.434
70.2247,141.8,198.212,340.012
70.2447,139.914,200.268,340.183
70.2647,127.855,196.697,324.552
70.2847,139.731,201.143,340.874
70.3047,133.078,200.206,333.283
70.3247,140.684,199.965,340.65
70.3447,135.381,195.047,330.428
70.3647,140.577,198.544,339.122
70.3847,140.128,198.108,338.236
70.4047,134.743,197.539,332.281
70.4247,141.178,201.01,342.188
70.4447,135.614,195.732,331.346
70.4647,143.409,199.67,343.079
70.4847,142.384,198.805,341.189
70.5047,135.205,196.479,331.685
70.5247,136.093,196.435,332.527
70.5447,145.147,197.817,342.964
70.5647,135.395,197.09,332.485
70.5847,137.046,198.944,335.99
70.6047,136.246,194.183,330.43
70.6247,130.829,198.729,329.558
70.6447,135.464,200.507,335.971
70.6647,134.452,197.413,331.865
70.6847,141.642,197.671,339.312
70.7047,131.23,196.277,327.507
70.7247,133.735,195.359,329.094
70.7447,146.847,197.329,344.175
70.7647,139.314,196.449,335.763
70.7847,134.211,195.63,329.841
70.8047,136.735,197.381,334.116
70.8247,135.672,193.361,329.033
70.8447,135.185,197.085,332.27
70.8647,136.995,197.355,334.349
70.8847,138.745,197.184,335.928
70.9047,130.753,195.269,326.022
70.9247,139.037,198.316,337.353
70.9447,133.74,195.063,328.802
70.9647,133.839,195.332,329.172
70.9847,137.766,196.163,333.929
71.0047,142.503,200.575,343.079
71.0247,130.464,194.966,325.43
71.0447,137.707,196.958,334.665
71.0647,131.079,193.239,324.318
71.0847,136.059,195.529,331.588
71.1047,134.693,196.656,331.349
71.1247,141.99,196.092,338.082
71.1447,133.955,195.134,329.088
71.1647,139.79,197.346,337.136
71.1847,135.307,196.248,331.555
71.2047,134.989,196.46,331.449
71.2247,136.221,195.252,331.473
71.2447,136.064,194.479,330.544
71.2647,137.345,195.602,332.947
71.2847,133.389,194.004,327.393
71.3047,137.8,194.889,332.689
71.3247,137.884,196.34,334.224
71.3447,137.253,193.749,331.001
71.3647,133.855,196.495,330.35
71.3847,132.603,191.757,324.359
71.4047,137.419,198.448,335.867
71.4247,128.844,192.976,321.821
71.4447,139.615,195.409,335.024
71.4647,134.27,194.242,328.512
71.4847,133.275,193.632,326.906
71.5047,134.665,196.447,331.112
71.5247,135.748,192.1,327.848
71.5447,135.184,194.677,329.862
71.5647,136.966,195.022,331.988
71.5847,135.805,193.601,329.406
71.6047,133.237,194.295,327.533
71.6247,133.835,193.853,327.688
71.6447,135.51,194.848,330.358
71.6647,135.263,194.15,329.412
71.6847,136.149,195.457,331.606
71.7047,126.185,192.357,318.542
71.7247,134.527,193.919,328.446
71.7447,131.948,190.794,322.742
71.7647,135.005,195.925,330.93
71.7847,128.395,193.131,321.526
71.8047,136.092,192.017,328.109
71.8247,129.996,195.107,325.103
71.8447,133.444,193.846,327.29
71.8647,134.813,195.308,330.121
71.8847,133.577,194.323,327.9
71.9047,131.901,190.415,322.316
71.9247,135.983,196.077,332.059
71.9447,129.063,196.681,325.744
71.9647,128.274,188.733,317.007
71.9847,137,195.957,332.957
72.0047,124.055,192.451,316.505
72.0247,135.677,191.96,327.638
72.0447,131.101,193.953,325.054
72.0647,134.936,193.934,328.87
72.0847,135.415,193.554,328.97
72.1047,133.774,192.985,326.759
72.1247,131.428,193.161,324.589
72.1447,130.838,191.283,322.12
72.1647,131.028,194.507,325.534
72.1847,131.575,193.396,324.971
72.2047,132.28,192.734,325.014
72.2247,128.146,192.63,320.776
72.2447,133.232,191.136,324.367
72.2647,127.178,192.64,319.818
72.2847,134.368,194.031,328.399
72.3047,131.774,192.853,324.627
72.3247,131.954,191.927,323.881
72.3447,130.591,194.625,325.216
72.3647,135.33,192.833,328.163
72.3847,132.787,193.317,326.104
72.4047,132.922,191.353,324.275
72.4247,129.515,192.057,321.572
72.4447,129.444,191.64,321.084
72.4647,134.399,193.827,328.226
72.4847,132.036,192.479,324.515
72.5047,127.038,191.134,318.172
72.5247,133.086,190.999,324.085
72.5447,134.392,190.644,325.036
72.5647,129.439,193.144,322.583
72.5847,127.443,189.551,316.995
72.6047,125.538,189.836,315.374
72.6247,136.398,191.411,327.81
72.6447,129.113,189.016,318.129
72.6647,134.323,190.614,324.937
72.6847,129.726,187.701,317.428
72.7047,131.373,193.348,324.721
72.7247,127.293,190.527,317.82
72.7447,134.368,191.631,325.999
72.7647,129.06,191.331,320.391
72.7847,126.081,190.769,316.85
72.8047,129.181,191.65,320.831
72.8247,129.899,191.148,321.047
72.8447,130.755,189.033,319.788
72.8647,124.076,189.879,313.955
72.8847,126.038,191.413,317.451
72.9047,123.914,188.896,312.81
72.9247,134.657,193.51,328.167
72.9447,131.904,189.025,320.929
72.9647,136.74,192.773,329.513
72.9847,127.664,189.697,317.36
73.0047,129.257,187.388,316.645
73.0247,127.322,191.669,318.991
73.0447,127.4,190.214,317.614
73.0647,130.971,190.053,321.024
73.0847,125.323,188.163,313.486
73.1047,127.809,189.614,317.423
73.1247,126.99,192.733,319.722
73.1447,133.066,189.296,322.362
73.1647,134.748,191.668,326.416
73.1847,129.845,190.4,320.245
73.2047,128.062,186.93,314.992
73.2247,125.226,190.027,315.253
73.2447,129.638,190.303,319.941
73.2647,132.847,187.535,320.382
73.2847,130.1,188.75,318.85
73.3047,125.059,187.772,312.831
73.3247,123.989,185.947,309.935
73.3447,124.145,189.389,313.534
73.3647,125.806,191.274,317.08
73.3847,127.107,190.379,317.486
73.4047,130.693,191.648,322.341
73.4247,132.13,193.383,325.513
73.4447,124.798,187.085,311.883
73.4647,131.533,189.152,320.685
73.4847,127.058,188.341,315.399
73.5047,128.932,190.304,319.235
73.5247,122.602,185.023,307.626
73.5447,127.307,188.639,315.946
73.5647,127.725,188.914,316.64
73.5847,124.61,187.072,311.683
73.6047,128.908,190.347,319.255
73.6247,127.863,188.529,316.392
73.6447,128.526,188.098,316.624
73.6647,131.246,191.327,322.573
73.6847,123.357,186.787,310.144
73.7047,130.996,188.549,319.545
73.7247,127.885,187.667,315.552
73.7447,121.194,185.71,306.904
73.7647,127.442,187.112,314.554
73.7847,129.506,189.296,318.801
73.8047,127.764,189.779,317.543
73.8247,129.967,188.202,318.169
73.8447,125.727,188.879,314.606
73.8647,125.824,186.018,311.842
73.8847,122.021,185.013,307.034
73.9047,124.886,186.936,311.822
73.9247,128.987,186.944,315.93
73.9447,131.695,186.456,318.152
73.9647,126.298,185.66,311.958
73.9847,128.788,185.528,314.316
74.0047,127.67,187.887,315.557
74.0247,129.115,187.198,316.314
74.0447,128.439,189.972,318.411
74.0647,130.203,188.93,319.133
74.0847,126.505,186.861,313.366
74.1047,125.899,187.21,313.109
74.1247,119.584,185.817,305.401
74.1447,125.559,188.5,314.058
74.1647,120.124,186.494,306.618
74.1847,125.951,186.829,312.78
74.2047,127.485,188.671,316.156
74.2247,124.189,188.336,312.525
74.2447,119.51,186.458,305.968
74.2647,122.873,187.936,310.809
74.2847,124.988,186.889,311.877
74.3047,126.966,188.471,315.437
74.3247,128.566,187.666,316.232
74.3447,125.975,186.544,312.519
74.3647,121.767,187.47,309.237
74.3847,122.341,187.747,310.088
74.4047,130.378,186.611,316.989
74.4247,126.895,187.099,313.994
74.4447,122.132,185.406,307.539
74.4647,127.043,187.454,314.498
74.4847,124.34,185.492,309.831
74.5047,125.747,185.254,311.001
74.5247,123.99,185.827,309.817
74.5447,125.516,185.588,311.105
74.5647,122.818,185.593,308.411
74.5847,124.821,183.543,308.364
74.6047,126.003,189.159,315.162
74.6247,125.866,186.732,312.598
74.6447,122.853,183.798,306.651
74.6647,122.94,185.472,308.412
74.6847,119.353,184.32,303.673
74.7047,118.717,184.719,303.435
74.7247,127.711,186.52,314.231
74.7447,124.827,187.358,312.185
74.7647,123.458,186.826,310.284
74.7847,126.402,186.814,313.216
74.8047,122.995,183.684,306.678
74.8247,125.155,185.658,310.813
74.8447,116.888,182.327,299.215
74.8647,120.589,185.64,306.229
74.8847,119.684,185.665,305.35
74.9047,118.306,185.943,304.249
74.9247,123.338,184.395,307.734
74.9447,124.917,184.546,309.463
74.9647,128.77,187.354,316.124
74.9847,122.099,186.126,308.225
75.0047,120.423,183.528,303.951
75.0247,123.439,182.827,306.266
75.0447,125.008,184.922,309.93
75.0647,118.287,183.207,301.494
75.0847,128.61,185.621,314.232
75.1047,120.012,185.184,305.196
75.1247,123.865,187.195,311.06
75.1447,120.374,182.831,303.205
75.1647,123.588,184.243,307.831
75.1847,122.817,184.425,307.241
75.2047,126.074,184.994,311.068
75.2247,121.751,184.003,305.755
75.2447,118.872,182.578,301.45
75.2647,120.352,182.603,302.955
75.2847,120.439,181.243,301.681
75.3047,124.423,185.739,310.162
75.3247,121.382,183.727,305.108
75.3447,118.439,182.85,301.289
75.3647,123.511,183.876,307.387
75.3847,122.509,184.427,306.937
75.4047,127.613,185.769,313.382
75.4247,128.95,184.527,313.477
75.4447,114.4,180.709,295.109
75.4647,124.448,186.399,310.847
75.4847,128.024,183.692,311.716
75.5047,121.682,182.373,304.055
75.5247,118.48,181.646,300.126
75.5447,115.775,183.101,298.876
75.5647,123.787,183.29,307.076
75.5847,123.393,183.606,306.999
75.6047,120.009,181.274,301.283
75.6247,122.014,182.466,304.48
75.6447,119.299,182.449,301.748
75.6647,123.62,182.373,305.992
75.6847,126.327,184.114,310.441
75.7047,120.859,183.042,303.901
75.7247,114.884,180.167,295.051
75.7447,120.17,182.579,302.749
75.7647,118.898,182.5,301.398
75.7847,119.313,182.024,301.337
75.8047,121.48,182.225,303.705
75.8247,124.255,182.933,307.188
75.8447,117.982,182.461,300.443
75.8647,118.632,180.715,299.347
75.8847,124.367,180.739,305.105
75.9047,124.341,184.491,308.832
75.9247,118.673,180.564,299.237
75.9447,118.409,181.517,299.926
75.9647,128.795,186.23,315.025
75.9847,115.794,179.615,295.409
76.0047,124.784,183.377,308.161
76.0247,115.755,181.652,297.407
76.0447,122.383,180.266,302.649
76.0647,120.675,184.099,304.774
76.0847,121.538,181.265,302.802
76.1047,116.004,179.108,295.113
76.1247,114.847,180.824,295.671
76.1447,122.245,182.258,304.503
76.1647,115.634,181.931,297.565
76.1847,120.103,181.933,302.036
76.2047,120.095,181.13,301.225
76.2247,114.758,178,292.757
76.2447,122.078,182.847,304.925
76.2647,114.755,181.539,296.293
76.2847,119.134,181.129,300.263
76.3047,118.027,184.141,302.168
76.3247,117.877,183.422,301.298
76.3447,124.774,182.539,307.312
76.3647,119.516,179.809,299.325
76.3847,118.122,179.808,297.93
76.4047,116.966,180.625,297.591
76.4247,116.076,182.505,298.581
76.4447,117.21,182.237,299.447
76.4647,117.218,178.914,296.132
76.4847,123.38,180.535,303.915
76.5047,114.257,179.524,293.781
76.5247,120.198,181.967,302.165
76.5447,117.222,180.247,297.469
76.5647,119.826,178.244,298.07
76.5847,118.696,180.471,299.167
76.6047,117.573,180.397,297.97
76.6247,118.224,179.285,297.509
76.6447,111.282,179.87,291.153
76.6647,117.033,179.452,296.486
76.6847,115.993,178.644,294.637
76.7047,118.544,181.384,299.928
76.7247,122.091,181.852,303.943
76.7447,115.898,179.204,295.102
76.7647,120.352,182.543,302.895
76.7847,117.904,179.882,297.786
76.8047,119.52,182.208,301.728
76.8247,119.195,180.884,300.079
76.8447,116.314,178.083,294.397
76.8647,114.754,176.995,291.75
76.8847,117.597,180.754,298.352
76.9047,115.354,179.975,295.329
76.9247,119.245,179.626,298.871
76.9447,119.904,178.804,298.708
76.9647,122.033,181.798,303.83
76.9847,110.85,178.771,289.621
77.0047,122.926,180.509,303.435
77.0247,119.617,180.91,300.527
77.0447,116.492,179.426,295.918
77.0647,114.898,178.508,293.406
77.0847,115.589,180.076,295.665
77.1047,117.127,179.683,296.81
77.1247,116.86,177.888,294.748
77.1447,114.938,178.112,293.05
77.1647,117.043,176.915,293.958
77.1847,119.46,178.466,297.926
77.2047,114.178,179.342,293.519
77.2247,113.583,176.693,290.276
77.2447,115.571,178.934,294.505
77.2647,114.781,176.523,291.304
77.2847,119.599,178.762,298.361
77.3047,114.792,177.277,292.068
77.3247,114.23,179.174,293.404
77.3447,115.744,177.985,293.729
77.3647,120.097,180.906,301.003
77.3847,117.935,179.188,297.123
77.4047,113.999,178.054,292.053
77.4247,112.461,177.216,289.677
77.4447,116.85,178.811,295.661
77.4647,118.539,177.733,296.272
77.4847,114.391,178.523,292.914
77.5047,107.923,178.108,286.031
77.5247,112.688,178.902,291.59
77.5447,119.798,175.989,295.787
77.5647,119.439,179.144,298.583
77.5847,107.999,175.179,283.178
77.6047,116.323,177.38,293.703
77.6247,121.516,178.226,299.741
77.6447,116.538,176.82,293.358
77.6647,113.319,176.614,289.933
77.6847,117.715,176.626,294.341
77.7047,113.787,176.168,289.956
77.7247,115.272,177.364,292.636
77.7447,113.531,177.427,290.958
77.7647,112.691,177.486,290.177
77.7847,119.237,177.227,296.464
77.8047,114.069,176.611,290.68
77.8247,117.199,179.28,296.48
77.8447,118.458,179.017,297.475
77.8647,111.32,175.995,287.315
77.8847,111.392,177.553,288.944
77.9047,108.684,175.24,283.924
77.9247,114.894,174.954,289.848
77.9447,115.649,173.81,289.46
77.9647,115.825,177.125,292.95
77.9847,111.248,177.123,288.37
78.0047,112.254,175.366,287.62
78.0247,114.381,178.841,293.222
78.0447,112.38,175.289,287.67
78.0647,110.217,176.214,286.431
78.0847,110.216,173.852,284.068
78.1047,115.247,176.459,291.706
78.1247,113.836,175.337,289.172
78.1447,109.472,174.948,284.421
78.1647,113.783,176.228,290.012
78.1847,114.615,175.916,290.531
78.2047,114.136,174.786,288.922
78.2247,110.702,176.202,286.903
78.2447,116.375,173.667,290.042
78.2647,117.466,175.93,293.395
78.2847,105.481,175.015,280.497
78.3047,115.043,175.521,290.563
78.3247,116.629,177.412,294.041
78.3447,114.921,175.216,290.137
78.3647,116.552,177.783,294.335
78.3847,110.961,175.913,286.874
78.4047,114.946,176.285,291.231
78.4247,112.025,175.355,287.38
78.4447,107.139,175.54,282.679
78.4647,113.59,173.84,287.43
78.4847,114.629,174.61,289.24
78.5047,109.431,173.664,283.095
78.5247,109.783,174.98,284.762
78.5447,116.438,174.566,291.004
78.5647,112.417,173.568,285.985
78.5847,116.671,176.055,292.726
78.6047,109.794,172.534,282.327
78.6247,109.76,173.187,282.947
78.6447,119.679,175.035,294.714
78.6647,111.747,173.383,285.13
78.6847,118.321,174.771,293.092
78.7047,110.048,171.7,281.748
78.7247,111.14,175.815,286.955
78.7447,112.292,173.013,285.305
78.7647,117.872,176.74,294.613
78.7847,108.194,172.793,280.987
78.8047,114.025,171.775,285.8
78.8247,109.152,174.99,284.141
78.8447,114.557,174.447,289.004
78.8647,108.822,175.002,283.824
78.8847,113.122,175.029,288.151
78.9047,109.181,174.453,283.635
78.9247,116.324,173.258,289.582
78.9447,112.499,173.3,285.799
78.9647,112.335,173.99,286.325
78.9847,107.706,174.514,282.221
79.0047,112.662,173.175,285.837
79.0247,110.23,174.217,284.447
79.0447,115.474,172.657,288.131
79.0647,109.625,172.603,282.228
79.0847,106.681,173.329,280.01
79.1047,112.446,173.398,285.843
79.1247,111.531,173.752,285.283
79.1447,107.7,170.717,278.417
79.1647,117.658,174.553,292.212
79.1847,112.148,174.64,286.788
79.2047,109.142,173.232,282.374
79.2247,110.093,173.922,284.015
79.2447,109.771,172.51,282.281
79.2647,108.764,172.623,281.387
79.2847,115.083,172.299,287.382
79.3047,108.308,172.887,281.196
79.3247,111.063,173.282,284.344
79.3447,110.52,172.222,282.743
79.3647,104.619,170.547,275.166
79.3847,112.515,173.185,285.7
79.4047,104.402,171.365,275.767
79.4247,108.091,175.117,283.209
79.4447,111.637,172.78,284.417
79.4647,114.162,171.184,285.347
79.4847,109.446,173.262,282.708
79.5047,111.221,171.474,282.695
79.5247,112.373,171.933,284.306
79.5447,105.687,171.483,277.17
79.5647,114.408,171.963,286.371
79.5847,111.74,171.012,282.752
79.6047,110.293,170.191,280.483
79.6247,105.214,169.81,275.025
79.6447,108.827,174.407,283.235
79.6647,107.551,170.991,278.542
79.6847,111.578,170.795,282.373
79.7047,109.121,172.357,281.479
79.7247,110.691,173.155,283.846
79.7447,110.105,171.7,281.805
79.7647,104.4,170.773,275.173
79.7847,109.245,170.094,279.339
79.8047,108.061,170.753,278.814
79.8247,110.418,172.441,282.859
79.8447,112.738,172.701,285.439
79.8647,113.9,171.506,285.406
79.8847,107.756,171.126,278.882
79.9047,110.232,172.776,283.008
79.9247,112.334,172.578,284.912
79.9447,102.408,169.757,272.165
79.9647,110.049,172.594,282.643
79.9847,104.46,171.958,276.419
80.0047,105.543,172.126,277.668
80.0247,113.497,171.54,285.037
80.0447,104.58,169.355,273.934
80.0647,110.188,171.393,281.581
80.0847,112.389,170.634,283.023
80.1047,103.231,170.002,273.233
80.1247,108.877,169.454,278.332
80.1447,106.283,169.99,276.273
80.1647,103.888,169.13,273.019
80.1847,108.662,170.468,279.13
80.2047,112.327,170.821,283.148
80.2247,112.281,168.844,281.126
80.2447,108.716,169.591,278.306
80.2647,104.407,168.765,273.172
80.2847,109.4,170.885,280.285
80.3047,106.477,170.621,277.099
80.3247,112.03,172.219,284.249
80.3447,107.526,170.763,278.288
80.3647,108.026,172.14,280.166
80.3847,111.845,171.982,283.826
80.4047,104.806,168.748,273.554
80.4247,107.033,171.877,278.909
80.4447,112.717,170.098,282.815
80.4647,106.766,168.989,275.755
80.4847,108.23,170.269,278.499
80.5047,109.755,169.681,279.435
80.5247,106.632,169.463,276.095
80.5447,103.707,169.258,272.966
80.5647,101.766,170.754,272.52
80.5847,103.509,167.143,270.652
80.6047,107.462,168.701,276.162
80.6247,101.066,168.535,269.602
80.6447,109.709,171.293,281.002
80.6647,109.089,170.357,279.446
80.6847,107.141,169.155,276.295
80.7047,106.902,170.252,277.154
80.7247,102.008,169.499,271.507
80.7447,101.858,164.721,266.579
80.7647,105.922,168.988,274.91
80.7847,109.532,168.864,278.396
80.8047,109.672,171.686,281.357
80.8247,109.109,168.436,277.545
80.8447,104.403,168.477,272.88
80.8647,102.788,169.122,271.91
80.8847,105.155,169.099,274.254
80.9047,108.377,170.188,278.565
80.9247,109.84,170.051,279.891
80.9447,110.168,168.73,278.898
80.9647,103.929,168.176,272.105
80.9847,106.174,168.655,274.828
81.0047,102.17,166.479,268.649
81.0247,104.245,168.094,272.338
81.0447,108.519,170.77,279.289
81.0647,103.767,167.273,271.04
81.0847,109.485,168.385,277.87
81.1047,106.82,167.996,274.816
81.1247,105.479,167.469,272.948
81.1447,104.257,168.165,272.422
81.1647,109.305,166.88,276.185
81.1847,107.708,169.085,276.793
81.2047,107.082,167.369,274.451
81.2247,103.236,167.723,270.959
81.2447,104.537,168.157,272.694
81.2647,102.631,166.828,269.459
81.2847,105.984,166.678,272.662
81.3047,105.725,166.974,272.699
81.3247,108.519,170.049,278.569
81.3447,102.502,165.103,267.606
81.3647,104.377,165.537,269.914
81.3847,102.379,167.305,269.684
81.4047,106.309,167.415,273.724
81.4247,99.5258,167.793,267.319
81.4447,104.088,168.518,272.606
81.4647,102.303,168.275,270.579
81.4847,104.491,166.705,271.196
81.5047,113.949,170.79,284.738
81.5247,101.436,165.17,266.605
81.5447,103.427,166.054,269.481
81.5647,106.309,163.711,270.02
81.5847,108.1,165.514,273.614
81.6047,103.791,164.422,268.213
81.6247,106.333,166.439,272.773
81.6447,103.46,167.769,271.228
81.6647,105.18,168.004,273.184
81.6847,101.836,166.534,268.37
81.7047,105.059,164.587,269.646
81.7247,103.513,163.011,266.523
81.7447,102.067,165.462,267.529
81.7647,104.7,166.826,271.526
81.7847,104.404,165.65,270.054
81.8047,109.256,166.432,275.688
81.8247,105.287,165.634,270.921
81.8447,102.221,164.699,266.92
81.8647,105.687,167.294,272.981
81.8847,99.7484,164.61,264.358
81.9047,104.835,165.892,270.727
81.9247,107.26,167.048,274.308
81.9447,101.45,167.641,269.09
81.9647,103.568,167.242,270.809
81.9847,107.237,165.514,272.751
82.0047,97.8515,165.249,263.101
82.0247,100.636,167.938,268.574
82.0447,101.649,165.945,267.594
82.0647,104.207,165.434,269.641
82.0847,100.011,163.227,263.238
82.1047,103.971,167.241,271.213
82.1247,99.7304,166.284,266.015
82.1447,97.9783,166.444,264.422
82.1647,102.219,164.943,267.162
82.1847,108.491,167.854,276.345
82.2047,99.5648,164.912,264.477
82.2247,104.995,164.581,269.576
82.2447,100.672,165.431,266.103
82.2647,102.027,165.631,267.658
82.2847,102.663,166.107,268.77
82.3047,103.337,165.029,268.366
82.3247,103.867,165.831,269.698
82.3447,101.781,165.868,267.649
82.3647,105.984,167.188,273.172
82.3847,102.526,164.452,266.978
82.4047,102.869,166.352,269.22
82.4247,103.858,164.098,267.956
82.4447,104.02,165.384,269.404
82.4647,103.519,162.927,266.447
82.4847,99.5554,163.092,262.648
82.5047,104.471,163.758,268.229
82.5247,100.6,163.383,263.983
82.5447,101.666,164.523,266.189
82.5647,104.399,164.545,268.944
82.5847,100.789,162.136,262.925
82.6047,102.26,164.453,266.713
82.6247,101.206,162.445,263.651
82.6447,103.824,162.551,266.375
82.6647,100.812,164.267,265.079
82.6847,96.9483,165.63,262.578
82.7047,101.79,164.583,266.373
82.7247,102.546,165.487,268.032
82.7447,103.08,162.188,265.268
82.7647,108.608,165.689,274.297
82.7847,99.4499,164.992,264.442
82.8047,99.4497,162.276,261.726
82.8247,102.058,162.305,264.363
82.8447,100.436,163.007,263.443
82.8647,103.493,164.921,268.414
82.8847,99.4232,162.95,262.373
82.9047,106.094,163.801,269.895
82.9247,100.194,161.928,262.122
82.9447,102.699,161.999,264.698
82.9647,100.584,164.783,265.366
82.9847,100.741,165.698,266.439
83.0047,100.601,163.151,263.752
83.0247,100.973,163.282,264.255
83.0447,99.8503,161.355,261.206
83.0647,101.504,164.779,266.283
83.0847,100.005,162.378,262.383
83.1047,98.1648,162.505,260.67
83.1247,106.406,164.182,270.588
83.1447,104.197,162.75,266.947
83.1647,101.52,163.61,265.13
83.1847,96.9479,162.807,259.755
83.2047,102.778,161.192,263.97
83.2247,100.393,162.771,263.164
83.2447,101.418,162.853,264.271
83.2647,101.131,162.644,263.775
83.2847,98.1111,164.763,262.875
83.3047,99.3435,161.902,261.245
83.3247,100.4,160.985,261.385
83.3447,103.46,161.835,265.295
83.3647,104.958,163.959,268.917
83.3847,100.677,163.024,263.701
83.4047,100.895,163.108,264.003
83.4247,94.8616,162.58,257.442
83.4447,102.07,162.385,264.455
83.4647,101.173,163.297,264.47
83.4847,98.8451,162.407,261.252
83.5047,103.408,163.52,266.928
83.5247,98.3946,163.395,261.789
83.5447,98.4045,162.735,261.14
83.5647,101.93,163.552,265.481
83.5847,93.7208,160.317,254.038
83.6047,98.8887,161.893,260.782
83.6247,90.5748,159.197,249.772
83.6447,106.535,161.651,268.186
83.6647,97.3257,159.943,257.268
83.6847,97.5569,162.096,259.653
83.7047,99.1676,161.607,260.774
83.7247,105.862,162.816,268.678
83.7447,94.1764,159.577,253.754
83.7647,98.8322,160.276,259.108
83.7847,101.499,163.432,264.931
83.8047,103.637,161.219,264.856
83.8247,99.315,161.149,260.464
83.8447,93.8243,157.953,251.778
83.8647,99.5842,162.121,261.705
83.8847,99.5361,161.916,261.452
83.9047,98.7363,161.085,259.821
83.9247,102.266,161.772,264.038
83.9447,100.886,159.95,260.836
83.9647,96.3553,160.704,257.059
83.9847,96.9968,159.944,256.941
84.0047,96.4295,161.563,257.993
84.0247,100.543,161.098,261.642
84.0447,96.0366,159.46,255.497
84.0647,100.742,163.152,263.894
84.0847,97.0467,159.301,256.347
84.1047,96.3983,162.723,259.121
84.1247,100.91,162.213,263.123
84.1447,96.3177,160.431,256.749
84.1647,99.1063,161.387,260.494
84.1847,99.3036,160.315,259.619
84.2047,93.1288,159.213,252.342
84.2247,95.0832,160.907,255.99
84.2447,93.7551,159.347,253.102
84.2647,100.118,161.315,261.432
84.2847,102.495,161.737,264.232
84.3047,99.3596,157.073,256.432
84.3247,95.9982,159.3,255.298
84.3447,95.5245,162.214,257.739
84.3647,96.1115,157.628,253.74
84.3847,97.2157,158.239,255.455
84.4047,100.481,161.304,261.785
84.4247,102.673,158.03,260.703
84.4447,101.116,162.307,263.424
84.4647,95.4053,159.472,254.877
84.4847,95.8299,158.996,254.826
84.5047,94.872,159.429,254.301
84.5247,102.205,160.858,263.063
84.5447,98.5618,159.739,258.3
84.5647,96.6677,158.246,254.914
84.5847,95.8526,158.75,254.603
84.6047,101.042,161.531,262.573
84.6247,95.9023,160.283,256.186
84.6447,97.3211,158.675,255.996
84.6647,101.539,160.22,261.759
84.6847,94.1042,158.053,252.157
84.7047,95.9663,159.207,255.174
84.7247,93.9215,159.164,253.085
84.7447,98.1972,159.65,257.847
84.7647,92.0185,157.666,249.684
84.7847,96.2246,158.273,254.498
84.8047,97.7673,157.381,255.148
84.8247,99.3308,161.63,260.961
84.8447,93.735,157.954,251.689
84.8647,96.9443,158.897,255.842
84.8847,95.8748,159.023,254.898
84.9047,97.947,159.351,257.298
84.9247,96.98,156.961,253.941
84.9447,96.0568,157.095,253.152
84.9647,93.7445,158.958,252.703
84.9847,97.6682,158.075,255.744
85.0047,96.8387,160.04,256.878
85.0247,91.3366,159.147,250.484
85.0447,94.263,157.224,251.487
85.0647,100.64,161.323,261.963
85.0847,97.2303,157.903,255.134
85.1047,97.284,156.835,254.119
85.1247,97.0469,159.062,256.109
85.1447,94.4441,158.545,252.989
85.1647,98.9747,158.498,257.472
85.1847,94.3906,155.953,250.344
85.2047,97.2572,156.816,254.073
85.2247,94.1135,157.79,251.903
85.2447,97.2905,158.277,255.568
85.2647,97.3335,159.986,257.319
85.2847,93.8532,154.532,248.385
85.3047,98.6072,158.125,256.732
85.3247,95.9208,158.427,254.348
85.3447,93.6654,158.273,251.939
85.3647,91.3747,157.846,249.221
85.3847,91.5584,156.887,248.445
85.4047,99.5709,157.045,256.616
85.4247,95.7826,157.773,253.556
85.4447,92.4038,158.488,250.892
85.4647,102.471,158.841,261.313
85.4847,90.4587,156.464,246.923
85.5047,96.243,158.478,254.721
85.5247,91.608,157.534,249.142
85.5447,92.2634,157.057,249.32
85.5647,94.3383,158.896,253.234
85.5847,100.634,158.569,259.203
85.6047,97.6374,158.443,256.08
85.6247,92.8336,156.245,249.079
85.6447,96.1139,156.525,252.639
85.6647,98.6412,157.689,256.33
85.6847,91.3003,153.472,244.772
85.7047,92.4744,157.15,249.624
85.7247,92.7943,157.386,250.18
85.7447,95.9376,155.277,251.215
85.7647,91.7124,152.99,244.703
85.7847,94.9153,157.223,252.138
85.8047,96.5462,157.05,253.596
85.8247,94.6455,155.061,249.707
85.8447,94.0709,155.884,249.954
85.8647,93.3554,157.137,250.492
85.8847,98.8855,157.529,256.414
85.9047,92.5878,155.985,248.572
85.9247,99.4467,156.503,255.949
85.9447,99.3931,158.069,257.462
85.9647,91.0868,154.861,245.948
85.9847,91.8563,155.424,247.281
86.0047,94.8654,156.212,251.077
86.0247,92.9677,155.951,248.918
86.0447,91.3556,155.415,246.771
86.0647,97.6431,156.135,253.778
86.0847,92.7613,155.384,248.145
86.1047,98.5705,156.894,255.464
86.1247,94.9055,155.052,249.958
86.1447,94.0646,155.853,249.918
86.1647,95.3102,158.569,253.88
86.1847,95.9089,155.968,251.877
86.2047,89.8135,154.401,244.214
86.2247,93.9995,154.179,248.178
86.2447,88.7357,154.09,242.826
86.2647,92.2854,155.407,247.693
86.2847,92.2979,155.041,247.339
86.3047,96.3934,154.895,251.289
86.3247,91.7529,155.335,247.088
86.3447,94.0857,156.623,250.709
86.3647,94.7763,156.064,250.84
86.3847,92.4244,157.22,249.644
86.4047,94.5253,155.697,250.222
86.4247,93.9594,154.323,248.283
86.4447,91.2299,153.96,245.19
86.4647,95.6361,154.486,250.122
86.4847,91.0826,154.294,245.377
86.5047,93.9471,154.928,248.875
86.5247,98.7512,153.298,252.049
86.5447,94.5401,156.209,250.749
86.5647,88.9479,155.285,244.233
86.5847,94.1802,152.76,246.94
86.6047,89.8545,153.181,243.035
86.6247,91.4176,151.383,242.801
86.6447,97.0262,154.518,251.544
86.6647,92.8408,155.717,248.558
86.6847,94.5426,155.148,249.691
86.7047,92.004,156.661,248.665
86.7247,90.7365,153.531,244.267
86.7447,94.2575,153.427,247.684
86.7647,95.1477,154.143,249.29
86.7847,92.4373,151.315,243.752
86.8047,93.823,154.705,248.528
86.8247,95.7253,154.504,250.23
86.8447,91.3461,153.787,245.134
86.8647,89.1389,155.476,244.615
86.8847,90.0735,153.11,243.184
86.9047,92.2055,152.882,245.087
86.9247,92.5654,156.26,248.826
86.9447,91.1404,153.07,244.211
86.9647,90.9702,154.023,244.993
86.9847,92.0524,154.954,247.007
87.0047,90.9599,152.567,243.526
87.0247,90.1184,154.344,244.462
87.0447,95.2524,153.905,249.158
87.0647,94.3153,153.933,248.248
87.0847,92.9579,153.456,246.414
87.1047,88.2364,151.991,240.227
87.1247,87.9007,153.483,241.384
87.1447,90.0462,152.943,242.99
87.1647,92.6636,153.655,246.319
87.1847,89.4005,154.165,243.565
87.2047,93.6783,154.637,248.316
87.2247,90.3097,154.455,244.764
87.2447,93.9382,154.729,248.667
87.2647,87.2988,150.291,237.59
87.2847,91.7717,154.294,246.066
87.3047,90.6976,152.616,243.313
87.3247,87.8071,152.111,239.918
87.3447,90.7292,153.845,244.574
87.3647,90.607,152.105,242.712
87.3847,91.266,151.634,242.9
87.4047,88.6161,149.686,238.302
87.4247,90.6697,152.309,242.979
87.4447,96.6337,155.013,251.647
87.4647,86.2537,150.491,236.745
87.4847,90.6199,152.785,243.404
87.5047,92.1739,154.536,246.71
87.5247,90.4807,151.955,242.435
87.5447,92.9676,153.706,246.673
87.5647,87.8607,150.863,238.723
87.5847,89.439,153.971,243.41
87.6047,89.0325,151.063,240.095
87.6247,92.8118,151.811,244.623
87.6447,85.9016,152.263,238.164
87.6647,89.7404,153.599,243.34
87.6847,86.7474,153.58,240.327
87.7047,95.5529,152.692,248.245
87.7247,86.8024,152.664,239.467
87.7447,90.1503,151.674,241.824
87.7647,97.598,154.118,251.716
87.7847,88.6593,153.159,241.819
87.8047,94.7433,152.864,247.608
87.8247,91.2195,149.518,240.738
87.8447,89.1284,149.827,238.956
87.8647,88.8052,152.174,240.979
87.8847,89.9324,150.303,240.235
87.9047,91.0719,153.437,244.509
87.9247,87.843,150.98,238.823
87.9447,89.4599,152.858,242.317
87.9647,88.4701,151.963,240.433
87.9847,83.4823,150.895,234.377
88.0047,92.723,153.161,245.884
88.0247,93.6121,151.49,245.102
88.0447,86.0116,150.131,236.143
88.0647,92.1208,151.011,243.131
88.0847,90.8273,149.287,240.114
88.1047,91.6325,151.845,243.477
88.1247,86.0149,149.787,235.802
88.1447,90.9592,150.906,241.865
88.1647,87.5538,149.934,237.488
88.1847,88.1933,149.765,237.958
88.2047,92.4342,153.008,245.442
88.2247,91.5317,151.899,243.43
88.2447,92.1652,152.304,244.469
88.2647,87.9079,150.804,238.712
88.2847,91.4947,151.836,243.331
88.3047,90.3042,150.522,240.826
88.3247,87.8479,149.543,237.391
88.3447,85.6891,151.089,236.779
88.3647,90.763,150.908,241.671
88.3847,83.3893,150.101,233.49
88.4047,89.2589,151.098,240.357
88.4247,88.5745,152.763,241.337
88.4447,96.3713,151.968,248.339
88.4647,88.2464,149.881,238.127
88.4847,87.0508,147.801,234.852
88.5047,87.4514,150.049,237.5
88.5247,88.0984,150.41,238.508
88.5447,89.5464,151.874,241.421
88.5647,92.62,149.414,242.034
88.5847,86.0133,148.367,234.38
88.6047,90.0047,149.905,239.909
88.6247,85.5344,147.499,233.033
88.6447,93.8944,149.211,243.105
88.6647,88.908,150.583,239.491
88.6847,85.6265,148.552,234.179
88.7047,90.9615,149.798,240.759
88.7247,85.2138,147.325,232.539
88.7447,85.4273,148.667,234.094
88.7647,87.2486,149.279,236.527
88.7847,88.876,151.365,240.241
88.8047,87.4575,149.655,237.112
88.8247,88.6684,149.675,238.343
88.8447,90.1031,149.518,239.621
88.8647,91.2713,151.147,242.418
88.8847,86.6174,149.592,236.21
88.9047,88.8631,149.802,238.665
88.9247,87.5362,150.955,238.492
88.9447,88.3765,149.098,237.474
88.9647,87.1214,150.493,237.615
88.9847,86.4396,147.711,234.151
89.0047,82.6001,147.543,230.143
89.0247,88.7371,149.615,238.352
89.0447,89.1549,149.194,238.349
89.0647,89.2203,149.235,238.456
89.0847,87.9929,148.596,236.589
89.1047,87.4241,149.105,236.529
89.1247,89.5716,147.687,237.259
89.1447,86.3387,147.76,234.099
89.1647,86.6665,149.809,236.475
89.1847,86.8066,148.451,235.258
89.2047,89.4558,149.268,238.724
89.2247,90.8079,149.941,240.749
89.2447,83.5272,148.203,231.73
89.2647,86.7079,149.515,236.223
89.2847,85.3629,147.941,233.304
89.3047,88.4111,150.111,238.522
89.3247,85.911,149.145,235.056
89.3447,84.8446,148.333,233.178
89.3647,89.4611,148.978,238.439
89.3847,86.3702,149.151,235.522
89.4047,87.3052,150.766,238.071
89.4247,87.9013,148.046,235.948
89.4447,86.723,147.431,234.154
89.4647,88.6874,149.255,237.942
89.4847,86.7117,148.19,234.902
89.5047,88.3095,145.951,234.261
89.5247,87.4425,146.016,233.458
89.5447,83.3999,147.023,230.423
89.5647,87.5243,149.481,237.006
89.5847,83.3137,147.17,230.483
89.6047,86.7445,145.61,232.354
89.6247,84.9634,145.896,230.86
89.6447,90.5184,149.193,239.711
89.6647,81.266,145.639,226.905
89.6847,88.19,147.694,235.884
89.7047,84.175,146.544,230.719
89.7247,89.7824,147.532,237.314
89.7447,84.2241,147.301,231.526
89.7647,85.4501,148.064,233.514
89.7847,92.4928,147.838,240.331
89.8047,90.2027,149.6,239.802
89.8247,85.9542,145.249,231.203
89.8447,86.6028,146.938,233.541
89.8647,85.2481,146.194,231.442
89.8847,91.1867,148.358,239.545
89.9047,80.5346,143.735,224.269
89.9247,83.8981,146.503,230.401
89.9447,87.9326,147.319,235.252
89.9647,82.0175,146.139,228.157
89.9847,85.5975,148.287,233.885
90.0047,86.4427,145.049,231.492
90.0247,83.6275,144.342,227.969
90.0447,86.9776,146.759,233.736
90.0647,86.6207,147.14,233.761
90.0847,82.4519,146.108,228.559
90.1047,86.3555,148.997,235.352
90.1247,82.3624,146.196,228.558
90.1447,85.5164,145.902,231.419
90.1647,87.7286,148.933,236.661
90.1847,88.3151,146.126,234.441
90.2047,83.3909,144.801,228.192
90.2247,85.5337,144.989,230.523
90.2447,84.1602,147.736,231.896
90.2647,82.7937,146.303,229.097
90.2847,79.7809,146.371,226.152
90.3047,91.7357,147.828,239.564
90.3247,85.6155,147.327,232.943
90.3447,82.5627,146.085,228.648
90.3647,84.3699,144.509,228.879
90.3847,85.3802,146.376,231.756
90.4047,86.3819,148.509,234.891
90.4247,85.3256,145.65,230.975
90.4447,83.5652,147.228,230.793
90.4647,82.4334,147.071,229.505
90.4847,83.994,145.164,229.158
90.5047,86.05,148.365,234.415
90.5247,84.6043,148.228,232.832
90.5447,84.2561,146.053,230.309
90.5647,80.8672,144.361,225.228
90.5847,78.7799,143.353,222.133
90.6047,89.8277,147.308,237.136
90.6247,80.6779,145.046,225.724
90.6447,83.3208,146.786,230.107
90.6647,85.0561,146.851,231.907
90.6847,84.366,143.966,228.332
90.7047,82.233,143.569,225.802
90.7247,83.4361,143.838,227.275
90.7447,86.1593,144.12,230.28
90.7647,82.9652,144.701,227.666
90.7847,84.7531,146.728,231.481
90.8047,85.5934,146.905,232.499
90.8247,81.0875,144.104,225.191
90.8447,84.2299,144.922,229.152
90.8647,80.4355,144.253,224.689
90.8847,86.7225,145.48,232.203
90.9047,87.2753,146.434,233.709
90.9247,82.4208,145.358,227.779
90.9447,84.9484,143.791,228.739
90.9647,81.135,145.354,226.489
90.9847,82.304,145.211,227.515
91.0047,85.0181,142.517,227.535
91.0247,81.3038,144.205,225.509
91.0447,85.8146,144.207,230.022
91.0647,83.5198,144.897,228.417
91.0847,81.2289,143.928,225.157
91.1047,81.0972,143.411,224.509
91.1247,83.8791,144.553,228.433
91.1447,80.6249,142.948,223.572
91.1647,86.5876,143.872,230.46
91.1847,81.5922,142.627,224.219
91.2047,83.6297,144.478,228.107
91.2247,83.4595,145.2,228.66
91.2447,82.4367,144.891,227.328
91.2647,87.9683,145.173,233.141
91.2847,84.7561,144.64,229.396
91.3047,82.078,145.393,227.471
91.3247,83.8977,145.324,229.221
91.3447,83.2573,144.338,227.595
91.3647,80.1593,143.274,223.433
91.3847,84.8865,144.489,229.375
91.4047,88.28,143.438,231.718
91.4247,78.8379,142.387,221.224
91.4447,82.2399,143.11,225.35
91.4647,82.7504,143.421,226.172
91.4847,82.2494,144.864,227.114
91.5047,87.0177,143.23,230.248
91.5247,81.0565,144.655,225.712
91.5447,81.3831,143.389,224.772
91.5647,81.6027,142.665,224.268
91.5847,81.5658,141.087,222.653
91.6047,79.4094,143.652,223.061
91.6247,80.2789,143.381,223.66
91.6447,84.0866,145.527,229.614
91.6647,79.9321,142.809,222.741
91.6847,79.9158,142.754,222.67
91.7047,78.1292,144.236,222.365
91.7247,84.6582,143.418,228.076
91.7447,83.0637,142.824,225.888
91.7647,85.1608,142.061,227.222
91.7847,82.2235,143.877,226.101
91.8047,82.3375,142.141,224.479
91.8247,84.323,143.932,228.255
91.8447,79.6168,141.624,221.24
91.8647,82.5264,142.027,224.553
91.8847,79.9311,142.526,222.458
91.9047,84.1243,145.418,229.542
91.9247,78.1439,140.301,218.445
91.9447,78.8603,142.56,221.42
91.9647,79.7262,142.991,222.717
91.9847,84.1002,141.019,225.119
92.0047,81.9191,141.909,223.828
92.0247,84.8015,144.08,228.882
92.0447,75.2072,141.775,216.982
92.0647,81.9894,141.782,223.771
92.0847,82.1303,143.001,225.131
92.1047,82.1562,141.924,224.08
92.1247,81.4895,142.979,224.468
92.1447,81.7814,142.759,224.54
92.1647,79.1624,141.212,220.375
92.1847,82.76,143.891,226.651
92.2047,77.4247,140.868,218.293
92.2247,82.6242,141.087,223.711
92.2447,80.5231,140.935,221.458
92.2647,83.7161,144.771,228.487
92.2847,84.24,144.683,228.923
92.3047,81.4927,141.016,222.508
92.3247,77.9875,140.949,218.936
92.3447,79.9001,141.731,221.631
92.3647,84.2374,142.312,226.55
92.3847,80.5603,140.285,220.846
92.4047,79.2413,141.465,220.707
92.4247,85.2418,142.262,227.504
92.4447,81.5136,141.972,223.486
92.4647,81.374,143.127,224.501
92.4847,83.7853,140.082,223.867
92.5047,81.0828,144.072,225.155
92.5247,77.6847,138.188,215.872
92.5447,85.6911,142.913,228.604
92.5647,75.9962,139.614,215.61
92.5847,79.2991,140.809,220.109
92.6047,83.9393,140.541,224.48
92.6247,82.2644,142.175,224.439
92.6447,86.2171,140.292,226.509
92.6647,80.1664,139.983,220.149
92.6847,81.0014,141.613,222.614
92.7047,84.2345,141.356,225.591
92.7247,78.633,140.294,218.927
92.7447,81.2102,141.607,222.817
92.7647,83.2359,140.46,223.695
92.7847,78.7736,140.228,219.002
92.8047,79.5804,139.072,218.653
92.8247,73.5065,137.637,211.143
92.8447,78.9793,140.355,219.334
92.8647,82.6912,139.839,222.531
92.8847,79.387,141.907,221.294
92.9047,82.9406,141.083,224.023
92.9247,75.7751,139.099,214.874
92.9447,81.2257,142.49,223.716
92.9647,80.3137,140.465,220.779
92.9847,82.0285,142.523,224.551
93.0047,76.9661,140.526,217.492
93.0247,75.293,140.656,215.949
93.0447,76.0801,139.201,215.281
93.0647,82.1503,140.649,222.799
93.0847,80.0102,139.283,219.293
93.1047,81.0924,142.281,223.374
93.1247,79.8959,138.986,218.882
93.1447,79.8936,140.2,220.094
93.1647,77.2242,137.954,215.178
93.1847,75.69,138.89,214.58
93.2047,82.9409,141.683,224.623
93.2247,82.2608,139.63,221.891
93.2447,77.6375,139.331,216.968
93.2647,79.59,139.81,219.4
93.2847,79.7929,139.24,219.033
93.3047,75.6757,137.792,213.467
93.3247,73.5621,137.85,211.412
93.3447,84.353,139.588,223.941
93.3647,78.3857,137.741,216.127
93.3847,77.964,141.386,219.35
93.4047,80.1658,139.326,219.492
93.4247,79.6977,139.259,218.957
93.4447,79.3923,139.508,218.9
93.4647,75.5248,138.365,213.89
93.4847,77.8501,138.628,216.479
93.5047,77.9,139.999,217.899
93.5247,77.7866,138.688,216.475
93.5447,80.5244,137.512,218.037
93.5647,80.4501,138.703,219.154
93.5847,80.3585,139.382,219.741
93.6047,76.5248,137.26,213.785
93.6247,79.254,137.562,216.816
93.6447,79.2262,140.67,219.896
93.6647,74.9406,137.449,212.389
93.6847,82.2014,140.035,222.236
93.7047,80.5599,138.491,219.051
93.7247,78.0453,137.111,215.157
93.7447,77.8612,137.568,215.43
93.7647,80.4771,138.962,219.439
93.7847,79.0483,137.281,216.33
93.8047,78.566,138.208,216.774
93.8247,75.4931,138.985,214.478
93.8447,79.1808,137.89,217.071
93.8647,80.6107,138.152,218.762
93.8847,78.431,137.481,215.912
93.9047,80.1645,138.045,218.209
93.9247,76.5885,136.964,213.553
93.9447,78.6728,139.707,218.38
93.9647,76.8725,138.018,214.891
93.9847,81.2483,138.124,219.372
94.0047,73.8311,137.127,210.958
94.0247,77.4545,137.066,214.52
94.0447,79.7682,137.807,217.575
94.0647,74.1414,137.206,211.348
94.0847,81.6201,137.804,219.424
94.1047,78.0786,137.542,215.621
94.1247,75.048,137.114,212.162
94.1447,72.3806,135.748,208.129
94.1647,77.0958,139.243,216.339
94.1847,81.3279,137.711,219.039
94.2047,76.8387,137.247,214.086
94.2247,80.9215,138.937,219.859
94.2447,80.0808,140.173,220.254
94.2647,74.0318,136.545,210.577
94.2847,75.4041,136.602,212.006
94.3047,78.2745,138.036,216.311
94.3247,73.602,136.259,209.861
94.3447,76.5555,134.873,211.428
94.3647,79.687,138.186,217.873
94.3847,73.9089,136.215,210.124
94.4047,75.5611,137.341,212.902
94.4247,75.7173,138.603,214.321
94.4447,73.1081,137.304,210.412
94.4647,77.063,137.924,214.987
94.4847,79.0495,136.991,216.041
94.5047,77.0093,137.676,214.685
94.5247,75.5784,135.697,211.275
94.5447,81.5995,138.446,220.045
94.5647,79.8491,137.263,217.113
94.5847,77.4717,135.381,212.853
94.6047,76.5983,135.937,212.535
94.6247,74.7965,135.633,210.43
94.6447,79.6302,135.439,215.069
94.6647,76.6911,135.285,211.976
94.6847,77.1104,135.234,212.344
94.7047,77.6476,138.49,216.138
94.7247,71.0573,135.74,206.798
94.7447,78.5401,136.062,214.602
94.7647,77.5167,135.505,213.022
94.7847,74.2563,135.705,209.961
94.8047,76.8728,137.583,214.455
94.8247,78.2173,136.608,214.826
94.8447,78.2659,137.332,215.598
94.8647,73.5194,135.822,209.341
94.8847,77.9299,134.14,212.07
94.9047,78.7997,135.606,214.406
94.9247,75.787,135.281,211.068
94.9447,74.399,135.087,209.486
94.9647,75.3615,136.843,212.205
94.9847,73.4566,136.092,209.548
95.0047,78.1712,135.805,213.976
95.0247,78.6123,137,215.613
95.0447,69.8773,135.278,205.156
95.0647,75.5212,134.944,210.465
95.0847,75.457,135.911,211.368
95.1047,71.9151,132.686,204.602
95.1247,77.2477,136.125,213.373
95.1447,75.7761,135.799,211.575
95.1647,78.2999,134.454,212.754
95.1847,76.914,135.508,212.422
95.2047,76.5246,135.064,211.589
95.2247,76.2292,135.613,211.843
95.2447,75.9046,135.018,210.922
95.2647,78.9794,133.936,212.916
95.2847,73.821,135.52,209.341
95.3047,74.9712,135.331,210.303
95.3247,79.2164,135.834,215.051
95.3447,75.7898,137.533,213.323
95.3647,73.4932,135.546,209.039
95.3847,72.7136,134.092,206.805
95.4047,77.1618,137,214.161
95.4247,74.5609,134.894,209.455
95.4447,72.1678,133.233,205.401
95.4647,75.5173,134.125,209.642
95.4847,74.9579,135.03,209.988
95.5047,72.1136,134.071,206.185
95.5247,78.0163,135.086,213.102
95.5447,75.2706,135.721,210.991
95.5647,75.2996,134.48,209.78
95.5847,74.8263,134.034,208.86
95.6047,74.2446,134.542,208.787
95.6247,72.5148,132.301,204.815
95.6447,70.687,133.588,204.275
95.6647,76.5027,135.649,212.151
95.6847,77.1155,133.711,210.826
95.7047,74.1182,135.022,209.14
95.7247,77.7641,135.431,213.196
95.7447,77.6729,135.45,213.123
95.7647,77.1109,133.84,210.951
95.7847,79.6888,136.561,216.25
95.8047,77.4713,135.712,213.183
95.8247,70.0914,133.161,203.253
95.8447,66.7672,131.381,198.148
95.8647,74.03,134.833,208.863
95.8847,74.081,132.29,206.371
95.9047,76.8548,134.128,210.983
95.9247,75.4358,133.4,208.836
95.9447,73.1456,133.509,206.655
95.9647,80.2833,134.796,215.08
95.9847,73.4731,133.82,207.293
96.0047,70.4706,131.39,201.861
96.0247,77.9134,135.89,213.803
96.0447,71.3085,132.622,203.931
96.0647,75.086,132.988,208.074
96.0847,76.0275,135.011,211.039
96.1047,72.3177,131.65,203.967
96.1247,75.7166,133.418,209.135
96.1447,71.2176,131.197,202.415
96.1647,77.5271,135.686,213.213
96.1847,75.9412,132.939,208.88
96.2047,77.0325,130.709,207.742
96.2247,71.5346,131.435,202.969
96.2447,73.4042,132.731,206.136
96.2647,73.7741,132.653,206.427
96.2847,73.9152,132.09,206.005
96.3047,73.6207,132.288,205.909
96.3247,72.364,130.627,202.991
96.3447,74.0567,132.371,206.428
96.3647,71.2707,132.368,203.639
96.3847,76.544,133.304,209.848
96.4047,75.6999,133.065,208.765
96.4247,72.2824,133.652,205.934
96.4447,75.4472,131.941,207.388
96.4647,69.3126,132.299,201.612
96.4847,78.7486,133.921,212.67
96.5047,71.7014,130.76,202.461
96.5247,70.3035,131.711,202.014
96.5447,71.9402,134.524,206.464
96.5647,74.1859,131.218,205.404
96.5847,74.7196,132.01,206.73
96.6047,74.1619,132.092,206.254
96.6247,74.5309,133.102,207.633
96.6447,69.0876,132.695,201.782
96.6647,71.121,132.904,204.025
96.6847,75.3988,132.345,207.744
96.7047,73.9564,132.33,206.287
96.7247,73.1532,132.15,205.303
96.7447,76.01,132.835,208.845
96.7647,74.8641,130.167,205.031
96.7847,75.0981,133.336,208.434
96.8047,71.2981,129.642,200.94
96.8247,70.9714,133.64,204.611
96.8447,74.4487,132.999,207.448
96.8647,69.3535,131.491,200.844
96.8847,73.3509,131.163,204.514
96.9047,76.3519,131.993,208.345
96.9247,72.6551,132.303,204.958
96.9447,76.0678,130.615,206.683
96.9647,73.0211,132.467,205.488
96.9847,68.8862,130.379,199.265
97.0047,75.6679,131.052,206.72
97.0247,71.5582,131.203,202.761
97.0447,74.2552,131.429,205.684
97.0647,76.6532,133.441,210.094
97.0847,71.8748,132.463,204.338
97.1047,73.4187,130.364,203.782
97.1247,71.4856,132.204,203.689
97.1447,67.9164,130.547,198.463
97.1647,70.6831,131.868,202.551
97.1847,75.6271,130.413,206.04
97.2047,75.7909,132.581,208.372
97.2247,73.3353,130.317,203.653
97.2447,72.7707,131.708,204.479
97.2647,72.7467,132.272,205.019
97.2847,72.2831,130.834,203.117
97.3047,72.6985,131.889,204.588
97.3247,70.1593,130.5,200.659
97.3447,72.5151,131.179,203.694
97.3647,73.3203,130.933,204.253
97.3847,70.6579,129.75,200.408
97.4047,74.2111,131.654,205.865
97.4247,67.8383,130.064,197.902
97.4447,70.9392,131.546,202.485
97.4647,67.7396,129.687,197.427
97.4847,73.955,131.117,205.072
97.5047,72.6846,130.5,203.184
97.5247,70.4694,130.523,200.992
97.5447,68.6658,130.617,199.283
97.5647,72.4929,129.438,201.931
97.5847,69.9853,131.136,201.122
97.6047,66.7127,130.761,197.473
97.6247,74.9924,132.694,207.687
97.6447,75.1855,130.406,205.591
97.6647,70.0001,128.856,198.856
97.6847,73.2283,129.707,202.936
97.7047,70.0453,130.868,200.913
97.7247,75.1121,130.393,205.505
97.7447,69.3258,128.642,197.968
97.7647,71.2327,128.199,199.431
97.7847,71.4464,129.429,200.876
97.8047,70.8309,129.598,200.429
97.8247,72.4441,129.154,201.598
97.8447,74.7786,130.09,204.868
97.8647,71.1736,129.366,200.54
97.8847,71.2823,129.204,200.486
97.9047,73.1598,131.54,204.7
97.9247,67.3408,128.497,195.838
97.9447,70.9983,128.618,199.617
97.9647,74.4737,130.753,205.226
97.9847,75.9262,130.16,206.086
98.0047,72.3756,127.334,199.71
98.0247,72.6893,129.794,202.483
98.0447,73.5369,130.164,203.701
98.0647,71.2751,129.144,200.419
98.0847,69.8486,129.989,199.838
98.1047,68.0973,128.567,196.664
98.1247,69.9003,129.259,199.159
98.1447,70.2678,127.419,197.687
98.1647,68.3192,129.784,198.103
98.1847,71.9625,129.138,201.1
98.2047,74.808,131.097,205.905
98.2247,68.1941,128.145,196.339
98.2447,72.5769,131.696,204.273
98.2647,72.0879,128.229,200.317
98.2847,73.8028,129.577,203.38
98.3047,69.9689,128.25,198.219
98.3247,66.5076,126.053,192.56
98.3447,66.8208,128.099,194.919
98.3647,67.8787,128.588,196.467
98.3847,74.2395,129.959,204.199
98.4047,71.423,129.414,200.837
98.4247,70.8303,128.459,199.289
98.4447,66.4416,127.161,193.603
98.4647,69.2268,128.739,197.966
98.4847,70.1414,127.182,197.323
98.5047,70.8585,128.477,199.336
98.5247,70.6777,129.255,199.932
98.5447,67.0196,127.948,194.968
98.5647,67.7002,125.635,193.335
98.5847,72.2016,130.06,202.262
98.6047,69.4042,129.6,199.004
98.6247,67.3125,127.804,195.116
98.6447,70.2783,129.102,199.38
98.6647,69.9525,129.395,199.348
98.6847,69.8558,128.489,198.345
98.7047,72.1027,128.062,200.165
98.7247,67.348,126.823,194.171
98.7447,70.2659,128.196,198.462
98.7647,69.0445,129.007,198.052
98.7847,70.1877,128.635,198.823
98.8047,68.8011,127.853,196.654
98.8247,75.5587,129.295,204.854
98.8447,65.5277,126.985,192.513
98.8647,69.6268,129.182,198.809
98.8847,70.0771,127.863,197.94
98.9047,69.8011,128.156,197.958
98.9247,67.303,126.182,193.485
98.9447,73.601,127.841,201.442
98.9647,67.4517,128.056,195.508
98.9847,69.8484,128.948,198.797
99.0047,72.3978,127.984,200.382
99.0247,70.1963,128.43,198.627
99.0447,70.8345,129.858,200.693
99.0647,72.3334,127.847,200.18
99.0847,71.1381,128.713,199.851
99.1047,68.1333,127.751,195.885
99.1247,70.1625,127.22,197.383
99.1447,68.23,127.867,196.097
99.1647,64.8537,125.066,189.92
99.1847,67.9436,127.782,195.725
99.2047,68.783,125.883,194.666
99.2247,71.3014,128.55,199.851
99.2447,72.3911,129.82,202.211
99.2647,67.0221,128.729,195.751
99.2847,66.3593,126.723,193.083
99.3047,68.9301,126.676,195.606
99.3247,67.3445,126.059,193.403
99.3447,68.3639,125.866,194.23
99.3647,70.6983,127.643,198.341
99.3847,68.6129,128.782,197.395
99.4047,69.1035,127.672,196.776
99.4247,69.2317,127.1,196.332
99.4447,68.2509,126.74,194.991
99.4647,69.2982,127.4,196.698
99.4847,65.3943,126.705,192.099
99.5047,66.5257,125.428,191.953
99.5247,66.3388,124.915,191.254
99.5447,66.5292,126.995,193.524
99.5647,67.5329,126.82,194.353
99.5847,66.8919,126.916,193.808
99.6047,72.9188,128.02,200.938
99.6247,71.1488,127.265,198.414
99.6447,71.9199,126.532,198.452
99.6647,68.3965,129.457,197.854
99.6847,66.855,127.825,194.68
99.7047,67.5641,127.288,194.852
99.7247,67.8841,124.352,192.236
99.7447,68.2462,127.326,195.573
99.7647,66.0985,125.769,191.867
99.7847,66.1201,125.659,191.779
99.8047,68.0122,126.87,194.883
99.8247,69.0635,126.049,195.113
99.8447,66.8315,125.984,192.815
99.8647,67.2234,123.875,191.098
99.8847,69.2699,127.371,196.641
99.9047,68.0685,126.464,194.532
99.9247,68.4043,126.279,194.683
99.9447,67.2336,127.934,195.168
99.9647,69.4296,125.499,194.929
99.9847,68.5798,125.902,194.481
100.005,67.6985,126.036,193.735
100.025,66.6584,126.329,192.988
100.045,66.7693,126.033,192.803
100.065,67.3646,125.656,193.021
100.085,67.2063,126.023,193.229
100.105,69.0563,124.821,193.877
100.125,68.3803,124.844,193.224
100.145,68.8812,123.909,192.79
100.165,65.8121,124.226,190.038
100.185,66.0978,125.362,191.46
100.205,68.5206,126.52,195.041
100.225,65.0385,125.233,190.272
100.245,67.1867,124.459,191.645
100.265,68.1868,125.817,194.004
100.285,67.6288,126.415,194.044
100.305,68.2128,126.2,194.413
100.325,68.7228,124.458,193.181
100.345,67.169,123.55,190.719
100.365,67.8273,125.377,193.204
100.385,66.7099,125.333,192.043
100.405,68.2618,125.224,193.486
100.425,64.1705,122.737,186.907
100.445,66.0917,125.065,191.156
100.465,65.9602,124.432,190.392
100.485,66.8843,122.657,189.541
100.505,70.4797,123.983,194.463
100.525,65.5068,125.295,190.802
100.545,67.2596,125.54,192.8
100.565,66.4135,124.606,191.019
100.585,67.5661,123.873,191.439
100.605,69.4147,126.228,195.643
100.625,68.4333,123.313,191.746
100.645,64.6027,123.517,188.12
100.665,68.0893,125.663,193.752
100.685,63.3131,124.447,187.76
100.705,67.265,124.555,191.82
100.725,72.5056,126.135,198.64
100.745,65.463,122.788,188.251
100.765,66.6793,123.213,189.892
100.785,63.3388,122.651,185.99
100.805,69.5705,125.858,195.429
100.825,67.9951,124.17,192.165
100.845,65.3571,122.488,187.845
100.865,63.3051,125.444,188.749
100.885,67.5508,123.175,190.726
100.905,66.772,123.332,190.104
100.925,70.7672,124.816,195.583
100.945,68.2279,124.453,192.681
100.965,66.6098,123.609,190.219
100.985,68.0199,124.264,192.284
101.005,67.0775,125.059,192.137
101.025,64.5461,123.64,188.186
101.045,66.4177,124.61,191.028
101.065,66.6411,124.728,191.369
101.085,62.7163,124.816,187.532
101.105,62.2678,123.77,186.037
101.125,65.3509,124.827,190.178
101.145,65.6571,124.069,189.726
101.165,64.4496,122.769,187.219
101.185,67.5593,124.328,191.887
101.205,62.9719,122.466,185.438
101.225,66.5393,122.745,189.284
101.245,66.6832,123.961,190.644
101.265,67.5229,123.988,191.511
101.285,64.3485,124.834,189.182
101.305,65.3487,122.28,187.629
101.325,64.1522,121.45,185.602
101.345,68.0887,124.137,192.226
101.365,68.4734,123.524,191.998
101.385,70.1654,124.069,194.235
101.405,67.0647,123.102,190.167
101.425,67.7083,123.974,191.682
101.445,64.392,122.194,186.585
101.465,65.5838,121.924,187.508
101.485,64.9304,122.929,187.859
101.505,64.7138,123.489,188.203
101.525,66.1174,123.432,189.55
101.545,64.9002,122.228,187.128
101.565,66.5621,121.674,188.236
101.585,65.8929,122.864,188.756
101.605,66.9531,122.145,189.098
101.625,61.4151,122.108,183.523
101.645,65.7197,122.738,188.458
101.665,63.6841,123.125,186.809
101.685,67.436,122.951,190.387
101.705,63.3081,122.514,185.822
101.725,64.7396,121.954,186.694
101.745,64.5948,122.337,186.932
101.765,63.7335,121.343,185.076
101.785,64.5961,122.234,186.83
101.805,66.2103,122.41,188.621
101.825,68.0947,123.306,191.401
101.845,67.2516,122.726,189.977
101.865,63.3739,122.697,186.071
101.885,64.0735,123.243,187.316
101.905,65.791,122.61,188.401
101.925,67.5888,122.231,189.82
101.945,61.1746,121.228,182.402
101.965,68.7112,122.441,191.152
101.985,63.6058,121.441,185.047
102.005,63.8884,121.946,185.834
102.025,66.5742,121.473,188.047
102.045,62.492,121.054,183.546
102.065,65.3094,122.074,187.383
102.085,64.9218,121.745,186.667
102.105,65.815,120.859,186.674
102.125,66.2746,120.821,187.096
102.145,67.6836,121.17,188.854
102.165,64.7052,120.019,184.724
102.185,61.6707,120.675,182.346
102.205,63.4949,121.402,184.897
102.225,61.3827,120.063,181.446
102.245,63.5212,121.818,185.339
102.265,62.7679,121.238,184.006
102.285,65.9327,121.319,187.251
102.305,67.7651,122.26,190.025
102.325,59.304,121.938,181.242
102.345,65.6943,122.128,187.822
102.365,62.6828,120.875,183.558
102.385,63.0265,121.851,184.877
102.405,63.4517,121.88,185.331
102.425,63.3733,121.133,184.506
102.445,63.5541,120.352,183.907
102.465,63.5164,121.138,184.655
102.485,64.8009,120.267,185.068
102.505,63.1102,119.409,182.519
102.525,66.1761,122.053,188.229
102.545,62.2693,121.479,183.749
102.565,59.2346,121.261,180.496
102.585,65.246,120.898,186.144
102.605,64.1669,120.424,184.59
102.625,64.4748,121.027,185.501
102.645,64.0873,120.626,184.713
102.665,65.0196,120.468,185.488
102.685,65.7775,121.707,187.484
102.705,62.7019,119.983,182.684
102.725,61.3886,120.789,182.178
102.745,58.0453,119.746,177.792
102.765,65.2335,121.547,186.78
102.785,62.404,119.903,182.307
102.805,63.1829,121.077,184.26
102.825,65.389,119.865,185.254
102.845,64.9291,120.779,185.708
102.865,67.0565,120.959,188.015
102.885,63.8283,120.116,183.944
102.905,62.562,120.158,182.72
102.925,61.0721,119.519,180.591
102.945,63.1897,120.484,183.674
102.965,61.5273,119.686,181.213
102.985,62.096,118.967,181.063
103.005,62.0948,121.167,183.262
103.025,65.3443,121.43,186.774
103.045,63.4834,119.125,182.608
103.065,65.2465,120.428,185.674
103.085,65.2745,120.248,185.523
103.105,62.9559,119.506,182.462
103.125,58.8982,117.532,176.43
103.145,62.6027,118.404,181.007
103.165,64.6958,119.96,184.656
103.185,64.6356,118.637,183.272
103.205,62.4454,119.327,181.772
103.225,58.9373,118.53,177.467
103.245,67.2015,119.266,186.467
103.265,60.9392,118.628,179.567
103.285,62.6679,120.425,183.093
103.305,67.3087,119.98,187.289
103.325,59.8326,117.454,177.286
103.345,60.8961,116.463,177.359
103.365,62.4014,120.075,182.476
103.385,63.2689,119.487,182.756
103.405,60.4057,119.08,179.485
103.425,63.2288,118.861,182.09
103.445,64.311,120.614,184.925
103.465,63.2509,119.593,182.844
103.485,59.4631,116.562,176.025
103.505,58.8465,117.837,176.683
103.525,64.871,122.235,187.106
103.545,60.4392,119.238,179.677
103.565,62.1909,117.51,179.701
103.585,62.4967,118.741,181.238
103.605,62.3677,117.817,180.185
103.625,62.8425,120.641,183.483
103.645,61.6796,118.821,180.501
103.665,61.5167,118.155,179.671
103.685,60.5986,117.387,177.986
103.705,66.0369,117.512,183.549
103.725,61.0982,117.739,178.837
103.745,63.08,119.22,182.3
103.765,62.6443,118.731,181.375
103.785,61.9786,119.052,181.03
103.805,62.7158,119.267,181.983
103.825,64.1539,118.292,182.446
103.845,60.5787,118.319,178.898
103.865,59.3465,118.521,177.868
103.885,61.3836,118.273,179.657
103.905,62.7558,119.049,181.805
103.925,59.8755,117.384,177.26
103.945,60.8429,117.481,178.324
103.965,59.3927,118.905,178.298
103.985,62.7952,119.392,182.187
104.005,62.9957,118.497,181.493
104.025,62.4797,119.918,182.398
104.045,61.8571,118.318,180.175
104.065,63.2313,117.834,181.065
104.085,62.7671,117.169,179.936
104.105,57.183,119.241,176.424
104.125,64.6578,116.915,181.573
104.145,59.8937,117.029,176.923
104.165,62.1704,119.116,181.287
104.185,61.9147,120.114,182.028
104.205,62.1581,116.814,178.972
104.225,59.3424,118.363,177.705
104.245,62.0307,117.984,180.015
104.265,64.0846,118.668,182.753
104.285,60.2196,116.799,177.019
104.305,57.7717,115.758,173.53
104.325,62.2354,117.345,179.58
104.345,58.2183,116.212,174.431
104.365,60.1884,117.764,177.953
104.385,57.8588,116.253,174.112
104.405,65.4763,117.692,183.168
104.425,62.7058,117.224,179.93
104.445,61.3722,117.452,178.824
104.465,60.585,118.175,178.76
104.485,59.9273,116.541,176.469
104.505,61.4164,117.238,178.654
104.525,60.6932,117.482,178.176
104.545,60.3498,116.55,176.9
104.565,59.8538,116.189,176.043
104.585,61.7892,117.643,179.432
104.605,58.2266,115.865,174.092
104.625,59.5762,115.896,175.472
104.645,59.9742,115.617,175.591
104.665,62.1633,118.065,180.229
104.685,60.6655,116.202,176.868
104.705,58.2955,116.491,174.786
104.725,64.4682,116.763,181.231
104.745,61.1911,116.626,177.817
104.765,56.9361,116.696,173.632
104.785,59.0703,116.488,175.559
104.805,61.9545,115.935,177.89
104.825,60.9409,116.289,177.23
104.845,61.4925,116.167,177.66
104.865,58.4639,116.496,174.96
104.885,58.1384,117.572,175.71
104.905,57.6376,114.365,172.003
104.925,61.5725,117.222,178.794
104.945,58.283,116.486,174.769
104.965,58.6889,116.302,174.991
104.985,59.1755,115.056,174.231
105.005,56.8753,115.588,172.464
105.025,59.2838,117.495,176.778
105.045,58.6539,115.189,173.843
105.065,59.0517,115.605,174.656
105.085,62.3891,116.032,178.422
105.105,57.9929,115.701,173.694
105.125,57.2525,115.519,172.772
105.145,60.4572,114.831,175.288
105.165,58.6643,117.628,176.293
105.185,61.1909,115.79,176.981
105.205,57.5974,115.505,173.102
105.225,58.3422,116.546,174.888
105.245,58.6898,116.505,175.195
105.265,60.163,116.036,176.199
105.285,59.3951,115.342,174.737
105.305,60.058,115.461,175.519
105.325,58.6342,115.445,174.08
105.345,60.5529,115.062,175.615
105.365,59.0156,114.88,173.896
105.385,63.184,114.553,177.737
105.405,58.2524,116.378,174.63
105.425,57.8221,114.308,172.131
105.445,63.882,116.446,180.328
105.465,58.992,113.8,172.792
105.485,59.5414,115.276,174.817
105.505,58.5402,113.776,172.316
105.525,61.064,114.495,175.558
105.545,57.1643,114.117,171.282
105.565,56.8302,115.134,171.964
105.585,63.4162,115.264,178.68
105.605,58.0399,115.578,173.618
105.625,61.1271,116.65,177.777
105.645,56.8639,115.635,172.499
105.665,58.9378,114.733,173.671
105.685,60.8828,115.708,176.59
105.705,57.0059,114.902,171.908
105.725,56.6408,113.97,170.611
105.745,62.2493,115.424,177.674
105.765,60.1124,114.794,174.907
105.785,54.5413,112.266,166.807
105.805,59.5116,113.548,173.06
105.825,60.2998,113.505,173.805
105.845,60.1324,114.216,174.349
105.865,54.9323,113.607,168.539
105.885,60.2126,115.899,176.112
105.905,59.9608,115.176,175.137
105.925,57.4041,113.039,170.443
105.945,61.3012,115.445,176.746
105.965,56.5382,113.485,170.023
105.985,58.3012,114.317,172.618
106.005,60.8594,115.836,176.695
106.025,59.1091,114.025,173.134
106.045,59.1359,115.645,174.781
106.065,53.8917,113.403,167.294
106.085,60.3041,114.205,174.509
106.105,59.3839,113.226,172.61
106.125,57.5693,114.818,172.387
106.145,58.481,115.21,173.691
106.165,58.8716,114.583,173.455
106.185,58.4799,114.258,172.738
106.205,57.1108,113.667,170.778
106.225,58.7204,114.903,173.624
106.245,56.7344,113.834,170.569
106.265,59.5883,114.893,174.481
106.285,52.0065,112.958,164.965
106.305,57.2202,112.894,170.115
106.325,60.9114,114.025,174.937
106.345,59.1689,115.432,174.601
106.365,56.6548,113.254,169.909
106.385,57.8035,113.015,170.818
106.405,55.184,112.599,167.783
106.425,59.7102,115.233,174.943
106.445,56.4065,111.945,168.351
106.465,60.0189,115.255,175.274
106.485,54.8305,113.216,168.047
106.505,57.5285,114.283,171.811
106.525,58.4861,112.212,170.698
106.545,56.3977,113.331,169.729
106.565,59.8343,113.922,173.757
106.585,59.29,113.95,173.24
106.605,60.9743,112.868,173.842
106.625,52.4672,112.245,164.713
106.645,59.3186,112.808,172.127
106.665,57.0681,112.828,169.897
106.685,58.3939,115.163,173.557
106.705,58.7482,114.616,173.364
106.725,59.4672,113.024,172.491
106.745,55.4618,111.237,166.699
106.765,58.2671,112.182,170.449
106.785,56.5506,113.421,169.972
106.805,57.3876,114.433,171.82
106.825,58.0954,112.118,170.214
106.845,54.8658,111.525,166.391
106.865,57.9735,111.828,169.802
106.885,56.3509,111.895,168.246
106.905,57.366,111.887,169.253
106.925,54.9746,112.208,167.183
106.945,57.7885,113.716,171.505
106.965,55.8464,108.891,164.737
106.985,55.7286,109.966,165.695
107.005,59.1437,112.356,171.5
107.025,57.9101,111.048,168.958
107.045,59.7448,113.799,173.544
107.065,59.182,112.878,172.06
107.085,54.7034,110.804,165.507
107.105,53.9739,113.055,167.029
107.125,61.1408,113.079,174.22
107.145,59.1933,112.44,171.634
107.165,57.4329,112.962,170.395
107.185,55.5208,112.536,168.057
107.205,55.4538,111.541,166.994
107.225,55.5118,111.795,167.307
107.245,56.4377,111.192,167.629
107.265,55.7144,111.426,167.14
107.285,55.8439,111.355,167.199
107.305,55.1505,111.886,167.037
107.325,57.1899,112.933,170.123
107.345,56.7345,110.871,167.606
107.365,61.9396,112.926,174.866
107.385,55.0764,110.545,165.621
107.405,57.3077,110.674,167.981
107.425,58.1171,111.748,169.865
107.445,59.3333,111.882,171.215
107.465,56.9491,111.585,168.534
107.485,58.2343,110.611,168.845
107.505,55.2809,110.305,165.585
107.525,54.2701,110.673,164.943
107.545,55.7168,110.465,166.182
107.565,54.2167,109.8,164.017
107.585,54.0956,111.286,165.382
107.605,57.0701,112.528,169.599
107.625,56.3054,112.365,168.671
107.645,61.9004,112.172,174.073
107.665,58.3963,110.239,168.636
107.685,56.132,109.43,165.562
107.705,58.3731,112.4,170.773
107.725,55.2559,111.148,166.404
107.745,53.9021,110.154,164.056
107.765,58.773,110.117,168.89
107.785,55.4256,110.8,166.225
107.805,55.6026,108.638,164.24
107.825,56.1494,108.783,164.932
107.845,58.2689,110.334,168.603
107.865,54.5024,111.036,165.538
107.885,53.743,109.699,163.442
107.905,54.9417,110.718,165.66
107.925,55.0959,110.704,165.8
107.945,57.4383,111.186,168.625
107.965,55.0634,109.309,164.372
107.985,55.9182,109.403,165.321
108.005,56.5861,109.379,165.965
108.025,58.7429,110.876,169.618
108.045,57.1449,110.137,167.282
108.065,54.7489,110.188,164.937
108.085,56.2897,110.321,166.611
108.105,58.6356,111.316,169.951
108.125,57.254,110.54,167.794
108.145,55.7424,109.891,165.633
108.165,54.3909,108.994,163.385
108.185,55.9615,110.024,165.985
108.205,54.8339,110.913,165.747
108.225,54.3902,108.863,163.254
108.245,55.1948,111.76,166.955
108.265,54.577,110.733,165.31
108.285,55.1373,108.615,163.752
108.305,55.3755,108.787,164.163
108.325,57.7952,110.186,167.982
108.345,50.922,109.573,160.495
108.365,55.7335,110.793,166.527
108.385,54.5716,109.033,163.605
108.405,56.0343,110.402,166.436
108.425,57.1297,110.351,167.481
108.445,51.4557,109.301,160.756
108.465,55.2182,109.521,164.74
108.485,54.2343,109.351,163.585
108.505,54.7872,110.668,165.455
108.525,57.4822,111.038,168.52
108.545,54.8229,108.94,163.763
108.565,51.5824,107.874,159.457
108.585,56.8877,111.197,168.085
108.605,55.6188,111.848,167.467
108.625,56.4863,109.914,166.401
108.645,54.3733,109.719,164.093
108.665,50.9228,108.427,159.35
108.685,57.2769,108.997,166.274
108.705,57.2453,108.535,165.78
108.725,53.2574,109.416,162.674
108.745,57.5496,109.419,166.968
108.765,56.0034,109.906,165.91
108.785,51.1414,108.112,159.253
108.805,52.1858,108.163,160.348
108.825,53.5088,110.066,163.574
108.845,54.4649,108.784,163.249
108.865,54.2551,109.593,163.848
108.885,55.9466,109.108,165.055
108.905,54.6554,108.913,163.568
108.925,51.9366,109.307,161.243
108.945,54.6618,109.451,164.112
108.965,53.7653,108.053,161.819
108.985,55.5939,109.034,164.628
109.005,53.63,108.692,162.322
109.025,57.5051,108.102,165.607
109.045,53.2089,108.573,161.782
109.065,52.0155,107.723,159.738
109.085,53.1858,107.83,161.015
109.105,55.7903,108.418,164.208
109.125,54.0023,108.762,162.765
109.145,52.2863,107.39,159.676
109.165,55.6701,108.154,163.824
109.185,54.1239,109.079,163.202
109.205,55.2637,107.082,162.346
109.225,53.7326,109.948,163.681
109.245,53.8056,110.078,163.884
109.265,51.0385,107.939,158.978
109.285,54.5274,107.365,161.893
109.305,53.3002,105.975,159.276
109.325,55.5882,107.686,163.274
109.345,50.6122,106.761,157.373
109.365,52.9731,108.006,160.979
109.385,53.2854,106.984,160.27
109.405,56.7817,110.254,167.036
109.425,55.46,107.424,162.884
109.445,54.2198,108.227,162.447
109.465,54.0749,107.12,161.195
109.485,51.7632,106.777,158.54
109.505,53.3831,107.356,160.739
109.525,53.4804,107.855,161.335
109.545,53.7236,108.15,161.874
109.565,53.784,107.914,161.698
109.585,55.6392,108.183,163.822
109.605,49.7104,107.873,157.584
109.625,50.7109,105.939,156.65
109.645,54.1145,107.508,161.622
109.665,54.19,105.553,159.743
109.685,55.8725,107.76,163.632
109.705,54.7617,108.161,162.922
109.725,50.3532,105.757,156.11
109.745,49.3426,105.489,154.832
109.765,53.9815,104.666,158.647
109.785,55.0817,106.188,161.269
109.805,56.3139,107.438,163.752
109.825,54.4922,107.88,162.372
109.845,52.1616,106.61,158.771
109.865,50.8747,106.239,157.114
109.885,52.1812,105.86,158.042
109.905,55.1134,109.159,164.272
109.925,54.1541,108.912,163.066
109.945,53.4398,106.069,159.509
109.965,52.0203,103.708,155.729
109.985,54.8509,106.629,161.48
110.005,52.2369,107.106,159.343
110.025,53.9164,106.95,160.866
110.045,50.5028,105.898,156.401
110.065,51.238,106.457,157.695
110.085,54.3615,107.97,162.331
110.105,56.4304,106.794,163.224
110.125,51.2724,106.672,157.944
110.145,53.1838,106.497,159.681
110.165,53.7871,106.58,160.367
110.185,52.0258,107.177,159.203
110.205,50.2579,105.307,155.565
110.225,52.6194,106.89,159.509
110.245,50.7966,106.303,157.1
110.265,52.8258,106.57,159.396
110.285,50.0473,106.152,156.2
110.305,53.3403,106.423,159.763
110.325,50.9196,105.954,156.874
110.345,55.5931,106.536,162.129
110.365,48.9215,104.658,153.579
110.385,53.6096,106.376,159.986
110.405,52.7647,104.153,156.918
110.425,51.2805,105.174,156.455
110.445,52.9027,106.884,159.787
110.465,51.4609,105.057,156.518
110.485,52.4428,107.75,160.193
110.505,53.5307,105.958,159.489
110.525,53.3315,105.636,158.967
110.545,52.127,105.279,157.406
110.565,52.004,104.643,156.647
110.585,53.0276,104.685,157.713
110.605,52.2751,105.006,157.282
110.625,51.5911,106.146,157.737
110.645,51.772,105.652,157.424
110.665,54.1808,105.73,159.911
110.685,51.3575,104.654,156.011
110.705,52.7059,103.929,156.635
110.725,54.3379,105.377,159.715
110.745,50.9755,103.746,154.722
110.765,52.0275,103.75,155.778
110.785,52.5327,106.991,159.524
110.805,54.0537,105.731,159.785
110.825,53.2978,104.281,157.579
110.845,48.7623,105.364,154.126
110.865,51.9879,105.119,157.107
110.885,52.1692,105.195,157.364
110.905,51.3586,104.317,155.675
110.925,50.2375,105.649,155.887
110.945,53.5652,106.034,159.599
110.965,51.4416,105.953,157.395
110.985,50.158,105.247,155.405
111.005,52.327,104.665,156.992
111.025,54.0792,105.643,159.722
111.045,51.3801,104.733,156.113
111.065,49.4394,104.925,154.365
111.085,53.8801,106.221,160.102
111.105,50.3655,104.343,154.708
111.125,51.4333,104.504,155.938
111.145,53.6133,106.227,159.84
111.165,52.1043,105.457,157.562
111.185,52.441,104.616,157.057
111.205,50.9276,102.248,153.176
111.225,49.7653,103.304,153.069
111.245,50.8665,106.503,157.369
111.265,53.9392,104.857,158.796
111.285,52.18,103.576,155.756
111.305,51.679,104.339,156.018
111.325,52.1142,104.984,157.098
111.345,49.5801,105.182,154.762
111.365,51.3292,104.052,155.381
111.385,53.6842,104.348,158.032
111.405,50.8141,103.962,154.777
111.425,50.0437,103.176,153.22
111.445,50.6272,103.222,153.849
111.465,49.7629,103.733,153.496
111.485,51.343,103.706,155.049
111.505,48.2887,104.177,152.466
111.525,52.7272,103.741,156.469
111.545,50.3749,104.115,154.49
111.565,52.2339,103.927,156.161
111.585,50.9257,105.228,156.153
111.605,54.0995,104.082,158.181
111.625,48.5908,103.767,152.357
111.645,51.3794,104.33,155.71
111.665,50.581,103.213,153.794
111.685,53.7626,104.496,158.259
111.705,51.412,104.215,155.627
111.725,50.335,102.844,153.179
111.745,50.2079,104.003,154.211
111.765,51.1738,104.453,155.627
111.785,48.2764,102.972,151.248
111.805,47.9103,104.123,152.033
111.825,53.3056,101.697,155.003
111.845,52.3278,101.394,153.722
111.865,49.1127,102.459,151.571
111.885,51.2041,104.109,155.313
111.905,48.3004,102.377,150.677
111.925,52.014,103.568,155.582
111.945,49.9283,102.852,152.78
111.965,49.8649,102.061,151.926
111.985,50.2088,104.505,154.714
112.005,51.5354,103.628,155.164
112.025,50.2871,102.666,152.953
112.045,52.5841,103.793,156.377
112.065,50.2216,102.955,153.177
112.085,49.6076,102.469,152.077
112.105,50.3663,101.681,152.047
112.125,51.7867,101.908,153.694
112.145,50.5098,102.133,152.643
112.165,52.44,102.758,155.198
112.185,47.6089,102.761,150.37
112.205,49.7008,102.571,152.272
112.225,50.6638,102.341,153.005
112.245,52.4249,102.591,155.016
112.265,51.9176,102.362,154.279
112.285,51.2015,102.802,154.003
112.305,49.3862,101.806,151.192
112.325,47.9786,103.134,151.113
112.345,51.4999,102.155,153.654
112.365,49.2265,101.878,151.105
112.385,49.9591,102.864,152.823
112.405,50.3716,100.898,151.269
112.425,50.3208,101.733,152.053
112.445,49.7928,101.853,151.646
112.465,49.5296,104.217,153.746
112.485,50.0029,102.644,152.647
112.505,49.6819,101.292,150.974
112.525,48.9169,101.184,150.101
112.545,51.9241,101.834,153.758
112.565,50.4937,101.503,151.997
112.585,51.2659,103.307,154.573
112.605,47.4128,100.861,148.274
112.625,49.4377,101.199,150.636
112.645,49.861,101.445,151.306
112.665,48.5801,101.43,150.01
112.685,46.3665,100.395,146.761
112.705,48.7579,101.804,150.562
112.725,49.4423,100.853,150.295
112.745,49.5015,103.117,152.618
112.765,50.8497,102.746,153.595
112.785,49.8892,101.742,151.632
112.805,50.3931,101.235,151.628
112.825,50.265,101.296,151.561
112.845,49.0289,101.795,150.824
112.865,50.576,100.854,151.43
112.885,49.794,102.477,152.271
112.905,50.3985,100.988,151.386
112.925,45.5163,99.4014,144.918
112.945,50.7641,101.06,151.824
112.965,51.974,101.764,153.738
112.985,48.9886,101.896,150.885
113.005,48.9535,100.714,149.667
113.025,48.5503,99.3874,147.938
113.045,50.9186,99.5392,150.458
113.065,48.7062,101.551,150.257
113.085,48.754,101.577,150.331
113.105,49.9268,101.413,151.34
113.125,49.9794,100.17,150.15
113.145,49.478,100.621,150.099
113.165,46.7669,101.717,148.484
113.185,50.1025,101.875,151.977
113.205,47.2353,100.199,147.434
113.225,47.1562,99.7345,146.891
113.245,48.4705,100.302,148.772
113.265,50.2597,101.104,151.364
113.285,48.5724,100.929,149.502
113.305,50.1257,101.006,151.132
113.325,48.9736,101.447,150.421
113.345,51.4693,100.524,151.993
113.365,47.5068,99.8086,147.315
113.385,48.1545,100.823,148.978
113.405,47.6054,99.8977,147.503
113.425,47.9562,100.061,148.017
113.445,47.5179,99.15,146.668
113.465,48.4349,101.311,149.746
113.485,49.0566,99.7266,148.783
113.505,51.6272,100.669,152.296
113.525,50.3947,100.063,150.458
113.545,50.2722,101.53,151.802
113.565,48.0574,99.7068,147.764
113.585,46.221,99.7933,146.014
113.605,49.5977,100.781,150.379
113.625,48.8421,101.75,150.592
113.645,47.4112,101.578,148.99
113.665,48.7439,99.4483,148.192
113.685,48.1058,100.394,148.5
113.705,49.3923,101.045,150.438
113.725,47.0256,99.7785,146.804
113.745,48.2118,98.88,147.092
113.765,48.3825,100.252,148.634
113.785,48.83,99.6807,148.511
113.805,48.974,98.9375,147.911
113.825,49.9897,99.0114,149.001
113.845,47.5816,99.1277,146.709
113.865,49.5612,99.8745,149.436
113.885,46.2809,100.215,146.496
113.905,48.2587,99.1592,147.418
113.925,46.3334,98.7149,145.048
113.945,46.5409,98.3028,144.844
113.965,46.4585,98.6424,145.101
113.985,50.405,99.9254,150.33
114.005,50.176,100.977,151.153
114.025,47.9205,100.643,148.563
114.045,45.1353,100.577,145.713
114.065,49.207,98.728,147.935
114.085,47.4435,99.1838,146.627
114.105,49.2886,99.8202,149.109
114.125,47.1837,98.6399,145.824
114.145,49.1669,98.8499,148.017
114.165,46.4486,97.8052,144.254
114.185,51.5247,99.376,150.901
114.205,48.8116,98.7548,147.566
114.225,45.2101,98.7439,143.954
114.245,48.3112,100.354,148.665
114.265,47.6294,99.6502,147.28
114.285,49.5378,100.188,149.725
114.305,45.5124,97.6423,143.155
114.325,48.249,98.6056,146.855
114.345,48.1889,97.1275,145.316
114.365,46.3453,99.1584,145.504
114.385,47.747,99.6703,147.417
114.405,49.8283,97.0605,146.889
114.425,48.3561,98.3591,146.715
114.445,48.7847,97.3927,146.177
114.465,48.5037,99.8391,148.343
114.485,47.0832,97.6524,144.736
114.505,47.0037,97.4168,144.421
114.525,49.2365,99.8572,149.094
114.545,44.8333,97.7293,142.563
114.565,48.2968,98.6884,146.985
114.585,47.548,98.7511,146.299
114.605,48.9631,100.545,149.508
114.625,47.3123,98.3879,145.7
114.645,49.896,98.2025,148.098
114.665,46.202,98.3384,144.54
114.685,43.324,99.2653,142.589
114.705,45.0495,98.5613,143.611
114.725,45.2794,97.9947,143.274
114.745,47.4087,98.3083,145.717
114.765,47.0639,98.2248,145.289
114.785,46.4482,97.6573,144.105
114.805,46.6068,96.8805,143.487
114.825,46.8643,98.1536,145.018
114.845,46.3617,98.252,144.614
114.865,48.6793,98.4147,147.094
114.885,47.1892,98.0915,145.281
114.905,49.4302,98.1953,147.626
114.925,47.9845,97.0721,145.057
114.945,46.9215,99.7287,146.65
114.965,46.1627,96.832,142.995
114.985,46.4789,97.4007,143.88
115.005,45.4195,97.6756,143.095
115.025,47.6557,98.4398,146.095
115.045,50.665,98.8479,149.513
115.065,45.3968,97.7119,143.109
115.085,46.4447,97.208,143.653
115.105,49.2845,97.3511,146.636
115.125,43.7854,96.1586,139.944
115.145,44.463,96.9511,141.414
115.165,46.6002,97.5884,144.189
115.185,48.0671,97.2295,145.297
115.205,46.2485,96.475,142.724
115.225,47.5256,97.8347,145.36
115.245,47.7685,97.1804,144.949
115.265,47.2499,96.8029,144.053
115.285,46.5739,97.3729,143.947
115.305,46.4822,96.534,143.016
115.325,45.8124,95.2646,141.077
115.345,47.9166,98.3562,146.273
115.365,47.9587,96.949,144.908
115.385,43.1102,96.0762,139.186
115.405,46.1993,96.7858,142.985
115.425,45.7095,97.8481,143.558
115.445,44.104,96.3111,140.415
115.465,44.5699,96.1514,140.721
115.485,46.4237,95.8223,142.246
115.505,47.0694,97.9017,144.971
115.525,47.8745,98.7639,146.638
115.545,44.6353,96.7886,141.424
115.565,47.5011,97.1504,144.652
115.585,46.1545,97.509,143.664
115.605,46.4952,97.9267,144.422
115.625,47.3539,97.5865,144.94
115.645,45.735,95.3561,141.091
115.665,45.4417,96.9329,142.375
115.685,46.2545,96.5794,142.834
115.705,46.048,97.2434,143.291
115.725,46.7175,97.3724,144.09
115.745,46.8177,96.5829,143.401
115.765,43.2258,97.0182,140.244
115.785,46.8447,95.7116,142.556
115.805,45.4222,95.8902,141.312
115.825,46.499,96.093,142.592
115.845,46.2422,95.3122,141.554
115.865,44.235,94.5448,138.78
115.885,45.1398,96.8618,142.002
115.905,46.0288,96.1954,142.224
115.925,45.2647,95.9407,141.205
115.945,48.4613,98.303,146.764
115.965,47.7876,95.8797,143.667
115.985,44.1714,96.6347,140.806
116.005,45.5879,96.7925,142.38
116.025,44.8614,95.5505,140.412
116.045,45.534,95.3602,140.894
116.065,45.8079,94.2217,140.03
116.085,44.2192,96.1425,140.362
116.105,44.0528,94.4424,138.495
116.125,45.9806,97.3222,143.303
116.145,45.4439,96.1598,141.604
116.165,46.1789,95.1961,141.375
116.185,43.7211,95.2458,138.967
116.205,47.4455,96.6522,144.098
116.225,44.8559,95.0846,139.94
116.245,49.4032,96.0956,145.499
116.265,44.5604,94.629,139.189
116.285,43.9467,94.9685,138.915
116.305,47.2052,97.4799,144.685
116.325,45.6084,95.3286,140.937
116.345,47.2594,95.2239,142.483
116.365,43.4975,95.5812,139.079
116.385,44.4765,96.1275,140.604
116.405,46.0232,95.3855,141.409
116.425,45.0392,95.3248,140.364
116.445,45.8408,96.2784,142.119
116.465,44.7356,95.8469,140.582
116.485,44.4678,95.2228,139.691
116.505,44.33,95.3573,139.687
116.525,47.0058,95.6312,142.637
116.545,46.8127,95.723,142.536
116.565,44.7606,94.3929,139.154
116.585,44.5346,94.9984,139.533
116.605,43.5215,94.3447,137.866
116.625,45.8236,96.4403,142.264
116.645,40.9774,93.2527,134.23
116.665,43.6825,95.0596,138.742
116.685,47.9032,96.4684,144.372
116.705,44.3613,94.6468,139.008
116.725,42.8399,94.4303,137.27
116.745,45.4515,95.5121,140.964
116.765,44.0699,96.3279,140.398
116.785,43.3038,94.0795,137.383
116.805,44.6963,95.2255,139.922
116.825,46.316,94.3379,140.654
116.845,44.6423,93.5664,138.209
116.865,47.0867,94.4303,141.517
116.885,45.7776,94.0345,139.812
116.905,45.9842,94.852,140.836
116.925,44.5506,94.452,139.003
116.945,44.3515,94.7192,139.071
116.965,44.5254,93.8779,138.403
116.985,42.5308,94.4898,137.021
117.005,44.147,94.213,138.36
117.025,44.0129,94.4294,138.442
117.045,42.507,93.6171,136.124
117.065,43.5161,93.8777,137.394
117.085,47.045,94.2289,141.274
117.105,43.6498,93.9731,137.623
117.125,43.7328,93.6419,137.375
117.145,45.8559,94.4042,140.26
117.165,43.0009,93.8594,136.86
117.185,43.6636,94.7657,138.429
117.205,44.6757,93.8079,138.484
117.225,45.963,94.5282,140.491
117.245,42.3781,92.6563,135.034
117.265,41.8766,94.0691,135.946
117.285,44.7191,94.4574,139.176
117.305,44.687,93.4372,138.124
117.325,42.6026,94.4486,137.051
117.345,43.7775,93.6921,137.47
117.365,45.1088,94.0941,139.203
117.385,41.1846,93.1029,134.287
117.405,42.9439,93.5278,136.472
117.425,43.4752,93.565,137.04
117.445,45.1952,93.6995,138.895
117.465,45.5004,94.861,140.361
117.485,45.3572,92.9772,138.334
117.505,43.2432,92.98,136.223
117.525,43.4393,93.8733,137.313
117.545,45.9085,93.2091,139.118
117.565,44.79,93.4413,138.231
117.585,44.81,93.4507,138.261
117.605,45.4414,92.924,138.365
117.625,43.5571,93.4102,136.967
117.645,41.2583,93.118,134.376
117.665,42.5017,93.5323,136.034
117.685,45.4278,93.4152,138.843
117.705,44.4207,94.2467,138.667
117.725,43.7366,93.8779,137.615
117.745,45.5312,92.56,138.091
117.765,45.1446,92.7293,137.874
117.785,43.1363,92.9944,136.131
117.805,46.3448,91.7186,138.063
117.825,43.909,93.2629,137.172
117.845,41.5522,92.0419,133.594
117.865,44.3072,92.9977,137.305
117.885,41.3652,92.7531,134.118
117.905,43.1136,93.7263,136.84
117.925,44.541,94.2645,138.806
117.945,40.1041,90.9665,131.071
117.965,44.2328,91.8884,136.121
117.985,43.583,93.4033,136.986
118.005,40.8774,90.5116,131.389
118.025,43.6834,93.032,136.715
118.045,46.6019,93.1,139.702
118.065,43.8348,91.5182,135.353
118.085,43.7592,91.5782,135.337
118.105,43.7363,93.0759,136.812
118.125,43.8715,92.0256,135.897
118.145,45.1137,93.1924,138.306
118.165,42.4364,92.8443,135.281
118.185,44.9216,92.8951,137.817
118.205,43.7428,92.7258,136.469
118.225,41.6219,92.8404,134.462
118.245,48.13,92.6244,140.754
118.265,41.4208,92.015,133.436
118.285,45.7249,92.4011,138.126
118.305,42.8185,92.2067,135.025
118.325,41.2221,91.2006,132.423
118.345,41.8721,91.9585,133.831
118.365,43.6131,93.4939,137.107
118.385,41.6417,92.1782,133.82
118.405,45.1386,93.6064,138.745
118.425,42.7152,91.4678,134.183
118.445,40.3755,92.9826,133.358
118.465,42.5959,92.1749,134.771
118.485,43.1843,92.7761,135.96
118.505,41.9258,92.6314,134.557
118.525,42.6863,91.8772,134.564
118.545,41.7458,92.3513,134.097
118.565,43.4439,92.4612,135.905
118.585,41.4762,91.845,133.321
118.605,44.0856,91.7469,135.832
118.625,41.783,91.7989,133.582
118.645,45.1102,92.3806,137.491
118.665,40.8532,91.1002,131.953
118.685,42.7364,92.2977,135.034
118.705,42.0044,91.6757,133.68
118.725,43.6659,90.8143,134.48
118.745,41.9839,90.7579,132.742
118.765,43.6589,92.0222,135.681
118.785,43.6527,92.1433,135.796
118.805,43.2731,93.3612,136.634
118.825,41.3034,91.0618,132.365
118.845,43.0161,91.4547,134.471
118.865,42.672,91.3007,133.973
118.885,40.2622,92.514,132.776
118.905,43.45,90.6106,134.061
118.925,43.9798,91.1768,135.157
118.945,42.0858,91.3737,133.46
118.965,42.7646,91.4861,134.251
118.985,41.2279,91.4469,132.675
119.005,42.5335,91.1188,133.652
119.025,42.0381,89.7639,131.802
119.045,41.5871,90.2332,131.82
119.065,40.9745,90.4304,131.405
119.085,42.3628,91.4899,133.853
119.105,41.388,90.448,131.836
119.125,43.2694,90.667,133.936
119.145,42.292,90.9439,133.236
119.165,41.0434,91.2102,132.254
119.185,40.7908,89.9935,130.784
119.205,43.5811,91.5872,135.168
119.225,43.9297,90.7537,134.683
119.245,39.4703,90.4843,129.955
119.265,45.8926,92.1171,138.01
119.285,39.9899,90.4541,130.444
119.305,43.384,91.5652,134.949
119.325,41.7319,90.6368,132.369
119.345,39.579,91.1762,130.755
119.365,41.0382,91.1318,132.17
119.385,43.1385,91.2673,134.406
119.405,44.2491,90.904,135.153
119.425,41.5765,88.9304,130.507
119.445,41.4547,90.8146,132.269
119.465,45.0769,90.9734,136.05
119.485,39.0719,89.984,129.056
119.505,41.746,90.2712,132.017
119.525,38.4376,89.2349,127.672
119.545,44.1809,91.0277,135.209
119.565,41.4084,90.8275,132.236
119.585,42.5809,90.5246,133.105
119.605,41.7363,91.4647,133.201
119.625,42.0133,90.4772,132.49
119.645,42.4724,90.2895,132.762
119.665,41.9043,89.5089,131.413
119.685,41.9562,90.4958,132.452
119.705,41.1804,89.7311,130.911
119.725,40.1345,89.5253,129.66
119.745,41.774,89.6161,131.39
119.765,41.5649,89.0117,130.577
119.785,42.0767,89.7257,131.802
119.805,41.5298,90.3279,131.858
119.825,42.8074,89.9293,132.737
119.845,41.9872,89.8791,131.866
119.865,39.2584,90.0494,129.308
119.885,38.1741,88.9802,127.154
119.905,42.2182,89.5549,131.773
119.925,39.2263,89.6469,128.873
119.945,40.6457,89.2656,129.911
119.965,41.0146,88.9646,129.979
119.985,41.9375,91.2561,133.194
120.005,41.6949,88.9319,130.627
120.025,37.5546,89.3089,126.863
120.045,42.5311,89.8552,132.386
120.065,39.6129,89.1266,128.74
120.085,41.7395,89.3931,131.133
120.105,40.8547,88.9845,129.839
120.125,45.0369,90.3237,135.361
120.145,39.5026,86.9396,126.442
120.165,40.5661,89.178,129.744
120.185,38.9486,89.8051,128.754
120.205,40.7954,88.3288,129.124
120.225,42.2901,89.6287,131.919
120.245,39.6177,88.9985,128.616
120.265,42.9288,89.8459,132.775
120.285,42.344,90.3586,132.703
120.305,42.7168,89.182,131.899
120.325,39.84,89.2617,129.102
120.345,39.4259,89.0813,128.507
120.365,41.1965,87.9594,129.156
120.385,41.7701,88.458,130.228
120.405,42.0265,89.1555,131.182
120.425,40.0632,88.6521,128.715
120.445,41.7933,89.1856,130.979
120.465,38.1878,88.6036,126.791
120.485,41.5306,89.7544,131.285
120.505,40.6275,88.8393,129.467
120.525,40.9582,87.6935,128.652
120.545,40.8133,88.2284,129.042
120.565,39.8309,89.6516,129.482
120.585,37.6422,87.3649,125.007
120.605,39.4278,88.7385,128.166
120.625,41.5528,88.6511,130.204
120.645,38.1371,88.7992,126.936
120.665,39.2525,87.1469,126.399
120.685,41.9037,87.7463,129.65
120.705,40.0429,88.2803,128.323
120.725,40.4797,87.599,128.079
120.745,42.0534,89.3792,131.433
120.765,38.9015,88.2555,127.157
120.785,41.3895,89.2374,130.627
120.805,39.2028,88.3612,127.564
120.825,41.72,87.712,129.432
120.845,40.4839,86.7999,127.284
120.865,39.4204,87.4715,126.892
120.885,39.4573,89.0335,128.491
120.905,39.8044,87.0073,126.812
120.925,37.5526,86.8791,124.432
120.945,39.2813,87.7891,127.07
120.965,41.5011,87.9717,129.473
120.985,40.3566,88.845,129.202
121.005,41.8356,88.5025,130.338
121.025,37.8959,87.2968,125.193
121.045,37.4922,86.8462,124.338
121.065,40.7616,86.5609,127.323
121.085,40.0811,88.7294,128.811
121.105,40.9731,87.7995,128.773
121.125,37.5404,87.4848,125.025
121.145,39.9108,88.3232,128.234
121.165,44.2469,88.3087,132.556
121.185,41.704,88.1767,129.881
121.205,38.8881,86.5249,125.413
121.225,38.875,86.2434,125.118
121.245,40.7129,87.5151,128.228
121.265,39.2826,87.545,126.828
121.285,40.0691,87.3444,127.414
121.305,38.774,87.1977,125.972
121.325,37.8393,86.2194,124.059
121.345,39.3213,87.4715,126.793
121.365,38.6364,86.2195,124.856
121.385,38.8012,86.1066,124.908
121.405,40.5396,86.7045,127.244
121.425,39.8773,86.7538,126.631
121.445,39.1505,86.7994,125.95
121.465,39.4268,87.0859,126.513
121.485,38.371,87.096,125.467
121.505,40.8888,87.3425,128.231
121.525,40.5715,86.955,127.526
121.545,40.1461,87.1682,127.314
121.565,36.5748,86.409,122.984
121.585,39.1831,87.7363,126.919
121.605,37.2714,87.1322,124.404
121.625,39.6306,86.8743,126.505
121.645,38.3457,87.9304,126.276
121.665,39.0296,86.1432,125.173
121.685,39.6669,86.3668,126.034
121.705,39.0763,86.4837,125.56
121.725,41.664,88.1686,129.833
121.745,38.6366,87.2989,125.936
121.765,39.1645,86.9395,126.104
121.785,37.1072,87.1175,124.225
121.805,38.6488,85.9864,124.635
121.825,39.2216,86.6111,125.833
121.845,39.7828,85.833,125.616
121.865,40.3147,86.2758,126.59
121.885,39.9061,87.5725,127.479
121.905,36.2957,86.1798,122.475
121.925,39.8544,86.2988,126.153
121.945,39.0348,86.3197,125.354
121.965,39.3227,86.4092,125.732
121.985,36.545,85.0899,121.635
122.005,38.4623,85.8368,124.299
122.025,39.9455,86.7178,126.663
122.045,37.1445,85.9209,123.065
122.065,38.8833,86.0875,124.971
122.085,39.355,86.0225,125.378
122.105,34.9569,85.2767,120.234
122.125,39.6908,87.0027,126.693
122.145,38.8165,85.5897,124.406
122.165,37.766,85.1481,122.914
122.185,40.7039,85.4843,126.188
122.205,39.8891,84.1136,124.003
122.225,39.6082,84.7091,124.317
122.245,38.5333,86.1544,124.688
122.265,37.6434,85.1087,122.752
122.285,39.5987,85.1527,124.751
122.305,39.1647,85.5428,124.707
122.325,37.098,85.0143,122.112
122.345,37.865,84.7908,122.656
122.365,39.7989,84.6944,124.493
122.385,37.7458,85.2822,123.028
122.405,40.3094,84.7563,125.066
122.425,38.5165,86.0593,124.576
122.445,37.5551,85.2629,122.818
122.465,39.9722,85.2276,125.2
122.485,38.1965,86.1082,124.305
122.505,38.5525,83.8126,122.365
122.525,39.3495,84.426,123.775
122.545,39.8871,84.7747,124.662
122.565,37.0948,85.2867,122.382
122.585,37.8682,84.2023,122.07
122.605,37.8917,83.9893,121.881
122.625,39.5039,85.583,125.087
122.645,37.2241,84.5018,121.726
122.665,37.5256,84.0749,121.6
122.685,39.545,85.1514,124.696
122.705,37.2929,83.4497,120.743
122.725,38.1972,84.5896,122.787
122.745,38.2096,84.4914,122.701
122.765,38.7309,86.1656,124.897
122.785,36.5608,84.4127,120.974
122.805,38.2359,83.6558,121.892
122.825,38.1567,85.205,123.362
122.845,37.5962,84.0903,121.687
122.865,38.6344,84.1929,122.827
122.885,37.8015,84.1273,121.929
122.905,36.6676,84.7019,121.37
122.925,37.7791,84.8734,122.652
122.945,37.9372,83.7068,121.644
122.965,36.212,83.7369,119.949
122.985,37.7402,84.6726,122.413
123.005,37.1913,84.6396,121.831
123.025,35.7586,83.2477,119.006
123.045,37.1009,84.5303,121.631
123.065,38.444,84.6042,123.048
123.085,39.0066,84.5544,123.561
123.105,38.0855,83.1499,121.235
123.125,37.782,84.464,122.246
123.145,37.8186,84.2405,122.059
123.165,35.451,82.7679,118.219
123.185,38.9415,83.7527,122.694
123.205,37.8703,84.4908,122.361
123.225,36.0629,84.0247,120.088
123.245,37.0096,83.7174,120.727
123.265,37.7446,82.9678,120.712
123.285,36.0601,83.3487,119.409
123.305,38.4758,83.9418,122.418
123.325,34.0779,82.9831,117.061
123.345,35.3309,82.7238,118.055
123.365,37.0731,83.7376,120.811
123.385,36.5673,84.1025,120.67
123.405,37.4508,84.1,121.551
123.425,36.7032,82.8089,119.512
123.445,37.3218,83.3984,120.72
123.465,35.7372,83.7231,119.46
123.485,37.3333,82.2961,119.629
123.505,35.8327,82.3879,118.221
123.525,36.377,83.2137,119.591
123.545,38.5878,84.1723,122.76
123.565,37.2334,83.6872,120.921
123.585,37.189,81.7755,118.964
123.605,35.6849,82.9961,118.681
123.625,38.8497,83.4836,122.333
123.645,35.8754,82.5463,118.422
123.665,36.7591,84.0522,120.811
123.685,39.3534,83.3252,122.679
123.705,35.3316,83.1107,118.442
123.725,37.4522,82.4153,119.867
123.745,37.7178,83.2344,120.952
123.765,37.8754,82.4696,120.345
123.785,35.9255,82.3491,118.275
123.805,35.8787,82.8343,118.713
123.825,37.0449,82.1106,119.155
123.845,36.9898,83.7271,120.717
123.865,37.5199,83.9881,121.508
123.885,34.0755,83.3534,117.429
123.905,37.7302,82.703,120.433
123.925,36.4925,82.7006,119.193
123.945,37.5294,82.9962,120.526
123.965,37.8275,82.3866,120.214
123.985,34.935,83.2849,118.22
124.005,37.4785,82.451,119.93
124.025,35.111,81.6154,116.726
124.045,35.7162,82.8778,118.594
124.065,38.1796,81.8263,120.006
124.085,37.1053,82.3828,119.488
124.105,37.7073,83.5395,121.247
124.125,35.3752,82.3851,117.76
124.145,37.2714,82.1733,119.445
124.165,35.6904,82.7016,118.392
124.185,33.0241,82.4494,115.474
124.205,37.0087,82.0174,119.026
124.225,35.844,82.3011,118.145
124.245,36.4876,81.4322,117.92
124.265,36.3125,81.4728,117.785
124.285,36.8632,81.7953,118.659
124.305,38.9751,82.9023,121.877
124.325,37.4965,82.9337,120.43
124.345,34.0661,81.4721,115.538
124.365,34.9859,81.8697,116.856
124.385,35.7645,81.8205,117.585
124.405,35.8179,81.5436,117.361
124.425,37.2496,81.1717,118.421
124.445,36.1331,81.5346,117.668
124.465,38.3068,82.4593,120.766
124.485,37.6838,81.3655,119.049
124.505,36.8178,81.753,118.571
124.525,35.6982,81.5126,117.211
124.545,36.3609,81.2963,117.657
124.565,34.6083,81.7265,116.335
124.585,35.8142,81.3849,117.199
124.605,36.4238,81.1678,117.592
124.625,35.456,81.5812,117.037
124.645,36.4848,81.9566,118.441
124.665,37.2836,82.0192,119.303
124.685,35.8569,82.51,118.367
124.705,35.298,81.4125,116.71
124.725,37.8705,82.6653,120.536
124.745,35.3946,81.8022,117.197
124.765,35.5594,81.4412,117.001
124.785,33.7604,81.2435,115.004
124.805,35.5616,80.4285,115.99
124.825,35.245,81.5052,116.75
124.845,36.8787,81.2011,118.08
124.865,36.7625,80.1283,116.891
124.885,34.1229,80.2386,114.362
124.905,37.0152,80.2485,117.264
124.925,37.1138,80.8001,117.914
124.945,35.0887,80.9597,116.048
124.965,35.3737,81.5133,116.887
124.985,34.5434,80.4793,115.023
125.005,34.7074,80.8159,115.523
125.025,35.2207,80.5741,115.795
125.045,35.4628,80.9815,116.444
125.065,36.3348,81.2346,117.569
125.085,36.8265,81.0898,117.916
125.105,33.6357,80.7224,114.358
125.125,35.6347,80.0538,115.689
125.145,35.7693,80.8768,116.646
125.165,36.1204,79.8653,115.986
125.185,36.2371,80.3275,116.565
125.205,33.722,80.517,114.239
125.225,35.2384,80.5303,115.769
125.245,34.4658,81.4145,115.88
125.265,34.4856,79.9607,114.446
125.285,36.0527,79.8703,115.923
125.305,36.4527,79.9042,116.357
125.325,36.2023,79.7184,115.921
125.345,36.0779,80.529,116.607
125.365,33.1238,80.1005,113.224
125.385,34.8409,79.0925,113.933
125.405,35.191,80.3505,115.542
125.425,36.7319,78.5668,115.299
125.445,34.9111,80.9952,115.906
125.465,36.4083,80.9015,117.31
125.485,32.5446,79.4284,111.973
125.505,37.3452,81.1945,118.54
125.525,36.9727,79.8751,116.848
125.545,36.8114,80.2105,117.022
125.565,35.8288,79.306,115.135
125.585,35.1526,80.1843,115.337
125.605,34.4657,80.0198,114.486
125.625,33.769,79.1009,112.87
125.645,35.0672,79.3353,114.402
125.665,33.9745,80.1755,114.15
125.685,34.5847,80.2658,114.851
125.705,33.7285,79.4343,113.163
125.725,34.5573,80.5833,115.141
125.745,36.6557,80.5921,117.248
125.765,34.1438,80.2015,114.345
125.785,34.0809,79.8769,113.958
125.805,32.8916,79.8728,112.764
125.825,35.0548,79.0998,114.155
125.845,34.2298,79.2857,113.515
125.865,34.5945,79.9014,114.496
125.885,35.6962,79.0922,114.788
125.905,35.1747,79.2601,114.435
125.925,34.4387,79.6074,114.046
125.945,34.573,79.2938,113.867
125.965,36.769,79.3816,116.151
125.985,35.0989,79.1779,114.277
126.005,34.4289,80.1404,114.569
126.025,34.2442,79.312,113.556
126.045,33.3427,78.6495,111.992
126.065,34.3448,80.0854,114.43
126.085,34.4719,79.0262,113.498
126.105,33.9823,78.938,112.92
126.125,35.749,79.0868,114.836
126.145,37.3173,79.1437,116.461
126.165,37.424,78.879,116.303
126.185,34.4442,79.2497,113.694
126.205,35.1293,79.0925,114.222
126.225,35.5854,78.4958,114.081
126.245,35.1926,78.1799,113.373
126.265,35.1861,78.5349,113.721
126.285,32.9842,77.8258,110.81
126.305,33.291,78.6869,111.978
126.325,33.3963,78.8516,112.248
126.345,34.01,78.7295,112.74
126.365,32.6036,77.8973,110.501
126.385,35.2094,78.3542,113.564
126.405,35.4099,78.6269,114.037
126.425,33.3669,77.9081,111.275
126.445,33.2619,78.2674,111.529
126.465,35.1545,78.106,113.261
126.485,35.6387,77.7298,113.368
126.505,33.5481,78.2604,111.808
126.525,33.1912,77.9505,111.142
126.545,34.9904,78.0961,113.086
126.565,33.6782,78.305,111.983
126.585,34.455,77.32,111.775
126.605,33.0575,77.7326,110.79
126.625,30.6824,76.2833,106.966
126.645,36.2471,78.9524,115.2
126.665,35.3499,79.6851,115.035
126.685,32.0828,77.9696,110.052
126.705,33.8266,77.7562,111.583
126.725,34.7184,78.5704,113.289
126.745,34.5742,78.3073,112.882
126.765,34.3134,79.4531,113.766
126.785,34.3351,76.3751,110.71
126.805,33.7208,77.5223,111.243
126.825,33.1544,77.8016,110.956
126.845,33.3543,77.9883,111.343
126.865,33.388,77.9933,111.381
126.885,34.375,77.4795,111.854
126.905,34.9532,77.9796,112.933
126.925,34.0824,77.3693,111.452
126.945,33.9757,78.4389,112.415
126.965,33.6037,77.0168,110.621
126.985,33.8927,78.9753,112.868
127.005,33.3875,76.9491,110.337
127.025,32.2589,77.491,109.75
127.045,33.1479,77.9223,111.07
127.065,33.6642,77.1845,110.849
127.085,33.4608,77.5111,110.972
127.105,33.046,76.3582,109.404
127.125,32.9998,77.2545,110.254
127.145,32.227,75.9624,108.189
127.165,33.6668,76.5726,110.239
127.185,33.5891,77.3156,110.905
127.205,34.955,77.4251,112.38
127.225,34.0246,77.0578,111.082
127.245,33.2965,77.066,110.362
127.265,34.5459,77.1185,111.664
127.285,32.3315,76.6168,108.948
127.305,34.483,77.8921,112.375
127.325,33.1526,77.5229,110.676
127.345,34.1467,76.5517,110.698
127.365,31.9991,77.0363,109.035
127.385,33.9401,76.3141,110.254
127.405,32.8968,76.1516,109.048
127.425,33.5397,77.1801,110.72
127.445,33.7329,77.3667,111.1
127.465,32.9298,77.3598,110.29
127.485,33.5439,77.3033,110.847
127.505,31.6949,76.2922,107.987
127.525,33.9364,77.7784,111.715
127.545,30.6661,77.3552,108.021
127.565,33.3218,76.3275,109.649
127.585,30.4586,76.7808,107.239
127.605,31.7495,76.2048,107.954
127.625,32.6509,76.8741,109.525
127.645,34.0511,77.0993,111.15
127.665,33.6665,76.9854,110.652
127.685,31.9145,75.7654,107.68
127.705,34.2497,76.4201,110.67
127.725,34.7488,76.8618,111.611
127.745,33.3114,76.9766,110.288
127.765,33.7838,76.2135,109.997
127.785,33.7833,75.9809,109.764
127.805,33.2357,75.5489,108.785
127.825,34.4141,76.9873,111.401
127.845,34.4883,77.0394,111.528
127.865,32.8034,75.4391,108.243
127.885,32.055,77.247,109.302
127.905,31.7135,75.7157,107.429
127.925,32.9103,75.9367,108.847
127.945,32.7424,76.596,109.338
127.965,31.7736,74.9048,106.678
127.985,31.3242,75.4982,106.822
128.005,32.7287,75.9324,108.661
128.025,32.9207,75.1561,108.077
128.045,32.6904,76.0828,108.773
128.065,32.0372,75.513,107.55
128.085,32.8655,76.2124,109.078
128.105,33.127,76.3717,109.499
128.125,33.328,75.4386,108.767
128.145,32.8266,75.3991,108.226
128.165,32.3369,74.9116,107.249
128.185,32.0531,75.3045,107.358
128.205,31.3631,74.8205,106.184
128.225,32.0534,75.8505,107.904
128.245,32.6963,75.1427,107.839
128.265,34.222,75.6201,109.842
128.285,32.5059,74.7931,107.299
128.305,32.1322,75.1305,107.263
128.325,33.3408,74.7921,108.133
128.345,31.3433,74.3166,105.66
128.365,32.7927,75.0556,107.848
128.385,31.9925,74.9401,106.933
128.405,32.51,75.4325,107.943
128.425,31.4287,74.3039,105.733
128.445,31.6702,74.5029,106.173
128.465,33.7526,75.6966,109.449
128.485,33.5703,75.4842,109.055
128.505,30.199,74.4334,104.632
128.525,32.5708,74.5802,107.151
128.545,30.737,74.0769,104.814
128.565,31.9008,75.0851,106.986
128.585,31.5561,75.7991,107.355
128.605,31.6754,75.1969,106.872
128.625,31.7299,74.8429,106.573
128.645,32.8352,75.5688,108.404
128.665,31.7503,74.6248,106.375
128.685,31.7585,73.5358,105.294
128.705,33.3577,74.2212,107.579
128.725,31.8703,75.38,107.25
128.745,31.4241,75.1688,106.593
128.765,33.5517,75.0084,108.56
128.785,33.5759,74.5826,108.158
128.805,32.6197,74.1382,106.758
128.825,31.5139,74.5097,106.024
128.845,31.8205,74.6948,106.515
128.865,31.3861,73.3455,104.732
128.885,32.9047,74.961,107.866
128.905,31.9295,74.0527,105.982
128.925,32.4522,74.6767,107.129
128.945,29.5713,74.2494,103.821
128.965,31.7292,74.6373,106.367
128.985,30.9692,74.3871,105.356
129.005,32.5712,73.7286,106.3
129.025,33.0896,74.0853,107.175
129.045,32.1587,73.5743,105.733
129.065,31.7299,73.8702,105.6
129.085,31.8205,74.4826,106.303
129.105,32.5538,74.045,106.599
129.125,31.9105,74.1986,106.109
129.145,32.2823,73.9533,106.236
129.165,31.063,74.0795,105.143
129.185,31.7404,74.8185,106.559
129.205,29.9588,74.0142,103.973
129.225,31.5564,74.0994,105.656
129.245,31.4129,74.2538,105.667
129.265,29.9558,73.4886,103.444
129.285,31.5398,74.2575,105.797
129.305,30.3159,73.1984,103.514
129.325,31.6966,74.239,105.936
129.345,32.5751,73.7837,106.359
129.365,31.7356,73.5501,105.286
129.385,30.4015,74.2612,104.663
129.405,29.4305,73.3535,102.784
129.425,30.8296,73.8484,104.678
129.445,31.9122,75.0433,106.955
129.465,32.202,72.8926,105.095
129.485,31.5192,72.9568,104.476
129.505,32.3856,72.5725,104.958
129.525,31.0513,74.0222,105.074
129.545,30.2859,73.2875,103.573
129.565,30.835,72.7933,103.628
129.585,30.7706,73.2559,104.027
129.605,30.5177,72.881,103.399
129.625,31.3339,73.6281,104.962
129.645,31.7306,73.3783,105.109
129.665,31.5391,72.3196,103.859
129.685,29.5786,72.0613,101.64
129.705,30.7516,72.3228,103.074
129.725,29.3127,73.0428,102.355
129.745,32.2731,72.8503,105.123
129.765,32.7551,74.0393,106.794
129.785,29.626,72.6309,102.257
129.805,28.7599,71.6917,100.452
129.825,32.5409,73.0346,105.576
129.845,32.6429,72.8384,105.481
129.865,32.6441,72.2661,104.91
129.885,31.3576,72.8687,104.226
129.905,29.7374,73.1915,102.929
129.925,30.5555,72.2748,102.83
129.945,30.6433,71.9115,102.555
129.965,32.2768,72.7078,104.985
129.985,31.5607,72.5641,104.125
130.005,30.459,72.4947,102.954
130.025,29.3085,71.5659,100.874
130.045,31.5703,72.7042,104.275
130.065,31.2554,71.8024,103.058
130.085,31.6563,72.5259,104.182
130.105,30.5152,72.8173,103.332
130.125,30.065,72.3976,102.463
130.145,31.207,73.1289,104.336
130.165,30.2499,73.6505,103.9
130.185,31.2225,72.4371,103.66
130.205,29.8327,71.0344,100.867
130.225,29.1857,71.2574,100.443
130.245,30.6074,71.5678,102.175
130.265,29.5894,72.4803,102.07
130.285,30.2121,71.2378,101.45
130.305,31.1885,71.8117,103
130.325,31.9024,73.323,105.225
130.345,30.8253,71.8117,102.637
130.365,30.6297,72.1065,102.736
130.385,31.6092,72.5325,104.142
130.405,30.355,72.113,102.468
130.425,29.5639,71.2618,100.826
130.445,29.3371,72.2383,101.575
130.465,30.0524,71.0617,101.114
130.485,29.3135,71.0103,100.324
130.505,29.7313,71.8068,101.538
130.525,30.2778,71.121,101.399
130.545,30.3393,71.1918,101.531
130.565,30.8915,72.2679,103.159
130.585,30.2559,71.8721,102.128
130.605,30.0876,70.9954,101.083
130.625,29.3801,72.1486,101.529
130.645,31.5896,71.29,102.88
130.665,30.2335,71.2566,101.49
130.685,30.6643,71.4029,102.067
130.705,29.1904,70.8938,100.084
130.725,30.8501,71.1575,102.008
130.745,29.4079,71.2077,100.616
130.765,27.8387,70.9794,98.818
130.785,28.4398,70.6286,99.0684
130.805,30.4882,72.3085,102.797
130.825,30.1877,72.3456,102.533
130.845,29.8919,70.8788,100.771
130.865,29.483,71.1171,100.6
130.885,30.6591,70.9139,101.573
130.905,29.1125,71.0624,100.175
130.925,30.2111,71.439,101.65
130.945,30.0583,71.4791,101.537
130.965,31.5129,71.174,102.687
130.985,28.8131,70.105,98.9181
131.005,29.78,70.7736,100.554
131.025,29.9165,70.8903,100.807
131.045,30.2906,71.0791,101.37
131.065,29.9553,71.2056,101.161
131.085,31.0018,71.6247,102.627
131.105,30.1843,70.7462,100.931
131.125,31.6446,71.5488,103.193
131.145,29.7269,70.6314,100.358
131.165,30.3305,70.8207,101.151
131.185,28.1326,70.2236,98.3561
131.205,29.9307,70.5037,100.434
131.225,29.0148,69.8928,98.9077
131.245,30.5475,70.2953,100.843
131.265,30.3167,70.6435,100.96
131.285,28.9192,70.2534,99.1726
131.305,29.4616,70.2383,99.6998
131.325,28.1993,70.0134,98.2127
131.345,29.7588,70.8691,100.628
131.365,29.5797,70.7583,100.338
131.385,29.0529,69.8549,98.9078
131.405,28.7459,71.5024,100.248
131.425,30.1169,70.0915,100.208
131.445,30.056,69.773,99.829
131.465,27.7748,69.9737,97.7485
131.485,28.3619,69.9883,98.3502
131.505,29.6824,70.4165,100.099
131.525,29.6463,70.2724,99.9188
131.545,28.0032,70.4801,98.4834
131.565,28.3542,69.8718,98.226
131.585,30.2338,70.0404,100.274
131.605,29.0114,70.4875,99.4988
131.625,27.9338,69.4645,97.3983
131.645,29.3709,69.4239,98.7948
131.665,30.9815,70.2204,101.202
131.685,29.8654,69.498,99.3634
131.705,28.952,70.5643,99.5163
131.725,30.944,69.8726,100.817
131.745,28.5261,69.9588,98.4849
131.765,29.7377,68.9955,98.7332
131.785,28.8109,70.1145,98.9254
131.805,29.5357,69.2909,98.8266
131.825,28.8908,69.6094,98.5002
131.845,29.0905,70.2461,99.3367
131.865,28.8605,68.9633,97.8237
131.885,31.0521,69.1117,100.164
131.905,28.6511,69.5726,98.2238
131.925,30.2134,69.4038,99.6172
131.945,29.9716,69.9313,99.9029
131.965,29.3519,69.7858,99.1377
131.985,29.3737,69.3203,98.694
132.005,27.4304,68.4336,95.8639
132.025,28.7625,69.7278,98.4903
132.045,29.2826,69.2347,98.5173
132.065,29.2511,68.8834,98.1344
132.085,29.2821,68.8387,98.1208
132.105,25.7808,68.8663,94.647
132.125,29.9895,68.4329,98.4224
132.145,28.3898,68.9343,97.3241
132.165,27.4689,68.9469,96.4157
132.185,29.9079,68.0162,97.9241
132.205,26.3026,68.1566,94.4592
132.225,28.6517,70.5156,99.1673
132.245,28.0297,70.3288,98.3585
132.265,28.7667,69.1916,97.9582
132.285,26.8072,68.3489,95.1561
132.305,28.2352,69.5333,97.7685
132.325,28.7797,69.3129,98.0926
132.345,28.7477,68.702,97.4498
132.365,29.046,68.4181,97.4641
132.385,27.2055,68.7217,95.9272
132.405,27.9866,69.3904,97.3771
132.425,30.0125,68.6936,98.7061
132.445,28.419,67.6796,96.0986
132.465,29.3003,68.6065,97.9068
132.485,29.7329,69.741,99.474
132.505,28.5984,68.3854,96.9837
132.525,28.0433,68.9309,96.9742
132.545,27.3788,68.4269,95.8057
132.565,28.0253,68.5348,96.5601
132.585,28.9167,68.6485,97.5652
132.605,27.6464,68.3543,96.0006
132.625,28.1699,68.1405,96.3104
132.645,29.9654,69.2622,99.2275
132.665,27.6365,68.456,96.0925
132.685,27.1024,67.6695,94.7719
132.705,26.2233,68.5397,94.763
132.725,28.4472,68.3696,96.8169
132.745,29.8728,67.9802,97.853
132.765,27.2281,68.0612,95.2892
132.785,29.7462,68.9998,98.746
132.805,27.3827,67.7172,95.0999
132.825,27.5937,68.2762,95.8699
132.845,28.4512,67.7868,96.2381
132.865,29.5105,68.2517,97.7622
132.885,26.4344,67.4728,93.9072
132.905,28.3742,67.6549,96.0291
132.925,28.1139,68.1953,96.3092
132.945,28.4839,67.6446,96.1285
132.965,25.9411,67.2779,93.219
132.985,27.8555,67.6816,95.537
133.005,29.138,68.6158,97.7539
133.025,27.4748,68.1771,95.6519
133.045,28.2073,68.1543,96.3617
133.065,28.4357,67.8926,96.3283
133.085,26.133,67.7321,93.8651
133.105,28.8199,67.4698,96.2897
133.125,27.3703,67.6724,95.0427
133.145,28.146,67.2843,95.4303
133.165,30.1692,68.757,98.9262
133.185,28.1414,67.2102,95.3516
133.205,25.6817,66.7258,92.4075
133.225,27.8399,67.0575,94.8974
133.245,28.351,68.129,96.48
133.265,27.1543,68.2767,95.431
133.285,26.4705,66.5991,93.0696
133.305,28.4583,68.1243,96.5826
133.325,27.2505,67.3737,94.6242
133.345,28.088,68.025,96.113
133.365,26.3431,66.4639,92.8069
133.385,28.4669,67.1552,95.622
133.405,25.9911,66.9128,92.9038
133.425,27.2374,66.2852,93.5227
133.445,27.123,67.9171,95.0401
133.465,27.8623,66.862,94.7242
133.485,30.1138,67.5637,97.6775
133.505,26.3451,66.2421,92.5872
133.525,27.4338,66.612,94.0457
133.545,27.2938,67.2785,94.5723
133.565,26.7663,67.0829,93.8492
133.585,27.5016,66.0624,93.5639
133.605,27.2959,66.893,94.1889
133.625,27.4838,66.2784,93.7622
133.645,27.1687,66.403,93.5717
133.665,27.8564,67.2706,95.127
133.685,26.6687,67.0321,93.7007
133.705,27.4569,67.1145,94.5714
133.725,28.4299,67.4216,95.8515
133.745,27.7046,66.9865,94.691
133.765,26.6049,66.9478,93.5527
133.785,26.2861,66.2534,92.5395
133.805,26.6884,66.4341,93.1225
133.825,27.6892,67.0016,94.6908
133.845,27.1259,66.7972,93.9231
133.865,26.4083,66.7655,93.1738
133.885,27.4965,66.6796,94.176
133.905,27.8889,66.693,94.5818
133.925,26.3097,66.2768,92.5866
133.945,27.4555,66.5295,93.9851
133.965,26.4878,66.6774,93.1652
133.985,26.2999,66.7303,93.0302
134.005,26.867,65.9876,92.8546
134.025,27.6506,66.2767,93.9273
134.045,26.8626,65.7043,92.5669
134.065,27.3233,66.2895,93.6129
134.085,27.7542,66.1364,93.8906
134.105,27.0087,66.6841,93.6928
134.125,26.5646,65.334,91.8986
134.145,27.4952,66.1111,93.6063
134.165,26.1264,66.034,92.1604
134.185,25.6508,66.3636,92.0144
134.205,26.0646,65.9925,92.0572
134.225,25.4536,66.0625,91.5161
134.245,26.2148,65.5678,91.7826
134.265,26.7917,66.5082,93.2999
134.285,25.5683,65.9559,91.5242
134.305,25.9202,66.1614,92.0816
134.325,25.4659,65.9992,91.4652
134.345,27.8221,65.5321,93.3543
134.365,27.2609,65.5037,92.7646
134.385,26.9414,65.4767,92.4181
134.405,25.1287,66.3516,91.4803
134.425,25.7417,64.4487,90.1904
134.445,26.142,65.5258,91.6678
134.465,26.3551,65.8241,92.1792
134.485,26.2721,64.9956,91.2677
134.505,26.7789,65.9262,92.7052
134.525,26.4887,65.6951,92.1839
134.545,25.5025,65.3663,90.8688
134.565,26.9922,65.207,92.1993
134.585,27.15,65.975,93.125
134.605,26.2994,66.4981,92.7975
134.625,26.3425,65.7417,92.0843
134.645,25.7768,64.4964,90.2732
134.665,25.9202,65.7035,91.6238
134.685,26.7341,65.3886,92.1228
134.705,27.7343,65.7486,93.4829
134.725,27.4612,64.338,91.7992
134.745,26.6683,66.4163,93.0846
134.765,25.3305,64.4698,89.8004
134.785,25.2815,64.4624,89.7438
134.805,26.0846,64.6931,90.7777
134.825,25.9672,65.1459,91.1131
134.845,25.2449,65.3149,90.5598
134.865,26.5706,63.7626,90.3333
134.885,27.4287,65.5482,92.9769
134.905,26.7753,65.2602,92.0355
134.925,24.6724,64.5542,89.2266
134.945,25.5531,64.6083,90.1614
134.965,25.504,64.0164,89.5204
134.985,25.9793,64.72,90.6993
135.005,24.766,64.8689,89.6349
135.025,25.0041,64.2474,89.2515
135.045,25.6699,64.4418,90.1117
135.065,27.2142,65.0596,92.2738
135.085,25.3349,65.2843,90.6192
135.105,25.1747,64.6243,89.799
135.125,25.3921,63.5876,88.9798
135.145,26.3103,64.6699,90.9803
135.165,26.7285,64.3607,91.0892
135.185,25.4806,64.2396,89.7201
135.205,27.5665,64.63,92.1965
135.225,25.477,64.3385,89.8154
135.245,24.7079,64.309,89.0169
135.265,26.8312,64.2048,91.036
135.285,25.7978,63.5443,89.342
135.305,26.3775,64.5345,90.912
135.325,25.5804,63.7141,89.2945
135.345,24.4242,63.6631,88.0873
135.365,25.2781,63.3626,88.6406
135.385,25.1344,63.4563,88.5908
135.405,27.0576,63.9137,90.9714
135.425,26.4314,63.078,89.5094
135.445,25.022,63.9634,88.9854
135.465,24.5574,63.804,88.3613
135.485,25.5513,63.5489,89.1002
135.505,25.1302,63.6091,88.7392
135.525,25.318,64.2179,89.5359
135.545,25.2448,63.0966,88.3413
135.565,25.1508,63.993,89.1438
135.585,25.5734,63.2811,88.8545
135.605,25.5975,63.1606,88.7581
135.625,25.2078,63.1346,88.3424
135.645,23.9954,62.7036,86.699
135.665,25.0726,63.4546,88.5272
135.685,25.4188,63.2885,88.7074
135.705,24.0334,62.9751,87.0085
135.725,26.0079,62.8698,88.8776
135.745,25.3651,63.8196,89.1848
135.765,25.7802,63.2436,89.0238
135.785,24.6336,63.3769,88.0105
135.805,26.33,64.1684,90.4984
135.825,24.7644,63.4889,88.2533
135.845,25.3602,62.5107,87.8709
135.865,25.5797,63.0925,88.6722
135.885,24.0856,62.5947,86.6803
135.905,24.9231,63.1817,88.1048
135.925,23.8831,62.4706,86.3537
135.945,24.8469,63.7509,88.5979
135.965,24.3366,62.3974,86.734
135.985,23.8421,62.8254,86.6675
136.005,24.4568,63.1668,87.6235
136.025,25.683,62.8285,88.5115
136.045,25.9333,62.7435,88.6768
136.065,23.1652,62.6643,85.8295
136.085,25.6483,62.8437,88.492
136.105,24.8115,62.3987,87.2102
136.125,25.4348,63.416,88.8508
136.145,24.739,63.4338,88.1728
136.165,24.4938,62.2286,86.7224
136.185,24.3996,62.9866,87.3861
136.205,25.0874,62.6582,87.7456
136.225,24.6787,62.6999,87.3786
136.245,24.1785,62.2117,86.3902
136.265,24.7202,62.3926,87.1127
136.285,26.2818,61.8973,88.1791
136.305,24.6648,62.1713,86.8362
136.325,26.888,63.2446,90.1326
136.345,24.6453,62.3076,86.9529
136.365,25.4457,62.3509,87.7966
136.385,23.9096,62.2884,86.1979
136.405,25.9526,62.741,88.6936
136.425,25.5549,62.6636,88.2184
136.445,24.8158,61.2352,86.051
136.465,24.0096,61.6597,85.6692
136.485,23.9755,62.1199,86.0953
136.505,23.7773,61.8815,85.6589
136.525,24.5946,62.2163,86.8109
136.545,24.1469,62.1439,86.2908
136.565,24.0321,62.3034,86.3355
136.585,23.7941,61.7199,85.514
136.605,24.7177,62.2783,86.996
136.625,23.4395,62.4701,85.9096
136.645,25.0568,61.7308,86.7875
136.665,24.8661,61.4878,86.3539
136.685,24.4752,61.5857,86.0609
136.705,24.3247,61.509,85.8337
136.725,23.3029,61.3743,84.6773
136.745,23.3721,62.5908,85.9629
136.765,24.3776,62.2918,86.6694
136.785,24.8276,61.3725,86.2001
136.805,24.0213,61.651,85.6723
136.825,22.8253,61.2603,84.0856
136.845,25.1889,61.6029,86.7919
136.865,25.2027,61.8007,87.0035
136.885,24.7986,60.9179,85.7166
136.905,24.1834,61.34,85.5234
136.925,23.8635,61.3919,85.2554
136.945,24.7756,61.8721,86.6477
136.965,22.4332,60.9942,83.4274
136.985,25.5334,61.2581,86.7915
137.005,24.3733,61.5309,85.9042
137.025,25.0469,61.0654,86.1123
137.045,24.2076,61.1883,85.3959
137.065,23.8201,61.2472,85.0672
137.085,21.857,60.9717,82.8287
137.105,23.104,60.4221,83.5261
137.125,22.4714,60.7589,83.2302
137.145,24.0398,61.5383,85.5781
137.165,23.3527,61.2911,84.6438
137.185,24.422,61.3039,85.7258
137.205,23.3456,60.7877,84.1332
137.225,24.8631,60.6374,85.5005
137.245,25.3119,61.0131,86.3251
137.265,23.8214,60.5498,84.3712
137.285,24.0491,60.8472,84.8963
137.305,23.7778,60.2261,84.0039
137.325,23.8776,61.1085,84.986
137.345,23.3556,60.639,83.9947
137.365,23.895,60.4067,84.3017
137.385,22.5149,60.3976,82.9125
137.405,23.4286,60.1809,83.6094
137.425,25.9508,61.2513,87.2021
137.445,24.3074,60.5115,84.8189
137.465,24.309,60.227,84.536
137.485,23.4372,60.5879,84.0251
137.505,22.4669,59.3599,81.8268
137.525,22.9249,59.5628,82.4877
137.545,22.5477,58.9295,81.4772
137.565,24.8421,60.9278,85.7699
137.585,23.6327,59.6616,83.2943
137.605,22.5393,59.3838,81.9231
137.625,23.236,60.2925,83.5285
137.645,22.1822,60.1704,82.3526
137.665,22.7779,60.2672,83.0452
137.685,23.1303,60.8742,84.0045
137.705,24.6388,59.6932,84.3321
137.725,23.0063,59.3154,82.3217
137.745,23.8344,59.0021,82.8365
137.765,23.9023,60.6529,84.5552
137.785,22.962,59.6759,82.6379
137.805,23.6192,60.9497,84.569
137.825,22.6168,59.4295,82.0463
137.845,23.169,59.8106,82.9796
137.865,23.602,60.1656,83.7676
137.885,24.1614,59.7213,83.8827
137.905,21.8342,59.343,81.1772
137.925,23.937,60.1205,84.0575
137.945,23.023,59.787,82.81
137.965,22.736,59.1997,81.9357
137.985,22.787,59.4301,82.2171
138.005,22.7696,59.3895,82.1591
138.025,22.3896,59.5323,81.922
138.045,23.7171,59.8628,83.5799
138.065,23.4874,59.7327,83.2201
138.085,23.4674,59.2613,82.7287
138.105,24.1007,59.6992,83.7999
138.125,22.1485,59.2796,81.4281
138.145,24.0742,58.8247,82.8989
138.165,21.8281,59.6415,81.4696
138.185,23.3345,59.5551,82.8896
138.205,22.434,59.1688,81.6028
138.225,24.0061,58.4986,82.5046
138.245,22.0934,59.6713,81.7647
138.265,23.5841,58.5869,82.1709
138.285,21.4184,59.5823,81.0007
138.305,23.444,59.2964,82.7405
138.325,22.5462,58.4314,80.9776
138.345,22.4265,59.1132,81.5397
138.365,22.4949,59.4602,81.9551
138.385,21.7084,58.3703,80.0787
138.405,22.7031,59.2084,81.9114
138.425,22.849,58.712,81.561
138.445,22.3518,58.444,80.7958
138.465,21.7105,58.7161,80.4267
138.485,23.1117,58.1126,81.2243
138.505,22.3768,57.9336,80.3104
138.525,22.0722,58.3228,80.395
138.545,23.1548,59.2532,82.4079
138.565,22.978,59.635,82.6131
138.585,23.0204,58.0414,81.0618
138.605,22.4363,58.5515,80.9878
138.625,21.1358,58.6458,79.7816
138.645,21.6391,58.6269,80.266
138.665,22.2972,57.9791,80.2763
138.685,22.6335,59.4613,82.0948
138.705,22.4984,58.2642,80.7627
138.725,21.866,57.8887,79.7548
138.745,22.7339,58.109,80.843
138.765,23.1337,58.7986,81.9322
138.785,22.6393,58.8002,81.4395
138.805,21.9017,57.7434,79.6451
138.825,22.0006,58.2992,80.2998
138.845,21.8968,57.4332,79.33
138.865,23.1088,58.6313,81.7401
138.885,21.3474,57.9531,79.3006
138.905,20.7377,57.5586,78.2963
138.925,22.232,57.2582,79.4902
138.945,21.796,58.174,79.97
138.965,22.4489,57.4943,79.9432
138.985,22.8162,57.5653,80.3814
139.005,21.8712,58.5701,80.4412
139.025,22.4188,58.1397,80.5585
139.045,22.4108,57.0849,79.4957
139.065,21.6031,57.3823,78.9854
139.085,22.5256,57.6847,80.2104
139.105,21.6865,57.0392,78.7257
139.125,20.6991,57.4746,78.1737
139.145,21.9868,57.8628,79.8496
139.165,22.5391,58.3467,80.8858
139.185,22.4091,57.2617,79.6709
139.205,22.3265,57.3623,79.6888
139.225,22.5629,57.8588,80.4217
139.245,23.176,57.4043,80.5803
139.265,21.4552,57.6199,79.0752
139.285,22.3949,57.3278,79.7227
139.305,20.5315,57.6071,78.1386
139.325,21.6403,57.4196,79.0599
139.345,23.1556,57.3838,80.5393
139.365,21.3156,57.2506,78.5662
139.385,21.7006,56.9456,78.6462
139.405,21.0655,56.8694,77.9349
139.425,21.6501,57.8233,79.4734
139.445,21.6049,56.3087,77.9136
139.465,22.4242,58.0873,80.5115
139.485,20.866,56.5745,77.4405
139.505,21.7087,56.7175,78.4262
139.525,20.7327,57.1505,77.8832
139.545,20.6705,56.5891,77.2596
139.565,21.454,56.9208,78.3748
139.585,21.6287,56.938,78.5667
139.605,21.6879,57.1229,78.8109
139.625,21.8116,56.9465,78.7582
139.645,21.0937,56.4099,77.5037
139.665,22.2777,56.8563,79.134
139.685,21.1141,56.0092,77.1234
139.705,22.1425,56.9876,79.1301
139.725,20.0836,56.7892,76.8728
139.745,21.8354,56.3757,78.2111
139.765,20.8469,56.5047,77.3516
139.785,20.1381,56.5247,76.6628
139.805,20.5688,56.579,77.1478
139.825,22.455,57.3069,79.7619
139.845,20.6587,56.7163,77.375
139.865,22.3729,55.392,77.765
139.885,21.8828,57.0056,78.8884
139.905,20.6627,56.936,77.5987
139.925,22.0327,56.4175,78.4502
139.945,21.9072,56.7993,78.7065
139.965,21.4189,56.6318,78.0507
139.985,21.0588,56.241,77.2998
140.005,20.8545,55.7102,76.5647
140.025,20.5639,56.0069,76.5708
140.045,20.9792,56.0525,77.0317
140.065,19.716,55.4729,75.1889
140.085,21.5046,56.2204,77.725
140.105,21.9623,56.4481,78.4104
140.125,21.5633,56.2795,77.8428
140.145,19.8216,56.6143,76.4359
140.165,21.4572,55.1217,76.5789
140.185,20.781,55.6624,76.4434
140.205,21.5499,56.2825,77.8324
140.225,20.7556,56.2747,77.0303
140.245,21.2017,55.0961,76.2977
140.265,20.7883,54.9423,75.7306
140.285,20.8074,55.9762,76.7836
140.305,21.1023,56.114,77.2163
140.325,20.2718,55.5151,75.7869
140.345,20.8807,55.8369,76.7176
140.365,19.8595,54.9695,74.829
140.385,20.9479,54.7054,75.6534
140.405,20.8009,55.7448,76.5457
140.425,21.156,54.9929,76.1489
140.445,20.4968,55.3618,75.8586
140.465,20.6901,55.4782,76.1683
140.485,20.2371,55.3195,75.5566
140.505,20.9234,55.0179,75.9413
140.525,20.6046,54.8474,75.452
140.545,19.665,55.1831,74.8481
140.565,20.5038,55.6726,76.1763
140.585,19.8577,55.0411,74.8988
140.605,19.379,54.5157,73.8947
140.625,20.5178,55.396,75.9138
140.645,19.4108,55.0922,74.5031
140.665,20.9057,55.5099,76.4156
140.685,21.4525,55.6452,77.0976
140.705,19.557,53.8428,73.3998
140.725,20.4195,55.0673,75.4868
140.745,20.3101,54.4747,74.7847
140.765,20.2256,53.9635,74.1892
140.785,20.1763,54.2078,74.3841
140.805,20.2961,55.239,75.535
140.825,20.0001,54.9702,74.9703
140.845,20.7551,54.0596,74.8148
140.865,19.9864,54.7742,74.7606
140.885,20.4605,55.0053,75.4658
140.905,20.9644,54.5006,75.4651
140.925,19.7143,53.9152,73.6295
140.945,19.9619,53.8984,73.8604
140.965,20.9054,54.3346,75.24
140.985,19.711,54.8485,74.5595
141.005,19.5362,54.5106,74.0468
141.025,19.6585,54.5694,74.2279
141.045,18.662,54.1922,72.8542
141.065,19.7608,54.219,73.9798
141.085,19.7698,54.1522,73.9219
141.105,20.9823,53.817,74.7993
141.125,19.8767,54.1572,74.0339
141.145,19.3797,53.5696,72.9494
141.165,19.6457,53.5761,73.2217
141.185,20.4502,54.3088,74.7591
141.205,19.5407,53.6522,73.193
141.225,19.4933,53.4975,72.9908
141.245,19.8268,53.1806,73.0073
141.265,19.5562,54.0425,73.5986
141.285,19.7317,53.5602,73.2919
141.305,20.662,53.5976,74.2595
141.325,19.9839,53.7185,73.7024
141.345,18.5928,54.154,72.7468
141.365,19.9265,53.7565,73.6829
141.385,18.945,54.1097,73.0548
141.405,20.2974,54.1675,74.4649
141.425,19.7701,54.1495,73.9196
141.445,19.9738,54.0951,74.069
141.465,20.2767,53.7483,74.025
141.485,19.3516,54.2534,73.605
141.505,20.6293,53.4505,74.0799
141.525,19.5271,53.1568,72.6839
141.545,19.4876,53.4667,72.9543
141.565,19.2027,53.2945,72.4973
141.585,19.5208,53.4747,72.9955
141.605,19.7251,54.0121,73.7372
141.625,19.9307,53.8653,73.796
141.645,18.7915,53.7313,72.5228
141.665,20.0112,52.906,72.9172
141.685,18.5331,53.1464,71.6795
141.705,20.0887,52.8212,72.9099
141.725,19.5814,53.5246,73.1059
141.745,18.5225,53.2549,71.7773
141.765,18.7896,53.0645,71.8541
141.785,18.4233,52.6732,71.0965
141.805,21.2236,53.3282,74.5518
141.825,20.0627,52.5786,72.6412
141.845,19.4243,52.7594,72.1837
141.865,19.5612,52.3426,71.9038
141.885,18.4539,52.6915,71.1454
141.905,20.1099,52.7712,72.881
141.925,17.8923,52.9176,70.8099
141.945,18.7096,52.112,70.8216
141.965,19.2462,52.217,71.4632
141.985,19.1106,52.972,72.0826
142.005,18.6249,52.5202,71.1451
142.025,20.0608,51.9058,71.9666
142.045,19.6606,52.6086,72.2693
142.065,18.716,52.7306,71.4466
142.085,19.584,52.2212,71.8052
142.105,19.2552,52.4913,71.7465
142.125,18.6407,52.29,70.9307
142.145,19.3023,52.1446,71.4469
142.165,19.264,52.6087,71.8727
142.185,19.466,52.0264,71.4923
142.205,18.1896,51.8889,70.0785
142.225,19.4105,51.5965,71.0071
142.245,18.5621,51.9109,70.4731
142.265,19.1863,52.6202,71.8064
142.285,19.1712,51.5278,70.699
142.305,18.5077,51.6863,70.194
142.325,18.8604,51.3307,70.1911
142.345,18.9202,51.5702,70.4903
142.365,19.6341,51.9319,71.5661
142.385,19.1136,51.2657,70.3794
142.405,18.1082,51.8648,69.973
142.425,18.3121,51.4331,69.7453
142.445,18.5256,51.5291,70.0547
142.465,18.6858,51.7474,70.4332
142.485,19.485,51.0279,70.5129
142.505,18.2419,52.1323,70.3741
142.525,17.9524,50.8474,68.7998
142.545,19.063,51.7253,70.7883
142.565,18.2691,50.9797,69.2489
142.585,17.5697,50.8629,68.4327
142.605,18.5517,51.6891,70.2408
142.625,18.1694,50.9657,69.1352
142.645,18.8329,50.7789,69.6118
142.665,19.7558,50.6803,70.4361
142.685,18.656,51.084,69.74
142.705,18.2212,51.2992,69.5203
142.725,19.1815,50.9876,70.1692
142.745,18.5609,50.5758,69.1367
142.765,18.1138,51.1544,69.2681
142.785,18.3035,50.664,68.9676
142.805,17.6024,51.0051,68.6075
142.825,18.1595,50.945,69.1045
142.845,18.7677,51.0988,69.8665
142.865,18.0892,50.8381,68.9273
142.885,19.8348,51.0863,70.9212
142.905,18.726,50.9876,69.7136
142.925,18.1256,50.8562,68.9819
142.945,17.6448,50.4814,68.1262
142.965,17.673,49.7994,67.4724
142.985,18.4513,50.6286,69.0799
143.005,17.1375,50.4002,67.5377
143.025,18.1886,49.7004,67.889
143.045,18.1591,50.1901,68.3492
143.065,18.4482,50.467,68.9152
143.085,18.2652,49.8747,68.1399
143.105,18.7437,49.9407,68.6844
143.125,17.9757,50.2108,68.1865
143.145,17.7434,50.5777,68.3211
143.165,18.3863,50.3514,68.7377
143.185,19.0952,49.6791,68.7743
143.205,19.1873,50.2599,69.4472
143.225,17.8459,49.9012,67.7471
143.245,17.0355,49.7237,66.7592
143.265,17.6394,50.3229,67.9623
143.285,18.4908,49.5578,68.0487
143.305,17.9906,49.7721,67.7628
143.325,16.4003,49.5394,65.9397
143.345,18.6916,50.2234,68.915
143.365,16.9933,50.1911,67.1844
143.385,17.4812,50.4215,67.9027
143.405,17.5976,49.3993,66.9969
143.425,17.3624,48.9024,66.2649
143.445,17.7699,48.9899,66.7598
143.465,18.1365,49.4846,67.6211
143.485,17.9988,49.732,67.7308
143.505,16.971,49.4313,66.4023
143.525,16.8171,49.0467,65.8638
143.545,17.9361,49.8716,67.8077
143.565,17.6013,49.8482,67.4495
143.585,17.2,49.8639,67.0639
143.605,17.1963,49.5905,66.7868
143.625,18.6464,49.5126,68.159
143.645,16.8978,49.0244,65.9222
143.665,17.0692,48.7967,65.866
143.685,16.797,48.9071,65.7041
143.705,16.9815,49.9595,66.941
143.725,17.0671,49.4185,66.4855
143.745,17.4447,49.1586,66.6033
143.765,17.519,48.7744,66.2934
143.785,16.4375,48.9607,65.3983
143.805,16.2542,49.1336,65.3878
143.825,16.5854,48.6306,65.216
143.845,17.6502,49.3459,66.9961
143.865,18.011,49.0842,67.0952
143.885,17.61,48.7206,66.3306
143.905,16.3548,49.1264,65.4812
143.925,17.8735,48.9299,66.8034
143.945,16.2769,48.6728,64.9497
143.965,17.2205,48.7764,65.9969
143.985,17.0751,48.4091,65.4842
144.005,17.0447,48.708,65.7527
144.025,17.3022,48.3575,65.6598
144.045,17.4939,47.9572,65.4511
144.065,16.6793,48.6463,65.3256
144.085,17.1038,48.6744,65.7782
144.105,16.5063,48.2476,64.754
144.125,18.4482,48.4381,66.8863
144.145,17.8436,48.2634,66.107
144.165,16.6912,48.3342,65.0254
144.185,16.5216,48.2937,64.8154
144.205,16.9612,48.2175,65.1787
144.225,16.5168,48.6369,65.1537
144.245,17.4485,47.8865,65.3351
144.265,16.4646,48.0844,64.5491
144.285,16.4479,47.3047,63.7526
144.305,17.155,48.1182,65.2732
144.325,16.5038,47.8746,64.3784
144.345,16.4486,48.1024,64.5511
144.365,17.7552,48.0519,65.8071
144.385,16.0389,47.3079,63.3468
144.405,17.3265,47.5218,64.8483
144.425,16.4358,47.647,64.0828
144.445,16.2048,47.7837,63.9885
144.465,16.4524,47.8593,64.3118
144.485,17.348,47.86,65.208
144.505,16.5749,46.7158,63.2907
144.525,16.322,47.7425,64.0646
144.545,17.0188,47.5713,64.5901
144.565,17.9086,47.3633,65.2718
144.585,16.2372,47.2391,63.4763
144.605,15.3727,46.6101,61.9828
144.625,15.9179,47.2951,63.213
144.645,16.4813,47.0493,63.5306
144.665,17.1959,47.4996,64.6954
144.685,16.4198,47.0206,63.4404
144.705,16.0536,47.6023,63.6559
144.725,16.5609,47.0366,63.5975
144.745,16.529,47.407,63.936
144.765,16.9511,47.4736,64.4247
144.785,16.6886,46.6837,63.3723
144.805,16.66,47.2619,63.9219
144.825,16.7056,46.9333,63.6389
144.845,16.3048,47.1928,63.4976
144.865,16.0708,46.6286,62.6994
144.885,16.4347,46.8891,63.3238
144.905,16.4136,46.5007,62.9143
144.925,15.9541,46.9884,62.9424
144.945,16.0736,46.8599,62.9335
144.965,15.5555,46.7328,62.2883
144.985,16.1994,46.5258,62.7252
145.005,16.1427,46.0593,62.202
145.025,16.2159,46.7965,63.0124
145.045,15.9593,46.5977,62.5569
145.065,16.3598,46.9085,63.2682
145.085,15.9415,46.7598,62.7013
145.105,16.2314,46.0576,62.289
145.125,15.3931,46.5461,61.9392
145.145,15.2962,46.7288,62.025
145.165,16.2796,46.3341,62.6137
145.185,16.3561,46.295,62.651
145.205,16.0047,46.1148,62.1195
145.225,14.7326,46.3793,61.1119
145.245,16.0839,46.1949,62.2788
145.265,15.5027,46.2273,61.7299
145.285,14.8889,46.6685,61.5574
145.305,16.2527,46.4812,62.7339
145.325,15.6331,46.0858,61.7189
145.345,16.1443,46.7355,62.8798
145.365,15.6444,46.0497,61.6941
145.385,15.4333,45.7255,61.1588
145.405,16.796,45.8391,62.635
145.425,15.7531,46.0938,61.847
145.445,15.4226,45.6272,61.0499
145.465,15.3472,46.144,61.4911
145.485,15.211,45.4048,60.6158
145.505,15.3611,45.5391,60.9002
145.525,15.2214,46.1153,61.3367
145.545,16.0416,45.435,61.4766
145.565,16.6904,45.2284,61.9188
145.585,15.2447,44.9272,60.1719
145.605,15.9293,45.4717,61.401
145.625,15.6597,45.1955,60.8552
145.645,15.5115,45.2448,60.7563
145.665,15.8065,45.8649,61.6714
145.685,15.7189,45.1421,60.861
145.705,15.4257,44.9666,60.3923
145.725,15.8072,45.4838,61.2909
145.745,15.1468,45.6173,60.764
145.765,15.5736,45.7114,61.285
145.785,14.9475,44.7627,59.7102
145.805,15.4367,44.98,60.4167
145.825,15.2121,44.1407,59.3528
145.845,15.3061,44.7114,60.0175
145.865,14.545,44.9202,59.4652
145.885,15.9404,45.1903,61.1307
145.905,15.1085,45.1508,60.2593
145.925,14.7648,44.9143,59.6791
145.945,16.1542,45.1052,61.2595
145.965,15.2789,44.4414,59.7203
145.985,15.7238,44.8029,60.5267
146.005,14.7862,44.6405,59.4267
146.025,15.0477,44.3366,59.3843
146.045,14.8605,44.5876,59.4481
146.065,15.6512,44.3306,59.9819
146.085,15.4464,44.3065,59.753
146.105,14.9604,44.3949,59.3553
146.125,15.0339,44.8667,59.9006
146.145,15.559,44.5358,60.0948
146.165,14.8902,44.8027,59.693
146.185,14.9892,44.326,59.3152
146.205,14.2352,44.6796,58.9147
146.225,14.3375,44.0245,58.362
146.245,15.1886,43.9114,59.0999
146.265,14.8236,44.0409,58.8644
146.285,15.1605,44.2803,59.4408
146.305,14.7931,44.2472,59.0403
146.325,14.9537,44.0068,58.9605
146.345,14.5201,44.1442,58.6643
146.365,14.9973,43.9268,58.9241
146.385,14.4506,43.5558,58.0064
146.405,14.8151,43.9753,58.7904
146.425,14.8689,43.7237,58.5926
146.445,14.5075,43.6554,58.1629
146.465,14.7151,43.2355,57.9506
146.485,15.02,44.1262,59.1462
146.505,14.8469,43.613,58.46
146.525,14.7876,42.8921,57.6797
146.545,14.28,43.1172,57.3971
146.565,15.0576,43.7665,58.824
146.585,14.2798,43.8639,58.1438
146.605,14.2582,43.5684,57.8267
146.625,14.3323,42.8172,57.1495
146.645,14.0779,43.1971,57.275
146.665,14.2862,42.9103,57.1965
146.685,14.3577,43.7722,58.1299
146.705,14.8515,43.2534,58.1049
146.725,13.6521,42.9521,56.6042
146.745,13.9711,43.0332,57.0043
146.765,14.2453,43.6315,57.8768
146.785,14.5827,42.962,57.5448
146.805,14.1293,43.5234,57.6527
146.825,14.8023,42.6114,57.4137
146.845,14.5324,43.1264,57.6588
146.865,15.0975,43.0965,58.194
146.885,14.5648,43.2322,57.797
146.905,14.3805,42.8249,57.2054
146.925,14.4878,43.4868,57.9745
146.945,14.0861,42.6206,56.7067
146.965,13.8379,42.4593,56.2971
146.985,13.6701,42.9011,56.5712
147.005,13.8674,43.0875,56.9549
147.025,14.1464,42.8328,56.9792
147.045,14.2847,42.701,56.9856
147.065,14.0133,42.1496,56.1629
147.085,14.0568,42.257,56.3138
147.105,13.8399,42.0831,55.923
147.125,13.8855,42.3818,56.2673
147.145,13.8952,42.7826,56.6778
147.165,13.9268,42.0774,56.0042
147.185,14.4965,42.3177,56.8141
147.205,14.5668,42.323,56.8898
147.225,13.8528,42.4388,56.2916
147.245,13.278,42.2336,55.5116
147.265,12.9261,42.3385,55.2646
147.285,13.6341,42.5248,56.159
147.305,14.1773,42.185,56.3622
147.325,14.3588,41.7744,56.1332
147.345,14.4404,41.894,56.3344
147.365,14.0964,41.7276,55.824
147.385,14.1353,42.0085,56.1438
147.405,14.0781,41.2906,55.3688
147.425,14.434,42.202,56.636
147.445,13.0469,41.5403,54.5872
147.465,13.8586,41.4668,55.3254
147.485,13.9893,41.7141,55.7034
147.505,13.743,41.621,55.364
147.525,13.3231,40.9999,54.323
147.545,13.5353,41.6755,55.2107
147.565,13.4194,41.0175,54.437
147.585,14.0274,41.7242,55.7516
147.605,13.5647,41.084,54.6488
147.625,14.1647,41.2932,55.4579
147.645,13.5575,41.2181,54.7756
147.665,13.5741,40.4449,54.019
147.685,13.0129,41.0683,54.0812
147.705,13.3898,40.9662,54.356
147.725,13.2886,41.0921,54.3806
147.745,13.3773,41.3128,54.6901
147.765,13.1469,41.1709,54.3178
147.785,13.4454,41.1417,54.5871
147.805,12.9574,41.0531,54.0105
147.825,13.3217,40.9069,54.2287
147.845,13.1388,41.1858,54.3246
147.865,12.7707,41.196,53.9667
147.885,12.7959,41.2758,54.0718
147.905,12.9957,40.6702,53.6659
147.925,13.3427,41.2995,54.6422
147.945,14.1008,41.0271,55.1279
147.965,12.9576,40.7742,53.7318
147.985,12.6724,40.3561,53.0285
148.005,13.047,40.8701,53.917
148.025,12.8482,40.579,53.4273
148.045,13.5669,41.2736,54.8405
148.065,12.4418,40.7686,53.2104
148.085,13.0714,40.2349,53.3063
148.105,12.49,40.6275,53.1175
148.125,13.216,40.5644,53.7804
148.145,13.1283,40.0279,53.1562
148.165,12.6012,40.5639,53.1651
148.185,13.5627,40.8023,54.365
148.205,13.4569,40.2123,53.6692
148.225,12.7258,40.7111,53.4369
148.245,13.2898,40.5876,53.8774
148.265,12.783,39.8765,52.6596
148.285,12.9137,40.5734,53.4872
148.305,12.4179,39.5476,51.9655
148.325,12.9879,40.1651,53.153
148.345,12.2526,39.9654,52.218
148.365,12.7503,39.4697,52.22
148.385,11.9997,39.6073,51.607
148.405,12.5685,40.0021,52.5705
148.425,12.6454,40.0794,52.7248
148.445,12.3411,39.4892,51.8303
148.465,12.8105,40.0701,52.8806
148.485,12.5019,40.2225,52.7244
148.505,12.1887,39.1488,51.3375
148.525,12.6527,39.8293,52.482
148.545,12.5516,39.4385,51.9901
148.565,12.3573,39.7414,52.0986
148.585,12.7362,39.2906,52.0268
148.605,12.9962,39.3173,52.3135
148.625,13.141,39.4912,52.6321
148.645,12.5457,39.245,51.7907
148.665,12.2964,39.1514,51.4478
148.685,12.3588,39.4467,51.8055
148.705,12.7245,39.3251,52.0496
148.725,12.329,38.7592,51.0882
148.745,11.6653,39.4169,51.0822
148.765,11.9363,39.1107,51.047
148.785,11.9106,39.2771,51.1877
148.805,12.5775,39.2824,51.8599
148.825,12.2917,38.7644,51.0561
148.845,12.1888,38.9045,51.0933
148.865,12.1524,38.6773,50.8297
148.885,12.3642,39.036,51.4003
148.905,11.9077,38.9636,50.8713
148.925,12.7542,38.9302,51.6844
148.945,12.2124,38.6517,50.8641
148.965,12.3381,38.8353,51.1734
148.985,11.7275,38.7675,50.495
149.005,12.0025,38.7893,50.7918
149.025,11.7889,38.3854,50.1744
149.045,12.3251,38.4968,50.822
149.065,12.3275,38.8827,51.2102
149.085,11.5313,38.455,49.9864
149.105,11.9331,38.5975,50.5306
149.125,11.4473,37.9374,49.3847
149.145,11.6311,38.2704,49.9015
149.165,12.1831,38.2456,50.4287
149.185,12.5317,37.989,50.5207
149.205,12.0708,38.4084,50.4792
149.225,12.4374,38.6899,51.1273
149.245,11.4586,38.4833,49.942
149.265,11.8068,38.5323,50.3391
149.285,11.7787,38.0493,49.828
149.305,12.0694,37.7468,49.8161
149.325,12.1294,37.5888,49.7183
149.345,11.8434,37.5468,49.3902
149.365,11.3318,37.9141,49.2459
149.385,11.2184,37.8286,49.047
149.405,11.4835,37.9089,49.3923
149.425,11.8369,37.6431,49.48
149.445,11.4842,37.8681,49.3523
149.465,11.2958,37.6685,48.9644
149.485,11.9982,37.5839,49.5821
149.505,11.2872,37.9951,49.2823
149.525,11.7379,37.3402,49.0781
149.545,11.2914,37.7154,49.0068
149.565,12.2355,36.9066,49.1421
149.585,11.5599,37.7356,49.2956
149.605,11.4737,36.9579,48.4316
149.625,11.4284,37.7013,49.1297
149.645,10.8854,36.7857,47.6711
149.665,11.3401,37.4159,48.7559
149.685,11.4779,37.4784,48.9563
149.705,11.1912,37.096,48.2872
149.725,11.647,37.7667,49.4136
149.745,11.4714,37.2283,48.6997
149.765,11.0544,37.0241,48.0785
149.785,11.3325,37.2054,48.5379
149.805,11.6766,37.1267,48.8032
149.825,11.3994,37.039,48.4384
149.845,10.649,36.7785,47.4275
149.865,11.0242,36.7125,47.7367
149.885,10.981,36.9077,47.8887
149.905,11.3248,36.4791,47.804
149.925,11.0756,36.5984,47.674
149.945,11.2625,36.5961,47.8586
149.965,10.5745,36.5033,47.0778
149.985,11.4995,36.7044,48.2039
150.005,11.155,36.0957,47.2506
150.025,10.5652,36.0459,46.6111
150.045,11.45,36.3407,47.7907
150.065,11.425,36.5806,48.0056
150.085,11.2622,35.9706,47.2328
150.105,10.6287,36.087,46.7158
150.125,10.6657,36.3329,46.9986
150.145,11.171,36.2183,47.3893
150.165,10.2926,36.1197,46.4123
150.185,10.7517,36.0278,46.7795
150.205,11.0912,35.8514,46.9426
150.225,11.075,36.108,47.183
150.245,10.1477,36.0609,46.2087
150.265,11.1049,36.2052,47.3101
150.285,11.5974,36.0923,47.6896
150.305,10.6501,35.5111,46.1612
150.325,10.5297,35.8123,46.3421
150.345,10.3055,35.643,45.9485
150.365,10.6561,35.942,46.5981
150.385,11.4095,36.2236,47.6331
150.405,10.4713,35.6399,46.1113
150.425,10.3291,35.2212,45.5503
150.445,10.1012,35.4951,45.5963
150.465,10.7941,35.6703,46.4643
150.485,10.4047,35.5123,45.917
150.505,10.6157,34.8574,45.4731
150.525,10.5835,35.4927,46.0762
150.545,10.6461,35.4008,46.0469
150.565,9.77574,35.1608,44.9366
150.585,10.2519,35.252,45.5039
150.605,9.95579,35.4152,45.371
150.625,11.1441,35.2272,46.3713
150.645,9.97262,35.1113,45.0839
150.665,10.2108,34.95,45.1608
150.685,10.4876,34.8522,45.3398
150.705,9.78833,34.8202,44.6086
150.725,10.609,35.1484,45.7573
150.745,9.9896,35.1353,45.1249
150.765,9.80538,34.9091,44.7144
150.785,10.2799,34.9667,45.2466
150.805,10.5577,34.852,45.4097
150.825,10.1497,34.8707,45.0204
150.845,10.0533,35.1825,45.2358
150.865,10.1479,34.687,44.8349
150.885,9.89009,34.8381,44.7282
150.905,10.5707,35.0919,45.6626
150.925,9.47742,34.6924,44.1698
150.945,10.083,34.3703,44.4533
150.965,9.88668,34.5211,44.4078
150.985,10.0161,34.5619,44.578
151.005,10.2283,34.572,44.8003
151.025,9.49479,33.9613,43.456
151.045,9.27809,34.3984,43.6765
151.065,9.52699,34.3661,43.8931
151.085,9.31494,34.1958,43.5107
151.105,9.29221,34.6944,43.9866
151.125,9.2977,34.1104,43.4081
151.145,9.94493,34.2047,44.1496
151.165,10.0288,34.3148,44.3436
151.185,9.9928,34.2076,44.2004
151.205,9.55823,33.7314,43.2896
151.225,9.62049,33.8683,43.4888
151.245,10.0296,33.8579,43.8875
151.265,9.46605,33.4603,42.9263
151.285,9.39767,33.2826,42.6803
151.305,9.19053,33.2039,42.3944
151.325,9.34681,33.7892,43.136
151.345,9.52134,33.1271,42.6484
151.365,9.34125,33.6626,43.0038
151.385,9.60481,33.0661,42.6709
151.405,9.07803,33.6606,42.7386
151.425,9.32313,33.6865,43.0097
151.445,9.24867,33.6138,42.8625
151.465,9.8493,33.262,43.1113
151.485,9.16543,33.4544,42.6199
151.505,9.31805,33.3274,42.6455
151.525,9.05337,33.3362,42.3896
151.545,9.74288,32.8617,42.6046
151.565,8.94485,33.2139,42.1587
151.585,8.97396,33.188,42.162
151.605,8.89011,33.2224,42.1125
151.625,8.65814,32.989,41.6472
151.645,9.03505,33.0714,42.1064
151.665,8.50969,32.8682,41.3779
151.685,8.76816,32.4667,41.2348
151.705,9.15781,32.5819,41.7397
151.725,8.95692,32.7253,41.6822
151.745,8.79394,32.6666,41.4605
151.765,8.83356,32.2872,41.1208
151.785,8.70944,32.536,41.2454
151.805,9.13429,32.4179,41.5522
151.825,8.7626,32.0649,40.8275
151.845,8.73007,32.4653,41.1954
151.865,8.56825,32.3198,40.8881
151.885,8.88496,32.152,41.037
151.905,8.75068,32.2257,40.9763
151.925,8.15123,32.2996,40.4508
151.945,9.09924,31.9607,41.06
151.965,8.83176,32.2437,41.0755
151.985,8.46354,32.2275,40.6911
152.005,8.48214,32.0641,40.5462
152.025,8.55914,31.9669,40.5261
152.045,8.27285,31.9195,40.1923
152.065,8.40322,31.797,40.2002
152.085,8.09984,32.3314,40.4312
152.105,8.33235,32.1216,40.454
152.125,8.68148,32.0241,40.7056
152.145,8.2844,31.9771,40.2615
152.165,8.37647,31.3107,39.6872
152.185,8.39709,31.7922,40.1893
152.205,7.9091,31.7847,39.6938
152.225,8.51117,31.7926,40.3038
152.245,8.31538,31.3179,39.6333
152.265,8.20358,31.5053,39.7089
152.285,7.7656,31.2314,38.9969
152.305,7.53531,31.5973,39.1326
152.325,8.22095,31.4551,39.6761
152.345,8.34722,30.8785,39.2258
152.365,8.07225,30.7373,38.8096
152.385,7.59425,30.7001,38.2943
152.405,8.42304,31.1331,39.5562
152.425,7.99978,30.9783,38.9781
152.445,8.1192,31.0483,39.1674
152.465,8.02704,31.1311,39.1581
152.485,8.29206,30.6408,38.9328
152.505,7.51035,30.7618,38.2722
152.525,7.94342,30.7134,38.6568
152.545,7.48075,30.4691,37.9499
152.565,7.74066,30.6934,38.4341
152.585,8.04206,30.8561,38.8982
152.605,7.82722,30.4681,38.2954
152.625,7.63105,30.5275,38.1585
152.645,7.90138,30.6998,38.6012
152.665,7.86367,29.7691,37.6327
152.685,7.89335,30.5844,38.4778
152.705,7.41588,30.1581,37.574
152.725,7.64194,30.2622,37.9041
152.745,7.71954,30.5383,38.2578
152.765,7.3036,30.093,37.3966
152.785,7.42154,30.1527,37.5742
152.805,7.46893,29.9163,37.3852
152.825,7.66053,29.8012,37.4617
152.845,7.48722,30.2388,37.7261
152.865,7.59122,29.6886,37.2798
152.885,7.64849,30.0213,37.6698
152.905,7.76982,29.7634,37.5332
152.925,7.29681,29.6043,36.9011
152.945,7.11948,29.7811,36.9006
152.965,7.76694,29.9216,37.6885
152.985,7.64586,29.5611,37.207
153.005,6.82104,29.9011,36.7222
153.025,7.31443,29.6323,36.9467
153.045,7.01182,29.4117,36.4236
153.065,6.91462,29.5726,36.4872
153.085,7.2408,29.5706,36.8114
153.105,7.82411,29.0144,36.8385
153.125,7.38072,28.9955,36.3763
153.145,6.88428,29.6181,36.5024
153.165,7.31904,28.9078,36.2268
153.185,7.00116,29.0785,36.0797
153.205,6.90982,29.0257,35.9356
153.225,6.83234,29.0024,35.8347
153.245,7.7086,28.8171,36.5257
153.265,7.36729,29.2307,36.598
153.285,6.93483,28.8802,35.8151
153.305,6.57644,28.5395,35.1159
153.325,6.80246,28.633,35.4354
153.345,7.04301,28.6913,35.7343
153.365,6.66633,28.2018,34.8681
153.385,6.82571,28.8234,35.6491
153.405,6.82107,28.738,35.5591
153.425,6.83466,28.5029,35.3376
153.445,6.39616,28.4229,34.8191
153.465,6.56742,27.8766,34.444
153.485,6.71049,28.3054,35.0159
153.505,6.41398,28.3059,34.7199
153.525,6.76548,28.223,34.9884
153.545,6.60415,27.8297,34.4339
153.565,6.3414,28.3743,34.7157
153.585,6.62956,27.9746,34.6041
153.605,6.205,28.3722,34.5772
153.625,6.71704,27.7739,34.491
153.645,6.34154,27.9551,34.2966
153.665,6.52569,27.7476,34.2732
153.685,6.8289,28.0438,34.8727
153.705,6.39867,27.7779,34.1766
153.725,6.70339,28.0877,34.7911
153.745,5.9115,27.766,33.6775
153.765,5.89495,27.6692,33.5642
153.785,6.1585,27.4013,33.5598
153.805,6.29943,27.5862,33.8856
153.825,6.23489,27.3364,33.5713
153.845,6.09069,27.4221,33.5128
153.865,6.02986,27.6025,33.6324
153.885,6.19804,27.4072,33.6053
153.905,6.02598,27.5457,33.5717
153.925,5.88667,27.106,32.9926
153.945,5.63249,26.8762,32.5087
153.965,6.01072,26.9666,32.9773
153.985,6.16189,26.8979,33.0598
154.005,6.04443,27.1278,33.1722
154.025,5.70386,26.8814,32.5852
154.045,5.82011,26.5685,32.3886
154.065,5.88457,26.6742,32.5588
154.085,6.18488,26.805,32.9899
154.105,5.84217,26.9369,32.7791
154.125,6.01942,26.5974,32.6168
154.145,5.37975,26.4102,31.79
154.165,5.40648,26.6054,32.0119
154.185,5.36417,26.4935,31.8577
154.205,5.89892,26.6333,32.5322
154.225,5.20406,26.5615,31.7656
154.245,5.13271,26.4173,31.55
154.265,5.42344,26.1936,31.617
154.285,5.62967,26.5212,32.1509
154.305,5.04492,25.8783,30.9232
154.325,5.49178,26.1627,31.6545
154.345,5.20563,26.3219,31.5275
154.365,5.41098,25.8634,31.2744
154.385,5.20372,25.836,31.0397
154.405,5.13751,25.8315,30.969
154.425,5.05575,25.706,30.7617
154.445,5.31422,25.7076,31.0219
154.465,5.0044,25.7177,30.7221
154.485,4.99098,25.7028,30.6938
154.505,5.39114,25.7848,31.1759
154.525,5.18017,25.7329,30.9131
154.545,5.21821,25.4469,30.6651
154.565,4.91617,25.6272,30.5434
154.585,4.98282,25.677,30.6598
154.605,5.22598,25.6468,30.8728
154.625,5.07473,25.3214,30.3961
154.645,5.01539,25.1677,30.1831
154.665,4.91466,25.2418,30.1564
154.685,4.60529,25.1589,29.7642
154.705,4.99548,24.9906,29.9861
154.725,4.70909,25.1321,29.8412
154.745,4.91949,24.8969,29.8163
154.765,4.39274,25.167,29.5598
154.785,4.59788,24.8471,29.4449
154.805,4.42349,24.631,29.0544
154.825,4.52505,24.8417,29.3667
154.845,4.86425,24.608,29.4723
154.865,4.90705,24.7065,29.6136
154.885,4.22593,24.5431,28.7691
154.905,4.53016,24.5886,29.1188
154.925,4.6191,24.5525,29.1716
154.945,4.45181,24.3567,28.8085
154.965,4.43395,24.3692,28.8031
154.985,4.48115,24.0917,28.5729
155.005,4.54542,24.7053,29.2507
155.025,4.49318,24.22,28.7131
155.045,4.29074,24.3094,28.6001
155.065,4.24771,24.4354,28.6832
155.085,4.17282,23.8568,28.0296
155.105,4.35423,24.016,28.3703
155.125,4.09551,24.0563,28.1519
155.145,4.06241,23.7822,27.8446
155.165,3.97623,23.9996,27.9758
155.185,3.81702,23.6409,27.4579
155.205,4.04579,23.6174,27.6632
155.225,3.80993,23.6158,27.4257
155.245,3.74781,23.3592,27.107
155.265,3.77068,23.2357,27.0063
155.285,3.66695,23.2637,26.9307
155.305,3.45059,23.3376,26.7882
155.325,3.39903,23.2081,26.6072
155.345,3.58414,23.2006,26.7847
155.365,3.86189,23.2145,27.0764
155.385,3.27764,22.9275,26.2052
155.405,3.14944,23.0979,26.2474
155.425,3.74379,23.0103,26.7541
155.445,3.63011,22.6475,26.2776
155.465,3.14965,22.7183,25.868
155.485,3.27707,22.8246,26.1017
155.505,3.27095,22.6147,25.8857
155.525,3.5353,22.7896,26.3249
155.545,3.43146,22.5661,25.9975
155.565,3.10107,22.5485,25.6496
155.585,3.17131,22.6851,25.8565
155.605,3.18516,22.3515,25.5367
155.625,3.24586,22.2547,25.5005
155.645,3.19059,22.2556,25.4462
155.665,2.92423,22.175,25.0992
155.685,2.83515,21.9508,24.786
155.705,3.1431,22.3173,25.4604
155.725,3.05929,22.1742,25.2334
155.745,2.86516,22.1266,24.9918
155.765,2.97241,21.6988,24.6712
155.785,2.90487,21.9851,24.89
155.805,2.74663,22.0995,24.8462
155.825,2.81336,22.0222,24.8356
155.845,2.95452,21.6556,24.6102
155.865,2.63883,21.7289,24.3678
155.885,2.83946,21.6276,24.4671
155.905,2.59904,21.48,24.0791
155.925,2.75177,21.5044,24.2561
155.945,2.67408,21.5386,24.2126
155.965,3.16236,21.4396,24.602
155.985,2.58171,21.3803,23.962
156.005,2.87724,21.3855,24.2627
156.025,2.54087,21.3068,23.8477
156.045,2.80644,21.0783,23.8847
156.065,2.753,21.1136,23.8666
156.085,2.48459,21.1119,23.5965
156.105,2.57176,20.8156,23.3874
156.125,2.4779,20.8907,23.3686
156.145,2.53053,20.766,23.2965
156.165,2.57595,21.0167,23.5927
156.185,2.44311,20.9142,23.3573
156.205,2.32718,21.0357,23.3629
156.225,2.21572,20.4473,22.663
156.245,2.68009,21.0421,23.7222
156.265,2.29683,20.6631,22.9599
156.285,2.68652,20.4891,23.1757
156.305,2.26417,20.3797,22.6438
156.325,2.13449,20.3535,22.488
156.345,2.0157,20.1865,22.2022
156.365,2.21441,20.4077,22.6221
156.385,1.97082,20.4301,22.4009
156.405,1.94378,20.0911,22.0349
156.425,1.9013,20.0353,21.9366
156.445,2.2621,20.1575,22.4196
156.465,2.41554,20.0458,22.4614
156.485,2.119,20.2176,22.3366
156.505,2.24074,19.8377,22.0785
156.525,2.20904,19.8403,22.0493
156.545,1.89641,19.6576,21.5541
156.565,2.06942,19.76,21.8294
156.585,2.34027,19.6097,21.9499
156.605,1.93159,19.9206,21.8522
156.625,1.69293,19.3847,21.0776
156.645,1.86731,19.7814,21.6487
156.665,1.99631,19.0475,21.0438
156.685,1.97823,19.224,21.2022
156.705,2.19455,18.953,21.1475
156.725,1.96056,19.0039,20.9645
156.745,1.86117,19.1231,20.9842
156.765,2.08995,18.8081,20.898
156.785,1.86087,19.2689,21.1297
156.805,1.98288,18.6779,20.6608
156.825,1.72525,18.7827,20.508
156.845,1.88406,19.0726,20.9566
156.865,2.21141,18.5328,20.7442
156.885,1.88863,18.6882,20.5769
156.905,1.45603,18.5707,20.0267
156.925,1.91385,18.5073,20.4211
156.945,1.86788,18.6859,20.5537
156.965,1.66757,18.4647,20.1323
156.985,1.87183,18.3751,20.2469
157.005,1.74367,18.4881,20.2317
157.025,1.61446,18.3287,19.9432
157.045,1.46932,18.3537,19.8231
157.065,1.53394,18.4314,19.9653
157.085,1.42901,18.2912,19.7202
157.105,1.56893,18.02,19.5889
157.125,1.56103,18.4666,20.0277
157.145,1.37176,18.0477,19.4194
157.165,1.7577,18.1015,19.8592
157.185,1.41559,17.8098,19.2254
157.205,1.55213,17.7533,19.3054
157.225,1.45089,17.9957,19.4466
157.245,1.45004,17.5528,19.0028
157.265,1.45099,17.7796,19.2306
157.285,1.14532,17.7705,18.9159
157.305,1.42523,17.4832,18.9084
157.325,1.59322,17.2571,18.8503
157.345,1.3982,17.6576,19.0558
157.365,1.52823,17.6442,19.1724
157.385,1.349,17.368,18.717
157.405,1.44789,17.473,18.9209
157.425,1.33016,17.2443,18.5745
157.445,1.28447,17.3061,18.5906
157.465,1.24767,17.2938,18.5414
157.485,1.47454,17.3295,18.804
157.505,1.37001,17.2294,18.5994
157.525,1.29462,17.0323,18.3269
157.545,1.30207,17.2652,18.5673
157.565,1.33511,16.8983,18.2334
157.585,1.27169,16.9078,18.1795
157.605,1.29817,17.1122,18.4103
157.625,1.2073,16.6857,17.893
157.645,1.2314,16.6466,17.878
157.665,1.16194,16.7201,17.882
157.685,1.21356,16.4657,17.6793
157.705,0.951944,16.6626,17.6146
157.725,1.30071,16.2784,17.5792
157.745,1.17027,16.3623,17.5326
157.765,1.1896,16.4638,17.6534
157.785,1.06965,16.2524,17.322
157.805,1.03693,16.4253,17.4622
157.825,0.905852,16.0026,16.9085
157.845,1.1738,16.0192,17.193
157.865,1.07328,15.6994,16.7727
157.885,1.28599,16.0381,17.3241
157.905,0.990223,16.0874,17.0776
157.925,1.10916,15.8446,16.9537
157.945,1.1316,15.8537,16.9853
157.965,1.14862,15.6325,16.7811
157.985,0.987123,15.7753,16.7624
158.005,0.844457,15.6923,16.5368
158.025,0.873938,15.6437,16.5176
158.045,0.678154,15.5415,16.2196
158.065,0.910168,15.7391,16.6493
158.085,0.953903,15.2536,16.2075
158.105,0.622585,15.4727,16.0953
158.125,0.922458,15.3184,16.2408
158.145,0.87455,15.153,16.0275
158.165,0.859636,15.0784,15.9381
158.185,0.945289,15.0796,16.0249
158.205,0.867069,15.2117,16.0788
158.225,0.738128,15.0216,15.7597
158.245,0.830895,15.1515,15.9824
158.265,0.883821,14.98,15.8639
158.285,0.73152,15.1669,15.8984
158.305,0.970254,14.694,15.6643
158.325,0.846874,14.7684,15.6153
158.345,0.894173,14.6099,15.5041
158.365,0.857191,14.7314,15.5886
158.385,0.75514,14.5338,15.289
158.405,0.644195,14.3764,15.0206
158.425,0.714433,14.6008,15.3152
158.445,0.709201,14.4725,15.1817
158.465,0.646249,14.5458,15.192
158.485,0.689029,14.3329,15.0219
158.505,0.659048,14.5079,15.1669
158.525,0.58284,14.2309,14.8137
158.545,0.687227,14.3267,15.0139
158.565,0.704963,14.0257,14.7307
158.585,0.603354,14.157,14.7604
158.605,0.57662,14.0826,14.6592
158.625,0.747355,13.8507,14.598
158.645,0.775931,13.9568,14.7327
158.665,0.742242,13.803,14.5453
158.685,0.629497,13.8367,14.4662
158.705,0.389879,13.7561,14.146
158.725,0.580401,13.5601,14.1405
158.745,0.537152,13.5375,14.0747
158.765,0.608402,13.5264,14.1348
158.785,0.554631,13.2977,13.8523
158.805,0.633804,13.4791,14.1129
158.825,0.511732,13.2622,13.7739
158.845,0.486266,13.1217,13.608
158.865,0.562168,13.2792,13.8414
158.885,0.54566,13.1486,13.6943
158.905,0.500568,13.1134,13.6139
158.925,0.578997,12.9402,13.5192
158.945,0.611412,12.9466,13.558
158.965,0.452996,12.7854,13.2384
158.985,0.385006,12.8183,13.2033
159.005,0.537424,13.0059,13.5433
159.025,0.451267,12.5166,12.9679
159.045,0.452284,12.8956,13.3479
159.065,0.511323,12.7234,13.2347
159.085,0.377726,12.391,12.7687
159.105,0.455235,12.6606,13.1158
159.125,0.425272,12.5934,13.0187
159.145,0.384046,12.65,13.034
159.165,0.409896,12.3603,12.7702
159.185,0.392956,12.1884,12.5814
159.205,0.550767,12.2639,12.8147
159.225,0.366833,12.1494,12.5162
159.245,0.386394,12.2883,12.6747
159.265,0.372346,12.1945,12.5668
159.285,0.387023,11.955,12.342
159.305,0.377817,11.9655,12.3433
159.325,0.388501,12.0517,12.4402
159.345,0.470515,11.9571,12.4276
159.365,0.339974,12.0296,12.3695
159.385,0.303867,11.7158,12.0196
159.405,0.293771,11.6972,11.991
159.425,0.408677,11.6022,12.0109
159.445,0.297675,11.5144,11.8121
159.465,0.270049,11.7893,12.0594
159.485,0.326051,11.538,11.864
159.505,0.38797,11.4539,11.8418
159.525,0.345145,11.3421,11.6873
159.545,0.287548,11.3362,11.6237
159.565,0.372932,11.4668,11.8397
159.585,0.365742,11.2021,11.5678
159.605,0.321153,11.1901,11.5112
159.625,0.403649,11.2367,11.6404
159.645,0.219314,11.0722,11.2916
159.665,0.283364,11.0195,11.3028
159.685,0.340697,11.0177,11.3584
159.705,0.291579,10.854,11.1456
159.725,0.292379,10.9127,11.2051
159.745,0.22832,10.8016,11.0299
159.765,0.241942,10.8603,11.1023
159.785,0.284647,10.6048,10.8895
159.805,0.279076,10.6069,10.886
159.825,0.170835,10.6263,10.7972
159.845,0.142531,10.5657,10.7082
159.865,0.26002,10.6502,10.9102
159.885,0.18202,10.6002,10.7822
159.905,0.0676964,10.368,10.4356
159.925,0.232725,10.2391,10.4718
159.945,0.255492,10.2263,10.4818
159.965,0.296856,10.4096,10.7065
159.985,0.233522,10.2354,10.4689
160.005,0.151735,10.2468,10.3985
160.025,0.13256,10.1492,10.2818
160.045,0.280146,10.0683,10.3485
160.065,0.19708,10.049,10.2461
160.085,0.166588,9.99641,10.163
160.105,0.232237,10.0388,10.271
160.125,0.206217,9.94457,10.1508
160.145,0.139753,9.81477,9.95452
160.165,0.171223,9.63487,9.8061
160.185,0.142945,9.69369,9.83663
160.205,0.276313,9.71949,9.99581
160.225,0.0635076,9.68113,9.74463
160.245,0.195406,9.45703,9.65244
160.265,0.258795,9.27709,9.53588
160.285,0.0914963,9.45776,9.54926
160.305,0.122249,9.36988,9.49213
160.325,0.0923323,9.42614,9.51848
160.345,0.155162,9.49334,9.6485
160.365,0.17639,9.21357,9.38996
160.385,0.100599,9.32475,9.42535
160.405,0.165468,9.03239,9.19786
160.425,0.111457,9.13638,9.24784
160.445,0.115515,9.02014,9.13566
160.465,0.128705,8.95748,9.08618
160.485,0.122995,8.79142,8.91442
160.505,0.0522913,8.76331,8.8156
160.525,0.0363157,8.97077,9.00709
160.545,0.0633865,8.76306,8.82645
160.565,0.139235,8.69365,8.83289
160.585,0.0727352,8.68181,8.75454
160.605,0.115628,8.7515,8.86713
160.625,0.0306741,8.52297,8.55365
160.645,0.0706689,8.63328,8.70395
160.665,0.0842318,8.49504,8.57927
160.685,0.111058,8.51594,8.627
160.705,0.0880346,8.45563,8.54367
160.725,0.115116,8.26649,8.3816
160.745,0.0335852,8.25371,8.2873
160.765,0.0517982,8.2134,8.2652
160.785,0.103445,8.16879,8.27223
160.805,0.0648701,8.121,8.18587
160.825,0.0094007,8.01582,8.02522
160.845,-0.0185153,8.02637,8.00785
160.865,0.0391828,8.06421,8.1034
160.885,0.0942557,8.08322,8.17748
160.905,0.0111511,7.79928,7.81043
160.925,0.032421,7.87617,7.90859
160.945,0.0632529,7.98865,8.0519
160.965,-0.0213284,7.78499,7.76366
160.985,0.0738146,7.76028,7.8341
161.005,0.10322,7.72242,7.82564
161.025,0.00873429,7.69791,7.70665
161.045,0.0499999,7.64494,7.69494
161.065,0.0358713,7.50339,7.53926
161.085,0.027288,7.35674,7.38403
161.105,0.0266257,7.28449,7.31111
161.125,0.0727557,7.39128,7.46404
161.145,0.0517507,7.2658,7.31755
161.165,0.00371991,7.27944,7.28316
161.185,0.0815416,7.11719,7.19873
161.205,0.0774976,7.22312,7.30061
161.225,-0.00479528,7.04099,7.0362
161.245,0.0176821,7.05235,7.07004
161.265,0.0667773,7.10188,7.16866
161.285,0.00460187,6.91844,6.92304
161.305,0.0347224,6.93955,6.97427
161.325,0.0285959,6.9338,6.9624
161.345,0.0760974,6.86615,6.94225
161.365,0.0320952,6.81931,6.8514
161.385,0.0185727,6.8059,6.82447
161.405,-0.00322244,6.73676,6.73354
161.425,0.0308868,6.52976,6.56065
161.445,0.0253193,6.62267,6.64799
161.465,0.0322252,6.65407,6.6863
161.485,0.0141023,6.53737,6.55147
161.505,0.0239399,6.40853,6.43247
161.525,0.00348829,6.39213,6.39562
161.545,0.0465312,6.48911,6.53564
161.565,0.0327793,6.33642,6.3692
161.585,0.00215543,6.41102,6.41318
161.605,0.0126586,6.34922,6.36188
161.625,0.0185419,6.23353,6.25207
161.645,-0.00827478,6.23925,6.23097
161.665,0.0292719,6.05338,6.08265
161.685,0.00471866,6.09999,6.10471
161.705,0.00843695,6.06732,6.07576
161.725,0.0130248,5.9417,5.95473
161.745,0.00151523,6.10612,6.10763
161.765,0.024349,5.89295,5.9173
161.785,-0.006503,6.01374,6.00724
161.805,0.00245006,5.8021,5.80455
161.825,0.0398963,5.71411,5.754
161.845,0.0221332,5.79533,5.81747
161.865,0.0403199,5.68758,5.7279
161.885,0.0410951,5.6808,5.7219
161.905,0.00571794,5.48606,5.49178
161.925,0.0308867,5.47115,5.50204
161.945,0.0342258,5.46407,5.49829
161.965,0.00551839,5.62667,5.63219
161.985,-0.00369992,5.31871,5.31501
162.005,0.0310229,5.31196,5.34298
162.025,-0.0224387,5.31027,5.28783
162.045,0.0259933,5.31935,5.34534
162.065,0.00193645,5.28931,5.29125
162.085,0.00983468,5.21774,5.22757
162.105,0.00210386,5.10093,5.10304
162.125,0.011033,4.97973,4.99076
162.145,0.0105846,5.05506,5.06564
162.165,0.00065043,4.99399,4.99464
162.185,0.0279648,5.07304,5.101
162.205,0.00334921,4.87301,4.87636
162.225,0.0183279,4.82064,4.83897
162.245,0.0239221,4.90019,4.92411
162.265,0.0185009,4.80864,4.82715
162.285,-0.00273924,4.77983,4.77709
162.305,-0.00456701,4.67568,4.67111
162.325,0.00937298,4.58179,4.59117
162.345,-0.00300925,4.80822,4.80521
162.365,0.00101347,4.69578,4.6968
162.385,0.0130576,4.68546,4.69851
162.405,0.00515276,4.66649,4.67164
162.425,-0.000899699,4.54394,4.54304
162.445,0.016106,4.52149,4.53759
162.465,0.0066053,4.44702,4.45362
162.485,0.00323943,4.42267,4.42591
162.505,-0.000504053,4.40303,4.40253
162.525,0.0264122,4.33391,4.36033
162.545,-0.00206798,4.31732,4.31526
162.565,0.00474466,4.2715,4.27625
162.585,0.00982735,4.27749,4.28732
162.605,0.0268999,4.23529,4.26219
162.625,0.00465164,4.2043,4.20895
162.645,-0.00341874,4.13307,4.12965
162.665,-0.00203589,4.08779,4.08575
162.685,0.00185882,4.10182,4.10368
162.705,0.00591088,4.10627,4.11218
162.725,0.0149826,3.97016,3.98515
162.745,-0.00525845,4.01715,4.01189
162.765,0.00980727,3.95474,3.96455
162.785,0.00609073,3.88052,3.88661
162.805,0.000698039,3.75653,3.75723
162.825,0.00293256,3.77757,3.7805
162.845,-0.00643259,3.85799,3.85155
162.865,0.00526427,3.80051,3.80578
162.885,0.00660682,3.6102,3.6168
162.905,-0.00593166,3.73058,3.72465
162.925,0.00265178,3.61203,3.61468
162.945,0.00357977,3.59182,3.5954
162.965,0.00325298,3.75129,3.75454
162.985,0.00176457,3.50929,3.51105
163.005,0,3.53792,3.53792
163.025,0,3.48214,3.48214
163.045,0,3.38465,3.38465
163.065,0,3.29157,3.29157
163.085,0,3.28212,3.28212
163.105,0,3.33129,3.33129
163.125,0,3.2438,3.2438
163.145,0,3.21654,3.21654
163.165,0,3.21652,3.21652
163.185,0,3.09533,3.09533
163.205,0,3.13832,3.13832
163.225,0,3.19449,3.19449
163.245,0,3.12173,3.12173
163.265,0,3.06115,3.06115
163.285,0,3.08321,3.08321
163.305,0,3.02539,3.02539
163.325,0,2.87664,2.87664
163.345,0,2.86465,2.86465
163.365,0,2.86471,2.86471
163.385,0,2.84865,2.84865
163.405,0,2.90636,2.90636
163.425,0,2.91812,2.91812
163.445,0,2.77089,2.77089
163.465,0,2.87286,2.87286
163.485,0,2.71581,2.71581
163.505,0,2.8466,2.8466
163.525,0,2.76735,2.76735
163.545,0,2.67401,2.67401
163.565,0,2.64014,2.64014
163.585,0,2.593,2.593
163.605,0,2.61669,2.61669
163.625,0,2.49634,2.49634
163.645,0,2.45986,2.45986
163.665,0,2.48049,2.48049
163.685,0,2.34777,2.34777
163.705,0,2.34996,2.34996
163.725,0,2.31645,2.31645
163.745,0,2.28602,2.28602
163.765,0,2.29124,2.29124
163.785,0,2.1762,2.1762
163.805,0,2.22796,2.22796
163.825,0,2.26595,2.26595
163.845,0,2.21398,2.21398
163.865,0,2.16135,2.16135
163.885,0,2.08732,2.08732
163.905,0,2.11974,2.11974
163.925,0,2.0483,2.0483
163.945,0,2.09782,2.09782
163.965,0,1.98112,1.98112
163.985,0,2.05297,2.05297
164.005,0,2.00604,2.00604
164.025,0,1.94838,1.94838
164.045,0,1.93873,1.93873
164.065,0,1.84416,1.84416
164.085,0,1.84163,1.84163
164.105,0,1.81259,1.81259
164.125,0,1.94896,1.94896
164.145,0,1.69374,1.69374
164.165,0,1.82187,1.82187
164.185,0,1.7587,1.7587
164.205,0,1.67395,1.67395
164.225,0,1.64404,1.64404
164.245,0,1.68842,1.68842
164.265,0,1.59475,1.59475
164.285,0,1.54311,1.54311
164.305,0,1.56976,1.56976
164.325,0,1.55771,1.55771
164.345,0,1.529,1.529
164.365,0,1.48732,1.48732
164.385,0,1.4389,1.4389
164.405,0,1.42331,1.42331
164.425,0,1.40374,1.40374
164.445,0,1.44093,1.44093
164.465,0,1.36684,1.36684
164.485,0,1.3669,1.3669
164.505,0,1.33311,1.33311
164.525,0,1.32686,1.32686
164.545,0,1.21508,1.21508
164.565,0,1.27893,1.27893
164.585,0,1.21446,1.21446
164.605,0,1.18896,1.18896
164.625,0,1.14176,1.14176
164.645,0,1.12266,1.12266
164.665,0,1.05986,1.05986
164.685,0,1.14492,1.14492
164.705,0,1.07763,1.07763
164.725,0,1.05903,1.05903
164.745,0,1.01098,1.01098
164.765,0,1.0096,1.0096
164.785,0,0.97441,0.97441
164.805,0,0.992741,0.992741
164.825,0,0.92517,0.92517
164.845,0,0.911198,0.911198
164.865,0,0.921302,0.921302
164.885,0,0.923517,0.923517
164.905,0,0.884989,0.884989
164.925,0,0.932552,0.932552
164.945,0,0.881841,0.881841
164.965,0,0.796112,0.796112
164.985,0,0.81603,0.81603
165.005,0,0.831502,0.831502
165.025,0,0.804597,0.804597
165.045,0,0.790405,0.790405
165.065,0,0.726145,0.726145
165.085,0,0.727132,0.727132
165.105,0,0.841827,0.841827
165.125,0,0.679958,0.679958
165.145,0,0.696492,0.696492
165.165,0,0.668689,0.668689
165.185,0,0.677289,0.677289
165.205,0,0.693663,0.693663
165.225,0,0.657683,0.657683
165.245,0,0.652063,0.652063
165.265,0,0.589221,0.589221
165.285,0,0.560093,0.560093
165.305,0,0.545735,0.545735
165.325,0,0.557407,0.557407
165.345,0,0.543874,0.543874
165.365,0,0.466345,0.466345
165.385,0,0.4529,0.4529
165.405,0,0.466396,0.466396
165.425,0,0.447313,0.447313
165.445,0,0.424366,0.424366
165.465,0,0.455818,0.455818
165.485,0,0.456654,0.456654
165.505,0,0.419274,0.419274
165.525,0,0.410447,0.410447
165.545,0,0.391152,0.391152
165.565,0,0.411251,0.411251
165.585,0,0.363252,0.363252
165.605,0,0.333189,0.333189
165.625,0,0.330749,0.330749
165.645,0,0.257092,0.257092
165.665,0,0.261144,0.261144
165.685,0,0.241057,0.241057
165.705,0,0.216003,0.216003
165.725,0,0.200499,0.200499
165.745,0,0.199829,0.199829
165.765,0,0.222062,0.222062
165.785,0,0.200114,0.200114
165.805,0,0.179899,0.179899
165.825,0,0.174338,0.174338
165.845,0,0.199051,0.199051
165.865,0,0.184864,0.184864
165.885,0,0.159996,0.159996
165.905,0,0.176362,0.176362
165.925,0,0.16706,0.16706
165.945,0,0.142587,0.142587
165.965,0,0.146916,0.146916
165.985,0,0.113966,0.113966
166.005,0,0.110429,0.110429
166.025,0,0.115852,0.115852
166.045,0,0.086089,0.086089
166.065,0,0.0666098,0.0666098
166.085,0,0.0843832,0.0843832
166.105,0,0.0969304,0.0969304
166.125,0,0.092123,0.092123
166.145,0,0.0952453,0.0952453
166.165,0,0.0741937,0.0741937
166.185,0,0.0654857,0.0654857
166.205,0,0.0613881,0.0613881
166.225,0,0.0536927,0.0536927
166.245,0,0.0397757,0.0397757
166.265,0,0.0289832,0.0289832
166.285,0,0.0299622,0.0299622
166.305,0,0.0233204,0.0233204
166.325,0,0.0207764,0.0207764
166.345,0,0.0305163,0.0305163
166.365,0,0.0245842,0.0245842
166.385,0,0.0245312,0.0245312
166.405,0,0.0243609,0.0243609
166.425,0,0.0230771,0.0230771
166.445,0,0.0178999,0.0178999
166.465,0,0.0138258,0.0138258
166.485,0,0.0205552,0.0205552
166.505,0,0.0165373,0.0165373
166.525,0,0.0152953,0.0152953
166.545,0,0.0204013,0.0204013
166.565,0,0.0195864,0.0195864
166.585,0,0.00907339,0.00907339
166.605,0,0.0107093,0.0107093
166.625,0,0.0124658,0.0124658
166.645,0,0.00722899,0.00722899
