Time(ns),Ie(fC/ns),Ih(fC/ns),It(fC/ns)
0,34.5278,28.3804,62.9083
0.0001,42.6668,35.7275,78.3943
0.0002,13.8339,8.20501,22.0389
0.0003,-1.16246,-4.19745,-5.35991
0.0004,58.1364,49.3114,107.448
0.0005,24.8989,17.7433,42.6422
0.0006,59.2535,47.5633,106.817
0.0007,3.83933,0.926021,4.76535
0.0008,17.1905,12.0826,29.2731
0.0009,31.2769,25.4571,56.7339
0.001,-23.4822,-30.9266,-54.4087
0.0011,111.526,107.306,218.832
0.0012,-239.126,-206.676,-445.802
0.0013,420.949,339.404,760.352
0.0014,-373.5,-300.467,-673.967
0.0015,423.918,333.03,756.949
0.0016,-369.934,-299.462,-669.395
0.0017,429.976,341.021,770.997
0.0018,-360.785,-283.555,-644.34
0.0019,453.304,361.94,815.244
0.002,-407.353,-330.254,-737.607
0.0021,402.589,307.019,709.608
0.0022,-413.975,-326.384,-740.359
0.0023,402.358,317.69,720.049
0.0024,-384.993,-280.82,-665.813
0.0025,420.151,344.643,764.795
0.0026,-362.784,-274.413,-637.197
0.0027,434.541,356.087,790.628
0.0028,-437.319,-350.281,-787.6
0.0029,394.025,316.593,710.617
0.003,-418.181,-324.455,-742.636
0.0031,408.947,325.515,734.461
0.0032,-397.255,-310.576,-707.831
0.0033,402.176,297.674,699.849
0.0034,-399.386,-327.476,-726.861
0.0035,431.445,333.969,765.414
0.0036,-403.593,-329.489,-733.082
0.0037,404.121,330.161,734.282
0.0038,-422.129,-337.392,-759.521
0.0039,439.759,346.587,786.346
0.004,-372.632,-291.233,-663.865
0.0041,439.721,350.573,790.294
0.0042,-367.627,-296.998,-664.624
0.0043,445.551,358.286,803.837
0.0044,-389.854,-302.679,-692.533
0.0045,426.642,345.785,772.428
0.0046,-373.258,-295.896,-669.154
0.0047,411.737,315.954,727.691
0.0048,-411.962,-344.84,-756.802
0.0049,384.148,303.819,687.967
0.005,-420.997,-330.384,-751.381
0.0051,396.682,316.814,713.496
0.0052,-424.93,-350.329,-775.259
0.0053,388.556,313.143,701.699
0.0054,-372.491,-293.83,-666.321
0.0055,407.767,326.973,734.74
0.0056,14.7726,23.8185,38.5911
0.0057,9.86271,8.46926,18.332
0.0058,24.9282,3.14682,28.075
0.0059,47.3127,21.898,69.2107
0.006,25.6621,11.1763,36.8384
0.0061,10.1585,7.52081,17.6794
0.0062,26.8689,24.9515,51.8204
0.0063,11.4491,-11.4709,-0.0218399
0.0064,13.2417,6.16192,19.4036
0.0065,26.4007,18.4589,44.8596
0.0066,33.9811,39.3497,73.3308
0.0067,11.8411,10.3011,22.1421
0.0068,17.5014,10.9393,28.4407
0.0069,9.03004,11.0161,20.0461
0.007,27.2771,18.0273,45.3044
0.0071,41.9399,36.3621,78.302
0.0072,21.0744,26.5055,47.5799
0.0073,66.8932,57.7049,124.598
0.0074,-459.898,-340.615,-800.513
0.0075,331.697,292.43,624.127
0.0076,-417.211,-316.809,-734.02
0.0077,370.147,307.036,677.183
0.0078,-387.213,-305.682,-692.896
0.0079,387.242,316.281,703.523
0.008,-367.827,-301.882,-669.709
0.0081,388.363,318.467,706.83
0.0082,-372.419,-301.644,-674.064
0.0083,355.816,294.446,650.262
0.0084,-321.938,-270.238,-592.176
0.0085,356.67,287.553,644.223
0.0086,-403.115,-315.314,-718.428
0.0087,401.285,317.985,719.27
0.0088,-430.072,-340.537,-770.609
0.0089,392.98,301.574,694.554
0.009,-408.52,-328.36,-736.88
0.0091,373.434,306.605,680.039
0.0092,-404.126,-303.166,-707.292
0.0093,374.331,308.05,682.382
0.0094,-375.742,-292.702,-668.444
0.0095,422.758,335.65,758.408
0.0096,-350.235,-290.491,-640.726
0.0097,418.752,330.779,749.532
0.0098,-337.568,-274.151,-611.718
0.0099,390.015,309.781,699.796
0.01,-324.605,-268.568,-593.173
0.0101,380.83,300.07,680.9
0.0102001,76.9346,58.9843,135.919
0.0103003,48.7892,41.4192,90.2084
0.0104005,38.6711,32.968,71.6391
0.0105009,17.4153,9.41357,26.8289
0.0106014,16.8274,23.4135,40.2409
0.0107019,-11.7045,2.26814,-9.43635
0.0108026,15.6441,21.4198,37.0639
0.0109033,-23.0385,-14.6227,-37.6613
0.0110041,57.6968,49.2961,106.993
0.011105,-17.8053,-25.1046,-42.9099
0.011206,52.8734,39.8005,92.6738
0.0113071,12.4285,4.21204,16.6406
0.0114083,46.5934,33.0866,79.68
0.0115096,45.9131,32.1616,78.0747
0.011611,55.2372,37.8907,93.1279
0.0117124,24.4709,11.1841,35.6549
0.011814,49.4888,36.0236,85.5124
0.0119156,40.9049,31.5813,72.4861
0.0120174,64.7565,52.2987,117.055
0.0121192,1.05323,-6.43942,-5.38619
0.0122211,-1.40375,-1.20567,-2.60941
0.0123231,2.21051,-6.21076,-4.00025
0.0124253,-3.06399,-5.10857,-8.17257
0.0125275,-3.50086,0.205053,-3.29581
0.0126298,-2.47392,3.81038,1.33646
0.0127322,42.7101,20.66,63.3702
0.0128346,39.0465,17.5912,56.6377
0.0129372,52.6407,30.0866,82.7273
0.0130399,28.3082,22.3204,50.6286
0.0131426,54.273,37.2167,91.4898
0.0132455,19.7556,12.2491,32.0047
0.0133485,52.8473,39.6789,92.5262
0.0134515,24.7193,19.9364,44.6557
0.0135546,50.8496,32.6132,83.4628
0.0136579,23.8064,16.1313,39.9377
0.0137612,58.5071,47.963,106.47
0.0138646,12.8785,1.20878,14.0873
0.0139681,54.4257,48.0117,102.437
0.0140717,30.9255,22.402,53.3275
0.0141754,64.345,53.3311,117.676
0.0142792,38.2116,26.6582,64.8698
0.0143831,56.9417,53.4884,110.43
0.0144871,73.8671,67.5153,141.382
0.0145912,74.2777,64.3212,138.599
0.0146954,119.585,106.339,225.924
0.0147996,74.9761,58.2834,133.259
0.014904,73.017,70.9988,144.016
0.0150084,51.7656,62.4554,114.221
0.015113,80.1819,79.8928,160.075
0.0152176,60.5123,61.5541,122.066
0.0153224,61.7,57.5973,119.297
0.0154272,47.2985,51.4287,98.7272
0.0155322,91.8278,75.8925,167.72
0.0156372,76.7473,63.0103,139.758
0.0157423,107.45,84.578,192.028
0.0158475,74.9227,61.0876,136.01
0.0159529,111.119,90.7261,201.845
0.0160583,58.2487,50.3177,108.566
0.0161638,110.736,86.7533,197.49
0.0162694,46.2084,40.4445,86.6529
0.0163751,102.976,87.716,190.692
0.0164809,54.6472,42.0382,96.6855
0.0165868,112.58,91.0724,203.652
0.0166928,41.6439,27.5405,69.1845
0.0167988,120.523,98.015,218.538
0.016905,40.7966,25.1222,65.9187
0.0170113,-297.284,-232.383,-529.667
0.0171177,-262.264,-215.635,-477.899
0.0172241,-144.005,-123.151,-267.156
0.0173307,-122.391,-104.057,-226.448
0.0174374,-103.229,-100.434,-203.663
0.0175441,-67.3414,-70.871,-138.212
0.017651,-52.4546,-54.2172,-106.672
0.0177579,-57.7301,-72.8637,-130.594
0.017865,-49.9317,-59.6513,-109.583
0.0179721,-40.5617,-52.493,-93.0547
0.0180794,4.73865,-9.47814,-4.73949
0.0181867,-13.7252,-28.8042,-42.5294
0.0182942,9.88232,-9.29569,0.586635
0.0184017,-1.0632,-26.864,-27.9272
0.0185094,7.85876,-3.27007,4.58869
0.0186171,-3.11242,-19.9583,-23.0708
0.0187249,7.96721,-8.48741,-0.520198
0.0188329,-1.99315,-16.9752,-18.9684
0.0189409,-16.2454,-25.1548,-41.4002
0.019049,21.4652,2.70723,24.1724
0.0191572,1.01649,-11.1625,-10.146
0.0192656,58.8205,28.0953,86.9158
0.019374,19.9742,4.67015,24.6444
0.0194825,74.6548,47.1692,121.824
0.0195911,38.9804,23.2349,62.2153
0.0196999,70.6327,46.8562,117.489
0.0198087,43.3686,19.3507,62.7193
0.0199176,95.0326,65.3578,160.39
0.0200266,53.5515,22.0479,75.5994
0.0201357,86.0361,61.0153,147.051
0.0202449,53.739,28.368,82.107
0.0203543,119.379,87.2954,206.675
0.0204637,429.611,366.571,796.182
0.0205732,423.652,350.601,774.253
0.0206828,392.622,332.907,725.528
0.0207925,-401.974,-309.148,-711.122
0.0209023,379.179,322.699,701.878
0.0210122,-396.293,-310.097,-706.39
0.0211222,369.641,303.791,673.432
0.0212323,-388.895,-310.37,-699.264
0.0213426,398.82,315.559,714.38
0.0214529,-346.859,-276.886,-623.745
0.0215633,440.584,350.388,790.972
0.0216738,-324.011,-266.187,-590.198
0.0217844,420.343,335.613,755.956
0.0218951,-301.592,-244.806,-546.398
0.0220059,424.672,327.927,752.599
0.0221168,-283.286,-233.049,-516.335
0.0222279,410.956,334.212,745.168
0.022339,-277.944,-225.27,-503.214
0.0224502,412.332,335.402,747.734
0.0225615,-270.273,-231.477,-501.75
0.0226729,419.424,341.131,760.556
0.0227845,-271.32,-223.777,-495.097
0.0228961,412.396,330.668,743.064
0.0230078,-248.465,-203.54,-452.005
0.0231196,410.435,337.257,747.692
0.0232316,-237.89,-197.396,-435.286
0.0233436,394.937,316.079,711.015
0.0234557,-211.86,-184.648,-396.508
0.0235679,397.566,325.134,722.699
0.0236803,-210.757,-185.499,-396.256
0.0237927,390.011,317.037,707.048
0.0239053,-173.444,-162.306,-335.75
0.0240179,371.337,307.49,678.827
0.0241306,-158.711,-151.404,-310.115
0.0242435,351.882,289.884,641.766
0.0243564,-148.074,-143.76,-291.834
0.0244695,363.204,291.667,654.871
0.0245826,-142.354,-134.125,-276.479
0.0246959,367.546,299.106,666.652
0.0248093,-138.504,-129.343,-267.847
0.0249227,374.678,300.372,675.051
0.0250363,-291.685,-228.101,-519.786
0.02515,-112.962,-75.7176,-188.679
0.0252637,-240.755,-200.29,-441.045
0.0253776,229.428,219.413,448.841
0.0254916,-221.404,-186.832,-408.236
0.0256057,4.25858,7.67122,11.9298
0.0257199,-3.24464,-24.6037,-27.8483
0.0258341,277.589,227.332,504.921
0.0259485,-160.771,-159.316,-320.086
0.026063,6.19866,-0.0761382,6.12252
0.0261776,42.678,27.0573,69.7353
0.0262923,238.171,214.839,453.01
0.0264072,-115.726,-131.906,-247.632
0.0265221,198.611,171.885,370.495
0.0266371,-142.597,-148.862,-291.459
0.0267522,271.253,229.964,501.217
0.0268674,-128.807,-141.054,-269.86
0.0269828,-74.9661,-82.4491,-157.415
0.0270982,481.23,375.229,856.459
0.0272138,-159.433,-151.945,-311.378
0.0273294,22.4201,-14.9988,7.42129
0.0274452,297.166,239.135,536.301
0.027561,-49.0455,-75.7517,-124.797
0.027677,46.0281,25.6871,71.7152
0.0277931,105.42,63.5836,169.004
0.0279092,204.748,174.149,378.897
0.0280255,-55.1994,-81.373,-136.572
0.0281419,316.295,259.993,576.288
0.0282584,-57.4906,-78.6885,-136.179
0.028375,-64.4171,-77.6446,-142.062
0.0284917,515.291,392.402,907.693
0.0286085,-70.259,-95.221,-165.48
0.0287254,50.0267,5.12377,55.1504
0.0288424,276.643,226.292,502.935
0.0289596,31.776,-13.9089,17.867
0.0290768,138.37,110.106,248.476
0.0291942,112.733,73.7931,186.526
0.0293116,265.671,214.882,480.553
0.0294292,71.0944,17.9223,89.0167
0.0295468,131.69,88.9697,220.66
0.0296646,160.006,98.6478,258.654
0.0297825,202.973,157.041,360.014
0.0299005,81.4286,32.2024,113.631
0.0300185,262.263,208.652,470.915
0.0301367,84.4658,41.7127,126.179
0.0302551,161.461,113.974,275.435
0.0303735,127.336,79.9888,207.324
0.030492,294.224,239.937,534.161
0.0306106,96.7058,37.5734,134.279
0.0307294,149.479,88.1129,237.592
0.0308482,-87.6108,-91.8287,-179.44
0.0309672,-79.4858,-78.2273,-157.713
0.0310862,-71.016,-81.096,-152.112
0.0312054,-17.125,-34.7396,-51.8646
0.0313247,-18.9641,-44.4829,-63.4471
0.031444,23.3444,8.17864,31.5231
0.0315635,-15.1823,-27.4914,-42.6737
0.0316831,30.9343,7.55368,38.488
0.0318029,18.1742,5.7045,23.8787
0.0319227,45.1627,24.6706,69.8333
0.0320426,68.1347,44.6355,112.77
0.0321626,61.2175,40.1681,101.386
0.0322828,109.23,79.761,188.991
0.032403,75.2914,60.9715,136.263
0.0325234,127.115,86.4345,213.55
0.0326439,76.769,64.731,141.5
0.0327645,132.547,98.5568,231.104
0.0328852,67.7362,44.8164,112.553
0.033006,129.146,88.7611,217.907
0.0331269,81.226,54.972,136.198
0.0332479,117.532,86.3964,203.928
0.033369,96.4554,68.7252,165.181
0.0334903,132.114,85.8196,217.934
0.0336116,94.196,63.2616,157.458
0.0337331,130.796,92.7999,223.596
0.0338547,114.516,74.575,189.091
0.0339764,146.695,106.871,253.566
0.0340982,122.214,81.732,203.946
0.0342201,167.112,111.087,278.199
0.0343421,125.821,85.2717,211.092
0.0344642,161.533,110.039,271.572
0.0345865,134.851,84.4673,219.318
0.0347088,175.177,112.156,287.333
0.0348313,155.833,101.856,257.689
0.0349539,185.316,121.664,306.98
0.0350765,159.258,97.3799,256.638
0.0351993,174.267,120.037,294.304
0.0353222,169.466,111.445,280.91
0.0354453,201.331,131.554,332.885
0.0355684,179.258,115.846,295.105
0.0356916,203.11,136.489,339.599
0.035815,184.804,121.985,306.789
0.0359385,200.457,144.984,345.441
0.036062,183.837,123.735,307.572
0.0361857,219.895,149.071,368.966
0.0363095,186.806,121.092,307.898
0.0364335,207.089,149.398,356.487
0.0365575,200.193,125.547,325.74
0.0366816,215.761,141.019,356.78
0.0368059,201.515,130.037,331.553
0.0369303,223.38,150.299,373.679
0.0370547,209.272,137.893,347.165
0.0371793,232.424,154.771,387.196
0.037304,207.751,142.27,350.021
0.0374289,227.21,156.248,383.458
0.0375538,215.901,145.237,361.137
0.0376789,239.739,161.473,401.212
0.037804,213.615,135.734,349.348
0.0379293,225.542,160.144,385.686
0.0380547,224.033,152.282,376.316
0.0381802,234.255,153.05,387.304
0.0383058,222.786,164.976,387.762
0.0384315,228.093,153.801,381.894
0.0385574,-243.137,-210.538,-453.675
0.0386833,-176.676,-160.229,-336.905
0.0388094,-42.4829,-36.6743,-79.1572
0.0389356,82.0444,85.4886,167.533
0.0390619,97.1601,86.5598,183.72
0.0391883,114.203,100.988,215.192
0.0393149,115.197,100.973,216.169
0.0394415,136.253,114.051,250.304
0.0395683,119.212,91.9445,211.157
0.0396952,160.948,132.423,293.371
0.0398222,154.439,121.957,276.396
0.0399493,136.093,100.566,236.659
0.0400765,164.354,125.623,289.977
0.0402038,103.983,67.0211,171.004
0.0403313,166.319,137.072,303.391
0.0404589,99.661,60.4673,160.128
0.0405866,156.853,112.849,269.702
0.0407144,105.351,61.7641,167.115
0.0408423,153.838,113.65,267.488
0.0409703,115.251,67.7321,182.983
0.0410985,138.487,102.996,241.482
0.0412268,130.224,79.0578,209.281
0.0413551,145.507,101.1,246.607
0.0414836,134.65,84.4677,219.118
0.0416123,155.942,104.044,259.986
0.041741,140.242,88.9647,229.206
0.0418699,130.578,84.1245,214.703
0.0419988,165.643,100.318,265.961
0.0421279,143.462,91.1364,234.598
0.0422571,180.545,115.016,295.561
0.0423865,165.108,102.291,267.399
0.0425159,192.984,124.212,317.196
0.0426455,165.579,103.905,269.485
0.0427751,196.434,126.64,323.074
0.0429049,167.417,107.307,274.724
0.0430348,198.397,125.775,324.172
0.0431649,165.785,106.305,272.09
0.043295,207.975,128.538,336.513
0.0434253,440.085,326.62,766.706
0.0435557,-203.493,-184.802,-388.295
0.0436862,429.724,321.879,751.603
0.0438168,-324.403,-276.572,-600.974
0.0439476,427.46,330.11,757.57
0.0440784,-293.946,-256.664,-550.61
0.0442094,441.276,316.956,758.232
0.0443405,-282.175,-241.05,-523.225
0.0444717,468.04,340.107,808.147
0.0446031,-254.982,-222.711,-477.694
0.0447345,458.223,338.99,797.213
0.0448661,-207.594,-193.805,-401.399
0.0449978,453.992,329.813,783.805
0.0451296,-198.834,-176.691,-375.525
0.0452615,443.102,338.117,781.219
0.0453936,-164.496,-153.494,-317.99
0.0455258,457.871,347.127,804.999
0.0456581,-160.353,-148.963,-309.316
0.0457905,473.948,353.699,827.647
0.045923,-112.407,-117.633,-230.04
0.0460557,468.046,350.509,818.555
0.0461885,-201.317,-178.137,-379.454
0.0463214,482.905,362.865,845.769
0.0464544,35.6417,-4.3483,31.2934
0.0465875,482.634,362.162,844.795
0.0467208,-246.459,-207.156,-453.615
0.0468542,505.11,381.142,886.252
0.0469877,-218.807,-198.353,-417.16
0.0471213,516.964,386.195,903.158
0.047255,-76.9181,-99.7617,-176.68
0.0473889,528.057,394.1,922.156
0.0475229,-187.071,-181.051,-368.123
0.047657,533.559,401.469,935.028
0.0477912,67.1186,20.1992,87.3178
0.0479256,537.109,398.611,935.719
0.0480601,-197.469,-175.616,-373.085
0.0481947,533.854,395.942,929.796
0.0483294,-183.557,-167.453,-351.01
0.0484642,561.924,404.707,966.631
0.0485992,-95.0223,-116.016,-211.038
0.0487343,566.074,416.395,982.469
0.0488695,-100.623,-116.933,-217.556
0.0490048,52.4289,96.4326,148.861
0.0491403,24.2012,65.3637,89.5649
0.0492759,6.22795,56.5657,62.7937
0.0494116,-27.7022,11.19,-16.5122
0.0495474,-1.38659,14.1516,12.765
0.0496834,-19.0514,-22.6263,-41.6777
0.0498194,26.4514,8.08232,34.5337
0.0499556,2.95311,-2.17547,0.777644
0.050092,48.2748,30.5824,78.8572
0.0502284,10.0643,2.01361,12.078
0.050365,106.989,68.629,175.618
0.0505017,68.8766,46.1596,115.036
0.0506385,91.2326,37.2628,128.495
0.0507754,85.517,50.6585,136.175
0.0509125,137.996,74.1968,212.193
0.0510497,141.972,95.6548,237.627
0.051187,112.555,54.2201,166.775
0.0513245,159.56,98.3592,257.919
0.051462,138.325,81.2517,219.577
0.0515997,175.484,126.669,302.153
0.0517375,103.861,50.8199,154.681
0.0518755,166.205,112.729,278.935
0.0520136,150.28,92.9773,243.257
0.0521518,197.321,141.914,339.235
0.0522901,124.466,72.4668,196.933
0.0524285,173.106,124.795,297.9
0.0525671,180.613,112.34,292.953
0.0527058,217.376,150.57,367.946
0.0528446,144.808,82.4598,227.268
0.0529836,194.499,126.703,321.202
0.0531226,208.637,133.566,342.203
0.0532618,233.022,163.36,396.382
0.0534012,162.2,88.7543,250.954
0.0535406,222.074,138.98,361.054
0.0536802,223.87,145.191,369.061
0.0538199,240.748,162.963,403.711
0.0539597,158.975,91.4568,250.432
0.0540997,209.203,139.454,348.657
0.0542398,231.893,150.027,381.92
0.05438,261.816,177.148,438.964
0.0545204,172.291,99.8182,272.109
0.0546608,255.425,169.18,424.606
0.0548014,238.685,155.213,393.898
0.0549422,260.466,174.854,435.32
0.055083,207.502,125.306,332.808
0.055224,245.43,154.742,400.172
0.0553651,263.153,173.286,436.439
0.0555064,279.979,187.142,467.121
0.0556477,202.688,116.005,318.694
0.0557892,292.2,199.918,492.117
0.0559309,244.591,143.198,387.789
0.0560726,267.249,177.194,444.443
0.0562145,312.852,202.672,515.524
0.0563565,275.895,187.414,463.309
0.0564987,240.777,138.378,379.155
0.0566409,303.18,200.595,503.775
0.0567833,261.08,160.736,421.817
0.0569259,283.39,187.281,470.672
0.0570685,306.786,207.275,514.061
0.0572113,303.739,199.069,502.808
0.0573542,276.934,173.943,450.877
0.0574973,293.45,192.426,485.876
0.0576405,323.906,215.738,539.644
0.0577838,303.209,203.123,506.332
0.0579272,288.61,174.829,463.439
0.0580708,292.236,195.354,487.59
0.0582145,338.384,221.123,559.508
0.0583583,312.373,208.708,521.082
0.0585023,297.654,183.22,480.875
0.0586464,316.479,202.204,518.683
0.0587906,330.321,214.795,545.116
0.0589349,325.01,214.017,539.027
0.0590794,302.108,190.62,492.728
0.059224,319.533,206.75,526.283
0.0593688,335.803,219.048,554.851
0.0595137,337.936,224.296,562.233
0.0596587,327.949,203.587,531.536
0.0598038,322.198,204.678,526.877
0.0599491,330.242,225.704,555.947
0.0600945,333.293,212.099,545.392
0.0602401,340.033,212.811,552.844
0.0603857,334.077,211.746,545.823
0.0605315,-177.518,-186.555,-364.073
0.0606775,296.988,212.981,509.969
0.0608235,-33.8101,-68.7805,-102.591
0.0609697,215.821,158.167,373.987
0.0611161,43.1819,-1.59976,41.5821
0.0612625,125.741,73.7312,199.472
0.0614092,139.495,76.2926,215.788
0.0615559,171.461,105.622,277.084
0.0617028,183.589,115.483,299.072
0.0618498,242.349,162.163,404.512
0.0619969,193.17,104.706,297.876
0.0621442,344.779,251.8,596.579
0.0622916,48.054,-23.214,24.84
0.0624391,422.147,317.178,739.325
0.0625868,141.178,60.3073,201.485
0.0627346,408.075,304.248,712.323
0.0628825,5.88929,-41.1785,-35.2892
0.0630306,405.577,302.95,708.527
0.0631788,281.349,193.293,474.642
0.0633272,124.156,43.3434,167.499
0.0634756,426.491,319.143,745.634
0.0636242,-51.9508,-92.172,-144.123
0.063773,439.391,331.402,770.793
0.0639219,296.361,219.722,516.083
0.0640709,52.8428,-10.2159,42.6269
0.0642201,426.289,322.415,748.704
0.0643693,297.489,196.424,493.914
0.0645188,123.513,46.5477,170.061
0.0646683,454.233,344.264,798.497
0.064818,9.74008,-42.4728,-32.7327
0.0649679,461.75,343.811,805.561
0.0651178,361.72,271.961,633.681
0.0652679,31.4522,-36.1322,-4.68001
0.0654182,462.681,345.116,807.797
0.0655686,371.838,264.864,636.702
0.0657191,99.1809,13.2182,112.399
0.0658697,510.59,375.383,885.973
0.0660205,196.182,95.5574,291.74
0.0661715,485.912,366.289,852.2
0.0663225,27.279,-39.0254,-11.7465
0.0664737,483.6,358.597,842.197
0.0666251,409.459,301.325,710.783
0.0667765,71.7821,-2.85026,68.9318
0.0669282,487.743,367.195,854.938
0.0670799,367.229,254.509,621.738
0.0672318,191.654,87.1477,278.802
0.0673838,463.836,338.398,802.234
0.067536,148.474,50.9794,199.453
0.0676883,477.049,350.731,827.78
0.0678407,337.001,221.921,558.922
0.0679933,241.565,112.413,353.977
0.0681461,454.098,326.196,780.294
0.0682989,172.863,66.2804,239.144
0.0684519,462.018,333.336,795.354
0.068605,366.62,234.996,601.616
0.0687583,229.381,109.29,338.67
0.0689117,477.755,349.867,827.622
0.0690653,204.478,93.6758,298.154
0.069219,476.688,342.856,819.544
0.0693728,265.86,141.585,407.445
0.0695268,463.957,328.337,792.295
0.0696809,164.321,63.6798,228.001
0.0698352,478.65,340.981,819.631
0.0699896,401.146,269.439,670.586
0.0701441,232.937,108.163,341.1
0.0702988,493.953,353.937,847.89
0.0704536,262.48,136.687,399.167
0.0706086,468.488,341.801,810.29
0.0707637,240.411,119.174,359.585
0.0709189,469.409,328.204,797.613
0.0710743,298.371,173.883,472.254
0.0712298,452.795,311.39,764.185
0.0713855,203.548,77.9784,281.526
0.0715413,471.743,334.392,806.134
0.0716972,396.992,255.031,652.023
0.0718533,320.969,183.927,504.896
0.0720095,455.155,312.446,767.601
0.0721659,221.507,102.986,324.493
0.0723224,487.425,345.88,833.305
0.0724791,359.708,225.394,585.102
0.0726359,394.359,259.434,653.794
0.0727928,284.111,168.387,452.498
0.0729499,476.474,336.95,813.423
0.0731071,284.256,145.265,429.521
0.0732645,474.818,335.237,810.055
0.073422,321.708,190.46,512.168
0.0735797,472.037,318.229,790.266
0.0737375,266.6,137.888,404.488
0.0738954,472.152,332.661,804.813
0.0740535,361.056,208.768,569.824
0.0742117,442.181,295.675,737.856
0.0743701,277.827,134.989,412.816
0.0745286,465.482,326.092,791.574
0.0746873,362.108,226.112,588.219
0.0748461,418.929,276.393,695.322
0.075005,305.103,164.447,469.551
0.0751641,463.198,314.411,777.609
0.0753234,327.726,175.46,503.186
0.0754828,454.48,306.239,760.72
0.0756423,321.102,174.144,495.246
0.075802,450.324,306.923,757.247
0.0759618,328.543,184.274,512.817
0.0761218,468.613,324.026,792.639
0.0762819,317.853,180.889,498.742
0.0764421,455.093,303.132,758.225
0.0766025,319.845,175.279,495.124
0.0767631,463,312.112,775.112
0.0769238,341.909,189.305,531.215
0.0770846,439.323,294.3,733.623
0.0772456,89.9603,22.2105,112.171
0.0774067,84.7784,18.6264,103.405
0.077568,120.461,36.7179,157.178
0.0777294,132.878,43.3549,176.233
0.077891,162.549,67.6859,230.235
0.0780527,189.715,80.02,269.735
0.0782146,219.956,108.158,328.114
0.0783766,243.218,126.353,369.571
0.0785388,271.615,143.213,414.827
0.0787011,283.429,156.791,440.219
0.0788635,339.453,213.653,553.106
0.0790261,264.416,133.947,398.363
0.0791889,470.335,323.385,793.72
0.0793518,278.033,139.5,417.534
0.0795148,329.754,198.469,528.222
0.079678,382.047,237.052,619.099
0.0798414,297.568,177.304,474.872
0.0800049,427.232,286.886,714.118
0.0801685,272.684,138.382,411.067
0.0803323,436.492,290.464,726.956
0.0804962,297.264,152.852,450.116
0.0806603,426.974,279.027,706.001
0.0808245,297.109,151.49,448.599
0.0809889,444.693,291.106,735.799
0.0811535,311.582,154.982,466.564
0.0813182,442.504,294.618,737.121
0.081483,314.276,167.661,481.937
0.081648,450.762,305.331,756.092
0.0818131,322.366,167.595,489.96
0.0819784,454.389,294.856,749.245
0.0821438,345.736,192.948,538.684
0.0823094,469.211,293.947,763.158
0.0824751,350.66,193.061,543.721
0.082641,442.441,288.67,731.111
0.0828071,345.688,208.016,553.703
0.0829733,462.959,300.074,763.032
0.0831396,354.168,198.32,552.488
0.0833061,447.385,290.611,737.995
0.0834727,366.159,209.014,575.173
0.0836395,450.168,304.22,754.387
0.0838065,359.785,208.891,568.675
0.0839736,454.771,287.396,742.167
0.0841408,376.806,210.175,586.981
0.0843082,459.798,298.439,758.238
0.0844758,362.148,220.308,582.456
0.0846435,459.253,296.346,755.599
0.0848113,367.546,209.888,577.434
0.0849793,465.086,298.48,763.566
0.0851475,369.46,202.786,572.246
0.0853158,464.066,295.778,759.844
0.0854843,372.086,208.812,580.898
0.0856529,453.999,298.525,752.525
0.0858217,377.587,205.139,582.726
0.0859906,446.899,288.674,735.573
0.0861597,373.331,218.978,592.309
0.0863289,449.53,292.495,742.025
0.0864983,375.251,212.242,587.492
0.0866679,448.714,279.962,728.676
0.0868376,385.47,220.821,606.291
0.0870074,451.401,291.257,742.658
0.0871774,393.011,216.831,609.842
0.0873476,442.904,282.658,725.562
0.0875179,384.473,214.965,599.439
0.0876884,438.8,279.315,718.115
0.087859,385.006,227.489,612.495
0.0880298,445.171,285.154,730.325
0.0882007,381.388,220.418,601.806
0.0883718,453.057,287.272,740.329
0.0885431,384.077,224.395,608.472
0.0887145,457.246,298.584,755.83
0.088886,389.489,227.299,616.788
0.0890577,444.732,279.796,724.528
0.0892296,389.268,226.679,615.947
0.0894016,454.923,291.143,746.066
0.0895738,392.757,232.187,624.945
0.0897462,456.623,284.651,741.274
0.0899186,375.907,215.092,590.998
0.0900913,455.08,291.028,746.108
0.0902641,390.226,223.98,614.206
0.0904371,447.567,279.972,727.538
0.0906102,392.433,218.119,610.552
0.0907835,456.028,288.188,744.216
0.0909569,391.158,226.319,617.477
0.0911305,434.018,280.877,714.895
0.0913043,404.482,238.421,642.902
0.0914782,435.45,274.964,710.415
0.0916523,384.192,229.067,613.259
0.0918265,456.579,285.501,742.08
0.0920009,397.413,233.264,630.677
0.0921754,442.189,281.876,724.065
0.0923501,386.837,232.588,619.425
0.092525,454.394,289.429,743.823
0.0927,385.912,221.847,607.759
0.0928752,451.616,282.528,734.145
0.0930505,390.834,225.961,616.795
0.093226,455.468,283.598,739.066
0.0934017,386.668,226.257,612.926
0.0935775,444.381,277.377,721.758
0.0937535,398.275,224.122,622.397
0.0939296,451.607,282.648,734.255
0.0941059,380.323,223.349,603.672
0.0942824,440.112,274.284,714.396
0.094459,393.428,230.695,624.123
0.0946358,457.785,293.923,751.708
0.0948127,394.642,227.014,621.656
0.0949898,456.84,288.209,745.048
0.0951671,403.559,225.864,629.423
0.0953445,436.44,276.259,712.699
0.0955221,397.348,238.464,635.812
0.0956999,443.036,273.387,716.423
0.0958778,411.935,240.357,652.293
0.0960558,456.089,278.863,734.952
0.0962341,401.021,233.687,634.708
0.0964125,452.623,282.123,734.746
0.096591,397.182,228.303,625.485
0.0967697,320.236,200.984,521.22
0.0969486,426.446,273.78,700.227
0.0971277,413.077,252.709,665.786
0.0973069,446.748,271.828,718.576
0.0974862,435.151,267.143,702.294
0.0976658,463.862,287.306,751.169
0.0978455,438.624,269.058,707.681
0.0980253,467.647,273.617,741.264
0.0982054,444.198,270.891,715.088
0.0983855,461.898,277.445,739.343
0.0985659,433.05,265.658,698.709
0.0987464,461.087,281.325,742.411
0.0989271,438.456,259.083,697.539
0.0991079,454.228,273.986,728.214
0.0992889,436.698,254.922,691.62
0.0994701,456.914,275.567,732.481
0.0996514,443.074,257.663,700.737
0.099833,462.077,283.257,745.334
0.100015,443.598,261.313,704.911
0.100196,468.109,280.992,749.1
0.100378,448.62,264.736,713.356
0.100561,472.101,277.083,749.184
0.100743,443.236,258.536,701.772
0.100925,467.948,280.997,748.944
0.101108,438.374,258.637,697.011
0.101291,469.353,288.26,757.613
0.101474,429.353,258.017,687.369
0.101657,464.926,280.274,745.201
0.10184,443.724,256.851,700.574
0.102024,490.684,292.067,782.75
0.102208,440.105,263.065,703.17
0.102391,476.6,286.278,762.878
0.102575,437.219,257.142,694.362
0.10276,481.254,289.33,770.583
0.102944,449.098,261.165,710.263
0.103128,491.389,289.051,780.439
0.103313,437.602,262.18,699.782
0.103498,482.006,294.378,776.384
0.103683,450.687,254.645,705.332
0.103868,479.855,289.704,769.56
0.104053,444.919,261.112,706.031
0.104239,475.082,293.736,768.819
0.104425,432.353,251.772,684.126
0.10461,484.158,290.863,775.021
0.104796,449.092,263.699,712.791
0.104983,467.449,280.782,748.23
0.105169,443.423,259.043,702.466
0.105355,477.328,281.668,758.996
0.105542,448.336,259.704,708.04
0.105729,475.919,285.153,761.072
0.105916,450.793,262.117,712.91
0.106103,477.755,278.09,755.845
0.106291,456.678,264.904,721.583
0.106478,475.41,292.553,767.963
0.106666,455.508,261.589,717.097
0.106854,470.225,279.065,749.29
0.107042,449.771,262.974,712.745
0.10723,481.617,279.271,760.888
0.107418,457.055,271.164,728.219
0.107607,463.834,284.127,747.962
0.107796,450.384,272.644,723.027
0.107985,476.705,278.5,755.205
0.108174,463.57,281.594,745.165
0.108363,453.245,267.418,720.663
0.108552,452.455,255.643,708.098
0.108742,461.755,280.835,742.591
0.108932,445.424,259.871,705.295
0.109122,447.328,271.452,718.78
0.109312,458.403,262.098,720.501
0.109502,468.908,273.944,742.852
0.109692,470.19,265.221,735.411
0.109883,465.881,276.018,741.899
0.110074,456.466,263.887,720.353
0.110265,479.389,274.537,753.927
0.110456,458.035,262.415,720.45
0.110647,460.445,272.801,733.246
0.110839,457.576,266.127,723.703
0.11103,457.129,265.959,723.089
0.111222,469.819,279.674,749.493
0.111414,436.191,244.126,680.317
0.111607,464.874,276.772,741.646
0.111799,450.254,261.678,711.931
0.111991,458.277,271.348,729.625
0.112184,449.057,262.942,711.999
0.112377,451.945,267.938,719.883
0.11257,454.848,256.904,711.752
0.112763,464.817,274.945,739.763
0.112957,448.956,259.189,708.144
0.11315,449.893,266.02,715.913
0.113344,451.82,269.94,721.76
0.113538,461.253,268.363,729.616
0.113732,456.268,276.383,732.651
0.113927,460.705,260.972,721.677
0.114121,445.587,256.312,701.899
0.114316,443.07,257.001,700.071
0.11451,446.682,261.936,708.617
0.114706,443.736,256.592,700.328
0.114901,456.762,265.475,722.237
0.115096,458.808,266.858,725.666
0.115292,445.466,266.659,712.125
0.115487,446.4,254.416,700.816
0.115683,465.549,266.873,732.422
0.115879,450.04,259.869,709.91
0.116076,483.84,284.541,768.381
0.116272,451.302,254.043,705.346
0.116469,457.792,266.098,723.89
0.116665,466.352,260.977,727.329
0.116862,439.973,256.279,696.252
0.117059,459.15,262.566,721.716
0.117257,463.573,266.672,730.246
0.117454,468.209,263.174,731.383
0.117652,439.507,252.952,692.459
0.11785,456.313,261.156,717.468
0.118048,459.413,260.634,720.047
0.118246,460.88,259.066,719.946
0.118445,448.026,247.279,695.304
0.118643,451.348,257.914,709.262
0.118842,443.502,257.812,701.313
0.119041,462.927,259.686,722.614
0.11924,307.435,191.099,498.534
0.119439,342.029,199.86,541.889
0.119639,358.113,207.79,565.903
0.119838,316.418,176.319,492.736
0.120038,332.882,187.807,520.688
0.120238,394.57,225.918,620.488
0.120439,412.346,228.878,641.224
0.120639,390.849,221.226,612.075
0.12084,387.671,228.556,616.228
0.12104,416.664,233.323,649.987
0.121241,413.373,236.095,649.468
0.121442,415.834,236.276,652.11
0.121644,400.366,227.163,627.529
0.121845,425.155,245.958,671.114
0.122047,399.992,222.946,622.937
0.122249,430.489,237.173,667.662
0.122451,390.434,219.048,609.482
0.122653,427.406,240.034,667.44
0.122855,409.628,225.351,634.98
0.123058,440.653,235.637,676.29
0.123261,411.5,217.346,628.846
0.123464,437.64,237.06,674.699
0.123667,409.116,220.65,629.766
0.12387,429.183,235.288,664.471
0.124074,416.858,220.67,637.528
0.124277,435.095,243.87,678.965
0.124481,411.033,228.317,639.349
0.124685,427.865,240.299,668.164
0.12489,418.953,220.675,639.628
0.125094,430.662,237.038,667.7
0.125299,410.719,229.232,639.951
0.125504,424.793,240.942,665.736
0.125709,424.116,227.124,651.24
0.125914,446.157,242.954,689.111
0.126119,422.691,230.807,653.498
0.126325,445.415,239.147,684.562
0.12653,427.474,236.636,664.11
0.126736,457.559,250.926,708.485
0.126942,422.416,227.676,650.092
0.127149,427.028,243.297,670.325
0.127355,427.246,242.834,670.08
0.127562,458.525,251.165,709.69
0.127769,430.944,238.209,669.153
0.127976,448.759,251.271,700.03
0.128183,429.194,245.188,674.382
0.128391,468.913,248.348,717.262
0.128598,440.101,237.968,678.069
0.128806,453.469,248.409,701.878
0.129014,449.976,248.819,698.796
0.129222,474.038,259.64,733.678
0.129431,454.615,249.131,703.746
0.129639,462.713,261.684,724.397
0.129848,447.852,249.099,696.951
0.130057,482.937,261.029,743.966
0.130266,451.234,251.051,702.285
0.130475,464.19,259.147,723.337
0.130685,461.772,257.778,719.55
0.130895,471.741,264.029,735.769
0.131105,459.224,258.014,717.238
0.131315,462.12,257.187,719.307
0.131525,458.435,254.307,712.742
0.131735,466.206,262.314,728.52
0.131946,456.975,259.451,716.426
0.132157,468.744,263.164,731.909
0.132368,459.095,262.848,721.942
0.132579,479.888,259.305,739.193
0.132791,464.626,264.639,729.265
0.133002,482.146,272.232,754.378
0.133214,451.699,255.252,706.951
0.133426,473.993,266.662,740.654
0.133638,478.97,270.56,749.53
0.133851,468.055,272.461,740.516
0.134063,476.17,276.312,752.482
0.134276,464.113,256.786,720.899
0.134489,474.083,271.001,745.084
0.134702,464.845,260.583,725.428
0.134916,479.865,263.206,743.071
0.135129,478.079,268.53,746.609
0.135343,485.691,269.636,755.327
0.135557,476.061,265.223,741.284
0.135771,460.545,266.952,727.496
0.135985,479.822,260.058,739.88
0.1362,494.809,272.952,767.762
0.136415,490.36,273.261,763.621
0.13663,473.503,272.171,745.673
0.136845,471.688,256.326,728.014
0.13706,489.96,281.888,771.848
0.137275,481.836,271.658,753.494
0.137491,487.419,270.501,757.92
0.137707,479.907,276.732,756.639
0.137923,478.872,271.998,750.87
0.138139,474.804,276.207,751.011
0.138356,493.34,289.797,783.137
0.138573,489.148,280.61,769.757
0.13879,478.901,273.8,752.701
0.139007,471.929,259.884,731.812
0.139224,486.776,281.387,768.163
0.139441,485.096,289.277,774.373
0.139659,486.736,273.42,760.155
0.139877,485.527,270.851,756.378
0.140095,495.292,278.618,773.91
0.140313,498.862,296.65,795.512
0.140532,482.088,278.305,760.393
0.14075,475.563,267.796,743.359
0.140969,507.814,287.204,795.018
0.141188,496.871,284.935,781.806
0.141408,479.162,276.132,755.293
0.141627,484.203,286.501,770.704
0.141847,498.429,287.741,786.17
0.142067,467.747,263.88,731.628
0.142287,501.327,284.751,786.078
0.142507,497.974,286.535,784.509
0.142727,496.909,282.107,779.016
0.142948,333.332,193.68,527.012
0.143169,432.555,249.532,682.087
0.14339,674.864,455.007,1129.87
0.143611,477.106,278.946,756.052
0.143833,421.149,240.35,661.5
0.144054,474.867,277.83,752.697
0.144276,432.428,242.605,675.032
0.144498,488.32,278.044,766.365
0.144721,444.028,246.776,690.804
0.144943,493.404,271.639,765.043
0.145166,449.853,235.613,685.466
0.145389,497.279,278.075,775.354
0.145612,445.369,237.93,683.299
0.145835,516.263,280.436,796.699
0.146058,441,230.021,671.021
0.146282,511.788,286.462,798.25
0.146506,455.444,238.868,694.312
0.14673,514.281,287.608,801.889
0.146954,466.754,246.347,713.101
0.147179,512.411,286.538,798.949
0.147404,458.313,247.898,706.211
0.147629,517.253,288.769,806.022
0.147854,450.12,238.644,688.764
0.148079,514.93,288.325,803.255
0.148304,468.963,244.035,712.997
0.14853,528.319,290.816,819.135
0.148756,475.524,252.447,727.971
0.148982,510.857,292.222,803.079
0.149209,464.184,243.084,707.268
0.149435,507.532,287.674,795.206
0.149662,460.89,246.878,707.768
0.149889,521.952,293.71,815.662
0.150116,465.694,249.764,715.458
0.150343,515.501,283.126,798.628
0.150571,472.162,241.661,713.823
0.150799,509.947,284.805,794.752
0.151027,471.687,256.139,727.825
0.151255,520.666,293.6,814.266
0.151483,473.791,254.633,728.423
0.151712,517.921,285.476,803.397
0.151941,477.784,250.763,728.548
0.15217,521.975,283.528,805.504
0.152399,493.185,266.014,759.199
0.152629,526.189,292.276,818.465
0.152858,476.295,250.361,726.656
0.153088,520.726,288.22,808.946
0.153318,477.91,259.281,737.191
0.153549,531.31,287.092,818.402
0.153779,459.609,254.454,714.064
0.15401,523.165,282.864,806.029
0.154241,483.115,252.678,735.793
0.154472,528.991,285.919,814.91
0.154703,484.433,257.455,741.889
0.154935,524.195,282.594,806.789
0.155166,485.46,254.77,740.23
0.155398,517.2,283.538,800.738
0.155631,481.886,250.381,732.267
0.155863,523.644,279.896,803.54
0.156096,485.787,252.072,737.859
0.156328,509.623,274.501,784.124
0.156561,491.965,267.746,759.712
0.156795,519.119,277.977,797.096
0.157028,483.849,260.401,744.251
0.157262,512.452,284.338,796.79
0.157496,491.988,258.485,750.473
0.15773,517.802,277.643,795.445
0.157964,490.758,276.468,767.227
0.158199,509.456,276.944,786.4
0.158433,505.302,274.94,780.242
0.158668,509.399,279.712,789.111
0.158903,500.016,271.126,771.142
0.159139,505.242,267.956,773.199
0.159374,489.129,263.365,752.494
0.15961,502.887,272.333,775.22
0.159846,505.246,269.623,774.869
0.160082,503.84,270.121,773.96
0.160319,490.527,274.49,765.017
0.160555,511.36,279.468,790.829
0.160792,505.748,278.441,784.189
0.161029,501.857,270.515,772.371
0.161267,502.02,262.383,764.403
0.161504,498.949,271.198,770.147
0.161742,495.068,272.256,767.324
0.16198,502.316,273.258,775.575
0.162218,489.537,267.411,756.948
0.162456,496.798,270.117,766.915
0.162695,506.235,274.08,780.316
0.162934,506.274,274.268,780.542
0.163173,511.645,270.843,782.488
0.163412,511.23,276.067,787.297
0.163652,491.549,262.299,753.848
0.163891,502.613,275.092,777.705
0.164131,491.444,268.76,760.204
0.164371,516.127,276.407,792.534
0.164612,502.91,272.978,775.889
0.164852,497.481,266.481,763.961
0.165093,500.927,263.803,764.731
0.165334,519.205,276.266,795.471
0.165575,514.363,278.37,792.733
0.165817,492.281,264.16,756.441
0.166058,482.987,252.069,735.055
0.1663,524.733,281.599,806.332
0.166542,517.805,275.272,793.077
0.166785,482.912,258.845,741.758
0.167027,476.017,255,731.017
0.16727,537.616,295.851,833.467
0.167513,230.805,123.299,354.104
0.167756,239.539,73.7313,313.27
0.167999,284.695,117.881,402.576
0.168243,385.1,185.806,570.907
0.168487,403.578,207.099,610.677
0.168731,383.665,191.857,575.522
0.168975,418.671,212.641,631.311
0.16922,408.339,201.266,609.605
0.169465,449.004,236.097,685.1
0.16971,423.06,212.559,635.619
0.169955,489.48,253.936,743.416
0.1702,434.791,213.674,648.465
0.170446,494.191,265.649,759.84
0.170692,452.629,228.82,681.449
0.170938,489.134,261.081,750.215
0.171184,469.101,237.06,706.161
0.171431,495.573,258.38,753.953
0.171677,459.743,230.806,690.549
0.171924,539.542,295.217,834.759
0.172171,160.029,35.6268,195.656
0.172419,205.952,51.4649,257.417
0.172667,242.47,75.6914,318.162
0.172914,309.398,129.386,438.784
0.173163,349.772,168.671,518.443
0.173411,431.443,234.277,665.72
0.173659,438.714,237.556,676.27
0.173908,506.711,292.943,799.653
0.174157,446.128,223.019,669.147
0.174406,506.378,281.06,787.438
0.174656,465.945,244.65,710.595
0.174906,484.147,264.674,748.821
0.175156,494.371,251.264,745.635
0.175406,476.37,247.681,724.051
0.175656,474.851,259.868,734.719
0.175907,481.635,246.182,727.817
0.176157,481.574,257.297,738.871
0.176408,480.979,251.819,732.798
0.17666,482.95,258.728,741.678
0.176911,476.028,251.781,727.809
0.177163,493.271,270.533,763.805
0.177415,482.156,258.377,740.533
0.177667,486.227,266.523,752.751
0.17792,496.829,260.711,757.54
0.178172,502.028,266.952,768.98
0.178425,489.277,264.158,753.435
0.178678,502.754,262.723,765.477
0.178932,487.269,262.45,749.719
0.179185,510.692,279.788,790.48
0.179439,504.376,268.234,772.61
0.179693,508.207,270.268,778.475
0.179947,498.169,272.459,770.628
0.180202,512.593,272.32,784.913
0.180457,507.565,267.291,774.856
0.180711,510.375,276.322,786.697
0.180967,517.702,266.192,783.893
0.181222,516.324,281.134,797.458
0.181478,507.834,273.244,781.078
0.181734,517.709,267.085,784.794
0.18199,528.648,290.382,819.03
0.182246,503.853,264.521,768.375
0.182503,527.613,279.824,807.438
0.18276,525.68,280.977,806.657
0.183017,526.9,287.923,814.822
0.183274,512.575,276.795,789.37
0.183531,522.832,283.229,806.061
0.183789,521.27,276.632,797.902
0.184047,521.439,287.217,808.656
0.184305,531.151,286.621,817.772
0.184564,526.562,288.769,815.331
0.184822,530.763,274.811,805.574
0.185081,528.828,289.097,817.925
0.185341,527.492,279.84,807.332
0.1856,529.758,288.857,818.614
0.18586,526.542,280.76,807.302
0.186119,537.136,291.125,828.261
0.18638,534.644,276.503,811.148
0.18664,546.649,291.225,837.873
0.186901,527.352,284.508,811.861
0.187161,542.395,296.163,838.558
0.187422,543.505,286.241,829.746
0.187684,548.374,297.414,845.788
0.187945,529.287,277.301,806.587
0.188207,545.054,296.835,841.89
0.188469,546.17,288.957,835.127
0.188731,547.892,292.997,840.889
0.188994,541.562,283.714,825.276
0.189256,553.886,300.809,854.696
0.189519,535.023,285.935,820.958
0.189783,561.4,301.598,862.998
0.190046,531.715,279.484,811.2
0.19031,550.586,304.164,854.75
0.190574,540.315,281.391,821.706
0.190838,533.46,287.283,820.744
0.191102,536.027,286.922,822.949
0.191367,547.411,289.441,836.852
0.191632,536.467,281.918,818.385
0.191897,549.875,296.67,846.544
0.192162,527.178,274.543,801.72
0.192428,554.413,300.55,854.964
0.192694,540.563,280.276,820.839
0.19296,548.674,298.696,847.37
0.193226,532.285,279.435,811.72
0.193493,549.352,299.111,848.463
0.193759,537.484,280.378,817.862
0.194026,373.72,229.505,603.225
0.194294,433.638,264.879,698.517
0.194561,458.991,270.161,729.152
0.194829,476.568,267.082,743.651
0.195097,491.031,277.655,768.686
0.195365,478.851,240.827,719.678
0.195634,496.66,259.625,756.284
0.195903,486.756,245.12,731.877
0.196172,517.451,269.221,786.672
0.196441,499.313,263.653,762.966
0.19671,496.277,249.461,745.738
0.19698,503.42,270.493,773.914
0.19725,513.139,256.405,769.545
0.19752,517.196,270.367,787.564
0.197791,481.735,246.17,727.904
0.198062,516.68,277.901,794.581
0.198333,503.145,248.272,751.417
0.198604,522.882,270.377,793.259
0.198875,492.368,242.952,735.32
0.199147,540.113,288.237,828.35
0.199419,491.932,256.556,748.488
0.199691,537.255,283.899,821.154
0.199964,495.249,254.009,749.258
0.200236,527.407,276.456,803.862
0.200509,524.909,266.563,791.472
0.200782,523.85,270.242,794.092
0.201056,670.801,467.656,1138.46
0.201329,694.74,483.02,1177.76
0.201603,678.646,479.943,1158.59
0.201878,23.9614,-65.7195,-41.758
0.202152,723.274,492.439,1215.71
0.202427,74.0271,-35.6274,38.3998
0.202702,759.039,509.113,1268.15
0.202977,132.745,-14.5277,118.217
0.203252,796.539,515.854,1312.39
0.203528,150.551,-8.90161,141.649
0.203804,786.861,509.221,1296.08
0.20408,162.981,-1.08546,161.895
0.204356,788.274,515.711,1303.98
0.204633,174.977,-7.70274,167.274
0.20491,796.098,512.427,1308.53
0.205187,197.535,12.1983,209.733
0.205465,795.899,515.308,1311.21
0.205742,206.392,12.7586,219.151
0.20602,786.61,506.469,1293.08
0.206299,214.929,16.4165,231.346
0.206577,798.769,511.204,1309.97
0.206856,220.263,27.1761,247.439
0.207135,792.741,518.894,1311.63
0.207414,233.898,28.5273,262.426
0.207693,810.833,510.216,1321.05
0.207973,239.022,24.4735,263.496
0.208253,801.525,515.575,1317.1
0.208533,236.862,33.0949,269.957
0.208814,792.326,507.226,1299.55
0.209095,239.274,36.9569,276.231
0.209376,800.711,512.636,1313.35
0.209657,245.654,34.9279,280.582
0.209938,798.593,506.728,1305.32
0.21022,253.073,41.3283,294.401
0.210502,786.193,505.78,1291.97
0.210784,262.038,49.3825,311.421
0.211067,795.731,501.567,1297.3
0.21135,272.476,56.8415,329.317
0.211633,792.588,500.806,1293.39
0.211916,276.001,59.7786,335.78
0.2122,799.325,507.483,1306.81
0.212483,287.695,54.0665,341.761
0.212767,788.212,497.586,1285.8
0.213052,289.407,60.4346,349.842
0.213336,804.247,510.222,1314.47
0.213621,288.246,66.8489,355.095
0.213906,789.676,496.408,1286.08
0.214192,299.219,67.2617,366.48
0.214477,812.398,506.305,1318.7
0.214763,294.123,73.6215,367.745
0.215049,787.348,489.472,1276.82
0.215336,309.442,79.9536,389.396
0.215622,809.058,500.606,1309.66
0.215909,299.151,63.4569,362.608
0.216197,792.652,494.585,1287.24
0.216484,298.721,65.8055,364.526
0.216772,815.192,503.55,1318.74
0.21706,289.774,67.6545,357.428
0.217348,772.028,480.917,1252.94
0.217636,329.813,78.8625,408.675
0.217925,844.893,526.684,1371.58
0.218214,298.895,67.4168,366.312
0.218504,743.805,451.518,1195.32
0.218793,320.668,84.5965,405.264
0.219083,859.457,530.708,1390.17
0.219373,285.115,57.6554,342.771
0.219663,698.43,422.637,1121.07
0.219954,335.375,98.2757,433.65
0.220245,875.503,552.386,1427.89
0.220536,302.97,63.8333,366.803
0.220827,688.658,409.81,1098.47
0.221119,340.864,102.384,443.248
0.221411,865.47,545.443,1410.91
0.221703,304.761,69.4027,374.164
0.221996,676.77,396.226,1073
0.222288,361.315,112.457,473.773
0.222581,868.02,545.737,1413.76
0.222875,318.458,74.1085,392.566
0.223168,665.505,394.848,1060.35
0.223462,354.203,112.912,467.115
0.223756,868.453,544.96,1413.41
0.22405,320.711,83.0403,403.751
0.224345,652.119,387.934,1040.05
0.22464,382.017,126.524,508.541
0.224935,863.132,538.727,1401.86
0.22523,171.06,59.2743,230.334
0.225526,253.585,103.574,357.159
0.225822,313.469,135.008,448.477
0.226118,322.623,144.733,467.356
0.226414,403.994,200.547,604.541
0.226711,377.388,166.263,543.651
0.227008,482.539,242.983,725.522
0.227305,420.506,189.134,609.64
0.227603,535.084,270.005,805.089
0.227901,437.209,199.624,636.833
0.228199,540.715,289.54,830.254
0.228497,459.937,213.074,673.011
0.228796,570.449,297.659,868.108
0.229095,457.947,216.391,674.338
0.229394,573,302.943,875.943
0.229693,482.123,227.188,709.311
0.229993,571.678,304.021,875.699
0.230293,495.91,237.772,733.682
0.230593,571.962,304.628,876.59
0.230894,491.476,239.331,730.808
0.231195,593.379,311.606,904.984
0.231496,507.038,248.397,755.435
0.231797,581.014,301.526,882.54
0.232099,511.25,253.747,764.997
0.232401,582.855,313.59,896.445
0.232703,521.207,262.908,784.115
0.233005,584.598,306.056,890.654
0.233308,534.517,265.915,800.432
0.233611,617.132,454.524,1071.66
0.233914,589.849,413.83,1003.68
0.234218,347.328,199.479,546.808
0.234522,310.865,132.502,443.368
0.234826,497.441,315.42,812.861
0.23513,258.845,89.1043,347.95
0.235435,517.229,315.951,833.18
0.23574,279.649,103.294,382.943
0.236045,530.923,320.938,851.862
0.236351,318.381,121.159,439.54
0.236656,255.579,171.236,426.815
0.236962,285.361,183.443,468.804
0.237269,285.393,165.28,450.673
0.237575,250.951,126.511,377.462
0.237882,301.734,152.977,454.711
0.238189,298.704,150.431,449.135
0.238497,343.66,176.524,520.185
0.238805,362.424,177.707,540.13
0.239113,358.183,170.798,528.982
0.239421,432.257,230.339,662.597
0.239729,364.874,170.104,534.978
0.240038,449.286,226.992,676.279
0.240347,405.307,200.202,605.509
0.240657,476.317,241.328,717.645
0.240967,424.738,215.99,640.729
0.241277,459.461,235.251,694.712
0.241587,442.871,220.002,662.874
0.241897,459.705,235.107,694.811
0.242208,465.815,244.117,709.932
0.242519,481.995,246.273,728.268
0.242831,467.985,232.5,700.486
0.243142,489.756,260.851,750.606
0.243454,469.32,244.024,713.344
0.243766,499.537,263.416,762.953
0.244079,484.07,240.302,724.372
0.244392,510.265,272.602,782.867
0.244705,478.7,243.757,722.457
0.245018,527.974,275.157,803.131
0.245332,476.23,242.89,719.119
0.245646,547.45,289.793,837.243
0.24596,482.283,246.829,729.113
0.246275,551.66,297.651,849.311
0.246589,505.666,252.376,758.042
0.246904,547.691,291.491,839.182
0.24722,503.668,249.143,752.811
0.247535,578.372,306.267,884.639
0.247851,508.183,258.037,766.22
0.248168,571.563,294.564,866.127
0.248484,521.236,262.617,783.853
0.248801,583.265,311.875,895.141
0.249118,537.915,266.265,804.18
0.249435,582.439,298.95,881.389
0.249753,532.028,267.662,799.69
0.250071,594.541,309.778,904.319
0.250389,539.248,267.924,807.172
0.250708,584.271,304.075,888.346
0.251027,526.62,264.408,791.028
0.251346,595.39,315.167,910.557
0.251665,545.925,278.713,824.638
0.251985,582.123,296.511,878.634
0.252305,533.342,267.901,801.243
0.252625,608.054,312.784,920.838
0.252946,567.046,287.88,854.925
0.253267,570.989,291.769,862.758
0.253588,530.229,264.262,794.491
0.253909,609.135,327.088,936.223
0.254231,563.956,288.123,852.079
0.254553,584.065,295.564,879.63
0.254875,539.495,261.996,801.491
0.255198,612.667,332.709,945.376
0.255521,559.092,288.284,847.376
0.255844,579.804,296.077,875.881
0.256167,539.584,269.562,809.146
0.256491,625.907,325.139,951.045
0.256815,570.137,284.483,854.62
0.25714,588.011,306.626,894.637
0.257464,538.454,270.933,809.388
0.257789,602.809,315.474,918.283
0.258115,557.512,279.058,836.57
0.25844,597.322,309.567,906.889
0.258766,560.45,277.202,837.652
0.259092,602.394,323.64,926.034
0.259419,563.296,272.867,836.163
0.259745,574.994,296.145,871.139
0.260072,559.703,270.957,830.66
0.2604,596.368,313.913,910.28
0.260727,563.612,281.729,845.341
0.261055,583.6,297.375,880.975
0.261384,557.05,270.839,827.889
0.261712,617.315,322.547,939.862
0.262041,576.199,279.786,855.985
0.26237,587.879,302.598,890.477
0.262699,556.592,272.52,829.112
0.263029,606.885,318.81,925.695
0.263359,571.35,281.347,852.697
0.26369,583.567,295.883,879.45
0.26402,560.078,278.582,838.66
0.264351,594.531,307.437,901.968
0.264682,561.91,275.27,837.18
0.265014,602.893,312.579,915.471
0.265346,555.957,273.747,829.704
0.265678,594.464,306.896,901.36
0.26601,407.357,276.725,684.083
0.266343,585.472,416.309,1001.78
0.266676,587.646,387.135,974.781
0.267009,428.902,234.391,663.293
0.267343,475.156,255.835,730.991
0.267677,466.277,236.955,703.232
0.268011,499.341,251.019,750.361
0.268346,479.687,243.419,723.106
0.268681,524.559,266.298,790.857
0.269016,489.251,245.907,735.158
0.269351,522.744,262.286,785.029
0.269687,506.612,242.369,748.981
0.270023,539.288,273.356,812.644
0.270359,508.954,247.059,756.013
0.270696,549.75,281.416,831.166
0.271033,506.117,250.771,756.888
0.27137,95.524,26.4242,121.948
0.271708,112.823,11.2871,124.11
0.272046,148.991,57.8411,206.833
0.272384,171.81,55.6104,227.42
0.272723,207.374,89.693,297.067
0.273062,217.145,87.2094,304.354
0.273401,263.847,118.3,382.147
0.27374,289.562,121.981,411.543
0.27408,308.732,136.379,445.111
0.27442,324.258,139.851,464.11
0.27476,368.831,175.842,544.672
0.275101,354.71,152.706,507.417
0.275442,409.034,201.024,610.058
0.275783,361.456,164.286,525.741
0.276125,446.183,215.051,661.234
0.276467,379.286,173.864,553.15
0.276809,469.594,235.778,705.372
0.277152,398.245,184.502,582.747
0.277495,469.041,231.126,700.167
0.277838,417.375,198.774,616.149
0.278181,486.274,242.883,729.157
0.278525,429.797,201.954,631.751
0.278869,483.588,247.105,730.693
0.279214,449.077,207.916,656.993
0.279558,501.984,251.569,753.553
0.279903,462.59,215.255,677.845
0.280249,519.68,257.052,776.732
0.280594,452.667,226.355,679.022
0.28094,521.115,258.607,779.722
0.281287,473.894,238.822,712.716
0.281633,539.97,261.392,801.361
0.28198,480.685,242.666,723.351
0.282328,536.587,264.34,800.928
0.282675,504.693,248.703,753.396
0.283023,525.505,260.807,786.312
0.283371,502.638,245.34,747.977
0.28372,550.677,278.222,828.899
0.284069,234.894,165.66,400.554
0.284418,461.394,330.275,791.669
0.284767,412.401,291.659,704.06
0.285117,277.377,170.428,447.805
0.285467,310.577,192.963,503.541
0.285818,349.563,200.13,549.692
0.286168,387.635,221.292,608.927
0.286519,398.369,227.818,626.187
0.286871,440.054,255.903,695.957
0.287222,444.245,251.5,695.745
0.287574,468.478,269.867,738.345
0.287927,487.467,265.961,753.428
0.288279,487.393,268.442,755.835
0.288632,509.431,267.673,777.103
0.288986,482.166,268.13,750.295
0.289339,515.031,277.067,792.098
0.289693,512.402,275.928,788.33
0.290048,521.257,278.095,799.352
0.290402,508.771,273.642,782.413
0.290757,515.2,273.897,789.097
0.291112,532.786,283.404,816.191
0.291468,523.697,276.954,800.651
0.291824,557.916,298.095,856.011
0.29218,522.336,278.799,801.136
0.292536,556.965,297.226,854.191
0.292893,541.323,277.433,818.757
0.293251,570.772,301.776,872.548
0.293608,543.371,275.132,818.503
0.293966,573.446,300.716,874.162
0.294324,544.503,288.686,833.189
0.294682,585.4,308.749,894.15
0.295041,548.488,284.219,832.707
0.2954,587.426,305.61,893.035
0.29576,557.316,285.795,843.112
0.29612,591.182,303.06,894.242
0.29648,570.013,284.25,854.262
0.29684,597.992,311.389,909.381
0.297201,565.685,283.35,849.035
0.297562,606.758,306.782,913.54
0.297923,567.722,288.731,856.453
0.298285,603.463,310.741,914.204
0.298647,576.149,290.633,866.782
0.29901,604.415,312.238,916.654
0.299372,562.732,293.974,856.707
0.299735,601.802,307.39,909.192
0.300099,573.57,287.968,861.538
0.300463,608.657,312.003,920.66
0.300827,565.425,288.369,853.794
0.301191,607.49,302.356,909.846
0.301556,574.654,296.795,871.45
0.301921,603.805,308.203,912.008
0.302286,582.865,296.45,879.314
0.302652,607.66,306.189,913.849
0.303018,582.658,296.202,878.86
0.303384,604.705,304.444,909.149
0.303751,583.188,292.583,875.771
0.304118,599.988,311.034,911.022
0.304485,584.758,292.072,876.83
0.304853,609.515,307.783,917.298
0.305221,580.38,295.813,876.193
0.30559,598.757,302.804,901.56
0.305958,580.224,287.737,867.961
0.306327,596.157,303.592,899.749
0.306697,580.483,292.293,872.776
0.307067,603.777,300.903,904.681
0.307437,574.23,288.655,862.885
0.307807,594.33,296.782,891.112
0.308178,572.465,286.437,858.902
0.308549,598.251,304.923,903.174
0.30892,570.886,288.282,859.169
0.309292,590.067,291.801,881.868
0.309664,583.099,287.712,870.81
0.310036,597.459,296.542,894.001
0.310409,578.15,287.753,865.902
0.310782,590.639,292.166,882.805
0.311156,571.661,286.71,858.371
0.31153,586.301,288.674,874.975
0.311904,571.335,280.43,851.765
0.312278,591.575,296.824,888.399
0.312653,564.587,276.055,840.642
0.313028,590.553,292.257,882.81
0.313404,563.073,282.166,845.238
0.313779,584.972,291.066,876.038
0.314155,568.993,286.173,855.167
0.314532,576.602,289.719,866.321
0.314909,573.707,283.684,857.39
0.315286,579.536,286.42,865.956
0.315664,566.317,277.936,844.252
0.316041,582.137,287.339,869.476
0.31642,559.493,281.828,841.32
0.316798,591.098,286.917,878.015
0.317177,569.944,275.764,845.708
0.317556,579.618,289.27,868.887
0.317936,554.871,275.82,830.691
0.318316,578.193,283.909,862.102
0.318696,56.0703,-24.0772,31.9932
0.319077,616.014,445.768,1061.78
0.319458,62.949,-16.2809,46.6681
0.319839,706.343,493.057,1199.4
0.320221,100.475,-3.66411,96.8114
0.320603,734.07,497.561,1231.63
0.320985,153.374,12.0828,165.457
0.321368,778.534,504.727,1283.26
0.321751,186.448,15.8085,202.257
0.322134,793.331,503.745,1297.08
0.322518,191.116,17.3919,208.508
0.322902,804.587,509.043,1313.63
0.323287,221.388,22.0666,243.454
0.323672,818.686,509.585,1328.27
0.324057,226.281,20.3181,246.599
0.324442,816.31,504.201,1320.51
0.324828,232.517,20.7678,253.285
0.325214,792.014,500.542,1292.56
0.325601,234.601,26.2537,260.855
0.325988,825.37,511.692,1337.06
0.326375,231.867,22.3077,254.175
0.326763,830.301,509.443,1339.74
0.327151,237.994,19.3132,257.307
0.327539,829.294,510.377,1339.67
0.327928,236.674,16.8382,253.513
0.328317,833.582,508.221,1341.8
0.328706,239.165,23.3089,262.474
0.329096,826.815,509.323,1336.14
0.329486,253.874,24.0712,277.945
0.329876,826.735,513.231,1339.97
0.330267,237.861,23.6734,261.534
0.330658,829.55,513.295,1342.85
0.33105,252.38,28.1024,280.482
0.331442,830.779,506.943,1337.72
0.331834,260.502,27.3103,287.812
0.332226,830.547,507.533,1338.08
0.332619,257.599,30.432,288.031
0.333013,820.536,514.061,1334.6
0.333406,258.447,29.3633,287.81
0.3338,842.382,514.809,1357.19
0.334195,271.412,29.9111,301.323
0.334589,831.165,509.156,1340.32
0.334984,257.321,31.9744,289.295
0.33538,841.266,507.248,1348.51
0.335776,261.47,28.715,290.185
0.336172,837.471,511.411,1348.88
0.336568,264.452,34.855,299.307
0.336965,844.451,509.685,1354.14
0.337362,272.574,35.0298,307.604
0.33776,836.276,513.137,1349.41
0.338158,277.336,37.7486,315.085
0.338556,833.737,511.382,1345.12
0.338955,269.873,32.2468,302.12
0.339354,841.823,510.289,1352.11
0.339753,271.444,30.815,302.259
0.340153,843.161,511.251,1354.41
0.340553,263.528,22.7713,286.299
0.340954,840.53,522.038,1362.57
0.341355,267.051,26.2147,293.265
0.341756,842.174,513.451,1355.62
0.342158,260.319,23.8071,284.126
0.34256,843.41,512.131,1355.54
0.342962,265.271,23.7621,289.033
0.343365,832.858,513.213,1346.07
0.343768,271.784,27.9168,299.7
0.344171,836.709,512.162,1348.87
0.344575,275.412,24.595,300.007
0.344979,843.935,507.192,1351.13
0.345384,268.886,28.233,297.119
0.345788,844.636,511.431,1356.07
0.346194,265.492,28.0318,293.523
0.346599,828.107,509.246,1337.35
0.347005,259.038,23.2534,282.291
0.347412,837.515,509.947,1347.46
0.347818,260.92,25.9765,286.896
0.348226,824.518,506.348,1330.87
0.348633,269.175,27.9603,297.136
0.349041,827.514,505.86,1333.37
0.349449,259.359,17.198,276.557
0.349858,824.55,507.433,1331.98
0.350267,258.643,20.3065,278.95
0.350676,828.674,497.185,1325.86
0.351086,260.263,13.65,273.913
0.351496,428.969,293.424,722.393
0.351906,373.846,242.29,616.136
0.352317,381.657,242.233,623.89
0.352728,339.625,178.764,518.389
0.35314,682.639,467.071,1149.71
0.353552,76.7515,-46.3648,30.3867
0.353964,755.315,503.342,1258.66
0.354377,102.857,-33.125,69.7317
0.35479,784.324,522.228,1306.55
0.355203,137.232,-31.3918,105.84
0.355617,800.347,527.152,1327.5
0.356031,142.507,-41.0204,101.486
0.356446,838.878,537.327,1376.2
0.356861,129.997,-53.5464,76.4511
0.357276,849.887,547.622,1397.51
0.357692,175.724,-30.8833,144.84
0.358108,827.697,535.908,1363.6
0.358524,197.475,-24.3287,173.146
0.358941,847.468,533.915,1381.38
0.359358,213.298,-12.5417,200.756
0.359776,838.104,527.473,1365.58
0.360194,216.089,-13.6815,202.407
0.360612,838.658,526.208,1364.87
0.361031,214.426,-9.86134,204.565
0.36145,858.149,532.331,1390.48
0.36187,242.461,1.52387,243.985
0.36229,840.431,521.118,1361.55
0.36271,229.656,-5.30237,224.354
0.36313,859.996,528.66,1388.66
0.363552,246.851,2.31314,249.165
0.363973,852.469,524.808,1377.28
0.364395,243.566,3.49578,247.062
0.364817,845.551,520.194,1365.75
0.365239,248.569,3.35218,251.921
0.365662,845.399,527.417,1372.82
0.366086,244.429,3.41166,247.841
0.366509,854.031,525.443,1379.47
0.366934,245.531,7.18483,252.716
0.367358,851.767,522.944,1374.71
0.367783,248.025,14.9404,262.965
0.368208,848.472,530.555,1379.03
0.368634,263.455,11.7014,275.157
0.36906,855.125,525.396,1380.52
0.369486,260.321,12.9786,273.3
0.369913,853.086,525.007,1378.09
0.37034,254.008,15.3849,269.393
0.370768,861.063,525.869,1386.93
0.371196,264.703,17.8735,282.576
0.371624,851.095,525.617,1376.71
0.372053,272.131,13.1719,285.303
0.372482,858.916,524.466,1383.38
0.372912,273.015,18.1124,291.127
0.373342,852.292,525.121,1377.41
0.373772,270.184,19.5723,289.756
0.374203,862.114,524.696,1386.81
0.374634,280.315,20.8158,301.131
0.375065,846.677,523.01,1369.69
0.375497,280.027,23.5721,303.599
0.375929,848.922,530.815,1379.74
0.376362,274.904,24.5958,299.5
0.376795,850.551,526.242,1376.79
0.377228,281.972,26.5498,308.522
0.377662,844.046,518.428,1362.47
0.378096,284.341,25.9607,310.302
0.378531,844.586,519.833,1364.42
0.378966,277.462,22.3135,299.776
0.379402,852.442,517.106,1369.55
0.379837,278.447,23.0042,301.452
0.380274,852.339,519.483,1371.82
0.38071,285.225,22.2933,307.518
0.381147,845.756,518.915,1364.67
0.381585,274.71,26.0871,300.797
0.382022,847.091,519.179,1366.27
0.382461,283.71,26.3091,310.019
0.382899,843.977,519.561,1363.54
0.383338,281.297,21.6498,302.947
0.383778,835.788,518.983,1354.77
0.384217,283.292,29.2974,312.59
0.384658,845.522,520.191,1365.71
0.385098,268.703,25.0875,293.79
0.385539,845.301,519.054,1364.35
0.385981,280.914,25.502,306.416
0.386422,841.398,514.827,1356.23
0.386865,282.143,21.2448,303.387
0.387307,852.049,518.958,1371.01
0.38775,274.811,25.8357,300.646
0.388194,847.705,516.655,1364.36
0.388637,283.475,26.0731,309.548
0.389082,842.172,516.049,1358.22
0.389526,285.691,20.9288,306.619
0.389971,839.728,512.893,1352.62
0.390417,281.98,21.3978,303.378
0.390863,849.184,518.155,1367.34
0.391309,-36.9126,-74.4916,-111.404
0.391755,124.697,34.7718,159.468
0.392203,360.77,209.744,570.514
0.39265,272.285,117.923,390.207
0.393098,336.296,144.544,480.84
0.393546,409.86,178.986,588.846
0.393995,322.397,123.359,445.756
0.394444,570.445,322.973,893.418
0.394893,212.31,17.2174,229.527
0.395343,783.498,489.088,1272.59
0.395794,242.86,36.9793,279.839
0.396244,734.563,444.666,1179.23
0.396695,250.046,34.5041,284.55
0.397147,746.478,448.557,1195.04
0.397599,259.11,30.2721,289.382
0.398051,751.615,449.221,1200.84
0.398504,248.893,30.4847,279.378
0.398957,747.14,450.94,1198.08
0.399411,262.174,35.4822,297.656
0.399865,754.978,455.599,1210.58
0.400319,267.901,34.9303,302.831
0.400774,750.118,456.402,1206.52
0.401229,275.252,40.1926,315.445
0.401685,757.149,455.448,1212.6
0.402141,279.168,45.1356,324.303
0.402598,771.369,459.419,1230.79
0.403055,293.636,52.6497,346.285
0.403512,765.443,453.501,1218.94
0.40397,309.507,53.3756,362.883
0.404428,765.78,458.514,1224.29
0.404886,295.267,52.7184,347.985
0.405345,765.504,455.524,1221.03
0.405805,312.867,58.3113,371.178
0.406265,776.991,459.062,1236.05
0.406725,331.069,62.5094,393.578
0.407185,759.236,452.621,1211.86
0.407646,325.91,67.0979,393.008
0.408108,774.765,458.948,1233.71
0.40857,325.812,69.0994,394.912
0.409032,766.858,449.085,1215.94
0.409495,333.691,75.1475,408.839
0.409958,780.053,459.286,1239.34
0.410422,349.325,81.6057,430.93
0.410886,765.354,451.935,1217.29
0.41135,354.281,85.3943,439.675
0.411815,770.206,455.807,1226.01
0.41228,358.244,86.256,444.5
0.412746,750.783,448.996,1199.78
0.413212,365.529,87.8694,453.399
0.413679,771.362,453.889,1225.25
0.414146,372.379,92.1211,464.5
0.414613,757.893,442.697,1200.59
0.415081,389.534,110.008,499.542
0.415549,772.653,448.385,1221.04
0.416018,374.563,101.335,475.899
0.416487,747.547,441.323,1188.87
0.416957,378.064,104.223,482.287
0.417427,779.762,462.01,1241.77
0.417897,395.415,110.045,505.46
0.418368,757.3,433.334,1190.63
0.418839,397.743,116.421,514.164
0.419311,765.965,445.335,1211.3
0.419783,401.472,116.7,518.172
0.420255,759.759,433.155,1192.91
0.420728,402.916,119.091,522.007
0.421202,767.583,439.411,1206.99
0.421675,402.141,128.213,530.354
0.42215,752.081,427.669,1179.75
0.422624,424.828,137.165,561.992
0.4231,764.49,438.431,1202.92
0.423575,431.929,132.33,564.258
0.424051,767.083,431.661,1198.74
0.424527,443.302,147.022,590.325
0.425004,763.729,432.941,1196.67
0.425482,440.337,145.676,586.013
0.425959,742.717,423.101,1165.82
0.426437,445.392,154.922,600.314
0.426916,738.85,416.32,1155.17
0.427395,455.796,156.457,612.253
0.427874,746.83,421.174,1168
0.428354,464.132,167.328,631.46
0.428835,729.686,404.246,1133.93
0.429315,469.177,165.965,635.142
0.429797,757.492,421.351,1178.84
0.430278,463.377,164.128,627.505
0.43076,750.818,415.865,1166.68
0.431243,464.439,167.628,632.067
0.431726,743.288,414.043,1157.33
0.432209,469.996,170.761,640.757
0.432693,745.754,414.448,1160.2
0.433177,474.747,169.018,643.765
0.433662,742.054,407.674,1149.73
0.434147,480.641,172.251,652.893
0.434633,741.409,419.256,1160.67
0.435119,462.042,168.842,630.884
0.435605,728.575,405.418,1133.99
0.436092,463.484,166.163,629.647
0.436579,742.51,410.843,1153.35
0.437067,454.245,160.012,614.257
0.437556,737.78,404.438,1142.22
0.438044,454.379,157.165,611.544
0.438533,736.774,411.247,1148.02
0.439023,451.78,158.667,610.447
0.439513,723.404,404.635,1128.04
0.440003,450.745,162.376,613.121
0.440494,730.673,406.601,1137.27
0.440986,464.608,165.488,630.096
0.441477,732.378,402.593,1134.97
0.44197,453.878,160.148,614.026
0.442462,731.543,406.111,1137.65
0.442956,95.7727,7.00752,102.78
0.443449,232.658,103.332,335.99
0.443943,366.852,184.698,551.55
0.444438,424.356,212.28,636.636
0.444933,467.46,246.501,713.961
0.445428,498.563,266.303,764.866
0.445924,472.457,237.175,709.632
0.44642,600.885,334.203,935.088
0.446917,461.013,198.781,659.793
0.447414,624.312,340.011,964.323
0.447912,471.6,213.056,684.656
0.44841,613.044,329.802,942.846
0.448908,481.591,222.689,704.28
0.449407,606.977,315.329,922.306
0.449907,491.205,231.788,722.993
0.450407,619.131,320.152,939.283
0.450907,500.225,224.321,724.546
0.451408,594.752,301.213,895.965
0.451909,529.217,238.946,768.163
0.452411,580.211,286.335,866.547
0.452913,524.957,249.477,774.435
0.453416,588.471,290.165,878.636
0.453919,551.182,253.289,804.471
0.454423,582.245,279.811,862.056
0.454927,546.161,254.035,800.197
0.455431,581.451,284.711,866.162
0.455936,551.392,259.597,810.989
0.456441,571.589,283.22,854.809
0.456947,564.266,269.717,833.983
0.457454,556.419,270.696,827.115
0.45796,570.373,269.375,839.749
0.458468,556.977,263.234,820.211
0.458975,599.913,298.936,898.848
0.459483,550.134,259.357,809.491
0.459992,614.142,306.697,920.839
0.460501,504.585,219.93,724.515
0.461011,649.985,338.71,988.695
0.461521,507.741,221.344,729.085
0.462031,656.324,337.266,993.591
0.462542,496.038,205.556,701.594
0.463053,647.098,340.733,987.831
0.463565,484.182,205.6,689.782
0.464078,673.545,362.593,1036.14
0.46459,478.716,200.574,679.29
0.465104,666.404,357.125,1023.53
0.465617,486.555,207.238,693.793
0.466132,675.775,357.487,1033.26
0.466646,487.635,208.862,696.497
0.467161,666.278,354.25,1020.53
0.467677,482.189,194.135,676.324
0.468193,685.875,363.993,1049.87
0.46871,485.876,187.833,673.709
0.469227,673.729,367.562,1041.29
0.469744,487.205,195.813,683.019
0.470262,673.535,362.537,1036.07
0.470781,483.885,193.857,677.742
0.471299,674.268,356.061,1030.33
0.471819,482.74,200.935,683.676
0.472339,676.596,361.649,1038.25
0.472859,481.487,193.115,674.602
0.47338,684.426,361.227,1045.65
0.473901,484.695,187.381,672.076
0.474423,687.518,363.203,1050.72
0.474945,485.737,197.291,683.027
0.475468,691.605,364.533,1056.14
0.475991,477.979,184.567,662.546
0.476514,682.216,365.019,1047.24
0.477038,473.091,188.254,661.345
0.477563,690.333,368.63,1058.96
0.478088,467.698,178.57,646.268
0.478614,700.528,373.301,1073.83
0.47914,480.821,192.234,673.056
0.479666,679.056,362.003,1041.06
0.480193,475.7,184.924,660.625
0.480721,686.503,363.509,1050.01
0.481248,471.777,181.201,652.978
0.481777,678.485,366.488,1044.97
0.482306,469.577,186.948,656.525
0.482835,675.108,355.831,1030.94
0.483365,471.095,177.137,648.233
0.483895,681.137,369.429,1050.57
0.484426,464.191,176.508,640.699
0.484957,683.789,369.779,1053.57
0.485489,472.089,182.941,655.03
0.486021,684.232,371.695,1055.93
0.486554,459.278,171.89,631.167
0.487087,689.557,375.587,1065.14
0.487621,449.168,174.05,623.217
0.488155,695.22,372.249,1067.47
0.48869,459.283,179.184,638.467
0.489225,694.369,373.87,1068.24
0.489761,465.905,177.641,643.546
0.490297,682.722,361.28,1044
0.490834,455.668,180.265,635.933
0.491371,694.432,379.371,1073.8
0.491908,439.994,160.089,600.083
0.492447,687.128,374.39,1061.52
0.492985,460.158,177.406,637.564
0.493524,681.485,362.949,1044.43
0.494064,453.674,163.964,617.638
0.494604,694.718,374.781,1069.5
0.495144,448.908,163.851,612.759
0.495685,687.52,372.907,1060.43
0.496227,453.159,169.78,622.939
0.496769,686.794,365.954,1052.75
0.497311,447.355,163.946,611.301
0.497854,684.984,380.929,1065.91
0.498398,435.633,159.228,594.861
0.498942,698.675,380.226,1078.9
0.499486,438.875,153.912,592.787
0.500031,689.39,376.024,1065.41
0.500577,433.101,153.93,587.031
0.501123,699.099,382.039,1081.14
0.501669,435.284,152.291,587.575
0.502216,688.767,383.429,1072.2
0.502764,442.191,158.587,600.778
0.503312,702.949,381.58,1084.53
0.50386,436.26,150.002,586.261
0.504409,695.151,383.863,1079.01
0.504959,427.717,159.3,587.016
0.505509,685.707,379.201,1064.91
0.506059,440.137,149.46,589.596
0.50661,691.068,379.548,1070.62
0.507162,427.705,153.591,581.296
0.507714,681.892,377.493,1059.39
0.508266,431.79,163.155,594.945
0.508819,675.777,367.175,1042.95
0.509372,431.377,152.811,584.188
0.509926,687.45,375.348,1062.8
0.510481,431.764,161.911,593.675
0.511036,691.17,376.478,1067.65
0.511591,430.519,153.238,583.757
0.512147,688.256,378.803,1067.06
0.512704,432.235,293.088,725.322
0.513261,457.619,301.2,758.819
0.513818,442.734,282.925,725.66
0.514376,449.707,268.45,718.157
0.514935,436.462,254.16,690.622
0.515494,488.693,272.757,761.45
0.516053,437.386,227.56,664.946
0.516614,568.118,316.383,884.501
0.517174,407.899,179.49,587.389
0.517735,625.67,355.552,981.222
0.518297,380.749,141.681,522.43
0.518859,646.981,370.359,1017.34
0.519421,419.479,159.015,578.494
0.519985,647.065,364.899,1011.96
0.520548,403.048,148.601,551.65
0.521112,648.97,368.83,1017.8
0.521677,408.772,154.82,563.592
0.522242,647.886,358.9,1006.79
0.522808,403.208,144.475,547.683
0.523374,649.258,349.687,998.945
0.523941,427.632,171.591,599.223
0.524508,637.494,344.339,981.833
0.525076,429.293,165.669,594.962
0.525644,646.979,348.627,995.606
0.526213,418.197,160.664,578.861
0.526782,658.57,348.628,1007.2
0.527352,440.098,172.481,612.579
0.527922,642.085,334.087,976.172
0.528493,436.804,177.826,614.63
0.529064,646.28,347.77,994.05
0.529636,429.717,169.725,599.442
0.530208,661.267,348.255,1009.52
0.530781,445.949,177.608,623.557
0.531355,651.887,343.367,995.253
0.531929,452.088,180.706,632.795
0.532503,651.229,334.042,985.271
0.533078,447.129,182.173,629.302
0.533654,647.798,338.883,986.681
0.53423,451.114,181.797,632.911
0.534806,652.716,339.036,991.752
0.535384,463.403,188.278,651.68
0.535961,630.255,329.39,959.645
0.536539,468.271,195.501,663.773
0.537118,638.085,333.59,971.675
0.537697,456.165,183.249,639.414
0.538277,636.572,329.812,966.385
0.538857,462.404,192.722,655.126
0.539438,628.494,321.262,949.756
0.540019,463.112,191.116,654.228
0.540601,641.333,334.84,976.173
0.541183,476.958,202.825,679.783
0.541766,622.534,322.891,945.425
0.54235,472.413,193.257,665.67
0.542934,646.574,327.37,973.944
0.543518,474.908,193.614,668.522
0.544103,628.774,317.679,946.452
0.544689,482.613,210.316,692.929
0.545275,635.115,322.481,957.595
0.545861,490.146,209.345,699.491
0.546449,621.052,312.089,933.141
0.547036,501.108,217.334,718.442
0.547624,623.723,318.09,941.813
0.548213,493.321,209.908,703.229
0.548803,619.29,319.115,938.405
0.549392,481.032,203.695,684.727
0.549983,628.101,319.844,947.946
0.550574,487.4,205.463,692.863
0.551165,614.354,302.377,916.731
0.551757,486.722,205.448,692.17
0.552349,620.957,315.18,936.137
0.552943,499.892,220.312,720.204
0.553536,596.828,293.168,889.996
0.55413,511.188,231.343,742.53
0.554725,602.536,295.069,897.605
0.55532,515.786,233.042,748.828
0.555916,576.619,278.172,854.791
0.556512,522.547,232.333,754.88
0.557109,577.128,276.631,853.758
0.557706,523.016,237.7,760.716
0.558304,568.651,274.721,843.373
0.558903,536.716,246.389,783.105
0.559502,561.792,264.915,826.707
0.560101,543.444,258.795,802.239
0.560701,566.329,269.171,835.5
0.561302,529.526,250.597,780.123
0.561903,557.719,264.285,822.004
0.562505,521.366,244.153,765.52
0.563107,555.041,262.85,817.891
0.56371,523.631,247.813,771.443
0.564313,566.609,273.007,839.616
0.564917,529.061,241.748,770.809
0.565522,562.796,265.347,828.143
0.566127,528.447,251.075,779.522
0.566732,559.005,272.086,831.091
0.567338,512.565,236.681,749.246
0.567945,558.197,276.174,834.372
0.568552,519.803,239.678,759.481
0.56916,560.603,271.308,831.91
0.569768,512.632,234.265,746.897
0.570377,577.311,280.72,858.031
0.570987,510.031,233.093,743.123
0.571597,567.995,272.296,840.29
0.572207,507.676,234.309,741.984
0.572818,568.99,279.647,848.637
0.57343,508.941,232.702,741.643
0.574042,583.198,290.508,873.705
0.574655,501.408,222.574,723.982
0.575268,587.726,287.134,874.859
0.575882,491.02,213.21,704.23
0.576497,600.302,301.117,901.419
0.577112,491.988,215.15,707.138
0.577727,580.968,289.627,870.595
0.578343,495.185,223.54,718.725
0.57896,577.017,290.827,867.843
0.579577,500.276,227.855,728.13
0.580195,585.006,287.203,872.209
0.580813,517.793,230.131,747.924
0.581432,576.429,278.661,855.09
0.582052,517.845,246.933,764.778
0.582672,569.546,277.167,846.714
0.583292,509.198,235.54,744.738
0.583914,595.443,298.665,894.108
0.584535,506.559,226.577,733.136
0.585158,575.852,289.01,864.862
0.585781,492.578,221.988,714.566
0.586404,579.252,288.352,867.605
0.587028,497.394,223.932,721.326
0.587653,584.071,288.569,872.64
0.588278,504.961,230.016,734.977
0.588903,575.353,286.507,861.86
0.58953,522.994,242.643,765.637
0.590157,542.149,263.959,806.108
0.590784,514.936,241.819,756.754
0.591412,575.338,282.466,857.804
0.592041,487.403,224.981,712.384
0.59267,599.924,303.909,903.833
0.593299,493.031,221.745,714.776
0.59393,597.932,302.851,900.782
0.59456,485.354,204.042,689.396
0.595192,594.549,309.613,904.162
0.595824,488.162,210.757,698.919
0.596456,599.628,304.191,903.819
0.59709,497.709,215.987,713.696
0.597723,599.952,307.921,907.873
0.598358,489.965,211.11,701.075
0.598992,597.103,305.779,902.882
0.599628,477.922,206.554,684.477
0.600264,620.084,327.059,947.143
0.600901,462.077,189.964,652.041
0.601538,625.663,329.655,955.318
0.602175,460.351,185.406,645.757
0.602814,627.049,324.119,951.169
0.603453,456.386,186.864,643.249
0.604092,637.417,342.445,979.862
0.604732,448.429,180.572,629.001
0.605373,630.868,337.284,968.152
0.606014,445.263,185.217,630.48
0.606656,630.494,327.488,957.982
0.607298,317.294,201.853,519.147
0.607941,369.706,241.031,610.737
0.608585,410.741,261.693,672.435
0.609229,413.563,251.424,664.987
0.609874,425.9,247.472,673.372
0.610519,460.895,266.034,726.929
0.611165,467.298,257.941,725.24
0.611812,485.493,253.969,739.463
0.612459,499.013,263.486,762.5
0.613107,495.107,252.428,747.534
0.613755,511.517,260.922,772.439
0.614404,496.934,236.519,733.454
0.615053,505.935,260.669,766.604
0.615703,516.533,247.542,764.075
0.616354,491.675,258.099,749.774
0.617005,512.098,241.55,753.648
0.617657,481.519,251.374,732.892
0.618309,516.779,245.315,762.093
0.618962,483.212,251.996,735.207
0.619616,492.144,231.514,723.658
0.62027,492.159,255.198,747.357
0.620925,500.847,226.275,727.123
0.62158,511.358,252.625,763.983
0.622236,533.531,256.472,790.003
0.622893,507.827,250.16,757.987
0.62355,518.385,249.759,768.144
0.624208,513.32,256.364,769.685
0.624866,516.988,241.327,758.316
0.625525,494.644,248.257,742.901
0.626185,540.78,245.687,786.467
0.626845,498.004,245.808,743.812
0.627506,520.511,243.154,763.665
0.628167,494.167,246.371,740.538
0.628829,534.338,250.748,785.085
0.629492,515.595,258.417,774.012
0.630155,530.106,253.292,783.398
0.630819,521.543,256.441,777.985
0.631483,521.289,252.998,774.286
0.632148,531.383,262.063,793.446
0.632813,528.115,256.099,784.215
0.63348,514.403,257.488,771.892
0.634146,537.975,263.586,801.561
0.634814,523.157,255.672,778.828
0.635482,530.474,250.836,781.31
0.636151,515.887,243.935,759.822
0.63682,526.51,251.375,777.885
0.63749,518.025,249.81,767.835
0.63816,531.388,253.644,785.031
0.638831,535.324,264.74,800.064
0.639503,529.457,255.385,784.842
0.640175,520.737,257.674,778.411
0.640848,541.68,260.432,802.112
0.641521,537.415,263.268,800.683
0.642196,543.899,252.918,796.817
0.64287,543.308,274.65,817.957
0.643546,547.863,251.364,799.227
0.644222,537.35,271.803,809.153
0.644898,541.728,257.816,799.544
0.645575,526.79,258.139,784.93
0.646253,532.423,248.629,781.052
0.646931,523.882,257.598,781.48
0.647611,533.533,257.829,791.361
0.64829,531.683,257.681,789.364
0.64897,535.137,254.945,790.082
0.649651,526.584,256.499,783.083
0.650333,531.752,250.314,782.066
0.651015,540.828,267.047,807.875
0.651698,534.555,252.856,787.412
0.652381,529.893,257.778,787.672
0.653065,533.166,250.073,783.239
0.65375,542.212,265.247,807.46
0.654435,538.355,255.073,793.428
0.655121,522.58,253.96,776.54
0.655807,530.612,263.338,793.95
0.656494,522.475,263.55,786.025
0.657182,532.797,252.738,785.535
0.65787,520.598,254.863,775.461
0.658559,530.959,254.959,785.918
0.659249,526.079,260.096,786.176
0.659939,522.107,250.095,772.202
0.66063,528.994,253.323,782.316
0.661321,526.312,254.746,781.058
0.662014,530.956,263.539,794.494
0.662706,535.778,261.337,797.115
0.6634,521.869,253.591,775.46
0.664094,515.434,248.342,763.776
0.664788,528.622,259.874,788.496
0.665484,521.332,255.324,776.657
0.666179,524.139,255.795,779.934
0.666876,535.606,256.383,791.989
0.667573,515.694,254.62,770.314
0.668271,522.964,254.925,777.889
0.668969,517.684,259.659,777.343
0.669668,524.248,255.079,779.328
0.670368,516.523,246.877,763.4
0.671068,518.079,254.399,772.478
0.671769,497.609,243.036,740.645
0.672471,514.144,252.629,766.773
0.673173,513.171,252.332,765.503
0.673876,527.757,256.859,784.615
0.67458,514.942,255.855,770.798
0.675284,524.251,253.347,777.598
0.675989,505.784,247.895,753.679
0.676694,517.827,256.607,774.434
0.6774,499.388,244.53,743.918
0.678107,521.104,259.603,780.707
0.678814,501.891,253.914,755.805
0.679522,512.263,244.626,756.889
0.680231,514.034,254.86,768.894
0.68094,510.935,245.652,756.587
0.68165,510.712,252.673,763.386
0.682361,520.116,255.649,775.765
0.683072,505.481,249.055,754.535
0.683784,519.454,256.741,776.195
0.684496,492.031,244.341,736.372
0.68521,521.232,259.699,780.932
0.685923,506.113,241.483,747.597
0.686638,511.792,252.778,764.571
0.687353,500.122,249.378,749.5
0.688069,523.648,257.329,780.977
0.688785,509.708,253.844,763.552
0.689502,521.28,253.102,774.383
0.69022,514.312,253.399,767.711
0.690938,514.633,246.725,761.358
0.691657,508.707,249.508,758.216
0.692377,511.545,253.856,765.401
0.693098,501.497,246.071,747.568
0.693819,513.565,255.305,768.869
0.69454,496.96,248.827,745.786
0.695262,508.93,245.383,754.313
0.695985,489.526,237.914,727.441
0.696709,521.138,254.892,776.029
0.697433,496.944,245.647,742.591
0.698158,499.611,243.833,743.444
0.698884,511.632,255.373,767.005
0.69961,516.276,253.141,769.418
0.700337,508.01,247.038,755.048
0.701065,509.859,253.527,763.386
0.701793,493.739,243.562,737.301
0.702522,521.974,258.603,780.577
0.703251,499.332,243.591,742.923
0.703982,507.481,251.736,759.217
0.704712,486.497,242.751,729.248
0.705444,517.47,258.491,775.961
0.706176,492.115,243.383,735.498
0.706909,519.713,256.541,776.255
0.707643,500.368,253.424,753.792
0.708377,511.5,251.468,762.968
0.709112,494.806,245.154,739.96
0.709847,519.402,262.547,781.95
0.710584,490.831,235.094,725.924
0.71132,515.871,256.82,772.69
0.712058,488.568,240.363,728.931
0.712796,513.89,256.132,770.022
0.713535,481.037,236.419,717.455
0.714275,516.23,257.102,773.332
0.715015,488.7,244.601,733.301
0.715756,512.437,256.632,769.069
0.716498,485.699,236.258,721.957
0.71724,522.515,261.2,783.716
0.717983,497.8,247.098,744.898
0.718726,526.937,263.904,790.841
0.719471,491.135,242.98,734.115
0.720216,512.581,252.528,765.109
0.720961,482.373,237.627,720.001
0.721708,510.326,252.926,763.252
0.722455,486.974,240.159,727.133
0.723202,504.313,249.694,754.007
0.723951,476.538,236.849,713.387
0.7247,525.013,265.221,790.234
0.725449,470.197,230.021,700.218
0.7262,522.385,257.81,780.194
0.726951,474.824,236.684,711.508
0.727703,517.105,256.508,773.612
0.728455,482.151,246.804,728.955
0.729208,500.688,247.963,748.652
0.729962,467.973,231.942,699.916
0.730717,513.486,256.896,770.382
0.731472,472.923,234.653,707.577
0.732228,518.278,263.844,782.123
0.732984,489.579,244.873,734.452
0.733742,506.407,256.295,762.702
0.7345,478.11,242.087,720.197
0.735258,498.266,250.88,749.145
0.736017,480.862,244.769,725.631
0.736777,498.74,248.63,747.37
0.737538,478.943,239.609,718.552
0.7383,508.408,258.349,766.757
0.739062,491.18,241.304,732.484
0.739824,498.58,251.501,750.081
0.740588,480.12,241.088,721.208
0.741352,509.791,250.038,759.829
0.742117,498.603,247.467,746.07
0.742883,512.406,258.864,771.27
0.743649,481.248,244.307,725.555
0.744416,61.4453,43.5886,105.034
0.745183,175.455,129.752,305.206
0.745952,239.804,163.928,403.732
0.746721,264.971,179.781,444.752
0.747491,230.127,151.148,381.275
0.748261,292.796,192.898,485.694
0.749032,276.385,167.147,443.532
0.749804,333.274,194.697,527.971
0.750577,333.869,183.416,517.285
0.75135,386.427,218.469,604.896
0.752124,368.271,194.957,563.228
0.752898,400.646,223.439,624.085
0.753674,390.625,207.78,598.406
0.75445,372.331,207.996,580.327
0.755227,400.849,208.195,609.044
0.756004,388.125,218.147,606.272
0.756782,408.16,214.096,622.256
0.757561,389.643,223.092,612.735
0.758341,430.425,220.931,651.355
0.759121,399.16,222.616,621.776
0.759902,446.889,225.777,672.666
0.760684,420.115,224.561,644.676
0.761466,453.719,230.847,684.566
0.762249,428.382,232.933,661.315
0.763033,461.448,228.808,690.256
0.763818,420.731,227.968,648.7
0.764603,458.363,225.307,683.67
0.765389,451.313,237.04,688.353
0.766176,457.76,230.393,688.153
0.766963,456.949,239.356,696.304
0.767751,469.072,237.07,706.141
0.76854,471.142,242.083,713.225
0.76933,468.489,232.388,700.877
0.77012,468.421,243.772,712.192
0.770911,473.329,230.848,704.176
0.771703,471.472,247.901,719.373
0.772495,477.153,238.219,715.373
0.773289,492.962,252.91,745.872
0.774082,485.118,239.157,724.275
0.774877,493.212,255.127,748.339
0.775672,479.498,240.531,720.029
0.776469,490.214,254.31,744.525
0.777265,491.409,240.697,732.106
0.778063,498.071,257.38,755.452
0.778861,489.678,239.416,729.093
0.77966,503.696,261.532,765.228
0.78046,484.824,237.989,722.813
0.78126,506.035,260.191,766.226
0.782061,490.727,243.422,734.149
0.782863,507.962,265.918,773.88
0.783666,490.159,243.748,733.907
0.784469,496.456,255.582,752.038
0.785273,497.288,242.696,739.984
0.786078,507.681,266.011,773.692
0.786883,501.174,247.79,748.964
0.78769,515.429,263.124,778.553
0.788497,501.359,244.689,746.048
0.789304,524.839,266.222,791.061
0.790113,508.148,252.805,760.953
0.790922,516.094,264.097,780.191
0.791732,498.161,243.241,741.402
0.792543,519.854,271.818,791.672
0.793354,511.352,254.149,765.5
0.794166,513.286,265.166,778.453
0.794979,505.93,251.55,757.48
0.795793,513.499,268.962,782.46
0.796607,519.019,251.994,771.013
0.797422,522.367,270.897,793.265
0.798238,502.056,250.81,752.866
0.799055,513.863,260.491,774.354
0.799872,504.162,248.503,752.665
0.80069,510.909,260.629,771.538
0.801509,507.044,253.597,760.642
0.802328,521.929,262.556,784.485
0.803149,501.914,248.821,750.735
0.80397,515.945,262.32,778.264
0.804791,501.041,251.323,752.364
0.805614,513.677,261.273,774.95
0.806437,495.442,251.732,747.174
0.807261,510.408,262.582,772.99
0.808086,498.844,245.592,744.436
0.808912,499.2,260.653,759.853
0.809738,502.6,253.837,756.437
0.810565,497.588,260.883,758.472
0.811393,513,254.977,767.977
0.812221,514.025,256.319,770.344
0.813051,505.523,247.999,753.521
0.813881,504.079,262.23,766.309
0.814711,493.609,245.51,739.119
0.815543,502.769,264.118,766.887
0.816375,492.391,246.592,738.983
0.817208,502.641,257.046,759.687
0.818042,501.684,252.77,754.453
0.818877,501.639,260.414,762.052
0.819712,493.739,246.627,740.366
0.820548,505.552,259.987,765.54
0.821385,487.63,247.351,734.981
0.822223,493.43,255.736,749.166
0.823061,483.576,237.28,720.856
0.8239,496.479,257.34,753.818
0.82474,493.114,250.7,743.814
0.825581,493.123,251.888,745.012
0.826422,488.037,246.236,734.272
0.827264,492.658,255.46,748.118
0.828107,487.335,247.709,735.044
0.828951,483.87,253.948,737.819
0.829796,496.17,253.465,749.635
0.830641,492.504,256.081,748.584
0.831487,477.646,242.485,720.131
0.832334,504.303,261.995,766.298
0.833181,480.183,238.508,718.691
0.83403,482.363,252.622,734.985
0.834879,474.358,236.673,711.031
0.835729,484.842,251.212,736.054
0.836579,486.713,244.637,731.35
0.837431,477.413,253.364,730.776
0.838283,476.875,241.108,717.983
0.839136,492.749,255.817,748.566
0.83999,476.907,240.853,717.76
0.840844,483.466,254.678,738.144
0.8417,468.587,241.906,710.493
0.842556,474.382,252.5,726.882
0.843413,466.712,235.966,702.678
0.84427,476.566,248.662,725.228
0.845129,467.687,240.702,708.389
0.845988,473.046,247.693,720.739
0.846848,459.323,233.89,693.212
0.847709,480.386,257.619,738.005
0.84857,456.465,233.916,690.381
0.849432,479.031,250.515,729.546
0.850296,460.627,235.117,695.744
0.85116,460.264,245.206,705.47
0.852024,464.697,234.681,699.378
0.85289,473.977,250.486,724.463
0.853756,458.444,233.236,691.68
0.854623,470.185,246.34,716.525
0.855491,462.952,240.746,703.698
0.856359,460.207,240.968,701.175
0.857229,461.72,236.461,698.181
0.858099,457.915,242.657,700.573
0.85897,461.008,237.101,698.109
0.859842,462.257,244.168,706.425
0.860714,452.305,235.194,687.5
0.861588,451.441,234.694,686.135
0.862462,456.522,234.943,691.465
0.863337,447.758,233.414,681.171
0.864213,452.801,232.325,685.125
0.865089,449.399,238.975,688.375
0.865967,444.034,228.545,672.579
0.866845,445.665,237.88,683.546
0.867724,446.034,235.8,681.834
0.868604,446.003,237.651,683.654
0.869484,440.975,229.248,670.223
0.870365,449.09,235.101,684.192
0.871248,440.791,228.452,669.244
0.872131,454.827,240.814,695.64
0.873014,430.036,223.848,653.884
0.873899,442.812,232.266,675.077
0.874784,438.07,229.967,668.037
0.87567,433.159,235.924,669.083
0.876557,433.217,221.162,654.379
0.877445,448.59,237.154,685.744
0.878334,429.646,226.36,656.006
0.879223,447.222,235.155,682.376
0.880113,435.127,227.32,662.447
0.881004,436.622,240.218,676.84
0.881896,431.501,222.434,653.935
0.882789,429.695,230.988,660.683
0.883682,428.062,222.733,650.796
0.884576,435.862,230.215,666.077
0.885472,434.631,221.649,656.28
0.886367,431.015,235.201,666.216
0.887264,431.989,226.008,657.997
0.888162,438.598,236.224,674.821
0.88906,429.227,222.517,651.744
0.889959,439.419,233.247,672.666
0.890859,432.081,226.531,658.612
0.89176,437.676,230.636,668.312
0.892661,435.209,228.022,663.231
0.893564,436.239,231.032,667.271
0.894467,435.261,225.725,660.986
0.895371,432.69,231.266,663.956
0.896276,440.29,228.659,668.949
0.897182,438.247,238.21,676.458
0.898088,428.541,218.913,647.455
0.898996,438.393,240.484,678.877
0.899904,431.068,223.862,654.929
0.900813,442.344,240.21,682.554
0.901723,436.401,225.231,661.632
0.902633,453.446,246.147,699.593
0.903545,436.987,227.915,664.902
0.904457,448.779,240.589,689.369
0.90537,443.062,231.551,674.613
0.906284,445.956,239.681,685.638
0.907199,428.397,223.902,652.299
0.908115,459.534,243.395,702.928
0.909031,445.818,231.973,677.791
0.909948,448.28,240.438,688.718
0.910867,434.754,224.444,659.198
0.911786,450.08,238.544,688.624
0.912705,446.202,228.599,674.801
0.913626,448.11,240.047,688.157
0.914547,443.969,232.854,676.823
0.91547,460.892,244.39,705.282
0.916393,462.723,243.394,706.117
0.917317,464.429,239.103,703.531
0.918242,451.256,230.226,681.483
0.919167,459.705,246.074,705.779
0.920094,461.29,238.088,699.378
0.921021,472.71,248.07,720.78
0.921949,461.091,235.093,696.184
0.922879,456.803,240.863,697.666
0.923808,464.867,237.229,702.097
0.924739,476.997,248.781,725.778
0.925671,460.283,237.18,697.462
0.926603,482.852,260.978,743.829
0.927536,479.297,244.257,723.554
0.928471,474.51,252.471,726.981
0.929406,462.409,233.607,696.017
0.930341,482.593,253.391,735.983
0.931278,477.143,250.536,727.678
0.932216,478.231,248.025,726.256
0.933154,481.69,249.108,730.798
0.934093,478.96,252.634,731.594
0.935033,474.573,247.086,721.659
0.935974,485.497,258.129,743.627
0.936916,465.52,237.247,702.767
0.937859,490.22,260.633,750.853
0.938802,481.338,245.612,726.949
0.939747,497.532,262.441,759.973
0.940692,479.865,240.72,720.585
0.941638,493.457,260.289,753.746
0.942585,481.829,251.277,733.106
0.943533,497.36,263.898,761.258
0.944481,477.524,248.217,725.741
0.945431,486.551,258.305,744.856
0.946381,484.292,250.144,734.436
0.947332,496.075,262,758.075
0.948285,478.733,250.489,729.222
0.949238,492.28,260.559,752.839
0.950191,491.033,255.925,746.958
0.951146,494.681,258.052,752.733
0.952102,497.225,257.152,754.377
0.953058,504.262,267.433,771.696
0.954015,476.331,248.491,724.821
0.954974,496.315,263.741,760.056
0.955933,485.193,244.777,729.971
0.956893,496.17,260.539,756.708
0.957853,478.372,251.184,729.556
0.958815,491.068,263.324,754.392
0.959778,482.862,248.866,731.728
0.960741,493.244,257.768,751.011
0.961705,484.097,248.356,732.453
0.962671,493.291,260.076,753.367
0.963637,481.423,248.92,730.343
0.964604,496.279,266.236,762.515
0.965571,86.3857,68.0042,154.39
0.96654,252.807,184.28,437.087
0.96751,252.649,169.384,422.033
0.96848,347.524,236.979,584.504
0.969452,298.446,188.328,486.775
0.970424,383.885,253.645,637.53
0.971397,352.407,206.382,558.789
0.972371,413.104,251.398,664.502
0.973346,378.897,211.282,590.179
0.974322,443.871,264.58,708.451
0.975298,400.624,219.91,620.534
0.976276,454.381,261.68,716.061
0.977254,416.408,220.034,636.442
0.978234,460.333,266.755,727.088
0.979214,407.507,217.826,625.333
0.980195,472.109,267.512,739.62
0.981177,431.847,225.836,657.684
0.98216,476.405,266.951,743.356
0.983143,431.302,225.172,656.474
0.984128,479.516,268.212,747.727
0.985114,438.627,230.826,669.453
0.9861,485.87,273.137,759.007
0.987088,439.637,226.602,666.24
0.988076,471.257,267.864,739.121
0.989065,435.964,227.6,663.564
0.990055,491.583,268.052,759.634
0.991046,429.457,222.507,651.964
0.992038,489.346,269.068,758.413
0.993031,445.154,234.848,680.002
0.994024,481.858,272.1,753.959
0.995019,443.736,226.106,669.842
0.996014,487.166,271.293,758.459
0.997011,440.358,233.105,673.463
0.998008,492.483,264.638,757.121
0.999006,453.1,237.502,690.602
1.00001,487.04,272.097,759.136
1.00101,451.387,238.227,689.614
1.00201,493.126,272.169,765.295
1.00301,455.439,238.407,693.845
1.00402,495.134,277.417,772.551
1.00502,452.41,233.951,686.36
1.00603,488.592,265.2,753.792
1.00704,460.792,239.388,700.18
1.00805,487.144,268.14,755.284
1.00906,457.124,233.987,691.111
1.01008,481.984,268.342,750.326
1.0111,454.971,239.42,694.391
1.01211,489.37,272.834,762.204
1.01313,460.557,246.276,706.833
1.01415,494.341,270.757,765.098
1.01518,463.144,244.455,707.598
1.0162,487.81,267.647,755.457
1.01723,453.275,241.712,694.986
1.01826,484.208,270.282,754.49
1.01929,467.499,243.596,711.095
1.02032,494.058,275.776,769.834
1.02135,457.579,240.062,697.641
1.02238,491.098,265.752,756.85
1.02342,464.639,244.728,709.366
1.02446,482.973,263.702,746.675
1.0255,459.711,242.408,702.119
1.02654,489.97,268.693,758.663
1.02758,464.755,242.681,707.436
1.02863,489.01,269.24,758.25
1.02968,467.889,245.293,713.182
1.03072,494.385,271.031,765.416
1.03177,465.644,247.612,713.256
1.03282,498.805,276.581,775.386
1.03388,467.064,243.98,711.043
1.03493,498.743,272.917,771.659
1.03599,464.102,244.773,708.875
1.03705,501.391,277.624,779.015
1.03811,464.009,243.627,707.636
1.03917,492.163,274.07,766.233
1.04023,480.009,253.38,733.389
1.0413,493.191,273.767,766.959
1.04237,480.99,253.704,734.694
1.04344,486.495,268.123,754.617
1.04451,475.805,244.349,720.154
1.04558,497.877,279.002,776.879
1.04665,465.652,244.734,710.385
1.04773,503.603,277.54,781.143
1.04881,463.014,244.266,707.28
1.04989,500.329,278.109,778.437
1.05097,460.64,242.755,703.395
1.05205,494.102,270.377,764.479
1.05313,453.127,241.109,694.235
1.05422,492.084,273.698,765.783
1.05531,465.107,245.683,710.79
1.0564,487.614,271.386,759
1.05749,450.906,240.524,691.429
1.05858,489.706,273.459,763.165
1.05968,447.086,234.292,681.378
1.06078,487.782,270.067,757.849
1.06187,457.651,243.149,700.801
1.06297,482.814,270.402,753.217
1.06408,458.034,247.723,705.757
1.06518,482.218,267.832,750.05
1.06629,463.581,249.19,712.771
1.06739,482.506,265.388,747.894
1.0685,444.614,242.751,687.364
1.06962,489.204,269.481,758.684
1.07073,446.279,239.946,686.225
1.07184,479.393,270.48,749.874
1.07296,444.99,243.547,688.537
1.07408,471.629,267.217,738.846
1.0752,442.97,241.062,684.031
1.07632,462.242,265.165,727.406
1.07745,450.357,241.81,692.167
1.07857,473.529,263.662,737.191
1.0797,432.685,235.683,668.368
1.08083,470.409,266.223,736.633
1.08196,432.466,235.151,667.616
1.08309,443.287,253.668,696.955
1.08423,438.204,239.643,677.847
1.08536,462.904,261.843,724.747
1.0865,424.571,236.318,660.889
1.08764,455.068,259.67,714.738
1.08879,432.912,240.958,673.87
1.08993,441.569,250.14,691.709
1.09108,427.653,234.296,661.949
1.09223,450.927,265.605,716.532
1.09337,423.735,236.126,659.861
1.09453,436.714,250.427,687.14
1.09568,416.959,227.022,643.98
1.09684,451.931,261.216,713.147
1.09799,411.764,229.513,641.277
1.09915,434.405,252.596,687.001
1.10031,424.987,238.427,663.414
1.10148,428.4,249.451,677.851
1.10264,409.588,228.911,638.499
1.10381,438.475,252.695,691.169
1.10498,398.516,222.666,621.182
1.10615,440.398,254.03,694.429
1.10732,401.453,226.094,627.547
1.10849,434.919,253.175,688.094
1.10967,401.278,221.42,622.698
1.11085,431.05,246.231,677.282
1.11203,407.119,229.888,637.007
1.11321,414.932,244.031,658.963
1.11439,408.612,229.867,638.479
1.11558,431.755,254.578,686.333
1.11677,400.815,225.38,626.195
1.11796,423.481,246.731,670.211
1.11915,406.943,225.753,632.696
1.12034,423.396,251.041,674.437
1.12154,403.556,225.928,629.485
1.12274,418.033,245.73,663.763
1.12394,402.598,229.152,631.751
1.12514,426.721,252.507,679.229
1.12634,403.851,227.773,631.623
1.12755,414.173,244.896,659.069
1.12875,411.593,234.883,646.476
1.12996,431.268,253.508,684.776
1.13117,398.272,224.698,622.969
1.13239,420.378,246.199,666.577
1.1336,399.394,225.099,624.493
1.13482,422.432,248.088,670.52
1.13604,406.574,228.566,635.14
1.13726,426.56,252.946,679.506
1.13848,410.466,231.885,642.351
1.13971,422.302,247.41,669.712
1.14093,397.841,226.305,624.147
1.14216,418.953,247.268,666.221
1.14339,407.317,233.091,640.407
1.14463,421.109,246.177,667.286
1.14586,396.812,227.589,624.401
1.1471,425.848,245.695,671.543
1.14834,408.501,228.252,636.753
1.14958,423.225,250.274,673.498
1.15082,410.021,228.733,638.755
1.15207,427.866,246.067,673.933
1.15332,406.038,233.822,639.86
1.15456,427.441,252.78,680.22
1.15582,414.986,233.861,648.847
1.15707,436.817,250.974,687.791
1.15832,414.594,237.745,652.339
1.15958,428.788,249.795,678.583
1.16084,421.63,235.556,657.186
1.1621,433.971,253.932,687.903
1.16337,418.635,240.751,659.386
1.16463,436.673,255.205,691.879
1.1659,416.161,236.519,652.68
1.16717,439.027,254.493,693.52
1.16844,418.273,234.982,653.255
1.16971,448.056,254.784,702.84
1.17099,423.381,238.171,661.552
1.17227,450.086,259.898,709.985
1.17355,424.719,239.524,664.243
1.17483,448.215,257.036,705.251
1.17611,425.069,241.512,666.581
1.1774,456.877,261.217,718.094
1.17869,437.564,248.663,686.227
1.17998,446.104,262.942,709.046
1.18127,440.328,242.292,682.619
1.18256,458.654,268.9,727.554
1.18386,436.99,242.611,679.601
1.18516,451.215,261.696,712.911
1.18646,441.5,243.248,684.748
1.18776,461.866,269.994,731.86
1.18907,440.502,241.86,682.362
1.19038,455.569,264.695,720.264
1.19169,440.354,246.883,687.237
1.193,459.581,264.207,723.788
1.19431,446.101,251.531,697.633
1.19563,464.646,263.343,727.989
1.19694,454.016,254.224,708.24
1.19826,468.398,270.169,738.567
1.19959,449.472,257.659,707.13
1.20091,469.736,272.626,742.362
1.20224,447.959,244.109,692.068
1.20357,464.603,266.267,730.87
1.2049,448.152,249.348,697.5
1.20623,472.332,273.61,745.942
1.20756,446.892,253.177,700.069
1.2089,471.498,271.426,742.923
1.21024,437.06,248.083,685.143
1.21158,477.376,273.47,750.846
1.21293,446.695,255.662,702.357
1.21427,460.758,264.717,725.475
1.21562,449.955,253.986,703.942
1.21697,458.142,268.242,726.383
1.21832,440.597,251.005,691.602
1.21968,454.926,267.949,722.875
1.22104,438.595,255.384,693.978
1.2224,455.88,265.755,721.635
1.22376,445.743,255.751,701.494
1.22512,461.131,272.297,733.428
1.22649,434.24,249.107,683.347
1.22785,460.221,270.046,730.267
1.22922,429.884,247.496,677.381
1.2306,453.358,264.437,717.795
1.23197,440.384,258.067,698.451
1.23335,441.874,260.762,702.636
1.23473,442.708,256.706,699.414
1.23611,436.441,261.464,697.905
1.23749,424.717,248.73,673.446
1.23888,439.949,260.271,700.219
1.24027,426.552,245.919,672.47
1.24166,434.027,260.605,694.632
1.24305,418.215,243.504,661.719
1.24445,437.943,262.804,700.747
1.24584,412.278,246.372,658.65
1.24724,435.727,262.522,698.249
1.24864,408.777,241.782,650.559
1.25005,421.389,256.536,677.925
1.25145,405.705,240.427,646.132
1.25286,417.108,255.289,672.397
1.25427,401.499,240.27,641.769
1.25569,415.116,256.1,671.216
1.2571,402.14,240.776,642.915
1.25852,403.305,246.324,649.629
1.25994,392.875,237.785,630.659
1.26136,398.804,247.472,646.276
1.26279,393.161,233.405,626.565
1.26421,386.172,239.504,625.676
1.26564,387.031,238.001,625.032
1.26708,389.666,241.712,631.377
1.26851,381.549,236.202,617.751
1.26995,397.638,248.531,646.169
1.27138,372.875,228.234,601.109
1.27283,393.474,244.824,638.299
1.27427,381.356,233.103,614.459
1.27571,389.09,243.622,632.712
1.27716,386.624,238.572,625.196
1.27861,377.004,238.26,615.264
1.28007,388.951,236.03,624.981
1.28152,380.765,245.77,626.536
1.28298,384.409,235.121,619.53
1.28444,388.506,242.273,630.779
1.2859,387.01,240.296,627.306
1.28736,389.221,240.027,629.248
1.28883,393.268,239.76,633.028
1.2903,383.045,242.601,625.645
1.29177,390.544,237.455,627.999
1.29325,383.282,241.222,624.503
1.29472,385.067,231.734,616.801
1.2962,396,246.437,642.437
1.29768,393.231,238.854,632.085
1.29917,403.108,253.209,656.317
1.30065,396.172,238.997,635.17
1.30214,404.918,252.403,657.321
1.30363,388.735,237.101,625.835
1.30513,408.227,253.888,662.115
1.30662,386.138,235.943,622.081
1.30812,408.96,253.509,662.469
1.30962,394.279,243.496,637.775
1.31112,415.518,252.745,668.264
1.31263,397.702,241.81,639.512
1.31414,410.036,256.67,666.707
1.31565,404.642,241.828,646.47
1.31716,419.087,257.795,676.882
1.31868,404.693,243.936,648.629
1.32019,428.001,261.469,689.47
1.32171,402.645,239.74,642.386
1.32324,425.975,254.008,679.982
1.32476,405.945,246.479,652.425
1.32629,432.989,262.908,695.896
1.32782,408.546,246.158,654.704
1.32935,426.098,260.094,686.192
1.33089,414.536,249.967,664.503
1.33243,433.961,263.551,697.512
1.33397,406.286,245.985,652.272
1.33551,430.772,259.248,690.02
1.33705,425.221,254.588,679.809
1.3386,429.074,263.318,692.392
1.34015,411.547,249.442,660.989
1.34171,441.075,263.425,704.499
1.34326,425.127,251.525,676.652
1.34482,454.482,273.711,728.193
1.34638,420.445,246.026,666.471
1.34794,446.363,269.35,715.713
1.34951,433.036,255.061,688.097
1.35107,450.71,271.444,722.154
1.35265,440.26,261.677,701.936
1.35422,445.107,267.25,712.358
1.35579,439.798,262.572,702.369
1.35737,464.692,280.346,745.037
1.35895,434.352,253.813,688.165
1.36054,459.205,278.734,737.939
1.36212,433.497,259.057,692.554
1.36371,456.965,277.484,734.449
1.3653,442.733,263.006,705.738
1.3669,451.519,268.926,720.444
1.36849,452.776,267.79,720.566
1.37009,460.823,276.824,737.646
1.37169,440.972,267.394,708.366
1.3733,449.813,276.246,726.058
1.3749,443.205,265.143,708.348
1.37651,449.314,277.012,726.326
1.37812,424.962,256.037,680.999
1.37974,454.379,280.375,734.755
1.38135,429.929,260.25,690.18
1.38297,446.822,278.606,725.428
1.3846,427.728,259.804,687.531
1.38622,448.691,277.902,726.593
1.38785,427.595,258.287,685.883
1.38948,441.953,276.375,718.328
1.39111,426.034,262.688,688.722
1.39275,432.884,266.81,699.694
1.39439,431.276,263.527,694.803
1.39603,415.56,259.164,674.724
1.39767,437.247,267.126,704.372
1.39932,419.735,261.446,681.181
1.40097,419.328,260.522,679.849
1.40262,425.096,263.4,688.496
1.40427,410.851,256.201,667.052
1.40593,411.753,261.013,672.766
1.40759,409.545,256.762,666.306
1.40925,410.331,267.502,677.833
1.41092,400.249,251.504,651.753
1.41258,404.756,261.327,666.083
1.41425,404.184,252.397,656.581
1.41593,397.817,256.111,653.928
1.4176,392.827,254.552,647.379
1.41928,393.48,251.162,644.643
1.42096,393.232,249.03,642.262
1.42265,394.526,260.57,655.096
1.42433,387.997,244.796,632.793
1.42602,392.27,254.319,646.588
1.42772,387.106,248.401,635.507
1.42941,388.652,259.609,648.262
1.43111,386.46,249.825,636.284
1.43281,379.572,254.718,634.29
1.43451,387.994,250.106,638.1
1.43622,377.002,248.02,625.022
1.43793,379.025,242.908,621.933
1.43964,388.437,252.083,640.52
1.44135,378.127,245.408,623.536
1.44307,390.602,257.436,648.038
1.44479,376.05,243.469,619.519
1.44651,391.078,258.25,649.328
1.44824,369.244,239,608.244
1.44997,387.668,252.533,640.201
1.4517,381.239,243.521,624.761
1.45343,376.245,248.798,625.043
1.45517,389.118,253.228,642.345
1.45691,386.813,253.888,640.702
1.45865,383.835,246.87,630.705
1.4604,391.027,258.766,649.793
1.46214,389.371,249.289,638.659
1.4639,391.792,261.392,653.184
1.46565,375.622,241.228,616.85
1.46741,400.32,264.532,664.852
1.46917,379.928,243.563,623.491
1.47093,391.823,255.857,647.681
1.47269,395.86,259.463,655.323
1.47446,406.478,262.932,669.41
1.47623,383.549,243.204,626.753
1.47801,409.854,270.043,679.897
1.47978,394.895,251.117,646.013
1.48156,406.522,260.213,666.735
1.48335,395.818,260.691,656.509
1.48513,408.159,261.46,669.619
1.48692,406.092,258.293,664.385
1.48871,404.206,259.883,664.089
1.4905,407.627,259.621,667.248
1.4923,410.188,261.464,671.652
1.4941,401.937,254.284,656.221
1.4959,413.093,264.709,677.801
1.49771,409.904,258.921,668.825
1.49952,421.245,270.663,691.908
1.50133,416.228,259.025,675.253
1.50315,430.183,274.159,704.343
1.50496,406.194,254.906,661.1
1.50678,430.934,278.184,709.118
1.50861,414.527,259.833,674.36
1.51043,442.996,280.427,723.423
1.51226,418.154,264.971,683.124
1.5141,441.445,274.308,715.753
1.51593,422.174,262.09,684.264
1.51777,449.335,281.784,731.12
1.51961,426.266,263.274,689.541
1.52146,447.337,281.863,729.2
1.5233,439.169,268.239,707.408
1.52515,447.493,281.437,728.93
1.52701,429.717,266.021,695.737
1.52886,445.389,280.495,725.884
1.53072,434.073,267.946,702.019
1.53258,439.633,276.363,715.996
1.53445,439.402,279.237,718.64
1.53632,430.449,271.664,702.113
1.53819,431.011,273.004,704.015
1.54006,438.448,278.521,716.969
1.54194,428.782,271.941,700.723
1.54382,444.639,281.192,725.831
1.54571,430.775,271.312,702.086
1.54759,445.753,287.763,733.516
1.54948,411.448,259.612,671.061
1.55138,434.299,281.09,715.389
1.55327,417.516,265.963,683.479
1.55517,436.807,281.794,718.601
1.55707,408.008,261.264,669.273
1.55898,442.982,285.097,728.079
1.56089,405.388,263.641,669.029
1.5628,427.253,278.647,705.9
1.56471,404.356,261.382,665.738
1.56663,421.903,281.04,702.943
1.56855,392.88,257.105,649.985
1.57048,419.68,279.901,699.581
1.5724,394.885,258.697,653.581
1.57433,407.939,271.727,679.666
1.57627,393.184,256.413,649.596
1.5782,410.941,275.662,686.603
1.58014,384.249,253.383,637.632
1.58208,402.241,269.468,671.71
1.58403,385.054,258.851,643.905
1.58598,386.642,259.011,645.653
1.58793,381.727,260.195,641.923
1.58989,381.54,260.472,642.012
1.59185,388.776,262.752,651.528
1.59381,382.852,260.064,642.916
1.59577,377.211,257.351,634.563
1.59774,378.587,260.355,638.942
1.59971,370.556,252.869,623.425
1.60169,383.983,262.557,646.54
1.60366,374.7,256.437,631.137
1.60564,375.185,258.511,633.696
1.60763,382.511,263.303,645.814
1.60962,362.657,248.708,611.365
1.61161,389.389,266.597,655.986
1.6136,376.753,265.308,642.06
1.6156,376.017,256.77,632.787
1.6176,371.286,258.299,629.585
1.6196,377.432,258.461,635.893
1.62161,382.966,266.191,649.157
1.62362,381.687,260.528,642.215
1.62563,388.673,265.608,654.281
1.62765,389.639,258.753,648.393
1.62967,378.389,258.141,636.53
1.63169,402.427,269.047,671.474
1.63372,379.71,263.402,643.113
1.63575,396.004,265.842,661.847
1.63778,381.445,257.041,638.486
1.63982,410.193,278.093,688.286
1.64186,376.978,255.342,632.32
1.6439,402.522,275.479,678
1.64595,385.592,260.847,646.44
1.648,407.759,273.409,681.168
1.65005,387.625,264.5,652.125
1.65211,401.069,267.846,668.914
1.65417,404.849,276.169,681.019
1.65623,384.16,258.827,642.987
1.65829,405.885,277.577,683.462
1.66036,391.091,260.328,651.419
1.66244,408.351,281.833,690.184
1.66451,396.49,263.668,660.158
1.66659,414.085,280.622,694.707
1.66868,392.606,263.29,655.897
1.67076,422.877,281.671,704.548
1.67285,407.269,268.142,675.411
1.67495,415.686,275.124,690.811
1.67704,418.707,276.219,694.925
1.67914,417.259,279.167,696.425
1.68125,415.504,270.982,686.486
1.68335,427.061,285.863,712.924
1.68547,417.371,271.111,688.482
1.68758,428.743,286.702,715.446
1.6897,413.131,272.98,686.112
1.69182,433.695,291.674,725.369
1.69394,418.03,277.775,695.805
1.69607,427.408,285.304,712.711
1.6982,427.895,277.966,705.861
1.70033,431.202,287.611,718.813
1.70247,427.909,286.162,714.071
1.70461,430.53,287.813,718.343
1.70676,415.976,277.513,693.489
1.70891,431.667,291.377,723.044
1.71106,401.385,268.871,670.256
1.71322,441.15,296.934,738.085
1.71537,402.948,267.976,670.924
1.71754,418.577,286.999,705.576
1.7197,401.404,272.805,674.209
1.72187,419.092,287.396,706.488
1.72405,408.741,273.648,682.388
1.72622,418.406,284.917,703.323
1.7284,395.252,269.672,664.924
1.73059,419.922,284.826,704.748
1.73277,400.606,273.112,673.718
1.73496,405.585,277.94,683.525
1.73716,409.452,280.833,690.285
1.73936,394.191,267.812,662.002
1.74156,405.78,281.415,687.195
1.74376,392.542,271.98,664.522
1.74597,400.734,278.915,679.649
1.74818,399.342,278.781,678.123
1.7504,394.348,273.917,668.265
1.75262,400.549,283.662,684.212
1.75484,372.3,259.677,631.978
1.75707,413.238,291.365,704.604
1.7593,376.257,259.429,635.686
1.76153,404.296,287.702,691.998
1.76377,376.035,259.372,635.406
1.76601,403.852,294.64,698.492
1.76826,375.263,260.277,635.541
1.7705,391.251,274.778,666.029
1.77276,385.082,271.246,656.328
1.77501,380.608,274.764,655.372
1.77727,376.764,266.392,643.156
1.77953,385.297,283.381,668.678
1.7818,375.558,264.092,639.65
1.78407,369.117,270.089,639.206
1.78635,390.879,273.902,664.782
1.78862,365.351,266.155,631.506
1.7909,397.945,283.189,681.134
1.79319,362.865,262.412,625.277
1.79548,393.699,278.588,672.288
1.79777,362.761,265.907,628.669
1.80007,396.102,281.749,677.851
1.80237,369.941,271.665,641.607
1.80467,377.653,268.682,646.335
1.80698,374.572,270.991,645.563
1.80929,369.076,266.304,635.379
1.81161,381.625,278.11,659.734
1.81392,365.915,265.702,631.618
1.81625,382.705,278.75,661.455
1.81857,367.661,262.737,630.398
1.8209,388.459,287.129,675.588
1.82324,373.11,265.681,638.791
1.82558,377.624,273.362,650.986
1.82792,389.576,279.305,668.881
1.83026,391.792,279.98,671.772
1.83261,383.907,275.43,659.337
1.83496,384.432,282.111,666.544
1.83732,388.908,276.845,665.753
1.83968,386.508,277.639,664.148
1.84205,384.541,273.01,657.551
1.84441,408.495,291.093,699.588
1.84679,392.063,275.865,667.927
1.84916,408.137,287.985,696.122
1.85154,404.142,283.164,687.307
1.85393,403.118,284.97,688.089
1.85631,412.418,291.15,703.568
1.85871,407.412,284.008,691.42
1.8611,413.139,287.398,700.536
1.8635,406.718,286.39,693.108
1.8659,412.514,293.513,706.027
1.86831,403.219,284.086,687.305
1.87072,407.716,286.613,694.329
1.87314,415.448,294.789,710.237
1.87556,392.309,278.564,670.873
1.87798,429.51,302.744,732.254
1.88041,394.158,277.025,671.182
1.88284,422.492,301.895,724.387
1.88527,392.664,277.844,670.509
1.88771,420.677,296.893,717.57
1.89015,398.221,281.063,679.284
1.8926,421.483,299.3,720.784
1.89505,398.709,283.527,682.236
1.8975,410.63,285.412,696.042
1.89996,418.034,297.681,715.715
1.90242,403.26,287.228,690.488
1.90489,399.884,287.266,687.15
1.90736,404.911,292.25,697.161
1.90984,386.173,276.837,663.011
1.91231,417.04,301.246,718.286
1.9148,371.754,271.052,642.806
1.91728,422.937,307.293,730.23
1.91977,368.569,266.658,635.227
1.92227,412.32,299.691,712.011
1.92477,383.237,280.618,663.855
1.92727,397.69,289.213,686.903
1.92978,388.139,279.212,667.351
1.93229,390.387,282.827,673.214
1.9348,387.241,283.019,670.259
1.93732,395.968,287.632,683.6
1.93984,381.718,276.957,658.675
1.94237,398.378,292.646,691.024
1.9449,364.361,274.508,638.869
1.94744,391.742,288.371,680.112
1.94998,370.042,275.059,645.1
1.95252,385.833,287.854,673.686
1.95507,366.754,272.493,639.247
1.95762,382.532,286.382,668.914
1.96018,372.986,277.271,650.257
1.96274,372.826,280.629,653.455
1.9653,375.177,280.712,655.89
1.96787,370.622,279.683,650.305
1.97044,370.665,280.933,651.598
1.97302,369.404,279.38,648.784
1.9756,380.94,282.769,663.709
1.97819,362.574,275.324,637.898
1.98078,388.091,292.01,680.101
1.98337,350.622,268.021,618.644
1.98597,398.814,297.225,696.039
1.98857,346.679,261.146,607.825
1.99118,395.196,297.728,692.923
1.99379,352.568,269.803,622.371
1.9964,384.482,288.503,672.985
1.99902,363.477,280.946,644.423
2.00165,390.774,291.318,682.092
2.00427,373.486,282.731,656.218
2.0069,378.943,280.253,659.197
2.00954,380.887,290.138,671.025
2.01218,381.19,281.036,662.226
2.01483,396.528,295.562,692.09
2.01748,384.18,278.884,663.064
2.02013,398.868,299.729,698.598
2.02279,381.311,281.445,662.756
2.02545,392.89,293.546,686.436
2.02811,391.223,286.226,677.45
2.03079,398.403,296.3,694.703
2.03346,399.411,290.97,690.381
2.03614,403.745,299.278,703.024
2.03882,397.85,290.999,688.85
2.04151,397.092,293.554,690.646
2.0442,404.73,296.844,701.574
2.0469,388.539,289.92,678.459
2.0496,407.159,298.409,705.568
2.05231,392.499,289.31,681.809
2.05502,413.402,303.875,717.277
2.05773,381.431,281.346,662.777
2.06045,422.619,311.499,734.118
2.06317,385.344,282.33,667.674
2.0659,409.077,304.082,713.159
2.06863,383.268,285.436,668.704
2.07137,408.561,299.681,708.242
2.07411,388.578,295.517,684.095
2.07686,388.251,286.282,674.533
2.07961,402.888,303.69,706.579
2.08236,389.734,287.677,677.411
2.08512,406.261,298.778,705.039
2.08788,392.126,287.291,679.416
2.09065,399.036,298.865,697.901
2.09342,392.563,293.456,686.019
2.0962,404.953,305.991,710.944
2.09898,376.449,279.045,655.493
2.10177,422.976,317.902,740.878
2.10456,357.691,267.548,625.239
2.10735,436.144,327.252,763.396
2.11015,358.813,265.784,624.597
2.11296,429.493,318.792,748.285
2.11576,357.453,269.464,626.917
2.11858,424.819,317.296,742.115
2.1214,356.067,266.469,622.536
2.12422,416.272,317.073,733.345
2.12704,344.547,267.352,611.898
2.12988,421.97,317.223,739.194
2.13271,344.823,264.985,609.808
2.13555,407.226,309.149,716.375
2.1384,347.722,272.31,620.032
2.14125,400.61,301.714,702.324
2.1441,354.459,277.222,631.682
2.14696,397.014,299.806,696.82
2.14983,352.753,278.185,630.938
2.15269,389.857,297.972,687.829
2.15557,359.126,282.538,641.664
2.15845,378.416,294.245,672.66
2.16133,368.613,285.109,653.722
2.16421,372.534,288.899,661.433
2.16711,370.688,288.177,658.866
2.17,379.396,296.673,676.07
2.1729,358.266,275.998,634.263
2.17581,384.305,300.843,685.148
2.17872,352.174,270.636,622.81
2.18164,402.884,312.953,715.837
2.18456,330.747,258.373,589.12
2.18748,415.548,323.639,739.186
2.19041,329.881,254.869,584.749
2.19335,423.192,324.728,747.92
2.19628,330.647,253.747,584.395
2.19923,416.697,328.197,744.894
2.20218,332.938,256.845,589.783
2.20513,419.362,327.184,746.546
2.20809,348.018,264.949,612.967
2.21105,410.742,322.84,733.582
2.21402,353.015,267.238,620.254
2.21699,403.474,313.666,717.14
2.21997,366.147,279.817,645.964
2.22295,389.636,305.927,695.563
2.22594,377.11,285.333,662.443
2.22893,398,309.707,707.706
2.23193,371.066,280.325,651.391
2.23493,402.216,314.982,717.198
2.23794,368.859,280.483,649.342
2.24095,409.348,315.318,724.666
2.24397,358.763,273.949,632.713
2.24699,417.766,323.698,741.464
2.25001,358.191,274.719,632.91
2.25305,412.979,321.588,734.566
2.25608,358.802,273.328,632.13
2.25912,421.068,323.99,745.058
2.26217,361.393,278.329,639.722
2.26522,418.734,320.408,739.142
2.26828,355.195,271.74,626.935
2.27134,426.888,326.256,753.144
2.2744,354.126,272.393,626.519
2.27747,432.525,331.678,764.203
2.28055,344.805,269.864,614.668
2.28363,424.807,326.976,751.783
2.28672,368.654,281.156,649.811
2.28981,417.485,317.373,734.858
2.2929,364.814,279.568,644.382
2.296,407.675,314.113,721.788
2.29911,368.982,286.144,655.126
2.30222,395.919,308.196,704.115
2.30534,370.275,288.89,659.165
2.30846,393.459,304.078,697.537
2.31158,375.883,295.397,671.28
2.31472,382.562,298.813,681.375
2.31785,377.96,297.54,675.499
2.32099,385.499,300.931,686.431
2.32414,361.524,290.469,651.993
2.32729,379.837,300.948,680.785
2.33045,370.561,294.75,665.311
2.33361,370.897,293.62,664.517
2.33678,373.732,299.441,673.173
2.33995,363.533,290.724,654.258
2.34313,378.806,298.493,677.299
2.34631,366.14,289.779,655.919
2.3495,384.101,306.077,690.178
2.35269,368.242,290.266,658.507
2.35589,385.836,304.842,690.677
2.35909,361.454,289.532,650.986
2.3623,378.359,300.8,679.16
2.36552,365.248,291.658,656.905
2.36873,370.991,294.537,665.528
2.37196,371.809,297.9,669.709
2.37519,366.111,291.91,658.021
2.37842,372.891,298.924,671.814
2.38166,362.147,285.659,647.805
2.38491,380.407,305.569,685.975
2.38816,357.469,282.937,640.406
2.39141,389.097,310.748,699.845
2.39467,346.445,275.132,621.578
2.39794,411.936,328.549,740.485
2.40121,332.713,265.068,597.781
2.40449,408.596,326.97,735.566
2.40777,346.85,267.428,614.277
2.41106,413.42,330.86,744.28
2.41435,337.221,266.21,603.431
2.41765,409.102,330.081,739.183
2.42095,330.664,265.722,596.385
2.42426,415.612,331.786,747.398
2.42758,337.211,265.782,602.992
2.4309,406.71,326.61,733.321
2.43422,349.388,276.59,625.977
2.43755,395.667,316.642,712.309
2.44089,361.026,287.181,648.207
2.44423,399.782,313.698,713.48
2.44758,352.422,281.388,633.81
2.45093,411.491,323.564,735.055
2.45429,343.95,273.312,617.261
2.45765,418.277,329.673,747.95
2.46102,333.901,266.355,600.256
2.46439,441.159,347.873,789.032
2.46777,321.441,256.409,577.85
2.47116,446.18,350.257,796.437
2.47455,308.173,245.911,554.084
2.47795,461.306,365.376,826.682
2.48135,298.506,242.835,541.341
2.48475,444.332,354.907,799.238
2.48817,305.619,248.649,554.267
2.49159,458.632,363.524,822.156
2.49501,299.202,244.151,543.353
2.49844,443.494,350.479,793.972
2.50187,317.422,258.308,575.729
2.50531,431.561,344.072,775.633
2.50876,329.902,269.345,599.247
2.51221,413.73,330.708,744.438
2.51567,333.068,267.891,600.959
2.51913,417.775,339.212,756.987
2.5226,326.322,264.177,590.499
2.52608,413.566,333.639,747.204
2.52956,342.875,272.592,615.467
2.53304,402.861,327.924,730.786
2.53653,344.11,277.655,621.764
2.54003,395.578,319.524,715.101
2.54353,354.283,282.468,636.751
2.54704,386.918,312.375,699.293
2.55055,357.416,288.391,645.807
2.55407,399.429,324.47,723.899
2.5576,333.634,270.176,603.81
2.56113,413.843,335.947,749.79
2.56467,321.208,260.125,581.333
2.56821,417.415,343.977,761.392
2.57176,307.127,250.538,557.665
2.57531,439.614,359.243,798.857
2.57887,298.146,242.174,540.32
2.58244,418.682,348.055,766.737
2.58601,314.862,255.226,570.088
2.58959,419.083,342.5,761.583
2.59317,326.904,262.753,589.657
2.59676,390.989,321.993,712.982
2.60035,358.748,289.408,648.155
2.60395,379.79,310.074,689.864
2.60756,352.283,283.701,635.984
2.61117,391.226,321.605,712.831
2.61479,341.114,275.85,616.963
2.61841,397.291,328.022,725.313
2.62204,337.143,271.463,608.606
2.62568,401.142,334.144,735.287
2.62932,333.017,266.611,599.628
2.63297,424.646,347.39,772.035
2.63662,316.837,255.789,572.626
2.64028,420.569,343.202,763.772
2.64395,333.17,272.073,605.243
2.64762,403.267,329.406,732.673
2.6513,355.341,281.849,637.19
2.65498,389.722,318.934,708.656
2.65867,345.996,281.879,627.874
2.66236,400.14,325.058,725.198
2.66607,342.329,274.813,617.142
2.66977,405.163,334.267,739.43
2.67349,330.251,269.275,599.526
2.67721,427.205,348.128,775.334
2.68093,310.016,253.846,563.862
2.68466,440.182,360.597,800.778
2.6884,301.841,243.118,544.959
2.69214,460.993,374.706,835.699
2.69589,285.74,233.053,518.794
2.69965,466.408,378.66,845.068
2.70341,278.532,230.956,509.487
2.70718,471.211,380.94,852.151
2.71095,275.027,225.855,500.882
2.71473,481.738,388.308,870.046
2.71852,273.748,222.508,496.256
2.72231,469.665,379.046,848.71
2.72611,290.42,238.555,528.975
2.72992,439.438,361.646,801.084
2.73373,313.455,259.483,572.938
2.73755,421.495,343.255,764.751
2.74137,342.606,278.26,620.866
2.7452,392.301,321.03,713.331
2.74903,343.467,283.563,627.03
2.75288,408.782,332.928,741.71
2.75673,319.674,266.837,586.511
2.76058,428.394,350.497,778.89
2.76444,286.666,240.866,527.533
2.76831,455.135,370.863,825.999
2.77218,267.207,225.132,492.339
2.77606,480.714,389.506,870.22
2.77995,252.728,215.924,468.652
2.78384,468.439,383.096,851.535
2.78774,254.907,217.963,472.87
2.79164,469.095,386.663,855.758
2.79556,257.324,220.265,477.589
2.79947,451.993,371.121,823.114
2.8034,261.552,230.204,491.756
2.80733,439.344,363.777,803.12
2.81126,285.311,246.765,532.076
2.81521,404.504,335.474,739.979
2.81916,321.294,276.142,597.436
2.82311,383.036,316.12,699.156
2.82708,339.118,288.535,627.653
2.83105,383.364,321.573,704.937
2.83502,321.097,271.485,592.582
2.839,404.943,334.402,739.345
2.84299,305.383,259.025,564.407
2.84699,420.033,350.121,770.154
2.85099,284.747,245.451,530.199
2.85499,430.803,355.658,786.461
2.85901,280.842,245.329,526.17
2.86303,449.008,365.708,814.716
2.86706,263.984,226.458,490.442
2.87109,461.68,379.768,841.449
2.87513,260.892,224.286,485.178
2.87918,469.741,383.605,853.346
2.88323,256.291,221.932,478.223
2.88729,464.581,378.998,843.579
2.89136,270.552,233.001,503.554
2.89543,465.684,380.196,845.881
2.89951,271.63,230.396,502.026
2.9036,471.758,382.451,854.209
2.90769,270.94,229.188,500.128
2.91179,473.664,384.149,857.813
2.9159,269.252,230.456,499.708
2.92001,477.81,387.598,865.408
2.92413,273.355,229.572,502.927
2.92826,465.091,378.353,843.444
2.93239,274.405,233.347,507.752
2.93653,473.488,384.847,858.334
2.94068,274.002,232.347,506.349
2.94483,468.574,382.233,850.808
2.94899,279.064,233.736,512.8
2.95316,465.18,377.696,842.877
2.95734,272.436,232.747,505.184
2.96152,480.818,388.201,869.019
2.9657,270.412,229.923,500.335
2.9699,455.421,371.932,827.353
2.9741,278.792,239.217,518.009
2.97831,447.315,372.66,819.975
2.98252,274.451,235.654,510.104
2.98674,446.423,374.241,820.663
2.99097,266.767,231.623,498.39
2.99521,438.669,367.698,806.367
2.99945,282.221,240.733,522.954
3.0037,419.267,355.207,774.474
3.00795,289.33,248.767,538.097
3.01222,424.346,356.209,780.555
3.01649,279.376,241.446,520.822
3.02076,425.331,358.039,783.37
3.02505,264.734,234.899,499.633
3.02934,443.822,373.313,817.135
3.03364,259.434,227.219,486.653
3.03794,437.267,368.132,805.4
3.04225,260.307,227.773,488.08
3.04657,443.906,374.237,818.142
3.0509,260.289,221.446,481.735
3.05523,438.511,375.854,814.365
3.05957,261.568,224.104,485.672
3.06392,444.858,375.008,819.866
3.06827,269.313,228.572,497.885
3.07263,435.762,367.333,803.095
3.077,275.35,233.962,509.312
3.08137,438.199,365.698,803.897
3.08576,287.1,242.742,529.843
3.09015,427.786,356.682,784.468
3.09454,301.787,252.756,554.543
3.09895,423.62,353.144,776.764
3.10336,303.266,256.603,559.869
3.10777,423.332,350.648,773.98
3.1122,299.888,253.982,553.869
3.11663,453.3,369.374,822.674
3.12107,279.957,233.494,513.451
3.12552,465.507,382.345,847.852
3.12997,274.614,230.08,504.695
3.13443,468.519,383.028,851.547
3.1389,272.316,231.635,503.951
3.14338,464.674,380.994,845.668
3.14786,273.867,232.03,505.897
3.15235,470.616,383.188,853.804
3.15685,271.455,232.661,504.117
3.16135,471,379.862,850.862
3.16587,271.016,235.115,506.131
3.17039,465.516,380.045,845.561
3.17491,270.977,234.94,505.916
3.17945,456.716,375.34,832.056
3.18399,274.036,237.594,511.63
3.18854,456.322,373.616,829.938
3.19309,276.197,239.247,515.444
3.19766,447.612,370.262,817.874
3.20223,273,235.781,508.781
3.20681,457.715,376.498,834.213
3.21139,258.985,228.93,487.914
3.21599,457.663,380.55,838.213
3.22059,252.837,225.2,478.037
3.2252,455.594,377.946,833.54
3.22981,256.04,229.106,485.147
3.23444,439.228,366.11,805.338
3.23907,252.033,229.629,481.662
3.2437,448.094,374.715,822.809
3.24835,247.933,227.055,474.988
3.253,444.499,372.62,817.119
3.25767,249.001,226.434,475.435
3.26233,441.052,372.432,813.483
3.26701,256.015,232.161,488.175
3.27169,425.682,359.532,785.213
3.27639,263.951,237.754,501.705
3.28108,424.235,357.494,781.729
3.28579,279.242,249.714,528.956
3.29051,404.468,345.108,749.576
3.29523,293.521,254.905,548.426
3.29996,416.416,353.729,770.145
3.3047,281.709,246.764,528.473
3.30944,425.466,361.437,786.903
3.31419,273.62,236.861,510.482
3.31895,445.627,373.59,819.217
3.32372,270.822,233.349,504.172
3.3285,439.914,368.42,808.334
3.33328,274.376,234.295,508.671
3.33807,447.303,369.932,817.235
3.34287,281.365,237.31,518.675
3.34768,442.332,367.438,809.77
3.35249,286.942,241.042,527.984
3.35732,444.468,369.63,814.098
3.36215,287.506,240.7,528.205
3.36699,441.785,369.268,811.054
3.37183,298.033,250.082,548.115
3.37669,418.855,349.727,768.581
3.38155,321.261,266.045,587.306
3.38642,394.984,335.91,730.894
3.3913,347.358,285.588,632.947
3.39618,377.994,322.228,700.223
3.40108,349.431,292.287,641.718
3.40598,384.698,328.654,713.352
3.41089,327.421,275.056,602.476
3.41581,408.062,346.886,754.947
3.42073,296.881,248.74,545.621
3.42567,438.998,371.242,810.24
3.43061,271.764,234.389,506.153
3.43556,434.109,366.066,800.175
3.44051,275.043,237.944,512.988
3.44548,430.79,366.965,797.755
3.45045,273.733,239.263,512.997
3.45544,419.885,360.572,780.457
3.46043,271.719,238.735,510.454
3.46543,425.138,362.137,787.275
3.47043,274.179,242.594,516.773
3.47545,414.362,354.995,769.357
3.48047,272.159,241.752,513.911
3.4855,422.109,356.864,778.973
3.49054,272.15,239.475,511.625
3.49559,424.594,362.512,787.106
3.50064,276.941,242.429,519.37
3.5057,424.988,359.76,784.748
3.51078,273.58,241.867,515.447
3.51586,428.564,360.78,789.344
3.52094,274.264,239.841,514.105
3.52604,427.534,359.871,787.405
3.53115,274.378,243.273,517.651
3.53626,423.223,361.407,784.629
3.54138,276.835,241.649,518.484
3.54651,429.331,364.208,793.539
3.55165,278.152,241.816,519.968
3.55679,429.957,361.956,791.913
3.56195,277.965,242.11,520.075
3.56711,431.205,363.996,795.2
3.57228,281.789,243.738,525.527
3.57746,434.64,363.821,798.461
3.58265,279.735,243.609,523.343
3.58785,435.658,364.398,800.056
3.59305,283.845,244.987,528.832
3.59827,427.612,363.19,790.802
3.60349,284.636,243.939,528.575
3.60872,423.634,358.9,782.535
3.61396,291.74,251.901,543.641
3.61921,407.269,347.403,754.672
3.62446,302.466,259.585,562.05
3.62973,405.593,345.427,751.02
3.635,305.733,262.244,567.977
3.64028,401.613,340.632,742.245
3.64557,318.735,269.261,587.995
3.65087,373.174,323.387,696.562
3.65618,343.463,292.2,635.663
3.6615,358.06,307.739,665.799
3.66682,351.543,296.179,647.722
3.67216,379.845,324.088,703.932
3.6775,319.062,271.733,590.796
3.68285,408.947,345.448,754.395
3.68821,285.908,247.221,533.129
3.69358,429.716,363.916,793.632
3.69895,272.93,240.09,513.02
3.70434,418.398,356.991,775.388
3.70973,273.473,242.054,515.527
3.71514,420.043,360.286,780.329
3.72055,276.337,241.005,517.342
3.72597,416.514,353.501,770.014
3.7314,280.181,244.983,525.165
3.73684,418.891,358.533,777.424
3.74229,282.419,245.336,527.755
3.74774,420.018,356.156,776.175
3.75321,274.687,241.226,515.913
3.75868,425.223,359.028,784.252
3.76416,278.727,245.604,524.332
3.76966,411.275,348.582,759.857
3.77516,283.636,250,533.636
3.78067,416.445,350.108,766.553
3.78618,280.485,247.843,528.328
3.79171,421.371,355.133,776.504
3.79725,279.855,245.717,525.572
3.80279,425.441,356.383,781.824
3.80835,281.373,244.048,525.421
3.81391,427.931,359.303,787.234
3.81949,281.323,243.791,525.114
3.82507,425.907,359.915,785.822
3.83066,280.919,245.793,526.712
3.83626,420.673,354.389,775.063
3.84187,287.166,248.324,535.49
3.84748,420.525,350.432,770.957
3.85311,296.83,255.273,552.103
3.85875,415.634,349.744,765.378
3.86439,289.349,249.1,538.449
3.87005,423.413,357.74,781.153
3.87571,283.786,247.364,531.15
3.88138,420.682,353.927,774.609
3.88707,276.47,244.337,520.806
3.89276,425.252,357.27,782.522
3.89846,284.078,244.974,529.052
3.90417,411.978,351.018,762.996
3.90989,282.259,246.241,528.5
3.91562,417.786,351.371,769.157
3.92136,289.519,250.258,539.777
3.9271,412.538,348.237,760.776
3.93286,284.923,248.832,533.756
3.93862,414.383,352.558,766.941
3.9444,281.923,247.084,529.006
3.95018,399.753,340.221,739.974
3.95598,299.059,259.804,558.863
3.96178,378.794,322.903,701.697
3.9676,329.627,281.417,611.045
3.97342,352.446,304.473,656.919
3.97925,341.355,291.45,632.805
3.98509,365.12,315.309,680.429
3.99094,311.914,273.709,585.622
3.9968,399.81,340.65,740.459
4.00267,282.95,245.548,528.498
4.00855,426.148,356.26,782.408
4.01444,275.615,242.688,518.303
4.02034,416.589,351.03,767.62
4.02625,278.686,246.118,524.804
4.03216,418.75,352.306,771.056
4.03809,284.82,247.938,532.758
4.04403,413.461,348.375,761.836
4.04997,282.891,247.604,530.495
4.05593,417.85,351.256,769.105
4.0619,289.363,248.969,538.332
4.06787,419.875,352.236,772.111
4.07386,286.377,247.931,534.308
4.07985,416.296,351.452,767.748
4.08586,283.331,248.256,531.587
4.09187,416.3,349.851,766.151
4.0979,280.945,245.943,526.888
4.10393,415.738,348.491,764.228
4.10997,286.025,248.768,534.793
4.11603,415.412,348.535,763.947
4.12209,283.904,248.157,532.061
4.12816,406.379,345.276,751.654
4.13425,284.552,248.703,533.255
4.14034,406.236,344.304,750.541
4.14644,284.33,250.068,534.398
4.15256,401.295,343.669,744.964
4.15868,281.342,247.23,528.572
4.16481,412.936,351.035,763.97
4.17096,275.19,243.794,518.984
4.17711,402.44,343.902,746.343
4.18327,282.63,248.429,531.059
4.18944,413.8,348.816,762.617
4.19563,280.013,244.815,524.828
4.20182,410.541,345.589,756.13
4.20802,279.436,244.105,523.541
4.21424,412.147,347.169,759.316
4.22046,280.819,247.112,527.931
4.22669,412.892,346.062,758.955
4.23294,284.576,248.381,532.957
4.23919,406.555,343.903,750.458
4.24545,293.48,255.165,548.644
4.25173,398.112,336.289,734.401
4.25801,298.715,258.278,556.993
4.2643,403.798,337.323,741.122
4.27061,295.391,256.548,551.939
4.27692,412.422,346.416,758.838
4.28325,288.107,250.963,539.07
4.28958,408.96,344.869,753.829
4.29593,287.117,250.365,537.482
4.30229,409.738,341.034,750.772
4.30865,287.88,250.946,538.826
4.31503,408.081,342.435,750.516
4.32142,289.396,252.626,542.022
4.32781,404.232,342.993,747.226
4.33422,283.261,247.556,530.816
4.34064,398.723,339.077,737.8
4.34707,281.154,248.621,529.775
4.35351,399.706,341.245,740.951
4.35996,286.913,249.373,536.286
4.36642,393.517,334.876,728.393
4.37289,284.819,249.86,534.679
4.37937,392.269,337.957,730.226
4.38586,289.541,251.806,541.348
4.39236,386.788,333.881,720.668
4.39887,292.059,251.235,543.294
4.4054,395.622,337.198,732.82
4.41193,286.068,248.79,534.858
4.41847,392.153,337.846,729.999
4.42503,288.388,248.368,536.756
4.4316,393.54,337.51,731.05
4.43817,290.728,251.422,542.15
4.44476,398.263,338.167,736.43
4.45136,294.441,252.043,546.484
4.45796,398.063,338.654,736.717
4.46458,291.685,252.292,543.978
4.47121,401.461,337.258,738.718
4.47785,293.191,253.664,546.855
4.48451,400.13,338.087,738.217
4.49117,296.725,254.897,551.622
4.49784,399.937,338.472,738.409
4.50453,299.345,256.193,555.539
4.51122,395.137,333.405,728.542
4.51793,301.71,256.163,557.873
4.52464,399.929,336.934,736.863
4.53137,294.164,252.273,546.438
4.53811,395.394,335.681,731.075
4.54486,291.901,251.959,543.86
4.55162,395.457,337.445,732.903
4.55839,289.324,248.652,537.977
4.56517,392.498,333.6,726.098
4.57197,287.656,252.453,540.109
4.57877,392.334,333.239,725.573
4.58559,282.916,251.991,534.907
4.59241,383.362,329.699,713.061
4.59925,285.175,251.621,536.796
4.6061,382.584,328.9,711.484
4.61296,279.328,247.528,526.856
4.61983,383.482,329.569,713.051
4.62671,285.963,250.31,536.274
4.63361,384.141,327.952,712.092
4.64051,290.977,251.981,542.958
4.64743,384.83,330.245,715.075
4.65435,289.373,251.808,541.181
4.66129,386.799,330.057,716.856
4.66824,293.687,252.658,546.346
4.6752,388.707,331.1,719.807
4.68217,298.754,253.666,552.42
4.68916,384.965,329.297,714.262
4.69615,300.067,255.623,555.69
4.70316,393.171,332.738,725.909
4.71018,302.511,254.78,557.291
4.71721,392.715,332.2,724.915
4.72425,299.414,255.628,555.042
4.7313,389.507,331.672,721.179
4.73836,295.998,253.635,549.633
4.74544,392.233,331.65,723.883
4.75252,299.368,255.932,555.3
4.75962,391.596,332.013,723.609
4.76673,293.188,253.547,546.735
4.77385,383.923,328.104,712.027
4.78098,287.299,251.899,539.198
4.78813,383.299,326.413,709.712
4.79528,287.885,251.34,539.225
4.80245,384.639,327.189,711.829
4.80963,284.15,251.128,535.278
4.81682,379.965,325.995,705.96
4.82402,291.287,253.219,544.506
4.83124,377.2,325.84,703.041
4.83846,291.842,250.732,542.574
4.8457,382.087,328.572,710.66
4.85295,289.805,251.753,541.558
4.86021,383.366,325.711,709.078
4.86748,286.412,251.799,538.211
4.87477,379.91,324.681,704.592
4.88206,290.684,251.936,542.62
4.88937,383.478,325.766,709.244
4.89669,295.981,253.56,549.541
4.90402,378.029,323.982,702.011
4.91137,295.763,253.662,549.426
4.91872,382.286,325.714,708
4.92609,294.906,254.195,549.101
4.93347,382.203,324.389,706.592
4.94086,297.269,255.399,552.668
4.94827,381.515,324.715,706.229
4.95568,300.128,255.229,555.357
4.96311,382.054,324.546,706.599
4.97055,298.899,255.805,554.704
4.978,378.187,322.581,700.767
4.98547,300.226,256.607,556.833
4.99294,379.043,322.585,701.628
5.00043,300.918,256.734,557.652
5.00793,381.792,324.029,705.821
5.01545,294.008,254.837,548.844
5.02299,376.601,321.468,698.069
5.03055,291.245,253.1,544.344
5.03813,377.105,322.164,699.269
5.04572,288.786,253.705,542.491
5.05334,374.892,320.989,695.881
5.06097,286.94,252.581,539.52
5.06862,377.328,323.539,700.866
5.07629,291.986,253.543,545.528
5.08398,374.134,320.065,694.199
5.09169,289.484,252.6,542.084
5.09942,371.401,318.926,690.327
5.10717,292.769,252.349,545.118
5.11494,375.809,319.685,695.494
5.12273,296.891,255.733,552.624
5.13053,376.63,319.309,695.939
5.13836,294.505,253.585,548.089
5.14621,377.381,320.514,697.895
5.15407,295.754,255.983,551.737
5.16196,375.525,319.642,695.167
5.16986,294.609,253.982,548.591
5.17779,376.911,321.244,698.155
5.18573,292.468,255.489,547.957
5.1937,380.766,320.824,701.59
5.20168,292.276,254.06,546.336
5.20968,377.583,319.75,697.333
5.21771,292.27,253.392,545.662
5.22575,374.961,319.013,693.974
5.23382,291.44,252.868,544.308
5.2419,375.602,319.228,694.83
5.25001,289.921,252.244,542.166
5.25813,368.548,317.062,685.609
5.26628,287.099,250.793,537.892
5.27444,371.375,315.796,687.17
5.28263,287.858,252.05,539.909
5.29083,368.238,314.734,682.971
5.29906,289.718,252.127,541.845
5.30731,369.592,316.756,686.349
5.31558,291.054,253.07,544.123
5.32387,365.953,313.133,679.086
5.33218,286.111,252.116,538.228
5.34051,372.523,317.255,689.778
5.34886,286.612,251.411,538.022
5.35723,366.647,314.327,680.974
5.36562,286.599,250.113,536.712
5.37404,368.162,312.95,681.112
5.38247,289.404,252.4,541.804
5.39093,369.172,314.248,683.42
5.39941,290.158,251.861,542.018
5.4079,366.261,314.771,681.032
5.41642,293.046,254.19,547.236
5.42497,367.705,313.345,681.05
5.43353,292.438,253.627,546.065
5.44211,364.904,313.072,677.977
5.45072,294.555,252.863,547.418
5.45934,366.467,313.193,679.66
5.46799,296.193,254.356,550.549
5.47666,366.406,311.925,678.331
5.48535,294.965,252.553,547.518
5.49407,362.783,309.487,672.271
5.5028,290.305,254.85,545.155
5.51156,360.597,309.389,669.986
5.52034,289.815,252.754,542.569
5.52914,358.986,309.803,668.789
5.53796,288.674,252.247,540.921
5.54681,362.79,309.516,672.306
5.55567,287.601,250.905,538.505
5.56456,360.512,310.021,670.532
5.57347,285.314,250.113,535.428
5.58241,354.869,306.696,661.565
5.59136,290.519,252.325,542.843
5.60034,356.438,308.345,664.783
5.60934,290.952,253.772,544.724
5.61837,352.966,306.399,659.365
5.62741,292.002,253.859,545.861
5.63648,350.758,304.748,655.506
5.64557,294.235,254.613,548.848
5.65469,351.76,306.481,658.241
5.66382,295.212,253.904,549.116
5.67298,353.725,306.266,659.991
5.68216,297.019,254.899,551.918
5.69137,351.215,304.225,655.44
5.7006,295.459,254.262,549.721
5.70985,354.316,303.618,657.934
5.71912,293.448,254.522,547.97
5.72842,353.703,303.419,657.122
5.73774,288.509,251.995,540.504
5.74709,353.699,303.58,657.279
5.75646,288.139,252.513,540.652
5.76585,347.787,301.78,649.567
5.77526,292.056,253.019,545.076
5.7847,346.965,300.654,647.619
5.79416,291.899,253.117,545.016
5.80365,347.968,300.964,648.932
5.81316,294.048,255.611,549.659
5.82269,344.749,299.753,644.502
5.83225,293.874,253.445,547.319
5.84183,344.344,299.407,643.751
5.85143,295.821,255.181,551.002
5.86106,345.83,299.033,644.864
5.87071,294.66,253.983,548.644
5.88039,345.799,298.415,644.215
5.89009,294.057,253.909,547.966
5.89981,345.928,299.969,645.897
5.90956,295.368,255.567,550.935
5.91934,348.352,298.854,647.205
5.92914,296.544,254.455,550.999
5.93896,342.621,296.667,639.288
5.94881,296.05,254.658,550.709
5.95868,340.823,296.652,637.475
5.96858,295.289,254.296,549.585
5.9785,343.04,295.907,638.946
5.98844,292.481,252.949,545.431
5.99841,341.07,297.028,638.098
6.00841,291.272,253.085,544.357
6.01843,340.259,295.275,635.534
6.02848,290.016,253.272,543.288
6.03855,339.439,294.497,633.936
6.04864,289.448,250.632,540.08
6.05877,339.484,294.8,634.284
6.06891,287.77,251.581,539.351
6.07909,335.015,292.879,627.893
6.08928,287.638,250.694,538.332
6.09951,340.303,294.352,634.655
6.10976,292.901,253.729,546.629
6.12003,340.103,293.794,633.897
6.13033,292.504,251.344,543.848
6.14066,340.183,292.24,632.423
6.15101,290.499,252.35,542.85
6.16138,339.667,293.874,633.542
6.17179,294.917,252.497,547.414
6.18222,336.677,292.784,629.461
6.19267,291.953,251.914,543.867
6.20316,339.964,291.678,631.642
6.21366,293.855,251.025,544.881
6.2242,338.928,292.053,630.981
6.23476,290.677,252.857,543.534
6.24534,338.081,290.651,628.731
6.25596,288.644,249.957,538.601
6.2666,334.446,289.207,623.652
6.27726,285.917,249.8,535.717
6.28796,330.917,287.623,618.54
6.29868,285.418,248.768,534.186
6.30942,329.692,286.261,615.954
6.3202,285.185,249.188,534.373
6.331,329.551,287.299,616.85
6.34183,284.658,248.118,532.776
6.35268,333.531,286.602,620.133
6.36356,286.122,248.712,534.834
6.37447,333.88,287.464,621.344
6.38541,285.181,249.376,534.557
6.39637,332.101,286.844,618.946
6.40736,288.614,248.876,537.49
6.41838,331.901,287.043,618.944
6.42943,290.056,249.623,539.679
6.4405,334.625,286.039,620.664
6.4516,289.937,249.993,539.931
6.46273,330.84,286,616.84
6.47389,289.043,249.966,539.009
6.48507,329.025,285.672,614.697
6.49628,287.586,248.27,535.856
6.50752,327.65,283.781,611.431
6.51879,283.977,247.764,531.741
6.53009,329.23,284.78,614.01
6.54142,286.243,247.375,533.618
6.55277,326.127,282.987,609.114
6.56415,285.654,248.498,534.152
6.57556,323.275,280.021,603.296
6.587,285.03,246.998,532.028
6.59847,323.411,280.492,603.902
6.60996,286.166,247.591,533.757
6.62149,324.05,278.758,602.807
6.63304,284.853,248.386,533.239
6.64463,321.162,278.193,599.355
6.65624,286.966,247.381,534.348
6.66788,319.477,276.851,596.327
6.67955,287.568,248.174,535.742
6.69125,318.74,277.787,596.526
6.70297,287.163,248.932,536.095
6.71473,322.359,278.078,600.438
6.72652,288.198,248.673,536.871
6.73833,324.345,279.121,603.466
6.75018,288.866,248.458,537.324
6.76206,321.288,277.644,598.932
6.77396,288.146,246.347,534.494
6.7859,318.479,275.926,594.405
6.79786,287.593,248.358,535.952
6.80986,317.41,274.643,592.053
6.82188,283.568,246.936,530.504
6.83393,314.787,274.294,589.081
6.84602,284.061,246.216,530.277
6.85813,313.835,272.256,586.091
6.87028,284.448,246.924,531.372
6.88246,313.463,272.775,586.238
6.89466,287.032,245.49,532.522
6.9069,313.128,271.404,584.532
6.91917,285.076,247.045,532.12
6.93146,312.7,272.276,584.976
6.94379,285.941,244.813,530.754
6.95615,311.498,270.49,581.988
6.96854,282.707,244.936,527.643
6.98096,310.132,270.618,580.75
6.99342,288.686,246.009,534.695
7.0059,313.074,271.747,584.821
7.01841,287.081,246.144,533.225
7.03096,311.506,269.55,581.055
7.04354,286.202,244.385,530.587
7.05615,309.872,268.976,578.848
7.06879,284.251,244.472,528.724
7.08146,310.967,268.014,578.98
7.09416,282.454,244.375,526.829
7.1069,310.616,268.026,578.643
7.11966,281.472,242.422,523.894
7.13246,306.388,266.965,573.353
7.1453,279.59,243.33,522.92
7.15816,305.104,265.474,570.578
7.17105,277.53,241.674,519.204
7.18398,304.249,265.147,569.396
7.19694,275.091,240.069,515.16
7.20993,303.086,264.111,567.197
7.22296,275.204,240.673,515.877
7.23602,304.729,264.442,569.171
7.24911,276.714,239.452,516.165
7.26223,307.485,264.416,571.901
7.27538,278.608,240.49,519.098
7.28857,304.107,263.739,567.846
7.30179,278.494,242.068,520.562
7.31505,305.433,263.199,568.631
7.32834,279.416,241.988,521.403
7.34166,301.506,262.248,563.754
7.35501,276.711,239.765,516.476
7.3684,301.529,261.844,563.373
7.38182,278.139,241.052,519.191
7.39527,299.16,260.472,559.632
7.40876,276.922,239.852,516.775
7.42228,295.388,259.216,554.604
7.43584,276.6,240.173,516.774
7.44943,295.062,257.503,552.565
7.46305,275.448,239.284,514.733
7.47671,294.563,256.426,550.99
7.4904,274.323,239.813,514.137
7.50413,293.269,256.062,549.331
7.51789,274.781,238.959,513.741
7.53168,296.078,256.859,552.937
7.54551,273.625,238.732,512.358
7.55938,294.239,255.65,549.889
7.57328,273.151,238.505,511.656
7.58721,291.403,254.294,545.697
7.60118,272.48,238.215,510.695
7.61518,290.72,253.768,544.488
7.62922,273.5,237.67,511.17
7.64329,288.056,253.572,541.628
7.6574,272.455,237.424,509.879
7.67154,290.319,253.384,543.703
7.68572,271.284,237.121,508.405
7.69994,289.207,252.92,542.127
7.71419,268.955,235.559,504.515
7.72847,292.022,252.326,544.348
7.74279,268.956,236.062,505.018
7.75715,290.133,251.707,541.84
7.77154,267.209,236.235,503.444
7.78597,287.858,250.448,538.306
7.80044,264.465,234.033,498.498
7.81494,284.219,249.344,533.563
7.82947,265.814,233.598,499.413
7.84405,283.978,248.827,532.805
7.85866,264.55,234.645,499.195
7.8733,281.978,247.828,529.806
7.88799,265.072,234.397,499.469
7.90271,282.512,246.123,528.635
7.91746,269.492,234.745,504.237
7.93226,278.763,245.356,524.118
7.94709,271.28,234.977,506.257
7.96196,275.224,244.449,519.673
7.97686,268.983,234.863,503.847
7.9918,278.451,245.016,523.468
8.00678,267.467,234.014,501.481
8.0218,274.821,243.433,518.254
8.03685,268.675,234.351,503.026
8.05195,276.483,243.555,520.038
8.06708,267.356,233.694,501.049
8.08224,274.344,241.82,516.164
8.09745,265.728,232.558,498.286
8.11269,270.803,241.174,511.977
8.12798,264.627,233.403,498.03
8.14329,270.308,239.681,509.989
8.15865,264.183,232.408,496.591
8.17405,273.002,240.774,513.776
8.18948,262.785,231.288,494.073
8.20496,271.615,240.24,511.856
8.22047,261.663,231.276,492.939
8.23602,271.527,240.487,512.014
8.25161,261.274,230.692,491.966
8.26724,273.238,238.964,512.201
8.28291,260.636,229.828,490.464
8.29862,270.19,237.737,507.927
8.31436,259.905,230.655,490.559
8.33015,269.239,236.893,506.132
8.34597,259.317,229.475,488.792
8.36184,268.671,237.166,505.837
8.37774,259.096,229.622,488.717
8.39369,267.406,236.785,504.191
8.40967,258.525,229.633,488.157
8.4257,265.032,234.716,499.748
8.44176,257.986,227.992,485.978
8.45787,262.423,233.288,495.712
8.47401,257.332,228.737,486.069
8.4902,265.831,233.36,499.191
8.50642,259.198,228.819,488.018
8.52269,265.782,233.901,499.684
8.53899,257.257,228.587,485.844
8.55534,264.117,233.111,497.228
8.57173,258.437,228.015,486.452
8.58816,261.513,231.853,493.366
8.60463,261.462,228.959,490.421
8.62114,260.245,229.728,489.973
8.63769,258.63,228.874,487.504
8.65429,257.023,229.028,486.051
8.67092,257.098,228.452,485.55
8.6876,257.77,229.333,487.103
8.70432,257.806,228.479,486.285
8.72108,255.711,227.187,482.898
8.73788,257.213,228.172,485.385
8.75473,254.006,227.481,481.487
8.77161,255.99,226.923,482.913
8.78854,253.625,226.155,479.78
8.80552,256.19,226.575,482.766
8.82253,250.361,225.457,475.818
8.83959,257.003,227.278,484.281
8.85668,252.904,224.591,477.495
8.87383,256.961,227.259,484.22
8.89101,253.645,225.903,479.548
8.90824,254.272,225.895,480.167
8.92551,254.398,225.421,479.819
8.94282,255.239,225.334,480.573
8.96018,254.054,224.96,479.014
8.97758,251.352,224.571,475.923
8.99502,253.672,224.478,478.15
9.01251,250.18,223.342,473.523
9.03004,253.598,223.182,476.779
9.04762,248.704,221.994,470.697
9.06524,252.266,222.392,474.657
9.0829,247.742,220.778,468.52
9.10061,250.86,223.145,474.004
9.11836,249.367,221.312,470.679
9.13615,250.667,222.549,473.216
9.15399,248.083,221.206,469.289
9.17188,249.646,221.986,471.631
9.18981,246.635,219.865,466.5
9.20778,250.635,221.644,472.279
9.2258,242.554,218.932,461.485
9.24387,248.501,221.348,469.849
9.26198,243.34,218.814,462.154
9.28013,246.041,219.429,465.469
9.29833,241.761,217.711,459.472
9.31658,247.132,218.34,465.472
9.33487,239.315,217.262,456.578
9.35321,244.723,218.779,463.502
9.37159,238.39,216.662,455.053
9.39002,242.363,217.671,460.034
9.40849,238.555,216.475,455.03
9.42702,241.452,216.874,458.326
9.44558,237.319,215.014,452.332
9.4642,240.174,215.602,455.776
9.48286,236.774,214.608,451.382
9.50156,237.372,214.769,452.141
9.52032,234.287,213.555,447.842
9.53912,236.779,214.703,451.482
9.55797,234.587,212.872,447.459
9.57686,234.31,212.729,447.039
9.5958,233.012,212.866,445.878
9.61479,230.701,211.545,442.246
9.63383,231.679,211.772,443.45
9.65292,228.851,210.581,439.431
9.67205,227.847,209.954,437.801
9.69123,227.559,209.429,436.988
9.71046,225.689,209.197,434.886
9.72973,227.142,208.742,435.884
9.74906,222.848,208.381,431.228
9.76843,224.105,207.867,431.972
9.78785,223.015,206.685,429.7
9.80732,224.046,206.743,430.789
9.82684,220.361,206.247,426.609
9.84641,222.669,206.003,428.672
9.86602,220.185,205.748,425.932
9.88569,222.751,205.582,428.333
9.9054,216.157,204.775,420.933
9.92516,219.148,204.855,424.003
9.94498,213.717,202.71,416.427
9.96484,216.723,203.41,420.133
9.98475,214.152,202.452,416.605
10.0047,216.892,202.636,419.528
10.0247,214.805,201.579,416.384
10.0447,214.458,202.935,417.394
10.0647,213.519,200.867,414.386
10.0847,213.386,201.427,414.813
10.1047,211.559,200.168,411.726
10.1247,211.951,200.235,412.186
10.1447,210.163,199.584,409.747
10.1647,211.333,199.197,410.53
10.1847,210.955,199.083,410.038
10.2047,210.303,198.835,409.138
10.2247,210.24,198.869,409.109
10.2447,208.598,197.479,406.077
10.2647,211.769,198.824,410.593
10.2847,207.337,196.276,403.613
10.3047,209.004,197.271,406.275
10.3247,205.051,194.626,399.677
10.3447,209.144,197.262,406.405
10.3647,204.464,194.551,399.014
10.3847,208.221,195.812,404.033
10.4047,204.09,193.928,398.019
10.4247,207.627,195.775,403.402
10.4447,202.913,193.241,396.154
10.4647,209,195.826,404.826
10.4847,203.374,192.827,396.202
10.5047,208.459,194.991,403.45
10.5247,202.382,192.398,394.781
10.5447,205.207,192.898,398.105
10.5647,203.934,192.213,396.147
10.5847,203.307,192.94,396.247
10.6047,203.552,191.974,395.526
10.6247,203.621,191.56,395.181
10.6447,198.922,190.773,389.695
10.6647,203.447,191.469,394.916
10.6847,198.738,188.852,387.59
10.7047,201.254,190.725,391.98
10.7247,198.957,188.976,387.933
10.7447,200.715,189.55,390.265
10.7647,195.791,188.408,384.199
10.7847,198.465,188.909,387.374
10.8047,196.6,187.936,384.536
10.8247,198.051,188.196,386.247
10.8447,194.134,186.916,381.051
10.8647,195.898,186.503,382.4
10.8847,194.893,186.131,381.025
10.9047,197.151,187.205,384.356
10.9247,192.936,185.717,378.653
10.9447,195.623,186.149,381.772
10.9647,193.114,185.231,378.345
10.9847,194.591,185.739,380.33
11.0047,192.095,184.427,376.522
11.0247,194.352,185.3,379.651
11.0447,191.382,183.889,375.271
11.0647,192.925,184.536,377.461
11.0847,191.256,184.019,375.275
11.1047,190.375,183.216,373.592
11.1247,191.901,182.861,374.762
11.1447,190.434,183.226,373.66
11.1647,189.959,182.317,372.277
11.1847,190.157,182.026,372.183
11.2047,189.404,181.698,371.102
11.2247,187.931,180.714,368.646
11.2447,188.177,181.535,369.712
11.2647,187.788,180.911,368.699
11.2847,189.559,181.196,370.755
11.3047,186.074,179.586,365.661
11.3247,188.395,181.003,369.398
11.3447,185.03,179.321,364.35
11.3647,187.147,179.637,366.784
11.3847,183.588,178.335,361.923
11.4047,187.129,179.029,366.159
11.4247,183.336,177.87,361.206
11.4447,185.086,178.771,363.857
11.4647,183.691,178.082,361.773
11.4847,184.732,178.026,362.758
11.5047,182.142,177.106,359.248
11.5247,185,178.02,363.02
11.5447,181.797,176.151,357.948
11.5647,185.03,177.892,362.922
11.5847,181.184,177.197,358.381
11.6047,185.183,176.978,362.16
11.6247,179.694,175.576,355.269
11.6447,183.909,177.11,361.019
11.6647,179.052,175.349,354.401
11.6847,182.144,176.313,358.458
11.7047,178.717,174.404,353.121
11.7247,180.36,174.415,354.775
11.7447,177.562,173.729,351.29
11.7647,179.8,174.625,354.425
11.7847,173.61,172.762,346.372
11.8047,178.423,173.684,352.107
11.8247,174.213,172.233,346.447
11.8447,176.981,173.561,350.542
11.8647,174.146,172.3,346.446
11.8847,178.141,173.266,351.407
11.9047,174.191,171.939,346.13
11.9247,177.926,172.806,350.732
11.9447,173.474,171.217,344.692
11.9647,176.731,171.915,348.646
11.9847,173.263,170.944,344.207
12.0047,177.685,172.295,349.98
12.0247,170.856,170.065,340.921
12.0447,172.786,170.822,343.609
12.0647,168.754,170.011,338.765
12.0847,171.45,170.265,341.715
12.1047,168.281,169.063,337.344
12.1247,171.205,169.757,340.962
12.1447,167.623,168.385,336.008
12.1647,169.385,169.164,338.549
12.1847,167.583,169.102,336.685
12.2047,167.409,168.726,336.135
12.2247,167.87,168.96,336.83
12.2447,166.912,168.471,335.382
12.2647,165.065,168.304,333.369
12.2847,166.981,168.773,335.754
12.3047,166.532,168.847,335.379
12.3247,166.085,168.082,334.167
12.3447,165.67,167.876,333.546
12.3647,165.609,167.543,333.152
12.3847,165.665,167.781,333.446
12.4047,167.063,167.588,334.651
12.4247,164.356,167.246,331.602
12.4447,164.936,166.989,331.924
12.4647,162.518,166.189,328.707
12.4847,162.783,166.039,328.822
12.5047,160.945,166.005,326.95
12.5247,161.128,165.621,326.748
12.5447,161.595,166.216,327.81
12.5647,161.151,165.597,326.747
12.5847,161.579,165.621,327.2
12.6047,160.879,165.337,326.216
12.6247,160.607,165.6,326.208
12.6447,160.013,165.351,325.364
12.6647,159.982,164.881,324.863
12.6847,158.652,164.785,323.437
12.7047,159.934,164.537,324.472
12.7247,160.226,163.879,324.105
12.7447,158.659,164.074,322.733
12.7647,159.489,164.172,323.66
12.7847,158.393,163.979,322.372
12.8047,158.016,163.26,321.277
12.8247,158.067,164.448,322.515
12.8447,157.417,163.063,320.48
12.8647,156.385,163.176,319.561
12.8847,154.439,162.213,316.651
12.9047,154.653,162.422,317.075
12.9247,155.882,162.72,318.602
12.9447,155.555,162.245,317.8
12.9647,155.323,162.883,318.206
12.9847,153.421,161.882,315.303
13.0047,154.181,162.297,316.478
13.0247,152.666,161.489,314.155
13.0447,153.256,161.304,314.56
13.0647,152.032,160.956,312.988
13.0847,153.723,161.319,315.043
13.1047,151.052,160.99,312.042
13.1247,152.408,160.639,313.048
13.1447,149.802,159.792,309.595
13.1647,150.605,160.793,311.399
13.1847,150.365,159.923,310.288
13.2047,151.025,160.217,311.241
13.2247,150.411,159.795,310.205
13.2447,150.698,159.324,310.022
13.2647,149.158,159.6,308.759
13.2847,149.168,159.654,308.822
13.3047,148.874,159.564,308.438
13.3247,148.607,158.987,307.594
13.3447,146.196,158.894,305.09
13.3647,147.998,158.666,306.664
13.3847,147.761,159.396,307.157
13.4047,147.361,159.365,306.726
13.4247,146.22,158.419,304.64
13.4447,147.195,158.427,305.623
13.4647,146.967,157.982,304.948
13.4847,144.358,157.769,302.127
13.5047,145.219,158.301,303.521
13.5247,145.366,157.976,303.342
13.5447,143.997,157.067,301.064
13.5647,143.659,157.558,301.217
13.5847,143.471,156.884,300.356
13.6047,144.387,157.353,301.74
13.6247,142.556,156.629,299.185
13.6447,143.929,156.749,300.678
13.6647,141.497,156.737,298.235
13.6847,141.977,156.489,298.466
13.7047,141.068,156.697,297.765
13.7247,142.364,156.721,299.085
13.7447,140.357,155.586,295.944
13.7647,141.639,156.623,298.262
13.7847,139.329,155.365,294.694
13.8047,139.776,156.044,295.82
13.8247,139.028,155.227,294.255
13.8447,139.784,155.458,295.242
13.8647,137.748,154.474,292.222
13.8847,139.221,155.105,294.326
13.9047,137.725,154.421,292.146
13.9247,138.018,154.5,292.518
13.9447,137.468,153.917,291.385
13.9647,137.407,154.373,291.78
13.9847,135.895,153.4,289.295
14.0047,136.295,153.67,289.965
14.0247,136.291,153.926,290.217
14.0447,135.215,153.454,288.669
14.0647,136.191,153.16,289.351
14.0847,135.628,153.209,288.838
14.1047,134.875,152.777,287.652
14.1247,133.83,153.098,286.928
14.1447,135.113,152.579,287.692
14.1647,134.441,152.241,286.682
14.1847,132.938,152.53,285.468
14.2047,132.233,152.896,285.129
14.2247,132.841,152.139,284.98
14.2447,133.338,151.56,284.898
14.2647,132.037,151.074,283.111
14.2847,132.326,151.67,283.996
14.3047,130.939,151.423,282.361
14.3247,132.023,151.5,283.523
14.3447,131.045,150.907,281.951
14.3647,130.65,151.293,281.944
14.3847,130.867,150.234,281.1
14.4047,129.208,150.196,279.404
14.4247,130.434,150.55,280.984
14.4447,130.849,150.991,281.841
14.4647,130.313,150.068,280.382
14.4847,129.465,149.853,279.318
14.5047,129.4,149.791,279.191
14.5247,127.595,149.448,277.043
14.5447,126.732,148.974,275.706
14.5647,127.658,149.519,277.177
14.5847,127.24,149.206,276.446
14.6047,127.015,149.106,276.12
14.6247,127.366,149.082,276.448
14.6447,126.434,148.086,274.52
14.6647,127.647,148.943,276.589
14.6847,127.016,148.279,275.296
14.7047,127.415,148.205,275.62
14.7247,125.925,148.93,274.856
14.7447,124.819,147.92,272.739
14.7647,126.591,148.807,275.398
14.7847,124.985,147.977,272.963
14.8047,126.306,147.814,274.12
14.8247,124.706,147.072,271.777
14.8447,124.093,146.781,270.873
14.8647,125.513,147.316,272.829
14.8847,123.853,147.033,270.887
14.9047,123.149,147.01,270.159
14.9247,123.738,146.951,270.688
14.9447,122.308,145.815,268.123
14.9647,123.005,145.735,268.74
14.9847,121.823,145.517,267.34
15.0047,122.106,146.689,268.794
15.0247,121.757,146.174,267.931
15.0447,120.953,145.656,266.609
15.0647,119.352,145.291,264.643
15.0847,120.096,145.427,265.522
15.1047,120.512,144.951,265.463
15.1247,119.487,144.919,264.406
15.1447,119.695,144.857,264.552
15.1647,120.105,144.557,264.662
15.1847,119.391,144.663,264.054
15.2047,119.444,144.545,263.989
15.2247,120.049,144.341,264.39
15.2447,117.699,144.45,262.149
15.2647,117.948,143.429,261.377
15.2847,119.647,143.724,263.371
15.3047,118.036,144.171,262.208
15.3247,118.344,143.396,261.74
15.3447,116.919,143.541,260.46
15.3647,115.568,143.203,258.77
15.3847,116.854,143.214,260.068
15.4047,117.9,142.715,260.615
15.4247,116.631,142.944,259.575
15.4447,116.621,142.773,259.394
15.4647,115.898,142.864,258.762
15.4847,115.036,142.237,257.274
15.5047,114.501,142.098,256.599
15.5247,116.011,142.251,258.263
15.5447,114.771,141.887,256.658
15.5647,114.735,141.743,256.478
15.5847,113.425,141.468,254.893
15.6047,115.007,141.555,256.562
15.6247,113.83,141.387,255.217
15.6447,113.631,140.853,254.484
15.6647,113.389,140.788,254.178
15.6847,113.794,141.201,254.995
15.7047,111.878,140.294,252.172
15.7247,112.716,140.688,253.404
15.7447,112.817,140.884,253.7
15.7647,113.031,140.444,253.475
15.7847,112.703,140.108,252.811
15.8047,111.867,139.841,251.708
15.8247,110.154,139.295,249.449
15.8447,110.646,139.672,250.317
15.8647,110.942,139.82,250.762
15.8847,110.622,139.528,250.15
15.9047,110.896,139.745,250.642
15.9247,110.67,139.203,249.874
15.9447,109.804,139.218,249.021
15.9647,110.354,138.613,248.966
15.9847,109.182,138.555,247.737
16.0047,109.111,138.467,247.578
16.0247,109.671,138.917,248.587
16.0447,108.386,138.045,246.431
16.0647,109.492,138.321,247.813
16.0847,108.146,137.708,245.854
16.1047,108.817,137.63,246.447
16.1247,106.994,137.629,244.623
16.1447,107.167,137.146,244.314
16.1647,108.105,137.712,245.816
16.1847,107.266,137.364,244.631
16.2047,107.868,137.253,245.121
16.2247,106.313,136.465,242.778
16.2447,106.093,137.238,243.331
16.2647,104.795,136.616,241.411
16.2847,105.401,136.353,241.754
16.3047,105.694,136.144,241.838
16.3247,105.376,135.542,240.918
16.3447,105.665,135.877,241.542
16.3647,104.955,135.662,240.617
16.3847,104.107,136.021,240.128
16.4047,104.485,135.394,239.879
16.4247,104.039,135.486,239.526
16.4447,103.441,134.856,238.297
16.4647,103.797,135.226,239.024
16.4847,103.259,135.224,238.483
16.5047,102.336,134.574,236.911
16.5247,102.442,134.77,237.212
16.5447,102.283,134.631,236.914
16.5647,101.952,134.547,236.499
16.5847,101.666,134.017,235.684
16.6047,100.596,133.878,234.474
16.6247,101.88,133.889,235.769
16.6447,101.697,132.893,234.59
16.6647,101.838,133.289,235.128
16.6847,101.222,133.417,234.639
16.7047,101.402,133.702,235.104
16.7247,102.264,133.887,236.151
16.7447,101.105,133.366,234.471
16.7647,100.502,133.097,233.599
16.7847,100.5,133.203,233.703
16.8047,99.6286,132.306,231.934
16.8247,99.9179,132.706,232.624
16.8447,98.8396,132.681,231.52
16.8647,99.0976,132.208,231.306
16.8847,98.8081,131.881,230.689
16.9047,99.3294,131.541,230.87
16.9247,99.3286,131.509,230.838
16.9447,97.5612,131.499,229.061
16.9647,98.8816,131.128,230.009
16.9847,98.679,131.371,230.05
17.0047,98.31,130.775,229.085
17.0247,97.2655,130.916,228.181
17.0447,97.5803,130.43,228.011
17.0647,97.017,130.579,227.596
17.0847,97.2336,130.548,227.782
17.1047,95.9128,130.621,226.534
17.1247,97.3861,130.2,227.587
17.1447,97.2085,130.231,227.44
17.1647,95.8834,130.161,226.044
17.1847,95.0628,129.874,224.937
17.2047,95.4133,129.393,224.806
17.2247,94.6557,129.64,224.295
17.2447,95.1759,129.891,225.067
17.2647,95.1418,129.471,224.613
17.2847,94.8347,129.23,224.064
17.3047,94.8917,129.378,224.27
17.3247,94.6959,128.911,223.607
17.3447,94.6597,128.534,223.193
17.3647,93.7727,128.184,221.957
17.3847,94.2532,128.25,222.503
17.4047,94.8854,128.737,223.623
17.4247,94.1622,128.425,222.587
17.4447,93.4849,128.179,221.664
17.4647,93.7346,127.833,221.568
17.4847,92.5474,128.095,220.642
17.5047,93.2204,127.868,221.089
17.5247,93.2182,127.522,220.741
17.5447,92.4607,127.086,219.547
17.5647,92.3406,127.301,219.642
17.5847,92.6611,126.888,219.549
17.6047,92.3828,127.063,219.445
17.6247,91.869,126.877,218.746
17.6447,92.284,126.276,218.56
17.6647,92.1749,126.738,218.913
17.6847,91.139,126.384,217.523
17.7047,91.2861,125.725,217.011
17.7247,90.7652,126.081,216.846
17.7447,90.481,126.45,216.931
17.7647,90.0884,125.426,215.515
17.7847,89.8272,125.858,215.685
17.8047,89.8922,125.38,215.272
17.8247,89.3492,125.602,214.951
17.8447,90.2938,125.532,215.826
17.8647,89.8703,125.176,215.046
17.8847,90.0065,125.365,215.372
17.9047,88.8124,124.723,213.536
17.9247,88.0516,124.674,212.725
17.9447,88.5634,124.301,212.864
17.9647,89.1138,124.411,213.525
17.9847,88.5566,124.265,212.821
18.0047,88.2957,124.351,212.647
18.0247,88.2085,124.126,212.335
18.0447,88.427,123.797,212.224
18.0647,87.9214,123.207,211.128
18.0847,86.9735,123.237,210.211
18.1047,87.2941,123.374,210.668
18.1247,86.7044,122.892,209.596
18.1447,86.9869,123.065,210.052
18.1647,86.1118,122.839,208.951
18.1847,87.6032,123.064,210.667
18.2047,86.4861,123.016,209.502
18.2247,86.5815,122.12,208.702
18.2447,86.4661,122.852,209.318
18.2647,85.984,121.915,207.899
18.2847,85.468,122.403,207.871
18.3047,85.3373,121.574,206.911
18.3247,85.7672,122.674,208.442
18.3447,85.8124,121.723,207.536
18.3647,85.0145,122.075,207.089
18.3847,84.478,121.776,206.254
18.4047,85.4533,122.071,207.525
18.4247,84.0828,121.552,205.635
18.4447,83.7945,120.827,204.622
18.4647,84.4181,121.194,205.612
18.4847,84.2206,121.208,205.429
18.5047,84.056,120.781,204.837
18.5247,83.2087,120.877,204.086
18.5447,83.5733,120.626,204.2
18.5647,83.5769,121.045,204.622
18.5847,82.7771,119.961,202.738
18.6047,82.6002,119.876,202.477
18.6247,82.2953,119.242,201.538
18.6447,83.6914,119.93,203.621
18.6647,82.7622,119.75,202.512
18.6847,81.6804,119.507,201.188
18.7047,81.8757,119.313,201.188
18.7247,81.9696,119.203,201.172
18.7447,81.4979,119.219,200.716
18.7647,80.8796,118.97,199.85
18.7847,81.5138,118.793,200.306
18.8047,81.0239,118.864,199.888
18.8247,80.765,119.155,199.92
18.8447,80.834,118.574,199.408
18.8647,81.3229,118.518,199.841
18.8847,82.0662,119.056,201.123
18.9047,80.6814,118.284,198.966
18.9247,79.9402,118.195,198.135
18.9447,80.2879,118.101,198.389
18.9647,79.464,117.959,197.423
18.9847,79.1925,117.95,197.142
19.0047,79.0246,117.6,196.624
19.0247,78.346,117.042,195.388
19.0447,79.4999,117.05,196.55
19.0647,78.9716,116.97,195.942
19.0847,77.9875,116.75,194.738
19.1047,78.0966,117.31,195.407
19.1247,78.1705,116.293,194.463
19.1447,78.3677,116.66,195.028
19.1647,78.1691,116.642,194.811
19.1847,78.7234,116.376,195.1
19.2047,78.1934,116.553,194.747
19.2247,77.5548,116.19,193.744
19.2447,77.0191,116.054,193.073
19.2647,77.7257,115.603,193.329
19.2847,76.897,115.419,192.316
19.3047,76.3635,115.434,191.797
19.3247,76.7864,115.099,191.886
19.3447,77.532,115.116,192.648
19.3647,76.4011,115.179,191.58
19.3847,75.9309,114.841,190.772
19.4047,76.7521,114.895,191.647
19.4247,75.9186,115.115,191.034
19.4447,75.6378,114.225,189.863
19.4647,76.0391,114.743,190.782
19.4847,75.651,114.197,189.848
19.5047,74.2295,113.914,188.143
19.5247,75.7465,114.427,190.173
19.5447,73.9471,113.55,187.497
19.5647,74.8394,113.904,188.743
19.5847,73.5535,113.732,187.285
19.6047,74.5463,113.69,188.236
19.6247,74.9385,113.197,188.136
19.6447,74.1902,113.361,187.552
19.6647,74.3112,113.625,187.936
19.6847,74.0348,112.948,186.983
19.7047,74.5593,113.026,187.585
19.7247,73.4209,112.552,185.973
19.7447,74.3834,112.463,186.846
19.7647,73.3326,112.487,185.819
19.7847,73.5766,112.149,185.726
19.8047,72.7528,112.233,184.986
19.8247,72.5778,112.396,184.974
19.8447,72.5516,111.908,184.46
19.8647,72.7385,112.268,185.007
19.8847,72.6058,111.899,184.504
19.9047,72.4286,112.267,184.696
19.9247,72.238,111.794,184.032
19.9447,72.5962,111.147,183.743
19.9647,71.1142,111.076,182.19
19.9847,71.3182,111.362,182.68
20.0047,71.579,110.795,182.374
20.0247,70.9739,111.042,182.015
20.0447,71.7048,110.601,182.305
20.0647,71.084,110.811,181.895
20.0847,71.8113,110.937,182.748
20.1047,70.1779,110.278,180.456
20.1247,71.2481,110.442,181.69
20.1447,70.3575,110.279,180.636
20.1647,70.8229,110.227,181.049
20.1847,70.1473,110.068,180.216
20.2047,71.1284,110.29,181.418
20.2247,70.332,109.988,180.32
20.2447,69.891,110.042,179.934
20.2647,69.4844,109.628,179.112
20.2847,70.4271,109.769,180.196
20.3047,70.429,109.646,180.075
20.3247,69.7562,109.44,179.196
20.3447,69.4259,109.254,178.68
20.3647,68.9178,109.511,178.429
20.3847,69.8484,109.086,178.935
20.4047,69.0487,108.879,177.928
20.4247,68.9945,108.591,177.586
20.4447,69.1999,108.772,177.972
20.4647,68.2271,108.629,176.856
20.4847,68.6286,108.629,177.257
20.5047,68.1512,108.526,176.678
20.5247,68.7994,108.139,176.939
20.5447,69.3422,108.243,177.585
20.5647,68.1824,108.256,176.438
20.5847,68.0582,108.2,176.259
20.6047,67.855,107.509,175.364
20.6247,67.0177,107.092,174.109
20.6447,67.3582,107.319,174.677
20.6647,67.7436,107.31,175.054
20.6847,67.9424,107.365,175.308
20.7047,66.4744,106.896,173.37
20.7247,67.5199,106.964,174.484
20.7447,66.1106,106.527,172.638
20.7647,66.9047,106.722,173.626
20.7847,65.9796,106.255,172.234
20.8047,66.0789,106.405,172.484
20.8247,66.1299,106.215,172.345
20.8447,65.5538,105.982,171.536
20.8647,66.8247,106.646,173.471
20.8847,65.7318,105.818,171.549
20.9047,65.2918,105.726,171.018
20.9247,64.85,105.623,170.473
20.9447,65.6072,105.726,171.333
20.9647,64.8221,105.722,170.544
20.9847,64.9394,105.463,170.402
21.0047,65.3438,105.831,171.175
21.0247,63.6406,105.04,168.681
21.0447,64.6975,105.171,169.869
21.0647,64.6354,105.421,170.057
21.0847,65.2319,105.169,170.401
21.1047,64.3416,105.245,169.586
21.1247,64.2198,104.784,169.004
21.1447,64.2615,104.924,169.185
21.1647,63.5747,104.546,168.121
21.1847,64.4858,104.448,168.933
21.2047,63.1492,104.339,167.488
21.2247,62.8146,104.343,167.158
21.2447,63.2743,103.737,167.011
21.2647,62.5049,103.589,166.094
21.2847,63.0094,103.905,166.915
21.3047,63.2001,103.591,166.792
21.3247,63.2106,103.283,166.493
21.3447,62.4599,103.329,165.789
21.3647,63.1972,102.674,165.871
21.3847,63.1112,103.137,166.248
21.4047,62.6129,103.226,165.839
21.4247,61.8832,102.863,164.747
21.4447,61.6908,102.9,164.59
21.4647,61.7219,102.386,164.108
21.4847,62.0612,102.909,164.97
21.5047,62.4171,102.637,165.055
21.5247,61.3199,102.446,163.766
21.5447,61.4784,102.091,163.569
21.5647,61.1009,102.152,163.253
21.5847,61.7866,102.181,163.968
21.6047,61.5823,101.991,163.573
21.6247,60.7455,101.648,162.394
21.6447,61.4117,101.695,163.107
21.6647,60.4761,101.224,161.7
21.6847,60.5843,101.47,162.055
21.7047,60.814,101.859,162.673
21.7247,60.0051,101.328,161.333
21.7447,59.5667,101.271,160.837
21.7647,59.6955,101.103,160.799
21.7847,59.6759,101.131,160.807
21.8047,60.352,100.769,161.121
21.8247,59.8571,100.965,160.822
21.8447,60.3242,100.076,160.4
21.8647,59.5497,100.478,160.027
21.8847,59.9692,100.442,160.411
21.9047,60.0307,100.202,160.233
21.9247,59.8334,100.503,160.336
21.9447,59.5199,100.212,159.732
21.9647,59.3479,99.8915,159.239
21.9847,59.2288,100.255,159.483
22.0047,58.42,99.789,158.209
22.0247,58.5492,99.9472,158.496
22.0447,58.7154,99.4237,158.139
22.0647,58.6882,99.2821,157.97
22.0847,58.0516,99.1524,157.204
22.1047,58.2346,99.1915,157.426
22.1247,58.7366,99.1779,157.914
22.1447,58.1773,98.9556,157.133
22.1647,57.7639,99.1038,156.868
22.1847,58.2428,99.0222,157.265
22.2047,57.9052,98.9298,156.835
22.2247,57.3853,98.3047,155.69
22.2447,57.2995,98.1935,155.493
22.2647,56.8712,98.0486,154.92
22.2847,57.6462,98.087,155.733
22.3047,57.0894,98.1725,155.262
22.3247,56.9517,98.131,155.083
22.3447,57.1708,97.8228,154.994
22.3647,56.8976,97.1331,154.031
22.3847,56.4176,97.6012,154.019
22.4047,56.7584,97.4435,154.202
22.4247,57.5242,97.2493,154.773
22.4447,56.4212,97.0446,153.466
22.4647,55.5469,97.3791,152.926
22.4847,56.3371,96.9962,153.333
22.5047,56.1894,96.7899,152.979
22.5247,55.6898,97.066,152.756
22.5447,55.7639,96.5203,152.284
22.5647,55.8488,96.3591,152.208
22.5847,55.2682,96.2348,151.503
22.6047,55.8952,96.2855,152.181
22.6247,55.3265,96.1059,151.432
22.6447,53.8434,95.8847,149.728
22.6647,55.4705,96.1846,151.655
22.6847,54.8026,95.7886,150.591
22.7047,54.9654,95.4736,150.439
22.7247,54.5175,95.2542,149.772
22.7447,54.4371,95.7922,150.229
22.7647,55.4695,95.5067,150.976
22.7847,54.4496,95.5122,149.962
22.8047,55.1951,95.5342,150.729
22.8247,55.3522,95.7308,151.083
22.8447,54.7892,95.3242,150.113
22.8647,54.0705,94.9625,149.033
22.8847,54.758,94.6682,149.426
22.9047,54.2138,94.6343,148.848
22.9247,53.6146,94.9587,148.573
22.9447,53.3306,94.7131,148.044
22.9647,53.8573,94.8058,148.663
22.9847,53.3232,94.46,147.783
23.0047,53.1576,94.5568,147.714
23.0247,53.7179,94.3974,148.115
23.0447,53.3432,94.1995,147.543
23.0647,52.419,94.0988,146.518
23.0847,53.0893,93.9158,147.005
23.1047,53.1557,93.7195,146.875
23.1247,52.1605,93.9082,146.069
23.1447,52.9568,93.4016,146.358
23.1647,52.3542,93.511,145.865
23.1847,52.486,93.4418,145.928
23.2047,52.7342,93.7498,146.484
23.2247,52.651,92.9038,145.555
23.2447,52.043,93.3082,145.351
23.2647,51.4082,92.9149,144.323
23.2847,52.0584,92.8801,144.938
23.3047,51.6423,92.9822,144.624
23.3247,52.0673,92.6824,144.75
23.3447,52.5376,92.6763,145.214
23.3647,51.6865,92.7059,144.392
23.3847,51.9744,92.9067,144.881
23.4047,52.1886,92.3565,144.545
23.4247,50.7019,91.7648,142.467
23.4447,50.9398,91.9939,142.934
23.4647,51.5597,92.3034,143.863
23.4847,50.797,91.9934,142.79
23.5047,51.0382,91.8821,142.92
23.5247,50.6686,91.6235,142.292
23.5447,51.4131,91.6743,143.087
23.5647,50.613,91.7559,142.369
23.5847,50.7988,91.1171,141.916
23.6047,50.7393,91.7549,142.494
23.6247,50.9291,91.3501,142.279
23.6447,49.9145,91.287,141.201
23.6647,50.1118,90.8974,141.009
23.6847,49.623,91.1929,140.816
23.7047,49.3353,91.3129,140.648
23.7247,49.9862,90.8541,140.84
23.7447,49.1458,90.7783,139.924
23.7647,49.9589,89.8664,139.825
23.7847,50.0004,90.4845,140.485
23.8047,49.4528,90.5132,139.966
23.8247,49.9137,90.7105,140.624
23.8447,49.9252,89.8491,139.774
23.8647,48.8456,89.7939,138.64
23.8847,48.3355,89.7285,138.064
23.9047,48.9843,90.1078,139.092
23.9247,49.7676,89.8992,139.667
23.9447,49.2392,89.6741,138.913
23.9647,49.008,89.6766,138.685
23.9847,48.8328,89.5667,138.4
24.0047,48.8137,89.3066,138.12
24.0247,48.7982,89.0323,137.831
24.0447,48.3324,89.1215,137.454
24.0647,49.0522,88.9702,138.022
24.0847,47.917,88.8238,136.741
24.1047,48.5158,88.8437,137.359
24.1247,47.9697,88.637,136.607
24.1447,47.8664,88.5991,136.465
24.1647,48.5576,89.1003,137.658
24.1847,47.6071,88.4008,136.008
24.2047,47.9257,88.3427,136.268
24.2247,47.8289,88.3273,136.156
24.2447,47.4926,88.457,135.95
24.2647,47.9817,88.3082,136.29
24.2847,47.0908,88.0372,135.128
24.3047,46.6541,88.0528,134.707
24.3247,47.0489,87.8644,134.913
24.3447,47.6282,87.8498,135.478
24.3647,47.1166,87.687,134.804
24.3847,47.7008,88.097,135.798
24.4047,47.1846,88.0208,135.205
24.4247,47.3406,87.679,135.02
24.4447,47.3125,87.1027,134.415
24.4647,46.5388,87.3515,133.89
24.4847,46.371,86.911,133.282
24.5047,46.8351,87.0661,133.901
24.5247,46.0348,87.1694,133.204
24.5447,46.0013,86.7297,132.731
24.5647,45.9822,86.7164,132.699
24.5847,45.68,86.5564,132.236
24.6047,46.1716,86.4022,132.574
24.6247,45.6587,86.6761,132.335
24.6447,45.1697,86.3216,131.491
24.6647,45.8609,85.6781,131.539
24.6847,45.3582,86.0642,131.422
24.7047,46.2036,86.4333,132.637
24.7247,45.7779,85.6384,131.416
24.7447,45.7877,85.8562,131.644
24.7647,45.5129,85.7156,131.229
24.7847,44.9527,85.6671,130.62
24.8047,44.9825,85.8676,130.85
24.8247,45.6233,85.7637,131.387
24.8447,44.8872,85.5479,130.435
24.8647,45.388,85.4615,130.849
24.8847,45.3534,85.066,130.419
24.9047,45.3471,85.1321,130.479
24.9247,44.2543,84.9359,129.19
24.9447,44.5255,84.83,129.356
24.9647,44.6243,84.8149,129.439
24.9847,45.1687,84.7086,129.877
25.0047,43.5843,84.4647,128.049
25.0247,44.3523,85.2181,129.57
25.0447,44.1964,84.2947,128.491
25.0647,43.9569,84.4069,128.364
25.0847,44.3533,84.4929,128.846
25.1047,43.7941,84.32,128.114
25.1247,43.8366,84.1092,127.946
25.1447,43.6108,83.9132,127.524
25.1647,42.8782,83.9206,126.799
25.1847,43.756,83.9262,127.682
25.2047,43.604,83.2821,126.886
25.2247,43.5207,83.9446,127.465
25.2447,43.7095,83.6178,127.327
25.2647,43.2368,83.4716,126.708
25.2847,43.4262,83.4558,126.882
25.3047,43.0376,83.2353,126.273
25.3247,43.3223,83.3469,126.669
25.3447,43.6882,82.9333,126.622
25.3647,43.1878,83.2386,126.426
25.3847,43.0615,83.0272,126.089
25.4047,42.377,82.7238,125.101
25.4247,43.0377,83.0074,126.045
25.4447,42.7332,82.3491,125.082
25.4647,42.3656,82.157,124.523
25.4847,42.6557,82.3351,124.991
25.5047,42.6048,82.1458,124.751
25.5247,42.1561,82.4803,124.636
25.5447,41.7511,81.618,123.369
25.5647,42.0564,82,124.056
25.5847,42.0863,81.8085,123.895
25.6047,42.1459,81.725,123.871
25.6247,41.6644,81.9687,123.633
25.6447,41.9827,81.3919,123.375
25.6647,41.589,81.744,123.333
25.6847,41.9385,81.4864,123.425
25.7047,41.8739,81.6648,123.539
25.7247,41.784,81.0073,122.791
25.7447,41.8298,81.2122,123.042
25.7647,41.8805,80.8632,122.744
25.7847,41.0502,80.9681,122.018
25.8047,40.8507,80.9004,121.751
25.8247,40.6879,80.9409,121.629
25.8447,40.8899,80.9397,121.83
25.8647,40.959,80.8011,121.76
25.8847,41.2569,80.2405,121.497
25.9047,40.8104,80.5788,121.389
25.9247,40.6857,80.5027,121.188
25.9447,40.6537,80.5875,121.241
25.9647,40.9369,80.5216,121.458
25.9847,40.6097,80.1294,120.739
26.0047,39.8564,80.1244,119.981
26.0247,40.3766,80.1336,120.51
26.0447,40.0723,79.9441,120.016
26.0647,40.2744,80.0881,120.363
26.0847,39.5366,79.5575,119.094
26.1047,39.9152,79.7801,119.695
26.1247,39.7066,79.3427,119.049
26.1447,39.3216,79.7151,119.037
26.1647,40.2903,79.2722,119.563
26.1847,40.0718,79.6416,119.713
26.2047,39.7733,79.3052,119.078
26.2247,40.1359,78.6768,118.813
26.2447,39.3356,79.2381,118.574
26.2647,39.3065,78.9017,118.208
26.2847,39.1376,79.15,118.288
26.3047,39.0878,78.925,118.013
26.3247,39.1523,78.4756,117.628
26.3447,39.1614,78.7116,117.873
26.3647,38.2674,78.6041,116.872
26.3847,38.8797,78.3801,117.26
26.4047,38.7746,78.4179,117.192
26.4247,38.9164,78.66,117.576
26.4447,39.0056,77.9007,116.906
26.4647,39.3136,78.1438,117.457
26.4847,38.6063,78.1222,116.728
26.5047,38.3418,78.1683,116.51
26.5247,38.9337,77.3861,116.32
26.5447,38.6723,77.548,116.22
26.5647,38.3914,77.5917,115.983
26.5847,37.5777,77.7218,115.3
26.6047,37.4346,77.2002,114.635
26.6247,37.7578,77.8,115.558
26.6447,38.2588,77.5911,115.85
26.6647,37.4564,77.2848,114.741
26.6847,38.4596,76.9682,115.428
26.7047,38.1594,76.8052,114.965
26.7247,38.0611,77.3246,115.386
26.7447,38.0019,77.3032,115.305
26.7647,37.7815,77.0505,114.832
26.7847,37.7038,76.4449,114.149
26.8047,37.2811,76.3486,113.63
26.8247,37.9731,76.8381,114.811
26.8447,37.3065,76.3673,113.674
26.8647,37.1474,76.4295,113.577
26.8847,36.8881,76.456,113.344
26.9047,37.7563,76.5134,114.27
26.9247,37.1219,76.181,113.303
26.9447,36.9348,75.936,112.871
26.9647,37.1492,76.2527,113.402
26.9847,36.9692,75.8792,112.848
27.0047,36.6201,75.7553,112.375
27.0247,36.9803,75.8261,112.806
27.0447,36.8147,75.7617,112.576
27.0647,36.043,75.3972,111.44
27.0847,36.3003,75.1911,111.491
27.1047,36.4943,75.424,111.918
27.1247,36.3709,75.523,111.894
27.1447,36.2144,75.5584,111.773
27.1647,36.0736,75.2236,111.297
27.1847,36.3827,74.8657,111.248
27.2047,35.8569,75.2309,111.088
27.2247,35.7021,74.6711,110.373
27.2447,36.1163,75.0404,111.157
27.2647,36.0251,74.9079,110.933
27.2847,35.9049,74.8647,110.77
27.3047,35.5,74.7161,110.216
27.3247,36.0407,74.3637,110.404
27.3447,35.4459,74.2313,109.677
27.3647,36.3277,74.2082,110.536
27.3847,35.3925,74.0923,109.485
27.4047,35.8464,73.9945,109.841
27.4247,35.9059,74.3023,110.208
27.4447,35.5344,73.8424,109.377
27.4647,35.6799,73.9453,109.625
27.4847,34.9727,74.0551,109.028
27.5047,35.1619,73.9027,109.065
27.5247,35.1933,73.3969,108.59
27.5447,34.5014,73.6933,108.195
27.5647,34.5091,73.5084,108.017
27.5847,35.183,73.2933,108.476
27.6047,34.6619,73.1129,107.775
27.6247,34.7544,73.2625,108.017
27.6447,34.9922,72.962,107.954
27.6647,35.1089,73.3212,108.43
27.6847,35.04,73.0971,108.137
27.7047,34.2676,72.6892,106.957
27.7247,34.6808,73.1425,107.823
27.7447,34.0509,72.7788,106.83
27.7647,33.9701,72.943,106.913
27.7847,33.9317,72.7574,106.689
27.8047,34.3101,72.5018,106.812
27.8247,34.5701,72.3229,106.893
27.8447,34.3398,72.3515,106.691
27.8647,34.3676,72.478,106.846
27.8847,33.9842,72.262,106.246
27.9047,33.465,71.9706,105.436
27.9247,34.0093,72.1463,106.156
27.9447,34.1489,71.9857,106.135
27.9647,33.8308,72.1874,106.018
27.9847,33.9709,72.1138,106.085
28.0047,34.3201,71.7455,106.066
28.0247,33.9568,71.7021,105.659
28.0447,33.6059,71.2845,104.89
28.0647,33.2829,71.4846,104.767
28.0847,33.3031,71.2573,104.56
28.1047,33.2976,71.2827,104.58
28.1247,33.1919,71.3995,104.591
28.1447,33.6711,71.1282,104.799
28.1647,33.113,71.0956,104.209
28.1847,32.6779,71.0667,103.745
28.2047,32.7853,71.1123,103.898
28.2247,32.9673,70.8501,103.817
28.2447,32.6686,71.1216,103.79
28.2647,33.6008,70.6522,104.253
28.2847,32.9656,70.2562,103.222
28.3047,33.1578,70.7255,103.883
28.3247,32.5508,70.5462,103.097
28.3447,32.9966,70.4492,103.446
28.3647,32.9559,70.5626,103.519
28.3847,33.0143,70.1862,103.201
28.4047,32.6794,70.1289,102.808
28.4247,32.0048,69.8222,101.827
28.4447,32.5764,70.1087,102.685
28.4647,32.1498,69.8404,101.99
28.4847,32.5123,69.531,102.043
28.5047,32.2896,69.8103,102.1
28.5247,32.5001,69.7323,102.232
28.5447,32.1204,69.3746,101.495
28.5647,31.6998,69.7227,101.423
28.5847,32.1595,69.7043,101.864
28.6047,32.0607,68.8414,100.902
28.6247,31.6033,69.1869,100.79
28.6447,32.1556,69.0818,101.237
28.6647,31.6593,68.9823,100.642
28.6847,32.0163,68.9432,100.959
28.7047,30.8181,68.5018,99.3199
28.7247,31.7131,69.0702,100.783
28.7447,31.3422,68.9879,100.33
28.7647,31.3,68.7293,100.029
28.7847,31.4605,68.8683,100.329
28.8047,31.2707,68.5975,99.8682
28.8247,31.0629,68.6622,99.7251
28.8447,31.7482,68.439,100.187
28.8647,31.0318,68.5041,99.5359
28.8847,31.2752,68.549,99.8242
28.9047,30.9476,68.4945,99.4421
28.9247,31.1292,68.07,99.1992
28.9447,30.9686,68.1938,99.1624
28.9647,30.9135,67.944,98.8575
28.9847,30.8595,68.0934,98.9529
29.0047,30.8309,67.8368,98.6678
29.0247,30.5183,67.7217,98.24
29.0447,30.9612,67.9947,98.9559
29.0647,30.6654,67.6134,98.2788
29.0847,30.2403,67.2736,97.514
29.1047,30.7266,67.7699,98.4965
29.1247,30.5322,67.7342,98.2664
29.1447,30.529,67.4267,97.9557
29.1647,30.151,67.3572,97.5082
29.1847,30.5443,67.2912,97.8355
29.2047,30.7482,67.0906,97.8387
29.2247,29.9802,66.9133,96.8935
29.2447,30.0205,67.0052,97.0258
29.2647,30.3531,67.0385,97.3916
29.2847,29.785,66.7395,96.5245
29.3047,30.1646,67.1067,97.2713
29.3247,30.1656,67.0633,97.2289
29.3447,29.7816,66.8217,96.6033
29.3647,30.0536,66.7772,96.8308
29.3847,29.9672,66.2597,96.2269
29.4047,29.9451,66.4641,96.4092
29.4247,29.4346,66.6169,96.0515
29.4447,30.0467,66.4663,96.5131
29.4647,29.6656,66.142,95.8076
29.4847,29.6541,66.0605,95.7146
29.5047,29.7092,65.9894,95.6986
29.5247,29.5762,65.8202,95.3965
29.5447,29.6884,65.7235,95.4119
29.5647,29.3484,65.9326,95.281
29.5847,29.337,65.9659,95.303
29.6047,29.1632,65.9028,95.066
29.6247,29.4568,65.8008,95.2576
29.6447,29.3763,65.4373,94.8136
29.6647,29.3813,65.3454,94.7267
29.6847,29.4699,65.8812,95.3511
29.7047,28.7209,65.2933,94.0141
29.7247,29.0948,64.9991,94.0939
29.7447,29.2632,64.9734,94.2366
29.7647,28.3846,64.6988,93.0834
29.7847,28.9174,65.1895,94.1069
29.8047,28.7016,64.8442,93.5458
29.8247,28.4341,64.9307,93.3648
29.8447,28.6839,64.6467,93.3306
29.8647,28.5396,64.7735,93.3131
29.8847,28.724,64.7593,93.4834
29.9047,28.7844,64.6819,93.4663
29.9247,28.084,64.7057,92.7897
29.9447,28.0427,64.4355,92.4782
29.9647,28.0123,64.23,92.2423
29.9847,27.9185,64.3065,92.225
30.0047,28.2628,64.2176,92.4804
30.0247,28.3295,64.142,92.4715
30.0447,28.4231,64.2653,92.6884
30.0647,28.5206,64.0304,92.551
30.0847,28.1025,64.2757,92.3782
30.1047,27.6266,63.7061,91.3326
30.1247,27.5826,64.0262,91.6088
30.1447,27.7884,63.6119,91.4002
30.1647,27.6967,63.6307,91.3274
30.1847,27.985,63.7556,91.7406
30.2047,27.9892,63.6965,91.6857
30.2247,27.5549,63.3015,90.8563
30.2447,27.0853,63.4458,90.5311
30.2647,27.5517,63.4054,90.9572
30.2847,27.0999,63.2465,90.3464
30.3047,27.2462,63.1287,90.3749
30.3247,27.7299,62.7538,90.4837
30.3447,27.398,63.1073,90.5053
30.3647,26.9783,63.1662,90.1445
30.3847,26.8477,62.8972,89.7449
30.4047,26.9535,62.9402,89.8937
30.4247,26.7039,62.4358,89.1397
30.4447,26.9987,62.2513,89.25
30.4647,26.885,62.6227,89.5077
30.4847,26.6993,62.6995,89.3988
30.5047,27.054,62.3228,89.3768
30.5247,27.2641,62.2909,89.5549
30.5447,26.9597,62.2516,89.2114
30.5647,26.7696,62.1562,88.9258
30.5847,26.6283,62.2493,88.8777
30.6047,26.4467,62.2786,88.7253
30.6247,26.4696,61.8341,88.3037
30.6447,26.7772,62.0915,88.8686
30.6647,26.8036,61.991,88.7946
30.6847,26.3847,61.6412,88.0258
30.7047,26.7109,61.5629,88.2738
30.7247,26.2665,61.5105,87.7771
30.7447,26.4707,61.8963,88.367
30.7647,26.2008,61.2111,87.4118
30.7847,26.1818,61.2784,87.4601
30.8047,26.5716,61.2951,87.8667
30.8247,26.0868,61.3008,87.3876
30.8447,26.0428,61.3438,87.3866
30.8647,26.2201,61.0298,87.2499
30.8847,25.7557,61.187,86.9428
30.9047,25.4804,60.9746,86.455
30.9247,25.7647,60.7909,86.5556
30.9447,25.8958,61.0255,86.9213
30.9647,25.1485,60.7772,85.9257
30.9847,25.5576,60.6147,86.1723
31.0047,25.7952,60.9105,86.7057
31.0247,25.9565,60.7065,86.663
31.0447,25.4861,60.8259,86.3121
31.0647,25.3424,60.1416,85.484
31.0847,25.3503,60.3023,85.6526
31.1047,25.5532,60.1218,85.6749
31.1247,25.6916,59.9863,85.6779
31.1447,25.5792,60.3883,85.9674
31.1647,25.5633,60.0833,85.6466
31.1847,25.5852,60.4326,86.0178
31.2047,25.7348,60.2005,85.9353
31.2247,25.5083,59.9011,85.4094
31.2447,25.0036,60.2033,85.2068
31.2647,25.1741,59.7734,84.9475
31.2847,25.0402,59.588,84.6281
31.3047,25.2769,60.1607,85.4376
31.3247,25.3665,59.6409,85.0074
31.3447,24.9821,59.6468,84.6289
31.3647,24.9191,59.1555,84.0746
31.3847,24.2242,59.4055,83.6297
31.4047,24.9289,59.5292,84.4581
31.4247,24.6689,59.0942,83.7631
31.4447,24.9172,59.5569,84.4741
31.4647,24.5329,59.1034,83.6363
31.4847,24.9446,59.0883,84.0329
31.5047,24.7417,59.1006,83.8423
31.5247,24.3109,59.0261,83.337
31.5447,24.5556,58.9519,83.5075
31.5647,24.7721,58.5975,83.3696
31.5847,24.7893,59.0786,83.8679
31.6047,24.4037,58.5367,82.9404
31.6247,24.1399,58.7332,82.8731
31.6447,24.0852,58.6429,82.7281
31.6647,24.257,58.2314,82.4884
31.6847,24.2597,58.3807,82.6404
31.7047,24.1933,58.4468,82.6401
31.7247,23.9588,58.3337,82.2924
31.7447,24.2826,58.2099,82.4925
31.7647,23.5994,58.0346,81.634
31.7847,23.6585,58.2279,81.8863
31.8047,24.1345,57.9059,82.0404
31.8247,24.1378,57.9654,82.1032
31.8447,23.964,57.6981,81.6621
31.8647,23.9144,57.9576,81.872
31.8847,24.0767,58.0477,82.1244
31.9047,24.0025,57.5315,81.534
31.9247,23.5491,57.6539,81.2029
31.9447,23.7655,57.5292,81.2947
31.9647,23.3877,57.5885,80.9763
31.9847,23.228,57.2164,80.4445
32.0047,24.0205,57.4901,81.5106
32.0247,23.7828,57.4686,81.2515
32.0447,23.5412,57.3157,80.857
32.0647,23.7408,57.0692,80.81
32.0847,23.1546,56.9965,80.1511
32.1047,23.2968,57.2356,80.5324
32.1247,23.5959,57.1949,80.7908
32.1447,23.2937,56.8004,80.0941
32.1647,23.1277,57.0159,80.1436
32.1847,23.4597,56.7557,80.2154
32.2047,22.8819,56.6373,79.5192
32.2247,23.3256,56.6834,80.0089
32.2447,23.3294,56.6245,79.9538
32.2647,22.951,56.4123,79.3633
32.2847,23.1517,56.3602,79.512
32.3047,23.5643,56.549,80.1133
32.3247,22.8306,55.9944,78.8249
32.3447,22.5291,56.2063,78.7354
32.3647,22.5295,56.225,78.7545
32.3847,22.7985,56.1684,78.9669
32.4047,22.5924,56.018,78.6104
32.4247,22.7501,56.0696,78.8197
32.4447,23.0482,55.9149,78.963
32.4647,22.3355,56.0519,78.3874
32.4847,23.132,55.7561,78.8881
32.5047,22.3565,55.7449,78.1014
32.5247,22.7934,55.5122,78.3056
32.5447,22.5094,55.526,78.0354
32.5647,22.7282,55.5365,78.2648
32.5847,22.7301,55.4658,78.1959
32.6047,22.6665,55.6635,78.33
32.6247,22.0531,55.2124,77.2655
32.6447,21.4307,55.2954,76.7261
32.6647,22.1875,55.258,77.4456
32.6847,22.0935,55.1702,77.2636
32.7047,22.141,54.992,77.133
32.7247,22.2469,55.0624,77.3093
32.7447,22.0467,55.14,77.1867
32.7647,22.2941,54.8877,77.1818
32.7847,22.1403,54.8261,76.9664
32.8047,22.2144,54.7512,76.9656
32.8247,21.9766,54.9873,76.964
32.8447,21.8783,54.6585,76.5368
32.8647,21.9238,54.6291,76.5529
32.8847,21.8912,54.4938,76.3849
32.9047,21.5597,54.3856,75.9453
32.9247,22.0149,54.4461,76.461
32.9447,21.5448,54.2438,75.7885
32.9647,21.6185,54.275,75.8934
32.9847,21.3853,54.0577,75.443
33.0047,21.8944,54.0819,75.9763
33.0247,21.5459,53.8457,75.3917
33.0447,21.3445,54.2651,75.6096
33.0647,21.2352,54.1677,75.4029
33.0847,21.6548,54.0213,75.6761
33.1047,21.4956,53.9729,75.4685
33.1247,21.2916,54.0278,75.3194
33.1447,21.226,53.9484,75.1744
33.1647,21.3736,53.9181,75.2918
33.1847,20.9734,53.5876,74.5611
33.2047,21.5146,53.2754,74.7899
33.2247,21.34,53.4943,74.8343
33.2447,20.8325,53.3549,74.1874
33.2647,20.6557,53.3175,73.9732
33.2847,20.8314,53.1044,73.9358
33.3047,21.1422,53.2337,74.3758
33.3247,20.9821,53.0929,74.075
33.3447,20.2277,53.1904,73.4181
33.3647,20.9954,52.9706,73.966
33.3847,20.4518,53.1072,73.559
33.4047,20.821,52.7782,73.5992
33.4247,20.8858,52.8146,73.7004
33.4447,20.6806,52.6053,73.2859
33.4647,20.4546,52.9051,73.3597
33.4847,21.0113,52.5152,73.5265
33.5047,20.5351,52.6845,73.2196
33.5247,20.3489,53.0366,73.3855
33.5447,20.2748,52.9381,73.2129
33.5647,20.4886,52.6051,73.0937
33.5847,20.6291,52.5202,73.1493
33.6047,20.6569,52.5062,73.1631
33.6247,20.4996,52.0898,72.5894
33.6447,20.334,52.0957,72.4297
33.6647,20.0847,52.1517,72.2364
33.6847,20.1414,52.3963,72.5377
33.7047,20.6344,52.1908,72.8253
33.7247,20.1819,52.0306,72.2125
33.7447,20.1303,51.8832,72.0135
33.7647,20.3303,52.0741,72.4045
33.7847,20.21,51.9532,72.1633
33.8047,20.283,51.8526,72.1356
33.8247,20.6171,51.7152,72.3323
33.8447,20.0888,51.6856,71.7744
33.8647,19.8548,51.4685,71.3234
33.8847,19.9854,51.6554,71.6408
33.9047,20.174,51.4129,71.5869
33.9247,19.8536,51.3604,71.2141
33.9447,20.1663,51.5315,71.6978
33.9647,19.8582,51.2884,71.1466
33.9847,20.0158,51.1918,71.2075
34.0047,19.5122,51.2306,70.7428
34.0247,19.7718,51.0753,70.8471
34.0447,19.6943,50.8122,70.5064
34.0647,19.5747,51.1191,70.6938
34.0847,19.23,50.9926,70.2227
34.1047,19.83,50.9872,70.8171
34.1247,19.6229,50.9911,70.614
34.1447,19.5521,50.7725,70.3246
34.1647,18.9611,50.7228,69.6838
34.1847,19.5973,50.5818,70.1791
34.2047,19.322,50.5001,69.8221
34.2247,19.071,50.6524,69.7234
34.2447,19.4529,50.4111,69.864
34.2647,19.0662,50.5096,69.5759
34.2847,19.0216,50.3998,69.4215
34.3047,19.3425,50.1031,69.4456
34.3247,19.3967,50.4289,69.8256
34.3447,18.9674,50.2074,69.1748
34.3647,19.367,50.178,69.5451
34.3847,19.0504,49.9939,69.0443
34.4047,19.1412,50.0177,69.1589
34.4247,19.3312,49.6928,69.0239
34.4447,18.995,50.0646,69.0596
34.4647,18.5241,50.1046,68.6287
34.4847,19.2707,49.9085,69.1792
34.5047,18.9784,49.9515,68.9299
34.5247,19.1417,49.7518,68.8935
34.5447,18.9892,49.7731,68.7623
34.5647,18.787,49.5434,68.3305
34.5847,18.826,49.6132,68.4392
34.6047,19.0137,49.5137,68.5274
34.6247,19.0107,49.4988,68.5094
34.6447,18.4872,49.2318,67.7189
34.6647,18.4841,49.3369,67.821
34.6847,18.6991,49.663,68.3621
34.7047,18.4701,49.5085,67.9787
34.7247,18.4589,49.0368,67.4956
34.7447,18.4603,48.9725,67.4329
34.7647,18.6098,49.0121,67.6219
34.7847,18.6345,49.088,67.7225
34.8047,18.5666,48.9156,67.4822
34.8247,18.1709,48.8055,66.9764
34.8447,18.2257,48.7019,66.9275
34.8647,18.2625,48.6207,66.8831
34.8847,18.1113,48.8891,67.0003
34.9047,18.3271,48.4657,66.7928
34.9247,18.2775,48.8039,67.0814
34.9447,17.7316,48.5322,66.2638
34.9647,17.9678,48.6165,66.5844
34.9847,18.0061,48.5403,66.5464
35.0047,18.1722,48.2995,66.4718
35.0247,18.0523,48.4639,66.5162
35.0447,17.9323,48.1175,66.0497
35.0647,17.5085,48.1247,65.6331
35.0847,17.8545,48.1474,66.002
35.1047,17.9527,48.0432,65.996
35.1247,17.7356,47.9288,65.6644
35.1447,17.6321,47.9472,65.5793
35.1647,18.0053,47.8977,65.9031
35.1847,18.207,47.7796,65.9865
35.2047,17.5712,47.7891,65.3603
35.2247,17.6048,47.7596,65.3644
35.2447,17.3692,47.713,65.0821
35.2647,17.6674,47.5943,65.2618
35.2847,17.7534,47.4615,65.2149
35.3047,17.7112,47.5542,65.2654
35.3247,17.4828,47.3355,64.8183
35.3447,17.4622,47.3038,64.7661
35.3647,17.4544,47.1542,64.6086
35.3847,17.4724,47.3365,64.8089
35.4047,17.0795,47.0316,64.1111
35.4247,17.4692,47.0388,64.508
35.4447,17.3191,47.2914,64.6106
35.4647,17.2394,46.9744,64.2137
35.4847,17.4247,46.9694,64.3941
35.5047,17.4175,47.0704,64.4879
35.5247,17.357,46.9675,64.3245
35.5447,16.8295,46.4943,63.3238
35.5647,16.8724,46.6253,63.4977
35.5847,17.4113,46.5692,63.9805
35.6047,17.2335,46.8515,64.085
35.6247,16.9166,46.3264,63.243
35.6447,17.0148,46.495,63.5097
35.6647,16.8185,46.3158,63.1343
35.6847,16.7812,46.3514,63.1326
35.7047,17.0673,46.1562,63.2235
35.7247,16.8307,46.2086,63.0393
35.7447,16.8961,46.4047,63.3008
35.7647,16.2315,46.1567,62.3882
35.7847,16.5926,46.0291,62.6217
35.8047,16.5469,46.2614,62.8083
35.8247,16.9595,46.0096,62.9691
35.8447,16.56,45.7678,62.3278
35.8647,16.3242,45.797,62.1212
35.8847,16.2937,45.8454,62.1391
35.9047,16.6352,45.7757,62.4109
35.9247,16.5512,45.8985,62.4497
35.9447,16.4604,45.5946,62.055
35.9647,16.3521,45.5144,61.8666
35.9847,16.4762,45.4562,61.9325
36.0047,16.3003,45.3351,61.6354
36.0247,16.6186,45.3559,61.9745
36.0447,16.4288,45.4379,61.8667
36.0647,16.5417,45.3173,61.8591
36.0847,15.9456,45.2099,61.1555
36.1047,16.6085,45.2396,61.8482
36.1247,16.0897,45.4074,61.4971
36.1447,15.9603,45.2112,61.1715
36.1647,16.1936,45.098,61.2917
36.1847,15.892,45.1737,61.0657
36.2047,16.0455,45.0514,61.0969
36.2247,16.3749,44.9355,61.3104
36.2447,16.0139,44.8822,60.8961
36.2647,15.8273,44.8509,60.6782
36.2847,16.2689,44.7797,61.0487
36.3047,15.8856,44.5579,60.4436
36.3247,15.6426,44.635,60.2775
36.3447,15.9222,44.7182,60.6404
36.3647,15.9612,44.6114,60.5726
36.3847,15.9255,44.5664,60.4919
36.4047,15.5249,44.5339,60.0588
36.4247,15.8098,44.3015,60.1113
36.4447,15.9035,44.3168,60.2203
36.4647,15.5623,44.3464,59.9087
36.4847,15.5913,43.9746,59.5659
36.5047,15.4152,44.1898,59.6051
36.5247,15.6891,44.3933,60.0824
36.5447,15.4087,44.0082,59.4169
36.5647,15.9154,43.9662,59.8816
36.5847,15.6854,43.8383,59.5236
36.6047,15.5402,44.1097,59.6499
36.6247,15.6087,43.8945,59.5032
36.6447,15.2713,43.9013,59.1726
36.6647,15.1518,43.8138,58.9656
36.6847,15.4475,43.5603,59.0078
36.7047,15.6499,43.6578,59.3077
36.7247,15.1166,43.5548,58.6714
36.7447,15.2668,43.6163,58.8831
36.7647,15.0145,43.4512,58.4657
36.7847,14.8939,43.5609,58.4547
36.8047,15.361,43.4057,58.7668
36.8247,15.0754,43.5807,58.6561
36.8447,15.2793,43.3337,58.613
36.8647,15.3469,43.1577,58.5046
36.8847,14.9433,43.221,58.1643
36.9047,15.0949,43.1988,58.2937
36.9247,15.0449,42.9049,57.9498
36.9447,14.9791,43.0982,58.0773
36.9647,14.8876,42.7093,57.597
36.9847,14.8142,42.911,57.7252
37.0047,14.5853,42.77,57.3553
37.0247,14.7783,42.5671,57.3454
37.0447,14.6736,42.6424,57.316
37.0647,15.023,42.4771,57.5002
37.0847,14.8475,42.7126,57.5601
37.1047,14.6498,42.4507,57.1005
37.1247,14.7515,42.4049,57.1564
37.1447,14.2947,42.4511,56.7458
37.1647,14.5635,42.4725,57.036
37.1847,14.5428,42.4309,56.9736
37.2047,14.6912,42.0886,56.7798
37.2247,14.7379,42.0537,56.7917
37.2447,14.7455,42.0643,56.8098
37.2647,14.4233,42.1233,56.5466
37.2847,14.4558,41.84,56.2958
37.3047,14.5121,42.0203,56.5323
37.3247,14.4445,42.0375,56.4821
37.3447,14.4164,41.7816,56.198
37.3647,13.9452,41.8076,55.7528
37.3847,14.212,41.768,55.9799
37.4047,13.8316,41.5699,55.4015
37.4247,14.1083,41.7085,55.8168
37.4447,14.2282,41.5321,55.7602
37.4647,14.3977,41.6903,56.088
37.4847,14.0705,41.2357,55.3063
37.5047,14.0502,41.6072,55.6575
37.5247,14.2827,41.3514,55.6341
37.5447,14.0449,41.3939,55.4388
37.5647,14.0263,41.2439,55.2702
37.5847,14.2708,41.2874,55.5581
37.6047,14.0707,41.3341,55.4048
37.6247,13.8544,41.3492,55.2036
37.6447,13.974,41.3753,55.3493
37.6647,13.8766,41.3149,55.1915
37.6847,13.9258,41.1415,55.0672
37.7047,13.631,40.8816,54.5126
37.7247,13.9634,40.7986,54.7621
37.7447,13.8297,41.1148,54.9445
37.7647,13.7431,40.5675,54.3106
37.7847,13.9476,40.7096,54.6572
37.8047,14.1414,40.6423,54.7837
37.8247,13.7083,40.6664,54.3746
37.8447,14.0007,40.6875,54.6882
37.8647,13.3273,40.5129,53.8402
37.8847,13.4933,40.3028,53.7961
37.9047,13.5526,40.4304,53.983
37.9247,13.4746,40.4513,53.9259
37.9447,13.5536,40.3696,53.9232
37.9647,13.4327,40.409,53.8417
37.9847,13.5464,40.2749,53.8213
38.0047,13.4013,40.133,53.5343
38.0247,13.7184,40.1628,53.8812
38.0447,13.1737,40.1095,53.2832
38.0647,13.3764,40.028,53.4044
38.0847,13.4242,40.1338,53.5579
38.1047,13.2525,39.8568,53.1094
38.1247,13.309,39.8784,53.1874
38.1447,13.26,39.8229,53.0829
38.1647,13.266,39.8468,53.1127
38.1847,13.0577,39.92,52.9777
38.2047,12.7684,39.5423,52.3107
38.2247,13.4649,39.9046,53.3695
38.2447,12.9906,39.7125,52.7032
38.2647,12.958,39.5349,52.4929
38.2847,13.1806,39.5648,52.7454
38.3047,13.1399,39.3142,52.4541
38.3247,13.1423,39.374,52.5163
38.3447,12.8884,39.392,52.2803
38.3647,13.1097,39.3764,52.4861
38.3847,12.8339,39.256,52.0899
38.4047,12.9853,39.3557,52.341
38.4247,12.9801,39.3643,52.3444
38.4447,13.0084,39.2935,52.3019
38.4647,12.9089,39.0449,51.9539
38.4847,13.363,38.9208,52.2837
38.5047,12.8191,38.833,51.6522
38.5247,12.5632,38.7121,51.2753
38.5447,12.7172,38.887,51.6042
38.5647,12.5227,38.6956,51.2183
38.5847,12.5979,38.6137,51.2116
38.6047,12.5808,38.5296,51.1104
38.6247,12.5978,38.7235,51.3213
38.6447,12.6406,38.6567,51.2973
38.6647,12.5278,38.6706,51.1984
38.6847,12.3544,38.287,50.6414
38.7047,12.295,38.2976,50.5926
38.7247,12.5203,38.3885,50.9089
38.7447,12.674,38.1082,50.7822
38.7647,12.6989,38.0928,50.7917
38.7847,12.1496,38.0903,50.2399
38.8047,12.3112,38.0428,50.354
38.8247,12.1652,38.282,50.4472
38.8447,12.1962,37.8243,50.0205
38.8647,12.2499,38.1192,50.3691
38.8847,12.0227,38.0713,50.094
38.9047,12.1946,37.7126,49.9072
38.9247,12.4221,37.8292,50.2513
38.9447,12.3945,37.7768,50.1713
38.9647,12.0668,37.6954,49.7622
38.9847,11.9104,37.6224,49.5329
39.0047,12.1443,37.4879,49.6322
39.0247,12.0344,37.5453,49.5796
39.0447,11.9978,37.4195,49.4173
39.0647,11.7232,37.5693,49.2925
39.0847,12.0115,37.4528,49.4643
39.1047,12.1066,37.3328,49.4393
39.1247,12.0271,37.3086,49.3357
39.1447,12.1294,37.279,49.4084
39.1647,12.2273,37.4064,49.6337
39.1847,12.447,37.1746,49.6216
39.2047,11.7719,37.2168,48.9887
39.2247,11.6374,36.9857,48.6231
39.2447,11.7717,37.1772,48.9489
39.2647,11.6389,36.84,48.4789
39.2847,11.633,37.0803,48.7133
39.3047,11.7863,36.9276,48.7139
39.3247,11.7865,36.7015,48.488
39.3447,11.9632,36.7719,48.7351
39.3647,11.5535,36.7778,48.3312
39.3847,11.5846,36.8417,48.4262
39.4047,11.789,36.5536,48.3425
39.4247,11.5363,36.631,48.1673
39.4447,11.4022,36.2686,47.6708
39.4647,11.4846,36.4635,47.9481
39.4847,11.5603,36.2658,47.8261
39.5047,11.2761,36.4675,47.7436
39.5247,11.3122,36.4219,47.7341
39.5447,11.1919,36.1872,47.3791
39.5647,11.5085,36.416,47.9245
39.5847,11.2816,36.0791,47.3607
39.6047,11.2442,36.1492,47.3934
39.6247,11.1094,36.0941,47.2035
39.6447,11.4555,36.1766,47.6321
39.6647,11.2792,36.1042,47.3835
39.6847,11.013,36.0785,47.0915
39.7047,11.279,36.0333,47.3123
39.7247,11.169,35.8234,46.9923
39.7447,11.0269,35.6887,46.7156
39.7647,11.0303,35.822,46.8522
39.7847,11.1927,35.8626,47.0553
39.8047,11.2621,35.605,46.8671
39.8247,11.2778,35.8313,47.1091
39.8447,11.2639,35.6025,46.8664
39.8647,10.8431,35.5306,46.3737
39.8847,10.9524,35.4756,46.428
39.9047,10.5725,35.5037,46.0762
39.9247,10.9987,35.5617,46.5604
39.9447,10.8986,35.5083,46.4069
39.9647,10.8576,35.1839,46.0415
39.9847,10.4497,35.1792,45.6289
40.0047,10.7676,35.1501,45.9176
40.0247,10.8433,35.2459,46.0892
40.0447,10.5192,35.2404,45.7596
40.0647,10.7661,34.9624,45.7286
40.0847,10.6549,35.0051,45.6601
40.1047,10.7998,35.0838,45.8836
40.1247,10.6076,35.0213,45.6289
40.1447,10.6431,34.8756,45.5187
40.1647,10.502,34.8709,45.373
40.1847,10.475,34.7257,45.2006
40.2047,10.6042,34.7143,45.3185
40.2247,10.6575,34.4982,45.1557
40.2447,10.5585,34.6563,45.2148
40.2647,10.3786,34.5126,44.8912
40.2847,10.4316,34.5288,44.9604
40.3047,10.3431,34.3511,44.6942
40.3247,10.4601,34.5832,45.0433
40.3447,10.4991,34.1686,44.6676
40.3647,10.2415,34.3737,44.6152
40.3847,10.3158,34.3354,44.6512
40.4047,10.3393,34.2814,44.6207
40.4247,10.3129,34.2073,44.5202
40.4447,10.1912,34.214,44.4053
40.4647,10.2386,34.1996,44.4382
40.4847,10.0307,34.0814,44.1121
40.5047,10.1483,34.0734,44.2216
40.5247,10.0098,33.9945,44.0043
40.5447,10.1187,33.6906,43.8093
40.5647,10.1578,33.7687,43.9265
40.5847,10.366,33.7752,44.1413
40.6047,10.0452,33.8243,43.8695
40.6247,9.99506,33.6973,43.6923
40.6447,9.74916,33.5746,43.3238
40.6647,9.9387,33.3843,43.323
40.6847,9.97983,33.5039,43.4837
40.7047,10.0496,33.5081,43.5577
40.7247,9.80872,33.3323,43.141
40.7447,10.012,33.498,43.51
40.7647,9.65252,33.2567,42.9092
40.7847,9.69964,33.2176,42.9173
40.8047,9.88931,33.207,43.0963
40.8247,9.69943,33.162,42.8614
40.8447,9.71036,33.0101,42.7205
40.8647,9.74131,32.9057,42.647
40.8847,9.40646,32.9788,42.3852
40.9047,9.40775,33.0141,42.4218
40.9247,9.82774,32.9079,42.7356
40.9447,9.60404,33.0465,42.6505
40.9647,9.54664,32.997,42.5437
40.9847,9.32352,32.8312,42.1548
41.0047,9.5665,32.8029,42.3694
41.0247,9.37546,32.699,42.0744
41.0447,9.37934,32.691,42.0703
41.0647,9.42497,32.6025,42.0275
41.0847,9.32222,32.7743,42.0965
41.1047,9.4692,32.6914,42.1606
41.1247,9.05285,32.4805,41.5334
41.1447,9.27603,32.5625,41.8385
41.1647,9.26509,32.563,41.8281
41.1847,9.21374,32.3671,41.5809
41.2047,9.24125,32.262,41.5032
41.2247,9.33654,32.2017,41.5383
41.2447,9.0896,32.1768,41.2664
41.2647,8.98262,32.0257,41.0083
41.2847,9.14548,32.1322,41.2776
41.3047,9.10888,32.0881,41.197
41.3247,9.12686,31.9237,41.0506
41.3447,9.04772,31.9029,40.9506
41.3647,8.90735,31.9978,40.9051
41.3847,9.1185,31.7091,40.8275
41.4047,9.04525,31.7721,40.8174
41.4247,8.78887,31.7934,40.5822
41.4447,8.85605,31.7531,40.6092
41.4647,8.88276,31.7492,40.6319
41.4847,8.91944,31.5516,40.4711
41.5047,8.7437,31.476,40.2197
41.5247,8.71956,31.5331,40.2527
41.5447,8.92997,31.6357,40.5657
41.5647,8.771,31.4745,40.2455
41.5847,8.7909,31.3955,40.1864
41.6047,8.98556,31.3175,40.303
41.6247,8.67173,31.3698,40.0415
41.6447,8.65672,31.0734,39.7302
41.6647,8.63049,31.2568,39.8873
41.6847,8.65063,31.2619,39.9125
41.7047,8.72821,31.1789,39.9071
41.7247,8.70782,30.8525,39.5603
41.7447,8.7467,30.9531,39.6998
41.7647,8.59907,31.0417,39.6408
41.7847,8.71895,30.7461,39.465
41.8047,8.40638,30.7986,39.205
41.8247,8.29752,30.7207,39.0182
41.8447,8.47134,30.6579,39.1292
41.8647,8.29457,30.6984,38.993
41.8847,8.35662,30.5605,38.9172
41.9047,8.39311,30.6476,39.0407
41.9247,8.39567,30.7921,39.1878
41.9447,8.36227,30.4547,38.8169
41.9647,8.27697,30.5062,38.7832
41.9847,8.36712,30.4582,38.8253
42.0047,8.39737,30.3233,38.7206
42.0247,8.19629,30.252,38.4483
42.0447,8.23805,30.0856,38.3236
42.0647,8.11421,30.1084,38.2226
42.0847,8.1638,30.0925,38.2563
42.1047,8.25968,29.8663,38.126
42.1247,7.91872,30.1812,38.0999
42.1447,8.15806,30.087,38.2451
42.1647,8.35162,30.0855,38.4371
42.1847,8.20767,29.8989,38.1066
42.2047,8.00129,29.6762,37.6775
42.2247,8.16271,29.8226,37.9853
42.2447,8.00121,29.7362,37.7374
42.2647,7.98729,29.7978,37.7851
42.2847,8.07589,29.6073,37.6832
42.3047,7.85459,29.659,37.5136
42.3247,7.87311,29.6171,37.4902
42.3447,7.9219,29.2792,37.2011
42.3647,7.80105,29.4571,37.2582
42.3847,7.97314,29.331,37.3041
42.4047,7.76437,29.2026,36.967
42.4247,7.71203,29.2369,36.9489
42.4447,7.76182,29.2258,36.9876
42.4647,7.58862,29.1408,36.7294
42.4847,7.66728,29.2118,36.8791
42.5047,7.59485,29.0968,36.6916
42.5247,7.62253,29.027,36.6495
42.5447,7.7153,28.9594,36.6747
42.5647,7.58531,28.9288,36.5142
42.5847,7.63096,28.9522,36.5831
42.6047,7.59109,28.8697,36.4608
42.6247,7.41154,28.8781,36.2896
42.6447,7.53246,28.7739,36.3063
42.6647,7.53842,28.6695,36.2079
42.6847,7.34536,28.7006,36.0459
42.7047,7.25121,28.5637,35.815
42.7247,7.39476,28.5861,35.9808
42.7447,7.56537,28.4251,35.9905
42.7647,7.32226,28.3752,35.6974
42.7847,7.30748,28.3541,35.6616
42.8047,7.39891,28.3334,35.7323
42.8247,7.186,28.3778,35.5638
42.8447,7.31809,28.263,35.5811
42.8647,7.34841,28.1424,35.4909
42.8847,6.98183,28.1728,35.1546
42.9047,7.20833,28.0973,35.3057
42.9247,7.08315,28.0949,35.178
42.9447,7.23087,27.9283,35.1592
42.9647,7.27925,28.0066,35.2858
42.9847,7.27555,28.0548,35.3304
43.0047,7.03508,27.7916,34.8266
43.0247,6.9913,27.9967,34.988
43.0447,7.1507,27.863,35.0137
43.0647,6.99806,27.675,34.6731
43.0847,6.9071,27.6626,34.5697
43.1047,6.95076,27.5967,34.5475
43.1247,6.99382,27.5838,34.5776
43.1447,6.79003,27.5441,34.3341
43.1647,6.86037,27.5392,34.3996
43.1847,7.09766,27.4181,34.5158
43.2047,6.78714,27.2867,34.0739
43.2247,6.94058,27.3891,34.3297
43.2447,6.73185,27.2713,34.0032
43.2647,6.66927,27.1139,33.7832
43.2847,6.79995,27.083,33.8829
43.3047,6.85707,27.117,33.974
43.3247,6.84357,27.1195,33.9631
43.3447,6.57327,26.9927,33.566
43.3647,6.74618,27.0072,33.7534
43.3847,6.70655,26.9924,33.6989
43.4047,6.61945,26.888,33.5074
43.4247,6.32518,26.9554,33.2806
43.4447,6.52398,26.7575,33.2815
43.4647,6.50171,26.7863,33.288
43.4847,6.57376,26.6766,33.2504
43.5047,6.47625,26.6514,33.1277
43.5247,6.59302,26.6392,33.2322
43.5447,6.39058,26.4738,32.8644
43.5647,6.58477,26.536,33.1208
43.5847,6.4688,26.4406,32.9094
43.6047,6.42104,26.4093,32.8304
43.6247,6.25654,26.4087,32.6652
43.6447,6.36926,26.4314,32.8007
43.6647,6.28469,26.1877,32.4724
43.6847,6.12699,26.1973,32.3243
43.7047,6.33327,26.2343,32.5676
43.7247,6.24388,26.1818,32.4257
43.7447,6.28185,26.064,32.3459
43.7647,6.19896,26.0924,32.2914
43.7847,6.28371,26.1109,32.3946
43.8047,6.11648,26.0817,32.1982
43.8247,6.02775,26.0124,32.0401
43.8447,6.00789,25.8089,31.8167
43.8647,6.14943,25.9455,32.095
43.8847,5.96035,25.7433,31.7037
43.9047,6.04375,25.7725,31.8163
43.9247,5.95221,25.5562,31.5084
43.9447,5.84933,25.6018,31.4511
43.9647,5.89311,25.5783,31.4714
43.9847,5.86051,25.5218,31.3823
44.0047,5.95939,25.2898,31.2492
44.0247,5.67178,25.3339,31.0057
44.0447,5.67958,25.2367,30.9163
44.0647,5.85494,25.4357,31.2906
44.0847,5.87354,25.2429,31.1164
44.1047,5.78831,25.2151,31.0034
44.1247,5.62793,25.0914,30.7193
44.1447,5.98649,25.1311,31.1175
44.1647,5.69411,25.1057,30.7998
44.1847,5.62507,24.9828,30.6078
44.2047,5.49538,24.8598,30.3551
44.2247,5.62358,25.056,30.6796
44.2447,5.70761,24.7841,30.4917
44.2647,5.46251,24.8701,30.3326
44.2847,5.71069,24.7144,30.4251
44.3047,5.49092,24.6486,30.1395
44.3247,5.51752,24.7431,30.2606
44.3447,5.55731,24.6237,30.181
44.3647,5.3675,24.5683,29.9358
44.3847,5.41243,24.5532,29.9657
44.4047,5.29763,24.4547,29.7523
44.4247,5.33003,24.3533,29.6833
44.4447,5.46624,24.251,29.7173
44.4647,5.2134,24.2605,29.4739
44.4847,5.31845,24.234,29.5524
44.5047,5.31098,24.0581,29.369
44.5247,5.03037,24.1022,29.1325
44.5447,5.23186,24.008,29.2399
44.5647,5.16419,23.8981,29.0623
44.5847,5.16289,24.1144,29.2773
44.6047,5.1767,23.8615,29.0382
44.6247,5.09089,23.8798,28.9706
44.6447,5.04213,23.8183,28.8604
44.6647,5.11769,23.5972,28.7149
44.6847,5.11975,23.7416,28.8613
44.7047,4.94584,23.6907,28.6366
44.7247,4.84325,23.6329,28.4761
44.7447,4.79936,23.4182,28.2175
44.7647,4.97571,23.4854,28.4611
44.7847,4.77688,23.695,28.4719
44.8047,4.89284,23.4757,28.3686
44.8247,4.72446,23.3698,28.0943
44.8447,4.73563,23.1482,27.8838
44.8647,4.69616,23.1998,27.8959
44.8847,4.66851,23.2176,27.8861
44.9047,4.78472,23.1651,27.9498
44.9247,4.81386,23.0617,27.8756
44.9447,4.68041,22.9963,27.6768
44.9647,4.65281,23.05,27.7028
44.9847,4.57252,22.9011,27.4736
45.0047,4.41197,22.9805,27.3924
45.0247,4.47001,22.8123,27.2823
45.0447,4.45951,22.6977,27.1572
45.0647,4.53301,22.7294,27.2624
45.0847,4.50042,22.6483,27.1487
45.1047,4.37909,22.7115,27.0906
45.1247,4.51452,22.5029,27.0174
45.1447,4.2884,22.3644,26.6528
45.1647,4.28589,22.5994,26.8853
45.1847,4.30142,22.4118,26.7132
45.2047,4.45554,22.3195,26.7751
45.2247,4.3509,22.2281,26.579
45.2447,4.25578,22.2012,26.4569
45.2647,4.30193,22.1724,26.4743
45.2847,4.29049,22.2047,26.4952
45.3047,4.15164,22.0762,26.2279
45.3247,4.05069,22.1135,26.1642
45.3447,4.21382,22.0887,26.3026
45.3647,4.08974,21.9301,26.0198
45.3847,3.95986,21.8889,25.8487
45.4047,3.93787,21.881,25.8188
45.4247,4.02591,21.8756,25.9015
45.4447,3.87158,21.623,25.4946
45.4647,3.96038,21.6617,25.622
45.4847,3.88577,21.6293,25.5151
45.5047,3.86161,21.5833,25.4449
45.5247,3.8152,21.3897,25.2049
45.5447,3.82863,21.381,25.2096
45.5647,3.75951,21.344,25.1035
45.5847,3.70331,21.2305,24.9338
45.6047,3.66062,21.3976,25.0583
45.6247,3.63104,21.2892,24.9203
45.6447,3.60581,21.2039,24.8097
45.6647,3.567,21.2171,24.7841
45.6847,3.51042,21.1124,24.6228
45.7047,3.59424,21.0817,24.6759
45.7247,3.36359,20.983,24.3466
45.7447,3.41245,20.8873,24.2997
45.7647,3.43846,20.9665,24.405
45.7847,3.45963,20.7928,24.2525
45.8047,3.34598,20.7862,24.1322
45.8247,3.40725,20.6412,24.0484
45.8447,3.29072,20.6667,23.9574
45.8647,3.34758,20.6623,24.0099
45.8847,3.31709,20.5854,23.9025
45.9047,3.36551,20.4333,23.7988
45.9247,3.28847,20.4255,23.714
45.9447,3.17862,20.4419,23.6205
45.9647,3.16754,20.3964,23.5639
45.9847,3.15601,20.2516,23.4076
46.0047,3.11764,20.1516,23.2693
46.0247,3.16653,20.1966,23.3631
46.0447,3.10494,20.1884,23.2933
46.0647,3.11347,20.1896,23.3031
46.0847,3.09224,19.9621,23.0544
46.1047,2.93219,19.8334,22.7656
46.1247,2.96308,20.0317,22.9948
46.1447,2.97566,19.8156,22.7913
46.1647,2.92841,19.7275,22.6559
46.1847,3.02648,19.7309,22.7574
46.2047,2.87559,19.6405,22.5161
46.2247,2.80741,19.4957,22.3031
46.2447,2.74097,19.6368,22.3777
46.2647,2.794,19.5206,22.3146
46.2847,2.73032,19.6014,22.3317
46.3047,2.82846,19.4613,22.2897
46.3247,2.85575,19.3239,22.1797
46.3447,2.69486,19.3388,22.0336
46.3647,2.67512,19.1648,21.8399
46.3847,2.69013,19.2534,21.9435
46.4047,2.75578,19.2146,21.9704
46.4247,2.60354,19.087,21.6905
46.4447,2.52121,19.012,21.5332
46.4647,2.67647,18.9726,21.649
46.4847,2.46831,18.9927,21.461
46.5047,2.48085,18.7577,21.2385
46.5247,2.54232,18.9341,21.4764
46.5447,2.5618,18.7334,21.2952
46.5647,2.4028,18.7392,21.142
46.5847,2.39814,18.7911,21.1893
46.6047,2.47656,18.5547,21.0313
46.6247,2.30065,18.5058,20.8065
46.6447,2.38512,18.4411,20.8263
46.6647,2.42521,18.4185,20.8437
46.6847,2.25907,18.3659,20.625
46.7047,2.31618,18.2764,20.5925
46.7247,2.21628,18.1735,20.3897
46.7447,2.20858,18.3804,20.589
46.7647,2.1309,18.2256,20.3565
46.7847,2.14351,17.9835,20.1271
46.8047,2.11984,18.0498,20.1697
46.8247,2.02463,17.9214,19.946
46.8447,2.098,17.9601,20.0581
46.8647,2.01993,18.0058,20.0257
46.8847,2.1466,17.855,20.0016
46.9047,2.0983,17.7815,19.8798
46.9247,2.03406,17.7968,19.8309
46.9447,2.00957,17.6219,19.6315
46.9647,1.97909,17.6245,19.6036
46.9847,1.96677,17.4274,19.3942
47.0047,1.92367,17.4251,19.3487
47.0247,1.91066,17.3582,19.2689
47.0447,1.97639,17.3858,19.3621
47.0647,1.88159,17.4326,19.3142
47.0847,1.78483,17.3407,19.1255
47.1047,1.88546,17.2691,19.1545
47.1247,1.80196,17.2222,19.0242
47.1447,1.79767,17.1283,18.9259
47.1647,1.81331,17.1704,18.9837
47.1847,1.81261,17.0499,18.8625
47.2047,1.69177,17.0625,18.7543
47.2247,1.76956,16.8993,18.6689
47.2447,1.75493,16.9675,18.7224
47.2647,1.59703,16.8471,18.4441
47.2847,1.72046,16.7299,18.4503
47.3047,1.68223,16.7685,18.4507
47.3247,1.56517,16.7485,18.3137
47.3447,1.65395,16.6582,18.3121
47.3647,1.69145,16.631,18.3225
47.3847,1.68128,16.517,18.1982
47.4047,1.59672,16.5379,18.1346
47.4247,1.59515,16.4038,17.999
47.4447,1.51814,16.3369,17.8551
47.4647,1.57575,16.2824,17.8582
47.4847,1.56004,16.2966,17.8567
47.5047,1.56667,16.2977,17.8644
47.5247,1.47619,16.1489,17.6251
47.5447,1.38255,16.1523,17.5349
47.5647,1.45729,16.1702,17.6275
47.5847,1.48878,15.931,17.4198
47.6047,1.38632,16.0584,17.4447
47.6247,1.3855,15.9365,17.322
47.6447,1.35653,15.815,17.1715
47.6647,1.32403,15.894,17.218
47.6847,1.25795,15.7846,17.0426
47.7047,1.25503,15.7358,16.9909
47.7247,1.31483,15.7058,17.0207
47.7447,1.21913,15.731,16.9501
47.7647,1.28275,15.5521,16.8348
47.7847,1.2774,15.5508,16.8282
47.8047,1.21467,15.5045,16.7192
47.8247,1.30167,15.332,16.6337
47.8447,1.16521,15.3358,16.501
47.8647,1.20586,15.2816,16.4875
47.8847,1.23262,15.2199,16.4525
47.9047,1.14126,15.1683,16.3096
47.9247,1.21263,15.232,16.4447
47.9447,1.17067,15.0394,16.2101
47.9647,1.2322,15.0568,16.289
47.9847,1.17687,15.0421,16.219
48.0047,1.09721,15.011,16.1082
48.0247,1.14487,14.9593,16.1042
48.0447,0.945617,14.8777,15.8233
48.0647,1.06842,14.8571,15.9255
48.0847,1.09783,14.8911,15.9889
48.1047,1.11848,14.7456,15.864
48.1247,0.939796,14.7651,15.7049
48.1447,1.00278,14.656,15.6588
48.1647,0.924906,14.5733,15.4982
48.1847,1.01247,14.6249,15.6374
48.2047,0.979086,14.5435,15.5226
48.2247,0.939381,14.4763,15.4156
48.2447,0.991074,14.3656,15.3567
48.2647,0.902763,14.3115,15.2142
48.2847,0.907777,14.2256,15.1334
48.3047,0.985267,14.2816,15.2668
48.3247,0.948004,14.212,15.16
48.3447,0.846019,14.208,15.054
48.3647,0.825588,14.1915,15.0171
48.3847,0.784502,13.9821,14.7666
48.4047,0.909843,14.024,14.9339
48.4247,0.809501,13.9697,14.7792
48.4447,0.889428,13.8982,14.7877
48.4647,0.848997,13.8935,14.7425
48.4847,0.789287,13.7573,14.5466
48.5047,0.888515,13.7092,14.5977
48.5247,0.833017,13.7566,14.5897
48.5447,0.808987,13.5689,14.3779
48.5647,0.771765,13.5084,14.2802
48.5847,0.738582,13.578,14.3166
48.6047,0.736679,13.4315,14.1682
48.6247,0.781413,13.4873,14.2687
48.6447,0.724088,13.4056,14.1297
48.6647,0.70811,13.3326,14.0407
48.6847,0.642547,13.2636,13.9061
48.7047,0.660466,13.1776,13.8381
48.7247,0.678006,13.1372,13.8152
48.7447,0.630725,13.0938,13.7245
48.7647,0.671817,13.1007,13.7726
48.7847,0.568145,13.1303,13.6985
48.8047,0.625797,13.0401,13.6659
48.8247,0.652042,12.9411,13.5931
48.8447,0.589098,12.9997,13.5888
48.8647,0.591822,12.8185,13.4103
48.8847,0.624751,12.8222,13.4469
48.9047,0.613014,12.8567,13.4697
48.9247,0.633963,12.7801,13.4141
48.9447,0.647723,12.724,13.3717
48.9647,0.542845,12.728,13.2708
48.9847,0.542363,12.6653,13.2077
49.0047,0.576764,12.6253,13.2021
49.0247,0.4956,12.5207,13.0163
49.0447,0.475007,12.4544,12.9294
49.0647,0.541458,12.3275,12.8689
49.0847,0.542319,12.358,12.9003
49.1047,0.516436,12.3573,12.8738
49.1247,0.449142,12.2523,12.7015
49.1447,0.439504,12.1497,12.5892
49.1647,0.429434,12.2317,12.6611
49.1847,0.424622,12.1193,12.544
49.2047,0.44937,12.0583,12.5077
49.2247,0.490616,11.999,12.4897
49.2447,0.470606,11.9889,12.4595
49.2647,0.395946,11.9276,12.3236
49.2847,0.40153,11.8453,12.2468
49.3047,0.445576,11.7846,12.2302
49.3247,0.398992,11.8046,12.2036
49.3447,0.450418,11.7242,12.1746
49.3647,0.378848,11.7024,12.0812
49.3847,0.388961,11.5912,11.9802
49.4047,0.406864,11.6155,12.0224
49.4247,0.325804,11.6144,11.9402
49.4447,0.434675,11.5049,11.9396
49.4647,0.364444,11.4622,11.8266
49.4847,0.374444,11.4977,11.8722
49.5047,0.36193,11.2982,11.6602
49.5247,0.343152,11.4423,11.7854
49.5447,0.334962,11.2372,11.5722
49.5647,0.297083,11.3203,11.6174
49.5847,0.393872,11.1342,11.5281
49.6047,0.349297,11.204,11.5532
49.6247,0.299698,11.0329,11.3326
49.6447,0.325169,11.0008,11.326
49.6647,0.29185,10.9327,11.2245
49.6847,0.319817,10.9355,11.2553
49.7047,0.227973,10.8514,11.0793
49.7247,0.283723,10.8706,11.1543
49.7447,0.298135,10.8761,11.1742
49.7647,0.24203,10.7402,10.9822
49.7847,0.21991,10.7023,10.9222
49.8047,0.284841,10.6096,10.8944
49.8247,0.290417,10.6133,10.9037
49.8447,0.220474,10.5746,10.7951
49.8647,0.228804,10.5756,10.8044
49.8847,0.271992,10.5424,10.8144
49.9047,0.222792,10.452,10.6748
49.9247,0.195798,10.4613,10.6571
49.9447,0.229385,10.4088,10.6382
49.9647,0.213077,10.3271,10.5401
49.9847,0.193901,10.2911,10.485
50.0047,0.220508,10.2465,10.467
50.0247,0.257353,10.0918,10.3491
50.0447,0.213856,10.0781,10.292
50.0647,0.237607,10.1421,10.3797
50.0847,0.205478,10.1248,10.3302
50.1047,0.205757,9.9323,10.1381
50.1247,0.191991,9.98066,10.1726
50.1447,0.180373,9.93307,10.1134
50.1647,0.137367,9.79637,9.93373
50.1847,0.165828,9.8017,9.96753
50.2047,0.208454,9.75959,9.96805
50.2247,0.130997,9.69057,9.82157
50.2447,0.167245,9.68691,9.85415
50.2647,0.172457,9.62184,9.7943
50.2847,0.151509,9.53131,9.68282
50.3047,0.158794,9.53551,9.6943
50.3247,0.150145,9.45019,9.60033
50.3447,0.137014,9.52182,9.65883
50.3647,0.129817,9.32752,9.45734
50.3847,0.157493,9.38749,9.54499
50.4047,0.167773,9.24687,9.41464
50.4247,0.151289,9.29019,9.44148
50.4447,0.112537,9.22475,9.33729
50.4647,0.124751,9.20843,9.33318
50.4847,0.112975,9.1182,9.23117
50.5047,0.108401,9.08634,9.19474
50.5247,0.0921898,9.01498,9.10717
50.5447,0.11192,8.96532,9.07724
50.5647,0.0857112,8.99091,9.07662
50.5847,0.113981,8.92419,9.03817
50.6047,0.123102,8.77283,8.89593
50.6247,0.115459,8.88357,8.99902
50.6447,0.129271,8.82717,8.95644
50.6647,0.1037,8.70709,8.81079
50.6847,0.0730896,8.70228,8.77537
50.7047,0.110325,8.69102,8.80135
50.7247,0.0862404,8.61918,8.70542
50.7447,0.0905959,8.52617,8.61676
50.7647,0.106238,8.51355,8.61979
50.7847,0.0878227,8.55608,8.6439
50.8047,0.106795,8.40955,8.51634
50.8247,0.103997,8.4049,8.5089
50.8447,0.0876716,8.37081,8.45848
50.8647,0.0801258,8.27736,8.35748
50.8847,0.081782,8.20087,8.28265
50.9047,0.0752464,8.15882,8.23407
50.9247,0.0821174,8.20293,8.28504
50.9447,0.0825466,8.13426,8.2168
50.9647,0.0592328,8.0159,8.07514
50.9847,0.0552653,8.04311,8.09837
51.0047,0.0679593,7.95529,8.02325
51.0247,0.0588999,7.97387,8.03277
51.0447,0.061922,7.8988,7.96072
51.0647,0.0664458,7.85055,7.91699
51.0847,0.0637733,7.79754,7.86131
51.1047,0.0535938,7.74489,7.79848
51.1247,0.0566506,7.75371,7.81036
51.1447,0.0400726,7.7047,7.74478
51.1647,0.0686645,7.62934,7.698
51.1847,0.0502264,7.57314,7.62337
51.2047,0.0366815,7.63134,7.66802
51.2247,0.0470491,7.65796,7.70501
51.2447,0.0301828,7.57377,7.60395
51.2647,0.0480254,7.423,7.47102
51.2847,0.0429865,7.46216,7.50514
51.3047,0.0410532,7.41525,7.45631
51.3247,0.0465944,7.39641,7.44301
51.3447,0.0173261,7.31915,7.33648
51.3647,0.0453112,7.33485,7.38016
51.3847,0.0398094,7.26693,7.30674
51.4047,0.0321806,7.27292,7.3051
51.4247,0.0511653,7.20599,7.25716
51.4447,0.0196363,7.13532,7.15495
51.4647,0.0258445,7.08013,7.10598
51.4847,0.0254004,6.97695,7.00236
51.5047,0.0220258,6.95336,6.97539
51.5247,0.020549,6.93394,6.95449
51.5447,0.0172145,6.93438,6.9516
51.5647,0.029637,6.84666,6.8763
51.5847,0.0267198,6.83042,6.85714
51.6047,0.0227228,6.8132,6.83592
51.6247,0.0185519,6.74681,6.76536
51.6447,0.0303151,6.71288,6.7432
51.6647,0.0128709,6.70435,6.71722
51.6847,0.00534304,6.67196,6.6773
51.7047,0.0242058,6.60024,6.62445
51.7247,0.0210462,6.59039,6.61144
51.7447,0.0447737,6.45871,6.50348
51.7647,0.0235489,6.43076,6.45431
51.7847,0.0123138,6.38411,6.39643
51.8047,0.0245675,6.3684,6.39297
51.8247,0.0186692,6.39446,6.41313
51.8447,0.0147858,6.34627,6.36105
51.8647,0.0167962,6.17945,6.19625
51.8847,0.0120711,6.17808,6.19015
51.9047,0.0141908,6.19139,6.20558
51.9247,0.0117711,6.12468,6.13645
51.9447,0.0197169,6.07838,6.0981
51.9647,0.0126475,6.07816,6.09081
51.9847,0.0146317,6.07659,6.09122
52.0047,0.0122471,6.0154,6.02765
52.0247,-0.000480664,5.88301,5.88253
52.0447,-0.000738028,5.90771,5.90698
52.0647,-0.00172946,5.92195,5.92022
52.0847,0.0124768,5.91005,5.92252
52.1047,0.0149184,5.83241,5.84733
52.1247,0.0153179,5.7602,5.77552
52.1447,-0.00464979,5.77827,5.77362
52.1647,0.0104241,5.72387,5.73429
52.1847,0.0106523,5.66273,5.67339
52.2047,0.00208466,5.58899,5.59107
52.2247,-0.00636108,5.57558,5.56922
52.2447,0.00599534,5.59773,5.60372
52.2647,-0.00236969,5.54835,5.54598
52.2847,0.00679289,5.49334,5.50013
52.3047,-0.00492575,5.49201,5.48709
52.3247,0.0101162,5.36599,5.37611
52.3447,0.013175,5.37838,5.39156
52.3647,0.011174,5.36937,5.38055
52.3847,0.00287668,5.30044,5.30332
52.4047,0.00411336,5.29124,5.29535
52.4247,0.00622235,5.25663,5.26285
52.4447,-0.00715124,5.23064,5.22349
52.4647,-0.00347088,5.21533,5.21185
52.4847,0.00629746,5.14842,5.15472
52.5047,0.000295687,5.06887,5.06917
52.5247,0.014066,5.07061,5.08468
52.5447,0.00778112,5.05896,5.06674
52.5647,0.0020626,4.96742,4.96949
52.5847,0.00924659,4.98789,4.99714
52.6047,0.00971518,4.93728,4.94699
52.6247,0.00242488,4.89413,4.89656
52.6447,0.00879851,4.90712,4.91592
52.6647,0.00398821,4.83234,4.83633
52.6847,0.0069751,4.76695,4.77393
52.7047,0.00530323,4.7812,4.7865
52.7247,-0.0051939,4.72526,4.72007
52.7447,6.80998e-06,4.67226,4.67227
52.7647,0.00699299,4.65656,4.66356
52.7847,0.00159981,4.58151,4.58311
52.8047,0.00479267,4.56502,4.56982
52.8247,0.00345728,4.5129,4.51636
52.8447,0.00541865,4.41276,4.41817
52.8647,0.0028965,4.41945,4.42235
52.8847,-0.000234142,4.44969,4.44946
52.9047,0.00154943,4.37544,4.37699
52.9247,0.00342646,4.37023,4.37366
52.9447,0.0066668,4.31449,4.32116
52.9647,0.00190647,4.30551,4.30742
52.9847,0.00186077,4.32031,4.32217
53.0047,-0.00129241,4.18369,4.18239
53.0247,0.000799144,4.19294,4.19374
53.0447,0.00324923,4.10464,4.10789
53.0647,0.00296088,4.10636,4.10932
53.0847,0.00152328,4.03711,4.03864
53.1047,0.000545541,4.03738,4.03792
53.1247,0.000135086,3.99496,3.9951
53.1447,0.00326495,3.98069,3.98395
53.1647,0.00272237,3.9381,3.94083
53.1847,0.00217511,3.92733,3.92951
53.2047,0.000737213,3.88425,3.88499
53.2247,0.00180944,3.8759,3.87771
53.2447,0.000743954,3.84222,3.84296
53.2647,0.00108296,3.79547,3.79656
53.2847,0.000628915,3.75159,3.75222
53.3047,0.000144754,3.69523,3.69538
53.3247,0.00163724,3.64938,3.65102
53.3447,0.000523136,3.64721,3.64774
53.3647,0.00203401,3.60298,3.60502
53.3847,-0.00231166,3.58296,3.58065
53.4047,0.000274541,3.57266,3.57294
53.4247,0.00121964,3.55481,3.55603
53.4447,0.00116876,3.4475,3.44866
53.4647,0.00157785,3.44644,3.44802
53.4847,0.00236344,3.45146,3.45383
53.5047,0.000941571,3.33557,3.33651
53.5247,-0.000322509,3.29101,3.29069
53.5447,-0.000662566,3.294,3.29333
53.5647,-0.0013305,3.27451,3.27318
53.5847,0.00137994,3.24937,3.25075
53.6047,-0.000133028,3.21065,3.21052
53.6247,0.000501549,3.18718,3.18768
53.6447,-0.000386069,3.16709,3.1667
53.6647,-0.000499856,3.14382,3.14332
53.6847,0.00256498,3.07907,3.08163
53.7047,0.00121208,3.09649,3.0977
53.7247,4.78828e-05,3.01291,3.01296
53.7447,0.000501565,2.98409,2.9846
53.7647,0.000923358,2.97921,2.98013
53.7847,-0.000533253,2.94749,2.94696
53.8047,0.000170033,2.89405,2.89422
53.8247,-0.000316323,2.88738,2.88707
53.8447,-0.000784868,2.84012,2.83934
53.8647,-0.000452655,2.86816,2.86771
53.8847,0.000109789,2.80425,2.80436
53.9047,0.00252148,2.76924,2.77176
53.9247,0.00125653,2.77536,2.77662
53.9447,0.000996246,2.73108,2.73208
53.9647,-0.00220549,2.72551,2.7233
53.9847,-0.000978775,2.6852,2.68422
54.0047,0.0011216,2.65495,2.65608
54.0247,5.91885e-05,2.61922,2.61928
54.0447,-0.00201266,2.59407,2.59206
54.0647,0.000113417,2.5414,2.54151
54.0847,0.000524784,2.55098,2.5515
54.1047,0.000536386,2.50372,2.50426
54.1247,-0.000384542,2.42761,2.42722
54.1447,0.000873829,2.47519,2.47607
54.1647,0.000375532,2.42235,2.42272
54.1847,-0.000477372,2.35506,2.35458
54.2047,-0.000728176,2.37157,2.37084
54.2247,-0.000805397,2.33833,2.33752
54.2447,0.000569426,2.30689,2.30746
54.2647,-0.00022755,2.23566,2.23544
54.2847,0.00074977,2.23937,2.24012
54.3047,0.00138553,2.20818,2.20957
54.3247,-0.000982607,2.13503,2.13405
54.3447,0.000107798,2.13263,2.13273
54.3647,0.000253106,2.16782,2.16807
54.3847,-0.000622738,2.07882,2.0782
54.4047,0.00106207,2.05729,2.05836
54.4247,0.00162228,2.04117,2.0428
54.4447,0.0015745,1.99652,1.9981
54.4647,0.000356875,2.00362,2.00398
54.4847,0,1.96133,1.96133
54.5047,0,1.97063,1.97063
54.5247,0,1.9202,1.9202
54.5447,0,1.90064,1.90064
54.5647,0,1.8327,1.8327
54.5847,0,1.86225,1.86225
54.6047,0,1.84392,1.84392
54.6247,0,1.81418,1.81418
54.6447,0,1.82642,1.82642
54.6647,0,1.74031,1.74031
54.6847,0,1.72672,1.72672
54.7047,0,1.70125,1.70125
54.7247,0,1.69394,1.69394
54.7447,0,1.65179,1.65179
54.7647,0,1.6113,1.6113
54.7847,0,1.58947,1.58947
54.8047,0,1.60796,1.60796
54.8247,0,1.55685,1.55685
54.8447,0,1.54176,1.54176
54.8647,0,1.50542,1.50542
54.8847,0,1.48846,1.48846
54.9047,0,1.44302,1.44302
54.9247,0,1.41878,1.41878
54.9447,0,1.40068,1.40068
54.9647,0,1.38191,1.38191
54.9847,0,1.36335,1.36335
55.0047,0,1.34143,1.34143
55.0247,0,1.34539,1.34539
55.0447,0,1.32854,1.32854
55.0647,0,1.30955,1.30955
55.0847,0,1.27978,1.27978
55.1047,0,1.24872,1.24872
55.1247,0,1.24036,1.24036
55.1447,0,1.21924,1.21924
55.1647,0,1.20862,1.20862
55.1847,0,1.16387,1.16387
55.2047,0,1.15504,1.15504
55.2247,0,1.1245,1.1245
55.2447,0,1.10749,1.10749
55.2647,0,1.10414,1.10414
55.2847,0,1.07376,1.07376
55.3047,0,1.06009,1.06009
55.3247,0,1.04743,1.04743
55.3447,0,1.02237,1.02237
55.3647,0,0.975122,0.975122
55.3847,0,0.967002,0.967002
55.4047,0,0.963241,0.963241
55.4247,0,0.951147,0.951147
55.4447,0,0.956028,0.956028
55.4647,0,0.925195,0.925195
55.4847,0,0.90063,0.90063
55.5047,0,0.879532,0.879532
55.5247,0,0.86094,0.86094
55.5447,0,0.832825,0.832825
55.5647,0,0.802386,0.802386
55.5847,0,0.794988,0.794988
55.6047,0,0.768858,0.768858
55.6247,0,0.748951,0.748951
55.6447,0,0.712916,0.712916
55.6647,0,0.731859,0.731859
55.6847,0,0.716756,0.716756
55.7047,0,0.69909,0.69909
55.7247,0,0.691173,0.691173
55.7447,0,0.66905,0.66905
55.7647,0,0.644832,0.644832
55.7847,0,0.626144,0.626144
55.8047,0,0.605329,0.605329
55.8247,0,0.59223,0.59223
55.8447,0,0.58173,0.58173
55.8647,0,0.577115,0.577115
55.8847,0,0.554376,0.554376
55.9047,0,0.549151,0.549151
55.9247,0,0.5327,0.5327
55.9447,0,0.527822,0.527822
55.9647,0,0.529155,0.529155
55.9847,0,0.492504,0.492504
56.0047,0,0.497758,0.497758
56.0247,0,0.468685,0.468685
56.0447,0,0.456753,0.456753
56.0647,0,0.427064,0.427064
56.0847,0,0.43505,0.43505
56.1047,0,0.404432,0.404432
56.1247,0,0.402367,0.402367
56.1447,0,0.382964,0.382964
56.1647,0,0.376664,0.376664
56.1847,0,0.364744,0.364744
56.2047,0,0.337299,0.337299
56.2247,0,0.323391,0.323391
56.2447,0,0.321687,0.321687
56.2647,0,0.301579,0.301579
56.2847,0,0.283402,0.283402
56.3047,0,0.273113,0.273113
56.3247,0,0.262338,0.262338
56.3447,0,0.250749,0.250749
56.3647,0,0.248137,0.248137
56.3847,0,0.232643,0.232643
56.4047,0,0.227672,0.227672
56.4247,0,0.204115,0.204115
56.4447,0,0.201491,0.201491
56.4647,0,0.190606,0.190606
56.4847,0,0.179446,0.179446
56.5047,0,0.175209,0.175209
56.5247,0,0.159199,0.159199
56.5447,0,0.153944,0.153944
56.5647,0,0.143201,0.143201
56.5847,0,0.148148,0.148148
56.6047,0,0.144673,0.144673
56.6247,0,0.129789,0.129789
56.6447,0,0.134457,0.134457
