Time(ns),Ie(fC/ns),Ih(fC/ns),It(fC/ns)
0,51.3568,38.1179,89.4748
0.0001,117.218,106.522,223.74
0.0002,895.406,735.369,1630.77
0.0003,-961.782,-740.065,-1701.85
0.0004,1117.98,864.69,1982.67
0.0005,-964.6,-747.612,-1712.21
0.0006,1071.36,867.992,1939.35
0.0007,-866.287,-667.851,-1534.14
0.0008,1001.6,814.899,1816.5
0.0009,-858.533,-663.663,-1522.2
0.001,960.918,773.731,1734.65
0.0011,-821.39,-630.286,-1451.68
0.0012,880.667,719.65,1600.32
0.0013,-750.777,-592.104,-1342.88
0.0014,-22.404,-20.7367,-43.1407
0.0015,177.325,148.758,326.083
0.0016,-143.847,-139.566,-283.413
0.0017,270.306,220.551,490.858
0.0018,-139.518,-129.732,-269.25
0.0019,295.111,255.412,550.524
0.002,-165.107,-143.606,-308.713
0.0021,283.722,243.105,526.827
0.0022,-173.892,-154.477,-328.369
0.0023,307.318,269.401,576.719
0.0024,-156.644,-151.318,-307.961
0.0025,257.37,214.288,471.658
0.0026,-164.895,-142.418,-307.313
0.0027,280.723,247.081,527.803
0.0028,141.226,130.801,272.027
0.0029,181.05,178.043,359.094
0.003,27.4966,31.3544,58.851
0.0031,100.765,94.6533,195.418
0.0032,35.662,33.6764,69.3384
0.0033,97.7254,75.452,173.177
0.0034,-8.55106,-14.8087,-23.3598
0.0035,-15.4537,-15.7172,-31.1708
0.0036,-115.311,-98.3101,-213.621
0.0037,110.771,102.241,213.013
0.0038,-82.1984,-79.3476,-161.546
0.0039,77.7869,49.5445,127.331
0.004,-55.719,-41.0841,-96.8031
0.0041,-583.422,-507.52,-1090.94
0.0042,1008.89,750.261,1759.16
0.0043,-831.813,-677.476,-1509.29
0.0044,990.517,751.226,1741.74
0.0045,-1132.66,-911.41,-2044.07
0.0046,1077.86,842.891,1920.75
0.0047,-1017.4,-792.947,-1810.35
0.0048,1079.57,826.558,1906.13
0.0049,-1005.1,-782.326,-1787.43
0.005,1136.14,888.015,2024.15
0.0051,-1043.42,-806.591,-1850.01
0.0052,1094.04,875.48,1969.52
0.0053,-1054.86,-817.938,-1872.8
0.0054,1130.43,888.452,2018.88
0.0055,-959.763,-744.262,-1704.03
0.0056,1020.46,810.133,1830.59
0.0057,-917.478,-724.731,-1642.21
0.0058,1017.24,819.491,1836.73
0.0059,-907.928,-721.601,-1629.53
0.006,939.77,763.452,1703.22
0.0061,-722.92,-594.134,-1317.05
0.0062,823.03,692.931,1515.96
0.0063,-366.804,-347.247,-714.052
0.0064,446.796,399.169,845.965
0.0065,-639.462,-492.348,-1131.81
0.0066,183.49,176.968,360.458
0.0067,282.473,183.128,465.6
0.0068,115.969,118.025,233.994
0.0069,85.6989,85.893,171.592
0.007,-100.632,-67.072,-167.704
0.0071,20.4095,35.1353,55.5449
0.0072,-109.455,-70.8194,-180.274
0.0073,149.162,117.713,266.875
0.0074,3.63862,17.4372,21.0758
0.0075,27.5159,23.0281,50.544
0.0076,-0.578585,1.48901,0.910428
0.0077,8.13909,16.4025,24.5416
0.0078,13.8722,16.357,30.2292
0.0079,-72.741,-60.1191,-132.86
0.008,25.7536,33.7347,59.4883
0.0081,7.64607,-10.5882,-2.94215
0.0082,2.57242,26.7941,29.3666
0.0083,-25.2514,-12.7864,-38.0378
0.0084,32.3292,21.056,53.3851
0.0085,-10.9683,-9.07242,-20.0407
0.0086,114.613,78.1968,192.81
0.0087,-12.5883,-1.28202,-13.8704
0.0088,69.0791,44.6132,113.692
0.0089,-47.5621,-16.9169,-64.479
0.009,75.5091,69.6109,145.12
0.0091,27.4665,35.6406,63.1071
0.0092,-5.21243,-35.9067,-41.1192
0.0093,27.1947,42.1905,69.3852
0.0094,4.63914,-8.0039,-3.36476
0.0095,72.9091,74.563,147.472
0.0096,958.215,746.966,1705.18
0.0097,762.218,633.033,1395.25
0.0098,-233.712,-176.332,-410.045
0.0099,403.697,360.056,763.753
0.01,43.1628,-1.33978,41.823
0.0101,213.232,202.095,415.327
0.0102001,-363.862,-235.662,-599.524
0.0103003,202.085,200.652,402.737
0.0104005,-166.482,-64.1398,-230.622
0.0105009,312.857,317.232,630.089
0.0106014,-22.5959,1.81401,-20.7819
0.0107019,-218.776,-162.807,-381.583
0.0108026,176.133,84.838,260.971
0.0109033,252.32,248.502,500.822
0.0110041,269.426,143.084,412.51
0.011105,-889.107,-669.833,-1558.94
0.011206,980.126,722.866,1702.99
0.0113071,-127.129,-53.3844,-180.513
0.0114083,588.1,429.539,1017.64
0.0115096,-62.7602,4.48157,-58.2786
0.011611,-110.216,-139.926,-250.142
0.0117124,-436.976,-354.731,-791.707
0.011814,664.462,515.971,1180.43
0.0119156,-406.996,-299.963,-706.959
0.0120174,389.499,259.113,648.612
0.0121192,-432.738,-373.381,-806.118
0.0122211,792.944,641.983,1434.93
0.0123231,-342.283,-270.875,-613.158
0.0124253,145.116,49.3035,194.419
0.0125275,-164.857,-130.45,-295.307
0.0126298,410.466,301.14,711.606
0.0127322,-483.428,-393.611,-877.039
0.0128346,898.965,703.913,1602.88
0.0129372,-482.681,-420.87,-903.552
0.0130399,474.73,362.77,837.5
0.0131426,-292.702,-236.895,-529.596
0.0132455,-524.16,-470.268,-994.429
0.0133485,993.881,807.362,1801.24
0.0134515,-453.008,-412.51,-865.518
0.0135546,427.218,414.169,841.387
0.0136579,-95.1616,-114.394,-209.556
0.0137612,687.788,537.185,1224.97
0.0138646,-602.814,-507.778,-1110.59
0.0139681,787.748,626.523,1414.27
0.0140717,-725.561,-593.974,-1319.54
0.0141754,-463.543,-422.115,-885.658
0.0142792,-306.41,-310.342,-616.752
0.0143831,-903.16,-731.429,-1634.59
0.0144871,798.784,685.813,1484.6
0.0145912,-734.951,-550.319,-1285.27
0.0146954,862.193,731.758,1593.95
0.0147996,-632.959,-530.21,-1163.17
0.014904,688.815,530.11,1218.92
0.0150084,-835.359,-656.798,-1492.16
0.015113,886.922,744.687,1631.61
0.0152176,-1005.93,-832.504,-1838.43
0.0153224,991.913,794.619,1786.53
0.0154272,-898.18,-737.192,-1635.37
0.0155322,864.012,753.802,1617.81
0.0156372,-814.068,-644.698,-1458.77
0.0157423,846.486,706.945,1553.43
0.0158475,-904.217,-729.871,-1634.09
0.0159529,770.055,634.711,1404.77
0.0160583,-965.69,-818.869,-1784.56
0.0161638,905.274,777.34,1682.61
0.0162694,-854.206,-708.724,-1562.93
0.0163751,875.131,717.398,1592.53
0.0164809,-1015.81,-858.925,-1874.73
0.0165868,978.104,804.08,1782.18
0.0166928,-992.312,-821.786,-1814.1
0.0167988,897.234,736.413,1633.65
0.016905,-875.736,-749.59,-1625.33
0.0170113,944.875,759.831,1704.71
0.0171177,-857.524,-723.082,-1580.61
0.0172241,882.986,718.551,1601.54
0.0173307,-936.734,-754.134,-1690.87
0.0174374,879.76,704.246,1584.01
0.0175441,-415.098,-433.81,-848.908
0.017651,1399.5,966.522,2366.02
0.0177579,-929.647,-697.265,-1626.91
0.017865,980.106,823.781,1803.89
0.0179721,-866.254,-712.727,-1578.98
0.0180794,-531.114,-288.092,-819.206
0.0181867,133.249,119.084,252.333
0.0182942,692.677,660.773,1353.45
0.0184017,-105.19,-110.417,-215.607
0.0185094,323.26,288.317,611.577
0.0186171,-185.931,-312.644,-498.575
0.0187249,600.96,379.271,980.231
0.0188329,-966.911,-819.576,-1786.49
0.0189409,1257.19,947.225,2204.41
0.019049,-980.292,-764.619,-1744.91
0.0191572,782.269,623.069,1405.34
0.0192656,-861.38,-758.427,-1619.81
0.019374,1074.24,849.681,1923.92
0.0194825,-1079.31,-822.228,-1901.54
0.0195911,1098.57,891.85,1990.42
0.0196999,-918.471,-705.441,-1623.91
0.0198087,924.706,743.612,1668.32
0.0199176,-943.59,-782.425,-1726.02
0.0200266,1031.2,878.314,1909.52
0.0201357,-939.275,-796.531,-1735.81
0.0202449,992.13,829.972,1822.1
0.0203543,-888.831,-721.732,-1610.56
0.0204637,947.85,795.679,1743.53
0.0205732,-877.615,-741.219,-1618.83
0.0206828,1004.32,830.625,1834.94
0.0207925,-851.093,-711.098,-1562.19
0.0209023,955.14,796.827,1751.97
0.0210122,-925.757,-789.977,-1715.73
0.0211222,896.983,742.267,1639.25
0.0212323,-910.616,-741.651,-1652.27
0.0213426,1044.43,876.071,1920.5
0.0214529,-946.985,-813.313,-1760.3
0.0215633,989.813,823,1812.81
0.0216738,-898.522,-740.91,-1639.43
0.0217844,1030.03,844.649,1874.68
0.0218951,-956.823,-802.751,-1759.57
0.0220059,1027.9,867.49,1895.38
0.0221168,-980.03,-796.395,-1776.43
0.0222279,1064.17,880.494,1944.66
0.022339,-967.016,-806.493,-1773.51
0.0224502,1049.79,886.34,1936.13
0.0225615,-963.013,-785.702,-1748.71
0.0226729,1064.14,880.84,1944.98
0.0227845,-947.667,-786.48,-1734.15
0.0228961,1102.09,898.953,2001.04
0.0230078,-1030.26,-840.54,-1870.8
0.0231196,1095.26,901.419,1996.68
0.0232316,-998.519,-831.098,-1829.62
0.0233436,1116.88,912.943,2029.82
0.0234557,-1008.75,-821.202,-1829.96
0.0235679,1136.57,924.079,2060.65
0.0236803,-1004.9,-818.323,-1823.23
0.0237927,1143.49,950.051,2093.54
0.0239053,-1088.74,-889.902,-1978.64
0.0240179,1158.32,949.842,2108.16
0.0241306,-1072.15,-872.265,-1944.41
0.0242435,1179.6,973.838,2153.44
0.0243564,-1061.83,-854.668,-1916.5
0.0244695,1160.58,962.971,2123.55
0.0245826,-1056.88,-862.088,-1918.97
0.0246959,1165.54,945.82,2111.36
0.0248093,-1043.12,-850.9,-1894.02
0.0249227,1147.54,937.787,2085.33
0.0250363,-1100.64,-886.008,-1986.65
0.02515,1193.5,991.32,2184.82
0.0252637,-1090.37,-883.498,-1973.87
0.0253776,1145.2,933.688,2078.89
0.0254916,-1040.58,-848.63,-1889.21
0.0256057,1168.85,958.722,2127.57
0.0257199,-1044.88,-856.988,-1901.87
0.0258341,1222.63,1015,2237.63
0.0259485,-1118.77,-906.692,-2025.46
0.026063,1138.33,928.814,2067.14
0.0261776,-1065.61,-863.325,-1928.93
0.0262923,1157.74,985.232,2142.97
0.0264072,-1079.53,-884.451,-1963.98
0.0265221,1183.53,956.401,2139.94
0.0266371,-1077.3,-871.836,-1949.14
0.0267522,1370.76,1151.94,2522.7
0.0268674,1427.43,1142.4,2569.83
0.0269828,1466.26,1199.51,2665.77
0.0270982,1412.85,1082.7,2495.55
0.0272138,1102.81,869.245,1972.05
0.0273294,1221.13,1053.68,2274.81
0.0274452,-653.746,-608.977,-1262.72
0.027561,1499.82,1141.14,2640.96
0.027677,-1117.44,-1028.47,-2145.91
0.0277931,1456.15,1225.02,2681.16
0.0279092,-768.711,-763.271,-1531.98
0.0280255,1043.46,962.557,2006.02
0.0281419,-1010.25,-886.311,-1896.56
0.0282584,1085.98,916.31,2002.29
0.028375,-934.47,-922.144,-1856.61
0.0284917,1134.45,1051.5,2185.95
0.0286085,-921.814,-923.062,-1844.88
0.0287254,1088.37,963.936,2052.31
0.0288424,-926.553,-898.968,-1825.52
0.0289596,1036.64,897.773,1934.41
0.0290768,-785.047,-793.236,-1578.28
0.0291942,1149.06,1022.71,2171.77
0.0293116,-827.41,-801.43,-1628.84
0.0294292,1054.73,920.496,1975.22
0.0295468,-899.001,-821.605,-1720.61
0.0296646,1183.9,982.794,2166.69
0.0297825,-915.308,-806.742,-1722.05
0.0299005,1092.8,901.602,1994.4
0.0300185,-869.087,-758.133,-1627.22
0.0301367,1209.18,970.366,2179.55
0.0302551,-930.294,-810.438,-1740.73
0.0303735,1204.46,1038.17,2242.63
0.030492,-885.077,-820.203,-1705.28
0.0306106,1250.89,1039.19,2290.09
0.0307294,-930.135,-835.31,-1765.45
0.0308482,1226.46,1045.44,2271.9
0.0309672,-954.379,-846.474,-1800.85
0.0310862,1254.77,1042.36,2297.14
0.0312054,-889.915,-768.12,-1658.03
0.0313247,1222.16,1030.03,2252.19
0.031444,-864.293,-759.31,-1623.6
0.0315635,1173.4,961.538,2134.94
0.0316831,-873.408,-751.703,-1625.11
0.0318029,1186.36,992.791,2179.15
0.0319227,-874.986,-737.369,-1612.35
0.0320426,1106.66,903.945,2010.61
0.0321626,-944.015,-821.195,-1765.21
0.0322828,1252.6,1019.05,2271.65
0.032403,-946.54,-791,-1737.54
0.0325234,1192.81,966.806,2159.62
0.0326439,-907.361,-799.882,-1707.24
0.0327645,1220.91,1020.28,2241.19
0.0328852,-881.335,-778.58,-1659.91
0.033006,1170.37,978.522,2148.89
0.0331269,-934.77,-803.518,-1738.29
0.0332479,1164.22,958.654,2122.88
0.033369,-1023.13,-868.637,-1891.77
0.0334903,1261.79,1040.7,2302.49
0.0336116,-1016.32,-877.638,-1893.96
0.0337331,1365.07,1107.36,2472.43
0.0338547,-1123.34,-946.821,-2070.16
0.0339764,1154.47,943.715,2098.19
0.0340982,-1013.25,-810.409,-1823.66
0.0342201,1233.22,912.639,2145.86
0.0343421,-1084.39,-965.284,-2049.68
0.0344642,1524.38,1114.41,2638.79
0.0345865,-1113.66,-963.542,-2077.2
0.0347088,1424.43,1145.95,2570.37
0.0348313,-851.275,-728.89,-1580.16
0.0349539,1326.8,1135.55,2462.35
0.0350765,-1129.15,-947.294,-2076.44
0.0351993,1302.52,1156.64,2459.15
0.0353222,-1318.39,-1030.74,-2349.14
0.0354453,656.802,689.844,1346.65
0.0355684,889.217,787.761,1676.98
0.0356916,-968.407,-658.78,-1627.19
0.035815,897.36,731.038,1628.4
0.0359385,-1076.75,-680.804,-1757.55
0.036062,1197.46,921.004,2118.46
0.0361857,-1078.1,-913.724,-1991.83
0.0363095,973.462,678.656,1652.12
0.0364335,-1313.47,-1018.94,-2332.4
0.0365575,1077.01,893.587,1970.59
0.0366816,-1144.21,-816.909,-1961.12
0.0368059,914.92,840.599,1755.52
0.0369303,-1168.28,-858.182,-2026.46
0.0370547,1183.35,947.104,2130.45
0.0371793,-964.314,-684.119,-1648.43
0.037304,1279.2,980.337,2259.53
0.0374289,-805.738,-544.634,-1350.37
0.0375538,1140.22,902.886,2043.11
0.0376789,-876.512,-629.61,-1506.12
0.037804,976.038,758.961,1735
0.0379293,-676.739,-445.835,-1122.57
0.0380547,868.202,650.733,1518.93
0.0381802,-661.755,-442.993,-1104.75
0.0383058,765.466,560.67,1326.14
0.0384315,-690.985,-452.548,-1143.53
0.0385574,825.522,602.305,1427.83
0.0386833,-657.534,-457.148,-1114.68
0.0388094,813.157,584.894,1398.05
0.0389356,-729.444,-527.963,-1257.41
0.0390619,929.042,680.369,1609.41
0.0391883,-763.084,-555.028,-1318.11
0.0393149,789.919,554.925,1344.84
0.0394415,-685.583,-495.277,-1180.86
0.0395683,898.752,635.378,1534.13
0.0396952,-729.618,-529.529,-1259.15
0.0398222,763.754,519.168,1282.92
0.0399493,-649.886,-465.369,-1115.25
0.0400765,907.723,668.676,1576.4
0.0402038,-711.131,-525.506,-1236.64
0.0403313,733.114,503.295,1236.41
0.0404589,-741.031,-516.729,-1257.76
0.0405866,927.89,674.762,1602.65
0.0407144,-707.052,-533.786,-1240.84
0.0408423,769.764,557.017,1326.78
0.0409703,-727.455,-546.236,-1273.69
0.0410985,994.221,725.728,1719.95
0.0412268,-780.454,-603.144,-1383.6
0.0413551,826.398,614.659,1441.06
0.0414836,-582.908,-430.629,-1013.54
0.0416123,919.559,669.969,1589.53
0.041741,-651.964,-494.486,-1146.45
0.0418699,823.142,611.649,1434.79
0.0419988,-754.138,-581.789,-1335.93
0.0421279,922.117,669.255,1591.37
0.0422571,-656.688,-475.619,-1132.31
0.0423865,791.212,575.298,1366.51
0.0425159,-652.842,-494.226,-1147.07
0.0426455,973.123,691.733,1664.86
0.0427751,-624.152,-474.258,-1098.41
0.0429049,800.586,596.641,1397.23
0.0430348,-717.282,-538.666,-1255.95
0.0431649,984.164,710.056,1694.22
0.043295,-719.571,-542.075,-1261.65
0.0434253,789.723,590.183,1379.91
0.0435557,-721.242,-565.904,-1287.15
0.0436862,1014.81,741.013,1755.82
0.0438168,-663.821,-498.475,-1162.3
0.0439476,725.309,547.744,1273.05
0.0440784,-617.01,-469.607,-1086.62
0.0442094,925.946,673.311,1599.26
0.0443405,-634.63,-481.569,-1116.2
0.0444717,758.695,583.342,1342.04
0.0446031,-657.477,-490.986,-1148.46
0.0447345,940.614,682.249,1622.86
0.0448661,-586.658,-437.025,-1023.68
0.0449978,711.924,518.779,1230.7
0.0451296,-617.569,-453.258,-1070.83
0.0452615,895.526,657.775,1553.3
0.0453936,-597.69,-447.862,-1045.55
0.0455258,786.796,586.597,1373.39
0.0456581,-617.744,-453.619,-1071.36
0.0457905,888.664,635.593,1524.26
0.045923,-535.118,-397.888,-933.007
0.0460557,830.617,633.251,1463.87
0.0461885,-629.58,-465.528,-1095.11
0.0463214,810.379,582.086,1392.46
0.0464544,-538.478,-397.4,-935.878
0.0465875,689.014,522.309,1211.32
0.0467208,-619.647,-454.519,-1074.17
0.0468542,877.344,604.521,1481.86
0.0469877,-521.216,-407.761,-928.977
0.0471213,861.812,624.159,1485.97
0.047255,-608.257,-453.662,-1061.92
0.0473889,784.148,573.091,1357.24
0.0475229,-601.034,-477.089,-1078.12
0.047657,863.766,656.455,1520.22
0.0477912,-570.353,-427.676,-998.028
0.0479256,596.073,445.924,1042
0.0480601,-559.039,-404.458,-963.498
0.0481947,1040.35,736.927,1777.27
0.0483294,-638.497,-478.064,-1116.56
0.0484642,885.556,642.512,1528.07
0.0485992,-588.159,-451.396,-1039.55
0.0487343,952.522,679.588,1632.11
0.0488695,-634.857,-480.414,-1115.27
0.0490048,853.676,622.457,1476.13
0.0491403,-584.98,-434.504,-1019.48
0.0492759,883.659,648.49,1532.15
0.0494116,-695.108,-522.225,-1217.33
0.0495474,877.102,630.213,1507.31
0.0496834,-654.203,-500.967,-1155.17
0.0498194,840.556,608.951,1449.51
0.0499556,-622.649,-459.673,-1082.32
0.050092,911.268,677.434,1588.7
0.0502284,-737.626,-552.929,-1290.56
0.050365,1049.77,771.833,1821.61
0.0505017,-705.126,-527.387,-1232.51
0.0506385,935.765,698.247,1634.01
0.0507754,-758.895,-598.668,-1357.56
0.0509125,1072.54,780.493,1853.03
0.0510497,-683.66,-511.254,-1194.91
0.051187,1101.93,807.543,1909.47
0.0513245,-672.976,-506.989,-1179.96
0.051462,870.344,659.271,1529.62
0.0515997,-784.748,-605.462,-1390.21
0.0517375,1107.55,821.742,1929.29
0.0518755,-692.147,-544.901,-1237.05
0.0520136,993.782,770.999,1764.78
0.0521518,-706.262,-550.838,-1257.1
0.0522901,1067.01,786.45,1853.46
0.0524285,-621.565,-494.494,-1116.06
0.0525671,773.078,613.221,1386.3
0.0527058,-667.51,-516.161,-1183.67
0.0528446,1040.53,763.918,1804.45
0.0529836,-630.758,-500.903,-1131.66
0.0531226,980.071,702.681,1682.75
0.0532618,-605.467,-446.568,-1052.03
0.0534012,-935.189,-764.393,-1699.58
0.0535406,-948.449,-711.741,-1660.19
0.0536802,-738.388,-620.654,-1359.04
0.0538199,-941.164,-668.468,-1609.63
0.0539597,-676.679,-554.721,-1231.4
0.0540997,-335.989,-438.794,-774.783
0.0542398,-63.0436,-169.272,-232.315
0.05438,-84.0308,-77.4974,-161.528
0.0545204,-170.885,-132.818,-303.703
0.0546608,-251.888,-115.936,-367.824
0.0548014,11.6445,-88.1214,-76.4769
0.0549422,39.5566,111.164,150.72
0.055083,-30.9433,20.3855,-10.5577
0.055224,-125.31,-19.4747,-144.784
0.0553651,36.1705,-4.76162,31.4088
0.0555064,-46.8264,34.2581,-12.5683
0.0556477,-29.0669,-51.4073,-80.4742
0.0557892,5.82705,23.9213,29.7484
0.0559309,-96.3231,-155.885,-252.208
0.0560726,99.7757,122.144,221.92
0.0562145,-256.714,-281.502,-538.215
0.0563565,124.035,150.846,274.881
0.0564987,-155.375,-195.56,-350.935
0.0566409,248.553,236.244,484.797
0.0567833,-173.299,-245.136,-418.435
0.0569259,293.672,233.377,527.049
0.0570685,-150.408,-204.845,-355.253
0.0572113,397.187,319.335,716.522
0.0573542,-265.134,-281.537,-546.671
0.0574973,454.231,373.122,827.354
0.0576405,-6.06395,-97.6161,-103.68
0.0577838,415.784,336.406,752.19
0.0579272,-190.533,-250.733,-441.266
0.0580708,490.463,392.96,883.423
0.0582145,-79.5179,-168.004,-247.522
0.0583583,556.853,449.744,1006.6
0.0585023,-163.409,-207.689,-371.099
0.0586464,654.687,509.13,1163.82
0.0587906,64.7571,-63.4433,1.31386
0.0589349,605.939,471.568,1077.51
0.0590794,-22.2355,-68.4183,-90.6538
0.059224,675.184,496.077,1171.26
0.0593688,-29.067,-80.5922,-109.659
0.0595137,664.887,502.792,1167.68
0.0596587,36.4274,-46.6921,-10.2647
0.0598038,586.181,453.435,1039.62
0.0599491,79.3111,-11.2514,68.0597
0.0600945,572.727,459.447,1032.17
0.0602401,45.8192,-38.8892,6.92997
0.0603857,604.838,464.922,1069.76
0.0605315,97.3739,10.0158,107.39
0.0606775,548.137,440.146,988.283
0.0608235,33.3245,-56.4061,-23.0816
0.0609697,566.905,469.119,1036.02
0.0611161,38.3153,-32.6621,5.65322
0.0612625,572.592,486.55,1059.14
0.0614092,32.6284,-86.6984,-54.07
0.0615559,524.895,455.955,980.85
0.0617028,-85.8017,-126.406,-212.207
0.0618498,584.771,480.782,1065.55
0.0619969,-116.328,-181.641,-297.968
0.0621442,591.461,511.087,1102.55
0.0622916,-152.372,-180.503,-332.875
0.0624391,651.17,544.554,1195.72
0.0625868,-155.212,-219.099,-374.311
0.0627346,606.702,571.925,1178.63
0.0628825,-314.556,-345.068,-659.624
0.0630306,674.294,611.091,1285.38
0.0631788,-250.226,-266.104,-516.33
0.0633272,625.439,539.55,1164.99
0.0634756,-271.319,-311.408,-582.727
0.0636242,645.965,548.255,1194.22
0.063773,-157.085,-214.522,-371.608
0.0639219,617.769,555.426,1173.2
0.0640709,-342.707,-338.326,-681.034
0.0642201,532.635,439.915,972.55
0.0643693,-237.064,-270.205,-507.269
0.0645188,540.938,465.914,1006.85
0.0646683,-160.726,-217.219,-377.945
0.064818,574.28,494.498,1068.78
0.0649679,-241.677,-290.298,-531.975
0.0651178,599.76,500.147,1099.91
0.0652679,-90.9332,-146.527,-237.46
0.0654182,582.195,514.653,1096.85
0.0655686,-256.589,-313.82,-570.409
0.0657191,546.409,472.576,1018.98
0.0658697,-138.479,-161.515,-299.994
0.0660205,572.579,462.44,1035.02
0.0661715,-223.295,-211.666,-434.961
0.0663225,520.744,443.495,964.239
0.0664737,-172.232,-215.543,-387.775
0.0666251,546.921,451.838,998.76
0.0667765,-56.896,-124.507,-181.403
0.0669282,507.434,412.351,919.785
0.0670799,-114.827,-134.171,-248.998
0.0672318,446.446,341.456,787.903
0.0673838,-85.1079,-106.353,-191.46
0.067536,466.843,371.011,837.854
0.0676883,-109.828,-152.031,-261.859
0.0678407,477.248,364.02,841.268
0.0679933,-17.4566,-67.321,-84.7776
0.0681461,499.166,416.71,915.876
0.0682989,17.8796,-58.7973,-40.9177
0.0684519,494.488,440.365,934.852
0.068605,-31.4584,-98.0174,-129.476
0.0687583,571.227,492.855,1064.08
0.0689117,70.3671,-2.72205,67.6451
0.0690653,507.124,439.117,946.241
0.069219,100.295,3.34927,103.644
0.0693728,482.344,408.361,890.705
0.0695268,-136.439,-160.357,-296.796
0.0696809,547.674,430.022,977.696
0.0698352,875.511,930.288,1805.8
0.0699896,675.438,752.87,1428.31
0.0701441,588.916,510.299,1099.22
0.0702988,396.607,520.519,917.126
0.0704536,-355.603,-17.5526,-373.156
0.0706086,-108.562,107.152,-1.40985
0.0707637,-66.1101,149.287,83.1766
0.0709189,340.052,239.885,579.937
0.0710743,382.267,93.3056,475.573
0.0712298,99.2909,82.914,182.205
0.0713855,88.9395,-103.6,-14.6609
0.0715413,253.205,195.302,448.507
0.0716972,197.231,4.83196,202.063
0.0718533,101.423,219.878,321.3
0.0720095,33.772,-124.554,-90.7825
0.0721659,455.536,410.669,866.205
0.0723224,170.103,-26.6347,143.469
0.0724791,446.695,384.25,830.945
0.0726359,37.9668,-154.336,-116.369
0.0727928,562.52,458.127,1020.65
0.0729499,77.5038,-99.8398,-22.336
0.0731071,558.193,472.651,1030.84
0.0732645,47.8986,-123.693,-75.7942
0.073422,513.996,382.169,896.165
0.0735797,200.98,1.63795,202.618
0.0737375,441.887,325.333,767.22
0.0738954,232.864,42.4886,275.353
0.0740535,489.124,360.437,849.56
0.0742117,121.166,-34.161,87.0045
0.0743701,357.316,285.059,642.375
0.0745286,224.916,84.4087,309.325
0.0746873,355.934,244.301,600.235
0.0748461,332.889,152.654,485.543
0.075005,389.302,220.806,610.107
0.0751641,213.353,79.6096,292.963
0.0753234,505.49,378.899,884.388
0.0754828,389.595,171.006,560.602
0.0756423,257.117,141.114,398.23
0.075802,262.633,126.672,389.305
0.0759618,426.424,289.153,715.577
0.0761218,274.903,146.559,421.462
0.0762819,311.288,208.438,519.726
0.0764421,-989.587,-1146.06,-2135.65
0.0766025,-1121.7,-1103.58,-2225.27
0.0767631,-982.67,-1083.85,-2066.52
0.0769238,-1032.92,-1090.47,-2123.38
0.0770846,-894.735,-971.537,-1866.27
0.0772456,-730.756,-590.186,-1320.94
0.0774067,-761.909,-412.483,-1174.39
0.077568,-264.459,-174.094,-438.553
0.0777294,1.52539,299.347,300.873
0.077891,-775.824,-603.099,-1378.92
0.0780527,248.685,315.17,563.855
0.0782146,-437.038,-462.227,-899.265
0.0783766,375.899,486.501,862.4
0.0785388,-326.477,-460.821,-787.298
0.0787011,533.147,597.64,1130.79
0.0788635,-393.735,-488.772,-882.507
0.0790261,621.912,682.834,1304.75
0.0791889,-434.35,-538.213,-972.563
0.0793518,640.658,651.302,1291.96
0.0795148,-471.513,-563.996,-1035.51
0.079678,654.413,673.851,1328.26
0.0798414,-437.738,-503.352,-941.09
0.0800049,695.579,633.325,1328.9
0.0801685,-406.622,-478.718,-885.34
0.0803323,758.438,634.694,1393.13
0.0804962,-350.547,-427.837,-778.384
0.0806603,744.464,684.099,1428.56
0.0808245,-350.715,-425.727,-776.442
0.0809889,666.774,565.227,1232
0.0811535,-268.448,-385.296,-653.744
0.0813182,612.418,535.355,1147.77
0.081483,-101.045,-231.858,-332.903
0.081648,432.398,447.43,879.828
0.0818131,-126.753,-224.432,-351.186
0.0819784,494.841,465.166,960.008
0.0821438,-154.73,-264.567,-419.298
0.0823094,499.886,446.046,945.932
0.0824751,-172.433,-239.941,-412.374
0.082641,471.533,429.15,900.683
0.0828071,-125.224,-258.005,-383.229
0.0829733,371.044,317.922,688.966
0.0831396,85.9307,-53.7141,32.2166
0.0833061,286.26,288.039,574.299
0.0834727,-24.2882,-139.907,-164.195
0.0836395,348.221,315.386,663.607
0.0838065,56.3139,-44.5136,11.8003
0.0839736,283.549,242.65,526.199
0.0841408,23.5279,-73.2552,-49.7273
0.0843082,-835.546,-685.354,-1520.9
0.0844758,902.816,304.501,1207.32
0.0846435,640.17,428.975,1069.14
0.0848113,634.884,455.189,1090.07
0.0849793,-792.986,-630.405,-1423.39
0.0851475,952.227,364.831,1317.06
0.0853158,834.439,593.708,1428.15
0.0854843,521.905,403.812,925.717
0.0856529,-802.416,-535.48,-1337.9
0.0858217,1312.79,914.266,2227.06
0.0859906,-823.105,-569.329,-1392.43
0.0861597,1080.49,772.772,1853.27
0.0863289,-808.613,-549.736,-1358.35
0.0864983,1189.93,887.425,2077.36
0.0866679,-762.62,-580.554,-1343.17
0.0868376,1083.46,789.344,1872.8
0.0870074,-587.731,-417.798,-1005.53
0.0871774,1119.68,798.209,1917.89
0.0873476,-738.486,-558.413,-1296.9
0.0875179,1054.2,796.034,1850.24
0.0876884,-818.033,-595.83,-1413.86
0.087859,1274.41,943.94,2218.35
0.0880298,-755.697,-601.374,-1357.07
0.0882007,1124.17,848.879,1973.05
0.0883718,-774.915,-589.531,-1364.45
0.0885431,1186.95,894.355,2081.31
0.0887145,-760.53,-628.837,-1389.37
0.088886,1134.64,884.767,2019.41
0.0890577,-770.31,-641.334,-1411.64
0.0892296,1140.02,898.146,2038.17
0.0894016,-718.05,-616.912,-1334.96
0.0895738,1136.11,878.36,2014.47
0.0897462,-701.691,-616.24,-1317.93
0.0899186,1092.69,841.646,1934.34
0.0900913,-629.913,-539.568,-1169.48
0.0902641,1047.63,817.513,1865.14
0.0904371,-705.96,-627.21,-1333.17
0.0906102,1078.47,860.644,1939.11
0.0907835,-611.318,-526.029,-1137.35
0.0909569,940.056,751.298,1691.35
0.0911305,-555.975,-529.758,-1085.73
0.0913043,959.343,753.216,1712.56
0.0914782,-573.165,-481.292,-1054.46
0.0916523,1144.97,900.386,2045.35
0.0918265,-580.17,-427.012,-1007.18
0.0920009,1165.98,916.534,2082.51
0.0921754,-545.056,-499.653,-1044.71
0.0923501,801.732,633.054,1434.79
0.092525,-424.469,-475.821,-900.29
0.0927,938.773,782.914,1721.69
0.0928752,-520.085,-527.405,-1047.49
0.0930505,915.513,741.976,1657.49
0.093226,-499.946,-504.813,-1004.76
0.0934017,909.17,738.93,1648.1
0.0935775,-521.054,-495.245,-1016.3
0.0937535,939.128,748.95,1688.08
0.0939296,-532.002,-502.864,-1034.87
0.0941059,955.107,763.519,1718.63
0.0942824,-541.336,-483.063,-1024.4
0.094459,926.795,719.168,1645.96
0.0946358,-549.435,-514.957,-1064.39
0.0948127,1033.22,806.362,1839.59
0.0949898,-606.331,-520.09,-1126.42
0.0951671,950.8,760.2,1711
0.0953445,-484.241,-463.715,-947.955
0.0955221,927.798,737.634,1665.43
0.0956999,-516.021,-464.825,-980.845
0.0958778,858.146,688.043,1546.19
0.0960558,-443.775,-430.614,-874.389
0.0962341,819.689,642.924,1462.61
0.0964125,-470.38,-410.542,-880.921
0.096591,874.218,731.093,1605.31
0.0967697,-146.042,-250.926,-396.968
0.0969486,101.177,65.5031,166.68
0.0971277,84.3289,5.67467,90.0036
0.0973069,815.953,644.155,1460.11
0.0974862,-270.54,-265.236,-535.776
0.0976658,776.21,568.989,1345.2
0.0978455,-507.413,-475.342,-982.755
0.0980253,908.775,673.283,1582.06
0.0982054,-345.296,-351.143,-696.439
0.0983855,739.795,593.158,1332.95
0.0985659,-335.595,-315.197,-650.792
0.0987464,863.47,642.961,1506.43
0.0989271,-354.314,-348.523,-702.837
0.0991079,814.723,595.14,1409.86
0.0992889,-377.081,-357.215,-734.296
0.0994701,886.671,640.097,1526.77
0.0996514,-391.225,-362.236,-753.461
0.099833,674.93,544.104,1219.03
0.100015,-465.333,-439.621,-904.953
0.100196,820.332,560.182,1380.51
0.100378,-136.958,-144.144,-281.102
0.100561,851.848,634.7,1486.55
0.100743,-160.551,-148.613,-309.165
0.100925,792.036,607.907,1399.94
0.101108,-488.537,-509.295,-997.832
0.101291,653.062,508.706,1161.77
0.101474,-432.161,-429.8,-861.961
0.101657,932.328,674.717,1607.04
0.10184,-360.391,-346.904,-707.295
0.102024,778.051,586.865,1364.92
0.102208,-355.091,-365.728,-720.819
0.102391,980.887,738.051,1718.94
0.102575,-411.968,-441.489,-853.457
0.10276,881.326,656.733,1538.06
0.102944,-381.52,-425.075,-806.595
0.103128,832.889,623.949,1456.84
0.103313,-288.828,-313.361,-602.188
0.103498,-339.328,-325.653,-664.98
0.103683,777.31,265.397,1042.71
0.103868,1026.76,666.43,1693.19
0.104053,-201.419,-145.164,-346.583
0.104239,-317.821,-343.067,-660.888
0.104425,686.111,348.822,1034.93
0.10461,21.4582,-10.0685,11.3897
0.104796,844.34,602.327,1446.67
0.104983,-251.867,-223.236,-475.103
0.105169,-244.25,-292.225,-536.475
0.105355,854.447,639.797,1494.24
0.105542,-368.062,-364.195,-732.257
0.105729,798.755,591.123,1389.88
0.105916,-153.836,-208.431,-362.267
0.106103,734.155,564.335,1298.49
0.106291,-263.553,-283.076,-546.629
0.106478,802.595,621.169,1423.76
0.106666,-210.671,-249.582,-460.253
0.106854,735.809,585.652,1321.46
0.107042,-226.521,-248.717,-475.238
0.10723,816.005,620.988,1436.99
0.107418,-171.425,-218.178,-389.602
0.107607,107.003,50.5949,157.598
0.107796,889.557,602.173,1491.73
0.107985,557.17,344.588,901.758
0.108174,-494.872,-421.191,-916.063
0.108363,-369.104,-372.008,-741.111
0.108552,495.35,481.688,977.038
0.108742,-1010.15,-656.974,-1667.13
0.108932,-843.174,-723.512,-1566.69
0.109122,586.411,234.632,821.043
0.109312,308.312,370.463,678.775
0.109502,689.656,657.89,1347.55
0.109692,-1183.5,-858.662,-2042.17
0.109883,-613.257,-568.586,-1181.84
0.110074,612.844,599.933,1212.78
0.110265,891.468,762.786,1654.25
0.110456,445.79,464.497,910.287
0.110647,1051.5,920.861,1972.36
0.110839,-876.789,-985.312,-1862.1
0.11103,1071.75,637.969,1709.72
0.111222,-55.6919,-384.487,-440.179
0.111414,908.397,651.793,1560.19
0.111607,-157.87,-317.271,-475.142
0.111799,609.477,439.537,1049.01
0.111991,-627.211,-559.496,-1186.71
0.112184,883.511,698.003,1581.51
0.112377,-523.977,-401.118,-925.094
0.11257,872.511,744.629,1617.14
0.112763,-439.565,-404.414,-843.978
0.112957,801.985,693.34,1495.33
0.11315,-332.602,-346.551,-679.153
0.113344,715.811,601.771,1317.58
0.113538,-440.061,-417.569,-857.63
0.113732,707.647,577.429,1285.08
0.113927,-383.229,-371.399,-754.628
0.114121,756.923,666.426,1423.35
0.114316,-349.019,-333.063,-682.082
0.11451,788.521,666.806,1455.33
0.114706,-441.724,-422.725,-864.448
0.114901,841.69,721.644,1563.33
0.115096,-452.082,-457.433,-909.515
0.115292,852.381,712.322,1564.7
0.115487,-474.027,-470.164,-944.191
0.115683,831.431,693.36,1524.79
0.115879,-491.121,-475.234,-966.356
0.116076,988.815,803.487,1792.3
0.116272,-646.444,-607.892,-1254.34
0.116469,939.852,784.175,1724.03
0.116665,-520.641,-482.09,-1002.73
0.116862,987.496,835.453,1822.95
0.117059,-543.42,-516.054,-1059.47
0.117257,952.818,798.637,1751.45
0.117454,-573.2,-539.403,-1112.6
0.117652,898.298,754.341,1652.64
0.11785,-560.392,-535.429,-1095.82
0.118048,896.554,733.443,1630
0.118246,-472.011,-463.789,-935.8
0.118445,257.92,-62.9181,195.002
0.118643,1008.64,518.359,1527
0.118842,886.065,580.274,1466.34
0.119041,1084.54,561.885,1646.42
0.11924,984.008,552.694,1536.7
0.119439,1400.38,740.459,2140.84
0.119639,-394.518,-327.681,-722.2
0.119838,-42.2969,55.05,12.7531
0.120038,-431.482,-466.757,-898.239
0.120238,1014.63,934.542,1949.18
0.120439,-817.551,-677.533,-1495.08
0.120639,1281.43,975.012,2256.44
0.12084,-1295.85,-1024.6,-2320.46
0.12104,1324.48,1167.81,2492.29
0.121241,-1161.59,-865.533,-2027.12
0.121442,1526.43,1169.25,2695.68
0.121644,-1308.34,-1033.54,-2341.88
0.121845,1479.8,1188.67,2668.47
0.122047,-1158.99,-978.039,-2137.03
0.122249,1412.86,1129.21,2542.07
0.122451,-1263.87,-1033.63,-2297.5
0.122653,1426.61,1164.41,2591.02
0.122855,-1223.52,-1020.62,-2244.14
0.123058,1437.91,1167.78,2605.69
0.123261,-1288.41,-1056.8,-2345.21
0.123464,1475.6,1180.16,2655.76
0.123667,-1183.32,-971.339,-2154.66
0.12387,1433.11,1137.64,2570.76
0.124074,-1173.97,-925.826,-2099.79
0.124277,1360.99,1074,2434.99
0.124481,-1123.82,-896.733,-2020.55
0.124685,1462.6,1153.03,2615.63
0.12489,-1259.44,-997.79,-2257.23
0.125094,1386.54,1077.43,2463.97
0.125299,-1224.86,-951.212,-2176.08
0.125504,1495.09,1153.86,2648.95
0.125709,-1212.21,-971.489,-2183.69
0.125914,1384.02,1071.65,2455.67
0.126119,-1119.82,-897.394,-2017.22
0.126325,1425.77,1120.99,2546.76
0.12653,-1127.87,-933.405,-2061.27
0.126736,1374.66,1096.29,2470.95
0.126942,-1118.27,-872.187,-1990.45
0.127149,1379.33,1041.81,2421.14
0.127355,-1010.47,-835.229,-1845.7
0.127562,1386.1,1130.46,2516.57
0.127769,-1094.59,-878.186,-1972.77
0.127976,1314.86,1033.57,2348.43
0.128183,-1052.17,-848.994,-1901.17
0.128391,1253.54,975.916,2229.46
0.128598,-958.419,-779.6,-1738.02
0.128806,1309.78,1035.97,2345.75
0.129014,-1088.37,-882.399,-1970.77
0.129222,1333.46,1056.08,2389.54
0.129431,-972.689,-796.969,-1769.66
0.129639,1278.29,1011.94,2290.23
0.129848,-951.983,-779.371,-1731.35
0.130057,1260.76,999.034,2259.79
0.130266,-824.982,-664.623,-1489.61
0.130475,1150.9,923.841,2074.74
0.130685,-824.968,-698.232,-1523.2
0.130895,1194.69,938.779,2133.47
0.131105,-790.293,-633.053,-1423.35
0.131315,1188.23,935.916,2124.14
0.131525,-816.982,-697.071,-1514.05
0.131735,1195.17,958.316,2153.48
0.131946,-800.859,-666.1,-1466.96
0.132157,1253.8,997.431,2251.23
0.132368,-917.823,-780.153,-1697.98
0.132579,1181.99,950.739,2132.73
0.132791,-818.987,-688.731,-1507.72
0.133002,1248.87,997.278,2246.15
0.133214,-846.449,-719.216,-1565.67
0.133426,1120.74,904.968,2025.7
0.133638,-716.03,-610.402,-1326.43
0.133851,1091.21,881.467,1972.68
0.134063,-768.275,-654.597,-1422.87
0.134276,1125.25,889.109,2014.35
0.134489,-706.645,-598.993,-1305.64
0.134702,1038.08,827.105,1865.18
0.134916,-708.373,-620.205,-1328.58
0.135129,1089.1,874.794,1963.89
0.135343,-597.825,-508.595,-1106.42
0.135557,1025.24,825.16,1850.4
0.135771,-685.373,-598.576,-1283.95
0.135985,1125.46,918.998,2044.46
0.1362,-552.22,-489.587,-1041.81
0.136415,994.531,795.413,1789.94
0.13663,-641.551,-571.351,-1212.9
0.136845,1140.68,914.805,2055.48
0.13706,-592.03,-544.417,-1136.45
0.137275,1026.77,840.722,1867.49
0.137491,-605.154,-549.634,-1154.79
0.137707,1088.38,879.027,1967.41
0.137923,-561.68,-509.533,-1071.21
0.138139,960.82,774.403,1735.22
0.138356,-641.945,-564.112,-1206.06
0.138573,1119.02,913.216,2032.23
0.13879,-511.021,-480.086,-991.107
0.139007,868.209,696.903,1565.11
0.139224,-603.621,-536.996,-1140.62
0.139441,1238.23,991.035,2229.26
0.139659,-622.255,-573.872,-1196.13
0.139877,953.447,789.028,1742.48
0.140095,-664.805,-598.566,-1263.37
0.140313,1304.57,1052.78,2357.35
0.140532,-524.553,-493.268,-1017.82
0.14075,906.378,748.628,1655.01
0.140969,-687.767,-650.172,-1337.94
0.141188,1207.19,974.102,2181.3
0.141408,-586.361,-528.668,-1115.03
0.141627,951.158,574.897,1526.05
0.141847,-541.764,-536.56,-1078.32
0.142067,649.088,626.816,1275.9
0.142287,-876.161,-571.297,-1447.46
0.142507,499.515,691.351,1190.87
0.142727,-991.015,-564.276,-1555.29
0.142948,780.707,718.632,1499.34
0.143169,-704.9,-608.487,-1313.39
0.14339,1007.59,686.229,1693.82
0.143611,-663.177,-650.535,-1313.71
0.143833,765.505,598.365,1363.87
0.144054,-731.462,-719.621,-1451.08
0.144276,986.414,729.145,1715.56
0.144498,-509.038,-546.712,-1055.75
0.144721,443.42,342.317,785.737
0.144943,-322.768,-379.694,-702.461
0.145166,569.692,474.078,1043.77
0.145389,-258.085,-264.82,-522.904
0.145612,703.338,548.578,1251.92
0.145835,-468.261,-453.642,-921.904
0.146058,572.418,461.509,1033.93
0.146282,-248.056,-284.758,-532.814
0.146506,718.007,560.011,1278.02
0.14673,-271.347,-279.985,-551.332
0.146954,607.232,470.054,1077.29
0.147179,-2.41834,-28.5236,-30.9419
0.147404,179.903,122.479,302.382
0.147629,176.62,63.9898,240.61
0.147854,26.8742,-41.7809,-14.9067
0.148079,629.329,504.328,1133.66
0.148304,-200.392,-230.93,-431.323
0.14853,492.541,404.124,896.665
0.148756,383.514,304.243,687.757
0.148982,224.596,148.132,372.727
0.149209,-82.4861,-151.782,-234.268
0.149435,635.179,554.859,1190.04
0.149662,-189.334,-220.398,-409.732
0.149889,716.171,574.399,1290.57
0.150116,-76.4549,-164.878,-241.333
0.150343,673.984,582.444,1256.43
0.150571,-236.975,-281.012,-517.988
0.150799,707.411,573.7,1281.11
0.151027,-70.4345,-157.253,-227.687
0.151255,613.374,526.422,1139.8
0.151483,-276.842,-283.96,-560.802
0.151712,547.614,446.532,994.145
0.151941,-154.122,-235.778,-389.9
0.15217,543.802,481.443,1025.25
0.152399,-79.5912,-165.976,-245.567
0.152629,506.635,424.37,931.006
0.152858,-109.9,-195.517,-305.417
0.153088,567.307,480.985,1048.29
0.153318,-88.08,-151.805,-239.885
0.153549,516.847,429.817,946.664
0.153779,-57.2474,-153.66,-210.907
0.15401,591.389,516.682,1108.07
0.154241,-156.404,-235.515,-391.919
0.154472,663.452,550.486,1213.94
0.154703,-153.835,-252.362,-406.197
0.154935,553.79,485.075,1038.87
0.155166,-66.0538,-156.529,-222.583
0.155398,782.235,654.712,1436.95
0.155631,-236.354,-305.503,-541.858
0.155863,559.128,478.529,1037.66
0.156096,-97.0088,-190.233,-287.241
0.156328,658.318,538.412,1196.73
0.156561,-340.11,-375.645,-715.756
0.156795,643.453,548.058,1191.51
0.157028,-130.227,-192.314,-322.541
0.157262,687.25,551.32,1238.57
0.157496,-180.27,-252.746,-433.016
0.15773,706.395,576.94,1283.34
0.157964,-190.656,-242.879,-433.534
0.158199,733.668,609.652,1343.32
0.158433,-178.323,-273.94,-452.263
0.158668,955.902,782.928,1738.83
0.158903,-393.744,-369.995,-763.738
0.159139,-952.917,-1225.4,-2178.32
0.159374,908.625,779.926,1688.55
0.15961,-787.841,-1184.19,-1972.03
0.159846,1109.66,841.886,1951.54
0.160082,643.705,548.113,1191.82
0.160319,-796.068,-1158.39,-1954.46
0.160555,-456.952,-938.027,-1394.98
0.160792,-1095.62,-1246.94,-2342.56
0.161029,1218.17,473.755,1691.93
0.161267,-727.258,-932.589,-1659.85
0.161504,970.372,583.19,1553.56
0.161742,-669.006,-652.232,-1321.24
0.16198,990.411,719.25,1709.66
0.162218,-415.742,-349.058,-764.801
0.162456,980.01,855.222,1835.23
0.162695,-567.763,-539.593,-1107.36
0.162934,839.542,677.436,1516.98
0.163173,-801.722,-688.532,-1490.25
0.163412,1079.5,859.997,1939.49
0.163652,-701.108,-651.524,-1352.63
0.163891,1159.78,858.707,2018.48
0.164131,-771.575,-675.028,-1446.6
0.164371,979.614,765.344,1744.96
0.164612,-613.119,-590.526,-1203.65
0.164852,1025.11,801.539,1826.65
0.165093,-685.63,-617.16,-1302.79
0.165334,767.474,668.652,1436.13
0.165575,-711.812,-691.304,-1403.12
0.165817,1098.22,747.432,1845.65
0.166058,-676.165,-581.364,-1257.53
0.1663,966.664,705.801,1672.47
0.166542,-479.42,-468.239,-947.659
0.166785,-536.602,-384.738,-921.341
0.167027,1213.78,738.434,1952.21
0.16727,-498.492,-379.179,-877.67
0.167513,1023.34,654.526,1677.87
0.167756,-397.407,-290.489,-687.896
0.167999,897.025,662.47,1559.5
0.168243,269.23,214.973,484.202
0.168487,-752.324,-686.534,-1438.86
0.168731,1203.98,785.947,1989.93
0.168975,-376.916,-362.451,-739.367
0.16922,957.142,789.684,1746.83
0.169465,-670.204,-643.766,-1313.97
0.16971,1175.11,977.877,2152.99
0.169955,-705.143,-685.509,-1390.65
0.1702,1098.93,756.238,1855.16
0.170446,-292.228,-291.88,-584.108
0.170692,757.64,579.824,1337.46
0.170938,-576.718,-570.411,-1147.13
0.171184,1138.42,833.066,1971.49
0.171431,-642.04,-560.319,-1202.36
0.171677,1001.25,780.082,1781.33
0.171924,-550.479,-520.316,-1070.79
0.172171,1069.4,803.559,1872.96
0.172419,-590.926,-555.004,-1145.93
0.172667,1028.45,809.114,1837.56
0.172914,491.219,292.035,783.255
0.173163,-243.442,-451.903,-695.345
0.173411,1340.79,1017.89,2358.68
0.173659,-441.893,-528.241,-970.134
0.173908,848.118,661.469,1509.59
0.174157,621.469,529.043,1150.51
0.174406,343.904,314.252,658.156
0.174656,219.905,169.563,389.468
0.174906,-826.442,-995.373,-1821.82
0.175156,475.295,433.755,909.05
0.175406,-863.671,-719.281,-1582.95
0.175656,696.892,744.337,1441.23
0.175907,-784.769,-774.633,-1559.4
0.176157,694.444,552.822,1247.27
0.176408,-522.674,-407.712,-930.386
0.17666,779.831,693.822,1473.65
0.176911,-668.522,-529.094,-1197.62
0.177163,978.645,794.602,1773.25
0.177415,-534.256,-422.115,-956.371
0.177667,794.774,654.925,1449.7
0.17792,-582.702,-546.26,-1128.96
0.178172,859.366,610.432,1469.8
0.178425,-745.307,-612.099,-1357.41
0.178678,1088.07,849.865,1937.93
0.178932,-787.039,-656.931,-1443.97
0.179185,1005.09,754.426,1759.51
0.179439,-768.827,-625.245,-1394.07
0.179693,1071.48,810.57,1882.05
0.179947,-758.542,-584.314,-1342.86
0.180202,1200.11,896.857,2096.97
0.180457,-798.428,-629.191,-1427.62
0.180711,1111.2,801.347,1912.54
0.180967,-798.852,-611.234,-1410.09
0.181222,1152.45,872.277,2024.73
0.181478,-743.474,-577.693,-1321.17
0.181734,1163.52,831.51,1995.03
0.18199,-823.701,-668.125,-1491.83
0.182246,1193.69,909.983,2103.67
0.182503,-895.97,-729.139,-1625.11
0.18276,1229.79,939.41,2169.2
0.183017,-902.052,-729.16,-1631.21
0.183274,1219.5,903.779,2123.28
0.183531,-901.486,-711.83,-1613.32
0.183789,1240.48,913.77,2154.25
0.184047,-805.366,-665.619,-1470.98
0.184305,1229.27,913.769,2143.04
0.184564,-872.835,-687.331,-1560.17
0.184822,1231.23,895.691,2126.92
0.185081,-802.759,-693.492,-1496.25
0.185341,1286.98,999.438,2286.42
0.1856,-848.299,-656.792,-1505.09
0.18586,1312.83,983.756,2296.58
0.186119,-883.833,-741.911,-1625.74
0.18638,1334.34,1029.11,2363.45
0.18664,-886.146,-720.294,-1606.44
0.186901,1286.03,994.802,2280.83
0.187161,-780.199,-675.694,-1455.89
0.187422,1326.56,1011.14,2337.7
0.187684,-793.387,-673.842,-1467.23
0.187945,1209.99,940.107,2150.09
0.188207,-727.1,-624.617,-1351.72
0.188469,1248.85,953.503,2202.36
0.188731,-771.037,-644.292,-1415.33
0.188994,1273.92,946.252,2220.17
0.189256,-670.711,-597.197,-1267.91
0.189519,1231.3,954.958,2186.26
0.189783,-673.364,-546.143,-1219.51
0.190046,1178.4,909.656,2088.06
0.19031,-733.961,-628.69,-1362.65
0.190574,1209.64,932.919,2142.56
0.190838,-691.504,-583.975,-1275.48
0.191102,1186.04,927.232,2113.27
0.191367,-651.663,-549.344,-1201.01
0.191632,1222.55,960.746,2183.3
0.191897,-743.722,-647.406,-1391.13
0.192162,1241.61,974.137,2215.75
0.192428,-658.442,-545.423,-1203.87
0.192694,1220.61,948.996,2169.6
0.19296,-741.374,-647.869,-1389.24
0.193226,1223.56,931.156,2154.72
0.193493,-679.424,-591.266,-1270.69
0.193759,1289.95,1007.96,2297.9
0.194026,-779.181,-668.999,-1448.18
0.194294,1219.48,940.745,2160.22
0.194561,-564.547,-509.952,-1074.5
0.194829,1186.44,920.24,2106.68
0.195097,-641.874,-547.764,-1189.64
0.195365,1087.91,832.311,1920.22
0.195634,-582.269,-493.143,-1075.41
0.195903,1346.68,1034.02,2380.7
0.196172,-701.273,-621.72,-1322.99
0.196441,1223.07,951.325,2174.39
0.19671,-648.09,-555.456,-1203.55
0.19698,1221.24,943.36,2164.6
0.19725,-587.014,-540.019,-1127.03
0.19752,1289.38,993.808,2283.19
0.197791,-607.096,-532.166,-1139.26
0.198062,1173.13,927.713,2100.84
0.198333,-646.171,-568.939,-1215.11
0.198604,1285.53,1006.77,2292.3
0.198875,-639.605,-578.829,-1218.43
0.199147,1183.19,903.256,2086.44
0.199419,-601.343,-512.54,-1113.88
0.199691,1300.55,1003.91,2304.46
0.199964,-665.124,-618.459,-1283.58
0.200236,1237.04,969.946,2206.99
0.200509,-481.377,-437.053,-918.43
0.200782,1142.09,881.273,2023.36
0.201056,1259.1,832.72,2091.82
0.201329,-578.671,-587.071,-1165.74
0.201603,1438.93,1080.56,2519.49
0.201878,-682.826,-624.786,-1307.61
0.202152,-707.386,-855.267,-1562.65
0.202427,1081.61,849.947,1931.56
0.202702,-860.437,-772.29,-1632.73
0.202977,1234.8,1012.89,2247.69
0.203252,-630.791,-532.47,-1163.26
0.203528,1337.33,1081.64,2418.97
0.203804,-596.608,-515.49,-1112.1
0.20408,863.234,764.677,1627.91
0.204356,-768.569,-689.664,-1458.23
0.204633,936.597,795.476,1732.07
0.20491,-429.15,-383.113,-812.263
0.205187,847.839,759.335,1607.17
0.205465,-598.65,-591.879,-1190.53
0.205742,858.084,714.248,1572.33
0.20602,-653.293,-576.192,-1229.48
0.206299,1058.91,881.917,1940.82
0.206577,-598.732,-587.439,-1186.17
0.206856,867.187,749.039,1616.23
0.207135,-556.383,-578.122,-1134.5
0.207414,888.359,760.28,1648.64
0.207693,-631.598,-601.141,-1232.74
0.207973,953.431,769.556,1722.99
0.208253,-720.21,-670.513,-1390.72
0.208533,1036.48,851.403,1887.89
0.208814,-589.208,-557.612,-1146.82
0.209095,1011.35,799.683,1811.03
0.209376,-582.705,-571.443,-1154.15
0.209657,1027.57,803.899,1831.47
0.209938,-611.749,-564.085,-1175.83
0.21022,1078.62,823.517,1902.14
0.210502,-644.677,-592.181,-1236.86
0.210784,1076.62,848.156,1924.78
0.211067,-611.46,-568.059,-1179.52
0.21135,1086.26,842.471,1928.73
0.211633,-626.718,-559.688,-1186.41
0.211916,968.153,736.617,1704.77
0.2122,-427.224,-408.998,-836.221
0.212483,1069.64,797.005,1866.65
0.212767,-354.997,-348.364,-703.36
0.213052,939.233,697.707,1636.94
0.213336,-352.397,-315.452,-667.848
0.213621,908.704,673.156,1581.86
0.213906,-334.865,-319.553,-654.418
0.214192,849.629,612.554,1462.18
0.214477,-356.449,-346.443,-702.892
0.214763,921.852,664.3,1586.15
0.215049,-338.915,-298.037,-636.952
0.215336,786.858,563.755,1350.61
0.215622,-314.992,-302.916,-617.908
0.215909,886.313,643.358,1529.67
0.216197,-390.086,-331.574,-721.66
0.216484,909.077,660.161,1569.24
0.216772,-428.585,-370.826,-799.411
0.21706,932.156,666.662,1598.82
0.217348,-394.025,-361.238,-755.263
0.217636,933.63,676.958,1610.59
0.217925,-373.469,-306.646,-680.116
0.218214,906.539,642.327,1548.87
0.218504,-369.625,-345.054,-714.679
0.218793,896.947,644.092,1541.04
0.219083,-346.471,-300.742,-647.213
0.219373,886.048,623.9,1509.95
0.219663,-344.903,-343.147,-688.05
0.219954,982.411,700.59,1683
0.220245,-426.092,-348.934,-775.026
0.220536,883.339,635.535,1518.87
0.220827,-322.524,-295.591,-618.115
0.221119,864.835,608.286,1473.12
0.221411,-410.099,-356.817,-766.916
0.221703,921.363,655.403,1576.77
0.221996,-267.818,-280.359,-548.177
0.222288,854.479,602.332,1456.81
0.222581,-234.329,-205.52,-439.849
0.222875,893.88,674.727,1568.61
0.223168,-363.303,-330.031,-693.333
0.223462,931.441,699.48,1630.92
0.223756,-437.46,-379.113,-816.573
0.22405,1014.42,739.875,1754.29
0.224345,-453.659,-375.147,-828.807
0.22464,976.396,710.951,1687.35
0.224935,-478.697,-413.472,-892.168
0.22523,1035.93,777.906,1813.84
0.225526,-451.267,-383.29,-834.557
0.225822,973.794,729.351,1703.14
0.226118,-451.278,-412.539,-863.817
0.226414,969.892,702.245,1672.14
0.226711,-467.226,-396.556,-863.783
0.227008,1056.69,786.095,1842.79
0.227305,-504.322,-437.001,-941.323
0.227603,1036.75,784.018,1820.77
0.227901,-491.329,-415.719,-907.047
0.228199,979.135,712.576,1691.71
0.228497,-398.602,-384.942,-783.544
0.228796,933.138,688.819,1621.96
0.229095,-255.098,-233.903,-489.001
0.229394,930.06,693.174,1623.23
0.229693,-414.155,-356.498,-770.653
0.229993,936.63,687.274,1623.9
0.230293,-337.16,-316.301,-653.461
0.230593,914.452,665.515,1579.97
0.230894,-388.026,-336.888,-724.914
0.231195,1026.04,736.562,1762.6
0.231496,-303.694,-297.512,-601.206
0.231797,934.88,674.237,1609.12
0.232099,-297.596,-248.056,-545.652
0.232401,962.113,694.562,1656.67
0.232703,-188.971,-178.257,-367.227
0.233005,804.546,557.138,1361.68
0.233308,-289.194,-272.538,-561.732
0.233611,912.939,643.815,1556.75
0.233914,-179.633,-148.122,-327.755
0.234218,920.481,656.357,1576.84
0.234522,-326.184,-282.994,-609.178
0.234826,909.329,643.263,1552.59
0.23513,-252.384,-232.453,-484.837
0.235435,902.714,647.677,1550.39
0.23574,-419.749,-377.422,-797.171
0.236045,977.342,712.811,1690.15
0.236351,-169.889,-139.559,-309.447
0.236656,826.514,587.91,1414.42
0.236962,-166.761,-167.587,-334.348
0.237269,762.102,534.271,1296.37
0.237575,-41.3272,-48.4909,-89.8181
0.237882,728.407,484.106,1212.51
0.238189,-129.582,-104.519,-234.101
0.238497,660.271,428.558,1088.83
0.238805,-62.4878,-54.4342,-116.922
0.239113,746.775,508.558,1255.33
0.239421,-172.377,-151.859,-324.236
0.239729,731.244,506.098,1237.34
0.240038,-48.0801,-45.234,-93.3141
0.240347,749.562,523.664,1273.23
0.240657,-213.535,-213.582,-427.118
0.240967,807.077,563.053,1370.13
0.241277,-37.789,-31.9446,-69.7335
0.241587,735.658,490.451,1226.11
0.241897,-171.154,-150.227,-321.381
0.242208,830.579,588.463,1419.04
0.242519,-219.007,-205.087,-424.094
0.242831,806.777,551.829,1358.61
0.243142,-238.723,-229.983,-468.705
0.243454,921.46,666.037,1587.5
0.243766,-131.617,-117.905,-249.522
0.244079,656.454,415.022,1071.48
0.244392,-170.723,-172.13,-342.853
0.244705,878.021,628.122,1506.14
0.245018,-457.205,-408.216,-865.421
0.245332,997.677,711.108,1708.79
0.245646,-965.295,-326.193,-1291.49
0.24596,-824.718,-226.086,-1050.8
0.246275,-410.989,-59.3484,-470.338
0.246589,-113.195,-29.533,-142.728
0.246904,-484.699,-480.677,-965.376
0.24722,463.415,345.679,809.094
0.247535,629.655,368.487,998.142
0.247851,630.769,581.675,1212.44
0.248168,-313.129,-362.876,-676.005
0.248484,780.431,605.387,1385.82
0.248801,-293.403,-428.58,-721.983
0.249118,859.997,715.49,1575.49
0.249435,-63.6624,-206.101,-269.763
0.249753,902.805,756.568,1659.37
0.250071,-392.434,-412.296,-804.73
0.250389,913.676,802.793,1716.47
0.250708,-155.759,-296.871,-452.63
0.251027,861.376,698.678,1560.05
0.251346,-365.248,-400.644,-765.893
0.251665,917.535,767.706,1685.24
0.251985,-323.877,-382.14,-706.017
0.252305,964.103,777.449,1741.55
0.252625,-403.646,-447.732,-851.378
0.252946,931.359,782.217,1713.58
0.253267,-251.044,-337.572,-588.616
0.253588,845.324,669.059,1514.38
0.253909,-328.063,-396.246,-724.309
0.254231,945.986,774.536,1720.52
0.254553,-283.378,-336.07,-619.448
0.254875,830.104,680.467,1510.57
0.255198,-306.178,-359.542,-665.72
0.255521,872.418,707.838,1580.26
0.255844,-220.823,-270.836,-491.659
0.256167,738.538,597.25,1335.79
0.256491,-268.484,-318.804,-587.288
0.256815,970.455,753.12,1723.57
0.25714,-294.914,-336.918,-631.832
0.257464,917.671,724.168,1641.84
0.257789,-357.375,-366.112,-723.487
0.258115,944.16,718.364,1662.52
0.25844,-253.121,-297.01,-550.13
0.258766,895.226,691.865,1587.09
0.259092,-319.864,-332.313,-652.178
0.259419,828.206,643.186,1471.39
0.259745,-232.061,-279.507,-511.567
0.260072,889.33,678.832,1568.16
0.2604,-319.58,-334.228,-653.808
0.260727,906.12,696.002,1602.12
0.261055,-375.048,-397.925,-772.973
0.261384,871.624,675.443,1547.07
0.261712,-131.983,-192.038,-324.02
0.262041,853.124,662.266,1515.39
0.26237,-312.376,-361.45,-673.826
0.262699,877.399,684.949,1562.35
0.263029,-145.522,-202.748,-348.27
0.263359,716.961,555.549,1272.51
0.26369,-97.2087,-176.164,-273.373
0.26402,795.749,616.636,1412.39
0.264351,-109.793,-180.63,-290.423
0.264682,898.07,705.461,1603.53
0.265014,-217.692,-283.579,-501.271
0.265346,737.946,585.502,1323.45
0.265678,29.0402,-77.0377,-47.9975
0.26601,826.532,635.309,1461.84
0.266343,-146.871,-225.718,-372.589
0.266676,738.929,576.022,1314.95
0.267009,35.0107,-78.2261,-43.2154
0.267343,705.18,544.786,1249.97
0.267677,-160.747,-249.031,-409.778
0.268011,652.617,516.863,1169.48
0.268346,170.092,42.5266,212.619
0.268681,605.845,465.165,1071.01
0.269016,4.46318,-101.962,-97.4986
0.269351,559.456,436.313,995.769
0.269687,322.944,171.147,494.091
0.270023,675.81,526.633,1202.44
0.270359,-286.023,-337.863,-623.886
0.270696,766.075,601.317,1367.39
0.271033,296.858,146.764,443.621
0.27137,630.338,478.04,1108.38
0.271708,-153.571,-226.447,-380.018
0.272046,838.997,649.983,1488.98
0.272384,217.728,77.2076,294.936
0.272723,442.68,332.221,774.901
0.273062,230.078,105.779,335.857
0.273401,216.701,124.177,340.878
0.27374,968.861,739.412,1708.27
0.27408,-550.117,-531.016,-1081.13
0.27442,1306.8,1024.96,2331.77
0.27476,-422.312,-442.069,-864.381
0.275101,1271,962.548,2233.55
0.275442,-474.165,-483.492,-957.657
0.275783,1168.54,921.474,2090.01
0.276125,-485.26,-490.154,-975.413
0.276467,1144.46,869.74,2014.2
0.276809,-95.1279,-195.993,-291.121
0.277152,496.458,300.586,797.044
0.277495,89.0135,-20.0993,68.9142
0.277838,362.727,196.388,559.115
0.278181,621.928,449.969,1071.9
0.278525,538.428,376.846,915.274
0.278869,-105.488,-204.833,-310.321
0.279214,583.604,423.049,1006.65
0.279558,-133.684,-227.357,-361.04
0.279903,1242.95,984.075,2227.03
0.280249,710.31,548.691,1259
0.280594,-172.933,-240.762,-413.694
0.28094,755.785,573.979,1329.76
0.281287,111.088,-39.1277,71.9604
0.281633,685.386,509.044,1194.43
0.28198,167.969,47.4807,215.45
0.282328,485.74,334.376,820.115
0.282675,156.031,26.0438,182.075
0.283023,423.081,302.859,725.94
0.283371,263.056,114.272,377.329
0.28372,738.88,558.657,1297.54
0.284069,419.34,231.342,650.682
0.284418,319.459,211.568,531.027
0.284767,369.241,196.11,565.35
0.285117,315.342,198.906,514.248
0.285467,600.448,408.162,1008.61
0.285818,350.271,217.98,568.251
0.286168,402.832,217.323,620.156
0.286519,319.155,180.778,499.933
0.286871,674.836,472.139,1146.97
0.287222,279.621,175.607,455.228
0.287574,386.465,207.579,594.045
0.287927,271.973,167.896,439.869
0.288279,698.084,519.671,1217.75
0.288632,-517.018,-459.726,-976.744
0.288986,1004.92,905.332,1910.25
0.289339,1074.82,881.085,1955.91
0.289693,840.73,827.714,1668.44
0.290048,962.611,795.949,1758.56
0.290402,1226.3,931.408,2157.71
0.290757,-750.364,-785.14,-1535.5
0.291112,1249.6,1011.56,2261.16
0.291468,-346.326,-431.526,-777.852
0.291824,1508.98,1226.74,2735.72
0.29218,-490.967,-556.599,-1047.57
0.292536,1214.13,1036.65,2250.77
0.292893,-564.66,-654.373,-1219.03
0.293251,1351.42,1064.52,2415.94
0.293608,-631.366,-656.997,-1288.36
0.293966,-569.911,-672.184,-1242.1
0.294324,-678.288,-738.528,-1416.82
0.294682,-359.133,-640.117,-999.25
0.295041,-278.391,-413.675,-692.066
0.2954,1004.97,864.457,1869.42
0.29576,-1065.18,-845.093,-1910.27
0.29612,1118.6,862.861,1981.46
0.29648,-1014.46,-891.461,-1905.92
0.29684,890.926,777.122,1668.05
0.297201,-587.649,-690.319,-1277.97
0.297562,1026.07,838.516,1864.59
0.297923,-574.786,-525.419,-1100.2
0.298285,379.948,306.702,686.65
0.298647,148.41,3.92258,152.332
0.29901,107.77,-103.952,3.81846
0.299372,-517.701,-523.177,-1040.88
0.299735,618.771,734.165,1352.94
0.300099,-573.892,-712.035,-1285.93
0.300463,1073.1,1138.56,2211.67
0.300827,-565.592,-679.129,-1244.72
0.301191,1204.76,1093.52,2298.28
0.301556,-714.371,-929.268,-1643.64
0.301921,1334.77,1264.76,2599.52
0.302286,-845.07,-989.794,-1834.86
0.302652,1460.83,1268.81,2729.64
0.303018,-923.847,-1069.02,-1992.86
0.303384,1151.96,1152.63,2304.59
0.303751,-1079.71,-1155.29,-2235
0.304118,1288.06,1185.83,2473.9
0.304485,-928.9,-966.87,-1895.77
0.304853,1271.63,1165.53,2437.16
0.305221,-932.025,-977.073,-1909.1
0.30559,1213.61,1083.09,2296.71
0.305958,-859.098,-887.13,-1746.23
0.306327,1241.72,1100.11,2341.83
0.306697,-870.164,-901.455,-1771.62
0.307067,1180.98,1022.59,2203.57
0.307437,-806.338,-836.193,-1642.53
0.307807,1226.36,1093.09,2319.45
0.308178,-861.517,-851.09,-1712.61
0.308549,1275.68,1089.26,2364.94
0.30892,-835.467,-831.285,-1666.75
0.309292,1238.83,1074.95,2313.78
0.309664,-792.192,-814.138,-1606.33
0.310036,1144.89,974.168,2119.06
0.310409,-771.316,-767.086,-1538.4
0.310782,1215.88,1016.03,2231.91
0.311156,-851.96,-822.412,-1674.37
0.31153,1238.12,1000.49,2238.61
0.311904,-819.505,-791.405,-1610.91
0.312278,1226.21,975.334,2201.54
0.312653,-871.831,-824.061,-1695.89
0.313028,1345.51,1066.57,2412.07
0.313404,-898.729,-830.155,-1728.88
0.313779,1324.81,1042,2366.81
0.314155,-862.854,-786.285,-1649.14
0.314532,1352.79,1039.87,2392.65
0.314909,-859.849,-782.315,-1642.16
0.315286,1269.78,1011.88,2281.66
0.315664,-850.647,-778.073,-1628.72
0.316041,1344.67,1050.79,2395.46
0.31642,-786.88,-741.924,-1528.8
0.316798,1299.41,1015.95,2315.36
0.317177,-776.935,-683.535,-1460.47
0.317556,1351.14,1013.99,2365.14
0.317936,-771.895,-675.723,-1447.62
0.318316,1333.54,1033.7,2367.24
0.318696,-865.537,-754.044,-1619.58
0.319077,1375.65,1043.5,2419.15
0.319458,-793.407,-685.635,-1479.04
0.319839,1349.29,1030.64,2379.92
0.320221,-723.941,-642.558,-1366.5
0.320603,1273.63,950.051,2223.68
0.320985,-729.231,-667.865,-1397.1
0.321368,1302.56,981.009,2283.57
0.321751,-780.759,-678.847,-1459.61
0.322134,1358.8,1022.22,2381.01
0.322518,-806.031,-716.722,-1522.75
0.322902,1366.32,1032.24,2398.57
0.323287,-791.954,-691.995,-1483.95
0.323672,1329.33,991.733,2321.06
0.324057,-669.193,-605.5,-1274.69
0.324442,1331.68,990.223,2321.91
0.324828,-743.79,-664.55,-1408.34
0.325214,1377.08,1013.84,2390.92
0.325601,-682.896,-616.079,-1298.97
0.325988,1341.76,1008.56,2350.32
0.326375,-717.429,-634.51,-1351.94
0.326763,1325.48,975.889,2301.37
0.327151,-642.115,-585.259,-1227.37
0.327539,1284.57,968.487,2253.06
0.327928,-649.122,-589.813,-1238.94
0.328317,1249.92,919.476,2169.4
0.328706,-577.191,-540.281,-1117.47
0.329096,1301.44,964.94,2266.38
0.329486,-690.31,-626.716,-1317.03
0.329876,1321.15,966.847,2288
0.330267,-639.016,-581.551,-1220.57
0.330658,1341.14,993.901,2335.04
0.33105,-678.338,-622.492,-1300.83
0.331442,1314.31,972.825,2287.14
0.331834,-662.328,-605.274,-1267.6
0.332226,1388.62,1024.23,2412.85
0.332619,-625.055,-565.483,-1190.54
0.333013,1374.17,1019.01,2393.19
0.333406,-671.761,-622.693,-1294.45
0.3338,1392.69,1034.4,2427.09
0.334195,-711.919,-629.893,-1341.81
0.334589,1393.28,1030.95,2424.23
0.334984,-705.765,-650.044,-1355.81
0.33538,1371.94,1025.9,2397.84
0.335776,-636.744,-579.82,-1216.56
0.336172,1406.29,1033.2,2439.49
0.336568,-735.756,-661.31,-1397.07
0.336965,1439.67,1057.68,2497.35
0.337362,-698.244,-614.333,-1312.58
0.33776,1383.79,1004.59,2388.38
0.338158,-683.232,-622.545,-1305.78
0.338556,1417.21,1049.99,2467.21
0.338955,-681.357,-636.57,-1317.93
0.339354,1461.45,1095.45,2556.9
0.339753,-672.789,-600.571,-1273.36
0.340153,1359.75,993.953,2353.71
0.340553,-617.97,-582.088,-1200.06
0.340954,1422.35,1066.24,2488.59
0.341355,-645.605,-603.566,-1249.17
0.341756,1405.9,1035.53,2441.43
0.342158,-657.004,-609.57,-1266.57
0.34256,1426.21,1048.97,2475.19
0.342962,-685.615,-624.168,-1309.78
0.343365,1409.98,1039.3,2449.28
0.343768,-671.684,-613.111,-1284.79
0.344171,1435.85,1041.3,2477.15
0.344575,-679.844,-629.139,-1308.98
0.344979,1478.45,1093.15,2571.6
0.345384,-709.115,-656.278,-1365.39
0.345788,1502.35,1101.68,2604.03
0.346194,-701.091,-647.548,-1348.64
0.346599,1494.85,1115.54,2610.39
0.347005,1659.35,893.47,2552.82
0.347412,1460.11,895.935,2356.04
0.347818,1463.15,1157.43,2620.58
0.348226,-259.323,-391.655,-650.978
0.348633,1140.24,978.331,2118.57
0.349041,-311.057,-391.939,-702.997
0.349449,1205.89,1059.77,2265.66
0.349858,-263.764,-345.332,-609.095
0.350267,827.734,617.146,1444.88
0.350676,-369.268,-414.886,-784.154
0.351086,809.904,618.944,1428.85
0.351496,-87.1093,-162.638,-249.748
0.351906,717.879,574.316,1292.19
0.352317,-268.841,-285.231,-554.072
0.352728,889.259,674.738,1564
0.35314,-217.818,-265.665,-483.483
0.353552,749.924,606.998,1356.92
0.353964,-364.384,-347.366,-711.75
0.354377,800.461,596.086,1396.55
0.35479,-196.679,-278.442,-475.121
0.355203,850.777,634.293,1485.07
0.355617,-222.804,-239.259,-462.063
0.356031,821.388,634.691,1456.08
0.356446,-117.274,-212.001,-329.275
0.356861,741.966,564.09,1306.06
0.357276,-127.6,-175.308,-302.908
0.357692,788.649,597.329,1385.98
0.358108,-321.026,-329.774,-650.8
0.358524,931.397,682.682,1614.08
0.358941,-205.802,-266.285,-472.087
0.359358,763.031,589.423,1352.45
0.359776,-210.574,-239.483,-450.057
0.360194,779.977,585.271,1365.25
0.360612,120.054,-57.0055,63.0485
0.361031,773.077,591.298,1364.37
0.36145,-116.598,-167.704,-284.303
0.36187,790.738,598.682,1389.42
0.36229,-117.701,-177.172,-294.873
0.36271,712.951,576.22,1289.17
0.36313,-128.357,-198.953,-327.31
0.363552,782.807,595.805,1378.61
0.363973,-445.004,-680.319,-1125.32
0.364395,-758.323,-700.732,-1459.06
0.364817,-335.925,-556.066,-891.991
0.365239,-520.696,-638.857,-1159.55
0.365662,1437.44,903.425,2340.86
0.366086,-784.871,-735.869,-1520.74
0.366509,1288.21,900.02,2188.23
0.366934,-614.29,-576.003,-1190.29
0.367358,1418.33,979.63,2397.96
0.367783,-869.35,-714.888,-1584.24
0.368208,1179.94,864.191,2044.13
0.368634,-650.216,-528.377,-1178.59
0.36906,1256.85,907.344,2164.2
0.369486,-711.245,-613.947,-1325.19
0.369913,1229.4,935.67,2165.07
0.37034,-574.618,-525.39,-1100.01
0.370768,1183.61,910.941,2094.55
0.371196,-721.498,-614.765,-1336.26
0.371624,1200.06,908.543,2108.61
0.372053,-624.936,-562.514,-1187.45
0.372482,1152.16,895.024,2047.19
0.372912,-722.9,-665.714,-1388.61
0.373342,1139.49,874.496,2013.99
0.373772,-613.851,-583.753,-1197.6
0.374203,1083.87,866.015,1949.88
0.374634,-668.517,-604.389,-1272.91
0.375065,1070.78,821.712,1892.49
0.375497,-616.126,-539.557,-1155.68
0.375929,1066.49,796.574,1863.06
0.376362,-506.881,-494.719,-1001.6
0.376795,1004.39,760.43,1764.82
0.377228,-533.675,-486.912,-1020.59
0.377662,1066.35,807.333,1873.68
0.378096,-437.841,-437.761,-875.603
0.378531,984.363,732.646,1717.01
0.378966,-484.84,-431.645,-916.485
0.379402,1002.86,766.578,1769.44
0.379837,-406.029,-408.953,-814.982
0.380274,1060.44,766.759,1827.2
0.38071,-474.747,-445.427,-920.174
0.381147,1189.96,878.138,2068.1
0.381585,-436.482,-419.065,-855.547
0.382022,1150.14,854.819,2004.96
0.382461,-1051.37,-606.003,-1657.37
0.382899,-894.294,-359.277,-1253.57
0.383338,689.425,504.839,1194.26
0.383778,-639.204,-451.841,-1091.05
0.384217,771.5,411.841,1183.34
0.384658,-399.252,-204.463,-603.714
0.385098,824.926,509.793,1334.72
0.385539,-291.7,-190.406,-482.106
0.385981,878.281,638.834,1517.11
0.386422,-652.12,-476.08,-1128.2
0.386865,924.647,636.813,1561.46
0.387307,-492.917,-354.409,-847.326
0.38775,993.032,671.365,1664.4
0.388194,-551.458,-398.977,-950.435
0.388637,1016.17,725.126,1741.29
0.389082,-591.461,-462.574,-1054.04
0.389526,1019.34,737.516,1756.85
0.389971,-366.777,-341.277,-708.054
0.390417,978.439,681.111,1659.55
0.390863,-366.923,-341.159,-708.081
0.391309,816.817,571.907,1388.72
0.391755,-267.603,-233.722,-501.325
0.392203,889.815,612.527,1502.34
0.39265,-306.553,-272.249,-578.803
0.393098,883.603,617.738,1501.34
0.393546,-299.593,-294.727,-594.32
0.393995,904.772,652.122,1556.89
0.394444,-251.543,-253.065,-504.608
0.394893,896.532,640.514,1537.05
0.395343,-194.862,-229.433,-424.295
0.395794,906.661,661.697,1568.36
0.396244,-153.947,-213.193,-367.14
0.396695,907.988,675.334,1583.32
0.397147,-165.143,-216.864,-382.008
0.397599,838.7,599.276,1437.98
0.398051,-93.9831,-151.293,-245.277
0.398504,856.733,680.358,1537.09
0.398957,-97.5896,-180.482,-278.072
0.399411,89.5764,-42.9815,46.5949
0.399865,1064.16,741.124,1805.28
0.400319,-676.158,-628.799,-1304.96
0.400774,1388.64,957.829,2346.47
0.401229,-496.916,-446.924,-943.84
0.401685,1423.19,1002.55,2425.74
0.402141,-638.753,-580.66,-1219.41
0.402598,1463.89,1045.69,2509.58
0.403055,-591.439,-524.91,-1116.35
0.403512,1407.8,1011.28,2419.09
0.40397,-594.48,-551.266,-1145.75
0.404428,1249.34,897.791,2147.13
0.404886,-528.274,-534.721,-1063
0.405345,1353.67,963.795,2317.46
0.405805,-521.755,-493.799,-1015.55
0.406265,1343.16,985.29,2328.45
0.406725,-498.961,-471.585,-970.546
0.407185,1416.48,1023.06,2439.54
0.407646,-537.474,-498.451,-1035.93
0.408108,1202.05,857.922,2059.97
0.40857,-378.566,-374.61,-753.177
0.409032,1332.55,966.94,2299.49
0.409495,-559.401,-544.173,-1103.57
0.409958,1340.44,965.621,2306.06
0.410422,-413.972,-386.524,-800.496
0.410886,245.271,65.8824,311.154
0.41135,969.227,685.328,1654.56
0.411815,1.76155,-135.918,-134.157
0.41228,944.57,705.089,1649.66
0.412746,21.8997,-113.661,-91.7612
0.413212,852.341,611.921,1464.26
0.413679,38.1355,-83.2166,-45.0811
0.414146,942.189,684.559,1626.75
0.414613,27.1261,-103.158,-76.0321
0.415081,685.606,479.737,1165.34
0.415549,27.1955,-98.9263,-71.7308
0.416018,1001.35,704.74,1706.09
0.416487,14.0213,-117.364,-103.342
0.416957,775.359,541.974,1317.33
0.417427,37.9032,-110.082,-72.1786
0.417897,971.475,678.393,1649.87
0.418368,-34.3505,-151.482,-185.832
0.418839,524.398,345.281,869.68
0.419311,249.696,54.6574,304.353
0.419783,1006.89,711.686,1718.58
0.420255,38.1243,-110.046,-71.9218
0.420728,661.003,445.304,1106.31
0.421202,123.505,-46.9324,76.5723
0.421675,1023.46,724.96,1748.42
0.42215,-1.7521,-112.766,-114.518
0.422624,571.324,367.647,938.972
0.4231,118.111,-44.5149,73.5956
0.423575,1081.98,785.483,1867.47
0.424051,23.4559,-85.6808,-62.2249
0.424527,766.374,523.118,1289.49
0.425004,76.4381,-71.0979,5.34019
0.425482,1144.49,795.094,1939.58
0.425959,7.27897,-116.375,-109.096
0.426437,292.431,110.28,402.711
0.426916,725.433,487.116,1212.55
0.427395,245.527,87.3246,332.852
0.427874,971.074,691.031,1662.11
0.428354,259.829,89.4846,349.313
0.428835,967.702,721.127,1688.83
0.429315,1004.21,695.159,1699.37
0.429797,642.454,436.014,1078.47
0.430278,921.53,449.328,1370.86
0.43076,-444.072,-642.035,-1086.11
0.431243,1689.09,1112.11,2801.2
0.431726,-581.513,-664.375,-1245.89
0.432209,1277.2,887.622,2164.82
0.432693,-473.065,-494.516,-967.581
0.433177,1115.13,840.48,1955.61
0.433662,-453.493,-399.492,-852.985
0.434147,1020.84,752.231,1773.07
0.434633,-104.069,-167.562,-271.632
0.435119,1005.41,712.088,1717.5
0.435605,-497.819,-436.743,-934.562
0.436092,953.415,685.716,1639.13
0.436579,-529.018,-477.851,-1006.87
0.437067,962.996,677.908,1640.9
0.437556,-336.84,-323.506,-660.346
0.438044,977.397,663.914,1641.31
0.438533,-297.328,-345.598,-642.926
0.439023,971.883,677.295,1649.18
0.439513,-299.567,-313.738,-613.306
0.440003,903.966,640.756,1544.72
0.440494,942.513,719.43,1661.94
0.440986,-740.628,-662.559,-1403.19
0.441477,1319.1,990.108,2309.21
0.44197,-744.634,-692.129,-1436.76
0.442462,1355.27,1023.33,2378.6
0.442956,-896.808,-796.636,-1693.44
0.443449,1513.75,1146.38,2660.13
0.443943,-739.737,-719.355,-1459.09
0.444438,1557.78,1166.17,2723.95
0.444933,-958.629,-850.975,-1809.6
0.445428,1617.38,1234.45,2851.83
0.445924,-501.037,-544.018,-1045.06
0.44642,1688.39,1288.35,2976.73
0.446917,-864.122,-771.344,-1635.47
0.447414,1439.41,1083.46,2522.87
0.447912,-818.478,-761.416,-1579.89
0.44841,1475.58,1110.54,2586.12
0.448908,-216.37,-286.064,-502.434
0.449407,1414.18,1023.14,2437.33
0.449907,-815.965,-751.992,-1567.96
0.450407,1434.85,1056.64,2491.48
0.450907,-809.043,-736.485,-1545.53
0.451408,1514.82,1125.16,2639.98
0.451909,-390.062,-419.274,-809.335
0.452411,1529.35,1147.13,2676.48
0.452913,-816.096,-744.01,-1560.11
0.453416,1526,1154.25,2680.25
0.453919,-750.954,-700.443,-1451.4
0.454423,1512.12,1118.49,2630.6
0.454927,236.345,132.74,369.085
0.455431,38.1549,-95.6966,-57.5417
0.455936,660.74,456.079,1116.82
0.456441,631.367,391.085,1022.45
0.456947,82.016,-13.4887,68.5273
0.457454,988.6,697.856,1686.46
0.45796,-103.25,-204.081,-307.331
0.458468,935.417,669.57,1604.99
0.458975,231.788,73.765,305.553
0.459483,516.859,288.394,805.254
0.459992,300.556,151.957,452.513
0.460501,743.448,468.363,1211.81
0.461011,164.176,24.006,188.182
0.461521,1013.03,706.119,1719.15
0.462031,-387.217,-414.16,-801.377
0.462542,1084.6,795.53,1880.13
0.463053,118.67,6.87753,125.547
0.463565,466.334,243.123,709.457
0.464078,680.964,462.653,1143.62
0.46459,322.715,141.089,463.804
0.465104,382.828,216.844,599.673
0.465617,742.545,467.65,1210.19
0.466132,523.198,329.166,852.365
0.466646,532.791,316.858,849.649
0.467161,-154.419,-259.679,-414.098
0.467677,1099.57,792.297,1891.86
0.468193,157.684,7.08953,164.774
0.46871,928.282,652.693,1580.98
0.469227,-282.634,-347.534,-630.168
0.469744,1022.33,755.239,1777.57
0.470262,721.422,494.657,1216.08
0.470781,-283.464,-368.326,-651.79
0.471299,977.819,719.091,1696.91
0.471819,807.05,568.289,1375.34
0.472339,-281.328,-342.899,-624.226
0.472859,1061.24,786.594,1847.84
0.47338,452.391,272.341,724.732
0.473901,266.809,59.1618,325.971
0.474423,692.532,481.074,1173.61
0.474945,606.936,369.094,976.03
0.475468,515.194,326.173,841.366
0.475991,-48.8119,-145.353,-194.165
0.476514,840.916,554.088,1395
0.477038,506.648,264.837,771.485
0.477563,662.888,442.346,1105.23
0.478088,-78.5169,-193.92,-272.437
0.478614,808.506,536.334,1344.84
0.47914,1044.36,731.257,1775.62
0.479666,-331.229,-425.221,-756.45
0.480193,1079.19,772.364,1851.55
0.480721,791.768,166.621,958.388
0.481248,83.9383,-185.505,-101.567
0.481777,33.2326,64.3549,97.5874
0.482306,364.331,61.5207,425.852
0.482835,-23.4161,-253.461,-276.877
0.483365,275.286,51.9443,327.23
0.483895,241.11,-16.9114,224.198
0.484426,512.897,321.243,834.14
0.484957,393.329,195.358,588.687
0.485489,595.709,384.433,980.142
0.486021,69.2657,-106.418,-37.1528
0.486554,685.309,431.734,1117.04
0.487087,259.826,123.71,383.536
0.487621,317.533,66.5138,384.047
0.488155,631.881,418.538,1050.42
0.48869,235.306,9.3713,244.677
0.489225,655.455,464.099,1119.55
0.489761,250.198,-4.24082,245.957
0.490297,610.761,436.327,1047.09
0.490834,174.037,-61.1781,112.859
0.491371,609.308,449.209,1058.52
0.491908,166.109,-42.197,123.912
0.492447,507.184,354.203,861.387
0.492985,222.952,7.26869,230.221
0.493524,519.361,355.074,874.435
0.494064,460.065,212.995,673.06
0.494604,421.799,294.428,716.226
0.495144,475.951,244.519,720.47
0.495685,404.536,242.11,646.646
0.496227,487.829,248.316,736.145
0.496769,351.903,192.933,544.837
0.497311,486.174,280.053,766.227
0.497854,436.994,249.469,686.463
0.498398,430.61,213.427,644.037
0.498942,462.491,450.271,912.762
0.499486,853.824,489.967,1343.79
0.500031,319.039,173.313,492.352
0.500577,458.531,133.365,591.895
0.501123,459.028,295.055,754.084
0.501669,277.992,226.41,504.402
0.502216,237.652,149.578,387.23
0.502764,367.372,210.439,577.811
0.503312,393.713,240.993,634.706
0.50386,269.828,148.658,418.486
0.504409,473.648,320.04,793.689
0.504959,528.045,287.288,815.333
0.505509,379.579,227.36,606.94
0.506059,492.525,278.715,771.24
0.50661,361.561,197.217,558.778
0.507162,372.741,121.653,494.394
0.507714,285.715,163.928,449.643
0.508266,301.48,76.6605,378.14
0.508819,239.189,118.989,358.177
0.509372,746.224,473.096,1219.32
0.509926,154.4,26.1133,180.513
0.510481,684.769,437.081,1121.85
0.511036,105.478,27.6442,133.122
0.511591,610.728,359.182,969.909
0.512147,120.381,25.7901,146.171
0.512704,760.327,495.462,1255.79
0.513261,14.2816,-90.9828,-76.7012
0.513818,741.954,462.624,1204.58
0.514376,137.849,35.3059,173.155
0.514935,628.738,364.237,992.976
0.515494,148.822,73.1506,221.973
0.516053,726.949,445.513,1172.46
0.516614,226.061,114.932,340.993
0.517174,370.796,130.954,501.75
0.517735,657.018,509.157,1166.17
0.518297,98.5084,-105.79,-7.28192
0.518859,713.919,534.943,1248.86
0.519421,117.412,-86.5554,30.8563
0.519985,571.508,394.431,965.939
0.520548,225.885,79.4562,305.341
0.521112,516.717,350.821,867.539
0.521677,355.946,167.641,523.587
0.522242,441.754,274.982,716.736
0.522808,349.639,170.552,520.192
0.523374,514.097,347.539,861.636
0.523941,221.421,53.5552,274.976
0.524508,643.814,438.368,1082.18
0.525076,56.3711,-103.216,-46.8453
0.525644,1051.78,795.246,1847.02
0.526213,84.5575,-100.99,-16.4323
0.526782,374.521,194.926,569.447
0.527352,528.443,313.27,841.713
0.527922,594.232,376.456,970.688
0.528493,346.913,146.998,493.911
0.529064,495.023,302.996,798.019
0.529636,440.565,228.217,668.783
0.530208,745.907,498.745,1244.65
0.530781,232.879,38.9345,271.814
0.531355,596.188,398.427,994.615
0.531929,253.02,54.8555,307.875
0.532503,846.368,600.207,1446.57
0.533078,89.6561,-77.7097,11.9464
0.533654,775.799,546.46,1322.26
0.53423,181.437,7.68049,189.118
0.534806,604.078,421.604,1025.68
0.535384,389.887,183.407,573.295
0.535961,261.668,144.386,406.054
0.536539,787.772,488.949,1276.72
0.537118,217.203,81.2083,298.411
0.537697,628.338,393.247,1021.58
0.538277,300.692,126.861,427.553
0.538857,717.791,433.892,1151.68
0.539438,466.271,243.667,709.938
0.540019,396.824,214.445,611.269
0.540601,676.073,477.569,1153.64
0.541183,188.793,41.2678,230.06
0.541766,522.923,296.565,819.487
0.54235,582.472,329.687,912.159
0.542934,460.345,262.306,722.65
0.543518,546.298,306.297,852.595
0.544103,608.656,391.3,999.956
0.544689,461.067,239.49,700.557
0.545275,406.502,206.815,613.316
0.545861,768.558,513.013,1281.57
0.546449,335.967,126.873,462.841
0.547036,667.316,387.643,1054.96
0.547624,-583.294,-490.515,-1073.81
0.548213,711.284,498.03,1209.31
0.548803,-245.03,-130.967,-375.997
0.549392,485.422,331.903,817.325
0.549983,43.0307,-16.8084,26.2223
0.550574,893.686,638.621,1532.31
0.551165,-95.0961,11.7395,-83.3566
0.551757,472.63,317.584,790.214
0.552349,184.808,90.8168,275.625
0.552943,2.7509,-153.846,-151.095
0.553536,1111.55,765.52,1877.07
0.55413,-326.773,-367.681,-694.454
0.554725,1061.43,788.627,1850.06
0.55532,-329.853,-379.288,-709.141
0.555916,973.784,690.48,1664.26
0.556512,-165.715,-243.365,-409.081
0.557109,1061.14,722.234,1783.37
0.557706,-172.697,-237.205,-409.902
0.558304,1031.27,686.63,1717.9
0.558903,-187.103,-235.952,-423.055
0.559502,1053.37,698.147,1751.52
0.560101,-166.14,-218.611,-384.752
0.560701,975.925,653.282,1629.21
0.561302,-135.071,-208.647,-343.718
0.561903,979.407,669.552,1648.96
0.562505,-170.436,-226.201,-396.637
0.563107,976.845,640.803,1617.65
0.56371,-226.532,-240.846,-467.377
0.564313,1043.45,681.782,1725.23
0.564917,-218.291,-241.699,-459.989
0.565522,1002.02,669.395,1671.42
0.566127,-220.016,-240.464,-460.48
0.566732,1050.33,688,1738.33
0.567338,-234.42,-275.057,-509.477
0.567945,1066.08,714.439,1780.52
0.568552,-198.528,-241.55,-440.078
0.56916,1048.48,691.046,1739.53
0.569768,-207.755,-246.765,-454.52
0.570377,964.527,633.503,1598.03
0.570987,-139.065,-197.683,-336.747
0.571597,1069.14,714.025,1783.16
0.572207,-148.113,-204.875,-352.988
0.572818,925.261,611.717,1536.98
0.57343,-89.6016,-162.062,-251.664
0.574042,1079.99,711.862,1791.85
0.574655,-197.878,-279.375,-477.253
0.575268,1032.82,689.334,1722.15
0.575882,10.5665,-98.7905,-88.224
0.576497,1041.38,714.735,1756.11
0.577112,-49.8196,-132.179,-181.998
0.577727,940.055,626.431,1566.49
0.578343,29.9119,-87.8312,-57.9193
0.57896,920.473,617.965,1538.44
0.579577,2.95093,-116.464,-113.513
0.580195,903.179,591.521,1494.7
0.580813,139.012,-4.11004,134.902
0.581432,928.167,609.297,1537.46
0.582052,69.5318,-61.0196,8.51227
0.582672,903.802,596.027,1499.83
0.583292,77.5526,-48.6988,28.8538
0.583914,918.856,604.925,1523.78
0.584535,156.556,10.7071,167.263
0.585158,930.439,600.472,1530.91
0.585781,128.774,-19.429,109.345
0.586404,823.12,541.194,1364.31
0.587028,124.445,-44.3784,80.0664
0.587653,904.943,571.849,1476.79
0.588278,195.669,40.1918,235.861
0.588903,816.665,555.719,1372.38
0.58953,181.687,10.5159,192.203
0.590157,973.823,623.97,1597.79
0.590784,210.161,33.7651,243.926
0.591412,869.367,566.484,1435.85
0.592041,194.909,-0.658422,194.25
0.59267,977.391,644.322,1621.71
0.593299,115.563,-37.7843,77.7784
0.59393,917.724,626.547,1544.27
0.59456,223.427,8.54649,231.973
0.595192,895.94,588.565,1484.5
0.595824,133.879,-14.2218,119.657
0.596456,876.898,584.325,1461.22
0.59709,266.797,43.7047,310.502
0.597723,871.561,580.172,1451.73
0.598358,192.521,44.2011,236.722
0.598992,836.009,541.095,1377.1
0.599628,206.928,16.901,223.829
0.600264,868.728,556.624,1425.35
0.600901,210.776,27.3594,238.135
0.601538,934.896,635.823,1570.72
0.602175,165.005,-23.1321,141.873
0.602814,946.201,627.04,1573.24
0.603453,132.478,-35.7347,96.7429
0.604092,973.606,654.788,1628.39
0.604732,167.538,3.68949,171.227
0.605373,943.039,603.997,1547.04
0.606014,573.662,345.263,918.924
0.606656,35.8867,-139.51,-103.623
0.607298,539.768,264.316,804.084
0.607941,-12.6257,-93.1533,-105.779
0.608585,1085.28,636.303,1721.59
0.609229,336.697,116.233,452.929
0.609874,876.531,613.187,1489.72
0.610519,88.8424,-11.6324,77.21
0.611165,845.35,568.606,1413.96
0.611812,71.5772,-77.0615,-5.48426
0.612459,635.669,439.426,1075.1
0.613107,551.504,347.211,898.714
0.613755,238.54,7.55266,246.092
0.614404,754.753,535.487,1290.24
0.615053,539.567,311.16,850.727
0.615703,691.958,481.162,1173.12
0.616354,-27.6591,-167.178,-194.837
0.617005,761.944,552.968,1314.91
0.617657,131.289,-54.4925,76.797
0.618309,638.822,422.43,1061.25
0.618962,776.107,520.271,1296.38
0.619616,-414.358,-497.793,-912.151
0.62027,1097.58,810.448,1908.03
0.620925,489.06,288.089,777.149
0.62158,100.542,-78.5469,21.9951
0.622236,687.746,464.071,1151.82
0.622893,749.022,509.143,1258.17
0.62355,-210.09,-329.615,-539.705
0.624208,770.751,554.714,1325.46
0.624866,532.456,315.656,848.111
0.625525,306.606,147.747,454.354
0.626185,446.088,213.891,659.979
0.626845,478.183,268.156,746.339
0.627506,211.166,12.2202,223.386
0.628167,490.184,305.635,795.819
0.628829,387.043,178.061,565.104
0.629492,602.813,385.255,988.068
0.630155,338.388,153.732,492.119
0.630819,450.824,264.853,715.677
0.631483,491.207,227.498,718.705
0.632148,551.602,370.274,921.876
0.632813,427.562,183.177,610.738
0.63348,347.046,189.14,536.186
0.634146,575.308,295.981,871.29
0.634814,428.874,265.391,694.265
0.635482,436.401,186.732,623.133
0.636151,641.891,484.638,1126.53
0.63682,166.318,-93.877,72.4406
0.63749,802.664,580.573,1383.24
0.63816,250.417,0.206767,250.624
0.638831,524.814,388.123,912.937
0.639503,501.994,238.315,740.309
0.640175,508.709,339.653,848.362
0.640848,381.525,130.719,512.245
0.641521,511.249,330.45,841.7
0.642196,519.124,245.902,765.026
0.64287,323.947,153.588,477.535
0.643546,602.88,327.211,930.091
0.644222,349.816,159.197,509.014
0.644898,645.761,358.86,1004.62
0.645575,371.967,198.538,570.506
0.646253,514.892,273.566,788.458
0.646931,587.714,390.605,978.319
0.647611,363.008,104.387,467.395
0.64829,613.405,413.682,1027.09
0.64897,492.898,225.391,718.289
0.649651,619.082,399.76,1018.84
0.650333,470.158,206.73,676.888
0.651015,626.503,404.304,1030.81
0.651698,299.342,54.7139,354.056
0.652381,848.416,592.133,1440.55
0.653065,423.255,178.588,601.842
0.65375,553.215,315.826,869.041
0.654435,446.456,194.329,640.784
0.655121,741.051,492.445,1233.5
0.655807,856.387,617.354,1473.74
0.656494,477.684,117.516,595.2
0.657182,727.102,372.288,1099.39
0.65787,394.456,165.503,559.959
0.658559,437.29,295.22,732.511
0.659249,230.247,119.776,350.023
0.659939,641.042,394.147,1035.19
0.66063,257.482,105.534,363.016
0.661321,659.18,463.263,1122.44
0.662014,208.356,73.436,281.793
0.662706,711.492,460.92,1172.41
0.6634,220.89,53.0451,273.935
0.664094,835.048,555.599,1390.65
0.664788,121.472,-21.7582,99.7138
0.665484,761.371,525.408,1286.78
0.666179,-35.1048,-138.406,-173.511
0.666876,852.56,563.218,1415.78
0.667573,172.88,42.2851,215.165
0.668271,329.472,139.493,468.965
0.668969,428.687,264.386,693.074
0.669668,714.513,417.018,1131.53
0.670368,283.92,139.338,423.258
0.671068,313.926,134.139,448.065
0.671769,627.77,401.751,1029.52
0.672471,440.32,255.967,696.287
0.673173,375.748,165.596,541.344
0.673876,314.222,152.948,467.17
0.67458,289.723,112.746,402.469
0.675284,510.832,292.548,803.38
0.675989,515.9,298.325,814.225
0.676694,428.151,217.739,645.89
0.6774,239.885,88.781,328.666
0.678107,471.582,267.445,739.027
0.678814,270.825,60.1652,330.99
0.679522,803.331,521.806,1325.14
0.680231,331.905,156.357,488.262
0.68094,-79.3603,-235.602,-314.962
0.68165,1195.88,898.599,2094.48
0.682361,159.241,-22.6503,136.59
0.683072,537.447,312.999,850.446
0.683784,167.212,-31.8936,135.318
0.684496,852.134,600.688,1452.82
0.68521,278.684,52.1737,330.858
0.685923,384.057,211.426,595.483
0.686638,731.537,450.738,1182.27
0.687353,43.9854,-104.82,-60.8348
0.688069,1209.71,824.578,2034.28
0.688785,96.931,-80.0709,16.8602
0.689502,345.097,121.184,466.28
0.69022,632.501,438.745,1071.25
0.690938,601.137,308.063,909.201
0.691657,214.529,58.3839,272.913
0.692377,639.094,372.602,1011.7
0.693098,605.727,360.785,966.512
0.693819,618.326,312.956,931.282
0.69454,588.687,343.16,931.847
0.695262,654.736,354.562,1009.3
0.695985,133.234,-30.9369,102.297
0.696709,975.418,555.838,1531.26
0.697433,418.769,208.281,627.05
0.698158,394.744,133.051,527.795
0.698884,670.491,439.264,1109.75
0.69961,659.021,351.995,1011.02
0.700337,590.663,339.999,930.662
0.701065,133.535,-88.0104,45.5244
0.701793,1292.35,941.812,2234.16
0.702522,79.8557,-156.159,-76.3032
0.703251,589.498,334.958,924.456
0.703982,595.302,301.469,896.771
0.704712,760.273,487.039,1247.31
0.705444,467.127,225.048,692.176
0.706176,637.345,389.36,1026.71
0.706909,461.322,196.028,657.35
0.707643,677.858,421.659,1099.52
0.708377,427.286,154.618,581.904
0.709112,849.018,561.066,1410.08
0.709847,492.007,213.985,705.992
0.710584,822.87,541.924,1364.79
0.71132,408.555,181.837,590.393
0.712058,851.059,536.477,1387.54
0.712796,250.238,21.5405,271.778
0.713535,692.979,434.517,1127.5
0.714275,439.611,163.908,603.519
0.715015,746.006,437.926,1183.93
0.715756,635.4,366.221,1001.62
0.716498,841.961,580.587,1422.55
0.71724,456.55,185.322,641.872
0.717983,557.385,304.188,861.573
0.718726,541.906,269.31,811.215
0.719471,710.555,445.609,1156.16
0.720216,303.949,53.11,357.059
0.720961,868.188,564.447,1432.63
0.721708,175.03,-26.5108,148.519
0.722455,266.932,289.451,556.383
0.723202,859.317,455.443,1314.76
0.723951,456.871,160.231,617.102
0.7247,369.504,-47.9822,321.521
0.725449,203.906,78.8275,282.733
0.7262,166.2,23.6367,189.837
0.726951,724.057,533.022,1257.08
0.727703,204.312,98.2317,302.543
0.728455,555.215,360.003,915.218
0.729208,592.009,318.552,910.561
0.729962,485.91,326.006,811.916
0.730717,359.443,173.979,533.421
0.731472,503.477,318.357,821.834
0.732228,357.774,186.073,543.847
0.732984,668.539,415.082,1083.62
0.733742,199.983,45.1249,245.108
0.7345,497.629,295.666,793.294
0.735258,316.048,143.666,459.714
0.736017,671.476,405.666,1077.14
0.736777,340.088,159.53,499.618
0.737538,496.694,299.407,796.1
0.7383,475.312,255.029,730.341
0.739062,713.286,478.15,1191.44
0.739824,548.287,307.439,855.726
0.740588,421.115,268.14,689.256
0.741352,713.09,395.553,1108.64
0.742117,408.257,223.037,631.294
0.742883,722.074,445.962,1168.04
0.743649,517.486,302.651,820.137
0.744416,623.128,339.986,963.114
0.745183,221.574,81.835,303.409
0.745952,801.123,491.885,1293.01
0.746721,303.982,113.817,417.799
0.747491,881.994,566.703,1448.7
0.748261,168.744,-11.4677,157.276
0.749032,971.376,612.142,1583.52
0.749804,289.833,90.4915,380.325
0.750577,860.416,538.065,1398.48
0.75135,288.012,80.2299,368.242
0.752124,948.035,584.884,1532.92
0.752898,142.633,-19.2696,123.364
0.753674,978.153,594.594,1572.75
0.75445,213.865,8.50515,222.37
0.755227,951.895,615.527,1567.42
0.756004,78.9963,-110.497,-31.5004
0.756782,1011.66,629.997,1641.65
0.757561,279.057,54.2737,333.33
0.758341,845.761,505.441,1351.2
0.759121,279.263,82.4694,361.733
0.759902,924.731,555.281,1480.01
0.760684,132.333,-56.8089,75.5241
0.761466,965.258,569.882,1535.14
0.762249,106.278,-83.3805,22.8972
0.763033,750.466,430.695,1181.16
0.763818,351.951,134.827,486.778
0.764603,1022.8,597.749,1620.55
0.765389,207.005,-6.43644,200.568
0.766176,851.856,463.508,1315.36
0.766963,209.593,-37.4602,172.133
0.767751,585.769,265.772,851.541
0.76854,473.7,202.097,675.797
0.76933,671.42,339.884,1011.3
0.77012,438.343,184.259,622.602
0.770911,783.002,416.083,1199.08
0.771703,362.053,125.276,487.329
0.772495,661.257,318.987,980.244
0.773289,316.635,89.3828,406.018
0.774082,814.092,464.427,1278.52
0.774877,437.816,179.326,617.142
0.775672,735.19,388.793,1123.98
0.776469,407.177,156.845,564.022
0.777265,774.667,405.6,1180.27
0.778063,753.234,497.116,1250.35
0.778861,380.035,77.3367,457.371
0.77966,516.769,263.332,780.101
0.78046,740.98,351.41,1092.39
0.78126,610.381,330.574,940.955
0.782061,992.172,612.392,1604.56
0.782863,301.31,98.2975,399.607
0.783666,932.709,547.397,1480.11
0.784469,489.704,228.102,717.807
0.785273,722.227,393.345,1115.57
0.786078,458.189,219.947,678.136
0.786883,761.141,413.153,1174.29
0.78769,375.55,139.633,515.183
0.788497,673.925,240.846,914.772
0.789304,280.882,119.054,399.936
0.790113,700.772,296.47,997.242
0.790922,366.416,89.4358,455.852
0.791732,560.28,252.348,812.628
0.792543,203.148,-30.5213,172.627
0.793354,664.524,363.448,1027.97
0.794166,295.491,74.0096,369.501
0.794979,699.186,412.009,1111.2
0.795793,223.257,-11.1633,212.094
0.796607,872.003,527.134,1399.14
0.797422,205.213,-13.7214,191.492
0.798238,704.762,430.237,1135
0.799055,177.466,-42.2568,135.209
0.799872,756.433,472.952,1229.39
0.80069,275.699,4.3526,280.052
0.801509,585.532,344.891,930.423
0.802328,353.384,78.5,431.884
0.803149,572.771,310.282,883.054
0.80397,260.301,19.5502,279.851
0.804791,531.384,306.055,837.439
0.805614,418.176,109.743,527.919
0.806437,616.402,340.285,956.687
0.807261,308.899,61.4887,370.388
0.808086,502.825,283.846,786.671
0.808912,342.287,57.7672,400.054
0.809738,679.65,375.864,1055.51
0.810565,261.718,47.132,308.85
0.811393,504.712,272.801,777.512
0.812221,372.744,85.3152,458.059
0.813051,588.41,311.495,899.905
0.813881,389.425,129.263,518.687
0.814711,495.382,252.135,747.517
0.815543,402.098,109.084,511.182
0.816375,545.286,271.443,816.729
0.817208,367.238,126.365,493.603
0.818042,487.677,251.644,739.321
0.818877,444.255,153.183,597.438
0.819712,578.377,316.494,894.871
0.820548,338.927,79.8251,418.752
0.821385,515.162,265.79,780.952
0.822223,385.547,110.194,495.741
0.823061,592.623,305.584,898.207
0.8239,326.403,69.6782,396.081
0.82474,550.538,280.393,830.931
0.825581,376.601,123.736,500.336
0.826422,601.551,300.841,902.392
0.827264,361.554,124.409,485.964
0.828107,581.014,298.717,879.731
0.828951,366.534,116.161,482.695
0.829796,688.966,362.954,1051.92
0.830641,352.736,117.197,469.933
0.831487,630.862,337.479,968.341
0.832334,347.183,123.425,470.608
0.833181,727.877,376.905,1104.78
0.83403,309.193,97.9706,407.163
0.834879,655.375,332.235,987.611
0.835729,350.892,123.437,474.33
0.836579,677.718,346.84,1024.56
0.837431,359.682,116.097,475.779
0.838283,642.106,330.794,972.901
0.839136,288.694,87.9841,376.678
0.83999,752.287,387.407,1139.69
0.840844,369.302,138.91,508.212
0.8417,627.253,326.457,953.71
0.842556,389.839,158.665,548.504
0.843413,756.154,354.668,1110.82
0.84427,391.826,154.7,546.526
0.845129,578.918,299.821,878.739
0.845988,307.126,103.761,410.887
0.846848,784.164,392.443,1176.61
0.847709,423.698,172.256,595.954
0.84857,673.008,358.938,1031.95
0.849432,286.893,108.699,395.592
0.850296,741.856,399.155,1141.01
0.85116,332.285,131.043,463.328
0.852024,696.531,362.362,1058.89
0.85289,364.573,129.206,493.779
0.853756,732.903,378.628,1111.53
0.854623,445.238,193.56,638.798
0.855491,539.911,271.041,810.952
0.856359,542.471,-6.66212,535.808
0.857229,862.151,189.876,1052.03
0.858099,1331.96,675.526,2007.49
0.85897,323.018,68.8616,391.88
0.859842,574.834,184.053,758.888
0.860714,479.884,144.274,624.158
0.861588,717.586,469.101,1186.69
0.862462,347.541,-45.524,302.017
0.863337,877.044,579.688,1456.73
0.864213,480.322,133.772,614.094
0.865089,664.35,374.723,1039.07
0.865967,322.227,54.1497,376.377
0.866845,906.353,611.883,1518.24
0.867724,297.612,3.04245,300.654
0.868604,870.244,529.877,1400.12
0.869484,86.2256,-116.617,-30.3919
0.870365,854.473,575.562,1430.04
0.871248,60.4067,-113.38,-52.9736
0.872131,848.145,535.018,1383.16
0.873014,275.737,32.0349,307.772
0.873899,772.523,464.195,1236.72
0.874784,275.893,40.1534,316.047
0.87567,735.498,460.512,1196.01
0.876557,216.809,9.73577,226.545
0.877445,768.243,476.36,1244.6
0.878334,225.938,13.6554,239.593
0.879223,699.194,445.784,1144.98
0.880113,305.683,82.2961,387.979
0.881004,654.241,384.769,1039.01
0.881896,309.245,74.7401,383.985
0.882789,693.607,447.739,1141.35
0.883682,293.433,74.7267,368.16
0.884576,574.867,332.186,907.053
0.885472,423.386,187.261,610.647
0.886367,555.197,332.858,888.055
0.887264,393.222,147.62,540.842
0.888162,518.122,283.609,801.732
0.88906,534.276,270.49,804.766
0.889959,438.242,214.133,652.375
0.890859,514.02,248.397,762.417
0.89176,440.09,234.079,674.169
0.892661,605.963,325.925,931.888
0.893564,408.301,199.109,607.41
0.894467,487.771,217.2,704.971
0.895371,457.741,214.74,672.481
0.896276,650.388,358.027,1008.41
0.897182,378.889,161.555,540.444
0.898088,535.674,269.779,805.453
0.898996,399.459,184.474,583.933
0.899904,685.202,351.668,1036.87
0.900813,411.834,200.118,611.952
0.901723,471.086,207.162,678.249
0.902633,478.695,271.298,749.993
0.903545,543.545,290.809,834.354
0.904457,442.512,213.07,655.582
0.90537,574.11,281.607,855.717
0.906284,467.05,220.839,687.89
0.907199,602.771,303.756,906.527
0.908115,568.657,314.623,883.28
0.909031,397.333,188.12,585.453
0.909948,530.189,280.123,810.312
0.910867,555.297,264.003,819.3
0.911786,517.027,263.81,780.837
0.912705,564.348,285.397,849.745
0.913626,506.349,229.817,736.167
0.914547,577.559,294.534,872.094
0.91547,479.95,248.216,728.166
0.916393,591.61,295.67,887.28
0.917317,613.633,307.086,920.719
0.918242,603.879,296.163,900.042
0.919167,542.586,271.668,814.255
0.920094,619.474,269.72,889.194
0.921021,506.342,212.585,718.927
0.921949,644.419,341.417,985.836
0.922879,515.49,220.189,735.679
0.923808,607.29,301.345,908.634
0.924739,536.297,250.966,787.263
0.925671,-44.9345,50.7373,5.80281
0.926603,-189.8,-12.8209,-202.62
0.927536,380.583,-112.164,268.418
0.928471,311.316,-108.726,202.59
0.929406,631.252,401.082,1032.33
0.930341,512.03,377.442,889.472
0.931278,573.26,275.482,848.742
0.932216,353.839,164.268,518.107
0.933154,605.723,287.754,893.477
0.934093,465.077,302.094,767.171
0.935033,437.435,131.094,568.529
0.935974,467.209,291.973,759.182
0.936916,417.981,183.227,601.208
0.937859,284.61,118.77,403.38
0.938802,590.665,241.843,832.508
0.939747,339.031,154.535,493.566
0.940692,339.366,81.9335,421.299
0.941638,594.526,298.736,893.262
0.942585,456.576,197.315,653.892
0.943533,531.898,256.391,788.289
0.944481,410.589,167.701,578.29
0.945431,641.992,348.457,990.449
0.946381,575.319,293.752,869.072
0.947332,485.478,224.495,709.973
0.948285,524.575,240.936,765.511
0.949238,624.293,325.704,949.997
0.950191,684.334,365.408,1049.74
0.951146,407.358,175.695,583.053
0.952102,399.195,129.074,528.268
0.953058,803.184,468.832,1272.02
0.954015,628.441,323.781,952.222
0.954974,514.158,273.347,787.505
0.955933,360.471,90.9211,451.392
0.956893,785.905,463.16,1249.07
0.957853,433.742,152.703,586.445
0.958815,758.667,438.805,1197.47
0.959778,422.545,138.068,560.613
0.960741,424.281,210.6,634.88
0.961705,893.022,489.185,1382.21
0.962671,703.282,438.536,1141.82
0.963637,428.896,102.572,531.468
0.964604,601.851,367.163,969.015
0.965571,470.809,133.108,603.916
0.96654,196.309,45.612,241.921
0.96751,688.944,321.075,1010.02
0.96848,420.148,228.314,648.462
0.969452,1076.46,610.449,1686.91
0.970424,134.046,-16.7419,117.304
0.971397,802.871,411.608,1214.48
0.972371,482.118,259.78,741.899
0.973346,751.386,352.285,1103.67
0.974322,292.092,118.77,410.862
0.975298,805.215,401.21,1206.43
0.976276,429.328,238.28,667.608
0.977254,909.338,474.997,1384.34
0.978234,337.061,142.109,479.17
0.979214,959.248,529.742,1488.99
0.980195,436.68,230.402,667.082
0.981177,729.443,338.041,1067.48
0.98216,161.4,14.216,175.616
0.983143,1021.58,587.84,1609.42
0.984128,399.424,183.774,583.198
0.985114,906.798,487.92,1394.72
0.9861,369.522,169.884,539.406
0.987088,864.162,460.097,1324.26
0.988076,408.298,182.056,590.354
0.989065,895.048,482.679,1377.73
0.990055,470.551,227.649,698.199
0.991046,783.698,393.277,1176.98
0.992038,464.497,210.548,675.045
0.993031,861.64,464.898,1326.54
0.994024,464.075,222.984,687.059
0.995019,846.861,450.409,1297.27
0.996014,553.432,294.336,847.768
0.997011,726.625,361.406,1088.03
0.998008,412.193,193.882,606.075
0.999006,833.799,444.58,1278.38
1.00001,335.045,126.063,461.109
1.00101,1078.46,619.454,1697.91
1.00201,472.666,210.668,683.335
1.00301,754.195,381.761,1135.96
1.00402,790.528,491.365,1281.89
1.00502,240.254,102.546,342.8
1.00603,358.483,31.9984,390.482
1.00704,876.748,432.252,1309
1.00805,502.792,214.418,717.209
1.00906,734.855,464.795,1199.65
1.01008,-91.9024,-231.924,-323.826
1.0111,891.286,606.375,1497.66
1.01211,304.25,30.4813,334.731
1.01313,685.778,437.241,1123.02
1.01415,134.095,-53.6765,80.4181
1.01518,631.637,385.477,1017.11
1.0162,447.617,196.646,644.263
1.01723,571.831,348.834,920.665
1.01826,374.147,85.2241,459.371
1.01929,638.849,336.089,974.939
1.02032,423.427,161.361,584.788
1.02135,723.408,448.327,1171.74
1.02238,397.679,128.024,525.704
1.02342,541.394,278.927,820.321
1.02446,581.1,268.005,849.105
1.0255,608.882,339,947.882
1.02654,268.737,-1.73807,266.999
1.02758,785.265,454.559,1239.82
1.02863,436.525,148.727,585.252
1.02968,746.41,440.247,1186.66
1.03072,283.509,25.8742,309.383
1.03177,722.4,443.222,1165.62
1.03282,367.857,65.5448,433.401
1.03388,632.555,363.061,995.616
1.03493,511.998,179.528,691.526
1.03599,785.582,484.04,1269.62
1.03705,308.966,36.8757,345.841
1.03811,683.092,373.815,1056.91
1.03917,512.886,207.047,719.934
1.04023,761.749,437.911,1199.66
1.0413,432.335,141.804,574.139
1.04237,655.687,341.998,997.685
1.04344,661.147,294.562,955.709
1.04451,657.779,356.463,1014.24
1.04558,540.329,208.015,748.345
1.04665,593.065,299.763,892.828
1.04773,813.145,417.927,1231.07
1.04881,385.442,108.91,494.353
1.04989,832.439,452.257,1284.7
1.05097,526.244,221.818,748.062
1.05205,766.667,395.722,1162.39
1.05313,556.848,274.79,831.639
1.05422,769.617,375.786,1145.4
1.05531,564.932,275.047,839.98
1.0564,816.92,436.78,1253.7
1.05749,478.489,182.113,660.602
1.05858,772.153,395.153,1167.31
1.05968,582.72,280.545,863.265
1.06078,735.732,368.475,1104.21
1.06187,616.972,315.579,932.552
1.06297,689.688,318.025,1007.71
1.06408,673.124,351.552,1024.68
1.06518,760.685,363.743,1124.43
1.06629,538.292,240.949,779.242
1.06739,770.671,391.798,1162.47
1.0685,594.181,288.43,882.61
1.06962,862.103,454.079,1316.18
1.07073,540.045,235.753,775.798
1.07184,778.257,395.681,1173.94
1.07296,612.221,303.981,916.202
1.07408,881.933,480.04,1361.97
1.0752,368.076,98.8789,466.955
1.07632,984.338,573.179,1557.52
1.07745,416.035,144.738,560.773
1.07857,920.022,491.965,1411.99
1.0797,450.727,171.991,622.717
1.08083,1008.32,577.56,1585.88
1.08196,222.878,78.311,301.189
1.08309,326.27,-12.8659,313.405
1.08423,510.446,210.93,721.375
1.08536,52.1734,-104.091,-51.9181
1.0865,283.521,88.723,372.244
1.08764,587.118,307.157,894.275
1.08879,39.0305,-68.1731,-29.1426
1.08993,895.947,514.173,1410.12
1.09108,239.331,57.6427,296.973
1.09223,976.003,553.024,1529.03
1.09337,287.822,118.565,406.387
1.09453,825.17,448.557,1273.73
1.09568,117.581,-3.65702,113.924
1.09684,656.386,307.267,963.653
1.09799,240.057,60.7861,300.843
1.09915,864.325,479.621,1343.95
1.10031,185.41,16.9736,202.384
1.10148,943.369,533.466,1476.84
1.10264,185.094,10.7542,195.848
1.10381,909.322,536.269,1445.59
1.10498,167.835,-10.9475,156.887
1.10615,797.432,413.3,1210.73
1.10732,305.026,100.143,405.169
1.10849,707.203,363.836,1071.04
1.10967,422.2,185.524,607.724
1.11085,669.622,321.305,990.926
1.11203,343.489,134.083,477.572
1.11321,667.578,342.458,1010.04
1.11439,489.658,238.899,728.557
1.11558,784.639,385.245,1169.88
1.11677,371.365,138.795,510.16
1.11796,707.268,348.394,1055.66
1.11915,561.439,283.216,844.654
1.12034,750.791,356.214,1107.01
1.12154,482.962,198.857,681.818
1.12274,757.577,381.72,1139.3
1.12394,536.213,249.569,785.781
1.12514,793.615,401.957,1195.57
1.12634,442.123,182.012,624.135
1.12755,733.219,351.522,1084.74
1.12875,612.591,322.059,934.65
1.12996,640.522,309.688,950.21
1.13117,398.89,163.572,562.462
1.13239,636.475,295.397,931.873
1.1336,758.371,392.583,1150.95
1.13482,541.812,216.564,758.375
1.13604,749.576,401.958,1151.53
1.13726,490.325,187.046,677.37
1.13848,682.358,361.659,1044.02
1.13971,617.408,267.027,884.435
1.14093,731.69,391.418,1123.11
1.14216,557.395,221.846,779.241
1.14339,769.71,414.458,1184.17
1.14463,553.042,217.403,770.445
1.14586,798.606,425.418,1224.02
1.1471,450.288,146.897,597.185
1.14834,848.784,488.98,1337.76
1.14958,517.626,191.897,709.523
1.15082,819.345,456.263,1275.61
1.15207,486.006,177.139,663.145
1.15332,762.741,409.094,1171.84
1.15456,562.434,232.07,794.504
1.15582,706.43,361.352,1067.78
1.15707,641.073,278.22,919.294
1.15832,730.147,390.86,1121.01
1.15958,515.369,197.331,712.7
1.16084,817.971,441.002,1258.97
1.1621,556.075,227.654,783.729
1.16337,814.809,449.447,1264.26
1.16463,498.999,202.852,701.851
1.1659,851.467,473.879,1325.35
1.16717,540.223,217.948,758.172
1.16844,824.171,443.758,1267.93
1.16971,516.222,210.968,727.19
1.17099,829.49,463.702,1293.19
1.17227,501.153,183.863,685.016
1.17355,825.043,457.521,1282.56
1.17483,573.096,232.256,805.352
1.17611,361.414,-39.1473,322.266
1.1774,179.569,-220.366,-40.7971
1.17869,160.099,-144.723,15.3754
1.17998,900.73,551.719,1452.45
1.18127,782.368,406.247,1188.62
1.18256,237.649,11.2052,248.855
1.18386,1142.32,707.357,1849.68
1.18516,-56.6716,-213.905,-270.577
1.18646,1209.23,762.204,1971.43
1.18776,-201.16,-353.648,-554.808
1.18907,1277.66,810.664,2088.33
1.19038,80.6743,-128.327,-47.6523
1.19169,1252.38,774.667,2027.05
1.193,34.3837,-183.492,-149.109
1.19431,1045.03,627.871,1672.9
1.19563,311.724,15.5418,327.266
1.19694,972.65,558.345,1530.99
1.19826,219.428,-49.3653,170.062
1.19959,1087.04,680.902,1767.94
1.20091,266.746,1.04289,267.789
1.20224,822.163,448.719,1270.88
1.20357,31.909,-184.476,-152.567
1.2049,1118.66,713.039,1831.7
1.20623,317.334,-13.5615,303.772
1.20756,969.364,574.533,1543.9
1.2089,198.942,-82.2136,116.728
1.21024,1186.31,768.305,1954.62
1.21158,273.93,-33.6512,240.279
1.21293,967.959,571.587,1539.55
1.21427,241.602,-64.8315,176.771
1.21562,1212.43,789.09,2001.53
1.21697,219.436,-107.718,111.718
1.21832,1003.35,595.235,1598.59
1.21968,179.192,-117.692,61.4994
1.22104,1206.04,781.471,1987.51
1.2224,115.731,-147.054,-31.3235
1.22376,1025.91,598.459,1624.37
1.22512,148.297,-134.03,14.2663
1.22649,1238.05,796.375,2034.42
1.22785,110.194,-143.879,-33.6853
1.22922,1099.84,655.293,1755.13
1.2306,206.041,-78.199,127.842
1.23197,1169.54,742.873,1912.41
1.23335,152.801,-107.128,45.673
1.23473,951.834,550.484,1502.32
1.23611,248.019,-48.3092,199.71
1.23749,1122.61,698.155,1820.77
1.23888,242.701,-47.6549,195.046
1.24027,856.391,465.242,1321.63
1.24166,433.702,72.1896,505.892
1.24305,1266.73,787.857,2054.58
1.24445,363.3,42.5162,405.817
1.24584,912.614,520.849,1433.46
1.24724,285.824,-39.9741,245.85
1.24864,1201.84,718.521,1920.36
1.25005,355.013,29.4105,384.423
1.25145,972.4,577.788,1550.19
1.25286,385.914,20.6811,406.595
1.25427,991.473,576.892,1568.37
1.25569,521.933,136.017,657.95
1.2571,739.572,398.471,1138.04
1.25852,3.43566,-171.311,-167.875
1.25994,1235.04,821.314,2056.36
1.26136,329.622,-50.1939,279.428
1.26279,1322.03,770.053,2092.08
1.26421,17.9933,-237.888,-219.894
1.26564,598.419,316.871,915.291
1.26708,267.704,-2.68656,265.018
1.26851,879.779,490.498,1370.28
1.26995,277.57,-18.5209,259.049
1.27138,612.961,328.898,941.859
1.27283,254.519,-1.53065,252.988
1.27427,642.596,336.825,979.42
1.27571,340.17,17.9114,358.082
1.27716,565.721,300.498,866.22
1.27861,120.331,-133.463,-13.1329
1.28007,800.491,454.247,1254.74
1.28152,142.516,-140.151,2.36511
1.28298,877.741,511.571,1389.31
1.28444,102.097,-154.627,-52.5305
1.2859,923.107,540.65,1463.76
1.28736,254.725,-46.429,208.296
1.28883,1034.45,640.058,1674.51
1.2903,108.981,-156.016,-47.0352
1.29177,783.695,438.205,1221.9
1.29325,250.412,-35.9339,214.478
1.29472,997.709,624.007,1621.72
1.2962,152.198,-121.391,30.8069
1.29768,723.297,398.871,1122.17
1.29917,226.7,-51.9918,174.708
1.30065,1184.21,744.083,1928.29
1.30214,265.179,-26.5771,238.602
1.30363,861.976,488.697,1350.67
1.30513,338.05,-5.10784,332.943
1.30662,974.826,573.282,1548.11
1.30812,341.651,20.7003,362.351
1.30962,957.491,555.043,1512.53
1.31112,628.757,190.131,818.888
1.31263,661.527,346.224,1007.75
1.31414,385.766,63.656,449.422
1.31565,1080.08,634.147,1714.22
1.31716,632.07,199.983,832.053
1.31868,632.492,318.536,951.028
1.32019,477.492,139.235,616.727
1.32171,1101.39,669.254,1770.65
1.32324,714.293,276.582,990.875
1.32476,536.41,253.534,789.944
1.32629,489.929,127.022,616.951
1.32782,911.491,534.065,1445.56
1.32935,859.673,371.029,1230.7
1.33089,518.404,242.609,761.013
1.33243,557.593,192.17,749.763
1.33397,962.478,568.702,1531.18
1.33551,921.286,433.256,1354.54
1.33705,510.744,222.931,733.675
1.3386,533.451,171.052,704.503
1.34015,992.939,586.075,1579.01
1.34171,822.246,372.334,1194.58
1.34326,520.445,207.271,727.715
1.34482,663.226,138.798,802.024
1.34638,572.767,185.523,758.289
1.34794,1509.41,849.54,2358.95
1.34951,-203.559,-482.814,-686.373
1.35107,1156.42,769.889,1926.31
1.35265,-73.0543,-217.16,-290.214
1.35422,1351.4,848.872,2200.27
1.35579,-119.169,-284.654,-403.823
1.35737,1173.34,753.137,1926.47
1.35895,-130.472,-263.555,-394.027
1.36054,1155.41,683.882,1839.29
1.36212,86.8136,-156.06,-69.2467
1.36371,964.701,581.991,1546.69
1.3653,187.615,-85.8893,101.726
1.3669,1014.14,614.921,1629.06
1.36849,160.92,-117.018,43.9026
1.37009,911.501,562.875,1474.38
1.37169,227.811,-58.1685,169.643
1.3733,1113.51,682.222,1795.73
1.3749,117.135,-154.201,-37.0663
1.37651,963.728,599.661,1563.39
1.37812,198.949,-63.025,135.924
1.37974,1057.79,655.857,1713.65
1.38135,196.442,-92.3666,104.076
1.38297,1017.71,612.138,1629.85
1.3846,259.021,-39.2347,219.787
1.38622,985.768,620.695,1606.46
1.38785,340.781,6.85858,347.639
1.38948,917.666,551.022,1468.69
1.39111,371.081,30.2525,401.334
1.39275,784.647,478.841,1263.49
1.39439,413.083,68.1945,481.277
1.39603,832.162,489.092,1321.25
1.39767,453.813,79.8651,533.678
1.39932,783.407,457.68,1241.09
1.40097,390.208,67.2452,457.453
1.40262,868.498,520.17,1388.67
1.40427,405.062,57.0667,462.129
1.40593,893.327,510.444,1403.77
1.40759,401.922,63.7439,465.666
1.40925,864.527,503.032,1367.56
1.41092,460.559,95.4578,556.017
1.41258,901.473,520.207,1421.68
1.41425,497.73,119.236,616.967
1.41593,844.619,477.311,1321.93
1.4176,489.303,126.795,616.098
1.41928,872.656,500.928,1373.58
1.42096,501.227,120.031,621.258
1.42265,876.845,495.77,1372.62
1.42433,488.21,107.051,595.261
1.42602,898.988,509.899,1408.89
1.42772,520.484,146.288,666.772
1.42941,862.192,468.503,1330.69
1.43111,557.05,155.353,712.403
1.43281,898.056,501.669,1399.73
1.43451,567.874,162.241,730.115
1.43622,863.755,472.916,1336.67
1.43793,527.865,143.945,671.81
1.43964,840.471,462.41,1302.88
1.44135,549.494,151.433,700.926
1.44307,903.518,517.477,1420.99
1.44479,546.557,148.826,695.383
1.44651,893.692,498.009,1391.7
1.44824,560.27,162.517,722.788
1.44997,873.14,477.067,1350.21
1.4517,550.593,156.335,706.928
1.45343,864.398,468.421,1332.82
1.45517,-89.6046,-184.711,-274.316
1.45691,395.878,163.183,559.061
1.45865,1743.06,1072.36,2815.42
1.4604,-257.874,-472.501,-730.376
1.46214,1152.25,695.034,1847.28
1.4639,463.957,80.1712,544.128
1.46565,1076,639.995,1716
1.46741,354.713,-31.4169,323.296
1.46917,788.267,416.594,1204.86
1.47093,605.296,198.912,804.207
1.47269,732.92,375.638,1108.56
1.47446,440.572,31.4669,472.039
1.47623,514.684,235.864,750.548
1.47801,950.436,473.122,1423.56
1.47978,93.1903,-116.178,-22.9879
1.48156,928.926,448.675,1377.6
1.48335,76.6386,-123.829,-47.1906
1.48513,1273.8,741.842,2015.64
1.48692,140.522,-78.4984,62.0233
1.48871,906.785,423.201,1329.99
1.4905,343.573,101.645,445.218
1.4923,816.824,348.203,1165.03
1.4941,530.499,252.383,782.881
1.4959,687.411,250.41,937.821
1.49771,429.851,161.702,591.553
1.49952,1032.14,514.722,1546.87
1.50133,602.393,289.456,891.849
1.50315,365.889,-19.5231,346.366
1.50496,548.189,257.802,805.992
1.50678,482.382,74.0142,556.397
1.50861,990.821,576.578,1567.4
1.51043,395.753,6.98673,402.74
1.51226,965.268,579.877,1545.14
1.5141,306.36,-87.8134,218.546
1.51593,1034.71,592.503,1627.21
1.51777,283.751,-84.3704,199.381
1.51961,1057.06,640.682,1697.74
1.52146,305.701,-83.7052,221.996
1.5233,975.949,563.401,1539.35
1.52515,349.017,-5.82429,343.193
1.52701,1151.66,702.71,1854.37
1.52886,131.576,-203.718,-72.1419
1.53072,1100.34,663.296,1763.64
1.53258,292.814,-43.6946,249.12
1.53445,1179.13,699.146,1878.28
1.53632,120.208,-191.381,-71.1735
1.53819,1051.61,624.848,1676.46
1.54006,324.596,-16.0635,308.533
1.54194,1216.62,722.003,1938.62
1.54382,210.564,-139.059,71.5051
1.54571,996.498,576.129,1572.63
1.54759,294.668,-38.9961,255.672
1.54948,1245.98,727.511,1973.49
1.55138,200.109,-136.971,63.1373
1.55327,1101.44,634.344,1735.79
1.55517,365.82,1.98147,367.802
1.55707,1116.38,640.02,1756.4
1.55898,257.965,-86.8536,171.111
1.56089,1134.47,665.595,1800.06
1.5628,444.508,87.131,531.639
1.56471,1096.88,617.677,1714.55
1.56663,219.936,-129.023,90.9124
1.56855,1054.98,606.754,1661.74
1.57048,385.359,19.1217,404.481
1.5724,1166.68,661.698,1828.38
1.57433,-339.713,-611.179,-950.892
1.57627,-170.247,-460.23,-630.477
1.5782,1213.4,537.912,1751.31
1.58014,1219.51,669.73,1889.24
1.58208,760.617,408.928,1169.54
1.58403,661.442,238.882,900.324
1.58598,746.854,319.327,1066.18
1.58793,131.344,-114.643,16.7014
1.58989,1326.82,848.232,2175.05
1.59185,232.44,-46.8953,185.545
1.59381,1061.37,567.621,1628.99
1.59577,177.285,-121.271,56.0138
1.59774,1307.98,802.816,2110.79
1.59971,560.285,116.012,676.297
1.60169,79.7985,-139.393,-59.5946
1.60366,1811.96,1176.2,2988.16
1.60564,-384.824,-494.581,-879.405
1.60763,1569.48,957.887,2527.36
1.60962,-732.056,-719.831,-1451.89
1.61161,2238.99,1485.63,3724.61
1.6136,-586.373,-673.79,-1260.16
1.6156,1048.32,519.768,1568.08
1.6176,881.67,525.313,1406.98
1.6196,764.624,328.95,1093.57
1.62161,639.214,374.905,1014.12
1.62362,803.282,281.456,1084.74
1.62563,573.63,243.53,817.16
1.62765,123.309,-147.212,-23.9027
1.62967,906.421,561.889,1468.31
1.63169,1190.7,572.206,1762.91
1.63372,-521.091,-717.672,-1238.76
1.63575,1842.18,1238.95,3081.13
1.63778,-107.259,-362.475,-469.734
1.63982,1731.13,1029.86,2760.99
1.64186,-748.308,-764.82,-1513.13
1.6439,1833.77,1142.53,2976.31
1.64595,-388.104,-526.829,-914.933
1.648,1674.39,1034.08,2708.47
1.65005,-330.238,-495.088,-825.326
1.65211,1823.73,1139.08,2962.81
1.65417,-408.065,-560.216,-968.281
1.65623,1800.38,1118.21,2918.59
1.65829,-412.256,-551.526,-963.781
1.66036,1825.97,1143.07,2969.04
1.66244,-350.697,-525.421,-876.118
1.66451,1805.84,1138.13,2943.97
1.66659,-389.344,-537.08,-926.424
1.66868,1752.32,1095.7,2848.03
1.67076,-321.74,-508.738,-830.478
1.67285,1760.8,1098.31,2859.11
1.67495,-386.697,-542.02,-928.717
1.67704,1804.32,1146.07,2950.38
1.67914,-408.089,-566.98,-975.07
1.68125,1821.42,1145.34,2966.76
1.68335,-458.588,-592.631,-1051.22
1.68547,1862.06,1177.7,3039.77
1.68758,-426.677,-580.048,-1006.73
1.6897,1855.29,1154.9,3010.19
1.69182,-463.923,-594.682,-1058.61
1.69394,1855.48,1174.66,3030.14
1.69607,-449.874,-593.1,-1042.97
1.6982,1785,1105.53,2890.53
1.70033,-453.916,-582.545,-1036.46
1.70247,1821.07,1134.03,2955.11
1.70461,-370.467,-532.583,-903.05
1.70676,1737.44,1066.93,2804.37
1.70891,-401.435,-550.258,-951.692
1.71106,1769.82,1115.88,2885.7
1.71322,-392.43,-548.47,-940.9
1.71537,1733.22,1064.98,2798.2
1.71754,-441.032,-582.175,-1023.21
1.7197,1879.88,1185.75,3065.63
1.72187,-442.97,-584.713,-1027.68
1.72405,1725.68,1040.86,2766.55
1.72622,-489.942,-612.323,-1102.27
1.7284,1948.08,1263.65,3211.73
1.73059,-402.586,-577.182,-979.768
1.73277,1676.45,1022.56,2699
1.73496,-538.21,-650.982,-1189.19
1.73716,1864.05,1195.3,3059.36
1.73936,-143.465,-410.456,-553.921
1.74156,1633.74,985.129,2618.87
1.74376,-556.082,-660.242,-1216.32
1.74597,1595.89,747.631,2343.52
1.74818,1410.58,599.584,2010.17
1.7504,955.138,367.771,1322.91
1.75262,466.352,127.526,593.877
1.75484,686.535,271.126,957.661
1.75707,-192.256,-439.618,-631.874
1.7593,1059.76,554.929,1614.68
1.76153,-3.30007,-286.384,-289.684
1.76377,1303.08,738.081,2041.16
1.76601,-264.63,-487.575,-752.205
1.76826,1329.03,846.992,2176.02
1.7705,-168.514,-412.188,-580.702
1.77276,1356.03,796.107,2152.13
1.77501,-166.467,-396.92,-563.387
1.77727,1304.44,798.27,2102.71
1.77953,-8.12839,-327.832,-335.96
1.7818,1342.5,799.576,2142.08
1.78407,-77.6178,-358.293,-435.911
1.78635,1325.09,822.714,2147.8
1.78862,19.3557,-301.632,-282.276
1.7909,1258.07,756.267,2014.33
1.79319,-68.0987,-355.1,-423.199
1.79548,1395.74,870.942,2266.69
1.79777,22.9838,-308.957,-285.973
1.80007,1357.58,821.778,2179.36
1.80237,-156.613,-400.124,-556.737
1.80467,1457.81,897.78,2355.59
1.80698,-81.6312,-358.1,-439.732
1.80929,1407.87,864.918,2272.79
1.81161,-21.3089,-324.24,-345.549
1.81392,1466.73,911.6,2378.33
1.81625,28.8074,-288.113,-259.305
1.81857,1472.59,913.774,2386.36
1.8209,46.3866,-278.173,-231.786
1.82324,1424.94,883.865,2308.81
1.82558,27.2954,-297.347,-270.052
1.82792,1461.35,897.166,2358.52
1.83026,88.7632,-250.395,-161.631
1.83261,1424.2,874.203,2298.41
1.83496,104.996,-234.748,-129.751
1.83732,1409.24,868.332,2277.57
1.83968,143.429,-207.495,-64.0663
1.84205,1382.77,848.609,2231.38
1.84441,88.8658,-243.565,-154.7
1.84679,1444.07,884.444,2328.52
1.84916,176.76,-192.913,-16.1535
1.85154,1366.38,832.577,2198.96
1.85393,106.167,-219.31,-113.144
1.85631,1419.4,871.734,2291.13
1.85871,84.6549,-238.211,-153.556
1.8611,1391.95,843.998,2235.95
1.8635,69.7046,-252.212,-182.507
1.8659,1368.25,841.834,2210.08
1.86831,101.051,-237.311,-136.26
1.87072,1295.31,777.096,2072.4
1.87314,226.516,-149.835,76.6814
1.87556,1278.18,749.022,2027.2
1.87798,209.955,-161.589,48.3663
1.88041,1300.64,777.598,2078.23
1.88284,204.203,-158.862,45.3411
1.88527,1312.75,776.472,2089.22
1.88771,89.2484,-251.016,-161.768
1.89015,1474.14,889.351,2363.49
1.8926,74.2588,-256.618,-182.36
1.89505,1401.92,850.447,2252.36
1.8975,87.6282,-234.709,-147.081
1.89996,1492.44,883.085,2375.53
1.90242,71.5646,-252.351,-180.787
1.90489,1352.94,820.348,2173.29
1.90736,197.743,-179.866,17.8774
1.90984,1435.02,871.979,2307
1.91231,85.4153,-247.503,-162.088
1.9148,1357.3,795.35,2152.65
1.91728,252.99,-125.366,127.624
1.91977,1363.24,809.781,2173.03
1.92227,63.6444,-254.107,-190.463
1.92477,1431.53,861.252,2292.78
1.92727,162.553,-199.341,-36.7887
1.92978,1338.57,790.04,2128.61
1.93229,115.708,-221.258,-105.55
1.9348,1432.61,842.436,2275.05
1.93732,139.012,-213.268,-74.2563
1.93984,1384.96,825.215,2210.18
1.94237,98.0115,-242.792,-144.78
1.9449,1442.07,845.547,2287.61
1.94744,105.145,-248.856,-143.712
1.94998,1459.51,869.693,2329.2
1.95252,77.9463,-257.04,-179.094
1.95507,1511.5,896.657,2408.16
1.95762,100.591,-259.979,-159.388
1.96018,1433.88,840.29,2274.17
1.96274,150.711,-218.913,-68.2026
1.9653,1403.06,833.863,2236.93
1.96787,168.919,-203.261,-34.3422
1.97044,1298.56,758.098,2056.66
1.97302,279.608,-133.077,146.531
1.9756,1338.2,777.705,2115.91
1.97819,289.746,-128.981,160.765
1.98078,1376.14,793.383,2169.53
1.98337,222.306,-158.934,63.3724
1.98597,1368.61,788.808,2157.42
1.98857,236.752,-165.349,71.4032
1.99118,1360.87,782.886,2143.76
1.99379,260.596,-133.788,126.808
1.9964,1388.4,806.86,2195.26
1.99902,150.026,-229.016,-78.9903
2.00165,1506.74,884.048,2390.79
2.00427,160.23,-220.483,-60.2527
2.0069,1454.4,852.223,2306.62
2.00954,120.608,-246.166,-125.558
2.01218,1468.54,863.885,2332.42
2.01483,152.724,-213.923,-61.1988
2.01748,1497.38,877.122,2374.51
2.02013,115.329,-233.926,-118.597
2.02279,1487.98,866.377,2354.35
2.02545,83.6021,-255.885,-172.283
2.02811,1585.86,933.427,2519.29
2.03079,2.53627,-311.533,-308.997
2.03346,1453.41,846.818,2300.23
2.03614,108.578,-248.927,-140.349
2.03882,1547.73,909.497,2457.23
2.04151,101.269,-261.269,-160
2.0442,1507.1,884.208,2391.31
2.0469,97.384,-247.137,-149.753
2.0496,1544.11,905.629,2449.74
2.05231,67.0126,-276.897,-209.884
2.05502,1605.96,938.156,2544.12
2.05773,-53.9693,-350.63,-404.599
2.06045,1631.51,970.427,2601.94
2.06317,26.3471,-304.191,-277.843
2.0659,1599.64,945.755,2545.39
2.06863,9.12657,-317.759,-308.632
2.07137,1544.78,907.406,2452.19
2.07411,61.264,-288.26,-226.996
2.07686,1556.84,894.755,2451.59
2.07961,115.828,-249.065,-133.237
2.08236,1503.06,877.027,2380.09
2.08512,54.7404,-289.639,-234.899
2.08788,1541.64,903.361,2445.01
2.09065,90.1453,-263.056,-172.911
2.09342,1564.36,911.548,2475.91
2.0962,87.6952,-265.164,-177.468
2.09898,1565.27,898.878,2464.15
2.10177,29.592,-292.02,-262.428
2.10456,1566.77,897.549,2464.32
2.10735,21.2083,-305.399,-284.191
2.11015,1551.17,892.771,2443.94
2.11296,35.531,-304.244,-268.713
2.11576,1630.88,954.414,2585.3
2.11858,47.8481,-299.37,-251.522
2.1214,1593.99,918.053,2512.04
2.12422,68.4278,-285.964,-217.536
2.12704,1524.16,874.439,2398.6
2.12988,75.5436,-281.808,-206.265
2.13271,1605.54,931.11,2536.65
2.13555,-16.2379,-334.132,-350.37
2.1384,1643.87,944.701,2588.57
2.14125,37.4631,-309.086,-271.623
2.1441,1559.72,889.619,2449.34
2.14696,124.24,-262.564,-138.324
2.14983,1485.33,834.318,2319.65
2.15269,225.972,-176.522,49.4499
2.15557,1512.51,844.795,2357.3
2.15845,60.8773,-297.957,-237.08
2.16133,1580.39,901.638,2482.03
2.16421,80.86,-283.501,-202.641
2.16711,1566.74,894.801,2461.54
2.17,75.2995,-289.224,-213.924
2.1729,1559,892.181,2451.19
2.17581,83.1831,-287.034,-203.851
2.17872,1550.72,867.828,2418.54
2.18164,172.514,-214.323,-41.8092
2.18456,1533.95,863.704,2397.65
2.18748,51.0241,-297.857,-246.833
2.19041,1552.29,883.812,2436.11
2.19335,73.2241,-291.287,-218.063
2.19628,1607.91,910.178,2518.09
2.19923,92.5707,-274.896,-182.325
2.20218,1555.25,887.93,2443.18
2.20513,186.709,-229.297,-42.5883
2.20809,1421.82,783.354,2205.18
2.21105,284.063,-151.019,133.044
2.21402,1425.63,790.411,2216.04
2.21699,221.528,-193.601,27.927
2.21997,1461.19,827.866,2289.06
2.22295,211.924,-215.565,-3.64115
2.22594,1429.87,807.928,2237.8
2.22893,164.774,-233.545,-68.7714
2.23193,1424.8,812.137,2236.94
2.23493,186.851,-236.6,-49.7489
2.23794,1501.06,856.931,2357.99
2.24095,180.007,-219.632,-39.6252
2.24397,1418.5,788.797,2207.3
2.24699,212.259,-193.415,18.8432
2.25001,1423.19,794.123,2217.31
2.25305,80.2251,-287.034,-206.809
2.25608,1586.01,910.464,2496.47
2.25912,96.4742,-292.397,-195.923
2.26217,1579.51,890.237,2469.74
2.26522,50.5061,-317.165,-266.659
2.26828,1605.71,922.194,2527.91
2.27134,41.1497,-324.099,-282.949
2.2744,1545.89,865.106,2411
2.27747,132.027,-265.645,-133.618
2.28055,1547.69,871.506,2419.2
2.28363,64.4376,-306.468,-242.031
2.28672,1512.55,853.063,2365.61
2.28981,36.8095,-325.784,-288.975
2.2929,1590.44,900.253,2490.69
2.296,46.9421,-319.458,-272.516
2.29911,1591.13,906.901,2498.03
2.30222,40.1977,-327.203,-287.005
2.30534,1587.98,886.185,2474.17
2.30846,109.893,-288.675,-178.782
2.31158,1577.91,876.836,2454.74
2.31472,130.536,-275.078,-144.542
2.31785,1480.85,814.387,2295.24
2.32099,156.507,-255.963,-99.4554
2.32414,1560.05,879.376,2439.43
2.32729,33.7162,-319.835,-286.119
2.33045,1627.29,898.136,2525.43
2.33361,39.7036,-332.588,-292.885
2.33678,1571.64,880.867,2452.51
2.33995,122.382,-271.124,-148.743
2.34313,1564.28,872.416,2436.69
2.34631,74.0085,-313.171,-239.163
2.3495,1600.73,893.344,2494.08
2.35269,98.4609,-292.266,-193.805
2.35589,1474.3,815.82,2290.12
2.35909,128.794,-274.728,-145.933
2.3623,1488.97,831.953,2320.92
2.36552,123.281,-294.115,-170.834
2.36873,1459.63,806.259,2265.89
2.37196,173.601,-263.326,-89.7251
2.37519,1518.47,857.006,2375.48
2.37842,41.1466,-348.716,-307.57
2.38166,1637.58,918.185,2555.76
2.38491,6.01967,-360.751,-354.731
2.38816,1575.68,887.223,2462.9
2.39141,154.358,-273.48,-119.122
2.39467,1459.9,795.768,2255.67
2.39794,170.502,-262.459,-91.9572
2.40121,1507.7,841.935,2349.63
2.40449,116.201,-306.422,-190.222
2.40777,1602.16,912.563,2514.72
2.41106,-43.8562,-404.22,-448.076
2.41435,1619.77,918.956,2538.72
2.41765,-7.8185,-381.41,-389.229
2.42095,1591.6,905.863,2497.46
2.42426,39.0772,-363.367,-324.29
2.42758,1602.23,913.132,2515.36
2.4309,17.5716,-372.027,-354.456
2.43422,1624.89,910.894,2535.78
2.43755,56.2771,-347.064,-290.787
2.44089,1530.93,854.225,2385.15
2.44423,115.666,-323.264,-207.598
2.44758,1670.8,938.501,2609.3
2.45093,25.2668,-354.517,-329.251
2.45429,1575.69,876.278,2451.97
2.45765,4.37465,-371.746,-367.371
2.46102,1602.6,894.359,2496.96
2.46439,83.7042,-318.583,-234.879
2.46777,1625.75,895.037,2520.79
2.47116,-5.06166,-376.966,-382.028
2.47455,1691.61,948.414,2640.02
2.47795,68.2836,-330.136,-261.853
2.48135,1583.67,861.815,2445.48
2.48475,-3.88247,-364.918,-368.8
2.48817,1685.86,939.083,2624.95
2.49159,-45.2749,-402.393,-447.668
2.49501,1655.22,919.38,2574.6
2.49844,13.9189,-382.47,-368.552
2.50187,1648.15,925.683,2573.84
2.50531,-82.5089,-441.544,-524.053
2.50876,1690.3,947.414,2637.71
2.51221,-4.64501,-378.573,-383.218
2.51567,1639.09,910.95,2550.04
2.51913,-24.4875,-395.04,-419.527
2.5226,1676.72,942.297,2619.02
2.52608,-92.2241,-431.946,-524.17
2.52956,1747.93,976.035,2723.96
2.53304,-116.559,-446.331,-562.89
2.53653,1758.82,986.251,2745.07
2.54003,-112.853,-463.066,-575.918
2.54353,1766.63,983.334,2749.96
2.54704,-168.651,-492.953,-661.604
2.55055,1746.5,975.517,2722.02
2.55407,-13.3565,-403.136,-416.493
2.5576,1712.44,951.854,2664.3
2.56113,-152.504,-479.264,-631.767
2.56467,1754.22,981.7,2735.92
2.56821,-113.389,-457.533,-570.921
2.57176,1828.92,1021.96,2850.87
2.57531,-150.967,-468.62,-619.587
2.57887,1720.54,952.211,2672.75
2.58244,-44.9631,-415.434,-460.397
2.58601,1754.07,967.571,2721.64
2.58959,-96.4373,-439.8,-536.237
2.59317,1745.35,971.581,2716.94
2.59676,-138.097,-482.86,-620.957
2.60035,1766.95,978.548,2745.5
2.60395,-68.0593,-426.95,-495.01
2.60756,1706.57,938.507,2645.08
2.61117,-13.639,-399.582,-413.221
2.61479,1779.95,987.377,2767.32
2.61841,-146.192,-491.69,-637.882
2.62204,1743.18,962.009,2705.18
2.62568,-13.1054,-401.712,-414.817
2.62932,1742.12,960.058,2702.18
2.63297,-105.879,-474.385,-580.263
2.63662,1738.95,970.456,2709.41
2.64028,-78.324,-444.193,-522.517
2.64395,1638.81,903.042,2541.85
2.64762,-49.0249,-425.617,-474.642
2.6513,1706.28,937.428,2643.71
2.65498,-46.582,-427.003,-473.585
2.65867,1828.43,1025.75,2854.18
2.66236,-231.819,-548.626,-780.445
2.66607,1818.55,1014.94,2833.5
2.66977,-103.309,-458.029,-561.338
2.67349,1808.69,997.592,2806.28
2.67721,-178.909,-507.036,-685.945
2.68093,1846.97,1016.35,2863.31
2.68466,-93.5429,-463.294,-556.837
2.6884,1740.86,957.261,2698.12
2.69214,-50.5477,-433.044,-483.592
2.69589,1742.69,954.528,2697.22
2.69965,6.70218,-398.52,-391.818
2.70341,1760.58,950.696,2711.27
2.70718,-46.2572,-434.077,-480.335
2.71095,1784.2,974.226,2758.43
2.71473,-93.7019,-460.445,-554.147
2.71852,1845.88,1015.98,2861.86
2.72231,-34.4523,-436.059,-470.511
2.72611,1776.37,966.379,2742.75
2.72992,22.9556,-402.682,-379.726
2.73373,1701.19,928.043,2629.24
2.73755,44.9827,-382.782,-337.799
2.74137,1600.02,866.365,2466.38
2.7452,67.6165,-373.511,-305.895
2.74903,1554.1,825.951,2380.05
2.75288,213.606,-270.016,-56.41
2.75673,1593.7,851.997,2445.69
2.76058,8.00485,-407.38,-399.375
2.76444,1634.18,872.883,2507.07
2.76831,46.8221,-376.437,-329.615
2.77218,1604.16,866.668,2470.82
2.77606,92.0161,-353.118,-261.102
2.77995,1635.37,884.176,2519.55
2.78384,6.83389,-409.013,-402.179
2.78774,1628.91,876.932,2505.84
2.79164,36.3702,-387.024,-350.654
2.79556,1686.46,911.58,2598.04
2.79947,38.9765,-383.034,-344.057
2.8034,1615.71,854.955,2470.67
2.80733,104.275,-347.565,-243.289
2.81126,1723.76,926.942,2650.71
2.81521,-28.4364,-433.816,-462.252
2.81916,1738.9,928.235,2667.13
2.82311,113.669,-334.146,-220.477
2.82708,1669.18,882.197,2551.38
2.83105,25.5972,-402.107,-376.509
2.83502,1671.73,901.955,2573.69
2.839,139.228,-330.407,-191.18
2.84299,1615.97,866.535,2482.51
2.84699,178.642,-306.981,-128.339
2.85099,1599.7,860.502,2460.2
2.85499,-2.49866,-425.993,-428.491
2.85901,1684.39,892.093,2576.48
2.86303,48.116,-388.256,-340.14
2.86706,1715.23,918.08,2633.31
2.87109,-34.705,-436.671,-471.376
2.87513,1776.29,958.748,2735.04
2.87918,-121.201,-493.621,-614.822
2.88323,1790.41,979.819,2770.23
2.88729,-82.2625,-470.589,-552.851
2.89136,1738.4,936.685,2675.08
2.89543,55.5692,-372.857,-317.288
2.89951,1526.96,796.452,2323.41
2.9036,211.869,-285.172,-73.3033
2.90769,1508.27,782.863,2291.13
2.91179,176.691,-301.539,-124.848
2.9159,1545.01,797.663,2342.67
2.92001,215.138,-274.052,-58.9133
2.92413,1519.46,784.717,2304.18
2.92826,176.101,-316.275,-140.173
2.93239,1592.69,830.245,2422.93
2.93653,125.852,-335.983,-210.131
2.94068,1685,888.716,2573.71
2.94483,14.4426,-415.56,-401.117
2.94899,1764.43,930.166,2694.59
2.95316,116.514,-344.016,-227.502
2.95734,1688.18,881.025,2569.21
2.96152,84.1356,-367.975,-283.839
2.9657,1794.7,958.991,2753.69
2.9699,-63.9526,-466.712,-530.665
2.9741,1789.61,951.354,2740.97
2.97831,86.8161,-368.768,-281.952
2.98252,1804.71,970.417,2775.13
2.98674,-39.7012,-452.16,-491.861
2.99097,1745.9,924.215,2670.11
2.99521,32.241,-400.56,-368.319
2.99945,1806.05,966.029,2772.08
3.0037,-62.7549,-469.235,-531.99
3.00795,1814.96,970.488,2785.45
3.01222,2.84595,-411.488,-408.642
3.01649,1763.53,930.679,2694.21
3.02076,-50.9705,-454.526,-505.496
3.02505,1753.34,921.773,2675.11
3.02934,78.4693,-376.207,-297.738
3.03364,1754.26,923.209,2677.47
3.03794,-35.2629,-458.21,-493.473
3.04225,1768.82,933.381,2702.2
3.04657,90.4539,-378.917,-288.463
3.0509,1747,927.473,2674.48
3.05523,-9.59394,-459.34,-468.933
3.05957,1757.18,934.695,2691.88
3.06392,74.1701,-382.98,-308.81
3.06827,1744.78,915.092,2659.87
3.07263,15.1854,-434.784,-419.599
3.077,1805.86,950.904,2756.76
3.08137,80.6819,-387.064,-306.382
3.08576,1648.33,849.929,2498.25
3.09015,76.8857,-381.746,-304.86
3.09454,1691.63,880.214,2571.84
3.09895,118.079,-358.996,-240.917
3.10336,1608.38,829.65,2438.03
3.10777,148.988,-345.01,-196.022
3.1122,1576.81,806.828,2383.64
3.11663,220.454,-307.826,-87.3718
3.12107,1639.92,848.73,2488.65
3.12552,139.128,-354.396,-215.268
3.12997,1580.73,803.148,2383.87
3.13443,195.214,-311.515,-116.301
3.1389,1626.92,836.003,2462.93
3.14338,164.974,-329.044,-164.069
3.14786,1607.15,821.826,2428.98
3.15235,159.725,-344.782,-185.057
3.15685,1706.25,890.078,2596.33
3.16135,156.821,-336.03,-179.209
3.16587,1596.73,821.961,2418.69
3.17039,158.311,-342.386,-184.075
3.17491,1771.79,931.842,2703.64
3.17945,223.881,-308.563,-84.682
3.18399,1602.11,814.827,2416.94
3.18854,187.587,-331.957,-144.37
3.19309,1697.05,884.97,2582.02
3.19766,222.744,-314.148,-91.4037
3.20223,1618.72,830.879,2449.6
3.20681,220.526,-315.124,-94.5974
3.21139,1713.19,896.37,2609.56
3.21599,86.9966,-390.57,-303.573
3.22059,1681.02,879.34,2560.36
3.2252,43.9932,-430.829,-386.836
3.22981,1613.62,828.437,2442.06
3.23444,185.908,-319.192,-133.284
3.23907,1659.53,854.879,2514.41
3.2437,285.958,-278.362,7.596
3.24835,1420.58,711.084,2131.66
3.253,279.776,-268.709,11.0665
3.25767,1710.83,887.842,2598.67
3.26233,239.041,-278.654,-39.6122
3.26701,1617.81,820.557,2438.37
3.27169,302.074,-240.621,61.4528
3.27639,1725.58,898.888,2624.47
3.28108,194.774,-327.464,-132.689
3.28579,1681.8,873.615,2555.42
3.29051,244.25,-284.536,-40.2856
3.29523,1658.84,850.053,2508.9
3.29996,150.139,-361.4,-211.261
3.3047,1735.26,905.449,2640.71
3.30944,233.32,-300.808,-67.4884
3.31419,1714.69,886.82,2601.51
3.31895,197.06,-337.14,-140.08
3.32372,1771.45,927.787,2699.24
3.3285,134.282,-352.913,-218.632
3.33328,1790.06,937.344,2727.41
3.33807,76.9306,-388.407,-311.477
3.34287,1806.41,948.986,2755.4
3.34768,212.049,-301.241,-89.1925
3.35249,1753.88,912.064,2665.94
3.35732,-24.6125,-476.224,-500.837
3.36215,1865.16,999.002,2864.16
3.36699,114.96,-368.715,-253.755
3.37183,1730.71,918.355,2649.07
3.37669,115.935,-373.859,-257.925
3.38155,1795.78,955.73,2751.51
3.38642,207.53,-321,-113.47
3.3913,1828.92,981.277,2810.19
3.39618,61.1566,-426.081,-364.924
3.40108,1748.73,914.619,2663.35
3.40598,197.762,-334.864,-137.103
3.41089,1772.57,928.057,2700.63
3.41581,88.5816,-400.124,-311.543
3.42073,1694.79,882.002,2576.79
3.42567,346.883,-222.353,124.53
3.43061,1628.83,824.45,2453.28
3.43556,212.555,-313.967,-101.412
3.44051,1673.26,847.741,2521
3.44548,255.738,-280.62,-24.8823
3.45045,1737.42,894.627,2632.05
3.45544,64.2236,-406.079,-341.855
3.46043,1772.12,913.919,2686.03
3.46543,264.51,-271.669,-7.15855
3.47043,1624.2,806.226,2430.43
3.47545,155.132,-352.965,-197.833
3.48047,1702.25,870.935,2573.18
3.4855,210.813,-325.664,-114.852
3.49054,1625.81,823.896,2449.71
3.49559,206.772,-331.454,-124.682
3.50064,1621.54,817.163,2438.7
3.5057,286.282,-282.763,3.51885
3.51078,1653.83,840.898,2494.73
3.51586,216.249,-331.609,-115.36
3.52094,1563.29,784.442,2347.74
3.52604,376.401,-228.711,147.69
3.53115,1527.44,745.523,2272.96
3.53626,402.351,-223.289,179.062
3.54138,1607.72,794.608,2402.33
3.54651,333.187,-249.837,83.3505
3.55165,1611.69,805.505,2417.2
3.55679,328.816,-261.371,67.4453
3.56195,1614.91,806.659,2421.57
3.56711,363.304,-210.018,153.286
3.57228,1678.23,845.173,2523.4
3.57746,128.456,-375.967,-247.511
3.58265,1772.02,922.18,2694.2
3.58785,200.912,-342.986,-142.073
3.59305,1762.46,908.164,2670.63
3.59827,160.06,-374.484,-214.424
3.60349,1694.7,871.562,2566.26
3.60872,325.351,-250.088,75.2628
3.61396,1665.76,833.96,2499.72
3.61921,164.507,-380.995,-216.488
3.62446,1801.87,938.004,2739.88
3.62973,156.937,-372.248,-215.311
3.635,1741.87,896.113,2637.98
3.64028,265.862,-310.91,-45.0481
3.64557,1651.29,824.991,2476.28
3.65087,399.891,-215.773,184.118
3.65618,1628.69,803.367,2432.06
3.6615,320.71,-266.725,53.9851
3.66682,1484.12,714.328,2198.45
3.67216,521.617,-135.522,386.095
3.6775,1558.96,760.699,2319.66
3.68285,289.685,-299.382,-9.69662
3.68821,1561.72,774.007,2335.73
3.69358,373.183,-241.253,131.931
3.69895,1589.33,777.004,2366.34
3.70434,392.182,-228.104,164.078
3.70973,1513.73,717.198,2230.92
3.71514,452.752,-180.82,271.932
3.72055,1670.56,805.986,2476.54
3.72597,208.277,-344.996,-136.719
3.7314,1785.2,885.501,2670.7
3.73684,76.0728,-432.783,-356.71
3.74229,1948.58,984.412,2932.99
3.74774,-6.29,-495.604,-501.894
3.75321,1913.51,970.506,2884.01
3.75868,190.973,-353.842,-162.869
3.76416,1771.96,893.457,2665.42
3.76966,150.167,-396.217,-246.05
3.77516,1801.93,894.152,2696.08
3.78067,209.517,-338.264,-128.746
3.78618,1692.34,838.265,2530.6
3.79171,252.864,-311.742,-58.8783
3.79725,1623.35,803.372,2426.72
3.80279,341.028,-258.275,82.7536
3.80835,1571.67,764.622,2336.3
3.81391,339.963,-258.946,81.0164
3.81949,1593.41,769.477,2362.89
3.82507,414.455,-208.893,205.561
3.83066,1643.21,800.28,2443.5
3.83626,284.426,-310.75,-26.3231
3.84187,1712.14,851.189,2563.33
3.84748,251.791,-329.526,-77.7349
3.85311,1637.49,805.735,2443.23
3.85875,352.909,-260.93,91.9791
3.86439,1606.85,782.075,2388.93
3.87005,484.772,-164.456,320.316
3.87571,1551.4,722.575,2273.97
3.88138,355.088,-260.133,94.9547
3.88707,1633.29,792.017,2425.3
3.89276,317.881,-283.054,34.8278
3.89846,1641.83,796.555,2438.38
3.90417,442.321,-200.983,241.338
3.90989,1509.12,715.134,2224.26
3.91562,369.002,-237.992,131.01
3.92136,1572.66,750.47,2323.13
3.9271,477.205,-180.694,296.512
3.93286,1489.94,695.024,2184.96
3.93862,330.485,-259.907,70.578
3.9444,1660.43,811.77,2472.2
3.95018,345.001,-274.902,70.0992
3.95598,1637.3,807.881,2445.18
3.96178,238.233,-317.172,-78.9392
3.9676,1748.84,863.865,2612.71
3.97342,246.209,-317.74,-71.5313
3.97925,1678.78,823.467,2502.24
3.98509,415.824,-194.645,221.179
3.99094,1583.48,749.41,2332.89
3.9968,385.747,-219.537,166.21
4.00267,1517.31,703.858,2221.17
4.00855,745.734,46.7102,792.444
4.01444,904.52,251.359,1155.88
4.02034,1159.62,371.144,1530.77
4.02625,1061.38,329.758,1391.13
4.03216,1049.65,311.769,1361.42
4.03809,727.071,47.0101,774.081
4.04403,1404.81,595.658,2000.47
4.04997,377.373,-217.58,159.792
4.05593,1597.77,761.787,2359.56
4.0619,284.135,-283.347,0.78811
4.06787,1684.31,811.26,2495.57
4.07386,310.17,-257.587,52.5824
4.07985,1636.21,763.261,2399.47
4.08586,373.668,-220.382,153.286
4.09187,1628.77,767.315,2396.08
4.0979,450.537,-189.876,260.661
4.10393,1654.42,774.135,2428.55
4.10997,379.338,-231.905,147.433
4.11603,1639.16,778.466,2417.63
4.12209,395.168,-219.57,175.598
4.12816,1665.82,791.473,2457.29
4.13425,292.026,-280.139,11.8867
4.14034,1723.21,841.171,2564.38
4.14644,320.175,-255.407,64.768
4.15256,1613.15,768.637,2381.79
4.15868,381.981,-230.147,151.834
4.16481,1648.2,794.803,2443
4.17096,335.646,-250.17,85.4759
4.17711,1602.78,748.575,2351.35
4.18327,453.554,-180.734,272.82
4.18944,1548.21,711.027,2259.24
4.19563,524.616,-112.895,411.721
4.20182,1479.99,636.307,2116.3
4.20802,692.754,-1.01894,691.735
4.21424,1274.49,464.362,1738.85
4.22046,1104.01,331.822,1435.83
4.22669,837.312,158.168,995.48
4.23294,1021.42,264.241,1285.66
4.23919,1053.52,299.555,1353.08
4.24545,1163.88,369.765,1533.65
4.25173,841.343,149.455,990.798
4.25801,996.232,250.096,1246.33
4.2643,975.793,227.754,1203.55
4.27061,916.928,206.458,1123.39
4.27692,1052.55,311.767,1364.32
4.28325,983.247,231.768,1215.01
4.28958,1114.62,335.544,1450.16
4.29593,892.511,191.822,1084.33
4.30229,1094.05,317.63,1411.68
4.30865,977.746,244.434,1222.18
4.31503,1015.46,274.4,1289.86
4.32142,888.617,197.728,1086.34
4.32781,1107.97,345.581,1453.55
4.33422,1007.51,257.324,1264.83
4.34064,1035.59,284.833,1320.42
4.34707,856.565,136.372,992.937
4.35351,1393.42,571.933,1965.35
4.35996,425.435,-218.249,207.186
4.36642,1630.9,777.828,2408.73
4.37289,531.745,-128.114,403.631
4.37937,1493.79,674.047,2167.83
4.38586,474.59,-165.8,308.79
4.39236,1583.51,748.236,2331.75
4.39887,333.608,-250.485,83.1229
4.4054,1639.44,783.476,2422.92
4.41193,409.669,-206.331,203.338
4.41847,1653.44,766.363,2419.8
4.42503,374.711,-223.756,150.954
4.4316,1707.26,798.889,2506.15
4.43817,397.487,-213.09,184.396
4.44476,1689.01,786.07,2475.08
4.45136,364.039,-240.563,123.476
4.45796,1688.92,788.742,2477.66
4.46458,334.29,-251.755,82.5353
4.47121,1674.81,762.638,2437.45
4.47785,467.71,-170.924,296.786
4.48451,1553.62,694.997,2248.62
4.49117,516.711,-128.586,388.125
4.49784,1488.72,634.863,2123.58
4.50453,821.988,92.854,914.842
4.51122,1029.56,285.117,1314.67
4.51793,1041.95,313.793,1355.75
4.52464,1036.44,294.399,1330.84
4.53137,1056.04,302.257,1358.3
4.53811,910.571,197.402,1107.97
4.54486,1019.34,274.643,1293.99
4.55162,1017.94,250.366,1268.31
4.55839,917.792,205.927,1123.72
4.56517,1085.31,296.703,1382.01
4.57197,991.479,234.927,1226.41
4.57877,1010.17,278.646,1288.82
4.58559,862.079,143.161,1005.24
4.59241,1384.9,547.743,1932.65
4.59925,586.778,-81.0696,505.708
4.6061,1536.23,677.431,2213.66
4.61296,612.956,-97.326,515.63
4.61983,1425.47,621.19,2046.66
4.62671,475.081,-165.143,309.938
4.63361,1685.26,775.748,2461.01
4.64051,421.876,-201.966,219.911
4.64743,1626.83,739.029,2365.86
4.65435,511.49,-146.83,364.659
4.66129,1506.22,653.767,2159.98
4.66824,615.055,-89.9981,525.057
4.6752,1374.24,565.744,1939.98
4.68217,645.436,-61.9242,583.512
4.68916,1424.52,587.739,2012.25
4.69615,602.395,-100.85,501.545
4.70316,1438.11,612.664,2050.78
4.71018,567.764,-105.32,462.444
4.71721,1460.28,613.689,2073.97
4.72425,607.045,-76.843,530.202
4.7313,1395.58,570.551,1966.13
4.73836,563.348,-101.56,461.788
4.74544,1541.57,661.539,2203.11
4.75252,503.839,-147.261,356.578
4.75962,1512.03,649.917,2161.94
4.76673,515.371,-131.351,384.02
4.77385,1560.38,684.327,2244.71
4.78098,487.307,-157.013,330.294
4.78813,1561.22,683.13,2244.35
4.79528,455.626,-182.323,273.302
4.80245,1607.65,722.037,2329.69
4.80963,516.87,-131.015,385.855
4.81682,1463.33,612.495,2075.83
4.82402,684.311,-5.46783,678.843
4.83124,1231.7,417.349,1649.05
4.83846,1054.96,268.407,1323.36
4.8457,880.716,154.426,1035.14
4.85295,1006.46,222.005,1228.47
4.86021,1571.96,662.717,2234.68
4.86748,432.464,-187.999,244.464
4.87477,1476.61,639.603,2116.22
4.88206,771.998,52.0505,824.049
4.88937,1423.82,591.173,2014.99
4.89669,488.923,-133.352,355.571
4.90402,1503.47,648.534,2152.01
4.91137,498.581,-128.01,370.572
4.91872,1504.33,623.474,2127.8
4.92609,632.799,-45.5514,587.247
4.93347,1441.52,570.155,2011.67
4.94086,620.662,-61.7847,558.878
4.94827,1563.51,665.079,2228.59
4.95568,644.286,-44.8969,599.389
4.96311,1231.81,423.202,1655.01
4.97055,859.249,95.3064,954.555
4.978,1441.95,596.82,2038.77
4.98547,776.637,48.1834,824.82
4.99294,455.206,-171.152,284.054
5.00043,1578.68,729.047,2307.73
5.00793,685.363,-9.14262,676.22
5.01545,1694.89,763.222,2458.11
5.02299,459.664,-201.597,258.067
5.03055,1656.64,742.812,2399.45
5.03813,505.966,-173.23,332.736
5.04572,1605.84,696.044,2301.89
5.05334,447.031,-208.854,238.178
5.06097,1689.65,742.227,2431.88
5.06862,413.413,-223.921,189.492
5.07629,1719.46,764.794,2484.25
5.08398,362.026,-262.355,99.6703
5.09169,1715.54,758.156,2473.69
5.09942,310.576,-285.319,25.2564
5.10717,1846.24,853.012,2699.26
5.11494,238.526,-355.311,-116.785
5.12273,1668.99,737.846,2406.84
5.13053,376.573,-269.612,106.961
5.13836,1919.1,915.453,2834.55
5.14621,213.853,-361.543,-147.691
5.15407,1591.91,703.566,2295.47
5.16196,421.496,-229.379,192.116
5.16986,1888.47,892.528,2780.99
5.17779,247.354,-336.378,-89.0239
5.18573,1603.93,721.065,2325
5.1937,406.979,-221.962,185.017
5.20168,1812.99,848.577,2661.57
5.20968,326.951,-291.969,34.9821
5.21771,1654.5,738.666,2393.16
5.22575,449.52,-211.28,238.24
5.23382,1807.84,835.06,2642.9
5.2419,345.611,-278.022,67.5893
5.25001,1654.76,753.52,2408.28
5.25813,445.375,-235.723,209.652
5.26628,1939.36,927.828,2867.19
5.27444,183.827,-367.701,-183.875
5.28263,1784.61,833.144,2617.76
5.29083,289.049,-336.74,-47.6919
5.29906,2038.97,995.172,3034.14
5.30731,119.924,-422.702,-302.778
5.31558,1808.51,841.051,2649.57
5.32387,336.971,-294.867,42.1045
5.33218,1877.06,897.31,2774.37
5.34051,205.618,-359.486,-153.869
5.34886,1728.06,788.202,2516.26
5.35723,428.935,-214.457,214.478
5.36562,1677.26,752.844,2430.11
5.37404,445.275,-214.674,230.601
5.38247,1613.62,708.961,2322.58
5.39093,504.898,-177.829,327.069
5.39941,1750.44,792.577,2543.02
5.4079,379.637,-261.218,118.419
5.41642,1730.59,789.595,2520.18
5.42497,441.546,-212.199,229.347
5.43353,1662.99,729.039,2392.03
5.44211,495.699,-156.207,339.492
5.45072,1367.07,488.751,1855.82
5.45934,861.172,154.045,1015.22
5.46799,1313.76,437.596,1751.35
5.47666,824.052,91.4152,915.468
5.48535,1281.08,414.364,1695.44
5.49407,924.537,174.521,1099.06
5.5028,1147.03,308.954,1455.98
5.51156,936.683,193.191,1129.87
5.52034,1334.91,471.643,1806.55
5.52914,754.823,49.5511,804.374
5.53796,1240.61,374.727,1615.33
5.54681,983.316,251.554,1234.87
5.55567,1030.45,246.754,1277.2
5.56456,1004.3,258.922,1263.22
5.57347,1050.29,250.658,1300.95
5.58241,1131.9,355.3,1487.2
5.59136,928.702,149.964,1078.67
5.60034,1320.77,487.369,1808.14
5.60934,722.739,-1.72781,721.011
5.61837,1651.92,720.903,2372.82
5.62741,516.767,-145.789,370.977
5.63648,1522.35,629.158,2151.51
5.64557,575.669,-88.5629,487.106
5.65469,1505.59,617.907,2123.49
5.66382,602.014,-81.7846,520.229
5.67298,1480.02,607.099,2087.12
5.68216,619.005,-67.283,551.722
5.69137,1416.94,562.665,1979.61
5.7006,738.003,3.60183,741.604
5.70985,1309.84,476.043,1785.88
5.71912,938.036,163.783,1101.82
5.72842,1041.76,248.92,1290.68
5.73774,950.224,190.32,1140.54
5.74709,1022.41,243.203,1265.61
5.75646,977.277,194.803,1172.08
5.76585,1300.65,440.908,1741.56
5.77526,795.298,54.4195,849.717
5.7847,1295.71,446.987,1742.69
5.79416,954.836,178.669,1133.5
5.80365,885.811,163.212,1049.02
5.81316,1253.16,396.921,1650.09
5.82269,876.098,160.637,1036.74
5.83225,1233.25,371.273,1604.53
5.84183,956.432,208.399,1164.83
5.85143,1191.11,335.402,1526.51
5.86106,1051.2,265.738,1316.94
5.87071,1035.9,223.683,1259.58
5.88039,1208.62,387.034,1595.65
5.89009,1086.65,266.918,1353.57
5.89981,953.269,200.996,1154.26
5.90956,1112.57,291.358,1403.93
5.91934,1005.58,233.054,1238.63
5.92914,1149.63,318.662,1468.29
5.93896,924.951,170.845,1095.8
5.94881,1292.66,438.953,1731.61
5.95868,774.088,43.0001,817.088
5.96858,1685.05,757.888,2442.93
5.9785,369.171,-231.85,137.32
5.98844,1551.84,666.902,2218.75
5.99841,964.446,160.666,1125.11
6.00841,1023.44,236.83,1260.27
6.01843,885.65,155.034,1040.68
6.02848,1249.9,382.459,1632.36
6.03855,898.029,165.687,1063.72
6.04864,1271.4,413.827,1685.23
6.05877,921.821,176.898,1098.72
6.06891,1253.32,391.477,1644.8
6.07909,889.405,142.268,1031.67
6.08928,1328.61,454.196,1782.81
6.09951,707.94,5.68119,713.621
6.10976,1532.18,637.056,2169.24
6.12003,362.501,-225.933,136.567
6.13033,1639.46,735.99,2375.45
6.14066,625.121,-78.8004,546.321
6.15101,1511.79,595.85,2107.64
6.16138,581.997,-98.9019,483.095
6.17179,1395.26,518.492,1913.75
6.18222,948.6,166.455,1115.06
6.19267,1215.19,382.789,1597.98
6.20316,830.088,103.002,933.09
6.21366,1249.34,412.925,1662.27
6.2242,929.294,166.242,1095.54
6.23476,1218.16,383.086,1601.25
6.24534,939.894,163.983,1103.88
6.25596,1220.58,386.432,1607.01
6.2666,789.083,30.0448,819.128
6.27726,1481.04,606.851,2087.89
6.28796,505.246,-151.94,353.306
6.29868,1548.37,654.94,2203.31
6.30942,678.731,-56.7599,621.971
6.3202,1491.44,593.7,2085.14
6.331,628.4,-76.8718,551.528
6.34183,1474.64,579.845,2054.49
6.35268,738.944,-4.85824,734.086
6.36356,1376.78,508.867,1885.65
6.37447,844.182,81.824,926.006
6.38541,1142.13,337.004,1479.13
6.39637,1048.13,249.864,1297.99
6.40736,1049.02,254.456,1303.48
6.41838,967.577,197.686,1165.26
6.42943,1263.78,417.966,1681.74
6.4405,914.717,159.499,1074.22
6.4516,1193.49,356.416,1549.9
6.46273,839.825,155.376,995.201
6.47389,1173.47,356.657,1530.12
6.48507,853.263,145.789,999.052
6.49628,1146.09,309.956,1456.05
6.50752,1108.24,373.597,1481.84
6.51879,1004.76,168.44,1173.2
6.53009,1191.43,460.671,1652.1
6.54142,960.276,171.297,1131.57
6.55277,1142.97,370.92,1513.89
6.56415,887.619,132.952,1020.57
6.57556,1187.77,417.499,1605.27
6.587,951.039,166.72,1117.76
6.59847,1113.2,371.568,1484.77
6.60996,979.741,180.77,1160.51
6.62149,1100.21,345.164,1445.37
6.63304,975.156,191.438,1166.59
6.64463,1182.62,390.581,1573.2
6.65624,950.46,180.925,1131.38
6.66788,1154.57,369.837,1524.41
6.67955,949.099,166.768,1115.87
6.69125,1147.44,358.161,1505.6
6.70297,928.288,164.311,1092.6
6.71473,1095.26,309.466,1404.73
6.72652,955.613,170.984,1126.6
6.73833,1193.38,382.846,1576.23
6.75018,823.416,82.0835,905.5
6.76206,1240.08,416.627,1656.71
6.77396,881.711,93.4757,975.187
6.7859,1125.48,333.497,1458.98
6.79786,954.831,146.086,1100.92
6.80986,1141.03,333.346,1474.38
6.82188,921.827,138.854,1060.68
6.83393,1188.15,379.164,1567.31
6.84602,892.259,125.228,1017.49
6.85813,1167.73,368.769,1536.5
6.87028,947.794,173.838,1121.63
6.88246,1064.88,302.016,1366.89
6.89466,1217.51,381.906,1599.41
6.9069,775.705,65.7323,841.438
6.91917,1228.47,380.15,1608.62
6.93146,836.016,114.211,950.227
6.94379,1152.97,330.737,1483.71
6.95615,939.402,197.542,1136.94
6.96854,1115.1,296.886,1411.99
6.98096,1114.33,318.103,1432.43
6.99342,827.647,82.4743,910.121
7.0059,1337.44,535.515,1872.95
7.01841,872.991,108.328,981.318
7.03096,1268.56,441.153,1709.71
7.04354,805.807,91.4803,897.287
7.05615,1222.62,414.196,1636.82
7.06879,887.117,143.941,1031.06
7.08146,1201.01,415.649,1616.65
7.09416,870.986,144.094,1015.08
7.1069,1229.25,417.513,1646.77
7.11966,855.2,132.688,987.888
7.13246,1316.38,476.153,1792.54
7.1453,817.827,108.947,926.774
7.15816,1313.36,465.336,1778.7
7.17105,800.024,98.0788,898.103
7.18398,1291.47,457.967,1749.44
7.19694,837.153,109.198,946.352
7.20993,1207.07,414.596,1621.66
7.22296,881.072,139.095,1020.17
7.23602,1179.36,401.647,1581.01
7.24911,866.075,133.595,999.67
7.26223,1214.1,426.049,1640.15
7.27538,885.773,160.203,1045.98
7.28857,1058.02,297.82,1355.84
7.30179,1170.85,369.448,1540.29
7.31505,1051.22,279.541,1330.76
7.32834,1012.12,274.762,1286.88
7.34166,1047.53,268.489,1316.02
7.35501,995.188,265.411,1260.6
7.3684,1094.66,312.656,1407.32
7.38182,990.188,256.805,1246.99
7.39527,1095.29,319.363,1414.66
7.40876,825.461,124.158,949.619
7.42228,1406.04,577.301,1983.34
7.43584,636.261,-1.01352,635.248
7.44943,1319.62,500.295,1819.92
7.46305,694.41,46.0957,740.506
7.47671,1373.45,548.095,1921.55
7.4904,689.069,46.7879,735.857
7.50413,1338.54,512.647,1851.19
7.51789,715.509,47.8806,763.39
7.53168,1397.5,545.202,1942.7
7.54551,679.476,41.7213,721.197
7.55938,1383.64,538.407,1922.04
7.57328,726.741,69.5834,796.324
7.58721,1357.54,511.546,1869.08
7.60118,761.018,83.8386,844.856
7.61518,1319.01,483.965,1802.98
7.62922,765.18,88.0629,853.243
7.64329,1349.84,500.03,1849.87
7.6574,712.801,61.6826,774.484
7.67154,1366.12,509.013,1875.13
7.68572,692.911,43.2743,736.186
7.69994,1377.03,511.36,1888.39
7.71419,658.441,22.2031,680.644
7.72847,1366.56,501.215,1867.78
7.74279,729.727,65.7469,795.474
7.75715,1240.83,414.762,1655.59
7.77154,870.327,144.75,1015.08
7.78597,1204.48,389.818,1594.3
7.80044,854.554,139.781,994.335
7.81494,1207.2,389.223,1596.43
7.82947,843.304,130.832,974.136
7.84405,1244.13,413.362,1657.5
7.85866,860.138,138.436,998.574
7.8733,1242.01,408.407,1650.42
7.88799,853.499,139.378,992.877
7.90271,1269.97,432.31,1702.28
7.91746,826.402,122.336,948.738
7.93226,1245.31,415.354,1660.66
7.94709,859.985,143.61,1003.59
7.96196,1211.52,402.301,1613.82
7.97686,851.645,137.459,989.104
7.9918,1189.28,389.451,1578.73
8.00678,818.454,115.773,934.228
8.0218,1243.88,425.828,1669.7
8.03685,771.693,91.5789,863.272
8.05195,1225.85,415.474,1641.33
8.06708,868.564,148.834,1017.4
8.08224,1123.03,342.679,1465.71
8.09745,1146.74,357.297,1504.03
8.11269,803.439,104.317,907.756
8.12798,1174.59,376.982,1551.57
8.14329,900.013,171.711,1071.72
8.15865,1121.75,344.072,1465.82
8.17405,1010.91,233.56,1244.47
8.18948,1036.55,291.043,1327.59
8.20496,1022.22,247.335,1269.56
8.22047,1043.61,303.813,1347.42
8.23602,1072.73,276.698,1349.43
8.25161,891.421,175.515,1066.94
8.26724,1365.76,511.549,1877.3
8.28291,687.382,44.938,732.32
8.29862,1262.75,445.202,1707.96
8.31436,828.292,123.602,951.894
8.33015,1203.29,423.654,1626.94
8.34597,821.336,139.658,960.994
8.36184,1202.32,404.782,1607.1
8.37774,863.544,164.322,1027.87
8.39369,1182.61,402.936,1585.55
8.40967,881.327,178.014,1059.34
8.4257,1160.36,393.54,1553.9
8.44176,875.87,173.227,1049.1
8.45787,1169.23,399.877,1569.11
8.47401,876.813,171.62,1048.43
8.4902,1189.15,406.364,1595.52
8.50642,877.803,168.189,1045.99
8.52269,1160.43,389.738,1550.16
8.53899,911.814,184.349,1096.16
8.55534,1144.42,376.946,1521.37
8.57173,891.02,181.008,1072.03
8.58816,1160.83,392.022,1552.85
8.60463,919.439,192.157,1111.6
8.62114,1160.83,386.852,1547.68
8.63769,872.752,171.727,1044.48
8.65429,1171.54,400.553,1572.1
8.67092,882.367,168.853,1051.22
8.6876,1209.87,414.776,1624.64
8.70432,817.699,134.644,952.342
8.72108,1227.84,437.058,1664.9
8.73788,858.365,151.845,1010.21
8.75473,1233.73,429.449,1663.18
8.77161,785.86,106.414,892.274
8.78854,1252.08,443.418,1695.5
8.80552,813.345,132.364,945.709
8.82253,1219.47,418.877,1638.35
8.83959,799.104,131.49,930.595
8.85668,1198.8,417.679,1616.48
8.87383,879.612,181.658,1061.27
8.89101,1090.83,348.332,1439.16
8.90824,898.629,192.33,1090.96
8.92551,1124.84,382.914,1507.75
8.94282,949.083,218.265,1167.35
8.96018,1086.47,344.941,1431.41
8.97758,922.103,213.093,1135.2
8.99502,1093.27,350.013,1443.28
9.01251,997.965,241.793,1239.76
9.03004,1066.4,317.408,1383.81
9.04762,989.358,236.492,1225.85
9.06524,1078.23,338.257,1416.48
9.0829,977.342,226.16,1203.5
9.10061,1111.5,343.82,1455.32
9.11836,914.923,202.072,1117
9.13615,1146.2,367.722,1513.92
9.15399,901.397,196.037,1097.43
9.17188,1147.22,351.434,1498.65
9.18981,876.545,190.485,1067.03
9.20778,1175.46,377.68,1553.13
9.2258,836.319,160.668,996.987
9.24387,1203.94,406.379,1610.31
9.26198,831.128,160.824,991.952
9.28013,1184.79,390.201,1574.99
9.29833,845.351,163.913,1009.26
9.31658,1178.05,387.457,1565.5
9.33487,879.735,175.43,1055.17
9.35321,1136.09,358.79,1494.88
9.37159,885.677,181.902,1067.58
9.39002,1126.6,362.183,1488.78
9.40849,870.732,173.986,1044.72
9.42702,1124.51,373.605,1498.11
9.44558,882.645,189.647,1072.29
9.4642,1088.2,351.195,1439.4
9.48286,911.52,203.894,1115.41
9.50156,1099.7,354.36,1454.06
9.52032,905.587,201.414,1107
9.53912,1102.83,364.559,1467.39
9.55797,860.244,166.582,1026.83
9.57686,1141.57,418.992,1560.57
9.5958,874.507,157.233,1031.74
9.61479,1139.15,405.347,1544.5
9.63383,865.107,177.102,1042.21
9.65292,1097.39,354.311,1451.7
9.67205,1126.6,359.849,1486.45
9.69123,929.016,229.194,1158.21
9.71046,1078.9,333.223,1412.13
9.72973,882.021,208.797,1090.82
9.74906,1029.72,288.437,1318.16
9.76843,905.286,214.328,1119.61
9.78785,1077.32,342.543,1419.86
9.80732,919.446,225.86,1145.31
9.82684,983.113,272.384,1255.5
9.84641,972.332,246.172,1218.5
9.86602,967.917,258.402,1226.32
9.88569,1066.9,314.742,1381.65
9.9054,870.934,185.909,1056.84
9.92516,1224.96,427.146,1652.11
9.94498,599.681,17.2326,616.914
9.96484,1264.96,501.663,1766.62
9.98475,698.765,67.7236,766.489
10.0047,1229.13,472.8,1701.93
10.0247,724.751,100.204,824.956
10.0447,1171.38,444.965,1616.34
10.0647,775.568,147.095,922.663
10.0847,1127.25,406.277,1533.53
10.1047,821.211,183.128,1004.34
10.1247,1099.5,390.218,1489.72
10.1447,853.772,196.031,1049.8
10.1647,1125.41,400.276,1525.69
10.1847,818.797,176.127,994.924
10.2047,1156.3,406.584,1562.89
10.2247,807.048,167.188,974.236
10.2447,1150.43,405.008,1555.43
10.2647,829.532,175.896,1005.43
10.2847,1130.66,388.749,1519.4
10.3047,849.718,185.429,1035.15
10.3247,1096.3,368.229,1464.53
10.3447,876.942,188.942,1065.88
10.3647,1095.26,371.759,1467.02
10.3847,865.508,184.354,1049.86
10.4047,1100.58,376.106,1476.68
10.4247,886.299,197.545,1083.84
10.4447,1071.71,364.434,1436.14
10.4647,919.466,219.237,1138.7
10.4847,1074.27,363.664,1437.93
10.5047,907.059,216.359,1123.42
10.5247,1076.27,368.009,1444.28
10.5447,885.599,206.768,1092.37
10.5647,1093.06,372.289,1465.35
10.5847,879.812,205.024,1084.84
10.6047,1083.24,371.399,1454.64
10.6247,885.963,206.774,1092.74
10.6447,1073.1,360.094,1433.2
10.6647,887.534,213.481,1101.01
10.6847,1055.5,347.984,1403.48
10.7047,895.068,221.117,1116.19
10.7247,1024.33,325.587,1349.92
10.7447,940.152,240.028,1180.18
10.7647,979.425,309.209,1288.63
10.7847,950.775,242.407,1193.18
10.8047,991.535,318.481,1310.02
10.8247,949.585,250.643,1200.23
10.8447,994.819,319.93,1314.75
10.8647,953.98,250.681,1204.66
10.8847,1002.32,329.749,1332.07
10.9047,954.055,249.826,1203.88
10.9247,1009.52,331.797,1341.32
10.9447,954.278,241.776,1196.05
10.9647,1022.99,340.947,1363.94
10.9847,938.622,237.392,1176.01
11.0047,1028.32,340.173,1368.49
11.0247,952.703,245.424,1198.13
11.0447,1014.12,334.03,1348.15
11.0647,933.273,235.871,1169.14
11.0847,1036.3,343.236,1379.53
11.1047,921.324,230.103,1151.43
11.1247,1040.14,345.472,1385.61
11.1447,897.374,218.27,1115.64
11.1647,1059.54,351.442,1410.98
11.1847,863.86,202.991,1066.85
11.2047,1076.65,362.49,1439.14
11.2247,855.602,201.019,1056.62
11.2447,1088.34,365.236,1453.58
11.2647,844.094,191.096,1035.19
11.2847,1106.83,377.026,1483.86
11.3047,825.685,184.179,1009.86
11.3247,1118.95,390.176,1509.12
11.3447,804.412,173.965,978.377
11.3647,1134.54,396.351,1530.9
11.3847,785.328,161.712,947.04
11.4047,1140.78,402.26,1543.04
11.4247,778.616,157.954,936.569
11.4447,1147.79,411.031,1558.82
11.4647,777.284,155.29,932.574
11.4847,1141.62,407.245,1548.87
11.5047,777.147,159.821,936.968
11.5247,1152.25,411.392,1563.64
11.5447,781.832,156.293,938.124
11.5647,1148.05,409.233,1557.28
11.5847,798.712,166.183,964.894
11.6047,1134.96,407.455,1542.41
11.6247,797.742,165.363,963.104
11.6447,1115.51,401.59,1517.1
11.6647,809.099,169.61,978.71
11.6847,1100.12,389.332,1489.45
11.7047,819.276,176.448,995.724
11.7247,1081.61,373.901,1455.51
11.7447,842.759,188.252,1031.01
11.7647,1063.27,358.708,1421.98
11.7847,849.402,196.346,1045.75
11.8047,1064.5,361.631,1426.13
11.8247,863.586,204.686,1068.27
11.8447,1039.82,348.217,1388.04
11.8647,885.407,218.443,1103.85
11.8847,1032.09,343.023,1375.12
11.9047,879.525,214.523,1094.05
11.9247,1042.95,351.384,1394.33
11.9447,868.439,213.409,1081.85
11.9647,1050.77,355.231,1406
11.9847,880.312,219.207,1099.52
12.0047,1027.77,335.489,1363.26
12.0247,872.616,224.401,1097.02
12.0447,1023.51,336.85,1360.36
12.0647,885.233,225.333,1110.57
12.0847,1004.02,323.922,1327.94
12.1047,902.843,239.867,1142.71
12.1247,993.011,316.183,1309.19
12.1447,914.037,246.689,1160.73
12.1647,1005.39,317.155,1322.54
12.1847,903.955,247.548,1151.5
12.2047,996.126,312.48,1308.61
12.2247,897.142,241.182,1138.32
12.2447,986.549,304.013,1290.56
12.2647,914.272,258.474,1172.75
12.2847,976.192,296.454,1272.65
12.3047,901.253,257.54,1158.79
12.3247,983.215,301.143,1284.36
12.3447,893.663,255.511,1149.17
12.3647,985.441,307.496,1292.94
12.3847,893.435,242.992,1136.43
12.4047,1008.01,310.632,1318.64
12.4247,880.037,239.965,1120
12.4447,1027.02,321.528,1348.55
12.4647,866.775,231.044,1097.82
12.4847,1031.53,321.614,1353.14
12.5047,859.095,236.355,1095.45
12.5247,1033.23,327.471,1360.7
12.5447,873.548,237.567,1111.11
12.5647,1025.51,313.377,1338.88
12.5847,885.613,244.598,1130.21
12.6047,993.362,305.846,1299.21
12.6247,934.924,267.827,1202.75
12.6447,953.623,271.072,1224.7
12.6647,1085.42,378.686,1464.11
12.6847,868.394,178.25,1046.64
12.7047,954.236,286.912,1241.15
12.7247,799.731,193.043,992.775
12.7447,1054.26,365.29,1419.55
12.7647,810.381,181.956,992.337
12.7847,987.535,314.41,1301.95
12.8047,869.367,221.838,1091.2
12.8247,1002,331.646,1333.64
12.8447,844.063,202.634,1046.7
12.8647,999.14,340.854,1339.99
12.8847,840.451,202.269,1042.72
12.9047,999.949,335.405,1335.35
12.9247,872.403,219.688,1092.09
12.9447,982.411,325.251,1307.66
12.9647,875.852,226.013,1101.86
12.9847,1000.1,334.955,1335.05
13.0047,872.443,222.052,1094.49
13.0247,967.326,307.197,1274.52
13.0447,890.173,256.493,1146.67
13.0647,958.652,311.578,1270.23
13.0847,877.063,254.204,1131.27
13.1047,961.774,317.039,1278.81
13.1247,840.718,231.067,1071.79
13.1447,1020.99,349.81,1370.8
13.1647,862.745,225.558,1088.3
13.1847,943.336,273.36,1216.7
13.2047,875.289,312.293,1187.58
13.2247,1008.73,292.169,1300.9
13.2447,854.931,247.903,1102.83
13.2647,990.02,298.978,1289
13.2847,883.67,258.977,1142.65
13.3047,982.8,300.74,1283.54
13.3247,877.547,257.881,1135.43
13.3447,972.296,295.567,1267.86
13.3647,890.988,259.587,1150.57
13.3847,963.197,294.536,1257.73
13.4047,891.16,264.481,1155.64
13.4247,945.21,287.726,1232.94
13.4447,892.562,266.968,1159.53
13.4647,955.356,293.636,1248.99
13.4847,905.109,276.464,1181.57
13.5047,954.71,291.84,1246.55
13.5247,901.608,275.444,1177.05
13.5447,940.004,286.153,1226.16
13.5647,903.732,274.488,1178.22
13.5847,942.56,283.641,1226.2
13.6047,896.681,265.709,1162.39
13.6247,950.649,291.406,1242.05
13.6447,875.319,260.765,1136.08
13.6647,970.505,300.593,1271.1
13.6847,870.67,254.135,1124.81
13.7047,963.556,302.468,1266.02
13.7247,867.114,255.358,1122.47
13.7447,963.13,299.841,1262.97
13.7647,865.601,252.714,1118.32
13.7847,963.745,304.043,1267.79
13.8047,866.45,251.486,1117.94
13.8247,947.77,295.169,1242.94
13.8447,859.9,249.931,1109.83
13.8647,963.536,308.92,1272.46
13.8847,852.957,247.579,1100.54
13.9047,955.605,300.054,1255.66
13.9247,863.359,249.651,1113.01
13.9447,947.662,300.351,1248.01
13.9647,862.12,248.709,1110.83
13.9847,950.745,297.129,1247.87
14.0047,864.38,259.933,1124.31
14.0247,932.462,286.332,1218.79
14.0447,876.236,260.728,1136.96
14.0647,928.297,284.038,1212.33
14.0847,878.503,269.279,1147.78
14.1047,933.785,287.393,1221.18
14.1247,861.57,259.392,1120.96
14.1447,938.217,288.319,1226.54
14.1647,864.029,261.484,1125.51
14.1847,932.541,283.749,1216.29
14.2047,876.184,273.491,1149.67
14.2247,933.422,282.301,1215.72
14.2447,867.758,267.065,1134.82
14.2647,933.579,278.09,1211.67
14.2847,872.357,269.085,1141.44
14.3047,931.2,282.766,1213.97
14.3247,869.158,264.53,1133.69
14.3447,910.637,275.804,1186.44
14.3647,878.385,271.527,1149.91
14.3847,914.98,272.576,1187.56
14.4047,890.938,275.369,1166.31
14.4247,917.904,269.626,1187.53
14.4447,866.119,263.816,1129.94
14.4647,930.432,280.688,1211.12
14.4847,850.94,259.988,1110.93
14.5047,924.599,278.894,1203.49
14.5247,872.475,266.336,1138.81
14.5447,904.205,272.264,1176.47
14.5647,886.807,269.487,1156.29
14.5847,890.916,268.403,1159.32
14.6047,903.799,279.714,1183.51
14.6247,854.07,252.916,1106.99
14.6447,926.371,290.525,1216.9
14.6647,857.708,257.21,1114.92
14.6847,909.646,282.69,1192.34
14.7047,859.783,264.608,1124.39
14.7247,907.158,285.588,1192.75
14.7447,852.289,259.241,1111.53
14.7647,908.44,283.247,1191.69
14.7847,866.388,266.132,1132.52
14.8047,902.747,285.971,1188.72
14.8247,867.752,265.197,1132.95
14.8447,893.802,281.081,1174.88
14.8647,874.149,269.431,1143.58
14.8847,884.393,273.189,1157.58
14.9047,868.871,267.228,1136.1
14.9247,891.18,275.762,1166.94
14.9447,874.203,269.848,1144.05
14.9647,872.405,267.796,1140.2
14.9847,882.647,270.571,1153.22
15.0047,856.016,264.855,1120.87
15.0247,888.161,275.249,1163.41
15.0447,850.284,253.706,1103.99
15.0647,899.765,283.83,1183.6
15.0847,851.537,258.136,1109.67
15.1047,894.244,280.935,1175.18
15.1247,839.814,253.165,1092.98
15.1447,897.206,279.138,1176.34
15.1647,845.387,261.963,1107.35
15.1847,893.368,282.336,1175.7
15.2047,839.987,255.298,1095.29
15.2247,891,278.365,1169.37
15.2447,851.05,263.478,1114.53
15.2647,889.315,280.151,1169.47
15.2847,855.155,265.088,1120.24
15.3047,882.399,276.478,1158.88
15.3247,857.817,265.852,1123.67
15.3447,864.637,266.312,1130.95
15.3647,875.916,276.597,1152.51
15.3847,863.918,268.747,1132.67
15.4047,856.893,267.214,1124.11
15.4247,862.795,264.98,1127.77
15.4447,868.943,276.299,1145.24
15.4647,853.413,262.155,1115.57
15.4847,865.27,273.858,1139.13
15.5047,878.087,270.861,1148.95
15.5247,844.588,265.03,1109.62
15.5447,876.381,269.125,1145.51
15.5647,861.564,273.847,1135.41
15.5847,855.074,260.941,1116.02
15.6047,863.586,273.438,1137.02
15.6247,869.601,264.872,1134.47
15.6447,842.552,263.425,1105.98
15.6647,876.13,268.701,1144.83
15.6847,850.731,266.272,1117
15.7047,869.397,271.744,1141.14
15.7247,845.869,265.356,1111.22
15.7447,867.983,267.809,1135.79
15.7647,861.552,268.091,1129.64
15.7847,854.419,265.661,1120.08
15.8047,848.199,265.715,1113.91
15.8247,848.562,260.87,1109.43
15.8447,850.134,268.932,1119.07
15.8647,863.105,262.177,1125.28
15.8847,842.644,267.598,1110.24
15.9047,858.277,260.583,1118.86
15.9247,860.578,272.294,1132.87
15.9447,837.339,254.325,1091.66
15.9647,869.658,283.964,1153.62
15.9847,834.207,250.151,1084.36
16.0047,865.606,277.205,1142.81
16.0247,832.492,253.208,1085.7
16.0447,880.536,281.986,1162.52
16.0647,824.237,250.558,1074.8
16.0847,864.297,276.061,1140.36
16.1047,829.243,255.769,1085.01
16.1247,851.329,264.641,1115.97
16.1447,835.157,257.475,1092.63
16.1647,866.283,272.054,1138.34
16.1847,835.366,257.664,1093.03
16.2047,852.577,265.609,1118.19
16.2247,835.396,262.853,1098.25
16.2447,854.767,265.067,1119.83
16.2647,830.622,261.323,1091.95
16.2847,859.803,269.497,1129.3
16.3047,828.326,261.703,1090.03
16.3247,852.452,265.209,1117.66
16.3447,831.459,261.705,1093.16
16.3647,848.244,268.124,1116.37
16.3847,812.503,255.318,1067.82
16.4047,858.728,274.089,1132.82
16.4247,814.306,250.673,1064.98
16.4447,863.703,279.062,1142.76
16.4647,806.219,245.566,1051.78
16.4847,867.084,278.785,1145.87
16.5047,806.627,247.45,1054.08
16.5247,880.409,288.775,1169.18
16.5447,799.125,241.777,1040.9
16.5647,863.509,282.445,1145.95
16.5847,802.826,245.126,1047.95
16.6047,863.761,282.89,1146.65
16.6247,810.276,247.584,1057.86
16.6447,854.827,283.09,1137.92
16.6647,824.122,253.161,1077.28
16.6847,848.783,276.755,1125.54
16.7047,815.13,250.461,1065.59
16.7247,848.86,280.21,1129.07
16.7447,802.805,244.283,1047.09
16.7647,851.488,276.514,1128
16.7847,802.403,247.892,1050.3
16.8047,855.011,283.47,1138.48
16.8247,799.33,245.822,1045.15
16.8447,860.761,280.764,1141.52
16.8647,800.097,252.769,1052.87
16.8847,845.72,272.953,1118.67
16.9047,797.847,251.841,1049.69
16.9247,845.64,270.89,1116.53
16.9447,801.744,254.891,1056.64
16.9647,828.546,259.306,1087.85
16.9847,818.255,266.154,1084.41
17.0047,830.204,262.769,1092.97
17.0247,811.288,265.29,1076.58
17.0447,824.313,262.07,1086.38
17.0647,811.869,266.633,1078.5
17.0847,835.163,265.458,1100.62
17.1047,806.243,259.995,1066.24
17.1247,822.545,260.492,1083.04
17.1447,806.883,258.372,1065.25
17.1647,824.175,261.978,1086.15
17.1847,821.308,266.32,1087.63
17.2047,808.276,259.204,1067.48
17.2247,822.32,270.781,1093.1
17.2447,801.54,259.737,1061.28
17.2647,830.254,268.579,1098.83
17.2847,785.685,254.468,1040.15
17.3047,838.121,273.904,1112.03
17.3247,800.299,254.92,1055.22
17.3447,818.14,267.874,1086.01
17.3647,802.276,257.497,1059.77
17.3847,815.22,267.16,1082.38
17.4047,803.126,258.402,1061.53
17.4247,813.234,267.82,1081.05
17.4447,803.883,258.081,1061.96
17.4647,804.056,262.704,1066.76
17.4847,808.697,260.221,1068.92
17.5047,795.742,258.641,1054.38
17.5247,825.685,264.481,1090.17
17.5447,799.58,260.636,1060.22
17.5647,809.446,260.22,1069.67
17.5847,804.986,267.336,1072.32
17.6047,806.991,256.614,1063.6
17.6247,794.335,263.899,1058.23
17.6447,803.701,262.075,1065.78
17.6647,798.078,266.762,1064.84
17.6847,798.618,257.648,1056.27
17.7047,810.001,266.445,1076.45
17.7247,793.584,252.825,1046.41
17.7447,820.027,270.241,1090.27
17.7647,774.347,246.037,1020.38
17.7847,824.972,269.009,1093.98
17.8047,789.667,257.168,1046.83
17.8247,817.868,266.926,1084.79
17.8447,776.827,247.724,1024.55
17.8647,814.768,270.943,1085.71
17.8847,789.31,253.533,1042.84
17.9047,809.65,272.538,1082.19
17.9247,778.173,248.136,1026.31
17.9447,812.94,271.499,1084.44
17.9647,778.095,249.165,1027.26
17.9847,814.219,271.192,1085.41
18.0047,783.46,253.287,1036.75
18.0247,810.825,271.163,1081.99
18.0447,774.022,246.828,1020.85
18.0647,802.159,268.132,1070.29
18.0847,777.258,247.918,1025.18
18.1047,813.496,272.038,1085.53
18.1247,760.883,242.124,1003.01
18.1447,817.658,277.942,1095.6
18.1647,754.955,239.784,994.74
18.1847,816.539,276.984,1093.52
18.2047,770.05,243.515,1013.57
18.2247,820.335,278.11,1098.44
18.2447,752.338,243.566,995.904
18.2647,827.371,280.874,1108.25
18.2847,743.863,238.748,982.611
18.3047,833.376,286.791,1120.17
18.3247,737.997,233.704,971.702
18.3447,821.202,281.14,1102.34
18.3647,750.68,237.362,988.042
18.3847,814.51,281.37,1095.88
18.4047,741.874,237.61,979.484
18.4247,828.88,284.795,1113.67
18.4447,735.088,233.32,968.407
18.4647,829.516,287.81,1117.33
18.4847,735.338,232.718,968.056
18.5047,812.313,280.228,1092.54
18.5247,743.996,237.689,981.685
18.5447,812.918,282.093,1095.01
18.5647,749.814,235.561,985.375
18.5847,811.533,279.817,1091.35
18.6047,750.565,237.07,987.635
18.6247,804.835,282.323,1087.16
18.6447,754.658,237.358,992.016
18.6647,797.974,273.083,1071.06
18.6847,753.455,242.133,995.588
18.7047,798.569,275.401,1073.97
18.7247,751.148,240.53,991.678
18.7447,791.44,272.773,1064.21
18.7647,748.181,241.01,989.192
18.7847,792.698,275.501,1068.2
18.8047,748.091,243.045,991.136
18.8247,790.633,269.119,1059.75
18.8447,754.492,245.952,1000.44
18.8647,768.261,263.37,1031.63
18.8847,756.561,246.353,1002.91
18.9047,790.434,272.74,1063.17
18.9247,759.004,246.556,1005.56
18.9447,782.936,271.919,1054.85
18.9647,741.132,240.091,981.223
18.9847,794.498,270.967,1065.46
19.0047,748.595,242.313,990.907
19.0247,784.103,272.291,1056.39
19.0447,738.08,240.775,978.855
19.0647,786.224,270.984,1057.21
19.0847,742.111,238.318,980.429
19.1047,781.882,270.915,1052.8
19.1247,737.668,236.224,973.892
19.1447,783.821,277.426,1061.25
19.1647,730.256,235.583,965.84
19.1847,787.475,273.758,1061.23
19.2047,735.489,238.731,974.22
19.2247,789.571,280.68,1070.25
19.2447,731.685,233.251,964.936
19.2647,784.103,274.842,1058.95
19.2847,733.23,233.793,967.023
19.3047,787.112,275.788,1062.9
19.3247,723.792,234.734,958.526
19.3447,789.595,276.059,1065.65
19.3647,716.317,230.968,947.286
19.3847,788.562,275.902,1064.46
19.4047,716.771,228.611,945.382
19.4247,793.831,278.475,1072.31
19.4447,713.571,227.188,940.759
19.4647,785.057,274.951,1060.01
19.4847,718.339,232.838,951.178
19.5047,784.051,275.576,1059.63
19.5247,733.44,237.17,970.61
19.5447,784.055,275.424,1059.48
19.5647,713.833,229.997,943.83
19.5847,773.642,272.339,1045.98
19.6047,715.898,232.436,948.334
19.6247,777.656,275.532,1053.19
19.6447,715.237,230.156,945.392
19.6647,776.413,275.74,1052.15
19.6847,725.946,234.431,960.377
19.7047,770.998,269.498,1040.5
19.7247,716.482,229.553,946.035
19.7447,761.984,271.852,1033.84
19.7647,719.866,234.915,954.78
19.7847,764.301,268.485,1032.79
19.8047,718.6,233.552,952.152
19.8247,762.995,265.005,1028
19.8447,731.934,243.988,975.922
19.8647,755.205,265.379,1020.58
19.8847,725.912,241.872,967.784
19.9047,751.027,266.114,1017.14
19.9247,733.802,246.473,980.274
19.9447,746.672,258.013,1004.69
19.9647,721.185,245.934,967.118
19.9847,746.199,259.851,1006.05
20.0047,731.102,247.017,978.119
20.0247,746.4,260.519,1006.92
20.0447,714.72,241.223,955.943
20.0647,747.948,259.209,1007.16
20.0847,716.993,244.181,961.174
20.1047,754.656,261.398,1016.05
20.1247,718.31,239.658,957.968
20.1447,755.227,259.973,1015.2
20.1647,711.185,245.226,956.411
20.1847,754.135,258.008,1012.14
20.2047,726.597,251.532,978.129
20.2247,735.004,254.644,989.648
20.2447,711.238,241.522,952.76
20.2647,746.111,258.24,1004.35
20.2847,712.751,244.453,957.204
20.3047,749.768,255.121,1004.89
20.3247,707.104,244.623,951.728
20.3447,747.699,252.13,999.829
20.3647,715.873,248.209,964.082
20.3847,743.29,253.78,997.071
20.4047,699.234,242.176,941.41
20.4247,752.793,259.042,1011.83
20.4447,710.665,248.341,959.006
20.4647,747.15,255.178,1002.33
20.4847,695.939,242.538,938.476
20.5047,743.934,256.831,1000.77
20.5247,701.399,239.801,941.199
20.5447,743.638,256.531,1000.17
20.5647,704.21,245.479,949.69
20.5847,739.2,255.458,994.658
20.6047,709.608,244.269,953.877
20.6247,722.704,254.042,976.747
20.6447,699.129,240.47,939.599
20.6647,733.158,255.809,988.967
20.6847,703.044,242.189,945.233
20.7047,724.728,254.643,979.371
20.7247,712.261,247.61,959.871
20.7447,725.574,255.586,981.16
20.7647,716.165,249.414,965.579
20.7847,707.257,246.542,953.799
20.8047,717.669,249.292,966.961
20.8247,701.729,249.653,951.382
20.8447,724.123,253.786,977.909
20.8647,697.041,246.04,943.082
20.8847,718.473,249.839,968.313
20.9047,700.653,250.349,951.002
20.9247,732.228,252.124,984.352
20.9447,688.829,246.359,935.187
20.9647,719,249.263,968.263
20.9847,699.2,247.562,946.762
21.0047,715.711,248.124,963.835
21.0247,704.1,250.04,954.139
21.0447,709.43,243.631,953.06
21.0647,695.474,247.832,943.307
21.0847,709.003,248.527,957.53
21.1047,700.927,247.159,948.085
21.1247,713.483,245.542,959.025
21.1447,692.121,249.606,941.727
21.1647,716.193,248.032,964.224
21.1847,681.7,239.5,921.201
21.2047,717.986,249.672,967.658
21.2247,684.118,244.494,928.612
21.2447,719.024,250.326,969.35
21.2647,688.416,246.365,934.78
21.2847,719.588,249.628,969.216
21.3047,671.864,242.958,914.822
21.3247,718.006,248.669,966.675
21.3447,696.806,247.6,944.406
21.3647,711.688,247.09,958.778
21.3847,682.525,247.39,929.915
21.4047,711.595,247.168,958.763
21.4247,686.066,248.913,934.979
21.4447,716.967,252.708,969.675
21.4647,668.705,243.856,912.562
21.4847,708.137,245.297,953.434
21.5047,697.026,248.323,945.349
21.5247,696.506,239.329,935.835
21.5447,696.352,252.788,949.14
21.5647,689.238,240.253,929.491
21.5847,695.001,252.674,947.675
21.6047,687.304,240.19,927.495
21.6247,705.087,253.963,959.05
21.6447,690.432,241.968,932.401
21.6647,687.355,248.397,935.753
21.6847,687.528,241.252,928.78
21.7047,700.642,251.97,952.612
21.7247,675.032,237.643,912.674
21.7447,705.267,258.854,964.121
21.7647,681.06,239.534,920.594
21.7847,697.762,251.656,949.418
21.8047,685.697,240.496,926.193
21.8247,701.269,254.878,956.148
21.8447,673.894,235.017,908.911
21.8647,693.71,251.146,944.856
21.8847,679.099,240.285,919.384
21.9047,696.371,250.589,946.96
21.9247,670.208,236.212,906.42
21.9447,706.386,258.268,964.655
21.9647,662.733,230.064,892.797
21.9847,699.095,252.713,951.808
22.0047,671.96,235.395,907.355
22.0247,699.461,255.456,954.917
22.0447,665.405,233.948,899.353
22.0647,701.326,255.248,956.574
22.0847,667.635,234.035,901.67
22.1047,688.203,256.48,944.684
22.1247,673.842,237.385,911.226
22.1447,689.756,251.483,941.239
22.1647,666.782,233.077,899.859
22.1847,685.561,250.447,936.008
22.2047,665.617,236.2,901.817
22.2247,692.813,255.937,948.75
22.2447,650.261,231.127,881.388
22.2647,706.587,258.359,964.945
22.2847,646.51,228.927,875.437
22.3047,703.224,260.819,964.043
22.3247,649.467,233.511,882.978
22.3447,696.838,254.793,951.631
22.3647,656.062,235.09,891.152
22.3847,701.521,257.039,958.56
22.4047,642.193,226.654,868.847
22.4247,682.664,248.506,931.169
22.4447,661.978,236.173,898.151
22.4647,678.319,246.724,925.043
22.4847,660.452,239.588,900.041
22.5047,684.511,248.942,933.452
22.5247,654.458,234.622,889.08
22.5447,686.996,248.788,935.783
22.5647,657.659,239.7,897.358
22.5847,680.624,246.447,927.072
22.6047,645.782,239.248,885.031
22.6247,680.174,247.143,927.316
22.6447,647.094,235.543,882.637
22.6647,691.088,251.072,942.16
22.6847,643.416,234.872,878.288
22.7047,691.19,253.056,944.246
22.7247,642.387,233.499,875.886
22.7447,691.21,252.443,943.653
22.7647,637.737,229.464,867.201
22.7847,692.499,251.56,944.059
22.8047,636.903,227.358,864.26
22.8247,682.83,251.291,934.121
22.8447,630.888,228.914,859.802
22.8647,679.943,250.12,930.063
22.8847,642.605,235.624,878.229
22.9047,684.007,246.754,930.762
22.9247,640.487,236.279,876.766
22.9447,676.993,247.614,924.607
22.9647,640.404,232.837,873.24
22.9847,677.921,245.887,923.808
23.0047,641.515,233.086,874.601
23.0247,670.537,246.648,917.185
23.0447,650.537,236.984,887.522
23.0647,654.535,243.119,897.654
23.0847,651.998,239.594,891.593
23.1047,669.664,248.334,917.998
23.1247,651.103,233.532,884.635
23.1447,654.132,246.846,900.979
23.1647,645.154,236.697,881.852
23.1847,648.975,240.475,889.45
23.2047,642.746,235.79,878.536
23.2247,652.421,247.633,900.054
23.2447,646.773,235.038,881.811
23.2647,652.843,246.696,899.539
23.2847,642.787,235.731,878.518
23.3047,656.57,247.963,904.533
23.3247,646.323,234.185,880.508
23.3447,645.652,242.585,888.237
23.3647,645.234,234.632,879.867
23.3847,643.796,243.948,887.745
23.4047,653.811,240.883,894.694
23.4247,636.7,240.788,877.487
23.4447,656.59,242.665,899.255
23.4647,639.867,243.267,883.133
23.4847,649.884,238.584,888.468
23.5047,647.856,247.17,895.026
23.5247,639.292,232.529,871.822
23.5447,638.304,237.233,875.537
23.5647,654.058,241.19,895.248
23.5847,632.522,236.357,868.879
23.6047,654.764,238.444,893.208
23.6247,638.121,240.081,878.202
23.6447,651.166,238.168,889.334
23.6647,633.413,242.46,875.873
23.6847,645.706,234.458,880.164
23.7047,630.795,239.404,870.198
23.7247,653.211,240.596,893.807
23.7447,621.315,232.842,854.157
23.7647,659.851,243.122,902.973
23.7847,632.464,235.125,867.589
23.8047,653.345,240.976,894.321
23.8247,627.881,236.126,864.007
23.8447,634.628,236.552,871.179
23.8647,627.852,236.185,864.037
23.8847,644.504,240.968,885.472
23.9047,630.68,237.837,868.518
23.9247,634.386,234.226,868.612
23.9447,634.346,240.471,874.817
23.9647,633.108,233.409,866.517
23.9847,637.975,240.243,878.218
24.0047,630.685,235.705,866.39
24.0247,641.989,242.36,884.349
24.0447,631.947,233.311,865.258
24.0647,626.635,236.36,862.995
24.0847,627.963,235.527,863.49
24.1047,623.476,240.432,863.908
24.1247,628.9,237.148,866.049
24.1447,627.131,241.709,868.84
24.1647,618.513,230.746,849.259
24.1847,635.255,244.12,879.375
24.2047,623.222,233.611,856.833
24.2247,642.461,243.833,886.294
24.2447,616.623,231.468,848.091
24.2647,638.759,244.129,882.889
24.2847,616.894,230.905,847.798
24.3047,649.997,246.534,896.532
24.3247,608.535,231.375,839.91
24.3447,637.396,244.652,882.049
24.3647,608.584,226.768,835.352
24.3847,628.509,243.19,871.699
24.4047,612.368,230.047,842.415
24.4247,637.343,247.731,885.074
24.4447,608.721,226.658,835.379
24.4647,628.156,242.626,870.782
24.4847,618.838,231.156,849.994
24.5047,621.492,240.371,861.863
24.5247,624.763,231.109,855.872
24.5447,618.909,240.756,859.665
24.5647,621.903,232.222,854.125
24.5847,623.102,239.56,862.663
24.6047,617.977,232.477,850.455
24.6247,623.167,240.813,863.98
24.6447,614.106,226.783,840.888
24.6647,612.506,235.64,848.146
24.6847,616.476,232.459,848.935
24.7047,618.782,237.174,855.956
24.7247,613.967,231.4,845.368
24.7447,628.876,241.888,870.764
24.7647,605.581,230.849,836.43
24.7847,625.121,237.994,863.115
24.8047,609.974,230.972,840.946
24.8247,617.1,238.733,855.833
24.8447,607.399,232.023,839.422
24.8647,616.577,237.646,854.223
24.8847,605.334,234.077,839.411
24.9047,618.738,234.912,853.65
24.9247,608.151,231.296,839.447
24.9447,609.154,232.38,841.534
24.9647,607.173,233.782,840.955
24.9847,621.281,237.227,858.508
25.0047,599.443,227.082,826.525
25.0247,613.119,237.905,851.024
25.0447,606.609,233.03,839.639
25.0647,611.886,234.97,846.856
25.0847,619.253,234.1,853.353
25.1047,606.243,231.763,838.006
25.1247,602.866,231.259,834.125
25.1447,611.463,232.954,844.417
25.1647,606.046,235.926,841.971
25.1847,608.522,232.117,840.639
25.2047,609.987,234.914,844.902
25.2247,605.213,233.497,838.71
25.2447,602.486,232.505,834.99
25.2647,607.971,229.488,837.458
25.2847,612.037,232.147,844.184
25.3047,594.436,230.112,824.548
25.3247,601.609,231.124,832.733
25.3447,603.716,232.919,836.635
25.3647,600.925,232.257,833.182
25.3847,604.276,232.565,836.84
25.4047,602.339,233.965,836.303
25.4247,601.483,232.834,834.317
25.4447,605.369,233.168,838.537
25.4647,590.375,227.216,817.59
25.4847,598.606,231.913,830.519
25.5047,594.286,229.739,824.025
25.5247,602.099,233.738,835.837
25.5447,596.756,230.217,826.974
25.5647,603.574,233.929,837.504
25.5847,599.942,233.796,833.737
25.6047,593.01,229.94,822.951
25.6247,600.493,233.197,833.69
25.6447,584.867,229.69,814.557
25.6647,606.887,236.929,843.816
25.6847,578.211,225.229,803.44
25.7047,606.148,237.268,843.416
25.7247,583.123,227.912,811.035
25.7447,604.22,234.914,839.134
25.7647,596.675,226.645,823.319
25.7847,590.383,234.335,824.718
25.8047,588.156,226.651,814.807
25.8247,605.607,237.453,843.059
25.8447,576.248,222.062,798.31
25.8647,612.173,239.321,851.494
25.8847,562.709,219.657,782.366
25.9047,601.733,238.313,840.047
25.9247,577.887,224.774,802.66
25.9447,604.541,237.566,842.107
25.9647,576.918,223.999,800.917
25.9847,610.845,240.01,850.855
26.0047,581.803,228.152,809.954
26.0247,595.4,235.686,831.086
26.0447,577.379,226.632,804.011
26.0647,592.545,235.108,827.653
26.0847,572.865,220.346,793.21
26.1047,603.547,236.963,840.51
26.1247,579.665,223.609,803.274
26.1447,596.189,235.297,831.485
26.1647,570.901,225.019,795.919
26.1847,604.204,237.169,841.373
26.2047,565.398,220.185,785.584
26.2247,603.584,236.703,840.287
26.2447,562.705,220.694,783.399
26.2647,595.962,235.037,831
26.2847,578.229,227.764,805.992
26.3047,583.215,229.974,813.189
26.3247,574.225,226.191,800.416
26.3447,594.579,233.184,827.762
26.3647,574.949,224.264,799.213
26.3847,576.851,229.387,806.238
26.4047,583.2,227.143,810.343
26.4247,577.155,228.33,805.485
26.4447,580.117,227.416,807.533
26.4647,572.488,224.945,797.433
26.4847,589.297,227.76,817.056
26.5047,575.409,228.516,803.925
26.5247,577.585,227.872,805.458
26.5447,575.857,230.378,806.234
26.5647,576.678,226.297,802.975
26.5847,577.851,229.99,807.841
26.6047,578.596,225.981,804.577
26.6247,570.874,230.922,801.795
26.6447,568.675,222.905,791.579
26.6647,577.037,232.066,809.103
26.6847,570.262,226.353,796.615
26.7047,578.542,229.035,807.577
26.7247,558.408,216.072,774.48
26.7447,575.147,230.75,805.897
26.7647,573.476,226.522,799.998
26.7847,577.142,228.262,805.404
26.8047,566.086,223.478,789.564
26.8247,571.437,232.153,803.59
26.8447,566.236,225.41,791.646
26.8647,578.612,235.25,813.862
26.8847,574.918,225.93,800.848
26.9047,575.085,231.838,806.923
26.9247,552.859,215.396,768.255
26.9447,580.987,238.392,819.379
26.9647,561.127,218.784,779.911
26.9847,583.372,234.392,817.764
27.0047,557.133,219.929,777.063
27.0247,575.149,237.764,812.913
27.0447,559.001,218.556,777.558
27.0647,574.266,230.95,805.216
27.0847,562.058,216.732,778.789
27.1047,578.683,234.901,813.583
27.1247,561.447,218.858,780.305
27.1447,570.19,235.203,805.394
27.1647,571.061,222.858,793.92
27.1847,556.174,230.067,786.241
27.2047,566.917,221.854,788.77
27.2247,555.064,223.736,778.799
27.2447,566.628,223.877,790.505
27.2647,561.504,228.139,789.643
27.2847,567.516,224.277,791.793
27.3047,565.697,231.868,797.564
27.3247,557.144,221.689,778.833
27.3447,553.124,225.919,779.043
27.3647,574.825,224.687,799.512
27.3847,551.589,227.337,778.926
27.4047,566.168,224.43,790.599
27.4247,550.7,227.184,777.884
27.4447,572.887,225.875,798.762
27.4647,539.915,222.445,762.359
27.4847,568.286,226.414,794.699
27.5047,547.574,225.146,772.72
27.5247,564.103,224.589,788.692
27.5447,557.564,224.456,782.02
27.5647,556.91,226.487,783.396
27.5847,550.46,223.901,774.361
27.6047,567.062,224.4,791.462
27.6247,555.019,224.751,779.77
27.6447,565.387,227.955,793.342
27.6647,547.3,225.502,772.802
27.6847,563.397,225.787,789.184
27.7047,538.763,222.037,760.801
27.7247,564.935,227.184,792.119
27.7447,548.921,224.729,773.65
27.7647,557.22,225.199,782.419
27.7847,550.347,224.014,774.36
27.8047,557.64,223.842,781.482
27.8247,544.515,222.323,766.839
27.8447,560.233,226.031,786.265
27.8647,548.667,222.518,771.184
27.8847,551.033,223.487,774.52
27.9047,552.086,222.952,775.038
27.9247,552.193,220.255,772.447
27.9447,550.797,226.469,777.266
27.9647,549.052,215.635,764.687
27.9847,547.059,223.653,770.713
28.0047,543.374,220.192,763.566
28.0247,566.718,227.246,793.964
28.0447,538.419,215.326,753.745
28.0647,560.314,226.489,786.803
28.0847,547.456,219.679,767.135
28.1047,548.158,225.576,773.734
28.1247,541.412,220.296,761.707
28.1447,561.27,232.63,793.9
28.1647,531.579,218.9,750.479
28.1847,551.185,225.893,777.078
28.2047,542.865,217.788,760.654
28.2247,552.999,226.887,779.886
28.2447,531.651,215.785,747.436
28.2647,549.536,226.273,775.808
28.2847,535.312,218.601,753.914
28.3047,555.767,228.413,784.18
28.3247,527.063,218.247,745.309
28.3447,558.109,228.741,786.85
28.3647,524.512,215.728,740.24
28.3847,556.926,229.276,786.201
28.4047,529.434,216.248,745.682
28.4247,546.776,222.377,769.153
28.4447,524.161,218.193,742.354
28.4647,551.113,226.617,777.731
28.4847,527.132,220.278,747.409
28.5047,552.91,224.028,776.938
28.5247,520.132,214.487,734.619
28.5447,551.217,226.661,777.878
28.5647,527.222,218.089,745.312
28.5847,556.268,227.34,783.607
28.6047,522.242,217.248,739.491
28.6247,551.701,223.774,775.475
28.6447,523.25,214.475,737.725
28.6647,561.278,228.866,790.144
28.6847,521.055,215.816,736.871
28.7047,550.665,230.525,781.19
28.7247,512.661,213.166,725.828
28.7447,568.451,233.787,802.238
28.7647,507.698,211.136,718.835
28.7847,562.509,230.855,793.364
28.8047,506.297,210.002,716.3
28.8247,560.185,228.939,789.124
28.8447,511.274,214.26,725.534
28.8647,549.373,226.709,776.083
28.8847,514.183,213.965,728.147
28.9047,547.345,224.58,771.926
28.9247,514.32,210.173,724.492
28.9447,552.535,227.496,780.031
28.9647,521.749,215.936,737.685
28.9847,537.316,227.156,764.473
29.0047,517.484,217.92,735.404
29.0247,540.355,223.569,763.924
29.0447,513.81,218.839,732.649
29.0647,545.589,226.318,771.907
29.0847,509.655,212.814,722.469
29.1047,541.195,219.27,760.465
29.1247,522.394,217.386,739.78
29.1447,538.941,222.834,761.775
29.1647,519.157,215.059,734.216
29.1847,546.419,222.923,769.342
29.2047,496.422,213.711,710.133
29.2247,552.668,227.993,780.661
29.2447,504.93,209.885,714.815
29.2647,541.604,224.149,765.753
29.2847,502.838,211.099,713.937
29.3047,542.365,225.653,768.018
29.3247,507.498,214.062,721.56
29.3447,548.284,225.826,774.11
29.3647,497.487,209.452,706.939
29.3847,542.409,228.632,771.041
29.4047,502.005,211.892,713.897
29.4247,548.529,227.11,775.639
29.4447,508.411,218.117,726.529
29.4647,529.521,223.963,753.483
29.4847,506.145,214.402,720.547
29.5047,537.943,220.26,758.202
29.5247,504.861,212.06,716.921
29.5447,533.676,224.627,758.303
29.5647,509.539,208.596,718.135
29.5847,533.202,222.387,755.589
29.6047,509.447,215.188,724.635
29.6247,531.756,221.772,753.528
29.6447,496.511,208.586,705.097
29.6647,535.077,227.656,762.734
29.6847,512.03,215.552,727.582
29.7047,529.149,223.254,752.403
29.7247,506.404,214.036,720.44
29.7447,526.941,221.179,748.12
29.7647,504.205,212.076,716.281
29.7847,526.511,220.934,747.445
29.8047,507.366,213.92,721.286
29.8247,521.193,220.522,741.715
29.8447,509.249,213.238,722.487
29.8647,526.383,221.007,747.39
29.8847,504.3,211.854,716.154
29.9047,525.388,220.344,745.732
29.9247,508.536,213.432,721.969
29.9447,523.671,219.018,742.689
29.9647,504.107,211.341,715.448
29.9847,525.525,220.01,745.534
30.0047,509.568,213.715,723.282
30.0247,519.935,219.121,739.056
30.0447,507.172,212.072,719.244
30.0647,513.158,215.341,728.498
30.0847,511.965,215.371,727.337
30.1047,508.579,215.496,724.075
30.1247,520.815,219.982,740.797
30.1447,506.161,214.113,720.274
30.1647,510.619,215.741,726.36
30.1847,510.686,218.171,728.857
30.2047,512.671,214.672,727.343
30.2247,503.54,213.23,716.77
30.2447,526.179,222.099,748.278
30.2647,499.952,211.158,711.11
30.2847,510.914,214.737,725.651
30.3047,505.149,214.924,720.074
30.3247,507.905,215.693,723.598
30.3447,504.219,217.922,722.141
30.3647,510.502,213.174,723.676
30.3847,507.858,216.668,724.526
30.4047,505.45,212.243,717.693
30.4247,497.161,209.521,706.681
30.4447,508.837,214.863,723.7
30.4647,497.438,215.702,713.14
30.4847,517.264,216.119,733.383
30.5047,489.964,210.803,700.768
30.5247,510.945,217.867,728.812
30.5447,501.996,213.561,715.557
30.5647,502.747,212.555,715.302
30.5847,499.177,211.907,711.084
30.6047,504.671,211.76,716.431
30.6247,504.09,216.564,720.653
30.6447,507.193,214.123,721.316
30.6647,496.165,213.867,710.032
30.6847,513.185,215.16,728.345
30.7047,489.763,210.277,700.04
30.7247,519.228,218.172,737.399
30.7447,497.195,213.208,710.404
30.7647,507.82,214.773,722.593
30.7847,490.142,212.059,702.201
30.8047,501.912,214.339,716.251
30.8247,485.103,210.657,695.759
30.8447,509.361,216.638,725.999
30.8647,491.102,211.846,702.948
30.8847,505.544,214.753,720.298
30.9047,499.356,215.479,714.836
30.9247,503.176,213.789,716.965
30.9447,488.434,209.939,698.374
30.9647,494.437,211.756,706.193
30.9847,496.039,216.068,712.107
31.0047,507.06,214.967,722.028
31.0247,484.472,212.327,696.799
31.0447,494.008,210.974,704.983
31.0647,490.406,214.036,704.443
31.0847,493.558,213.213,706.771
31.1047,495.201,213.721,708.922
31.1247,496.197,212.683,708.88
31.1447,499.292,214.846,714.137
31.1647,487.395,209.622,697.016
31.1847,499.749,216.562,716.311
31.2047,488.497,206.666,695.163
31.2247,502.758,216.408,719.166
31.2447,489.905,207.865,697.77
31.2647,505.034,215.398,720.432
31.2847,486.331,207.866,694.197
31.3047,500.42,216.533,716.953
31.3247,485.205,207.075,692.28
31.3447,486.294,211.87,698.163
31.3647,480.493,208.724,689.217
31.3847,502.544,217.738,720.282
31.4047,480.271,206.26,686.531
31.4247,503.709,214.755,718.464
31.4447,483.316,208.73,692.046
31.4647,498.298,215.103,713.402
31.4847,479.648,206.309,685.957
31.5047,488.592,210.083,698.675
31.5247,480.353,207.723,688.076
31.5447,490.396,212.862,703.258
31.5647,478.24,206.539,684.779
31.5847,497.83,213.676,711.505
31.6047,472.728,204.648,677.376
31.6247,502.709,215.858,718.567
31.6447,474.208,206.139,680.347
31.6647,499.538,216.164,715.703
31.6847,464.396,204.989,669.385
31.7047,505.212,216.408,721.619
31.7247,471.716,207.873,679.589
31.7447,493.505,214.803,708.307
31.7647,472.278,207.039,679.317
31.7847,492.598,213.8,706.398
31.8047,473.372,205.352,678.724
31.8247,492.778,213.068,705.846
31.8447,475.135,210.644,685.779
31.8647,493.456,211.47,704.927
31.8847,476.688,207.955,684.643
31.9047,486.277,209.617,695.894
31.9247,479.777,209.983,689.76
31.9447,489.496,210.784,700.28
31.9647,470.465,208.004,678.47
31.9847,483.902,208.993,692.895
32.0047,469.214,205.967,675.181
32.0247,482.372,209.946,692.319
32.0447,472.363,205.924,678.287
32.0647,473.567,209.831,683.397
32.0847,472.103,208.383,680.486
32.1047,489.808,212.758,702.567
32.1247,474.208,203.826,678.034
32.1447,484.986,211.09,696.077
32.1647,467.156,205.637,672.792
32.1847,483.666,211.082,694.748
32.2047,476.685,206.494,683.178
32.2247,488.758,211.299,700.057
32.2447,471.881,207.106,678.987
32.2647,480.028,209.105,689.133
32.2847,462.161,203.318,665.479
32.3047,481.752,211.653,693.405
32.3247,456.89,203.157,660.048
32.3447,485.57,210,695.57
32.3647,467.397,203.213,670.61
32.3847,479.216,211.693,690.909
32.4047,466.534,205.762,672.296
32.4247,479.751,210.473,690.223
32.4447,468.726,205.021,673.747
32.4647,479.847,208.063,687.91
32.4847,466.398,204.626,671.024
32.5047,477.184,207.333,684.517
32.5247,469.556,209.005,678.56
32.5447,478.494,214.064,692.558
32.5647,465.229,202.933,668.162
32.5847,481.014,211.228,692.242
32.6047,462.806,203.448,666.254
32.6247,476.798,207.873,684.671
32.6447,458.768,204.573,663.341
32.6647,476.746,209.575,686.321
32.6847,461.454,206.047,667.501
32.7047,472.831,207.928,680.759
32.7247,466.866,203.751,670.617
32.7447,474.95,209.032,683.982
32.7647,467.026,204.637,671.662
32.7847,466.749,205.614,672.363
32.8047,463.612,206.389,670
32.8247,475.518,209.365,684.884
32.8447,466.104,204.29,670.394
32.8647,467.445,209.25,676.695
32.8847,458.815,205.332,664.147
32.9047,469.279,208.751,678.03
32.9247,469.332,207.648,676.98
32.9447,465.54,206.868,672.408
32.9647,463.277,203.868,667.145
32.9847,462.915,206.042,668.957
33.0047,471.707,206.657,678.364
33.0247,464.611,208.031,672.643
33.0447,457.915,201.793,659.708
33.0647,473.765,208.893,682.658
33.0847,457.372,203.076,660.448
33.1047,472.418,208.291,680.709
33.1247,455.734,203.153,658.888
33.1447,462.681,204.986,667.667
33.1647,461.8,204.308,666.108
33.1847,460.535,207.225,667.76
33.2047,462.514,206.386,668.899
33.2247,457.959,204.469,662.427
33.2447,463.508,205.628,669.135
33.2647,448.081,203.025,651.106
33.2847,470.204,206.368,676.572
33.3047,453.341,203.675,657.017
33.3247,458.475,206.987,665.462
33.3447,462.81,206.675,669.484
33.3647,457.835,204.306,662.141
33.3847,458.708,206.61,665.318
33.4047,464.494,208.101,672.595
33.4247,457.605,203.009,660.614
33.4447,451.901,200.783,652.684
33.4647,453.565,203.267,656.832
33.4847,461.489,206.249,667.738
33.5047,458.363,202.054,660.417
33.5247,457.295,205.238,662.533
33.5447,449.411,200.77,650.181
33.5647,463.199,206.976,670.175
33.5847,446.64,201.198,647.838
33.6047,462.417,203.032,665.449
33.6247,453.298,204.721,658.019
33.6447,463.454,205.081,668.535
33.6647,460.081,206.638,666.719
33.6847,458.233,204.297,662.53
33.7047,448.073,198.54,646.613
33.7247,460.005,202.584,662.589
33.7447,444.273,199.67,643.943
33.7647,460.555,204.36,664.915
33.7847,452.215,204.013,656.228
33.8047,457.135,202.452,659.587
33.8247,448.02,205.657,653.677
33.8447,453.973,202.39,656.363
33.8647,450.436,202.979,653.414
33.8847,453.888,203.249,657.137
33.9047,444.544,201.643,646.188
33.9247,451.372,205.312,656.684
33.9447,451.972,203.473,655.445
33.9647,448.096,203.678,651.774
33.9847,449.881,202.411,652.293
34.0047,448.472,205.403,653.875
34.0247,448.461,204.13,652.591
34.0447,455.308,202.466,657.774
34.0647,439.51,203.745,643.255
34.0847,452.182,202.358,654.54
34.1047,440.427,198.335,638.761
34.1247,460.214,205.355,665.569
34.1447,449.311,200.735,650.046
34.1647,449.62,204.066,653.686
34.1847,443.489,201.39,644.879
34.2047,448.673,202.539,651.211
34.2247,438.915,201.579,640.495
34.2447,449.217,201.287,650.504
34.2647,448.937,201.641,650.578
34.2847,443.85,200.33,644.18
34.3047,442.654,200.114,642.769
34.3247,449.763,200.598,650.361
34.3447,447.39,203.567,650.957
34.3647,440.019,199.782,639.801
34.3847,447.291,201.703,648.994
34.4047,440.51,202.282,642.792
34.4247,445.449,202.195,647.644
34.4447,445.238,201.951,647.189
34.4647,446.162,204.354,650.517
34.4847,440.572,199.919,640.491
34.5047,444.349,203.448,647.797
34.5247,443.103,199.461,642.563
34.5447,450.808,202.359,653.167
34.5647,442.119,196,638.119
34.5847,439.419,201.287,640.705
34.6047,435.793,194.697,630.489
34.6247,445.984,202.594,648.578
34.6447,434.425,198.581,633.006
34.6647,448.497,203.625,652.123
34.6847,435.593,198.509,634.102
34.7047,447.145,203.899,651.044
34.7247,431.727,196.496,628.223
34.7447,440.476,203.271,643.747
34.7647,433.168,195.085,628.252
34.7847,450.721,205.028,655.749
34.8047,434.063,197.328,631.391
34.8247,441.437,198.258,639.695
34.8447,440.067,201.993,642.06
34.8647,440.142,199.434,639.576
34.8847,427.541,193.469,621.01
34.9047,446.178,203.858,650.036
34.9247,430.127,195.825,625.952
34.9447,445.51,203.255,648.765
34.9647,423.838,193.141,616.979
34.9847,439.418,199.422,638.84
35.0047,435.664,195.419,631.083
35.0247,447.509,200.455,647.964
35.0447,431.447,196.836,628.282
35.0647,447.799,204.127,651.926
35.0847,429.365,195.419,624.784
35.1047,441.3,203.181,644.481
35.1247,431.82,195.492,627.312
35.1447,439.266,203.774,643.04
35.1647,430.632,193.609,624.241
35.1847,437.415,200.71,638.124
35.2047,431.356,198.304,629.66
35.2247,435.167,201.944,637.111
35.2447,429.089,196.734,625.824
35.2647,429.729,199.744,629.474
35.2847,424.92,196.179,621.099
35.3047,440.55,199.747,640.297
35.3247,428.284,197.223,625.507
35.3447,438.051,199.983,638.034
35.3647,423.104,193.848,616.952
35.3847,438.924,202.599,641.522
35.4047,420.168,193.184,613.351
35.4247,437.734,200.086,637.82
35.4447,425.94,196.427,622.367
35.4647,436.38,202.845,639.225
35.4847,424.568,199.377,623.945
35.5047,429.961,199.625,629.586
35.5247,432.565,196.592,629.157
35.5447,436.744,201.318,638.062
35.5647,423.182,198.143,621.325
35.5847,426.793,198.954,625.747
35.6047,432.043,197.101,629.143
35.6247,426.109,197.643,623.752
35.6447,432.326,198.672,630.998
35.6647,422.277,197.682,619.959
35.6847,416.887,191.631,608.517
35.7047,436.148,199.111,635.259
35.7247,429.535,198.18,627.715
35.7447,426.461,199.203,625.664
35.7647,423.185,195.1,618.285
35.7847,428.953,200.651,629.605
35.8047,422.921,194.41,617.331
35.8247,427.389,198.402,625.791
35.8447,425.063,193.989,619.052
35.8647,428.077,197.663,625.74
35.8847,417.772,193.68,611.452
35.9047,431.453,198.105,629.558
35.9247,421.733,193.148,614.881
35.9447,429.54,197.285,626.825
35.9647,419.554,193.53,613.084
35.9847,427.834,201.21,629.044
36.0047,418.996,192.69,611.686
36.0247,431.946,200.176,632.122
36.0447,412.406,191.675,604.081
36.0647,430.582,198.618,629.2
36.0847,414.465,192.656,607.121
36.1047,429.676,198.626,628.303
36.1247,410.48,190.115,600.595
36.1447,429.808,197.726,627.534
36.1647,421.449,195.921,617.37
36.1847,428.307,196.477,624.784
36.2047,417.126,195.31,612.436
36.2247,427.722,196.414,624.136
36.2447,415.934,193.24,609.174
36.2647,426.252,196.75,623.002
36.2847,419.046,192.56,611.605
36.3047,422.275,197.748,620.023
36.3247,410.304,193.177,603.481
36.3447,419.8,193.483,613.282
36.3647,413.978,192.219,606.197
36.3847,426.595,197.769,624.363
36.4047,410.106,193.243,603.349
36.4247,423.252,196.067,619.318
36.4447,411.233,192.374,603.606
36.4647,424.879,197.057,621.936
36.4847,413.336,193.435,606.771
36.5047,420.74,197.98,618.72
36.5247,409.956,191.809,601.766
36.5447,420.464,197.157,617.621
36.5647,409.037,190.094,599.132
36.5847,421.267,195.089,616.356
36.6047,411.298,194.528,605.826
36.6247,413.901,195.274,609.175
36.6447,410.73,191.813,602.543
36.6647,413.175,195.886,609.06
36.6847,414.604,191.702,606.305
36.7047,419.387,195.419,614.805
36.7247,411.268,191.83,603.098
36.7447,419.683,194.642,614.325
36.7647,414.552,194.36,608.912
36.7847,416.022,191.129,607.15
36.8047,410.354,191.977,602.331
36.8247,412.451,195.139,607.589
36.8447,410.986,191.31,602.296
36.8647,414.061,193.973,608.034
36.8847,408.89,190.811,599.701
36.9047,415.85,195.953,611.803
36.9247,413.591,193.305,606.896
36.9447,408.599,195.824,604.422
36.9647,405.392,192.455,597.847
36.9847,415.59,192.777,608.367
37.0047,408.24,194.432,602.672
37.0247,413.647,194.089,607.736
37.0447,414.868,192.737,607.605
37.0647,399.93,190.51,590.439
37.0847,407.705,191.968,599.674
37.1047,413.338,193.966,607.304
37.1247,404.194,189.022,593.216
37.1447,414.145,195.384,609.529
37.1647,404.606,189.494,594.1
37.1847,413.073,192.492,605.565
37.2047,407.089,191.071,598.16
37.2247,410.017,193.986,604.003
37.2447,416.955,195.121,612.075
37.2647,401.456,188.652,590.108
37.2847,400.512,189.58,590.092
37.3047,409.629,192.668,602.297
37.3247,405.117,191.618,596.735
37.3447,417.463,194.387,611.85
37.3647,400.134,186.473,586.606
37.3847,406.541,191.865,598.407
37.4047,400.182,190.683,590.865
37.4247,411.369,195.131,606.501
37.4447,399.962,188.967,588.929
37.4647,406.31,191.593,597.902
37.4847,400.49,189.589,590.079
37.5047,414.794,196.139,610.933
37.5247,400.339,189.02,589.359
37.5447,404.532,192.494,597.026
37.5647,400.037,189.383,589.42
37.5847,409.216,193.228,602.444
37.6047,399.977,188.488,588.465
37.6247,419.07,195.889,614.959
37.6447,402.619,190.262,592.881
37.6647,400.052,188.985,589.037
37.6847,405.102,190.192,595.294
37.7047,396.439,190.516,586.955
37.7247,399.951,187.915,587.866
37.7447,400.612,190.889,591.501
37.7647,397.351,187.549,584.9
37.7847,404.008,191.266,595.275
37.8047,399.395,189.711,589.107
37.8247,398.73,188.697,587.427
37.8447,400.631,190.221,590.852
37.8647,403.62,190.71,594.33
37.8847,402.643,192.521,595.164
37.9047,396.064,189.194,585.258
37.9247,401.38,189.886,591.266
37.9447,397.909,190.649,588.558
37.9647,397.061,188.242,585.303
37.9847,396.634,187.914,584.548
38.0047,398.368,186.886,585.253
38.0247,399.882,190.91,590.792
38.0447,399.652,188.268,587.92
38.0647,393.595,188.807,582.402
38.0847,395.831,188.219,584.051
38.1047,401.546,193.144,594.691
38.1247,393.919,188.738,582.657
38.1447,401.606,190.756,592.362
38.1647,388.169,185.757,573.926
38.1847,402.052,192.075,594.127
38.2047,392.337,187.682,580.019
38.2247,402.99,191.588,594.578
38.2447,395.258,186.377,581.635
38.2647,393.662,188.309,581.971
38.2847,391.955,184.642,576.597
38.3047,404.604,190.598,595.202
38.3247,384.77,183.83,568.601
38.3447,399.7,191.405,591.105
38.3647,392.034,187.301,579.335
38.3847,396.928,188.183,585.11
38.4047,385.103,184.851,569.954
38.4247,399.182,189.824,589.007
38.4447,391.984,187.261,579.245
38.4647,394.022,189.562,583.584
38.4847,390.076,186.346,576.422
38.5047,404.716,192.718,597.434
38.5247,388.35,185.094,573.445
38.5447,392.962,189.092,582.054
38.5647,382.29,186.479,568.769
38.5847,393.074,189.165,582.239
38.6047,390.059,187.51,577.569
38.6247,394.263,188.981,583.244
38.6447,387.533,187.249,574.782
38.6647,395.065,187.045,582.11
38.6847,381.117,183.432,564.548
38.7047,392.78,187.443,580.223
38.7247,387.016,186.912,573.928
38.7447,393.996,190.37,584.366
38.7647,387.306,187.069,574.375
38.7847,390.191,187.196,577.387
38.8047,377.442,182.547,559.989
38.8247,394.585,190.549,585.134
38.8447,385.998,185.998,571.996
38.8647,388.457,186.479,574.937
38.8847,380.699,183.972,564.671
38.9047,396.597,190.505,587.102
38.9247,387.004,186.648,573.652
38.9447,385.487,183.634,569.121
38.9647,388.12,188.209,576.329
38.9847,387.587,184.878,572.465
39.0047,388.73,186.628,575.358
39.0247,387.557,186.625,574.182
39.0447,379.951,183.428,563.379
39.0647,390.861,188.787,579.649
39.0847,380.406,185.059,565.465
39.1047,393.014,187.339,580.353
39.1247,385.359,186.641,572
39.1447,380.403,185.18,565.582
39.1647,377.039,182.748,559.787
39.1847,393.048,187.837,580.885
39.2047,378.302,183.784,562.086
39.2247,383.499,186.88,570.379
39.2447,383.68,185.637,569.317
39.2647,382.42,184.709,567.129
39.2847,377.855,182.884,560.739
39.3047,383.431,185.63,569.061
39.3247,380.294,184.719,565.014
39.3447,386.177,188.619,574.796
39.3647,384.902,185.545,570.447
39.3847,377.298,185.194,562.492
39.4047,374.792,182.239,557.031
39.4247,386.695,187.932,574.626
39.4447,376.57,181.454,558.024
39.4647,389.624,188.532,578.157
39.4847,374.404,184.255,558.659
39.5047,381.567,184.605,566.172
39.5247,380.809,184.888,565.697
39.5447,381.069,184.011,565.08
39.5647,370.095,181.265,551.36
39.5847,389.864,185.237,575.102
39.6047,373.688,182.939,556.627
39.6247,372.687,181.566,554.252
39.6447,379.363,184.229,563.592
39.6647,379.817,182.345,562.161
39.6847,375.445,183.988,559.434
39.7047,382.876,184.446,567.322
39.7247,379.787,184.305,564.092
39.7447,371.433,181.06,552.493
39.7647,376.769,182.28,559.049
39.7847,381.637,183.978,565.615
39.8047,377.25,184.345,561.595
39.8247,370.096,179.893,549.989
39.8447,368.393,182.013,550.406
39.8647,381.062,182,563.062
39.8847,383.087,184.987,568.073
39.9047,375.889,183.522,559.411
39.9247,372.628,182.427,555.054
39.9447,373.549,182.895,556.444
39.9647,370.13,180.79,550.92
39.9847,371.895,181.733,553.628
40.0047,381.423,184.173,565.596
40.0247,367.793,180.375,548.168
40.0447,378.143,184.796,562.939
40.0647,371.67,180.4,552.07
40.0847,366.878,181.661,548.539
40.1047,377.605,185.128,562.733
40.1247,372.954,181.847,554.801
40.1447,368.557,180.466,549.023
40.1647,374.724,183.293,558.017
40.1847,373.322,183.004,556.326
40.2047,369.987,181.338,551.325
40.2247,371.035,181.431,552.466
40.2447,375.214,184.835,560.049
40.2647,370.539,180.192,550.731
40.2847,370.711,180.178,550.889
40.3047,369.955,183.383,553.338
40.3247,367.656,180.101,547.757
40.3447,372.807,182.137,554.944
40.3647,360.346,178.965,539.311
40.3847,372.349,184.396,556.745
40.4047,371.556,181.045,552.601
40.4247,374.124,181.798,555.923
40.4447,365.198,178.626,543.824
40.4647,367.883,180.959,548.841
40.4847,371.711,180.43,552.142
40.5047,367.996,182.847,550.843
40.5247,368.926,181.911,550.837
40.5447,367.462,178.32,545.782
40.5647,372.76,180.838,553.599
40.5847,364.704,180.116,544.82
40.6047,368.927,182.466,551.393
40.6247,362.435,177.17,539.605
40.6447,368.632,181.39,550.023
40.6647,366.441,180.875,547.317
40.6847,368.235,180.708,548.943
40.7047,364.67,179.193,543.863
40.7247,370.405,181.467,551.871
40.7447,365.12,179.662,544.782
40.7647,366.434,180.511,546.946
40.7847,367.01,181.012,548.022
40.8047,364.821,177.867,542.688
40.8247,363.971,179.22,543.191
40.8447,364.921,180.014,544.936
40.8647,361.778,180.17,541.948
40.8847,362.122,178.89,541.012
40.9047,358.246,178.251,536.497
40.9247,367.904,182.659,550.563
40.9447,362.988,179.046,542.035
40.9647,362.018,178.768,540.785
40.9847,361.142,178.218,539.36
41.0047,363.834,177.49,541.324
41.0247,363.061,181.098,544.158
41.0447,359.235,178.647,537.882
41.0647,360.979,178.814,539.793
41.0847,363.432,177.674,541.106
41.1047,357.829,174.581,532.409
41.1247,363.163,180.657,543.82
41.1447,354.648,177.08,531.727
41.1647,362.659,179.462,542.12
41.1847,362.274,177.627,539.902
41.2047,357.723,178.945,536.668
41.2247,366.129,180.174,546.304
41.2447,357.082,179.157,536.239
41.2647,355.521,177.817,533.338
41.2847,359.233,177.272,536.505
41.3047,359.434,174.626,534.059
41.3247,358.126,177.775,535.901
41.3447,361.705,180.478,542.183
41.3647,360.091,178.66,538.751
41.3847,361.371,178.44,539.811
41.4047,356.957,175.021,531.978
41.4247,362.456,180.052,542.507
41.4447,351.597,175.38,526.977
41.4647,367.371,178.496,545.867
41.4847,353.338,175.936,529.275
41.5047,352.672,176.667,529.34
41.5247,356.205,176.108,532.313
41.5447,357.556,178.612,536.168
41.5647,357.146,175.221,532.367
41.5847,355.347,178.136,533.483
41.6047,355.589,177.512,533.101
41.6247,354.968,175.016,529.984
41.6447,356.187,175.751,531.938
41.6647,357.148,176.609,533.757
41.6847,352.127,175.805,527.932
41.7047,354.158,176.894,531.052
41.7247,348.205,175.454,523.659
41.7447,357.146,173.886,531.031
41.7647,353.903,175.396,529.3
41.7847,352.185,174.514,526.699
41.8047,353.877,177.212,531.088
41.8247,358.298,175.962,534.261
41.8447,351.963,176.541,528.504
41.8647,348.549,175.448,523.997
41.8847,352.998,177.216,530.214
41.9047,350.032,175.363,525.395
41.9247,353.402,175.826,529.228
41.9447,350.768,175.033,525.801
41.9647,350.523,174.681,525.204
41.9847,349.397,176.035,525.432
42.0047,351.043,177.459,528.502
42.0247,357.819,175.508,533.327
42.0447,347.286,174.776,522.063
42.0647,351.419,174.733,526.152
42.0847,348.806,176.833,525.64
42.1047,352.612,174.632,527.243
42.1247,344.854,171.308,516.162
42.1447,351.946,174.777,526.724
42.1647,350.016,178.078,528.094
42.1847,348.116,174.179,522.294
42.2047,348.528,176.424,524.952
42.2247,354.736,174.729,529.464
42.2447,346.742,174.039,520.78
42.2647,351.475,177.393,528.868
42.2847,343.018,173.602,516.62
42.3047,353.402,174.265,527.667
42.3247,348.04,176.369,524.409
42.3447,346.353,171.189,517.542
42.3647,342.658,173.503,516.161
42.3847,345.465,170.884,516.349
42.4047,350.451,175.581,526.032
42.4247,345.312,171.479,516.792
42.4447,347.409,175.064,522.473
42.4647,341.851,173.266,515.116
42.4847,343.942,174.252,518.194
42.5047,347.925,173.155,521.08
42.5247,343.522,170.926,514.449
42.5447,347.895,174.515,522.41
42.5647,347.879,176.319,524.197
42.5847,340.956,173.4,514.356
42.6047,341.113,173.663,514.775
42.6247,348.664,176.008,524.672
42.6447,342.193,172.658,514.852
42.6647,338.421,172.944,511.365
42.6847,349.199,175.85,525.048
42.7047,345.783,172.917,518.7
42.7247,343.554,172.531,516.085
42.7447,337.972,170.126,508.098
42.7647,344.972,173.523,518.495
42.7847,342.993,173.981,516.974
42.8047,334.275,172.19,506.464
42.8247,348.288,176.149,524.437
42.8447,338.396,172.407,510.803
42.8647,344.435,172.471,516.905
42.8847,341.372,171.413,512.785
42.9047,340.566,171.861,512.426
42.9247,340.879,173.843,514.722
42.9447,341.4,172.043,513.443
42.9647,338.471,174.641,513.112
42.9847,342.069,172.533,514.603
43.0047,336.145,172.111,508.256
43.0247,337.231,171.376,508.607
43.0447,337.154,170.298,507.451
43.0647,341.192,171.897,513.088
43.0847,338.187,173.403,511.59
43.1047,335.436,170.922,506.358
43.1247,336.847,170.157,507.005
43.1447,335.037,172.2,507.237
43.1647,345.382,174.151,519.533
43.1847,335.748,170.564,506.312
43.2047,337.042,170.548,507.59
43.2247,337.006,171.997,509.003
43.2447,340.432,171.295,511.727
43.2647,338.751,169.482,508.233
43.2847,336.802,171.01,507.813
43.3047,336.55,169.829,506.379
43.3247,336.57,168.063,504.632
43.3447,339.111,170.993,510.104
43.3647,339.67,172.673,512.343
43.3847,330.282,168.756,499.038
43.4047,336.627,170.95,507.576
43.4247,332.441,168.551,500.992
43.4447,335.036,171.665,506.701
43.4647,336.609,169.998,506.607
43.4847,333.667,168.487,502.153
43.5047,326.52,168.859,495.379
43.5247,343.386,173.132,516.518
43.5447,336.372,169.943,506.315
43.5647,331.636,170.4,502.035
43.5847,327.885,168.111,495.996
43.6047,338.564,170.159,508.723
43.6247,330.473,168.481,498.954
43.6447,329.808,169.615,499.424
43.6647,335.614,171.061,506.675
43.6847,334.801,172.044,506.846
43.7047,334.22,171.244,505.463
43.7247,333.866,170.472,504.338
43.7447,327.823,168.6,496.424
43.7647,334.77,172.412,507.182
43.7847,328.655,168.735,497.39
43.8047,334.195,170.446,504.642
43.8247,329.264,171.325,500.59
43.8447,327.551,167.878,495.429
43.8647,331.49,169.468,500.958
43.8847,328.776,169.004,497.78
43.9047,334.907,170.358,505.265
43.9247,328.142,168.194,496.336
43.9447,329.151,167.692,496.843
43.9647,326.551,169.74,496.291
43.9847,329.7,169.956,499.656
44.0047,328.517,167.705,496.222
44.0247,324.357,167.033,491.391
44.0447,331.967,169.724,501.691
44.0647,323.199,166.964,490.163
44.0847,332.801,169.771,502.572
44.1047,327.549,168.708,496.256
44.1247,330.618,168.536,499.154
44.1447,325.679,166.523,492.202
44.1647,325.93,167.137,493.067
44.1847,330.548,170.796,501.343
44.2047,322.552,165.243,487.795
44.2247,328.664,167.712,496.376
44.2447,325.97,167.8,493.77
44.2647,334.612,171.236,505.848
44.2847,323.555,165.04,488.595
44.3047,325.627,166.623,492.25
44.3247,325.747,167.547,493.294
44.3447,326.127,165.494,491.621
44.3647,325.536,167.5,493.036
44.3847,326.328,168.809,495.137
44.4047,325.79,168.36,494.15
44.4247,318.818,163.539,482.357
44.4447,318.715,166.788,485.503
44.4647,327.85,167.582,495.431
44.4847,317.453,164.148,481.601
44.5047,334.971,172.269,507.239
44.5247,318.642,166.577,485.219
44.5447,326.801,167.857,494.658
44.5647,314.449,161.866,476.315
44.5847,327.402,166.907,494.309
44.6047,317.544,167.353,484.897
44.6247,325.436,169.548,494.984
44.6447,321.748,164.715,486.462
44.6647,321.702,166.465,488.168
44.6847,325.077,167.931,493.008
44.7047,327.39,166.984,494.374
44.7247,313.393,164.834,478.227
44.7447,326.875,169.038,495.914
44.7647,314.657,164.113,478.77
44.7847,325.431,166.235,491.666
44.8047,324.345,166.035,490.38
44.8247,326.501,168.95,495.451
44.8447,320.309,165.621,485.931
44.8647,321.184,165.347,486.532
44.8847,318.011,165.486,483.497
44.9047,321.058,166.615,487.674
44.9247,318.924,166.366,485.29
44.9447,317.201,163.259,480.459
44.9647,316.985,165.184,482.168
44.9847,311.794,165.4,477.194
45.0047,318.287,164.87,483.157
45.0247,318.993,165.592,484.584
45.0447,311.064,162.159,473.223
45.0647,318.45,166.502,484.952
45.0847,320.786,166.175,486.961
45.1047,317.567,165.904,483.471
45.1247,311.062,165.006,476.068
45.1447,326.541,166.084,492.625
45.1647,310.544,163.479,474.023
45.1847,318.249,165.839,484.088
45.2047,314.175,162.593,476.768
45.2247,317.526,165.203,482.728
45.2447,312.323,164.391,476.714
45.2647,319.356,168.461,487.818
45.2847,313.177,162.906,476.082
45.3047,317.274,165.689,482.963
45.3247,311.243,164.947,476.189
45.3447,317.753,166.133,483.886
45.3647,313.658,162.519,476.177
45.3847,315.337,163.943,479.28
45.4047,308.694,162.563,471.257
45.4247,318.862,164.716,483.577
45.4447,310.794,163.758,474.552
45.4647,313.986,163.832,477.818
45.4847,310.689,159.897,470.585
45.5047,317.581,165.437,483.018
45.5247,311.512,164.631,476.143
45.5447,315.482,165.59,481.072
45.5647,313.87,163.294,477.164
45.5847,313.436,164.145,477.581
45.6047,314.402,161.032,475.434
45.6247,312.184,162.276,474.46
45.6447,311.251,162.586,473.836
45.6647,310.123,163.459,473.582
45.6847,309.149,161.763,470.912
45.7047,312.762,162.898,475.66
45.7247,305.816,160.237,466.053
45.7447,313.076,163.994,477.07
45.7647,315.58,163.471,479.051
45.7847,311.805,162.36,474.166
45.8047,310.103,161.725,471.828
45.8247,312.058,164.076,476.134
45.8447,301.903,158.963,460.865
45.8647,316.792,164.258,481.05
45.8847,306.574,160.576,467.151
45.9047,305.912,162.191,468.103
45.9247,311.632,165.608,477.24
45.9447,311.447,164.393,475.841
45.9647,303.278,160.74,464.018
45.9847,313.145,162.771,475.916
46.0047,304.894,162.117,467.011
46.0247,312.801,164.15,476.951
46.0447,308.467,162.55,471.018
46.0647,305.319,160.117,465.436
46.0847,305.908,161.598,467.506
46.1047,300.215,160.931,461.146
46.1247,311.412,165.137,476.548
46.1447,307.986,162.274,470.26
46.1647,305.36,163.442,468.802
46.1847,305.27,161.458,466.729
46.2047,307.305,161.075,468.38
46.2247,305.938,159.608,465.546
46.2447,303.067,159.289,462.356
46.2647,306.396,161.274,467.67
46.2847,309.832,163.37,473.202
46.3047,302.467,161.527,463.994
46.3247,301.104,159.924,461.027
46.3447,301.34,158.91,460.251
46.3647,303.041,161.375,464.417
46.3847,314.455,164.203,478.657
46.4047,302.523,161.847,464.37
46.4247,303.004,160.333,463.337
46.4447,295.974,158.369,454.343
46.4647,313.613,164.968,478.582
46.4847,293.715,158.645,452.36
46.5047,305.565,161.861,467.426
46.5247,297.442,159.745,457.187
46.5447,307.305,161.412,468.717
46.5647,296.323,157.021,453.344
46.5847,304.292,160.378,464.67
46.6047,301.241,160.361,461.602
46.6247,301.184,159.163,460.347
46.6447,304.177,162.221,466.398
46.6647,305.388,159.72,465.108
46.6847,299.225,158.635,457.86
46.7047,304.903,161.028,465.931
46.7247,296.201,159.225,455.426
46.7447,303.83,160.104,463.934
46.7647,298.722,159.562,458.284
46.7847,301.584,160.434,462.019
46.8047,297.834,157.274,455.108
46.8247,300.71,160.238,460.948
46.8447,304.206,161.207,465.413
46.8647,300.008,157.2,457.208
46.8847,298.652,159.75,458.402
46.9047,297.591,160.298,457.89
46.9247,300.992,158.303,459.295
46.9447,296.2,155.995,452.194
46.9647,296.996,159.066,456.062
46.9847,300.256,159.623,459.879
47.0047,301.608,158.449,460.057
47.0247,296.215,158.572,454.786
47.0447,302.536,161.131,463.667
47.0647,295.679,158.873,454.552
47.0847,300.78,160.374,461.155
47.1047,296.982,158.098,455.08
47.1247,294.453,157.937,452.39
47.1447,305.574,161.594,467.168
47.1647,291.096,156.504,447.6
47.1847,297.448,157.866,455.314
47.2047,293.708,159.196,452.904
47.2247,296.045,156.991,453.036
47.2447,288.425,153.67,442.094
47.2647,300.813,159.828,460.64
47.2847,292.436,156.697,449.133
47.3047,296.565,157.395,453.96
47.3247,292.237,156.259,448.496
47.3447,295.392,157.524,452.917
47.3647,291.506,158.497,450.003
47.3847,294.555,158.544,453.099
47.4047,294.599,157.247,451.846
47.4247,300.672,157.81,458.482
47.4447,292.035,154.976,447.011
47.4647,295.169,156.575,451.745
47.4847,286.221,154.176,440.397
47.5047,296.224,159.188,455.412
47.5247,292.038,156.784,448.822
47.5447,294.559,154.734,449.293
47.5647,294.765,157.788,452.553
47.5847,292.175,156.065,448.24
47.6047,296.117,158.374,454.491
47.6247,291.611,155.71,447.321
47.6447,293.843,157.292,451.135
47.6647,287.914,155.855,443.769
47.6847,292.451,156.651,449.102
47.7047,289.732,155.991,445.724
47.7247,291.869,155.702,447.572
47.7447,293.314,155.657,448.971
47.7647,290.789,154.212,445.001
47.7847,290.093,153.888,443.981
47.8047,288.498,151.934,440.431
47.8247,289.321,155.966,445.287
47.8447,293.984,158.736,452.72
47.8647,292.351,156.423,448.774
47.8847,284.151,156.012,440.163
47.9047,297.519,158.97,456.489
47.9247,287.259,154.192,441.451
47.9447,286.293,154.827,441.12
47.9647,288.767,154.357,443.124
47.9847,291.595,155.316,446.911
48.0047,287.332,154.348,441.68
48.0247,290.462,156.621,447.083
48.0447,291.258,156.503,447.761
48.0647,290.845,154.898,445.743
48.0847,289.922,156.314,446.236
48.1047,282.896,152.762,435.657
48.1247,287.744,154.326,442.07
48.1447,288.97,154.198,443.167
48.1647,287.003,153.828,440.831
48.1847,284.965,155.036,440.001
48.2047,287.399,156.434,443.833
48.2247,282.974,152.137,435.111
48.2447,283.472,152.6,436.072
48.2647,287.411,154.404,441.815
48.2847,287.277,154.355,441.632
48.3047,279.905,152.562,432.467
48.3247,286.3,154.303,440.603
48.3447,286.58,153.668,440.249
48.3647,284.398,154.973,439.371
48.3847,284.607,155.158,439.765
48.4047,284.167,154.668,438.835
48.4247,287.862,155.249,443.111
48.4447,288.154,154.218,442.372
48.4647,280.022,153.198,433.22
48.4847,281.492,154.575,436.067
48.5047,275.427,150.73,426.157
48.5247,289.37,154.438,443.808
48.5447,284.187,151.778,435.965
48.5647,288.713,154.946,443.659
48.5847,282.284,152.444,434.728
48.6047,279.04,152.901,431.941
48.6247,282.944,152.55,435.494
48.6447,280.902,152.153,433.055
48.6647,280.514,154.381,434.895
48.6847,279.276,151.834,431.11
48.7047,282.299,153.405,435.704
48.7247,284.347,152.915,437.263
48.7447,285.531,154.506,440.036
48.7647,277.53,150.962,428.493
48.7847,283.697,152.149,435.846
48.8047,274.869,149.58,424.448
48.8247,278.99,149.717,428.706
48.8447,283.109,152.969,436.078
48.8647,280.148,152.012,432.16
48.8847,277.736,150.363,428.1
48.9047,281.889,153.851,435.74
48.9247,274.891,149.655,424.545
48.9447,281.055,152.814,433.869
48.9647,281.797,154.239,436.036
48.9847,279.555,151.741,431.297
49.0047,276.5,149.008,425.508
49.0247,281.949,152.349,434.299
49.0447,280.093,151.244,431.337
49.0647,275.455,150.363,425.818
49.0847,283.702,151.839,435.542
49.1047,269.087,149.611,418.698
49.1247,279.274,151.806,431.08
49.1447,278.048,150.96,429.009
49.1647,277.159,153.144,430.303
49.1847,276.626,150.629,427.255
49.2047,282.104,152.879,434.983
49.2247,269.959,149.422,419.381
49.2447,278.413,151.871,430.284
49.2647,275.379,150.362,425.741
49.2847,278.505,150.571,429.076
49.3047,274.555,151.79,426.345
49.3247,275.987,149.923,425.911
49.3447,275.864,149.51,425.374
49.3647,278.885,152.832,431.717
49.3847,271.567,149.381,420.948
49.4047,272.586,150.967,423.553
49.4247,271.406,150.695,422.1
49.4447,278.008,154.058,432.066
49.4647,265.816,147.541,413.357
49.4847,279.661,153.027,432.688
49.5047,268.462,146.84,415.301
49.5247,278.956,151.458,430.414
49.5447,276.25,151.01,427.259
49.5647,267.974,150.066,418.04
49.5847,271.229,148.772,420.001
49.6047,277.925,151.839,429.763
49.6247,269.671,147.698,417.369
49.6447,271.928,150.443,422.371
49.6647,271.028,148.722,419.749
49.6847,275.167,148.783,423.95
49.7047,270.922,148.203,419.125
49.7247,269.335,146.607,415.942
49.7447,274.254,150.553,424.807
49.7647,279.191,152.387,431.578
49.7847,267.945,148.299,416.244
49.8047,270.232,145.991,416.223
49.8247,270.103,149.396,419.499
49.8447,271.162,148.799,419.96
49.8647,269.16,147.811,416.971
49.8847,269.943,146.402,416.345
49.9047,274.011,148.615,422.626
49.9247,270.709,148.15,418.859
49.9447,267.348,146.526,413.874
49.9647,267.391,149.921,417.312
49.9847,269.904,145.964,415.868
50.0047,271.385,149.055,420.44
50.0247,269.545,149.111,418.656
50.0447,268.225,146.816,415.041
50.0647,264.734,147.058,411.791
50.0847,264.278,146.85,411.128
50.1047,271.587,147.748,419.334
50.1247,267.072,148.612,415.684
50.1447,270.465,147.348,417.813
50.1647,263.911,147.184,411.095
50.1847,262.519,146.163,408.683
50.2047,272.231,149.225,421.456
50.2247,264.527,144.898,409.426
50.2447,266.979,146.661,413.64
50.2647,268.682,148.064,416.746
50.2847,266.891,146.684,413.575
50.3047,267.376,145.247,412.622
50.3247,271.497,147.941,419.438
50.3447,263.26,145.826,409.085
50.3647,263.921,144.77,408.691
50.3847,263.883,146.362,410.245
50.4047,271.03,147.945,418.976
50.4247,261.553,145.465,407.018
50.4447,266.598,146.598,413.197
50.4647,262.811,145.917,408.728
50.4847,262.258,147.01,409.268
50.5047,268.909,147.295,416.204
50.5247,262.17,145.573,407.742
50.5447,268.743,147.981,416.724
50.5647,258.792,144.421,403.213
50.5847,262.57,146.701,409.271
50.6047,261.328,147.576,408.904
50.6247,264.432,147.402,411.834
50.6447,262.318,143.855,406.172
50.6647,265.941,147.237,413.177
50.6847,261.551,146.411,407.962
50.7047,262.035,146.338,408.373
50.7247,261.856,145.057,406.913
50.7447,263.537,144.632,408.169
50.7647,261.907,144.314,406.221
50.7847,269.563,145.666,415.228
50.8047,260.695,144.666,405.361
50.8247,265.994,146.561,412.555
50.8447,257.587,144.555,402.141
50.8647,260.611,143.417,404.028
50.8847,259.195,144.951,404.146
50.9047,258.557,142.892,401.448
50.9247,263.751,145.198,408.949
50.9447,257.296,143.995,401.291
50.9647,256.939,144.143,401.082
50.9847,263.568,145.137,408.705
51.0047,254.936,143.55,398.486
51.0247,259.027,143.931,402.959
51.0447,261.221,145.15,406.371
51.0647,254.574,143.15,397.725
51.0847,262.896,146.189,409.084
51.1047,262.176,143.885,406.061
51.1247,257.68,144.154,401.833
51.1447,256.98,144.238,401.217
51.1647,255.008,143.837,398.845
51.1847,261.711,146.552,408.264
51.2047,255.679,140.927,396.605
51.2247,259.171,143.433,402.604
51.2447,257.52,143.456,400.976
51.2647,259.208,143.943,403.151
51.2847,257.936,144.012,401.948
51.3047,258.945,143.755,402.7
51.3247,252.752,141.396,394.148
51.3447,255.933,143.82,399.753
51.3647,257.87,142.98,400.851
51.3847,256.035,143.022,399.056
51.4047,255.623,142.382,398.005
51.4247,250.47,141.833,392.303
51.4447,256.877,141.541,398.418
51.4647,256.54,143.752,400.292
51.4847,255.295,141.858,397.153
51.5047,255.978,141.762,397.739
51.5247,257.538,143.376,400.914
51.5447,253.933,142.456,396.389
51.5647,257.806,143.305,401.11
51.5847,248.033,138.616,386.649
51.6047,254.209,142.344,396.553
51.6247,256.659,143.773,400.432
51.6447,251.043,140.502,391.546
51.6647,252.784,142.689,395.473
51.6847,254.203,140.275,394.478
51.7047,252.991,142.811,395.802
51.7247,254.708,141.578,396.286
51.7447,251.631,140.788,392.419
51.7647,255.488,141.911,397.399
51.7847,250.154,140.598,390.752
51.8047,256.975,142.227,399.203
51.8247,246.768,139.31,386.078
51.8447,251.239,141.711,392.95
51.8647,251.936,142.808,394.745
51.8847,253.182,142.133,395.315
51.9047,250.532,140.7,391.232
51.9247,248.549,140.633,389.183
51.9447,256.084,140.604,396.688
51.9647,252.069,140.696,392.765
51.9847,246.364,140.188,386.552
52.0047,249.018,140.623,389.641
52.0247,251.377,141.143,392.52
52.0447,247.924,140.186,388.11
52.0647,247.858,139.916,387.775
52.0847,249.048,140.967,390.015
52.1047,251.618,140.171,391.789
52.1247,246.635,143.041,389.676
52.1447,251.725,142.285,394.011
52.1647,248.624,138.626,387.25
52.1847,249.39,139.313,388.703
52.2047,249.593,139.914,389.507
52.2247,250.111,140.806,390.917
52.2447,247.776,140.709,388.485
52.2647,252.347,140.852,393.199
52.2847,248.769,139.45,388.219
52.3047,244.514,138.295,382.81
52.3247,249.952,140.617,390.569
52.3447,243.676,139.865,383.541
52.3647,249.273,139.398,388.671
52.3847,246.109,139.739,385.848
52.4047,244.043,138.304,382.347
52.4247,252.775,138.985,391.76
52.4447,243.761,138.483,382.244
52.4647,247.941,140.154,388.096
52.4847,244.231,139.041,383.272
52.5047,245.265,140.376,385.642
52.5247,244.622,138.214,382.836
52.5447,244.565,137.533,382.097
52.5647,248.208,138.838,387.046
52.5847,242.808,138.093,380.9
52.6047,246.33,139.172,385.502
52.6247,243.946,139.553,383.499
52.6447,246.643,138.106,384.749
52.6647,248.18,138.595,386.775
52.6847,242.725,137.24,379.964
52.7047,242.465,137.324,379.789
52.7247,244.778,139.095,383.873
52.7447,240.236,136.632,376.868
52.7647,247.05,140.486,387.536
52.7847,244.868,138.091,382.959
52.8047,247.561,139.305,386.866
52.8247,241.445,137.386,378.831
52.8447,243.085,138.32,381.405
52.8647,246.961,139.224,386.185
52.8847,242.353,136.865,379.218
52.9047,240.284,136.737,377.02
52.9247,246.12,139.758,385.878
52.9447,237.018,135.844,372.861
52.9647,244.355,139.333,383.688
52.9847,241.904,136.255,378.159
53.0047,238.01,136.286,374.296
53.0247,242.94,137.52,380.461
53.0447,242.304,136.947,379.251
53.0647,238.606,136.821,375.427
53.0847,240.431,137.354,377.785
53.1047,242.542,136.504,379.046
53.1247,241.451,136.641,378.093
53.1447,241.341,137.888,379.228
53.1647,241.874,135.648,377.521
53.1847,236.876,136.322,373.198
53.2047,241.583,136.333,377.916
53.2247,239.96,135.787,375.747
53.2447,239.295,138.016,377.311
53.2647,239.803,138.383,378.186
53.2847,239.087,136.309,375.396
53.3047,234.66,133.809,368.469
53.3247,239.023,137.286,376.309
53.3447,237.984,136.786,374.77
53.3647,236.157,134.512,370.67
53.3847,238.427,136.685,375.112
53.4047,241.067,137.152,378.218
53.4247,234.966,134.638,369.604
53.4447,242.02,136.496,378.515
53.4647,236.683,135.775,372.457
53.4847,236.478,133.791,370.269
53.5047,238.934,137.346,376.28
53.5247,235.866,135.648,371.515
53.5447,236.815,135.9,372.715
53.5647,236.682,135.268,371.949
53.5847,239.909,136.513,376.421
53.6047,232.894,133.242,366.136
53.6247,238.286,134.363,372.649
53.6447,236.48,135.676,372.155
53.6647,234.345,133.434,367.779
53.6847,237.586,137.28,374.866
53.7047,230.994,133.771,364.765
53.7247,233.007,135.43,368.437
53.7447,235.857,133.915,369.772
53.7647,236.018,134.409,370.427
53.7847,236.024,134.463,370.487
53.8047,237.836,135.521,373.357
53.8247,233.057,133.977,367.034
53.8447,236.051,135.192,371.243
53.8647,233.404,133.293,366.697
53.8847,233.303,135.853,369.155
53.9047,231.231,132.804,364.035
53.9247,233.007,134.43,367.436
53.9447,232.355,132.908,365.264
53.9647,233.2,135.486,368.686
53.9847,229.198,133.819,363.017
54.0047,232.626,136.331,368.958
54.0247,232.221,132.492,364.713
54.0447,236.844,135.433,372.277
54.0647,229.12,131.144,360.264
54.0847,234.845,133.594,368.44
54.1047,233.014,134.251,367.265
54.1247,229.509,133.94,363.448
54.1447,227.967,131.657,359.624
54.1647,232.415,134.295,366.71
54.1847,231.152,133.808,364.96
54.2047,229.229,132.453,361.682
54.2247,232.064,133.922,365.986
54.2447,227.299,130.099,357.398
54.2647,234.332,134.919,369.251
54.2847,227.185,131.602,358.787
54.3047,233.609,134.981,368.591
54.3247,227.389,131.439,358.828
54.3447,235.625,134.408,370.033
54.3647,228.047,130.821,358.867
54.3847,229.655,131.324,360.979
54.4047,229.67,131.285,360.956
54.4247,225.995,130.117,356.112
54.4447,228.775,132.105,360.879
54.4647,227.721,131.168,358.889
54.4847,230.087,132.061,362.148
54.5047,230.122,133.175,363.297
54.5247,230.685,131.122,361.807
54.5447,231.51,132.724,364.235
54.5647,227.62,129.813,357.434
54.5847,228.321,130.959,359.28
54.6047,227.315,131.779,359.094
54.6247,228.563,131.66,360.223
54.6447,223.798,128.94,352.738
54.6647,226.666,131.423,358.089
54.6847,229.019,131.5,360.518
54.7047,229.479,131.474,360.952
54.7247,226.392,130.27,356.662
54.7447,223.18,130.72,353.9
54.7647,227.738,130.349,358.087
54.7847,228.418,130.989,359.407
54.8047,223.177,129.122,352.299
54.8247,229.889,131.67,361.559
54.8447,224.666,130.032,354.698
54.8647,230.548,133.186,363.734
54.8847,222.374,130.129,352.503
54.9047,224.128,131.473,355.6
54.9247,225.2,130.541,355.741
54.9447,220.982,130.025,351.007
54.9647,228.583,131.232,359.815
54.9847,223.525,129.504,353.029
55.0047,229.863,130.839,360.702
55.0247,222.59,131.087,353.677
55.0447,218.912,128.821,347.734
55.0647,220.587,129.19,349.777
55.0847,223.676,128.507,352.183
55.1047,224.955,129.997,354.952
55.1247,226.084,130.101,356.184
55.1447,220.394,129.259,349.653
55.1647,221.852,130.511,352.364
55.1847,223.652,129.283,352.935
55.2047,220.95,129.99,350.94
55.2247,222.76,129.405,352.165
55.2447,222.728,130.33,353.058
55.2647,227.187,130.902,358.089
55.2847,217.888,127.068,344.956
55.3047,222.353,129.448,351.801
55.3247,223.773,127.564,351.336
55.3447,223.86,128.896,352.756
55.3647,220.212,127.126,347.338
55.3847,220.097,128.838,348.934
55.4047,219.968,129.144,349.112
55.4247,223.119,129.782,352.901
55.4447,217.392,128.25,345.642
55.4647,216.14,126.926,343.066
55.4847,222.064,128.808,350.872
55.5047,216.442,127.603,344.045
55.5247,220.892,128.376,349.267
55.5447,215.76,126.623,342.384
55.5647,219.514,127.904,347.418
55.5847,223.394,130.186,353.58
55.6047,218.235,127.022,345.257
55.6247,219.263,126.575,345.838
55.6447,221.874,128.061,349.935
55.6647,216.186,127.079,343.265
55.6847,216.922,128.023,344.945
55.7047,219.801,128.641,348.442
55.7247,217.461,126.915,344.375
55.7447,218.995,127.183,346.177
55.7647,217.108,126.688,343.797
55.7847,220.542,128.344,348.886
55.8047,215.898,125.711,341.609
55.8247,216.236,127.483,343.719
55.8447,216.144,127.113,343.258
55.8647,217.388,126.284,343.672
55.8847,213.994,126.578,340.572
55.9047,217.211,126.507,343.718
55.9247,216.764,125.908,342.672
55.9447,218.808,126.377,345.185
55.9647,215.841,125.208,341.049
55.9847,217.334,127.451,344.785
56.0047,218.004,126.068,344.072
56.0247,210.803,124.884,335.687
56.0447,214.689,127.347,342.036
56.0647,213.392,125.644,339.036
56.0847,217.695,125.765,343.46
56.1047,215.239,125.267,340.506
56.1247,214.128,126.389,340.517
56.1447,214.193,126.428,340.622
56.1647,214.092,125.255,339.347
56.1847,219.513,126.74,346.253
56.2047,210.456,124.904,335.36
56.2247,215.333,125.842,341.175
56.2447,210.125,124.277,334.402
56.2647,209.549,123.798,333.347
56.2847,214.359,124.27,338.628
56.3047,210.779,125.641,336.42
56.3247,214.903,126.255,341.158
56.3447,213.86,125.056,338.916
56.3647,211.838,124.941,336.78
56.3847,215.653,125.407,341.06
56.4047,213.945,125.005,338.95
56.4247,211.777,124.503,336.28
56.4447,211.419,124.443,335.862
56.4647,213.528,125.687,339.214
56.4847,213.322,124.572,337.895
56.5047,206.374,122.776,329.151
56.5247,211.486,125.54,337.026
56.5447,210.327,124.283,334.611
56.5647,212.772,125.726,338.498
56.5847,206.342,123.873,330.214
56.6047,210.105,123.951,334.056
56.6247,207.167,121.401,328.568
56.6447,209.358,123.396,332.754
56.6647,211.687,123.621,335.307
56.6847,211.631,124.51,336.141
56.7047,207.269,123.131,330.399
56.7247,210.602,124.145,334.747
56.7447,211.058,124.416,335.475
56.7647,207.777,122.671,330.448
56.7847,211.02,123.816,334.836
56.8047,208.379,123.34,331.719
56.8247,210.264,124.856,335.12
56.8447,206.911,123.512,330.423
56.8647,208.297,123.213,331.51
56.8847,209.005,122.703,331.707
56.9047,205.286,121.107,326.393
56.9247,210.119,122.194,332.313
56.9447,207.035,122.091,329.127
56.9647,209.021,121.363,330.384
56.9847,207.003,122.598,329.601
57.0047,208.633,122.452,331.086
57.0247,209.567,122.363,331.931
57.0447,207.811,121.139,328.951
57.0647,204.984,120.56,325.544
57.0847,204.522,121.807,326.329
57.1047,208.371,122.485,330.856
57.1247,210.483,122.731,333.215
57.1447,202.629,120.525,323.154
57.1647,206.184,120.054,326.238
57.1847,205.334,122.013,327.347
57.2047,203.425,120.782,324.207
57.2247,206.802,121.432,328.234
57.2447,205.427,121.569,326.996
57.2647,206.843,121.724,328.567
57.2847,202.998,121.672,324.67
57.3047,204.861,121.429,326.29
57.3247,206.899,121.737,328.636
57.3447,202.896,120.04,322.936
57.3647,206.551,122.246,328.797
57.3847,202.336,118.591,320.927
57.4047,201.881,120.838,322.718
57.4247,205.422,122.349,327.771
57.4447,201.143,120.024,321.167
57.4647,203.718,121.587,325.305
57.4847,203.459,121.377,324.836
57.5047,200.577,119.82,320.397
57.5247,203.149,120.718,323.866
57.5447,202.095,119.841,321.936
57.5647,201.067,118.81,319.878
57.5847,204.013,120.55,324.563
57.6047,200.859,119.897,320.756
57.6247,199.5,118.212,317.712
57.6447,204.271,119.828,324.099
57.6647,199.848,119.042,318.89
57.6847,201.429,120.513,321.942
57.7047,200.443,118.879,319.322
57.7247,200.181,118.442,318.623
57.7447,203.535,120.559,324.095
57.7647,202.015,119.288,321.302
57.7847,199.422,118.28,317.702
57.8047,200.762,118.558,319.321
57.8247,197.689,119.604,317.293
57.8447,203.757,119.37,323.127
57.8647,197.263,119.251,316.514
57.8847,198.332,120.003,318.334
57.9047,200.392,118.267,318.659
57.9247,200.766,118.142,318.909
57.9447,198.94,118.524,317.464
57.9647,197.813,117.935,315.748
57.9847,201.111,118.832,319.943
58.0047,196.125,117.226,313.351
58.0247,202.73,118.077,320.807
58.0447,196.743,118.923,315.666
58.0647,198.517,118.82,317.337
58.0847,197.183,118.103,315.286
58.1047,198.209,118.737,316.945
58.1247,196.72,117.369,314.089
58.1447,192.753,116.862,309.616
58.1647,197.009,116.68,313.688
58.1847,196.141,116.008,312.149
58.2047,204.125,119.989,324.113
58.2247,192.682,115.694,308.375
58.2447,194.951,117.929,312.88
58.2647,192.171,115.257,307.428
58.2847,195.782,118.083,313.865
58.3047,196.033,116.288,312.32
58.3247,196.783,118.181,314.963
58.3447,194.02,117.474,311.494
58.3647,196.379,118.335,314.714
58.3847,192.538,116.129,308.667
58.4047,197.47,117.092,314.561
58.4247,196.171,117.379,313.55
58.4447,191.789,115.839,307.628
58.4647,193.544,116.205,309.749
58.4847,194.985,117.233,312.218
58.5047,195.604,117.13,312.735
58.5247,193.809,115.162,308.971
58.5447,195.838,117.019,312.857
58.5647,190.529,114.875,305.404
58.5847,194.092,117.45,311.542
58.6047,193.4,115.533,308.933
58.6247,193.927,116.14,310.067
58.6447,193.001,115.276,308.277
58.6647,191.744,114.192,305.936
58.6847,191.251,115.11,306.361
58.7047,193.191,114.979,308.17
58.7247,188.647,115.514,304.161
58.7447,194.671,116.523,311.195
58.7647,192.636,115.359,307.995
58.7847,191.785,114.753,306.538
58.8047,189.577,114.505,304.083
58.8247,193.338,116.249,309.587
58.8447,189.339,113.745,303.084
58.8647,192.853,116.633,309.486
58.8847,188.449,113.97,302.419
58.9047,189.098,114.231,303.329
58.9247,191.081,114.363,305.445
58.9447,192.55,114.554,307.104
58.9647,184.341,113.611,297.953
58.9847,187.708,114.408,302.117
59.0047,189.569,114.705,304.273
59.0247,187.86,113.461,301.321
59.0447,189.748,114.228,303.975
59.0647,190.519,113.434,303.952
59.0847,184.523,112.883,297.406
59.1047,188.233,113.325,301.557
59.1247,190.327,114.187,304.514
59.1447,188.23,114.203,302.432
59.1647,187.878,113.825,301.703
59.1847,190.004,113.326,303.33
59.2047,189.413,114.095,303.509
59.2247,185.198,113.638,298.836
59.2447,189.705,114.028,303.733
59.2647,184.114,112.031,296.145
59.2847,189.282,114.166,303.449
59.3047,184.901,111.989,296.89
59.3247,187.84,113.418,301.259
59.3447,184.919,111.642,296.562
59.3647,187.251,112.724,299.975
59.3847,187.51,112.987,300.497
59.4047,186.946,112.497,299.443
59.4247,188.599,113.722,302.321
59.4447,183.641,111.17,294.811
59.4647,186.679,113.206,299.884
59.4847,183.347,112.423,295.769
59.5047,184.024,112.434,296.458
59.5247,185.912,112.594,298.506
59.5447,187.132,112.033,299.165
59.5647,183.797,111.082,294.879
59.5847,186.123,111.488,297.61
59.6047,181.545,110.494,292.04
59.6247,185.389,112.169,297.558
59.6447,182.547,111.242,293.789
59.6647,181.883,111.321,293.205
59.6847,179.799,109.603,289.402
59.7047,186.773,112.08,298.853
59.7247,182.812,111.354,294.166
59.7447,183.546,110.525,294.071
59.7647,182.793,110.839,293.631
59.7847,178.874,110.117,288.991
59.8047,181.99,111.924,293.914
59.8247,181.155,108.847,290.002
59.8447,181.894,110.55,292.444
59.8647,182.74,110.838,293.578
59.8847,182.218,109.533,291.751
59.9047,181.957,110.399,292.356
59.9247,183.169,110.346,293.515
59.9447,179.21,109.492,288.702
59.9647,180.829,109.665,290.493
59.9847,182.004,111.148,293.152
60.0047,179.313,109.702,289.015
60.0247,180.071,109.162,289.233
60.0447,179.297,108.889,288.187
60.0647,181.561,109.46,291.021
60.0847,180.622,109.673,290.295
60.1047,180.853,111.045,291.898
60.1247,179.797,108.557,288.355
60.1447,179.187,107.455,286.642
60.1647,180.381,110.497,290.878
60.1847,179.353,108.7,288.054
60.2047,178.04,109.94,287.981
60.2247,175.896,108.81,284.706
60.2447,179.805,108.429,288.234
60.2647,177.693,108.224,285.917
60.2847,176.83,107.484,284.314
60.3047,180.878,108.121,288.999
60.3247,176.629,107.334,283.963
60.3447,177.707,108.57,286.276
60.3647,177.099,108.172,285.271
60.3847,178.142,108.25,286.392
60.4047,178.344,108.577,286.921
60.4247,177.285,109.22,286.505
60.4447,177.807,108.669,286.477
60.4647,177.849,108.328,286.177
60.4847,176.619,107.662,284.281
60.5047,174.534,105.653,280.187
60.5247,176.907,108.217,285.124
60.5447,176.163,106.85,283.013
60.5647,174.191,105.895,280.085
60.5847,173.502,106.457,279.958
60.6047,177.327,107.147,284.474
60.6247,178.766,108.353,287.119
60.6447,172.911,106.076,278.987
60.6647,177.262,107.829,285.091
60.6847,173.355,107.163,280.518
60.7047,172.999,106.719,279.718
60.7247,172.201,106.164,278.365
60.7447,176.038,105.333,281.371
60.7647,172.546,106.536,279.083
60.7847,173.362,105.927,279.289
60.8047,174.463,106.379,280.842
60.8247,175.156,105.726,280.882
60.8447,174.134,106.046,280.181
60.8647,171.058,104.764,275.822
60.8847,173.711,106.237,279.948
60.9047,174.459,105.655,280.114
60.9247,169.693,105.485,275.177
60.9447,174.551,106.849,281.401
60.9647,169.96,105.574,275.535
60.9847,174.109,106.486,280.595
61.0047,172.585,105.27,277.854
61.0247,170.657,103.444,274.1
61.0447,171.63,105.261,276.891
61.0647,171.096,105.002,276.098
61.0847,170.259,104.994,275.253
61.1047,171.09,105.206,276.295
61.1247,169.248,103.894,273.143
61.1447,170.089,104.924,275.013
61.1647,169.469,103.993,273.462
61.1847,170.078,104.819,274.898
61.2047,170.539,103.948,274.487
61.2247,171.629,105.261,276.891
61.2447,168.143,103.97,272.113
61.2647,172.157,105.473,277.63
61.2847,166.516,101.708,268.224
61.3047,172.525,104.991,277.516
61.3247,168.696,103.235,271.931
61.3447,169.953,104.767,274.72
61.3647,168.993,102.72,271.712
61.3847,165.619,102.672,268.29
61.4047,169.753,103.698,273.451
61.4247,167.332,103.985,271.317
61.4447,168.194,103.433,271.627
61.4647,167.515,102.934,270.449
61.4847,167.973,102.669,270.642
61.5047,164.376,101.424,265.8
61.5247,167.043,103.211,270.255
61.5447,167.661,102.405,270.066
61.5647,165.24,102.148,267.388
61.5847,168.722,103.513,272.235
61.6047,164.452,101.012,265.464
61.6247,165.639,101.272,266.912
61.6447,167.523,103.253,270.776
61.6647,165.647,102.533,268.18
61.6847,165.404,100.874,266.278
61.7047,164.596,101.966,266.562
61.7247,166.868,101.415,268.283
61.7447,164.903,102.178,267.081
61.7647,164.212,101.954,266.166
61.7847,166.206,101.681,267.887
61.8047,164.903,101.294,266.197
61.8247,164.849,102.572,267.421
61.8447,159.752,100.157,259.909
61.8647,166.363,102.607,268.97
61.8847,167.395,103.909,271.304
61.9047,160.352,100.142,260.493
61.9247,162.692,101.06,263.752
61.9447,163.146,100.164,263.31
61.9647,162.816,100.224,263.04
61.9847,162.528,101.467,263.995
62.0047,165.121,101.156,266.277
62.0247,165.244,101.658,266.902
62.0447,160.856,100.482,261.338
62.0647,162.463,100.063,262.527
62.0847,164.924,101.268,266.191
62.1047,162.457,100.755,263.212
62.1247,163.649,100.046,263.695
62.1447,160.753,99.2908,260.044
62.1647,161.856,101.197,263.053
62.1847,161.31,100.253,261.563
62.2047,162.778,99.5117,262.289
62.2247,158.717,99.123,257.84
62.2447,162.474,100.142,262.616
62.2647,159.033,99.229,258.262
62.2847,160.558,99.796,260.354
62.3047,161.515,99.3145,260.83
62.3247,158.201,98.9707,257.172
62.3447,158.77,99.637,258.407
62.3647,159.557,99.4804,259.037
62.3847,158.312,98.069,256.381
62.4047,159.236,99.1687,258.404
62.4247,160.644,99.3906,260.035
62.4447,159.187,99.144,258.331
62.4647,159.808,99.0337,258.842
62.4847,157.52,97.9689,255.488
62.5047,157.924,97.6736,255.597
62.5247,159.154,98.7593,257.913
62.5447,157.129,97.5103,254.64
62.5647,157.712,98.0276,255.74
62.5847,157.438,98.0462,255.484
62.6047,160.07,98.9254,258.996
62.6247,155.071,96.9196,251.991
62.6447,159.375,97.6879,257.063
62.6647,157.72,98.2522,255.973
62.6847,158.443,98.6417,257.085
62.7047,157.524,97.1289,254.653
62.7247,156.247,96.9454,253.193
62.7447,156.891,97.2923,254.183
62.7647,156.658,96.8525,253.511
62.7847,154.678,96.4175,251.095
62.8047,155.912,96.3041,252.216
62.8247,155.606,96.7628,252.369
62.8447,155.322,97.843,253.165
62.8647,155.91,96.1723,252.083
62.8847,156.056,97.6376,253.694
62.9047,154.175,96.3926,250.568
62.9247,154.354,96.7574,251.111
62.9447,155.131,96.7742,251.906
62.9647,153.51,96.1507,249.66
62.9847,155.106,96.6059,251.712
63.0047,153.233,95.8331,249.066
63.0247,154.554,95.8712,250.426
63.0447,149.241,94.4523,243.694
63.0647,156.12,96.6468,252.767
63.0847,154.441,95.9854,250.426
63.1047,152.353,96.121,248.474
63.1247,152.889,95.5045,248.394
63.1447,153.889,95.3396,249.229
63.1647,153.125,94.0227,247.147
63.1847,153.775,95.4979,249.273
63.2047,152.212,94.5275,246.739
63.2247,152.152,95.2275,247.379
63.2447,149.969,94.1182,244.087
63.2647,153.811,96.2254,250.036
63.2847,151.488,94.6373,246.125
63.3047,151.618,95.1168,246.735
63.3247,148.923,93.8219,242.745
63.3447,155.088,95.7682,250.856
63.3647,150.598,94.1602,244.759
63.3847,151.124,94.4925,245.616
63.4047,150.065,93.3083,243.374
63.4247,150.061,94.8041,244.865
63.4447,149.77,93.7382,243.508
63.4647,151.025,94.7139,245.739
63.4847,148.198,94.0098,242.208
63.5047,150.312,94.406,244.718
63.5247,147.98,93.8811,241.861
63.5447,150.005,93.8102,243.815
63.5647,149.481,93.1588,242.64
63.5847,148.274,92.7159,240.99
63.6047,149.947,93.1408,243.088
63.6247,150.062,93.8,243.862
63.6447,147.86,92.8897,240.75
63.6647,148.53,93.9532,242.483
63.6847,148.063,93.1516,241.214
63.7047,147.566,92.8886,240.455
63.7247,148.588,93.0272,241.616
63.7447,146.666,92.2749,238.941
63.7647,147.629,91.8952,239.524
63.7847,149.296,92.81,242.106
63.8047,147.353,92.223,239.576
63.8247,145.189,92.1814,237.37
63.8447,145.705,91.9068,237.612
63.8647,147.943,92.4519,240.395
63.8847,143.992,91.3614,235.353
63.9047,145.231,92.112,237.343
63.9247,146.258,92.1815,238.44
63.9447,146.421,92.1347,238.556
63.9647,145.099,91.5995,236.699
63.9847,145.298,91.3001,236.598
64.0047,143.427,91.3487,234.775
64.0247,147.355,91.8957,239.251
64.0447,143.643,90.9492,234.592
64.0647,144.543,91.3439,235.887
64.0847,141.637,90.5236,232.16
64.1047,145.911,91.2023,237.114
64.1247,143.13,90.781,233.911
64.1447,145.818,91.7006,237.518
64.1647,141.752,89.7651,231.517
64.1847,143.456,90.3483,233.804
64.2047,143.507,91.3805,234.888
64.2247,142.514,90.2907,232.805
64.2447,140.706,90.861,231.567
64.2647,143.404,90.3258,233.73
64.2847,143.526,89.2991,232.825
64.3047,142.6,90.5648,233.164
64.3247,142.089,89.2259,231.315
64.3447,140.892,89.8332,230.725
64.3647,139.931,89.4292,229.36
64.3847,142.317,89.7229,232.04
64.4047,144.321,89.7175,234.038
64.4247,141.046,88.2871,229.333
64.4447,141.476,89.2681,230.744
64.4647,140.94,89.0307,229.971
64.4847,139.47,88.9367,228.407
64.5047,140.985,89.2489,230.234
64.5247,141.166,87.9285,229.095
64.5447,139.287,87.9476,227.235
64.5647,141.531,88.9383,230.469
64.5847,139.92,88.5133,228.433
64.6047,141.451,87.9706,229.422
64.6247,140.625,87.9068,228.532
64.6447,140.815,88.5543,229.37
64.6647,138.162,88.4566,226.618
64.6847,138.154,88.1479,226.301
64.7047,138.053,87.1821,225.235
64.7247,139.029,88.5861,227.615
64.7447,141.611,88.116,229.727
64.7647,140.211,87.9578,228.168
64.7847,139.398,87.922,227.32
64.8047,137.904,87.8243,225.728
64.8247,138.496,87.9145,226.41
64.8447,135.636,87.4212,223.057
64.8647,137.513,87.2432,224.756
64.8847,136.266,87.4955,223.762
64.9047,135.244,87.4117,222.655
64.9247,137.21,87.533,224.743
64.9447,136.651,86.7061,223.357
64.9647,135.168,86.1118,221.28
64.9847,136.62,85.8415,222.462
65.0047,135.923,86.8659,222.789
65.0247,135.04,86.4515,221.491
65.0447,133.836,86.4314,220.267
65.0647,136.727,86.7887,223.516
65.0847,135.78,85.5577,221.338
65.1047,134.426,86.6005,221.027
65.1247,134.391,85.6353,220.026
65.1447,135.249,85.5769,220.826
65.1647,136.284,85.4241,221.709
65.1847,132.995,84.1765,217.171
65.2047,134.223,86.3447,220.568
65.2247,133.604,85.306,218.91
65.2447,133.607,85.1016,218.708
65.2647,131.613,84.4245,216.038
65.2847,132.432,85.3756,217.807
65.3047,132.796,84.4363,217.233
65.3247,134.041,85.0897,219.13
65.3447,134.131,85.4544,219.585
65.3647,132.134,84.2009,216.335
65.3847,130.773,84.5886,215.361
65.4047,130.929,83.8657,214.795
65.4247,134.116,85.4118,219.528
65.4447,130.21,84.2813,214.491
65.4647,130.706,83.8279,214.534
65.4847,133.795,84.0792,217.874
65.5047,131.506,83.1369,214.643
65.5247,132.026,84.0249,216.051
65.5447,130.731,83.1901,213.921
65.5647,131.832,83.5908,215.423
65.5847,132.512,84.054,216.566
65.6047,131.184,83.4285,214.612
65.6247,130.078,83.2858,213.364
65.6447,126.293,81.9557,208.248
65.6647,130.276,83.3861,213.662
65.6847,130.244,83.5597,213.804
65.7047,130.635,82.6973,213.332
65.7247,129.867,82.9894,212.856
65.7447,130.214,83.2476,213.462
65.7647,127.223,82.7371,209.96
65.7847,129.475,82.1167,211.592
65.8047,128.794,82.6866,211.481
65.8247,129.761,82.7323,212.493
65.8447,128.928,81.8413,210.769
65.8647,129.159,81.8482,211.007
65.8847,127.367,81.5693,208.936
65.9047,127.411,81.5021,208.913
65.9247,129.598,81.8817,211.48
65.9447,123.831,81.4585,205.289
65.9647,128.35,81.6532,210.003
65.9847,127.46,80.9737,208.433
66.0047,128.06,81.4537,209.514
66.0247,125.998,80.1143,206.113
66.0447,126.666,81.5366,208.203
66.0647,127.125,81.6071,208.732
66.0847,125.176,81.3396,206.515
66.1047,124.933,80.5406,205.473
66.1247,126.315,80.3664,206.682
66.1447,125.467,80.997,206.464
66.1647,124.189,80.3893,204.578
66.1847,123.771,79.8052,203.577
66.2047,124.096,79.9341,204.03
66.2247,124.891,80.0903,204.981
66.2447,122.889,79.3865,202.275
66.2647,126.289,80.1529,206.442
66.2847,123.456,78.5698,202.026
66.3047,125.8,80.051,205.851
66.3247,125.15,80.2639,205.414
66.3447,124.186,79.6631,203.849
66.3647,123.616,79.9958,203.612
66.3847,123.139,78.8902,202.029
66.4047,121.466,79.418,200.884
66.4247,122.448,79.1228,201.571
66.4447,122.359,79.2436,201.603
66.4647,121.605,78.8023,200.407
66.4847,123.89,80.2212,204.111
66.5047,122.226,79.1477,201.374
66.5247,122.648,78.4812,201.129
66.5447,121.406,78.133,199.539
66.5647,120.071,78.4339,198.505
66.5847,119.698,78.1503,197.848
66.6047,121.162,77.1265,198.288
66.6247,119.096,78.4501,197.546
66.6447,120.712,77.7245,198.437
66.6647,120.252,77.9004,198.152
66.6847,120.848,78.2092,199.057
66.7047,119.511,77.7517,197.263
66.7247,120.619,77.8933,198.512
66.7447,118.574,77.5982,196.172
66.7647,119.466,76.778,196.244
66.7847,117.596,77.467,195.063
66.8047,119.075,77.3395,196.415
66.8247,118.239,76.8198,195.059
66.8447,117.67,76.197,193.867
66.8647,119.814,76.5921,196.406
66.8847,119.42,77.0471,196.467
66.9047,118.452,75.9235,194.376
66.9247,118.522,76.8162,195.338
66.9447,118.026,77.1372,195.163
66.9647,116.172,75.6634,191.835
66.9847,117.093,76.2319,193.325
67.0047,117.032,75.7106,192.743
67.0247,116.592,76.0162,192.608
67.0447,117.37,75.6878,193.058
67.0647,118.135,76.7819,194.917
67.0847,115.443,75.69,191.133
67.1047,116.7,75.3815,192.082
67.1247,115.858,75.9309,191.789
67.1447,115.153,74.9314,190.085
67.1647,114.69,75.2904,189.981
67.1847,115.993,75.9228,191.916
67.2047,115.181,74.5365,189.717
67.2247,114.279,74.9297,189.209
67.2447,115.992,74.8005,190.792
67.2647,114.033,74.3087,188.342
67.2847,114.77,74.4634,189.234
67.3047,114.599,74.4557,189.055
67.3247,115.03,74.2421,189.273
67.3447,113.845,74.8881,188.733
67.3647,114.508,74.7243,189.232
67.3847,114.556,73.9702,188.526
67.4047,112.272,73.6361,185.908
67.4247,112.982,73.873,186.855
67.4447,112.864,73.0827,185.946
67.4647,113.21,74.0485,187.259
67.4847,112.759,72.6902,185.45
67.5047,114.057,73.6458,187.703
67.5247,111.907,72.6056,184.513
67.5447,111.233,72.9682,184.202
67.5647,110.733,72.12,182.853
67.5847,111.582,72.8345,184.417
67.6047,111.183,72.5924,183.776
67.6247,110.665,72.0641,182.729
67.6447,111.58,72.397,183.977
67.6647,111.279,72.7618,184.041
67.6847,109.031,71.495,180.526
67.7047,109.863,71.6079,181.471
67.7247,112.358,71.4027,183.761
67.7447,110.274,71.4697,181.744
67.7647,109.683,71.458,181.141
67.7847,110.103,71.4561,181.559
67.8047,109.526,70.9667,180.493
67.8247,109.707,71.0017,180.709
67.8447,109.24,71.4244,180.665
67.8647,108.062,70.638,178.7
67.8847,109.663,71.2014,180.865
67.9047,108.393,71.1468,179.54
67.9247,106.872,71.2071,178.079
67.9447,109.18,70.2954,179.475
67.9647,107.119,70.366,177.485
67.9847,108.401,70.5254,178.926
68.0047,108.027,70.5336,178.56
68.0247,107.511,69.7181,177.229
68.0447,107.768,70.5348,178.303
68.0647,107.545,69.862,177.407
68.0847,106.361,69.1728,175.533
68.1047,105.104,70.0707,175.175
68.1247,108.668,69.7367,178.405
68.1447,105.58,69.2812,174.861
68.1647,106.173,68.9916,175.165
68.1847,104.813,69.0575,173.87
68.2047,107.077,69.0395,176.117
68.2247,105.885,69.3652,175.25
68.2447,104.386,69.0794,173.465
68.2647,105.478,69.3005,174.778
68.2847,104.881,68.7761,173.657
68.3047,104.42,68.7107,173.131
68.3247,103.771,68.236,172.007
68.3447,104.832,68.4978,173.329
68.3647,103.037,68.3091,171.346
68.3847,103.608,68.3105,171.918
68.4047,104.516,68.5061,173.023
68.4247,103.159,67.5462,170.705
68.4447,102.319,67.3231,169.642
68.4647,104.086,67.1023,171.189
68.4847,102.582,67.1479,169.729
68.5047,101.887,67.1706,169.057
68.5247,101.673,66.8313,168.504
68.5447,102.232,66.8387,169.07
68.5647,101.952,66.9391,168.891
68.5847,101.911,66.6786,168.59
68.6047,100.354,66.6126,166.967
68.6247,101.227,66.6998,167.926
68.6447,100.608,66.1603,166.769
68.6647,101.222,66.4686,167.69
68.6847,100.225,66.6823,166.908
68.7047,99.9506,66.4997,166.45
68.7247,99.8341,66.4344,166.269
68.7447,99.9568,66.0661,166.023
68.7647,99.6075,66.177,165.785
68.7847,101.109,65.2679,166.377
68.8047,98.8066,65.2883,164.095
68.8247,98.4799,65.2324,163.712
68.8447,98.706,65.3816,164.088
68.8647,98.1508,65.2147,163.365
68.8847,99.3455,64.9809,164.326
68.9047,97.414,64.5492,161.963
68.9247,100.022,65.2286,165.25
68.9447,97.8542,64.9208,162.775
68.9647,97.0384,64.5018,161.54
68.9847,97.1001,64.6156,161.716
69.0047,98.3308,64.3904,162.721
69.0247,97.8285,64.9979,162.826
69.0447,95.404,63.5429,158.947
69.0647,97.5254,64.1597,161.685
69.0847,96.5122,64.5979,161.11
69.1047,96.4026,63.7362,160.139
69.1247,96.2953,63.3723,159.668
69.1447,95.5708,63.1123,158.683
69.1647,95.0792,63.4405,158.52
69.1847,94.9573,63.2463,158.204
69.2047,95.7144,63.3646,159.079
69.2247,94.4997,63.3055,157.805
69.2447,94.9651,62.9165,157.882
69.2647,94.5767,62.7103,157.287
69.2847,94.0066,62.8567,156.863
69.3047,93.6602,62.5285,156.189
69.3247,93.3529,63.1265,156.479
69.3447,94.1392,61.9302,156.069
69.3647,92.7491,61.9238,154.673
69.3847,92.8793,61.9424,154.822
69.4047,91.9917,61.7156,153.707
69.4247,92.4807,62.0325,154.513
69.4447,91.9913,61.271,153.262
69.4647,93.3272,61.1614,154.489
69.4847,90.9043,61.13,152.034
69.5047,91.1617,60.9304,152.092
69.5247,91.3494,61.3004,152.65
69.5447,92.3093,60.9141,153.223
69.5647,92.2973,60.6525,152.95
69.5847,90.6991,60.3661,151.065
69.6047,89.0854,60.6735,149.759
69.6247,89.7271,60.4876,150.215
69.6447,90.7735,59.8626,150.636
69.6647,89.0332,59.5638,148.597
69.6847,90.0348,59.5292,149.564
69.7047,88.742,59.4774,148.219
69.7247,89.4195,59.5421,148.962
69.7447,89.5155,59.296,148.811
69.7647,89.6602,59.6953,149.355
69.7847,87.5068,59.1612,146.668
69.8047,88.2153,59.5426,147.758
69.8247,87.7845,58.6548,146.439
69.8447,88.2708,58.6553,146.926
69.8647,86.6526,58.3456,144.998
69.8847,87.573,58.4791,146.052
69.9047,87.7469,58.5627,146.31
69.9247,86.1308,58.4609,144.592
69.9447,87.5305,58.2681,145.799
69.9647,85.6099,57.6294,143.239
69.9847,85.9705,57.9445,143.915
70.0047,86.0631,58.1277,144.191
70.0247,85.4872,57.6623,143.15
70.0447,85.1685,57.7881,142.957
70.0647,85.0015,57.6724,142.674
70.0847,84.5926,57.2268,141.819
70.1047,85.0784,56.9552,142.034
70.1247,84.279,57.0001,141.279
70.1447,83.2977,56.9593,140.257
70.1647,84.189,56.1542,140.343
70.1847,84.1573,56.1055,140.263
70.2047,84.0674,56.6064,140.674
70.2247,82.8124,56.0528,138.865
70.2447,82.9359,56.6058,139.542
70.2647,82.4387,56.1423,138.581
70.2847,82.7655,55.6623,138.428
70.3047,81.7458,55.804,137.55
70.3247,82.6349,55.6476,138.283
70.3447,81.0649,55.2913,136.356
70.3647,81.6757,55.2198,136.896
70.3847,81.4683,55.2445,136.713
70.4047,81.0004,54.8458,135.846
70.4247,80.469,54.4952,134.964
70.4447,79.6377,54.9819,134.62
70.4647,79.988,54.6362,134.624
70.4847,79.4179,53.739,133.157
70.5047,80.1123,53.8193,133.932
70.5247,79.4762,54.0695,133.546
70.5447,78.5398,53.4941,132.034
70.5647,78.7057,53.6465,132.352
70.5847,78.4131,53.3305,131.744
70.6047,77.7921,53.1273,130.919
70.6247,77.4233,53.1786,130.602
70.6447,78.0934,52.9599,131.053
70.6647,77.2043,52.8662,130.07
70.6847,78.1788,52.7822,130.961
70.7047,77.1734,52.5656,129.739
70.7247,76.0814,51.7884,127.87
70.7447,77.6268,52.4089,130.036
70.7647,76.8189,52.1177,128.937
70.7847,76.6371,51.8293,128.466
70.8047,76.1105,52.248,128.359
70.8247,75.8006,51.2252,127.026
70.8447,76.2791,50.9735,127.253
70.8647,75.8822,51.1618,127.044
70.8847,73.3423,51.2834,124.626
70.9047,75.4874,51.2575,126.745
70.9247,74.1909,50.6572,124.848
70.9447,74.4354,50.7848,125.22
70.9647,73.5502,50.5967,124.147
70.9847,74.466,50.6294,125.095
71.0047,72.5532,50.0059,122.559
71.0247,73.2633,50.2362,123.499
71.0447,72.9949,49.7417,122.737
71.0647,72.9616,49.5519,122.513
71.0847,72.0888,49.4326,121.521
71.1047,71.6945,49.1913,120.886
71.1247,71.8827,49.0191,120.902
71.1447,71.1902,49.2637,120.454
71.1647,70.7179,49.1071,119.825
71.1847,70.2854,48.581,118.866
71.2047,70.2532,48.3955,118.649
71.2247,69.8451,48.6899,118.535
71.2447,69.4886,47.8098,117.298
71.2647,69.8988,47.9998,117.899
71.2847,68.7635,47.585,116.348
71.3047,69.7659,47.5086,117.274
71.3247,70.3843,47.5026,117.887
71.3447,68.96,47.7047,116.665
71.3647,68.2874,47.2501,115.538
71.3847,68.0885,46.7063,114.795
71.4047,66.7853,46.7602,113.545
71.4247,66.9944,46.4124,113.407
71.4447,67.3825,46.647,114.029
71.4647,67.0127,46.202,113.215
71.4847,66.9234,46.4211,113.344
71.5047,65.9281,45.3845,111.313
71.5247,66.1148,45.6736,111.788
71.5447,65.6327,45.439,111.072
71.5647,65.8018,44.9746,110.776
71.5847,64.9092,45.2462,110.155
71.6047,64.5028,44.8675,109.37
71.6247,65.1922,45.0126,110.205
71.6447,63.5006,44.5249,108.025
71.6647,65.1279,44.1908,109.319
71.6847,64.0762,44.043,108.119
71.7047,62.8004,44.0632,106.864
71.7247,63.3781,43.6896,107.068
71.7447,63.472,43.5833,107.055
71.7647,62.3898,43.3151,105.705
71.7847,62.2398,43.2701,105.51
71.8047,61.9006,43.0381,104.939
71.8247,61.1234,42.8467,103.97
71.8447,60.7924,42.4504,103.243
71.8647,61.8754,42.5127,104.388
71.8847,60.7391,42.5702,103.309
71.9047,60.4931,42.0652,102.558
71.9247,59.7999,41.633,101.433
71.9447,58.9672,41.5965,100.564
71.9647,58.8721,41.0595,99.9316
71.9847,58.9425,41.2052,100.148
72.0047,58.7065,40.7281,99.4346
72.0247,58.5031,40.7466,99.2497
72.0447,58.861,40.7453,99.6063
72.0647,58.6707,40.8735,99.5443
72.0847,57.6317,40.5157,98.1474
72.1047,56.341,39.7566,96.0976
72.1247,56.8997,39.9109,96.8106
72.1447,56.6125,39.6662,96.2788
72.1647,55.7007,39.8175,95.5182
72.1847,55.7767,39.7526,95.5293
72.2047,55.1978,39.0443,94.242
72.2247,55.9971,38.5149,94.512
72.2447,54.9957,38.669,93.6647
72.2647,54.7063,38.4866,93.1929
72.2847,53.8865,38.0944,91.9809
72.3047,54.4394,38.0307,92.4701
72.3247,53.7528,37.3538,91.1066
72.3447,52.6807,37.2105,89.8913
72.3647,53.1492,37.4335,90.5827
72.3847,52.962,37.0925,90.0545
72.4047,51.4749,36.8997,88.3746
72.4247,52.9054,36.553,89.4583
72.4447,51.8804,36.7544,88.6348
72.4647,50.8099,36.2158,87.0257
72.4847,51.1068,36.0339,87.1407
72.5047,50.2807,35.7989,86.0796
72.5247,50.2386,35.5982,85.8368
72.5447,49.7647,35.4523,85.217
72.5647,48.9834,35.1638,84.1473
72.5847,48.8601,34.9744,83.8344
72.6047,49.213,34.656,83.869
72.6247,48.5603,34.628,83.1883
72.6447,47.9211,34.5049,82.426
72.6647,47.4297,34.2758,81.7055
72.6847,46.7603,33.9393,80.6996
72.7047,47.3688,33.7582,81.127
72.7247,47.9121,33.1358,81.0479
72.7447,46.0817,33.3749,79.4565
72.7647,45.9698,32.9839,78.9537
72.7847,45.6972,32.7046,78.4018
72.8047,44.9837,32.6425,77.6263
72.8247,44.646,32.306,76.9521
72.8447,44.4567,32.2479,76.7045
72.8647,43.8599,32.0782,75.9382
72.8847,44.1994,31.9524,76.1518
72.9047,43.676,31.5273,75.2033
72.9247,43.938,31.3134,75.2514
72.9447,43.245,31.2638,74.5088
72.9647,43.8285,30.7209,74.5494
72.9847,42.3007,30.7128,73.0135
73.0047,42.857,30.5521,73.4091
73.0247,41.7721,30.3348,72.1069
73.0447,41.3837,29.9167,71.3004
73.0647,41.0483,29.7525,70.8008
73.0847,41.5634,29.5059,71.0693
73.1047,40.8502,29.58,70.4302
73.1247,40.3034,28.9109,69.2143
73.1447,39.8712,28.81,68.6812
73.1647,39.7362,28.6066,68.3429
73.1847,40.2732,28.4299,68.7031
73.2047,40.099,28.0078,68.1069
73.2247,39.9507,27.9932,67.9439
73.2447,39.3841,28.088,67.4721
73.2647,39.1604,27.1779,66.3383
73.2847,38.2726,27.0261,65.2987
73.3047,38.3276,26.9328,65.2604
73.3247,38.367,26.99,65.357
73.3447,37.6485,26.9377,64.5862
73.3647,36.8618,26.6397,63.5015
73.3847,36.9797,26.6903,63.67
73.4047,36.8072,26.5203,63.3275
73.4247,35.8316,26.1903,62.0219
73.4447,36.5355,25.9794,62.5148
73.4647,35.4673,25.8457,61.313
73.4847,36.7357,25.1901,61.9258
73.5047,35.6029,25.2105,60.8134
73.5247,35.3044,25.191,60.4954
73.5447,34.3642,25.0336,59.3978
73.5647,33.8842,24.582,58.4662
73.5847,35.0528,24.3541,59.4068
73.6047,34.2981,24.1597,58.4579
73.6247,33.6888,24.1562,57.845
73.6447,33.3323,24.0489,57.3812
73.6647,32.8452,23.8093,56.6545
73.6847,33.4868,23.4131,56.8999
73.7047,32.9715,23.3714,56.3429
73.7247,32.2589,22.8024,55.0614
73.7447,31.2569,22.8109,54.0678
73.7647,32.237,22.742,54.979
73.7847,31.6121,22.3984,54.0105
73.8047,31.6013,22.2464,53.8477
73.8247,31.1437,21.8373,52.981
73.8447,31.441,21.9073,53.3483
73.8647,31.1083,21.9798,53.0881
73.8847,31.0144,21.2548,52.2692
73.9047,30.3968,20.9608,51.3575
73.9247,29.7433,21.0405,50.7838
73.9447,29.6103,20.6985,50.3088
73.9647,29.7248,20.3051,50.0299
73.9847,29.4006,20.0325,49.4331
74.0047,28.8271,19.9885,48.8156
74.0247,28.9932,20.1514,49.1446
74.0447,28.3239,19.5575,47.8814
74.0647,28.2974,19.4427,47.7401
74.0847,28.0006,19.3094,47.31
74.1047,28.1711,19.3213,47.4924
74.1247,27.5305,18.9609,46.4914
74.1447,26.8735,19.0401,45.9135
74.1647,27.217,18.7194,45.9364
74.1847,27.2841,18.4212,45.7053
74.2047,26.6403,18.433,45.0733
74.2247,25.4831,18.1689,43.652
74.2447,26.4526,18.1217,44.5744
74.2647,25.9645,17.8919,43.8564
74.2847,25.5091,17.6734,43.1825
74.3047,25.086,17.5917,42.6777
74.3247,24.5454,17.1392,41.6846
74.3447,25.8623,17.3014,43.1637
74.3647,24.7206,16.4768,41.1974
74.3847,24.4425,16.7819,41.2244
74.4047,24.4298,16.4763,40.9061
74.4247,24.5937,16.3789,40.9726
74.4447,24.293,16.0262,40.3193
74.4647,23.9156,15.7708,39.6864
74.4847,23.5507,15.7328,39.2835
74.5047,23.9897,15.4577,39.4474
74.5247,23.0847,15.3564,38.4411
74.5447,23.3697,15.195,38.5648
74.5647,23.0538,14.875,37.9288
74.5847,22.6279,14.8773,37.5052
74.6047,23.1234,14.8067,37.9301
74.6247,21.9005,14.4919,36.3924
74.6447,22.6992,14.3941,37.0933
74.6647,22.1837,14.1554,36.3391
74.6847,21.3881,14.113,35.5011
74.7047,21.3076,13.9397,35.2473
74.7247,21.4088,13.9123,35.3211
74.7447,20.4762,13.5877,34.0638
74.7647,21.0244,13.2797,34.3042
74.7847,20.7923,13.4349,34.2272
74.8047,20.5053,13.1324,33.6377
74.8247,20.274,12.8736,33.1476
74.8447,20.1618,12.6435,32.8053
74.8647,20.4287,12.5008,32.9295
74.8847,19.5318,12.2772,31.8089
74.9047,19.7657,12.2377,32.0034
74.9247,19.1134,12.082,31.1954
74.9447,19.5525,11.8242,31.3768
74.9647,18.4499,11.758,30.2079
74.9847,18.6433,11.6448,30.288
75.0047,19.0399,11.3749,30.4148
75.0247,18.6182,11.1797,29.798
75.0447,18.021,11.3584,29.3794
75.0647,18.2551,10.9248,29.1799
75.0847,18.1803,10.8632,29.0434
75.1047,17.719,10.6913,28.4103
75.1247,18.0882,10.4441,28.5323
75.1447,17.6933,10.4139,28.1072
75.1647,17.4894,10.2006,27.6901
75.1847,17.0318,10.026,27.0577
75.2047,16.8576,9.96524,26.8229
75.2247,17.41,9.75509,27.1651
75.2447,15.9518,9.71581,25.6676
75.2647,16.3349,9.73206,26.067
75.2847,16.0157,9.23806,25.2537
75.3047,15.8806,9.16011,25.0407
75.3247,15.6171,8.9804,24.5975
75.3447,16.1063,8.87636,24.9827
75.3647,15.8883,8.66218,24.5505
75.3847,15.5005,8.56203,24.0626
75.4047,15.9415,8.55024,24.4917
75.4247,15.1818,8.44468,23.6264
75.4447,14.9394,8.22213,23.1615
75.4647,14.8396,8.05714,22.8967
75.4847,14.8317,7.84079,22.6725
75.5047,13.3095,7.71826,21.0278
75.5247,13.893,7.59775,21.4907
75.5447,13.7389,7.6158,21.3547
75.5647,13.7777,7.39883,21.1765
75.5847,13.1958,7.25717,20.453
75.6047,13.4581,7.08523,20.5433
75.6247,13.0445,6.99328,20.0377
75.6447,12.4493,6.8715,19.3208
75.6647,12.6967,6.80208,19.4988
75.6847,12.6922,6.67566,19.3679
75.7047,12.3317,6.55691,18.8886
75.7247,11.8863,6.3046,18.1909
75.7447,12.1965,6.31883,18.5153
75.7647,11.8998,6.13076,18.0306
75.7847,11.6828,5.9937,17.6765
75.8047,11.3238,5.80241,17.1262
75.8247,11.6169,5.68674,17.3036
75.8447,11.7912,5.70528,17.4965
75.8647,11.0437,5.53496,16.5787
75.8847,11.2881,5.50797,16.7961
75.9047,11.2256,5.19771,16.4233
75.9247,11.4603,5.17053,16.6308
75.9447,11.6812,5.12634,16.8075
75.9647,10.9245,4.95923,15.8838
75.9847,10.7679,4.70877,15.4767
76.0047,11.0644,4.72712,15.7915
76.0247,9.91729,4.48989,14.4072
76.0447,10.769,4.35379,15.1228
76.0647,10.4004,4.26714,14.6675
76.0847,9.94447,4.27372,14.2182
76.1047,10.012,4.17304,14.185
76.1247,9.92267,3.98839,13.9111
76.1447,9.55443,3.90635,13.4608
76.1647,10.1704,3.8807,14.0511
76.1847,10.0702,3.75366,13.8238
76.2047,9.51765,3.68599,13.2036
76.2247,9.4268,3.50623,12.933
76.2447,10.0975,3.53034,13.6278
76.2647,8.94852,3.56613,12.5147
76.2847,9.00196,3.30197,12.3039
76.3047,9.28104,3.20896,12.49
76.3247,8.81724,3.16104,11.9783
76.3447,9.32265,3.13266,12.4553
76.3647,9.00494,2.92033,11.9253
76.3847,8.4131,2.87345,11.2865
76.4047,8.75537,2.76055,11.5159
76.4247,8.70192,2.60009,11.302
76.4447,8.53762,2.53417,11.0718
76.4647,8.60092,2.47455,11.0755
76.4847,8.74014,2.39946,11.1396
76.5047,8.8346,2.19776,11.0324
76.5247,8.20872,2.15412,10.3628
76.5447,8.41964,2.08311,10.5027
76.5647,8.21501,1.98693,10.2019
76.5847,7.76669,1.96809,9.73478
76.6047,7.96061,1.94621,9.90682
76.6247,7.49857,1.83318,9.33176
76.6447,8.10613,1.7783,9.88443
76.6647,7.29186,1.74637,9.03823
76.6847,8.00538,1.61376,9.61914
76.7047,7.37944,1.66732,9.04676
76.7247,7.70728,1.53198,9.23926
76.7447,7.35328,1.48437,8.83765
76.7647,7.33174,1.30632,8.63806
76.7847,7.08857,1.32147,8.41004
76.8047,7.0396,1.27033,8.30993
76.8247,7.524,1.18899,8.71299
76.8447,6.87273,1.15273,8.02546
76.8647,6.54411,1.11641,7.66052
76.8847,6.84854,1.04676,7.89529
76.9047,6.76532,1.01254,7.77786
76.9247,7.35501,0.959181,8.31419
76.9447,6.5301,0.854379,7.38448
76.9647,6.74819,0.878118,7.6263
76.9847,6.60599,0.76879,7.37478
77.0047,6.56213,0.713814,7.27595
77.0247,6.14456,0.661661,6.80622
77.0447,6.41089,0.626156,7.03705
77.0647,6.07699,0.531223,6.60821
77.0847,5.98725,0.514292,6.50154
77.1047,6.27482,0.480495,6.75531
77.1247,5.54454,0.439638,5.98418
77.1447,6.0749,0.340001,6.41491
77.1647,6.05086,0.349374,6.40024
77.1847,5.59282,0.290316,5.88314
77.2047,5.83221,0.285363,6.11758
77.2247,5.81998,0.282949,6.10293
77.2447,5.45607,0.235665,5.69173
77.2647,5.40734,0.232389,5.63973
77.2847,5.44023,0.213975,5.6542
77.3047,5.30715,0.167898,5.47505
77.3247,5.19851,0.17901,5.37752
77.3447,5.63275,0.136288,5.76904
77.3647,5.26181,0.104985,5.36679
77.3847,5.04526,0.11715,5.16241
77.4047,5.25477,0.0751134,5.32988
77.4247,5.21022,0.0705556,5.28077
77.4447,4.94045,0.0800448,5.0205
77.4647,4.99472,0.0518487,5.04656
77.4847,5.08658,0.0453772,5.13196
77.5047,5.05217,0.0502625,5.10244
77.5247,4.72327,0.0288579,4.75213
77.5447,4.61328,0.0347422,4.64802
77.5647,4.67194,0.0159363,4.68788
77.5847,4.8854,0.0076446,4.89304
77.6047,4.70715,3.89785e-05,4.70719
77.6247,4.65038,0,4.65038
77.6447,4.35671,0,4.35671
77.6647,4.56089,0,4.56089
77.6847,3.96413,0,3.96413
77.7047,4.14409,0,4.14409
77.7247,4.53646,0,4.53646
77.7447,4.21492,0,4.21492
77.7647,4.3561,0,4.3561
77.7847,3.97627,0,3.97627
77.8047,4.37015,0,4.37015
77.8247,4.17117,0,4.17117
77.8447,4.3618,0,4.3618
77.8647,4.24055,0,4.24055
77.8847,3.88633,0,3.88633
77.9047,3.74927,0,3.74927
77.9247,3.84246,0,3.84246
77.9447,3.44073,0,3.44073
77.9647,3.76312,0,3.76312
77.9847,3.85678,0,3.85678
78.0047,3.74957,0,3.74957
78.0247,3.38778,0,3.38778
78.0447,3.41586,0,3.41586
78.0647,3.32038,0,3.32038
78.0847,3.50991,0,3.50991
78.1047,3.23176,0,3.23176
78.1247,3.14269,0,3.14269
78.1447,2.97739,0,2.97739
78.1647,3.38216,0,3.38216
78.1847,3.20341,0,3.20341
78.2047,3.13712,0,3.13712
78.2247,2.87076,0,2.87076
78.2447,2.95672,0,2.95672
78.2647,3.1244,0,3.1244
78.2847,3.00318,0,3.00318
78.3047,2.83534,0,2.83534
78.3247,2.73822,0,2.73822
78.3447,2.93229,0,2.93229
78.3647,2.57033,0,2.57033
78.3847,2.63459,0,2.63459
78.4047,2.52432,0,2.52432
78.4247,2.66451,0,2.66451
78.4447,2.95328,0,2.95328
78.4647,2.74536,0,2.74536
78.4847,2.86236,0,2.86236
78.5047,2.31663,0,2.31663
78.5247,2.51498,0,2.51498
78.5447,2.55802,0,2.55802
78.5647,2.5364,0,2.5364
78.5847,2.42319,0,2.42319
78.6047,2.20568,0,2.20568
78.6247,1.97567,0,1.97567
78.6447,2.38564,0,2.38564
78.6647,2.21413,0,2.21413
78.6847,2.28204,0,2.28204
78.7047,2.41493,0,2.41493
78.7247,2.14102,0,2.14102
78.7447,1.90379,0,1.90379
78.7647,2.28725,0,2.28725
78.7847,1.65888,0,1.65888
78.8047,1.69415,0,1.69415
78.8247,1.95025,0,1.95025
78.8447,2.08499,0,2.08499
78.8647,2.05033,0,2.05033
78.8847,2.14152,0,2.14152
78.9047,2.15268,0,2.15268
78.9247,2.09057,0,2.09057
78.9447,1.5355,0,1.5355
78.9647,1.90865,0,1.90865
78.9847,1.70641,0,1.70641
79.0047,1.72602,0,1.72602
79.0247,1.80164,0,1.80164
79.0447,1.7877,0,1.7877
79.0647,2.00632,0,2.00632
79.0847,1.45895,0,1.45895
79.1047,1.58435,0,1.58435
79.1247,1.6758,0,1.6758
79.1447,1.57544,0,1.57544
79.1647,1.29647,0,1.29647
79.1847,1.44374,0,1.44374
79.2047,1.23296,0,1.23296
79.2247,1.40167,0,1.40167
79.2447,1.64432,0,1.64432
79.2647,1.56966,0,1.56966
79.2847,1.35707,0,1.35707
79.3047,1.38416,0,1.38416
79.3247,1.19186,0,1.19186
79.3447,1.16427,0,1.16427
79.3647,1.3359,0,1.3359
79.3847,1.27757,0,1.27757
79.4047,1.27385,0,1.27385
79.4247,1.3068,0,1.3068
79.4447,1.19383,0,1.19383
79.4647,1.28887,0,1.28887
79.4847,1.00594,0,1.00594
79.5047,1.06665,0,1.06665
79.5247,1.106,0,1.106
79.5447,1.09135,0,1.09135
79.5647,0.977106,0,0.977106
79.5847,1.0401,0,1.0401
79.6047,0.973187,0,0.973187
79.6247,0.901804,0,0.901804
79.6447,1.07964,0,1.07964
79.6647,0.993047,0,0.993047
79.6847,0.934708,0,0.934708
79.7047,0.864084,0,0.864084
79.7247,1.04728,0,1.04728
79.7447,0.808435,0,0.808435
79.7647,0.988891,0,0.988891
79.7847,1.01446,0,1.01446
79.8047,0.793294,0,0.793294
79.8247,0.842808,0,0.842808
79.8447,0.941209,0,0.941209
79.8647,0.877363,0,0.877363
79.8847,0.679252,0,0.679252
79.9047,0.722531,0,0.722531
79.9247,0.907037,0,0.907037
79.9447,0.683021,0,0.683021
79.9647,0.793503,0,0.793503
79.9847,0.852014,0,0.852014
80.0047,0.82505,0,0.82505
80.0247,0.688012,0,0.688012
80.0447,0.842402,0,0.842402
80.0647,0.625868,0,0.625868
80.0847,0.835565,0,0.835565
80.1047,0.602028,0,0.602028
80.1247,0.549741,0,0.549741
80.1447,0.681284,0,0.681284
80.1647,0.653077,0,0.653077
80.1847,0.623748,0,0.623748
80.2047,0.592135,0,0.592135
80.2247,0.553947,0,0.553947
80.2447,0.43358,0,0.43358
80.2647,0.528475,0,0.528475
80.2847,0.545619,0,0.545619
80.3047,0.508206,0,0.508206
80.3247,0.53188,0,0.53188
80.3447,0.514328,0,0.514328
80.3647,0.441125,0,0.441125
80.3847,0.514172,0,0.514172
80.4047,0.335086,0,0.335086
80.4247,0.237263,0,0.237263
80.4447,0.408978,0,0.408978
80.4647,0.412765,0,0.412765
80.4847,0.421705,0,0.421705
80.5047,0.51668,0,0.51668
80.5247,0.414762,0,0.414762
80.5447,0.41445,0,0.41445
80.5647,0.348181,0,0.348181
80.5847,0.288809,0,0.288809
80.6047,0.272602,0,0.272602
80.6247,0.237884,0,0.237884
80.6447,0.395336,0,0.395336
80.6647,0.394298,0,0.394298
80.6847,0.28259,0,0.28259
80.7047,0.195958,0,0.195958
80.7247,0.307245,0,0.307245
80.7447,0.132846,0,0.132846
80.7647,0.291921,0,0.291921
80.7847,0.248347,0,0.248347
80.8047,0.335678,0,0.335678
80.8247,0.246791,0,0.246791
80.8447,0.259285,0,0.259285
80.8647,0.257995,0,0.257995
80.8847,0.279552,0,0.279552
80.9047,0.257068,0,0.257068
80.9247,0.195541,0,0.195541
80.9447,0.241821,0,0.241821
80.9647,0.315555,0,0.315555
80.9847,0.150322,0,0.150322
81.0047,0.205616,0,0.205616
81.0247,0.172837,0,0.172837
81.0447,0.160478,0,0.160478
81.0647,0.319735,0,0.319735
81.0847,0.180529,0,0.180529
81.1047,0.152339,0,0.152339
81.1247,0.103019,0,0.103019
81.1447,0.217687,0,0.217687
81.1647,0.164804,0,0.164804
81.1847,0.121565,0,0.121565
81.2047,0.24288,0,0.24288
81.2247,0.126717,0,0.126717
81.2447,0.144398,0,0.144398
81.2647,0.217632,0,0.217632
81.2847,0.107842,0,0.107842
81.3047,0.117824,0,0.117824
81.3247,0.11967,0,0.11967
81.3447,0.167414,0,0.167414
81.3647,0.136097,0,0.136097
81.3847,0.0919097,0,0.0919097
81.4047,0.0185233,0,0.0185233
81.4247,0.019178,0,0.019178
81.4447,-0.0102285,0,-0.0102285
81.4647,0.125214,0,0.125214
81.4847,0.0710131,0,0.0710131
81.5047,0.117288,0,0.117288
81.5247,0.173346,0,0.173346
81.5447,0.0790385,0,0.0790385
81.5647,0.0626348,0,0.0626348
81.5847,0.0768253,0,0.0768253
81.6047,0.0319078,0,0.0319078
81.6247,0.0525198,0,0.0525198
81.6447,0.0389024,0,0.0389024
81.6647,0.0986428,0,0.0986428
81.6847,0.0762681,0,0.0762681
81.7047,0.126322,0,0.126322
81.7247,0.00250947,0,0.00250947
81.7447,0.0345122,0,0.0345122
81.7647,0.0719771,0,0.0719771
81.7847,0.051655,0,0.051655
81.8047,0.0923886,0,0.0923886
81.8247,0.115428,0,0.115428
81.8447,0.0493511,0,0.0493511
81.8647,0.0285429,0,0.0285429
81.8847,0.0478049,0,0.0478049
81.9047,0.0135903,0,0.0135903
81.9247,0.0521835,0,0.0521835
81.9447,0.0439671,0,0.0439671
81.9647,0.0384592,0,0.0384592
81.9847,0.0220698,0,0.0220698
82.0047,0.0997628,0,0.0997628
82.0247,0.00807622,0,0.00807622
82.0447,0.0630842,0,0.0630842
82.0647,0.0681534,0,0.0681534
82.0847,0.0524894,0,0.0524894
82.1047,0.055661,0,0.055661
82.1247,0.0472199,0,0.0472199
82.1447,0.0423243,0,0.0423243
82.1647,0.0506667,0,0.0506667
82.1847,0.0171806,0,0.0171806
82.2047,0.0157216,0,0.0157216
82.2247,0.0109885,0,0.0109885
82.2447,0.0321697,0,0.0321697
82.2647,0.00258963,0,0.00258963
82.2847,0.0391298,0,0.0391298
82.3047,0.0500237,0,0.0500237
82.3247,0.000886538,0,0.000886538
82.3447,0.0321359,0,0.0321359
82.3647,0.0328334,0,0.0328334
82.3847,0.0246885,0,0.0246885
82.4047,0.0307913,0,0.0307913
82.4247,0.0267431,0,0.0267431
82.4447,0.00553261,0,0.00553261
82.4647,0.0388541,0,0.0388541
82.4847,0.00296631,0,0.00296631
82.5047,0.0191809,0,0.0191809
82.5247,0.00320444,0,0.00320444
82.5447,-0.0147416,0,-0.0147416
82.5647,-0.00347577,0,-0.00347577
82.5847,0.0360582,0,0.0360582
82.6047,0.00893198,0,0.00893198
82.6247,-0.0164902,0,-0.0164902
82.6447,0.0152392,0,0.0152392
82.6647,0.0165082,0,0.0165082
82.6847,0.0153682,0,0.0153682
82.7047,0.0495456,0,0.0495456
82.7247,0.0388477,0,0.0388477
82.7447,0.039441,0,0.039441
82.7647,0.000472826,0,0.000472826
82.7847,0.00762694,0,0.00762694
82.8047,-0.0092272,0,-0.0092272
82.8247,0.00103907,0,0.00103907
82.8447,0.000315099,0,0.000315099
82.8647,0.00453606,0,0.00453606
82.8847,0.00951189,0,0.00951189
82.9047,-0.00436871,0,-0.00436871
82.9247,0.00353995,0,0.00353995
82.9447,0.00700494,0,0.00700494
82.9647,0.0131228,0,0.0131228
82.9847,0.013731,0,0.013731
83.0047,3.07332e-05,0,3.07332e-05
83.0247,-0.00564922,0,-0.00564922
83.0447,-0.00629747,0,-0.00629747
83.0647,0.0197847,0,0.0197847
83.0847,-0.0016201,0,-0.0016201
83.1047,-0.0159395,0,-0.0159395
83.1247,0.00850478,0,0.00850478
83.1447,-0.0179084,0,-0.0179084
83.1647,0.00428695,0,0.00428695
83.1847,0.00562141,0,0.00562141
83.2047,-0.0034749,0,-0.0034749
83.2247,-0.00169384,0,-0.00169384
83.2447,0.00515,0,0.00515
83.2647,-0.00157549,0,-0.00157549
83.2847,-0.00700958,0,-0.00700958
83.3047,-0.00662783,0,-0.00662783
83.3247,-0.00437563,0,-0.00437563
83.3447,0.00835943,0,0.00835943
83.3647,0.00250486,0,0.00250486
83.3847,-0.00165558,0,-0.00165558
83.4047,0.0013723,0,0.0013723
83.4247,-0.0240676,0,-0.0240676
83.4447,0.00587817,0,0.00587817
83.4647,-0.0131451,0,-0.0131451
83.4847,0.0104141,0,0.0104141
83.5047,0.00628199,0,0.00628199
83.5247,0.00180114,0,0.00180114
83.5447,-0.00453647,0,-0.00453647
83.5647,0.000827123,0,0.000827123
83.5847,0.0153231,0,0.0153231
83.6047,-0.00198638,0,-0.00198638
83.6247,0.0146241,0,0.0146241
83.6447,0.0110416,0,0.0110416
83.6647,0.0210197,0,0.0210197
83.6847,0.00508681,0,0.00508681
83.7047,0.0235192,0,0.0235192
83.7247,0.00904145,0,0.00904145
83.7447,0.00632084,0,0.00632084
83.7647,-0.0083005,0,-0.0083005
83.7847,-0.0102341,0,-0.0102341
83.8047,0.00491232,0,0.00491232
83.8247,-0.00263455,0,-0.00263455
83.8447,0.000712762,0,0.000712762
83.8647,0.0102893,0,0.0102893
83.8847,0.0167627,0,0.0167627
83.9047,0.0137779,0,0.0137779
83.9247,0.00625559,0,0.00625559
83.9447,0.0155809,0,0.0155809
83.9647,-0.0055612,0,-0.0055612
83.9847,-0.00414109,0,-0.00414109
84.0047,-0.0041273,0,-0.0041273
84.0247,-0.0020253,0,-0.0020253
84.0447,0.00583896,0,0.00583896
84.0647,-0.00623033,0,-0.00623033
84.0847,0.000692812,0,0.000692812
84.1047,0.005329,0,0.005329
84.1247,-0.000172044,0,-0.000172044
84.1447,0.00676538,0,0.00676538
84.1647,-0.00291242,0,-0.00291242
84.1847,-0.0110747,0,-0.0110747
84.2047,0.00306927,0,0.00306927
84.2247,0.00566306,0,0.00566306
84.2447,-0.00208496,0,-0.00208496
84.2647,-0.00284273,0,-0.00284273
84.2847,-0.000357138,0,-0.000357138
84.3047,0.0079145,0,0.0079145
84.3247,0.00395529,0,0.00395529
84.3447,0.00278421,0,0.00278421
84.3647,0.00250855,0,0.00250855
84.3847,-0.00122288,0,-0.00122288
84.4047,-0.00130784,0,-0.00130784
84.4247,-0.00275594,0,-0.00275594
84.4447,-0.00102415,0,-0.00102415
84.4647,0.0135725,0,0.0135725
84.4847,0.0022054,0,0.0022054
84.5047,0.00144944,0,0.00144944
84.5247,-0.00445208,0,-0.00445208
84.5447,0.00789801,0,0.00789801
84.5647,0.00869258,0,0.00869258
84.5847,-0.000640445,0,-0.000640445
84.6047,0.00660708,0,0.00660708
84.6247,0.00630624,0,0.00630624
84.6447,0.00264377,0,0.00264377
