Time(ns),Ie(fC/ns),Ih(fC/ns),It(fC/ns)
0,13.6489,4.68672,18.3356
0.0001,12.4231,4.39592,16.819
0.0002,13.4634,4.64702,18.1105
0.0003,12.0367,4.55997,16.5966
0.0004,13.4523,4.60577,18.0581
0.0005,12.5698,4.79651,17.3663
0.0006,13.0252,5.15841,18.1836
0.0007,13.2128,5.06336,18.2761
0.0008,13.5085,4.86991,18.3784
0.0009,12.8165,4.92959,17.7461
0.001,12.4657,4.6072,17.0729
0.0011,13.1102,4.98349,18.0937
0.0012,12.8605,4.69985,17.5603
0.0013,11.6593,4.77859,16.4379
0.0014,12.6261,4.69746,17.3236
0.0015,12.3952,4.91308,17.3083
0.0016,12.9023,4.67588,17.5782
0.0017,13.1235,4.76075,17.8842
0.0018,12.7558,5.27889,18.0347
0.0019,13.5229,4.59762,18.1205
0.002,13.34,4.57938,17.9194
0.0021,12.3201,4.76451,17.0846
0.0022,13.7603,4.73423,18.4945
0.0023,12.711,4.21947,16.9305
0.0024,12.6271,4.87117,17.4982
0.0025,14.428,5.16461,19.5926
0.0026,12.2987,4.74959,17.0483
0.0027,12.749,5.20382,17.9529
0.0028,13.0689,5.01289,18.0818
0.0029,13.2625,4.43862,17.7011
0.003,13.2757,4.62934,17.9051
0.0031,13.7976,5.11981,18.9174
0.0032,13.8292,5.12207,18.9513
0.0033,13.1225,4.86588,17.9884
0.0034,13.9374,4.77131,18.7087
0.0035,12.4539,4.38311,16.837
0.0036,13.5291,4.3366,17.8657
0.0037,13.6199,5.12054,18.7405
0.0038,12.4986,4.99877,17.4973
0.0039,12.3347,4.70599,17.0407
0.004,13.7056,4.90773,18.6134
0.0041,13.2958,4.74428,18.0401
0.0042,13.1016,5.01397,18.1156
0.0043,12.7044,4.60286,17.3073
0.0044,14.1668,4.66589,18.8327
0.0045,12.3917,4.68669,17.0784
0.0046,13.7739,4.52876,18.3026
0.0047,13.2952,4.92735,18.2225
0.0048,12.9641,4.43086,17.395
0.0049,13.181,4.74257,17.9236
0.005,12.4653,4.6006,17.0659
0.0051,12.9203,4.48121,17.4015
0.0052,12.9461,4.85589,17.802
0.0053,13.1312,4.57653,17.7077
0.0054,13.0541,4.28865,17.3427
0.0055,13.2226,4.43064,17.6533
0.0056,13.8454,4.5787,18.4241
0.0057,12.6767,4.70134,17.378
0.0058,13.0048,4.95818,17.963
0.0059,12.6579,5.13873,17.7966
0.006,13.566,4.62221,18.1882
0.0061,13.8411,4.64366,18.4847
0.0062,11.454,4.91839,16.3724
0.0063,12.1377,4.67877,16.8165
0.0064,12.2587,4.34772,16.6065
0.0065,13.0463,4.49276,17.5391
0.0066,13.0342,4.82816,17.8624
0.0067,12.0652,4.89018,16.9554
0.0068,12.5808,4.61226,17.193
0.0069,12.8465,4.20389,17.0504
0.007,12.9091,4.35502,17.2642
0.0071,12.4647,5.48955,17.9542
0.0072,13.1506,4.57393,17.7245
0.0073,13.2972,4.68492,17.9821
0.0074,13.489,5.2424,18.7314
0.0075,13.2732,4.71479,17.988
0.0076,12.3382,4.74818,17.0864
0.0077,12.1831,4.99163,17.1747
0.0078,13.1924,4.56231,17.7547
0.0079,13.7432,5.19465,18.9378
0.008,12.8153,4.92946,17.7448
0.0081,12.7137,4.85947,17.5731
0.0082,12.4207,4.31045,16.7311
0.0083,12.588,4.7846,17.3726
0.0084,12.2372,5.00753,17.2448
0.0085,13.1551,4.56556,17.7206
0.0086,13.279,5.19391,18.4729
0.0087,13.2929,4.72521,18.0181
0.0088,12.4649,4.79869,17.2636
0.0089,12.4543,4.8661,17.3204
0.009,12.0919,4.59255,16.6845
0.0091,12.2652,4.69952,16.9647
0.0092,12.1553,4.87122,17.0265
0.0093,12.9255,4.3897,17.3152
0.0094,12.3073,4.74203,17.0493
0.0095,12.9543,4.1785,17.1328
0.0096,12.6084,4.49547,17.1038
0.0097,13.1241,4.66963,17.7937
0.0098,13.2312,4.95173,18.1829
0.0099,13.5886,4.74349,18.3321
0.01,12.7837,4.15899,16.9427
0.0101,13.281,4.67794,17.9589
0.0102001,12.8335,4.47636,17.3099
0.0103003,12.25,4.66941,16.9194
0.0104005,12.5385,4.61964,17.1581
0.0105009,12.8034,5.01455,17.8179
0.0106014,12.8179,4.51705,17.335
0.0107019,13.1158,4.10202,17.2178
0.0108026,13.4376,4.72966,18.1672
0.0109033,12.5393,4.3622,16.9015
0.0110041,13.4669,4.69052,18.1574
0.011105,13.3021,5.04131,18.3434
0.011206,13.536,5.34876,18.8848
0.0113071,13.0441,4.43916,17.4833
0.0114083,13.1586,5.08496,18.2436
0.0115096,12.9971,5.16824,18.1653
0.011611,14.0669,4.8687,18.9356
0.0117124,12.6797,4.27433,16.954
0.011814,12.8402,4.97889,17.8191
0.0119156,12.913,4.42775,17.3407
0.0120174,11.6434,4.95278,16.5962
0.0121192,13.4332,4.48661,17.9198
0.0122211,13.5114,4.80518,18.3166
0.0123231,12.3091,4.16679,16.4759
0.0124253,13.3635,4.49062,17.8541
0.0125275,13.2104,4.46298,17.6734
0.0126298,13.7745,4.46413,18.2386
0.0127322,13.1285,4.30712,17.4356
0.0128346,13.2035,4.84717,18.0506
0.0129372,12.1871,5.05944,17.2465
0.0130399,12.841,4.79653,17.6376
0.0131426,13.4281,4.82094,18.249
0.0132455,13.6486,4.85107,18.4996
0.0133485,12.9823,4.93983,17.9221
0.0134515,12.4448,4.62275,17.0675
0.0135546,13.2859,4.82059,18.1065
0.0136579,12.6924,5.12116,17.8136
0.0137612,12.9912,5.08252,18.0738
0.0138646,12.3625,4.76523,17.1277
0.0139681,12.9773,5.03677,18.0141
0.0140717,13.4724,5.37797,18.8503
0.0141754,12.9218,4.22149,17.1433
0.0142792,12.9061,4.76469,17.6708
0.0143831,12.5235,4.58518,17.1087
0.0144871,12.6408,4.52673,17.1676
0.0145912,11.8766,5.14318,17.0198
0.0146954,13.0728,4.66028,17.7331
0.0147996,12.808,4.55879,17.3668
0.014904,13.3914,5.06601,18.4574
0.0150084,12.8272,4.723,17.5502
0.015113,13.7069,4.73661,18.4435
0.0152176,12.7159,4.65512,17.371
0.0153224,13.0878,4.82995,17.9178
0.0154272,12.1859,4.4862,16.6721
0.0155322,13.4391,4.40454,17.8436
0.0156372,12.6651,4.84142,17.5066
0.0157423,13.6259,4.52029,18.1462
0.0158475,13.3701,4.70859,18.0786
0.0159529,13.8933,4.49898,18.3922
0.0160583,13.488,4.69698,18.185
0.0161638,12.341,4.75374,17.0947
0.0162694,13.9083,4.56571,18.474
0.0163751,12.5406,5.1856,17.7262
0.0164809,13.4334,4.47258,17.9059
0.0165868,12.8576,4.58663,17.4443
0.0166928,12.9174,4.49441,17.4118
0.0167988,12.718,4.82353,17.5415
0.016905,13.0442,4.94087,17.9851
0.0170113,13.4852,4.35491,17.8401
0.0171177,12.6325,4.99356,17.626
0.0172241,13.0114,4.57255,17.584
0.0173307,12.5205,4.62841,17.1489
0.0174374,13.2163,4.85984,18.0762
0.0175441,12.5764,4.88741,17.4638
0.017651,13.2982,4.68194,17.9802
0.0177579,13.5501,4.57562,18.1257
0.017865,12.4261,4.46512,16.8913
0.0179721,12.6273,4.72642,17.3537
0.0180794,13.5112,4.44981,17.961
0.0181867,13.2895,4.54247,17.832
0.0182942,13.4906,4.94494,18.4355
0.0184017,13.3776,5.10075,18.4784
0.0185094,12.7485,4.93628,17.6847
0.0186171,12.9436,4.76859,17.7122
0.0187249,13.1074,4.56807,17.6755
0.0188329,12.6314,4.08281,16.7142
0.0189409,13.6162,4.53304,18.1492
0.019049,12.5657,4.97823,17.5439
0.0191572,13.0716,4.82804,17.8996
0.0192656,13.6606,4.93448,18.5951
0.019374,13.1305,4.64978,17.7802
0.0194825,12.8146,5.11008,17.9247
0.0195911,12.6422,4.67295,17.3151
0.0196999,13.0188,4.49665,17.5154
0.0198087,12.7316,4.11567,16.8472
0.0199176,12.7741,4.81057,17.5846
0.0200266,12.5578,4.59348,17.1513
0.0201357,13.0461,4.91596,17.962
0.0202449,12.6985,4.51392,17.2124
0.0203543,13.448,4.03758,17.4856
0.0204637,12.7827,4.80155,17.5843
0.0205732,13.0308,4.86801,17.8988
0.0206828,13.14,5.05414,18.1942
0.0207925,12.7206,4.92973,17.6503
0.0209023,12.6663,4.84617,17.5125
0.0210122,12.4335,4.62839,17.0618
0.0211222,12.7762,4.94464,17.7208
0.0212323,12.2883,4.77774,17.066
0.0213426,13.6037,4.37033,17.9741
0.0214529,13.5372,4.23801,17.7752
0.0215633,12.6579,4.52052,17.1784
0.0216738,12.4165,4.27532,16.6918
0.0217844,12.8324,4.58284,17.4153
0.0218951,13.7623,4.62881,18.3912
0.0220059,13.0926,4.51445,17.607
0.0221168,13.2634,4.65863,17.9221
0.0222279,13.1461,5.17311,18.3192
0.022339,13.7159,4.31102,18.0269
0.0224502,12.2863,4.62354,16.9098
0.0225615,13.1915,4.74809,17.9396
0.0226729,13.7055,4.37159,18.0771
0.0227845,12.4033,4.22057,16.6239
0.0228961,12.8183,4.95443,17.7727
0.0230078,13.0834,4.89935,17.9828
0.0231196,13.2265,4.84603,18.0725
0.0232316,12.8004,4.77497,17.5753
0.0233436,13.0722,4.88171,17.9539
0.0234557,13.0102,5.04085,18.0511
0.0235679,12.3053,5.15123,17.4566
0.0236803,13.0601,5.11557,18.1757
0.0237927,13.17,4.98576,18.1557
0.0239053,13.1647,4.51369,17.6783
0.0240179,13.529,4.34058,17.8696
0.0241306,12.005,4.34328,16.3483
0.0242435,12.428,4.60872,17.0368
0.0243564,13.4109,5.21041,18.6213
0.0244695,13.5257,4.22731,17.753
0.0245826,13.6538,4.60377,18.2575
0.0246959,12.3768,4.18529,16.5621
0.0248093,13.1855,4.80197,17.9875
0.0249227,12.9435,4.79325,17.7367
0.0250363,12.1744,4.45555,16.6299
0.02515,12.6875,4.44746,17.1349
0.0252637,13.1667,4.64416,17.8108
0.0253776,12.7931,4.95825,17.7513
0.0254916,13.1445,4.51428,17.6588
0.0256057,13.0703,4.55092,17.6212
0.0257199,12.8185,5.00632,17.8249
0.0258341,13.0125,4.99872,18.0112
0.0259485,13.2226,4.11763,17.3402
0.026063,12.5421,4.5253,17.0674
0.0261776,13.1173,4.70233,17.8197
0.0262923,12.9953,4.82298,17.8182
0.0264072,12.8661,4.61275,17.4789
0.0265221,12.8889,4.5393,17.4282
0.0266371,13.2745,4.66523,17.9397
0.0267522,12.7201,4.80285,17.5229
0.0268674,12.2178,4.9084,17.1262
0.0269828,13.0973,4.41264,17.5099
0.0270982,12.587,5.25193,17.8389
0.0272138,12.6427,4.90402,17.5468
0.0273294,13.3312,4.54933,17.8805
0.0274452,13.3261,4.93229,18.2584
0.027561,12.7385,4.93891,17.6774
0.027677,13.1576,4.68894,17.8466
0.0277931,13.0296,4.77998,17.8096
0.0279092,12.3726,5.01279,17.3854
0.0280255,13.1257,4.16336,17.2891
0.0281419,13.7409,5.03434,18.7753
0.0282584,12.81,4.51522,17.3252
0.028375,13.3849,4.74521,18.1301
0.0284917,12.9649,4.27829,17.2432
0.0286085,12.2073,4.47333,16.6806
0.0287254,12.9489,4.94874,17.8976
0.0288424,12.9618,4.77417,17.7359
0.0289596,13.2867,4.40043,17.6871
0.0290768,13.2466,4.79269,18.0393
0.0291942,13.6862,5.00964,18.6959
0.0293116,12.8248,4.67839,17.5031
0.0294292,13.37,4.87025,18.2402
0.0295468,13.044,4.71388,17.7579
0.0296646,13.6707,4.25825,17.9289
0.0297825,13.4149,4.84323,18.2582
0.0299005,13.7579,4.67571,18.4336
0.0300185,13.6282,4.87699,18.5051
0.0301367,12.8234,5.00034,17.8237
0.0302551,12.7217,4.81041,17.5321
0.0303735,12.5844,4.97272,17.5571
0.030492,13.2848,4.56554,17.8503
0.0306106,12.7577,5.10148,17.8591
0.0307294,12.2195,5.18884,17.4084
0.0308482,13.1665,4.5286,17.6951
0.0309672,13.2382,4.25984,17.498
0.0310862,13.2939,4.29505,17.5889
0.0312054,12.7483,4.87498,17.6233
0.0313247,13.1902,4.52494,17.7151
0.031444,12.9687,4.73099,17.6997
0.0315635,12.8295,4.85439,17.6839
0.0316831,12.789,4.82437,17.6134
0.0318029,13.0158,4.30334,17.3192
0.0319227,13.4255,4.36154,17.787
0.0320426,13.9089,4.75347,18.6624
0.0321626,12.6748,4.78271,17.4576
0.0322828,12.8208,5.34292,18.1637
0.032403,12.2891,4.45422,16.7433
0.0325234,13.0893,4.66904,17.7583
0.0326439,13.2466,4.81578,18.0624
0.0327645,13.7513,5.33168,19.0829
0.0328852,12.9193,4.62433,17.5436
0.033006,13.7211,4.91436,18.6355
0.0331269,13.9337,4.62308,18.5568
0.0332479,14.1453,4.78965,18.935
0.033369,13.0166,4.48372,17.5003
0.0334903,13.1218,4.55522,17.677
0.0336116,13.1761,4.97016,18.1463
0.0337331,12.3137,4.52272,16.8364
0.0338547,13.4515,5.13883,18.5903
0.0339764,12.9749,4.86576,17.8407
0.0340982,12.7993,4.32123,17.1205
0.0342201,13.2826,4.95732,18.2399
0.0343421,13.1442,4.80932,17.9535
0.0344642,12.8786,5.07405,17.9527
0.0345865,12.7799,4.60844,17.3883
0.0347088,12.2774,5.11239,17.3898
0.0348313,12.2147,4.89936,17.1141
0.0349539,12.6248,4.82702,17.4518
0.0350765,13.0376,4.70206,17.7396
0.0351993,13.1206,4.87264,17.9932
0.0353222,12.9922,5.06376,18.0559
0.0354453,13.1288,4.80161,17.9304
0.0355684,12.6352,4.6237,17.2589
0.0356916,13.2688,4.97956,18.2484
0.035815,13.2223,5.20697,18.4293
0.0359385,13.2473,5.00511,18.2524
0.036062,12.8813,4.74507,17.6264
0.0361857,14.0758,4.96652,19.0423
0.0363095,12.9337,4.97524,17.9089
0.0364335,13.0363,4.38051,17.4168
0.0365575,13.8779,4.85356,18.7314
0.0366816,12.9319,4.55217,17.484
0.0368059,12.4725,5.02405,17.4966
0.0369303,12.7528,4.47641,17.2292
0.0370547,13.7575,5.10528,18.8628
0.0371793,13.3066,4.30243,17.609
0.037304,12.5013,4.87104,17.3723
0.0374289,12.2852,4.74132,17.0265
0.0375538,13.9827,4.34182,18.3245
0.0376789,13.1117,4.53594,17.6477
0.037804,13.2021,4.67458,17.8767
0.0379293,12.8266,4.49114,17.3177
0.0380547,13.2041,5.01071,18.2149
0.0381802,13.1983,4.48823,17.6866
0.0383058,13.0855,4.53582,17.6213
0.0384315,12.5251,4.5626,17.0877
0.0385574,13.2595,4.88731,18.1468
0.0386833,12.7712,4.43247,17.2036
0.0388094,13.2656,4.77817,18.0437
0.0389356,13.683,4.56539,18.2484
0.0390619,12.3314,4.52185,16.8533
0.0391883,12.3494,4.63189,16.9813
0.0393149,12.0132,4.87881,16.892
0.0394415,12.1747,4.67291,16.8476
0.0395683,12.5478,4.65187,17.1997
0.0396952,13.3197,5.0106,18.3303
0.0398222,12.7301,4.64963,17.3798
0.0399493,13.0787,4.03736,17.1161
0.0400765,12.686,4.48044,17.1665
0.0402038,13.1866,4.92468,18.1113
0.0403313,13.7344,4.32927,18.0637
0.0404589,13.2569,4.69147,17.9483
0.0405866,12.6042,5.37989,17.9841
0.0407144,13.0837,4.91847,18.0022
0.0408423,12.8264,4.36101,17.1874
0.0409703,12.9989,4.56127,17.5602
0.0410985,12.7868,4.49541,17.2822
0.0412268,13.6919,4.06825,17.7601
0.0413551,13.1057,4.71022,17.816
0.0414836,13.7212,4.90382,18.625
0.0416123,13.3652,4.76599,18.1312
0.041741,13.861,4.50341,18.3644
0.0418699,12.6732,4.54442,17.2176
0.0419988,13.0309,4.94904,17.98
0.0421279,12.5395,4.662,17.2015
0.0422571,12.5663,4.09967,16.666
0.0423865,12.6946,4.63433,17.329
0.0425159,12.3466,4.65702,17.0036
0.0426455,13.3218,4.44209,17.7639
0.0427751,13.2935,4.49722,17.7908
0.0429049,12.5418,4.90899,17.4508
0.0430348,13.3415,4.67242,18.0139
0.0431649,12.9374,4.62878,17.5662
0.043295,13.1887,4.75615,17.9448
0.0434253,13.5109,4.77179,18.2827
0.0435557,12.7011,4.5205,17.2216
0.0436862,13.3048,4.62571,17.9305
0.0438168,12.729,4.8691,17.5981
0.0439476,11.8864,4.65549,16.5419
0.0440784,13.6371,5.09608,18.7332
0.0442094,12.7759,5.06483,17.8407
0.0443405,13.4288,5.00859,18.4374
0.0444717,12.9339,5.08207,18.016
0.0446031,12.6502,4.76718,17.4174
0.0447345,13.2917,4.50148,17.7932
0.0448661,13.3651,4.72577,18.0909
0.0449978,12.9165,5.01812,17.9346
0.0451296,12.9279,5.08015,18.008
0.0452615,13.2967,4.47533,17.772
0.0453936,13.0056,4.23239,17.238
0.0455258,13.0351,5.09732,18.1324
0.0456581,12.5875,4.76797,17.3555
0.0457905,13.1922,4.52996,17.7222
0.045923,13.6273,5.27656,18.9038
0.0460557,13.265,4.56249,17.8275
0.0461885,12.7512,4.72402,17.4752
0.0463214,12.7617,4.20824,16.97
0.0464544,13.5254,4.59078,18.1162
0.0465875,13.4565,4.47544,17.932
0.0467208,12.9567,4.59907,17.5557
0.0468542,13.6516,4.74735,18.3989
0.0469877,12.8234,4.67273,17.4961
0.0471213,13.4704,4.98684,18.4573
0.047255,12.4657,4.64342,17.1091
0.0473889,12.7286,4.38023,17.1088
0.0475229,12.5201,4.46615,16.9863
0.047657,13.157,4.33534,17.4923
0.0477912,12.7392,4.802,17.5412
0.0479256,12.1874,4.66757,16.855
0.0480601,13.7912,4.0817,17.8729
0.0481947,13.1549,4.81504,17.97
0.0483294,13.0826,4.52171,17.6043
0.0484642,12.1042,4.41398,16.5182
0.0485992,12.7884,4.63381,17.4222
0.0487343,13.0749,4.82904,17.9039
0.0488695,13.7053,4.92819,18.6335
0.0490048,12.6961,4.6327,17.3288
0.0491403,12.4404,4.77624,17.2166
0.0492759,13.3117,4.61728,17.929
0.0494116,12.7939,4.8587,17.6526
0.0495474,13.0279,4.52605,17.554
0.0496834,12.8728,4.98535,17.8582
0.0498194,13.0308,4.23952,17.2703
0.0499556,13.6463,4.80578,18.452
0.050092,13.1845,4.21752,17.402
0.0502284,12.2802,4.716,16.9962
0.050365,12.6572,5.40393,18.0612
0.0505017,12.9225,4.58636,17.5088
0.0506385,12.3623,4.48537,16.8477
0.0507754,12.1809,4.48432,16.6652
0.0509125,13.3645,4.73255,18.097
0.0510497,12.7802,4.27958,17.0598
0.051187,13.724,4.73303,18.4571
0.0513245,12.1292,4.70627,16.8354
0.051462,12.7723,4.72429,17.4966
0.0515997,13.101,4.9416,18.0426
0.0517375,12.6289,4.42291,17.0518
0.0518755,13.0342,4.75237,17.7866
0.0520136,13.1261,4.74824,17.8743
0.0521518,13.1987,4.69625,17.895
0.0522901,13.2211,5.06134,18.2824
0.0524285,12.9713,4.35399,17.3253
0.0525671,12.8953,4.62061,17.5159
0.0527058,13.0966,4.60019,17.6968
0.0528446,13.5457,4.51439,18.0601
0.0529836,12.4167,4.95043,17.3672
0.0531226,12.928,4.77852,17.7065
0.0532618,12.3327,4.63092,16.9636
0.0534012,13.2125,4.30927,17.5218
0.0535406,12.8268,4.79107,17.6179
0.0536802,12.2349,4.90271,17.1376
0.0538199,12.0883,4.95103,17.0393
0.0539597,13.2041,4.85143,18.0556
0.0540997,12.9295,4.36092,17.2904
0.0542398,12.8079,4.91824,17.7261
0.05438,13.0817,4.45683,17.5385
0.0545204,13.6794,4.66102,18.3404
0.0546608,13.2167,4.45822,17.675
0.0548014,13.3274,4.54886,17.8762
0.0549422,13.0515,4.84367,17.8952
0.055083,12.7506,4.68581,17.4364
0.055224,13.1017,4.58786,17.6895
0.0553651,12.4378,5.16285,17.6007
0.0555064,12.755,4.92966,17.6847
0.0556477,13.0282,4.34975,17.3779
0.0557892,12.7265,4.84264,17.5691
0.0559309,13.9952,4.80471,18.7999
0.0560726,13.0073,4.80473,17.812
0.0562145,13.5067,4.5263,18.033
0.0563565,12.8376,4.74119,17.5788
0.0564987,13.1,5.03976,18.1398
0.0566409,13.1474,4.63589,17.7832
0.0567833,13.0398,4.86659,17.9064
0.0569259,12.8381,4.57597,17.4141
0.0570685,12.323,4.7467,17.0697
0.0572113,13.2013,4.79365,17.995
0.0573542,12.5175,5.06872,17.5863
0.0574973,13.5657,4.39345,17.9591
0.0576405,12.307,4.20703,16.5141
0.0577838,12.8484,5.05386,17.9023
0.0579272,12.7873,4.7127,17.5
0.0580708,13.0405,4.59249,17.633
0.0582145,13.786,4.60827,18.3943
0.0583583,12.0615,5.15996,17.2215
0.0585023,12.6147,4.28967,16.9043
0.0586464,12.475,4.79462,17.2696
0.0587906,12.885,4.90539,17.7904
0.0589349,13.25,4.69794,17.9479
0.0590794,12.6836,4.67258,17.3562
0.059224,12.8495,4.73681,17.5863
0.0593688,12.4744,5.05187,17.5263
0.0595137,12.6136,4.86434,17.478
0.0596587,12.2439,4.54724,16.7912
0.0598038,12.9192,4.98365,17.9029
0.0599491,12.9694,5.00369,17.9731
0.0600945,12.8799,4.83094,17.7109
0.0602401,12.8242,4.74425,17.5685
0.0603857,13.1094,4.4527,17.5621
0.0605315,12.9409,4.74818,17.6891
0.0606775,13.6473,4.79158,18.4389
0.0608235,13.1602,4.97748,18.1377
0.0609697,13.0251,4.76948,17.7946
0.0611161,12.7338,4.65019,17.384
0.0612625,12.9478,4.36715,17.3149
0.0614092,12.7171,4.39067,17.1077
0.0615559,12.3102,4.91812,17.2283
0.0617028,13.4411,4.96142,18.4025
0.0618498,12.892,4.55584,17.4478
0.0619969,13.0595,4.56354,17.623
0.0621442,13.4172,4.84895,18.2661
0.0622916,12.9673,5.05276,18.02
0.0624391,12.8689,4.61175,17.4806
0.0625868,12.8507,4.6038,17.4545
0.0627346,13.8117,4.72992,18.5416
0.0628825,13.5011,4.97591,18.477
0.0630306,13.3069,4.62557,17.9324
0.0631788,13.2609,5.01978,18.2807
0.0633272,12.863,4.61125,17.4743
0.0634756,12.8974,4.71351,17.6109
0.0636242,12.7371,4.45297,17.19
0.063773,12.9203,4.75443,17.6747
0.0639219,13.0436,4.70847,17.752
0.0640709,13.2439,4.69661,17.9405
0.0642201,13.7822,4.41905,18.2012
0.0643693,12.1746,4.32953,16.5041
0.0645188,12.9563,4.19467,17.151
0.0646683,13.1623,4.5203,17.6826
0.064818,12.6146,5.179,17.7936
0.0649679,13.7172,4.6413,18.3585
0.0651178,13.4927,4.51144,18.0042
0.0652679,13.1407,4.7812,17.9219
0.0654182,13.2442,4.62712,17.8714
0.0655686,13.3376,4.58964,17.9273
0.0657191,13.3631,4.77686,18.14
0.0658697,12.8055,4.51972,17.3253
0.0660205,12.7305,4.77198,17.5024
0.0661715,13.2888,4.73685,18.0256
0.0663225,13.0768,4.53129,17.608
0.0664737,12.5316,5.16278,17.6944
0.0666251,13.2842,4.70618,17.9903
0.0667765,12.0592,5.00809,17.0673
0.0669282,12.5771,4.7187,17.2958
0.0670799,12.7338,4.39575,17.1295
0.0672318,12.3543,4.98295,17.3373
0.0673838,12.832,4.12054,16.9525
0.067536,12.8019,4.43061,17.2326
0.0676883,12.8127,4.96798,17.7806
0.0678407,13.3055,4.50241,17.8079
0.0679933,12.8062,4.36909,17.1753
0.0681461,12.3826,4.54387,16.9265
0.0682989,13.0372,4.63227,17.6694
0.0684519,12.5841,4.3896,16.9737
0.068605,13.1437,4.60348,17.7472
0.0687583,13.0079,4.07047,17.0783
0.0689117,13.5385,4.91348,18.452
0.0690653,12.2285,4.92043,17.149
0.069219,13.4012,4.40375,17.805
0.0693728,12.9393,4.76253,17.7018
0.0695268,13.2789,4.51,17.7889
0.0696809,13.4911,4.82141,18.3126
0.0698352,12.8914,5.08189,17.9733
0.0699896,12.3749,4.27835,16.6533
0.0701441,13.4203,4.7056,18.1259
0.0702988,13.2934,5.05018,18.3436
0.0704536,13.4284,4.43813,17.8665
0.0706086,13.1383,4.97481,18.1131
0.0707637,12.7317,4.94126,17.673
0.0709189,12.8631,4.79019,17.6533
0.0710743,12.7757,4.61807,17.3938
0.0712298,12.5703,4.35976,16.9301
0.0713855,12.8976,4.39219,17.2898
0.0715413,13.6478,4.67055,18.3184
0.0716972,12.4502,4.50864,16.9588
0.0718533,13.2782,4.68316,17.9613
0.0720095,13.0589,4.78221,17.8411
0.0721659,13.5583,5.20261,18.761
0.0723224,13.0009,4.85548,17.8564
0.0724791,13.3147,4.81188,18.1266
0.0726359,12.7765,4.69751,17.474
0.0727928,12.9777,5.14315,18.1208
0.0729499,12.7678,4.39015,17.1579
0.0731071,13.0202,4.76053,17.7807
0.0732645,12.4836,4.51021,16.9938
0.073422,13.5195,5.16977,18.6893
0.0735797,13.3154,4.96621,18.2817
0.0737375,12.1974,4.58195,16.7794
0.0738954,12.5956,4.55411,17.1497
0.0740535,13.0422,4.33176,17.3739
0.0742117,13.3447,4.89926,18.244
0.0743701,13.3614,4.27221,17.6336
0.0745286,13.3307,4.43175,17.7624
0.0746873,12.9962,4.36056,17.3567
0.0748461,13.14,4.60654,17.7465
0.075005,13.4361,4.89359,18.3297
0.0751641,13.2013,5.07607,18.2774
0.0753234,12.4098,4.52354,16.9334
0.0754828,13.397,4.81365,18.2106
0.0756423,12.9554,5.00549,17.9609
0.075802,13.2396,4.76948,18.0091
0.0759618,12.7866,4.69627,17.4829
0.0761218,13.4947,4.56408,18.0587
0.0762819,13.005,4.52246,17.5274
0.0764421,12.9049,4.79089,17.6958
0.0766025,12.6328,4.82322,17.456
0.0767631,12.4353,4.62827,17.0636
0.0769238,12.9656,5.00405,17.9696
0.0770846,12.5357,4.94926,17.485
0.0772456,13.3675,4.75478,18.1223
0.0774067,13.18,4.73699,17.917
0.077568,13.2149,4.82048,18.0354
0.0777294,12.8674,4.32711,17.1945
0.077891,13.4185,4.93894,18.3575
0.0780527,12.9463,4.10842,17.0548
0.0782146,12.5717,4.81587,17.3876
0.0783766,13.0408,4.41769,17.4585
0.0785388,13.2637,4.74332,18.007
0.0787011,13.0236,4.80982,17.8334
0.0788635,13.287,4.55179,17.8388
0.0790261,13.129,4.58705,17.716
0.0791889,13.1611,4.77077,17.9319
0.0793518,13.3974,4.69304,18.0904
0.0795148,13.3373,4.40556,17.7429
0.079678,12.8077,4.47283,17.2806
0.0798414,13.1393,4.65469,17.794
0.0800049,12.9864,4.64989,17.6363
0.0801685,13.0808,4.9381,18.0189
0.0803323,13.7256,4.58296,18.3086
0.0804962,12.9069,4.73933,17.6462
0.0806603,12.679,5.03862,17.7177
0.0808245,13.3355,4.59253,17.928
0.0809889,12.2433,4.89773,17.141
0.0811535,13.2338,4.88369,18.1175
0.0813182,13.3225,4.30524,17.6277
0.081483,12.5822,4.45267,17.0349
0.081648,12.8654,4.362,17.2274
0.0818131,12.9614,5.1733,18.1347
0.0819784,12.9505,4.56721,17.5177
0.0821438,12.4896,4.11455,16.6042
0.0823094,12.5998,4.74519,17.345
0.0824751,13.1818,4.71704,17.8988
0.082641,12.5016,4.42572,16.9273
0.0828071,13.0983,4.71482,17.8131
0.0829733,12.7165,4.38329,17.0998
0.0831396,12.8102,4.674,17.4842
0.0833061,12.309,4.34353,16.6526
0.0834727,12.8337,4.68923,17.5229
0.0836395,13.294,4.35606,17.6501
0.0838065,12.9929,4.69927,17.6922
0.0839736,12.7313,4.98278,17.714
0.0841408,13.2555,4.53855,17.794
0.0843082,13.0672,4.18162,17.2488
0.0844758,12.9587,4.40443,17.3631
0.0846435,12.8924,4.62743,17.5198
0.0848113,12.6895,4.87604,17.5655
0.0849793,12.6819,4.67467,17.3566
0.0851475,13.3702,4.481,17.8513
0.0853158,12.9989,5.08607,18.085
0.0854843,13.3289,4.96932,18.2982
0.0856529,12.8967,4.55862,17.4553
0.0858217,12.8048,4.65353,17.4584
0.0859906,13.0075,4.29981,17.3073
0.0861597,12.6807,4.98287,17.6635
0.0863289,12.9465,4.26406,17.2105
0.0864983,13.5929,4.61994,18.2128
0.0866679,13.5133,4.60119,18.1144
0.0868376,12.2194,4.82358,17.043
0.0870074,13.8193,4.62061,18.4399
0.0871774,13.5755,4.52024,18.0957
0.0873476,13.0134,5.1422,18.1556
0.0875179,12.7271,4.26268,16.9897
0.0876884,12.7084,4.48367,17.1921
0.087859,12.295,4.33957,16.6346
0.0880298,12.6808,4.71055,17.3913
0.0882007,13.1207,4.48471,17.6055
0.0883718,13.3003,4.36251,17.6628
0.0885431,13.1313,4.8453,17.9766
0.0887145,12.6996,4.53848,17.2381
0.088886,12.9648,4.70745,17.6722
0.0890577,13.086,4.79146,17.8775
0.0892296,12.8556,4.66084,17.5165
0.0894016,12.2319,4.63679,16.8687
0.0895738,13.5907,4.59626,18.1869
0.0897462,13.1621,4.75714,17.9192
0.0899186,12.6214,4.33732,16.9587
0.0900913,12.6949,4.90434,17.5992
0.0902641,12.8569,4.53769,17.3946
0.0904371,13.3001,5.07358,18.3737
0.0906102,12.8384,4.9331,17.7715
0.0907835,12.2978,4.55318,16.851
0.0909569,13.5218,4.69345,18.2153
0.0911305,12.8048,4.3796,17.1844
0.0913043,13.1176,4.69811,17.8157
0.0914782,12.9694,4.56881,17.5382
0.0916523,12.8345,4.89962,17.7341
0.0918265,13.6141,4.59869,18.2128
0.0920009,13.5579,4.48077,18.0387
0.0921754,13.0748,5.04744,18.1222
0.0923501,12.6882,4.23303,16.9212
0.092525,12.9737,4.89082,17.8645
0.0927,12.8252,4.89819,17.7234
0.0928752,12.9953,4.76886,17.7641
0.0930505,12.5628,4.55278,17.1156
0.093226,12.2651,5.19468,17.4598
0.0934017,12.6275,4.54581,17.1733
0.0935775,13.2475,4.76775,18.0153
0.0937535,12.7112,4.43706,17.1483
0.0939296,12.6945,4.2298,16.9243
0.0941059,12.7137,4.66869,17.3824
0.0942824,12.8697,4.83669,17.7064
0.094459,12.8737,4.60192,17.4756
0.0946358,12.6372,4.78814,17.4253
0.0948127,12.8613,4.80042,17.6617
0.0949898,13.5954,4.47619,18.0716
0.0951671,12.9664,4.46472,17.4311
0.0953445,12.7741,4.87662,17.6507
0.0955221,13.4039,4.7647,18.1686
0.0956999,13.211,4.77781,17.9889
0.0958778,12.7602,4.53329,17.2935
0.0960558,13.344,4.27417,17.6181
0.0962341,12.7931,4.67679,17.4699
0.0964125,12.452,4.56185,17.0139
0.096591,13.1278,4.34079,17.4686
0.0967697,12.7241,4.69901,17.4231
0.0969486,13.1349,4.62419,17.7591
0.0971277,13.4353,5.26616,18.7015
0.0973069,12.2635,4.62049,16.884
0.0974862,12.8346,4.79988,17.6345
0.0976658,12.7133,4.47637,17.1897
0.0978455,13.6463,4.74707,18.3934
0.0980253,12.6917,4.37879,17.0705
0.0982054,13.2957,4.96143,18.2571
0.0983855,13.6122,4.8564,18.4686
0.0985659,13.0031,4.91533,17.9185
0.0987464,13.3461,4.55324,17.8993
0.0989271,13.2608,4.80155,18.0624
0.0991079,12.6688,4.49973,17.1686
0.0992889,13.4372,4.78629,18.2235
0.0994701,12.8271,4.58725,17.4143
0.0996514,13.1997,4.41429,17.6139
0.099833,13.2002,4.617,17.8172
0.100015,12.5471,4.40118,16.9483
0.100196,13.2031,4.49524,17.6983
0.100378,13.4232,4.40203,17.8252
0.100561,13.3271,4.77442,18.1015
0.100743,13.2822,4.61327,17.8955
0.100925,13.7774,4.68302,18.4605
0.101108,13.2483,4.80319,18.0515
0.101291,13.1999,4.6274,17.8273
0.101474,13.2477,4.23328,17.4809
0.101657,13.9207,4.40129,18.3219
0.10184,12.8606,4.37413,17.2347
0.102024,13.0221,4.56309,17.5852
0.102208,12.5591,4.64912,17.2082
0.102391,12.9862,4.90804,17.8943
0.102575,12.8929,4.44992,17.3428
0.10276,12.7347,4.74727,17.482
0.102944,12.7808,4.21083,16.9917
0.103128,12.5266,4.78523,17.3118
0.103313,12.5587,4.35967,16.9184
0.103498,12.5646,4.39927,16.9639
0.103683,13.5241,4.35804,17.8822
0.103868,12.8817,4.50942,17.3912
0.104053,12.6626,4.92053,17.5831
0.104239,12.6706,4.62786,17.2984
0.104425,13.2265,4.63139,17.8578
0.10461,13.3016,4.78753,18.0891
0.104796,12.7767,4.79343,17.5702
0.104983,13.3004,4.60977,17.9101
0.105169,13.8951,4.71636,18.6115
0.105355,13.2286,4.52885,17.7574
0.105542,12.9466,4.93066,17.8773
0.105729,13.1551,4.64892,17.804
0.105916,12.933,4.65872,17.5917
0.106103,13.1083,4.82986,17.9382
0.106291,12.6895,5.09077,17.7803
0.106478,12.6669,4.73578,17.4027
0.106666,13.1644,5.1393,18.3037
0.106854,12.9482,4.58647,17.5347
0.107042,12.6636,4.57834,17.242
0.10723,13.1408,4.73192,17.8727
0.107418,12.8601,4.53785,17.398
0.107607,13.5789,4.47261,18.0515
0.107796,12.8285,4.67761,17.5061
0.107985,12.9963,4.89291,17.8892
0.108174,13.1219,4.65912,17.781
0.108363,12.9372,4.73606,17.6733
0.108552,12.5137,4.45122,16.9649
0.108742,13.0859,4.54136,17.6272
0.108932,13.1353,4.58963,17.725
0.109122,12.769,4.23444,17.0034
0.109312,13.431,4.49779,17.9288
0.109502,13.1504,4.8134,17.9638
0.109692,13.0965,4.31296,17.4095
0.109883,12.7635,4.74886,17.5124
0.110074,12.9964,4.73542,17.7318
0.110265,13.0827,4.48516,17.5678
0.110456,12.7527,4.84863,17.6013
0.110647,13.4702,4.64984,18.12
0.110839,13.4194,4.75906,18.1784
0.11103,12.2989,4.58836,16.8873
0.111222,13.3573,4.96901,18.3263
0.111414,12.7697,4.82293,17.5927
0.111607,13.1881,5.01549,18.2036
0.111799,13.1656,4.50704,17.6727
0.111991,12.9364,4.51347,17.4499
0.112184,12.924,4.63467,17.5587
0.112377,12.8729,4.65201,17.5249
0.11257,13.0174,4.81602,17.8334
0.112763,13.3018,4.8888,18.1906
0.112957,13.006,4.44076,17.4467
0.11315,13.4463,4.66498,18.1113
0.113344,12.9156,4.5624,17.478
0.113538,13.1578,4.43513,17.5929
0.113732,13.2399,4.92733,18.1673
0.113927,13.1366,4.99798,18.1346
0.114121,13.5671,4.77013,18.3373
0.114316,12.6149,4.62412,17.239
0.11451,12.7217,4.50764,17.2294
0.114706,13.1905,4.70632,17.8968
0.114901,13.051,4.76736,17.8183
0.115096,12.2178,4.42986,16.6477
0.115292,13.4173,4.58708,18.0043
0.115487,13.1397,4.6671,17.8068
0.115683,13.3672,4.81165,18.1788
0.115879,13.0554,4.36422,17.4196
0.116076,12.8132,4.87354,17.6867
0.116272,13.0901,4.76912,17.8593
0.116469,12.4253,4.49477,16.92
0.116665,13.0935,4.8463,17.9398
0.116862,12.0121,4.68388,16.696
0.117059,12.8703,4.74502,17.6154
0.117257,13.0556,4.75697,17.8125
0.117454,12.7438,4.46198,17.2058
0.117652,12.7777,4.51466,17.2923
0.11785,13.8002,4.58695,18.3872
0.118048,13.3345,4.7686,18.1031
0.118246,13.1447,4.27781,17.4225
0.118445,12.9358,4.27913,17.215
0.118643,12.3079,4.76676,17.0746
0.118842,13.3978,4.5729,17.9707
0.119041,12.4228,4.62661,17.0494
0.11924,12.3061,4.69408,17.0002
0.119439,12.7083,4.73328,17.4416
0.119639,12.9983,4.6561,17.6544
0.119838,13.0601,4.78273,17.8429
0.120038,12.8229,4.35579,17.1787
0.120238,13.2017,4.51424,17.7159
0.120439,13.0035,4.55564,17.5592
0.120639,13.2513,4.89057,18.1419
0.12084,12.7134,4.7112,17.4246
0.12104,13.0071,4.67323,17.6803
0.121241,12.9048,4.3766,17.2814
0.121442,13.0227,4.4466,17.4693
0.121644,12.6042,4.5484,17.1526
0.121845,13.3623,4.39719,17.7595
0.122047,12.9892,4.41261,17.4018
0.122249,13.3187,4.81271,18.1314
0.122451,12.3752,4.62718,17.0024
0.122653,13.2302,4.71,17.9402
0.122855,13.4771,4.30219,17.7793
0.123058,12.7706,4.44192,17.2125
0.123261,13.1914,4.76165,17.9531
0.123464,12.6821,4.76119,17.4433
0.123667,12.9188,4.52923,17.448
0.12387,13.4211,4.70986,18.131
0.124074,13.2067,4.7633,17.97
0.124277,12.5797,4.96563,17.5454
0.124481,13.1162,4.55685,17.673
0.124685,13.0592,5.02419,18.0834
0.12489,13.2621,4.31706,17.5792
0.125094,12.8675,4.95228,17.8198
0.125299,12.9844,4.26205,17.2464
0.125504,12.9118,4.95132,17.8631
0.125709,13.2645,4.34776,17.6123
0.125914,13.0573,4.92355,17.9809
0.126119,12.7634,4.83276,17.5961
0.126325,12.3254,4.39996,16.7254
0.12653,13.4376,4.32933,17.7669
0.126736,13.4985,4.65505,18.1536
0.126942,13.2674,4.78694,18.0543
0.127149,13.8196,4.40737,18.227
0.127355,12.7296,4.85788,17.5875
0.127562,13.0964,4.27236,17.3688
0.127769,13.2022,4.44433,17.6466
0.127976,13.3235,4.55142,17.875
0.128183,12.8465,4.76053,17.6071
0.128391,13.3083,4.78774,18.096
0.128598,12.6691,4.68442,17.3535
0.128806,13.048,4.73827,17.7862
0.129014,12.6766,4.53159,17.2082
0.129222,12.6041,5.0292,17.6333
0.129431,13.0962,4.52582,17.622
0.129639,13.5153,4.77164,18.2869
0.129848,12.7633,4.14427,16.9076
0.130057,13.0195,4.41828,17.4378
0.130266,12.8522,4.68906,17.5412
0.130475,12.6961,4.91514,17.6112
0.130685,12.9902,4.91467,17.9049
0.130895,12.9507,4.72122,17.672
0.131105,13.1798,4.23673,17.4165
0.131315,13.4424,4.80045,18.2428
0.131525,13.1393,4.88654,18.0258
0.131735,12.5509,4.42268,16.9736
0.131946,12.5742,4.4887,17.0629
0.132157,12.9189,4.69098,17.6099
0.132368,13.7082,4.26372,17.972
0.132579,12.6887,4.34052,17.0292
0.132791,12.9871,4.38875,17.3758
0.133002,13.0885,4.49774,17.5862
0.133214,12.8991,4.51654,17.4156
0.133426,13.1309,5.03716,18.168
0.133638,13.2735,4.38863,17.6622
0.133851,12.812,4.68754,17.4996
0.134063,13.4294,4.70768,18.1371
0.134276,13.0523,4.47983,17.5321
0.134489,13.15,4.85785,18.0078
0.134702,12.4778,4.61664,17.0945
0.134916,12.6099,4.11454,16.7244
0.135129,12.6194,4.44072,17.0601
0.135343,13.2784,4.33674,17.6152
0.135557,12.6912,4.30469,16.9959
0.135771,12.5402,4.487,17.0272
0.135985,12.5781,4.81967,17.3977
0.1362,12.8961,4.48535,17.3814
0.136415,13.2947,4.26713,17.5618
0.13663,12.825,4.73984,17.5648
0.136845,12.9956,4.39208,17.3877
0.13706,12.9753,4.62204,17.5974
0.137275,13.2835,4.44634,17.7298
0.137491,12.8918,4.66818,17.5599
0.137707,12.943,4.69868,17.6416
0.137923,12.7471,4.66013,17.4073
0.138139,12.8713,4.45627,17.3276
0.138356,12.7369,4.40247,17.1394
0.138573,13.0552,4.75459,17.8098
0.13879,13.3114,4.83496,18.1464
0.139007,13.2296,4.64908,17.8787
0.139224,12.9743,4.4608,17.4351
0.139441,13.1772,4.42538,17.6025
0.139659,13.0754,4.60239,17.6778
0.139877,12.9634,4.52819,17.4916
0.140095,12.7123,4.57242,17.2847
0.140313,13.5574,4.39726,17.9546
0.140532,12.8185,4.43243,17.2509
0.14075,13.1297,4.84144,17.9712
0.140969,12.9483,4.88858,17.8369
0.141188,12.8148,4.57463,17.3895
0.141408,13.1998,4.32002,17.5198
0.141627,13.0324,4.60007,17.6325
0.141847,12.995,4.40015,17.3952
0.142067,12.6687,4.58688,17.2556
0.142287,12.8582,4.28109,17.1393
0.142507,13.2373,4.59401,17.8313
0.142727,13.1692,4.37817,17.5474
0.142948,12.8203,4.78994,17.6102
0.143169,14.0384,4.72402,18.7625
0.14339,13.3069,4.50338,17.8103
0.143611,12.863,4.60683,17.4698
0.143833,12.4195,4.75486,17.1744
0.144054,12.826,4.49158,17.3176
0.144276,13.3049,4.82122,18.1261
0.144498,13.3163,4.8828,18.1991
0.144721,12.8309,4.32783,17.1588
0.144943,12.1029,4.43406,16.537
0.145166,12.6695,4.75144,17.4209
0.145389,12.7965,4.54914,17.3456
0.145612,13.1631,4.59163,17.7547
0.145835,13.1937,4.66605,17.8598
0.146058,13.0565,4.45326,17.5097
0.146282,13.1609,4.4251,17.586
0.146506,12.8998,4.51579,17.4156
0.14673,13.201,4.80949,18.0105
0.146954,12.9269,4.59547,17.5224
0.147179,12.7176,4.80356,17.5212
0.147404,13.0389,5.20983,18.2488
0.147629,13.2951,4.58038,17.8755
0.147854,13.0398,4.52245,17.5623
0.148079,12.3393,4.46669,16.806
0.148304,12.2971,5.19958,17.4967
0.14853,13.4307,5.08182,18.5125
0.148756,12.8593,4.53524,17.3945
0.148982,12.828,4.6841,17.5121
0.149209,12.418,4.58393,17.002
0.149435,13.1228,4.6602,17.783
0.149662,12.7312,4.66472,17.3959
0.149889,13.3337,4.4277,17.7614
0.150116,12.2739,4.78479,17.0587
0.150343,12.5828,4.63059,17.2134
0.150571,12.9042,4.57455,17.4788
0.150799,12.5628,4.81522,17.378
0.151027,12.9401,4.92085,17.8609
0.151255,12.5651,4.89565,17.4607
0.151483,12.8459,4.49656,17.3425
0.151712,13.126,4.76317,17.8892
0.151941,12.7925,4.938,17.7305
0.15217,13.1353,5.11944,18.2547
0.152399,12.9752,4.54842,17.5237
0.152629,12.8804,4.20434,17.0847
0.152858,12.7223,4.43678,17.1591
0.153088,13.2307,4.40837,17.6391
0.153318,12.7873,4.77056,17.5579
0.153549,12.3047,4.62184,16.9266
0.153779,12.76,4.24443,17.0044
0.15401,13.2345,4.66579,17.9003
0.154241,13.5972,4.50641,18.1036
0.154472,12.48,4.66991,17.1499
0.154703,12.9319,4.53841,17.4703
0.154935,13.4917,4.30231,17.794
0.155166,12.9817,4.57598,17.5577
0.155398,12.4132,4.78582,17.199
0.155631,12.486,4.37512,16.8611
0.155863,13.0928,4.51297,17.6058
0.156096,12.7877,4.57917,17.3668
0.156328,12.2564,4.65145,16.9079
0.156561,13.3802,4.26604,17.6462
0.156795,13.0958,4.672,17.7678
0.157028,12.7904,4.62496,17.4154
0.157262,13.4728,4.85987,18.3327
0.157496,13.0221,4.46963,17.4917
0.15773,13.224,4.70055,17.9246
0.157964,13.1878,4.60155,17.7893
0.158199,13.2518,4.4452,17.697
0.158433,13.0432,4.4957,17.5389
0.158668,12.9248,4.73808,17.6629
0.158903,13.3814,4.32676,17.7081
0.159139,12.8711,4.33303,17.2041
0.159374,13.3076,4.70641,18.014
0.15961,13.1667,4.42955,17.5962
0.159846,13.1915,4.39517,17.5867
0.160082,13.0152,4.76717,17.7824
0.160319,13.24,4.31232,17.5523
0.160555,12.7466,4.45418,17.2008
0.160792,12.992,4.51043,17.5024
0.161029,12.8972,4.52229,17.4195
0.161267,12.9987,4.38807,17.3867
0.161504,12.7945,4.64342,17.4379
0.161742,13.0885,4.84284,17.9314
0.16198,12.4809,4.6477,17.1286
0.162218,13.2186,4.57409,17.7927
0.162456,13.1961,4.97892,18.1751
0.162695,13.2623,4.74195,18.0043
0.162934,12.7891,4.721,17.5101
0.163173,13.0792,4.36552,17.4447
0.163412,13.1866,4.64773,17.8344
0.163652,13.6361,4.21342,17.8495
0.163891,13.3017,4.53929,17.841
0.164131,13.0991,4.48385,17.5829
0.164371,12.6669,4.59125,17.2581
0.164612,12.7235,4.40459,17.128
0.164852,13.2002,4.53125,17.7315
0.165093,12.9579,4.43247,17.3904
0.165334,12.7633,4.37871,17.142
0.165575,12.7312,4.56884,17.3
0.165817,12.5649,4.49694,17.0618
0.166058,12.6401,4.39815,17.0382
0.1663,12.921,4.7905,17.7115
0.166542,12.7388,4.37966,17.1184
0.166785,12.8408,4.48458,17.3254
0.167027,12.6388,4.62172,17.2605
0.16727,12.8391,4.58326,17.4224
0.167513,13.528,4.8497,18.3778
0.167756,12.9077,4.26876,17.1765
0.167999,12.8199,4.70728,17.5271
0.168243,12.5842,4.64612,17.2303
0.168487,12.4634,4.82514,17.2885
0.168731,12.9531,4.38472,17.3378
0.168975,13.1257,4.50261,17.6283
0.16922,12.8433,4.59249,17.4358
0.169465,12.674,4.33816,17.0122
0.16971,13.088,4.3181,17.4061
0.169955,13.0553,4.0758,17.1311
0.1702,13.267,4.58046,17.8475
0.170446,12.7487,4.65193,17.4006
0.170692,12.7473,4.60369,17.351
0.170938,12.5653,4.60238,17.1677
0.171184,13.2944,4.73256,18.0269
0.171431,13.7488,4.87951,18.6284
0.171677,13.1264,4.29274,17.4192
0.171924,12.8842,4.7433,17.6275
0.172171,13.6846,4.62228,18.3069
0.172419,13.3112,4.56744,17.8787
0.172667,13.0314,4.4508,17.4822
0.172914,13.2571,4.62545,17.8826
0.173163,13.2679,4.58952,17.8575
0.173411,13.4794,4.34321,17.8227
0.173659,12.5474,4.63695,17.1844
0.173908,12.8703,4.61568,17.486
0.174157,12.8848,4.59148,17.4763
0.174406,12.9135,4.33124,17.2447
0.174656,13.5756,4.96705,18.5427
0.174906,13.3319,4.57295,17.9048
0.175156,13.046,4.67064,17.7166
0.175406,13.3459,4.5379,17.8838
0.175656,13.2327,4.53583,17.7685
0.175907,13.0501,4.71002,17.7602
0.176157,13.208,4.8484,18.0564
0.176408,13.2947,4.7432,18.0379
0.17666,12.7628,4.56275,17.3255
0.176911,12.7316,4.49017,17.2217
0.177163,12.5139,4.27366,16.7876
0.177415,12.9168,4.17104,17.0879
0.177667,12.6158,4.51182,17.1276
0.17792,12.8658,4.4216,17.2874
0.178172,13.7309,4.68553,18.4164
0.178425,12.7372,4.42237,17.1595
0.178678,12.8725,4.55235,17.4248
0.178932,12.9362,4.70925,17.6455
0.179185,13.0838,4.40945,17.4933
0.179439,12.8224,4.68421,17.5067
0.179693,13.2077,4.35477,17.5624
0.179947,13.0008,4.54106,17.5419
0.180202,13.2797,4.46935,17.749
0.180457,12.9819,4.54843,17.5303
0.180711,12.9754,4.72947,17.7049
0.180967,12.3627,4.42424,16.787
0.181222,13.1885,4.42834,17.6168
0.181478,12.7503,4.4703,17.2206
0.181734,12.1236,4.63205,16.7557
0.18199,13.1896,4.58534,17.7749
0.182246,12.7652,4.47685,17.2421
0.182503,13.0962,4.26664,17.3628
0.18276,12.2996,4.36659,16.6662
0.183017,12.8289,4.77003,17.599
0.183274,12.873,4.50496,17.378
0.183531,13.534,4.7604,18.2944
0.183789,13.2619,4.5146,17.7765
0.184047,13.3296,4.5798,17.9094
0.184305,13.3636,4.78905,18.1527
0.184564,12.7946,4.5848,17.3794
0.184822,13.4897,4.54333,18.0331
0.185081,12.0592,4.58006,16.6392
0.185341,12.8219,4.72963,17.5516
0.1856,12.6848,4.31909,17.0039
0.18586,13.007,4.67533,17.6823
0.186119,12.7856,4.6453,17.4309
0.18638,13.1828,4.79745,17.9802
0.18664,12.9365,4.23111,17.1676
0.186901,12.827,4.48157,17.3085
0.187161,12.9936,4.70987,17.7035
0.187422,12.3245,4.28856,16.6131
0.187684,12.4894,4.72778,17.2172
0.187945,13.3841,4.20057,17.5847
0.188207,12.9331,4.53062,17.4638
0.188469,13.4825,4.46696,17.9495
0.188731,12.8815,4.34964,17.2312
0.188994,13.1677,4.58033,17.7481
0.189256,13.0266,4.53347,17.56
0.189519,12.6385,4.41087,17.0493
0.189783,12.9474,4.62472,17.5722
0.190046,12.5636,4.48468,17.0483
0.19031,13.2121,4.77748,17.9896
0.190574,12.8944,4.70403,17.5984
0.190838,12.5012,4.70706,17.2083
0.191102,12.8266,4.59896,17.4256
0.191367,12.9046,4.53483,17.4395
0.191632,13.0917,4.59895,17.6907
0.191897,12.9965,4.48404,17.4805
0.192162,12.7621,4.52697,17.289
0.192428,12.5747,4.68073,17.2554
0.192694,13.5715,4.37761,17.9491
0.19296,12.8655,4.51486,17.3804
0.193226,12.6012,4.73633,17.3376
0.193493,12.9543,4.60049,17.5548
0.193759,12.7296,4.31095,17.0406
0.194026,12.7502,4.7549,17.5051
0.194294,13.2019,4.31954,17.5214
0.194561,13.2188,4.47453,17.6933
0.194829,13.2005,4.58766,17.7881
0.195097,13.1808,4.33546,17.5163
0.195365,13.2874,4.2587,17.5461
0.195634,12.7962,4.7645,17.5607
0.195903,13.0924,4.61024,17.7026
0.196172,13.0214,4.32381,17.3452
0.196441,13.3283,4.66724,17.9956
0.19671,12.5758,4.61017,17.186
0.19698,12.8658,4.51816,17.384
0.19725,12.7223,4.71599,17.4382
0.19752,13.1389,4.63803,17.7769
0.197791,13.3861,4.80361,18.1897
0.198062,12.395,4.59422,16.9892
0.198333,12.3015,4.42239,16.7239
0.198604,12.8813,4.33541,17.2167
0.198875,13.3741,4.43168,17.8058
0.199147,12.9729,4.53811,17.511
0.199419,12.7394,4.60947,17.3488
0.199691,12.9846,4.70177,17.6863
0.199964,12.8053,4.51193,17.3173
0.200236,13.0201,4.75971,17.7798
0.200509,12.7629,4.68367,17.4465
0.200782,13.5525,4.56543,18.118
0.201056,12.8413,4.34536,17.1867
0.201329,12.3958,4.27663,16.6724
0.201603,12.5982,4.581,17.1792
0.201878,13.1479,4.70794,17.8558
0.202152,13.3117,4.34621,17.6579
0.202427,12.6775,4.73422,17.4118
0.202702,12.8948,4.77806,17.6728
0.202977,13.2495,4.67612,17.9257
0.203252,13.317,4.35239,17.6694
0.203528,12.6669,4.2569,16.9238
0.203804,12.8439,4.45731,17.3012
0.20408,12.8291,4.42413,17.2533
0.204356,12.9362,4.43084,17.3671
0.204633,13.2345,4.61349,17.848
0.20491,13.0772,4.69034,17.7675
0.205187,12.9453,4.40212,17.3474
0.205465,13.1264,4.58537,17.7118
0.205742,13.1477,4.45145,17.5992
0.20602,13.2434,4.64904,17.8925
0.206299,12.5375,4.49549,17.033
0.206577,12.836,4.31187,17.1479
0.206856,12.704,4.61742,17.3214
0.207135,13.3899,4.3412,17.7311
0.207414,13.2597,4.33238,17.592
0.207693,12.9545,4.29477,17.2493
0.207973,12.9564,4.32637,17.2828
0.208253,13.1438,4.62075,17.7646
0.208533,12.7153,4.62687,17.3422
0.208814,12.7833,4.27951,17.0628
0.209095,13.3358,4.5505,17.8863
0.209376,12.6294,4.47101,17.1004
0.209657,12.9525,4.30743,17.2599
0.209938,12.8503,4.6155,17.4658
0.21022,13.3422,4.55598,17.8982
0.210502,12.9517,4.61976,17.5714
0.210784,13.036,4.78112,17.8172
0.211067,12.5829,4.62333,17.2062
0.21135,13.1121,4.89357,18.0057
0.211633,13.284,4.7598,18.0438
0.211916,12.8408,4.55603,17.3969
0.2122,12.8851,4.72699,17.6121
0.212483,13.1981,4.82313,18.0213
0.212767,12.966,4.86785,17.8338
0.213052,13.2844,4.37947,17.6638
0.213336,12.8599,4.63752,17.4974
0.213621,13.0182,4.46611,17.4843
0.213906,13.0365,4.4748,17.5113
0.214192,12.3227,4.57047,16.8931
0.214477,12.7931,4.73817,17.5312
0.214763,13.0291,4.63894,17.668
0.215049,12.8028,4.46732,17.2701
0.215336,13.1429,4.49646,17.6394
0.215622,12.8101,4.72237,17.5325
0.215909,13.0559,4.55462,17.6105
0.216197,12.8579,4.65003,17.5079
0.216484,12.8494,4.65838,17.5078
0.216772,12.8316,4.49812,17.3297
0.21706,13.0962,4.57204,17.6682
0.217348,12.8796,4.7031,17.5827
0.217636,13.1812,4.72364,17.9048
0.217925,13.1108,4.88639,17.9972
0.218214,13.9368,4.22568,18.1625
0.218504,12.5711,4.37249,16.9436
0.218793,12.7222,4.74802,17.4702
0.219083,13.3081,4.3872,17.6953
0.219373,13.0348,4.24351,17.2783
0.219663,12.9943,4.61329,17.6076
0.219954,13.3506,4.45877,17.8094
0.220245,13.3777,4.7677,18.1454
0.220536,13.1537,4.08934,17.243
0.220827,13.0169,4.45876,17.4756
0.221119,13.0687,4.33916,17.4079
0.221411,12.7065,4.31367,17.0202
0.221703,12.9027,4.45278,17.3554
0.221996,12.4086,4.508,16.9166
0.222288,13.0703,4.75286,17.8231
0.222581,13.0156,4.32354,17.3392
0.222875,12.9588,4.50623,17.465
0.223168,12.992,4.73645,17.7285
0.223462,12.8756,4.56872,17.4444
0.223756,12.9564,4.74055,17.6969
0.22405,13.588,4.86828,18.4563
0.224345,12.8918,4.46975,17.3616
0.22464,13.0294,4.80896,17.8384
0.224935,12.8931,4.67393,17.567
0.22523,12.5196,4.92656,17.4462
0.225526,12.676,4.57637,17.2523
0.225822,12.7076,4.64021,17.3478
0.226118,12.979,4.39066,17.3697
0.226414,13.2,4.32466,17.5247
0.226711,12.631,4.47011,17.1011
0.227008,13.1632,4.29041,17.4536
0.227305,13.2028,4.49512,17.698
0.227603,12.7265,4.37726,17.1038
0.227901,12.843,4.74613,17.5891
0.228199,13.4816,4.64234,18.1239
0.228497,12.7833,4.28782,17.0711
0.228796,12.9333,4.68971,17.623
0.229095,12.5922,4.62342,17.2157
0.229394,12.8021,4.10768,16.9097
0.229693,12.8062,4.19365,16.9999
0.229993,13.2752,4.51002,17.7852
0.230293,13.2099,4.71776,17.9277
0.230593,13.0894,4.7047,17.7941
0.230894,12.5432,4.4197,16.9629
0.231195,12.6306,4.56766,17.1983
0.231496,13.6908,4.47861,18.1694
0.231797,13.0133,4.3103,17.3236
0.232099,12.852,4.50302,17.355
0.232401,13.194,4.53946,17.7334
0.232703,13.7546,4.59098,18.3456
0.233005,13.2618,4.39052,17.6524
0.233308,12.9705,4.63783,17.6083
0.233611,12.9832,4.22883,17.212
0.233914,13.2207,4.62415,17.8449
0.234218,13.2202,4.29892,17.5191
0.234522,12.652,4.55281,17.2048
0.234826,12.8525,4.48486,17.3373
0.23513,13.5065,4.22226,17.7287
0.235435,12.7924,4.92392,17.7163
0.23574,12.7987,4.43556,17.2342
0.236045,13.2477,4.92003,18.1678
0.236351,12.7358,4.30762,17.0434
0.236656,13.5521,4.59753,18.1496
0.236962,13.2875,4.35391,17.6414
0.237269,12.6996,4.64978,17.3494
0.237575,12.967,4.19121,17.1582
0.237882,12.9068,4.75215,17.6589
0.238189,12.7437,4.56824,17.3119
0.238497,12.8991,4.28257,17.1816
0.238805,13.0922,4.50358,17.5958
0.239113,12.563,4.55005,17.113
0.239421,12.9257,4.35591,17.2817
0.239729,12.8873,4.54198,17.4293
0.240038,12.7201,4.38128,17.1014
0.240347,12.4738,4.34142,16.8152
0.240657,12.675,4.47264,17.1477
0.240967,13.2784,4.79546,18.0739
0.241277,13.0881,4.37946,17.4675
0.241587,12.8817,4.4904,17.3721
0.241897,13.1725,4.39707,17.5695
0.242208,12.7934,4.36415,17.1575
0.242519,12.829,4.67456,17.5035
0.242831,13.162,4.41797,17.58
0.243142,12.9454,4.47768,17.4231
0.243454,12.7658,4.80832,17.5741
0.243766,12.9727,4.46661,17.4393
0.244079,13.4046,4.73726,18.1419
0.244392,13.1242,4.45585,17.5801
0.244705,13.219,4.58332,17.8023
0.245018,12.9077,4.40367,17.3113
0.245332,12.9952,4.49665,17.4918
0.245646,13.3582,4.62675,17.985
0.24596,12.962,4.28576,17.2478
0.246275,13.0345,4.76684,17.8013
0.246589,12.9533,4.64879,17.6021
0.246904,13.3719,4.46318,17.8351
0.24722,12.8856,4.58587,17.4714
0.247535,12.7915,4.57727,17.3688
0.247851,13.1606,4.25943,17.42
0.248168,12.9865,4.27384,17.2603
0.248484,12.7386,4.80595,17.5445
0.248801,12.9228,4.82983,17.7527
0.249118,13.5442,4.60335,18.1476
0.249435,13.1793,4.62935,17.8087
0.249753,12.3292,4.39372,16.7229
0.250071,12.7309,4.20098,16.9319
0.250389,12.7512,4.61614,17.3673
0.250708,13.0518,4.64764,17.6995
0.251027,13.2128,4.31713,17.5299
0.251346,13.5114,4.24698,17.7583
0.251665,13.3523,4.47776,17.8301
0.251985,13.1018,4.51605,17.6179
0.252305,12.8141,4.50664,17.3208
0.252625,12.9846,4.50437,17.4889
0.252946,13.0506,4.48515,17.5357
0.253267,12.7733,4.66762,17.4409
0.253588,12.9697,4.46115,17.4309
0.253909,12.929,4.49766,17.4266
0.254231,13.4414,4.42995,17.8713
0.254553,12.717,4.7668,17.4838
0.254875,13.0124,4.54508,17.5575
0.255198,12.6309,4.3321,16.963
0.255521,13.2385,4.36991,17.6084
0.255844,13.3602,4.68858,18.0488
0.256167,12.7015,4.94864,17.6502
0.256491,12.1546,4.64011,16.7947
0.256815,12.9361,4.30187,17.238
0.25714,13.1954,4.41735,17.6127
0.257464,12.9076,4.7009,17.6085
0.257789,12.9876,4.63812,17.6257
0.258115,12.8938,4.2575,17.1513
0.25844,12.9916,4.73146,17.723
0.258766,13.3004,4.37713,17.6775
0.259092,12.608,4.56085,17.1688
0.259419,12.9578,4.1621,17.1199
0.259745,13.2289,4.17855,17.4075
0.260072,12.9626,4.3653,17.3279
0.2604,12.974,4.60035,17.5744
0.260727,12.7655,4.77684,17.5424
0.261055,12.6168,4.70871,17.3255
0.261384,12.8359,4.44295,17.2788
0.261712,12.9579,4.51585,17.4738
0.262041,13.2302,4.66665,17.8969
0.26237,13.1554,4.5847,17.7401
0.262699,13.202,4.50769,17.7097
0.263029,13.0172,4.62395,17.6411
0.263359,12.9688,4.33333,17.3021
0.26369,13.0866,4.43315,17.5198
0.26402,13.1059,4.61167,17.7176
0.264351,13.1843,4.52632,17.7106
0.264682,12.7039,4.38588,17.0898
0.265014,12.4723,4.43002,16.9024
0.265346,13.1369,4.74621,17.8831
0.265678,12.9294,4.22967,17.1591
0.26601,12.7291,4.63123,17.3603
0.266343,12.3392,4.32899,16.6682
0.266676,13.198,4.43595,17.6339
0.267009,13.1901,4.17404,17.3641
0.267343,13.1291,4.56111,17.6902
0.267677,12.9897,4.21126,17.201
0.268011,13.1815,4.55808,17.7396
0.268346,13.3676,4.5296,17.8972
0.268681,12.4646,4.50025,16.9649
0.269016,12.5221,3.99454,16.5166
0.269351,13.1226,4.74536,17.868
0.269687,12.3913,4.3172,16.7085
0.270023,13.3461,4.60652,17.9527
0.270359,13.2264,4.52249,17.7489
0.270696,13.068,4.46697,17.535
0.271033,12.9895,4.22156,17.211
0.27137,12.7923,4.42653,17.2188
0.271708,13.2749,4.55833,17.8332
0.272046,12.6252,4.54215,17.1673
0.272384,13.1156,4.36249,17.478
0.272723,13.2897,4.22666,17.5164
0.273062,12.7499,4.21178,16.9617
0.273401,12.311,4.57666,16.8876
0.27374,12.8787,4.53643,17.4151
0.27408,12.6345,4.62565,17.2601
0.27442,12.8621,4.36685,17.229
0.27476,12.9665,4.47252,17.439
0.275101,13.1364,4.59808,17.7345
0.275442,12.9591,4.33645,17.2956
0.275783,12.965,4.13254,17.0976
0.276125,13.1683,4.58363,17.7519
0.276467,13.1906,4.32147,17.512
0.276809,12.6977,4.35968,17.0574
0.277152,12.8076,4.4351,17.2427
0.277495,12.8477,4.66753,17.5152
0.277838,12.9458,4.9277,17.8735
0.278181,12.6793,4.33303,17.0124
0.278525,13.1013,4.37041,17.4717
0.278869,12.8845,4.44584,17.3304
0.279214,12.9189,4.31021,17.2291
0.279558,12.625,4.60533,17.2303
0.279903,12.8952,4.43288,17.3281
0.280249,13.0593,4.52874,17.588
0.280594,12.4562,4.60035,17.0566
0.28094,12.3947,4.40078,16.7954
0.281287,12.8248,4.51288,17.3377
0.281633,12.727,4.44545,17.1724
0.28198,12.8474,4.23536,17.0828
0.282328,12.6622,4.5224,17.1846
0.282675,13.1568,4.56641,17.7232
0.283023,13.1679,4.46152,17.6294
0.283371,12.8696,4.13482,17.0044
0.28372,12.7959,4.39769,17.1936
0.284069,13.1049,4.34296,17.4478
0.284418,13.2279,4.53881,17.7667
0.284767,12.9449,4.65972,17.6046
0.285117,13.0247,4.60258,17.6273
0.285467,13.4081,4.23265,17.6407
0.285818,13.1629,4.32805,17.491
0.286168,13.0249,4.31486,17.3398
0.286519,12.9204,4.58495,17.5053
0.286871,13.1452,4.54224,17.6875
0.287222,12.4861,4.42867,16.9147
0.287574,13.2364,4.53791,17.7743
0.287927,13.4052,4.41895,17.8242
0.288279,12.9908,4.28532,17.2761
0.288632,13.4761,4.43192,17.908
0.288986,12.8374,4.50766,17.3451
0.289339,13.0758,4.5103,17.5861
0.289693,12.968,4.47132,17.4393
0.290048,13.2964,4.21748,17.5139
0.290402,12.9334,4.34844,17.2818
0.290757,12.6909,4.58949,17.2804
0.291112,12.9595,4.11307,17.0725
0.291468,12.9694,4.38194,17.3513
0.291824,12.9207,4.58324,17.5039
0.29218,13.2647,4.27262,17.5373
0.292536,13.0106,4.4092,17.4198
0.292893,12.8997,4.48995,17.3897
0.293251,13.2917,4.47695,17.7686
0.293608,12.9995,4.36588,17.3654
0.293966,12.6809,4.62847,17.3093
0.294324,12.4607,4.51615,16.9768
0.294682,12.6416,4.36568,17.0073
0.295041,13.0626,4.44081,17.5034
0.2954,12.7206,4.74916,17.4698
0.29576,12.8684,4.52423,17.3926
0.29612,12.9016,4.42562,17.3272
0.29648,12.7417,4.42689,17.1686
0.29684,12.6766,4.37887,17.0554
0.297201,12.8715,4.52658,17.3981
0.297562,13.0229,4.64684,17.6698
0.297923,12.6962,4.30376,16.9999
0.298285,13.1852,4.53879,17.724
0.298647,12.7973,4.43368,17.231
0.29901,13.0808,4.56476,17.6456
0.299372,13.1465,4.20803,17.3546
0.299735,12.5945,4.62521,17.2197
0.300099,12.9558,4.57669,17.5325
0.300463,13.0689,4.51784,17.5867
0.300827,12.9399,4.4724,17.4123
0.301191,12.6779,4.43321,17.1112
0.301556,12.8326,4.05731,16.8899
0.301921,13.061,4.72616,17.7871
0.302286,12.9044,4.40742,17.3118
0.302652,13.0482,4.60488,17.6531
0.303018,13.0674,4.35707,17.4245
0.303384,12.8252,4.75977,17.585
0.303751,12.9482,4.50515,17.4533
0.304118,12.954,4.26463,17.2186
0.304485,13.1669,4.23004,17.3969
0.304853,13.0636,4.35048,17.414
0.305221,13.0247,4.36545,17.3902
0.30559,13.2926,4.41017,17.7028
0.305958,12.4989,4.41626,16.9152
0.306327,13.1982,4.36904,17.5673
0.306697,12.4405,4.52829,16.9688
0.307067,12.8502,4.3939,17.2441
0.307437,13.2189,4.47081,17.6897
0.307807,12.8098,4.26533,17.0751
0.308178,13.0652,4.25446,17.3196
0.308549,12.9578,4.76613,17.7239
0.30892,12.9016,4.21511,17.1167
0.309292,12.5387,4.35873,16.8975
0.309664,12.7167,4.53812,17.2548
0.310036,12.6568,4.52127,17.1781
0.310409,13.0951,4.40367,17.4987
0.310782,13.1301,4.65101,17.7811
0.311156,13.0941,4.38926,17.4833
0.31153,12.8125,4.5297,17.3422
0.311904,12.9457,4.16387,17.1096
0.312278,12.8211,4.51881,17.3399
0.312653,13.3516,4.40171,17.7533
0.313028,13.0111,4.62446,17.6356
0.313404,13.0752,4.45811,17.5333
0.313779,12.8541,4.53146,17.3856
0.314155,13.4784,4.24513,17.7235
0.314532,12.8794,4.55702,17.4364
0.314909,12.7125,4.3356,17.0481
0.315286,13.3089,4.73749,18.0464
0.315664,12.889,4.43744,17.3264
0.316041,13.1782,4.3987,17.5769
0.31642,12.9206,4.67663,17.5972
0.316798,13.1986,4.30157,17.5002
0.317177,12.7796,4.35557,17.1352
0.317556,12.6554,4.25325,16.9087
0.317936,12.8218,4.33786,17.1596
0.318316,12.755,4.19955,16.9545
0.318696,13.1423,4.53554,17.6778
0.319077,12.9448,4.53977,17.4845
0.319458,12.643,4.29439,16.9374
0.319839,12.9135,4.34729,17.2608
0.320221,12.7273,4.37513,17.1024
0.320603,13.5659,4.44949,18.0154
0.320985,12.8646,4.52751,17.3921
0.321368,12.9443,4.45346,17.3978
0.321751,13.0218,4.44174,17.4636
0.322134,12.9562,4.63203,17.5883
0.322518,12.7552,4.25926,17.0145
0.322902,13.1775,4.28847,17.466
0.323287,12.7651,4.29921,17.0643
0.323672,13.469,4.49751,17.9665
0.324057,12.3344,4.50266,16.837
0.324442,13.0869,4.45604,17.543
0.324828,12.7865,4.3212,17.1077
0.325214,12.8567,4.19898,17.0557
0.325601,13.1831,4.45483,17.6379
0.325988,12.9018,4.61766,17.5194
0.326375,13.3709,4.32613,17.697
0.326763,13.0751,4.36837,17.4434
0.327151,12.7652,4.37459,17.1398
0.327539,13.0489,4.31809,17.367
0.327928,12.6978,4.25429,16.9521
0.328317,13.0974,4.37652,17.4739
0.328706,13.196,4.60916,17.8052
0.329096,12.9493,4.35318,17.3025
0.329486,12.8579,4.52711,17.385
0.329876,12.9846,4.39833,17.3829
0.330267,12.2944,4.39966,16.694
0.330658,12.9815,4.45153,17.433
0.33105,13.1291,4.40029,17.5294
0.331442,12.8518,4.46159,17.3134
0.331834,13.0355,4.44604,17.4816
0.332226,13.1453,4.35497,17.5003
0.332619,13.0616,4.54688,17.6085
0.333013,12.7528,4.47887,17.2317
0.333406,12.4134,4.74616,17.1596
0.3338,13.0822,4.34357,17.4258
0.334195,13.0413,3.96982,17.0111
0.334589,12.8545,4.50254,17.3571
0.334984,12.7723,4.34766,17.12
0.33538,12.6257,4.49541,17.1211
0.335776,13.0546,4.32752,17.3821
0.336172,12.9297,4.46221,17.3919
0.336568,12.6646,4.27918,16.9438
0.336965,13.6482,4.41233,18.0606
0.337362,13.3517,4.05702,17.4087
0.33776,12.8313,4.35037,17.1817
0.338158,12.9773,4.35664,17.3339
0.338556,13.034,4.41751,17.4515
0.338955,13.2928,4.43639,17.7292
0.339354,13.2033,4.53057,17.7338
0.339753,13.2288,4.41819,17.6469
0.340153,13.093,4.3717,17.4647
0.340553,12.9153,4.40116,17.3165
0.340954,12.9477,4.24909,17.1968
0.341355,12.8961,4.47529,17.3714
0.341756,12.7065,4.28704,16.9935
0.342158,13.1483,4.57981,17.7281
0.34256,12.7578,4.44166,17.1995
0.342962,12.7485,4.54174,17.2903
0.343365,13.0734,4.51522,17.5886
0.343768,13.0116,4.49887,17.5105
0.344171,12.9754,4.51796,17.4933
0.344575,13.0236,4.4969,17.5205
0.344979,12.9353,4.63997,17.5752
0.345384,12.8998,4.32011,17.2199
0.345788,13.1574,4.48333,17.6407
0.346194,12.8654,4.44614,17.3116
0.346599,12.5959,4.66867,17.2646
0.347005,12.8857,4.27218,17.1579
0.347412,12.8782,4.39069,17.2689
0.347818,12.6579,4.59793,17.2558
0.348226,13.1503,4.58843,17.7388
0.348633,13.1395,4.42283,17.5624
0.349041,12.9848,4.44972,17.4345
0.349449,12.7471,4.7134,17.4605
0.349858,13.0261,4.23412,17.2602
0.350267,13.3503,4.5546,17.9049
0.350676,13.036,4.19621,17.2322
0.351086,12.9587,4.67068,17.6294
0.351496,12.7719,4.3537,17.1256
0.351906,12.5362,4.65686,17.1931
0.352317,13.196,4.48399,17.68
0.352728,12.7401,4.33758,17.0777
0.35314,13.0263,4.26397,17.2903
0.353552,13.0029,4.49858,17.5015
0.353964,12.8282,4.3986,17.2268
0.354377,12.543,4.49788,17.0409
0.35479,13.1416,4.35712,17.4988
0.355203,13.3645,4.52588,17.8903
0.355617,12.9805,4.38385,17.3644
0.356031,12.9051,4.40257,17.3077
0.356446,12.8853,4.24373,17.1291
0.356861,13.1128,4.41248,17.5252
0.357276,12.9042,4.3704,17.2746
0.357692,12.7742,4.40778,17.1819
0.358108,12.8887,4.39637,17.285
0.358524,13.3185,4.33314,17.6516
0.358941,13.2117,4.56048,17.7722
0.359358,12.8133,4.3551,17.1684
0.359776,13.0395,4.24072,17.2803
0.360194,12.9869,4.63991,17.6268
0.360612,13.0091,4.37966,17.3888
0.361031,12.9112,4.26534,17.1765
0.36145,12.5021,4.34841,16.8505
0.36187,12.7894,4.21393,17.0033
0.36229,12.6718,4.35788,17.0297
0.36271,12.841,4.39803,17.239
0.36313,13.1567,4.20378,17.3605
0.363552,12.7859,4.60272,17.3886
0.363973,13.0512,4.17955,17.2308
0.364395,12.8558,4.28527,17.141
0.364817,12.7662,4.22317,16.9893
0.365239,13.2344,4.46,17.6944
0.365662,13.2265,4.45574,17.6823
0.366086,12.943,4.40262,17.3457
0.366509,12.8474,4.55313,17.4005
0.366934,12.7461,4.32403,17.0701
0.367358,12.7913,4.35539,17.1467
0.367783,12.7768,4.39816,17.175
0.368208,12.8816,4.01917,16.9007
0.368634,13.043,4.3132,17.3562
0.36906,12.8033,4.34491,17.1482
0.369486,13.0651,4.14316,17.2083
0.369913,12.7196,4.25281,16.9724
0.37034,12.8037,4.42223,17.226
0.370768,12.5656,4.30134,16.867
0.371196,13.017,4.38247,17.3995
0.371624,12.7769,4.43981,17.2167
0.372053,13.26,4.35737,17.6173
0.372482,12.754,4.45166,17.2056
0.372912,12.9812,4.2696,17.2508
0.373342,12.9719,4.48642,17.4583
0.373772,12.7809,4.44125,17.2222
0.374203,13.3861,4.25726,17.6434
0.374634,12.7957,4.38449,17.1802
0.375065,12.866,4.16757,17.0335
0.375497,13.0752,4.52585,17.601
0.375929,12.9935,4.46847,17.462
0.376362,12.804,4.40542,17.2094
0.376795,13.3069,4.41853,17.7254
0.377228,13.0011,4.86284,17.864
0.377662,12.8885,4.36115,17.2496
0.378096,12.9783,4.51295,17.4913
0.378531,13.4708,4.5026,17.9734
0.378966,12.9909,4.33909,17.33
0.379402,12.8074,4.18048,16.9879
0.379837,13.3039,4.14882,17.4527
0.380274,13.0156,4.28241,17.2981
0.38071,12.7522,4.38791,17.1401
0.381147,12.7424,4.41254,17.1549
0.381585,12.9726,4.46005,17.4326
0.382022,12.8508,4.54643,17.3973
0.382461,13.0745,4.16591,17.2404
0.382899,13.3037,4.34819,17.6519
0.383338,12.6714,4.27156,16.943
0.383778,13.2566,4.47863,17.7352
0.384217,13.333,4.48464,17.8176
0.384658,12.7663,4.13083,16.8972
0.385098,12.7091,4.18746,16.8966
0.385539,12.9664,4.53647,17.5028
0.385981,13.04,4.33429,17.3743
0.386422,12.7408,4.36824,17.109
0.386865,13.1608,4.17331,17.3341
0.387307,12.4771,4.43612,16.9132
0.38775,12.7057,4.53068,17.2364
0.388194,13.3969,4.17215,17.569
0.388637,13.0081,4.42189,17.43
0.389082,13.3545,4.32228,17.6768
0.389526,13.0949,4.63321,17.7281
0.389971,12.1416,4.41138,16.553
0.390417,13.3905,4.46478,17.8552
0.390863,13.1158,4.35307,17.4688
0.391309,13.0609,4.56517,17.626
0.391755,13.0483,4.31244,17.3608
0.392203,12.6883,4.27952,16.9678
0.39265,12.8016,4.26189,17.0635
0.393098,13.2124,4.42999,17.6424
0.393546,12.9479,4.50685,17.4548
0.393995,12.9073,4.26139,17.1686
0.394444,13.1442,4.13299,17.2772
0.394893,13.0904,4.47225,17.5626
0.395343,12.7317,4.3241,17.0558
0.395794,13.274,4.31253,17.5865
0.396244,13.0921,4.45635,17.5485
0.396695,12.7186,4.42495,17.1436
0.397147,12.7478,4.36706,17.1148
0.397599,13.0508,4.33459,17.3853
0.398051,12.8313,4.18255,17.0138
0.398504,12.5768,4.40308,16.9799
0.398957,13.138,4.3888,17.5268
0.399411,13.0218,4.16536,17.1872
0.399865,12.9695,4.45254,17.422
0.400319,13.0805,4.28703,17.3675
0.400774,12.9831,4.17041,17.1535
0.401229,12.7893,4.34332,17.1326
0.401685,13.4862,4.42576,17.912
0.402141,13.109,4.41928,17.5282
0.402598,12.8473,4.25701,17.1043
0.403055,13.2477,4.54072,17.7884
0.403512,12.68,4.78803,17.4681
0.40397,13.0043,4.21079,17.2151
0.404428,12.7037,4.28883,16.9926
0.404886,12.4549,4.27389,16.7288
0.405345,12.5494,4.35507,16.9044
0.405805,13.207,4.28938,17.4964
0.406265,12.8848,4.38093,17.2657
0.406725,12.6135,4.25135,16.8649
0.407185,12.7346,4.37797,17.1125
0.407646,12.9263,4.55736,17.4837
0.408108,12.7486,4.24467,16.9932
0.40857,12.7429,4.3677,17.1106
0.409032,13.0636,4.38197,17.4456
0.409495,13.2817,4.48709,17.7688
0.409958,12.8513,4.3581,17.2094
0.410422,12.8342,4.3287,17.1629
0.410886,13.1707,4.11429,17.285
0.41135,13.0607,4.41997,17.4806
0.411815,13.2634,4.12208,17.3855
0.41228,13.1189,4.52341,17.6423
0.412746,12.6047,4.34114,16.9458
0.413212,13.0624,4.4104,17.4728
0.413679,12.7734,4.4095,17.1829
0.414146,13.3391,4.32731,17.6665
0.414613,12.4702,4.54302,17.0132
0.415081,13.0634,4.21684,17.2802
0.415549,13.2384,4.2426,17.481
0.416018,13.0794,4.46397,17.5434
0.416487,12.9534,4.23868,17.1921
0.416957,12.732,4.16424,16.8963
0.417427,12.9424,4.38809,17.3305
0.417897,12.7261,4.50649,17.2326
0.418368,12.8716,4.57809,17.4497
0.418839,12.8482,4.41182,17.2601
0.419311,12.8692,4.14535,17.0145
0.419783,13.0668,4.34248,17.4093
0.420255,12.6109,4.29793,16.9088
0.420728,12.8974,4.6237,17.5211
0.421202,12.5696,4.32141,16.891
0.421675,13.2056,4.32662,17.5322
0.42215,12.7299,4.38769,17.1176
0.422624,12.5869,4.64952,17.2365
0.4231,12.7119,4.45164,17.1635
0.423575,13.4255,4.38404,17.8096
0.424051,12.9518,4.14161,17.0934
0.424527,12.5366,4.25101,16.7876
0.425004,12.738,4.53764,17.2757
0.425482,13.4549,4.32287,17.7777
0.425959,12.8475,4.39778,17.2453
0.426437,13.0528,4.17913,17.2319
0.426916,13.0474,4.44052,17.4879
0.427395,13.0981,4.2353,17.3334
0.427874,13.0659,4.32321,17.3891
0.428354,13.1373,4.43054,17.5678
0.428835,13.1768,4.05597,17.2328
0.429315,12.5749,4.40862,16.9836
0.429797,12.5951,4.23338,16.8285
0.430278,12.8576,4.4479,17.3055
0.43076,12.8665,4.20501,17.0715
0.431243,13.0429,4.27955,17.3225
0.431726,13.1304,4.5313,17.6617
0.432209,13.087,4.33799,17.425
0.432693,12.5653,4.18382,16.7491
0.433177,13.2119,4.28331,17.4952
0.433662,12.8615,4.1863,17.0478
0.434147,12.7175,4.25103,16.9686
0.434633,13.2116,4.52633,17.7379
0.435119,13.1287,4.21005,17.3387
0.435605,12.9778,4.53794,17.5157
0.436092,12.7652,4.39788,17.1631
0.436579,12.8068,4.20725,17.014
0.437067,12.8861,4.30589,17.192
0.437556,13.4392,4.41343,17.8526
0.438044,12.8618,4.60426,17.4661
0.438533,13.1003,4.50133,17.6016
0.439023,12.8479,4.45489,17.3028
0.439513,13.0448,4.40078,17.4456
0.440003,12.9998,4.67003,17.6699
0.440494,13.2469,4.29635,17.5433
0.440986,12.6815,4.29462,16.9761
0.441477,13.0069,4.23787,17.2448
0.44197,13.0301,4.21133,17.2414
0.442462,12.7292,4.05782,16.7871
0.442956,13.1538,4.40037,17.5541
0.443449,13.1727,4.35713,17.5299
0.443943,13.3211,4.12198,17.4431
0.444438,12.9581,4.2206,17.1787
0.444933,12.8916,4.22653,17.1182
0.445428,12.8155,4.49669,17.3122
0.445924,13.0583,4.36915,17.4274
0.44642,12.8928,4.34872,17.2415
0.446917,12.9267,4.46142,17.3881
0.447414,13.0025,4.61343,17.6159
0.447912,12.6049,4.23448,16.8393
0.44841,12.6314,4.3848,17.0162
0.448908,13.156,4.225,17.381
0.449407,13.0204,4.36554,17.3859
0.449907,12.5053,4.40399,16.9093
0.450407,12.3942,4.25066,16.6448
0.450907,12.892,4.19795,17.09
0.451408,12.9324,4.40732,17.3397
0.451909,12.7625,4.3945,17.157
0.452411,13.2129,4.36855,17.5815
0.452913,12.7717,4.21369,16.9854
0.453416,12.8081,4.37665,17.1847
0.453919,12.9343,4.31428,17.2485
0.454423,13.1134,4.3894,17.5028
0.454927,13.156,4.52863,17.6846
0.455431,12.7915,4.36308,17.1546
0.455936,12.7986,4.37836,17.177
0.456441,12.8034,4.37115,17.1745
0.456947,13.1198,4.60048,17.7202
0.457454,13.1379,4.10168,17.2395
0.45796,12.8349,4.34853,17.1834
0.458468,12.8077,4.18438,16.9921
0.458975,12.9774,4.26893,17.2464
0.459483,13.1291,4.20215,17.3313
0.459992,12.8294,4.35437,17.1838
0.460501,12.9567,4.26401,17.2207
0.461011,12.7173,4.46549,17.1828
0.461521,13.3049,4.46235,17.7672
0.462031,12.6331,4.20591,16.839
0.462542,13.2081,4.38926,17.5974
0.463053,12.9616,4.38126,17.3429
0.463565,12.4139,4.38398,16.7979
0.464078,12.8324,4.32671,17.1591
0.46459,13.0469,4.50561,17.5525
0.465104,13.0125,4.42933,17.4418
0.465617,13.3043,4.36345,17.6678
0.466132,12.5897,4.3555,16.9452
0.466646,13.0967,4.34747,17.4441
0.467161,13.1495,4.22249,17.372
0.467677,12.7702,4.24418,17.0144
0.468193,13.2275,4.36393,17.5915
0.46871,12.7562,4.18717,16.9434
0.469227,12.9428,4.47841,17.4212
0.469744,12.8558,4.53065,17.3865
0.470262,12.9063,4.30307,17.2094
0.470781,12.9483,4.35956,17.3079
0.471299,12.9096,4.42444,17.334
0.471819,12.9626,4.27772,17.2404
0.472339,13.568,4.19242,17.7604
0.472859,12.8984,4.2428,17.1412
0.47338,12.5971,4.20261,16.7997
0.473901,12.9326,4.28346,17.216
0.474423,13.1504,4.23504,17.3855
0.474945,12.8763,4.41467,17.291
0.475468,13.057,4.49421,17.5512
0.475991,12.9281,4.47956,17.4076
0.476514,12.9855,4.24875,17.2343
0.477038,12.8761,4.4836,17.3597
0.477563,13.2293,4.29625,17.5255
0.478088,12.5719,4.41019,16.9821
0.478614,12.8831,4.18878,17.0719
0.47914,12.888,4.39683,17.2848
0.479666,13.0511,4.27828,17.3293
0.480193,12.7976,4.18899,16.9866
0.480721,12.7313,4.22561,16.9569
0.481248,13.1217,4.23021,17.3519
0.481777,13.2532,4.19043,17.4437
0.482306,13.1701,4.29706,17.4671
0.482835,12.9084,4.1152,17.0236
0.483365,12.9581,4.42781,17.3859
0.483895,12.6214,4.09388,16.7153
0.484426,12.8128,4.20121,17.014
0.484957,12.7877,4.47717,17.2649
0.485489,13.1075,4.19231,17.2999
0.486021,12.9882,4.27293,17.2611
0.486554,13.0231,4.05535,17.0784
0.487087,12.9808,4.35527,17.3361
0.487621,12.9664,4.33122,17.2976
0.488155,12.714,4.31173,17.0257
0.48869,12.6835,4.16962,16.8531
0.489225,13.0833,4.09344,17.1768
0.489761,12.8634,4.25776,17.1212
0.490297,13.091,4.36147,17.4524
0.490834,12.8724,4.2833,17.1557
0.491371,12.6941,4.37256,17.0666
0.491908,13.2012,4.33562,17.5368
0.492447,12.7562,4.20866,16.9649
0.492985,12.5954,4.263,16.8584
0.493524,13.006,4.36126,17.3672
0.494064,12.77,4.38326,17.1532
0.494604,12.8978,4.02353,16.9213
0.495144,13.1793,4.35376,17.5331
0.495685,12.4903,4.20646,16.6968
0.496227,12.7255,4.15153,16.877
0.496769,12.8991,4.20059,17.0997
0.497311,13.1023,4.17258,17.2749
0.497854,13.2411,4.24434,17.4855
0.498398,12.9119,4.31458,17.2265
0.498942,12.6715,4.25553,16.927
0.499486,13.2094,4.19449,17.4039
0.500031,12.8538,4.50555,17.3593
0.500577,13.2756,4.25751,17.5331
0.501123,13.2524,4.1626,17.415
0.501669,12.9241,4.14316,17.0673
0.502216,12.7498,4.23354,16.9834
0.502764,12.9047,4.23764,17.1423
0.503312,12.7701,4.1649,16.935
0.50386,13.0081,4.27475,17.2829
0.504409,12.8971,4.1839,17.081
0.504959,12.7013,4.17521,16.8765
0.505509,12.895,4.18531,17.0803
0.506059,13.0288,4.09572,17.1245
0.50661,12.7813,4.03667,16.818
0.507162,12.8915,4.39895,17.2904
0.507714,12.6333,4.17519,16.8085
0.508266,12.7357,4.20785,16.9436
0.508819,12.6899,4.12716,16.8171
0.509372,13.0477,4.34708,17.3948
0.509926,12.8915,4.25871,17.1502
0.510481,12.9356,4.13435,17.0699
0.511036,12.9681,4.29144,17.2596
0.511591,13.1874,4.15863,17.3461
0.512147,12.672,4.21702,16.889
0.512704,13.2062,4.18236,17.3885
0.513261,13.1161,4.37911,17.4952
0.513818,12.9037,4.32654,17.2303
0.514376,13.2276,4.38371,17.6113
0.514935,13.121,4.19728,17.3183
0.515494,13.0288,4.32542,17.3542
0.516053,12.6497,4.10275,16.7524
0.516614,12.8423,4.33887,17.1811
0.517174,12.5481,4.38281,16.9309
0.517735,12.8161,4.35324,17.1694
0.518297,12.7103,4.27872,16.9891
0.518859,12.599,4.27857,16.8776
0.519421,12.8791,4.1188,16.9979
0.519985,13.1745,4.31909,17.4936
0.520548,13.0339,4.04269,17.0766
0.521112,13.2167,4.33007,17.5468
0.521677,12.8214,4.19461,17.016
0.522242,12.6476,4.12588,16.7735
0.522808,12.6286,3.99016,16.6188
0.523374,12.8504,4.17645,17.0269
0.523941,12.9676,4.06658,17.0342
0.524508,12.9903,4.27096,17.2613
0.525076,12.9419,4.15214,17.0941
0.525644,13.0452,4.134,17.1792
0.526213,13.3805,4.1743,17.5548
0.526782,12.4871,4.45772,16.9449
0.527352,12.9351,4.39142,17.3265
0.527922,12.6221,4.08126,16.7034
0.528493,13.1682,4.15007,17.3182
0.529064,12.7448,4.31688,17.0617
0.529636,13.1114,4.14893,17.2604
0.530208,12.4153,4.34552,16.7608
0.530781,13.0228,4.38033,17.4031
0.531355,12.642,4.2753,16.9173
0.531929,12.8324,4.21107,17.0435
0.532503,12.9522,4.28347,17.2357
0.533078,12.8684,4.23877,17.1071
0.533654,13.3099,4.23618,17.5461
0.53423,12.9825,4.15402,17.1365
0.534806,12.7168,4.23943,16.9562
0.535384,12.8641,4.1094,16.9735
0.535961,12.9385,4.32794,17.2664
0.536539,12.7326,4.13617,16.8688
0.537118,13.0685,3.99957,17.0681
0.537697,12.5519,4.30732,16.8592
0.538277,12.8976,4.33018,17.2278
0.538857,12.9825,4.09147,17.0739
0.539438,13.0953,4.3115,17.4068
0.540019,12.7313,4.2903,17.0216
0.540601,12.901,4.3377,17.2386
0.541183,12.8569,4.27697,17.1339
0.541766,12.6827,4.2605,16.9432
0.54235,12.7866,4.48423,17.2708
0.542934,12.9219,4.14952,17.0714
0.543518,12.5295,4.10842,16.6379
0.544103,12.8591,4.31418,17.1733
0.544689,13.0646,4.19835,17.263
0.545275,13.4263,4.00345,17.4298
0.545861,13.0897,4.21195,17.3017
0.546449,13.0926,4.03447,17.1271
0.547036,12.9511,4.33855,17.2897
0.547624,12.7966,4.21354,17.0101
0.548213,13.0805,3.95857,17.0391
0.548803,13.2501,4.19552,17.4456
0.549392,12.9792,4.43599,17.4152
0.549983,13.1899,4.14655,17.3364
0.550574,12.6185,4.17952,16.798
0.551165,12.9135,4.13928,17.0528
0.551757,13.1331,4.20066,17.3338
0.552349,12.935,4.00014,16.9351
0.552943,12.9047,4.32659,17.2313
0.553536,12.7221,4.19168,16.9138
0.55413,12.7889,4.17827,16.9671
0.554725,13.3312,4.28533,17.6165
0.55532,12.8237,4.30984,17.1336
0.555916,12.6475,4.15461,16.8021
0.556512,13.0677,4.40167,17.4693
0.557109,12.6931,4.27055,16.9636
0.557706,13.3068,4.31973,17.6266
0.558304,13.0141,4.28525,17.2993
0.558903,13.1955,4.37213,17.5677
0.559502,13.1183,4.03171,17.15
0.560101,12.5807,4.11173,16.6924
0.560701,13.0007,3.89123,16.8919
0.561302,12.9622,4.09019,17.0524
0.561903,12.749,4.15369,16.9027
0.562505,12.6461,4.02305,16.6691
0.563107,12.7256,4.1873,16.9129
0.56371,12.8353,4.18948,17.0248
0.564313,12.9609,4.10751,17.0684
0.564917,13.1149,4.14207,17.257
0.565522,13.0456,4.22178,17.2674
0.566127,12.9717,4.23553,17.2072
0.566732,13.0345,4.35622,17.3907
0.567338,12.7197,4.30287,17.0225
0.567945,13.1401,4.26457,17.4047
0.568552,13.208,4.23944,17.4475
0.56916,13.0649,4.12267,17.1876
0.569768,12.5521,4.20438,16.7565
0.570377,13.0039,4.21106,17.215
0.570987,12.6888,4.10672,16.7956
0.571597,12.8268,4.17029,16.9971
0.572207,12.8046,4.18574,16.9903
0.572818,12.548,4.11618,16.6642
0.57343,13.0776,4.2684,17.346
0.574042,13.0086,4.13813,17.1467
0.574655,12.6602,4.08812,16.7483
0.575268,12.9257,4.14698,17.0727
0.575882,12.9259,4.30038,17.2262
0.576497,13.2262,4.44669,17.6729
0.577112,12.8883,4.25737,17.1456
0.577727,12.7011,4.24866,16.9498
0.578343,12.7998,4.16273,16.9625
0.57896,13.0439,4.25403,17.2979
0.579577,13.2501,4.25695,17.507
0.580195,12.5296,4.22338,16.753
0.580813,12.685,4.25387,16.9388
0.581432,13.1087,4.23342,17.3421
0.582052,12.6956,4.37509,17.0707
0.582672,12.8223,4.19023,17.0125
0.583292,13.3014,4.07786,17.3793
0.583914,12.9154,4.22209,17.1375
0.584535,13.1717,4.23126,17.4029
0.585158,12.473,4.14392,16.6169
0.585781,13.106,4.27401,17.38
0.586404,12.8765,4.39603,17.2725
0.587028,12.709,4.23779,16.9468
0.587653,12.8229,4.04521,16.8681
0.588278,12.9186,3.98958,16.9081
0.588903,12.6997,4.12298,16.8227
0.58953,12.5963,4.1039,16.7002
0.590157,13.2622,4.17157,17.4338
0.590784,12.7578,4.01363,16.7714
0.591412,13.1298,4.29056,17.4203
0.592041,12.7522,4.25238,17.0046
0.59267,13.2036,4.34524,17.5488
0.593299,12.7633,4.19268,16.9559
0.59393,12.772,4.20611,16.9781
0.59456,12.925,4.25965,17.1847
0.595192,12.9415,4.26053,17.202
0.595824,12.5322,4.26854,16.8008
0.596456,12.7931,4.19382,16.9869
0.59709,12.9636,4.41275,17.3763
0.597723,12.6774,4.13282,16.8102
0.598358,12.9791,4.28923,17.2684
0.598992,12.7609,4.04587,16.8068
0.599628,12.7653,4.08025,16.8456
0.600264,12.9467,4.19957,17.1462
0.600901,12.7781,4.17698,16.9551
0.601538,12.8814,4.07554,16.9569
0.602175,13.1155,4.11829,17.2338
0.602814,12.7351,4.25585,16.9909
0.603453,12.9883,4.13405,17.1223
0.604092,13.0374,4.03763,17.0751
0.604732,12.9252,4.07308,16.9983
0.605373,13.0354,4.23887,17.2742
0.606014,13.0015,4.26516,17.2667
0.606656,12.692,4.09414,16.7861
0.607298,12.9286,4.08846,17.0171
0.607941,12.8466,4.15891,17.0055
0.608585,13.1283,3.973,17.1013
0.609229,13.3981,4.08079,17.4789
0.609874,12.5786,4.28047,16.8591
0.610519,13.1418,4.12773,17.2695
0.611165,12.8409,4.14404,16.9849
0.611812,12.7128,4.02929,16.742
0.612459,12.7315,4.30275,17.0343
0.613107,12.9579,4.17907,17.137
0.613755,12.9686,4.14499,17.1136
0.614404,12.8894,4.20183,17.0912
0.615053,12.9324,4.20769,17.1401
0.615703,12.8793,4.10097,16.9803
0.616354,12.9488,4.41418,17.363
0.617005,13.1963,4.13389,17.3302
0.617657,12.9702,4.04538,17.0156
0.618309,12.9981,4.15386,17.152
0.618962,12.9863,4.2542,17.2404
0.619616,13.0411,4.14283,17.184
0.62027,12.8918,4.1806,17.0724
0.620925,13.0784,4.14508,17.2235
0.62158,12.9271,4.24137,17.1685
0.622236,12.8805,4.27902,17.1595
0.622893,12.8843,4.13455,17.0188
0.62355,12.8417,3.93915,16.7808
0.624208,12.777,4.04043,16.8175
0.624866,12.8163,4.12877,16.9451
0.625525,13.0334,4.03789,17.0713
0.626185,12.9724,4.25275,17.2251
0.626845,12.7239,4.27457,16.9985
0.627506,13.1984,3.98788,17.1863
0.628167,13.0706,4.24426,17.3149
0.628829,13.061,4.13798,17.199
0.629492,12.9571,4.08081,17.0379
0.630155,12.7444,4.23887,16.9832
0.630819,13.1945,3.9722,17.1667
0.631483,13.0353,4.08836,17.1236
0.632148,13.1829,4.13587,17.3187
0.632813,12.8651,3.93674,16.8018
0.63348,13.1697,4.1122,17.2819
0.634146,13.0458,4.16367,17.2095
0.634814,12.5916,4.02252,16.6142
0.635482,13.0351,4.27064,17.3057
0.636151,12.489,3.98016,16.4692
0.63682,13.0051,3.95439,16.9595
0.63749,12.7302,4.18997,16.9202
0.63816,12.9399,4.16157,17.1015
0.638831,12.9314,4.26643,17.1978
0.639503,13.0486,4.01099,17.0595
0.640175,12.8021,3.94647,16.7485
0.640848,12.9187,4.26116,17.1799
0.641521,12.5066,3.93795,16.4446
0.642196,12.6443,4.20101,16.8453
0.64287,12.9571,4.1497,17.1068
0.643546,12.79,4.13688,16.9269
0.644222,12.9955,4.01789,17.0134
0.644898,12.8025,4.07141,16.8739
0.645575,13.1752,4.10446,17.2797
0.646253,12.6327,4.1449,16.7776
0.646931,12.9663,4.13864,17.1049
0.647611,12.9068,4.06671,16.9735
0.64829,12.8201,4.20499,17.0251
0.64897,13.1681,4.11939,17.2875
0.649651,12.893,4.15557,17.0485
0.650333,13.1461,4.15832,17.3045
0.651015,13.2121,4.15205,17.3641
0.651698,12.7213,3.96766,16.6889
0.652381,13.2005,4.34601,17.5465
0.653065,12.7017,4.09875,16.8004
0.65375,13.0894,4.11324,17.2027
0.654435,12.7419,4.11767,16.8595
0.655121,12.7956,4.05525,16.8508
0.655807,12.6663,4.01671,16.683
0.656494,12.9247,3.88883,16.8135
0.657182,13.2583,4.22948,17.4877
0.65787,12.6372,4.37152,17.0087
0.658559,13.2123,4.21296,17.4252
0.659249,13.0111,4.20793,17.2191
0.659939,13.0014,4.11582,17.1172
0.66063,12.7503,4.24331,16.9936
0.661321,12.9161,4.30748,17.2236
0.662014,13.0663,4.26031,17.3266
0.662706,12.9541,4.19926,17.1534
0.6634,13.107,4.03319,17.1402
0.664094,12.8383,4.15149,16.9898
0.664788,12.9815,4.11359,17.0951
0.665484,13.0019,4.20721,17.2091
0.666179,13.0896,4.08907,17.1787
0.666876,13.0581,3.98834,17.0465
0.667573,12.9404,4.23451,17.1749
0.668271,12.7509,4.1401,16.891
0.668969,12.826,4.18304,17.009
0.669668,13.0877,4.05532,17.143
0.670368,13.0645,4.1181,17.1826
0.671068,12.9259,4.11972,17.0456
0.671769,12.5933,3.97649,16.5698
0.672471,12.5028,4.15784,16.6607
0.673173,13.0992,3.92896,17.0281
0.673876,12.9371,3.98669,16.9238
0.67458,12.8221,3.96588,16.788
0.675284,13.0167,4.0133,17.03
0.675989,13.0959,3.97386,17.0698
0.676694,12.7798,4.24404,17.0239
0.6774,13.1498,4.04251,17.1923
0.678107,12.8192,3.98951,16.8087
0.678814,12.5611,4.18696,16.748
0.679522,12.947,4.18712,17.1341
0.680231,13.0495,4.10435,17.1538
0.68094,12.6208,3.91031,16.5311
0.68165,12.8429,4.20575,17.0486
0.682361,12.9761,3.99233,16.9684
0.683072,12.7705,4.02255,16.7931
0.683784,13.0832,4.20317,17.2863
0.684496,12.8135,4.04705,16.8606
0.68521,12.6783,4.07622,16.7545
0.685923,12.7176,3.98918,16.7067
0.686638,13.3662,4.02076,17.387
0.687353,12.9118,4.03861,16.9504
0.688069,13.293,4.15289,17.4459
0.688785,13.1461,4.16901,17.3151
0.689502,12.8191,4.10369,16.9228
0.69022,12.6766,3.87424,16.5509
0.690938,12.9185,4.02993,16.9484
0.691657,12.9574,4.31669,17.2741
0.692377,12.612,4.14622,16.7582
0.693098,12.8562,4.1819,17.0381
0.693819,13.0725,4.07902,17.1515
0.69454,12.8299,4.00254,16.8324
0.695262,13.3658,4.08009,17.4459
0.695985,12.8991,3.79784,16.6969
0.696709,12.8738,3.99978,16.8736
0.697433,12.5551,3.87232,16.4274
0.698158,12.8507,3.88463,16.7354
0.698884,13.0166,4.24261,17.2592
0.69961,12.9455,4.06852,17.0141
0.700337,12.8818,4.15174,17.0335
0.701065,12.8286,4.15279,16.9814
0.701793,12.8018,4.13522,16.937
0.702522,12.7435,4.21849,16.962
0.703251,12.8311,3.85352,16.6846
0.703982,13.2501,4.10599,17.3561
0.704712,12.69,4.08766,16.7777
0.705444,12.6815,3.78835,16.4698
0.706176,12.8671,4.19301,17.0601
0.706909,12.635,4.12458,16.7596
0.707643,13.1042,4.01648,17.1207
0.708377,12.9186,4.09258,17.0111
0.709112,12.8495,3.98451,16.834
0.709847,13.0547,4.30106,17.3558
0.710584,13.1143,3.99868,17.113
0.71132,12.9192,4.0765,16.9957
0.712058,12.7388,4.06128,16.8001
0.712796,12.9955,3.97849,16.974
0.713535,12.5575,4.11316,16.6706
0.714275,12.9766,3.98285,16.9594
0.715015,12.9406,3.96166,16.9022
0.715756,12.8797,3.90215,16.7818
0.716498,13.0374,4.10242,17.1398
0.71724,12.451,3.82537,16.2763
0.717983,13.0869,4.11981,17.2067
0.718726,12.8201,4.2211,17.0412
0.719471,13.1434,4.20912,17.3525
0.720216,12.8478,4.05285,16.9006
0.720961,12.6898,3.95649,16.6463
0.721708,12.842,4.03251,16.8745
0.722455,12.7422,3.99878,16.741
0.723202,12.9763,4.10749,17.0838
0.723951,12.833,4.08412,16.9172
0.7247,13.1149,3.89683,17.0117
0.725449,13.1108,4.01481,17.1256
0.7262,12.6672,4.12471,16.7919
0.726951,12.9246,3.82632,16.7509
0.727703,12.7439,4.16147,16.9053
0.728455,12.6113,4.05823,16.6695
0.729208,12.9296,3.91773,16.8473
0.729962,12.9172,3.92798,16.8452
0.730717,12.6753,3.93594,16.6112
0.731472,12.9403,4.16564,17.106
0.732228,12.909,4.02783,16.9368
0.732984,12.8855,3.98345,16.869
0.733742,12.8042,4.13772,16.9419
0.7345,12.9309,4.01091,16.9418
0.735258,13.1996,3.99638,17.196
0.736017,13.0095,3.91838,16.9279
0.736777,12.9479,4.03286,16.9807
0.737538,13.2918,4.09418,17.386
0.7383,13.0061,3.88841,16.8945
0.739062,12.8941,4.00376,16.8979
0.739824,13.08,3.90363,16.9837
0.740588,13.0639,4.13008,17.194
0.741352,12.8587,3.9884,16.8471
0.742117,12.8169,4.04059,16.8575
0.742883,12.9699,3.9763,16.9462
0.743649,13.1109,4.15076,17.2617
0.744416,13.1001,4.11791,17.218
0.745183,12.7396,4.07443,16.8141
0.745952,12.9429,3.8656,16.8085
0.746721,12.9253,3.94853,16.8738
0.747491,12.907,4.12396,17.0309
0.748261,12.6346,3.99577,16.6303
0.749032,12.9567,3.85766,16.8144
0.749804,12.9196,4.02458,16.9441
0.750577,12.8312,3.99112,16.8223
0.75135,13.1091,4.09613,17.2053
0.752124,12.5679,3.91485,16.4828
0.752898,12.8963,4.07391,16.9702
0.753674,12.7423,4.09791,16.8402
0.75445,13.0058,3.97045,16.9762
0.755227,13.0414,4.00238,17.0438
0.756004,12.9595,3.95112,16.9106
0.756782,12.8406,3.96039,16.801
0.757561,12.8612,3.93386,16.795
0.758341,13.0372,4.03714,17.0744
0.759121,12.8932,4.03152,16.9247
0.759902,12.9803,4.02049,17.0008
0.760684,13.0543,4.01427,17.0686
0.761466,13.0369,3.9336,16.9705
0.762249,12.726,4.06307,16.7891
0.763033,12.9392,3.94994,16.8891
0.763818,13.1674,3.90005,17.0674
0.764603,13.1566,4.1485,17.3051
0.765389,12.7329,3.97925,16.7122
0.766176,12.9655,3.9811,16.9466
0.766963,13.2168,3.91325,17.13
0.767751,13.1914,3.96396,17.1554
0.76854,12.8066,4.18561,16.9922
0.76933,13.0673,3.97973,17.047
0.77012,12.7052,3.99598,16.7012
0.770911,13.0031,4.01351,17.0166
0.771703,12.6156,4.02984,16.6455
0.772495,12.4006,4.02347,16.4241
0.773289,12.9861,3.90327,16.8894
0.774082,12.9502,4.1407,17.0909
0.774877,12.9674,3.88672,16.8541
0.775672,12.611,3.99722,16.6082
0.776469,12.7086,4.08269,16.7913
0.777265,12.9582,3.9721,16.9303
0.778063,12.9068,3.83155,16.7383
0.778861,12.7264,3.99566,16.7221
0.77966,13.06,4.04087,17.1008
0.78046,12.5889,4.12585,16.7148
0.78126,12.8058,3.98008,16.7858
0.782061,12.9469,4.06274,17.0096
0.782863,12.8655,4.14337,17.0088
0.783666,12.8199,3.97868,16.7986
0.784469,12.8001,4.04882,16.8489
0.785273,12.7607,3.80926,16.57
0.786078,13.1061,4.01245,17.1185
0.786883,12.985,3.92783,16.9129
0.78769,12.725,4.03153,16.7565
0.788497,12.6739,4.00227,16.6761
0.789304,12.6286,3.98133,16.6099
0.790113,12.7603,4.1086,16.8689
0.790922,12.6391,4.0459,16.685
0.791732,12.9385,4.06794,17.0065
0.792543,12.9053,3.79121,16.6965
0.793354,12.7354,4.03671,16.7721
0.794166,12.8829,3.90359,16.7865
0.794979,12.6686,3.8414,16.51
0.795793,12.9197,3.84659,16.7663
0.796607,12.9813,4.02298,17.0043
0.797422,12.6829,3.86263,16.5455
0.798238,12.8922,3.99811,16.8903
0.799055,12.8091,3.82813,16.6373
0.799872,13.0282,3.95267,16.9809
0.80069,12.8571,3.80176,16.6588
0.801509,12.8484,3.87123,16.7197
0.802328,12.9948,3.9441,16.9389
0.803149,13.1547,3.86037,17.0151
0.80397,12.8364,3.9039,16.7403
0.804791,12.8045,3.89459,16.699
0.805614,13.1949,3.86118,17.0561
0.806437,12.8326,3.88657,16.7192
0.807261,12.7817,3.93773,16.7194
0.808086,12.7312,3.92464,16.6558
0.808912,12.9116,3.96709,16.8787
0.809738,13.0266,4.03647,17.0631
0.810565,12.44,4.00228,16.4423
0.811393,12.6499,3.97947,16.6293
0.812221,12.9194,3.847,16.7664
0.813051,12.7572,4.02511,16.7823
0.813881,12.9552,4.02986,16.9851
0.814711,12.6823,3.861,16.5433
0.815543,12.9783,4.00984,16.9881
0.816375,13.0777,3.95619,17.0339
0.817208,13.1202,3.94346,17.0636
0.818042,12.6883,3.90416,16.5925
0.818877,12.7801,3.87703,16.6571
0.819712,12.9565,3.96963,16.9261
0.820548,13.0988,3.92892,17.0277
0.821385,12.7699,4.04532,16.8152
0.822223,12.8458,3.90288,16.7487
0.823061,12.7872,3.75235,16.5395
0.8239,12.4828,3.94739,16.4302
0.82474,12.9255,3.85925,16.7847
0.825581,12.7421,3.94056,16.6826
0.826422,12.8673,3.99097,16.8583
0.827264,13.1129,4.04149,17.1544
0.828107,12.9742,3.9286,16.9028
0.828951,12.9226,3.86325,16.7858
0.829796,12.8746,4.04197,16.9165
0.830641,12.8488,4.0285,16.8773
0.831487,13.1198,3.89131,17.0111
0.832334,13.211,3.89607,17.1071
0.833181,13.0164,4.14802,17.1644
0.83403,12.8103,4.00021,16.8105
0.834879,12.8041,3.96326,16.7674
0.835729,12.7236,3.88336,16.607
0.836579,12.8865,3.92312,16.8096
0.837431,13.0457,3.9848,17.0305
0.838283,12.7042,3.93033,16.6345
0.839136,13.0923,3.89394,16.9863
0.83999,12.686,3.96623,16.6523
0.840844,12.6922,4.03364,16.7258
0.8417,12.7196,3.94335,16.6629
0.842556,12.9289,3.97962,16.9086
0.843413,12.7037,3.93566,16.6394
0.84427,12.682,3.90282,16.5848
0.845129,13.1139,4.09262,17.2065
0.845988,12.8346,4.07959,16.9142
0.846848,12.7823,3.90166,16.684
0.847709,12.8662,3.91659,16.7828
0.84857,12.787,3.99909,16.7861
0.849432,13.0185,3.92113,16.9396
0.850296,12.8105,3.85771,16.6682
0.85116,13.0956,3.94126,17.0369
0.852024,12.9874,3.73234,16.7198
0.85289,12.8958,3.80773,16.7035
0.853756,12.8511,3.88914,16.7402
0.854623,12.9545,3.94709,16.9016
0.855491,12.8541,3.86051,16.7146
0.856359,12.7694,3.94784,16.7172
0.857229,12.9131,4.01284,16.9259
0.858099,12.9041,3.97235,16.8765
0.85897,12.6386,4.04989,16.6885
0.859842,12.9572,3.92962,16.8868
0.860714,12.9884,4.05018,17.0385
0.861588,12.6642,3.7897,16.4539
0.862462,13.056,3.92571,16.9817
0.863337,13.3127,3.99869,17.3114
0.864213,12.9615,3.89021,16.8517
0.865089,12.7799,3.96838,16.7483
0.865967,12.9057,3.89894,16.8047
0.866845,12.6467,3.84092,16.4876
0.867724,13.0666,4.00643,17.073
0.868604,13.048,4.07708,17.125
0.869484,12.8147,3.84692,16.6616
0.870365,12.572,4.00654,16.5785
0.871248,13.0188,3.88919,16.9079
0.872131,12.956,3.76405,16.72
0.873014,12.9663,3.90869,16.875
0.873899,13.1,3.73251,16.8325
0.874784,12.5239,3.78841,16.3123
0.87567,12.8316,3.97295,16.8046
0.876557,12.7786,3.94144,16.72
0.877445,12.8466,3.77984,16.6264
0.878334,13.1068,3.90536,17.0121
0.879223,12.8093,3.89202,16.7013
0.880113,12.8116,3.96676,16.7784
0.881004,12.7096,3.97343,16.683
0.881896,12.7348,3.8631,16.5979
0.882789,13.2657,3.88719,17.1529
0.883682,12.7237,3.83956,16.5632
0.884576,12.5432,4.08987,16.6331
0.885472,12.9709,3.89591,16.8668
0.886367,12.8833,3.95309,16.8364
0.887264,12.5238,3.86133,16.3852
0.888162,12.8073,3.91183,16.7192
0.88906,12.9824,3.8499,16.8323
0.889959,12.955,3.92365,16.8787
0.890859,12.9521,3.94611,16.8982
0.89176,12.6946,3.9132,16.6078
0.892661,12.7984,3.96007,16.7585
0.893564,12.8725,3.8061,16.6786
0.894467,12.7335,3.89214,16.6257
0.895371,12.8095,3.9049,16.7144
0.896276,13.0057,3.90268,16.9084
0.897182,13.0772,3.80019,16.8774
0.898088,12.7484,3.91396,16.6624
0.898996,12.8353,3.87658,16.7119
0.899904,12.7816,4.06031,16.8419
0.900813,12.7921,3.90124,16.6933
0.901723,12.9845,3.89469,16.8792
0.902633,12.6442,3.92368,16.5679
0.903545,13.0782,3.86464,16.9428
0.904457,12.9439,3.94414,16.888
0.90537,13.2067,3.90746,17.1142
0.906284,12.7816,3.9506,16.7322
0.907199,12.7022,3.61334,16.3155
0.908115,12.8839,3.83666,16.7206
0.909031,12.8991,3.80219,16.7013
0.909948,12.9146,3.81436,16.729
0.910867,12.6284,3.83881,16.4672
0.911786,12.6184,3.97767,16.596
0.912705,12.9467,3.92521,16.8719
0.913626,12.8748,3.79052,16.6653
0.914547,12.9861,4.0272,17.0133
0.91547,12.7304,3.99695,16.7274
0.916393,12.8214,3.72071,16.5421
0.917317,12.6345,3.82451,16.459
0.918242,13.0889,3.92201,17.0109
0.919167,13.1041,3.9261,17.0302
0.920094,12.8458,3.88838,16.7342
0.921021,12.9452,3.86477,16.81
0.921949,12.8379,3.76212,16.6001
0.922879,13.1808,3.85786,17.0387
0.923808,13.0402,3.7907,16.8309
0.924739,13.1165,3.83362,16.9502
0.925671,12.589,3.94267,16.5317
0.926603,12.8005,3.76144,16.562
0.927536,12.8599,3.88323,16.7432
0.928471,12.4774,3.84114,16.3185
0.929406,12.6589,3.72317,16.3821
0.930341,12.8988,3.92097,16.8198
0.931278,12.9756,3.87262,16.8483
0.932216,12.8388,3.94077,16.7796
0.933154,12.9086,3.98393,16.8925
0.934093,12.9263,3.91781,16.8442
0.935033,12.937,3.76749,16.7045
0.935974,12.9215,3.83185,16.7533
0.936916,13.1848,3.76933,16.9541
0.937859,12.9104,3.84079,16.7512
0.938802,12.7826,3.90144,16.6841
0.939747,12.8194,4.00347,16.8229
0.940692,12.7694,3.82811,16.5975
0.941638,13.3622,3.85447,17.2167
0.942585,12.778,3.92745,16.7054
0.943533,12.9171,3.75145,16.6685
0.944481,12.7523,3.83504,16.5873
0.945431,13.0273,3.768,16.7953
0.946381,13.0255,3.82327,16.8487
0.947332,12.769,3.66696,16.436
0.948285,12.9201,3.73711,16.6572
0.949238,12.6859,3.72254,16.4085
0.950191,12.8948,3.63803,16.5328
0.951146,12.8135,3.82191,16.6354
0.952102,12.8136,3.81266,16.6263
0.953058,13.2291,3.82174,17.0508
0.954015,12.8147,3.80258,16.6173
0.954974,12.7608,3.84655,16.6074
0.955933,12.7039,3.80604,16.51
0.956893,13.0523,3.66893,16.7212
0.957853,12.6412,3.71835,16.3595
0.958815,13.097,3.82112,16.9182
0.959778,12.4941,3.82066,16.3148
0.960741,12.7978,3.86891,16.6667
0.961705,12.7298,3.83477,16.5645
0.962671,13.0802,3.809,16.8892
0.963637,12.9708,3.82061,16.7914
0.964604,12.9558,3.75482,16.7106
0.965571,12.7139,3.88587,16.5998
0.96654,12.8476,3.86601,16.7136
0.96751,12.735,3.77111,16.5061
0.96848,13.1002,3.91405,17.0143
0.969452,12.6992,3.78073,16.4799
0.970424,12.5196,3.73418,16.2537
0.971397,12.7946,3.93273,16.7273
0.972371,12.6025,3.76145,16.3639
0.973346,12.9123,3.76832,16.6806
0.974322,12.7409,3.76937,16.5103
0.975298,13.0386,3.80264,16.8412
0.976276,12.5398,3.68872,16.2285
0.977254,13.0124,3.67644,16.6888
0.978234,12.7191,3.75887,16.478
0.979214,12.8353,3.80668,16.6419
0.980195,12.7755,3.70305,16.4786
0.981177,12.9869,3.79602,16.7829
0.98216,12.9739,3.85087,16.8248
0.983143,12.9727,3.81056,16.7832
0.984128,12.8144,3.73329,16.5477
0.985114,13.011,3.76953,16.7805
0.9861,12.7476,3.80322,16.5508
0.987088,12.9149,3.56005,16.475
0.988076,12.758,3.70835,16.4664
0.989065,12.7166,3.90958,16.6262
0.990055,12.4765,3.87074,16.3472
0.991046,12.9245,3.68346,16.608
0.992038,12.9484,3.71566,16.6641
0.993031,13.059,3.91566,16.9747
0.994024,12.6191,3.85756,16.4766
0.995019,13.0307,3.74191,16.7726
0.996014,12.7631,3.73551,16.4986
0.997011,12.687,3.70698,16.394
0.998008,12.8884,3.71457,16.6029
0.999006,12.7338,3.78205,16.5159
1.00001,13.088,3.84698,16.935
1.00101,13.0277,3.7084,16.7361
1.00201,12.629,3.76851,16.3975
1.00301,12.6799,3.67437,16.3543
1.00402,12.8508,3.76639,16.6171
1.00502,12.7536,3.67172,16.4253
1.00603,12.9864,3.75215,16.7386
1.00704,12.9813,3.75012,16.7314
1.00805,12.6522,3.66172,16.3139
1.00906,12.6595,3.7608,16.4203
1.01008,13.1166,3.7354,16.852
1.0111,12.8776,3.71077,16.5884
1.01211,13.2157,3.72099,16.9367
1.01313,12.724,3.62784,16.3518
1.01415,12.6424,3.59493,16.2373
1.01518,13.071,3.6749,16.7459
1.0162,12.611,3.72625,16.3372
1.01723,12.7859,3.8171,16.603
1.01826,12.8286,3.75338,16.582
1.01929,12.6642,3.70004,16.3643
1.02032,12.776,3.75822,16.5343
1.02135,12.6525,3.76007,16.4125
1.02238,12.921,3.7479,16.6689
1.02342,12.7627,3.81483,16.5775
1.02446,12.8407,3.78992,16.6306
1.0255,12.8174,3.83179,16.6492
1.02654,12.9114,3.69339,16.6048
1.02758,13.1364,3.72096,16.8574
1.02863,12.8021,3.82337,16.6254
1.02968,12.7482,3.83407,16.5823
1.03072,12.882,3.81014,16.6921
1.03177,13.071,3.60616,16.6772
1.03282,12.8582,3.85339,16.7116
1.03388,12.5795,3.83297,16.4125
1.03493,12.8985,3.82571,16.7242
1.03599,12.6108,3.66417,16.275
1.03705,12.662,3.63003,16.292
1.03811,12.9634,3.65139,16.6147
1.03917,12.6825,3.75059,16.4331
1.04023,13.0438,3.77619,16.82
1.0413,12.6178,3.67712,16.295
1.04237,12.7005,3.69007,16.3906
1.04344,13.0629,3.73152,16.7944
1.04451,12.8579,3.75439,16.6123
1.04558,12.7066,3.75976,16.4664
1.04665,13.0655,3.62345,16.6889
1.04773,12.7289,3.86657,16.5955
1.04881,12.7136,3.63086,16.3444
1.04989,13.0627,3.91912,16.9818
1.05097,12.9033,3.72217,16.6255
1.05205,12.7266,3.74824,16.4749
1.05313,12.9586,3.85123,16.8099
1.05422,13.0618,3.64998,16.7118
1.05531,12.7204,3.82657,16.5469
1.0564,13.0491,3.6819,16.731
1.05749,12.7714,3.60271,16.3741
1.05858,13.0137,3.82023,16.8339
1.05968,12.5211,3.64435,16.1654
1.06078,12.5997,3.70551,16.3052
1.06187,12.5376,3.79197,16.3296
1.06297,12.4819,3.69402,16.1759
1.06408,12.9172,3.67273,16.5899
1.06518,12.7765,3.73462,16.5111
1.06629,13.1131,3.69111,16.8042
1.06739,12.8308,3.74912,16.5799
1.0685,12.8179,3.6737,16.4916
1.06962,12.8945,3.6869,16.5814
1.07073,12.4961,3.76966,16.2657
1.07184,12.8021,3.73322,16.5353
1.07296,12.9971,3.64302,16.6401
1.07408,12.8404,3.8544,16.6948
1.0752,13.0198,3.62742,16.6473
1.07632,12.7312,3.70772,16.439
1.07745,12.9453,3.73956,16.6849
1.07857,12.9745,3.77092,16.7454
1.0797,12.6918,3.75874,16.4506
1.08083,12.861,3.64295,16.504
1.08196,12.7479,3.57012,16.318
1.08309,12.9179,3.87977,16.7976
1.08423,12.4793,3.49462,15.9739
1.08536,12.6004,3.69707,16.2974
1.0865,12.6127,3.66117,16.2739
1.08764,12.8052,3.62067,16.4259
1.08879,12.5891,3.71719,16.3063
1.08993,12.884,3.72818,16.6121
1.09108,13.0011,3.64595,16.647
1.09223,12.5956,3.6836,16.2792
1.09337,12.8635,3.68076,16.5443
1.09453,13.1161,3.5178,16.6339
1.09568,12.8552,3.68305,16.5383
1.09684,12.8524,3.62519,16.4776
1.09799,12.827,3.66671,16.4937
1.09915,13.1085,3.49417,16.6026
1.10031,12.7517,3.6331,16.3848
1.10148,12.8225,3.56561,16.3881
1.10264,12.7219,3.7703,16.4922
1.10381,12.6916,3.60073,16.2923
1.10498,12.795,3.86405,16.6591
1.10615,13.2034,3.62153,16.8249
1.10732,12.8727,3.6654,16.5381
1.10849,12.7484,3.70585,16.4543
1.10967,12.7246,3.68209,16.4067
1.11085,12.8972,3.56003,16.4572
1.11203,12.8877,3.60662,16.4943
1.11321,12.7299,3.67886,16.4087
1.11439,12.8119,3.76175,16.5736
1.11558,12.7538,3.63244,16.3862
1.11677,12.8612,3.4825,16.3437
1.11796,12.749,3.55557,16.3045
1.11915,12.9968,3.69425,16.6911
1.12034,12.8074,3.59413,16.4015
1.12154,12.7195,3.58652,16.306
1.12274,12.9772,3.66266,16.6399
1.12394,12.9792,3.52396,16.5032
1.12514,12.9947,3.76058,16.7553
1.12634,12.8773,3.66612,16.5434
1.12755,12.6932,3.65604,16.3493
1.12875,12.7715,3.67747,16.449
1.12996,12.7053,3.64925,16.3545
1.13117,12.9786,3.59504,16.5737
1.13239,12.8708,3.68713,16.5579
1.1336,12.9324,3.61417,16.5466
1.13482,12.5481,3.55825,16.1063
1.13604,12.7384,3.64967,16.3881
1.13726,12.6327,3.58416,16.2168
1.13848,12.6774,3.56202,16.2394
1.13971,13.1801,3.69605,16.8761
1.14093,12.7491,3.567,16.3161
1.14216,12.7486,3.54677,16.2954
1.14339,12.7361,3.59933,16.3354
1.14463,12.6184,3.60386,16.2223
1.14586,13.1112,3.70842,16.8196
1.1471,13.1147,3.56074,16.6755
1.14834,12.7721,3.62422,16.3964
1.14958,12.8369,3.66256,16.4995
1.15082,12.6885,3.72768,16.4161
1.15207,12.9684,3.57452,16.5429
1.15332,12.9634,3.7175,16.6809
1.15456,12.8491,3.64355,16.4927
1.15582,12.7308,3.48612,16.2169
1.15707,12.7905,3.58814,16.3786
1.15832,12.8003,3.53045,16.3308
1.15958,13.0661,3.62066,16.6867
1.16084,12.6214,3.579,16.2004
1.1621,13.0111,3.59109,16.6022
1.16337,12.661,3.46243,16.1234
1.16463,12.7481,3.66062,16.4087
1.1659,12.7546,3.62982,16.3844
1.16717,12.8152,3.53515,16.3504
1.16844,12.9178,3.50023,16.418
1.16971,12.8286,3.65317,16.4818
1.17099,12.8816,3.60264,16.4842
1.17227,12.9658,3.55004,16.5159
1.17355,12.9382,3.56612,16.5043
1.17483,13.0532,3.67859,16.7318
1.17611,12.771,3.52266,16.2936
1.1774,12.6395,3.59214,16.2316
1.17869,12.7188,3.6247,16.3435
1.17998,12.8564,3.44456,16.301
1.18127,12.5903,3.51127,16.1016
1.18256,12.8784,3.56169,16.4401
1.18386,12.7087,3.52237,16.2311
1.18516,12.6267,3.54646,16.1731
1.18646,12.9035,3.46196,16.3655
1.18776,12.7118,3.41162,16.1234
1.18907,13,3.4761,16.4761
1.19038,12.8831,3.60641,16.4895
1.19169,12.7043,3.64594,16.3502
1.193,12.6871,3.47299,16.16
1.19431,12.8884,3.5316,16.42
1.19563,12.4998,3.64952,16.1493
1.19694,13.0598,3.46786,16.5276
1.19826,12.7237,3.56219,16.2858
1.19959,12.7759,3.55911,16.335
1.20091,13.0057,3.58996,16.5957
1.20224,13.1497,3.60501,16.7547
1.20357,13.1099,3.54764,16.6576
1.2049,12.6525,3.37117,16.0237
1.20623,12.868,3.62077,16.4887
1.20756,12.7404,3.47901,16.2194
1.2089,12.8295,3.53828,16.3677
1.21024,12.6477,3.55988,16.2075
1.21158,12.6564,3.38138,16.0378
1.21293,12.9761,3.54631,16.5224
1.21427,12.8759,3.49799,16.3739
1.21562,12.8999,3.57784,16.4778
1.21697,12.7294,3.52737,16.2567
1.21832,12.8202,3.55514,16.3753
1.21968,12.8573,3.58486,16.4422
1.22104,12.7305,3.54259,16.2731
1.2224,12.6712,3.51273,16.1839
1.22376,12.7914,3.58523,16.3766
1.22512,12.8425,3.48772,16.3302
1.22649,12.778,3.4048,16.1828
1.22785,12.8928,3.45046,16.3433
1.22922,13.1649,3.54225,16.7071
1.2306,12.6311,3.50785,16.139
1.23197,12.8824,3.50633,16.3887
1.23335,12.6732,3.54817,16.2214
1.23473,12.9079,3.48818,16.396
1.23611,12.9788,3.48634,16.4651
1.23749,12.7198,3.47359,16.1934
1.23888,12.8263,3.50772,16.334
1.24027,12.4695,3.41807,15.8876
1.24166,12.8239,3.46306,16.287
1.24305,12.7177,3.51559,16.2333
1.24445,12.9285,3.55342,16.4819
1.24584,13.0341,3.40534,16.4394
1.24724,12.7941,3.39674,16.1908
1.24864,13.0035,3.60145,16.605
1.25005,13.1073,3.43567,16.5429
1.25145,12.7143,3.58819,16.3025
1.25286,12.6881,3.48653,16.1747
1.25427,12.8838,3.55096,16.4347
1.25569,12.793,3.50981,16.3028
1.2571,12.7317,3.53979,16.2715
1.25852,12.6694,3.42037,16.0898
1.25994,12.608,3.53296,16.1409
1.26136,12.7829,3.46968,16.2526
1.26279,12.947,3.66819,16.6152
1.26421,12.5823,3.45084,16.0332
1.26564,12.8854,3.59059,16.476
1.26708,12.9416,3.47261,16.4142
1.26851,12.9008,3.44232,16.3431
1.26995,13.085,3.49583,16.5808
1.27138,12.5233,3.46658,15.9899
1.27283,12.9582,3.49405,16.4523
1.27427,12.9397,3.47984,16.4195
1.27571,12.7574,3.59317,16.3506
1.27716,13.0262,3.45028,16.4765
1.27861,13.0482,3.4054,16.4536
1.28007,12.7792,3.3355,16.1147
1.28152,12.8367,3.41973,16.2564
1.28298,12.7687,3.53884,16.3075
1.28444,12.7809,3.49837,16.2792
1.2859,12.9018,3.4534,16.3552
1.28736,12.862,3.34877,16.2108
1.28883,12.7831,3.43134,16.2144
1.2903,12.9253,3.60008,16.5253
1.29177,12.9742,3.5472,16.5214
1.29325,12.9684,3.41931,16.3877
1.29472,12.8265,3.42965,16.2562
1.2962,12.8767,3.49746,16.3742
1.29768,12.7488,3.35042,16.0992
1.29917,12.9163,3.40129,16.3176
1.30065,12.6968,3.48146,16.1782
1.30214,12.8683,3.4695,16.3378
1.30363,12.8437,3.47831,16.322
1.30513,12.771,3.36504,16.1361
1.30662,12.656,3.39534,16.0514
1.30812,12.8982,3.48265,16.3809
1.30962,12.6714,3.41254,16.084
1.31112,12.927,3.36262,16.2896
1.31263,12.7828,3.46222,16.2451
1.31414,12.6739,3.51202,16.1859
1.31565,12.5622,3.41058,15.9728
1.31716,12.8824,3.32532,16.2077
1.31868,12.7403,3.49306,16.2334
1.32019,12.7769,3.2981,16.075
1.32171,12.7514,3.39529,16.1467
1.32324,12.7501,3.37257,16.1227
1.32476,12.7124,3.45709,16.1695
1.32629,13.0563,3.33943,16.3957
1.32782,12.8299,3.33206,16.1619
1.32935,12.8145,3.34417,16.1587
1.33089,12.8272,3.32066,16.1479
1.33243,12.8612,3.51304,16.3742
1.33397,12.8331,3.48436,16.3175
1.33551,12.6267,3.33355,15.9603
1.33705,12.8333,3.32443,16.1577
1.3386,12.9909,3.4174,16.4083
1.34015,12.8996,3.39871,16.2983
1.34171,12.8434,3.45169,16.295
1.34326,12.7929,3.34368,16.1366
1.34482,12.6061,3.42693,16.033
1.34638,12.6809,3.32757,16.0084
1.34794,12.68,3.48444,16.1644
1.34951,12.8096,3.33737,16.147
1.35107,12.5633,3.38966,15.953
1.35265,12.7563,3.43296,16.1893
1.35422,12.7044,3.36376,16.0682
1.35579,12.7229,3.33894,16.0619
1.35737,12.9054,3.35695,16.2623
1.35895,12.728,3.31637,16.0444
1.36054,12.8055,3.39116,16.1967
1.36212,12.8082,3.37233,16.1806
1.36371,12.9984,3.36581,16.3642
1.3653,12.6642,3.41824,16.0825
1.3669,12.7973,3.48101,16.2783
1.36849,12.64,3.22569,15.8657
1.37009,12.7461,3.45586,16.202
1.37169,13.1025,3.37749,16.4799
1.3733,12.7765,3.2821,16.0586
1.3749,12.5205,3.25326,15.7738
1.37651,12.6668,3.31577,15.9826
1.37812,12.7308,3.35229,16.0831
1.37974,12.6328,3.33227,15.9651
1.38135,12.6911,3.25388,15.945
1.38297,12.8971,3.30714,16.2042
1.3846,13.0481,3.37229,16.4204
1.38622,12.7645,3.46054,16.225
1.38785,12.4267,3.35597,15.7826
1.38948,12.5896,3.27617,15.8658
1.39111,12.8454,3.36687,16.2123
1.39275,12.7701,3.30624,16.0764
1.39439,12.6528,3.33824,15.991
1.39603,12.7048,3.33799,16.0428
1.39767,12.7429,3.34326,16.0861
1.39932,12.7536,3.36714,16.1207
1.40097,12.8124,3.35821,16.1706
1.40262,12.8448,3.30769,16.1525
1.40427,12.6597,3.41335,16.0731
1.40593,12.8503,3.27532,16.1256
1.40759,12.8609,3.37514,16.2361
1.40925,12.7183,3.29341,16.0117
1.41092,12.6428,3.2948,15.9376
1.41258,12.8648,3.37701,16.2419
1.41425,12.8855,3.31579,16.2013
1.41593,12.7829,3.30178,16.0847
1.4176,13.1183,3.18692,16.3052
1.41928,12.7801,3.26839,16.0485
1.42096,12.9079,3.24804,16.1559
1.42265,12.9097,3.21067,16.1204
1.42433,12.4837,3.31472,15.7985
1.42602,12.874,3.33065,16.2047
1.42772,12.8213,3.20748,16.0287
1.42941,12.6003,3.31924,15.9196
1.43111,12.7069,3.27756,15.9844
1.43281,12.6027,3.21772,15.8205
1.43451,12.8289,3.26853,16.0974
1.43622,12.8072,3.28151,16.0887
1.43793,13.0701,3.30129,16.3714
1.43964,12.6026,3.31263,15.9152
1.44135,12.6922,3.28977,15.982
1.44307,12.7819,3.15399,15.9358
1.44479,12.8714,3.23062,16.102
1.44651,12.8114,3.23634,16.0478
1.44824,12.753,3.20921,15.9622
1.44997,12.9278,3.23296,16.1607
1.4517,12.8786,3.15258,16.0312
1.45343,12.6451,3.25692,15.902
1.45517,12.6313,3.23328,15.8646
1.45691,12.8059,3.20961,16.0155
1.45865,12.7331,3.26432,15.9974
1.4604,12.7649,3.352,16.1169
1.46214,12.953,3.23086,16.1839
1.4639,12.7439,3.24722,15.9911
1.46565,12.8862,3.16605,16.0522
1.46741,12.9862,3.22467,16.2108
1.46917,12.7591,3.23161,15.9907
1.47093,12.7757,3.27353,16.0492
1.47269,12.7556,3.28815,16.0438
1.47446,12.8082,3.2257,16.0339
1.47623,12.8091,3.23968,16.0488
1.47801,12.5964,3.30334,15.8997
1.47978,12.688,3.29982,15.9878
1.48156,12.6312,3.19707,15.8283
1.48335,12.9361,3.14631,16.0824
1.48513,12.7995,3.25495,16.0545
1.48692,12.9165,3.24338,16.1599
1.48871,12.702,3.12459,15.8265
1.4905,12.8881,3.14248,16.0306
1.4923,12.8595,3.15851,16.018
1.4941,12.8081,3.24774,16.0559
1.4959,12.9663,3.27316,16.2395
1.49771,12.5082,3.19275,15.7009
1.49952,12.9449,3.24606,16.191
1.50133,12.7112,3.25287,15.964
1.50315,13.0055,3.25137,16.2569
1.50496,12.7307,3.22694,15.9576
1.50678,12.7728,3.11036,15.8831
1.50861,12.8057,3.21948,16.0252
1.51043,12.8021,3.2083,16.0104
1.51226,12.7121,3.27145,15.9836
1.5141,12.8605,3.1516,16.0121
1.51593,12.7979,3.25149,16.0493
1.51777,12.7814,3.22982,16.0112
1.51961,12.7076,3.24275,15.9503
1.52146,12.7885,3.24956,16.0381
1.5233,12.7555,3.14747,15.9029
1.52515,12.65,3.20762,15.8577
1.52701,12.7136,3.29406,16.0076
1.52886,12.6773,3.18941,15.8667
1.53072,12.6774,3.19602,15.8735
1.53258,12.9478,3.07513,16.0229
1.53445,12.6325,3.20171,15.8342
1.53632,12.7446,3.12377,15.8684
1.53819,12.8728,3.21484,16.0876
1.54006,12.6091,3.11359,15.7227
1.54194,12.9197,3.19078,16.1104
1.54382,12.9007,3.18328,16.084
1.54571,12.6464,3.17617,15.8226
1.54759,12.7207,3.1566,15.8773
1.54948,12.5426,3.14451,15.6871
1.55138,12.854,3.06242,15.9165
1.55327,12.8608,3.27843,16.1393
1.55517,12.5161,3.21877,15.7349
1.55707,12.8186,3.18791,16.0065
1.55898,12.6199,3.02644,15.6464
1.56089,12.7521,3.14671,15.8988
1.5628,12.891,3.06727,15.9582
1.56471,12.8113,3.18362,15.9949
1.56663,12.7054,3.13439,15.8398
1.56855,12.5617,3.14816,15.7099
1.57048,12.9942,3.10277,16.0969
1.5724,12.8746,3.1161,15.9907
1.57433,12.7507,3.14427,15.8949
1.57627,12.8732,3.07165,15.9448
1.5782,12.8673,3.11097,15.9782
1.58014,12.672,3.157,15.829
1.58208,12.4292,3.04109,15.4703
1.58403,12.8856,3.07451,15.9601
1.58598,12.7053,3.12744,15.8327
1.58793,12.7784,3.03899,15.8174
1.58989,12.7362,3.16649,15.9027
1.59185,12.5542,3.01222,15.5664
1.59381,12.6349,3.06925,15.7042
1.59577,12.5689,3.14794,15.7168
1.59774,12.715,3.11894,15.8339
1.59971,12.7301,3.11344,15.8435
1.60169,12.6407,3.08093,15.7216
1.60366,12.7301,2.94393,15.674
1.60564,12.7089,3.07484,15.7837
1.60763,12.4412,3.04745,15.4887
1.60962,12.6714,3.15607,15.8274
1.61161,12.877,3.0402,15.9172
1.6136,12.7466,3.08821,15.8349
1.6156,12.9091,3.05938,15.9684
1.6176,12.6993,3.08485,15.7841
1.6196,12.6163,3.00673,15.6231
1.62161,12.7264,3.07409,15.8005
1.62362,12.715,3.05127,15.7663
1.62563,12.6253,3.10313,15.7284
1.62765,12.8494,3.16235,16.0118
1.62967,12.6076,3.05111,15.6588
1.63169,12.7674,3.14543,15.9128
1.63372,12.642,3.05895,15.701
1.63575,12.6273,2.99961,15.6269
1.63778,12.6687,2.99589,15.6646
1.63982,12.7137,2.98311,15.6968
1.64186,12.6484,3.05169,15.7001
1.6439,12.8844,3.17633,16.0608
1.64595,12.7343,3.05911,15.7934
1.648,12.6907,3.01383,15.7046
1.65005,12.5545,2.97828,15.5327
1.65211,12.6657,3.01368,15.6794
1.65417,12.8815,3.06775,15.9493
1.65623,12.624,3.0132,15.6372
1.65829,12.9041,3.06199,15.966
1.66036,12.6337,3.0803,15.714
1.66244,12.6877,2.91962,15.6074
1.66451,12.784,3.07283,15.8568
1.66659,12.6928,2.97879,15.6716
1.66868,12.7527,3.00052,15.7532
1.67076,12.7075,2.94897,15.6564
1.67285,12.8119,3.06002,15.8719
1.67495,12.5946,2.98472,15.5793
1.67704,12.697,3.01089,15.7079
1.67914,12.6075,3.13402,15.7415
1.68125,12.6069,3.00002,15.6069
1.68335,12.7767,3.04369,15.8204
1.68547,12.7774,2.97397,15.7514
1.68758,12.6178,2.929,15.5468
1.6897,12.7662,2.97333,15.7395
1.69182,12.8069,3.03334,15.8402
1.69394,12.7572,3.03015,15.7874
1.69607,12.7851,3.09049,15.8756
1.6982,12.8864,2.87448,15.7609
1.70033,12.7075,3.03165,15.7391
1.70247,12.7766,2.99799,15.7746
1.70461,12.6547,3.02878,15.6835
1.70676,12.5423,2.96952,15.5118
1.70891,12.6035,2.97757,15.5811
1.71106,12.7863,2.9412,15.7276
1.71322,12.6925,2.89881,15.5913
1.71537,12.7457,2.83766,15.5834
1.71754,12.5574,2.97188,15.5293
1.7197,12.7855,2.84136,15.6268
1.72187,12.7245,3.04221,15.7667
1.72405,12.7515,3.03116,15.7826
1.72622,12.7516,2.91584,15.6674
1.7284,12.894,2.9824,15.8764
1.73059,12.8496,2.97104,15.8206
1.73277,12.807,3.00927,15.8162
1.73496,12.8108,3.02625,15.8371
1.73716,12.5309,2.84078,15.3717
1.73936,12.8041,3.04984,15.854
1.74156,12.4648,2.97379,15.4386
1.74376,12.8033,2.9395,15.7428
1.74597,12.7912,2.93505,15.7262
1.74818,12.8626,2.99547,15.8581
1.7504,12.7746,3.03759,15.8122
1.75262,12.7402,2.95775,15.698
1.75484,12.8307,2.95212,15.7828
1.75707,12.7485,2.92282,15.6713
1.7593,12.83,2.97722,15.8072
1.76153,12.7335,2.95466,15.6882
1.76377,12.8385,2.80088,15.6394
1.76601,12.6428,2.95252,15.5953
1.76826,12.7689,2.94993,15.7188
1.7705,12.5473,2.98951,15.5368
1.77276,12.6683,2.87441,15.5427
1.77501,12.6769,2.93249,15.6094
1.77727,12.6832,2.86981,15.5531
1.77953,12.6999,2.86724,15.5672
1.7818,12.7206,2.87523,15.5958
1.78407,12.6402,2.93654,15.5768
1.78635,12.7944,2.91375,15.7082
1.78862,12.7754,2.85811,15.6335
1.7909,12.6644,2.88119,15.5456
1.79319,12.6939,2.84612,15.54
1.79548,12.7246,2.9088,15.6334
1.79777,12.8283,2.86038,15.6887
1.80007,12.825,2.91046,15.7355
1.80237,12.7365,2.98337,15.7198
1.80467,12.54,2.87636,15.4163
1.80698,12.7169,2.92082,15.6377
1.80929,12.7227,2.94978,15.6724
1.81161,12.7305,2.8154,15.5459
1.81392,12.7055,2.81054,15.5161
1.81625,12.613,2.95375,15.5668
1.81857,12.6835,2.84629,15.5298
1.8209,12.6222,2.8942,15.5164
1.82324,12.7265,2.84426,15.5707
1.82558,12.5099,2.85805,15.368
1.82792,12.7182,2.85113,15.5693
1.83026,12.7115,2.80033,15.5118
1.83261,12.639,2.81032,15.4493
1.83496,12.923,2.86783,15.7908
1.83732,12.7564,2.82734,15.5837
1.83968,12.7374,2.84959,15.5869
1.84205,12.8044,2.76081,15.5652
1.84441,12.7626,2.82669,15.5893
1.84679,12.6507,2.85767,15.5084
1.84916,12.9262,2.83755,15.7637
1.85154,12.7012,2.7648,15.466
1.85393,12.574,2.73648,15.3105
1.85631,12.5785,2.76018,15.3387
1.85871,12.8304,2.78786,15.6182
1.8611,12.6657,2.82557,15.4913
1.8635,12.7122,2.7757,15.4879
1.8659,12.4743,2.74742,15.2217
1.86831,12.6155,2.82062,15.4361
1.87072,12.6401,2.70787,15.348
1.87314,12.6925,2.75844,15.451
1.87556,12.5441,2.75491,15.299
1.87798,12.6537,2.73914,15.3928
1.88041,12.7099,2.77925,15.4892
1.88284,12.6332,2.79846,15.4316
1.88527,12.6363,2.82772,15.464
1.88771,12.6472,2.82226,15.4695
1.89015,12.654,2.77425,15.4282
1.8926,12.7156,2.75744,15.4731
1.89505,12.7696,2.75835,15.528
1.8975,12.6245,2.77572,15.4002
1.89996,12.7006,2.70372,15.4043
1.90242,12.6378,2.70612,15.3439
1.90489,12.7723,2.77713,15.5494
1.90736,12.6538,2.80284,15.4566
1.90984,12.702,2.72986,15.4318
1.91231,12.557,2.7307,15.2877
1.9148,12.8421,2.63831,15.4804
1.91728,12.5056,2.6822,15.1878
1.91977,12.7231,2.67328,15.3964
1.92227,12.7966,2.78831,15.5849
1.92477,12.5847,2.70137,15.2861
1.92727,12.7599,2.67272,15.4326
1.92978,12.554,2.68553,15.2396
1.93229,12.7901,2.73869,15.5288
1.9348,12.678,2.67276,15.3507
1.93732,12.583,2.6826,15.2656
1.93984,12.7352,2.62696,15.3621
1.94237,12.7241,2.75933,15.4834
1.9449,12.7832,2.68266,15.4659
1.94744,12.5998,2.72636,15.3262
1.94998,12.7549,2.77909,15.534
1.95252,12.8871,2.63865,15.5258
1.95507,12.6564,2.72138,15.3778
1.95762,12.7957,2.75093,15.5466
1.96018,12.7058,2.64475,15.3506
1.96274,12.6331,2.69389,15.327
1.9653,12.7255,2.66524,15.3907
1.96787,12.649,2.73975,15.3887
1.97044,12.6438,2.65305,15.2968
1.97302,12.7297,2.6024,15.3321
1.9756,12.6486,2.74058,15.3892
1.97819,12.6817,2.729,15.4107
1.98078,12.7012,2.71208,15.4133
1.98337,12.7459,2.65334,15.3992
1.98597,12.6041,2.66933,15.2734
1.98857,12.6638,2.61902,15.2828
1.99118,12.6884,2.65641,15.3448
1.99379,12.7077,2.63126,15.339
1.9964,12.725,2.62944,15.3544
1.99902,12.8783,2.59949,15.4778
2.00165,12.6861,2.61713,15.3032
2.00427,12.6826,2.66916,15.3518
2.0069,12.8679,2.61693,15.4848
2.00954,12.858,2.62385,15.4819
2.01218,12.812,2.59227,15.4042
2.01483,12.8194,2.57541,15.3949
2.01748,12.7375,2.64279,15.3803
2.02013,12.6659,2.6216,15.2875
2.02279,12.712,2.64879,15.3608
2.02545,12.7407,2.58436,15.3251
2.02811,12.8671,2.56821,15.4353
2.03079,12.85,2.64546,15.4954
2.03346,12.5723,2.61391,15.1862
2.03614,12.7056,2.58236,15.2879
2.03882,12.5312,2.52541,15.0566
2.04151,12.7339,2.58995,15.3238
2.0442,12.8607,2.59264,15.4533
2.0469,12.6673,2.49811,15.1654
2.0496,12.6704,2.52317,15.1936
2.05231,12.6826,2.58431,15.2669
2.05502,12.6749,2.54526,15.2201
2.05773,12.6368,2.51148,15.1482
2.06045,12.757,2.5437,15.3007
2.06317,12.5591,2.54321,15.1023
2.0659,12.5369,2.50062,15.0375
2.06863,12.5219,2.52683,15.0487
2.07137,12.6387,2.48611,15.1248
2.07411,12.6587,2.49907,15.1577
2.07686,12.606,2.5166,15.1226
2.07961,12.5243,2.54508,15.0694
2.08236,12.8638,2.58442,15.4482
2.08512,12.5837,2.55471,15.1384
2.08788,12.6278,2.52808,15.1559
2.09065,12.6268,2.51205,15.1389
2.09342,12.6875,2.55605,15.2436
2.0962,12.6577,2.50838,15.1661
2.09898,12.7903,2.49347,15.2838
2.10177,12.6234,2.4679,15.0914
2.10456,12.6931,2.48195,15.175
2.10735,12.7766,2.44352,15.2201
2.11015,12.5873,2.4509,15.0382
2.11296,12.6192,2.44519,15.0644
2.11576,12.5065,2.46157,14.9681
2.11858,12.8386,2.47424,15.3129
2.1214,12.647,2.52226,15.1692
2.12422,12.7484,2.46288,15.2113
2.12704,12.6778,2.4514,15.1292
2.12988,12.6418,2.49913,15.1409
2.13271,12.728,2.49571,15.2237
2.13555,12.4451,2.41183,14.8569
2.1384,12.6956,2.44748,15.1431
2.14125,12.5825,2.50462,15.0871
2.1441,12.6292,2.40083,15.03
2.14696,12.6613,2.39692,15.0582
2.14983,12.6574,2.47624,15.1336
2.15269,12.6574,2.48382,15.1412
2.15557,12.708,2.36058,15.0686
2.15845,12.6343,2.44046,15.0747
2.16133,12.8536,2.41387,15.2675
2.16421,12.6287,2.42278,15.0514
2.16711,12.5089,2.37256,14.8814
2.17,12.4838,2.40636,14.8902
2.1729,12.813,2.40323,15.2163
2.17581,12.5722,2.42678,14.999
2.17872,12.7922,2.39113,15.1833
2.18164,12.6501,2.427,15.0771
2.18456,12.6479,2.39665,15.0445
2.18748,12.6634,2.38159,15.045
2.19041,12.6604,2.45809,15.1185
2.19335,12.7605,2.38113,15.1416
2.19628,12.6189,2.39723,15.0161
2.19923,12.6814,2.36676,15.0481
2.20218,12.4749,2.37006,14.845
2.20513,12.6625,2.36645,15.0289
2.20809,12.7594,2.45314,15.2126
2.21105,12.641,2.41,15.051
2.21402,12.5148,2.4083,14.923
2.21699,12.5529,2.30928,14.8622
2.21997,12.799,2.31656,15.1155
2.22295,12.5888,2.32137,14.9102
2.22594,12.6855,2.35364,15.0392
2.22893,12.602,2.33175,14.9338
2.23193,12.544,2.30266,14.8466
2.23493,12.6754,2.33072,15.0062
2.23794,12.5274,2.25826,14.7857
2.24095,12.6617,2.35392,15.0156
2.24397,12.4283,2.31599,14.7443
2.24699,12.5968,2.30313,14.8999
2.25001,12.7279,2.32359,15.0515
2.25305,12.491,2.38883,14.8798
2.25608,12.5906,2.28163,14.8723
2.25912,12.6415,2.28299,14.9245
2.26217,12.7113,2.35041,15.0618
2.26522,12.4609,2.30477,14.7657
2.26828,12.5133,2.22123,14.7345
2.27134,12.6189,2.23544,14.8544
2.2744,12.6879,2.30751,14.9954
2.27747,12.5084,2.22126,14.7296
2.28055,12.6542,2.28037,14.9346
2.28363,12.6659,2.23532,14.9013
2.28672,12.6625,2.2896,14.9521
2.28981,12.633,2.29898,14.932
2.2929,12.5175,2.20524,14.7228
2.296,12.5876,2.22721,14.8148
2.29911,12.6398,2.23514,14.8749
2.30222,12.7616,2.27759,15.0392
2.30534,12.6137,2.1703,14.784
2.30846,12.4366,2.27069,14.7073
2.31158,12.6443,2.21131,14.8556
2.31472,12.6271,2.24831,14.8754
2.31785,12.6902,2.25507,14.9453
2.32099,12.6245,2.20427,14.8288
2.32414,12.6759,2.23483,14.9107
2.32729,12.6725,2.17399,14.8465
2.33045,12.6421,2.26419,14.9063
2.33361,12.6944,2.2241,14.9185
2.33678,12.9371,2.18716,15.1243
2.33995,12.6486,2.19917,14.8478
2.34313,12.7361,2.13882,14.8749
2.34631,12.8247,2.20939,15.0341
2.3495,12.5591,2.23359,14.7927
2.35269,12.4847,2.21603,14.7007
2.35589,12.7026,2.10801,14.8106
2.35909,12.4998,2.10967,14.6095
2.3623,12.574,2.11106,14.6851
2.36552,12.4429,2.08247,14.5254
2.36873,12.6783,2.1461,14.8244
2.37196,12.6162,2.12915,14.7454
2.37519,12.5791,2.15178,14.7309
2.37842,12.7464,2.1768,14.9232
2.38166,12.5334,2.13985,14.6733
2.38491,12.5624,2.11268,14.6751
2.38816,12.6681,2.05797,14.7261
2.39141,12.7133,2.14353,14.8568
2.39467,12.5889,2.12619,14.7151
2.39794,12.6627,2.15429,14.817
2.40121,12.6116,2.12953,14.7412
2.40449,12.674,2.19918,14.8732
2.40777,12.5794,2.11507,14.6945
2.41106,12.5481,2.10551,14.6536
2.41435,12.5218,2.06078,14.5826
2.41765,12.6343,2.14062,14.7749
2.42095,12.5506,2.10872,14.6593
2.42426,12.6292,2.08729,14.7165
2.42758,12.8131,2.08814,14.9012
2.4309,12.526,2.07762,14.6037
2.43422,12.5774,2.06735,14.6447
2.43755,12.4953,2.06009,14.5554
2.44089,12.6216,2.05731,14.6789
2.44423,12.7171,2.03899,14.7561
2.44758,12.7334,2.09327,14.8267
2.45093,12.4847,2.02579,14.5105
2.45429,12.5915,1.99047,14.582
2.45765,12.6141,2.01473,14.6288
2.46102,12.6286,2.07989,14.7085
2.46439,12.6237,2.01662,14.6404
2.46777,12.6727,2.01039,14.6831
2.47116,12.7131,2.00973,14.7228
2.47455,12.6527,1.9755,14.6282
2.47795,12.5975,2.01315,14.6106
2.48135,12.6432,1.98711,14.6303
2.48475,12.76,1.96342,14.7235
2.48817,12.5729,2.00633,14.5792
2.49159,12.5471,1.95944,14.5065
2.49501,12.6639,1.94712,14.611
2.49844,12.5896,1.91355,14.5031
2.50187,12.6396,1.9616,14.6012
2.50531,12.5896,1.91214,14.5017
2.50876,12.5728,1.99248,14.5653
2.51221,12.6618,1.95737,14.6192
2.51567,12.4994,1.97732,14.4767
2.51913,12.5106,1.89773,14.4083
2.5226,12.5984,1.89301,14.4914
2.52608,12.6831,1.92513,14.6083
2.52956,12.6071,1.9117,14.5188
2.53304,12.5863,1.90335,14.4897
2.53653,12.6554,1.89064,14.546
2.54003,12.5547,1.93175,14.4864
2.54353,12.6326,1.89782,14.5304
2.54704,12.6152,1.86023,14.4754
2.55055,12.5843,1.94158,14.5259
2.55407,12.6333,1.89099,14.5243
2.5576,12.6557,1.87883,14.5345
2.56113,12.5704,1.87612,14.4465
2.56467,12.6161,1.85577,14.4719
2.56821,12.4756,1.82418,14.2998
2.57176,12.617,1.85703,14.474
2.57531,12.5405,1.85201,14.3925
2.57887,12.5539,1.77606,14.3299
2.58244,12.4639,1.8283,14.2922
2.58601,12.4748,1.84156,14.3163
2.58959,12.4718,1.85393,14.3257
2.59317,12.7215,1.80844,14.53
2.59676,12.5478,1.81017,14.358
2.60035,12.55,1.885,14.435
2.60395,12.6446,1.78606,14.4307
2.60756,12.4924,1.81962,14.312
2.61117,12.6092,1.78297,14.3922
2.61479,12.4648,1.77211,14.237
2.61841,12.6265,1.72084,14.3473
2.62204,12.5773,1.78441,14.3617
2.62568,12.5542,1.77589,14.3301
2.62932,12.5643,1.76325,14.3275
2.63297,12.529,1.7845,14.3135
2.63662,12.5641,1.79888,14.363
2.64028,12.5469,1.77875,14.3256
2.64395,12.5915,1.76643,14.3579
2.64762,12.6925,1.74752,14.44
2.6513,12.6308,1.72853,14.3593
2.65498,12.6576,1.70863,14.3663
2.65867,12.4175,1.73887,14.1563
2.66236,12.5475,1.72929,14.2768
2.66607,12.6026,1.71982,14.3224
2.66977,12.5362,1.74048,14.2767
2.67349,12.5829,1.68381,14.2667
2.67721,12.5176,1.68401,14.2016
2.68093,12.5514,1.6566,14.208
2.68466,12.5139,1.65231,14.1662
2.6884,12.5212,1.68084,14.202
2.69214,12.4235,1.69229,14.1158
2.69589,12.686,1.62717,14.3132
2.69965,12.5461,1.66925,14.2153
2.70341,12.6386,1.66853,14.3072
2.70718,12.6836,1.61823,14.3018
2.71095,12.57,1.66423,14.2343
2.71473,12.6021,1.62074,14.2228
2.71852,12.5265,1.594,14.1205
2.72231,12.5483,1.59184,14.1401
2.72611,12.5305,1.62891,14.1594
2.72992,12.4263,1.63598,14.0623
2.73373,12.5867,1.61308,14.1997
2.73755,12.5727,1.60219,14.1749
2.74137,12.6887,1.53365,14.2224
2.7452,12.4594,1.54658,14.006
2.74903,12.552,1.60835,14.1603
2.75288,12.6436,1.59524,14.2389
2.75673,12.5587,1.54847,14.1072
2.76058,12.6184,1.58682,14.2052
2.76444,12.5273,1.54445,14.0717
2.76831,12.4728,1.55866,14.0314
2.77218,12.5155,1.60949,14.125
2.77606,12.6058,1.51798,14.1238
2.77995,12.4208,1.50442,13.9253
2.78384,12.6033,1.4675,14.0708
2.78774,12.4836,1.52729,14.0109
2.79164,12.6204,1.4644,14.0848
2.79556,12.5199,1.5561,14.076
2.79947,12.6529,1.47238,14.1253
2.8034,12.5181,1.49982,14.018
2.80733,12.4189,1.5158,13.9347
2.81126,12.6526,1.49288,14.1454
2.81521,12.4787,1.46946,13.9482
2.81916,12.5255,1.48167,14.0072
2.82311,12.3967,1.46987,13.8665
2.82708,12.4314,1.44558,13.8769
2.83105,12.63,1.48602,14.116
2.83502,12.379,1.42159,13.8006
2.839,12.5385,1.42248,13.961
2.84299,12.4165,1.41924,13.8357
2.84699,12.5976,1.44029,14.0379
2.85099,12.7661,1.43004,14.1961
2.85499,12.4294,1.40373,13.8331
2.85901,12.5448,1.42807,13.9728
2.86303,12.6139,1.41262,14.0265
2.86706,12.4762,1.38584,13.862
2.87109,12.5935,1.37241,13.966
2.87513,12.4512,1.40703,13.8582
2.87918,12.4855,1.40498,13.8904
2.88323,12.5965,1.40118,13.9977
2.88729,12.6106,1.35247,13.9631
2.89136,12.5553,1.35885,13.9142
2.89543,12.7034,1.36007,14.0635
2.89951,12.586,1.31326,13.8992
2.9036,12.519,1.32113,13.8401
2.90769,12.4933,1.37264,13.8659
2.91179,12.4841,1.33161,13.8157
2.9159,12.6375,1.36466,14.0021
2.92001,12.6032,1.3388,13.942
2.92413,12.4558,1.29183,13.7476
2.92826,12.391,1.30245,13.6934
2.93239,12.5417,1.26922,13.811
2.93653,12.5376,1.30546,13.8431
2.94068,12.4874,1.33321,13.8206
2.94483,12.5874,1.25692,13.8443
2.94899,12.5629,1.24766,13.8105
2.95316,12.4886,1.24603,13.7346
2.95734,12.3646,1.23008,13.5947
2.96152,12.4433,1.27534,13.7186
2.9657,12.4276,1.20574,13.6333
2.9699,12.5509,1.23905,13.7899
2.9741,12.5615,1.23952,13.801
2.97831,12.4262,1.19546,13.6217
2.98252,12.4988,1.24314,13.742
2.98674,12.4237,1.17832,13.602
2.99097,12.4969,1.22532,13.7222
2.99521,12.4085,1.24945,13.658
2.99945,12.3406,1.16373,13.5043
3.0037,12.5723,1.15885,13.7312
3.00795,12.4759,1.19554,13.6715
3.01222,12.4993,1.13684,13.6361
3.01649,12.6321,1.15032,13.7825
3.02076,12.55,1.15511,13.7051
3.02505,12.4857,1.16555,13.6513
3.02934,12.5354,1.17723,13.7126
3.03364,12.4714,1.16521,13.6366
3.03794,12.5063,1.13295,13.6393
3.04225,12.5788,1.11351,13.6924
3.04657,12.4692,1.1064,13.5756
3.0509,12.4732,1.1133,13.5865
3.05523,12.4515,1.13962,13.5911
3.05957,12.484,1.12323,13.6072
3.06392,12.3831,1.12643,13.5096
3.06827,12.504,1.05802,13.562
3.07263,12.3974,1.05416,13.4515
3.077,12.5039,1.0866,13.5905
3.08137,12.5076,1.05847,13.5661
3.08576,12.4863,1.00088,13.4872
3.09015,12.5871,1.04353,13.6306
3.09454,12.4472,1.03348,13.4807
3.09895,12.5783,1.04703,13.6253
3.10336,12.5822,1.00971,13.5919
3.10777,12.6155,1.0226,13.6381
3.1122,12.4308,1.02012,13.4509
3.11663,12.4841,1.00935,13.4935
3.12107,12.5243,1.02632,13.5506
3.12552,12.4258,1.00508,13.4309
3.12997,12.5068,0.991852,13.4987
3.13443,12.4851,0.94588,13.431
3.1389,12.5888,0.997048,13.5858
3.14338,12.4891,0.929083,13.4182
3.14786,12.509,0.949227,13.4582
3.15235,12.4875,0.97185,13.4594
3.15685,12.4234,0.983963,13.4073
3.16135,12.4775,0.950819,13.4283
3.16587,12.3991,0.886482,13.2855
3.17039,12.5479,0.943995,13.4919
3.17491,12.5194,0.921016,13.4404
3.17945,12.5841,0.885139,13.4693
3.18399,12.3125,0.901236,13.2138
3.18854,12.5178,0.900783,13.4186
3.19309,12.4774,0.888595,13.366
3.19766,12.4549,0.918452,13.3734
3.20223,12.6398,0.891555,13.5313
3.20681,12.3147,0.861025,13.1757
3.21139,12.379,0.875307,13.2544
3.21599,12.3464,0.829695,13.1761
3.22059,12.4795,0.857441,13.3369
3.2252,12.379,0.864929,13.244
3.22981,12.5058,0.823436,13.3293
3.23444,12.4245,0.840086,13.2646
3.23907,12.5608,0.85243,13.4133
3.2437,12.3976,0.804007,13.2016
3.24835,12.5082,0.821807,13.33
3.253,12.4734,0.801046,13.2744
3.25767,12.5308,0.804606,13.3355
3.26233,12.6217,0.807326,13.429
3.26701,12.5327,0.776399,13.3091
3.27169,12.5464,0.784473,13.3309
3.27639,12.594,0.786441,13.3804
3.28108,12.544,0.76026,13.3042
3.28579,12.505,0.764845,13.2699
3.29051,12.4194,0.758216,13.1776
3.29523,12.4785,0.768003,13.2465
3.29996,12.5766,0.709719,13.2863
3.3047,12.4906,0.715915,13.2066
3.30944,12.4707,0.711456,13.1822
3.31419,12.435,0.71845,13.1535
3.31895,12.5345,0.732131,13.2666
3.32372,12.4182,0.70134,13.1195
3.3285,12.4968,0.69904,13.1958
3.33328,12.4204,0.678005,13.0984
3.33807,12.3187,0.666067,12.9848
3.34287,12.4764,0.676815,13.1532
3.34768,12.517,0.681793,13.1988
3.35249,12.5063,0.659046,13.1654
3.35732,12.4433,0.660575,13.1039
3.36215,12.6996,0.648579,13.3482
3.36699,12.4186,0.656501,13.0751
3.37183,12.3002,0.629675,12.9298
3.37669,12.4056,0.636142,13.0417
3.38155,12.3532,0.621503,12.9747
3.38642,12.5186,0.621993,13.1406
3.3913,12.6138,0.598868,13.2127
3.39618,12.4204,0.604385,13.0248
3.40108,12.3782,0.607739,12.986
3.40598,12.4235,0.581177,13.0047
3.41089,12.5349,0.573394,13.1083
3.41581,12.4924,0.589935,13.0824
3.42073,12.4745,0.555197,13.0297
3.42567,12.4774,0.576728,13.0541
3.43061,12.4343,0.548665,12.983
3.43556,12.396,0.552906,12.9489
3.44051,12.3172,0.56354,12.8808
3.44548,12.6249,0.542582,13.1675
3.45045,12.4044,0.514604,12.919
3.45544,12.5038,0.540619,13.0445
3.46043,12.5032,0.515686,13.0189
3.46543,12.4482,0.529401,12.9776
3.47043,12.3963,0.501763,12.8981
3.47545,12.5011,0.515873,13.017
3.48047,12.4717,0.506503,12.9782
3.4855,12.4076,0.513806,12.9214
3.49054,12.4827,0.486351,12.969
3.49559,12.4809,0.49513,12.9761
3.50064,12.4888,0.46525,12.954
3.5057,12.3971,0.474297,12.8714
3.51078,12.3805,0.45018,12.8307
3.51586,12.4843,0.451985,12.9363
3.52094,12.4423,0.479667,12.922
3.52604,12.379,0.481591,12.8606
3.53115,12.4557,0.449958,12.9056
3.53626,12.3893,0.461404,12.8507
3.54138,12.4078,0.445563,12.8533
3.54651,12.4763,0.451949,12.9283
3.55165,12.464,0.436449,12.9005
3.55679,12.4759,0.429539,12.9054
3.56195,12.3349,0.41432,12.7492
3.56711,12.4903,0.405136,12.8954
3.57228,12.4646,0.417699,12.8823
3.57746,12.4637,0.392555,12.8563
3.58265,12.4845,0.422193,12.9067
3.58785,12.4298,0.398622,12.8284
3.59305,12.4257,0.375168,12.8009
3.59827,12.4887,0.370751,12.8595
3.60349,12.3199,0.382198,12.7021
3.60872,12.4073,0.375907,12.7832
3.61396,12.4276,0.374468,12.802
3.61921,12.4496,0.348997,12.7986
3.62446,12.4184,0.360474,12.7788
3.62973,12.4151,0.341057,12.7562
3.635,12.291,0.334988,12.626
3.64028,12.449,0.332798,12.7818
3.64557,12.2764,0.336364,12.6128
3.65087,12.3427,0.327644,12.6704
3.65618,12.3868,0.313662,12.7005
3.6615,12.3481,0.330544,12.6787
3.66682,12.3757,0.316458,12.6921
3.67216,12.421,0.318048,12.739
3.6775,12.4219,0.317741,12.7396
3.68285,12.4226,0.304511,12.7271
3.68821,12.3426,0.292794,12.6354
3.69358,12.4455,0.297616,12.7431
3.69895,12.3359,0.289054,12.625
3.70434,12.3387,0.280457,12.6191
3.70973,12.4422,0.271146,12.7134
3.71514,12.2982,0.271685,12.5699
3.72055,12.3699,0.283257,12.6532
3.72597,12.3899,0.26661,12.6565
3.7314,12.3774,0.291919,12.6693
3.73684,12.3115,0.274121,12.5856
3.74229,12.3342,0.252027,12.5862
3.74774,12.3536,0.265994,12.6196
3.75321,12.4779,0.251896,12.7298
3.75868,12.3978,0.24928,12.6471
3.76416,12.3251,0.227933,12.553
3.76966,12.2624,0.245553,12.508
3.77516,12.3696,0.24557,12.6152
3.78067,12.4619,0.231173,12.6931
3.78618,12.4678,0.23102,12.6988
3.79171,12.3788,0.236057,12.6148
3.79725,12.4996,0.239737,12.7393
3.80279,12.3718,0.220653,12.5924
3.80835,12.4108,0.212301,12.6231
3.81391,12.4676,0.197939,12.6655
3.81949,12.2939,0.223413,12.5173
3.82507,12.3667,0.210876,12.5776
3.83066,12.3796,0.218742,12.5984
3.83626,12.4035,0.200391,12.6039
3.84187,12.3337,0.199524,12.5333
3.84748,12.32,0.176615,12.4966
3.85311,12.228,0.187054,12.4151
3.85875,12.4623,0.184236,12.6465
3.86439,12.394,0.189746,12.5837
3.87005,12.3977,0.184332,12.582
3.87571,12.3863,0.174996,12.5613
3.88138,12.4461,0.173842,12.62
3.88707,12.253,0.172999,12.426
3.89276,12.389,0.159059,12.5481
3.89846,12.4206,0.175158,12.5957
3.90417,12.1967,0.161598,12.3583
3.90989,12.5509,0.152536,12.7034
3.91562,12.2863,0.147078,12.4333
3.92136,12.4437,0.156422,12.6002
3.9271,12.4128,0.155058,12.5679
3.93286,12.3222,0.138066,12.4603
3.93862,12.3214,0.135673,12.457
3.9444,12.4725,0.139307,12.6118
3.95018,12.255,0.13604,12.391
3.95598,12.3715,0.138548,12.51
3.96178,12.4625,0.134399,12.5969
3.9676,12.3024,0.140101,12.4425
3.97342,12.4465,0.125205,12.5717
3.97925,12.3596,0.123276,12.4828
3.98509,12.4018,0.117189,12.519
3.99094,12.4975,0.1269,12.6244
3.9968,12.306,0.1197,12.4257
4.00267,12.3697,0.117548,12.4873
4.00855,12.4247,0.115071,12.5398
4.01444,12.3133,0.121924,12.4352
4.02034,12.3837,0.110602,12.4943
4.02625,12.2434,0.108936,12.3524
4.03216,12.3802,0.110827,12.491
4.03809,12.3565,0.107661,12.4642
4.04403,12.3991,0.0999695,12.499
4.04997,12.3609,0.0991232,12.4601
4.05593,12.3309,0.0867365,12.4176
4.0619,12.2231,0.098457,12.3216
4.06787,12.3829,0.0916212,12.4745
4.07386,12.4118,0.0938984,12.5057
4.07985,12.3561,0.0960199,12.4522
4.08586,12.3558,0.0853374,12.4412
4.09187,12.3346,0.0914002,12.426
4.0979,12.3713,0.0925635,12.4639
4.10393,12.4336,0.0840801,12.5177
4.10997,12.2402,0.0821214,12.3224
4.11603,12.4271,0.0774461,12.5045
4.12209,12.3509,0.0688104,12.4197
4.12816,12.3438,0.0829246,12.4267
4.13425,12.39,0.0794478,12.4694
4.14034,12.3124,0.0756822,12.3881
4.14644,12.3073,0.0811781,12.3885
4.15256,12.3147,0.0722678,12.387
4.15868,12.2938,0.0638743,12.3577
4.16481,12.3496,0.0752419,12.4249
4.17096,12.2489,0.0661075,12.315
4.17711,12.3203,0.0715021,12.3919
4.18327,12.1404,0.0667738,12.2071
4.18944,12.3242,0.0557986,12.38
4.19563,12.38,0.0505854,12.4305
4.20182,12.3275,0.0612526,12.3888
4.20802,12.3835,0.0589787,12.4424
4.21424,12.2926,0.0573816,12.3499
4.22046,12.2793,0.0617871,12.341
4.22669,12.3351,0.0510983,12.3862
4.23294,12.3758,0.0481211,12.4239
4.23919,12.354,0.0498203,12.4038
4.24545,12.2758,0.0488615,12.3247
4.25173,12.2768,0.0512479,12.3281
4.25801,12.3227,0.0523251,12.375
4.2643,12.3062,0.0440645,12.3502
4.27061,12.2905,0.045614,12.3361
4.27692,12.3075,0.0462666,12.3538
4.28325,12.2988,0.0453953,12.3442
4.28958,12.3429,0.0475155,12.3904
4.29593,12.4132,0.0447206,12.4579
4.30229,12.3514,0.043213,12.3946
4.30865,12.2739,0.0417834,12.3157
4.31503,12.3153,0.042229,12.3575
4.32142,12.3371,0.0377574,12.3748
4.32781,12.3493,0.0318236,12.3811
4.33422,12.3371,0.0359053,12.373
4.34064,12.3751,0.0376556,12.4128
4.34707,12.261,0.036998,12.298
4.35351,12.2083,0.0363755,12.2447
4.35996,12.3074,0.0370316,12.3444
4.36642,12.313,0.0320661,12.3451
4.37289,12.3963,0.0312916,12.4276
4.37937,12.395,0.0290088,12.424
4.38586,12.3172,0.0304992,12.3477
4.39236,12.3011,0.028593,12.3297
4.39887,12.2688,0.0250228,12.2938
4.4054,12.2715,0.0308104,12.3023
4.41193,12.2319,0.0287543,12.2607
4.41847,12.2878,0.0199142,12.3078
4.42503,12.2656,0.0252397,12.2909
4.4316,12.2984,0.0260073,12.3244
4.43817,12.2897,0.0242754,12.314
4.44476,12.3533,0.0260869,12.3794
4.45136,12.269,0.0284026,12.2974
4.45796,12.2447,0.0206851,12.2653
4.46458,12.2806,0.0185898,12.2992
4.47121,12.3326,0.0212322,12.3538
4.47785,12.2783,0.0170006,12.2953
4.48451,12.4011,0.0223628,12.4234
4.49117,12.2374,0.0183194,12.2557
4.49784,12.3495,0.0183288,12.3678
4.50453,12.328,0.0174659,12.3455
4.51122,12.2198,0.0157476,12.2356
4.51793,12.2539,0.0215772,12.2755
4.52464,12.3131,0.0168624,12.3299
4.53137,12.3015,0.0149376,12.3165
4.53811,12.2566,0.0146441,12.2712
4.54486,12.1617,0.0154412,12.1771
4.55162,12.2232,0.0154723,12.2387
4.55839,12.2816,0.013283,12.2949
4.56517,12.2828,0.0129556,12.2958
4.57197,12.2447,0.0139361,12.2586
4.57877,12.2259,0.0138557,12.2398
4.58559,12.2343,0.0107435,12.245
4.59241,12.1533,0.0124049,12.1657
4.59925,12.17,0.0121577,12.1822
4.6061,12.4166,0.0110495,12.4276
4.61296,12.2808,0.0109329,12.2917
4.61983,12.2901,0.00756838,12.2976
4.62671,12.2504,0.0136344,12.264
4.63361,12.2333,0.0086498,12.2419
4.64051,12.3404,0.0088578,12.3493
4.64743,12.2444,0.0097476,12.2541
4.65435,12.2481,0.0107864,12.2589
4.66129,12.3266,0.00863628,12.3352
4.66824,12.2302,0.00876128,12.2389
4.6752,12.232,0.00960593,12.2416
4.68217,12.3185,0.00955151,12.3281
4.68916,12.2088,0.00773874,12.2166
4.69615,12.3255,0.00698783,12.3325
4.70316,12.355,0.00717857,12.3622
4.71018,12.222,0.00587749,12.2279
4.71721,12.2514,0.0069963,12.2584
4.72425,12.2343,0.00606274,12.2404
4.7313,12.2416,0.00695263,12.2485
4.73836,12.2239,0.00563298,12.2295
4.74544,12.2542,0.00456573,12.2588
4.75252,12.2808,0.00597185,12.2868
4.75962,12.2546,0.00505717,12.2597
4.76673,12.2909,0.0076232,12.2985
4.77385,12.2148,0.0057465,12.2206
4.78098,12.1695,0.00411955,12.1736
4.78813,12.2444,0.00726509,12.2516
4.79528,12.1786,0.00520322,12.1839
4.80245,12.2083,0.00607977,12.2143
4.80963,12.3019,0.00399185,12.3059
4.81682,12.2909,0.00511184,12.296
4.82402,12.2573,0.00330869,12.2606
4.83124,12.1443,0.00344056,12.1477
4.83846,12.1657,0.00505563,12.1707
4.8457,12.2276,0.00257595,12.2302
4.85295,12.2684,0.0040085,12.2724
4.86021,12.1569,0.00335894,12.1602
4.86748,12.2515,0.00237282,12.2539
4.87477,12.118,0.00330681,12.1213
4.88206,12.2747,0.00204671,12.2768
4.88937,12.3304,0.00372645,12.3341
4.89669,12.2667,0.00166413,12.2684
4.90402,12.1452,0.00357242,12.1488
4.91137,12.1801,0.001985,12.182
4.91872,12.3112,0.00288305,12.314
4.92609,12.2547,0.00317506,12.2579
4.93347,12.1685,0.00269986,12.1712
4.94086,12.2677,0.0022914,12.27
4.94827,12.1201,0.00121697,12.1213
4.95568,12.1503,0.00286269,12.1532
4.96311,12.2672,0.00300148,12.2702
4.97055,12.1283,0.00227915,12.1305
4.978,12.1886,0.00253252,12.1912
4.98547,12.3449,0.00148519,12.3464
4.99294,12.1737,0.00186092,12.1756
5.00043,12.2696,0.00143219,12.271
5.00793,12.1842,0.00162644,12.1858
5.01545,12.2293,0.00111641,12.2304
5.02299,12.1779,0.00127483,12.1792
5.03055,12.2614,0.00109391,12.2625
5.03813,12.2051,0.00123968,12.2063
5.04572,12.2166,0.00144847,12.218
5.05334,12.2502,0.00124439,12.2514
5.06097,12.0964,0.000926443,12.0973
5.06862,12.1729,0.00168027,12.1745
5.07629,12.1054,0.00190086,12.1073
5.08398,12.1532,0.00178896,12.1549
5.09169,12.2027,0.000938164,12.2037
5.09942,12.2382,0.00114226,12.2393
5.10717,12.2417,0.00108586,12.2427
5.11494,12.1473,0.00165519,12.149
5.12273,12.2238,0.000574598,12.2244
5.13053,12.1469,0.000527278,12.1474
5.13836,12.1763,-0.000355551,12.176
5.14621,12.2468,0.000261552,12.2471
5.15407,12.202,0.000555998,12.2025
5.16196,12.2316,0.000740946,12.2324
5.16986,12.1288,0.00107281,12.1299
5.17779,12.1223,0.000984313,12.1232
5.18573,12.2009,-2.20111e-05,12.2009
5.1937,12.0853,0.000238448,12.0855
5.20168,12.2066,0.000333121,12.2069
5.20968,12.1376,0.000277644,12.1379
5.21771,12.1287,0.000314497,12.129
5.22575,12.2188,0.000556923,12.2194
5.23382,12.1441,0.00082712,12.1449
5.2419,12.2857,0.0010502,12.2867
5.25001,12.0741,0.000832354,12.075
5.25813,12.1416,0.000751963,12.1423
5.26628,12.1556,0.000354414,12.1559
5.27444,12.1338,-9.4636e-05,12.1337
5.28263,12.1556,0.000212762,12.1558
5.29083,12.1916,0.000258254,12.1919
5.29906,12.2072,0.000141311,12.2074
5.30731,12.2686,0.000891154,12.2695
5.31558,12.1406,0.000501747,12.1411
5.32387,12.1727,2.43407e-05,12.1727
5.33218,12.2001,0.00055531,12.2007
5.34051,12.074,0.000535748,12.0746
5.34886,12.064,0.000652387,12.0647
5.35723,12.1288,-7.83043e-05,12.1287
5.36562,12.1287,0.000548235,12.1293
5.37404,12.0449,0.00020005,12.0451
5.38247,12.147,-7.02914e-05,12.1469
5.39093,12.2058,0.000198042,12.206
5.39941,12.1521,0.000300428,12.1524
5.4079,12.0869,0.000261622,12.0871
5.41642,12.0815,0.000183235,12.0817
5.42497,12.1382,3.0243e-06,12.1382
5.43353,12.2139,0.00015968,12.2141
5.44211,12.2159,0.000172672,12.2161
5.45072,12.1458,0.000335445,12.1461
5.45934,12.0973,0.000395988,12.0977
5.46799,12.0735,0.000208394,12.0737
5.47666,12.0525,-0.000161071,12.0523
5.48535,12.1105,-0.000117975,12.1104
5.49407,12.1368,-0.000256381,12.1366
5.5028,12.12,0.000423315,12.1204
5.51156,12.069,0.000174283,12.0692
5.52034,12.2207,0.000343594,12.221
5.52914,12.0898,0.000163125,12.0899
5.53796,12.1209,0.000151869,12.1211
5.54681,12.099,0.00022444,12.0992
5.55567,12.1929,-9.35082e-05,12.1928
5.56456,12.061,0.000328627,12.0614
5.57347,12.1359,-3.31948e-05,12.1359
5.58241,12.1302,0.000195095,12.1304
5.59136,12.1026,2.52561e-05,12.1027
5.60034,12.1543,0.000161496,12.1544
5.60934,12.0915,-0.000116384,12.0914
5.61837,12.0823,-8.81294e-05,12.0822
5.62741,12.1053,0.000152839,12.1054
5.63648,12.1195,2.47083e-05,12.1195
5.64557,12.0645,0.000132874,12.0646
5.65469,12.0925,0.000156637,12.0927
5.66382,12.1375,0.000126453,12.1376
5.67298,12.1127,0.000135711,12.1128
5.68216,12.1151,-1.13669e-05,12.1151
5.69137,12.0852,7.80113e-05,12.0853
5.7006,12.0091,0.000142371,12.0093
5.70985,12.1159,2.15633e-06,12.1159
5.71912,12.0976,-6.88812e-05,12.0975
5.72842,12.1659,7.28689e-05,12.1659
5.73774,12.1859,5.47761e-05,12.1859
5.74709,12.0853,1.92005e-05,12.0853
5.75646,12.0719,0.000152039,12.0721
5.76585,12.0373,-1.70214e-05,12.0373
5.77526,12.0858,0.000105129,12.0859
5.7847,12.116,0.000183133,12.1162
5.79416,12.0214,3.70199e-05,12.0214
5.80365,12.1318,3.43874e-06,12.1318
5.81316,12.0526,1.46822e-05,12.0527
5.82269,11.9607,-2.98294e-05,11.9607
5.83225,12.0905,5.96349e-05,12.0905
5.84183,12.0364,3.80697e-06,12.0364
5.85143,12.0818,3.55084e-05,12.0818
5.86106,12.0334,2.66556e-05,12.0334
5.87071,12.0745,3.7238e-05,12.0745
5.88039,12.04,0,12.04
5.89009,12.0776,0,12.0776
5.89981,12.0524,0,12.0524
5.90956,12.1857,0,12.1857
5.91934,12.0359,0,12.0359
5.92914,12.0693,0,12.0693
5.93896,12.0707,0,12.0707
5.94881,12.0331,0,12.0331
5.95868,11.9988,0,11.9988
5.96858,11.9848,0,11.9848
5.9785,12.0546,0,12.0546
5.98844,11.8993,0,11.8993
5.99841,11.9948,0,11.9948
6.00841,11.9962,0,11.9962
6.01843,12.0114,0,12.0114
6.02848,12.1094,0,12.1094
6.03855,12.0697,0,12.0697
6.04864,12.0636,0,12.0636
6.05877,12.0846,0,12.0846
6.06891,12.1136,0,12.1136
6.07909,12.0998,0,12.0998
6.08928,12.0651,0,12.0651
6.09951,12.0167,0,12.0167
6.10976,11.9746,0,11.9746
6.12003,12.092,0,12.092
6.13033,12.0048,0,12.0048
6.14066,12.0435,0,12.0435
6.15101,12.0036,0,12.0036
6.16138,11.9485,0,11.9485
6.17179,12.0177,0,12.0177
6.18222,11.9787,0,11.9787
6.19267,12.0578,0,12.0578
6.20316,12.0089,0,12.0089
6.21366,12.0633,0,12.0633
6.2242,11.9647,0,11.9647
6.23476,12.0871,0,12.0871
6.24534,12.0836,0,12.0836
6.25596,12.0194,0,12.0194
6.2666,12.0289,0,12.0289
6.27726,12.0931,0,12.0931
6.28796,11.9928,0,11.9928
6.29868,12.0938,0,12.0938
6.30942,11.9278,0,11.9278
6.3202,12.0478,0,12.0478
6.331,11.9632,0,11.9632
6.34183,11.9847,0,11.9847
6.35268,11.9735,0,11.9735
6.36356,11.9034,0,11.9034
6.37447,11.9907,0,11.9907
6.38541,12.0244,0,12.0244
6.39637,12.0176,0,12.0176
6.40736,11.9482,0,11.9482
6.41838,12.0051,0,12.0051
6.42943,11.9716,0,11.9716
6.4405,12.0058,0,12.0058
6.4516,12.001,0,12.001
6.46273,11.9153,0,11.9153
6.47389,11.9886,0,11.9886
6.48507,11.9939,0,11.9939
6.49628,11.9571,0,11.9571
6.50752,12.0641,0,12.0641
6.51879,11.9084,0,11.9084
6.53009,11.9681,0,11.9681
6.54142,11.9608,0,11.9608
6.55277,11.9732,0,11.9732
6.56415,11.9552,0,11.9552
6.57556,11.9364,0,11.9364
6.587,11.93,0,11.93
6.59847,11.956,0,11.956
6.60996,11.9571,0,11.9571
6.62149,11.9448,0,11.9448
6.63304,12.0347,0,12.0347
6.64463,12.0263,0,12.0263
6.65624,11.9822,0,11.9822
6.66788,11.9773,0,11.9773
6.67955,11.969,0,11.969
6.69125,11.8345,0,11.8345
6.70297,11.9588,0,11.9588
6.71473,11.9194,0,11.9194
6.72652,11.9546,0,11.9546
6.73833,11.9683,0,11.9683
6.75018,11.9465,0,11.9465
6.76206,11.9288,0,11.9288
6.77396,11.8697,0,11.8697
6.7859,11.9632,0,11.9632
6.79786,11.8798,0,11.8798
6.80986,11.9356,0,11.9356
6.82188,11.9579,0,11.9579
6.83393,11.8768,0,11.8768
6.84602,11.909,0,11.909
6.85813,11.9543,0,11.9543
6.87028,11.9328,0,11.9328
6.88246,11.8992,0,11.8992
6.89466,11.8501,0,11.8501
6.9069,11.8382,0,11.8382
6.91917,11.8688,0,11.8688
6.93146,11.9265,0,11.9265
6.94379,11.8453,0,11.8453
6.95615,11.8837,0,11.8837
6.96854,11.8277,0,11.8277
6.98096,11.9001,0,11.9001
6.99342,11.9119,0,11.9119
7.0059,11.8833,0,11.8833
7.01841,11.8624,0,11.8624
7.03096,11.9075,0,11.9075
7.04354,11.8619,0,11.8619
7.05615,11.8035,0,11.8035
7.06879,11.8217,0,11.8217
7.08146,11.9331,0,11.9331
7.09416,11.859,0,11.859
7.1069,11.8119,0,11.8119
7.11966,11.8429,0,11.8429
7.13246,11.8924,0,11.8924
7.1453,11.7969,0,11.7969
7.15816,11.8845,0,11.8845
7.17105,11.833,0,11.833
7.18398,11.8241,0,11.8241
7.19694,11.8742,0,11.8742
7.20993,11.8568,0,11.8568
7.22296,11.8851,0,11.8851
7.23602,11.8389,0,11.8389
7.24911,11.8387,0,11.8387
7.26223,11.8526,0,11.8526
7.27538,11.8092,0,11.8092
7.28857,11.9325,0,11.9325
7.30179,11.8084,0,11.8084
7.31505,11.7671,0,11.7671
7.32834,11.9061,0,11.9061
7.34166,11.8731,0,11.8731
7.35501,11.8413,0,11.8413
7.3684,11.8501,0,11.8501
7.38182,11.7969,0,11.7969
7.39527,11.841,0,11.841
7.40876,11.8561,0,11.8561
7.42228,11.8347,0,11.8347
7.43584,11.8069,0,11.8069
7.44943,11.8721,0,11.8721
7.46305,11.8277,0,11.8277
7.47671,11.7554,0,11.7554
7.4904,11.8106,0,11.8106
7.50413,11.8032,0,11.8032
7.51789,11.8237,0,11.8237
7.53168,11.805,0,11.805
7.54551,11.7785,0,11.7785
7.55938,11.7014,0,11.7014
7.57328,11.7848,0,11.7848
7.58721,11.8565,0,11.8565
7.60118,11.7726,0,11.7726
7.61518,11.8056,0,11.8056
7.62922,11.8145,0,11.8145
7.64329,11.7837,0,11.7837
7.6574,11.8324,0,11.8324
7.67154,11.8357,0,11.8357
7.68572,11.7469,0,11.7469
7.69994,11.744,0,11.744
7.71419,11.8026,0,11.8026
7.72847,11.7954,0,11.7954
7.74279,11.7998,0,11.7998
7.75715,11.7419,0,11.7419
7.77154,11.8188,0,11.8188
7.78597,11.7026,0,11.7026
7.80044,11.7482,0,11.7482
7.81494,11.7928,0,11.7928
7.82947,11.7938,0,11.7938
7.84405,11.6955,0,11.6955
7.85866,11.7348,0,11.7348
7.8733,11.6816,0,11.6816
7.88799,11.7514,0,11.7514
7.90271,11.7216,0,11.7216
7.91746,11.7155,0,11.7155
7.93226,11.6856,0,11.6856
7.94709,11.7042,0,11.7042
7.96196,11.78,0,11.78
7.97686,11.6851,0,11.6851
7.9918,11.8093,0,11.8093
8.00678,11.7291,0,11.7291
8.0218,11.6861,0,11.6861
8.03685,11.7319,0,11.7319
8.05195,11.7518,0,11.7518
8.06708,11.7358,0,11.7358
8.08224,11.7821,0,11.7821
8.09745,11.7341,0,11.7341
8.11269,11.7382,0,11.7382
8.12798,11.6678,0,11.6678
8.14329,11.6795,0,11.6795
8.15865,11.6228,0,11.6228
8.17405,11.7301,0,11.7301
8.18948,11.6511,0,11.6511
8.20496,11.713,0,11.713
8.22047,11.7112,0,11.7112
8.23602,11.6808,0,11.6808
8.25161,11.6889,0,11.6889
8.26724,11.6948,0,11.6948
8.28291,11.7401,0,11.7401
8.29862,11.7205,0,11.7205
8.31436,11.7131,0,11.7131
8.33015,11.5909,0,11.5909
8.34597,11.707,0,11.707
8.36184,11.6574,0,11.6574
8.37774,11.7493,0,11.7493
8.39369,11.7015,0,11.7015
8.40967,11.6339,0,11.6339
8.4257,11.6429,0,11.6429
8.44176,11.7258,0,11.7258
8.45787,11.7107,0,11.7107
8.47401,11.6729,0,11.6729
8.4902,11.6646,0,11.6646
8.50642,11.6795,0,11.6795
8.52269,11.6865,0,11.6865
8.53899,11.6307,0,11.6307
8.55534,11.6871,0,11.6871
8.57173,11.644,0,11.644
8.58816,11.6729,0,11.6729
8.60463,11.6521,0,11.6521
8.62114,11.639,0,11.639
8.63769,11.6402,0,11.6402
8.65429,11.6764,0,11.6764
8.67092,11.6208,0,11.6208
8.6876,11.678,0,11.678
8.70432,11.6666,0,11.6666
8.72108,11.612,0,11.612
8.73788,11.5905,0,11.5905
8.75473,11.6695,0,11.6695
8.77161,11.6088,0,11.6088
8.78854,11.5528,0,11.5528
8.80552,11.689,0,11.689
8.82253,11.6053,0,11.6053
8.83959,11.6614,0,11.6614
8.85668,11.6203,0,11.6203
8.87383,11.6288,0,11.6288
8.89101,11.6542,0,11.6542
8.90824,11.5958,0,11.5958
8.92551,11.6162,0,11.6162
8.94282,11.5522,0,11.5522
8.96018,11.5921,0,11.5921
8.97758,11.5927,0,11.5927
8.99502,11.5766,0,11.5766
9.01251,11.5411,0,11.5411
9.03004,11.6352,0,11.6352
9.04762,11.5888,0,11.5888
9.06524,11.5691,0,11.5691
9.0829,11.5982,0,11.5982
9.10061,11.6311,0,11.6311
9.11836,11.633,0,11.633
9.13615,11.6383,0,11.6383
9.15399,11.5812,0,11.5812
9.17188,11.6465,0,11.6465
9.18981,11.5925,0,11.5925
9.20778,11.5785,0,11.5785
9.2258,11.5722,0,11.5722
9.24387,11.6029,0,11.6029
9.26198,11.5393,0,11.5393
9.28013,11.5567,0,11.5567
9.29833,11.5397,0,11.5397
9.31658,11.5282,0,11.5282
9.33487,11.555,0,11.555
9.35321,11.5332,0,11.5332
9.37159,11.5559,0,11.5559
9.39002,11.5517,0,11.5517
9.40849,11.5185,0,11.5185
9.42702,11.4867,0,11.4867
9.44558,11.5367,0,11.5367
9.4642,11.5052,0,11.5052
9.48286,11.5251,0,11.5251
9.50156,11.5097,0,11.5097
9.52032,11.4999,0,11.4999
9.53912,11.5387,0,11.5387
9.55797,11.4871,0,11.4871
9.57686,11.552,0,11.552
9.5958,11.4349,0,11.4349
9.61479,11.4947,0,11.4947
9.63383,11.4792,0,11.4792
9.65292,11.4788,0,11.4788
9.67205,11.4905,0,11.4905
9.69123,11.4722,0,11.4722
9.71046,11.5092,0,11.5092
9.72973,11.4714,0,11.4714
9.74906,11.4353,0,11.4353
9.76843,11.4575,0,11.4575
9.78785,11.4117,0,11.4117
9.80732,11.5532,0,11.5532
9.82684,11.4688,0,11.4688
9.84641,11.4628,0,11.4628
9.86602,11.4057,0,11.4057
9.88569,11.4358,0,11.4358
9.9054,11.4469,0,11.4469
9.92516,11.4895,0,11.4895
9.94498,11.4507,0,11.4507
9.96484,11.4038,0,11.4038
9.98475,11.3985,0,11.3985
10.0047,11.4456,0,11.4456
10.0247,11.4783,0,11.4783
10.0447,11.4341,0,11.4341
10.0647,11.4604,0,11.4604
10.0847,11.4534,0,11.4534
10.1047,11.4989,0,11.4989
10.1247,11.4534,0,11.4534
10.1447,11.3992,0,11.3992
10.1647,11.3766,0,11.3766
10.1847,11.4711,0,11.4711
10.2047,11.4195,0,11.4195
10.2247,11.3946,0,11.3946
10.2447,11.3326,0,11.3326
10.2647,11.4838,0,11.4838
10.2847,11.4078,0,11.4078
10.3047,11.4018,0,11.4018
10.3247,11.3686,0,11.3686
10.3447,11.3575,0,11.3575
10.3647,11.3839,0,11.3839
10.3847,11.4259,0,11.4259
10.4047,11.4274,0,11.4274
10.4247,11.319,0,11.319
10.4447,11.3724,0,11.3724
10.4647,11.3517,0,11.3517
10.4847,11.4126,0,11.4126
10.5047,11.408,0,11.408
10.5247,11.3495,0,11.3495
10.5447,11.3464,0,11.3464
10.5647,11.328,0,11.328
10.5847,11.3429,0,11.3429
10.6047,11.3209,0,11.3209
10.6247,11.3587,0,11.3587
10.6447,11.282,0,11.282
10.6647,11.3251,0,11.3251
10.6847,11.3403,0,11.3403
10.7047,11.3968,0,11.3968
10.7247,11.3851,0,11.3851
10.7447,11.3206,0,11.3206
10.7647,11.3648,0,11.3648
10.7847,11.3291,0,11.3291
10.8047,11.366,0,11.366
10.8247,11.2671,0,11.2671
10.8447,11.3161,0,11.3161
10.8647,11.3619,0,11.3619
10.8847,11.3012,0,11.3012
10.9047,11.3452,0,11.3452
10.9247,11.3247,0,11.3247
10.9447,11.3086,0,11.3086
10.9647,11.3186,0,11.3186
10.9847,11.3496,0,11.3496
11.0047,11.2827,0,11.2827
11.0247,11.275,0,11.275
11.0447,11.2532,0,11.2532
11.0647,11.2843,0,11.2843
11.0847,11.3605,0,11.3605
11.1047,11.3074,0,11.3074
11.1247,11.2132,0,11.2132
11.1447,11.2812,0,11.2812
11.1647,11.3008,0,11.3008
11.1847,11.2259,0,11.2259
11.2047,11.3169,0,11.3169
11.2247,11.2926,0,11.2926
11.2447,11.2692,0,11.2692
11.2647,11.2658,0,11.2658
11.2847,11.2968,0,11.2968
11.3047,11.233,0,11.233
11.3247,11.2555,0,11.2555
11.3447,11.2309,0,11.2309
11.3647,11.2235,0,11.2235
11.3847,11.2493,0,11.2493
11.4047,11.2077,0,11.2077
11.4247,11.2076,0,11.2076
11.4447,11.2436,0,11.2436
11.4647,11.2402,0,11.2402
11.4847,11.2792,0,11.2792
11.5047,11.2063,0,11.2063
11.5247,11.1751,0,11.1751
11.5447,11.1638,0,11.1638
11.5647,11.1855,0,11.1855
11.5847,11.1734,0,11.1734
11.6047,11.2584,0,11.2584
11.6247,11.2059,0,11.2059
11.6447,11.2151,0,11.2151
11.6647,11.1616,0,11.1616
11.6847,11.2006,0,11.2006
11.7047,11.2428,0,11.2428
11.7247,11.2214,0,11.2214
11.7447,11.1695,0,11.1695
11.7647,11.2042,0,11.2042
11.7847,11.1785,0,11.1785
11.8047,11.1169,0,11.1169
11.8247,11.202,0,11.202
11.8447,11.1595,0,11.1595
11.8647,11.1871,0,11.1871
11.8847,11.1957,0,11.1957
11.9047,11.2013,0,11.2013
11.9247,11.1047,0,11.1047
11.9447,11.1304,0,11.1304
11.9647,11.0855,0,11.0855
11.9847,11.1867,0,11.1867
12.0047,11.1258,0,11.1258
12.0247,11.1847,0,11.1847
12.0447,11.1942,0,11.1942
12.0647,11.1207,0,11.1207
12.0847,11.1274,0,11.1274
12.1047,11.1456,0,11.1456
12.1247,11.0664,0,11.0664
12.1447,11.1667,0,11.1667
12.1647,11.1022,0,11.1022
12.1847,11.138,0,11.138
12.2047,11.0573,0,11.0573
12.2247,11.2053,0,11.2053
12.2447,11.1075,0,11.1075
12.2647,11.1399,0,11.1399
12.2847,11.0919,0,11.0919
12.3047,11.0652,0,11.0652
12.3247,11.0542,0,11.0542
12.3447,11.131,0,11.131
12.3647,11.0998,0,11.0998
12.3847,11.1407,0,11.1407
12.4047,11.1493,0,11.1493
12.4247,11.0761,0,11.0761
12.4447,11.0094,0,11.0094
12.4647,11.0649,0,11.0649
12.4847,11.1357,0,11.1357
12.5047,11.0282,0,11.0282
12.5247,11.1035,0,11.1035
12.5447,11.0583,0,11.0583
12.5647,11.0701,0,11.0701
12.5847,11.0976,0,11.0976
12.6047,11.1273,0,11.1273
12.6247,11.0446,0,11.0446
12.6447,11.0828,0,11.0828
12.6647,10.9941,0,10.9941
12.6847,11.0365,0,11.0365
12.7047,11.0259,0,11.0259
12.7247,11.0271,0,11.0271
12.7447,11.1044,0,11.1044
12.7647,10.9747,0,10.9747
12.7847,11.0513,0,11.0513
12.8047,11.0509,0,11.0509
12.8247,11.0113,0,11.0113
12.8447,11.0115,0,11.0115
12.8647,11.0715,0,11.0715
12.8847,11.0096,0,11.0096
12.9047,11.009,0,11.009
12.9247,10.949,0,10.949
12.9447,11.0626,0,11.0626
12.9647,11.054,0,11.054
12.9847,10.9646,0,10.9646
13.0047,10.9683,0,10.9683
13.0247,10.9927,0,10.9927
13.0447,11.0201,0,11.0201
13.0647,11.0098,0,11.0098
13.0847,11.0638,0,11.0638
13.1047,10.99,0,10.99
13.1247,10.9672,0,10.9672
13.1447,11.0291,0,11.0291
13.1647,10.9555,0,10.9555
13.1847,10.9569,0,10.9569
13.2047,11.0069,0,11.0069
13.2247,11.0203,0,11.0203
13.2447,11.038,0,11.038
13.2647,10.9911,0,10.9911
13.2847,10.927,0,10.927
13.3047,10.9536,0,10.9536
13.3247,10.9787,0,10.9787
13.3447,10.9816,0,10.9816
13.3647,11.0218,0,11.0218
13.3847,10.9732,0,10.9732
13.4047,10.9712,0,10.9712
13.4247,10.9644,0,10.9644
13.4447,10.9581,0,10.9581
13.4647,10.9125,0,10.9125
13.4847,10.9006,0,10.9006
13.5047,10.8823,0,10.8823
13.5247,10.9497,0,10.9497
13.5447,10.8406,0,10.8406
13.5647,10.9105,0,10.9105
13.5847,10.9019,0,10.9019
13.6047,10.9492,0,10.9492
13.6247,10.889,0,10.889
13.6447,10.8538,0,10.8538
13.6647,10.8183,0,10.8183
13.6847,10.883,0,10.883
13.7047,10.8526,0,10.8526
13.7247,10.9189,0,10.9189
13.7447,10.8978,0,10.8978
13.7647,10.9063,0,10.9063
13.7847,10.8714,0,10.8714
13.8047,10.8842,0,10.8842
13.8247,10.9061,0,10.9061
13.8447,10.9023,0,10.9023
13.8647,10.8253,0,10.8253
13.8847,10.883,0,10.883
13.9047,10.952,0,10.952
13.9247,10.89,0,10.89
13.9447,10.8275,0,10.8275
13.9647,10.8518,0,10.8518
13.9847,10.8577,0,10.8577
14.0047,10.873,0,10.873
14.0247,10.8365,0,10.8365
14.0447,10.8414,0,10.8414
14.0647,10.8528,0,10.8528
14.0847,10.8613,0,10.8613
14.1047,10.8413,0,10.8413
14.1247,10.8515,0,10.8515
14.1447,10.8149,0,10.8149
14.1647,10.8476,0,10.8476
14.1847,10.7982,0,10.7982
14.2047,10.882,0,10.882
14.2247,10.8222,0,10.8222
14.2447,10.816,0,10.816
14.2647,10.8074,0,10.8074
14.2847,10.8384,0,10.8384
14.3047,10.8028,0,10.8028
14.3247,10.7682,0,10.7682
14.3447,10.8491,0,10.8491
14.3647,10.8446,0,10.8446
14.3847,10.7924,0,10.7924
14.4047,10.8425,0,10.8425
14.4247,10.8325,0,10.8325
14.4447,10.8197,0,10.8197
14.4647,10.7996,0,10.7996
14.4847,10.8293,0,10.8293
14.5047,10.7728,0,10.7728
14.5247,10.7375,0,10.7375
14.5447,10.7391,0,10.7391
14.5647,10.7708,0,10.7708
14.5847,10.8048,0,10.8048
14.6047,10.7622,0,10.7622
14.6247,10.7427,0,10.7427
14.6447,10.7799,0,10.7799
14.6647,10.7358,0,10.7358
14.6847,10.7409,0,10.7409
14.7047,10.7727,0,10.7727
14.7247,10.7851,0,10.7851
14.7447,10.7681,0,10.7681
14.7647,10.7454,0,10.7454
14.7847,10.7752,0,10.7752
14.8047,10.6947,0,10.6947
14.8247,10.8033,0,10.8033
14.8447,10.7522,0,10.7522
14.8647,10.7618,0,10.7618
14.8847,10.7169,0,10.7169
14.9047,10.796,0,10.796
14.9247,10.7453,0,10.7453
14.9447,10.7318,0,10.7318
14.9647,10.7518,0,10.7518
14.9847,10.7486,0,10.7486
15.0047,10.679,0,10.679
15.0247,10.6724,0,10.6724
15.0447,10.7701,0,10.7701
15.0647,10.7372,0,10.7372
15.0847,10.7306,0,10.7306
15.1047,10.628,0,10.628
15.1247,10.7031,0,10.7031
15.1447,10.6561,0,10.6561
15.1647,10.7129,0,10.7129
15.1847,10.7118,0,10.7118
15.2047,10.7639,0,10.7639
15.2247,10.6989,0,10.6989
15.2447,10.5881,0,10.5881
15.2647,10.6888,0,10.6888
15.2847,10.6684,0,10.6684
15.3047,10.702,0,10.702
15.3247,10.6489,0,10.6489
15.3447,10.6381,0,10.6381
15.3647,10.6946,0,10.6946
15.3847,10.6135,0,10.6135
15.4047,10.6049,0,10.6049
15.4247,10.7022,0,10.7022
15.4447,10.604,0,10.604
15.4647,10.6714,0,10.6714
15.4847,10.6127,0,10.6127
15.5047,10.6632,0,10.6632
15.5247,10.5497,0,10.5497
15.5447,10.5716,0,10.5716
15.5647,10.6404,0,10.6404
15.5847,10.6023,0,10.6023
15.6047,10.6552,0,10.6552
15.6247,10.657,0,10.657
15.6447,10.6191,0,10.6191
15.6647,10.6509,0,10.6509
15.6847,10.5648,0,10.5648
15.7047,10.6123,0,10.6123
15.7247,10.6198,0,10.6198
15.7447,10.6434,0,10.6434
15.7647,10.6193,0,10.6193
15.7847,10.5951,0,10.5951
15.8047,10.6001,0,10.6001
15.8247,10.5966,0,10.5966
15.8447,10.5821,0,10.5821
15.8647,10.6182,0,10.6182
15.8847,10.6313,0,10.6313
15.9047,10.5686,0,10.5686
15.9247,10.5861,0,10.5861
15.9447,10.6163,0,10.6163
15.9647,10.6356,0,10.6356
15.9847,10.6284,0,10.6284
16.0047,10.5868,0,10.5868
16.0247,10.5522,0,10.5522
16.0447,10.6036,0,10.6036
16.0647,10.5819,0,10.5819
16.0847,10.5188,0,10.5188
16.1047,10.6412,0,10.6412
16.1247,10.5748,0,10.5748
16.1447,10.5186,0,10.5186
16.1647,10.5731,0,10.5731
16.1847,10.5742,0,10.5742
16.2047,10.5623,0,10.5623
16.2247,10.4934,0,10.4934
16.2447,10.4487,0,10.4487
16.2647,10.5334,0,10.5334
16.2847,10.4883,0,10.4883
16.3047,10.4748,0,10.4748
16.3247,10.5273,0,10.5273
16.3447,10.4886,0,10.4886
16.3647,10.499,0,10.499
16.3847,10.5436,0,10.5436
16.4047,10.5332,0,10.5332
16.4247,10.5522,0,10.5522
16.4447,10.494,0,10.494
16.4647,10.5016,0,10.5016
16.4847,10.5267,0,10.5267
16.5047,10.4983,0,10.4983
16.5247,10.4304,0,10.4304
16.5447,10.4968,0,10.4968
16.5647,10.492,0,10.492
16.5847,10.4932,0,10.4932
16.6047,10.5065,0,10.5065
16.6247,10.4593,0,10.4593
16.6447,10.5451,0,10.5451
16.6647,10.4783,0,10.4783
16.6847,10.4878,0,10.4878
16.7047,10.5174,0,10.5174
16.7247,10.4181,0,10.4181
16.7447,10.495,0,10.495
16.7647,10.4886,0,10.4886
16.7847,10.5136,0,10.5136
16.8047,10.4956,0,10.4956
16.8247,10.4526,0,10.4526
16.8447,10.5065,0,10.5065
16.8647,10.4118,0,10.4118
16.8847,10.4409,0,10.4409
16.9047,10.4375,0,10.4375
16.9247,10.4602,0,10.4602
16.9447,10.4964,0,10.4964
16.9647,10.4187,0,10.4187
16.9847,10.3955,0,10.3955
17.0047,10.4303,0,10.4303
17.0247,10.4234,0,10.4234
17.0447,10.4114,0,10.4114
17.0647,10.4185,0,10.4185
17.0847,10.416,0,10.416
17.1047,10.4212,0,10.4212
17.1247,10.3828,0,10.3828
17.1447,10.4348,0,10.4348
17.1647,10.3955,0,10.3955
17.1847,10.4201,0,10.4201
17.2047,10.4296,0,10.4296
17.2247,10.3417,0,10.3417
17.2447,10.3745,0,10.3745
17.2647,10.3897,0,10.3897
17.2847,10.3679,0,10.3679
17.3047,10.3911,0,10.3911
17.3247,10.415,0,10.415
17.3447,10.3747,0,10.3747
17.3647,10.372,0,10.372
17.3847,10.4133,0,10.4133
17.4047,10.359,0,10.359
17.4247,10.3977,0,10.3977
17.4447,10.385,0,10.385
17.4647,10.3809,0,10.3809
17.4847,10.3567,0,10.3567
17.5047,10.2947,0,10.2947
17.5247,10.3812,0,10.3812
17.5447,10.3981,0,10.3981
17.5647,10.3803,0,10.3803
17.5847,10.4045,0,10.4045
17.6047,10.3317,0,10.3317
17.6247,10.3219,0,10.3219
17.6447,10.3238,0,10.3238
17.6647,10.311,0,10.311
17.6847,10.2967,0,10.2967
17.7047,10.2654,0,10.2654
17.7247,10.3045,0,10.3045
17.7447,10.326,0,10.326
17.7647,10.2841,0,10.2841
17.7847,10.3359,0,10.3359
17.8047,10.308,0,10.308
17.8247,10.3261,0,10.3261
17.8447,10.3098,0,10.3098
17.8647,10.3349,0,10.3349
17.8847,10.2571,0,10.2571
17.9047,10.2903,0,10.2903
17.9247,10.3067,0,10.3067
17.9447,10.2954,0,10.2954
17.9647,10.25,0,10.25
17.9847,10.2417,0,10.2417
18.0047,10.2864,0,10.2864
18.0247,10.311,0,10.311
18.0447,10.2495,0,10.2495
18.0647,10.3012,0,10.3012
18.0847,10.3427,0,10.3427
18.1047,10.2765,0,10.2765
18.1247,10.2327,0,10.2327
18.1447,10.2558,0,10.2558
18.1647,10.2093,0,10.2093
18.1847,10.2444,0,10.2444
18.2047,10.2392,0,10.2392
18.2247,10.2321,0,10.2321
18.2447,10.1707,0,10.1707
18.2647,10.1999,0,10.1999
18.2847,10.2711,0,10.2711
18.3047,10.2236,0,10.2236
18.3247,10.2226,0,10.2226
18.3447,10.2231,0,10.2231
18.3647,10.1623,0,10.1623
18.3847,10.1925,0,10.1925
18.4047,10.1978,0,10.1978
18.4247,10.1907,0,10.1907
18.4447,10.1779,0,10.1779
18.4647,10.1732,0,10.1732
18.4847,10.2256,0,10.2256
18.5047,10.1123,0,10.1123
18.5247,10.1225,0,10.1225
18.5447,10.1172,0,10.1172
18.5647,10.1535,0,10.1535
18.5847,10.0845,0,10.0845
18.6047,10.0871,0,10.0871
18.6247,10.0575,0,10.0575
18.6447,10.0794,0,10.0794
18.6647,10.0717,0,10.0717
18.6847,10.079,0,10.079
18.7047,10.0437,0,10.0437
18.7247,10.0336,0,10.0336
18.7447,10.0457,0,10.0457
18.7647,10.0579,0,10.0579
18.7847,10.0086,0,10.0086
18.8047,9.9956,0,9.9956
18.8247,9.93773,0,9.93773
18.8447,9.94489,0,9.94489
18.8647,9.97908,0,9.97908
18.8847,9.92204,0,9.92204
18.9047,9.88904,0,9.88904
18.9247,9.8691,0,9.8691
18.9447,9.85771,0,9.85771
18.9647,9.88323,0,9.88323
18.9847,9.7947,0,9.7947
19.0047,9.82536,0,9.82536
19.0247,9.79181,0,9.79181
19.0447,9.75359,0,9.75359
19.0647,9.67452,0,9.67452
19.0847,9.73682,0,9.73682
19.1047,9.613,0,9.613
19.1247,9.61602,0,9.61602
19.1447,9.59167,0,9.59167
19.1647,9.58502,0,9.58502
19.1847,9.62657,0,9.62657
19.2047,9.50957,0,9.50957
19.2247,9.46101,0,9.46101
19.2447,9.44623,0,9.44623
19.2647,9.39668,0,9.39668
19.2847,9.38182,0,9.38182
19.3047,9.36755,0,9.36755
19.3247,9.32429,0,9.32429
19.3447,9.25022,0,9.25022
19.3647,9.26133,0,9.26133
19.3847,9.19242,0,9.19242
19.4047,9.11604,0,9.11604
19.4247,9.09263,0,9.09263
19.4447,9.01838,0,9.01838
19.4647,8.96479,0,8.96479
19.4847,8.9624,0,8.9624
19.5047,8.91948,0,8.91948
19.5247,8.82417,0,8.82417
19.5447,8.80469,0,8.80469
19.5647,8.787,0,8.787
19.5847,8.64954,0,8.64954
19.6047,8.57041,0,8.57041
19.6247,8.56016,0,8.56016
19.6447,8.47865,0,8.47865
19.6647,8.44776,0,8.44776
19.6847,8.35676,0,8.35676
19.7047,8.29283,0,8.29283
19.7247,8.28143,0,8.28143
19.7447,8.17317,0,8.17317
19.7647,8.09974,0,8.09974
19.7847,8.09932,0,8.09932
19.8047,7.97955,0,7.97955
19.8247,7.92156,0,7.92156
19.8447,7.79797,0,7.79797
19.8647,7.77624,0,7.77624
19.8847,7.71883,0,7.71883
19.9047,7.5347,0,7.5347
19.9247,7.5135,0,7.5135
19.9447,7.46164,0,7.46164
19.9647,7.38194,0,7.38194
19.9847,7.30048,0,7.30048
20.0047,7.21706,0,7.21706
20.0247,7.16955,0,7.16955
20.0447,7.00643,0,7.00643
20.0647,6.95822,0,6.95822
20.0847,6.89435,0,6.89435
20.1047,6.84042,0,6.84042
20.1247,6.75437,0,6.75437
20.1447,6.64082,0,6.64082
20.1647,6.54473,0,6.54473
20.1847,6.40537,0,6.40537
20.2047,6.40391,0,6.40391
20.2247,6.31201,0,6.31201
20.2447,6.207,0,6.207
20.2647,6.0429,0,6.0429
20.2847,6.0309,0,6.0309
20.3047,5.92513,0,5.92513
20.3247,5.85014,0,5.85014
20.3447,5.76663,0,5.76663
20.3647,5.63311,0,5.63311
20.3847,5.55283,0,5.55283
20.4047,5.43677,0,5.43677
20.4247,5.36675,0,5.36675
20.4447,5.30796,0,5.30796
20.4647,5.17804,0,5.17804
20.4847,5.09837,0,5.09837
20.5047,4.9946,0,4.9946
20.5247,4.85655,0,4.85655
20.5447,4.79398,0,4.79398
20.5647,4.68646,0,4.68646
20.5847,4.60427,0,4.60427
20.6047,4.52049,0,4.52049
20.6247,4.38582,0,4.38582
20.6447,4.31338,0,4.31338
20.6647,4.27024,0,4.27024
20.6847,4.16493,0,4.16493
20.7047,4.04892,0,4.04892
20.7247,3.992,0,3.992
20.7447,3.91696,0,3.91696
20.7647,3.7878,0,3.7878
20.7847,3.74494,0,3.74494
20.8047,3.65435,0,3.65435
20.8247,3.59646,0,3.59646
20.8447,3.43475,0,3.43475
20.8647,3.38761,0,3.38761
20.8847,3.30552,0,3.30552
20.9047,3.20835,0,3.20835
20.9247,3.12346,0,3.12346
20.9447,3.03541,0,3.03541
20.9647,2.9795,0,2.9795
20.9847,2.88181,0,2.88181
21.0047,2.82649,0,2.82649
21.0247,2.72915,0,2.72915
21.0447,2.64404,0,2.64404
21.0647,2.58196,0,2.58196
21.0847,2.49922,0,2.49922
21.1047,2.42174,0,2.42174
21.1247,2.3476,0,2.3476
21.1447,2.32143,0,2.32143
21.1647,2.22943,0,2.22943
21.1847,2.18542,0,2.18542
21.2047,2.12123,0,2.12123
21.2247,2.03661,0,2.03661
21.2447,1.97309,0,1.97309
21.2647,1.92928,0,1.92928
21.2847,1.83336,0,1.83336
21.3047,1.81746,0,1.81746
21.3247,1.74291,0,1.74291
21.3447,1.68375,0,1.68375
21.3647,1.66939,0,1.66939
21.3847,1.59586,0,1.59586
21.4047,1.50762,0,1.50762
21.4247,1.48137,0,1.48137
21.4447,1.42407,0,1.42407
21.4647,1.33625,0,1.33625
21.4847,1.33825,0,1.33825
21.5047,1.27883,0,1.27883
21.5247,1.23666,0,1.23666
21.5447,1.16206,0,1.16206
21.5647,1.13477,0,1.13477
21.5847,1.10535,0,1.10535
21.6047,1.0378,0,1.0378
21.6247,1.03245,0,1.03245
21.6447,0.979635,0,0.979635
21.6647,0.938453,0,0.938453
21.6847,0.901611,0,0.901611
21.7047,0.857044,0,0.857044
21.7247,0.834418,0,0.834418
21.7447,0.811842,0,0.811842
21.7647,0.759376,0,0.759376
21.7847,0.721394,0,0.721394
21.8047,0.712181,0,0.712181
21.8247,0.665995,0,0.665995
21.8447,0.666784,0,0.666784
21.8647,0.61722,0,0.61722
21.8847,0.594469,0,0.594469
21.9047,0.571113,0,0.571113
21.9247,0.537715,0,0.537715
21.9447,0.519986,0,0.519986
21.9647,0.503356,0,0.503356
21.9847,0.467975,0,0.467975
22.0047,0.439468,0,0.439468
22.0247,0.436277,0,0.436277
22.0447,0.400686,0,0.400686
22.0647,0.389902,0,0.389902
22.0847,0.381944,0,0.381944
22.1047,0.355594,0,0.355594
22.1247,0.344067,0,0.344067
22.1447,0.325639,0,0.325639
22.1647,0.325674,0,0.325674
22.1847,0.304023,0,0.304023
22.2047,0.278993,0,0.278993
22.2247,0.272373,0,0.272373
22.2447,0.265178,0,0.265178
22.2647,0.238247,0,0.238247
22.2847,0.227325,0,0.227325
22.3047,0.210246,0,0.210246
22.3247,0.201591,0,0.201591
22.3447,0.190736,0,0.190736
22.3647,0.17471,0,0.17471
22.3847,0.171353,0,0.171353
22.4047,0.153947,0,0.153947
22.4247,0.163303,0,0.163303
22.4447,0.14348,0,0.14348
22.4647,0.136738,0,0.136738
22.4847,0.129417,0,0.129417
22.5047,0.121465,0,0.121465
22.5247,0.113747,0,0.113747
22.5447,0.109069,0,0.109069
22.5647,0.104424,0,0.104424
22.5847,0.0996355,0,0.0996355
22.6047,0.0960967,0,0.0960967
22.6247,0.087911,0,0.087911
22.6447,0.0857071,0,0.0857071
