Time(ns),Ie(fC/ns),Ih(fC/ns),It(fC/ns)
0,168.768,153.484,322.251
0.0001,28.1826,20.3095,48.4921
0.0002,-733.348,-615.932,-1349.28
0.0003,1114.74,869.354,1984.09
0.0004,-1061.89,-832.483,-1894.37
0.0005,1080.42,839.747,1920.17
0.0006,-1021.28,-793.351,-1814.63
0.0007,1064.53,826.599,1891.12
0.0008,-963.307,-769.656,-1732.96
0.0009,1050.73,804.925,1855.65
0.001,-932.181,-732.774,-1664.95
0.0011,1049.71,803.624,1853.33
0.0012,-952.483,-765.48,-1717.96
0.0013,1030.54,802.316,1832.86
0.0014,-925.11,-739.873,-1664.98
0.0015,414.891,381.352,796.244
0.0016,362.961,340.303,703.264
0.0017,298.854,288.877,587.73
0.0018,195.853,190.117,385.969
0.0019,235.306,220.827,456.134
0.002,96.7603,93.5044,190.265
0.0021,234.416,215.408,449.824
0.0022,95.9055,85.6583,181.564
0.0023,148.983,155.951,304.934
0.0024,42.7257,47.4245,90.1501
0.0025,200.383,197.431,397.814
0.0026,56.8287,55.383,112.212
0.0027,38.6169,25.9174,64.5343
0.0028,610.69,550.645,1161.33
0.0029,112.982,107.922,220.904
0.003,226.099,194.145,420.244
0.0031,52.4372,64.0873,116.525
0.0032,301.234,268.908,570.142
0.0033,235.153,203.119,438.271
0.0034,124.632,114.834,239.466
0.0035,134.616,118.043,252.659
0.0036,161.087,150.798,311.885
0.0037,70.0044,65.19,135.194
0.0038,98.5542,100.529,199.084
0.0039,-1202.19,-929.738,-2131.93
0.004,-933.702,-795.565,-1729.27
0.0041,139.173,147.12,286.293
0.0042,360.501,334.127,694.629
0.0043,189.111,181.191,370.302
0.0044,-1143.32,-820.657,-1963.98
0.0045,-1172.4,-882.414,-2054.81
0.0046,1273.4,1039.56,2312.96
0.0047,-1217.96,-972.107,-2190.06
0.0048,1422.64,1119.91,2542.56
0.0049,-1265.04,-1047.3,-2312.34
0.005,1332.92,1040.7,2373.61
0.0051,-1426.65,-1170.43,-2597.08
0.0052,1374.77,1060.41,2435.18
0.0053,-1260.92,-1027.03,-2287.95
0.0054,1278.57,1031.88,2310.45
0.0055,-1135.17,-917.177,-2052.35
0.0056,1268.08,969.305,2237.38
0.0057,-1204.24,-958.032,-2162.27
0.0058,1310.69,1054.81,2365.49
0.0059,-1265.58,-1016.44,-2282.02
0.006,1313.15,1033.68,2346.83
0.0061,-1223.72,-986.242,-2209.96
0.0062,1286.26,1002.91,2289.16
0.0063,-1195.58,-970.691,-2166.27
0.0064,1263.01,1004.75,2267.76
0.0065,-1234.69,-1010.49,-2245.18
0.0066,1245.41,989.871,2235.28
0.0067,-439.527,-276.148,-715.675
0.0068,-995.729,-792.72,-1788.45
0.0069,522.067,518.145,1040.21
0.007,-148.664,-99.26,-247.924
0.0071,-320.974,-268.191,-589.165
0.0072,-133.116,-114.519,-247.634
0.0073,-72.1536,-89.2114,-161.365
0.0074,39.3879,36.6103,75.9982
0.0075,-86.3331,-132.458,-218.792
0.0076,26.5825,10.9014,37.4839
0.0077,-143.246,-144.37,-287.616
0.0078,11.1111,37.4565,48.5675
0.0079,13.2994,0.231099,13.5305
0.008,-65.6903,-73.1974,-138.888
0.0081,-18.8532,-31.8817,-50.7349
0.0082,-130.014,-114.396,-244.41
0.0083,147.659,57.0915,204.751
0.0084,-187.65,-117.27,-304.92
0.0085,105.434,40.92,146.354
0.0086,-108.346,-69.5255,-177.872
0.0087,51.905,0.673108,52.5781
0.0088,25.521,35.0647,60.5857
0.0089,39.416,-7.4124,32.0036
0.009,-71.5062,-60.3649,-131.871
0.0091,107.105,71.2961,178.401
0.0092,-40.7605,-35.8552,-76.6156
0.0093,173.107,90.7468,263.854
0.0094,-111.395,-84.5459,-195.941
0.0095,64.8071,23.0033,87.8103
0.0096,6.88093,23.9988,30.8798
0.0097,-182.635,-213.764,-396.398
0.0098,184.771,140.736,325.507
0.0099,-290.581,-225.198,-515.778
0.01,-812.02,-682.371,-1494.39
0.0101,178.854,121.39,300.244
0.0102001,404.027,351.401,755.428
0.0103003,-661.2,-481.104,-1142.3
0.0104005,-270.652,-160.657,-431.309
0.0105009,-299.068,-213.218,-512.287
0.0106014,678.899,663.521,1342.42
0.0107019,-730.158,-616.311,-1346.47
0.0108026,-387.806,-245.434,-633.239
0.0109033,-61.7872,-92.4018,-154.189
0.0110041,241.873,171.191,413.065
0.011105,-174.163,-147.655,-321.818
0.011206,483.06,417.948,901.008
0.0113071,-405.974,-361.472,-767.446
0.0114083,130.904,109.906,240.811
0.0115096,568.473,479.583,1048.06
0.011611,-746.588,-622.863,-1369.45
0.0117124,-208.896,-164.349,-373.245
0.011814,793.812,637.588,1431.4
0.0119156,-587.429,-471.376,-1058.81
0.0120174,-103.996,-120.66,-224.656
0.0121192,656.882,577.054,1233.94
0.0122211,-685.647,-576.557,-1262.2
0.0123231,786.835,653.102,1439.94
0.0124253,-793.112,-669.759,-1462.87
0.0125275,637.327,547.75,1185.08
0.0126298,-716.014,-632.62,-1348.63
0.0127322,936.65,782.962,1719.61
0.0128346,-358.452,-307.368,-665.82
0.0129372,654.093,559.976,1214.07
0.0130399,-963.468,-797.125,-1760.59
0.0131426,792.352,659.059,1451.41
0.0132455,-820.412,-700.32,-1520.73
0.0133485,962.272,829.115,1791.39
0.0134515,-933.76,-774.016,-1707.78
0.0135546,939.722,805.585,1745.31
0.0136579,-402.134,-327.289,-729.424
0.0137612,556.951,467.799,1024.75
0.0138646,-611.865,-532.378,-1144.24
0.0139681,1574.21,1305.76,2879.97
0.0140717,1577.94,1269.64,2847.58
0.0141754,1295.04,1077.92,2372.95
0.0142792,346.69,138.386,485.076
0.0143831,597.841,514.672,1112.51
0.0144871,-154.766,-206.971,-361.737
0.0145912,9.06929,6.69566,15.7649
0.0146954,1158.77,902.816,2061.59
0.0147996,-906.204,-770.686,-1676.89
0.014904,1183.97,907.313,2091.28
0.0150084,-755.704,-644.563,-1400.27
0.015113,945.866,813.118,1758.98
0.0152176,-919.553,-846.341,-1765.89
0.0153224,1232.29,968.915,2201.2
0.0154272,-840.942,-805.787,-1646.73
0.0155322,1042.92,873.551,1916.47
0.0156372,-1014.13,-870.261,-1884.39
0.0157423,893.15,766.112,1659.26
0.0158475,-895.212,-813.038,-1708.25
0.0159529,964.017,814.475,1778.49
0.0160583,-997.418,-870.919,-1868.34
0.0161638,974.033,820.732,1794.76
0.0162694,-603.011,-568.516,-1171.53
0.0163751,946.398,804.041,1750.44
0.0164809,-973.318,-832.347,-1805.66
0.0165868,975.207,865.5,1840.71
0.0166928,-737.449,-677.684,-1415.13
0.0167988,838.734,694.421,1533.15
0.016905,-819.188,-692.577,-1511.77
0.0170113,964.964,839.017,1803.98
0.0171177,-750.593,-687.49,-1438.08
0.0172241,956.479,807.641,1764.12
0.0173307,-897.137,-757.855,-1654.99
0.0174374,987.697,829.206,1816.9
0.0175441,189.162,132.976,322.138
0.017651,-1029.5,-811.838,-1841.34
0.0177579,1106.23,880.622,1986.86
0.017865,-866.024,-705.508,-1571.53
0.0179721,1082.89,865.654,1948.54
0.0180794,-1107.12,-867.401,-1974.52
0.0181867,1008.44,817.98,1826.42
0.0182942,-1102.53,-827.002,-1929.53
0.0184017,972.463,921.748,1894.21
0.0185094,-1378.98,-932.403,-2311.38
0.0186171,883.839,856.759,1740.6
0.0187249,-1495.36,-1032.36,-2527.72
0.0188329,722.6,460.982,1183.58
0.0189409,-1131.37,-1040.02,-2171.38
0.019049,771.083,627.297,1398.38
0.0191572,800.807,470.934,1271.74
0.0192656,-810.106,-576.412,-1386.52
0.019374,757.304,602.605,1359.91
0.0194825,-890.855,-790.646,-1681.5
0.0195911,1028.63,844.455,1873.09
0.0196999,-842.724,-766.113,-1608.84
0.0198087,1151.34,849.458,2000.8
0.0199176,-873.966,-700.205,-1574.17
0.0200266,1302.2,1034.98,2337.19
0.0201357,-941.615,-882.016,-1823.63
0.0202449,994.734,866.654,1861.39
0.0203543,-777.148,-689.403,-1466.55
0.0204637,691.159,634.564,1325.72
0.0205732,-562.276,-499.326,-1061.6
0.0206828,630.892,547.905,1178.8
0.0207925,-781.89,-629.233,-1411.12
0.0209023,764.175,646.749,1410.92
0.0210122,-755.745,-579.543,-1335.29
0.0211222,685.085,507.506,1192.59
0.0212323,-697.36,-511.257,-1208.62
0.0213426,775.038,626.01,1401.05
0.0214529,-673.389,-539.6,-1212.99
0.0215633,657.861,492.103,1149.96
0.0216738,-725.484,-524.454,-1249.94
0.0217844,729.767,542.711,1272.48
0.0218951,-617.441,-469.635,-1087.08
0.0220059,631.076,425.245,1056.32
0.0221168,-634.572,-454.321,-1088.89
0.0222279,744.469,548.855,1293.32
0.022339,-540.159,-417.781,-957.94
0.0224502,679.183,488.689,1167.87
0.0225615,-613.031,-483.443,-1096.47
0.0226729,754.028,543.615,1297.64
0.0227845,-629.967,-444.1,-1074.07
0.0228961,785.365,527.473,1312.84
0.0230078,-671.242,-502.287,-1173.53
0.0231196,716.383,502.951,1219.33
0.0232316,-674.208,-453.879,-1128.09
0.0233436,754.928,493.636,1248.56
0.0234557,-735.312,-523.626,-1258.94
0.0235679,720.827,505.338,1226.16
0.0236803,-633.659,-454.047,-1087.71
0.0237927,748.139,516.114,1264.25
0.0239053,-705.105,-516.366,-1221.47
0.0240179,741.623,534.264,1275.89
0.0241306,-659.399,-482.221,-1141.62
0.0242435,784.968,576.113,1361.08
0.0243564,-819.939,-624.755,-1444.69
0.0244695,858.335,634.798,1493.13
0.0245826,-668.013,-475.067,-1143.08
0.0246959,809.532,579.243,1388.77
0.0248093,-718.848,-575.463,-1294.31
0.0249227,843.266,632.419,1475.68
0.0250363,-722.788,-515.009,-1237.8
0.02515,859.441,638.406,1497.85
0.0252637,-794.333,-612.795,-1407.13
0.0253776,855.35,676.365,1531.71
0.0254916,-671.007,-509.603,-1180.61
0.0256057,908.454,655.938,1564.39
0.0257199,-838.066,-656.542,-1494.61
0.0258341,868.032,655.115,1523.15
0.0259485,-759.92,-578.044,-1337.96
0.026063,920.648,686.99,1607.64
0.0261776,-885.339,-705.383,-1590.72
0.0262923,904.903,691.872,1596.78
0.0264072,-822.878,-605.06,-1427.94
0.0265221,929.271,693.405,1622.68
0.0266371,-799.784,-672.847,-1472.63
0.0267522,912.715,721.656,1634.37
0.0268674,-869.733,-676.266,-1546
0.0269828,1039.16,778.108,1817.27
0.0270982,-859.965,-677.594,-1537.56
0.0272138,969.078,763.865,1732.94
0.0273294,-921.185,-712.571,-1633.76
0.0274452,934.493,701.177,1635.67
0.027561,-726.997,-585.066,-1312.06
0.027677,943.825,739.522,1683.35
0.0277931,-953.303,-736.776,-1690.08
0.0279092,836.199,637.021,1473.22
0.0280255,-762.684,-595.012,-1357.7
0.0281419,938.032,709.063,1647.09
0.0282584,-860.564,-663.182,-1523.75
0.028375,852.505,608.976,1461.48
0.0284917,-760.635,-601.917,-1362.55
0.0286085,956.793,750.061,1706.85
0.0287254,-868.694,-657.475,-1526.17
0.0288424,894.036,659.038,1553.07
0.0289596,-863.476,-1072.09,-1935.56
0.0290768,1089.26,747.584,1836.84
0.0291942,-881.418,-974.791,-1856.21
0.0293116,1105.9,762.406,1868.3
0.0294292,-882.088,-917.538,-1799.63
0.0295468,-1000.11,-1002.62,-2002.73
0.0296646,-965.891,-1095.35,-2061.24
0.0297825,-1053.62,-989.231,-2042.86
0.0299005,-1108.79,-1112.47,-2221.26
0.0300185,975.816,774.123,1749.94
0.0301367,-1097.6,-930.855,-2028.46
0.0302551,1168.69,964.456,2133.15
0.0303735,-1044,-957.886,-2001.89
0.030492,799.388,813.104,1612.49
0.0306106,-1052.28,-938.62,-1990.9
0.0307294,1017.6,879.988,1897.59
0.0308482,-1191.66,-1026.47,-2218.13
0.0309672,934.067,846.129,1780.2
0.0310862,-984.691,-884.934,-1869.63
0.0312054,887.669,773.65,1661.32
0.0313247,-1064.08,-873.923,-1938.01
0.031444,968.975,921.406,1890.38
0.0315635,-1129.87,-970.758,-2100.63
0.0316831,880.27,812.298,1692.57
0.0318029,-908.6,-772.374,-1680.97
0.0319227,944.123,859.328,1803.45
0.0320426,-834.217,-719.598,-1553.81
0.0321626,839.562,760.774,1600.34
0.0322828,-855.25,-729.999,-1585.25
0.032403,974.041,881.389,1855.43
0.0325234,-840.04,-709.693,-1549.73
0.0326439,978.876,849.355,1828.23
0.0327645,-859.454,-701.674,-1561.13
0.0328852,1009.11,840.185,1849.3
0.033006,-923.712,-765.429,-1689.14
0.0331269,1070.08,898.431,1968.51
0.0332479,-996.367,-816.581,-1812.95
0.033369,1153.71,978.105,2131.82
0.0334903,-948.587,-765.058,-1713.64
0.0336116,1015.61,823.849,1839.46
0.0337331,-933.278,-734.773,-1668.05
0.0338547,1030.1,845.123,1875.22
0.0339764,-934.94,-757.843,-1692.78
0.0340982,1023.9,837.816,1861.72
0.0342201,-947.823,-742.6,-1690.42
0.0343421,1103.59,875.59,1979.18
0.0344642,-902.457,-723.774,-1626.23
0.0345865,1035.81,857.632,1893.44
0.0347088,-888.956,-696.395,-1585.35
0.0348313,1079.43,875.259,1954.69
0.0349539,-895.953,-741.129,-1637.08
0.0350765,1057.13,861.618,1918.75
0.0351993,-893.783,-725.304,-1619.09
0.0353222,1069.62,861.826,1931.45
0.0354453,-1009.26,-833.699,-1842.96
0.0355684,1123.85,908.733,2032.59
0.0356916,-965.676,-776.402,-1742.08
0.035815,1024.74,826.161,1850.9
0.0359385,-988.554,-792.804,-1781.36
0.036062,1090.26,870.26,1960.52
0.0361857,-1003.61,-797.923,-1801.54
0.0363095,1226.39,990.602,2216.99
0.0364335,-1175.77,-942.489,-2118.26
0.0365575,1128.69,900.175,2028.87
0.0366816,-1058.58,-852.272,-1910.86
0.0368059,1180.73,963.008,2143.74
0.0369303,-1114.21,-884.959,-1999.17
0.0370547,1182.62,948.387,2131.01
0.0371793,-1049.06,-838.386,-1887.44
0.037304,1143.83,921.505,2065.34
0.0374289,-1099.66,-875.234,-1974.9
0.0375538,1135.12,902.74,2037.86
0.0376789,-1086.91,-851.08,-1937.99
0.037804,1209.17,980.687,2189.86
0.0379293,-1168.96,-923.687,-2092.65
0.0380547,1137.91,906.5,2044.41
0.0381802,-1090.1,-861.554,-1951.66
0.0383058,1215,971.367,2186.37
0.0384315,-1182.29,-933.889,-2116.18
0.0385574,1128.75,897.508,2026.26
0.0386833,-1070.26,-847.638,-1917.89
0.0388094,1222.35,985.883,2208.23
0.0389356,-1180.52,-937.195,-2117.71
0.0390619,1166.22,934.453,2100.67
0.0391883,-1069.48,-843.721,-1913.2
0.0393149,1222.17,995.219,2217.39
0.0394415,-1236.63,-981.842,-2218.47
0.0395683,1241.25,1016.61,2257.86
0.0396952,-1101.97,-869.501,-1971.47
0.0398222,1178.09,931.567,2109.66
0.0399493,-1205.13,-968.352,-2173.48
0.0400765,1230.14,1013,2243.14
0.0402038,-1101.59,-886.141,-1987.73
0.0403313,1206.15,959.003,2165.16
0.0404589,-1243.41,-989.908,-2233.32
0.0405866,1286.2,1027.97,2314.17
0.0407144,-1118.08,-881.429,-1999.51
0.0408423,1262,1010.74,2272.74
0.0409703,-1193.17,-951.025,-2144.19
0.0410985,1211.47,968.859,2180.33
0.0412268,-1035.05,-830.915,-1865.97
0.0413551,1199.32,944.565,2143.88
0.0414836,-1153.3,-929.603,-2082.9
0.0416123,1213.19,969.578,2182.77
0.041741,-1065.64,-866.878,-1932.52
0.0418699,1206.82,961.933,2168.75
0.0419988,-1168.42,-925.82,-2094.24
0.0421279,1228.18,962.544,2190.72
0.0422571,-1045.37,-829.123,-1874.5
0.0423865,1222.28,976.984,2199.27
0.0425159,-1112.08,-874.082,-1986.16
0.0426455,1146.37,921.096,2067.47
0.0427751,-997.082,-800.467,-1797.55
0.0429049,1108.11,881.156,1989.27
0.0430348,-1095.29,-866.879,-1962.17
0.0431649,1156.32,956.025,2112.35
0.043295,-1044.67,-840.635,-1885.3
0.0434253,1142.75,933.135,2075.88
0.0435557,-1097.57,-878.968,-1976.53
0.0436862,1142.27,934.321,2076.59
0.0438168,-1088.64,-873.115,-1961.75
0.0439476,1131.6,907.082,2038.68
0.0440784,-1079.8,-860.846,-1940.65
0.0442094,1111.22,930.321,2041.55
0.0443405,-1021.11,-830.799,-1851.91
0.0444717,1109.72,890.637,2000.36
0.0446031,-1042.42,-846.753,-1889.17
0.0447345,1130.07,916.012,2046.09
0.0448661,-1036.37,-836.028,-1872.4
0.0449978,1112.89,883.185,1996.07
0.0451296,-1039.63,-839.874,-1879.5
0.0452615,1096.61,892.344,1988.95
0.0453936,-1030.16,-842.418,-1872.58
0.0455258,1152.93,927.859,2080.79
0.0456581,-1087.49,-878.022,-1965.52
0.0457905,1139.22,931.951,2071.17
0.045923,-1047.41,-853.452,-1900.86
0.0460557,1138.67,910.341,2049.01
0.0461885,-1124.58,-906.369,-2030.95
0.0463214,1200.38,984.273,2184.65
0.0464544,-999.94,-816.711,-1816.65
0.0465875,1116.54,930.127,2046.66
0.0467208,-1161.28,-918.864,-2080.14
0.0468542,1154.91,927.129,2082.04
0.0469877,-1062.66,-866.719,-1929.38
0.0471213,907.278,482.507,1389.78
0.047255,-1067.55,-760.292,-1827.84
0.0473889,738.846,608.971,1347.82
0.0475229,-918.471,-742.288,-1660.76
0.047657,915.399,735.086,1650.49
0.0477912,-1138.32,-918.793,-2057.11
0.0479256,1051.6,791.38,1842.98
0.0480601,-1031.89,-807.373,-1839.27
0.0481947,1142.32,840.732,1983.06
0.0483294,1182.09,775.285,1957.37
0.0484642,961.772,644.598,1606.37
0.0485992,851.207,638.854,1490.06
0.0487343,1032.26,833.587,1865.84
0.0488695,1058.09,992.674,2050.77
0.0490048,693.459,616.597,1310.06
0.0491403,-789.608,-460.611,-1250.22
0.0492759,710.527,391.06,1101.59
0.0494116,-750.376,-482.624,-1233
0.0495474,-1248.4,-719.75,-1968.14
0.0496834,-1423.15,-833.906,-2257.06
0.0498194,-1404.98,-917.572,-2322.55
0.0499556,-1405.62,-976.788,-2382.4
0.050092,-1106.79,-760.983,-1867.77
0.0502284,-1008.84,-703.058,-1711.9
0.050365,-1086.39,-803.462,-1889.85
0.0505017,-1021.03,-659.476,-1680.5
0.0506385,1159.39,830.318,1989.71
0.0507754,-994.152,-695.095,-1689.25
0.0509125,1038.75,757.903,1796.66
0.0510497,-612.393,-499.787,-1112.18
0.051187,1230.45,899.586,2130.04
0.0513245,-1043.15,-706.692,-1749.84
0.051462,1133.2,722.575,1855.78
0.0515997,-1029.35,-704.112,-1733.46
0.0517375,943.44,533.96,1477.4
0.0518755,-1001.36,-625.369,-1626.73
0.0520136,1130.71,672.845,1803.56
0.0521518,-1272.82,-875.83,-2148.65
0.0522901,1400.29,880.145,2280.44
0.0524285,-1163.65,-776.808,-1940.46
0.0525671,1227.42,689.275,1916.69
0.0527058,-1057.38,-738.09,-1795.47
0.0528446,1124.08,665.63,1789.71
0.0529836,-970.641,-583.867,-1554.51
0.0531226,951.337,533.804,1485.14
0.0532618,-1000.14,-660.419,-1660.56
0.0534012,1018.07,639.454,1657.52
0.0535406,-948.325,-553.724,-1502.05
0.0536802,975.09,573.593,1548.68
0.0538199,-873.631,-548.109,-1421.74
0.0539597,995.164,600.343,1595.51
0.0540997,-850.594,-506.612,-1357.21
0.0542398,940.473,555.393,1495.87
0.05438,-954.373,-608.549,-1562.92
0.0545204,1011,636.996,1648
0.0546608,-875.246,-538.774,-1414.02
0.0548014,922.778,591.007,1513.78
0.0549422,-990.33,-679.461,-1669.79
0.055083,937.337,604.729,1542.07
0.055224,-906.19,-597.634,-1503.82
0.0553651,996.255,650.65,1646.91
0.0555064,-861.638,-585.279,-1446.92
0.0556477,911.958,606.329,1518.29
0.0557892,-875.5,-560.949,-1436.45
0.0559309,930.262,601.765,1532.03
0.0560726,-895.178,-618.182,-1513.36
0.0562145,921.11,590.508,1511.62
0.0563565,-871.802,-581.079,-1452.88
0.0564987,925.884,601.463,1527.35
0.0566409,-896.876,-613.7,-1510.58
0.0567833,887.13,569.97,1457.1
0.0569259,-873.451,-566.584,-1440.03
0.0570685,944.203,637.826,1582.03
0.0572113,-861.867,-597.586,-1459.45
0.0573542,913.881,613.944,1527.82
0.0574973,-850.219,-576.811,-1427.03
0.0576405,787.625,509.183,1296.81
0.0577838,-804.784,-537.585,-1342.37
0.0579272,848.518,572.353,1420.87
0.0580708,-830.063,-572.367,-1402.43
0.0582145,909.435,629.028,1538.46
0.0583583,-817.566,-573.185,-1390.75
0.0585023,825.266,562.633,1387.9
0.0586464,-834.876,-580.067,-1414.94
0.0587906,836.704,618.596,1455.3
0.0589349,-807.457,-562.221,-1369.68
0.0590794,825.826,585.613,1411.44
0.059224,-768.308,-524.015,-1292.32
0.0593688,874.85,624.437,1499.29
0.0595137,-828.174,-579.549,-1407.72
0.0596587,824.445,574.799,1399.24
0.0598038,-789.649,-559.978,-1349.63
0.0599491,941.677,654.897,1596.57
0.0600945,-825.378,-571.042,-1396.42
0.0602401,790.781,573.579,1364.36
0.0603857,-855.857,-618.247,-1474.1
0.0605315,951.124,688.573,1639.7
0.0606775,-907.465,-646.527,-1553.99
0.0608235,857.002,593.126,1450.13
0.0609697,-866.378,-625.501,-1491.88
0.0611161,1007.44,721.095,1728.53
0.0612625,-861.029,-622.63,-1483.66
0.0614092,818.808,598.046,1416.85
0.0615559,-861.347,-608.53,-1469.88
0.0617028,1052.81,756.192,1809
0.0618498,-928.506,-663.247,-1591.75
0.0619969,838.719,603.959,1442.68
0.0621442,-801.109,-612.966,-1414.08
0.0622916,979.713,723.85,1703.56
0.0624391,-917.252,-694.057,-1611.31
0.0625868,910.901,660.972,1571.87
0.0627346,-926.686,-691.117,-1617.8
0.0628825,1025.35,745.613,1770.96
0.0630306,-993.945,-742.576,-1736.52
0.0631788,407.467,267.662,675.129
0.0633272,709.874,538.929,1248.8
0.0634756,-797.212,-712.489,-1509.7
0.0636242,-1050.32,-849.577,-1899.9
0.063773,711.612,897.392,1609
0.0639219,1106.66,739.086,1845.75
0.0640709,1035.41,802.855,1838.26
0.0642201,918.655,399.46,1318.12
0.0643693,930.246,561.773,1492.02
0.0645188,472.367,468.238,940.605
0.0646683,-55.9605,-288.623,-344.584
0.064818,379.063,359.816,738.879
0.0649679,24.2247,3.22592,27.4506
0.0651178,-206.99,39.8864,-167.104
0.0652679,494.265,433.452,927.718
0.0654182,-39.7665,19.9296,-19.8368
0.0655686,609.566,543.261,1152.83
0.0657191,46.4608,-19.9674,26.4933
0.0658697,572.511,494.317,1066.83
0.0660205,-4.60592,-55.3487,-59.9546
0.0661715,403.601,285.073,688.674
0.0663225,16.7264,-10.6607,6.06577
0.0664737,393.079,321.001,714.081
0.0666251,47.5761,21.7413,69.3174
0.0667765,210.619,143.564,354.183
0.0669282,7.66257,33.4999,41.1625
0.0670799,207.827,175.373,383.199
0.0672318,114.627,96.7709,211.398
0.0673838,109.838,101.063,210.901
0.067536,155.331,122.103,277.434
0.0676883,37.9402,10.126,48.0662
0.0678407,-40.7834,-38.5188,-79.3022
0.0679933,190.82,144.919,335.739
0.0681461,-82.6385,-70.0345,-152.673
0.0682989,-10.2374,-0.487966,-10.7253
0.0684519,17.2095,21.7035,38.9129
0.068605,237.94,241.707,479.647
0.0687583,-225.224,-246.075,-471.298
0.0689117,19.9276,46.1306,66.0582
0.0690653,-54.7204,-67.9991,-122.72
0.069219,-33.1908,-13.0484,-46.2392
0.0693728,16.5149,27.4254,43.9402
0.0695268,15.4574,-12.8029,2.65456
0.0696809,-36.4217,-26.3753,-62.797
0.0698352,-28.5762,-47.3309,-75.9071
0.0699896,36.6485,31.1926,67.8412
0.0701441,6.92713,-62.1239,-55.1968
0.0702988,35.5693,15.1015,50.6708
0.0704536,-22.7767,-14.5096,-37.2864
0.0706086,13.7631,8.49043,22.2535
0.0707637,85.3752,72.7347,158.11
0.0709189,111.547,94.2627,205.81
0.0710743,-197.179,-162.593,-359.772
0.0712298,192.087,144.481,336.567
0.0713855,-173.935,-142.473,-316.408
0.0715413,185.854,135.162,321.016
0.0716972,-121.576,-110.879,-232.456
0.0718533,20.0473,0.193517,20.2408
0.0720095,-261.192,-203.345,-464.538
0.0721659,-842.614,-531.384,-1374
0.0723224,-623.12,-311.571,-934.691
0.0724791,-982.181,-626.235,-1608.42
0.0726359,-665.11,-296.893,-962.003
0.0727928,-711.315,-361.221,-1072.54
0.0729499,-524.145,-154.105,-678.25
0.0731071,-614.43,-236.348,-850.778
0.0732645,-254.786,106.44,-148.347
0.073422,-70.3289,80.238,9.9091
0.0735797,212.962,216.839,429.801
0.0737375,-89.2054,-129.979,-219.185
0.0738954,228.717,110.636,339.353
0.0740535,-298.894,-168.418,-467.312
0.0742117,118.423,152.731,271.154
0.0743701,242.582,180.98,423.562
0.0745286,82.1632,34.5868,116.75
0.0746873,191.499,112.929,304.429
0.0748461,-39.9849,-61.6004,-101.585
0.075005,158.158,153.348,311.505
0.0751641,-313.423,-220.678,-534.102
0.0753234,35.3437,91.032,126.376
0.0754828,-281.524,-182.569,-464.093
0.0756423,377.887,373.239,751.126
0.075802,25.6314,-5.31576,20.3156
0.0759618,-102.047,-35.5044,-137.551
0.0761218,344.622,233.819,578.441
0.0762819,49.5502,92.5864,142.137
0.0764421,-227.087,-218.426,-445.513
0.0766025,-116.306,-40.3671,-156.673
0.0767631,-100.692,-101.57,-202.262
0.0769238,454.638,390.558,845.196
0.0770846,-115.088,-139.92,-255.008
0.0772456,-104.279,-115.3,-219.579
0.0774067,223.948,207.953,431.9
0.077568,342.792,229.803,572.594
0.0777294,-191.737,-177.465,-369.203
0.077891,286.557,246.549,533.106
0.0780527,-99.0785,-115.951,-215.029
0.0782146,385.713,318.231,703.944
0.0783766,-562.305,-427.965,-990.269
0.0785388,635.582,531.166,1166.75
0.0787011,-218.319,-212.635,-430.954
0.0788635,506.098,432.021,938.119
0.0790261,-94.4526,-93.0869,-187.539
0.0791889,362.232,266.509,628.741
0.0793518,-670.082,-537.093,-1207.18
0.0795148,511.163,435.866,947.029
0.079678,-72.9444,-45.8558,-118.8
0.0798414,414.375,309.927,724.302
0.0800049,-508.67,-455.571,-964.241
0.0801685,610.728,482.339,1093.07
0.0803323,-351.095,-270.526,-621.621
0.0804962,431.033,324.318,755.351
0.0806603,-584.33,-449.18,-1033.51
0.0808245,816.214,689.095,1505.31
0.0809889,-234.833,-180.817,-415.65
0.0811535,405.262,315.124,720.385
0.0813182,-599.266,-450.738,-1050
0.081483,511.48,379.683,891.163
0.081648,-107.774,-60.9009,-168.675
0.0818131,404.461,283.568,688.029
0.0819784,-359.544,-263.704,-623.247
0.0821438,466.678,339.266,805.944
0.0823094,-231.355,-189.544,-420.899
0.0824751,423.527,282.265,705.792
0.082641,-516.296,-51.0648,-567.361
0.0828071,99.3835,123.735,223.118
0.0829733,-581.69,-371.852,-953.542
0.0831396,-360.131,-109.565,-469.697
0.0833061,272.672,247.438,520.11
0.0834727,-454.98,-349.913,-804.893
0.0836395,-41.9128,147.608,105.695
0.0838065,445.925,340.583,786.508
0.0839736,-901.962,-736.976,-1638.94
0.0841408,80.7155,52.3467,133.062
0.0843082,-198.454,-119.198,-317.652
0.0844758,506.181,409.885,916.066
0.0846435,-242.553,-164.486,-407.038
0.0848113,544.912,518.339,1063.25
0.0849793,-253.823,-303.407,-557.23
0.0851475,654.879,527.275,1182.15
0.0853158,-46.4687,-110.502,-156.971
0.0854843,460.458,463.516,923.975
0.0856529,215.875,105.627,321.502
0.0858217,602.162,481.344,1083.51
0.0859906,-601.69,-496.677,-1098.37
0.0861597,526.225,493.961,1020.19
0.0863289,-424.131,-417.73,-841.861
0.0864983,605.363,524.394,1129.76
0.0866679,-539.893,-494.42,-1034.31
0.0868376,542.417,494.652,1037.07
0.0870074,-428.155,-460.793,-888.948
0.0871774,-2.61805,64.0118,61.3938
0.0873476,168.132,83.5905,251.723
0.0875179,23.0558,65.8103,88.866
0.0876884,65.6985,-16.325,49.3735
0.087859,-91.8595,-32.0396,-123.899
0.0880298,47.3492,-3.61125,43.7379
0.0882007,77.1343,111.517,188.651
0.0883718,49.4762,-37.4316,12.0446
0.0885431,179.624,181.643,361.267
0.0887145,-128.405,-166.765,-295.17
0.088886,184.53,177.989,362.519
0.0890577,-240.749,-331.801,-572.55
0.0892296,283.967,268.238,552.205
0.0894016,-546.339,-535.313,-1081.65
0.0895738,531.907,482.207,1014.11
0.0897462,-42.1397,-142.056,-184.195
0.0899186,513.219,455.812,969.03
0.0900913,-386.095,-422.541,-808.636
0.0902641,507.031,465.895,972.925
0.0904371,-235.984,-292.867,-528.851
0.0906102,493.749,432.399,926.148
0.0907835,-559.622,-518.081,-1077.7
0.0909569,391.589,357.202,748.791
0.0911305,483.597,309.669,793.267
0.0913043,-672.812,-482.532,-1155.34
0.0914782,399.822,297.656,697.477
0.0916523,-452.943,-360.228,-813.172
0.0918265,-190.652,-218.446,-409.099
0.0920009,406.777,316.65,723.427
0.0921754,-529.684,-532.137,-1061.82
0.0923501,-588.143,-427.268,-1015.41
0.092525,463.117,345.457,808.575
0.0927,638.047,574.468,1212.52
0.0928752,-505.729,-482.841,-988.571
0.0930505,219.581,198.438,418.019
0.093226,124.656,55.6822,180.338
0.0934017,275.081,215.483,490.564
0.0935775,-69.7605,-99.2857,-169.046
0.0937535,177.775,164.619,342.395
0.0939296,485.372,352.427,837.799
0.0941059,-447.694,-321.273,-768.967
0.0942824,318.802,246.203,565.005
0.094459,-442.316,-346.539,-788.855
0.0946358,131.805,51.8894,183.695
0.0948127,-610.967,-503.699,-1114.67
0.0949898,-115.495,-157.268,-272.763
0.0951671,-444.724,-344.572,-789.296
0.0953445,431.683,315.601,747.284
0.0955221,-452.024,-375.28,-827.304
0.0956999,450.081,332.607,782.688
0.0958778,-381.549,-301.662,-683.211
0.0960558,433.158,324.543,757.701
0.0962341,-445.5,-364.867,-810.367
0.0964125,503.766,379.035,882.801
0.096591,-394.402,-311.42,-705.822
0.0967697,365.556,272.653,638.209
0.0969486,-514.212,-424.13,-938.342
0.0971277,610.134,456.732,1066.87
0.0973069,-511.945,-412.227,-924.171
0.0974862,554.6,421.614,976.214
0.0976658,-622.007,-514.101,-1136.11
0.0978455,690.682,557.942,1248.62
0.0980253,-570.656,-465.065,-1035.72
0.0982054,582.016,458.997,1041.01
0.0983855,-528.062,-442.45,-970.513
0.0985659,662.126,499.396,1161.52
0.0987464,-532.015,-436.766,-968.781
0.0989271,585.088,441.015,1026.1
0.0991079,-534.71,-446.413,-981.123
0.0992889,710.933,585.168,1296.1
0.0994701,-593.715,-486.044,-1079.76
0.0996514,580.193,456.431,1036.62
0.099833,-470.57,-383.165,-853.735
0.100015,501.5,388.664,890.164
0.100196,-577.378,-465.597,-1042.97
0.100378,570.002,442.457,1012.46
0.100561,-594.375,-500.558,-1094.93
0.100743,411.979,285.333,697.312
0.100925,-547.746,-442.15,-989.895
0.101108,518.644,426.361,945.004
0.101291,-550.065,-442.927,-992.992
0.101474,583.864,454.648,1038.51
0.101657,-536.946,-438.304,-975.25
0.10184,543.155,432.041,975.197
0.102024,-537.741,-439.2,-976.941
0.102208,549.15,438.315,987.465
0.102391,-578.103,-445.978,-1024.08
0.102575,538.143,414.257,952.399
0.10276,-594.468,-468.794,-1063.26
0.102944,603.624,465.295,1068.92
0.103128,-637.156,-517.804,-1154.96
0.103313,567.172,449.698,1016.87
0.103498,-651.888,-536.149,-1188.04
0.103683,568.193,439.84,1008.03
0.103868,-478.414,-410.978,-889.392
0.104053,443.462,372.97,816.431
0.104239,-639.552,-537.554,-1177.11
0.104425,559.35,442.038,1001.39
0.10461,-448.193,-372.382,-820.575
0.104796,423.534,367.889,791.424
0.104983,-598.173,-498.139,-1096.31
0.105169,561.996,447.915,1009.91
0.105355,-466.934,-394.813,-861.747
0.105542,466.065,406.719,872.784
0.105729,-549.45,-470.45,-1019.9
0.105916,428.587,323.138,751.725
0.106103,-499.836,-383.491,-883.327
0.106291,365.204,286.147,651.351
0.106478,-225.036,-220.942,-445.978
0.106666,349.092,283.17,632.262
0.106854,-429.467,-377.1,-806.567
0.107042,315.562,254.997,570.559
0.10723,-110.725,-125.344,-236.069
0.107418,328.989,236.71,565.699
0.107607,-307.915,-255.337,-563.251
0.107796,203.786,145.036,348.822
0.107985,-169.782,-145.132,-314.914
0.108174,-271.874,-250.037,-521.911
0.108363,-249.372,-182.873,-432.245
0.108552,363.156,282.048,645.204
0.108742,-371.462,-306.23,-677.692
0.108932,356.192,256.965,613.157
0.109122,-354.257,-251.655,-605.913
0.109312,418.334,314.133,732.467
0.109502,-265.673,-208.692,-474.365
0.109692,441.299,339.529,780.828
0.109883,-377.79,-291.045,-668.835
0.110074,317.416,239.272,556.688
0.110265,-189.257,-156.864,-346.121
0.110456,443.931,328.001,771.932
0.110647,-107.973,-95.807,-203.78
0.110839,349.312,278.599,627.911
0.11103,-106.867,-92.3006,-199.168
0.111222,428.499,323.214,751.712
0.111414,-130.138,-116.688,-246.825
0.111607,356.392,267.141,623.532
0.111799,46.0108,17.3845,63.3954
0.111991,392.272,296.408,688.68
0.112184,-268.569,-243.329,-511.897
0.112377,135.814,123.351,259.165
0.11257,25.3069,9.31632,34.6232
0.112763,134.12,79.8399,213.96
0.112957,203.711,165.135,368.845
0.11315,-13.9329,-41.2383,-55.1712
0.113344,-107.66,-88.8981,-196.558
0.113538,413.888,295.932,709.82
0.113732,-262.156,-228.293,-490.449
0.113927,431.864,329.905,761.769
0.114121,-218.648,-174.2,-392.848
0.114316,471.032,354.366,825.398
0.11451,-271.724,-218.47,-490.195
0.114706,344.37,252.08,596.45
0.114901,-311.019,-257.031,-568.05
0.115096,451.97,370.918,822.888
0.115292,169.151,148.424,317.575
0.115487,75.8412,47.6798,123.521
0.115683,2.60898,11.1818,13.7908
0.115879,130.802,135.044,265.845
0.116076,48.7845,41.4488,90.2333
0.116272,-460.036,-415.475,-875.511
0.116469,618.997,504.54,1123.54
0.116665,-587.269,-506.553,-1093.82
0.116862,542.279,456.555,998.834
0.117059,-426.41,-400.062,-826.472
0.117257,740.993,600.431,1341.42
0.117454,-263.009,-239.532,-502.541
0.117652,398.681,335.237,733.918
0.11785,-422.454,-399.147,-821.601
0.118048,473.946,400.1,874.046
0.118246,-187.013,-188.855,-375.868
0.118445,98.491,47.1377,145.629
0.118643,198.801,168.503,367.303
0.118842,366.81,304.471,671.281
0.119041,43.7426,11.7229,55.4655
0.11924,-259.036,-231.128,-490.164
0.119439,135.981,116.076,252.057
0.119639,271.107,208.68,479.787
0.119838,-268.365,-248.819,-517.184
0.120038,-5.19547,-6.64815,-11.8436
0.120238,188.559,135.839,324.398
0.120439,605.066,505.738,1110.8
0.120639,-69.8823,-109.025,-178.907
0.12084,141.934,119.415,261.349
0.12104,-362.031,-336.33,-698.36
0.121241,604.037,497.7,1101.74
0.121442,-123.484,-156.059,-279.544
0.121644,-619.959,-435.527,-1055.49
0.121845,-178.445,-107.977,-286.422
0.122047,-295.772,-230.698,-526.47
0.122249,63.3421,123.3,186.642
0.122451,-357.103,-171.552,-528.656
0.122653,274.827,235.226,510.053
0.122855,-121.288,45.9775,-75.3109
0.123058,-472.321,-197.257,-669.578
0.123261,574.266,379.232,953.498
0.123464,-687.117,-519.089,-1206.21
0.123667,-333.131,-252.12,-585.251
0.12387,640.139,415.321,1055.46
0.124074,303.795,145.417,449.213
0.124277,-154.111,-139.102,-293.212
0.124481,-754.355,-637.514,-1391.87
0.124685,596.289,423.842,1020.13
0.12489,173.586,45.3295,218.915
0.125094,-311.797,-237.205,-549.002
0.125299,-487.056,-454.409,-941.466
0.125504,557.158,375.083,932.241
0.125709,471.852,345.714,817.565
0.125914,103.48,118.22,221.7
0.126119,-768.936,-650.399,-1419.33
0.126325,562.003,409.036,971.039
0.12653,354.29,299.875,654.166
0.126736,-105.976,-67.7701,-173.746
0.126942,-694.594,-555.994,-1250.59
0.127149,515.595,394.473,910.068
0.127355,477.215,375.64,852.855
0.127562,-120.589,-89.7025,-210.292
0.127769,-570.881,-458.909,-1029.79
0.127976,650.342,533.341,1183.68
0.128183,-623.144,-529.154,-1152.3
0.128391,649.36,558.905,1208.26
0.128598,-244.165,-238.829,-482.994
0.128806,-675.082,-550.991,-1226.07
0.129014,676.621,473.079,1149.7
0.129222,405.277,367.083,772.36
0.129431,385.828,354.694,740.522
0.129639,-794.745,-627.559,-1422.3
0.129848,290.264,247.947,538.211
0.130057,-633.397,-505.405,-1138.8
0.130266,756.147,584.709,1340.86
0.130475,113.7,95.183,208.883
0.130685,52.4473,22.6048,75.0521
0.130895,-560.957,-463.23,-1024.19
0.131105,576.561,534.501,1111.06
0.131315,-547.417,-510.366,-1057.78
0.131525,526.879,494.058,1020.94
0.131735,-531.197,-448.646,-979.842
0.131946,698.781,538.725,1237.51
0.132157,-107.64,-151.35,-258.991
0.132368,-537.188,-413.005,-950.193
0.132579,599.386,396.065,995.45
0.132791,381.164,358.723,739.888
0.133002,-20.9426,-62.9493,-83.8919
0.133214,-615.773,-480.671,-1096.44
0.133426,307.095,239.152,546.247
0.133638,-512.978,-385.509,-898.486
0.133851,682.686,445.549,1128.23
0.134063,457.906,411.47,869.377
0.134276,205.037,131.546,336.583
0.134489,-564.078,-435.096,-999.174
0.134702,322.435,273.366,595.801
0.134916,-577.149,-475.786,-1052.93
0.135129,680.266,554.902,1235.17
0.135343,-474.076,-389.906,-863.982
0.135557,464.727,391.282,856.01
0.135771,-507.059,-428.111,-935.171
0.135985,638.164,458.836,1097
0.1362,-149.613,-126.57,-276.183
0.136415,-175.588,-169.601,-345.189
0.13663,-321.115,-293.258,-614.373
0.136845,717.303,467.243,1184.55
0.13706,319.382,300.03,619.412
0.137275,351.056,270.399,621.454
0.137491,-581.418,-455.456,-1036.87
0.137707,311.203,225.707,536.911
0.137923,-508.966,-387.309,-896.275
0.138139,699.168,498.98,1198.15
0.138356,445.657,408.062,853.719
0.138573,-635.918,-525.618,-1161.54
0.13879,258.967,238.403,497.37
0.139007,-450.696,-386.536,-837.233
0.139224,552.809,402.494,955.304
0.139441,417.737,340.4,758.137
0.139659,84.945,92.7478,177.693
0.139877,-597.819,-495.229,-1093.05
0.140095,218.219,223.53,441.749
0.140313,-491.424,-442.619,-934.043
0.140532,680.854,508.105,1188.96
0.14075,402.903,336.745,739.648
0.140969,44.0457,48.3746,92.4204
0.141188,-505.836,-456.027,-961.863
0.141408,250.49,258.698,509.188
0.141627,-482.123,-425.817,-907.94
0.141847,590.342,437.861,1028.2
0.142067,288.743,254.715,543.458
0.142287,142.189,149.173,291.362
0.142507,-616.329,-533.152,-1149.48
0.142727,327.05,318.024,645.074
0.142948,-491.059,-429.81,-920.87
0.143169,629.743,484.916,1114.66
0.14339,357.376,297.824,655.2
0.143611,-70.2158,-66.4084,-136.624
0.143833,-419.205,-371.969,-791.174
0.144054,274.801,274.891,549.692
0.144276,-334.795,-325.498,-660.293
0.144498,608.089,490.611,1098.7
0.144721,196.761,168.976,365.737
0.144943,50.8183,56.0465,106.865
0.145166,-501.071,-432.637,-933.708
0.145389,517.072,416.504,933.576
0.145612,270.697,223.819,494.515
0.145835,-377.655,-314.697,-692.353
0.146058,377.808,305.286,683.094
0.146282,-553.564,-458.621,-1012.19
0.146506,721.692,485.434,1207.13
0.14673,465.798,435.226,901.024
0.146954,501.41,410.267,911.676
0.147179,-612.933,-491.981,-1104.91
0.147404,330.556,281.631,612.187
0.147629,-595.796,-473.769,-1069.57
0.147854,468.538,386.965,855.503
0.148079,-633.889,-504.517,-1138.41
0.148304,736.921,610.846,1347.77
0.14853,-438.711,-363.238,-801.949
0.148756,397.993,328.396,726.389
0.148982,-464.576,-391.5,-856.076
0.149209,705.831,501.093,1206.92
0.149435,415.389,370.883,786.272
0.149662,177.437,100.945,278.382
0.149889,-567.128,-451.053,-1018.18
0.150116,287.738,234.964,522.702
0.150343,-487.397,-408.018,-895.415
0.150571,773.597,583.032,1356.63
0.150799,250.405,245.028,495.433
0.151027,-368.082,-348.951,-717.033
0.151255,328.511,313.907,642.417
0.151483,-405.022,-358.747,-763.769
0.151712,602.776,523.716,1126.49
0.151941,-418.283,-376.782,-795.065
0.15217,325.437,285.53,610.967
0.152399,-256.741,-239.362,-496.104
0.152629,657.58,527.533,1185.11
0.152858,345.913,297.268,643.181
0.153088,-142.736,-142.547,-285.283
0.153318,-371.617,-328.578,-700.195
0.153549,179.986,164.03,344.016
0.153779,-354.037,-324.734,-678.772
0.15401,657.293,478.649,1135.94
0.154241,553.929,472.892,1026.82
0.154472,419.119,373.251,792.37
0.154703,-534.209,-468.247,-1002.46
0.154935,278.681,254.411,533.092
0.155166,-303.702,-299.946,-603.648
0.155398,398.892,350.796,749.687
0.155631,-579.832,-497.872,-1077.7
0.155863,606.679,535.018,1141.7
0.156096,826.598,994.918,1821.52
0.156328,599.167,430.065,1029.23
0.156561,140.256,-46.2316,94.0247
0.156795,273.641,251.695,525.336
0.157028,-859.277,-740.815,-1600.09
0.157262,858.343,846.18,1704.52
0.157496,-459.785,-551.66,-1011.44
0.15773,918.129,775.893,1694.02
0.157964,-624.839,-687.156,-1312
0.158199,859.581,721.835,1581.42
0.158433,-833.716,-783.534,-1617.25
0.158668,-964.777,-576.904,-1541.68
0.158903,-750.537,-460.193,-1210.73
0.159139,-484.704,-383.732,-868.436
0.159374,555.991,513.603,1069.59
0.15961,-843.352,-677.724,-1521.08
0.159846,789.024,557.696,1346.72
0.160082,-646.474,-505.427,-1151.9
0.160319,409.595,438.454,848.049
0.160555,882.999,401.905,1284.9
0.160792,-281.215,-323.463,-604.678
0.161029,-39.7333,58.6393,18.906
0.161267,-423.687,-338.223,-761.91
0.161504,487.551,227.142,714.693
0.161742,159.083,165.585,324.668
0.16198,61.9971,36.7071,98.7042
0.162218,-352.737,-223.497,-576.234
0.162456,519.2,246.901,766.102
0.162695,616.649,519.282,1135.93
0.162934,-180.622,-174.901,-355.524
0.163173,-291.167,-222.764,-513.931
0.163412,-359.68,-303.498,-663.178
0.163652,-92.5546,-30.0535,-122.608
0.163891,376.317,87.8855,464.202
0.164131,953.962,826.426,1780.39
0.164371,6.64405,11.9719,18.6159
0.164612,-200.085,-114.157,-314.242
0.164852,-828.709,-686.496,-1515.2
0.165093,-283.806,-212.862,-496.668
0.165334,394.252,119.583,513.835
0.165575,1071.3,925.943,1997.24
0.165817,-531.656,-391.423,-923.079
0.166058,-245.292,-156.114,-401.407
0.1663,116.855,101.638,218.493
0.166542,-140.357,-96.6988,-237.056
0.166785,313.017,244.505,557.522
0.167027,859.831,760.523,1620.35
0.16727,-1059.92,-880.89,-1940.81
0.167513,1118.8,941.957,2060.75
0.167756,-937.612,-797.277,-1734.89
0.167999,1163.97,1011.68,2175.65
0.168243,-540.526,-503.034,-1043.56
0.168487,469.351,445.021,914.373
0.168731,-549.829,-519.285,-1069.11
0.168975,801.369,687.528,1488.9
0.16922,-611.252,-533.443,-1144.69
0.169465,438.089,429.415,867.504
0.16971,-351.779,-350.763,-702.542
0.169955,416.644,368.568,785.213
0.1702,398.385,293.515,691.9
0.170446,-94.1357,-66.313,-160.449
0.170692,199.939,132.877,332.816
0.170938,34.9195,45.3463,80.2658
0.171184,288.803,207.98,496.783
0.171431,22.1243,46.8625,68.9868
0.171677,-114.975,-115.872,-230.847
0.171924,157.241,134.544,291.785
0.172171,301.925,227.527,529.452
0.172419,-91.7419,-45.846,-137.588
0.172667,26.0341,18.2072,44.2412
0.172914,-22.9011,0.595918,-22.3052
0.173163,224.776,170.638,395.414
0.173411,90.877,81.5002,172.377
0.173659,97.0539,69.9727,167.027
0.173908,69.4905,46.2781,115.769
0.174157,131.37,99.5769,230.947
0.174406,32.4647,31.1894,63.6541
0.174656,85.9605,50.4425,136.403
0.174906,193.594,148.771,342.365
0.175156,42.1953,3.85879,46.0541
0.175406,-32.2584,-25.5568,-57.8152
0.175656,474.652,387.709,862.361
0.175907,42.8693,34.2283,77.0976
0.176157,43.0053,20.0926,63.0979
0.176408,-24.773,-19.8473,-44.6203
0.17666,116.79,87.7159,204.506
0.176911,195.346,171.47,366.817
0.177163,-58.7757,-67.3445,-126.12
0.177415,33.2489,35.372,68.621
0.177667,415.878,310.577,726.455
0.17792,-61.2503,-43.8338,-105.084
0.178172,139.685,112.626,252.311
0.178425,-81.3307,-59.8909,-141.222
0.178678,296.711,231.676,528.386
0.178932,140.943,94.5891,235.533
0.179185,-22.4477,-25.4225,-47.8702
0.179439,-36.2154,-26.7046,-62.9201
0.179693,442.645,313.146,755.791
0.179947,14.3923,23.1053,37.4976
0.180202,98.5479,55.4823,154.03
0.180457,-32.8133,9.44731,-23.366
0.180711,444.292,344.747,789.039
0.180967,-42.9051,-48.6653,-91.5704
0.181222,130.33,85.0444,215.375
0.181478,91.554,114.544,206.098
0.181734,300.011,190.969,490.98
0.18199,-138.846,-111.08,-249.926
0.182246,86.4581,40.6262,127.084
0.182503,56.6561,69.2597,125.916
0.18276,424.371,322.277,746.648
0.183017,-253.746,-209.612,-463.358
0.183274,376.521,279.211,655.732
0.183531,-128.574,-106.395,-234.97
0.183789,402.843,297.538,700.381
0.184047,61.0311,52.2111,113.242
0.184305,260.384,195.733,456.117
0.184564,-13.4619,3.58949,-9.87241
0.184822,293.403,205.834,499.237
0.185081,-140.305,-125.105,-265.409
0.185341,359.304,276.673,635.977
0.1856,20.3108,12.2525,32.5632
0.18586,382.373,289.943,672.316
0.186119,-409.214,-329.151,-738.365
0.18638,108.341,59.8411,168.182
0.18664,488.317,455.086,943.402
0.186901,-262.553,-293.197,-555.75
0.187161,592.577,542.151,1134.73
0.187422,-499.63,-478.815,-978.445
0.187684,314.101,297.481,611.581
0.187945,394.816,320.176,714.992
0.188207,-100.585,-115.106,-215.691
0.188469,475.028,362.699,837.727
0.188731,-610.98,-496.456,-1107.44
0.188994,456.146,353.277,809.423
0.189256,99.8949,98.6677,198.563
0.189519,540.518,425.908,966.426
0.189783,-682.132,-557.235,-1239.37
0.190046,669.294,548.56,1217.85
0.19031,156.303,158.745,315.048
0.190574,-321.713,-332.052,-653.765
0.190838,468.532,447.093,915.625
0.191102,187.905,112.209,300.114
0.191367,-175.312,-162.623,-337.934
0.191632,413.054,330.964,744.018
0.191897,-428.352,-375.534,-803.886
0.192162,498.228,412.772,911
0.192428,180.472,175.674,356.146
0.192694,-422.42,-396.392,-818.811
0.19296,321.682,315.262,636.944
0.193226,95.4123,15.5691,110.981
0.193493,156.935,159.772,316.706
0.193759,58.1022,-4.16888,53.9333
0.194026,259.766,258.43,518.196
0.194294,-152.031,-192.667,-344.698
0.194561,286.463,252.901,539.364
0.194829,-108.895,-161.226,-270.121
0.195097,309.056,293.311,602.367
0.195365,161.005,110.189,271.194
0.195634,-35.961,-58.7449,-94.7059
0.195903,458.048,331.047,789.095
0.196172,-242.51,-219.082,-461.591
0.196441,507.861,406.502,914.363
0.19671,-389.097,-351.518,-740.615
0.19698,640.67,516.39,1157.06
0.19725,-132.174,-137.607,-269.781
0.19752,211.708,166.973,378.681
0.197791,202.915,163.882,366.797
0.198062,-38.132,-82.9802,-121.112
0.198333,272.343,261.871,534.213
0.198604,-243.134,-262.438,-505.572
0.198875,494.559,430.273,924.832
0.199147,-325.501,-318.671,-644.173
0.199419,309.148,276.827,585.974
0.199691,341.109,270.977,612.087
0.199964,-290.765,-280.039,-570.804
0.200236,176.799,133.916,310.714
0.200509,177.254,137.572,314.826
0.200782,206.361,128.627,334.988
0.201056,88.8178,41.2627,130.081
0.201329,221.713,180.433,402.147
0.201603,-310.141,-319.425,-629.567
0.201878,633.275,531.999,1165.27
0.202152,-614.722,-553.893,-1168.62
0.202427,736.695,602.788,1339.48
0.202702,45.4061,54.9049,100.311
0.202977,14.2021,-27.9675,-13.7655
0.203252,-68.7924,-54.2876,-123.08
0.203528,240.946,177.547,418.493
0.203804,-77.7969,-60.8378,-138.635
0.20408,337.116,231.189,568.304
0.204356,183.354,171.691,355.045
0.204633,17.0088,-39.6456,-22.6368
0.20491,184.705,185.533,370.238
0.205187,328.988,260.229,589.216
0.205465,36.1613,22.8398,59.0011
0.205742,127.053,59.664,186.717
0.20602,212.173,203.31,415.483
0.206299,-194.868,-207.937,-402.805
0.206577,279.772,262.696,542.468
0.206856,287.983,225.579,513.562
0.207135,-205.858,-218.479,-424.337
0.207414,389.183,325.798,714.981
0.207693,-365.67,-344.186,-709.855
0.207973,368.333,286.231,654.564
0.208253,317.351,283.734,601.085
0.208533,-259.918,-266.556,-526.474
0.208814,185.3,174.191,359.491
0.209095,292.531,226.568,519.099
0.209376,-40.0137,-74.8972,-114.911
0.209657,331.976,245.519,577.495
0.209938,81.4876,64.3976,145.885
0.21022,103.071,44.6095,147.681
0.210502,197.273,163.28,360.553
0.210784,-190.971,-213.69,-404.661
0.211067,587.578,493.246,1080.82
0.21135,-336.677,-326.007,-662.684
0.211633,396.199,343.626,739.825
0.211916,287.513,218.746,506.258
0.2122,-212.899,-197.699,-410.599
0.212483,485.711,389.955,875.666
0.212767,-380.612,-373.117,-753.729
0.213052,431.914,360.594,792.507
0.213336,-152.684,-138.367,-291.051
0.213621,503.655,406.135,909.79
0.213906,-410.121,-404.053,-814.174
0.214192,762.65,640.258,1402.91
0.214477,-550.646,-500.4,-1051.05
0.214763,999.134,820.35,1819.48
0.215049,-679.009,-571.278,-1250.29
0.215336,799.94,640.514,1440.45
0.215622,73.6298,61.5273,135.157
0.215909,-64.2989,-105.231,-169.53
0.216197,95.4918,97.8974,193.389
0.216484,-55.1248,-69.078,-124.203
0.216772,194.014,169.869,363.883
0.21706,212.25,143.567,355.817
0.217348,103.289,114.29,217.579
0.217636,-70.7772,-92.39,-163.167
0.217925,392.589,320.464,713.053
0.218214,-90.7608,-131.378,-222.139
0.218504,237.426,226.973,464.399
0.218793,137.798,53.17,190.968
0.219083,-523.269,-469.175,-992.444
0.219373,993.13,783.652,1776.78
0.219663,-414.541,-363.641,-778.182
0.219954,-68.4945,-99.2334,-167.728
0.220245,547.944,399.862,947.806
0.220536,252.574,169.818,422.392
0.220827,-151.707,-163.2,-314.907
0.221119,46.3829,-7.44785,38.935
0.221411,-190.632,-212.058,-402.689
0.221703,866.27,732.919,1599.19
0.221996,-152.134,-170.46,-322.594
0.222288,-553.404,-382.011,-935.415
0.222581,875.439,686.866,1562.31
0.222875,-714.462,-604.601,-1319.06
0.223168,768.161,559.795,1327.96
0.223462,-338.662,-355.363,-694.025
0.223756,672.116,861.732,1533.85
0.22405,-1209.32,-755.936,-1965.26
0.224345,892.251,753.245,1645.5
0.22464,-732.791,-695.769,-1428.56
0.224935,604.302,513.217,1117.52
0.22523,-852.596,-822.144,-1674.74
0.225526,823.623,729.372,1552.99
0.225822,-724.135,-640.145,-1364.28
0.226118,979.776,827.556,1807.33
0.226414,-733.835,-563.24,-1297.07
0.226711,1158.76,983.913,2142.67
0.227008,-807.531,-654.472,-1462
0.227305,889.887,740.462,1630.35
0.227603,-801.6,-642.024,-1443.62
0.227901,906.19,725.45,1631.64
0.228199,-720.906,-553.112,-1274.02
0.228497,849.812,679.42,1529.23
0.228796,-784.893,-608.447,-1393.34
0.229095,915.706,731.219,1646.93
0.229394,-704.606,-542.896,-1247.5
0.229693,833.203,659.515,1492.72
0.229993,-665.741,-542.482,-1208.22
0.230293,787.865,601.315,1389.18
0.230593,-730.226,-562.37,-1292.6
0.230894,927.074,733.357,1660.43
0.231195,-792.559,-662.949,-1455.51
0.231496,748.641,591.89,1340.53
0.231797,-723.283,-561.938,-1285.22
0.232099,902.245,720.257,1622.5
0.232401,-738.076,-628.644,-1366.72
0.232703,810.817,643.686,1454.5
0.233005,-778.717,-631.375,-1410.09
0.233308,939.067,764.829,1703.9
0.233611,-802.776,-678.036,-1480.81
0.233914,880.572,711.089,1591.66
0.234218,-746.177,-607.913,-1354.09
0.234522,799.838,653.743,1453.58
0.234826,-714.479,-614.351,-1328.83
0.23513,855.469,692.854,1548.32
0.235435,-736.843,-613.329,-1350.17
0.23574,821.833,682.502,1504.33
0.236045,1200.06,1073.53,2273.59
0.236351,733.414,882.867,1616.28
0.236656,534.551,604.206,1138.76
0.236962,474.596,452.847,927.443
0.237269,246.997,-7.84213,239.155
0.237575,-153.85,-49.7776,-203.627
0.237882,639.347,360.288,999.635
0.238189,-53.5999,72.6973,19.0974
0.238497,-309.647,-470.877,-780.525
0.238805,664.357,670.334,1334.69
0.239113,-529.017,-601.754,-1130.77
0.239421,608.074,599.538,1207.61
0.239729,-511.866,-414.917,-926.783
0.240038,504.494,487.993,992.487
0.240347,-141.871,-173.93,-315.801
0.240657,538.15,544.902,1083.05
0.240967,-517.957,-457.231,-975.187
0.241277,438.721,406.796,845.518
0.241587,391.586,300.904,692.49
0.241897,-494.25,-368.079,-862.329
0.242208,316.444,272.989,589.433
0.242519,387.548,409.102,796.65
0.242831,-378.627,-401.312,-779.939
0.243142,446.184,463.591,909.776
0.243454,538.312,450.762,989.074
0.243766,-631.226,-523.483,-1154.71
0.244079,11.134,-7.42413,3.7099
0.244392,215.087,240.715,455.801
0.244705,-185.941,-225.223,-411.164
0.245018,449.949,432.217,882.166
0.245332,-322.717,-284.254,-606.971
0.245646,452.008,427.31,879.318
0.24596,-99.2613,-84.4359,-183.697
0.246275,278.499,258.435,536.934
0.246589,-181.386,-171.997,-353.383
0.246904,251.915,257.279,509.194
0.24722,-64.1445,-91.5253,-155.67
0.247535,461.225,446.159,907.384
0.247851,-563.777,-511.766,-1075.54
0.248168,205.197,222.719,427.916
0.248484,23.0406,1.79113,24.8317
0.248801,487.266,461.147,948.412
0.249118,-512.928,-472.16,-985.089
0.249435,-82.0946,-22.9173,-105.012
0.249753,-97.8858,-135.591,-233.476
0.250071,433.451,390.495,823.946
0.250389,-308.597,-322.005,-630.603
0.250708,-100.482,-53.4475,-153.929
0.251027,39.4053,-7.04308,32.3622
0.251346,-488.836,-372.199,-861.035
0.251665,551.761,460.544,1012.31
0.251985,-447.895,-353.359,-801.254
0.252305,222.599,175.338,397.937
0.252625,161.959,186.701,348.659
0.252946,-462.958,-463.974,-926.931
0.253267,75.6289,91.4767,167.106
0.253588,525.056,440.078,965.135
0.253909,-104.184,-49.9456,-154.13
0.254231,265.286,202.229,467.515
0.254553,-318.619,-266.147,-584.765
0.254875,351.733,263.616,615.35
0.255198,-162.63,-102.474,-265.103
0.255521,511.895,415.763,927.658
0.255844,-617.791,-496.536,-1114.33
0.256167,593.872,488.392,1082.26
0.256491,-169.37,-106.412,-275.782
0.256815,383.587,310.953,694.54
0.25714,-352.758,-316.305,-669.063
0.257464,463.032,389.593,852.624
0.257789,86.0189,137.526,223.545
0.258115,19.5548,-4.49928,15.0556
0.25844,35.1449,22.5655,57.7103
0.258766,390.22,313.24,703.46
0.259092,-379.819,-307.014,-686.833
0.259419,281.902,227.026,508.929
0.259745,61.8898,79.9814,141.871
0.260072,-34.8736,-65.9229,-100.796
0.2604,51.0953,111.292,162.387
0.260727,-37.8614,-77.2289,-115.09
0.261055,184.787,184.34,369.127
0.261384,68.9479,-0.607543,68.3403
0.261712,-90.1695,-2.1521,-92.3216
0.262041,125.494,43.6099,169.104
0.26237,86.9572,92.3569,179.314
0.262699,160.035,90.7483,250.783
0.263029,47.3625,58.5409,105.903
0.263359,13.5148,-36.4283,-22.9135
0.26369,192.447,225.96,418.407
0.26402,-160.258,-212.729,-372.986
0.264351,387.383,395.232,782.615
0.264682,-230.669,-260.435,-491.104
0.265014,218.47,256.735,475.205
0.265346,-215.088,-235.202,-450.29
0.265678,429.942,425.912,855.854
0.26601,-349.028,-351.526,-700.554
0.266343,243.907,238.563,482.47
0.266676,-213.089,-219.762,-432.851
0.267009,459.905,439.67,899.575
0.267343,-392.781,-386.5,-779.281
0.267677,279.887,266.531,546.419
0.268011,-192.337,-213.064,-405.401
0.268346,484.05,477.221,961.272
0.268681,-318.685,-321.745,-640.431
0.269016,262.543,258.81,521.353
0.269351,-157.678,-195.027,-352.705
0.269687,375.238,341.253,716.491
0.270023,-275.968,-283.601,-559.569
0.270359,344.312,321.542,665.854
0.270696,-225.973,-241.885,-467.857
0.271033,452.15,417.047,869.196
0.27137,-318.36,-320.422,-638.782
0.271708,484.717,436.141,920.858
0.272046,-308.838,-304.524,-613.362
0.272384,386.94,369.976,756.916
0.272723,-354.841,-354.83,-709.671
0.273062,389.096,368.619,757.716
0.273401,-194.19,-211.138,-405.328
0.27374,352.935,347.708,700.643
0.27408,-273.565,-300.332,-573.897
0.27442,278.309,266.922,545.23
0.27476,-257.573,-275.516,-533.089
0.275101,424.634,382.445,807.079
0.275442,-255.728,-249.704,-505.432
0.275783,310.958,294.999,605.957
0.276125,-233.945,-262.772,-496.717
0.276467,216.882,231.085,447.967
0.276809,-119.933,-151.673,-271.606
0.277152,244.526,255.222,499.748
0.277495,-223.691,-260.554,-484.245
0.277838,450.825,434.168,884.993
0.278181,-314.583,-330.923,-645.506
0.278525,554.743,500.299,1055.04
0.278869,-428.916,-430.81,-859.726
0.279214,511.897,478.478,990.375
0.279558,-438.59,-428.562,-867.152
0.279903,595.35,553.613,1148.96
0.280249,-433.961,-431.385,-865.346
0.280594,471.894,449.696,921.59
0.28094,-297.127,-295.058,-592.185
0.281287,389.127,380.436,769.563
0.281633,-311.619,-301.253,-612.872
0.28198,318.533,308.822,627.355
0.282328,-132.337,-177.602,-309.939
0.282675,354.504,351.02,705.524
0.283023,-300.526,-324.858,-625.384
0.283371,387.827,363.869,751.696
0.28372,-201.216,-231.845,-433.061
0.284069,495.841,464.104,959.945
0.284418,-360.045,-357.285,-717.331
0.284767,350.571,322.539,673.11
0.285117,-212.233,-237.521,-449.754
0.285467,400.349,365.263,765.611
0.285818,-286.868,-297.072,-583.94
0.286168,309.606,310.792,620.398
0.286519,-312.601,-323.812,-636.413
0.286871,494.591,451.68,946.271
0.287222,-349.212,-353.083,-702.295
0.287574,376.447,341.242,717.689
0.287927,-265.432,-268.946,-534.377
0.288279,428.784,394.69,823.473
0.288632,-278.016,-277.733,-555.749
0.288986,305.179,290.688,595.867
0.289339,-214.147,-240.47,-454.617
0.289693,413.324,386.01,799.334
0.290048,-240.926,-267.696,-508.622
0.290402,242.645,220.002,462.648
0.290757,-257.992,-260.992,-518.984
0.291112,278.318,439.481,717.798
0.291468,-570.687,-310.211,-880.898
0.291824,36.0277,226.807,262.835
0.29218,-60.6866,-48.8936,-109.58
0.292536,596.323,340.803,937.126
0.292893,113.942,2.86024,116.802
0.293251,307.097,281.653,588.75
0.293608,-715.996,-633.392,-1349.39
0.293966,535.434,508.636,1044.07
0.294324,-455.349,-512.065,-967.414
0.294682,529.603,560.921,1090.52
0.295041,-228.045,-284.569,-512.614
0.2954,462.67,493.788,956.457
0.29576,-267.211,-310.569,-577.781
0.29612,391.149,421.002,812.151
0.29648,-325.591,-358.93,-684.521
0.29684,423.94,438.617,862.557
0.297201,-219.253,-258.837,-478.091
0.297562,402.365,428.778,831.143
0.297923,-339.656,-361.063,-700.719
0.298285,450.209,477.871,928.08
0.298647,-419.692,-441.261,-860.953
0.29901,483.043,522.42,1005.46
0.299372,-412.211,-415.37,-827.581
0.299735,479.378,509.28,988.659
0.300099,-518.825,-494.763,-1013.59
0.300463,627.221,625.889,1253.11
0.300827,-413.534,-422.286,-835.82
0.301191,533.927,540.046,1073.97
0.301556,-430.061,-421.75,-851.811
0.301921,823.507,599.929,1423.44
0.302286,-522.187,-384.41,-906.597
0.302652,606.672,696.752,1303.42
0.303018,622.576,471.098,1093.67
0.303384,-210.455,-166.679,-377.135
0.303751,695.868,514.675,1210.54
0.304118,-445.686,-446.183,-891.869
0.304485,610.969,432.981,1043.95
0.304853,-173.452,-188.563,-362.015
0.305221,564.72,376.082,940.802
0.30559,-445.544,-418.41,-863.954
0.305958,585.992,481.379,1067.37
0.306327,-553.123,-447.838,-1000.96
0.306697,479.74,348.164,827.905
0.307067,-296.954,-284.297,-581.251
0.307437,454.767,412.934,867.7
0.307807,-577.52,-446.805,-1024.33
0.308178,586.127,506.502,1092.63
0.308549,-131.912,-161.376,-293.288
0.30892,524.191,494.493,1018.68
0.309292,-543.214,-511.158,-1054.37
0.309664,481.869,476.655,958.524
0.310036,-570.139,-497.975,-1068.11
0.310409,537.23,510.784,1048.01
0.310782,4.98801,-74.9182,-69.9302
0.311156,508.89,466.978,975.868
0.31153,-632.62,-546.819,-1179.44
0.311904,591.524,529.8,1121.32
0.312278,-604.792,-531.626,-1136.42
0.312653,579.557,526.804,1106.36
0.313028,-247.461,-289.273,-536.734
0.313404,612.246,551.35,1163.6
0.313779,-703.513,-611.14,-1314.65
0.314155,616.606,542.462,1159.07
0.314532,352.326,254.171,606.497
0.314909,-857.283,-664.264,-1521.55
0.315286,827.187,647.278,1474.46
0.315664,298.25,297.371,595.621
0.316041,-693.083,-580.035,-1273.12
0.31642,614.691,530.739,1145.43
0.316798,472.933,362.633,835.566
0.317177,-872.287,-689.919,-1562.21
0.317556,755.23,597.693,1352.92
0.317936,379.343,362.328,741.671
0.318316,-701.694,-631.173,-1332.87
0.318696,632.528,571.328,1203.86
0.319077,-26.4182,-45.3443,-71.7624
0.319458,281.01,233.455,514.465
0.319839,-771.12,-605.829,-1376.95
0.320221,701.111,610.53,1311.64
0.320603,-678.89,-576.373,-1255.26
0.320985,749.718,607.029,1356.75
0.321368,-471.651,-448.527,-920.179
0.321751,736.086,637.765,1373.85
0.322134,-725.67,-624.002,-1349.67
0.322518,727.683,621.588,1349.27
0.322902,766.526,628.652,1395.18
0.323287,-741.804,-510.642,-1252.45
0.323672,241.495,177.852,419.347
0.324057,-266.129,-211.368,-477.497
0.324442,475.301,387.097,862.398
0.324828,-395.559,-358.925,-754.484
0.325214,391.169,305.411,696.58
0.325601,250.754,239.288,490.042
0.325988,87.9154,36.8282,124.744
0.326375,231.659,194.148,425.808
0.326763,-209.362,-240.556,-449.918
0.327151,257.384,239.881,497.265
0.327539,165.135,127.892,293.026
0.327928,-534.398,-465.227,-999.625
0.328317,455.901,375.401,831.303
0.328706,256.5,214.959,471.459
0.329096,-662.7,-571.4,-1234.1
0.329486,362.514,323.891,686.404
0.329876,405.93,318.22,724.15
0.330267,50.8092,52.7431,103.552
0.330658,-269.841,-285.893,-555.734
0.33105,341.271,292.365,633.636
0.331442,120.085,75.7983,195.883
0.331834,52.9538,49.2953,102.249
0.332226,-252.502,-276.164,-528.666
0.332619,587.223,486.002,1073.22
0.333013,-249.989,-269.552,-519.541
0.333406,548.726,469.458,1018.18
0.3338,-412.474,-400.401,-812.875
0.334195,680.355,571.828,1252.18
0.334589,-373.801,-391.116,-764.917
0.334984,425.714,378.165,803.879
0.33538,-274.07,-280.494,-554.564
0.335776,643.203,554.208,1197.41
0.336172,-426.01,-401.541,-827.551
0.336568,429.693,395.553,825.246
0.336965,-337.925,-340.481,-678.406
0.337362,598.558,534.818,1133.38
0.33776,-369.866,-369.012,-738.878
0.338158,282.321,254.556,536.877
0.338556,-223.495,-238.155,-461.65
0.338955,800.735,696.818,1497.55
0.339354,-546.782,-493.297,-1040.08
0.339753,316.432,278.444,594.876
0.340153,-346.109,-329.315,-675.424
0.340553,624.999,552.283,1177.28
0.340954,-418.009,-418.502,-836.511
0.341355,410.06,337.533,747.593
0.341756,-276.573,-273.077,-549.65
0.342158,808.047,698.009,1506.06
0.34256,-598.185,-546.484,-1144.67
0.342962,321.249,256.723,577.973
0.343365,-317.444,-311.295,-628.739
0.343768,854.205,729.807,1584.01
0.344171,-548.175,-510.291,-1058.47
0.344575,288.93,234.1,523.03
0.344979,-266.735,-276.3,-543.034
0.345384,844.51,702.822,1547.33
0.345788,-609.998,-557.04,-1167.04
0.346194,244.99,201.704,446.694
0.346599,-412.517,-383.027,-795.543
0.347005,1104.18,916.044,2020.23
0.347412,-631.717,-567.925,-1199.64
0.347818,604.719,504.542,1109.26
0.348226,-433.726,-398.794,-832.52
0.348633,662.739,551.605,1214.34
0.349041,-427.676,-400.381,-828.057
0.349449,641.366,546.857,1188.22
0.349858,-322.927,-302.963,-625.89
0.350267,628.741,510.275,1139.02
0.350676,-434.713,-411.968,-846.68
0.351086,654.788,550.062,1204.85
0.351496,-313.774,-318.152,-631.926
0.351906,584.108,487.162,1071.27
0.352317,-292.279,-294.664,-586.944
0.352728,518.42,446.62,965.041
0.35314,-337.478,-313.386,-650.864
0.353552,653.731,552.892,1206.62
0.353964,-480.969,-441.891,-922.861
0.354377,718.419,605.971,1324.39
0.35479,-584.32,-537.513,-1121.83
0.355203,574.968,472.253,1047.22
0.355617,-388.12,-374.022,-762.142
0.356031,507.784,409.967,917.751
0.356446,-348.471,-312.347,-660.818
0.356861,668.587,556.012,1224.6
0.357276,-476.122,-425.519,-901.64
0.357692,578.623,460.829,1039.45
0.358108,-184.62,-204.717,-389.337
0.358524,455.97,376.085,832.055
0.358941,-288.755,-265.468,-554.223
0.359358,-592.841,-459.508,-1052.35
0.359776,-662.821,-558.229,-1221.05
0.360194,508.111,456.8,964.911
0.360612,-798.021,-711.178,-1509.2
0.361031,904.962,710.849,1615.81
0.36145,-486.708,-418.978,-905.686
0.36187,571.253,554.649,1125.9
0.36229,-700.581,-605.299,-1305.88
0.36271,692.203,605.033,1297.24
0.36313,-716.345,-610.653,-1327
0.363552,776.261,644.387,1420.65
0.363973,-897.666,-741.334,-1639
0.364395,942.725,785.581,1728.31
0.364817,-824.228,-729.528,-1553.76
0.365239,851.939,716.522,1568.46
0.365662,-904.996,-748.06,-1653.06
0.366086,1055.57,878.848,1934.42
0.366509,-1020.61,-843.808,-1864.42
0.366934,920.79,748.942,1669.73
0.367358,-759.357,-631.249,-1390.61
0.367783,915.471,738.247,1653.72
0.368208,-814.493,-673.568,-1488.06
0.368634,1050.91,817.612,1868.53
0.36906,-1030.41,-835.165,-1865.57
0.369486,1091.74,884.433,1976.18
0.369913,-922.829,-775.759,-1698.59
0.37034,930.763,746.216,1676.98
0.370768,-860.781,-673.355,-1534.14
0.371196,1020.57,799.45,1820.02
0.371624,-775.113,-647.542,-1422.65
0.372053,841.295,675.929,1517.22
0.372482,-748.757,-602.383,-1351.14
0.372912,957.749,766.113,1723.86
0.373342,-1002.39,-807.946,-1810.34
0.373772,1083.56,861.838,1945.4
0.374203,-893.831,-725.284,-1619.11
0.374634,961.424,750.578,1712
0.375065,-947.959,-755.137,-1703.1
0.375497,1108.4,882.26,1990.66
0.375929,-917.783,-748.189,-1665.97
0.376362,1135.93,882.898,2018.83
0.376795,-1054.87,-813.222,-1868.09
0.377228,1206.13,962.645,2168.77
0.377662,-873.29,-706.429,-1579.72
0.378096,1106.06,872.245,1978.3
0.378531,-999.02,-790.32,-1789.34
0.378966,1059.4,850.731,1910.13
0.379402,-801.434,-649.855,-1451.29
0.379837,1005.19,816.056,1821.25
0.380274,-909.131,-706.665,-1615.8
0.38071,1073.18,855.567,1928.75
0.381147,-724.964,-575.919,-1300.88
0.381585,1007.61,767.864,1775.48
0.382022,-821.689,-647.513,-1469.2
0.382461,963.009,736.522,1699.53
0.382899,-815.571,-642.551,-1458.12
0.383338,1143.33,891.01,2034.34
0.383778,-912.878,-715.723,-1628.6
0.384217,1089.58,835.799,1925.38
0.384658,-770.484,-584.982,-1355.47
0.385098,942.032,727.547,1669.58
0.385539,-759.224,-623.364,-1382.59
0.385981,1161.99,893.749,2055.74
0.386422,-775.956,-630.09,-1406.05
0.386865,1070.45,823.484,1893.94
0.387307,-902.174,-718.435,-1620.61
0.38775,1102.45,854.022,1956.47
0.388194,-889.439,-705.123,-1594.56
0.388637,1104.21,849.084,1953.3
0.389082,-736.265,-578.589,-1314.85
0.389526,1000.72,778.316,1779.03
0.389971,-789.663,-618.612,-1408.28
0.390417,926.913,722.323,1649.24
0.390863,-856.111,-643.902,-1500.01
0.391309,979.979,765.805,1745.78
0.391755,-737.342,-612.143,-1349.49
0.392203,915.503,735.124,1650.63
0.39265,-717.897,-593.336,-1311.23
0.393098,926.842,742.186,1669.03
0.393546,-628.347,-516.847,-1145.19
0.393995,902.086,712.794,1614.88
0.394444,-646.285,-545.974,-1192.26
0.394893,850.907,681.202,1532.11
0.395343,-668.484,-563.762,-1232.25
0.395794,889.868,711.34,1601.21
0.396244,-747.803,-620.891,-1368.69
0.396695,945.627,760.346,1705.97
0.397147,-700.994,-578.322,-1279.32
0.397599,893.419,732.511,1625.93
0.398051,-760.261,-613.996,-1374.26
0.398504,964.477,752.237,1716.71
0.398957,-700.317,-573.645,-1273.96
0.399411,1022.85,772.915,1795.77
0.399865,-666.156,-550.929,-1217.09
0.400319,982.792,773.685,1756.48
0.400774,-804.281,-650.1,-1454.38
0.401229,1078.78,836.982,1915.76
0.401685,-781.426,-649.199,-1430.63
0.402141,1013.48,821.757,1835.24
0.402598,-783.159,-623.988,-1407.15
0.403055,1016.71,795.356,1812.07
0.403512,-683.986,-556.795,-1240.78
0.40397,950.969,747.156,1698.12
0.404428,-732.34,-618.129,-1350.47
0.404886,898.39,735.743,1634.13
0.405345,-762.71,-622.664,-1385.37
0.405805,1058.6,830.799,1889.4
0.406265,-801.729,-665.195,-1466.92
0.406725,937.675,745.87,1683.55
0.407185,-762.831,-605.66,-1368.49
0.407646,966.539,772.877,1739.42
0.408108,-763.03,-644.473,-1407.5
0.40857,1016.53,812.714,1829.24
0.409032,-765.998,-628.18,-1394.18
0.409495,952.315,759.591,1711.91
0.409958,-734.003,-614.347,-1348.35
0.410422,997.726,797.873,1795.6
0.410886,-773.413,-640.624,-1414.04
0.41135,782.066,649.075,1431.14
0.411815,-1036.78,-831.279,-1868.06
0.41228,1085.74,867.947,1953.68
0.412746,-888.726,-742.444,-1631.17
0.413212,1106.82,869.531,1976.35
0.413679,1239.91,955.517,2195.43
0.414146,-746.858,-644.18,-1391.04
0.414613,725.546,573.302,1298.85
0.415081,-649.902,-515.655,-1165.56
0.415549,659.49,548.729,1208.22
0.416018,-631.539,-434.595,-1066.13
0.416487,669.006,591.183,1260.19
0.416957,-921.249,-679.723,-1600.97
0.417427,953.268,778.315,1731.58
0.417897,-854.813,-643.5,-1498.31
0.418368,981.191,825.138,1806.33
0.418839,-806.51,-629.653,-1436.16
0.419311,1004.38,810.197,1814.57
0.419783,-950.303,-715.916,-1666.22
0.420255,1153.85,951.635,2105.48
0.420728,-984.28,-749.11,-1733.39
0.421202,975.634,748.222,1723.86
0.421675,-848.093,-657.419,-1505.51
0.42215,1013.25,803.939,1817.19
0.422624,-897.435,-676.625,-1574.06
0.4231,893.024,695.925,1588.95
0.423575,-716.072,-540.088,-1256.16
0.424051,1031.52,761.608,1793.13
0.424527,-920.233,-733.388,-1653.62
0.425004,800.177,610.366,1410.54
0.425482,-702.423,-538.337,-1240.76
0.425959,1034.35,788.138,1822.49
0.426437,-900.157,-689.23,-1589.39
0.426916,898.893,685.696,1584.59
0.427395,-787.106,-606.468,-1393.57
0.427874,993.133,768.608,1761.74
0.428354,-982.012,-748.155,-1730.17
0.428835,1056.76,808.321,1865.09
0.429315,-902.216,-687.287,-1589.5
0.429797,1131.19,864.502,1995.69
0.430278,-1031.69,-794.866,-1826.55
0.43076,1094.81,844.258,1939.07
0.431243,-842.514,-685.348,-1527.86
0.431726,1041.98,800.97,1842.95
0.432209,-995.53,-768.711,-1764.24
0.432693,1128.13,873.504,2001.63
0.433177,-961.031,-758.406,-1719.44
0.433662,1191.99,922.486,2114.47
0.434147,-1005.49,-789.147,-1794.64
0.434633,1145.28,893.761,2039.05
0.435119,-997.708,-798.274,-1795.98
0.435605,1084.39,842.224,1926.61
0.436092,-964.838,-769.324,-1734.16
0.436579,1156.12,912.477,2068.6
0.437067,-924.254,-741.876,-1666.13
0.437556,1176.2,930.781,2106.98
0.438044,-1002.18,-805.778,-1807.96
0.438533,1134.17,899.417,2033.59
0.439023,-608.575,-532.657,-1141.23
0.439513,1108.13,845.622,1953.75
0.440003,-837.982,-676.569,-1514.55
0.440494,1050.62,857.687,1908.31
0.440986,-786.835,-652.493,-1439.33
0.441477,945.297,752.366,1697.66
0.44197,-825.116,-666.533,-1491.65
0.442462,1029.57,834.838,1864.41
0.442956,-893.374,-725.924,-1619.3
0.443449,1065.39,854.999,1920.39
0.443943,-829.81,-710.605,-1540.41
0.444438,1058.76,857.227,1915.99
0.444933,-873.022,-720.616,-1593.64
0.445428,995.769,774.993,1770.76
0.445924,-773.044,-646.85,-1419.89
0.44642,1024.92,848.675,1873.6
0.446917,-814.305,-668.259,-1482.56
0.447414,944.551,762.256,1706.81
0.447912,-328.737,-342.736,-671.472
0.44841,1039.31,848.134,1887.44
0.448908,-760.736,-598.568,-1359.3
0.449407,880.566,699.501,1580.07
0.449907,-705.674,-588.441,-1294.12
0.450407,825.701,681.786,1507.49
0.450907,-748.131,-574.743,-1322.87
0.451408,852.274,661.964,1514.24
0.451909,-677.258,-567.031,-1244.29
0.452411,796.738,665.754,1462.49
0.452913,-492.718,-450.848,-943.567
0.453416,866.731,707.165,1573.9
0.453919,-716.516,-587.861,-1304.38
0.454423,867.814,687.291,1555.11
0.454927,-642.473,-569.006,-1211.48
0.455431,953.679,773.249,1726.93
0.455936,-747.793,-626.172,-1373.97
0.456441,895.371,750.793,1646.16
0.456947,925.097,763.356,1688.45
0.457454,-1033.87,-799.405,-1833.27
0.45796,1268.16,949.809,2217.97
0.458468,-549.052,-500.869,-1049.92
0.458975,1249.21,1001.73,2250.93
0.459483,-844.269,-765.837,-1610.11
0.459992,1243.63,1003.82,2247.44
0.460501,-1073.08,-890.225,-1963.3
0.461011,1283.14,1051.31,2334.46
0.461521,-1071.14,-869.377,-1940.52
0.462031,1260.09,1047.77,2307.85
0.462542,-534.23,-392.095,-926.326
0.463053,-726.216,-589.451,-1315.67
0.463565,-754.348,-503.04,-1257.39
0.464078,-1166.67,-717.911,-1884.58
0.46459,-396.273,-174.882,-571.156
0.465104,-990.902,-816.065,-1806.97
0.465617,1164.87,1058.39,2223.26
0.466132,-1131.46,-907.811,-2039.27
0.466646,1254.76,1130.08,2384.84
0.467161,-1118.91,-934.373,-2053.28
0.467677,961.499,950.655,1912.15
0.468193,-697.92,-773.196,-1471.12
0.46871,597.126,604.618,1201.74
0.469227,-931.038,-822.461,-1753.5
0.469744,1045.77,1046.38,2092.15
0.470262,-744.274,-741.85,-1486.12
0.470781,940.759,873.776,1814.53
0.471299,-883.104,-793.806,-1676.91
0.471819,951.941,867.884,1819.82
0.472339,-1018.62,-850.474,-1869.09
0.472859,1135,1011.8,2146.8
0.47338,-943.692,-837.579,-1781.27
0.473901,967.803,885.066,1852.87
0.474423,-1132,-947.712,-2079.71
0.474945,1194.22,1047.77,2241.99
0.475468,-1078.17,-920.505,-1998.67
0.475991,1259.53,1095.62,2355.15
0.476514,-1071.68,-914.339,-1986.02
0.477038,1157.6,965.503,2123.11
0.477563,-1135.89,-926.804,-2062.7
0.478088,1247.78,1102.57,2350.35
0.478614,-977.266,-848.119,-1825.38
0.47914,88.2326,27.4119,115.645
0.479666,801.73,599.439,1401.17
0.480193,-568.828,-307.275,-876.103
0.480721,600.182,508.483,1108.67
0.481248,-245.832,-229.87,-475.702
0.481777,545.856,445.466,991.322
0.482306,-278.436,-236.138,-514.573
0.482835,628.179,505.549,1133.73
0.483365,-401.542,-309.282,-710.824
0.483895,607.436,462.96,1070.4
0.484426,-340.8,-276.212,-617.012
0.484957,577.822,451.813,1029.63
0.485489,-314.833,-235.125,-549.959
0.486021,512.537,378.982,891.519
0.486554,-502.787,-389.816,-892.603
0.487087,692.064,544.227,1236.29
0.487621,-434.99,-344.971,-779.961
0.488155,535.059,415.668,950.727
0.48869,-472.663,-361.546,-834.209
0.489225,746.694,584.531,1331.22
0.489761,-433.669,-343.105,-776.773
0.490297,556.277,397.874,954.15
0.490834,-548.465,-396.082,-944.547
0.491371,719.316,609.812,1329.13
0.491908,-361.447,-297.916,-659.363
0.492447,-380.618,-425.712,-806.33
0.492985,1019.74,684.149,1703.89
0.493524,861.574,573.121,1434.69
0.494064,738.816,581.658,1320.47
0.494604,-924.128,-690.036,-1614.16
0.495144,790.54,626.179,1416.72
0.495685,-915.266,-687.887,-1603.15
0.496227,837.729,688.989,1526.72
0.496769,-885.137,-715.259,-1600.4
0.497311,974.759,820.739,1795.5
0.497854,-766.692,-629.828,-1396.52
0.498398,844.352,708.123,1552.47
0.498942,-836.508,-673.032,-1509.54
0.499486,950.506,803.718,1754.22
0.500031,-733.059,-609.644,-1342.7
0.500577,945.449,803.994,1749.44
0.501123,-702.606,-620.422,-1323.03
0.501669,941.428,790.071,1731.5
0.502216,-909.206,-734.806,-1644.01
0.502764,1055.56,756.715,1812.27
0.503312,-521.657,-404.442,-926.099
0.50386,-169.302,-141.792,-311.093
0.504409,416.265,216.941,633.206
0.504959,22.8772,40.7031,63.5803
0.505509,435.302,275.443,710.745
0.506059,28.7003,28.925,57.6252
0.50661,-716.952,-627.333,-1344.28
0.507162,1124.29,1025.7,2150
0.507714,-1057.4,-806.589,-1863.99
0.508266,1120.05,1040.64,2160.69
0.508819,-793.359,-712.889,-1506.25
0.509372,1092.7,956.936,2049.63
0.509926,-877.646,-774.838,-1652.48
0.510481,1135.58,940.726,2076.3
0.511036,-841.054,-748.108,-1589.16
0.511591,1121.3,942.057,2063.36
0.512147,-869.072,-770.135,-1639.21
0.512704,256.267,151.001,407.268
0.513261,462.844,353.044,815.888
0.513818,-489.143,-395.716,-884.859
0.514376,496.498,446.807,943.305
0.514935,-227.375,-239.1,-466.474
0.515494,531.172,376.566,907.738
0.516053,-188.014,-177.835,-365.849
0.516614,-482.139,-431.024,-913.163
0.517174,929.974,631.553,1561.53
0.517735,186.39,119.849,306.239
0.518297,889.757,763.321,1653.08
0.518859,-1072.4,-839.318,-1911.72
0.519421,1257.75,1040.53,2298.28
0.519985,-989.528,-804.339,-1793.87
0.520548,1177.3,996.754,2174.05
0.521112,-908.509,-764.687,-1673.2
0.521677,1105.3,953.736,2059.03
0.522242,-858.008,-752.435,-1610.44
0.522808,1099.74,808.134,1907.87
0.523374,-405.05,-347.824,-752.875
0.523941,-215.918,-212.333,-428.252
0.524508,292.229,111.615,403.844
0.525076,859.964,715.639,1575.6
0.525644,220.17,189.7,409.87
0.526213,-590.658,-430.741,-1021.4
0.526782,663.601,540.054,1203.65
0.527352,-355.316,-277.579,-632.896
0.527922,462.697,378.966,841.664
0.528493,-459.026,-347.346,-806.372
0.529064,533.824,288.591,822.415
0.529636,883.659,740.291,1623.95
0.530208,171.223,170.011,341.235
0.530781,-470.931,-348.021,-818.951
0.531355,529.923,421.147,951.07
0.531929,-298.459,-237.62,-536.079
0.532503,-18.3802,-16.742,-35.1222
0.533078,-546.27,-427.871,-974.142
0.533654,435.035,108.914,543.948
0.53423,1107.96,862.78,1970.74
0.534806,816.517,626.307,1442.82
0.535384,-398.034,-302.737,-700.771
0.535961,614.139,475.57,1089.71
0.536539,-431.976,-339.663,-771.639
0.537118,647.227,511.311,1158.54
0.537697,-396.164,-320.279,-716.443
0.538277,675.99,535.576,1211.57
0.538857,-414.48,-338.489,-752.968
0.539438,545.809,457.466,1003.27
0.540019,-325.348,-269.531,-594.879
0.540601,644.876,522.951,1167.83
0.541183,-359.012,-302.757,-661.769
0.541766,534.196,425.14,959.335
0.54235,-352.79,-301.36,-654.15
0.542934,537.22,443.133,980.353
0.543518,-367.239,-292.333,-659.572
0.544103,528.253,436.437,964.69
0.544689,-148.887,-144.568,-293.456
0.545275,501.187,434.83,936.017
0.545861,-246.752,-221.165,-467.917
0.546449,461.752,396.388,858.14
0.547036,-238.525,-237.946,-476.47
0.547624,691.901,586.85,1278.75
0.548213,43.2752,-51.5937,-8.3185
0.548803,-1019,-806.795,-1825.79
0.549392,785.913,436.392,1222.31
0.549983,706.517,476.36,1182.88
0.550574,941.496,719.889,1661.39
0.551165,-763.965,-567.407,-1331.37
0.551757,848.762,679.815,1528.58
0.552349,-726.713,-539.971,-1266.68
0.552943,919.086,706.596,1625.68
0.553536,-703.666,-533.811,-1237.48
0.55413,883.031,714.979,1598.01
0.554725,-681.793,-537.608,-1219.4
0.55532,899.531,717.555,1617.09
0.555916,-696.252,-537.149,-1233.4
0.556512,908.46,718.557,1627.02
0.557109,860.457,703.048,1563.5
0.557706,506.845,528.029,1034.87
0.558304,690.469,574.667,1265.14
0.558903,179.377,156.777,336.154
0.559502,696.339,446.077,1142.42
0.560101,245.082,226.258,471.341
0.560701,284.326,219.96,504.286
0.561302,-8.40617,67.2854,58.8792
0.561903,15.7734,-24.5147,-8.74132
0.562505,-113.395,-52.2248,-165.62
0.563107,-119.336,-195.556,-314.892
0.56371,311.95,341.774,653.724
0.564313,-151.688,-181.406,-333.093
0.564917,395.97,365.339,761.309
0.565522,-190.803,-240.52,-431.323
0.566127,378.183,350.687,728.87
0.566732,-238.962,-253.424,-492.386
0.567338,477.228,412.251,889.48
0.567945,-289.678,-296.43,-586.109
0.568552,186.872,179.342,366.213
0.56916,-220.695,-231.213,-451.908
0.569768,432.978,411.1,844.078
0.570377,-435.609,-415.092,-850.701
0.570987,419.533,359.653,779.186
0.571597,-545.306,-438.161,-983.467
0.572207,849.172,655.069,1504.24
0.572818,-343.313,-410.742,-754.055
0.57343,680.805,486.706,1167.51
0.574042,748.396,658.139,1406.54
0.574655,475.743,375.182,850.925
0.575268,-621.078,-551.982,-1173.06
0.575882,807.244,666.262,1473.51
0.576497,-461.258,-405.521,-866.779
0.577112,919.66,717.463,1637.12
0.577727,-977.661,-737.92,-1715.58
0.578343,883.703,701.902,1585.61
0.57896,-910.094,-723.612,-1633.71
0.579577,963.26,777.282,1740.54
0.580195,-767.513,-610.537,-1378.05
0.580813,913.28,730.445,1643.72
0.581432,-721.767,-589.422,-1311.19
0.582052,887.005,720.237,1607.24
0.582672,-673.179,-557.449,-1230.63
0.583292,729.724,606.612,1336.34
0.583914,-572.118,-499.309,-1071.43
0.584535,815.852,663.36,1479.21
0.585158,-652.604,-555.488,-1208.09
0.585781,739.633,617.147,1356.78
0.586404,-551.24,-451.1,-1002.34
0.587028,744.347,610.806,1355.15
0.587653,-621.181,-511.397,-1132.58
0.588278,629.092,528.644,1157.74
0.588903,-495.925,-420.408,-916.334
0.58953,863.375,690.39,1553.76
0.590157,-625.736,-524.634,-1150.37
0.590784,635.933,519.993,1155.93
0.591412,-447.79,-374.421,-822.211
0.592041,916.282,743.922,1660.2
0.59267,-636.246,-516.664,-1152.91
0.593299,197.737,142.033,339.769
0.59393,-442.813,-383.902,-826.715
0.59456,877.543,703.337,1580.88
0.595192,-506.246,-438.659,-944.905
0.595824,928.446,741.75,1670.2
0.596456,-418.767,-336.525,-755.293
0.59709,382.539,305.996,688.535
0.597723,-479.004,-400.376,-879.38
0.598358,938.849,779.552,1718.4
0.598992,-340.29,-298.761,-639.051
0.599628,625.6,509.968,1135.57
0.600264,-461.704,-383.76,-845.464
0.600901,855.965,702.06,1558.02
0.601538,-477.049,-400.35,-877.399
0.602175,-191.679,-218.866,-410.545
0.602814,755.823,599.092,1354.92
0.603453,-320.376,-323.028,-643.404
0.604092,669.307,571.338,1240.65
0.604732,-367.727,-329.519,-697.246
0.605373,-150.882,-128.16,-279.042
0.606014,984.549,788.73,1773.28
0.606656,-629.023,-544.217,-1173.24
0.607298,40.7628,-22.3914,18.3714
0.607941,868.506,665.837,1534.34
0.608585,-300.763,-288.199,-588.962
0.609229,205.972,192.248,398.22
0.609874,-195.392,-223.877,-419.269
0.610519,883.748,709.058,1592.81
0.611165,-239.353,-251.9,-491.253
0.611812,168.037,163.303,331.34
0.612459,-94.942,-147.828,-242.77
0.613107,114.219,96.382,210.601
0.613755,-117.642,-143.414,-261.057
0.614404,707.076,564.474,1271.55
0.615053,-314.018,-303.356,-617.374
0.615703,12.2445,0.941248,13.1858
0.616354,251.089,169.838,420.927
0.617005,153.05,122.96,276.009
0.617657,262.489,199.676,462.165
0.618309,-400.602,-395.386,-795.987
0.618962,1025.09,795.644,1820.73
0.619616,-590.691,-522.248,-1112.94
0.62027,679.962,560.619,1240.58
0.620925,-553.093,-505.771,-1058.86
0.62158,890.058,731.095,1621.15
0.622236,-442.763,-404.978,-847.742
0.622893,-69.8609,-101.928,-171.789
0.62355,816.513,653.577,1470.09
0.624208,-391.858,-324.034,-715.893
0.624866,-38.5569,-61.3105,-99.8674
0.625525,673.591,577.997,1251.59
0.626185,-407.171,-379.652,-786.823
0.626845,624.69,540.858,1165.55
0.627506,-526.697,-454.307,-981.005
0.628167,958.201,776.717,1734.92
0.628829,-479.908,-449.077,-928.985
0.629492,-127.595,-145.19,-272.786
0.630155,814.638,632.997,1447.64
0.630819,-239.903,-240.344,-480.247
0.631483,-191.449,-197.509,-388.958
0.632148,908.348,734.256,1642.6
0.632813,-429.167,-408.051,-837.218
0.63348,55.5808,10.4789,66.0597
0.634146,583.345,488.895,1072.24
0.634814,-282.125,-275.967,-558.092
0.635482,437.554,351.892,789.446
0.636151,-41.6288,-49.8586,-91.4874
0.63682,163.58,104.703,268.284
0.63749,106.524,38.8291,145.353
0.63816,894.93,737.258,1632.19
0.638831,-325.243,-304.531,-629.773
0.639503,200.766,155.62,356.386
0.640175,189.781,135.911,325.691
0.640848,5.49996,-11.0915,-5.59152
0.641521,224.907,176.331,401.237
0.642196,374.728,321.493,696.221
0.64287,-26.794,-70.5137,-97.3077
0.643546,315.374,278.913,594.288
0.644222,14.9879,-48.9659,-33.978
0.644898,285.908,249.176,535.084
0.645575,75.2123,11.4032,86.6156
0.646253,265.206,231.395,496.601
0.646931,-42.8534,-79.4937,-122.347
0.647611,278.505,244.79,523.295
0.64829,198.972,119.42,318.392
0.64897,652.762,690.045,1342.81
0.649651,-625.683,-464.517,-1090.2
0.650333,576,514.689,1090.69
0.651015,-342.532,-312.662,-655.194
0.651698,633.348,526.796,1160.14
0.652381,-347.659,-321.361,-669.02
0.653065,396.67,353.814,750.484
0.65375,-216.819,-246.09,-462.908
0.654435,492.481,438.555,931.036
0.655121,-469.686,-421.56,-891.246
0.655807,613.101,502.792,1115.89
0.656494,-428.581,-373.175,-801.756
0.657182,698.879,571.739,1270.62
0.65787,-375.135,-303.529,-678.664
0.658559,627.411,524.166,1151.58
0.659249,-445.865,-376.563,-822.428
0.659939,708.779,556.237,1265.02
0.66063,-453.309,-381.857,-835.165
0.661321,664.342,509.27,1173.61
0.662014,-436.242,-356.623,-792.865
0.662706,829.966,628.339,1458.3
0.6634,-524.64,-427.224,-951.863
0.664094,713.5,555.907,1269.41
0.664788,-502.21,-404.5,-906.71
0.665484,841.561,643.059,1484.62
0.666179,-539.659,-426.023,-965.682
0.666876,782.766,599.858,1382.62
0.667573,-569.434,-445.527,-1014.96
0.668271,840.21,621.049,1461.26
0.668969,-520.398,-419.894,-940.292
0.669668,828.053,647.822,1475.87
0.670368,-688.95,-548.989,-1237.94
0.671068,961.419,714.594,1676.01
0.671769,-491.207,-399.298,-890.505
0.672471,784.79,603.614,1388.4
0.673173,-603.087,-483.29,-1086.38
0.673876,913.789,674.978,1588.77
0.67458,-540.707,-404.491,-945.197
0.675284,799.492,620.133,1419.63
0.675989,-581.423,-485.144,-1066.57
0.676694,910.84,696.502,1607.34
0.6774,-668.898,-529.125,-1198.02
0.678107,854.896,674.176,1529.07
0.678814,-654.403,-525.897,-1180.3
0.679522,921.743,684.73,1606.47
0.680231,-688.931,-527.618,-1216.55
0.68094,861.028,660.378,1521.41
0.68165,-649.038,-522.065,-1171.1
0.682361,896.228,667.013,1563.24
0.683072,-679.529,-529.946,-1209.47
0.683784,919.881,689.609,1609.49
0.684496,-612.166,-492.9,-1105.07
0.68521,845.474,656.671,1502.14
0.685923,-377.538,-333.39,-710.927
0.686638,-583.786,-487.924,-1071.71
0.687353,626.294,424.458,1050.75
0.688069,-537.438,-449.271,-986.709
0.688785,939.829,719.313,1659.14
0.689502,-577.877,-468.04,-1045.92
0.69022,962.989,722.588,1685.58
0.690938,-649.183,-536.816,-1186
0.691657,1064.22,827.268,1891.49
0.692377,-707.262,-563.845,-1271.11
0.693098,931.369,745.136,1676.5
0.693819,-708.986,-578.273,-1287.26
0.69454,1071.61,818.248,1889.86
0.695262,-722.616,-585.413,-1308.03
0.695985,1042.81,826.878,1869.69
0.696709,-760.333,-609.499,-1369.83
0.697433,980.33,778.053,1758.38
0.698158,-638.915,-555.957,-1194.87
0.698884,1070.01,835.829,1905.84
0.69961,-802.528,-666.957,-1469.48
0.700337,1041.22,821.569,1862.79
0.701065,-637.959,-549.95,-1187.91
0.701793,859.106,688.922,1548.03
0.702522,-440.231,-396.355,-836.586
0.703251,795.873,621.468,1417.34
0.703982,-410.445,-367.922,-778.368
0.704712,718.157,575.393,1293.55
0.705444,-332.712,-290.892,-623.604
0.706176,692.665,549.46,1242.13
0.706909,-601.827,-503.099,-1104.93
0.707643,883.604,693.465,1577.07
0.708377,-142.309,-117.544,-259.854
0.709112,340.13,285.12,625.249
0.709847,686.885,549.659,1236.54
0.710584,-443.56,-371.091,-814.651
0.71132,434.089,344.661,778.75
0.712058,-478.355,-436.435,-914.791
0.712796,495.833,404.593,900.426
0.713535,489.62,386.922,876.543
0.714275,-585.941,-501.942,-1087.88
0.715015,950.21,751.464,1701.67
0.715756,-651.217,-558.204,-1209.42
0.716498,820.429,643.532,1463.96
0.71724,26.8358,-34.6498,-7.814
0.717983,512.603,437.775,950.377
0.718726,-536.313,-456.076,-992.389
0.719471,729.992,569.331,1299.32
0.720216,-609.859,-519.412,-1129.27
0.720961,912.431,691.329,1603.76
0.721708,-285.189,-258.708,-543.896
0.722455,790.667,643.101,1433.77
0.723202,-620.502,-510.14,-1130.64
0.723951,849.377,652.779,1502.16
0.7247,-382.774,-369.721,-752.495
0.725449,795.936,608.371,1404.31
0.7262,-213.934,-205.008,-418.942
0.726951,492.93,388.295,881.224
0.727703,-424.227,-349.348,-773.575
0.728455,703.329,585.918,1289.25
0.729208,-699.114,-606.244,-1305.36
0.729962,875.345,704.059,1579.4
0.730717,-536.869,-491.793,-1028.66
0.731472,-70.6976,-58.7068,-129.404
0.732228,89.5661,42.7703,132.336
0.732984,-5.6465,70.1141,64.4676
0.733742,304.609,308.657,613.266
0.7345,-103.759,-65.4654,-169.224
0.735258,961.403,745.531,1706.93
0.736017,-1204.7,-853.309,-2058.01
0.736777,1322.12,1096.41,2418.53
0.737538,-1066.53,-817.554,-1884.09
0.7383,1250.42,1055.92,2306.34
0.739062,-976.081,-788.856,-1764.94
0.739824,1207.65,1003.1,2210.76
0.740588,-954.094,-772.092,-1726.19
0.741352,1288.65,1071.88,2360.53
0.742117,-1042.97,-802.868,-1845.84
0.742883,1136.93,969.701,2106.63
0.743649,-646.751,-511.924,-1158.67
0.744416,1197.28,1005.24,2202.52
0.745183,-906.014,-718.561,-1624.58
0.745952,1027.46,874.555,1902.01
0.746721,-767.333,-606.173,-1373.51
0.747491,1022.77,866.33,1889.1
0.748261,-952.284,-761.005,-1713.29
0.749032,1101.87,923.923,2025.8
0.749804,-965.509,-764.936,-1730.45
0.750577,1134.73,926.503,2061.23
0.75135,-487.43,-389.622,-877.052
0.752124,1133.1,942.585,2075.68
0.752898,-693.618,-548.119,-1241.74
0.753674,1047.53,883.662,1931.2
0.75445,-723.291,-587.881,-1311.17
0.755227,970.856,827.149,1798.01
0.756004,-759.082,-618.466,-1377.55
0.756782,952.57,810.783,1763.35
0.757561,-839.095,-655.223,-1494.32
0.758341,991.636,835.256,1826.89
0.759121,-845.841,-688.423,-1534.26
0.759902,1013.34,863.603,1876.94
0.760684,-896.067,-720.788,-1616.85
0.761466,987.275,839.927,1827.2
0.762249,-728.64,-594.471,-1323.11
0.763033,1091.87,883.936,1975.81
0.763818,-694.439,-561.322,-1255.76
0.764603,941.549,789.847,1731.4
0.765389,-784.873,-631.234,-1416.11
0.766176,920.878,762.564,1683.44
0.766963,-783.01,-629.731,-1412.74
0.767751,920.084,772.579,1692.66
0.76854,-330.719,-298.424,-629.143
0.76933,920.869,755.733,1676.6
0.77012,-553.532,-456.69,-1010.22
0.770911,855.518,679.18,1534.7
0.771703,-568.37,-473.876,-1042.25
0.772495,780.027,634.334,1414.36
0.773289,-682.304,-548.126,-1230.43
0.774082,875.002,728.295,1603.3
0.774877,-684.027,-563.114,-1247.14
0.775672,811.296,660.235,1471.53
0.776469,-705.246,-558.987,-1264.23
0.777265,815.061,688.989,1504.05
0.778063,-733.335,-601.107,-1334.44
0.778861,913.295,749.124,1662.42
0.77966,788.219,674.529,1462.75
0.78046,-296.921,-308.268,-605.188
0.78126,750.315,637.103,1387.42
0.782061,-335.173,-307.126,-642.299
0.782863,640.082,542.74,1182.82
0.783666,-484.577,-373.341,-857.917
0.784469,734.684,613.7,1348.38
0.785273,1388.09,1267.99,2656.08
0.786078,-319.37,-94.085,-413.455
0.786883,453.676,598.702,1052.38
0.78769,146.344,150.817,297.161
0.788497,430.333,415.173,845.506
0.789304,-477.744,-337.589,-815.333
0.790113,811.028,614.262,1425.29
0.790922,-666.675,-537.202,-1203.88
0.791732,724.429,607.639,1332.07
0.792543,-740.832,-534.037,-1274.87
0.793354,827.273,671.314,1498.59
0.794166,-789.31,-568.224,-1357.53
0.794979,828.792,679.98,1508.77
0.795793,-714.141,-535.057,-1249.2
0.796607,735.718,588.032,1323.75
0.797422,-886.174,-660.818,-1546.99
0.798238,811.69,653.597,1465.29
0.799055,473.405,439.811,913.216
0.799872,-529.165,-433.707,-962.872
0.80069,477.808,425.25,903.058
0.801509,-418.868,-337.961,-756.829
0.802328,473.097,434.036,907.133
0.803149,-562.431,-431.031,-993.462
0.80397,603.999,538.886,1142.88
0.804791,-459.48,-396.701,-856.181
0.805614,502.455,442.586,945.04
0.806437,-554.146,-454.786,-1008.93
0.807261,616.905,532.245,1149.15
0.808086,363.913,310.176,674.088
0.808912,-877.654,-632.483,-1510.14
0.809738,973.568,737.068,1710.64
0.810565,-794.21,-619.003,-1413.21
0.811393,1063.32,849.941,1913.26
0.812221,-939.255,-722.174,-1661.43
0.813051,1057.82,816.205,1874.02
0.813881,-579.159,-448.89,-1028.05
0.814711,1024.29,831.356,1855.64
0.815543,-919.729,-690.949,-1610.68
0.816375,1047.35,839.609,1886.96
0.817208,-918.641,-722.328,-1640.97
0.818042,892.538,714.805,1607.34
0.818877,840.031,692.352,1532.38
0.819712,-368.975,-254.836,-623.811
0.820548,495.917,378.956,874.872
0.821385,-473.975,-338.028,-812.003
0.822223,526.278,388.45,914.728
0.823061,-432.344,-306.153,-738.497
0.8239,527.553,404.169,931.722
0.82474,-542.32,-409.061,-951.381
0.825581,545.584,417.328,962.913
0.826422,-431.534,-346.16,-777.694
0.827264,472.327,369.088,841.415
0.828107,-197.662,-149.674,-347.336
0.828951,402.439,319.852,722.291
0.829796,-301.696,-254.749,-556.445
0.830641,575.064,475.315,1050.38
0.831487,833.234,686.121,1519.36
0.832334,-804.806,-671.025,-1475.83
0.833181,1042.98,866.623,1909.6
0.83403,-975.877,-820.029,-1795.91
0.834879,910.969,760.417,1671.39
0.835729,-710.173,-617.49,-1327.66
0.836579,1181.02,984.962,2165.98
0.837431,-897.075,-741.97,-1639.05
0.838283,973.877,780.54,1754.42
0.839136,-1029.99,-849.677,-1879.66
0.83999,1180.43,972.329,2152.76
0.840844,-645.333,-563.064,-1208.4
0.8417,1076.28,871.824,1948.1
0.842556,-957.101,-790.825,-1747.93
0.843413,1179.74,950.62,2130.36
0.84427,-905.044,-767.168,-1672.21
0.845129,1096.49,910.993,2007.48
0.845988,-911.983,-721.17,-1633.15
0.846848,920.928,740.047,1660.98
0.847709,84.1575,40.7833,124.941
0.84857,-358.023,-262.69,-620.713
0.849432,444.754,332.294,777.048
0.850296,-411.895,-319.351,-731.246
0.85116,655.392,521.728,1177.12
0.852024,897.941,739.116,1637.06
0.85289,-552.882,-487.513,-1040.4
0.853756,848.653,739.249,1587.9
0.854623,-571.271,-486.04,-1057.31
0.855491,816.519,681.48,1498
0.856359,-774.506,-646.267,-1420.77
0.857229,912.322,767.51,1679.83
0.858099,-559.5,-499.048,-1058.55
0.85897,831.631,699.266,1530.9
0.859842,-510.039,-447.014,-957.054
0.860714,808.702,676.768,1485.47
0.861588,-703.2,-572.106,-1275.31
0.862462,940.765,777.657,1718.42
0.863337,-508.475,-448.542,-957.016
0.864213,707.793,591.96,1299.75
0.865089,-54.0752,-38.5774,-92.6526
0.865967,848.145,719.38,1567.53
0.866845,-695.681,-537.35,-1233.03
0.867724,704.24,620.675,1324.91
0.868604,-825.427,-614.008,-1439.44
0.869484,846.119,703.36,1549.48
0.870365,141.796,125.984,267.78
0.871248,-404.718,-386.456,-791.174
0.872131,640.316,557.499,1197.82
0.873014,494.308,414.033,908.341
0.873899,-594.503,-523.274,-1117.78
0.874784,863.153,725.102,1588.25
0.87567,-429.232,-400.985,-830.217
0.876557,787.741,685.505,1473.25
0.877445,-590.383,-490.366,-1080.75
0.878334,676.402,593.799,1270.2
0.879223,435.571,363.467,799.038
0.880113,-205.264,-171.045,-376.309
0.881004,283.364,283.628,566.991
0.881896,467.698,430.256,897.954
0.882789,-571.158,-511.616,-1082.77
0.883682,765.434,669.526,1434.96
0.884576,503.975,411.564,915.539
0.885472,-221.915,-136.616,-358.531
0.886367,-223.866,-224.002,-447.868
0.887264,244.486,211.509,455.995
0.888162,300.438,260.621,561.059
0.88906,-76.8386,-80.2557,-157.094
0.889959,5.86819,-11.7579,-5.88967
0.890859,619.699,510.802,1130.5
0.89176,-579.269,-499.801,-1079.07
0.892661,675.09,586.056,1261.15
0.893564,-119.199,-131.304,-250.503
0.894467,693.108,579.135,1272.24
0.895371,-714.207,-536.145,-1250.35
0.896276,-51.7216,-69.6808,-121.402
0.897182,157.768,125.225,282.993
0.898088,479.864,439.073,918.937
0.898996,202.005,164.744,366.749
0.899904,-46.3099,-102.434,-148.744
0.900813,152.697,150.149,302.846
0.901723,29.6663,6.541,36.2073
0.902633,279.679,245.658,525.337
0.903545,-57.9232,-85.0296,-142.953
0.904457,216.017,191.673,407.69
0.90537,-40.2826,-71.3988,-111.681
0.906284,212.782,179.984,392.766
0.907199,-635.542,-504.508,-1140.05
0.908115,149.826,47.4205,197.247
0.909031,-710.092,-431.377,-1141.47
0.909948,530.746,376.799,907.545
0.910867,-431.655,-290.838,-722.494
0.911786,635.438,507.626,1143.06
0.912705,-604.621,-469.468,-1074.09
0.913626,517.877,390.789,908.666
0.914547,-457.94,-389.815,-847.755
0.91547,745.179,614.951,1360.13
0.916393,-497.217,-407.333,-904.55
0.917317,763.054,647.538,1410.59
0.918242,-552.982,-463.559,-1016.54
0.919167,782.267,656.214,1438.48
0.920094,-443.038,-360.781,-803.819
0.921021,588.481,473.068,1061.55
0.921949,-355.86,-312.497,-668.357
0.922879,545.552,439.526,985.079
0.923808,-444.298,-375.146,-819.444
0.924739,462.564,385.781,848.345
0.925671,-30.9105,-7.5882,-38.4987
0.926603,223.782,180.009,403.791
0.927536,-428.569,-367.844,-796.413
0.928471,650.689,531.145,1181.83
0.929406,-282.511,-240.596,-523.106
0.930341,535.677,442.552,978.229
0.931278,-438.191,-363.139,-801.33
0.932216,634.512,524.762,1159.27
0.933154,-363.588,-327.223,-690.811
0.934093,490.211,426.176,916.388
0.935033,-516.574,-407.97,-924.544
0.935974,613.239,491.146,1104.38
0.936916,-272.969,-224.147,-497.116
0.937859,400.258,312.687,712.945
0.938802,-334.364,-278.223,-612.587
0.939747,445.405,360.722,806.127
0.940692,-167.072,-138.375,-305.448
0.941638,316.002,243.603,559.605
0.942585,-180.4,-148.219,-328.619
0.943533,502.709,378.11,880.819
0.944481,-211.42,-156.19,-367.61
0.945431,342.734,278.823,621.557
0.946381,-250.538,-188.575,-439.113
0.947332,546.65,423.878,970.528
0.948285,-156.381,-131.544,-287.925
0.949238,460.112,375.346,835.458
0.950191,-231.954,-187.539,-419.493
0.951146,424.756,293.936,718.692
0.952102,-101.194,-74.346,-175.54
0.953058,234.668,199.752,434.421
0.954015,10.9045,8.26074,19.1652
0.954974,228.344,190.139,418.484
0.955933,11.0589,7.55618,18.6151
0.956893,217.288,178.801,396.09
0.957853,-35.6146,-29.0821,-64.6967
0.958815,445.359,351.445,796.804
0.959778,-201.334,-147.738,-349.072
0.960741,240.576,181.965,422.541
0.961705,-114.846,-85.5752,-200.421
0.962671,432.002,323.058,755.06
0.963637,-155.042,-119.324,-274.366
0.964604,318.597,260.304,578.902
0.965571,-43.0135,-31.9567,-74.9702
0.96654,463.993,314.441,778.435
0.96751,-257.312,-168.571,-425.883
0.96848,424.737,341.893,766.63
0.969452,-297.857,-231.396,-529.253
0.970424,-703.951,-480.121,-1184.07
0.971397,-452.248,-165.031,-617.279
0.972371,780.344,677.376,1457.72
0.973346,-858.927,-559.601,-1418.53
0.974322,877.297,728.431,1605.73
0.975298,-838.297,-640.217,-1478.51
0.976276,968.39,696.656,1665.05
0.977254,-766.181,-612.744,-1378.93
0.978234,798.731,576.74,1375.47
0.979214,-581.085,-455.885,-1036.97
0.980195,621.316,449.133,1070.45
0.981177,-409.464,-354.413,-763.876
0.98216,763.833,593.154,1356.99
0.983143,-637.779,-511.883,-1149.66
0.984128,751.333,558.62,1309.95
0.985114,390.807,365.352,756.159
0.9861,-708.711,-576.598,-1285.31
0.987088,596.947,536.001,1132.95
0.988076,-368.175,-371.012,-739.187
0.989065,406.644,357.817,764.46
0.990055,473.099,372.652,845.751
0.991046,-536.615,-427.075,-963.69
0.992038,629.163,506.547,1135.71
0.993031,-607.281,-499.419,-1106.7
0.994024,745.602,580.558,1326.16
0.995019,270.196,244.016,514.212
0.996014,-588.121,-526.537,-1114.66
0.997011,691.164,579.354,1270.52
0.998008,-485.057,-463.839,-948.896
0.999006,646.76,559.84,1206.6
1.00001,-465.002,-433.08,-898.082
1.00101,690.722,583.972,1274.69
1.00201,-413.516,-407.924,-821.44
1.00301,607.897,486.44,1094.34
1.00402,-496.882,-262.144,-759.025
1.00502,263.825,445.83,709.654
1.00603,-534.292,-382.671,-916.964
1.00704,591.364,557.361,1148.72
1.00805,-308.146,-263.575,-571.721
1.00906,238.399,269.833,508.232
1.01008,-265.484,-234.362,-499.846
1.0111,451.879,447.251,899.13
1.01211,-304.112,-251.084,-555.196
1.01313,368.881,392.911,761.792
1.01415,-330.262,-298.564,-628.825
1.01518,359.674,399.158,758.832
1.0162,-157.209,-160.211,-317.421
1.01723,347.276,372.15,719.426
1.01826,-156.124,-184.991,-341.115
1.01929,367.672,391.644,759.316
1.02032,-132.074,-123.542,-255.617
1.02135,246.543,263.288,509.832
1.02238,-229.268,-233.191,-462.459
1.02342,409.527,402.412,811.939
1.02446,-143.291,-131.481,-274.772
1.0255,212.371,231.802,444.173
1.02654,1121.5,903.464,2024.96
1.02758,-757.754,-570.117,-1327.87
1.02863,1093.52,877.848,1971.37
1.02968,-833.366,-633.035,-1466.4
1.03072,1082.74,854.107,1936.85
1.03177,-972.1,-735.771,-1707.87
1.03282,1208.68,955.64,2164.32
1.03388,-965.356,-753.647,-1719
1.03493,1172.04,936.268,2108.3
1.03599,-1148.14,-864.786,-2012.93
1.03705,1218.59,967.967,2186.56
1.03811,-1069.59,-843.008,-1912.6
1.03917,1274.69,1005.83,2280.52
1.04023,-1080.75,-815.231,-1895.98
1.0413,1194.81,959.457,2154.26
1.04237,-465.712,-347.367,-813.079
1.04344,71.0724,14.3973,85.4697
1.04451,302.441,316.283,618.724
1.04558,-83.2459,-115.373,-198.619
1.04665,323.785,314.043,637.828
1.04773,-146.101,-141.096,-287.196
1.04881,380.271,350.549,730.821
1.04989,418.553,279.126,697.679
1.05097,436.86,382.058,818.918
1.05205,87.1073,35.7744,122.882
1.05313,237.299,237.329,474.629
1.05422,63.69,17.5542,81.2442
1.05531,238.056,233.55,471.605
1.0564,-39.3291,-42.1699,-81.499
1.05749,295.911,273.692,569.603
1.05858,-196.516,-174.975,-371.49
1.05968,315.93,276.963,592.892
1.06078,88.2105,10.5361,98.7466
1.06187,394.489,329.661,724.149
1.06297,-153.125,-157.455,-310.58
1.06408,409.435,370.73,780.165
1.06518,-288.706,-263.018,-551.725
1.06629,457.076,399.766,856.842
1.06739,1001.71,839.371,1841.08
1.0685,-460.725,-400.928,-861.653
1.06962,806.562,649.84,1456.4
1.07073,-399.522,-334.352,-733.875
1.07184,713.268,587.034,1300.3
1.07296,-577.787,-461.293,-1039.08
1.07408,764.779,595.882,1360.66
1.0752,-711.576,-575.715,-1287.29
1.07632,971.258,792.938,1764.2
1.07745,-758.603,-617.463,-1376.07
1.07857,1058.57,847.583,1906.16
1.0797,-372.51,-340.193,-712.702
1.08083,949.132,774.587,1723.72
1.08196,-554.678,-468.854,-1023.53
1.08309,875.854,723.848,1599.7
1.08423,-598.3,-491.066,-1089.37
1.08536,887.801,713.556,1601.36
1.0865,-819.089,-672.85,-1491.94
1.08764,1004.73,806.555,1811.29
1.08879,207.398,221.678,429.076
1.08993,151.987,51.1295,203.117
1.09108,200.289,218.264,418.554
1.09223,-312.412,-295.419,-607.83
1.09337,436.097,407.537,843.635
1.09453,215.465,125.605,341.07
1.09568,-50.9996,-41.6533,-92.6529
1.09684,392.424,302.89,695.313
1.09799,-38.4937,-38.5176,-77.0113
1.09915,420.936,330.628,751.564
1.10031,-562.621,-469.858,-1032.48
1.10148,857.363,689.643,1547.01
1.10264,-552.579,-447.294,-999.873
1.10381,879.434,713.732,1593.17
1.10498,-631.887,-519.662,-1151.55
1.10615,815.608,672.503,1488.11
1.10732,32.1888,45.2694,77.4583
1.10849,-462.509,-359.465,-821.974
1.10967,234.75,206.931,441.681
1.11085,244.703,183.932,428.635
1.11203,202.413,170.919,373.332
1.11321,293.544,217.131,510.675
1.11439,64.9651,66.9261,131.891
1.11558,405.958,318.087,724.044
1.11677,-182.223,-146.617,-328.84
1.11796,393.256,279.437,672.692
1.11915,-176.57,-127.402,-303.972
1.12034,526.561,389.938,916.498
1.12154,-115.108,-67.6245,-182.732
1.12274,223.012,180.374,403.386
1.12394,136.169,120.134,256.303
1.12514,167.003,110.109,277.112
1.12634,-76.9059,-50.8482,-127.754
1.12755,398.834,292.578,691.411
1.12875,-24.2561,-4.43972,-28.6958
1.12996,270.373,190.581,460.953
1.13117,-32.8016,-2.98802,-35.7896
1.13239,362.725,277.09,639.814
1.1336,59.2854,51.1447,110.43
1.13482,476.824,387.993,864.817
1.13604,-64.8379,-28.4711,-93.309
1.13726,300.719,217.276,517.995
1.13848,-92.4668,-82.2931,-174.76
1.13971,227.81,147.617,375.428
1.14093,-503.975,-286.818,-790.793
1.14216,152.838,119.993,272.831
1.14339,46.5271,55.5827,102.11
1.14463,166.424,180.052,346.476
1.14586,141.273,222.91,364.184
1.1471,226.185,213.846,440.031
1.14834,98.3893,132.428,230.818
1.14958,471.615,400.664,872.28
1.15082,-98.1102,-60.527,-158.637
1.15207,323.616,344.896,668.512
1.15332,87.9557,82.7708,170.726
1.15456,380.355,356.061,736.416
1.15582,-438.364,-343.131,-781.496
1.15707,610.784,501.133,1111.92
1.15832,-489.32,-388.947,-878.268
1.15958,577.588,505.954,1083.54
1.16084,75.0205,53.9794,129
1.1621,281.149,256.385,537.533
1.16337,-403.077,-333.995,-737.073
1.16463,601.698,489.323,1091.02
1.1659,48.2661,13.1741,61.4402
1.16717,8.01503,1.92353,9.93856
1.16844,112.959,80.9125,193.871
1.16971,204.348,167.875,372.223
1.17099,154.573,122.87,277.443
1.17227,89.3873,70.4922,159.879
1.17355,434.869,343.123,777.992
1.17483,-559.232,-441.868,-1001.1
1.17611,636.302,520.936,1157.24
1.1774,-68.686,-93.9866,-162.673
1.17869,437.987,328.132,766.119
1.17998,-322.82,-265.881,-588.702
1.18127,730.633,584.473,1315.11
1.18256,-610.311,-509.002,-1119.31
1.18386,619.128,519.263,1138.39
1.18516,87.4531,80.8378,168.291
1.18646,-36.2703,-2.02483,-38.2951
1.18776,562.836,490.606,1053.44
1.18907,-684.194,-553.3,-1237.49
1.19038,639.894,543.692,1183.59
1.19169,-96.4385,-84.754,-181.192
1.193,253.864,221.418,475.282
1.19431,-395.258,-338.795,-734.053
1.19563,838.47,713.92,1552.39
1.19694,-536.254,-418.344,-954.598
1.19826,537.783,465.157,1002.94
1.19959,-611.081,-500.993,-1112.07
1.20091,807.476,686.696,1494.17
1.20224,137.303,161.46,298.762
1.20357,-665.289,-529.771,-1195.06
1.2049,746.115,641.87,1387.99
1.20623,-68.9066,-77.454,-146.361
1.20756,7.49811,38.5388,46.0369
1.2089,-28.3414,-35.094,-63.4354
1.21024,-126.272,-105.692,-231.964
1.21158,445.743,400.198,845.942
1.21293,-325.861,-287.101,-612.962
1.21427,626.065,548.181,1174.25
1.21562,-286.526,-221.306,-507.833
1.21697,210.025,175.006,385.031
1.21832,95.3595,93.1632,188.523
1.21968,268.795,223.275,492.07
1.22104,40.7917,28.2487,69.0404
1.2224,283.893,241.167,525.061
1.22376,-2.78604,6.24985,3.46381
1.22512,457.436,407.145,864.581
1.22649,-502.985,-429.658,-932.642
1.22785,802.604,673.902,1476.51
1.22922,-368.236,-330.699,-698.936
1.2306,792.019,667.848,1459.87
1.23197,-591.507,-510.587,-1102.09
1.23335,826.341,698.092,1524.43
1.23473,54.6275,45.5771,100.205
1.23611,70.1952,47.3489,117.544
1.23749,241.026,223.831,464.857
1.23888,-224.508,-220.166,-444.674
1.24027,531.476,476.74,1008.22
1.24166,-303.227,-278.572,-581.799
1.24305,653.569,550.628,1204.2
1.24445,-429.706,-360.2,-789.906
1.24584,591.413,506.029,1097.44
1.24724,129.313,79.1859,208.499
1.24864,348.704,302.469,651.173
1.25005,-479.119,-402.11,-881.229
1.25145,588.404,528.84,1117.24
1.25286,190.898,159.472,350.371
1.25427,27.085,43.2881,70.3731
1.25569,135.891,105.302,241.194
1.2571,225.466,203.319,428.785
1.25852,-500.756,-421.468,-922.224
1.25994,614.346,527.718,1142.06
1.26136,9.76542,-20.7076,-10.9422
1.26279,114.738,109.063,223.8
1.26421,166.252,136.97,303.223
1.26564,73.2561,87.9316,161.188
1.26708,111.898,86.8935,198.791
1.26851,46.1788,54.232,100.411
1.26995,558.42,456.456,1014.88
1.27138,-268.861,-198.236,-467.098
1.27283,516.481,425.573,942.054
1.27427,-315.21,-244.003,-559.213
1.27571,586.452,504.079,1090.53
1.27716,-399.636,-345.344,-744.98
1.27861,608.622,512.174,1120.8
1.28007,-228.423,-167.936,-396.359
1.28152,471.005,406.075,877.08
1.28298,-475.793,-417.979,-893.772
1.28444,734.053,640.005,1374.06
1.2859,-193.291,-155.67,-348.961
1.28736,484.524,391.372,875.895
1.28883,-524.355,-461.923,-986.277
1.2903,901.159,729.251,1630.41
1.29177,-436.296,-382.402,-818.698
1.29325,708.633,602.566,1311.2
1.29472,-424.809,-378.515,-803.324
1.2962,691.536,585.205,1276.74
1.29768,-165.981,-165.647,-331.628
1.29917,-229.262,-180.23,-409.492
1.30065,-1011.42,-737.78,-1749.2
1.30214,970.652,814.62,1785.27
1.30363,-622.186,-534.099,-1156.29
1.30513,934.112,820.21,1754.32
1.30662,-663.628,-552.943,-1216.57
1.30812,794.397,653.235,1447.63
1.30962,-700.433,-544.279,-1244.71
1.31112,855.22,709.147,1564.37
1.31263,-525.94,-403.946,-929.886
1.31414,755.418,583.386,1338.8
1.31565,-584.85,-432.958,-1017.81
1.31716,858.928,662.311,1521.24
1.31868,-576.19,-428.867,-1005.06
1.32019,820.276,638.816,1459.09
1.32171,-761.153,-590.622,-1351.77
1.32324,869.825,659.522,1529.35
1.32476,-457.193,-351.88,-809.073
1.32629,778.899,595.911,1374.81
1.32782,-488.314,-382.173,-870.487
1.32935,667.59,490.375,1157.96
1.33089,-488.203,-355.602,-843.805
1.33243,733.869,574.132,1308
1.33397,-489.534,-386.87,-876.404
1.33551,696.183,519.439,1215.62
1.33705,-455.884,-316.108,-771.991
1.3386,771.14,594.426,1365.57
1.34015,-512.892,-391.013,-903.905
1.34171,697.452,498.001,1195.45
1.34326,-367.527,-253.668,-621.196
1.34482,731.909,549.034,1280.94
1.34638,-436.681,-331.711,-768.392
1.34794,686.07,498.354,1184.42
1.34951,-421.681,-282.101,-703.782
1.35107,772.768,602.485,1375.25
1.35265,-599.344,-437.684,-1037.03
1.35422,724.74,535.876,1260.62
1.35579,-329.336,-216.145,-545.481
1.35737,710.171,554.705,1264.88
1.35895,-484.113,-365.572,-849.685
1.36054,674.709,506.528,1181.24
1.36212,-361.103,-239.269,-600.372
1.36371,727.624,555.682,1283.31
1.3653,-448.31,-329.251,-777.561
1.3669,568.386,420.226,988.612
1.36849,-265.979,-180.529,-446.508
1.37009,627.581,482.012,1109.59
1.37169,-420.731,-298.551,-719.282
1.3733,663.864,511.613,1175.48
1.3749,-362.496,-238.553,-601.05
1.37651,633.259,481.581,1114.84
1.37812,-283.224,-185.661,-468.885
1.37974,542.746,362.406,905.152
1.38135,-340.888,-212.941,-553.829
1.38297,754.486,520.257,1274.74
1.3846,-568.668,-400.257,-968.925
1.38622,752.84,539.237,1292.08
1.38785,-427.144,-279.765,-706.909
1.38948,761.743,549.367,1311.11
1.39111,-526.653,-378.167,-904.82
1.39275,706.25,525.905,1232.16
1.39439,-444.265,-322.212,-766.477
1.39603,696.056,509.758,1205.81
1.39767,-435.808,-319.124,-754.932
1.39932,684.64,523.347,1207.99
1.40097,-426.545,-314.362,-740.907
1.40262,652.05,496.71,1148.76
1.40427,-413.73,-320.29,-734.019
1.40593,638.539,488.702,1127.24
1.40759,-382.298,-292.476,-674.775
1.40925,650.078,489.803,1139.88
1.41092,-403.528,-320.206,-723.733
1.41258,660.649,491.884,1152.53
1.41425,-417.404,-311.342,-728.745
1.41593,622.916,476.511,1099.43
1.4176,-247.515,-201.47,-448.985
1.41928,487.684,358.121,845.804
1.42096,-360.764,-281.168,-641.931
1.42265,643.664,484.716,1128.38
1.42433,-321.406,-250.503,-571.908
1.42602,615.127,472.508,1087.64
1.42772,-371.743,-290.272,-662.016
1.42941,626.868,473.767,1100.63
1.43111,-353.054,-277.57,-630.624
1.43281,512.758,396.634,909.392
1.43451,-293.072,-262.651,-555.723
1.43622,562.809,417.177,979.986
1.43793,-152.947,-152.006,-304.952
1.43964,386.201,300.706,686.907
1.44135,-218.013,-179.665,-397.678
1.44307,503.874,392.938,896.812
1.44479,-266.939,-218.233,-485.172
1.44651,486.8,371.573,858.373
1.44824,-268.872,-208.13,-477.002
1.44997,534.979,437.953,972.932
1.4517,-277.061,-225.007,-502.069
1.45343,403.563,288.872,692.435
1.45517,-85.3217,-78.7274,-164.049
1.45691,420.218,352.895,773.113
1.45865,-299.509,-250.769,-550.279
1.4604,407.561,315.119,722.68
1.46214,-61.013,-59.1414,-120.154
1.4639,321.606,282.37,603.977
1.46565,-205.224,-155.45,-360.674
1.46741,358.586,271.669,630.255
1.46917,-264.578,-184.088,-448.667
1.47093,500.992,371.811,872.802
1.47269,-282.048,-214.872,-496.92
1.47446,449.738,330.896,780.634
1.47623,-246.396,-177.685,-424.082
1.47801,553.069,399.219,952.288
1.47978,-412.05,-299.031,-711.081
1.48156,650.681,468.18,1118.86
1.48335,-406.564,-308.755,-715.319
1.48513,641.912,462.203,1104.12
1.48692,-376.216,-274.795,-651.011
1.48871,551.643,405.871,957.514
1.4905,-358.63,-256.172,-614.802
1.4923,600.591,442.267,1042.86
1.4941,-366.389,-267.8,-634.189
1.4959,584.281,431.192,1015.47
1.49771,-410.752,-299.788,-710.54
1.49952,640.934,468.697,1109.63
1.50133,-384.066,-284.463,-668.529
1.50315,571.317,419.695,991.012
1.50496,-355.785,-260.651,-616.437
1.50678,603.373,439.675,1043.05
1.50861,-390.709,-283.176,-673.886
1.51043,553.997,413.322,967.319
1.51226,-304.733,-219.146,-523.878
1.5141,315.508,265.27,580.778
1.51593,663.322,697.355,1360.68
1.51777,280.261,272.332,552.593
1.51961,137.366,173.905,311.271
1.52146,376.219,313.585,689.805
1.5233,-283.993,-172.734,-456.727
1.52515,273.729,250.552,524.281
1.52701,141.876,164.895,306.771
1.52886,127.811,141.281,269.092
1.53072,52.8565,63.2383,116.095
1.53258,114.371,145.276,259.646
1.53445,-188.857,-118.384,-307.241
1.53632,260.53,228.491,489.021
1.53819,157.842,132.082,289.924
1.54006,-120.543,-51.1946,-171.737
1.54194,401.935,358.654,760.589
1.54382,-262.195,-192.445,-454.64
1.54571,212.731,228.609,441.34
1.54759,-53.8857,-36.5174,-90.4032
1.54948,252.448,232.613,485.06
1.55138,-100.208,-61.5283,-161.736
1.55327,146.429,167.002,313.431
1.55517,68.7795,91.6302,160.41
1.55707,-69.0626,-70.5886,-139.651
1.55898,65.034,72.7172,137.751
1.56089,81.5393,87.8161,169.355
1.5628,175.835,175.554,351.389
1.56471,26.2575,47.4381,73.6956
1.56663,111.365,129.805,241.17
1.56855,63.3167,76.6675,139.984
1.57048,113.53,132.947,246.477
1.5724,157.554,137.317,294.871
1.57433,101.07,148.548,249.618
1.57627,0.751424,-4.00369,-3.25226
1.5782,129.342,148.283,277.625
1.58014,31.1711,64.4189,95.5901
1.58208,24.4314,58.6082,83.0396
1.58403,48.6955,50.3024,98.9979
1.58598,159.462,178.964,338.427
1.58793,104.961,93.2057,198.167
1.58989,-40.2937,4.59758,-35.6961
1.59185,81.8698,76.833,158.703
1.59381,140.918,154.254,295.172
1.59577,114.835,100.959,215.794
1.59774,-10.9713,37.7652,26.7939
1.59971,163.302,150.156,313.458
1.60169,78.4614,109.829,188.291
1.60366,55.3878,54.3349,109.723
1.60564,120.998,147.033,268.031
1.60763,176.071,165.938,342.009
1.60962,26.7779,55.8652,82.6432
1.61161,61.8066,95.6763,157.483
1.6136,37.3119,57.27,94.5819
1.6156,350.748,360.532,711.28
1.6176,-477.674,-394.892,-872.565
1.6196,516.573,494.381,1010.95
1.62161,188.371,177.246,365.617
1.62362,-205.589,-139.092,-344.681
1.62563,396.377,369.863,766.239
1.62765,-224.66,-159.912,-384.571
1.62967,308.888,300.179,609.068
1.63169,582.267,513.453,1095.72
1.63372,-718.355,-558.475,-1276.83
1.63575,777.117,681.957,1459.07
1.63778,94.0792,92.8784,186.958
1.63982,-292.915,-188.93,-481.845
1.64186,145.796,138.46,284.256
1.6439,899.815,779.634,1679.45
1.64595,-722.167,-586.718,-1308.88
1.648,687.597,625.957,1313.55
1.65005,-445.319,-363.16,-808.479
1.65211,569.352,518.192,1087.54
1.65417,68.8213,59.5315,128.353
1.65623,255.197,242.816,498.014
1.65829,-469.251,-393.274,-862.525
1.66036,607.308,555.33,1162.64
1.66244,365.808,323.419,689.227
1.66451,-368.406,-232.656,-601.062
1.66659,417.066,373.92,790.987
1.66868,109.093,114.473,223.566
1.67076,117.431,86.0746,203.506
1.67285,72.429,105.292,177.721
1.67495,214.1,162.775,376.875
1.67704,-428.052,-329.002,-757.053
1.67914,641.83,552.948,1194.78
1.68125,-426.096,-320.581,-746.677
1.68335,658.036,560.505,1218.54
1.68547,-494.878,-361.324,-856.201
1.68758,652.365,552.202,1204.57
1.6897,287.759,302.565,590.324
1.69182,-136.743,-81.9888,-218.732
1.69394,-15.0483,44.9026,29.8542
1.69607,15.8852,28.8126,44.6979
1.6982,352.013,325.646,677.659
1.70033,-37.7734,-44.1708,-81.9442
1.70247,502.375,469.33,971.705
1.70461,-184.749,-97.1811,-281.93
1.70676,-250.941,-150.383,-401.323
1.70891,278.316,203.377,481.693
1.71106,141.247,142.842,284.089
1.71322,-155.65,-72.1876,-227.838
1.71537,491.83,488.835,980.665
1.71754,-336.786,-331.734,-668.52
1.7197,633.207,523.517,1156.72
1.72187,-347.92,-350.464,-698.384
1.72405,530.082,501.466,1031.55
1.72622,-445.987,-397.98,-843.967
1.7284,610.865,536.651,1147.52
1.73059,-469.651,-406.446,-876.096
1.73277,570.625,491.782,1062.41
1.73496,-330.05,-299.857,-629.907
1.73716,456.115,416.223,872.338
1.73936,-290.339,-270.788,-561.127
1.74156,351.743,359.242,710.985
1.74376,214.703,186.904,401.606
1.74597,108.8,129.577,238.377
1.74818,-350.076,-311.908,-661.985
1.7504,296.206,283.795,580.001
1.75262,285.79,248.517,534.307
1.75484,117.244,135.738,252.982
1.75707,-34.9921,-38.8553,-73.8474
1.7593,74.6189,99.9798,174.599
1.76153,275.627,213.48,489.107
1.76377,-124.809,-72.1269,-196.936
1.76601,161.176,110.397,271.573
1.76826,-217.662,-147.987,-365.649
1.7705,217.067,177.816,394.883
1.77276,-55.88,-12.7755,-68.6555
1.77501,-167.905,-149.27,-317.175
1.77727,382.65,339.395,722.045
1.77953,108.974,55.0611,164.035
1.7818,-38.198,3.67471,-34.5232
1.78407,331.802,278.227,610.029
1.78635,-244.05,-164.093,-408.143
1.78862,844.199,668.536,1512.73
1.7909,-361.569,-272.111,-633.68
1.79319,166.117,184.587,350.704
1.79548,-184.526,-127.905,-312.43
1.79777,723.559,546.549,1270.11
1.80007,-434.776,-373.931,-808.707
1.80237,534.215,450.163,984.378
1.80467,-15.222,-11.0877,-26.3097
1.80698,-188.611,-152.513,-341.124
1.80929,420.337,400.921,821.258
1.81161,-128.795,-120.011,-248.806
1.81392,580.102,464.02,1044.12
1.81625,-137.187,-129.408,-266.595
1.81857,-79.7276,-59.4654,-139.193
1.8209,86.664,85.0747,171.739
1.82324,669.565,524.911,1194.48
1.82558,-259.938,-213.202,-473.14
1.82792,17.6763,17.6614,35.3377
1.83026,112.472,137.08,249.551
1.83261,183.798,196.975,380.773
1.83496,242.922,242.946,485.868
1.83732,-34.6476,-24.0075,-58.6551
1.83968,268.864,260.785,529.649
1.84205,-41.8243,-25.7168,-67.5411
1.84441,288.415,262.589,551.004
1.84679,-78.9532,-58.01,-136.963
1.84916,409.266,365.34,774.605
1.85154,-118.767,-98.6012,-217.368
1.85393,446.857,405.055,851.912
1.85631,-190.347,-131.048,-321.394
1.85871,264.808,234.556,499.364
1.8611,238.292,220.846,459.138
1.8635,-119.621,-114.8,-234.421
1.8659,534.899,439.393,974.292
1.86831,-148.732,-116.189,-264.921
1.87072,368.926,308.37,677.297
1.87314,36.0724,13.9649,50.0373
1.87556,39.4396,20.0657,59.5054
1.87798,313.984,286.39,600.374
1.88041,306.327,252.248,558.575
1.88284,-224.327,-186.139,-410.466
1.88527,142.589,137.843,280.432
1.88771,429.506,379.584,809.09
1.89015,83.7748,103.349,187.124
1.8926,-213.143,-171.904,-385.047
1.89505,180.328,175.529,355.857
1.8975,406.566,344.294,750.86
1.89996,-137.482,-130.225,-267.707
1.90242,-39.5437,-13.6364,-53.1801
1.90489,369.875,302.813,672.688
1.90736,-46.8815,-14.4479,-61.3294
1.90984,258.32,216.009,474.329
1.91231,-160.345,-126.751,-287.096
1.9148,196.651,178.727,375.378
1.91728,147.986,140.998,288.984
1.91977,432.396,351.007,783.403
1.92227,-592.283,-447.425,-1039.71
1.92477,913.474,737.017,1650.49
1.92727,-387.73,-314.104,-701.834
1.92978,493.704,426.029,919.733
1.93229,-251.483,-194.173,-445.656
1.9348,283.912,231.942,515.854
1.93732,303.76,260.446,564.206
1.93984,-391.256,-344.059,-735.315
1.94237,586.006,506.403,1092.41
1.9449,199.025,163.648,362.673
1.94744,-193.899,-133.484,-327.384
1.94998,-396.394,-321.893,-718.288
1.95252,485.523,395.533,881.056
1.95507,-29.3842,-105.995,-135.38
1.95762,199.664,136.368,336.032
1.96018,625.264,524.308,1149.57
1.96274,-462.344,-298.531,-760.875
1.9653,548.972,385.946,934.918
1.96787,-449.313,-271.929,-721.242
1.97044,883.323,635.564,1518.89
1.97302,-440.458,-271.588,-712.045
1.9756,665.359,503.641,1169
1.97819,-527.563,-340.03,-867.593
1.98078,747.229,561.604,1308.83
1.98337,-445.196,-274.297,-719.493
1.98597,697.731,539.008,1236.74
1.98857,-521.962,-355.821,-877.783
1.99118,737.098,572.289,1309.39
1.99379,-498.949,-347.086,-846.035
1.9964,699.396,550.043,1249.44
1.99902,-559.78,-403.81,-963.59
2.00165,710.119,567.966,1278.09
2.00427,-492.592,-350.691,-843.283
2.0069,719.388,556.037,1275.42
2.00954,-566.405,-406.94,-973.345
2.01218,687.918,566.418,1254.34
2.01483,-503.847,-353.051,-856.898
2.01748,685.2,545.701,1230.9
2.02013,-607.623,-443.656,-1051.28
2.02279,776.724,623.2,1399.92
2.02545,-555.639,-404.307,-959.946
2.02811,756.955,597.548,1354.5
2.03079,-592.066,-443.002,-1035.07
2.03346,745.818,608.358,1354.18
2.03614,-579.219,-423.645,-1002.86
2.03882,776.77,626.524,1403.29
2.04151,-576.23,-401.354,-977.583
2.0442,759.746,608.439,1368.19
2.0469,-502.616,-361.21,-863.826
2.0496,715.368,589.957,1305.32
2.05231,-533.878,-368.82,-902.698
2.05502,750.493,623.016,1373.51
2.05773,-511.634,-358.668,-870.302
2.06045,740.347,607.458,1347.81
2.06317,-495.873,-351.293,-847.166
2.0659,713.51,603.183,1316.69
2.06863,-476.234,-337.675,-813.909
2.07137,697.623,598.589,1296.21
2.07411,-483.748,-334.018,-817.765
2.07686,656.7,550.344,1207.04
2.07961,-430.145,-314.319,-744.464
2.08236,729.743,600.387,1330.13
2.08512,-485.277,-369.985,-855.262
2.08788,829.29,677.661,1506.95
2.09065,-599.972,-458.832,-1058.8
2.09342,782.89,666.672,1449.56
2.0962,-591.457,-445.168,-1036.63
2.09898,858.795,705.1,1563.89
2.10177,-659.479,-490.05,-1149.53
2.10456,884.995,711.802,1596.8
2.10735,-590.348,-448.749,-1039.1
2.11015,729.054,590.834,1319.89
2.11296,-372.63,-271.424,-644.054
2.11576,705.958,602.531,1308.49
2.11858,-596.081,-433.027,-1029.11
2.1214,789.846,671.045,1460.89
2.12422,-468.116,-337.296,-805.411
2.12704,677.902,584.295,1262.2
2.12988,-456.282,-336.812,-793.094
2.13271,352.012,296.642,648.653
2.13555,-247.945,-184.825,-432.77
2.1384,740.209,650.995,1391.2
2.14125,-540.758,-400.912,-941.669
2.1441,738.906,619.099,1358
2.14696,-468.071,-339.755,-807.827
2.14983,705.637,609.37,1315.01
2.15269,-412.318,-300.374,-712.692
2.15557,706.764,593.921,1300.68
2.15845,-462.033,-330.959,-792.992
2.16133,708.24,605.757,1314
2.16421,-439.162,-322.817,-761.979
2.16711,673.395,582.355,1255.75
2.17,-472.453,-354.926,-827.379
2.1729,733.104,615.717,1348.82
2.17581,-406.069,-299.977,-706.046
2.17872,640.515,552.31,1192.83
2.18164,-399.849,-314.274,-714.123
2.18456,602.981,525.636,1128.62
2.18748,64.0405,73.0219,137.062
2.19041,218.943,211.419,430.362
2.19335,-222.407,-135.723,-358.13
2.19628,551.268,504.296,1055.56
2.19923,-521.53,-374.5,-896.031
2.20218,880.016,751.317,1631.33
2.20513,-661.348,-472.221,-1133.57
2.20809,840.381,716.294,1556.67
2.21105,-338.024,-260.879,-598.902
2.21402,482.621,424.759,907.381
2.21699,-128.892,-58.3145,-187.206
2.21997,490.403,415.35,905.754
2.22295,-588.124,-424.817,-1012.94
2.22594,768.736,642.75,1411.49
2.22893,-441.343,-318.109,-759.452
2.23193,632.701,556.721,1189.42
2.23493,-97.9154,-48.122,-146.037
2.23794,550.033,485.32,1035.35
2.24095,-636.386,-449.276,-1085.66
2.24397,623.745,518.032,1141.78
2.24699,-424.429,-317.513,-741.942
2.25001,702.881,585.577,1288.46
2.25305,-140.895,-93.6667,-234.561
2.25608,685.42,606.149,1291.57
2.25912,-478.538,-340.484,-819.023
2.26217,537.539,481.406,1018.95
2.26522,-498.811,-361.809,-860.62
2.26828,77.5756,96.1676,173.743
2.27134,199.481,185.722,385.203
2.2744,-44.3098,-23.2634,-67.5732
2.27747,128.985,131.363,260.348
2.28055,-123.98,-45.6803,-169.66
2.28363,121.867,137.336,259.203
2.28672,-50.5279,22.7119,-27.8159
2.28981,109.501,83.6577,193.159
2.2929,-239.209,-132.673,-371.882
2.296,330.181,303.189,633.37
2.29911,-7.51905,54.0547,46.5357
2.30222,118.521,106.429,224.951
2.30534,36.5414,89.2285,125.77
2.30846,86.3596,105.259,191.619
2.31158,-207.549,-127.404,-334.954
2.31472,544.568,482.784,1027.35
2.31785,-216.357,-143.074,-359.431
2.32099,409.173,336.68,745.854
2.32414,-185.334,-102.68,-288.014
2.32729,271.314,220.978,492.292
2.33045,-125.103,-48.9452,-174.048
2.33361,30.4326,-4.48528,25.9473
2.33678,587.621,497.597,1085.22
2.33995,319.378,231.947,551.325
2.34313,10.8872,75.4951,86.3823
2.34631,218.627,158.577,377.204
2.3495,-140.397,-54.5244,-194.921
2.35269,158.198,140.428,298.627
2.35589,-233.301,-147.198,-380.499
2.35909,497.187,414.669,911.855
2.3623,96.5458,124.835,221.381
2.36552,144.432,114.001,258.433
2.36873,-29.514,29.7678,0.253803
2.37196,160.083,95.5484,255.631
2.37519,140.034,194.137,334.171
2.37842,160.677,99.7228,260.4
2.38166,139.595,205.707,345.302
2.38491,212.551,133.032,345.583
2.38816,79.3148,156.337,235.652
2.39141,253.206,193.615,446.821
2.39467,22.6557,90.1069,112.763
2.39794,231.484,185.138,416.622
2.40121,40.5634,95.4207,135.984
2.40449,186.856,143.913,330.77
2.40777,105.231,144.591,249.823
2.41106,39.0516,74.5196,113.571
2.41435,103.623,153.035,256.658
2.41765,63.6501,77.1191,140.769
2.42095,309.488,336.173,645.66
2.42426,-43.9547,-22.3542,-66.3089
2.42758,309.749,334.854,644.603
2.4309,-122.957,-93.8253,-216.783
2.43422,224.993,270.035,495.028
2.43755,113.533,122.543,236.076
2.44089,157.35,167.635,324.985
2.44423,34.8321,49.744,84.5761
2.44758,114.863,162.259,277.122
2.45093,-5.34771,6.35059,1.00288
2.45429,207.131,240.6,447.731
2.45765,16.5921,39.4385,56.0306
2.46102,185.135,210.171,395.307
2.46439,79.0258,101.355,180.381
2.46777,236.307,226.27,462.577
2.47116,15.474,48.3896,63.8636
2.47455,250.997,248.351,499.348
2.47795,103.595,117.739,221.334
2.48135,252.787,260.825,513.612
2.48475,-108.334,-26.0232,-134.357
2.48817,263.323,253.241,516.563
2.49159,119.544,143.222,262.765
2.49501,282.043,275.379,557.422
2.49844,-9.17497,68.0968,58.9218
2.50187,125.425,141.212,266.637
2.50531,-153.522,-80.5573,-234.079
2.50876,347.092,354.481,701.573
2.51221,-92.7594,-40.0712,-132.831
2.51567,231.444,266.656,498.1
2.51913,-77.184,-38.8197,-116.004
2.5226,437.89,431.931,869.821
2.52608,-141.863,-110.516,-252.379
2.52956,316.894,334.96,651.854
2.53304,214.966,191.998,406.964
2.53653,46.0048,103.746,149.751
2.54003,108.545,108.883,217.428
2.54353,67.9941,118.801,186.795
2.54704,-98.6885,-51.728,-150.417
2.55055,341.22,325.285,666.504
2.55407,241.304,227.968,469.272
2.5576,52.7604,100.967,153.727
2.56113,37.1434,66.6132,103.757
2.56467,62.2201,103.781,166.001
2.56821,70.81,89.6563,160.466
2.57176,168.146,170.269,338.416
2.57531,102.282,118.651,220.933
2.57887,219.749,219.231,438.98
2.58244,-19.5358,25.9658,6.43001
2.58601,248.328,241.409,489.738
2.58959,145.842,169.254,315.096
2.59317,90.8738,115.802,206.676
2.59676,-95.2468,-38.2909,-133.538
2.60035,477.592,455.747,933.339
2.60395,-325.445,-242.861,-568.306
2.60756,410.402,383.42,793.822
2.61117,-55.9219,-55.7244,-111.646
2.61479,395.686,378.5,774.186
2.61841,-305.456,-205.94,-511.396
2.62204,585.31,495.694,1081
2.62568,-401.814,-295.067,-696.881
2.62932,614.38,527.368,1141.75
2.63297,-405.518,-290.839,-696.357
2.63662,634.006,553.888,1187.89
2.64028,-390.972,-278.57,-669.542
2.64395,505.02,447.605,952.626
2.64762,-300.629,-209.468,-510.098
2.6513,542.122,452.399,994.521
2.65498,-272.915,-182.336,-455.251
2.65867,505.142,429.602,934.744
2.66236,-232.937,-170.106,-403.043
2.66607,524.252,426.992,951.244
2.66977,-218.632,-168.654,-387.286
2.67349,477.255,433.191,910.446
2.67721,-228.98,-173.025,-402.005
2.68093,461.039,400.11,861.149
2.68466,-209.647,-137.242,-346.89
2.6884,449.249,422.146,871.395
2.69214,-249.274,-170.559,-419.833
2.69589,476.058,425.045,901.104
2.69965,-243.477,-170.841,-414.318
2.70341,472.544,426.436,898.979
2.70718,-258.893,-186.979,-445.872
2.71095,416.535,391.652,808.187
2.71473,-146.345,-96.1272,-242.472
2.71852,425.102,383.093,808.195
2.72231,-199.597,-135.536,-335.132
2.72611,429.225,389.196,818.421
2.72992,-182.532,-122.341,-304.874
2.73373,394.668,373.327,767.995
2.73755,-162.291,-98.364,-260.655
2.74137,376.753,350.512,727.265
2.7452,-167.13,-136.52,-303.65
2.74903,474.214,414.962,889.176
2.75288,-295.771,-214.893,-510.664
2.75673,514.86,444.574,959.434
2.76058,-259.753,-190.226,-449.979
2.76444,451.427,407.613,859.041
2.76831,-289.49,-201.354,-490.844
2.77218,497.096,450.595,947.69
2.77606,-262.482,-169.912,-432.393
2.77995,428.179,403.321,831.5
2.78384,-210.604,-131.638,-342.242
2.78774,428.19,397.487,825.677
2.79164,-231.078,-164.54,-395.617
2.79556,546.472,463.817,1010.29
2.79947,-284.544,-205.094,-489.638
2.8034,611.562,512.826,1124.39
2.80733,-310.486,-228.526,-539.012
2.81126,520.409,468.754,989.163
2.81521,-331.208,-220.955,-552.162
2.81916,606.807,519.47,1126.28
2.82311,-337.726,-232.589,-570.314
2.82708,491.9,458.137,950.037
2.83105,-359.088,-248.095,-607.184
2.83502,581.091,507.304,1088.39
2.839,-221.701,-177.267,-398.968
2.84299,429.733,407.932,837.664
2.84699,-267.906,-177.895,-445.8
2.85099,517.173,451.777,968.95
2.85499,-203.793,-150.813,-354.606
2.85901,581.352,527.967,1109.32
2.86303,-279.188,-173.534,-452.722
2.86706,130.844,151.177,282.02
2.87109,199.33,202.365,401.695
2.87513,293.485,275.653,569.138
2.87918,113.507,129.855,243.363
2.88323,107.954,145.056,253.01
2.88729,281.993,265.882,547.875
2.89136,19.565,68.79,88.355
2.89543,489.658,447.231,936.889
2.89951,-333.694,-242.433,-576.127
2.9036,452.263,415.902,868.165
2.90769,-217.735,-164.75,-382.485
2.91179,443.558,387.291,830.849
2.9159,-212.373,-142.679,-355.053
2.92001,543.548,459.821,1003.37
2.92413,-261.958,-165.734,-427.692
2.92826,553.612,473.75,1027.36
2.93239,-234.671,-147.214,-381.885
2.93653,459.021,402.347,861.368
2.94068,-215.072,-119.322,-334.394
2.94483,536.526,457.589,994.115
2.94899,-176.521,-95.0654,-271.586
2.95316,452.905,424.943,877.848
2.95734,-119.509,-51.4155,-170.924
2.96152,386.092,386.928,773.02
2.9657,-163.414,-89.0795,-252.493
2.9699,414.742,401.381,816.124
2.9741,-205.274,-128.552,-333.825
2.97831,509.495,452.946,962.441
2.98252,-273.175,-168.214,-441.39
2.98674,570.5,491.304,1061.8
2.99097,-363.086,-230.487,-593.574
2.99521,543.247,466.243,1009.49
2.99945,-173.763,-96.1149,-269.878
3.0037,438.058,377.821,815.879
3.00795,151.327,199.973,351.3
3.01222,-118.992,-41.0225,-160.014
3.01649,234.442,197.766,432.208
3.02076,-87.2941,2.54177,-84.7523
3.02505,270.91,237.045,507.956
3.02934,-51.3275,51.3551,0.0276444
3.03364,108.668,133.408,242.076
3.03794,88.1515,121.494,209.646
3.04225,-38.5191,54.1975,15.6783
3.04657,71.4919,98.7021,170.194
3.0509,143.083,169.698,312.781
3.05523,1.46792,36.7334,38.2013
3.05957,64.1224,132.429,196.551
3.06392,101.021,93.6485,194.669
3.06827,145.383,189.993,335.376
3.07263,14.8209,33.0074,47.8283
3.077,162.3,199.349,361.649
3.08137,-7.48935,19.5687,12.0794
3.08576,247.449,262.342,509.791
3.09015,-104.607,-40.7573,-145.364
3.09454,174.448,222.62,397.068
3.09895,28.198,48.3836,76.5816
3.10336,270.294,286.177,556.472
3.10777,-139.772,-59.2104,-198.982
3.1122,247.189,261.599,508.788
3.11663,43.3991,47.2733,90.6723
3.12107,367.331,334.134,701.465
3.12552,-94.381,-35.9293,-130.31
3.12997,213.688,250.106,463.793
3.13443,49.7886,59.245,109.034
3.1389,198.194,268.42,466.614
3.14338,-132.374,-63.6973,-196.071
3.14786,238.352,286.506,524.858
3.15235,31.5574,34.7456,66.303
3.15685,239.927,292.806,532.734
3.16135,-19.8606,17.8926,-1.96802
3.16587,62.6797,140.583,203.263
3.17039,534.163,433.627,967.791
3.17491,-441.279,-271.165,-712.444
3.17945,584.564,510.696,1095.26
3.18399,-281.63,-181.025,-462.656
3.18854,458.527,438.678,897.205
3.19309,-292.682,-182.234,-474.916
3.19766,436.054,419.722,855.776
3.20223,-194.641,-111.997,-306.637
3.20681,346.036,389.569,735.605
3.21139,-115.236,-76.6843,-191.92
3.21599,395.671,412.693,808.364
3.22059,-200.338,-140.948,-341.285
3.2252,500.624,491.241,991.865
3.22981,-375.634,-243.705,-619.339
3.23444,606.537,566.326,1172.86
3.23907,-435.323,-286.057,-721.38
3.2437,664.403,602.138,1266.54
3.24835,-465.429,-296.7,-762.128
3.253,703.705,626.947,1330.65
3.25767,-491.278,-325.864,-817.142
3.26233,681.749,622.353,1304.1
3.26701,-392.522,-260.505,-653.027
3.27169,571.327,554.221,1125.55
3.27639,-406.348,-282.752,-689.1
3.28108,631.347,598.583,1229.93
3.28579,-386.244,-259.099,-645.343
3.29051,602.39,585.877,1188.27
3.29523,-387.91,-264.393,-652.303
3.29996,578.498,569.532,1148.03
3.3047,-276.03,-172.551,-448.581
3.30944,413.803,444.134,857.937
3.31419,-127.316,-52.6976,-180.014
3.31895,449.368,437.825,887.194
3.32372,-536.878,-336.915,-873.793
3.3285,667.473,606.243,1273.72
3.33328,-375.225,-226.305,-601.53
3.33807,523.62,507.616,1031.24
3.34287,-291.047,-158.197,-449.244
3.34768,422.74,423.945,846.685
3.35249,-156.662,-63.4905,-220.153
3.35732,381.385,393.772,775.157
3.36215,-387.122,-232.267,-619.389
3.36699,525.756,505.376,1031.13
3.37183,-304.973,-187.215,-492.187
3.37669,477.143,481.764,958.907
3.38155,-154.397,-71.2793,-225.676
3.38642,281.297,301.61,582.907
3.3913,-116.729,-19.9162,-136.645
3.39618,458.435,435.528,893.963
3.40108,-334.837,-172.189,-507.026
3.40598,631.688,555.431,1187.12
3.41089,-524.231,-333.034,-857.265
3.41581,722.403,642.698,1365.1
3.42073,-500.413,-312.898,-813.311
3.42567,653.742,598.746,1252.49
3.43061,-303.481,-151.862,-455.344
3.43556,514.618,484.881,999.499
3.44051,-362.96,-183.315,-546.276
3.44548,487.797,485.008,972.805
3.45045,-276.211,-132.296,-408.507
3.45544,509.621,494.579,1004.2
3.46043,-397.034,-211.227,-608.261
3.46543,508.311,512.776,1021.09
3.47043,-326.814,-193.341,-520.155
3.47545,563.987,536.56,1100.55
3.48047,-225.245,-101.762,-327.006
3.4855,364.854,392.137,756.99
3.49054,-141.393,-33.6639,-175.057
3.49559,420.861,423.296,844.157
3.50064,-262.411,-123.234,-385.645
3.5057,403.599,408.545,812.144
3.51078,-343.683,-187.944,-531.627
3.51586,590.667,549.403,1140.07
3.52094,-193.604,-191.05,-384.654
3.52604,364.883,363.16,728.043
3.53115,-132.488,33.9926,-98.4951
3.53626,13.9063,99.8091,113.715
3.54138,121.015,168.396,289.411
3.54651,251.037,258.335,509.372
3.55165,-59.6008,51.3135,-8.28732
3.55679,185.796,240.716,426.513
3.56195,-115.191,13.3765,-101.815
3.56711,420.448,369.43,789.878
3.57228,-155.159,4.12054,-151.039
3.57746,359.554,325.9,685.455
3.58265,-192.578,-32.3643,-224.943
3.58785,557.344,455.339,1012.68
3.59305,-272.159,-90.5084,-362.667
3.59827,418.596,371.877,790.473
3.60349,-194.645,-44.8485,-239.494
3.60872,518.819,444.427,963.246
3.61396,-249.905,-71.0404,-320.945
3.61921,432.347,361.188,793.535
3.62446,-183.92,-44.1881,-228.109
3.62973,460.348,391.777,852.125
3.635,-192.783,-30.432,-223.215
3.64028,414.42,371.339,785.758
3.64557,-220.639,-59.6625,-280.301
3.65087,497.185,436.294,933.479
3.65618,-274.001,-93.9742,-367.975
3.6615,491.008,445.121,936.129
3.66682,-168.837,-18.2216,-187.058
3.67216,362.119,348.243,710.362
3.6775,-107.887,36.9146,-70.9729
3.68285,283.663,298.587,582.25
3.68821,-31.7225,92.6485,60.926
3.69358,278.463,295.201,573.665
3.69895,-26.2759,94.8654,68.5895
3.70434,197.513,242.501,440.014
3.70973,35.0429,128.314,163.357
3.71514,234.13,271.098,505.228
3.72055,-29.0386,72.6279,43.5893
3.72597,378.961,393.6,772.561
3.7314,-245.856,-94.2096,-340.066
3.73684,500.312,477.892,978.205
3.74229,-130.425,-7.38045,-137.805
3.74774,168.796,218.712,387.508
3.75321,-20.7794,84.9627,64.1833
3.75868,220.641,255.205,475.846
3.76416,-83.3472,40.5291,-42.8182
3.76966,341.144,373.934,715.078
3.77516,-188.882,-38.5713,-227.454
3.78067,382.465,375.562,758.027
3.78618,-25.5658,113.543,87.977
3.79171,149.516,206.189,355.706
3.79725,88.4604,180.787,269.248
3.80279,198.131,240.757,438.888
3.80835,76.4495,151.259,227.709
3.81391,13.7288,120.977,134.706
3.81949,159.995,228.558,388.553
3.82507,126.481,196.29,322.771
3.83066,74.714,167.782,242.496
3.83626,134.007,203.124,337.131
3.84187,59.1282,146.631,205.759
3.84748,145.196,201.786,346.981
3.85311,78.3818,160.486,238.867
3.85875,106.176,176.649,282.825
3.86439,115.524,181.531,297.055
3.87005,112.138,168.499,280.636
3.87571,145.998,195.061,341.059
3.88138,56.5021,145.853,202.355
3.88707,186.112,227.713,413.824
3.89276,70.1537,142.238,212.391
3.89846,301.122,329.349,630.47
3.90417,-255.327,-116.134,-371.461
3.90989,667.94,601.385,1269.33
3.91562,-342.627,-181.969,-524.596
3.92136,607.231,551.959,1159.19
3.9271,-264.201,-118.764,-382.964
3.93286,365.853,386.048,751.901
3.93862,-31.768,81.8015,50.0334
3.9444,94.5948,144.72,239.315
3.95018,337.088,390.301,727.389
3.95598,-125.345,-22.0176,-147.363
3.96178,375.273,422.451,797.725
3.9676,-146.483,-28.5372,-175.021
3.97342,397.886,428.386,826.272
3.97925,-137.689,-17.5051,-155.194
3.98509,385.252,418.195,803.447
3.99094,-114.641,-6.45876,-121.1
3.9968,326.071,371.224,697.295
4.00267,139.21,189.62,328.829
4.00855,10.4682,114.563,125.031
4.01444,276.753,288.049,564.802
4.02034,46.2923,136.801,183.093
4.02625,211.425,266.43,477.855
4.03216,18.171,108.929,127.1
4.03809,290.157,336.774,626.93
4.04403,-216.554,-102.444,-318.998
4.04997,602.56,569.191,1171.75
4.05593,-288.09,-153.644,-441.735
4.0619,471.124,482.669,953.793
4.06787,-166.003,-70.7815,-236.785
4.07386,295.336,350.236,645.572
4.07985,-12.6815,89.6926,77.0111
4.08586,72.3243,154.783,227.107
4.09187,150.771,228.983,379.754
4.0979,117.413,183.619,301.032
4.10393,117.018,212.545,329.563
4.10997,182.557,232.234,414.791
4.11603,58.8906,185.196,244.087
4.12209,78.6707,175.667,254.337
4.12816,95.0261,174.724,269.75
4.13425,87.4864,168.847,256.333
4.14034,132.168,180.04,312.208
4.14644,106.892,165.899,272.791
4.15256,117.664,191.255,308.919
4.15868,-41.8854,44.0608,2.17536
4.16481,271.244,323.767,595.011
4.17096,-79.3759,32.3219,-47.0539
4.17711,368.408,351.429,719.837
4.18327,-64.1552,-15.1623,-79.3176
4.18944,169.386,244.342,413.728
4.19563,140.932,152.057,292.989
4.20182,134.982,203.721,338.703
4.20802,12.2294,61.8962,74.1256
4.21424,261.642,291.748,553.39
4.22046,1.81853,46.901,48.7195
4.22669,279.063,303.995,583.058
4.23294,-66.6423,8.50559,-58.1367
4.23919,330.979,328.437,659.416
4.24545,-71.2721,6.98441,-64.2876
4.25173,232.154,273.185,505.339
4.25801,73.568,97.3393,170.907
4.2643,172.137,233.421,405.558
4.27061,107.534,113.956,221.49
4.27692,135.883,213.071,348.954
4.28325,169.771,164.43,334.201
4.28958,62.0334,161.81,223.843
4.29593,200.686,197.512,398.198
4.30229,76.8584,177.837,254.695
4.30865,126.87,153.075,279.945
4.31503,119.003,196.106,315.109
4.32142,111.839,154.774,266.613
4.32781,113.635,194.229,307.864
4.33422,131.674,170.591,302.266
4.34064,88.906,181.205,270.111
4.34707,124.509,167.893,292.402
4.35351,142.1,219.109,361.209
4.35996,62.0502,118.191,180.241
4.36642,160.969,235.734,396.703
4.37289,78.8039,122.647,201.451
4.37937,179.214,252.017,431.231
4.38586,63.8931,112.438,176.331
4.39236,127.695,218.945,346.64
4.39887,128.913,152.201,281.114
4.4054,93.9389,194.59,288.529
4.41193,120.374,146.859,267.233
4.41847,67.9318,181.237,249.169
4.42503,137.672,178.101,315.773
4.4316,91.8965,195.07,286.966
4.43817,100.686,163.445,264.132
4.44476,151.972,242.941,394.913
4.45136,32.1065,113.988,146.095
4.45796,154.355,249.345,403.7
4.46458,32.9556,109.654,142.609
4.47121,174.674,269.105,443.779
4.47785,17.1566,90.8771,108.034
4.48451,210.676,292.534,503.21
4.49117,17.1888,92.0515,109.24
4.49784,204.222,288.05,492.272
4.50453,41.4784,108.522,150.001
4.51122,136.274,253.995,390.269
4.51793,121.081,157.062,278.143
4.52464,74.4041,204.82,279.224
4.53137,176.1,193.403,369.503
4.53811,47.4958,179.279,226.775
4.54486,193.406,207.429,400.834
4.55162,18.6335,166.924,185.557
4.55839,181.368,202.743,384.111
4.56517,45.9314,171.921,217.852
4.57197,170.426,208.688,379.113
4.57877,80.1063,191.631,271.738
4.58559,152.572,196.432,349.004
4.59241,94.8793,210.726,305.606
4.59925,132.735,188.677,321.412
4.6061,138.57,234.319,372.889
4.61296,73.0294,151.997,225.027
4.61983,159.654,244.235,403.889
4.62671,61.2244,153.249,214.473
4.63361,173.194,258.079,431.273
4.64051,48.1206,141.713,189.834
4.64743,210.701,270.095,480.796
4.65435,24.742,127.121,151.863
4.66129,207.465,272.542,480.007
4.66824,59.6189,151.531,211.15
4.6752,184.591,250.965,435.555
4.68217,55.7253,160.25,215.975
4.68916,243.556,279.467,523.023
4.69615,50.4949,146.907,197.401
4.70316,206.028,263.754,469.782
4.71018,30.2025,128.77,158.972
4.71721,250.705,293.71,544.414
4.72425,-46.5803,88.7566,42.1763
4.7313,305.581,336.021,641.602
4.73836,-71.2203,62.7469,-8.47333
4.74544,286.702,337.545,624.247
4.75252,24.8653,119.684,144.55
4.75962,203.628,274.497,478.124
4.76673,86.9237,158.258,245.182
4.77385,74.818,184.25,259.068
4.78098,389.912,401.667,791.579
4.78813,-208.632,-44.4253,-253.057
4.79528,287.756,288.473,576.229
4.80245,-147.685,20.3411,-127.344
4.80963,349.439,367.32,716.759
4.81682,-87.4366,49.9633,-37.4733
4.82402,311.294,350.251,661.545
4.83124,-84.5592,58.6,-25.9592
4.83846,552.202,531.299,1083.5
4.8457,-299.221,-112.625,-411.846
4.85295,393.363,439.708,833.071
4.86021,-89.7949,55.5115,-34.2834
4.86748,235.372,233.858,469.23
4.87477,275.302,309.103,584.404
4.88206,-57.7308,85.3403,27.6095
4.88937,271.478,292.695,564.173
4.89669,-48.0694,82.995,34.9256
4.90402,489.873,440.414,930.287
4.91137,-342.829,-79.0935,-421.923
4.91872,442.276,435.337,877.613
4.92609,-184.847,18.7853,-166.062
4.93347,98.417,202.359,300.776
4.94086,35.201,125.836,161.037
4.94827,308.596,340.63,649.226
4.95568,-134.634,24.4109,-110.223
4.96311,294.438,323.85,618.288
4.97055,-71.0582,72.4294,1.37122
4.978,207.97,271.534,479.504
4.98547,-81.54,74.4833,-7.05666
4.99294,368.569,385.391,753.959
5.00043,24.7882,145.919,170.707
5.00793,288.576,321.208,609.784
5.01545,-46.3031,101.619,55.3156
5.02299,315.565,343.991,659.556
5.03055,36.8443,145.543,182.387
5.03813,265.308,289.801,555.109
5.04572,30.5455,138.689,169.235
5.05334,162.06,253.47,415.531
5.06097,224.706,246.675,471.381
5.06862,31.1439,125.693,156.837
5.07629,222.38,251.448,473.828
5.08398,-20.7921,148.892,128.1
5.09169,378.622,338.277,716.899
5.09942,7.80491,135.784,143.589
5.10717,290.278,318.617,608.895
5.11494,23.9913,162.924,186.915
5.12273,152.15,225.926,378.076
5.13053,182.159,255.184,437.343
5.13836,119.543,219.402,338.946
5.14621,228.97,279.125,508.095
5.15407,56.1025,174.104,230.207
5.16196,230.022,293.901,523.923
5.16986,8.37858,147.028,155.407
5.17779,293.457,346.144,639.601
5.18573,-88.4621,87.0332,-1.42894
5.1937,334.691,371.275,705.966
5.20168,-30.8286,107.361,76.5322
5.20968,281.386,337.763,619.149
5.21771,47.2906,153.648,200.939
5.22575,250.482,316.457,566.939
5.23382,78.6275,166.562,245.19
5.2419,172.454,279.338,451.792
5.25001,99.0994,183.372,282.472
5.25813,189.397,287.352,476.749
5.26628,9.04274,123.835,132.877
5.27444,262.376,336.09,598.466
5.28263,11.938,117.276,129.214
5.29083,208.214,309.981,518.195
5.29906,25.8734,135.293,161.166
5.30731,195.631,311.843,507.473
5.31558,52.3191,150.232,202.551
5.32387,177.13,284.562,461.693
5.33218,77.4457,169.86,247.306
5.34051,141.402,268.882,410.283
5.34886,108.031,189.815,297.847
5.35723,159.271,274.904,434.176
5.36562,82.8127,181.213,264.026
5.37404,150.796,252.707,403.503
5.38247,115.89,198.915,314.804
5.39093,172.415,264.146,436.561
5.39941,88.4872,188.134,276.621
5.4079,217.807,296.555,514.362
5.41642,68.7289,179.121,247.85
5.42497,220.652,286.644,507.296
5.43353,111.95,216.959,328.91
5.44211,103.331,202.668,305.998
5.45072,147.371,257.471,404.842
5.45934,112.249,213.999,326.248
5.46799,98.249,211.945,310.194
5.47666,155.14,253.966,409.106
5.48535,105.128,212.329,317.456
5.49407,113.437,223.906,337.343
5.5028,137.002,226.52,363.523
5.51156,67.9698,195.784,263.754
5.52034,201.709,259.143,460.851
5.52914,53.6558,200.647,254.303
5.53796,177.064,258.892,435.956
5.54681,19.089,175.374,194.463
5.55567,293.472,341.017,634.489
5.56456,-49.8355,144.111,94.276
5.57347,323.182,348.897,672.079
5.58241,-50.3153,142.964,92.6487
5.59136,325.556,354.393,679.949
5.60034,-119.321,104.587,-14.7343
5.60934,393.119,404.499,797.618
5.61837,-121.825,84.6282,-37.197
5.62741,429.296,437.226,866.522
5.63648,-192.41,33.4996,-158.91
5.64557,513.616,508.704,1022.32
5.65469,-233.293,-16.3274,-249.62
5.66382,425.585,462.321,887.906
5.67298,-131.202,46.6299,-84.5722
5.68216,302.777,359.965,662.742
5.69137,-27.1147,145.83,118.715
5.7006,391.848,403.257,795.105
5.70985,-167.205,55.9457,-111.259
5.71912,429.299,421.184,850.483
5.72842,-202.452,45.9329,-156.519
5.73774,416.878,417.999,834.877
5.74709,-182.713,51.7072,-131.006
5.75646,418.434,420.995,839.428
5.76585,-169.446,67.9078,-101.538
5.77526,371.663,398.177,769.84
5.7847,-142.406,89.5474,-52.8587
5.79416,367.075,394.304,761.379
5.80365,-116.886,90.9333,-25.9523
5.81316,363.314,398.912,762.227
5.82269,-114.339,97.8218,-16.5176
5.83225,425.205,433.567,858.772
5.84183,-133.796,97.8898,-35.9064
5.85143,427.499,425.021,852.52
5.86106,-205.969,57.2203,-148.748
5.87071,490.631,477.684,968.314
5.88039,-206.082,57.4968,-148.585
5.89009,496.161,457.247,953.408
5.89981,-251.188,29.581,-221.607
5.90956,508.592,487.184,995.775
5.91934,-230.111,37.6443,-192.467
5.92914,513.234,483.542,996.775
5.93896,-253.678,14.3704,-239.308
5.94881,562.646,514.594,1077.24
5.95868,-276.648,-11.4616,-288.11
5.96858,540.058,506.478,1046.54
5.9785,-256.961,13.389,-243.572
5.98844,491.545,476.494,968.04
5.99841,-219.397,38.2701,-181.127
6.00841,472.871,468.584,941.455
6.01843,-181.73,67.0587,-114.671
6.02848,416.702,435.29,851.992
6.03855,-176.721,68.9384,-107.783
6.04864,415.452,426.832,842.284
6.05877,-190.395,68.3486,-122.047
6.06891,386.996,413.631,800.627
6.07909,-91.5527,118.606,27.0533
6.08928,356.791,389.859,746.651
6.09951,-121.265,111.825,-9.44034
6.10976,378.633,401.553,780.186
6.12003,-103.159,123.078,19.9189
6.13033,331.698,376.346,708.044
6.14066,-15.2764,166.534,151.258
6.15101,236.619,321.662,558.281
6.16138,46.466,202.618,249.084
6.17179,217.015,306.332,523.347
6.18222,52.3817,182.157,234.539
6.19267,339.82,377.166,716.986
6.20316,-124.268,79.0825,-45.1852
6.21366,399.836,415.325,815.161
6.2242,-136.97,77.1686,-59.8014
6.23476,457.457,444.217,901.674
6.24534,-114.666,80.6095,-34.0561
6.25596,338.304,382.23,720.534
6.2666,-27.0119,149.678,122.666
6.27726,344.321,380.731,725.052
6.28796,-21.1962,136.354,115.157
6.29868,348.273,383.093,731.366
6.30942,-28.2746,136.952,108.678
6.3202,373.729,401.837,775.566
6.331,-68.6614,130.252,61.5901
6.34183,394.427,408.74,803.167
6.35268,-84.9515,117.209,32.2573
6.36356,358.265,389.354,747.619
6.37447,-42.9042,145.932,103.028
6.38541,312.178,368.564,680.743
6.39637,-0.209908,176.778,176.568
6.40736,273.941,342.489,616.43
6.41838,-11.6561,173.98,162.324
6.42943,285.249,334.571,619.821
6.4405,-0.663702,185.636,184.973
6.4516,249.163,307.362,556.525
6.46273,54.9323,210.332,265.265
6.47389,251.36,308.455,559.815
6.48507,21.5872,183.692,205.279
6.49628,306.597,353.478,660.074
6.50752,21.2429,180.904,202.146
6.51879,248.04,316.216,564.256
6.53009,48.2337,201.113,249.346
6.54142,220.574,292.524,513.098
6.55277,54.7238,205.028,259.751
6.56415,235.017,304.1,539.117
6.57556,11.6667,180.058,191.724
6.587,290.089,350.27,640.359
6.59847,-38.0995,145.32,107.22
6.60996,312.951,364.431,677.382
6.62149,-16.2697,144.899,128.629
6.63304,304.215,343.228,647.443
6.64463,-32.3744,133.378,101.003
6.65624,317.49,348.986,666.475
6.66788,-4.12772,153.036,148.909
6.67955,275.794,315.86,591.654
6.69125,61.6772,190.014,251.691
6.70297,216.859,277.082,493.94
6.71473,94.4821,213.04,307.522
6.72652,249.53,297.864,547.394
6.73833,70.6596,193.403,264.063
6.75018,256.695,303.993,560.688
6.76206,89.8776,193.046,282.923
6.77396,234.389,294.897,529.286
6.7859,58.9996,174.635,233.634
6.79786,224.588,304.373,528.961
6.80986,107.084,206.138,313.222
6.82188,221.277,291.533,512.81
6.83393,43.1113,168.552,211.663
6.84602,278.387,337.116,615.504
6.85813,4.86028,146.775,151.635
6.87028,268.511,337.102,605.613
6.88246,53.8831,184.511,238.394
6.89466,243.101,324.74,567.84
6.9069,84.976,217.701,302.677
6.91917,209.67,307.747,517.417
6.93146,55.2374,200.439,255.677
6.94379,219.445,318.7,538.145
6.95615,48.0447,202.636,250.68
6.96854,245.779,330.05,575.829
6.98096,73.2184,211.321,284.539
6.99342,209.436,313.67,523.107
7.0059,110.662,237.34,348.002
7.01841,176.165,306.261,482.425
7.03096,84.183,218.864,303.047
7.04354,212.159,324.29,536.449
7.05615,115.193,224.759,339.952
7.06879,130.426,266.865,397.291
7.08146,142.403,255.776,398.179
7.09416,129.304,271.638,400.943
7.1069,109.158,233.487,342.646
7.11966,206.499,314.213,520.712
7.13246,8.23653,189.783,198.019
7.1453,254.916,338.32,593.236
7.15816,-9.57486,183.64,174.065
7.17105,241.393,345.318,586.711
7.18398,16.6522,199.291,215.944
7.19694,229.784,341.891,571.676
7.20993,18.9089,202.962,221.871
7.22296,239.628,347.411,587.039
7.23602,1.85798,198.118,199.976
7.24911,260.92,346.158,607.078
7.26223,1.89274,200.308,202.201
7.27538,261.931,339.858,601.788
7.28857,8.98665,203.697,212.684
7.30179,244.555,336.841,581.396
7.31505,76.29,240.227,316.517
7.32834,200.913,311.233,512.146
7.34166,106.295,266.544,372.839
7.35501,184.285,308.269,492.553
7.3684,129.533,281.479,411.013
7.38182,199.847,311.189,511.036
7.39527,123.315,273.022,396.337
7.40876,199.196,314.671,513.867
7.42228,92.6472,257.113,349.76
7.43584,235.407,331.13,566.537
7.44943,50.3005,216.731,267.032
7.46305,297.995,373.166,671.161
7.47671,1.56674,179.477,181.044
7.4904,340.174,397.822,737.997
7.50413,-33.9966,162.827,128.83
7.51789,370.343,414.622,784.965
7.53168,-61.4672,143.795,82.3279
7.54551,388.455,422.585,811.04
7.55938,-77.7481,137.241,59.4925
7.57328,391.733,427.441,819.175
7.58721,-66.497,131.817,65.3195
7.60118,374.412,421.67,796.082
7.61518,-31.8147,145.965,114.15
7.62922,343.139,397.725,740.865
7.64329,20.3579,182.751,203.109
7.6574,273.15,360.247,633.397
7.67154,83.2042,223.566,306.771
7.68572,136.675,282.667,419.342
7.69994,188.961,293.905,482.866
7.71419,91.6397,269.721,361.361
7.72847,194.382,307.319,501.7
7.74279,39.0439,222.874,261.918
7.75715,249.183,333.415,582.598
7.77154,34.4439,211.187,245.631
7.78597,206.311,306.011,512.322
7.80044,79.7712,237.435,317.206
7.81494,184.17,296.36,480.53
7.82947,92.7483,243.724,336.472
7.84405,153.317,277.113,430.43
7.85866,93.7824,263.846,357.628
7.8733,176.096,294.94,471.036
7.88799,55.1542,239.344,294.498
7.90271,220.91,322.853,543.762
7.91746,22.7285,226.59,249.318
7.93226,238.184,333.962,572.146
7.94709,43.0801,224.329,267.409
7.96196,215.853,333.663,549.516
7.97686,58.2501,223.519,281.769
7.9918,229.7,343.947,573.647
8.00678,60.4859,223.799,284.285
8.0218,191.953,321.686,513.639
8.03685,87.0732,240.356,327.429
8.05195,163.894,301.267,465.161
8.06708,140.94,285.609,426.549
8.08224,121.296,282.116,403.412
8.09745,164.92,307.136,472.057
8.11269,97.8905,260.505,358.396
8.12798,194.633,327.584,522.218
8.14329,90.2877,247.116,337.403
8.15865,209.168,335.025,544.193
8.17405,88.5445,256.948,345.493
8.18948,150.983,307.163,458.145
8.20496,145.24,288.821,434.061
8.22047,115.425,289.367,404.792
8.23602,171.262,295.251,466.514
8.25161,73.1972,262.328,335.526
8.26724,195.603,313.013,508.615
8.28291,81.3223,265.037,346.359
8.29862,192.74,311.088,503.828
8.31436,91.204,267.817,359.021
8.33015,211.367,333.074,544.441
8.34597,71.083,255.543,326.626
8.36184,223.928,335.528,559.456
8.37774,107.682,274.472,382.155
8.39369,138.966,288.074,427.04
8.40967,155.621,310.796,466.417
8.4257,94.4836,263.601,358.085
8.44176,194.737,336.353,531.09
8.45787,47.6864,238.806,286.493
8.47401,258.652,375.417,634.069
8.4902,-10.6327,208.948,198.316
8.50642,291.018,395.849,686.868
8.52269,-20.5997,208.089,187.489
8.53899,269.029,381.427,650.456
8.55534,24.6027,232.408,257.01
8.57173,262.364,380.058,642.421
8.58816,-2.03274,226.35,224.317
8.60463,278.533,388.84,667.373
8.62114,19.378,240.776,260.154
8.63769,243.811,368.332,612.143
8.65429,35.8302,234.702,270.532
8.67092,269.142,378.672,647.813
8.6876,21.6473,220.828,242.475
8.70432,256.952,361.702,618.654
8.72108,67.4401,254.57,322.01
8.73788,188.81,328.914,517.725
8.75473,136.695,306.64,443.334
8.77161,102.629,272.305,374.934
8.78854,138.992,311.701,450.693
8.80552,122.544,291.154,413.698
8.82253,156.87,304.658,461.528
8.83959,137.477,301.839,439.316
8.85668,122.699,287.636,410.335
8.87383,139.409,306.361,445.77
8.89101,124.719,288.441,413.16
8.90824,174.099,327.429,501.528
8.92551,88.676,270.631,359.307
8.94282,210.22,343.645,553.865
8.96018,69.4487,264.658,334.107
8.97758,202.815,338.479,541.294
8.99502,95.8151,275.352,371.167
9.01251,166.107,311.103,477.21
9.03004,114.527,287.48,402.007
9.04762,128.957,295.839,424.795
9.06524,159.204,318.819,478.024
9.0829,102.189,271.885,374.074
9.10061,201.306,346.221,547.526
9.11836,90.5935,263.443,354.036
9.13615,206.799,345.189,551.988
9.15399,108.742,271.407,380.149
9.17188,172.41,324.876,497.286
9.18981,164.13,307.56,471.691
9.20778,118.196,293.989,412.184
9.2258,194.559,329.528,524.087
9.24387,103.305,287.655,390.96
9.26198,180.352,328.419,508.771
9.28013,109.682,284.105,393.787
9.29833,198.322,338.553,536.874
9.31658,88.3006,265.877,354.178
9.33487,229.892,356.983,586.875
9.35321,60.2215,249.8,310.021
9.37159,230.657,357.524,588.181
9.39002,78.7181,260.704,339.423
9.40849,210.865,347.276,558.141
9.42702,93.4715,280.473,373.945
9.44558,181.904,330.09,511.994
9.4642,117.446,301.238,418.684
9.48286,147.73,306.1,453.83
9.50156,134.326,308.316,442.641
9.52032,162.191,318.674,480.866
9.53912,106.638,291.942,398.58
9.55797,202.164,342.73,544.894
9.57686,71.5314,268.942,340.474
9.5958,220.279,353.865,574.144
9.61479,74.4323,263.718,338.151
9.63383,213.876,351.53,565.405
9.65292,120.671,290.281,410.953
9.67205,167.883,323.974,491.857
9.69123,175.65,329.619,505.27
9.71046,128.453,306.895,435.348
9.72973,201.033,340.121,541.155
9.74906,108.04,288.909,396.949
9.76843,215.619,344.441,560.06
9.78785,89.5241,279.143,368.667
9.80732,210.833,343.799,554.632
9.82684,106.876,291.985,398.861
9.84641,196.445,332.311,528.756
9.86602,122.891,300.433,423.324
9.88569,166.737,313.876,480.613
9.9054,140.925,308.355,449.28
9.92516,151.014,309.284,460.298
9.94498,147.812,313.36,461.173
9.96484,149.805,316.585,466.39
9.98475,146.433,311.411,457.844
10.0047,160.581,321.037,481.618
10.0247,139.376,304.961,444.336
10.0447,181.61,329.819,511.429
10.0647,155.93,310.203,466.133
10.0847,148.592,316.104,464.697
10.1047,191.469,330.448,521.917
10.1247,124.084,299.089,423.173
10.1447,203.497,340.233,543.73
10.1647,112.31,287.416,399.726
10.1847,227.365,355.065,582.43
10.2047,94.4323,264.656,359.088
10.2247,240.785,364.85,605.635
10.2447,102.175,273.748,375.923
10.2647,226.043,352.288,578.331
10.2847,106.216,279.853,386.069
10.3047,212.708,346.816,559.524
10.3247,133.089,288.062,421.151
10.3447,207.194,338.957,546.152
10.3647,128.98,284.424,413.404
10.3847,224.281,355.681,579.962
10.4047,80.2992,260.412,340.712
10.4247,237.663,363.164,600.827
10.4447,82.0038,268.621,350.624
10.4647,223.444,358.122,581.566
10.4847,131.626,296.56,428.187
10.5047,176.488,333.85,510.338
10.5247,169.902,322.547,492.449
10.5447,161.956,323.601,485.558
10.5647,187.308,334.539,521.847
10.5847,150.06,319.3,469.36
10.6047,172.909,329.236,502.146
10.6247,179.147,341.041,520.188
10.6447,151.358,313.901,465.26
10.6647,180.295,342.724,523.019
10.6847,158.424,326.086,484.51
10.7047,171.08,341.697,512.777
10.7247,154.584,324.991,479.575
10.7447,165.652,337.589,503.241
10.7647,168.164,333.058,501.222
10.7847,137.541,326.801,464.341
10.8047,197.269,354.44,551.709
10.8247,106.437,304.787,411.224
10.8447,218.125,365.668,583.794
10.8647,96.0718,301.203,397.274
10.8847,203.523,354.543,558.065
10.9047,104.168,302.569,406.737
10.9247,197.456,346.655,544.111
10.9447,136.936,327.049,463.985
10.9647,193.011,345.354,538.365
10.9847,133.835,327.072,460.907
11.0047,204.17,354.116,558.286
11.0247,127.386,321.872,449.258
11.0447,223.494,366.627,590.12
11.0647,142.865,328.423,471.288
11.0847,198.822,355.058,553.88
11.1047,161.163,338.396,499.56
11.1247,193.048,343.561,536.609
11.1447,134.607,330.92,465.526
11.1647,206.737,351.582,558.319
11.1847,108.453,321.692,430.145
11.2047,217.079,353.297,570.376
11.2247,113.511,317.201,430.712
11.2447,208.366,350.509,558.874
11.2647,101.721,315.734,417.455
11.2847,209.171,357.532,566.703
11.3047,124.445,322.579,447.024
11.3247,200.094,355.037,555.131
11.3447,129.101,318.662,447.763
11.3647,202.475,350.321,552.796
11.3847,112.478,312.458,424.936
11.4047,224.811,358.339,583.149
11.4247,73.8103,292.823,366.633
11.4447,252.807,378.067,630.874
11.4647,55.2081,280.6,335.808
11.4847,295.758,401.279,697.038
11.5047,10.2619,252.518,262.78
11.5247,312.211,406.258,718.469
11.5447,41.9259,276.512,318.438
11.5647,265.508,382.822,648.33
11.5847,64.3071,283.69,347.997
11.6047,252.086,376.851,628.937
11.6247,88.9424,294.853,383.796
11.6447,243.185,371.199,614.384
11.6647,90.373,300.71,391.083
11.6847,228.325,368.453,596.778
11.7047,118.704,310.604,429.308
11.7247,218.393,359.06,577.453
11.7447,93.1387,302.671,395.81
11.7647,238.661,372.559,611.22
11.7847,67.6812,292.423,360.104
11.8047,269.559,392.06,661.619
11.8247,66.2064,283.911,350.118
11.8447,266.831,392.227,659.058
11.8647,97.3382,307.256,404.594
11.8847,263.236,386.908,650.144
11.9047,101.994,307.555,409.549
11.9247,243.591,375.91,619.501
11.9447,105.685,302.22,407.905
11.9647,258.588,385.842,644.43
11.9847,107.536,307.777,415.313
12.0047,250.196,382.166,632.362
12.0247,96.7957,293.419,390.214
12.0447,258.354,384.966,643.319
12.0647,84.5855,292.375,376.961
12.0847,270.223,390.447,660.669
12.1047,90.4064,292.505,382.912
12.1247,217.912,365.732,583.645
12.1447,108.767,305.433,414.2
12.1647,236.664,378.029,614.693
12.1847,91.3109,296.493,387.804
12.2047,263.682,390.649,654.331
12.2247,80.6113,295.155,375.766
12.2447,254.588,384.406,638.995
12.2647,83.2895,289.382,372.672
12.2847,252.254,389.788,642.042
12.3047,83.4323,287.762,371.194
12.3247,237.321,384.972,622.293
12.3447,99.8243,294.203,394.027
12.3647,226.569,388.806,615.375
12.3847,132.716,301.665,434.38
12.4047,217.926,376.632,594.558
12.4247,152.449,313.012,465.461
12.4447,209.648,381.227,590.875
12.4647,177.997,321.186,499.183
12.4847,179.763,353.714,533.478
12.5047,187.276,338.508,525.783
12.5247,178.432,351.464,529.897
12.5447,193.886,342.439,536.325
12.5647,166.3,346.599,512.899
12.5847,189.424,349.834,539.257
12.6047,171.364,351.769,523.134
12.6247,166.775,341.947,508.722
12.6447,179.82,356.736,536.556
12.6647,153.186,337.937,491.122
12.6847,203.973,368.131,572.105
12.7047,132.167,324.833,457
12.7247,221.713,377.786,599.499
12.7447,126.396,326.359,452.754
12.7647,231.579,376.291,607.87
12.7847,146.976,337.532,484.508
12.8047,223.838,373.901,597.739
12.8247,116.683,316.666,433.349
12.8447,234.833,382.139,616.972
12.8647,125.906,319.963,445.869
12.8847,213.098,370.059,583.157
12.9047,118.232,315.595,433.826
12.9247,223.429,373.628,597.057
12.9447,132.19,315.857,448.047
12.9647,205.524,373.765,579.289
12.9847,124.35,318.696,443.046
13.0047,224.039,381.493,605.532
13.0247,120.867,313.975,434.842
13.0447,207.15,371.165,578.315
13.0647,130.609,319.383,449.993
13.0847,185.101,358.488,543.589
13.1047,137.501,326.666,464.167
13.1247,187.523,359.234,546.758
13.1447,159.52,339.652,499.172
13.1647,160.31,341.401,501.711
13.1847,170.975,351.576,522.551
13.2047,182.409,351.42,533.829
13.2247,150.255,335.323,485.578
13.2447,191.088,356.874,547.962
13.2647,132.041,329.556,461.597
13.2847,212.861,366.592,579.453
13.3047,114.888,319.342,434.23
13.3247,223.304,373.654,596.958
13.3447,124.323,319.429,443.752
13.3647,220.543,377.46,598.004
13.3847,117.334,316.244,433.578
13.4047,216.236,373.32,589.555
13.4247,136.929,331.82,468.749
13.4447,224.277,372.476,596.753
13.4647,119.883,323.725,443.607
13.4847,210.191,365.991,576.182
13.5047,140.095,330.9,470.995
13.5247,211.247,369.79,581.037
13.5447,131.049,325.421,456.47
13.5647,215.208,374.142,589.351
13.5847,120.678,320.477,441.155
13.6047,218.105,381.366,599.471
13.6247,116.493,313.343,429.837
13.6447,220.344,381.521,601.865
13.6647,133.11,322.416,455.525
13.6847,206.736,377.218,583.954
13.7047,108.241,307.248,415.489
13.7247,228.266,387.952,616.218
13.7447,109.281,310.368,419.649
13.7647,228.124,385.009,613.132
13.7847,110.644,310.086,420.729
13.8047,216.029,374.203,590.232
13.8247,131.713,326.078,457.791
13.8447,214.704,379.194,593.898
13.8647,136.288,324.823,461.112
13.8847,209.535,372.131,581.665
13.9047,151.002,335.098,486.1
13.9247,184.522,368.29,552.812
13.9447,163.332,339.38,502.711
13.9647,202.631,370.827,573.458
13.9847,165.086,340.957,506.043
14.0047,202.201,371.802,574.002
14.0247,166.41,339.096,505.506
14.0447,192.051,370.708,562.76
14.0647,182.104,349.69,531.795
14.0847,160.877,359.17,520.047
14.1047,188.881,351.758,540.639
14.1247,153.809,347.319,501.127
14.1447,218.104,365.956,584.059
14.1647,143.216,342.658,485.874
14.1847,201.416,360.515,561.931
14.2047,140.236,343.611,483.847
14.2247,196.032,356.527,552.559
14.2447,149.361,345.79,495.152
14.2647,193.576,356.044,549.62
14.2847,146.11,341.145,487.255
14.3047,189.476,361.322,550.797
14.3247,172.15,345.423,517.573
14.3447,160.94,352.587,513.527
14.3647,189.001,354.665,543.666
14.3847,137.746,338.037,475.783
14.4047,212.097,364.071,576.167
14.4247,129.051,335.033,464.084
14.4447,224.925,370.362,595.287
14.4647,112.029,334.523,446.552
14.4847,237.387,378.186,615.574
14.5047,112.061,328.37,440.431
14.5247,227.35,365.478,592.828
14.5447,122.57,331.837,454.407
14.5647,232.432,369.165,601.597
14.5847,136.844,342.658,479.501
14.6047,228.682,367.654,596.335
14.6247,133.493,338.941,472.434
14.6447,219.669,365.282,584.95
14.6647,154.09,350.37,504.46
14.6847,190.667,353.397,544.064
14.7047,163.547,348.118,511.664
14.7247,188.198,354.04,542.238
14.7447,155.696,345.35,501.047
14.7647,175.482,345.58,521.062
14.7847,174.389,355.622,530.011
14.8047,156.456,338.979,495.435
14.8247,201.247,369.383,570.63
14.8447,147.563,332.588,480.152
14.8647,204.695,371.344,576.039
14.8847,138.527,331.055,469.582
14.9047,203.519,365.378,568.897
14.9247,145.696,338.821,484.517
14.9447,200.195,363.737,563.931
14.9647,158.023,340.585,498.608
14.9847,183.948,362.736,546.685
15.0047,171.032,349.714,520.746
15.0247,176.412,356.235,532.647
15.0447,176.179,353.143,529.322
15.0647,152.938,345.183,498.121
15.0847,193.861,358.276,552.137
15.1047,163.176,347.602,510.778
15.1247,204.921,364.064,568.985
15.1447,133.11,338.203,471.313
15.1647,214.323,374.414,588.737
15.1847,136.419,335.544,471.963
15.2047,202.579,371.165,573.744
15.2247,140.282,336.752,477.034
15.2447,210.359,378.762,589.121
15.2647,132.449,333.628,466.077
15.2847,209.708,372.747,582.455
15.3047,145.805,342.28,488.086
15.3247,212.32,374.146,586.466
15.3447,145.775,340.008,485.784
15.3647,193.137,367.551,560.687
15.3847,151.94,338.519,490.459
15.4047,201.019,371.86,572.878
15.4247,141.027,334.445,475.473
15.4447,189.217,365.8,555.017
15.4647,151.72,339.546,491.266
15.4847,195.569,374.249,569.819
15.5047,145.536,337.766,483.303
15.5247,192.281,372.993,565.275
15.5447,151.576,332.996,484.571
15.5647,203.097,379.431,582.528
15.5847,147.632,331.793,479.425
15.6047,202.203,377.337,579.54
15.6247,135.695,327.042,462.737
15.6447,211.882,383.965,595.847
15.6647,135.003,327.461,462.463
15.6847,212.762,379.404,592.166
15.7047,140.39,331.013,471.403
15.7247,219.346,383.429,602.775
15.7447,126.272,322.763,449.035
15.7647,216.698,377.703,594.4
15.7847,148.125,338.621,486.746
15.8047,209.631,380.374,590.005
15.8247,141.546,332.275,473.821
15.8447,210.012,382.375,592.388
15.8647,133.063,329.943,463.006
15.8847,215.477,378.739,594.217
15.9047,141.863,332.802,474.665
15.9247,221.449,381.181,602.631
15.9447,133.685,328.358,462.043
15.9647,242.975,390.579,633.553
15.9847,92.9774,318.61,411.587
16.0047,264.587,398.99,663.577
16.0247,79.8413,310.831,390.673
16.0447,281.646,408.849,690.495
16.0647,51.6126,298.089,349.701
16.0847,293.365,409.054,702.419
16.1047,44.113,298.327,342.44
16.1247,300.163,413.106,713.268
16.1447,42.7275,296.031,338.758
16.1647,298.964,411.257,710.221
16.1847,27.2897,291.524,318.813
16.2047,330.241,424.59,754.831
16.2247,23.8261,286.047,309.873
16.2447,316.243,425.329,741.572
16.2647,41.5223,293.047,334.57
16.2847,323.384,428.412,751.797
16.3047,34.7705,290.36,325.13
16.3247,301.44,412.675,714.115
16.3447,44.4977,298.524,343.022
16.3647,292.951,415.521,708.473
16.3847,52.0332,295.44,347.473
16.4047,300.924,411.709,712.633
16.4247,69.6361,307.822,377.458
16.4447,282.924,406.75,689.674
16.4647,79.7953,310.058,389.853
16.4847,255.383,394.923,650.306
16.5047,91.4604,316.855,408.316
16.5247,267.672,400.982,668.653
16.5447,100.2,322.448,422.649
16.5647,252.711,389.724,642.435
16.5847,98.4072,321.166,419.573
16.6047,260.507,395.238,655.746
16.6247,93.5711,316.956,410.527
16.6447,269.763,400.139,669.902
16.6647,110.649,323.619,434.267
16.6847,235.394,391.112,626.506
16.7047,127.705,332.904,460.609
16.7247,234.212,379.069,613.281
16.7447,131.226,331.749,462.975
16.7647,246.001,383.544,629.545
16.7847,108.907,326.29,435.197
16.8047,243.515,386.223,629.738
16.8247,101.182,323.911,425.094
16.8447,257.861,392.14,650.001
16.8647,89.0648,317.142,406.207
16.8847,259.004,396.207,655.211
16.9047,93.7179,320.224,413.942
16.9247,258.518,395.286,653.804
16.9447,106.029,324.515,430.544
16.9647,261.021,392.71,653.73
16.9847,85.7121,313.105,398.817
17.0047,285.914,404.367,690.28
17.0247,68.0324,306.329,374.361
17.0447,272.224,404.369,676.593
17.0647,82.1711,307.929,390.1
17.0847,275.528,400.121,675.649
17.1047,78.4261,312.093,390.52
17.1247,287.182,415.02,702.202
17.1447,52.3376,301.175,353.512
17.1647,291.543,411.62,703.164
17.1847,72.3656,312.545,384.91
17.2047,294.306,411.038,705.344
17.2247,65.3754,301.513,366.888
17.2447,277.067,408.304,685.371
17.2647,78.2529,308.149,386.402
17.2847,276.911,409.589,686.5
17.3047,98.672,315.928,414.6
17.3247,256.946,402.085,659.031
17.3447,104.907,322.565,427.472
17.3647,245.987,390.895,636.882
17.3847,131.02,332.223,463.243
17.4047,238.495,386.122,624.618
17.4247,128.405,332.737,461.142
17.4447,223.899,380.623,604.522
17.4647,111.487,326.366,437.853
17.4847,229.938,384.652,614.59
17.5047,120.063,327.195,447.258
17.5247,237.783,383.88,621.663
17.5447,138.592,336.6,475.192
17.5647,215.731,381.428,597.16
17.5847,131.577,334.683,466.26
17.6047,229.587,385.141,614.729
17.6247,124.516,330.318,454.834
17.6447,218.211,379.773,597.984
17.6647,152.08,341.537,493.617
17.6847,224.601,384.677,609.278
17.7047,143.341,338.144,481.485
17.7247,226.185,381.602,607.788
17.7447,130.334,332.148,462.482
17.7647,212.884,382.143,595.027
17.7847,131.929,337.401,469.329
17.8047,209.8,372.262,582.063
17.8247,156.699,344.248,500.947
17.8447,213.035,377.937,590.973
17.8647,139.647,336.43,476.078
17.8847,221.017,383.959,604.976
17.9047,116.868,329.583,446.451
17.9247,217.32,377.192,594.512
17.9447,127.343,331.534,458.877
17.9647,216.937,379.896,596.833
17.9847,136.241,339.413,475.653
18.0047,217.971,374.491,592.462
18.0247,128.638,334.504,463.142
18.0447,246.398,386.539,632.937
18.0647,108.773,326.373,435.147
18.0847,247.662,384.41,632.072
18.1047,117.768,335.178,452.946
18.1247,233.411,380.951,614.362
18.1447,122.552,335.408,457.96
18.1647,242.281,385.428,627.71
18.1847,127.382,338.137,465.518
18.2047,225.382,373.654,599.036
18.2247,119.529,330.865,450.394
18.2447,228.929,378.806,607.734
18.2647,118.238,338.104,456.342
18.2847,230.041,375.125,605.166
18.3047,124.557,339.54,464.097
18.3247,250.501,387.525,638.026
18.3447,116.316,334.927,451.243
18.3647,241.183,381.772,622.955
18.3847,98.3433,328.723,427.067
18.4047,245.436,389.414,634.85
18.4247,113.381,331.657,445.038
18.4447,228.547,377.079,605.626
18.4647,121.303,332.5,453.803
18.4847,227.279,382.279,609.558
18.5047,115.308,332.895,448.203
18.5247,233.068,383.821,616.889
18.5447,126.127,334.494,460.622
18.5647,231.446,381.07,612.516
18.5847,112.967,332.694,445.661
18.6047,248.185,387.173,635.358
18.6247,104.486,328.568,433.055
18.6447,239.312,383.201,622.514
18.6647,123.925,335.345,459.27
18.6847,227.505,375.991,603.496
18.7047,130.288,339.35,469.639
18.7247,215.064,370.087,585.151
18.7447,134.01,338.279,472.289
18.7647,201.744,366.021,567.765
18.7847,145.117,346.558,491.675
18.8047,204.335,365.934,570.269
18.8247,139.664,343.728,483.392
18.8447,195.99,355.999,551.989
18.8647,152.126,351.007,503.132
18.8847,185.1,354.359,539.46
18.9047,164.433,355.697,520.13
18.9247,188.295,355.486,543.781
18.9447,167.738,361.002,528.74
18.9647,185.938,350.911,536.849
18.9847,172.54,362.209,534.749
19.0047,173.176,351.54,524.716
19.0247,183.535,368.058,551.593
19.0447,177.499,345.935,523.434
19.0647,186.745,370.56,557.305
19.0847,161.998,342.7,504.698
19.1047,197.929,373.372,571.301
19.1247,145.457,336.734,482.191
19.1447,199.623,378.857,578.48
19.1647,156.195,340.929,497.124
19.1847,207.014,376.986,584
19.2047,142.432,339.283,481.715
19.2247,214.311,381.473,595.785
19.2447,122.787,325.517,448.305
19.2647,189.425,367.928,557.353
19.2847,156.216,343.557,499.772
19.3047,194.559,375.275,569.833
19.3247,155.487,338.386,493.873
19.3447,195.43,376.13,571.56
19.3647,140.041,335.851,475.891
19.3847,206.692,378.324,585.017
19.4047,140.451,331.381,471.832
19.4247,197.766,373.657,571.423
19.4447,166.213,342.844,509.057
19.4647,177.221,369.487,546.708
19.4847,182.827,350.295,533.121
19.5047,186.929,367.394,554.323
19.5247,167.176,346.084,513.26
19.5447,173.774,364.955,538.73
19.5647,181.454,353.346,534.799
19.5847,179.45,362.837,542.286
19.6047,175.461,352.049,527.51
19.6247,168.888,362.66,531.548
19.6447,188.396,358.427,546.823
19.6647,151.18,353.789,504.968
19.6847,170.502,349.646,520.147
19.7047,161.216,357.501,518.717
19.7247,188.014,359.217,547.231
19.7447,157.739,357.635,515.374
19.7647,177.718,351.352,529.07
19.7847,170.05,363.807,533.857
19.8047,168.214,345.907,514.121
19.8247,170.314,362.153,532.467
19.8447,185.69,355.769,541.459
19.8647,143.217,354.527,497.744
19.8847,191.751,353.651,545.403
19.9047,149.623,350.732,500.356
19.9247,198.981,360.704,559.685
19.9447,140.691,346.851,487.542
19.9647,205.324,364.21,569.534
19.9847,133.247,342.544,475.791
20.0047,209.267,363.867,573.135
20.0247,149.447,347.708,497.155
20.0447,193.512,358.183,551.695
20.0647,126.879,341.601,468.48
20.0847,216.123,366.954,583.078
20.1047,142.93,344.406,487.337
20.1247,219.389,376.065,595.453
20.1447,132.742,344.453,477.195
20.1647,205.397,363.733,569.13
20.1847,144.088,342.53,486.619
20.2047,204.764,365.149,569.914
20.2247,165.668,357.231,522.898
20.2447,179.698,349.047,528.745
20.2647,173.285,355.018,528.303
20.2847,189.993,355.986,545.979
20.3047,170.404,358.015,528.419
20.3247,180.267,349.46,529.727
20.3447,171.117,356.913,528.03
20.3647,198.259,358.908,557.167
20.3847,150.637,351.717,502.354
20.4047,179.64,347.737,527.377
20.4247,159.623,355.529,515.152
20.4447,180.752,355.519,536.272
20.4647,157.945,350.872,508.818
20.4847,188.828,358.83,547.657
20.5047,146.886,342.374,489.259
20.5247,170.694,350.644,521.337
20.5447,162.526,354.403,516.929
20.5647,182.155,352.827,534.982
20.5847,153.597,346.962,500.559
20.6047,189.864,356.331,546.195
20.6247,150.281,349.946,500.226
20.6447,198.895,359.703,558.598
20.6647,162.223,350.979,513.202
20.6847,186.218,355.746,541.964
20.7047,147.7,343.239,490.939
20.7247,183.28,353.264,536.544
20.7447,169.039,355.354,524.393
20.7647,192.181,354.617,546.799
20.7847,150.319,354.2,504.519
20.8047,176.097,347.113,523.211
20.8247,173.913,359.348,533.261
20.8447,175.032,344.268,519.3
20.8647,189.781,361.963,551.744
20.8847,184.126,346.753,530.879
20.9047,175.711,362.262,537.973
20.9247,151.347,340.325,491.672
20.9447,194.719,365.57,560.289
20.9647,161.942,345.071,507.012
20.9847,204.655,368.666,573.321
21.0047,140.167,340.867,481.034
21.0247,193.457,363.907,557.365
21.0447,147.006,333.403,480.409
21.0647,200.611,368.006,568.617
21.0847,148.722,341.124,489.845
21.1047,210.358,367.571,577.929
21.1247,153.685,340.615,494.3
21.1447,199.157,364.509,563.665
21.1647,134.773,332.902,467.675
21.1847,190.109,359.873,549.981
21.2047,145.478,335.594,481.072
21.2247,198.419,369.147,567.567
21.2447,161.27,344.55,505.82
21.2647,191.613,361.675,553.289
21.2847,143.909,341.32,485.228
21.3047,208.1,375.086,583.186
21.3247,131.768,333.421,465.188
21.3447,222.842,370.687,593.529
21.3647,127.84,328.341,456.181
21.3847,208.931,370.627,579.557
21.4047,149.572,343.241,492.813
21.4247,211.062,369.384,580.446
21.4447,135.914,330.755,466.669
21.4647,210.104,368.786,578.89
21.4847,118.326,327.306,445.632
21.5047,213.413,370.994,584.407
21.5247,129.538,331.071,460.609
21.5447,227.429,379.971,607.4
21.5647,119.189,330.762,449.952
21.5847,207.961,365.729,573.69
21.6047,146.677,343.293,489.97
21.6247,192.423,356.567,548.99
21.6447,145.946,336.879,482.825
21.6647,188.227,356.378,544.605
21.6847,140.621,335.565,476.186
21.7047,178.285,353.347,531.632
21.7247,157.762,342.474,500.236
21.7447,166.566,350.668,517.235
21.7647,165.944,347.039,512.983
21.7847,154.098,345.709,499.807
21.8047,193.353,361.293,554.647
21.8247,135.623,339.271,474.894
21.8447,174.619,348.912,523.531
21.8647,153.913,341.596,495.509
21.8847,183.693,354.446,538.139
21.9047,164.518,344.722,509.24
21.9247,189.829,356.306,546.135
21.9447,155.899,346.313,502.212
21.9647,195.327,352.261,547.588
21.9847,141.944,338.091,480.035
22.0047,169.927,347.606,517.533
22.0247,168.266,352.711,520.977
22.0447,164.298,338.529,502.827
22.0647,175.223,353.312,528.535
22.0847,169.479,341.165,510.643
22.1047,177.848,356.567,534.415
22.1247,162.267,342.111,504.379
22.1447,171.519,353.112,524.632
22.1647,167.514,345.695,513.209
22.1847,165.549,349.925,515.474
22.2047,162.379,343.277,505.656
22.2247,171.919,353.76,525.678
22.2447,158.944,341.524,500.468
22.2647,184.534,356.156,540.69
22.2847,150.389,336.292,486.681
22.3047,168.858,348.561,517.418
22.3247,168.257,341.401,509.657
22.3447,161.719,344.834,506.553
22.3647,173.41,348.378,521.788
22.3847,172.024,350.06,522.084
22.4047,160.231,343.734,503.965
22.4247,157.324,343.834,501.157
22.4447,168.595,342.601,511.196
22.4647,158.205,349.248,507.454
22.4847,178.979,349.039,528.019
22.5047,156.21,341.834,498.044
22.5247,161.527,346.232,507.759
22.5447,153.146,341.625,494.772
22.5647,168.374,346.831,515.205
22.5847,141.424,341.804,483.229
22.6047,180.821,344.972,525.793
22.6247,157.53,343.635,501.165
22.6447,172.975,345.764,518.739
22.6647,137.43,338.273,475.703
22.6847,186.17,344.303,530.473
22.7047,154.084,346.225,500.309
22.7247,180.854,347.72,528.574
22.7447,142.947,336.536,479.483
22.7647,184.134,342.501,526.635
22.7847,157.199,341.441,498.639
22.8047,181.686,344.366,526.051
22.8247,152.699,348.445,501.143
22.8447,188.227,351.908,540.135
22.8647,145.119,342.367,487.485
22.8847,196.328,350.559,546.887
22.9047,144.801,338.393,483.193
22.9247,179.452,348.968,528.42
22.9447,151.72,343.061,494.781
22.9647,187.612,349.375,536.987
22.9847,138.766,336.922,475.688
23.0047,210.142,356.808,566.95
23.0247,135.043,336.056,471.099
23.0447,213.132,359.268,572.4
23.0647,122.838,329.002,451.84
23.0847,193.835,348.253,542.088
23.1047,120.584,326.981,447.565
23.1247,200.584,358.282,558.866
23.1447,130.35,330.343,460.693
23.1647,219.024,363.254,582.277
23.1847,123.957,327.737,451.693
23.2047,203.05,355.794,558.844
23.2247,143.518,334.637,478.155
23.2447,172.075,343.645,515.72
23.2647,152.386,339.743,492.128
23.2847,190.796,352.579,543.375
23.3047,141.098,333.867,474.964
23.3247,194.994,351.93,546.924
23.3447,138.537,326.621,465.157
23.3647,195.61,353.604,549.214
23.3847,150.839,335.026,485.865
23.4047,187.128,351.026,538.154
23.4247,145.013,331.338,476.351
23.4447,178.065,345.758,523.824
23.4647,145.292,330.293,475.585
23.4847,190.702,349.773,540.474
23.5047,147.678,335.379,483.057
23.5247,184.329,346.969,531.299
23.5447,161.806,339.657,501.462
23.5647,184.229,351.584,535.813
23.5847,164.58,336.046,500.626
23.6047,169.501,348.117,517.618
23.6247,155.612,333.566,489.178
23.6447,170.468,345.985,516.453
23.6647,154.037,331.462,485.498
23.6847,170.448,344.807,515.255
23.7047,162.363,336.742,499.105
23.7247,151.087,331.223,482.31
23.7447,171.066,337.742,508.808
23.7647,150.244,334.183,484.427
23.7847,168.786,340.196,508.982
23.8047,162.096,345.584,507.68
23.8247,168.384,334.925,503.31
23.8447,160.606,339.267,499.872
23.8647,168.949,337.508,506.458
23.8847,159.008,343.458,502.466
23.9047,174.594,341.379,515.973
23.9247,140.722,331.289,472.012
23.9447,177.756,343.951,521.707
23.9647,151.627,335.724,487.352
23.9847,170.831,339.01,509.841
24.0047,159.199,338.846,498.045
24.0247,163.707,334.203,497.91
24.0447,149.708,332.586,482.294
24.0647,168.964,337.589,506.552
24.0847,163.036,339.757,502.794
24.1047,165.97,334.821,500.791
24.1247,160.676,337.059,497.735
24.1447,172.29,340.837,513.127
24.1647,151.694,334.455,486.149
24.1847,167.699,337.455,505.154
24.2047,161.456,336.389,497.845
24.2247,173.478,337.905,511.383
24.2447,140.597,336.442,477.039
24.2647,180.96,343.111,524.071
24.2847,142.949,331.794,474.743
24.3047,187.941,340.456,528.397
24.3247,134.181,324.058,458.239
24.3447,193.29,347.367,540.657
24.3647,145.859,326.728,472.587
24.3847,178.954,345.714,524.668
24.4047,149.66,326.604,476.264
24.4247,172.307,342.656,514.963
24.4447,158.128,329.706,487.833
24.4647,164.094,337.662,501.756
24.4847,169.154,337.784,506.938
24.5047,171.907,337.961,509.867
24.5247,154.222,334.616,488.838
24.5447,177.849,341.906,519.755
24.5647,145.732,328.997,474.729
24.5847,180.611,342.705,523.316
24.6047,153.215,331.068,484.283
24.6247,193.572,349.447,543.019
24.6447,130.981,322.253,453.234
24.6647,192.211,345.425,537.636
24.6847,135.416,325.931,461.347
24.7047,179.534,343.833,523.367
24.7247,130.732,325.492,456.224
24.7447,176.322,342.56,518.881
24.7647,146.173,326.427,472.6
24.7847,181.166,345.821,526.987
24.8047,143.31,327.115,470.424
24.8247,194.044,348.831,542.875
24.8447,129.313,318.588,447.902
24.8647,181.658,344.893,526.551
24.8847,135.434,321.728,457.162
24.9047,191.446,342.533,533.979
24.9247,146.139,322.605,468.744
24.9447,181.2,344.743,525.943
24.9647,132.3,321.689,453.989
24.9847,185.125,344.285,529.41
25.0047,138.982,319.158,458.14
25.0247,176.427,343.606,520.033
25.0447,147.846,326.638,474.484
25.0647,182.187,345.49,527.678
25.0847,161.135,328.808,489.943
25.1047,171.768,335.526,507.295
25.1247,163.5,333.153,496.654
25.1447,182.014,341.893,523.907
25.1647,142.13,323.97,466.1
25.1847,160.14,336.845,496.985
25.2047,166.125,332.988,499.113
25.2247,167.833,343.105,510.939
25.2447,148.877,326.409,475.286
25.2647,173.101,339.315,512.416
25.2847,167.646,335.006,502.652
25.3047,161.551,334.166,495.717
25.3247,144.793,326.913,471.706
25.3447,167.697,338.855,506.553
25.3647,144.495,323.292,467.787
25.3847,175.455,337.687,513.142
25.4047,145.386,326.248,471.634
25.4247,181.489,341.436,522.925
25.4447,129.552,320.006,449.559
25.4647,176.479,344.767,521.246
25.4847,140.921,322.296,463.217
25.5047,163.235,337.078,500.313
25.5247,144.611,327.476,472.087
25.5447,166.546,337.99,504.536
25.5647,143.852,329.399,473.25
25.5847,178.843,337.318,516.161
25.6047,131.612,317.857,449.469
25.6247,183.873,337.808,521.681
25.6447,162.637,328.417,491.054
25.6647,182.398,341.335,523.733
25.6847,163.791,333.168,496.959
25.7047,175.663,336.679,512.342
25.7247,135.637,325.164,460.801
25.7447,175.682,341.575,517.256
25.7647,139.274,319.974,459.247
25.7847,163.224,330.977,494.2
25.8047,140.948,322.315,463.263
25.8247,174.937,335.138,510.075
25.8447,158.573,328.035,486.608
25.8647,167.797,332.602,500.399
25.8847,153.931,326.307,480.238
25.9047,156.038,333.222,489.26
25.9247,159.848,327.844,487.692
25.9447,154.597,327.983,482.581
25.9647,167.506,331.842,499.348
25.9847,148.956,326.618,475.574
26.0047,167.476,332.046,499.522
26.0247,168.691,330.469,499.159
26.0447,145.592,317.537,463.13
26.0647,161.844,327.575,489.419
26.0847,167.181,330.458,497.639
26.1047,173.148,329.955,503.103
26.1247,145.764,325.983,471.748
26.1447,173.643,333.986,507.629
26.1647,146.578,325.71,472.287
26.1847,170.554,336.161,506.714
26.2047,159.298,324.781,484.079
26.2247,163.178,332.286,495.464
26.2447,156.717,325.93,482.647
26.2647,169.774,332.935,502.709
26.2847,153.3,320.053,473.353
26.3047,172.292,330.998,503.29
26.3247,151.566,330.294,481.86
26.3447,153.964,325.796,479.76
26.3647,152.881,323.819,476.699
26.3847,154.112,326.614,480.725
26.4047,169.428,334.339,503.767
26.4247,172.398,333.51,505.908
26.4447,146.229,327.977,474.206
26.4647,176.646,330.029,506.676
26.4847,153.248,326.775,480.023
26.5047,168.203,329.562,497.765
26.5247,149.86,323.848,473.708
26.5447,153.133,321.649,474.781
26.5647,172.997,331.023,504.02
26.5847,150.429,320.115,470.544
26.6047,152.828,330.452,483.28
26.6247,144.943,322.736,467.68
26.6447,158.675,322.486,481.161
26.6647,156.181,325.652,481.833
26.6847,156.091,329.317,485.408
26.7047,157.513,322.8,480.313
26.7247,146.984,326.841,473.826
26.7447,164.925,326.04,490.965
26.7647,153.267,324.686,477.954
26.7847,171.545,328.26,499.805
26.8047,159.056,324.835,483.89
26.8247,154.828,326.311,481.139
26.8447,143.228,320.72,463.948
26.8647,167.597,329.326,496.924
26.8847,159.717,322.78,482.497
26.9047,163.489,331.788,495.276
26.9247,148.619,319.234,467.853
26.9447,180.268,333.737,514.005
26.9647,145.03,320.299,465.329
26.9847,168.605,328.966,497.571
27.0047,156.564,322.14,478.704
27.0247,163.061,328.512,491.573
27.0447,160.12,325.232,485.352
27.0647,144.17,321.262,465.432
27.0847,145.492,322.542,468.034
27.1047,162.295,325.676,487.971
27.1247,152.276,323.801,476.077
27.1447,165.251,331.025,496.275
27.1647,156.89,320.774,477.664
27.1847,169.924,326.917,496.841
27.2047,149.348,322.47,471.818
27.2247,155.213,321.433,476.646
27.2447,151.407,322.118,473.525
27.2647,172.714,328.704,501.418
27.2847,148.126,322.227,470.354
27.3047,156.885,326.214,483.099
27.3247,161.817,331.496,493.313
27.3447,167.072,323.236,490.308
27.3647,141.634,319.793,461.427
27.3847,176.411,329.416,505.828
27.4047,147.387,322.81,470.197
27.4247,162.549,323.131,485.68
27.4447,145.214,319.076,464.29
27.4647,167.914,326.655,494.569
27.4847,153.536,320.944,474.48
27.5047,167.364,324.941,492.305
27.5247,153.029,323.405,476.434
27.5447,154.799,322.596,477.395
27.5647,144.706,318.042,462.749
27.5847,167.849,325.403,493.252
27.6047,153.987,321.176,475.162
27.6247,163.896,324.224,488.12
27.6447,156.317,323.768,480.085
27.6647,167.837,324.899,492.735
27.6847,141.644,317.027,458.671
27.7047,162.449,325.089,487.539
27.7247,151.2,319.678,470.878
27.7447,170.592,325.077,495.669
27.7647,136.471,310.98,447.45
27.7847,161.412,322.844,484.255
27.8047,144.04,314.404,458.443
27.8247,165.13,323.183,488.312
27.8447,147.868,316.093,463.962
27.8647,148.874,320.398,469.272
27.8847,153.647,320.47,474.117
27.9047,155.114,320.49,475.603
27.9247,156.111,321.959,478.071
27.9447,151.256,319.692,470.948
27.9647,147.484,316.627,464.111
27.9847,157.091,315.386,472.477
28.0047,154.355,318.518,472.872
28.0247,158.418,322.133,480.551
28.0447,156.897,323.651,480.548
28.0647,164.984,324.031,489.014
28.0847,154.978,321.833,476.811
28.1047,153.753,320.55,474.303
28.1247,163.642,325.473,489.115
28.1447,161.297,317.548,478.845
28.1647,163.674,321.96,485.634
28.1847,149.87,316.264,466.134
28.2047,160.152,323.645,483.796
28.2247,142.506,317.003,459.509
28.2447,162.61,321.412,484.021
28.2647,151.888,314.313,466.201
28.2847,165.544,323.404,488.948
28.3047,140.158,312.551,452.708
28.3247,166.239,323.422,489.66
28.3447,149.45,315.556,465.006
28.3647,162.292,326.22,488.511
28.3847,150.978,313.658,464.636
28.4047,160.031,320.767,480.799
28.4247,157.036,314.654,471.69
28.4447,143.55,314.287,457.837
28.4647,164.318,318.628,482.946
28.4847,147.66,313.823,461.484
28.5047,152.541,314.908,467.449
28.5247,139.528,315.863,455.391
28.5447,153.038,316.288,469.326
28.5647,142.999,316.59,459.589
28.5847,150.539,315.417,465.956
28.6047,154.49,320.306,474.796
28.6247,160.843,314.518,475.361
28.6447,145.115,319.689,464.804
28.6647,155.571,312.759,468.33
28.6847,158.938,321.404,480.341
28.7047,149.439,313.38,462.818
28.7247,164.757,324.986,489.743
28.7447,147.539,310.914,458.453
28.7647,145.057,317.3,462.357
28.7847,151.614,314.062,465.676
28.8047,153.349,318.341,471.69
28.8247,148.47,314.569,463.039
28.8447,150.956,312.647,463.603
28.8647,153.864,316.916,470.78
28.8847,150.796,312.038,462.834
28.9047,150.138,313.505,463.643
28.9247,157.325,314.575,471.899
28.9447,163.977,322.438,486.415
28.9647,138.605,307.809,446.414
28.9847,154.676,320.641,475.317
29.0047,152.262,312.287,464.549
29.0247,154.001,312.707,466.708
29.0447,150.62,311.854,462.474
29.0647,150.597,315.075,465.672
29.0847,167.786,320.871,488.658
29.1047,138.929,310.621,449.55
29.1247,158.281,320.916,479.198
29.1447,146.294,314.901,461.195
29.1647,159.546,322.001,481.546
29.1847,142.424,308.971,451.394
29.2047,147.628,313.393,461.021
29.2247,149.796,316.508,466.304
29.2447,148.11,310.243,458.354
29.2647,144.541,310.967,455.508
29.2847,155.632,314.159,469.792
29.3047,151.666,315.396,467.062
29.3247,142.669,309.373,452.042
29.3447,145.248,310.155,455.403
29.3647,166.754,317.648,484.402
29.3847,154.334,316.03,470.364
29.4047,157.225,315.048,472.273
29.4247,145.266,312.231,457.497
29.4447,155.221,310.867,466.088
29.4647,143.994,311.499,455.492
29.4847,150.322,313.979,464.301
29.5047,145.871,311.879,457.75
29.5247,143.652,308.779,452.431
29.5447,156.364,316.022,472.386
29.5647,146.95,310.976,457.926
29.5847,152.868,314.878,467.746
29.6047,143.986,309.709,453.695
29.6247,143.627,310.659,454.285
29.6447,151.011,309.245,460.256
29.6647,145.47,311.81,457.279
29.6847,148.11,306.549,454.659
29.7047,137.016,308.455,445.471
29.7247,149.71,308.881,458.591
29.7447,159.619,313.15,472.769
29.7647,135.617,304.798,440.414
29.7847,167.769,318.243,486.012
29.8047,144.985,304.03,449.015
29.8247,170.266,317.305,487.571
29.8447,146.939,307.073,454.012
29.8647,148.002,314.347,462.349
29.8847,150.106,308.624,458.731
29.9047,153.705,313.898,467.603
29.9247,143.915,309.715,453.63
29.9447,152.921,314.382,467.303
29.9647,135.001,306.263,441.263
29.9847,152.252,310.602,462.854
30.0047,146.857,307.249,454.106
30.0247,153.233,313.882,467.115
30.0447,145.179,308.73,453.91
30.0647,148.544,312.087,460.631
30.0847,151.128,308.234,459.362
30.1047,155.614,317.082,472.696
30.1247,142.572,305.751,448.324
30.1447,152.713,316.446,469.159
30.1647,139.944,304.751,444.694
30.1847,161.002,312.445,473.447
30.2047,140.245,303.381,443.626
30.2247,160.854,315.132,475.985
30.2447,131.528,305.399,436.927
30.2647,152.155,313.365,465.52
30.2847,146.344,305.926,452.27
30.3047,149.709,311.163,460.872
30.3247,141.612,302.925,444.537
30.3447,144.461,308.757,453.218
30.3647,141.73,307.534,449.264
30.3847,163.071,312.537,475.608
30.4047,146.596,304.931,451.527
30.4247,141.619,306.079,447.698
30.4447,159.356,314.112,473.468
30.4647,149.978,307.62,457.598
30.4847,134.675,304.125,438.8
30.5047,141.58,303.95,445.53
30.5247,149.168,306.398,455.566
30.5447,160.978,309.246,470.224
30.5647,155.018,309.067,464.086
30.5847,158.307,307.332,465.638
30.6047,140.433,307.833,448.266
30.6247,147.372,307.052,454.425
30.6447,151.812,310.55,462.362
30.6647,148.999,309.936,458.935
30.6847,152.932,307.613,460.546
30.7047,157.835,305.983,463.818
30.7247,153.106,311.768,464.873
30.7447,146.82,306.119,452.939
30.7647,142.734,307.959,450.693
30.7847,148.107,304.563,452.669
30.8047,155.983,308.218,464.2
30.8247,141.014,305.058,446.071
30.8447,147.207,304.572,451.779
30.8647,140.456,301.826,442.282
30.8847,148.05,308.888,456.938
30.9047,150.821,304.304,455.124
30.9247,142.943,305.79,448.732
30.9447,155.929,309.129,465.058
30.9647,135.408,300.263,435.671
30.9847,150.59,304.877,455.468
31.0047,136.302,303.565,439.867
31.0247,142.704,300.995,443.699
31.0447,139.225,303.631,442.857
31.0647,161.083,309.028,470.111
31.0847,139.141,304.345,443.486
31.1047,147.407,307.176,454.584
31.1247,160.202,313.753,473.955
31.1447,143.51,301.805,445.315
31.1647,141.373,303.031,444.404
31.1847,148.749,306.801,455.55
31.2047,150.931,304.432,455.364
31.2247,146.106,305.136,451.242
31.2447,152.237,304.872,457.109
31.2647,145.149,304.914,450.063
31.2847,153.25,310.248,463.498
31.3047,152.992,306.729,459.721
31.3247,138.67,304.012,442.682
31.3447,145.044,304.508,449.552
31.3647,146.164,303.996,450.159
31.3847,137.561,302.659,440.219
31.4047,155.089,305.783,460.871
31.4247,137.672,301.098,438.77
31.4447,157.894,307.657,465.551
31.4647,140.732,301.461,442.194
31.4847,163.017,306.398,469.415
31.5047,155.135,303.547,458.682
31.5247,138.325,301.04,439.366
31.5447,141.757,302.754,444.511
31.5647,141.835,299.151,440.986
31.5847,149.097,303.634,452.732
31.6047,154.084,305.808,459.892
31.6247,136.594,295.958,432.552
31.6447,139.449,299.603,439.053
31.6647,141.997,300.496,442.493
31.6847,144.017,304.556,448.573
31.7047,145.105,301.262,446.367
31.7247,136.832,298.752,435.585
31.7447,160.566,309.149,469.715
31.7647,138.919,295.349,434.268
31.7847,143.379,303.697,447.076
31.8047,151.382,305.511,456.893
31.8247,144.559,302.631,447.19
31.8447,138.325,296.533,434.858
31.8647,146.37,301.735,448.105
31.8847,141.165,300.239,441.404
31.9047,147.04,302.281,449.322
31.9247,140.428,299.515,439.943
31.9447,143.743,301.304,445.047
31.9647,146.166,303.578,449.744
31.9847,145.655,299.745,445.4
32.0047,157.933,302.778,460.711
32.0247,147.565,302.967,450.532
32.0447,140.263,298.657,438.919
32.0647,160.602,305.686,466.288
32.0847,144.095,299.449,443.544
32.1047,140.92,300.158,441.078
32.1247,144.295,303.379,447.674
32.1447,128.376,294.49,422.866
32.1647,146.65,304.387,451.037
32.1847,129.646,295.008,424.654
32.2047,160.658,308.777,469.435
32.2247,138.428,297.035,435.462
32.2447,149.542,303.106,452.648
32.2647,141.428,297.22,438.649
32.2847,147.409,300.597,448.006
32.3047,132.363,296.544,428.907
32.3247,161.469,305.639,467.108
32.3447,132.817,294.512,427.329
32.3647,153.225,305.439,458.664
32.3847,128.214,298.322,426.536
32.4047,157.062,302.344,459.406
32.4247,131.168,295.218,426.386
32.4447,141.719,296.498,438.217
32.4647,140.291,297.131,437.422
32.4847,143.37,299.751,443.121
32.5047,140.12,295.651,435.772
32.5247,153.05,304.083,457.134
32.5447,146.413,300.057,446.47
32.5647,148.238,296.799,445.037
32.5847,143.75,298.485,442.235
32.6047,141.276,296.114,437.389
32.6247,142.428,298.847,441.275
32.6447,152.524,301.724,454.248
32.6647,140.597,297.359,437.956
32.6847,158.62,304.377,462.997
32.7047,127.322,289.164,416.485
32.7247,154.131,301.142,455.273
32.7447,139.46,299.11,438.57
32.7647,150.598,297.753,448.351
32.7847,133.001,295.411,428.412
32.8047,140.143,299.061,439.204
32.8247,139.388,297.79,437.179
32.8447,139.4,300.457,439.857
32.8647,142.572,295.613,438.185
32.8847,149.284,304.24,453.523
32.9047,138.183,291.651,429.834
32.9247,148.27,296.475,444.745
32.9447,128.409,291.33,419.738
32.9647,148.815,300.641,449.456
32.9847,141.331,293.07,434.401
33.0047,138.555,298.629,437.184
33.0247,135.597,292.914,428.511
33.0447,146.459,300.629,447.089
33.0647,136.802,291.214,428.017
33.0847,147.774,300.199,447.973
33.1047,137.369,291.724,429.093
33.1247,150.733,302.706,453.439
33.1447,141.363,292.596,433.959
33.1647,136.881,296.46,433.341
33.1847,141.373,292.827,434.2
33.2047,133.348,298.211,431.558
33.2247,147.292,298.369,445.661
33.2447,145.029,297.84,442.869
33.2647,144.506,293.723,438.229
33.2847,135.686,297.851,433.536
33.3047,138.36,292.978,431.338
33.3247,125.808,295.144,420.952
33.3447,153.58,295.994,449.574
33.3647,128.53,293.934,422.464
33.3847,159.254,295.81,455.064
33.4047,126.476,292.188,418.663
33.4247,156.366,298.004,454.371
33.4447,143.247,298.645,441.892
33.4647,140.716,289.431,430.146
33.4847,135.315,293.723,429.039
33.5047,149.7,289.605,439.305
33.5247,120.217,293.391,413.608
33.5447,147.339,294.627,441.965
33.5647,139.015,296.798,435.813
33.5847,153.475,295.929,449.404
33.6047,125.364,290.459,415.823
33.6247,147.577,294.78,442.358
33.6447,133.674,291.024,424.698
33.6647,155.257,299.675,454.931
33.6847,137.093,294.393,431.486
33.7047,149.418,296.164,445.583
33.7247,139.824,293.555,433.379
33.7447,148.554,294.44,442.993
33.7647,140.515,293.265,433.78
33.7847,132.725,288.16,420.886
33.8047,145.111,294.595,439.706
33.8247,147.804,294.283,442.088
33.8447,148.355,297.353,445.708
33.8647,141.765,292.112,433.877
33.8847,143.104,293.902,437.006
33.9047,141.744,296.751,438.495
33.9247,128.068,291.744,419.812
33.9447,142.422,295.12,437.542
33.9647,137.551,290.84,428.392
33.9847,140.225,294.137,434.362
34.0047,124.633,290.083,414.716
34.0247,150.681,295.847,446.529
34.0447,132.187,290.838,423.025
34.0647,130.297,287.251,417.548
34.0847,141.391,295.914,437.305
34.1047,134.614,287.465,422.079
34.1247,141.122,290.671,431.793
34.1447,140.761,296.111,436.873
34.1647,142.79,292.303,435.092
34.1847,138.404,290.865,429.27
34.2047,136.063,291.127,427.19
34.2247,151.336,299.466,450.802
34.2447,138.409,292.873,431.282
34.2647,147.714,296.226,443.94
34.2847,135.405,288.884,424.289
34.3047,132.531,291.22,423.751
34.3247,136.12,293.026,429.146
34.3447,139.257,292.102,431.359
34.3647,141.96,291.734,433.694
34.3847,132.92,290.039,422.959
34.4047,136.145,288.104,424.249
34.4247,141.802,290.698,432.5
34.4447,132.742,284.216,416.958
34.4647,139.112,290.165,429.277
34.4847,119.796,283.281,403.077
34.5047,145.134,287.534,432.668
34.5247,133.996,290.47,424.466
34.5447,141.822,290.848,432.67
34.5647,126.53,285.378,411.908
34.5847,150.067,291.182,441.249
34.6047,132.223,288.06,420.284
34.6247,136.791,291.754,428.545
34.6447,139.788,290.024,429.812
34.6647,139.055,291.895,430.95
34.6847,136.454,288.952,425.406
34.7047,138.778,291.915,430.694
34.7247,133.635,289.25,422.885
34.7447,137.948,290.455,428.403
34.7647,127.187,286.122,413.309
34.7847,139.853,293.311,433.164
34.8047,130.478,286.223,416.701
34.8247,147.132,292.634,439.765
34.8447,135.852,283.109,418.961
34.8647,142.641,294.223,436.863
34.8847,127.423,285.413,412.836
34.9047,132.155,289.012,421.167
34.9247,122.594,281.284,403.877
34.9447,155.304,293.695,448.999
34.9647,124.18,286.69,410.869
34.9847,135.139,285.192,420.331
35.0047,137.352,288.298,425.651
35.0247,152.268,287.718,439.986
35.0447,135.856,287.278,423.134
35.0647,130.818,286.449,417.267
35.0847,140.398,287.257,427.655
35.1047,137.918,291.332,429.251
35.1247,135.614,280.864,416.478
35.1447,151.861,287.92,439.78
35.1647,128.68,285.574,414.253
35.1847,141.818,287.949,429.767
35.2047,126.476,285.07,411.547
35.2247,142.738,285.132,427.87
35.2447,138.421,288.658,427.079
35.2647,138.143,288.81,426.953
35.2847,131.952,284.791,416.743
35.3047,151.192,293.167,444.359
35.3247,133.754,286.581,420.335
35.3447,136.283,285.706,421.989
35.3647,138.602,288.036,426.638
35.3847,133.141,282.549,415.691
35.4047,138.91,286.101,425.01
35.4247,127.256,282.462,409.717
35.4447,135.778,286.853,422.631
35.4647,134.181,285.561,419.741
35.4847,138.565,282.937,421.503
35.5047,136.321,288.87,425.191
35.5247,133.977,284.094,418.071
35.5447,137.045,285.696,422.741
35.5647,131.918,281.98,413.899
35.5847,132.175,285.367,417.541
35.6047,133.505,285.968,419.473
35.6247,141.57,286.812,428.382
35.6447,134.856,284.22,419.075
35.6647,137.098,287.409,424.507
35.6847,128.036,278.403,406.439
35.7047,137.422,287.792,425.214
35.7247,139.32,284.865,424.186
35.7447,124.797,282.491,407.288
35.7647,133.878,285.533,419.411
35.7847,130.715,282.251,412.965
35.8047,139.466,287.685,427.151
35.8247,128.929,285.561,414.49
35.8447,131.619,285.325,416.944
35.8647,124.518,284.37,408.888
35.8847,143.884,285.888,429.772
35.9047,125.236,282.786,408.021
35.9247,137.404,288.189,425.593
35.9447,121.082,281.071,402.154
35.9647,141.475,288.919,430.394
35.9847,123.883,280.791,404.674
36.0047,146.16,288.509,434.67
36.0247,129.734,278.63,408.364
36.0447,127.852,281.075,408.927
36.0647,124.403,279.38,403.783
36.0847,139.015,285.826,424.841
36.1047,125.085,276.529,401.614
36.1247,140.163,287.118,427.281
36.1447,128.774,282.536,411.31
36.1647,143.447,285.84,429.287
36.1847,125.877,279.454,405.331
36.2047,144.845,284.305,429.15
36.2247,129.257,281.067,410.324
36.2447,135.258,284.19,419.448
36.2647,133.666,283.997,417.662
36.2847,134.096,282.892,416.987
36.3047,129.837,282.382,412.218
36.3247,136.64,283.625,420.265
36.3447,129.045,282.417,411.463
36.3647,134.396,280.455,414.852
36.3847,128.99,283.016,412.006
36.4047,135.007,280.881,415.887
36.4247,137.7,283.565,421.265
36.4447,132.975,280.6,413.576
36.4647,135.041,282.657,417.698
36.4847,133.343,283.163,416.506
36.5047,121.28,278,399.28
36.5247,137.474,283.125,420.598
36.5447,123.534,275.756,399.29
36.5647,140.477,284.176,424.653
36.5847,125.849,282.589,408.438
36.6047,130.506,280.447,410.953
36.6247,130.894,279.89,410.784
36.6447,145.09,284.046,429.135
36.6647,121.494,276.73,398.224
36.6847,134.895,281.392,416.287
36.7047,122.623,276.168,398.791
36.7247,143.031,281.46,424.492
36.7447,128.243,277.906,406.149
36.7647,133.656,284.276,417.932
36.7847,130.814,278.164,408.979
36.8047,130.079,280.404,410.483
36.8247,128.759,277.717,406.476
36.8447,142.838,283.634,426.472
36.8647,119.42,276.737,396.158
36.8847,143.099,285.01,428.108
36.9047,125.982,281.534,407.516
36.9247,140.176,277.543,417.719
36.9447,126.326,275.561,401.887
36.9647,129.88,279.934,409.814
36.9847,136.609,279.523,416.132
37.0047,137.075,280.857,417.932
37.0247,124.206,277.75,401.956
37.0447,129.296,278.318,407.615
37.0647,137.384,280.897,418.281
37.0847,127.555,279.139,406.694
37.1047,134.136,280.566,414.702
37.1247,122.959,274.405,397.364
37.1447,135.932,279.767,415.699
37.1647,130.279,277.748,408.027
37.1847,125.337,274.714,400.051
37.2047,127.031,277.231,404.262
37.2247,125.755,282.832,408.587
37.2447,138.004,284.255,422.258
37.2647,117.898,276.347,394.245
37.2847,142.647,284.584,427.231
37.3047,113.263,269.183,382.446
37.3247,136.708,283.568,420.276
37.3447,126.199,275.225,401.425
37.3647,140.181,276.439,416.62
37.3847,126.29,278.117,404.407
37.4047,130.652,283.954,414.606
37.4247,130.127,276.732,406.859
37.4447,128.77,276.584,405.354
37.4647,123.21,273.998,397.208
37.4847,119.284,275.689,394.973
37.5047,124.835,272.253,397.088
37.5247,130.141,277.934,408.075
37.5447,129.836,274.536,404.373
37.5647,134.416,282.423,416.839
37.5847,123.706,274.893,398.599
37.6047,137.593,280.17,417.763
37.6247,117.084,271.802,388.886
37.6447,142.219,281.373,423.592
37.6647,127.543,276.591,404.133
37.6847,128.149,277.222,405.37
37.7047,138.343,274.178,412.521
37.7247,132.668,278.809,411.478
37.7447,129.318,271.842,401.16
37.7647,132.151,279.774,411.925
37.7847,121.744,271.172,392.916
37.8047,124.452,277.53,401.983
37.8247,146.145,277.39,423.535
37.8447,111.081,267.971,379.052
37.8647,122.874,279.492,402.366
37.8847,123.967,273.413,397.381
37.9047,138.174,278.893,417.066
37.9247,122.228,272.532,394.759
37.9447,137.581,279.007,416.588
37.9647,122.287,273.304,395.591
37.9847,125.853,275.413,401.266
38.0047,123.093,273.145,396.238
38.0247,136.768,280.241,417.01
38.0447,120.881,274.244,395.125
38.0647,123.64,280.24,403.88
38.0847,114.218,269.057,383.275
38.1047,142.652,279.786,422.438
38.1247,116.551,269.925,386.476
38.1447,134.222,280.627,414.85
38.1647,131.841,275.833,407.673
38.1847,134.738,275.32,410.058
38.2047,126.557,269.227,395.785
38.2247,133.289,278.925,412.214
38.2447,127.551,272.782,400.333
38.2647,130.664,275.899,406.563
38.2847,122.148,269.076,391.224
38.3047,129.682,271.129,400.811
38.3247,120.762,272.69,393.452
38.3447,136.168,277.979,414.147
38.3647,122.436,271.881,394.317
38.3847,139.366,277.46,416.826
38.4047,127.593,274.942,402.535
38.4247,127.046,276.401,403.446
38.4447,131.56,276.22,407.78
38.4647,120.243,269.336,389.579
38.4847,135.324,275.017,410.34
38.5047,120.707,271.344,392.051
38.5247,121.786,267.308,389.094
38.5447,132.591,275.287,407.878
38.5647,126.899,274.831,401.73
38.5847,132.26,271.843,404.104
38.6047,123.565,270.693,394.258
38.6247,130.191,273.04,403.23
38.6447,135.016,277.779,412.795
38.6647,114.306,269.078,383.384
38.6847,119.455,273.363,392.818
38.7047,121.346,270.694,392.041
38.7247,132.43,273.079,405.51
38.7447,122.128,267.584,389.712
38.7647,122.776,274.944,397.72
38.7847,127.755,273.09,400.845
38.8047,124.03,270.705,394.736
38.8247,136.7,275.35,412.05
38.8447,122.65,275.376,398.026
38.8647,123.737,266.961,390.699
38.8847,122.781,269.721,392.502
38.9047,123.824,270.119,393.943
38.9247,121.502,273.996,395.499
38.9447,120.473,270.149,390.621
38.9647,122.63,270.896,393.526
38.9847,127.155,273.012,400.167
39.0047,124.847,270.656,395.503
39.0247,120.912,266.791,387.703
39.0447,118.726,270.128,388.855
39.0647,123.879,270.217,394.097
39.0847,123.366,270.651,394.018
39.1047,141.703,278.714,420.417
39.1247,113.156,267.908,381.063
39.1447,137.741,273.631,411.372
39.1647,117.657,271.326,388.983
39.1847,130.867,273.957,404.823
39.2047,120.283,269.813,390.097
39.2247,124.567,266.578,391.145
39.2447,115.857,267.4,383.257
39.2647,125.845,270.288,396.133
39.2847,119.391,270.592,389.983
39.3047,140.34,273.491,413.832
39.3247,125.679,269.138,394.817
39.3447,128.087,269.762,397.849
39.3647,118.331,267.916,386.248
39.3847,125.195,275.034,400.228
39.4047,133.958,276.745,410.703
39.4247,133.669,275.229,408.898
39.4447,125.704,272.566,398.271
39.4647,127.072,267.262,394.335
39.4847,109.695,266.053,375.748
39.5047,130.15,266.769,396.919
39.5247,113.477,264.104,377.58
39.5447,120.801,263.541,384.342
39.5647,123.514,268.773,392.287
39.5847,117.68,259.808,377.489
39.6047,124.826,270.9,395.726
39.6247,127.556,271.872,399.428
39.6447,124.989,268.75,393.74
39.6647,124.75,267.035,391.784
39.6847,136.35,268.482,404.832
39.7047,124.277,265.381,389.658
39.7247,120.414,267.12,387.534
39.7447,131.114,270.056,401.171
39.7647,125.507,268.061,393.568
39.7847,127.661,268.385,396.046
39.8047,117.722,266.512,384.234
39.8247,126.664,271.089,397.753
39.8447,115.455,263.494,378.949
39.8647,126.166,269.105,395.271
39.8847,116.244,264.041,380.285
39.9047,129.162,270.581,399.742
39.9247,117.106,263.278,380.384
39.9447,127.1,263.909,391.009
39.9647,123.824,265.524,389.347
39.9847,114.586,265.318,379.904
40.0047,130.217,268.374,398.591
40.0247,119.71,267.328,387.038
40.0447,132.314,270.401,402.715
40.0647,121.752,265.289,387.041
40.0847,117.787,266.644,384.43
40.1047,119.926,266.083,386.009
40.1247,123.376,267.818,391.194
40.1447,119.467,264.442,383.909
40.1647,125.425,268.77,394.195
40.1847,130.6,268.671,399.271
40.2047,118.667,265.925,384.591
40.2247,117.192,267.289,384.481
40.2447,120.712,265.185,385.896
40.2647,128.638,269.312,397.95
40.2847,121.334,266.933,388.267
40.3047,120.337,266.231,386.568
40.3247,132.255,268.733,400.987
40.3447,108.044,255.562,363.606
40.3647,127.218,266.791,394.009
40.3847,117.817,268.526,386.343
40.4047,125.969,263.184,389.153
40.4247,122.561,262.224,384.785
40.4447,126.154,267.142,393.296
40.4647,128.407,266.844,395.251
40.4847,119.993,260.797,380.791
40.5047,116.852,263.866,380.718
40.5247,119.034,261.58,380.614
40.5447,119.024,260.848,379.872
40.5647,132.278,270.034,402.312
40.5847,121.388,263.427,384.815
40.6047,122.85,265.167,388.017
40.6247,125.149,265.279,390.428
40.6447,127.997,267.622,395.619
40.6647,104.55,261.329,365.879
40.6847,127.93,264.272,392.202
40.7047,123.728,264.474,388.202
40.7247,115.194,261.768,376.961
40.7447,118.753,263.522,382.275
40.7647,130.691,266.021,396.713
40.7847,116.904,262.216,379.12
40.8047,114.977,262.606,377.583
40.8247,116.157,261.721,377.879
40.8447,128.392,270.054,398.445
40.8647,124.363,267.862,392.225
40.8847,131.635,266.118,397.753
40.9047,121.088,264.822,385.911
40.9247,112.439,262.461,374.9
40.9447,122.551,266.607,389.159
40.9647,120.85,263.052,383.902
40.9847,127.366,262.893,390.258
41.0047,119.877,262.166,382.043
41.0247,131.774,261.7,393.474
41.0447,129.919,267.386,397.305
41.0647,119.435,261.946,381.381
41.0847,129.67,264.582,394.252
41.1047,119.013,261.819,380.832
41.1247,127.034,262.722,389.755
41.1447,128.541,263.057,391.598
41.1647,113.986,256.105,370.092
41.1847,121.134,264.195,385.329
41.2047,110.997,257.939,368.936
41.2247,120.135,262.234,382.37
41.2447,122.442,265.23,387.672
41.2647,119.59,264.683,384.273
41.2847,122.702,259.639,382.341
41.3047,112.839,261.515,374.354
41.3247,125.38,264.503,389.882
41.3447,117.219,263.756,380.975
41.3647,124.194,260.013,384.207
41.3847,115.644,258.019,373.663
41.4047,113.294,259.949,373.243
41.4247,119.729,262.749,382.478
41.4447,126.013,262.345,388.358
41.4647,116.282,261.002,377.284
41.4847,120.56,262.497,383.057
41.5047,129.563,264.569,394.132
41.5247,118.767,262.785,381.551
41.5447,115.713,257.468,373.181
41.5647,112.504,257.946,370.451
41.5847,132.774,265.822,398.596
41.6047,109.855,257.017,366.872
41.6247,120.751,259.842,380.593
41.6447,118.4,260.023,378.423
41.6647,123.275,265.314,388.589
41.6847,116.015,260.02,376.035
41.7047,123.973,260.398,384.371
41.7247,108.482,256.491,364.973
41.7447,127.347,261.393,388.74
41.7647,113.198,257.985,371.183
41.7847,133.065,267.35,400.416
41.8047,111.929,253.924,365.854
41.8247,117.078,257.043,374.121
41.8447,118.046,258.018,376.064
41.8647,118.198,258.886,377.084
41.8847,117.302,259.9,377.201
41.9047,121.482,262.239,383.722
41.9247,110.877,253.912,364.789
41.9447,129.76,265.064,394.824
41.9647,115.089,257.964,373.054
41.9847,121.514,262.733,384.246
42.0047,124.092,262.273,386.365
42.0247,112.901,255.067,367.968
42.0447,116.211,260.434,376.645
42.0647,127.855,256.845,384.7
42.0847,118.373,258.265,376.638
42.1047,126.553,260.72,387.273
42.1247,119.898,256.924,376.822
42.1447,120.259,256.692,376.952
42.1647,119.656,260.058,379.714
42.1847,118.073,257.344,375.417
42.2047,109.665,257.709,367.374
42.2247,108.693,254.866,363.558
42.2447,123.62,260.001,383.621
42.2647,117.431,257.557,374.989
42.2847,105.242,254.931,360.173
42.3047,119.294,257.779,377.073
42.3247,111.861,258.263,370.124
42.3447,122.734,256.872,379.605
42.3647,110.436,254.8,365.236
42.3847,123.544,260.759,384.303
42.4047,122.113,256.173,378.286
42.4247,127.955,261.632,389.587
42.4447,113.606,252.77,366.376
42.4647,125.637,259.718,385.355
42.4847,115.351,254.929,370.28
42.5047,120.953,255.447,376.4
42.5247,109.011,255.1,364.11
42.5447,130.764,263.911,394.675
42.5647,114.414,253.228,367.642
42.5847,127.976,262.628,390.603
42.6047,116.071,256.856,372.927
42.6247,129.677,259.817,389.494
42.6447,111.74,254.786,366.526
42.6647,122.533,256.268,378.8
42.6847,133.716,262.84,396.556
42.7047,110.61,255.534,366.144
42.7247,113.688,255.905,369.594
42.7447,116.952,255.156,372.107
42.7647,120.346,256.706,377.052
42.7847,118.204,254.673,372.877
42.8047,109.936,249.684,359.62
42.8247,128.806,257.077,385.883
42.8447,110.714,249.95,360.664
42.8647,111.529,251.526,363.055
42.8847,120.823,253.848,374.671
42.9047,113.263,255.021,368.285
42.9247,113.229,253.314,366.543
42.9447,126.093,256.634,382.726
42.9647,123.591,256.749,380.34
42.9847,111.268,253.652,364.92
43.0047,109.06,254.763,363.823
43.0247,124.178,255.476,379.653
43.0447,112.66,254.737,367.397
43.0647,118.835,256.552,375.387
43.0847,112.295,252.525,364.82
43.1047,126.515,256.386,382.901
43.1247,120.609,256.674,377.282
43.1447,122.582,255.339,377.922
43.1647,117.656,257.116,374.772
43.1847,117.264,258.722,375.986
43.2047,110.726,254.749,365.474
43.2247,126.541,258.232,384.774
43.2447,107.726,251.435,359.161
43.2647,129.637,260.853,390.49
43.2847,112.931,252.348,365.278
43.3047,113.153,254.94,368.093
43.3247,110.001,253.233,363.235
43.3447,110.883,253.693,364.576
43.3647,114.783,256.415,371.198
43.3847,105.378,254.117,359.496
43.4047,124.023,255.473,379.496
43.4247,116.16,251.432,367.591
43.4447,115.144,250.506,365.65
43.4647,127.708,256.148,383.856
43.4847,105.057,250.324,355.381
43.5047,114.308,250.518,364.827
43.5247,112.239,251.212,363.451
43.5447,110.89,251.248,362.137
43.5647,115.989,253.728,369.718
43.5847,118.929,255.164,374.093
43.6047,115.832,254.189,370.021
43.6247,118.392,251.394,369.786
43.6447,106.459,250.198,356.657
43.6647,114.901,254.062,368.963
43.6847,115.382,253.334,368.716
43.7047,115.764,253.41,369.174
43.7247,113.989,255.518,369.507
43.7447,116.739,253.177,369.915
43.7647,102.041,250.526,352.567
43.7847,115.308,255.934,371.242
43.8047,121.644,252.219,373.863
43.8247,118.78,249.557,368.337
43.8447,128.766,256.636,385.402
43.8647,112.117,253.611,365.729
43.8847,107.527,249.661,357.188
43.9047,122.255,256.24,378.495
43.9247,114.001,248.023,362.024
43.9447,118.593,253.016,371.609
43.9647,113.852,250.229,364.081
43.9847,117.845,251.239,369.084
44.0047,103.936,249.751,353.687
44.0247,112.318,252.348,364.665
44.0447,114.844,251.117,365.961
44.0647,115.448,254.054,369.502
44.0847,115.254,253.92,369.174
44.1047,120.058,249.106,369.164
44.1247,105.245,247.911,353.156
44.1447,113.912,251.18,365.092
44.1647,120.441,252.594,373.034
44.1847,118.047,251.525,369.572
44.2047,110.689,250.377,361.066
44.2247,109.09,250.33,359.421
44.2447,112.435,248.784,361.219
44.2647,114.396,251.547,365.943
44.2847,122.45,254.18,376.63
44.3047,112.218,251.406,363.623
44.3247,116.314,249.171,365.485
44.3447,110.558,246.05,356.608
44.3647,105.542,251.716,357.258
44.3847,121.719,252.353,374.072
44.4047,117.515,249.101,366.616
44.4247,112.65,251.613,364.263
44.4447,117.153,251.796,368.95
44.4647,118.486,251.895,370.382
44.4847,120.924,250.931,371.855
44.5047,116.759,249.35,366.109
44.5247,117.996,251.297,369.293
44.5447,119.26,251.992,371.252
44.5647,101.556,247.922,349.478
44.5847,117.336,251.325,368.661
44.6047,105.855,248.588,354.443
44.6247,110.593,247.952,358.545
44.6447,118.382,247.009,365.392
44.6647,106.431,245.095,351.526
44.6847,110.664,247,357.663
44.7047,113.07,247.719,360.789
44.7247,106.39,248.476,354.867
44.7447,114.804,249.443,364.248
44.7647,118.69,251.557,370.247
44.7847,118.769,252.86,371.629
44.8047,117.316,248.018,365.335
44.8247,122.151,251.483,373.635
44.8447,108.246,246.591,354.837
44.8647,113.574,251.012,364.587
44.8847,121.265,250.165,371.43
44.9047,114.573,246.484,361.057
44.9247,113.752,246.073,359.825
44.9447,111.085,247.383,358.468
44.9647,125.013,254.73,379.743
44.9847,112.125,248.531,360.656
45.0047,122.644,250.895,373.539
45.0247,108.14,245.571,353.71
45.0447,112.297,247.824,360.122
45.0647,107.245,244.862,352.107
45.0847,127.004,249.524,376.528
45.1047,107.603,245.922,353.524
45.1247,117.896,246.16,364.057
45.1447,103.663,242.718,346.381
45.1647,120.425,248.771,369.196
45.1847,110.455,246.386,356.841
45.2047,115.945,246.761,362.706
45.2247,100.409,241.815,342.224
45.2447,113.2,247.818,361.018
45.2647,104.402,245.453,349.856
45.2847,110.281,245.134,355.415
45.3047,110.489,247.709,358.198
45.3247,116.973,248.378,365.351
45.3447,123.438,250.168,373.606
45.3647,121.559,247.614,369.174
45.3847,108.079,245.617,353.696
45.4047,113.77,249.971,363.741
45.4247,106.029,245.409,351.438
45.4447,118.083,250.763,368.846
45.4647,99.5086,241.437,340.946
45.4847,112.173,247.209,359.382
45.5047,106.161,243.224,349.386
45.5247,105.491,247.381,352.872
45.5447,114.39,247.999,362.389
45.5647,119.487,248.73,368.217
45.5847,115.814,249.242,365.056
45.6047,112.57,246.049,358.619
45.6247,114.702,249.224,363.926
45.6447,110.869,246.638,357.507
45.6647,117.562,246.022,363.584
45.6847,107.557,245.137,352.694
45.7047,117.657,247.225,364.882
45.7247,111.806,243.606,355.412
45.7447,102.056,248.111,350.167
45.7647,114.125,243.721,357.846
45.7847,104.891,242.652,347.542
45.8047,109.75,248.212,357.962
45.8247,111.108,243.41,354.519
45.8447,123.221,250.045,373.266
45.8647,109.43,245.126,354.556
45.8847,114.532,243.809,358.34
45.9047,110.128,245.42,355.548
45.9247,118.301,243.667,361.969
45.9447,108.809,244.494,353.303
45.9647,103.459,240.364,343.822
45.9847,106.058,245.869,351.927
46.0047,110.677,246.727,357.404
46.0247,97.4821,241.682,339.164
46.0447,113.699,247.9,361.599
46.0647,112.839,245.97,358.809
46.0847,111.302,246.139,357.442
46.1047,115.318,243.237,358.555
46.1247,107.421,244.659,352.08
46.1447,109.971,243.776,353.747
46.1647,104.651,245.843,350.494
46.1847,110.191,246.771,356.962
46.2047,109.11,244.985,354.095
46.2247,111.028,238.575,349.604
46.2447,119.191,242.516,361.707
46.2647,111.087,247.127,358.214
46.2847,118.769,248.014,366.783
46.3047,111.374,246.585,357.959
46.3247,110.263,243.199,353.462
46.3447,110.159,246.983,357.142
46.3647,107.278,243.574,350.852
46.3847,115.736,244.115,359.851
46.4047,113.179,243.815,356.994
46.4247,112.436,243.089,355.525
46.4447,107.138,239.796,346.934
46.4647,122.333,247.48,369.813
46.4847,103.538,241.542,345.08
46.5047,117.302,245.715,363.016
46.5247,118.366,244.603,362.969
46.5447,97.8207,236.148,333.969
46.5647,118.212,244.911,363.123
46.5847,107.759,242.626,350.384
46.6047,110.299,239.914,350.213
46.6247,112.277,244.701,356.978
46.6447,116.945,244.205,361.15
46.6647,99.7407,241.798,341.539
46.6847,107.432,242.032,349.464
46.7047,106.184,242.253,348.438
46.7247,102.968,242.196,345.164
46.7447,109.883,241.671,351.554
46.7647,106.362,239.631,345.992
46.7847,114.701,244.232,358.933
46.8047,107.751,236.673,344.424
46.8247,111.396,240.29,351.685
46.8447,103.168,239.192,342.361
46.8647,111.854,242.759,354.613
46.8847,121.704,249.84,371.545
46.9047,95.3169,236.783,332.1
46.9247,113.85,242.62,356.47
46.9447,102.552,237.072,339.624
46.9647,108.601,240.788,349.389
46.9847,108.359,241.981,350.339
47.0047,108.722,245.101,353.822
47.0247,114.767,242.982,357.75
47.0447,106.44,243.355,349.795
47.0647,110.467,238.784,349.251
47.0847,112.804,236.298,349.102
47.1047,118.192,243.622,361.814
47.1247,110.176,241.523,351.699
47.1447,99.5822,235.037,334.62
47.1647,118.692,240.655,359.347
47.1847,105.269,239.863,345.132
47.2047,104.038,239.769,343.808
47.2247,106.055,238.8,344.855
47.2447,114.48,243.416,357.896
47.2647,110.681,240.059,350.74
47.2847,114.596,240.946,355.542
47.3047,103.446,238.671,342.117
47.3247,104.808,238.142,342.95
47.3447,117.259,247.385,364.644
47.3647,109.433,240.043,349.476
47.3847,100.506,238.94,339.446
47.4047,113.338,242.61,355.948
47.4247,95.1088,236.58,331.688
47.4447,116.745,244.337,361.082
47.4647,104.854,239.56,344.414
47.4847,105.98,237.873,343.853
47.5047,107.717,237.978,345.695
47.5247,110.087,238.228,348.315
47.5447,105.32,236.41,341.731
47.5647,116.151,242.613,358.763
47.5847,107.003,239.825,346.828
47.6047,100.263,240.025,340.288
47.6247,113.182,238.228,351.411
47.6447,103.327,235.527,338.854
47.6647,108.447,241.113,349.56
47.6847,100.502,241.837,342.339
47.7047,117.508,241.607,359.116
47.7247,112.487,239.125,351.611
47.7447,107.71,238.189,345.898
47.7647,107.24,240.494,347.734
47.7847,102.96,237.548,340.508
47.8047,104.811,238.132,342.943
47.8247,113.775,239.918,353.693
47.8447,108.369,240.561,348.93
47.8647,109.413,241.497,350.91
47.8847,111.437,241.211,352.647
47.9047,104.565,239.946,344.511
47.9247,97.8232,237.689,335.512
47.9447,116.791,237.355,354.146
47.9647,100.092,235.094,335.186
47.9847,109.099,240,349.099
48.0047,106.883,239.991,346.873
48.0247,108.397,239.34,347.737
48.0447,98.3083,237.146,335.455
48.0647,107.477,236.752,344.229
48.0847,98.1591,234.494,332.653
48.1047,102.117,239.441,341.558
48.1247,111.9,240.221,352.12
48.1447,118.806,238.793,357.599
48.1647,113.905,239.251,353.156
48.1847,95.1424,233.547,328.69
48.2047,111.449,237.363,348.812
48.2247,106.775,235.498,342.273
48.2447,92.6114,231.166,323.777
48.2647,105.235,240.344,345.579
48.2847,104.394,235.865,340.259
48.3047,113.594,242.467,356.06
48.3247,111.422,238.546,349.968
48.3447,104.852,237.097,341.949
48.3647,116.061,238.563,354.624
48.3847,111.759,240.786,352.546
48.4047,107.503,235.257,342.76
48.4247,95.8343,238.22,334.054
48.4447,106.304,236.519,342.823
48.4647,108.134,240.634,348.768
48.4847,110.53,239.063,349.593
48.5047,104.163,236.507,340.671
48.5247,109.363,236.801,346.163
48.5447,97.0426,233.857,330.9
48.5647,110.603,240.655,351.258
48.5847,99.6723,238.231,337.903
48.6047,106.019,240.531,346.55
48.6247,109.65,234.899,344.549
48.6447,105.58,238.165,343.746
48.6647,107.379,232.443,339.821
48.6847,96.8522,231.526,328.378
48.7047,95.3326,234.049,329.382
48.7247,106.411,237.164,343.575
48.7447,111.45,237.398,348.848
48.7647,108.403,237.679,346.082
48.7847,112.429,240.343,352.772
48.8047,104.664,235.912,340.576
48.8247,115.198,243.366,358.564
48.8447,104.927,234.924,339.851
48.8647,96.4233,232.579,329.002
48.8847,103.696,236.695,340.39
48.9047,103.153,233.764,336.917
48.9247,113.823,236.355,350.179
48.9447,103.185,238.917,342.102
48.9647,106.717,233.518,340.235
48.9847,89.0724,235.89,324.963
49.0047,101.982,234.728,336.71
49.0247,108.976,238.749,347.725
49.0447,102.511,232.752,335.263
49.0647,106.766,236.849,343.615
49.0847,109.495,237.869,347.365
49.1047,109.025,238.321,347.346
49.1247,112.593,235.708,348.3
49.1447,89.8975,225.353,315.251
49.1647,105.669,233.748,339.417
49.1847,98.4276,234.56,332.987
49.2047,103.668,232.874,336.542
49.2247,101.626,234.382,336.008
49.2447,108.153,234.305,342.458
49.2647,109.964,232.699,342.663
49.2847,109.308,240.283,349.591
49.3047,107.389,233.542,340.931
49.3247,96.855,232.858,329.713
49.3447,106.477,236.05,342.527
49.3647,108.329,232.716,341.045
49.3847,118.989,239.849,358.838
49.4047,94.3609,232.131,326.492
49.4247,109.945,233.397,343.341
49.4447,98.0788,233.383,331.461
49.4647,102.681,235.326,338.007
49.4847,106.982,235.162,342.144
49.5047,101.134,232.612,333.745
49.5247,106.204,235.647,341.852
49.5447,100.409,232.058,332.467
49.5647,102.456,236.871,339.327
49.5847,110.274,231.981,342.255
49.6047,99.4273,233.47,332.898
49.6247,116.488,237.108,353.596
49.6447,98.4216,230.884,329.306
49.6647,105.193,235.429,340.623
49.6847,99.3021,236.864,336.166
49.7047,97.503,232.114,329.617
49.7247,101.724,232.068,333.792
49.7447,104.152,233.136,337.288
49.7647,107.252,237.15,344.402
49.7847,103.181,235.601,338.781
49.8047,98.1887,233.943,332.131
49.8247,110.959,239.379,350.339
49.8447,104.885,231.892,336.776
49.8647,100.126,228.738,328.864
49.8847,101.438,231.705,333.142
49.9047,107.658,232.31,339.967
49.9247,107.251,231.757,339.008
49.9447,104.831,231.786,336.618
49.9647,96.0766,229.025,325.102
49.9847,110.06,234.174,344.234
50.0047,102.032,231.956,333.987
50.0247,105.903,231.222,337.125
50.0447,105.324,235.737,341.061
50.0647,102.271,233.649,335.92
50.0847,102.078,232.01,334.088
50.1047,105.64,230.639,336.279
50.1247,103.146,233.055,336.201
50.1447,105.721,234.647,340.368
50.1647,102.714,229.15,331.864
50.1847,108.518,235.35,343.868
50.2047,102.486,230.517,333.003
50.2247,95.7116,231.903,327.615
50.2447,99.1945,230.822,330.017
50.2647,109.72,233.372,343.092
50.2847,107.809,236.532,344.342
50.3047,96.461,230.026,326.487
50.3247,103.868,231.678,335.546
50.3447,99.8959,227.276,327.172
50.3647,104.783,229.937,334.72
50.3847,108.728,231.948,340.675
50.4047,108.066,234.501,342.566
50.4247,111.486,237.18,348.666
50.4447,103.327,230.014,333.341
50.4647,105.079,234.258,339.337
50.4847,95.4898,230.949,326.439
50.5047,103.378,230.355,333.733
50.5247,91.4584,227.255,318.713
50.5447,104.036,230.251,334.287
50.5647,102.25,233.517,335.767
50.5847,104.786,230.637,335.422
50.6047,100.179,230.371,330.551
50.6247,103.072,229.917,332.989
50.6447,106.214,230.734,336.948
50.6647,109.112,230.235,339.346
50.6847,104.472,230.228,334.7
50.7047,100.701,228.894,329.596
50.7247,103.23,230.206,333.437
50.7447,90.7422,223.303,314.045
50.7647,104.155,230.515,334.67
50.7847,102.21,231.958,334.168
50.8047,103.405,233.963,337.368
50.8247,104.087,232.567,336.654
50.8447,105.953,235.806,341.759
50.8647,102.324,231.526,333.85
50.8847,97.1392,232.004,329.143
50.9047,106.682,233.923,340.605
50.9247,103.396,231.002,334.398
50.9447,99.4427,228.749,328.191
50.9647,99.5303,228.575,328.106
50.9847,97.8717,230.077,327.948
51.0047,96.6006,229.83,326.431
51.0247,101.332,227.056,328.388
51.0447,98.808,228.505,327.313
51.0647,98.2013,230.799,329.001
51.0847,93.2983,225.979,319.278
51.1047,102.115,232.429,334.544
51.1247,101.714,227.379,329.093
51.1447,111.48,231.794,343.274
51.1647,87.8191,223.543,311.362
51.1847,107.318,231.867,339.185
51.2047,96.6281,228.32,324.948
51.2247,100.13,225.092,325.221
51.2447,97.8236,228.269,326.092
51.2647,103.461,231.163,334.624
51.2847,110.811,231.596,342.407
51.3047,98.2587,229.952,328.211
51.3247,109.534,231.564,341.098
51.3447,105.756,230.127,335.882
51.3647,101.614,228.905,330.519
51.3847,103.47,228.575,332.045
51.4047,107.155,230.356,337.51
51.4247,98.9727,226.325,325.297
51.4447,87.2107,224.336,311.546
51.4647,98.018,227.21,325.228
51.4847,109.057,233.22,342.276
51.5047,100.143,228.1,328.243
51.5247,95.5512,226.52,322.071
51.5447,94.8754,228.357,323.233
51.5647,95.4237,227.817,323.24
51.5847,102.58,229.937,332.517
51.6047,100.499,227.225,327.724
51.6247,104.699,229.348,334.047
51.6447,96.1328,226.165,322.297
51.6647,113.089,231.2,344.289
51.6847,96.8163,222.957,319.773
51.7047,96.5406,226.804,323.345
51.7247,97.8794,227.307,325.186
51.7447,89.6997,223.745,313.445
51.7647,111.748,229.85,341.598
51.7847,91.6085,229.141,320.75
51.8047,104.204,226.179,330.384
51.8247,104.75,226.016,330.766
51.8447,105.928,227.198,333.126
51.8647,99.7587,230.75,330.509
51.8847,105.681,227.869,333.55
51.9047,101.931,228.349,330.281
51.9247,104.505,229.252,333.758
51.9447,104.219,230.052,334.272
51.9647,95.6,225.465,321.065
51.9847,101.207,224.989,326.196
52.0047,92.0549,225.121,317.176
52.0247,101.932,225.535,327.466
52.0447,107.223,229.252,336.475
52.0647,94.9276,224.673,319.601
52.0847,100.298,226.095,326.392
52.1047,106.083,229.515,335.598
52.1247,99.0408,227.28,326.321
52.1447,98.5965,224.22,322.816
52.1647,105.188,224.195,329.384
52.1847,98.5145,224.641,323.155
52.2047,96.0519,225.407,321.459
52.2247,99.6398,227.194,326.833
52.2447,93.0073,224.498,317.505
52.2647,97.186,225.242,322.428
52.2847,90.546,222.267,312.813
52.3047,93.2034,224.441,317.645
52.3247,97.2469,227.225,324.472
52.3447,102.646,227.033,329.678
52.3647,106.174,227.107,333.281
52.3847,98.5682,224.615,323.183
52.4047,101.49,227.7,329.19
52.4247,99.2278,222.625,321.853
52.4447,103.157,220.786,323.942
52.4647,103.651,231.011,334.662
52.4847,97.3999,225.768,323.168
52.5047,106.494,227.894,334.388
52.5247,98.9106,228.261,327.171
52.5447,85.5022,221.905,307.408
52.5647,106.564,226.573,333.137
52.5847,95.7431,223.803,319.546
52.6047,105.102,226.6,331.703
52.6247,89.3263,225.746,315.072
52.6447,93.5389,222.678,316.217
52.6647,106.319,223.857,330.175
52.6847,95.1119,221.737,316.849
52.7047,93.9805,222.159,316.14
52.7247,103.069,224.273,327.342
52.7447,108.318,225.079,333.397
52.7647,102.369,222.885,325.254
52.7847,95.4899,224.011,319.5
52.8047,111.085,228.674,339.759
52.8247,86.4776,220.24,306.718
52.8447,106.58,225.817,332.397
52.8647,89.5953,219.962,309.557
52.8847,102.197,224.163,326.361
52.9047,90.369,220.705,311.074
52.9247,107.005,225.563,332.568
52.9447,89.7102,219.203,308.913
52.9647,103.073,225.107,328.181
52.9847,92.0962,221.411,313.507
53.0047,102.607,225.559,328.165
53.0247,84.8454,218.824,303.669
53.0447,101.349,223.474,324.823
53.0647,100.081,223.781,323.862
53.0847,106.342,222.113,328.455
53.1047,94.0545,222.154,316.209
53.1247,95.2918,224.844,320.135
53.1447,91.4935,223.303,314.796
53.1647,104.735,225.625,330.36
53.1847,108.268,227.942,336.21
53.2047,93.6305,219.164,312.795
53.2247,101.104,223.096,324.2
53.2447,98.943,227.798,326.741
53.2647,98.1767,225.262,323.438
53.2847,103.647,225.234,328.881
53.3047,99.2136,226.179,325.393
53.3247,96.8178,220.878,317.696
53.3447,93.783,222.292,316.075
53.3647,99.1778,220.886,320.064
53.3847,102.642,222.041,324.683
53.4047,96.3082,225.259,321.567
53.4247,93.0646,222.338,315.402
53.4447,99.3972,225.457,324.854
53.4647,104.687,223.497,328.184
53.4847,102.85,223.282,326.131
53.5047,98.4971,219.288,317.785
53.5247,87.9994,219.655,307.655
53.5447,102.197,225.676,327.873
53.5647,97.1593,220.886,318.045
53.5847,92.8339,224.029,316.863
53.6047,106.405,226.063,332.468
53.6247,90.6261,221.754,312.38
53.6447,105.263,222.918,328.181
53.6647,94.282,221.623,315.905
53.6847,99.3088,221.712,321.02
53.7047,101.865,224.231,326.096
53.7247,91.5919,223.093,314.685
53.7447,94.341,222.854,317.195
53.7647,104.403,222.893,327.295
53.7847,96.2305,220.074,316.305
53.8047,88.7226,216.199,304.922
53.8247,106.003,224.835,330.837
53.8447,94.9388,221.978,316.916
53.8647,99.1548,220.046,319.201
53.8847,102.962,226.048,329.009
53.9047,99.8001,221.774,321.574
53.9247,94.9186,218.882,313.8
53.9447,104.509,225.491,330
53.9647,90.3856,217.782,308.168
53.9847,93.1151,221.161,314.276
54.0047,101.17,222.404,323.574
54.0247,101.883,220.307,322.19
54.0447,95.1767,223.436,318.613
54.0647,95.9625,224.817,320.78
54.0847,100.474,225.095,325.569
54.1047,93.7031,217.285,310.988
54.1247,92.9622,217.7,310.662
54.1447,90.1019,217.771,307.873
54.1647,93.802,224.117,317.919
54.1847,91.4564,217.629,309.085
54.2047,100.198,223.009,323.206
54.2247,91.3519,220.83,312.182
54.2447,94.7834,220.776,315.559
54.2647,101.004,219.921,320.925
54.2847,93.2481,220.684,313.932
54.3047,101.087,225.113,326.2
54.3247,83.8044,214.487,298.292
54.3447,101.536,223.602,325.138
54.3647,95.3875,219.344,314.731
54.3847,99.8619,220.551,320.413
54.4047,93.307,217.964,311.271
54.4247,99.4552,218.54,317.995
54.4447,97.3961,225.338,322.734
54.4647,90.5891,218.128,308.717
54.4847,96.8103,222.187,318.997
54.5047,97.6015,218.066,315.667
54.5247,92.176,224.185,316.361
54.5447,97.1732,218.025,315.198
54.5647,85.7785,216.724,302.503
54.5847,106.42,222.358,328.778
54.6047,95.3848,219.972,315.357
54.6247,97.61,219.596,317.206
54.6447,87.8795,219.657,307.536
54.6647,97.6197,219.382,317.002
54.6847,102.322,223.163,325.485
54.7047,88.5345,218.184,306.718
54.7247,98.717,220.136,318.853
54.7447,99.3823,220.082,319.464
54.7647,92.2439,219.579,311.823
54.7847,96.7495,218.256,315.006
54.8047,86.7066,218.253,304.96
54.8247,98.4751,223.475,321.95
54.8447,101.414,223.054,324.469
54.8647,91.0705,214.802,305.873
54.8847,93.4525,223.293,316.746
54.9047,90.9944,217.709,308.704
54.9247,95.124,216.446,311.57
54.9447,97.0052,218.433,315.438
54.9647,90.4485,216.832,307.28
54.9847,99.0374,224.424,323.462
55.0047,97.1879,219.229,316.417
55.0247,102.287,221.921,324.208
55.0447,87.6384,219.025,306.664
55.0647,102.357,221.239,323.596
55.0847,89.2448,220.462,309.707
55.1047,87.0773,214.058,301.135
55.1247,78.3502,214.543,292.893
55.1447,106.723,223.438,330.161
55.1647,99.5042,223.458,322.962
55.1847,100.576,221.701,322.277
55.2047,94.0903,219.25,313.34
55.2247,96.2822,218.851,315.133
55.2447,87.7869,215.369,303.156
55.2647,94.603,220.544,315.147
55.2847,87.9525,217.247,305.199
55.3047,90.2837,217.956,308.239
55.3247,91.4954,217.134,308.629
55.3447,97.2616,218.222,315.484
55.3647,93.5022,219.73,313.232
55.3847,102.813,223.304,326.118
55.4047,98.2121,217.278,315.49
55.4247,89.5373,215.112,304.649
55.4447,88.755,217.563,306.318
55.4647,88.5415,215.111,303.652
55.4847,90.6247,215.803,306.428
55.5047,98.8451,220.719,319.564
55.5247,101.2,221.486,322.685
55.5447,98.9723,221.028,320
55.5647,93.9322,216.395,310.327
55.5847,89.2373,219.031,308.269
55.6047,90.1641,217.556,307.72
55.6247,94.7757,221.139,315.914
55.6447,88.674,215.284,303.958
55.6647,92.1592,220.584,312.743
55.6847,100.277,219.252,319.529
55.7047,84.8778,211.431,296.308
55.7247,104.811,218.85,323.66
55.7447,90.5439,217.868,308.412
55.7647,86.7646,217.905,304.67
55.7847,90.2533,217.839,308.093
55.8047,90.4953,214.572,305.067
55.8247,91.3819,216.176,307.558
55.8447,93.8856,217.315,311.201
55.8647,92.9832,218.569,311.552
55.8847,94.5565,214.248,308.805
55.9047,94.2369,217.726,311.963
55.9247,94.4635,219.449,313.912
55.9447,94.0466,218.784,312.83
55.9647,92.5209,217.758,310.279
55.9847,97.2376,220.926,318.163
56.0047,91.4782,213.57,305.048
56.0247,105.441,220.593,326.035
56.0447,90.7877,214.535,305.323
56.0647,98.779,216.784,315.563
56.0847,97.2517,216.467,313.719
56.1047,92.8246,216.481,309.305
56.1247,92.9496,212.639,305.589
56.1447,95.2253,212.764,307.989
56.1647,90.0513,213.725,303.777
56.1847,83.0614,214.126,297.187
56.2047,94.2249,214.707,308.932
56.2247,93.5745,218.694,312.268
56.2447,98.9029,216.113,315.016
56.2647,90.0609,213.007,303.067
56.2847,94.3529,221.077,315.43
56.3047,81.864,211.326,293.19
56.3247,94.2943,217.291,311.585
56.3447,93.685,213.666,307.351
56.3647,96.4021,217.597,313.999
56.3847,84.4487,212.274,296.723
56.4047,101.621,217.042,318.664
56.4247,97.6814,216.026,313.707
56.4447,95.432,213.808,309.24
56.4647,87.5017,214.1,301.601
56.4847,96.222,217.754,313.976
56.5047,88.0604,207.765,295.825
56.5247,90.9908,217.48,308.471
56.5447,94.5515,214.047,308.598
56.5647,92.6111,214.668,307.279
56.5847,83.7764,210.608,294.384
56.6047,100.325,212.941,313.266
56.6247,92.356,212.945,305.301
56.6447,91.8195,214.996,306.815
56.6647,100.497,216.598,317.094
56.6847,92.1796,213.06,305.24
56.7047,95.3499,216.239,311.589
56.7247,91.8873,215.647,307.534
56.7447,96.3711,217.55,313.921
56.7647,84.7021,212.193,296.895
56.7847,90.5156,213.021,303.537
56.8047,97.804,216.593,314.397
56.8247,83.3477,211.162,294.509
56.8447,98.2886,213.207,311.496
56.8647,89.8254,215.6,305.426
56.8847,88.5956,213.788,302.384
56.9047,95.5677,217.512,313.08
56.9247,89.7234,213.539,303.262
56.9447,88.1277,214.603,302.73
56.9647,89.0496,213.697,302.747
56.9847,92.8117,214.972,307.784
57.0047,84.5369,214.964,299.501
57.0247,96.1323,214.668,310.8
57.0447,102.181,213.276,315.457
57.0647,89.1605,208.413,297.574
57.0847,91.7639,215.268,307.032
57.1047,95.9921,214.133,310.125
57.1247,86.4916,209.814,296.305
57.1447,100.689,214.605,315.293
57.1647,78.8699,209.606,288.476
57.1847,96.2365,213.272,309.509
57.2047,82.2058,210.541,292.747
57.2247,93.8273,213.475,307.303
57.2447,96.4939,216.06,312.554
57.2647,92.3693,210.895,303.265
57.2847,95.9092,213.382,309.291
57.3047,93.6178,215.154,308.772
57.3247,96.6116,214.138,310.75
57.3447,91.589,218.66,310.249
57.3647,96.443,211.99,308.433
57.3847,89.4636,215.799,305.263
57.4047,88.1456,213.326,301.471
57.4247,83.0705,211.823,294.893
57.4447,81.0838,211.172,292.256
57.4647,97.2224,216.94,314.162
57.4847,89.6759,209.638,299.314
57.5047,95.2279,211.965,307.193
57.5247,76.3548,206.89,283.245
57.5447,92.8543,214.915,307.769
57.5647,91.271,216.846,308.118
57.5847,102.597,216.977,319.574
57.6047,90.7863,210.392,301.178
57.6247,88.6585,216.072,304.73
57.6447,89.5657,212.254,301.819
57.6647,96.3949,212.632,309.027
57.6847,92.3906,209.978,302.368
57.7047,87.2338,210.227,297.46
57.7247,85.5214,212.263,297.784
57.7447,89.8261,210.366,300.193
57.7647,89.8079,208.546,298.354
57.7847,102.693,214.938,317.63
57.8047,86.3349,210.463,296.798
57.8247,93.4354,212.439,305.874
57.8447,77.9206,210.745,288.665
57.8647,100.234,214.172,314.406
57.8847,98.5976,214.906,313.504
57.9047,89.8883,212.187,302.075
57.9247,95.7847,211.345,307.13
57.9447,93.0692,208.858,301.928
57.9647,80.1235,207.401,287.525
57.9847,89.1915,208.499,297.691
58.0047,95.0442,211.079,306.124
58.0247,84.6966,210.329,295.026
58.0447,90.7399,212.086,302.826
58.0647,86.0573,210.112,296.169
58.0847,90.6263,210.858,301.485
58.1047,94.0699,208.028,302.098
58.1247,94.5299,215.276,309.806
58.1447,97.1157,211.35,308.466
58.1647,96.2656,215.675,311.94
58.1847,90.6146,209.366,299.98
58.2047,87.7156,207.788,295.504
58.2247,93.634,211.585,305.219
58.2447,87.6865,210.423,298.109
58.2647,88.4043,206.309,294.713
58.2847,88.878,212.779,301.657
58.3047,83.2888,209.77,293.059
58.3247,83.3302,207.229,290.559
58.3447,96.8682,211.866,308.734
58.3647,85.1819,212.521,297.703
58.3847,90.4423,209.825,300.267
58.4047,93.7728,211.487,305.26
58.4247,95.7545,210.581,306.336
58.4447,89.303,209.926,299.229
58.4647,95.653,209.538,305.191
58.4847,96.2341,213.018,309.252
58.5047,94.2798,210.762,305.042
58.5247,83.0799,208.244,291.324
58.5447,91.015,208.847,299.862
58.5647,87.7765,213.283,301.06
58.5847,89.0969,207.846,296.943
58.6047,90.7797,208.33,299.11
58.6247,93.9627,211.57,305.533
58.6447,98.691,210.537,309.228
58.6647,95.9399,212.007,307.947
58.6847,78.5516,209.304,287.855
58.7047,96.9394,213.283,310.222
58.7247,77.0579,204.066,281.124
58.7447,100.401,214.516,314.917
58.7647,90.857,210.936,301.793
58.7847,83.5466,213.001,296.548
58.8047,82.7315,208.499,291.231
58.8247,87.9407,208.498,296.439
58.8447,94.2547,212.22,306.475
58.8647,90.9298,211.162,302.092
58.8847,96.7051,214.068,310.773
58.9047,94.6988,211.128,305.827
58.9247,84.0217,207.833,291.855
58.9447,88.7799,210.741,299.52
58.9647,83.5128,206.667,290.179
58.9847,97.4916,212.916,310.408
59.0047,87.9004,210.191,298.092
59.0247,85.7217,207.548,293.27
59.0447,93.5597,209.409,302.969
59.0647,95.9772,215.374,311.351
59.0847,94.0544,211.762,305.817
59.1047,89.6159,210.777,300.393
59.1247,78.7256,208.144,286.87
59.1447,81.2177,208.35,289.568
59.1647,87.2337,209.169,296.402
59.1847,87.8432,210.734,298.577
59.2047,96.6515,212.982,309.634
59.2247,84.2304,208.335,292.566
59.2447,95.9784,209.986,305.964
59.2647,81.5408,208.871,290.411
59.2847,88.698,209.045,297.743
59.3047,85.718,206.274,291.992
59.3247,88.2279,204.828,293.056
59.3447,87.557,206.856,294.413
59.3647,93.8612,210.994,304.855
59.3847,87.9605,206.797,294.757
59.4047,86.2818,207.151,293.433
59.4247,91.9378,208.424,300.361
59.4447,96.8288,211.11,307.939
59.4647,88.4841,208.927,297.411
59.4847,84.761,209.726,294.487
59.5047,88.0406,210.24,298.281
59.5247,88.8374,209.595,298.432
59.5447,86.7927,205.823,292.616
59.5647,87.8889,210.618,298.507
59.5847,81.6983,209.9,291.598
59.6047,91.8855,209.528,301.413
59.6247,90.8004,205.767,296.567
59.6447,89.0221,207.192,296.214
59.6647,87.8727,210.356,298.229
59.6847,85.1088,206.365,291.474
59.7047,94.6148,209.116,303.731
59.7247,83.6686,207.179,290.848
59.7447,87.0244,207.299,294.324
59.7647,91.5371,206.908,298.446
59.7847,79.1793,205.51,284.689
59.8047,91.374,210.319,301.693
59.8247,90.0713,205.531,295.602
59.8447,88.2222,209.064,297.287
59.8647,88.1937,209.311,297.505
59.8847,86.4265,206.87,293.297
59.9047,89.2057,205.263,294.469
59.9247,93.862,205.63,299.492
59.9447,90.8829,203.978,294.861
59.9647,83.5694,205.739,289.309
59.9847,85.8737,207.169,293.043
60.0047,94.1644,207.489,301.654
60.0247,79.3027,207.052,286.355
60.0447,88.5378,208.291,296.829
60.0647,94.6777,210.618,305.296
60.0847,80.5355,204.874,285.41
60.1047,87.9953,206.152,294.147
60.1247,90.0535,205.256,295.309
60.1447,84.2471,206.493,290.74
60.1647,87.6759,206.414,294.09
60.1847,93.9434,211.775,305.719
60.2047,88.6617,206.995,295.656
60.2247,89.7946,208.084,297.879
60.2447,87.0134,203.64,290.653
60.2647,87.665,208.708,296.373
60.2847,84.3498,205.883,290.233
60.3047,91.6113,205.789,297.4
60.3247,88.9596,209.526,298.486
60.3447,91.3116,206.373,297.684
60.3647,80.0495,209.288,289.337
60.3847,82.6858,208.795,291.481
60.4047,88.6129,207.567,296.18
60.4247,86.5285,205.127,291.656
60.4447,84.7094,208.856,293.565
60.4647,83.7214,204.171,287.893
60.4847,93.323,207.382,300.705
60.5047,77.0049,206.01,283.015
60.5247,85.9016,205.469,291.37
60.5447,85.6672,204.278,289.945
60.5647,95.8441,208.251,304.095
60.5847,87.3525,205.846,293.199
60.6047,88.3225,206.37,294.693
60.6247,98.3525,210.633,308.985
60.6447,85.729,207.494,293.223
60.6647,86.9959,204.812,291.808
60.6847,85.4844,208.434,293.918
60.7047,92.7439,208.291,301.035
60.7247,78.9672,203.257,282.225
60.7447,88.7655,206.363,295.128
60.7647,86.335,203.965,290.3
60.7847,85.7781,204.915,290.693
60.8047,87.4384,205.137,292.575
60.8247,91.6425,206.794,298.436
60.8447,73.8615,202.108,275.969
60.8647,85.2447,207.34,292.585
60.8847,88.3613,203.694,292.056
60.9047,86.0664,202.924,288.991
60.9247,79.9821,205.21,285.192
60.9447,86.8012,211.08,297.881
60.9647,86.7514,204.294,291.045
60.9847,85.5004,204.552,290.052
61.0047,91.581,201.943,293.524
61.0247,84.9021,204.505,289.407
61.0447,93.3422,208.729,302.071
61.0647,81.5852,203.736,285.322
61.0847,91.8198,207.274,299.094
61.1047,88.5682,204.385,292.953
61.1247,88.2471,206.815,295.062
61.1447,82.1911,205.993,288.184
61.1647,82.9596,204.154,287.114
61.1847,87.6868,205.588,293.275
61.2047,90.9617,204.837,295.799
61.2247,78.019,200.762,278.781
61.2447,90.5421,206.489,297.031
61.2647,80.2715,203.184,283.455
61.2847,75.8277,201.457,277.284
61.3047,95.7006,206.977,302.678
61.3247,84.4598,202.948,287.408
61.3447,85.2215,204.528,289.75
61.3647,89.9616,205.182,295.144
61.3847,89.7238,204.996,294.72
61.4047,73.8899,202.949,276.839
61.4247,86.6461,203.382,290.028
61.4447,88.6438,206.503,295.147
61.4647,81.0862,204.205,285.291
61.4847,81.3113,206.804,288.116
61.5047,84.1304,203.688,287.818
61.5247,94.233,204.081,298.314
61.5447,80.1197,199,279.12
61.5647,86.3703,203.997,290.367
61.5847,86.7874,205.09,291.877
61.6047,84.2265,203.497,287.723
61.6247,80.5599,204.348,284.908
61.6447,81.3795,202.631,284.011
61.6647,82.1896,204.579,286.769
61.6847,85.9286,203.089,289.018
61.7047,82.8611,203.885,286.747
61.7247,77.2522,201.439,278.691
61.7447,88.5643,204.702,293.267
61.7647,82.7496,202.618,285.367
61.7847,90.2464,208.206,298.452
61.8047,80.8178,203.579,284.397
61.8247,83.4264,203.406,286.832
61.8447,91.2575,206.182,297.44
61.8647,74.5451,203.485,278.03
61.8847,90.2063,205.557,295.763
61.9047,90.7176,202.754,293.471
61.9247,79.6762,202.804,282.48
61.9447,94.6469,204.652,299.299
61.9647,84.2785,199.988,284.266
61.9847,84.792,205.25,290.042
62.0047,85.9713,206.062,292.033
62.0247,83.9495,202.198,286.148
62.0447,78.9739,198.117,277.091
62.0647,86.8913,204.436,291.328
62.0847,87.5942,203.236,290.83
62.1047,88.1855,203.586,291.772
62.1247,85.2087,204.491,289.7
62.1447,77.9929,205.994,283.987
62.1647,86.3195,203.801,290.12
62.1847,79.4816,202.745,282.227
62.2047,80.1207,199.396,279.516
62.2247,87.9828,204.15,292.133
62.2447,93.3008,202.851,296.152
62.2647,85.2646,206.935,292.2
62.2847,84.6266,204.256,288.882
62.3047,84.2931,203.825,288.118
62.3247,78.4906,199.303,277.794
62.3447,86.9649,205.572,292.536
62.3647,76.4042,203.987,280.391
62.3847,76.1233,201.689,277.813
62.4047,81.3458,200.825,282.171
62.4247,81.186,201.765,282.951
62.4447,89.1826,202.95,292.132
62.4647,85.273,201.752,287.025
62.4847,82.8676,202.24,285.108
62.5047,83.2315,203.356,286.588
62.5247,77.9483,199.421,277.369
62.5447,89.551,200.499,290.05
62.5647,88.4385,199.113,287.552
62.5847,78.6141,201.258,279.872
62.6047,87.5607,201.921,289.482
62.6247,89.0849,203.535,292.62
62.6447,76.7572,203.365,280.122
62.6647,89.377,202.049,291.426
62.6847,85.3882,201.115,286.503
62.7047,86.0939,202.088,288.182
62.7247,75.8123,199.026,274.838
62.7447,87.921,200.129,288.05
62.7647,83.8199,202.961,286.781
62.7847,94.1438,203.702,297.846
62.8047,84.8898,198.946,283.836
62.8247,82.5341,204.42,286.955
62.8447,80.9922,201.127,282.119
62.8647,83.7658,198.724,282.49
62.8847,82.2027,200.591,282.794
62.9047,95.3329,204.392,299.725
62.9247,84.1976,200.505,284.703
62.9447,87.5496,201.922,289.471
62.9647,80.989,198.545,279.534
62.9847,88.5677,199.178,287.746
63.0047,76.4771,199.579,276.056
63.0247,88.7995,203.969,292.769
63.0447,87.6701,202.1,289.771
63.0647,83.3387,200.058,283.397
63.0847,87.1015,201.98,289.082
63.1047,80.2603,199.218,279.478
63.1247,83.5131,200.463,283.976
63.1447,75.0173,197.28,272.297
63.1647,80.6484,200.818,281.466
63.1847,82.3271,201.53,283.857
63.2047,91.1876,200.83,292.018
63.2247,78.4612,198.982,277.443
63.2447,84.2166,201.731,285.948
63.2647,89.9558,199.949,289.905
63.2847,85.6674,200.975,286.642
63.3047,81.4291,200.477,281.906
63.3247,87.4535,198.741,286.195
63.3447,85.7003,203.111,288.812
63.3647,84.1498,202.748,286.898
63.3847,78.9886,197.383,276.371
63.4047,79.2235,198.636,277.859
63.4247,92.4468,201.448,293.895
63.4447,86.3118,199.594,285.906
63.4647,90.0124,201.161,291.174
63.4847,83.8184,200.913,284.732
63.5047,83.1681,199.135,282.303
63.5247,76.3606,195.492,271.853
63.5447,78.6917,199.257,277.948
63.5647,85.1435,201.412,286.556
63.5847,81.2103,196.182,277.392
63.6047,83.3786,202.424,285.803
63.6247,85.1978,202.157,287.354
63.6447,89.9796,199.828,289.808
63.6647,74.9143,199.446,274.36
63.6847,77.2713,193.397,270.668
63.7047,87.4955,199.275,286.77
63.7247,88.0708,200,288.071
63.7447,82.1781,202.327,284.505
63.7647,87.4449,203.394,290.839
63.7847,84.7717,202.321,287.092
63.8047,84.0904,200.258,284.348
63.8247,83.6578,197.537,281.195
63.8447,77.398,198.243,275.641
63.8647,79.0505,197.194,276.244
63.8847,89.582,198.924,288.506
63.9047,75.0077,194.67,269.678
63.9247,84.9894,198.89,283.879
63.9447,85.4507,199.224,284.674
63.9647,78.2416,195.486,273.728
63.9847,88.0765,198.937,287.014
64.0047,83.2724,199.761,283.033
64.0247,79.8009,199.575,279.376
64.0447,84.4293,198.187,282.616
64.0647,88.6327,199.528,288.16
64.0847,78.3473,198.011,276.359
64.1047,94.3933,201.201,295.595
64.1247,77.566,198.238,275.804
64.1447,79.519,197.368,276.887
64.1647,84.4642,200.65,285.114
64.1847,78.8386,199.047,277.886
64.2047,75.2519,197.053,272.305
64.2247,84.2068,197.707,281.913
64.2447,80.7483,194.669,275.418
64.2647,85.8072,198.006,283.813
64.2847,83.5184,200.604,284.123
64.3047,75.7049,197.654,273.358
64.3247,81.4165,203.255,284.672
64.3447,73.9798,196.789,270.769
64.3647,80.509,196.107,276.616
64.3847,83.3067,198.241,281.548
64.4047,80.6229,198.661,279.284
64.4247,84.9397,201.28,286.22
64.4447,79.1921,201.856,281.048
64.4647,73.423,196.533,269.956
64.4847,83.0548,197.207,280.262
64.5047,83.4324,199.816,283.249
64.5247,86.1274,198.029,284.157
64.5447,79.2848,198.376,277.661
64.5647,87.3787,198.252,285.631
64.5847,71.5895,197.897,269.487
64.6047,75.9284,192.173,268.102
64.6247,82.5071,198.589,281.096
64.6447,83.805,200.977,284.782
64.6647,81.0322,196.53,277.563
64.6847,86.5721,195.428,282
64.7047,81.663,202.024,283.687
64.7247,84.7728,200.189,284.961
64.7447,74.7058,198.836,273.542
64.7647,80.154,199.109,279.263
64.7847,81.923,198.674,280.597
64.8047,87.7696,199.941,287.711
64.8247,67.4108,194.514,261.925
64.8447,87.3577,195.918,283.276
64.8647,86.0072,200.545,286.552
64.8847,79.6925,193.392,273.085
64.9047,78.4716,198.839,277.31
64.9247,79.8583,197.296,277.155
64.9447,75.8465,199.647,275.494
64.9647,76.1056,197.76,273.865
64.9847,87.2345,199.223,286.458
65.0047,86.9181,198.537,285.456
65.0247,80.5244,193.162,273.686
65.0447,86.7862,203.096,289.882
65.0647,80.3762,197.793,278.169
65.0847,80.4302,196.16,276.59
65.1047,81.9464,196.199,278.145
65.1247,77.8797,195.663,273.543
65.1447,67.7079,196.867,264.575
65.1647,84.3663,196.516,280.882
65.1847,86.823,200.113,286.936
65.2047,72.0507,197.188,269.238
65.2247,80.0177,198.692,278.71
65.2447,76.5826,194.527,271.11
65.2647,81.2433,194.864,276.107
65.2847,76.6447,195.897,272.541
65.3047,82.628,196.336,278.964
65.3247,76.6089,197.03,273.639
65.3447,70.6215,193.89,264.511
65.3647,90.8375,198.666,289.503
65.3847,80.2463,197.897,278.143
65.4047,77.8003,198.087,275.888
65.4247,79.1729,196.58,275.753
65.4447,85.6888,199.436,285.125
65.4647,81.4209,196.66,278.081
65.4847,80.99,199.086,280.076
65.5047,75.5323,197.959,273.491
65.5247,74.1974,191.992,266.19
65.5447,83.6625,197.711,281.373
65.5647,79.8297,194.107,273.937
65.5847,78.4551,195.627,274.082
65.6047,88.8072,197.689,286.497
65.6247,82.8904,195.624,278.514
65.6447,89.5446,197.538,287.082
65.6647,79.5233,194.895,274.418
65.6847,81.3665,198.144,279.51
65.7047,86.72,198.31,285.03
65.7247,80.5465,192.02,272.566
65.7447,87.6342,194.848,282.482
65.7647,83.9652,194.124,278.089
65.7847,73.8311,194.291,268.122
65.8047,84.2153,196.256,280.472
65.8247,75.2183,192.015,267.233
65.8447,78.5397,193.854,272.394
65.8647,82.2266,194.677,276.904
65.8847,76.8846,194.839,271.724
65.9047,79.1157,193.086,272.201
65.9247,81.4618,195.326,276.788
65.9447,78.7262,194.04,272.766
65.9647,76.243,193.053,269.296
65.9847,78.4915,193.58,272.072
66.0047,87.2572,199.215,286.472
66.0247,69.5593,192.926,262.485
66.0447,75.1834,194.061,269.245
66.0647,78.303,195.366,273.669
66.0847,77.1392,194.253,271.393
66.1047,74.5736,193.547,268.12
66.1247,82.5472,196.583,279.13
66.1447,77.8021,194.314,272.117
66.1647,87.2533,196.733,283.986
66.1847,73.3867,193.636,267.023
66.2047,79.6525,194.125,273.778
66.2247,78.9228,196.097,275.02
66.2447,78.7468,195.772,274.519
66.2647,81.2644,197.383,278.647
66.2847,80.386,191.649,272.035
66.3047,77.4356,193.402,270.838
66.3247,86.8111,195.015,281.827
66.3447,75.572,195.518,271.09
66.3647,78.9704,196.208,275.179
66.3847,73.4272,193.862,267.29
66.4047,84.4177,196.2,280.617
66.4247,73.9838,193.209,267.193
66.4447,82.224,193.191,275.415
66.4647,83.856,194.309,278.165
66.4847,80.7916,195.464,276.256
66.5047,75.8738,192.375,268.248
66.5247,79.8904,193.317,273.208
66.5447,73.3011,190.871,264.172
66.5647,82.3327,194.518,276.851
66.5847,76.7684,192.723,269.491
66.6047,80.2242,193.73,273.954
66.6247,74.1737,192.747,266.92
66.6447,82.3743,197.126,279.5
66.6647,76.1446,197.878,274.023
66.6847,76.9549,192.082,269.037
66.7047,84.1634,196.089,280.253
66.7247,80.7131,191.067,271.78
66.7447,77.0255,192.054,269.08
66.7647,84.674,194.765,279.438
66.7847,87.1333,198.659,285.792
66.8047,72.77,189.845,262.615
66.8247,80.3336,195.395,275.729
66.8447,75.6913,191.188,266.88
66.8647,83.4237,195.393,278.817
66.8847,73.8656,189.726,263.592
66.9047,74.7467,190.841,265.588
66.9247,78.1685,191.579,269.748
66.9447,80.6593,196.347,277.007
66.9647,74.0172,193.751,267.768
66.9847,74.6109,189.488,264.099
67.0047,81.605,195.336,276.941
67.0247,67.0628,188.526,255.588
67.0447,73.9187,188.541,262.46
67.0647,81.3832,194.823,276.207
67.0847,73.7454,194.695,268.441
67.1047,81.9001,193.728,275.628
67.1247,76.0173,192.56,268.577
67.1447,82.9021,191.508,274.41
67.1647,64.802,185.775,250.577
67.1847,80.6008,196.652,277.252
67.2047,88.6196,195.269,283.889
67.2247,78.6969,191.179,269.876
67.2447,83.8891,191.808,275.697
67.2647,74.4292,194.572,269.001
67.2847,77.1363,188.547,265.683
67.3047,74.3686,190.5,264.869
67.3247,77.4871,190.877,268.364
67.3447,76.0784,194.9,270.978
67.3647,73.7406,192.385,266.125
67.3847,84.0104,194.583,278.593
67.4047,73.0269,189.809,262.835
67.4247,83.1707,193.187,276.357
67.4447,81.4448,193.877,275.322
67.4647,78.8638,190.538,269.402
67.4847,74.7182,186.564,261.282
67.5047,77.0596,195.162,272.221
67.5247,80.2147,196.042,276.257
67.5447,73.9855,187.252,261.237
67.5647,81.4139,195.679,277.093
67.5847,72.8241,190.529,263.354
67.6047,79.0235,193.801,272.824
67.6247,83.259,195.031,278.29
67.6447,74.7932,191.43,266.223
67.6647,74.7687,190.374,265.143
67.6847,73.3661,189.085,262.451
67.7047,74.6498,191.943,266.593
67.7247,78.5337,190.279,268.813
67.7447,79.4347,192.027,271.462
67.7647,70.5805,190.774,261.355
67.7847,75.5343,189.419,264.953
67.8047,77.6662,192.61,270.276
67.8247,76.4932,193.876,270.369
67.8447,74.7884,188.509,263.297
67.8647,84.3031,191.207,275.51
67.8847,80.9677,191.938,272.906
67.9047,80.759,193.078,273.837
67.9247,77.6572,193.299,270.956
67.9447,74.9135,191.901,266.814
67.9647,72.8523,191.405,264.257
67.9847,84.5279,190.385,274.913
68.0047,75.5142,188.491,264.005
68.0247,78.029,192.263,270.292
68.0447,79.0946,191.783,270.877
68.0647,72.4333,191.132,263.565
68.0847,83.3171,194.734,278.051
68.1047,73.3754,188.85,262.225
68.1247,76.7178,194.733,271.451
68.1447,78.443,190.019,268.462
68.1647,78.134,185.427,263.561
68.1847,73.1507,188.49,261.641
68.2047,82.7996,190.571,273.37
68.2247,72.6887,188.739,261.427
68.2447,76.7496,188.466,265.215
68.2647,65.0321,187.308,252.34
68.2847,79.198,191.706,270.904
68.3047,77.8183,187.268,265.086
68.3247,80.5328,192.156,272.689
68.3447,73.8531,190.322,264.175
68.3647,73.8176,191.492,265.31
68.3847,77.991,192.098,270.089
68.4047,75.9101,187.843,263.754
68.4247,70.3816,192.783,263.164
68.4447,89.7643,192.568,282.332
68.4647,73.0582,189.067,262.125
68.4847,71.7427,191.959,263.702
68.5047,77.8695,190.997,268.866
68.5247,76.2961,191.219,267.515
68.5447,71.7624,189.083,260.845
68.5647,78.6923,190.664,269.356
68.5847,74.8555,187.895,262.751
68.6047,86.1518,194.232,280.384
68.6247,70.8646,188.345,259.209
68.6447,74.541,187.043,261.584
68.6647,81.1985,190.981,272.179
68.6847,66.9238,185.116,252.04
68.7047,82.4291,189.793,272.222
68.7247,74.408,190.781,265.189
68.7447,80.9974,188.533,269.53
68.7647,82.1139,191.817,273.931
68.7847,73.8554,193.23,267.085
68.8047,70.5079,187.99,258.498
68.8247,79.121,190.234,269.355
68.8447,78.3711,188.304,266.675
68.8647,75.8996,185.549,261.448
68.8847,72.14,186.871,259.011
68.9047,83.8793,192.937,276.817
68.9247,74.74,190.716,265.456
68.9447,74.3457,190.732,265.078
68.9647,73.3308,189.238,262.569
68.9847,77.6982,191.416,269.115
69.0047,78.6377,193.636,272.273
69.0247,73.2854,188.816,262.101
69.0447,74.1421,188.433,262.575
69.0647,68.8873,185.728,254.615
69.0847,72.3131,189.902,262.215
69.1047,73.5637,187.252,260.816
69.1247,70.0673,188.893,258.96
69.1447,73.9307,186.01,259.941
69.1647,82.1293,191.356,273.485
69.1847,73.9877,188.018,262.006
69.2047,83.9002,191.998,275.899
69.2247,80.1948,190.726,270.921
69.2447,71.1376,186.025,257.163
69.2647,77.4669,187.991,265.458
69.2847,79.9779,186.967,266.945
69.3047,71.9487,185.726,257.675
69.3247,73.5889,190.541,264.13
69.3447,75.9441,187.845,263.789
69.3647,76.8328,189.817,266.65
69.3847,75.5393,187.691,263.23
69.4047,74.709,188.609,263.318
69.4247,68.114,186.217,254.331
69.4447,74.9644,189.433,264.398
69.4647,81.3686,190.366,271.735
69.4847,77.484,189.525,267.009
69.5047,66.2421,186.28,252.522
69.5247,70.2341,188.699,258.933
69.5447,85.6589,188.423,274.082
69.5647,71.8472,184.026,255.873
69.5847,88.4877,191.246,279.734
69.6047,72.221,190.896,263.117
69.6247,69.3062,183.805,253.111
69.6447,76.3421,187.566,263.908
69.6647,79.397,186.79,266.187
69.6847,73.6938,186.884,260.578
69.7047,68.9817,183.973,252.954
69.7247,68.9244,185.308,254.233
69.7447,80.253,190.795,271.048
69.7647,73,184.079,257.079
69.7847,79.15,191.802,270.952
69.8047,71.3844,185.84,257.225
69.8247,70.0836,186.681,256.765
69.8447,81.3226,188.46,269.783
69.8647,76.994,188.446,265.44
69.8847,72.677,185.448,258.125
69.9047,73.8008,188.273,262.073
69.9247,76.1752,191.226,267.402
69.9447,72.237,189.921,262.158
69.9647,83.9289,189.009,272.938
69.9847,73.3805,188.106,261.487
70.0047,72.751,188.117,260.868
70.0247,81.8147,188.715,270.529
70.0447,74.8086,185.943,260.751
70.0647,72.2299,184.382,256.612
70.0847,73.4784,185.497,258.976
70.1047,70.8993,186.567,257.466
70.1247,71.7638,185.049,256.813
70.1447,71.5361,186.419,257.955
70.1647,78.661,188.45,267.111
70.1847,73.8108,187.744,261.554
70.2047,71.8836,187.33,259.214
70.2247,71.9333,188.9,260.834
70.2447,85.0797,188.593,273.673
70.2647,73.7809,188.202,261.983
70.2847,79.4052,187.287,266.693
70.3047,70.5927,183.367,253.959
70.3247,73.5802,187.406,260.986
70.3447,70.9755,185.132,256.107
70.3647,77.2798,186.616,263.896
70.3847,77.3069,187.169,264.476
70.4047,71.3864,185.407,256.793
70.4247,73.2467,187.211,260.458
70.4447,72.6287,186.23,258.858
70.4647,73.9663,184.945,258.911
70.4847,73.077,186.319,259.396
70.5047,75.8856,187.92,263.806
70.5247,73.0562,185.808,258.864
70.5447,73.5187,185.751,259.27
70.5647,80.6445,187.962,268.607
70.5847,77.0641,186.996,264.061
70.6047,74.2514,187.085,261.336
70.6247,70.3036,183.185,253.488
70.6447,79.4166,188.321,267.738
70.6647,67.1321,183.359,250.491
70.6847,75.8302,186.858,262.688
70.7047,71.2583,182.433,253.692
70.7247,73.6895,186.562,260.251
70.7447,76.383,186.043,262.426
70.7647,69.2227,183.221,252.444
70.7847,83.9166,186.54,270.456
70.8047,77.6319,185.618,263.25
70.8247,70.5325,185.756,256.288
70.8447,71.4802,183.867,255.347
70.8647,70.2097,187.206,257.416
70.8847,76.1267,187.656,263.783
70.9047,69.4876,181.682,251.17
70.9247,68.5873,182.222,250.81
70.9447,71.1453,185.048,256.193
70.9647,74.8495,185.023,259.873
70.9847,77.0553,186.455,263.511
71.0047,77.7474,185.72,263.468
71.0247,76.6657,187.147,263.813
71.0447,71.5942,185.177,256.772
71.0647,73.2124,186.243,259.455
71.0847,76.8381,185.319,262.157
71.1047,81.3532,186.128,267.481
71.1247,66.9657,185.369,252.335
71.1447,64.878,183.192,248.07
71.1647,69.1848,182.464,251.648
71.1847,76.3825,188.145,264.528
71.2047,73.3239,186.216,259.54
71.2247,78.8511,186.711,265.562
71.2447,72.0862,183.955,256.041
71.2647,75.6011,187.619,263.221
71.2847,79.5909,184.86,264.451
71.3047,75.6686,187.028,262.696
71.3247,68.3513,181.06,249.412
71.3447,73.9838,187.633,261.617
71.3647,71.5055,185.615,257.121
71.3847,80.4621,185.163,265.625
71.4047,77.7718,183.985,261.756
71.4247,67.6752,183.559,251.234
71.4447,72.9796,183.111,256.09
71.4647,69.8321,184.284,254.116
71.4847,73.094,183.952,257.046
71.5047,75.8505,184.046,259.896
71.5247,72.8292,182.851,255.68
71.5447,77.8504,180.578,258.428
71.5647,72.7155,182.651,255.366
71.5847,70.7272,182.124,252.851
71.6047,65.2918,183.749,249.04
71.6247,75.3568,186.623,261.98
71.6447,72.4948,181.377,253.872
71.6647,71.1433,186.981,258.124
71.6847,76.6613,187.854,264.515
71.7047,72.0499,184.792,256.841
71.7247,71.9672,185.716,257.683
71.7447,72.4275,184.434,256.862
71.7647,72.109,185.057,257.166
71.7847,74.5895,185.495,260.085
71.8047,69.8153,184.095,253.91
71.8247,70.8209,183.067,253.888
71.8447,71.8792,186.013,257.892
71.8647,67.9071,180.756,248.663
71.8847,74.4849,182.685,257.17
71.9047,71.3123,182.848,254.161
71.9247,72.8344,187.171,260.005
71.9447,76.4951,182.653,259.148
71.9647,73.5525,183.778,257.33
71.9847,70.8833,182.316,253.199
72.0047,72.9609,183.588,256.549
72.0247,74.8776,184.054,258.931
72.0447,64.3806,181.906,246.286
72.0647,68.2927,183.737,252.03
72.0847,73.7092,182.572,256.281
72.1047,70.95,183.254,254.204
72.1247,77.8341,183.194,261.028
72.1447,71.7676,185.487,257.255
72.1647,73.3768,184.971,258.347
72.1847,72.3179,179.261,251.579
72.2047,72.9685,183.177,256.145
72.2247,71.7379,181.715,253.453
72.2447,77.795,187.148,264.943
72.2647,75.7672,182.489,258.257
72.2847,74.555,186.831,261.386
72.3047,71.1453,181.856,253.001
72.3247,72.4146,182.462,254.876
72.3447,68.136,181.93,250.066
72.3647,74.4586,184.675,259.133
72.3847,76.3515,182.941,259.292
72.4047,66.7238,179.554,246.278
72.4247,73.9182,182.595,256.513
72.4447,67.9705,180.786,248.757
72.4647,73.8567,183.572,257.429
72.4847,70.6062,181.612,252.219
72.5047,66.2224,182.328,248.551
72.5247,71.6903,185.214,256.904
72.5447,65.1168,181.115,246.232
72.5647,71.514,182.273,253.787
72.5847,66.4271,180.379,246.806
72.6047,68.5586,184.074,252.633
72.6247,79.1792,184.998,264.177
72.6447,66.4846,182.328,248.812
72.6647,73.9778,181.034,255.012
72.6847,72.7662,183.261,256.027
72.7047,69.0902,182.866,251.956
72.7247,70.0318,182.867,252.899
72.7447,75.1634,184.691,259.854
72.7647,72.6061,181.653,254.259
72.7847,76.9445,183.283,260.228
72.8047,71.876,181.394,253.27
72.8247,68.4968,182.271,250.767
72.8447,66.8525,182.505,249.358
72.8647,74.0129,183.879,257.892
72.8847,68.9607,181.035,249.996
72.9047,71.8002,181.76,253.56
72.9247,75.8407,182.741,258.582
72.9447,73.1149,182.499,255.614
72.9647,68.2685,184.349,252.617
72.9847,73.5546,182.013,255.567
73.0047,74.5009,184.975,259.476
73.0247,68.181,181.484,249.665
73.0447,61.8111,178.405,240.217
73.0647,75.1901,183.055,258.245
73.0847,71.3024,182.283,253.585
73.1047,80.1303,183.937,264.068
73.1247,65.5495,176.74,242.289
73.1447,66.988,180.951,247.939
73.1647,79.7136,184.058,263.771
73.1847,71.763,184.508,256.271
73.2047,69.7145,179.974,249.688
73.2247,73.1106,180.257,253.368
73.2447,64.1358,179.391,243.527
73.2647,79.3532,184.436,263.789
73.2847,63.9457,181.825,245.771
73.3047,71.8692,182.996,254.866
73.3247,70.9463,178.53,249.476
73.3447,65.8653,184.424,250.29
73.3647,68.029,181.094,249.123
73.3847,71.2051,178.573,249.779
73.4047,66.9709,181.908,248.879
73.4247,72.1634,180.413,252.577
73.4447,62.1039,178.825,240.928
73.4647,65.3187,180.473,245.791
73.4847,84.1594,184.554,268.714
73.5047,70.1755,182.194,252.369
73.5247,68.3167,180.23,248.547
73.5447,71.5914,181.539,253.13
73.5647,67.0087,181.654,248.663
73.5847,72.7487,182.062,254.811
73.6047,67.8597,179.57,247.43
73.6247,66.9815,178.751,245.733
73.6447,68.2311,178.238,246.47
73.6647,71.8933,182.321,254.214
73.6847,79.0468,180.866,259.913
73.7047,72.9117,180.423,253.334
73.7247,72.6711,180.249,252.92
73.7447,72.206,184.844,257.05
73.7647,74.0089,182.62,256.629
73.7847,69.9696,178.956,248.925
73.8047,76.0298,182.179,258.209
73.8247,70.1014,177.71,247.811
73.8447,68.0747,181.25,249.324
73.8647,67.514,178.612,246.126
73.8847,74.7003,179.152,253.853
73.9047,67.2323,178.166,245.398
73.9247,70.9575,178.176,249.134
73.9447,68.9332,181.253,250.186
73.9647,71.3059,178.034,249.34
73.9847,76.4457,182.404,258.85
74.0047,68.5389,181.442,249.981
74.0247,61.9858,177.545,239.531
74.0447,69.9507,181.984,251.935
74.0647,68.9837,179.838,248.821
74.0847,66.5712,176.287,242.859
74.1047,71.2911,179.422,250.714
74.1247,79.1779,181.177,260.355
74.1447,72.0467,184.617,256.664
74.1647,74.5528,178.423,252.976
74.1847,67.9244,180.129,248.053
74.2047,63.2556,177.515,240.771
74.2247,69.3619,177.428,246.79
74.2447,75.2719,182.796,258.067
74.2647,67.2675,180.762,248.03
74.2847,71.4714,180.372,251.843
74.3047,70.0345,181.889,251.924
74.3247,65.3682,176.145,241.514
74.3447,69.6189,178.303,247.922
74.3647,73.6571,180.103,253.76
74.3847,73.0891,178.78,251.869
74.4047,69.9956,179.654,249.65
74.4247,64.3005,177.67,241.971
74.4447,69.281,179.36,248.641
74.4647,73.6902,181.338,255.028
74.4847,70.1163,181.59,251.707
74.5047,75.1492,182.983,258.133
74.5247,68.3469,181.023,249.369
74.5447,63.0014,176.916,239.918
74.5647,71.8975,180.469,252.367
74.5847,67.7249,175.908,243.633
74.6047,75.7129,179.486,255.199
74.6247,68.7496,179.998,248.747
74.6447,69.9389,178.996,248.935
74.6647,61.5602,175.448,237.008
74.6847,66.2693,176.992,243.261
74.7047,63.4711,179.306,242.777
74.7247,72.3881,182.098,254.486
74.7447,72.2166,180.011,252.228
74.7647,74.6132,180.157,254.77
74.7847,67.8833,176.583,244.466
74.8047,75.0484,180.656,255.705
74.8247,71.3999,177.608,249.007
74.8447,69.7309,177.751,247.482
74.8647,63.6996,179.577,243.276
74.8847,69.4863,179.034,248.521
74.9047,62.501,176.016,238.517
74.9247,67.3058,178.019,245.325
74.9447,71.1378,179.482,250.62
74.9647,63.8262,178.69,242.517
74.9847,74.2579,180.44,254.698
75.0047,75.234,178.71,253.944
75.0247,71.3764,179.433,250.809
75.0447,76.1363,180.572,256.708
75.0647,74.0111,178.643,252.654
75.0847,71.2411,182.973,254.214
75.1047,67.9724,177.807,245.779
75.1247,66.9523,180.066,247.018
75.1447,74.0032,178.076,252.079
75.1647,71.2385,179.527,250.766
75.1847,63.7896,175.796,239.585
75.2047,60.9985,176.025,237.023
75.2247,68.6345,178.276,246.91
75.2447,71.8549,178.823,250.678
75.2647,63.204,176.927,240.131
75.2847,66.8666,178.335,245.202
75.3047,77.4421,181.011,258.453
75.3247,62.7805,176.325,239.106
75.3447,68.3221,179.674,247.996
75.3647,70.8227,178.592,249.415
75.3847,67.112,172.566,239.678
75.4047,73.1396,177.552,250.692
75.4247,67.4815,176.337,243.819
75.4447,67.8438,175.391,243.235
75.4647,68.967,178.855,247.822
75.4847,68.7251,179.202,247.927
75.5047,69.6236,176.049,245.673
75.5247,67.5142,180.004,247.518
75.5447,71.1589,176.125,247.284
75.5647,67.4601,173.038,240.498
75.5847,72.7582,178.8,251.558
75.6047,70.4137,179.181,249.595
75.6247,63.6316,178.805,242.436
75.6447,62.5584,174.214,236.772
75.6647,67.3642,179.275,246.639
75.6847,68.6742,176.48,245.154
75.7047,68.143,179.608,247.751
75.7247,63.7842,174.681,238.466
75.7447,74.7642,176.743,251.507
75.7647,76.0156,176.197,252.213
75.7847,60.3119,175.899,236.211
75.8047,66.1821,175.509,241.691
75.8247,69.7108,178.792,248.503
75.8447,71.5279,177.236,248.763
75.8647,69.9867,177.094,247.081
75.8847,64.5524,175.179,239.731
75.9047,66.7364,176.101,242.837
75.9247,67.7736,180.593,248.366
75.9447,62.0186,177.026,239.044
75.9647,62.2418,176.734,238.975
75.9847,69.8531,176.737,246.591
76.0047,76.9907,179.303,256.293
76.0247,65.6234,178.827,244.451
76.0447,71.3911,178.035,249.426
76.0647,65.3105,174.686,239.997
76.0847,59.8029,172.242,232.044
76.1047,69.9891,175.167,245.156
76.1247,72.7994,179.097,251.896
76.1447,64.2949,174.546,238.841
76.1647,64.435,174.792,239.227
76.1847,60.3472,177.031,237.378
76.2047,68.4597,172.673,241.132
76.2247,75.4643,179.551,255.016
76.2447,74.5628,179.296,253.858
76.2647,71.1771,173.071,244.248
76.2847,70.6368,177.602,248.239
76.3047,60.7559,175.904,236.66
76.3247,68.7666,177.618,246.384
76.3447,62.1819,176.216,238.398
76.3647,66.3436,178.15,244.493
76.3847,64.7022,175.454,240.157
76.4047,62.1282,175.217,237.345
76.4247,70.171,174.701,244.872
76.4447,62.7243,174.851,237.575
76.4647,65.8138,176.917,242.731
76.4847,66.727,175.107,241.834
76.5047,64.388,174.454,238.842
76.5247,75.1879,178.889,254.077
76.5447,56.0744,170.854,226.929
76.5647,72.0873,179.283,251.37
76.5847,61.1402,174.367,235.507
76.6047,70.7995,175.567,246.366
76.6247,72.2549,175.893,248.148
76.6447,70.1393,176.079,246.219
76.6647,69.0706,177.313,246.384
76.6847,74.9142,179.857,254.771
76.7047,71.556,177.369,248.925
76.7247,64.8554,173.44,238.295
76.7447,63.5645,174.992,238.557
76.7647,62.2973,173.072,235.369
76.7847,68.3851,178.367,246.752
76.8047,66.4367,178.994,245.431
76.8247,74.416,176.255,250.671
76.8447,63.2587,173.818,237.077
76.8647,74.21,176.099,250.309
76.8847,66.9996,173.441,240.441
76.9047,65.7261,176.249,241.975
76.9247,66.5419,172.486,239.028
76.9447,66.3686,175.798,242.166
76.9647,70.2601,177.004,247.264
76.9847,68.5275,176.432,244.96
77.0047,69.4273,175.819,245.246
77.0247,60.6802,173.693,234.373
77.0447,71.0742,176.316,247.39
77.0647,62.234,173.262,235.496
77.0847,71.7167,177.347,249.064
77.1047,69.9768,177.619,247.596
77.1247,72.4324,178.801,251.234
77.1447,63.3028,174.164,237.466
77.1647,68.6606,176.365,245.026
77.1847,69.7077,177.194,246.902
77.2047,62.5248,174.152,236.677
77.2247,61.608,175.791,237.399
77.2447,68.9615,174.595,243.557
77.2647,64.3555,174.65,239.006
77.2847,64.0688,173.25,237.319
77.3047,66.1049,174.349,240.453
77.3247,67.7041,173.415,241.119
77.3447,75.8545,171.555,247.409
77.3647,69.2493,175.058,244.307
77.3847,62.8631,175.631,238.495
77.4047,69.0585,176.644,245.702
77.4247,65.4576,174.505,239.962
77.4447,60.4466,170.956,231.403
77.4647,70.7118,173.109,243.82
77.4847,65.5129,174.216,239.729
77.5047,63.4349,172.206,235.641
77.5247,66.1411,175.855,241.997
77.5447,64.3866,172.963,237.35
77.5647,59.9664,173.98,233.947
77.5847,73.9035,176.458,250.362
77.6047,69.9242,178.239,248.163
77.6247,70.0013,173.25,243.252
77.6447,64.7526,172.089,236.842
77.6647,66.8825,176.483,243.365
77.6847,66.159,172.247,238.406
77.7047,64.8406,175.182,240.022
77.7247,68.0657,173.385,241.451
77.7447,62.2952,171.585,233.881
77.7647,73.0253,176.949,249.974
77.7847,67.0214,172.877,239.899
77.8047,68.5845,172.971,241.556
77.8247,68.353,173.875,242.228
77.8447,65.6359,174.305,239.941
77.8647,62.3525,172.811,235.164
77.8847,70.8907,175.521,246.411
77.9047,65.745,172.843,238.588
77.9247,62.4476,173.277,235.725
77.9447,67.7504,173.105,240.855
77.9647,60.5948,175.203,235.797
77.9847,63.2116,170.23,233.442
78.0047,69.4407,173.659,243.099
78.0247,66.2229,172.627,238.85
78.0447,68.3908,173.969,242.36
78.0647,72.2644,170.945,243.209
78.0847,68.8018,176.806,245.608
78.1047,66.1675,175.051,241.218
78.1247,69.0124,171.095,240.108
78.1447,72.2085,172.335,244.543
78.1647,59.0364,167.854,226.89
78.1847,75.7709,172.625,248.396
78.2047,64.1746,175.018,239.192
78.2247,63.966,171.384,235.35
78.2447,74.9508,175.248,250.198
78.2647,62.856,171.153,234.009
78.2847,66.5735,171.444,238.018
78.3047,66.7253,174.086,240.812
78.3247,62.5999,172.281,234.881
78.3447,66.4002,172.001,238.401
78.3647,69.9406,173.361,243.302
78.3847,74.0492,175.783,249.832
78.4047,55.3508,166.189,221.54
78.4247,66.9999,174.499,241.498
78.4447,61.1688,173.404,234.573
78.4647,59.4026,167.758,227.16
78.4847,65.7893,176.233,242.023
78.5047,61.4048,168.088,229.493
78.5247,69.2307,172.523,241.753
78.5447,71.9863,176.748,248.734
78.5647,65.1148,170.974,236.089
78.5847,63.3864,170.322,233.709
78.6047,66.806,172.943,239.749
78.6247,61.0255,169.507,230.532
78.6447,70.343,173.502,243.845
78.6647,62.4398,171.93,234.37
78.6847,69.5089,175.146,244.655
78.7047,64.3644,167.729,232.093
78.7247,69.0627,173.535,242.598
78.7447,72.4947,175.585,248.08
78.7647,66.8279,173.378,240.206
78.7847,67.3836,172.19,239.574
78.8047,68.698,171.618,240.316
78.8247,66.2223,175.194,241.417
78.8447,67.1859,171.153,238.339
78.8647,63.1827,171.722,234.905
78.8847,69.2481,171.146,240.394
78.9047,67.1014,168.398,235.499
78.9247,63.2743,169.808,233.082
78.9447,60.3223,172.485,232.807
78.9647,62.3886,169.974,232.363
78.9847,62.3421,172.74,235.082
79.0047,67.3862,171.311,238.697
79.0247,67.1261,173.326,240.452
79.0447,65.7098,172.748,238.458
79.0647,63.7687,171.381,235.149
79.0847,70.4897,172.713,243.203
79.1047,64.3143,169.875,234.189
79.1247,66.308,169.625,235.933
79.1447,72.5838,171.943,244.527
79.1647,62.5127,170.589,233.101
79.1847,62.7686,169.016,231.784
79.2047,66.5498,175.728,242.278
79.2247,68.7221,169.022,237.744
79.2447,65.1387,173.505,238.643
79.2647,71.782,170.512,242.294
79.2847,58.7116,171.04,229.752
79.3047,68.7412,174.915,243.656
79.3247,60.7534,172.948,233.701
79.3447,66.0861,172.597,238.683
79.3647,61.3434,171.739,233.083
79.3847,63.1121,169.217,232.329
79.4047,65.9892,172.477,238.466
79.4247,69.2629,172.922,242.185
79.4447,70.6411,172.102,242.743
79.4647,62.0321,169.044,231.076
79.4847,66.6896,170.284,236.973
79.5047,60.2928,170.396,230.689
79.5247,68.4155,173.229,241.645
79.5447,57.8685,169.62,227.488
79.5647,63.6796,170.498,234.177
79.5847,59.5907,170.262,229.853
79.6047,65.0401,169.817,234.857
79.6247,59.2846,170.606,229.89
79.6447,64.2348,173.943,238.178
79.6647,68.0901,171.799,239.889
79.6847,62.657,169.931,232.588
79.7047,63.6811,170.713,234.394
79.7247,67.2867,171.297,238.583
79.7447,63.0031,169.238,232.241
79.7647,64.8171,170.696,235.513
79.7847,56.9981,169.958,226.956
79.8047,64.5956,173.406,238.002
79.8247,67.7052,173.064,240.769
79.8447,65.0913,167.784,232.876
79.8647,66.7256,169.806,236.532
79.8847,66.9628,167.906,234.869
79.9047,69.9706,173.49,243.46
79.9247,64.0361,170.951,234.987
79.9447,67.8771,170.345,238.222
79.9647,62.9724,165.922,228.894
79.9847,67.7682,170.405,238.173
80.0047,65.0927,170.672,235.764
80.0247,62.7176,171.274,233.991
80.0447,67.887,173.358,241.245
80.0647,61.2459,171.021,232.267
80.0847,63.1874,171.344,234.531
80.1047,65.4286,170.534,235.962
80.1247,63.907,171.807,235.714
80.1447,58,167.343,225.343
80.1647,64.7925,168.93,233.722
80.1847,64.7688,172.296,237.065
80.2047,67.2718,171.161,238.433
80.2247,61.1988,167.067,228.266
80.2447,69.0589,172.294,241.353
80.2647,66.7057,169.667,236.373
80.2847,60.1073,168.577,228.685
80.3047,64.6325,168.907,233.539
80.3247,70.1207,169.1,239.221
80.3447,69.3756,169.761,239.137
80.3647,62.6629,170.055,232.718
80.3847,70.2353,170.929,241.164
80.4047,60.8153,170.436,231.251
80.4247,59.5544,170.398,229.952
80.4447,62.6471,169.92,232.567
80.4647,61.2992,170.73,232.029
80.4847,57.3144,168.526,225.841
80.5047,68.6626,169.928,238.591
80.5247,60.5309,169.602,230.132
80.5447,68.0141,166.696,234.71
80.5647,80.2937,172.424,252.718
80.5847,59.3343,166.853,226.188
80.6047,68.3444,170.623,238.967
80.6247,63.2841,169.28,232.564
80.6447,69.6461,172.104,241.75
80.6647,67.6336,168.268,235.902
80.6847,57.1845,167.263,224.448
80.7047,68.3535,171.707,240.061
80.7247,54.4755,168.754,223.23
80.7447,66.8908,170.131,237.022
80.7647,62.7737,169.081,231.854
80.7847,57.6152,168.201,225.816
80.8047,58.865,167.099,225.964
80.8247,68.0277,170.088,238.116
80.8447,69.934,168.654,238.588
80.8647,64.759,169.947,234.706
80.8847,61.0713,168.048,229.119
80.9047,67.6973,170.194,237.891
80.9247,64.8613,172.59,237.451
80.9447,62.2292,167.819,230.048
80.9647,62.6755,171.677,234.353
80.9847,61.6575,168.619,230.276
81.0047,66.013,171.789,237.801
81.0247,66.9085,167.514,234.423
81.0447,59.6883,166.785,226.474
81.0647,60.3216,167.128,227.45
81.0847,69.1714,171.819,240.991
81.1047,65.4387,170.111,235.549
81.1247,65.5606,169.518,235.078
81.1447,58.3741,167.787,226.161
81.1647,65.5303,170.003,235.533
81.1847,64.7335,170.078,234.812
81.2047,56.0706,164.274,220.344
81.2247,62.8267,169.714,232.541
81.2447,69.3122,171.07,240.383
81.2647,57.4204,165.5,222.92
81.2847,61.9679,168.716,230.684
81.3047,56.9523,169.682,226.634
81.3247,61.034,168.363,229.397
81.3447,69.089,169.788,238.877
81.3647,60.1861,168.554,228.74
81.3847,64.4749,170.249,234.724
81.4047,64.7681,168.342,233.111
81.4247,60.7598,166.977,227.736
81.4447,66.1173,169.381,235.498
81.4647,66.1507,168.852,235.003
81.4847,66.2877,170.564,236.852
81.5047,68.8174,168.793,237.611
81.5247,53.7587,166.259,220.018
81.5447,63.1729,165.928,229.101
81.5647,68.9735,171.212,240.186
81.5847,55.6309,166.209,221.84
81.6047,56.0604,166.322,222.382
81.6247,65.8361,172.605,238.441
81.6447,61.1272,166.701,227.828
81.6647,66.9891,167.736,234.725
81.6847,54.475,167.069,221.544
81.7047,63.6856,167.949,231.634
81.7247,61.9519,169.24,231.192
81.7447,62.1148,167.146,229.261
81.7647,65.7828,165.409,231.192
81.7847,59.8608,164.621,224.482
81.8047,67.4679,170.083,237.551
81.8247,74.3303,170.409,244.74
81.8447,49.0841,166.149,215.233
81.8647,67.8569,170.928,238.785
81.8847,55.719,165.467,221.186
81.9047,65.0895,170.522,235.612
81.9247,60.1671,166.496,226.663
81.9447,64.6148,171.497,236.112
81.9647,65.5249,168.136,233.661
81.9847,62.4538,165.005,227.459
82.0047,60.8029,167.176,227.979
82.0247,56.1284,165.484,221.613
82.0447,61.4785,169.022,230.5
82.0647,67.1363,168.504,235.64
82.0847,59.9072,165.988,225.895
82.1047,60.9298,167.523,228.452
82.1247,64.3223,167.505,231.827
82.1447,66.6422,168.956,235.599
82.1647,56.4456,165.31,221.756
82.1847,68.86,166.259,235.119
82.2047,64.1357,168.781,232.916
82.2247,59.539,166.08,225.619
82.2447,62.5145,165.326,227.841
82.2647,70.4782,170.363,240.841
82.2847,58.8068,163.807,222.614
82.3047,66.908,166.398,233.306
82.3247,57.881,166.062,223.943
82.3447,57.1273,168.968,226.096
82.3647,64.3822,164.162,228.544
82.3847,61.1254,169.395,230.52
82.4047,58.5302,166.508,225.038
82.4247,63.537,169.739,233.276
82.4447,59.0569,163.557,222.614
82.4647,66.8375,169.051,235.889
82.4847,55.1705,166.02,221.191
82.5047,61.9615,163.654,225.615
82.5247,57.1773,164.744,221.922
82.5447,66.1964,169.232,235.428
82.5647,60.55,164.953,225.503
82.5847,68.8187,168.276,237.094
82.6047,57.5795,163.855,221.435
82.6247,59.1322,166.173,225.305
82.6447,52.7821,165.378,218.16
82.6647,64.6631,167.497,232.16
82.6847,65.0337,166.731,231.765
82.7047,65.9469,167.348,233.295
82.7247,58.2156,162.75,220.965
82.7447,64.6939,166.971,231.665
82.7647,55.2556,166.855,222.111
82.7847,65.1877,168.224,233.412
82.8047,63.3192,165.793,229.112
82.8247,58.7478,165.126,223.874
82.8447,57.314,165.332,222.646
82.8647,60.3056,171.087,231.393
82.8847,70.6499,168.398,239.048
82.9047,63.6548,170.823,234.478
82.9247,68.3874,167.319,235.706
82.9447,65.2835,168.332,233.615
82.9647,64.9158,167.365,232.281
82.9847,55.1272,162.468,217.596
83.0047,64.4557,167.043,231.498
83.0247,63.4005,165.982,229.382
83.0447,54.4617,164.625,219.087
83.0647,59.892,169.159,229.051
83.0847,58.5655,164.478,223.043
83.1047,58.748,163.379,222.127
83.1247,63.1333,167.761,230.894
83.1447,61.6077,166.063,227.671
83.1647,63.3969,163.718,227.115
83.1847,63.3977,165.258,228.655
83.2047,54.5448,164.705,219.25
83.2247,65.6044,167.204,232.808
83.2447,67.3261,167.612,234.938
83.2647,62.4721,167.349,229.821
83.2847,56.7603,164.138,220.899
83.3047,63.9653,167.572,231.537
83.3247,57.1517,162.445,219.597
83.3447,65.685,165.106,230.792
83.3647,64.2884,166.103,230.391
83.3847,65.4059,166.251,231.657
83.4047,62.9835,164.597,227.58
83.4247,55.9286,163.116,219.045
83.4447,55.8118,162.762,218.573
83.4647,64.2791,166.07,230.349
83.4847,56.1935,162.487,218.681
83.5047,69.1913,169.542,238.733
83.5247,57.568,164.047,221.615
83.5447,59.1388,165.213,224.352
83.5647,54.2707,166.984,221.255
83.5847,64.5551,166.235,230.79
83.6047,61.7938,164.697,226.491
83.6247,59.5124,163.771,223.283
83.6447,57.9704,164.244,222.215
83.6647,58.5654,166.563,225.128
83.6847,64.4752,165.467,229.942
83.7047,70.5156,168.804,239.32
83.7247,57.8953,162.818,220.713
83.7447,56.3732,165.155,221.529
83.7647,66.6232,169.257,235.88
83.7847,55.7881,163.032,218.82
83.8047,62.6465,164.849,227.496
83.8247,60.5466,164.107,224.654
83.8447,58.8673,164.152,223.02
83.8647,62.3537,165.851,228.205
83.8847,58.085,164.825,222.91
83.9047,63.789,166.327,230.116
83.9247,61.0725,163.739,224.812
83.9447,59.6672,162.973,222.641
83.9647,62.8312,163.998,226.829
83.9847,60.7271,164.012,224.739
84.0047,60.3187,164.442,224.76
84.0247,57.4309,162.792,220.223
84.0447,54.4871,163.481,217.968
84.0647,63.1371,167.722,230.859
84.0847,70.1505,168.59,238.74
84.1047,51.4872,161.576,213.063
84.1247,63.8377,168.288,232.126
84.1447,58.5516,163.432,221.983
84.1647,66.4462,165.915,232.361
84.1847,54.2707,162.159,216.43
84.2047,65.8047,166.086,231.891
84.2247,62.1591,162.77,224.929
84.2447,58.7084,163.386,222.094
84.2647,61.3701,166.162,227.532
84.2847,62.1854,163.925,226.11
84.3047,63.8342,166.91,230.745
84.3247,67.1328,162.33,229.463
84.3447,55.3775,163.982,219.36
84.3647,66.3507,164.68,231.031
84.3847,61.8814,165.383,227.264
84.4047,55.6425,161.321,216.963
84.4247,58.1292,163.137,221.266
84.4447,59.9805,164.664,224.645
84.4647,56.5029,164.646,221.149
84.4847,62.8124,165.627,228.439
84.5047,60.7314,167.512,228.244
84.5247,60.6686,164.37,225.038
84.5447,60.0346,163.639,223.674
84.5647,60.2849,162.243,222.528
84.5847,59.9262,164.207,224.133
84.6047,56.2176,162.01,218.228
84.6247,61.1355,164.141,225.276
84.6447,59.4481,164.318,223.766
84.6647,65.7362,162.367,228.103
84.6847,57.6688,165.288,222.957
84.7047,61.5665,163.185,224.752
84.7247,59.9384,162.179,222.117
84.7447,67.5938,165.586,233.18
84.7647,55.4429,162.389,217.832
84.7847,66.8468,166.363,233.21
84.8047,61.9584,164.469,226.428
84.8247,61.6487,164.514,226.162
84.8447,58.8493,162.62,221.47
84.8647,64.4879,164.329,228.816
84.8847,62.9065,165.631,228.537
84.9047,56.1663,163.356,219.523
84.9247,52.1126,161.867,213.98
84.9447,66.177,168.834,235.011
84.9647,66.3242,165.659,231.983
84.9847,61.1778,162.611,223.789
85.0047,55.3863,159.404,214.79
85.0247,59.6128,164.962,224.575
85.0447,57.1937,165.299,222.493
85.0647,54.2247,161.361,215.586
85.0847,61.9329,163.588,225.521
85.1047,55.457,161.417,216.874
85.1247,57.8574,162.573,220.43
85.1447,58.2838,166.627,224.911
85.1647,55.1058,162.087,217.193
85.1847,65.2287,166.891,232.119
85.2047,64.5651,163.865,228.43
85.2247,58.9188,162.899,221.817
85.2447,63.4446,161.999,225.444
85.2647,55.2301,161.105,216.335
85.2847,57.9426,165.381,223.324
85.3047,60.3493,163.004,223.353
85.3247,51.6737,161.415,213.088
85.3447,61.3334,163.975,225.308
85.3647,60.1019,161.004,221.106
85.3847,63.4908,164.54,228.031
85.4047,56.736,160.061,216.797
85.4247,59.9357,164.797,224.733
85.4447,57.9817,162.855,220.836
85.4647,55.8219,161.038,216.86
85.4847,58.6806,162.714,221.394
85.5047,60.6884,164.429,225.117
85.5247,60.9572,163.157,224.114
85.5447,61.7951,160.902,222.698
85.5647,59.4372,160.314,219.751
85.5847,62.6391,164.18,226.819
85.6047,57.5615,158.26,215.822
85.6247,60.9514,165.15,226.102
85.6447,56.3135,162.917,219.23
85.6647,54.0305,162.853,216.884
85.6847,57.7256,162.43,220.155
85.7047,63.4676,162.574,226.042
85.7247,57.0408,162.628,219.669
85.7447,63.8555,163.417,227.273
85.7647,58.4087,162.314,220.723
85.7847,59.6426,163.063,222.705
85.8047,55.5069,162.398,217.904
85.8247,63.3699,161.854,225.224
85.8447,55.549,160.883,216.432
85.8647,55.1793,162.053,217.233
85.8847,62.7727,161.347,224.119
85.9047,55.3624,161.187,216.549
85.9247,61.844,162.231,224.075
85.9447,62.0474,163.524,225.571
85.9647,64.9897,163.558,228.548
85.9847,60.7672,164.085,224.852
86.0047,60.4727,162.889,223.362
86.0247,58.5873,161.767,220.354
86.0447,59.9157,161.486,221.402
86.0647,55.3349,159.143,214.478
86.0847,66.0785,165.754,231.833
86.1047,60.9405,159.906,220.846
86.1247,55.344,160.998,216.342
86.1447,58.9921,159.415,218.407
86.1647,53.1455,161.809,214.954
86.1847,57.9646,162.239,220.203
86.2047,58.6399,162.779,221.419
86.2247,58.8119,162.051,220.863
86.2447,56.6353,162.16,218.795
86.2647,62.1832,161.473,223.657
86.2847,56.1978,161.815,218.013
86.3047,60.4644,162.255,222.72
86.3247,62.5594,161.836,224.395
86.3447,58.7601,159.886,218.646
86.3647,59.0952,159.275,218.37
86.3847,62.8419,164.104,226.946
86.4047,57.2582,162.134,219.393
86.4247,51.049,161.205,212.254
86.4447,54.5742,159.81,214.384
86.4647,60.0143,161.682,221.696
86.4847,56.1722,161.463,217.635
86.5047,55.9187,160.146,216.065
86.5247,55.4043,163.462,218.867
86.5447,61.3135,159.81,221.123
86.5647,60.5032,163.352,223.855
86.5847,61.2569,163.901,225.158
86.6047,55.9347,161.3,217.235
86.6247,60.6478,161.25,221.898
86.6447,48.0765,159.283,207.359
86.6647,57.1453,159.78,216.925
86.6847,60.7256,160.924,221.65
86.7047,61.6167,163.485,225.101
86.7247,59.8299,161.211,221.041
86.7447,53.2839,159.111,212.395
86.7647,63.3704,163.643,227.013
86.7847,55.6452,158.637,214.283
86.8047,55.3486,159.47,214.819
86.8247,52.7243,161.346,214.07
86.8447,70.5768,162.486,233.062
86.8647,58.4764,161.755,220.231
86.8847,60.0421,158.831,218.873
86.9047,57.8217,162.382,220.204
86.9247,62.1443,160.07,222.215
86.9447,56.0179,160.773,216.791
86.9647,60.5889,163.194,223.783
86.9847,60.3785,160.747,221.126
87.0047,61.7682,162.603,224.371
87.0247,49.6565,157.288,206.945
87.0447,57.1052,161.145,218.25
87.0647,61.0799,160.037,221.117
87.0847,61.03,159.064,220.094
87.1047,53.9999,159.315,213.315
87.1247,58.9252,160.427,219.352
87.1447,57.9872,160.515,218.502
87.1647,56.092,159.123,215.215
87.1847,61.3155,161.793,223.108
87.2047,54.2372,158.076,212.313
87.2247,62.6559,161.304,223.96
87.2447,51.4825,159.071,210.553
87.2647,57.8718,159.122,216.994
87.2847,62.5084,161.317,223.826
87.3047,64.4955,163.163,227.658
87.3247,58.2141,159.944,218.158
87.3447,52.1747,159.036,211.211
87.3647,57.268,160.937,218.205
87.3847,59.015,157.98,216.995
87.4047,55.0994,159.704,214.803
87.4247,56.2459,160.086,216.332
87.4447,60.938,161.407,222.345
87.4647,55.8305,159.645,215.475
87.4847,57.4978,159.973,217.471
87.5047,56.8285,159.494,216.323
87.5247,53.6667,159.084,212.75
87.5447,59.517,159.144,218.661
87.5647,50.4265,159.701,210.128
87.5847,58.082,159.646,217.728
87.6047,55.2901,160.267,215.557
87.6247,57.6213,157.946,215.568
87.6447,58.9763,156.853,215.83
87.6647,57.1397,157.734,214.873
87.6847,57.4863,159.609,217.095
87.7047,57.7769,162.194,219.971
87.7247,60.8161,159.849,220.665
87.7447,57.5445,159.295,216.839
87.7647,59.1119,160.728,219.839
87.7847,60.3729,159.971,220.344
87.8047,57.7975,161.298,219.096
87.8247,59.9696,154.496,214.466
87.8447,60.6817,160.167,220.849
87.8647,53.6633,157.304,210.968
87.8847,62.0655,163.303,225.369
87.9047,58.2662,160.957,219.224
87.9247,60.1537,161.659,221.813
87.9447,60.9375,157.604,218.541
87.9647,59.5468,162.147,221.694
87.9847,50.3394,162.276,212.615
88.0047,63.9591,160.42,224.38
88.0247,51.8069,158.64,210.447
88.0447,55.8497,161.192,217.041
88.0647,58.7728,157.79,216.563
88.0847,58.3038,161.326,219.63
88.1047,56.2392,159.885,216.124
88.1247,58.752,154.92,213.672
88.1447,55.6658,158.261,213.927
88.1647,58.6964,159.759,218.456
88.1847,54.5902,159.479,214.069
88.2047,57.5916,158.148,215.74
88.2247,56.285,157.605,213.89
88.2447,58.7218,158.255,216.977
88.2647,53.4999,158.059,211.559
88.2847,51.983,158.743,210.726
88.3047,56.0318,160.716,216.748
88.3247,53.0276,157.283,210.311
88.3447,58.5553,159.791,218.346
88.3647,50.2745,156.361,206.635
88.3847,61.2161,156.717,217.933
88.4047,55.3794,157.227,212.607
88.4247,55.5795,158.817,214.396
88.4447,60.5676,160.696,221.263
88.4647,53.4821,157.419,210.901
88.4847,60.3084,160.638,220.947
88.5047,54.927,158.005,212.932
88.5247,53.4589,158.268,211.727
88.5447,55.5884,157.451,213.039
88.5647,57.3472,157.383,214.73
88.5847,50.1441,156.977,207.121
88.6047,62.2176,160.073,222.291
88.6247,59.5084,162.195,221.703
88.6447,52.5478,158.619,211.167
88.6647,58.219,158.754,216.973
88.6847,53.5008,159.5,213.001
88.7047,57.5087,158.867,216.375
88.7247,63.18,157.719,220.899
88.7447,57.3654,156.565,213.93
88.7647,53.9809,158.732,212.712
88.7847,56.8748,157.897,214.772
88.8047,58.1716,159.896,218.068
88.8247,59.2441,158.566,217.811
88.8447,54.7837,158.909,213.693
88.8647,57.1399,157.489,214.629
88.8847,56.4254,158.249,214.675
88.9047,55.9236,157.648,213.572
88.9247,58.2276,158.39,216.617
88.9447,55.2365,157.586,212.822
88.9647,58.3595,158.127,216.487
88.9847,61.2464,156.644,217.891
89.0047,52.4794,154.625,207.104
89.0247,56.7334,154.256,210.99
89.0447,53.0818,156.097,209.178
89.0647,52.0393,157.947,209.986
89.0847,60.2022,157.599,217.801
89.1047,60.2654,158.504,218.77
89.1247,49.4276,155.273,204.701
89.1447,65.1383,160.412,225.55
89.1647,48.0101,155.433,203.443
89.1847,58.3967,155.514,213.911
89.2047,55.3141,156.092,211.406
89.2247,54.8647,154.484,209.349
89.2447,61.5521,158.696,220.248
89.2647,63.6997,161.715,225.415
89.2847,58.5874,155.849,214.437
89.3047,57.8689,155.072,212.941
89.3247,48.0514,156.503,204.554
89.3447,62.8483,158.72,221.568
89.3647,57.8083,157.905,215.713
89.3847,55.1525,153.923,209.076
89.4047,57.6869,158.326,216.013
89.4247,60.361,162.566,222.927
89.4447,59.2092,158.243,217.453
89.4647,53.1632,156.168,209.331
89.4847,64.1387,160.104,224.242
89.5047,44.6482,153.669,198.317
89.5247,55.7853,153.697,209.483
89.5447,54.2266,154.684,208.91
89.5647,57.404,156.664,214.068
89.5847,55.6249,157.857,213.482
89.6047,53.4283,159.209,212.637
89.6247,52.8994,158.845,211.744
89.6447,54.3754,157.463,211.838
89.6647,54.0548,155.4,209.455
89.6847,56.7647,155.868,212.633
89.7047,57.1964,158.197,215.394
89.7247,51.2374,153.104,204.342
89.7447,57.0193,156.16,213.18
89.7647,58.3878,156.121,214.509
89.7847,55.64,156.573,212.213
89.8047,63.0799,156.942,220.022
89.8247,57.456,159.421,216.877
89.8447,53.0942,154.662,207.756
89.8647,53.0264,156.001,209.027
89.8847,58.465,157.373,215.838
89.9047,55.5672,156.908,212.475
89.9247,50.4715,156.501,206.972
89.9447,62.0577,158.311,220.368
89.9647,51.1669,154.901,206.067
89.9847,55.5743,155.771,211.345
90.0047,56.2265,156.309,212.536
90.0247,57.27,158.038,215.308
90.0447,60.2213,156.705,216.926
90.0647,57.5323,155.805,213.337
90.0847,56.1307,157.675,213.806
90.1047,52.581,156.767,209.348
90.1247,50.5185,154.869,205.388
90.1447,52.6206,155.03,207.651
90.1647,51.0096,155.342,206.352
90.1847,60.0139,159.491,219.505
90.2047,58.8345,158.606,217.441
90.2247,62.9156,158.277,221.193
90.2447,58.6486,154.195,212.844
90.2647,53.3844,157.835,211.219
90.2847,56.3167,156.274,212.591
90.3047,57.1201,154.436,211.556
90.3247,63.2622,158.66,221.922
90.3447,52.7381,153.41,206.148
90.3647,54.8934,155.413,210.306
90.3847,53.0194,152.298,205.317
90.4047,57.1667,156.143,213.31
90.4247,53.6205,156.383,210.004
90.4447,59.6096,157.372,216.981
90.4647,54.8871,156.993,211.88
90.4847,48.3647,154.84,203.205
90.5047,54.3588,157.08,211.439
90.5247,59.7361,154.85,214.586
90.5447,53.0146,153.464,206.479
90.5647,52.0399,156.18,208.22
90.5847,60.8551,157.156,218.011
90.6047,48.5862,155.286,203.873
90.6247,55.8221,154.57,210.392
90.6447,57.529,156.13,213.659
90.6647,61.3223,155.714,217.036
90.6847,47.2962,154.734,202.031
90.7047,54.4599,154.802,209.262
90.7247,59.0192,155.156,214.175
90.7447,53.4064,154.895,208.302
90.7647,54.8877,155.903,210.791
90.7847,54.7608,154.101,208.862
90.8047,59.9682,155,214.968
90.8247,54.3779,154.972,209.35
90.8447,51.5643,155.595,207.159
90.8647,57.2727,155.028,212.301
90.8847,55.3779,156.898,212.276
90.9047,49.8527,154.526,204.378
90.9247,48.8087,152.555,201.364
90.9447,58.5023,157.324,215.826
90.9647,54.1345,155.002,209.137
90.9847,48.2159,154.541,202.757
91.0047,58.1277,156.954,215.081
91.0247,52.2524,153.99,206.242
91.0447,48.6028,152.35,200.953
91.0647,60.5441,155.99,216.534
91.0847,55.9673,153.992,209.96
91.1047,54.6131,155.193,209.806
91.1247,61.1042,154.505,215.609
91.1447,60.3141,158.029,218.343
91.1647,48.6599,154.284,202.944
91.1847,54.0033,152.929,206.933
91.2047,59.0231,156.309,215.332
91.2247,57.5043,153.775,211.279
91.2447,51.0531,153.012,204.065
91.2647,53.0628,154.073,207.136
91.2847,56.9873,155.767,212.754
91.3047,56.2522,153.654,209.906
91.3247,55.0931,152.77,207.863
91.3447,54.6066,153.813,208.42
91.3647,56.3584,152.391,208.75
91.3847,57.9576,155.51,213.467
91.4047,49.9405,151.153,201.093
91.4247,55.3955,153.306,208.702
91.4447,52.0716,152.111,204.183
91.4647,59.894,154.205,214.099
91.4847,56.968,152.896,209.864
91.5047,53.1314,155.072,208.203
91.5247,51.1558,151.972,203.128
91.5447,51.7866,153.48,205.267
91.5647,52.4602,154.344,206.804
91.5847,56.6915,154.404,211.095
91.6047,55.2163,154.927,210.143
91.6247,52.0114,153.587,205.599
91.6447,59.7814,158.561,218.342
91.6647,46.94,151.203,198.143
91.6847,55.8143,152.225,208.039
91.7047,57.1978,152.988,210.186
91.7247,63.2491,156.044,219.294
91.7447,53.0152,152.127,205.143
91.7647,56.8991,153.631,210.53
91.7847,53.5949,154.055,207.65
91.8047,48.0877,153.195,201.283
91.8247,59.5195,154.775,214.295
91.8447,49.5506,149.837,199.387
91.8647,55.6417,152.194,207.836
91.8847,58.45,156.864,215.314
91.9047,51.9619,150.735,202.697
91.9247,59.2433,156.048,215.291
91.9447,57.6676,153.067,210.735
91.9647,51.0051,153.031,204.036
91.9847,44.3521,148.437,192.789
92.0047,54.1086,155.275,209.383
92.0247,51.2723,151.977,203.249
92.0447,51.1213,152.338,203.459
92.0647,60.0168,153.04,213.057
92.0847,51.1988,153.131,204.329
92.1047,56.5011,155.276,211.777
92.1247,49.9426,152.062,202.005
92.1447,50.4617,150.607,201.069
92.1647,56.0253,152.859,208.884
92.1847,53.4447,152.421,205.865
92.2047,51.0293,152.367,203.396
92.2247,60.4166,153.738,214.154
92.2447,49.4192,154.031,203.45
92.2647,58.0045,155.42,213.425
92.2847,48.2421,151.747,199.989
92.3047,59.4397,155.478,214.917
92.3247,50.4739,151.501,201.975
92.3447,56.3492,152.46,208.809
92.3647,54.1142,151.967,206.081
92.3847,54.3432,152.735,207.078
92.4047,58.8035,152.074,210.877
92.4247,53.3052,152.491,205.796
92.4447,53.6473,154.952,208.599
92.4647,52.857,152.899,205.756
92.4847,55.8303,153.588,209.419
92.5047,51.1435,151.13,202.273
92.5247,57.4394,154.476,211.915
92.5447,55.0967,153.47,208.566
92.5647,58.2236,153.465,211.689
92.5847,53.2565,153.923,207.179
92.6047,54.0511,151.723,205.774
92.6247,52.6105,151.029,203.639
92.6447,56.7504,153.712,210.462
92.6647,55.0922,151.871,206.963
92.6847,48.596,152.09,200.686
92.7047,52.0633,153.037,205.101
92.7247,52.1457,153.811,205.957
92.7447,51.7187,153.698,205.417
92.7647,55.246,153.172,208.418
92.7847,54.4159,153.825,208.241
92.8047,51.6431,152.228,203.871
92.8247,51.9889,152.091,204.08
92.8447,54.1249,154.012,208.137
92.8647,49.9322,151.305,201.237
92.8847,47.8606,153.893,201.753
92.9047,50.8578,151.725,202.583
92.9247,49.0582,153.25,202.308
92.9447,60.0214,157.347,217.368
92.9647,52.3912,149.277,201.668
92.9847,54.6147,153.014,207.629
93.0047,54.1636,151.525,205.688
93.0247,54.4059,152.315,206.721
93.0447,57.3506,154.76,212.111
93.0647,55.1127,150.936,206.048
93.0847,55.8611,153.949,209.81
93.1047,54.0138,153.701,207.715
93.1247,48.039,153.339,201.378
93.1447,49.3848,149.326,198.711
93.1647,53.7947,152.238,206.033
93.1847,54.4703,151.845,206.316
93.2047,47.9134,151.47,199.383
93.2247,52.9627,153.25,206.213
93.2447,49.2484,150.877,200.125
93.2647,56.9357,154.112,211.048
93.2847,56.9172,153.382,210.3
93.3047,50.6806,149.398,200.078
93.3247,55.9331,153.339,209.272
93.3447,49.5748,151.862,201.437
93.3647,63.0037,153.557,216.561
93.3847,54.4015,153.236,207.638
93.4047,49.9979,149.338,199.336
93.4247,49.7843,148.251,198.036
93.4447,47.363,151.872,199.235
93.4647,52.4248,150.931,203.356
93.4847,52.7211,151.924,204.645
93.5047,57.8583,151.418,209.276
93.5247,51.8615,153.511,205.372
93.5447,58.5955,153.645,212.241
93.5647,53.7338,152.113,205.847
93.5847,48.9807,151.083,200.063
93.6047,52.8498,150.214,203.064
93.6247,54.9049,150.635,205.54
93.6447,53.8193,148.815,202.634
93.6647,50.3473,152.262,202.61
93.6847,58.9872,151.405,210.392
93.7047,51.5773,151.935,203.512
93.7247,52.6611,150.265,202.926
93.7447,58.142,153.179,211.321
93.7647,57.8099,150.948,208.758
93.7847,47.9818,148.409,196.391
93.8047,51.0639,152.192,203.256
93.8247,50.3416,152.894,203.236
93.8447,55.3522,149.091,204.443
93.8647,54.8152,152.18,206.995
93.8847,43.2249,148.48,191.705
93.9047,61.1527,151.158,212.311
93.9247,49.6399,149.442,199.082
93.9447,54.1823,151.753,205.936
93.9647,52.3694,153.269,205.638
93.9847,52.1159,149.746,201.862
94.0047,52.0948,149.329,201.424
94.0247,51.9809,154.254,206.235
94.0447,51.9941,152.69,204.684
94.0647,52.9064,150.774,203.681
94.0847,46.5687,150.827,197.395
94.1047,50.3173,148.849,199.166
94.1247,57.43,151.407,208.837
94.1447,46.3837,151.876,198.26
94.1647,60.7782,154.79,215.568
94.1847,47.9135,149.053,196.966
94.2047,55.4545,150.545,206
94.2247,56.231,152.241,208.472
94.2447,50.6955,151.054,201.75
94.2647,50.4837,150.229,200.713
94.2847,59.9532,153.261,213.214
94.3047,45.5039,149.418,194.922
94.3247,56.7871,150.749,207.536
94.3447,49.3222,149.746,199.068
94.3647,46.1259,147.363,193.489
94.3847,54.5293,151.817,206.346
94.4047,53.1251,151.327,204.452
94.4247,58.4355,150.079,208.514
94.4447,48.8963,151.872,200.768
94.4647,58.9197,149.3,208.22
94.4847,51.0724,150.863,201.935
94.5047,57.1599,152.49,209.65
94.5247,52.8849,150.634,203.519
94.5447,43.2616,147.293,190.554
94.5647,58.7628,152.993,211.756
94.5847,51.0894,151.399,202.489
94.6047,43.2985,147.071,190.37
94.6247,48.4923,147.346,195.839
94.6447,51.256,149.33,200.586
94.6647,49.7465,149.162,198.909
94.6847,50.9962,148.761,199.757
94.7047,56.9929,151.224,208.217
94.7247,54.6739,151.795,206.469
94.7447,50.5218,149.257,199.778
94.7647,56.8375,150.651,207.489
94.7847,41.8093,147.528,189.337
94.8047,56.1057,151.393,207.499
94.8247,49.5484,151.775,201.324
94.8447,56.8594,149.919,206.779
94.8647,51.1864,150.374,201.56
94.8847,52.0176,152.08,204.097
94.9047,46.8801,147.202,194.082
94.9247,49.8586,150.634,200.492
94.9447,51.5048,147.563,199.067
94.9647,55.1728,149.159,204.332
94.9847,55.0903,150.653,205.744
95.0047,50.7207,148.345,199.066
95.0247,52.7169,149.592,202.309
95.0447,49.9936,148.597,198.591
95.0647,51.6008,148.454,200.054
95.0847,51.2823,149.124,200.407
95.1047,53.5186,148.458,201.977
95.1247,47.1458,148.433,195.579
95.1447,51.9979,148.489,200.487
95.1647,53.2781,149.635,202.913
95.1847,54.9514,148.678,203.629
95.2047,53.2103,149.895,203.105
95.2247,59.245,150.007,209.252
95.2447,52.7448,148.105,200.85
95.2647,47.2181,146.457,193.675
95.2847,54.2089,145.971,200.18
95.3047,48.4847,149.176,197.66
95.3247,49.1455,148.919,198.064
95.3447,48.957,148.991,197.948
95.3647,50.9914,149.691,200.682
95.3847,57.9629,147.531,205.494
95.4047,46.8219,148.944,195.766
95.4247,51.9357,147.84,199.776
95.4447,49.6732,146.466,196.139
95.4647,57.6658,149.838,207.504
95.4847,51.1918,148.045,199.237
95.5047,51.6419,151.241,202.883
95.5247,49.4579,146.946,196.404
95.5447,54.7367,150.395,205.132
95.5647,50.7625,147.793,198.555
95.5847,55.3646,150.78,206.145
95.6047,50.9213,148.042,198.963
95.6247,53.9543,149.398,203.352
95.6447,53.9495,148.792,202.741
95.6647,48.785,146.592,195.377
95.6847,51.5544,147.271,198.825
95.7047,46.1054,148.541,194.646
95.7247,55.9848,149.711,205.696
95.7447,59.2938,151.585,210.879
95.7647,47.4699,145.354,192.823
95.7847,49.7356,146.999,196.735
95.8047,52.6709,147.505,200.176
95.8247,50.7518,148.734,199.485
95.8447,46.6187,148.383,195.001
95.8647,53.146,148.912,202.058
95.8847,47.1128,147.517,194.63
95.9047,51.0021,147.918,198.92
95.9247,51.0327,150.31,201.343
95.9447,55.3022,149.536,204.838
95.9647,52.6208,147.867,200.488
95.9847,45.8987,144.345,190.244
96.0047,50.8478,147.215,198.062
96.0247,49.0847,148.243,197.328
96.0447,49.6362,149.581,199.217
96.0647,53.9708,148.958,202.929
96.0847,58.4866,150.148,208.635
96.1047,50.9789,147.28,198.259
96.1247,53.375,148.073,201.448
96.1447,52.4274,147.829,200.256
96.1647,53.2081,150.097,203.305
96.1847,52.3561,146.556,198.913
96.2047,43.2198,144.902,188.121
96.2247,50.712,146.345,197.057
96.2447,50.5794,150.653,201.233
96.2647,59.2445,147.402,206.646
96.2847,49.7085,145.19,194.899
96.3047,49.7756,148.497,198.272
96.3247,49.9998,148.034,198.034
96.3447,43.6166,146.098,189.715
96.3647,53.868,149.025,202.893
96.3847,56.2938,149.39,205.684
96.4047,50.5684,145.225,195.794
96.4247,53.491,148.665,202.156
96.4447,47.6036,145.935,193.539
96.4647,58.3786,148.083,206.461
96.4847,47.1852,146.406,193.591
96.5047,52.6254,149.276,201.901
96.5247,51.4237,147.735,199.159
96.5447,49.3217,148.915,198.237
96.5647,48.9153,148.891,197.807
96.5847,55.1348,148.273,203.407
96.6047,50.9051,147.8,198.705
96.6247,44.8078,147.505,192.313
96.6447,43.9286,145.767,189.696
96.6647,50.2441,148.022,198.266
96.6847,48.8022,146.965,195.767
96.7047,45.8822,146.202,192.084
96.7247,46.0509,146.539,192.59
96.7447,57.232,149.208,206.44
96.7647,53.2048,148.393,201.598
96.7847,55.6396,150.223,205.863
96.8047,58.5412,150.553,209.094
96.8247,49.6494,147.666,197.315
96.8447,52.1182,147.505,199.623
96.8647,51.6973,146.734,198.431
96.8847,50.4051,149.243,199.648
96.9047,47.3348,147.772,195.106
96.9247,47.114,146.046,193.16
96.9447,46.8102,146.186,192.996
96.9647,54.6377,149.069,203.707
96.9847,45.8129,145.481,191.294
97.0047,51.8032,150.306,202.11
97.0247,45.9364,146.131,192.068
97.0447,53.2299,146.001,199.231
97.0647,46.5074,141.322,187.83
97.0847,59.0899,147.943,207.033
97.1047,46.5699,142.778,189.348
97.1247,52.805,148.378,201.183
97.1447,51.9706,145.622,197.592
97.1647,47.8392,148.042,195.881
97.1847,44.9037,147.096,192
97.2047,52.5165,148.631,201.148
97.2247,58.6712,149.592,208.264
97.2447,47.5302,145.033,192.563
97.2647,56.5425,145.729,202.271
97.2847,45.5159,145.557,191.073
97.3047,46.0577,147.135,193.193
97.3247,44.9985,146.407,191.406
97.3447,53.2039,147.902,201.106
97.3647,50.5633,146.043,196.607
97.3847,52.0734,143.471,195.544
97.4047,52.3974,148.432,200.829
97.4247,50.4582,144.582,195.04
97.4447,46.4783,145.796,192.275
97.4647,44.771,146.708,191.479
97.4847,44.9436,146.339,191.283
97.5047,59.4614,146.4,205.861
97.5247,50.6017,147.83,198.431
97.5447,47.8939,144.518,192.412
97.5647,49.789,147.87,197.659
97.5847,51.332,148.586,199.918
97.6047,43.4824,146.325,189.808
97.6247,54.7449,146.296,201.041
97.6447,50.1298,145.948,196.078
97.6647,55.2701,150.206,205.476
97.6847,51.5904,145.753,197.343
97.7047,47.3688,144.289,191.658
97.7247,53.8705,146.341,200.212
97.7447,45.5043,144.972,190.476
97.7647,50.5562,147.745,198.302
97.7847,52.2415,146.353,198.594
97.8047,44.4939,146.747,191.241
97.8247,54.5143,148.772,203.286
97.8447,48.4064,144.257,192.663
97.8647,47.2586,145.176,192.434
97.8847,47.3016,144.928,192.23
97.9047,51.666,145.979,197.645
97.9247,42.7767,145.81,188.587
97.9447,60.0536,145.482,205.536
97.9647,50.8686,149.791,200.66
97.9847,47.0961,145.689,192.786
98.0047,49.2091,147.867,197.076
98.0247,47.6997,144.982,192.681
98.0447,48.0507,145.42,193.47
98.0647,45.087,144.009,189.096
98.0847,54.3718,143.978,198.35
98.1047,55.8744,147.553,203.428
98.1247,48.3847,147.724,196.109
98.1447,53.7271,146.771,200.498
98.1647,51.3721,149.534,200.906
98.1847,46.625,146.444,193.069
98.2047,38.9371,140.586,179.523
98.2247,50.5739,145.372,195.946
98.2447,52.9731,147.082,200.055
98.2647,47.5648,143.482,191.046
98.2847,43.8847,143.314,187.199
98.3047,50.383,146.101,196.484
98.3247,44.4495,145.532,189.981
98.3447,53.1014,145.647,198.748
98.3647,48.4721,145.203,193.675
98.3847,52.7188,145.555,198.274
98.4047,52.105,144.909,197.014
98.4247,45.6115,142.715,188.327
98.4447,49.7887,145.468,195.257
98.4647,48.5049,146.351,194.856
98.4847,45.6725,144.807,190.479
98.5047,49.2507,143.372,192.623
98.5247,50.7188,145.117,195.836
98.5447,53.8295,147.221,201.05
98.5647,58.8242,144.858,203.682
98.5847,44.3016,144.979,189.28
98.6047,50.4741,143.504,193.978
98.6247,46.2043,145.742,191.946
98.6447,55.9039,145.351,201.255
98.6647,47.6018,144.302,191.903
98.6847,55.1004,147.052,202.153
98.7047,50.252,139.719,189.971
98.7247,46.8492,145.003,191.852
98.7447,50.8192,144.101,194.92
98.7647,50.9332,143.334,194.267
98.7847,51.6351,145.844,197.479
98.8047,47.5358,143.859,191.395
98.8247,48.6139,145.612,194.226
98.8447,44.4309,144.415,188.846
98.8647,48.3981,144.223,192.621
98.8847,47.8468,144.597,192.444
98.9047,49.0318,144.222,193.254
98.9247,46.6798,145.392,192.072
98.9447,49.6473,145.583,195.23
98.9647,45.5226,144.92,190.443
98.9847,52.9033,144.052,196.955
99.0047,46.7552,143.854,190.609
99.0247,50.738,146.024,196.762
99.0447,47.086,142.811,189.897
99.0647,51.8002,142.744,194.544
99.0847,44.821,146.024,190.845
99.1047,46.5471,145.808,192.355
99.1247,52.9719,145.967,198.939
99.1447,49.9622,144.213,194.175
99.1647,52.3931,145.658,198.051
99.1847,43.3686,142.809,186.178
99.2047,47.8228,143.931,191.754
99.2247,44.6453,141.368,186.013
99.2447,56.0189,148.238,204.257
99.2647,48.8617,142.426,191.287
99.2847,51.7431,144.042,195.785
99.3047,53.7728,146.455,200.228
99.3247,49.7654,142.403,192.168
99.3447,45.2396,141.531,186.77
99.3647,50.1323,144.889,195.021
99.3847,46.032,145.589,191.621
99.4047,45.983,144.671,190.654
99.4247,49.1554,144.618,193.774
99.4447,50.5875,145.255,195.842
99.4647,50.2779,144.379,194.657
99.4847,45.966,140.331,186.297
99.5047,51.7407,145.509,197.25
99.5247,48.1682,144.441,192.609
99.5447,48.9721,143.719,192.691
99.5647,38.5297,141.657,180.186
99.5847,53.5636,146.312,199.876
99.6047,48.388,143.592,191.98
99.6247,53.0916,144.858,197.95
99.6447,38.6757,140.444,179.119
99.6647,54.4267,147.275,201.702
99.6847,52.6957,142.64,195.336
99.7047,47.6043,141.617,189.222
99.7247,58.0259,147.569,205.594
99.7447,51.7684,144.117,195.885
99.7647,38.6589,139.178,177.837
99.7847,48.4353,144.187,192.622
99.8047,44.7267,142.433,187.159
99.8247,53.2017,142.614,195.816
99.8447,49.3794,142.98,192.359
99.8647,43.0104,142.681,185.692
99.8847,51.3697,142.75,194.119
99.9047,50.309,144.937,195.246
99.9247,46.9098,139.979,186.889
99.9447,55.3235,144.044,199.367
99.9647,46.5205,141.625,188.145
99.9847,47.6903,145.715,193.406
100.005,51.0358,143.502,194.538
100.025,51.0218,143.799,194.821
100.045,46.2907,143.402,189.692
100.065,49.3246,142.276,191.6
100.085,46.4596,142.452,188.911
100.105,50.3662,143.245,193.611
100.125,48.3525,141.558,189.91
100.145,50.0247,143.171,193.195
100.165,48.6266,144.289,192.916
100.185,42.7574,142.511,185.268
100.205,48.5323,145.179,193.711
100.225,47.4376,144.168,191.606
100.245,45.5538,141.48,187.034
100.265,48.4539,141.479,189.933
100.285,46.8326,141.584,188.416
100.305,48.4984,143.398,191.896
100.325,47.4823,143.124,190.606
100.345,53.0272,142.627,195.655
100.365,51.5966,143.259,194.855
100.385,46.5525,144.046,190.599
100.405,48.21,143.843,192.053
100.425,49.2846,141.009,190.293
100.445,50.3793,140.919,191.298
100.465,42.475,142.825,185.3
100.485,47.9909,142.231,190.221
100.505,43.2746,142.206,185.481
100.525,54.9145,144.06,198.975
100.545,51.6014,142.939,194.541
100.565,36.7701,137.237,174.007
100.585,48.525,141.42,189.945
100.605,49.2696,141.371,190.64
100.625,45.994,140.791,186.786
100.645,45.9784,141.213,187.191
100.665,48.6999,144.895,193.594
100.685,48.0974,144.497,192.594
100.705,48.5312,140.191,188.723
100.725,41.1738,143.911,185.084
100.745,57.0457,145.574,202.62
100.765,49.2377,140.992,190.23
100.785,48.5575,144.376,192.934
100.805,48.9168,141.879,190.796
100.825,50.6451,143.705,194.351
100.845,44.777,140.601,185.378
100.865,48.9792,143.033,192.013
100.885,41.8064,141.38,183.186
100.905,53.2277,144.257,197.485
100.925,47.2756,141.473,188.749
100.945,49.9299,145.009,194.939
100.965,45.0019,142.506,187.508
100.985,53.0992,144.559,197.658
101.005,50.6192,141.547,192.167
101.025,50.3321,142.918,193.25
101.045,42.885,138.631,181.516
101.065,49.01,142.828,191.838
101.085,44.7463,140.068,184.814
101.105,50.5776,144.127,194.705
101.125,41.1856,141.938,183.124
101.145,51.4748,142.146,193.621
101.165,46.3065,143.465,189.772
101.185,51.3336,142.169,193.503
101.205,52.0059,143.809,195.815
101.225,46.7656,140.864,187.63
101.245,42.9525,138.641,181.594
101.265,48.6288,140.7,189.329
101.285,43.3634,140.767,184.13
101.305,49.2475,140.122,189.37
101.325,50.9796,142.937,193.916
101.345,44.9201,139.995,184.916
101.365,46.0875,142.392,188.479
101.385,40.8578,141.32,182.178
101.405,49.191,141.338,190.529
101.425,44.6639,141.229,185.893
101.445,48.2151,145.504,193.719
101.465,50.1115,142.879,192.991
101.485,46.4146,140.263,186.678
101.505,43.8603,142.048,185.909
101.525,47.9273,140.964,188.891
101.545,49.9469,142.79,192.737
101.565,50.324,140.641,190.965
101.585,46.392,140.148,186.54
101.605,53.7354,141.986,195.721
101.625,47.2576,139.666,186.923
101.645,46.8581,139.608,186.466
101.665,48.5095,142.621,191.13
101.685,51.3538,143.576,194.93
101.705,42.1138,138.572,180.685
101.725,51.3555,141.476,192.832
101.745,39.2053,140.682,179.887
101.765,49.6378,140.636,190.274
101.785,43.4203,142.152,185.572
101.805,51.9382,142.973,194.911
101.825,47.8661,142.172,190.038
101.845,49.4251,139.904,189.329
101.865,46.7572,140.615,187.372
101.885,49.7774,142.849,192.626
101.905,53.5772,142.437,196.015
101.925,43.3737,139.37,182.744
101.945,48.2102,142.574,190.784
101.965,43.6658,140.817,184.483
101.985,53.4578,139.846,193.304
102.005,40.4235,139.94,180.364
102.025,48.6013,140.306,188.907
102.045,51.1697,139.486,190.656
102.065,49.7878,140.651,190.438
102.085,50.5373,140.653,191.19
102.105,50.7005,145.149,195.849
102.125,43.3725,138.973,182.345
102.145,50.9811,142.048,193.029
102.165,50.7527,140.628,191.381
102.185,43.6641,138.645,182.31
102.205,45.1154,143.709,188.824
102.225,49.9697,142.229,192.199
102.245,46.7996,140.366,187.166
102.265,49.8993,142.882,192.781
102.285,50.0508,142.905,192.956
102.305,46.7888,139.589,186.378
102.325,41.6003,138.452,180.052
102.345,51.2107,142.458,193.669
102.365,40.8685,137.254,178.122
102.385,44.2995,141.244,185.543
102.405,45.5979,140.378,185.976
102.425,47.6011,138.611,186.212
102.445,40.9504,137.033,177.984
102.465,48.7151,141.23,189.945
102.485,44.559,140.541,185.1
102.505,42.4603,139.485,181.945
102.525,49.9786,141.887,191.866
102.545,45.6022,139.115,184.717
102.565,50.7539,141.52,192.273
102.585,48.0079,140.756,188.764
102.605,48.8074,141.059,189.866
102.625,45.2619,138.655,183.917
102.645,49.1989,141.625,190.824
102.665,48.2011,140.734,188.935
102.685,51.1231,144.394,195.517
102.705,44.7592,140.098,184.858
102.725,49.2572,140.414,189.671
102.745,41.864,138.651,180.515
102.765,51.516,142.382,193.898
102.785,45.8023,140.398,186.2
102.805,46.7386,141.99,188.729
102.825,45.6286,142.008,187.636
102.845,42.2747,139.549,181.823
102.865,47.5354,137.287,184.823
102.885,51.212,140.032,191.244
102.905,44.7662,140.497,185.263
102.925,44.3218,140.093,184.415
102.945,43.1833,139.929,183.112
102.965,46.3526,141.131,187.484
102.985,41.7466,139.165,180.911
103.005,45.7649,138.237,184.002
103.025,46.3814,139.161,185.542
103.045,49.6889,139.259,188.948
103.065,45.9142,139.032,184.946
103.085,48.5088,137.493,186.002
103.105,48.5576,140.621,189.178
103.125,51.8166,140.665,192.482
103.145,43.7771,138.66,182.437
103.165,44.7988,140.936,185.735
103.185,48.8592,139.442,188.301
103.205,38.6846,139.74,178.424
103.225,48.398,139.716,188.114
103.245,52.019,139.266,191.285
103.265,44.9296,136.788,181.717
103.285,45.672,142.962,188.634
103.305,47.8874,140.035,187.923
103.325,42.7207,138.405,181.125
103.345,49.765,141.821,191.586
103.365,42.6497,140.285,182.935
103.385,48.8374,138.208,187.046
103.405,40.8275,136.891,177.718
103.425,45.2681,139.3,184.568
103.445,48.1424,139.735,187.878
103.465,42.2096,140.57,182.78
103.485,49.3629,139.266,188.629
103.505,46.8583,138.512,185.371
103.525,46.2449,138.845,185.09
103.545,46.7742,138.18,184.954
103.565,44.6951,138.078,182.773
103.585,45.9214,141.484,187.405
103.605,45.4188,141.563,186.982
103.625,49.0323,141.135,190.167
103.645,40.6402,139.944,180.584
103.665,56.9494,142.116,199.065
103.685,50.2964,137.93,188.226
103.705,44.3804,139.258,183.638
103.725,46.2471,137.163,183.41
103.745,50.4859,135.694,186.18
103.765,44.2327,141.945,186.178
103.785,45.2746,140.953,186.228
103.805,42.8271,137.052,179.879
103.825,48.6994,140.136,188.835
103.845,46.9071,139.384,186.291
103.865,41.162,137.392,178.554
103.885,48.5114,139.723,188.235
103.905,48.439,137.341,185.78
103.925,46.4714,140.855,187.326
103.945,45.1601,138.038,183.198
103.965,43.2534,135.858,179.111
103.985,43.0024,136.033,179.035
104.005,48.24,137.078,185.318
104.025,49.3362,138.91,188.246
104.045,48.121,139.113,187.234
104.065,46.8971,139.706,186.603
104.085,42.7053,135.166,177.871
104.105,48.6306,138.304,186.934
104.125,44.8495,137.141,181.991
104.145,48.819,140.229,189.048
104.165,45.8973,137.697,183.594
104.185,45.5384,138.958,184.497
104.205,39.2651,136.203,175.469
104.225,51.3715,138.135,189.506
104.245,48.7361,140.555,189.291
104.265,42.5305,139.014,181.544
104.285,49.3641,139.67,189.034
104.305,46.945,138.311,185.256
104.325,51.9934,141.644,193.638
104.345,41.5878,136.964,178.551
104.365,40.6509,138.054,178.705
104.385,43.7951,138.628,182.423
104.405,44.155,135.666,179.821
104.425,44.3182,137.431,181.749
104.445,41.5318,135.263,176.795
104.465,48.2514,136.161,184.413
104.485,49.7079,139.205,188.913
104.505,47.5143,138.041,185.555
104.525,49.0222,137.189,186.212
104.545,45.1693,135.924,181.093
104.565,50.2768,139.046,189.323
104.585,39.6276,136.018,175.646
104.605,46.7534,138.313,185.066
104.625,43.9563,135.585,179.541
104.645,43.1871,138.904,182.091
104.665,46.5406,137.283,183.824
104.685,48.301,137.291,185.592
104.705,43.6743,137.249,180.923
104.725,48.6429,139.224,187.867
104.745,39.7779,137.895,177.673
104.765,46.3807,136.666,183.047
104.785,39.8972,135.414,175.311
104.805,50.3528,139.631,189.984
104.825,44.3825,135.474,179.857
104.845,48.9237,141.352,190.276
104.865,48.3255,137.719,186.045
104.885,46.781,138.285,185.066
104.905,54.0962,140.33,194.426
104.925,44.6373,138.558,183.195
104.945,41.3283,136.767,178.096
104.965,47.9854,138.563,186.549
104.985,43.1388,136.887,180.026
105.005,48.8121,138.108,186.92
105.025,42.752,138.018,180.77
105.045,40.1178,135.72,175.838
105.065,43.7543,135.149,178.903
105.085,51.4859,140.087,191.573
105.105,44.6253,135.125,179.75
105.125,43.6666,137.45,181.116
105.145,45.8247,135.795,181.62
105.165,42.488,136.039,178.527
105.185,41.4251,138.664,180.089
105.205,41.0268,134.403,175.43
105.225,48.897,137.442,186.339
105.245,46.0611,137.005,183.066
105.265,46.0685,135.758,181.826
105.285,48.2327,138.546,186.779
105.305,47.6469,136.539,184.186
105.325,52.321,137.673,189.994
105.345,48.4669,138.235,186.702
105.365,44.5495,136.998,181.548
105.385,44.4111,136.224,180.635
105.405,42.8042,138.594,181.398
105.425,37.1119,136.73,173.842
105.445,45.7137,138.348,184.062
105.465,46.2048,137.14,183.345
105.485,38.833,132.672,171.505
105.505,46.8991,138.387,185.286
105.525,45.5803,137.796,183.376
105.545,48.1206,136.804,184.925
105.565,45.2739,136.263,181.537
105.585,42.648,136.572,179.22
105.605,46.3035,134.367,180.671
105.625,43.5785,137.777,181.356
105.645,48.4508,137.863,186.314
105.665,44.2076,137.01,181.218
105.685,43.1931,136.802,179.995
105.705,42.9715,137.177,180.148
105.725,41.5301,136.321,177.851
105.745,45.3649,136.894,182.258
105.765,48.7655,139.324,188.09
105.785,41.3311,134.989,176.32
105.805,41.1987,135.523,176.722
105.825,49.8992,136.905,186.804
105.845,43.6874,135.362,179.049
105.865,45.4223,136.706,182.128
105.885,46.3196,138.336,184.656
105.905,45.1238,134.877,180.001
105.925,45.1602,136.099,181.259
105.945,42.3618,137.622,179.984
105.965,44.4364,138.746,183.183
105.985,44.29,135.832,180.122
106.005,38.5353,136.83,175.365
106.025,45.1702,136.729,181.899
106.045,43.3939,136.861,180.255
106.065,41.4971,137.522,179.019
106.085,44.0217,136.879,180.901
106.105,45.8051,138.332,184.137
106.125,46.9513,137.047,183.998
106.145,50.1348,136.256,186.391
106.165,42.5224,137.872,180.394
106.185,42.2087,135.008,177.216
106.205,47.7805,136.292,184.072
106.225,42.0258,135.905,177.931
106.245,51.8785,139.029,190.908
106.265,41.4228,136.296,177.719
106.285,48.4229,136.304,184.727
106.305,41.1526,134.793,175.946
106.325,47.729,138.216,185.945
106.345,45.7535,135.934,181.687
106.365,45.3976,135.942,181.339
106.385,41.447,136.424,177.871
106.405,38.9394,135.201,174.14
106.425,49.4932,135.003,184.496
106.445,37.037,134.69,171.727
106.465,49.286,138.206,187.492
106.485,44.0245,136.742,180.766
106.505,40.6323,134.631,175.263
106.525,44.0087,134.694,178.703
106.545,50.11,137.951,188.061
106.565,42.5303,134.165,176.695
106.585,41.0957,136.125,177.221
106.605,47.663,135.06,182.723
106.625,45.8851,138.128,184.013
106.645,51.1769,137.32,188.497
106.665,41.0909,134.711,175.802
106.685,38.7977,134.039,172.837
106.705,44.2183,131.977,176.195
106.725,43.9117,133.81,177.721
106.745,50.1585,137.431,187.589
106.765,39.3275,134.875,174.202
106.785,44.4679,136.308,180.776
106.805,41.1133,138.056,179.169
106.825,43.7895,138.663,182.453
106.845,42.8013,135.457,178.258
106.865,46.0753,137.145,183.22
106.885,38.5848,134.697,173.282
106.905,44.5843,136.885,181.469
106.925,38.1836,135.16,173.343
106.945,52.9366,135.785,188.722
106.965,42.553,134.307,176.86
106.985,44.314,135.673,179.987
107.005,41.3657,133.412,174.777
107.025,52.5688,135.968,188.537
107.045,46.7063,135.455,182.162
107.065,39.745,135.312,175.057
107.085,41.6721,134.246,175.918
107.105,42.857,133.472,176.329
107.125,44.4498,134.401,178.851
107.145,45.6651,135.863,181.528
107.165,50.8684,136.4,187.269
107.185,42.1966,133.713,175.909
107.205,45.263,138.433,183.696
107.225,35.5051,131.489,166.994
107.245,41.2485,135.304,176.552
107.265,41.2547,136.178,177.433
107.285,44.4519,132.924,177.376
107.305,42.6876,135.954,178.642
107.325,43.2621,135.778,179.04
107.345,48.5252,136.053,184.578
107.365,39.7577,132.931,172.688
107.385,47.7051,135.696,183.401
107.405,41.3274,137.055,178.383
107.425,43.3003,133.271,176.571
107.445,48.9472,138.199,187.146
107.465,42.6733,134.715,177.389
107.485,40.3497,135.9,176.25
107.505,46.8672,134.728,181.595
107.525,44.675,134.009,178.684
107.545,43.9265,135.48,179.407
107.565,42.6917,133.976,176.668
107.585,42.2947,135.21,177.505
107.605,42.9211,132.643,175.564
107.625,50.0648,138.013,188.077
107.645,34.9874,132.714,167.702
107.665,47.2065,134.418,181.624
107.685,47.7462,137.224,184.97
107.705,47.2464,134.145,181.392
107.725,40.9366,132.802,173.739
107.745,45.7567,135.02,180.777
107.765,44.1783,134.785,178.963
107.785,48.4934,136.161,184.655
107.805,45.5446,133.376,178.921
107.825,45.6972,136.824,182.522
107.845,41.1069,133.349,174.456
107.865,48.8258,137.292,186.118
107.885,47.2489,135.834,183.083
107.905,39.7819,133.9,173.682
107.925,37.9385,134.512,172.451
107.945,45.0055,133.951,178.956
107.965,43.5252,134.576,178.101
107.985,42.1429,132.239,174.382
108.005,45.587,136.784,182.371
108.025,42.933,137.032,179.965
108.045,41.4965,133.164,174.661
108.065,45.3102,135.439,180.749
108.085,46.7165,135.032,181.748
108.105,40.3403,132.378,172.718
108.125,41.8773,135.471,177.348
108.145,39.2446,133.109,172.353
108.165,47.9411,136.164,184.105
108.185,38.4125,132.014,170.427
108.205,41.7317,133.993,175.725
108.225,46.4308,137.458,183.889
108.245,44.3916,135.676,180.067
108.265,37.5623,131.077,168.639
108.285,42.672,132.732,175.404
108.305,47.9488,134.95,182.899
108.325,41.0513,132.717,173.768
108.345,47.7138,133.897,181.611
108.365,40.4903,131.075,171.565
108.385,48.0267,134.98,183.007
108.405,45.0144,133.014,178.029
108.425,46.6076,135.105,181.713
108.445,41.4008,134.251,175.652
108.465,41.8991,133.744,175.643
108.485,49.6473,134.654,184.302
108.505,37.5672,134.206,171.773
108.525,45.1862,132.345,177.531
108.545,40.1706,132.139,172.31
108.565,41.137,131.295,172.432
108.585,43.0634,134.221,177.285
108.605,47.2321,134.926,182.159
108.625,37.4685,134.082,171.55
108.645,47.3904,137.592,184.983
108.665,45.7246,135.223,180.948
108.685,44.3302,134.224,178.554
108.705,43.1858,135.934,179.12
108.725,38.4353,133.327,171.763
108.745,40.4928,131.503,171.996
108.765,48.7068,135.961,184.668
108.785,48.8824,135.148,184.03
108.805,44.047,133.012,177.059
108.825,40.993,129.705,170.697
108.845,42.5081,131.839,174.347
108.865,42.3962,130.066,172.463
108.885,46.7186,133.401,180.119
108.905,45.1109,134.463,179.574
108.925,36.3896,130.575,166.965
108.945,45.8131,133.961,179.774
108.965,42.5604,134.774,177.335
108.985,41.6028,131.85,173.453
109.005,42.4052,133.534,175.94
109.025,39.1399,131.428,170.568
109.045,46.1835,134.595,180.779
109.065,42.9464,132.552,175.498
109.085,43.8118,129.916,173.728
109.105,42.4815,134.894,177.375
109.125,39.0718,133.372,172.443
109.145,46.9992,133.749,180.749
109.165,38.8285,134.187,173.015
109.185,48.1988,135.53,183.729
109.205,40.8132,133.73,174.544
109.225,45.7789,134.061,179.84
109.245,40.6765,130.364,171.041
109.265,49.8354,136.826,186.661
109.285,44.3332,134.206,178.539
109.305,42.3903,131.212,173.602
109.325,41.8133,133.214,175.027
109.345,37.325,131.471,168.796
109.365,41.0545,137.66,178.714
109.385,45.7465,132.752,178.499
109.405,47.1868,135.509,182.696
109.425,41.9515,131.897,173.849
109.445,40.3307,133.197,173.528
109.465,43.813,131.263,175.076
109.485,45.5253,136.454,181.979
109.505,37.6174,130.157,167.774
109.525,46.6185,132.217,178.836
109.545,45.3556,133.833,179.188
109.565,41.4915,131.438,172.929
109.585,45.2661,134.894,180.16
109.605,40.2134,131.773,171.986
109.625,42.7511,130.281,173.032
109.645,39.4766,131.458,170.935
109.665,41.536,134.723,176.259
109.685,37.6007,131.947,169.548
109.705,42.1118,131.212,173.324
109.725,44.1334,134.236,178.369
109.745,40.1723,134.876,175.049
109.765,44.4715,131.532,176.003
109.785,47.7304,132.999,180.729
109.805,44.9616,133.561,178.523
109.825,43.0884,134.221,177.309
109.845,39.6699,131.215,170.885
109.865,43.3603,134.98,178.34
109.885,43.8025,131.139,174.942
109.905,39.6895,131.861,171.55
109.925,43.1638,130.38,173.543
109.945,38.9273,135.278,174.205
109.965,47.6591,134.317,181.976
109.985,39.1129,130.509,169.622
110.005,41.7082,131.19,172.898
110.025,44.3606,133.23,177.591
110.045,40.1835,131.846,172.03
110.065,39.5592,132.68,172.239
110.085,41.042,132.385,173.427
110.105,47.3299,134.497,181.827
110.125,39.3596,131.125,170.484
110.145,45.2013,133.532,178.733
110.165,43.0033,130.627,173.63
110.185,46.8606,134.153,181.014
110.205,39.5806,133.498,173.078
110.225,38.8081,131.707,170.515
110.245,43.0796,130.515,173.594
110.265,39.8986,131.109,171.008
110.285,44.9938,132.812,177.806
110.305,52.3741,134.109,186.483
110.325,41.376,133.137,174.513
110.345,38.5636,132.2,170.764
110.365,39.9163,130.883,170.8
110.385,45.1981,133.917,179.115
110.405,42.0043,130.084,172.089
110.425,40.2806,130.209,170.49
110.445,44.1315,131.854,175.986
110.465,41.2329,128.94,170.173
110.485,43.2809,132.648,175.929
110.505,37.5499,132.517,170.067
110.525,43.3172,131.48,174.797
110.545,40.0284,132.032,172.061
110.565,44.4603,132.186,176.646
110.585,43.0456,131.091,174.137
110.605,42.5291,132.895,175.424
110.625,42.2349,132.662,174.897
110.645,43.2087,132.622,175.83
110.665,34.3029,130.61,164.913
110.685,39.7203,132.577,172.297
110.705,45.0593,132.617,177.676
110.725,46.0936,130.998,177.092
110.745,41.5316,130.196,171.728
110.765,45.852,130.792,176.644
110.785,42.9912,133.259,176.25
110.805,44.1257,130.364,174.489
110.825,39.2211,128.45,167.671
110.845,43.6311,132.306,175.937
110.865,41.3911,131.782,173.173
110.885,42.4748,133.967,176.442
110.905,38.1071,129.456,167.563
110.925,45.2735,132.99,178.264
110.945,45.3659,132.506,177.872
110.965,40.8869,129.72,170.607
110.985,40.168,131.592,171.76
111.005,42.6211,130.481,173.102
111.025,41.0488,130.853,171.901
111.045,42.2035,130.505,172.708
111.065,45.9353,132.298,178.234
111.085,36.6897,129.415,166.104
111.105,41.6561,129.673,171.329
111.125,44.5417,131.686,176.228
111.145,43.8758,132.834,176.71
111.165,45.1551,130.778,175.933
111.185,42.6804,130.312,172.993
111.205,38.9601,130.47,169.431
111.225,38.9638,131.071,170.035
111.245,43.0132,131.609,174.622
111.265,42.0513,129.181,171.233
111.285,48.7671,133.093,181.86
111.305,52.1608,130.111,182.271
111.325,34.0005,131.255,165.256
111.345,46.1251,130.586,176.711
111.365,38.8343,130.484,169.318
111.385,39.7595,131.965,171.724
111.405,41.735,129.062,170.797
111.425,41.5797,132.426,174.006
111.445,35.086,130.683,165.769
111.465,48.1787,133.361,181.539
111.485,41.9805,129.411,171.391
111.505,41.0147,130.823,171.838
111.525,37.1486,127.512,164.661
111.545,42.8105,131.723,174.534
111.565,39.4206,130.111,169.531
111.585,41.3075,129.226,170.533
111.605,40.5565,130.282,170.839
111.625,38.793,129.366,168.159
111.645,42.5793,131.282,173.862
111.665,41.7487,130.595,172.344
111.685,39.7955,131.729,171.524
111.705,41.095,129.35,170.445
111.725,45.1927,132.021,177.214
111.745,42.6215,128.777,171.398
111.765,43.0332,131.41,174.443
111.785,41.8593,128.59,170.45
111.805,43.1599,129.013,172.173
111.825,42.9009,130.729,173.63
111.845,40.0865,130.478,170.565
111.865,40.259,128.682,168.941
111.885,44.4516,131.182,175.633
111.905,44.3943,128.588,172.982
111.925,41.7217,128.72,170.441
111.945,37.8619,127.206,165.068
111.965,46.5746,130.983,177.557
111.985,41.5148,129.562,171.077
112.005,33.8245,129.723,163.547
112.025,45.7681,130.182,175.95
112.045,41.5668,129.113,170.68
112.065,42.154,127.608,169.762
112.085,43.6326,127.924,171.556
112.105,42.2337,129.91,172.143
112.125,44.0851,130.019,174.105
112.145,40.6724,129.78,170.452
112.165,39.5384,130.776,170.315
112.185,40.7925,130.396,171.188
112.205,38.1988,131.607,169.806
112.225,42.6421,131.629,174.271
112.245,38.5727,128.261,166.834
112.265,41.8727,130.509,172.382
112.285,40.7995,127.584,168.383
112.305,39.6777,129.637,169.315
112.325,46.2187,132.888,179.107
112.345,40.3606,129.292,169.653
112.365,39.28,129.135,168.415
112.385,44.5713,127.729,172.301
112.405,41.3809,129.531,170.912
112.425,41.6893,129.027,170.717
112.445,46.1723,128.19,174.362
112.465,42.5231,129.268,171.791
112.485,39.8463,129.352,169.198
112.505,41.2318,129.689,170.921
112.525,37.2592,132.063,169.322
112.545,44.5464,130.349,174.895
112.565,41.9016,129.661,171.563
112.585,37.5767,129.859,167.436
112.605,38.6207,129.717,168.337
112.625,39.6491,129.983,169.633
112.645,43.0448,126.731,169.776
112.665,36.9168,127.122,164.039
112.685,41.9712,129.48,171.451
112.705,37.8982,127.634,165.533
112.725,43.0716,131.41,174.482
112.745,37.1674,129.466,166.634
112.765,40.3493,128.679,169.028
112.785,41.3839,129.156,170.54
112.805,39.4464,130.283,169.729
112.825,37.8111,126.848,164.659
112.845,44.8268,130.365,175.191
112.865,42.0387,130.626,172.665
112.885,40.6204,128.174,168.794
112.905,38.7632,129.451,168.214
112.925,39.2955,129.699,168.995
112.945,43.4794,132.786,176.265
112.965,42.1357,129.852,171.987
112.985,43.5117,131.447,174.959
113.005,33.7578,128.154,161.912
113.025,38.4427,129.023,167.466
113.045,40.1455,127.838,167.984
113.065,37.3047,130.002,167.306
113.085,42.3942,129.375,171.769
113.105,46.4042,128.518,174.922
113.125,38.8418,128.249,167.091
113.145,41.9798,128.742,170.722
113.165,36.2734,125.593,161.866
113.185,42.0964,129.472,171.569
113.205,42.8877,127.954,170.842
113.225,43.4139,130.419,173.833
113.245,37.1604,128.848,166.008
113.265,41.3872,129.33,170.717
113.285,39.4898,128.504,167.994
113.305,38.7354,129.655,168.39
113.325,37.0401,129.566,166.606
113.345,40.2616,129.746,170.007
113.365,40.6336,129.181,169.815
113.385,39.2637,128.606,167.869
113.405,38.4128,128.435,166.848
113.425,37.6486,128.658,166.306
113.445,43.0604,130.521,173.581
113.465,40.4789,126.987,167.466
113.485,43.4066,126.669,170.076
113.505,42.9371,128.555,171.492
113.525,42.4262,129.349,171.775
113.545,37.8345,129.285,167.12
113.565,42.0334,128.029,170.062
113.585,34.8099,126.429,161.239
113.605,40.4527,125.864,166.316
113.625,38.1596,128.256,166.416
113.645,41.7821,128.374,170.156
113.665,42.0812,128.904,170.985
113.685,44.1946,127.288,171.483
113.705,39.2607,127.331,166.592
113.725,43.2562,127.517,170.773
113.745,42.4733,127.571,170.044
113.765,38.3408,126.247,164.587
113.785,37.0973,128.567,165.665
113.805,41.7161,130.913,172.629
113.825,39.1468,126.851,165.998
113.845,43.79,127.929,171.719
113.865,36.0956,129.357,165.452
113.885,43.5736,128.572,172.146
113.905,39.7031,129.729,169.432
113.925,39.0473,128.113,167.161
113.945,41.4225,128.888,170.311
113.965,45.2959,128.403,173.699
113.985,36.0571,126.262,162.319
114.005,42.1581,129.933,172.091
114.025,40.1839,127.682,167.866
114.045,42.2031,127.549,169.752
114.065,40.7493,128.837,169.586
114.085,36.8691,125.882,162.751
114.105,43.1177,126.642,169.76
114.125,39.9434,128.736,168.679
114.145,40.5829,128.523,169.106
114.165,37.6696,126.632,164.301
114.185,40.6936,128.228,168.921
114.205,34.9968,125.898,160.895
114.225,40.3929,127.025,167.418
114.245,46.1713,129.751,175.923
114.265,44.2944,127.874,172.168
114.285,39.4793,124.734,164.213
114.305,40.3898,127.355,167.745
114.325,37.4499,128.191,165.641
114.345,43.6317,127.759,171.391
114.365,38.5591,126.999,165.558
114.385,37.2542,126.523,163.778
114.405,41.204,125.97,167.174
114.425,41.7242,126.475,168.199
114.445,40.662,128.59,169.252
114.465,42.2588,127.185,169.444
114.485,37.6525,128.403,166.055
114.505,38.6138,125.746,164.36
114.525,45.7686,128.05,173.818
114.545,37.2648,125.731,162.995
114.565,38.8947,127.441,166.335
114.585,38.7664,128.103,166.87
114.605,35.7289,125.353,161.082
114.625,40.1604,124.382,164.542
114.645,39.1575,126.733,165.891
114.665,40.7657,126.515,167.281
114.685,38.656,127.504,166.16
114.705,43.1483,127.933,171.081
114.725,41.9176,126.451,168.369
114.745,38.3273,126.183,164.51
114.765,38.5136,126.458,164.972
114.785,38.9113,127.513,166.424
114.805,37.4872,126.504,163.991
114.825,47.1039,129.549,176.653
114.845,39.1113,124.178,163.289
114.865,41.9942,124.674,166.668
114.885,44.1614,128.084,172.245
114.905,39.409,131.185,170.594
114.925,39.5822,126.567,166.149
114.945,38.518,126.597,165.115
114.965,39.5066,127.276,166.782
114.985,38.0775,127.551,165.628
115.005,40.386,127.548,167.934
115.025,35.7646,125.216,160.981
115.045,42.0469,127.504,169.551
115.065,44.0592,128.868,172.927
115.085,44.2485,127.399,171.647
115.105,37.3128,125.057,162.369
115.125,35.3538,127.665,163.019
115.145,48.4642,128.099,176.564
115.165,38.5632,124.683,163.246
115.185,38.6229,127.849,166.472
115.205,42.1105,127.366,169.477
115.225,36.3587,125.652,162.01
115.245,33.8393,126.183,160.022
115.265,40.1997,124.933,165.133
115.285,36.0387,125.001,161.04
115.305,46.3653,127.989,174.355
115.325,40.5119,123.544,164.056
115.345,46.5769,128.25,174.827
115.365,35.4701,127.717,163.187
115.385,39.2714,127.141,166.412
115.405,32.8288,124.721,157.549
115.425,41.0564,126.503,167.559
115.445,42.2591,128.948,171.207
115.465,39.7959,127.455,167.251
115.485,39.6748,127.387,167.062
115.505,39.3007,126.685,165.985
115.525,35.7217,124.404,160.125
115.545,39.4006,125.805,165.206
115.565,40.1518,126.177,166.329
115.585,36.1403,126.146,162.286
115.605,44.196,129.167,173.362
115.625,36.8483,126.965,163.813
115.645,36.7051,124.629,161.334
115.665,38.9712,126.176,165.147
115.685,37.5484,127.18,164.728
115.705,36.7322,124.848,161.58
115.725,42.2597,128.148,170.408
115.745,40.6859,123.921,164.606
115.765,42.8578,123.932,166.79
115.785,44.2511,127.223,171.475
115.805,38.3624,125.022,163.385
115.825,42.702,126.921,169.623
115.845,36.2957,125.825,162.121
115.865,44.0234,127.291,171.315
115.885,32.4865,126.278,158.764
115.905,38.7821,124.564,163.346
115.925,38.3499,125.474,163.824
115.945,42.5077,126.159,168.667
115.965,36.9965,126.36,163.357
115.985,41.0148,126.402,167.417
116.005,37.6424,126.111,163.753
116.025,36.4036,125.22,161.624
116.045,38.2476,125.055,163.303
116.065,41.2417,126.401,167.643
116.085,36.4929,125.789,162.282
116.105,40.924,126.713,167.637
116.125,35.6669,123.291,158.958
116.145,38.9075,124.39,163.298
116.165,40.7377,123.331,164.069
116.185,36.8458,125.184,162.03
116.205,38.3775,126.522,164.9
116.225,44.8295,126.867,171.696
116.245,39.7001,125.298,164.998
116.265,42.4469,125.365,167.812
116.285,42.0836,125.805,167.888
116.305,32.6594,126.046,158.706
116.325,40.8533,128.559,169.412
116.345,44.8104,126.698,171.508
116.365,36.7907,125.169,161.96
116.385,36.909,125.808,162.717
116.405,40.2667,124.753,165.019
116.425,39.3089,124.978,164.286
116.445,38.0711,125.1,163.171
116.465,36.7807,126.989,163.77
116.485,39.9322,125.984,165.916
116.505,36.3766,123.412,159.789
116.525,35.0413,125.954,160.995
116.545,42.3289,127.31,169.639
116.565,37.2052,124.791,161.996
116.585,31.9731,124.697,156.67
116.605,41.6507,125.204,166.855
116.625,40.094,126.396,166.49
116.645,39.959,123.761,163.72
116.665,41.8465,124.449,166.296
116.685,36.3976,124.311,160.708
116.705,43.7208,124.921,168.642
116.725,45.4333,127.383,172.816
116.745,33.9186,124.638,158.557
116.765,40.5585,126.348,166.906
116.785,37.4312,124.756,162.187
116.805,39.5567,124.608,164.165
116.825,36.3929,124.943,161.336
116.845,39.0037,123.846,162.85
116.865,31.6783,124.345,156.023
116.885,43.5898,127.58,171.17
116.905,39.3385,125.333,164.672
116.925,40.9611,124.303,165.264
116.945,39.5977,125.789,165.387
116.965,37.908,126.582,164.49
116.985,36.9155,123.853,160.769
117.005,38.6311,127.479,166.11
117.025,36.7508,124.582,161.333
117.045,35.0846,124.704,159.788
117.065,40.1975,125.041,165.238
117.085,40.4702,122.116,162.586
117.105,36.5973,123.331,159.929
117.125,39.5752,124.417,163.992
117.145,38.0164,122.688,160.705
117.165,44.9676,127.345,172.312
117.185,40.2331,123.9,164.133
117.205,36.7175,126.473,163.19
117.225,38.5897,124.661,163.251
117.245,39.1011,126.109,165.21
117.265,34.3859,124.406,158.792
117.285,34.7021,126.002,160.705
117.305,39.9859,126.322,166.308
117.325,40.6736,124.941,165.615
117.345,37.6973,124.698,162.396
117.365,39.6583,124.086,163.744
117.385,33.9409,124.585,158.526
117.405,43.2627,124.713,167.975
117.425,37.2206,125.592,162.812
117.445,36.5883,122.788,159.376
117.465,42.2227,126.029,168.252
117.485,37.3586,122.676,160.035
117.505,36.9922,125.314,162.306
117.525,37.1781,123.872,161.051
117.545,44.154,125.562,169.716
117.565,34.2387,124.552,158.791
117.585,42.1281,125.916,168.044
117.605,36.4404,123.932,160.373
117.625,38.5242,123.168,161.692
117.645,31.452,122.453,153.905
117.665,42.5116,124.922,167.433
117.685,40.1206,123.654,163.775
117.705,42.6689,125.62,168.289
117.725,38.0607,123.018,161.079
117.745,37.184,124.533,161.717
117.765,41.4579,126.206,167.664
117.785,37.5296,121.146,158.675
117.805,37.1476,122.407,159.555
117.825,37.3464,122.407,159.754
117.845,38.8385,125.273,164.111
117.865,36.0307,124.89,160.921
117.885,40.0973,125.975,166.073
117.905,38.273,124.63,162.903
117.925,36.1556,124.425,160.581
117.945,36.9305,123.944,160.874
117.965,40.772,125.302,166.074
117.985,37.2804,123.543,160.823
118.005,40.5477,123.655,164.203
118.025,33.1391,122.201,155.34
118.045,40.7348,122.363,163.098
118.065,38.6672,124.492,163.159
118.085,39.094,123.459,162.553
118.105,36.3414,120.92,157.261
118.125,39.6448,123.26,162.905
118.145,38.0884,124.793,162.882
118.165,38.9811,124.453,163.435
118.185,35.4191,121.871,157.29
118.205,37.8199,121.557,159.377
118.225,39.0079,124.136,163.144
118.245,36.6169,123.392,160.009
118.265,38.2649,122.887,161.152
118.285,40.7783,123.683,164.461
118.305,38.3725,122.707,161.08
118.325,34.7645,124.462,159.227
118.345,36.9152,122.497,159.412
118.365,35.9189,123.468,159.387
118.385,32.5343,121.712,154.246
118.405,47.4445,125.037,172.482
118.425,32.5396,125.588,158.128
118.445,39.3901,123.547,162.937
118.465,35.0778,122.199,157.277
118.485,32.861,121.748,154.609
118.505,38.1578,125.449,163.607
118.525,39.4091,124.825,164.234
118.545,36.731,123.081,159.812
118.565,36.3131,123.281,159.594
118.585,37.4854,123.922,161.407
118.605,44.4172,124.65,169.067
118.625,40.6501,124.61,165.261
118.645,37.5039,123.413,160.917
118.665,41.1868,123.492,164.678
118.685,36.2861,123.448,159.734
118.705,42.4855,124.927,167.412
118.725,32.221,121.738,153.959
118.745,39.8869,122.749,162.636
118.765,38.5425,120.038,158.581
118.785,36.8595,121.929,158.788
118.805,39.821,124.535,164.356
118.825,36.2517,122.88,159.132
118.845,37.7696,124.584,162.353
118.865,36.3227,121.488,157.81
118.885,29.6329,121.641,151.274
118.905,37.499,123.293,160.792
118.925,39.3051,126.514,165.819
118.945,42.4464,124.208,166.654
118.965,36.9013,123.696,160.597
118.985,36.3358,123.802,160.137
119.005,33.0969,121.571,154.668
119.025,39.5769,125.437,165.014
119.045,37.1668,121.315,158.482
119.065,43.0897,123.85,166.939
119.085,38.0981,121.799,159.897
119.105,35.841,121.856,157.697
119.125,35.5875,121.435,157.023
119.145,31.8713,121.074,152.945
119.165,44.7946,123.452,168.247
119.185,35.1964,122.705,157.902
119.205,37.6688,122.238,159.907
119.225,36.5051,119.192,155.697
119.245,38.0377,124.045,162.083
119.265,36.551,121.96,158.511
119.285,38.7249,122.012,160.737
119.305,35.2185,122.243,157.462
119.325,37.2862,124.624,161.91
119.345,33.7312,121.671,155.402
119.365,41.4608,122.322,163.783
119.385,33.4049,121.266,154.671
119.405,35.5507,123.087,158.638
119.425,36.7153,123.548,160.263
119.445,42.2782,123.74,166.019
119.465,37.3947,119.539,156.933
119.485,37.6005,122.062,159.663
119.505,44.3224,123.633,167.956
119.525,33.628,123.305,156.933
119.545,35.5081,122.16,157.668
119.565,41.0611,123.532,164.593
119.585,40.2363,122.996,163.232
119.605,39.8868,122.667,162.553
119.625,29.739,120.854,150.593
119.645,35.3067,121.226,156.533
119.665,40.583,124.788,165.371
119.685,33.062,121.335,154.397
119.705,42.0576,121.645,163.702
119.725,39.7196,122.207,161.926
119.745,37.7984,122.068,159.866
119.765,33.1986,121.641,154.84
119.785,40.9452,121.058,162.003
119.805,36.4897,122.728,159.217
119.825,43.9335,124.782,168.715
119.845,32.9084,121.365,154.273
119.865,32.3211,120.976,153.297
119.885,35.8789,121.032,156.911
119.905,38.5862,124.276,162.862
119.925,38.5175,123.791,162.308
119.945,36.8781,121.819,158.697
119.965,35.0061,120.387,155.393
119.985,40.6629,121.851,162.514
120.005,34.9105,119.875,154.786
120.025,37.044,121.561,158.605
120.045,34.5163,122.78,157.297
120.065,35.0085,122.751,157.759
120.085,35.6761,123.229,158.905
120.105,38.8531,120.556,159.409
120.125,35.3019,124.208,159.51
120.145,42.5899,120.571,163.161
120.165,34.9923,120.774,155.767
120.185,36.9587,122.632,159.591
120.205,39.2354,120.325,159.561
120.225,36.3357,122.928,159.264
120.245,34.4627,122.314,156.776
120.265,34.3852,121.262,155.647
120.285,40.9351,122.79,163.725
120.305,36.6825,122.455,159.138
120.325,33.2316,122.085,155.317
120.345,36.0899,120.911,157.001
120.365,37.0186,119.828,156.847
120.385,34.2698,120.658,154.928
120.405,35.1878,121.093,156.28
120.425,33.731,119.615,153.346
120.445,38.8704,122.138,161.009
120.465,39.3157,121.363,160.679
120.485,38.1821,121.693,159.875
120.505,38.0003,118.301,156.301
120.525,30.211,122.063,152.274
120.545,35.7958,119.982,155.778
120.565,38.0726,122.975,161.048
120.585,39.0104,120.997,160.008
120.605,40.9659,125.098,166.064
120.625,35.6971,120.196,155.893
120.645,35.9377,119.478,155.416
120.665,40.139,121.591,161.73
120.685,34.2187,120.792,155.011
120.705,40.9183,122.707,163.625
120.725,34.4793,120.523,155.002
120.745,38.5892,121.479,160.068
120.765,32.4804,122.93,155.41
120.785,39.7124,120.428,160.141
120.805,42.5307,119.055,161.586
120.825,31.9683,118.433,150.401
120.845,37.2825,122.073,159.355
120.865,32.0861,120.409,152.495
120.885,37.424,121.744,159.168
120.905,38.6548,120.053,158.708
120.925,36.3442,118.979,155.323
120.945,38.4171,124.321,162.739
120.965,34.4554,120.768,155.224
120.985,33.7322,120.847,154.579
121.005,34.2083,119.685,153.894
121.025,34.4343,120.069,154.503
121.045,35.762,120.575,156.338
121.065,36.4557,120.746,157.201
121.085,34.2986,119.689,153.988
121.105,36.0096,119.508,155.518
121.125,33.4605,118.79,152.25
121.145,42.4893,122.614,165.103
121.165,37.6615,118.744,156.405
121.185,36.0445,121.256,157.301
121.205,37.6254,119.776,157.401
121.225,34.2867,121.627,155.913
121.245,36.9254,119.658,156.583
121.265,41.1431,121.562,162.706
121.285,38.2125,120.931,159.144
121.305,41.2438,121.302,162.546
121.325,30.496,116.505,147.001
121.345,41.9349,123.417,165.352
121.365,34.5575,119.032,153.59
121.385,39.3195,120.613,159.932
121.405,35.2114,120.674,155.886
121.425,34.1274,118.973,153.1
121.445,39.5733,118.927,158.5
121.465,33.8801,121.877,155.758
121.485,39.0961,122.464,161.56
121.505,34.0411,118.323,152.365
121.525,34.3911,119.05,153.441
121.545,36.7325,118.605,155.337
121.565,33.988,118.128,152.116
121.585,44.869,120.509,165.378
121.605,36.2448,118.221,154.466
121.625,38.9573,119.241,158.199
121.645,38.9025,119.315,158.218
121.665,33.2141,120.507,153.721
121.685,38.5741,120.273,158.847
121.705,33.1762,119.643,152.819
121.725,33.326,119.6,152.926
121.745,32.1603,119.358,151.519
121.765,34.887,120.294,155.181
121.785,36.8605,120.186,157.047
121.805,41.5406,121.44,162.981
121.825,40.6465,120.824,161.471
121.845,36.8169,117.294,154.111
121.865,38.3062,121.534,159.84
121.885,35.8574,121.732,157.59
121.905,35.6481,119.104,154.752
121.925,37.1906,120.726,157.917
121.945,39.1702,122.499,161.669
121.965,42.5184,123.013,165.531
121.985,28.2947,118.164,146.459
122.005,31.8361,120.637,152.473
122.025,31.8297,118.472,150.301
122.045,39.9725,120.252,160.224
122.065,36.0403,120.812,156.852
122.085,29.0614,118.056,147.117
122.105,32.0691,118.988,151.057
122.125,36.7883,118.176,154.964
122.145,37.5345,121.158,158.693
122.165,34.6724,115.97,150.643
122.185,33.1754,118.81,151.985
122.205,37.9139,121.131,159.045
122.225,33.3437,117.988,151.332
122.245,37.0911,119.79,156.881
122.265,35.7364,118.19,153.926
122.285,35.8604,117.65,153.51
122.305,35.4711,117.246,152.717
122.325,34.5462,118.817,153.364
122.345,36.4293,119.816,156.246
122.365,40.6457,118.66,159.306
122.385,33.7236,117.55,151.274
122.405,37.7784,119.148,156.926
122.425,36.3713,121.184,157.555
122.445,31.859,119.857,151.716
122.465,34.5602,118.647,153.207
122.485,30.2715,117.949,148.22
122.505,30.2926,119.747,150.04
122.525,38.506,121.035,159.541
122.545,38.5514,119.817,158.368
122.565,37.3454,119.298,156.643
122.585,39.234,119.524,158.758
122.605,33.4452,118.689,152.134
122.625,32.29,119.503,151.793
122.645,32.6733,119.6,152.273
122.665,39.8396,119.981,159.821
122.685,40.7268,123.059,163.786
122.705,35.6266,116.506,152.133
122.725,37.872,119.84,157.712
122.745,36.3631,121.345,157.709
122.765,29.8627,117.232,147.095
122.785,35.7258,119.249,154.974
122.805,40.3116,120.269,160.58
122.825,36.4722,118.737,155.209
122.845,31.4587,119.276,150.734
122.865,36.8061,118.441,155.247
122.885,34.5844,119.999,154.583
122.905,34.9627,118.857,153.819
122.925,34.1565,118.476,152.632
122.945,36.5877,121.052,157.64
122.965,34.239,117.591,151.83
122.985,38.9807,121.032,160.012
123.005,36.426,118.426,154.852
123.025,33.2662,117.44,150.707
123.045,33.9495,118.439,152.388
123.065,37.9513,120.258,158.209
123.085,38.5611,116.801,155.362
123.105,35.8969,119.015,154.912
123.125,34.381,117.74,152.121
123.145,37.2941,117.841,155.135
123.165,34.3474,119.439,153.786
123.185,39.8742,120.055,159.929
123.205,36.8486,118.958,155.807
123.225,33.0995,117.026,150.126
123.245,33.4461,116.578,150.024
123.265,39.9575,119.065,159.022
123.285,30.9642,117.746,148.71
123.305,33.8004,117.291,151.091
123.325,32.0039,117.351,149.355
123.345,32.7288,116.652,149.381
123.365,33.567,116.946,150.513
123.385,33.7733,119.347,153.121
123.405,35.0304,118.823,153.854
123.425,35.6501,119.374,155.024
123.445,39.7019,119.645,159.347
123.465,38.8357,117.911,156.747
123.485,37.6635,118.175,155.839
123.505,39.8509,119.266,159.117
123.525,37.8437,117.639,155.483
123.545,33.2441,119.402,152.646
123.565,35.0743,121.007,156.081
123.585,37.9897,119.55,157.54
123.605,35.2157,118.736,153.952
123.625,34.2449,118.752,152.997
123.645,33.6995,118.619,152.318
123.665,35.2129,119.415,154.628
123.685,34.0403,118.386,152.427
123.705,36.8869,119.637,156.524
123.725,37.2597,119.183,156.443
123.745,32.799,115.706,148.505
123.765,31.1126,119.342,150.454
123.785,36.0793,116.012,152.091
123.805,33.505,117.316,150.821
123.825,35.7038,115.137,150.841
123.845,36.8976,119.352,156.249
123.865,35.7592,118.446,154.205
123.885,37.1912,119.996,157.187
123.905,37.2787,119.479,156.758
123.925,34.8566,117.974,152.831
123.945,35.3025,115.888,151.19
123.965,39.5815,118.87,158.451
123.985,41.2732,118.242,159.516
124.005,36.0196,116.213,152.233
124.025,37.0452,117.946,154.991
124.045,29.727,116.583,146.31
124.065,38.172,118.309,156.481
124.085,36.9471,118.552,155.499
124.105,32.9258,117.582,150.508
124.125,34.1773,118.229,152.407
124.145,37.6745,117.153,154.827
124.165,35.2245,116.799,152.024
124.185,39.0897,118.954,158.044
124.205,33.8006,116.241,150.041
124.225,33.6204,116.579,150.199
124.245,36.5092,117.721,154.23
124.265,35.3626,114.696,150.058
124.285,32.7311,115.54,148.272
124.305,39.2172,118.482,157.699
124.325,37.7043,115.276,152.98
124.345,37.8912,120.431,158.322
124.365,34.9883,118.314,153.302
124.385,34.0116,116.924,150.935
124.405,33.4564,116.251,149.708
124.425,29.2456,116.554,145.799
124.445,41.2248,119.189,160.414
124.465,33.1395,117.405,150.545
124.485,34.1478,116.994,151.142
124.505,32.9657,119.639,152.605
124.525,33.7059,116.54,150.246
124.545,30.4426,117.711,148.153
124.565,31.8818,116.618,148.5
124.585,41.8385,119.353,161.192
124.605,37.1025,118.974,156.077
124.625,31.6275,119.255,150.882
124.645,34.569,119.371,153.94
124.665,36.4819,117.423,153.905
124.685,31.6513,115.262,146.913
124.705,33.6622,117.467,151.129
124.725,35.252,118.919,154.171
124.745,36.1039,117.217,153.321
124.765,33.2575,115.788,149.046
124.785,34.4063,116.282,150.688
124.805,35.6252,116.045,151.67
124.825,33.5756,117.107,150.683
124.845,33.312,117.399,150.711
124.865,32.7761,114.619,147.395
124.885,35.9738,121.063,157.037
124.905,32.9235,117.582,150.506
124.925,36.4489,118.409,154.858
124.945,34.1081,116.31,150.419
124.965,36.3815,118.311,154.693
124.985,30.7471,114.982,145.729
125.005,33.7147,118.464,152.179
125.025,36.9613,116.194,153.155
125.045,34.1196,115.734,149.853
125.065,39.0158,118.207,157.223
125.085,32.3807,117.603,149.984
125.105,31.894,117.822,149.716
125.125,42.4655,118.313,160.779
125.145,34.1771,115.327,149.504
125.165,34.9889,115.899,150.888
125.185,30.9425,115.924,146.866
125.205,34.4676,115.776,150.243
125.225,40.5186,116.106,156.624
125.245,33.883,118.184,152.067
125.265,36.1951,117.118,153.313
125.285,33.371,115.688,149.06
125.305,35.4137,116.394,151.808
125.325,33.0719,117.578,150.649
125.345,30.4279,114.832,145.26
125.365,36.1427,116.982,153.125
125.385,34.5055,116.984,151.49
125.405,36.5331,116.373,152.906
125.425,34.4868,118.754,153.241
125.445,35.8912,115.204,151.095
125.465,35.1198,117.512,152.632
125.485,32.5712,115.337,147.909
125.505,35.5109,117.916,153.427
125.525,32.9321,116.836,149.768
125.545,38.6135,118.167,156.78
125.565,37.106,118.381,155.487
125.585,36.8278,118.085,154.913
125.605,33.0734,116.17,149.243
125.625,33.1419,115.942,149.084
125.645,36.7103,115.315,152.025
125.665,32.765,115.212,147.977
125.685,36.5077,116.931,153.439
125.705,37.2877,113.854,151.141
125.725,33.8796,117.1,150.98
125.745,32.041,116.755,148.796
125.765,33.2778,115.953,149.231
125.785,38.6663,116.848,155.514
125.805,35.1502,118.357,153.507
125.825,33.0681,115.672,148.74
125.845,32.6512,115.767,148.418
125.865,29.5149,117.289,146.804
125.885,33.3479,119.507,152.854
125.905,35.2244,115.576,150.801
125.925,33.0057,115.269,148.275
125.945,35.3646,117.436,152.801
125.965,34.9947,116.751,151.746
125.985,37.3074,116.583,153.891
126.005,27.5029,114.922,142.425
126.025,33.5146,115.9,149.414
126.045,33.9861,116.75,150.736
126.065,31.3047,116.029,147.334
126.085,35.3777,115.662,151.04
126.105,34.8625,113.928,148.791
126.125,35.5494,116.982,152.532
126.145,32.0254,114.783,146.808
126.165,35.608,116.042,151.65
126.185,37.867,118.317,156.184
126.205,34.9487,116.245,151.194
126.225,31.7271,115.709,147.436
126.245,33.1526,115.48,148.633
126.265,32.0645,112.845,144.909
126.285,37.067,116.933,154
126.305,39.6209,117.983,157.604
126.325,28.4102,115.425,143.835
126.345,37.6539,114.219,151.873
126.365,36.7666,117.582,154.349
126.385,33.8745,114.255,148.129
126.405,29.7933,114.738,144.531
126.425,32.2674,117.509,149.777
126.445,36.3773,114.017,150.395
126.465,37.7172,113.954,151.672
126.485,32.2533,114.821,147.074
126.505,35.6807,117.209,152.89
126.525,31.2421,113.124,144.366
126.545,33.9719,116.319,150.291
126.565,36.8059,115.372,152.178
126.585,35.6687,114.841,150.509
126.605,31.8864,112.685,144.571
126.625,33.9262,117.377,151.303
126.645,36.7623,117.262,154.024
126.665,33.4643,117.789,151.253
126.685,30.3717,114.184,144.555
126.705,36.3741,115.95,152.324
126.725,33.2412,116.188,149.43
126.745,31.7187,115.28,146.999
126.765,37.1255,117.616,154.742
126.785,31.5742,114.036,145.61
126.805,31.9515,115.741,147.692
126.825,36.8015,114.805,151.606
126.845,31.3193,112.74,144.06
126.865,33.3026,114.424,147.727
126.885,34.2288,117.661,151.89
126.905,32.0429,113.493,145.536
126.925,38.4187,117.309,155.728
126.945,33.2196,115.663,148.883
126.965,37.7836,115.768,153.552
126.985,30.854,113.174,144.028
127.005,35.1621,115.995,151.158
127.025,36.6614,117.019,153.681
127.045,37.4527,115.53,152.983
127.065,31.253,116.31,147.563
127.085,34.6159,115.754,150.37
127.105,30.1755,113.898,144.073
127.125,30.1677,114.177,144.344
127.145,34.6197,112.339,146.959
127.165,36.9383,112.41,149.348
127.185,37.9233,115.77,153.694
127.205,35.1825,113.917,149.099
127.225,31.8871,112.558,144.445
127.245,33.8308,115.654,149.485
127.265,31.0252,113.69,144.715
127.285,32.2883,113.499,145.787
127.305,35.2924,116.735,152.027
127.325,27.1037,113.141,140.245
127.345,36.2059,117.326,153.532
127.365,40.5971,113.318,153.915
127.385,31.8685,113.549,145.417
127.405,37.5894,116.032,153.621
127.425,28.3022,113.768,142.07
127.445,38.5557,114.783,153.338
127.465,30.9916,112.615,143.607
127.485,37.063,115.178,152.241
127.505,31.0806,113.337,144.418
127.525,31.9336,115.255,147.189
127.545,38.784,116.868,155.652
127.565,32.4118,114.513,146.925
127.585,32.6531,114.876,147.53
127.605,34.3888,115.623,150.012
127.625,31.2472,113.865,145.112
127.645,35.8063,116.42,152.226
127.665,35.5273,114.782,150.309
127.685,32.7231,113.591,146.314
127.705,32.5099,113.299,145.809
127.725,38.2019,114.011,152.213
127.745,32.2239,115.679,147.902
127.765,29.8201,114.19,144.01
127.785,36.1325,115.529,151.661
127.805,30.7886,114.026,144.815
127.825,34.2638,115.411,149.675
127.845,36.0639,114.968,151.031
127.865,31.179,113.84,145.019
127.885,30.4106,113.308,143.719
127.905,34.0539,114.884,148.937
127.925,34.0022,114.427,148.429
127.945,30.9802,114.543,145.523
127.965,32.3079,114.07,146.378
127.985,35.9165,115.442,151.359
128.005,30.2054,112.545,142.75
128.025,31.2429,115.772,147.015
128.045,31.524,115.435,146.959
128.065,36.7851,113.961,150.746
128.085,31.2734,114.05,145.323
128.105,32.9474,115.358,148.305
128.125,25.6029,111.918,137.52
128.145,31.2713,112.699,143.97
128.165,32.788,115.718,148.506
128.185,39.7866,116.996,156.783
128.205,33.7704,113.476,147.246
128.225,35.3124,113.023,148.336
128.245,31.0859,111.822,142.908
128.265,32.2675,114.908,147.176
128.285,28.7497,112.322,141.072
128.305,36.6191,114.565,151.184
128.325,32.3462,114.498,146.844
128.345,31.9313,112.452,144.384
128.365,35.2013,115.984,151.185
128.385,35.0245,114.041,149.065
128.405,33.4769,113.352,146.829
128.425,33.9827,113.411,147.393
128.445,32.3948,113.748,146.143
128.465,35.8453,114.903,150.749
128.485,38.2252,113.036,151.261
128.505,33.4122,116.324,149.736
128.525,35.3912,114.404,149.796
128.545,31.4936,112.418,143.912
128.565,30.7063,114.742,145.448
128.585,33.7491,112.36,146.109
128.605,32.3371,111.541,143.878
128.625,36.2909,112.732,149.023
128.645,34.6451,113.11,147.755
128.665,29.9263,115.018,144.944
128.685,37.3825,113.343,150.725
128.705,33.5271,113.055,146.582
128.725,35.3041,114.308,149.612
128.745,32.2698,114.587,146.857
128.765,36.2092,113.755,149.964
128.785,35.1309,114.978,150.109
128.805,31.7996,114.255,146.055
128.825,33.5859,114.252,147.837
128.845,30.3647,114.539,144.904
128.865,30.4281,115.276,145.704
128.885,33.2678,114.963,148.23
128.905,32.8314,114.706,147.537
128.925,30.273,113.357,143.63
128.945,34.1998,114.558,148.757
128.965,32.1493,114.188,146.337
128.985,34.9274,113.354,148.281
129.005,34.1884,115.832,150.021
129.025,30.9138,110.871,141.785
129.045,31.4205,111.795,143.215
129.065,31.8944,113.546,145.44
129.085,32.507,113.972,146.479
129.105,35.0489,113.74,148.789
129.125,31.3975,112.035,143.432
129.145,32.5368,112.816,145.353
129.165,32.1286,112.449,144.578
129.185,34.5487,114.966,149.515
129.205,34.4283,114.786,149.214
129.225,32.0304,113.032,145.063
129.245,27.9831,112.01,139.993
129.265,35.5279,110.177,145.705
129.285,35.5859,114.817,150.403
129.305,31.0574,111.753,142.81
129.325,34.1356,112.336,146.472
129.345,32.1657,112.577,144.743
129.365,36.5206,112.82,149.341
129.385,31.8134,113.76,145.573
129.405,31.2756,108.981,140.256
129.425,37.3038,114.908,152.212
129.445,31.5006,112.425,143.925
129.465,28.0828,112.37,140.453
129.485,31.6829,112.69,144.373
129.505,29.7917,112.174,141.966
129.525,31.9409,110.915,142.855
129.545,33.0396,113.349,146.389
129.565,32.8643,111.48,144.345
129.585,35.1695,112.817,147.987
129.605,34.6658,112.91,147.576
129.625,33.6711,114.016,147.687
129.645,34.978,113.046,148.024
129.665,30.6799,112.947,143.627
129.685,35.9944,112.024,148.019
129.705,35.0237,111.111,146.134
129.725,32.1516,111.116,143.268
129.745,33.727,114.72,148.447
129.765,30.9159,110.705,141.621
129.785,32.4237,111.48,143.904
129.805,32.979,112.873,145.852
129.825,31.3331,113.059,144.392
129.845,35.9554,111.634,147.589
129.865,30.1042,110.182,140.286
129.885,31.1279,115.452,146.58
129.905,31.3061,112.898,144.204
129.925,32.7369,111.419,144.156
129.945,28.7142,112.222,140.937
129.965,36.3487,112.264,148.613
129.985,33.1612,112.864,146.026
130.005,30.3001,110.735,141.035
130.025,32.199,112.088,144.287
130.045,29.6596,113.042,142.701
130.065,34.8746,114.22,149.095
130.085,39.1607,113.244,152.405
130.105,31.8284,111.618,143.446
130.125,37.5096,114.87,152.379
130.145,25.7575,111.472,137.229
130.165,33.4287,114.433,147.862
130.185,33.6869,113.748,147.435
130.205,29.9398,112.156,142.096
130.225,27.0108,109.364,136.375
130.245,32.9051,111.977,144.882
130.265,28.8672,110.991,139.858
130.285,33.0134,109.86,142.873
130.305,32.1361,113.095,145.231
130.325,35.9336,112.963,148.897
130.345,31.1245,111.619,142.743
130.365,33.1653,113.808,146.973
130.385,28.8415,112.08,140.921
130.405,29.6045,112.359,141.963
130.425,32.7877,111.114,143.902
130.445,34.2489,112.273,146.522
130.465,37.1551,110.904,148.059
130.485,30.7812,109.878,140.66
130.505,33.4165,113.157,146.574
130.525,34.6368,112.173,146.81
130.545,30.3167,110.759,141.076
130.565,31.2339,111.84,143.074
130.585,31.2613,111.354,142.616
130.605,34.9216,114.97,149.892
130.625,32.6723,111.3,143.972
130.645,27.2755,110.398,137.673
130.665,36.1027,112.101,148.204
130.685,32.2626,111.539,143.802
130.705,31.0038,111.218,142.222
130.725,30.8184,110.398,141.216
130.745,32.2655,111.139,143.405
130.765,29.4039,109.983,139.387
130.785,36.7233,111.747,148.47
130.805,34.1544,110.311,144.466
130.825,31.5015,111.066,142.568
130.845,33.4506,110.634,144.084
130.865,31.2602,113.075,144.335
130.885,33.2606,112.767,146.028
130.905,31.6088,112.37,143.979
130.925,32.7278,112.401,145.129
130.945,31.3353,111.594,142.929
130.965,32.705,112.852,145.557
130.985,26.9626,111.071,138.033
131.005,33.4903,111.336,144.827
131.025,30.8119,111.71,142.522
131.045,30.6892,113.28,143.969
131.065,34.4645,112.641,147.105
131.085,33.9845,112.268,146.252
131.105,32.3709,112.91,145.281
131.125,25.6835,109.577,135.261
131.145,35.0955,110.079,145.175
131.165,29.5328,110.492,140.025
131.185,32.731,113.781,146.512
131.205,33.4901,109.948,143.438
131.225,35.6956,110.739,146.434
131.245,29.3321,108.625,137.957
131.265,35.1181,113.738,148.856
131.285,34.6836,110.071,144.755
131.305,34.33,110.425,144.755
131.325,30.851,110.039,140.89
131.345,27.6869,109.721,137.407
131.365,33.2646,110.501,143.765
131.385,30.4531,110.982,141.435
131.405,30.3576,109.803,140.161
131.425,30.5072,109.982,140.489
131.445,33.4356,111.114,144.55
131.465,37.0101,111.455,148.465
131.485,31.9693,110.395,142.364
131.505,37.2383,110.891,148.13
131.525,29.938,110.32,140.258
131.545,37.4379,111.093,148.531
131.565,36.6496,113.032,149.682
131.585,31.5426,109.171,140.713
131.605,29.2644,111.867,141.131
131.625,32.1886,110.393,142.581
131.645,30.768,109.423,140.191
131.665,29.1253,108.264,137.389
131.685,36.9073,112.164,149.071
131.705,28.1739,111.456,139.63
131.725,26.6558,111.225,137.881
131.745,30.8713,111.255,142.127
131.765,37.0332,113.114,150.147
131.785,31.4338,108.671,140.105
131.805,28.7396,109.143,137.883
131.825,35.605,113.478,149.083
131.845,31.1292,110.531,141.66
131.865,31.7008,112.315,144.016
131.885,32.7266,111.175,143.901
131.905,34.703,109.765,144.468
131.925,30.3027,108.386,138.688
131.945,30.375,110.155,140.53
131.965,31.5555,111.499,143.055
131.985,32.905,111.789,144.694
132.005,33.937,113.245,147.182
132.025,31.7873,110.166,141.954
132.045,36.2167,111.565,147.782
132.065,27.1005,108.865,135.966
132.085,32.9131,113.122,146.035
132.105,31.6971,109.975,141.673
132.125,29.9691,109.696,139.665
132.145,32.306,111.28,143.586
132.165,32.1116,111.599,143.711
132.185,33.7503,110.398,144.148
132.205,33.0334,110.334,143.368
132.225,30.0195,112.637,142.657
132.245,29.613,111.903,141.516
132.265,32.4588,110.312,142.771
132.285,28.3471,107.199,135.547
132.305,33.8256,111.326,145.151
132.325,31.9887,109.037,141.025
132.345,34.9479,109.687,144.635
132.365,28.6396,109.831,138.47
132.385,35.4739,112.803,148.277
132.405,31.7191,111.268,142.987
132.425,28.5774,109.687,138.265
132.445,30.7856,109.735,140.521
132.465,32.9617,108.678,141.639
132.485,29.3377,110.664,140.002
132.505,40.028,112.052,152.08
132.525,30.4565,110.814,141.271
132.545,31.0827,109.94,141.023
132.565,33.2769,112.415,145.692
132.585,31.8776,108.968,140.846
132.605,30.8829,111.838,142.721
132.625,29.1034,110.653,139.757
132.645,32.4394,110.191,142.63
132.665,30.3833,108.46,138.843
132.685,23.2692,109.892,133.161
132.705,25.982,108.995,134.977
132.725,33.1046,110.126,143.231
132.745,31.4647,110.695,142.16
132.765,31.2677,108.835,140.102
132.785,31.8323,110.813,142.646
132.805,26.3991,109.575,135.974
132.825,33.22,111.172,144.392
132.845,31.0278,109.329,140.357
132.865,31.5226,108.915,140.438
132.885,30.2042,108.122,138.327
132.905,31.8897,111.034,142.924
132.925,33.1443,106.926,140.07
132.945,35.7453,111.018,146.763
132.965,29.7825,108.163,137.946
132.985,27.5917,108.625,136.217
133.005,32.1968,109.216,141.413
133.025,33.1579,108.781,141.939
133.045,33.2312,108.349,141.581
133.065,31.7458,109.357,141.103
133.085,32.537,109.368,141.905
133.105,30.974,107.196,138.17
133.125,35.5299,109.037,144.567
133.145,34.9674,110.327,145.294
133.165,33.1577,111.537,144.694
133.185,30.4256,109.48,139.906
133.205,29.9677,109.57,139.537
133.225,29.966,109.496,139.462
133.245,30.8051,110.285,141.09
133.265,26.6059,109.51,136.116
133.285,32.8199,109.008,141.828
133.305,35.3386,109.803,145.142
133.325,32.3612,108.212,140.573
133.345,30.8601,110.13,140.99
133.365,32.1305,108.7,140.83
133.385,33.4461,108.704,142.15
133.405,24.5135,107.801,132.314
133.425,30.6948,108.828,139.523
133.445,31.8201,109.863,141.684
133.465,29.1947,107.457,136.652
133.485,36.5278,110.417,146.944
133.505,32.0669,109.94,142.007
133.525,30.5313,109.552,140.084
133.545,32.812,109.64,142.452
133.565,27.6089,109.03,136.639
133.585,30.3834,108.038,138.421
133.605,34.5878,108.315,142.903
133.625,30.809,107.571,138.38
133.645,35.4651,108.585,144.05
133.665,30.3563,109.908,140.264
133.685,33.1387,109.645,142.784
133.705,33.0829,110.504,143.587
133.725,27.7271,108.292,136.019
133.745,30.312,108.593,138.905
133.765,24.5611,107.199,131.76
133.785,29.2409,109.272,138.513
133.805,33.5297,108.29,141.819
133.825,32.2556,109.61,141.865
133.845,29.5251,107.588,137.114
133.865,36.1229,111.401,147.524
133.885,32.4534,109.32,141.773
133.905,29.3868,107.025,136.412
133.925,28.7336,109.305,138.039
133.945,32.9831,109.012,141.995
133.965,28.5809,109.602,138.183
133.985,31.5741,108.902,140.476
134.005,33.9591,107.796,141.755
134.025,25.593,107.838,133.431
134.045,34.7648,109.51,144.275
134.065,32.9067,108.492,141.399
134.085,28.6459,107.038,135.684
134.105,29.4091,109.725,139.134
134.125,30.0755,109.444,139.519
134.145,29.0591,107.977,137.036
134.165,33.6937,111.511,145.204
134.185,34.7998,110.456,145.256
134.205,30.2457,111.224,141.47
134.225,29.6388,106.01,135.649
134.245,35.2692,110.134,145.403
134.265,31.5239,107.671,139.195
134.285,29.5618,108.033,137.595
134.305,28.4174,109.205,137.623
134.325,29.4711,108.844,138.315
134.345,29.796,108.503,138.299
134.365,33.4632,109.153,142.616
134.385,30.9391,108.418,139.357
134.405,36.5005,109.223,145.723
134.425,27.8142,107.976,135.79
134.445,31.8865,108.889,140.775
134.465,30.1411,108.086,138.227
134.485,33.0288,110.397,143.426
134.505,31.978,108.463,140.441
134.525,36.0584,108.872,144.93
134.545,29.4824,108.678,138.161
134.565,30.835,108.764,139.599
134.585,31.322,108.035,139.357
134.605,32.2301,107.77,140
134.625,30.9263,109.043,139.969
134.645,29.2978,108.252,137.55
134.665,30.5433,107.43,137.973
134.685,29.8315,106.43,136.262
134.705,32.5799,108.518,141.098
134.725,34.6151,110.052,144.667
134.745,31.8723,108.32,140.193
134.765,29.0125,105.658,134.671
134.785,22.5142,106.175,128.689
134.805,30.1527,106.744,136.897
134.825,34.8304,108.29,143.121
134.845,28.1641,106.072,134.236
134.865,27.5793,106.616,134.195
134.885,28.117,108.252,136.369
134.905,30.0068,108.515,138.522
134.925,28.9673,108.516,137.484
134.945,29.1591,106.797,135.956
134.965,31.9885,108.795,140.784
134.985,32.5296,107.312,139.841
135.005,33.7027,108.782,142.485
135.025,33.2597,108.408,141.667
135.045,28.4619,107.225,135.686
135.065,30.1773,108.519,138.697
135.085,28.2111,108.172,136.384
135.105,31.3571,105.955,137.312
135.125,36.2125,107.816,144.028
135.145,33.8252,107.264,141.089
135.165,27.3329,105.69,133.023
135.185,31.2038,107.395,138.599
135.205,31.5308,107.868,139.399
135.225,29.7919,107.691,137.483
135.245,29.2449,106.614,135.859
135.265,31.1899,107.739,138.929
135.285,31.6463,109.02,140.667
135.305,32.2555,107.738,139.993
135.325,30.3938,105.284,135.677
135.345,30.6554,108.397,139.053
135.365,30.9091,105.871,136.78
135.385,31.0147,107.846,138.86
135.405,33.9581,108.538,142.496
135.425,26.3458,107.991,134.336
135.445,27.3833,106.521,133.905
135.465,31.9497,108.991,140.941
135.485,30.3447,108.919,139.264
135.505,29.4349,105.825,135.26
135.525,27.1313,107.59,134.721
135.545,25.1531,107.569,132.722
135.565,37.8612,110.213,148.074
135.585,32.3994,106.781,139.18
135.605,29.9875,106.738,136.725
135.625,32.2813,107.086,139.368
135.645,26.3455,106.675,133.02
135.665,33.444,106.919,140.363
135.685,27.3298,105.593,132.923
135.705,29.2598,107.931,137.191
135.725,26.7441,106.812,133.556
135.745,31.1545,108.474,139.628
135.765,32.6107,108.087,140.698
135.785,32.1366,107.887,140.023
135.805,25.228,106.283,131.511
135.825,34.7043,109.371,144.075
135.845,24.401,106.572,130.973
135.865,34.1951,108.012,142.207
135.885,31.6167,107.662,139.278
135.905,30.6147,107.308,137.922
135.925,29.4389,106.359,135.798
135.945,30.2363,105.593,135.829
135.965,28.9154,107.605,136.52
135.985,29.2368,106.873,136.11
136.005,36.2001,108.86,145.06
136.025,29.3332,107.004,136.337
136.045,29.5098,106.663,136.172
136.065,31.8065,107.742,139.549
136.085,31.9679,108.233,140.2
136.105,30.9475,105.451,136.399
136.125,28.1024,105.972,134.075
136.145,33.5692,108.518,142.087
136.165,31.1211,106.818,137.939
136.185,26.0699,104.786,130.856
136.205,31.5969,107.169,138.766
136.225,32.092,109.763,141.855
136.245,25.1938,106.079,131.273
136.265,26.4531,106.1,132.553
136.285,29.4351,108.501,137.936
136.305,32.5831,105.702,138.285
136.325,25.8791,105.408,131.287
136.345,28.8482,108.149,136.997
136.365,33.0942,105.18,138.274
136.385,28.7181,108.452,137.17
136.405,30.9689,106.752,137.721
136.425,29.875,106.345,136.22
136.445,29.2106,105.347,134.557
136.465,31.7123,108.611,140.324
136.485,32.0534,106.385,138.438
136.505,31.9186,106.446,138.365
136.525,26.6032,108.153,134.756
136.545,25.5327,106.639,132.172
136.565,33.189,108.472,141.661
136.585,32.8173,108.118,140.935
136.605,30.8721,105.574,136.446
136.625,27.6752,103.937,131.612
136.645,24.2577,102.912,127.17
136.665,28.8436,106.59,135.434
136.685,34.2114,107.485,141.696
136.705,32.7948,106.477,139.272
136.725,28.9841,106.134,135.118
136.745,28.9188,107.136,136.055
136.765,30.2644,106.093,136.358
136.785,29.2163,104.847,134.063
136.805,30.1219,105.819,135.941
136.825,30.0172,105.781,135.799
136.845,31.172,107.505,138.677
136.865,27.8066,105.703,133.509
136.885,26.987,105.341,132.328
136.905,26.1527,106.027,132.18
136.925,31.8331,105.812,137.645
136.945,30.7106,108.549,139.259
136.965,27.5099,103.999,131.509
136.985,31.8897,106.609,138.498
137.005,30.4429,104.539,134.982
137.025,33.5485,106.417,139.965
137.045,29.2717,105.771,135.043
137.065,30.0472,106.821,136.868
137.085,33.9112,107.501,141.412
137.105,30.2629,105.611,135.874
137.125,27.1867,105.76,132.947
137.145,31.6288,107.794,139.423
137.165,27.9803,106.082,134.063
137.185,31.7589,106.292,138.05
137.205,29.4461,105.744,135.19
137.225,28.3697,106.069,134.438
137.245,32.2036,106.713,138.917
137.265,28.1894,104.912,133.101
137.285,30.9931,103.36,134.353
137.305,27.6901,105.827,133.518
137.325,31.3881,105.721,137.109
137.345,30.1175,105.154,135.272
137.365,27.298,106.959,134.257
137.385,26.5195,105.8,132.319
137.405,33.4658,104.66,138.126
137.425,28.8782,105.276,134.155
137.445,34.9053,107.366,142.271
137.465,32.5267,106.295,138.822
137.485,27.6854,105.606,133.291
137.505,28.3465,105.634,133.981
137.525,28.5461,105.66,134.206
137.545,34.7294,107.324,142.054
137.565,26.1842,103.755,129.939
137.585,24.3771,103.91,128.287
137.605,33.2213,106.535,139.756
137.625,27.6276,105.643,133.27
137.645,32.1802,106.245,138.425
137.665,28.8706,105.134,134.005
137.685,28.7653,104.416,133.181
137.705,31.6758,107.848,139.523
137.725,34.3761,107.965,142.341
137.745,29.6355,104.092,133.728
137.765,27.0701,105.611,132.681
137.785,28.8549,104.071,132.926
137.805,24.6143,102.765,127.379
137.825,31.122,105.944,137.066
137.845,23.8248,106.179,130.004
137.865,29.6138,105.972,135.586
137.885,33.0592,106.477,139.536
137.905,32.6838,105.597,138.28
137.925,28.7705,106.561,135.332
137.945,24.5663,104.347,128.913
137.965,29.5715,105.402,134.974
137.985,32.2853,106.115,138.4
138.005,27.4619,104.301,131.763
138.025,31.2738,105.978,137.252
138.045,29.8864,103.186,133.073
138.065,35.2161,105.164,140.38
138.085,29.7298,106.655,136.385
138.105,28.7918,105.339,134.131
138.125,25.4394,104.565,130.004
138.145,26.5449,103.082,129.627
138.165,27.0849,107.237,134.322
138.185,32.4949,104.352,136.847
138.205,28.6313,106.74,135.371
138.225,33.5405,105.303,138.843
138.245,30.108,105.762,135.87
138.265,27.0974,103.337,130.435
138.285,30.7129,104.732,135.445
138.305,27.7863,103.61,131.396
138.325,35.0205,104.472,139.492
138.345,27.4161,104.34,131.756
138.365,28.9523,104.22,133.172
138.385,32.2765,105.913,138.19
138.405,29.098,106.213,135.311
138.425,25.6102,103.467,129.077
138.445,31.2239,103.823,135.047
138.465,30.3172,106.467,136.785
138.485,32.2014,104.577,136.778
138.505,29.7588,104.31,134.069
138.525,31.2112,103.225,134.437
138.545,34.7555,106.121,140.876
138.565,26.508,102.387,128.895
138.585,29.9903,104.619,134.609
138.605,27.7236,103.129,130.853
138.625,27.477,103.485,130.962
138.645,29.681,107.126,136.807
138.665,29.0717,103.993,133.065
138.685,29.8723,102.783,132.656
138.705,31.1131,105.722,136.836
138.725,24.998,105.096,130.094
138.745,29.1228,104.151,133.274
138.765,30.1386,106.049,136.187
138.785,28.6564,104.658,133.314
138.805,27.7531,104.116,131.869
138.825,30.3816,103.627,134.009
138.845,28.7248,104.603,133.328
138.865,30.6005,104.005,134.605
138.885,33.3397,104.361,137.701
138.905,32.2837,103.885,136.169
138.925,27.694,104.119,131.813
138.945,30.4902,107.194,137.684
138.965,26.8385,102.552,129.39
138.985,27.4233,103.455,130.879
139.005,27.4931,104.746,132.239
139.025,28.2445,102.054,130.298
139.045,29.4018,103.563,132.965
139.065,28.6234,102.599,131.222
139.085,25.5699,102.754,128.324
139.105,32.4544,105.282,137.736
139.125,29.2017,105.751,134.952
139.145,23.4761,101.965,125.441
139.165,30.5088,104.56,135.068
139.185,30.8983,104.297,135.195
139.205,30.3267,103.445,133.772
139.225,28.2045,103.944,132.148
139.245,32.0792,105.088,137.167
139.265,28.5991,104.708,133.307
139.285,29.6028,101.955,131.558
139.305,26.0943,104.2,130.295
139.325,27.3895,105.041,132.43
139.345,27.507,104.595,132.102
139.365,28.6903,103.359,132.05
139.385,32.1958,106.166,138.362
139.405,29.092,103.38,132.472
139.425,29.4076,104.873,134.281
139.445,28.9047,101.856,130.76
139.465,26.5602,103.382,129.942
139.485,29.8968,104.036,133.933
139.505,33.4972,105.792,139.289
139.525,26.0797,102.372,128.452
139.545,33.691,106.671,140.362
139.565,29.4485,103.28,132.728
139.585,27.5702,101.748,129.318
139.605,27.8683,102.27,130.138
139.625,26.7196,103.117,129.837
139.645,26.5777,104.09,130.668
139.665,30.7509,105.615,136.366
139.685,29.5305,104.91,134.44
139.705,30.0314,104.539,134.571
139.725,26.267,103.213,129.48
139.745,28.3334,105.001,133.335
139.765,29.9559,104.562,134.518
139.785,29.9403,103.399,133.34
139.805,29.2418,104.259,133.501
139.825,27.452,103.301,130.753
139.845,27.8245,104.028,131.852
139.865,27.5721,101.095,128.667
139.885,25.93,104.062,129.992
139.905,31.9603,104.054,136.014
139.925,28.4716,104.825,133.297
139.945,33.818,105.129,138.947
139.965,28.7233,103.736,132.46
139.985,27.3421,102.425,129.767
140.005,28.5434,101.944,130.487
140.025,26.5747,104.735,131.31
140.045,31.8373,103.114,134.951
140.065,27.5051,104.229,131.734
140.085,33.9128,102.66,136.573
140.105,23.8317,100.646,124.477
140.125,24.5115,101.755,126.266
140.145,34.5982,103.606,138.204
140.165,23.0375,102.752,125.789
140.185,26.6861,103.737,130.423
140.205,28.5883,104.662,133.25
140.225,29.2775,105.054,134.331
140.245,30.7865,104.998,135.784
140.265,28.2252,104.214,132.439
140.285,26.391,101.498,127.889
140.305,27.5718,102.584,130.155
140.325,32.7521,103.59,136.342
140.345,29.3795,103.517,132.896
140.365,27.9671,101.411,129.378
140.385,30.2134,104.375,134.588
140.405,27.4748,102.399,129.874
140.425,27.23,101.75,128.98
140.445,29.9267,102.949,132.875
140.465,30.099,103.221,133.32
140.485,29.3961,102.644,132.04
140.505,28.1977,102.195,130.393
140.525,25.9281,103.087,129.015
140.545,24.274,101.427,125.701
140.565,31.8371,102.731,134.568
140.585,29.0147,102.901,131.916
140.605,33.1525,105.999,139.152
140.625,26.7078,102.857,129.565
140.645,35.2529,103.533,138.786
140.665,29.393,101.602,130.995
140.685,28.0929,103.856,131.949
140.705,27.5409,100.712,128.253
140.725,26.3131,101.158,127.471
140.745,30.4365,103.006,133.443
140.765,29.6944,102.686,132.381
140.785,24.2109,103.063,127.274
140.805,26.2643,100.976,127.24
140.825,24.9469,103.431,128.378
140.845,30.1622,102.383,132.545
140.865,30.7923,102.55,133.342
140.885,30.1346,103.57,133.705
140.905,32.5864,104.499,137.085
140.925,29.8698,100.309,130.179
140.945,26.1116,102.067,128.178
140.965,24.9666,101.723,126.69
140.985,29.1942,103.714,132.908
141.005,26.9248,103.059,129.984
141.025,28.7203,102.927,131.648
141.045,29.0068,102.845,131.852
141.065,29.4236,103.209,132.632
141.085,32.0313,101.706,133.737
141.105,28.5122,102.808,131.32
141.125,28.3485,102.698,131.047
141.145,29.4528,103.844,133.297
141.165,26.1367,101.896,128.032
141.185,26.2331,102.666,128.899
141.205,27.4285,103.334,130.763
141.225,25.0372,101.209,126.246
141.245,30.4722,103.476,133.948
141.265,28.442,103.486,131.928
141.285,27.8686,103.604,131.473
141.305,25.405,101.429,126.834
141.325,32.2655,104.765,137.03
141.345,28.4762,103.59,132.067
141.365,31.2987,103.618,134.917
141.385,25.2558,103.751,129.007
141.405,26.3035,101.626,127.929
141.425,24.1845,102.653,126.838
141.445,28.2473,102.75,130.997
141.465,30.4834,102.16,132.643
141.485,28.4838,102.062,130.546
141.505,25.6993,101.859,127.559
141.525,25.8519,100.986,126.838
141.545,29.8775,102.406,132.284
141.565,29.7796,103.247,133.026
141.585,27.3877,101.554,128.942
141.605,28.2603,102.691,130.951
141.625,28.257,104.562,132.819
141.645,29.217,101.98,131.197
141.665,29.6902,103.091,132.782
141.685,30.3911,102.967,133.358
141.705,30.401,101.494,131.895
141.725,26.3376,102.678,129.015
141.745,28.442,103.416,131.858
141.765,25.3814,101.403,126.784
141.785,24.3503,102.167,126.517
141.805,26.5315,100.644,127.176
141.825,29.1635,100.859,130.022
141.845,28.7677,100.394,129.162
141.865,25.8673,100.649,126.516
141.885,25.8822,103.452,129.334
141.905,27.5994,101.579,129.178
141.925,29.7627,102.282,132.044
141.945,26.0332,102.238,128.271
141.965,27.6984,102.359,130.058
141.985,25.2369,101.352,126.588
142.005,28.5654,102.529,131.095
142.025,26.722,102.912,129.634
142.045,26.0402,101.923,127.963
142.065,27.8002,101.952,129.752
142.085,26.9312,99.4318,126.363
142.105,28.085,102.564,130.649
142.125,27.7903,101.775,129.565
142.145,30.3695,103.113,133.482
142.165,27.9915,102.526,130.517
142.185,28.8024,100.288,129.091
142.205,32.6066,102.528,135.134
142.225,25.8322,100.246,126.079
142.245,26.1459,103.488,129.634
142.265,30.0003,102.891,132.892
142.285,23.2119,99.0896,122.302
142.305,25.4322,101.788,127.22
142.325,28.0632,102.379,130.442
142.345,31.7768,101.565,133.342
142.365,27.4062,101.183,128.589
142.385,26.0539,99.7606,125.814
142.405,25.9509,99.5959,125.547
142.425,28.8757,102.353,131.229
142.445,29.7632,100.151,129.915
142.465,30.8078,103.677,134.485
142.485,26.3837,99.9301,126.314
142.505,25.7902,99.4915,125.282
142.525,27.1483,101.136,128.284
142.545,28.193,100.946,129.139
142.565,27.8758,100.577,128.453
142.585,31.4619,100.551,132.013
142.605,29.2354,99.8194,129.055
142.625,25.8845,100.039,125.924
142.645,30.2377,100.592,130.829
142.665,32.0577,101.471,133.529
142.685,27.4724,100.858,128.33
142.705,26.7172,99.9164,126.634
142.725,30.8973,100.209,131.107
142.745,26.421,100.186,126.607
142.765,30.2934,102.435,132.729
142.785,26.2304,97.7599,123.99
142.805,26.2742,101.087,127.361
142.825,28.8689,100.967,129.836
142.845,31.1966,102.627,133.823
142.865,25.0619,100.168,125.23
142.885,29.3657,101.982,131.348
142.905,27.4526,99.9828,127.435
142.925,23.4061,102.02,125.426
142.945,26.3514,99.3323,125.684
142.965,28.4413,99.533,127.974
142.985,26.0987,98.9762,125.075
143.005,29.1131,100.849,129.962
143.025,30.6189,100.15,130.769
143.045,23.3397,101.917,125.257
143.065,28.6861,100.666,129.352
143.085,24.646,101.156,125.802
143.105,26.1505,102.132,128.282
143.125,30.1547,101.787,131.942
143.145,23.3851,99.4135,122.799
143.165,27.7909,100.115,127.906
143.185,26.1653,100.419,126.585
143.205,24.8164,100.526,125.342
143.225,26.7686,101.349,128.118
143.245,26.6783,99.9052,126.584
143.265,23.6619,100.996,124.657
143.285,30.3507,101.208,131.559
143.305,30.9801,100.975,131.955
143.325,32.1563,100.349,132.505
143.345,24.1151,99.4462,123.561
143.365,29.3313,100.992,130.324
143.385,29.1662,102.728,131.894
143.405,29.0273,99.7664,128.794
143.425,27.2405,100.814,128.055
143.445,30.8124,100.062,130.875
143.465,25.2215,99.1246,124.346
143.485,24.6334,100.907,125.54
143.505,31.1026,101.425,132.528
143.525,23.8628,100.519,124.382
143.545,29.1128,98.1261,127.239
143.565,26.8371,101.723,128.56
143.585,24.7483,98.5664,123.315
143.605,30.5253,99.6745,130.2
143.625,26.9151,98.831,125.746
143.645,23.4827,99.1209,122.604
143.665,24.7802,100.699,125.48
143.685,26.7605,100.882,127.642
143.705,25.7058,99.1662,124.872
143.725,27.9166,101.623,129.54
143.745,29.3056,102.98,132.285
143.765,24.3368,101.753,126.09
143.785,27.7051,98.8552,126.56
143.805,29.3752,98.1694,127.545
143.825,31.4437,99.2468,130.691
143.845,27.3288,99.6381,126.967
143.865,26.171,98.3466,124.518
143.885,29.4716,103.49,132.962
143.905,23.3875,99.2418,122.629
143.925,30.6428,99.9426,130.585
143.945,27.0847,98.098,125.183
143.965,29.6261,100.543,130.169
143.985,27.4607,102.9,130.361
144.005,26.1626,100.812,126.974
144.025,24.3267,99.6378,123.965
144.045,28.9509,99.7452,128.696
144.065,26.2361,99.6749,125.911
144.085,27.5746,97.4357,125.01
144.105,27.5982,99.4175,127.016
144.125,27.9587,98.7742,126.733
144.145,22.7386,98.1517,120.89
144.165,27.0833,100.849,127.932
144.185,28.0115,98.4598,126.471
144.205,28.1752,100.743,128.919
144.225,27.7125,100.854,128.566
144.245,25.7702,99.6844,125.455
144.265,27.1223,102.449,129.572
144.285,25.2239,98.6363,123.86
144.305,26.1251,97.5339,123.659
144.325,27.7224,99.1482,126.871
144.345,30.8163,99.7618,130.578
144.365,24.8795,97.3935,122.273
144.385,27.8155,99.8838,127.699
144.405,21.3419,99.5746,120.917
144.425,28.7527,102.314,131.067
144.445,28.2442,100.277,128.521
144.465,32.2225,100.103,132.326
144.485,27.6287,98.2655,125.894
144.505,24.8244,100.939,125.763
144.525,26.5644,100.346,126.91
144.545,27.4742,99.9825,127.457
144.565,31.0322,99.8731,130.905
144.585,28.6566,100.377,129.034
144.605,22.1741,98.0415,120.216
144.625,26.5816,98.5733,125.155
144.645,24.7324,97.9177,122.65
144.665,31.3026,99.0826,130.385
144.685,27.0546,98.1046,125.159
144.705,26.858,99.2498,126.108
144.725,27.1136,99.2312,126.345
144.745,26.868,98.5685,125.437
144.765,26.9471,98.0916,125.039
144.785,31.5013,100.479,131.981
144.805,26.6995,98.5808,125.28
144.825,25.8933,99.7491,125.642
144.845,26.1225,99.6599,125.782
144.865,26.6864,100.225,126.911
144.885,28.0166,98.02,126.037
144.905,26.7933,99.0705,125.864
144.925,25.8607,98.6397,124.5
144.945,29.1801,101.242,130.422
144.965,29.3388,99.3259,128.665
144.985,28.4483,100.01,128.458
145.005,29.6156,100.65,130.265
145.025,24.41,98.445,122.855
145.045,26.5092,99.7704,126.28
145.065,27.1792,99.9587,127.138
145.085,24.3762,99.041,123.417
145.105,29.1324,101.311,130.443
145.125,25.2767,97.433,122.71
145.145,26.0205,97.8817,123.902
145.165,25.4909,98.5088,124
145.185,28.5559,97.8886,126.445
145.205,25.9306,99.0711,125.002
145.225,28.6653,100.019,128.684
145.245,30.778,103.082,133.86
145.265,23.8891,96.689,120.578
145.285,25.4436,98.2258,123.669
145.305,29.0815,99.6623,128.744
145.325,29.7166,101.29,131.007
145.345,28.4926,97.3746,125.867
145.365,25.0645,98.5406,123.605
145.385,24.6131,97.4342,122.047
145.405,23.1576,97.9772,121.135
145.425,28.3088,99.4299,127.739
145.445,28.4122,99.0603,127.472
145.465,24.6917,99.6783,124.37
145.485,28.0466,98.2463,126.293
145.505,28.13,100.391,128.521
145.525,24.5342,96.8236,121.358
145.545,27.2904,99.2768,126.567
145.565,26.0021,97.8577,123.86
145.585,28.427,97.5522,125.979
145.605,31.2034,98.0453,129.249
145.625,27.4782,98.7856,126.264
145.645,23.6809,97.6716,121.352
145.665,26.1629,97.769,123.932
145.685,26.3315,98.4849,124.816
145.705,24.895,97.7365,122.632
145.725,23.8107,100.023,123.834
145.745,30.1684,99.6998,129.868
145.765,27.9838,98.6858,126.67
145.785,27.6908,100.735,128.426
145.805,23.3998,96.5836,119.983
145.825,25.3792,99.1771,124.556
145.845,28.6611,97.9541,126.615
145.865,22.5535,100.921,123.474
145.885,26.5857,100.309,126.894
145.905,23.4544,98.123,121.577
145.925,25.3516,99.4129,124.765
145.945,28.871,97.349,126.22
145.965,30.4451,99.3734,129.818
145.985,25.9272,98.6606,124.588
146.005,23.9673,97.9277,121.895
146.025,24.7105,100.19,124.901
146.045,26.4131,99.2356,125.649
146.065,27.6782,98.1767,125.855
146.085,23.6674,99.5108,123.178
146.105,29.0787,98.9267,128.005
146.125,25.5329,96.8278,122.361
146.145,29.0975,99.0439,128.141
146.165,28.2787,97.1019,125.381
146.185,25.6649,96.4681,122.133
146.205,22.0913,97.2187,119.31
146.225,27.3522,98.5636,125.916
146.245,25.3539,97.7961,123.15
146.265,28.3727,99.2747,127.647
146.285,28.9672,98.92,127.887
146.305,24.4534,97.8107,122.264
146.325,26.4793,97.3279,123.807
146.345,28.1245,98.5209,126.645
146.365,28.4044,97.816,126.22
146.385,27.2717,100.594,127.865
146.405,26.0748,97.4671,123.542
146.425,29.7045,97.3731,127.078
146.445,28.4313,98.7506,127.182
146.465,25.8796,97.9258,123.805
146.485,24.0225,97.1887,121.211
146.505,25.3387,99.5835,124.922
146.525,25.5259,97.054,122.58
146.545,27.0789,98.494,125.573
146.565,23.3844,97.4377,120.822
146.585,25.0375,98.0221,123.06
146.605,30.1855,100.143,130.329
146.625,23.6704,99.6457,123.316
146.645,23.0629,97.877,120.94
146.665,27.5112,98.2234,125.735
146.685,25.9228,99.3386,125.261
146.705,28.0074,97.6765,125.684
146.725,29.8343,97.8852,127.719
146.745,20.5803,97.1921,117.772
146.765,26.7624,97.0318,123.794
146.785,29.5709,96.7897,126.361
146.805,27.3874,96.8096,124.197
146.825,28.6894,98.2536,126.943
146.845,26.6176,97.5343,124.152
146.865,23.7201,96.7652,120.485
146.885,25.3945,97.7364,123.131
146.905,31.0078,98.9529,129.961
146.925,25.8259,97.4631,123.289
146.945,28.768,98.021,126.789
146.965,24.0177,95.5399,119.558
146.985,28.218,97.0171,125.235
147.005,24.0767,98.0226,122.099
147.025,25.6166,98.2511,123.868
147.045,26.472,99.1778,125.65
147.065,23.6239,97.2386,120.863
147.085,24.0596,98.2932,122.353
147.105,25.3753,98.7038,124.079
147.125,23.6345,96.3497,119.984
147.145,23.9568,98.0699,122.027
147.165,28.0053,98.4958,126.501
147.185,28.4113,97.7014,126.113
147.205,30.0916,99.2765,129.368
147.225,24.1882,95.4799,119.668
147.245,24.1795,96.5843,120.764
147.265,25.4802,96.4034,121.884
147.285,26.3007,99.0023,125.303
147.305,22.4683,95.7419,118.21
147.325,24.0384,96.763,120.801
147.345,24.9108,96.3473,121.258
147.365,26.9307,97.7452,124.676
147.385,24.5521,96.7683,121.32
147.405,28.5165,98.7431,127.26
147.425,28.3748,96.0142,124.389
147.445,23.8468,97.2513,121.098
147.465,30.34,97.9909,128.331
147.485,26.9233,97.668,124.591
147.505,25.3257,95.4614,120.787
147.525,24.0478,96.2325,120.28
147.545,23.0572,97.2738,120.331
147.565,28.5617,98.8318,127.393
147.585,24.6626,97.0417,121.704
147.605,27.6414,99.5317,127.173
147.625,22.7248,97.1982,119.923
147.645,24.3219,96.1378,120.46
147.665,20.5242,95.2826,115.807
147.685,29.3585,97.3585,126.717
147.705,28.6503,96.1116,124.762
147.725,24.5817,97.2675,121.849
147.745,28.9892,98.5093,127.499
147.765,24.57,95.1941,119.764
147.785,26.3131,98.9757,125.289
147.805,26.89,94.9557,121.846
147.825,21.4405,95.6873,117.128
147.845,24.0856,97.0659,121.152
147.865,26.5127,97.6498,124.162
147.885,22.3776,95.1642,117.542
147.905,27.4672,97.7244,125.192
147.925,29.7467,96.913,126.66
147.945,26.6809,96.8625,123.543
147.965,27.012,95.8352,122.847
147.985,27.6043,97.4371,125.041
148.005,25.6668,95.9052,121.572
148.025,26.4314,96.2944,122.726
148.045,25.7462,96.8608,122.607
148.065,25.3729,96.9715,122.344
148.085,26.0968,94.3852,120.482
148.105,26.0564,97.8444,123.901
148.125,28.0778,95.7782,123.856
148.145,26.7991,96.5673,123.366
148.165,30.0039,96.7395,126.743
148.185,21.6389,96.2416,117.88
148.205,25.4478,95.8814,121.329
148.225,27.4106,95.6333,123.044
148.245,23.045,95.8355,118.881
148.265,25.0951,95.2928,120.388
148.285,26.3879,96.4955,122.883
148.305,24.8536,97.3138,122.167
148.325,27.5272,96.4741,124.001
148.345,27.1967,94.631,121.828
148.365,23.8264,94.95,118.776
148.385,26.1379,96.9418,123.08
148.405,28.3719,96.1353,124.507
148.425,23.1721,95.842,119.014
148.445,24.6794,95.1928,119.872
148.465,26.2715,96.0018,122.273
148.485,23.0034,96.0003,119.004
148.505,29.2636,99.4453,128.709
148.525,26.3013,98.175,124.476
148.545,28.5077,96.8784,125.386
148.565,26.5545,94.8405,121.395
148.585,21.5703,95.0997,116.67
148.605,26.9274,97.9987,124.926
148.625,27.1985,95.0406,122.239
148.645,22.2444,96.4521,118.697
148.665,27.6829,96.8197,124.503
148.685,25.1636,95.8215,120.985
148.705,21.0741,95.8739,116.948
148.725,25.6597,94.3735,120.033
148.745,24.6571,94.8427,119.5
148.765,26.5338,96.3304,122.864
148.785,22.7185,96.8011,119.52
148.805,27.1032,96.0455,123.149
148.825,27.9799,96.4793,124.459
148.845,24.967,95.6983,120.665
148.865,19.1356,94.4421,113.578
148.885,27.2642,95.6241,122.888
148.905,27.7987,97.5474,125.346
148.925,28.3935,97.377,125.77
148.945,25.6141,98.2282,123.842
148.965,23.7134,94.7794,118.493
148.985,27.4429,96.2684,123.711
149.005,23.3601,95.2985,118.659
149.025,27.9774,95.9711,123.949
149.045,23.1336,95.4418,118.575
149.065,27.2704,98.9402,126.211
149.085,26.4757,95.8112,122.287
149.105,22.5203,94.8582,117.379
149.125,23.2714,92.8371,116.109
149.145,20.7091,96.0702,116.779
149.165,25.5168,94.4265,119.943
149.185,30.563,97.4581,128.021
149.205,23.744,94.7677,118.512
149.225,27.1448,94.855,122
149.245,29.0274,96.5952,125.623
149.265,26.1147,95.63,121.745
149.285,22.2898,93.0425,115.332
149.305,24.8915,95.2504,120.142
149.325,23.9856,94.2138,118.199
149.345,23.939,95.7278,119.667
149.365,25.1507,98.0312,123.182
149.385,24.2212,93.9171,118.138
149.405,31.7304,98.103,129.833
149.425,23.1712,93.7437,116.915
149.445,24.6855,93.3293,118.015
149.465,26.3533,94.0764,120.43
149.485,26.7355,94.8832,121.619
149.505,26.2,97.1165,123.316
149.525,26.9657,95.7505,122.716
149.545,25.8245,96.4424,122.267
149.565,26.1954,94.5837,120.779
149.585,24.1411,97.1372,121.278
149.605,27.4077,94.2937,121.701
149.625,25.95,95.3539,121.304
149.645,23.5006,96.1206,119.621
149.665,23.3778,95.1851,118.563
149.685,24.5615,93.2599,117.821
149.705,24.1034,95.6828,119.786
149.725,22.4907,94.7882,117.279
149.745,25.9224,95.7131,121.635
149.765,26.1664,96.5167,122.683
149.785,25.0858,94.2524,119.338
149.805,21.7928,93.5125,115.305
149.825,27.9655,95.1399,123.105
149.845,25.8581,96.9713,122.829
149.865,24.5649,94.9547,119.52
149.885,22.8768,95.3807,118.257
149.905,27.9206,96.4029,124.323
149.925,25.3174,96.4019,121.719
149.945,27.1226,97.2167,124.339
149.965,21.9176,93.9982,115.916
149.985,28.5579,96.0364,124.594
150.005,27.4739,95.7051,123.179
150.025,24.8256,96.5294,121.355
150.045,21.0013,94.4584,115.46
150.065,26.9693,94.6181,121.587
150.085,24.7956,94.2334,119.029
150.105,25.4714,94.8865,120.358
150.125,20.7467,92.9584,113.705
150.145,25.8982,94.949,120.847
150.165,23.3897,95.462,118.852
150.185,22.4977,93.6451,116.143
150.205,29.9522,94.9451,124.897
150.225,25.3567,95.6242,120.981
150.245,26.1594,95.7084,121.868
150.265,24.8097,95.585,120.395
150.285,22.6998,93.597,116.297
150.305,26.7699,95.3634,122.133
150.325,23.8957,95.8505,119.746
150.345,25.7907,95.9835,121.774
150.365,25.7916,96.0707,121.862
150.385,24.31,93.5952,117.905
150.405,27.3282,95.1412,122.469
150.425,23.3925,94.149,117.542
150.445,26.193,95.5541,121.747
150.465,25.7693,94.5721,120.341
150.485,24.4233,94.4561,118.879
150.505,26.0475,94.6462,120.694
150.525,21.3237,93.371,114.695
150.545,22.2034,94.1261,116.329
150.565,22.85,93.137,115.987
150.585,25.9173,96.1791,122.096
150.605,27.3835,94.2161,121.6
150.625,25.0719,95.3077,120.38
150.645,20.6336,92.763,113.397
150.665,24.4389,93.308,117.747
150.685,26.2775,95.1418,121.419
150.705,25.5995,92.8159,118.415
150.725,26.7308,94.065,120.796
150.745,23.6827,93.4411,117.124
150.765,27.4641,93.9173,121.381
150.785,25.1128,94.3122,119.425
150.805,26.4556,95.0701,121.526
150.825,26.0207,92.4976,118.518
150.845,22.3505,94.1681,116.519
150.865,23.7862,92.2367,116.023
150.885,27.0436,94.4198,121.463
150.905,25.0382,94.5907,119.629
150.925,23.425,93.5287,116.954
150.945,22.7509,93.0927,115.844
150.965,24.7391,94.2741,119.013
150.985,23.6149,93.6378,117.253
151.005,24.0104,94.1303,118.141
151.025,24.3191,94.1794,118.499
151.045,23.4136,92.7354,116.149
151.065,25.782,94.3527,120.135
151.085,24.7756,95.3155,120.091
151.105,21.5756,93.0492,114.625
151.125,26.4422,94.2096,120.652
151.145,27.8839,93.9218,121.806
151.165,20.4717,93.5851,114.057
151.185,24.6746,95.5436,120.218
151.205,26.6526,94.8961,121.549
151.225,23.8552,94.3917,118.247
151.245,24.3469,94.3768,118.724
151.265,24.8176,94.989,119.807
151.285,27.1502,94.1887,121.339
151.305,28.6426,93.9187,122.561
151.325,24.3441,92.0222,116.366
151.345,23.2361,91.8575,115.094
151.365,22.7732,94.4012,117.174
151.385,24.0133,94.1821,118.195
151.405,20.6788,93.7233,114.402
151.425,28.1641,93.311,121.475
151.445,20.7435,92.9457,113.689
151.465,26.4127,95.5321,121.945
151.485,25.8835,91.1512,117.035
151.505,24.483,94.0638,118.547
151.525,27.3076,93.6939,121.002
151.545,27.9507,93.9812,121.932
151.565,25.6954,92.4387,118.134
151.585,26.7582,93.4503,120.208
151.605,24.7982,92.4531,117.251
151.625,21.8688,93.983,115.852
151.645,21.389,92.2411,113.63
151.665,20.907,92.622,113.529
151.685,25.0125,91.3739,116.386
151.705,26.8669,93.5095,120.376
151.725,27.5977,93.3206,120.918
151.745,22.658,93.3622,116.02
151.765,27.5138,95.7707,123.284
151.785,24.1882,94.2309,118.419
151.805,21.6984,94.1359,115.834
151.825,24.578,95.1603,119.738
151.845,26.1938,94.789,120.983
151.865,25.4635,94.7812,120.245
151.885,25.4124,93.4363,118.849
151.905,23.1176,93.8539,116.971
151.925,24.3864,93.4695,117.856
151.945,23.4898,93.3691,116.859
151.965,20.9451,93.0451,113.99
151.985,26.4325,92.7249,119.157
152.005,23.51,93.4363,116.946
152.025,23.6608,95.3221,118.983
152.045,20.8169,92.3133,113.13
152.065,27.4922,93.8226,121.315
152.085,28.1471,95.0792,123.226
152.105,20.1523,92.6072,112.76
152.125,28.2084,93.7715,121.98
152.145,23.3437,94.1501,117.494
152.165,21.5767,93.302,114.879
152.185,19.7452,92.1668,111.912
152.205,25.0642,93.7005,118.765
152.225,22.4055,94.3498,116.755
152.245,29.7456,94.3857,124.131
152.265,23.8136,93.4118,117.225
152.285,23.7283,93.348,117.076
152.305,23.3049,93.6424,116.947
152.325,25.4721,92.383,117.855
152.345,24.2877,92.3448,116.633
152.365,24.6764,93.4444,118.121
152.385,21.677,92.734,114.411
152.405,21.7401,93.6256,115.366
152.425,22.6892,92.5241,115.213
152.445,24.5517,93.1511,117.703
152.465,25.8425,93.2926,119.135
152.485,25.0646,93.7388,118.803
152.505,24.5373,93.033,117.57
152.525,21.1197,92.264,113.384
152.545,24.7523,93.4123,118.165
152.565,22.7154,92.6378,115.353
152.585,26.3537,95.0981,121.452
152.605,21.9942,93.3888,115.383
152.625,25.5616,94.3144,119.876
152.645,24.2909,93.547,117.838
152.665,25.5104,93.9974,119.508
152.685,18.4713,91.8071,110.278
152.705,25.1236,95.2965,120.42
152.725,22.0133,92.5371,114.55
152.745,27.4447,94.325,121.77
152.765,23.4345,93.3736,116.808
152.785,25.6608,93.5153,119.176
152.805,18.2003,91.7537,109.954
152.825,25.1884,93.554,118.742
152.845,21.7547,93.5097,115.264
152.865,19.0774,89.9948,109.072
152.885,24.258,95.1593,119.417
152.905,27.1356,94.2919,121.428
152.925,29.4378,92.9379,122.376
152.945,24.6636,92.5514,117.215
152.965,24.0668,92.947,117.014
152.985,23.9778,92.0016,115.979
153.005,24.7783,93.9716,118.75
153.025,25.2048,91.9782,117.183
153.045,23.0764,93.4716,116.548
153.065,24.5691,91.6113,116.18
153.085,24.0273,93.9192,117.946
153.105,22.8575,92.2771,115.135
153.125,23.0843,92.9484,116.033
153.145,21.411,89.4377,110.849
153.165,25.7743,92.2529,118.027
153.185,23.1412,92.1608,115.302
153.205,26.1864,93.3201,119.507
153.225,23.9709,90.6171,114.588
153.245,29.3448,93.9796,123.324
153.265,26.3478,91.3741,117.722
153.285,24.7077,91.5439,116.252
153.305,26.5545,91.5845,118.139
153.325,24.0362,93.0609,117.097
153.345,25.5835,91.9023,117.486
153.365,25.3831,91.2361,116.619
153.385,23.0753,92.3636,115.439
153.405,24.3581,93.9559,118.314
153.425,25.2249,92.8676,118.092
153.445,24.2287,93.0347,117.263
153.465,22.4564,92.2937,114.75
153.485,22.1599,91.5433,113.703
153.505,25.0283,93.2476,118.276
153.525,25.0057,92.2104,117.216
153.545,21.6684,91.8213,113.49
153.565,24.9938,93.3493,118.343
153.585,22.5336,90.8336,113.367
153.605,22.3025,92.2423,114.545
153.625,28.184,92.8976,121.082
153.645,21.2733,90.4647,111.738
153.665,22.4744,90.1878,112.662
153.685,26.298,92.6958,118.994
153.705,22.4597,92.6472,115.107
153.725,27.6517,94.0721,121.724
153.745,21.7012,92.5095,114.211
153.765,25.2158,92.2117,117.427
153.785,23.1227,92.1879,115.311
153.805,27.7717,93.2597,121.031
153.825,22.5185,92.6216,115.14
153.845,22.5183,92.5501,115.068
153.865,21.4923,90.356,111.848
153.885,19.9992,90.6163,110.615
153.905,22.5751,91.7457,114.321
153.925,24.2246,91.5055,115.73
153.945,25.6157,90.9609,116.577
153.965,22.8096,90.6057,113.415
153.985,22.0635,92.4538,114.517
154.005,22.5164,91.7316,114.248
154.025,26.9448,93.0274,119.972
154.045,23.5965,91.7678,115.364
154.065,23.1584,91.3232,114.482
154.085,24.9035,92.987,117.891
154.105,25.278,93.7308,119.009
154.125,22.3927,91.781,114.174
154.145,21.1621,90.5729,111.735
154.165,25.4949,93.1142,118.609
154.185,20.2316,89.6831,109.915
154.205,24.3594,91.9967,116.356
154.225,23.7426,93.8514,117.594
154.245,20.8413,92.9888,113.83
154.265,23.7449,91.6065,115.351
154.285,25.6813,93.136,118.817
154.305,27.1689,92.7872,119.956
154.325,19.6947,90.896,110.591
154.345,19.6518,91.4737,111.126
154.365,24.1805,90.8838,115.064
154.385,24.537,91.7222,116.259
154.405,25.9991,91.5584,117.557
154.425,24.3909,92.2281,116.619
154.445,25.2954,92.9962,118.292
154.465,22.4877,91.6224,114.11
154.485,19.3433,88.7259,108.069
154.505,27.8615,91.9675,119.829
154.525,20.7441,91.4436,112.188
154.545,23.1165,90.9909,114.107
154.565,26.8413,93.1731,120.014
154.585,22.5887,91.36,113.949
154.605,24.3911,92.0218,116.413
154.625,22.2078,90.3986,112.606
154.645,23.1623,91.5558,114.718
154.665,24.9632,91.604,116.567
154.685,23.6076,90.1961,113.804
154.705,23.4774,92.3365,115.814
154.725,25.4395,90.2847,115.724
154.745,23.1158,90.5699,113.686
154.765,22.8111,91.1592,113.97
154.785,25.4731,91.3752,116.848
154.805,22.4561,91.402,113.858
154.825,22.5369,91.6284,114.165
154.845,22.3688,90.4404,112.809
154.865,23.7319,92.4553,116.187
154.885,19.7087,90.7923,110.501
154.905,21.6653,90.9936,112.659
154.925,27.1166,91.6387,118.755
154.945,26.0703,92.3257,118.396
154.965,22.1869,91.4421,113.629
154.985,21.2695,88.1946,109.464
155.005,22.4426,91.9844,114.427
155.025,26.2789,93.0533,119.332
155.045,20.5906,92.3097,112.9
155.065,24.1869,92.3771,116.564
155.085,21.795,91.9349,113.73
155.105,23.4064,91.589,114.995
155.125,21.947,89.255,111.202
155.145,23.7332,90.2368,113.97
155.165,22.6194,91.5271,114.147
155.185,22.8493,90.1435,112.993
155.205,25.0904,90.6674,115.758
155.225,24.3071,91.9872,116.294
155.245,19.2598,89.5211,108.781
155.265,22.9661,90.1618,113.128
155.285,23.5637,90.3258,113.89
155.305,26.4503,92.4119,118.862
155.325,22.8118,90.3748,113.187
155.345,20.1644,89.2484,109.413
155.365,24.6559,91.2932,115.949
155.385,23.3804,90.4739,113.854
155.405,22.7704,89.4564,112.227
155.425,24.5658,91.4233,115.989
155.445,24.3868,90.0769,114.464
155.465,23.8562,90.0023,113.858
155.485,24.1319,91.7597,115.892
155.505,25.0414,90.555,115.596
155.525,21.2903,89.6986,110.989
155.545,23.6329,90.4796,114.113
155.565,22.8034,89.8001,112.603
155.585,25.3312,90.2999,115.631
155.605,26.0486,92.0357,118.084
155.625,26.0344,91.2668,117.301
155.645,20.0506,89.7626,109.813
155.665,24.4904,88.1605,112.651
155.685,20.5337,90.8395,111.373
155.705,21.7953,91.4535,113.249
155.725,24.0422,89.8938,113.936
155.745,20.5352,89.8736,110.409
155.765,24.6187,90.734,115.353
155.785,22.8572,90.8144,113.672
155.805,24.8868,92.7568,117.644
155.825,21.8018,89.4222,111.224
155.845,23.0912,90.1458,113.237
155.865,27.6795,90.3747,118.054
155.885,21.7073,89.2938,111.001
155.905,24.2376,91.5906,115.828
155.925,23.1477,89.8763,113.024
155.945,25.5905,90.6041,116.195
155.965,22.2394,90.9437,113.183
155.985,24.4418,90.0682,114.51
156.005,22.4647,90.7402,113.205
156.025,21.9945,91.1596,113.154
156.045,23.798,91.8387,115.637
156.065,22.6587,89.367,112.026
156.085,25.1469,89.8439,114.991
156.105,25.5315,89.2277,114.759
156.125,21.787,90.0704,111.857
156.145,23.4087,90.1335,113.542
156.165,25.0382,89.97,115.008
156.185,21.4088,89.2314,110.64
156.205,23.6757,87.7023,111.378
156.225,23.4004,89.7423,113.143
156.245,19.5023,89.0224,108.525
156.265,27.3743,91.351,118.725
156.285,21.6702,89.4525,111.123
156.305,22.066,92.0113,114.077
156.325,21.024,89.9355,110.96
156.345,21.5455,89.1751,110.721
156.365,20.3979,89.2491,109.647
156.385,22.6226,91.0471,113.67
156.405,23.8837,91.4132,115.297
156.425,19.2373,90.3802,109.618
156.445,19.913,88.753,108.666
156.465,25.3066,90.8224,116.129
156.485,20.4308,91.4208,111.852
156.505,24.2292,90.0994,114.329
156.525,21.7843,89.9423,111.727
156.545,23.0953,89.7362,112.832
156.565,25.9902,91.991,117.981
156.585,24.8394,91.4522,116.292
156.605,21.0115,89.8068,110.818
156.625,21.6857,88.4443,110.13
156.645,25.4712,89.9276,115.399
156.665,26.5086,89.5757,116.084
156.685,19.5502,90.9856,110.536
156.705,23.7045,90.2782,113.983
156.725,23.1766,88.9957,112.172
156.745,20.4565,88.7917,109.248
156.765,25.2316,90.6639,115.895
156.785,21.0637,88.6489,109.713
156.805,23.2452,88.7388,111.984
156.825,22.0915,90.1499,112.241
156.845,24.2482,91.9043,116.153
156.865,24.0607,90.8968,114.957
156.885,22.5348,89.8143,112.349
156.905,24.0813,89.3613,113.443
156.925,19.5818,88.7644,108.346
156.945,24.6179,90.1827,114.801
156.965,22.3855,89.0303,111.416
156.985,20.9128,90.1441,111.057
157.005,21.2789,88.9034,110.182
157.025,23.0021,88.6679,111.67
157.045,24.0105,89.7906,113.801
157.065,18.3379,89.5865,107.924
157.085,24.7206,88.7718,113.492
157.105,20.5622,89.312,109.874
157.125,24.7625,90.7364,115.499
157.145,20.6673,89.4763,110.144
157.165,24.3531,90.5532,114.906
157.185,22.0689,87.9626,110.031
157.205,18.9559,88.46,107.416
157.225,18.9154,88.9424,107.858
157.245,24.4919,89.0088,113.501
157.265,22.9194,89.8582,112.778
157.285,25.2736,91.017,116.291
157.305,19.8617,87.7906,107.652
157.325,19.5865,88.7259,108.312
157.345,22.9063,90.2129,113.119
157.365,23.1909,89.0654,112.256
157.385,20.8384,88.8816,109.72
157.405,29.5194,89.956,119.475
157.425,20.6863,88.4277,109.114
157.445,25.5203,90.0784,115.599
157.465,21.5764,88.8976,110.474
157.485,23.8533,88.537,112.39
157.505,26.3854,88.9784,115.364
157.525,20.954,88.8177,109.772
157.545,20.6265,87.9895,108.616
157.565,21.5312,89.2404,110.772
157.585,23.6588,89.7818,113.441
157.605,22.8215,89.6586,112.48
157.625,20.5965,89.5362,110.133
157.645,24.4593,90.1468,114.606
157.665,25.7502,88.7052,114.455
157.685,19.9091,86.9194,106.829
157.705,25.7805,89.6278,115.408
157.725,23.9643,89.0027,112.967
157.745,21.3191,89.3298,110.649
157.765,24.4057,89.2196,113.625
157.785,20.8225,88.1085,108.931
157.805,24.183,88.606,112.789
157.825,21.5927,88.7934,110.386
157.845,24.2347,88.5512,112.786
157.865,19.3284,87.7294,107.058
157.885,18.8882,89.2606,108.149
157.905,21.4711,86.6392,108.11
157.925,25.1264,89.5358,114.662
157.945,23.5144,90.0716,113.586
157.965,24.9457,88.7461,113.692
157.985,19.907,87.1878,107.095
158.005,18.1992,86.1813,104.381
158.025,23.787,88.7033,112.49
158.045,23.8983,89.2569,113.155
158.065,22.2674,88.2126,110.48
158.085,20.9471,88.6148,109.562
158.105,23.2408,88.556,111.797
158.125,22.7598,87.9369,110.697
158.145,22.8021,88.8553,111.657
158.165,21.7793,89.1719,110.951
158.185,23.2012,88.5038,111.705
158.205,22.7455,90.2318,112.977
158.225,21.6938,88.1458,109.84
158.245,23.6723,88.0427,111.715
158.265,23.9918,88.1702,112.162
158.285,23.8049,88.3788,112.184
158.305,21.1562,87.8512,109.007
158.325,21.6895,86.869,108.559
158.345,23.7926,87.8869,111.68
158.365,21.319,88.3612,109.68
158.385,17.829,88.4233,106.252
158.405,25.2397,87.3805,112.62
158.425,22.712,90.0369,112.749
158.445,19.7519,89.0579,108.81
158.465,17.9558,87.388,105.344
158.485,24.4303,89.2518,113.682
158.505,25.1035,88.8567,113.96
158.525,24.1296,88.4644,112.594
158.545,21.3553,85.8639,107.219
158.565,24.6385,89.044,113.682
158.585,23.4455,90.1105,113.556
158.605,21.6211,87.6388,109.26
158.625,21.4778,87.0134,108.491
158.645,18.8494,86.9337,105.783
158.665,24.4312,87.5889,112.02
158.685,18.872,89.1937,108.066
158.705,26.622,89.0909,115.713
158.725,19.5156,86.4753,105.991
158.745,23.1129,87.6523,110.765
158.765,21.3489,87.6865,109.035
158.785,24.4092,88.5799,112.989
158.805,18.2661,88.4488,106.715
158.825,21.1266,87.7036,108.83
158.845,23.5021,86.5812,110.083
158.865,22.8051,88.7599,111.565
158.885,20.1969,87.0328,107.23
158.905,23.4277,88.008,111.436
158.925,21.5182,87.1632,108.681
158.945,24.3091,89.1141,113.423
158.965,24.6027,88.9041,113.507
158.985,21.0947,87.301,108.396
159.005,19.7559,86.4854,106.241
159.025,19.9463,88.2159,108.162
159.045,21.8073,88.1647,109.972
159.065,23.7751,87.49,111.265
159.085,20.1248,87.6565,107.781
159.105,24.3033,88.9996,113.303
159.125,22.3255,88.824,111.15
159.145,20.0381,86.4356,106.474
159.165,22.2798,87.6428,109.923
159.185,22.4761,88.8146,111.291
159.205,23.2987,89.2211,112.52
159.225,18.1255,87.6848,105.81
159.245,25.3406,89.264,114.605
159.265,20.3619,87.2934,107.655
159.285,22.0026,86.4108,108.413
159.305,23.0956,87.4272,110.523
159.325,24.2203,88.5588,112.779
159.345,19.913,88.5329,108.446
159.365,22.0079,86.9498,108.958
159.385,22.3729,86.5865,108.959
159.405,22.3168,87.5965,109.913
159.425,26.5528,88.515,115.068
159.445,21.9754,88.7207,110.696
159.465,17.8794,87.3749,105.254
159.485,23.126,88.8975,112.023
159.505,23.7367,88.246,111.983
159.525,18.9747,86.2925,105.267
159.545,18.4405,86.4465,104.887
159.565,21.6005,87.0601,108.661
159.585,20.5973,88.7058,109.303
159.605,21.708,86.6538,108.362
159.625,18.4926,88.1735,106.666
159.645,20.0008,87.1606,107.161
159.665,22.4599,88.5648,111.025
159.685,21.5614,86.6118,108.173
159.705,23.9938,87.9172,111.911
159.725,22.9058,85.7487,108.655
159.745,22.5388,86.1395,108.678
159.765,21.5118,88.5191,110.031
159.785,21.1275,88.0094,109.137
159.805,20.6516,86.4211,107.073
159.825,22.8517,87.69,110.542
159.845,21.0348,86.669,107.704
159.865,24.9487,87.4347,112.383
159.885,21.4921,85.1107,106.603
159.905,21.8872,86.934,108.821
159.925,19.7945,87.3247,107.119
159.945,23.7223,88.6132,112.335
159.965,20.5688,87.9417,108.51
159.985,21.4912,87.4576,108.949
160.005,26.5881,87.355,113.943
160.025,19.8446,87.0503,106.895
160.045,24.5253,87.2696,111.795
160.065,21.5161,87.1605,108.677
160.085,24.8749,87.491,112.366
160.105,21.4155,86.2115,107.627
160.125,22.6259,87.6375,110.263
160.145,21.831,86.3248,108.156
160.165,23.6764,87.8698,111.546
160.185,22.1623,86.8299,108.992
160.205,21.2688,86.4909,107.76
160.225,21.4216,86.2016,107.623
160.245,21.5677,87.0046,108.572
160.265,21.2499,86.6762,107.926
160.285,19.6966,86.6996,106.396
160.305,21.6292,87.0657,108.695
160.325,19.8621,87.9264,107.789
160.345,21.9656,87.1234,109.089
160.365,21.178,89.2885,110.467
160.385,19.1245,87.6119,106.736
160.405,20.0604,85.1727,105.233
160.425,21.9802,85.1671,107.147
160.445,25.5499,87.0898,112.64
160.465,21.3884,87.3406,108.729
160.485,22.4129,87.5004,109.913
160.505,21.6705,86.7734,108.444
160.525,25.8672,86.9773,112.844
160.545,19.0158,88.3351,107.351
160.565,17.0189,86.6796,103.699
160.585,24.4295,86.3116,110.741
160.605,27.256,88.1225,115.378
160.625,18.6925,87.0061,105.699
160.645,21.4889,86.0363,107.525
160.665,21.1508,85.9826,107.133
160.685,20.6332,86.2781,106.911
160.705,20.1457,86.2202,106.366
160.725,24.0653,86.9133,110.979
160.745,23.5169,88.4551,111.972
160.765,17.876,87.21,105.086
160.785,21.89,85.0184,106.908
160.805,23.3012,85.6214,108.923
160.825,21.1886,86.2117,107.4
160.845,21.388,86.2011,107.589
160.865,26.3805,88.1613,114.542
160.885,19.7924,85.2726,105.065
160.905,19.4582,85.2895,104.748
160.925,22.4391,87.8463,110.285
160.945,19.9651,87.3435,107.309
160.965,25.5643,86.6712,112.235
160.985,21.6521,84.7054,106.358
161.005,21.1193,85.6984,106.818
161.025,18.5123,87.7858,106.298
161.045,18.6557,86.3909,105.047
161.065,22.9114,86.7713,109.683
161.085,21.0837,85.8968,106.98
161.105,20.6321,85.9603,106.592
161.125,22.208,86.1832,108.391
161.145,18.8724,84.9566,103.829
161.165,24.7168,86.2681,110.985
161.185,21.212,85.8986,107.111
161.205,23.4155,86.2231,109.639
161.225,22.7979,86.4238,109.222
161.245,22.6702,85.4919,108.162
161.265,18.6721,84.6658,103.338
161.285,21.3583,87.4047,108.763
161.305,21.6521,86.9265,108.579
161.325,25.2151,86.4084,111.623
161.345,20.2149,87.4786,107.694
161.365,18.51,84.1289,102.639
161.385,19.6242,85.9659,105.59
161.405,18.6529,87.2363,105.889
161.425,18.4719,85.5238,103.996
161.445,24.6915,87.6288,112.32
161.465,22.7859,85.3444,108.13
161.485,22.5303,86.1144,108.645
161.505,21.7783,86.4092,108.188
161.525,20.872,86.055,106.927
161.545,21.3213,85.1024,106.424
161.565,20.751,85.7588,106.51
161.585,21.7399,85.6358,107.376
161.605,22.9079,86.2804,109.188
161.625,20.3277,85.7823,106.11
161.645,24.8984,88.8018,113.7
161.665,22.1346,87.7806,109.915
161.685,20.7842,85.5921,106.376
161.705,18.6055,84.5369,103.142
161.725,24.0166,85.2886,109.305
161.745,19.9357,85.988,105.924
161.765,23.5481,86.5595,110.108
161.785,21.6798,86.6915,108.371
161.805,20.7079,86.6699,107.378
161.825,22.4687,86.1682,108.637
161.845,21.7353,87.3238,109.059
161.865,22.0777,85.5237,107.601
161.885,21.4925,86.0744,107.567
161.905,22.2529,86.8642,109.117
161.925,20.1634,85.5562,105.72
161.945,18.8596,83.9472,102.807
161.965,22.6771,85.596,108.273
161.985,22.3694,85.8218,108.191
162.005,16.518,84.4527,100.971
162.025,23.7588,85.1142,108.873
162.045,21.5867,86.8111,108.398
162.065,18.7481,84.7275,103.476
162.085,17.4656,84.4538,101.919
162.105,23.0054,85.1315,108.137
162.125,21.6941,87.6169,109.311
162.145,20.0487,85.0235,105.072
162.165,22.3521,85.9153,108.267
162.185,19.7044,84.8824,104.587
162.205,23.5781,87.0097,110.588
162.225,19.769,84.5971,104.366
162.245,20.8228,84.397,105.22
162.265,21.8761,87.0678,108.944
162.285,19.3185,84.9915,104.31
162.305,21.719,83.5717,105.291
162.325,20.2757,85.045,105.321
162.345,24.3675,86.4778,110.845
162.365,20.4288,86.2386,106.667
162.385,21.2389,86.356,107.595
162.405,19.8626,85.289,105.152
162.425,20.1851,85.0619,105.247
162.445,24.3002,87.1836,111.484
162.465,19.8972,85.7355,105.633
162.485,21.3042,84.1479,105.452
162.505,21.8298,85.9043,107.734
162.525,22.0997,85.8612,107.961
162.545,19.4732,84.6874,104.161
162.565,19.6633,83.2942,102.958
162.585,18.8088,85.3864,104.195
162.605,20.2477,86.4685,106.716
162.625,23.6013,86.2716,109.873
162.645,20.6009,86.5815,107.182
162.665,21.9838,87.3463,109.33
162.685,25.2832,85.0353,110.319
162.705,21.1097,84.4807,105.59
162.725,21.9462,84.8683,106.815
162.745,21.4788,84.543,106.022
162.765,21.8037,85.0213,106.825
162.785,27.0977,87.5639,114.662
162.805,21.3209,84.8019,106.123
162.825,19.4013,86.4746,105.876
162.845,19.3381,85.4555,104.794
162.865,23.7586,84.6528,108.411
162.885,16.7798,84.8631,101.643
162.905,19.2001,83.7673,102.967
162.925,20.6859,85.9769,106.663
162.945,20.8307,84.6213,105.452
162.965,19.8155,86.5803,106.396
162.985,17.2835,85.9436,103.227
163.005,19.7404,85.1364,104.877
163.025,20.5764,86.2745,106.851
163.045,20.9069,84.3566,105.264
163.065,20.3909,85.2122,105.603
163.085,22.0736,85.0927,107.166
163.105,23.3644,85.5873,108.952
163.125,17.8797,82.8016,100.681
163.145,19.5126,85.8598,105.372
163.165,20.8166,83.8981,104.715
163.185,23.6093,86.4538,110.063
163.205,17.8048,83.33,101.135
163.225,18.4065,85.0557,103.462
163.245,20.6306,83.907,104.538
163.265,24.9106,84.8706,109.781
163.285,24.2559,85.8746,110.131
163.305,19.9569,84.3714,104.328
163.325,18.4824,84.5296,103.012
163.345,17.0607,82.7067,99.7674
163.365,20.136,83.8153,103.951
163.385,21.6282,84.3281,105.956
163.405,22.22,85.1914,107.411
163.425,23.1446,86.1874,109.332
163.445,20.4847,84.9593,105.444
163.465,16.1065,85.503,101.61
163.485,21.2305,86.0854,107.316
163.505,18.7775,83.89,102.667
163.525,21.7915,85.1843,106.976
163.545,19.3134,83.0638,102.377
163.565,19.9212,85.3361,105.257
163.585,19.6442,83.1233,102.768
163.605,21.7073,84.6676,106.375
163.625,21.9821,85.3144,107.297
163.645,18.3302,82.7389,101.069
163.665,20.5463,84.3081,104.854
163.685,20.8376,85.4726,106.31
163.705,25.3653,86.6393,112.005
163.725,20.0218,83.4548,103.477
163.745,21.2725,84.2245,105.497
163.765,21.0128,84.9697,105.982
163.785,20.4497,84.4504,104.9
163.805,21.2429,85.6899,106.933
163.825,17.2533,84.3405,101.594
163.845,21.901,86.0472,107.948
163.865,20.6846,83.8477,104.532
163.885,21.2585,84.9493,106.208
163.905,18.421,83.9942,102.415
163.925,23.8147,83.7551,107.57
163.945,22.6206,84.318,106.939
163.965,21.4051,85.7113,107.116
163.985,17.6252,83.8917,101.517
164.005,19.6249,85.2377,104.863
164.025,22.8583,83.2391,106.097
164.045,18.9266,83.8107,102.737
164.065,21.7767,83.5275,105.304
164.085,20.676,83.487,104.163
164.105,16.1331,83.5627,99.6958
164.125,24.9543,86.8863,111.841
164.145,19.1997,83.7291,102.929
164.165,25.5989,84.7127,110.312
164.185,20.7824,85.48,106.262
164.205,17.2893,83.7939,101.083
164.225,22.239,85.0636,107.303
164.245,18.1605,83.7684,101.929
164.265,16.7066,83.5663,100.273
164.285,21.8091,83.8235,105.633
164.305,21.3333,85.2554,106.589
164.325,21.9376,83.4685,105.406
164.345,17.8736,84.2954,102.169
164.365,22.7924,83.6163,106.409
164.385,19.4217,83.5345,102.956
164.405,20.3623,83.2071,103.569
164.425,20.4304,83.0912,103.522
164.445,21.8647,82.5996,104.464
164.465,20.7558,84.8692,105.625
164.485,20.6798,83.8408,104.521
164.505,19.7023,82.8184,102.521
164.525,21.8237,84.1351,105.959
164.545,18.2851,83.2527,101.538
164.565,20.4234,84.1507,104.574
164.585,20.887,85.3663,106.253
164.605,24.5775,85.0522,109.63
164.625,23.4421,84.356,107.798
164.645,21.1721,84.0818,105.254
164.665,21.4523,84.5794,106.032
164.685,19.3529,83.3909,102.744
164.705,20.4761,82.8555,103.332
164.725,21.4696,83.5277,104.997
164.745,19.9221,83.6639,103.586
164.765,19.4755,83.4722,102.948
164.785,20.9311,82.5303,103.461
164.805,19.1313,82.9577,102.089
164.825,19.1381,84.668,103.806
164.845,20.4742,84.9158,105.39
164.865,23.5442,83.6676,107.212
164.885,19.9482,84.2585,104.207
164.905,18.1234,81.1554,99.2789
164.925,22.2363,83.3863,105.623
164.945,19.2237,82.7258,101.949
164.965,18.981,82.6883,101.669
164.985,21.7294,82.8394,104.569
165.005,18.9659,82.8023,101.768
165.025,16.8276,84.5077,101.335
165.045,24.1135,83.8949,108.008
165.065,19.8831,84.0721,103.955
165.085,24.5914,83.786,108.377
165.105,19.2682,83.4644,102.733
165.125,18.3632,82.8356,101.199
165.145,20.8479,83.5979,104.446
165.165,20.1504,82.9688,103.119
165.185,23.7991,84.3185,108.118
165.205,17.4841,83.476,100.96
165.225,21.0827,84.2783,105.361
165.245,17.8586,82.5411,100.4
165.265,21.4484,83.8207,105.269
165.285,20.8235,82.9696,103.793
165.305,17.3653,83.5903,100.956
165.325,23.2992,83.4902,106.789
165.345,20.8664,82.6278,103.494
165.365,18.9555,83.2212,102.177
165.385,16.0858,80.7887,96.8746
165.405,21.9649,82.7397,104.705
165.425,20.3741,82.9914,103.366
165.445,19.0454,82.1018,101.147
165.465,23.4947,84.0672,107.562
165.485,20.0035,85.353,105.357
165.505,17.2927,82.4123,99.705
165.525,21.0953,83.8724,104.968
165.545,21.0888,81.6736,102.762
165.565,23.7707,83.1154,106.886
165.585,21.7477,82.8218,104.569
165.605,20.9359,81.9196,102.856
165.625,20.0963,84.2389,104.335
165.645,16.1447,80.5672,96.7119
165.665,19.1961,82.8839,102.08
165.685,22.4687,83.4763,105.945
165.705,17.4211,82.6922,100.113
165.725,20.8841,82.8724,103.757
165.745,18.7496,84.466,103.216
165.765,21.7857,81.7143,103.5
165.785,21.9347,82.446,104.381
165.805,19.8536,83.5802,103.434
165.825,19.7373,83.9647,103.702
165.845,22.5434,85.3557,107.899
165.865,17.8752,82.5877,100.463
165.885,17.3947,81.4995,98.8942
165.905,15.6845,83.0578,98.7423
165.925,19.9861,82.75,102.736
165.945,19.6392,82.1888,101.828
165.965,23.2657,83.2159,106.482
165.985,19.4315,83.2616,102.693
166.005,21.1751,82.9327,104.108
166.025,18.5242,81.9919,100.516
166.045,20.2264,83.3031,103.53
166.065,20.1557,82.4429,102.599
166.085,20.2299,82.9047,103.135
166.105,22.8121,84.0498,106.862
166.125,17.9217,84.12,102.042
166.145,18.5024,82.2542,100.757
166.165,21.8038,83.1041,104.908
166.185,21.0123,82.0147,103.027
166.205,22.1831,82.0343,104.217
166.225,18.924,81.1182,100.042
166.245,18.8869,83.7999,102.687
166.265,18.2796,82.4711,100.751
166.285,20.5731,83.0513,103.624
166.305,22.0798,82.6177,104.698
166.325,19.7431,83.1473,102.89
166.345,20.0379,82.7855,102.823
166.365,20.3676,81.1445,101.512
166.385,19.1251,83.4428,102.568
166.405,18.7847,81.9123,100.697
166.425,20.5777,82.4217,102.999
166.445,18.0217,82.2462,100.268
166.465,20.2665,83.0273,103.294
166.485,20.8808,82.9049,103.786
166.505,21.9136,83.7387,105.652
166.525,17.8538,81.6784,99.5322
166.545,20.647,82.9925,103.639
166.565,18.5419,82.7929,101.335
166.585,17.5152,81.3515,98.8667
166.605,21.8094,81.8133,103.623
166.625,21.3402,82.9662,104.306
166.645,19.8906,83.0817,102.972
166.665,17.5627,81.1626,98.7253
166.685,19.3415,81.6734,101.015
166.705,18.0391,81.6921,99.7312
166.725,21.5547,81.9667,103.521
166.745,19.1362,80.8847,100.021
166.765,20.4224,83.4296,103.852
166.785,20.8184,81.1771,101.995
166.805,19.6286,83.2448,102.873
166.825,19.5744,81.5606,101.135
166.845,18.9505,80.3353,99.2858
166.865,18.1578,82.0873,100.245
166.885,16.4744,81.3628,97.8373
166.905,22.9547,82.3613,105.316
166.925,20.6933,82.7413,103.435
166.945,24.159,83.242,107.401
166.965,18.9929,80.7234,99.7163
166.985,18.3906,81.6356,100.026
167.005,22.3308,82.741,105.072
167.025,18.0593,80.3629,98.4222
167.045,17.9931,81.9383,99.9313
167.065,18.3125,81.207,99.5195
167.085,17.3701,81.2407,98.6108
167.105,19.5144,83.0054,102.52
167.125,22.2405,84.2981,106.539
167.145,20.1526,81.1152,101.268
167.165,18.537,81.9839,100.521
167.185,19.6004,83.0574,102.658
167.205,20.2088,81.2973,101.506
167.225,20.5946,80.9084,101.503
167.245,19.1505,81.3451,100.496
167.265,18.2264,80.2325,98.4589
167.285,21.5803,82.264,103.844
167.305,23.217,82.7806,105.998
167.325,20.8671,81.862,102.729
167.345,21.8387,82.9149,104.754
167.365,18.6423,80.8887,99.531
167.385,18.0163,80.3234,98.3397
167.405,23.5304,84.0552,107.586
167.425,18.5309,80.5049,99.0358
167.445,17.9281,80.9459,98.874
167.465,19.5866,81.5341,101.121
167.485,20.1647,82.5714,102.736
167.505,21.4219,83.4262,104.848
167.525,19.6151,83.5684,103.183
167.545,19.5933,81.1042,100.697
167.565,17.2293,81.6903,98.9196
167.585,17.696,79.3655,97.0615
167.605,22.0679,82.6313,104.699
167.625,18.5686,80.4727,99.0412
167.645,19.4523,81.3692,100.822
167.665,17.7288,80.6467,98.3755
167.685,20.3608,80.3021,100.663
167.705,16.7214,80.7694,97.4909
167.725,18.1727,81.8541,100.027
167.745,20.3654,81.7155,102.081
167.765,21.4319,80.4371,101.869
167.785,19.1208,80.8868,100.008
167.805,22.1066,81.975,104.082
167.825,18.3187,81.7529,100.072
167.845,19.3399,83.3691,102.709
167.865,20.4416,79.9765,100.418
167.885,23.8185,82.0422,105.861
167.905,19.8376,81.5591,101.397
167.925,17.7263,80.5119,98.2382
167.945,18.0534,80.6169,98.6703
167.965,18.4768,81.4978,99.9745
167.985,19.1286,80.1544,99.283
168.005,22.1219,83.1911,105.313
168.025,19.7123,80.6866,100.399
168.045,20.9857,79.4456,100.431
168.065,18.9066,80.1709,99.0775
168.085,21.7604,81.3002,103.061
168.105,19.9148,81.1902,101.105
168.125,19.0605,80.5958,99.6562
168.145,21.2493,81.9906,103.24
168.165,19.9871,80.3506,100.338
168.185,20.5101,80.7394,101.25
168.205,21.3937,80.4308,101.825
168.225,18.0328,80.8665,98.8993
168.245,19.8705,81.0655,100.936
168.265,16.2592,80.0809,96.3401
168.285,22.3583,80.4936,102.852
168.305,16.6821,79.183,95.8651
168.325,19.0931,81.9882,101.081
168.345,18.0659,80.4424,98.5084
168.365,15.8989,81.041,96.9399
168.385,18.1124,79.787,97.8994
168.405,21.0601,81.7608,102.821
168.425,20.8652,80.3524,101.218
168.445,18.4056,80.1916,98.5972
168.465,22.2463,81.5917,103.838
168.485,21.9967,81.2914,103.288
168.505,19.3885,79.8969,99.2855
168.525,22.1669,81.909,104.076
168.545,18.819,80.7834,99.6024
168.565,17.6683,79.8889,97.5573
168.585,16.6163,81.1183,97.7347
168.605,19.6711,79.8471,99.5181
168.625,19.3152,81.5154,100.831
168.645,19.0162,80.6744,99.6906
168.665,18.3122,80.0732,98.3854
168.685,20.9041,80.9694,101.874
168.705,19.1206,80.9832,100.104
168.725,17.2878,80.6896,97.9774
168.745,21.3489,81.6901,103.039
168.765,19.933,80.2749,100.208
168.785,20.9061,80.0638,100.97
168.805,19.4178,80.5346,99.9524
168.825,18.9349,79.9263,98.8612
168.845,21.7557,82.3016,104.057
168.865,15.5611,79.778,95.3391
168.885,15.0008,79.8114,94.8121
168.905,23.1987,81.4569,104.656
168.925,17.1874,79.9785,97.166
168.945,18.9009,80.8239,99.7248
168.965,20.8578,80.9435,101.801
168.985,20.2588,81.4385,101.697
169.005,18.7206,78.8703,97.5909
169.025,21.3775,80.9417,102.319
169.045,21.4084,80.338,101.746
169.065,17.2081,78.4913,95.6994
169.085,21.7844,78.4711,100.255
169.105,21.8343,80.8964,102.731
169.125,17.1784,81.6853,98.8637
169.145,19.7299,80.0605,99.7904
169.165,20.6165,80.8296,101.446
169.185,15.645,80.2857,95.9308
169.205,18.0966,80.0955,98.1921
169.225,20.5956,80.9986,101.594
169.245,18.3867,79.8982,98.2849
169.265,19.4402,80.5822,100.022
169.285,18.2653,79.6187,97.884
169.305,21.3013,80.8305,102.132
169.325,18.5535,78.0988,96.6523
169.345,17.897,80.6455,98.5424
169.365,18.9757,81.0398,100.016
169.385,18.7455,79.7069,98.4525
169.405,20.6918,81.1475,101.839
169.425,16.7354,80.6251,97.3605
169.445,21.4064,80.4427,101.849
169.465,16.6962,79.6571,96.3533
169.485,21.5696,81.9461,103.516
169.505,18.0304,81.7211,99.7516
169.525,16.9144,79.4849,96.3993
169.545,16.4843,77.8742,94.3585
169.565,22.1917,81.1346,103.326
169.585,19.2642,80.4894,99.7536
169.605,17.7469,78.3531,96.1001
169.625,19.1562,80.7231,99.8792
169.645,19.9239,79.2914,99.2153
169.665,20.5663,80.7411,101.307
169.685,18.6265,79.98,98.6065
169.705,21.8675,80.1033,101.971
169.725,19.508,81.2294,100.737
169.745,18.5911,79.6139,98.205
169.765,20.6945,80.0832,100.778
169.785,21.6531,80.7921,102.445
169.805,18.9301,79.8242,98.7543
169.825,18.3867,80.1526,98.5392
169.845,17.4026,79.4769,96.8795
169.865,17.6578,80.0553,97.7131
169.885,18.116,81.4257,99.5417
169.905,18.1441,79.408,97.5521
169.925,18.4856,80.3025,98.7881
169.945,18.7307,79.4419,98.1726
169.965,21.4065,79.3802,100.787
169.985,20.6565,81.6067,102.263
170.005,19.1735,81.1558,100.329
170.025,17.5822,79.5211,97.1033
170.045,20.2773,80.1027,100.38
170.065,20.6742,80.5842,101.258
170.085,16.7551,79.8187,96.5739
170.105,18.9362,79.3244,98.2606
170.125,17.465,79.3347,96.7998
170.145,17.8741,78.3712,96.2453
170.165,18.4486,79.2397,97.6883
170.185,20.5997,80.2965,100.896
170.205,17.3855,79.7288,97.1143
170.225,15.8749,77.8858,93.7607
170.245,21.0654,80.7534,101.819
170.265,20.5102,79.9208,100.431
170.285,20.7701,79.7735,100.544
170.305,17.671,76.9488,94.6198
170.325,21.1723,77.9567,99.129
170.345,18.9113,79.6302,98.5415
170.365,19.8891,80.3311,100.22
170.385,20.609,80.0152,100.624
170.405,17.8794,79.0008,96.8802
170.425,19.5923,80.8316,100.424
170.445,17.9358,79.3317,97.2675
170.465,19.596,79.0788,98.6748
170.485,17.9935,78.8707,96.8642
170.505,16.5265,79.142,95.6684
170.525,19.0549,79.6705,98.7254
170.545,20.8875,79.7622,100.65
170.565,15.6852,79.0013,94.6866
170.585,17.1388,78.6994,95.8382
170.605,20.7588,80.9322,101.691
170.625,20.4536,79.8718,100.325
170.645,18.891,78.7648,97.6558
170.665,15.4077,79.046,94.4537
170.685,16.3645,78.7241,95.0886
170.705,17.3703,79.1567,96.527
170.725,21.1795,77.8174,98.997
170.745,20.2357,79.2723,99.508
170.765,20.1271,78.5227,98.6498
170.785,17.8259,77.7968,95.6227
170.805,17.4467,78.9944,96.4411
170.825,19.7163,78.9375,98.6538
170.845,21.3687,79.3066,100.675
170.865,19.4485,77.3086,96.757
170.885,17.5114,78.6623,96.1737
170.905,18.5443,78.9986,97.5429
170.925,19.7557,77.8388,97.5944
170.945,19.4292,78.7544,98.1836
170.965,17.0747,78.1898,95.2645
170.985,19.8871,78.763,98.6501
171.005,18.1402,77.9755,96.1157
171.025,21.1018,79.6479,100.75
171.045,19.3913,77.3357,96.7271
171.065,19.9095,80.033,99.9425
171.085,17.6813,78.1046,95.7859
171.105,21.5871,78.153,99.7401
171.125,19.329,78.4588,97.7878
171.145,18.7233,77.5091,96.2324
171.165,20.7148,78.5047,99.2196
171.185,20.5688,79.6805,100.249
171.205,17.0433,78.3313,95.3746
171.225,18.7035,79.4646,98.1681
171.245,21.0743,79.0871,100.161
171.265,19.0631,78.0446,97.1077
171.285,19.8231,78.3041,98.1272
171.305,15.6561,78.3509,94.007
171.325,16.3111,79.129,95.4401
171.345,16.5469,78.3608,94.9077
171.365,20.4,79.3577,99.7577
171.385,20.6084,78.8108,99.4192
171.405,19.2491,78.9503,98.1994
171.425,18.7033,77.4952,96.1985
171.445,15.5345,78.7879,94.3224
171.465,16.5981,78.809,95.4071
171.485,18.287,77.6788,95.9657
171.505,18.203,78.8461,97.0491
171.525,18.7086,78.32,97.0286
171.545,19.2351,78.4752,97.7104
171.565,18.6288,79.4543,98.083
171.585,19.008,77.5176,96.5257
171.605,21.2666,78.0381,99.3047
171.625,14.1217,78.7428,92.8644
171.645,19.8071,79.7157,99.5228
171.665,18.5343,78.5685,97.1028
171.685,18.6372,79.192,97.8291
171.705,18.8909,78.8635,97.7545
171.725,19.5162,78.7144,98.2306
171.745,18.5507,78.1364,96.6871
171.765,17.0521,78.3523,95.4044
171.785,16.5147,77.2824,93.7971
171.805,21.8139,79.1603,100.974
171.825,16.6213,78.2796,94.9009
171.845,21.4883,79.3937,100.882
171.865,18.0566,79.1838,97.2404
171.885,17.7247,78.8957,96.6204
171.905,17.6061,78.9512,96.5573
171.925,15.3906,77.9381,93.3287
171.945,17.109,78.0024,95.1114
171.965,19.4101,77.7501,97.1602
171.985,17.0247,78.2269,95.2516
172.005,19.7741,79.3415,99.1157
172.025,16.775,77.1091,93.8842
172.045,15.9668,77.3652,93.332
172.065,22.4821,79.604,102.086
172.085,18.104,78.9807,97.0846
172.105,18.3025,77.9838,96.2862
172.125,18.1214,78.1507,96.2721
172.145,18.3888,77.6904,96.0792
172.165,19.7435,78.706,98.4495
172.185,17.6183,77.0462,94.6644
172.205,19.1978,77.7808,96.9786
172.225,18.5941,76.1748,94.7689
172.245,21.6679,78.0514,99.7193
172.265,17.8815,79.2043,97.0858
172.285,18.8988,78.966,97.8649
172.305,18.0024,77.4086,95.411
172.325,17.302,77.8235,95.1256
172.345,15.8218,77.8611,93.6829
172.365,20.5655,78.4745,99.04
172.385,17.3408,76.5157,93.8565
172.405,15.9885,77.7516,93.7401
172.425,19.6233,79.5604,99.1837
172.445,16.2761,78.5273,94.8034
172.465,20.3338,78.2804,98.6142
172.485,17.6604,77.6266,95.2871
172.505,18.6374,78.7691,97.4064
172.525,18.4147,77.4164,95.8311
172.545,17.848,77.335,95.1829
172.565,12.8651,76.1517,89.0168
172.585,21.4387,78.3972,99.8358
172.605,19.0752,78.4899,97.5651
172.625,17.0512,77.2219,94.2731
172.645,17.5713,77.215,94.7863
172.665,18.1515,77.0066,95.1581
172.685,18.1227,77.1668,95.2895
172.705,19.0718,77.783,96.8548
172.725,20.1291,78.7145,98.8436
172.745,20.2954,77.3604,97.6559
172.765,18.1862,78.0135,96.1997
172.785,19.1769,78.3321,97.509
172.805,17.4826,76.2906,93.7733
172.825,18.987,77.0363,96.0233
172.845,19.9488,77.3473,97.2962
172.865,16.1999,76.8054,93.0053
172.885,19.1726,77.5359,96.7085
172.905,23.6616,78.9597,102.621
172.925,21.1034,78.7979,99.9013
172.945,17.8064,77.7814,95.5878
172.965,18.4977,76.8389,95.3367
172.985,17.6381,77.2528,94.891
173.005,17.169,77.8327,95.0016
173.025,19.5912,77.7647,97.3559
173.045,16.2357,76.9417,93.1774
173.065,16.3422,77.2954,93.6376
173.085,20.3659,77.9991,98.365
173.105,18.9617,77.1627,96.1244
173.125,18.9225,76.6039,95.5264
173.145,18.1328,77.6246,95.7574
173.165,17.1082,76.8354,93.9436
173.185,18.9005,77.7003,96.6008
173.205,17.68,77.2354,94.9154
173.225,19.3748,77.5879,96.9627
173.245,18.8463,77.7258,96.5721
173.265,19.6842,76.9416,96.6259
173.285,17.3107,77.2309,94.5416
173.305,19.258,77.8339,97.0919
173.325,16.1179,77.5632,93.6811
173.345,19.222,77.9692,97.1912
173.365,17.7609,78.3588,96.1197
173.385,18.614,76.6436,95.2576
173.405,18.27,77.3209,95.5909
173.425,17.8142,76.2827,94.0969
173.445,18.0913,75.4602,93.5515
173.465,16.5978,77.1515,93.7494
173.485,16.1427,75.2493,91.392
173.505,20.6885,78.8622,99.5507
173.525,17.7326,76.1265,93.8591
173.545,18.4383,75.7506,94.1889
173.565,17.9592,75.9895,93.9487
173.585,16.9619,77.0288,93.9907
173.605,15.6994,76.4231,92.1226
173.625,14.3279,75.8048,90.1327
173.645,19.7873,77.2809,97.0682
173.665,16.5194,76.1868,92.7062
173.685,20.5847,76.718,97.3027
173.705,17.7695,77.2011,94.9706
173.725,21.2551,77.3913,98.6464
173.745,19.6685,76.2321,95.9006
173.765,17.3511,77.8507,95.2018
173.785,22.4206,76.993,99.4136
173.805,20.7514,77.7119,98.4632
173.825,15.4367,76.0492,91.4859
173.845,16.876,76.7443,93.6204
173.865,18.2341,76.6405,94.8746
173.885,17.0346,75.8854,92.9201
173.905,15.9484,75.9325,91.8809
173.925,19.8228,77.0486,96.8714
173.945,14.585,74.8477,89.4327
173.965,19.6786,77.346,97.0246
173.985,17.1696,76.6884,93.858
174.005,19.3035,78.1536,97.4572
174.025,18.9795,77.3384,96.3179
174.045,18.5941,76.1434,94.7375
174.065,16.7047,76.8515,93.5562
174.085,19.4262,76.4234,95.8497
174.105,19.9789,76.4342,96.4131
174.125,18.5787,77.3131,95.8919
174.145,16.3082,77.7218,94.03
174.165,15.0888,75.2507,90.3395
174.185,16.5247,75.3301,91.8548
174.205,18.8743,77.7707,96.645
174.225,18.6608,77.171,95.8318
174.245,18.0453,76.2601,94.3053
174.265,17.3262,76.9399,94.2661
174.285,15.7041,75.8831,91.5872
174.305,17.4284,77.0814,94.5098
174.325,14.7414,76.0631,90.8045
174.345,18.4778,76.6289,95.1067
174.365,17.4728,76.2815,93.7543
174.385,17.3851,76.6055,93.9906
174.405,20.5377,77.1345,97.6722
174.425,19.4725,76.9665,96.439
174.445,15.4947,76.0274,91.5221
174.465,16.9825,75.7481,92.7306
174.485,17.576,75.9583,93.5343
174.505,19.7009,76.3454,96.0463
174.525,17.2506,76.5569,93.8075
174.545,15.6168,75.9842,91.6011
174.565,17.129,75.6556,92.7845
174.585,18.5266,75.9918,94.5184
174.605,17.7733,76.986,94.7593
174.625,15.7249,75.3379,91.0627
174.645,15.6797,76.7217,92.4014
174.665,18.4949,76.2112,94.7061
174.685,14.4439,75.5463,89.9903
174.705,16.8675,75.8003,92.6678
174.725,19.3362,76.6621,95.9983
174.745,18.7978,77.8565,96.6543
174.765,17.449,76.6819,94.1309
174.785,20.394,77.165,97.559
174.805,19.7757,76.4083,96.184
174.825,20.5345,76.7459,97.2804
174.845,15.4753,75.373,90.8483
174.865,18.1591,77.5111,95.6703
174.885,15.6247,74.8167,90.4414
174.905,19.0607,76.0383,95.099
174.925,19.4846,76.7337,96.2183
174.945,18.6087,77.1399,95.7486
174.965,16.2394,75.3572,91.5966
174.985,16.2655,76.9298,93.1954
175.005,15.7562,76.4359,92.1921
175.025,17.492,76.5396,94.0316
175.045,16.8547,76.8928,93.7476
175.065,18.7407,76.7955,95.5362
175.085,15.9683,75.6327,91.601
175.105,18.8427,75.6001,94.4428
175.125,21.0985,75.9446,97.0432
175.145,18.8084,74.8904,93.6988
175.165,16.9728,76.5019,93.4747
175.185,18.6322,76.5528,95.185
175.205,16.1898,75.2793,91.4691
175.225,15.9839,75.5152,91.4991
175.245,20.7142,75.0173,95.7315
175.265,18.5265,76.1572,94.6837
175.285,19.4173,77.051,96.4683
175.305,19.9663,75.9094,95.8757
175.325,17.8737,75.5384,93.4121
175.345,17.5605,75.8004,93.3609
175.365,17.1075,75.4681,92.5756
175.385,13.6768,75.0028,88.6796
175.405,18.5225,75.0037,93.5262
175.425,17.4811,75.7326,93.2137
175.445,14.0582,76.077,90.1352
175.465,17.3991,76.0785,93.4775
175.485,18.8633,77.1092,95.9725
175.505,18.3786,77.1304,95.509
175.525,18.1837,76.1178,94.3016
175.545,17.3687,76.0966,93.4653
175.565,15.3999,74.0359,89.4358
175.585,15.86,76.9403,92.8003
175.605,17.8803,76.446,94.3263
175.625,20.2922,77.1134,97.4057
175.645,19.4229,75.1307,94.5536
175.665,14.6182,75.5008,90.119
175.685,15.999,75.3226,91.3216
175.705,17.2474,76.061,93.3084
175.725,15.3852,75.3407,90.726
175.745,17.9756,76.1117,94.0873
175.765,19.043,76.561,95.604
175.785,18.1515,76.2188,94.3703
175.805,14.7904,74.2093,88.9996
175.825,14.1806,76.0747,90.2553
175.845,17.4686,76.233,93.7016
175.865,20.2462,76.4125,96.6587
175.885,16.492,75.1611,91.6531
175.905,19.1385,75.5721,94.7106
175.925,16.5281,74.4681,90.9962
175.945,17.9145,74.2172,92.1317
175.965,17.454,75.6805,93.1345
175.985,18.1316,74.3943,92.5259
176.005,17.2915,75.1931,92.4846
176.025,17.8876,76.0214,93.909
176.045,16.5704,73.6564,90.2268
176.065,19.8501,75.9831,95.8332
176.085,16.8328,75.0091,91.8419
176.105,17.9779,74.1813,92.1593
176.125,18.2417,75.3645,93.6062
176.145,19.0336,74.6967,93.7302
176.165,19.8701,75.4363,95.3063
176.185,17.2763,73.2795,90.5557
176.205,19.6731,74.4895,94.1626
176.225,15.2097,74.7634,89.973
176.245,15.53,74.9978,90.5278
176.265,21.2354,75.2015,96.437
176.285,18.218,76.1308,94.3488
176.305,16.2692,75.4347,91.7039
176.325,15.354,75.0871,90.4411
176.345,14.1072,74.7766,88.8838
176.365,20.7219,76.945,97.6669
176.385,18.3495,75.5568,93.9063
176.405,17.3978,76.4545,93.8523
176.425,15.0093,75.2257,90.235
176.445,19.6808,75.2636,94.9444
176.465,17.9019,72.8989,90.8008
176.485,15.2547,75.9122,91.1669
176.505,17.3789,75.2414,92.6203
176.525,16.3905,74.4368,90.8272
176.545,19.1862,75.428,94.6143
176.565,18.9075,75.2297,94.1372
176.585,16.3308,75.8856,92.2163
176.605,20.4045,77.1797,97.5843
176.625,14.5707,73.9013,88.472
176.645,16.3661,75.0706,91.4367
176.665,16.9337,75.5578,92.4914
176.685,16.7083,74.0167,90.7249
176.705,17.5923,76.2856,93.878
176.725,15.9689,74.0335,90.0023
176.745,14.4363,74.0838,88.52
176.765,18.5786,75.6691,94.2477
176.785,16.7812,74.3925,91.1737
176.805,17.7052,74.5774,92.2827
176.825,16.3432,73.5251,89.8683
176.845,16.7699,74.0415,90.8114
176.865,20.9352,76.069,97.0042
176.885,17.6539,74.8104,92.4642
176.905,13.967,74.1678,88.1348
176.925,18.2648,75.2861,93.5509
176.945,16.2727,74.8866,91.1593
176.965,18.4038,74.6032,93.007
176.985,16.5358,75.1952,91.731
177.005,17.5587,74.1479,91.7066
177.025,20.276,73.8994,94.1754
177.045,15.4151,74.9929,90.408
177.065,16.0364,75.1555,91.1918
177.085,18.5297,75.6261,94.1558
177.105,15.1918,73.7692,88.961
177.125,13.5294,73.4158,86.9452
177.145,19.1276,74.3578,93.4854
177.165,16.879,75.0397,91.9187
177.185,18.635,74.3589,92.9938
177.205,17.9587,74.7056,92.6643
177.225,17.1026,73.5105,90.6131
177.245,15.7859,73.6603,89.4462
177.265,16.7364,74.1393,90.8757
177.285,18.3326,74.5015,92.8341
177.305,18.8109,74.8631,93.674
177.325,17.3153,73.9152,91.2306
177.345,18.9794,74.2926,93.272
177.365,17.5357,72.613,90.1488
177.385,18.5986,75.1743,93.7729
177.405,16.8505,74.3506,91.201
177.425,14.701,73.2558,87.9568
177.445,17.5397,75.6183,93.158
177.465,16.0014,73.9414,89.9427
177.485,15.4458,73.6976,89.1434
177.505,12.9122,75.1222,88.0344
177.525,17.3506,73.9583,91.3089
177.545,15.6188,73.3657,88.9845
177.565,17.9473,73.8962,91.8435
177.585,19.3827,75.6569,95.0396
177.605,17.4546,74.5379,91.9926
177.625,18.8339,74.6227,93.4566
177.645,16.3058,75.8248,92.1306
177.665,16.0524,73.3897,89.4421
177.685,17.532,74.9214,92.4534
177.705,15.9743,73.318,89.2922
177.725,14.3189,73.1,87.419
177.745,17.488,74.4128,91.9008
177.765,15.9215,73.5175,89.439
177.785,16.2915,75.024,91.3155
177.805,15.9472,74.2066,90.1538
177.825,16.873,73.7131,90.5861
177.845,18.8019,72.9221,91.724
177.865,15.4638,73.7582,89.222
177.885,16.3834,73.6631,90.0465
177.905,17.4973,74.9579,92.4552
177.925,16.6482,75.1759,91.8241
177.945,18.4324,74.8053,93.2377
177.965,16.3926,72.3024,88.695
177.985,16.4435,75.5995,92.043
178.005,12.8112,73.3927,86.204
178.025,17.6974,74.5606,92.258
178.045,16.0445,74.9924,91.0369
178.065,16.7984,73.791,90.5894
178.085,16.9487,73.1563,90.105
178.105,14.7004,72.9426,87.6431
178.125,18.673,75.2864,93.9595
178.145,14.7809,74.7364,89.5173
178.165,15.8905,74.55,90.4406
178.185,18.4382,73.275,91.7132
178.205,18.3776,74.6112,92.9888
178.225,18.1559,74.3389,92.4949
178.245,15.0304,72.0751,87.1055
178.265,15.892,72.3526,88.2447
178.285,18.393,74.9563,93.3493
178.305,18.403,73.3545,91.7575
178.325,17.4917,73.6554,91.1471
178.345,19.0762,74.3886,93.4649
178.365,15.4821,73.0714,88.5535
178.385,16.3185,73.7625,90.0811
178.405,18.6173,73.7828,92.4
178.425,14.4306,74.2359,88.6665
178.445,15.8501,73.1827,89.0328
178.465,19.3423,72.7596,92.1019
178.485,14.3449,73.0373,87.3822
178.505,16.6609,73.8427,90.5036
178.525,16.438,73.2939,89.7318
178.545,18.0923,75.3131,93.4054
178.565,17.8297,73.7273,91.557
178.585,16.3463,72.8986,89.2449
178.605,18.2317,74.2898,92.5216
178.625,19.1388,73.0708,92.2096
178.645,14.2696,72.4771,86.7466
178.665,16.1707,72.6071,88.7779
178.685,16.3725,72.5071,88.8795
178.705,18.1247,73.7709,91.8957
178.725,16.9788,71.8447,88.8235
178.745,17.0666,73.2372,90.3038
178.765,13.9853,72.8412,86.8265
178.785,18.9102,74.4752,93.3854
178.805,15.8886,73.1223,89.011
178.825,17.3502,73.8608,91.211
178.845,14.2499,72.6564,86.9063
178.865,15.0957,71.3103,86.4059
178.885,15.6904,71.099,86.7894
178.905,15.7318,73.3435,89.0753
178.925,15.8505,73.7014,89.5519
178.945,17.4294,73.8366,91.2659
178.965,16.4931,73.8256,90.3188
178.985,16.863,73.379,90.242
179.005,14.5607,73.5072,88.0679
179.025,14.289,71.7706,86.0596
179.045,18.437,73.1215,91.5585
179.065,16.6649,73.471,90.1359
179.085,19.4838,73.0148,92.4985
179.105,18.1391,72.0585,90.1976
179.125,17.3168,72.8547,90.1715
179.145,17.8881,72.2455,90.1337
179.165,17.0858,72.3718,89.4577
179.185,17.9648,73.6313,91.5961
179.205,14.8187,72.7309,87.5496
179.225,18.8854,73.8885,92.7739
179.245,15.426,73.8417,89.2678
179.265,15.9507,74.4068,90.3575
179.285,16.1265,73.0641,89.1906
179.305,17.767,72.4318,90.1988
179.325,16.5273,71.9206,88.4479
179.345,14.9904,73.6651,88.6555
179.365,18.2507,70.89,89.1408
179.385,19.1013,72.2922,91.3934
179.405,16.2304,72.7586,88.989
179.425,17.834,71.6307,89.4647
179.445,16.7057,73.4225,90.1282
179.465,16.3899,73.8047,90.1946
179.485,16.2713,71.9412,88.2124
179.505,18.2747,73.5876,91.8623
179.525,13.944,72.3918,86.3357
179.545,15.6965,72.3399,88.0364
179.565,17.9346,72.8482,90.7828
179.585,17.298,74.1342,91.4322
179.605,16.1106,73.0105,89.1211
179.625,16.9882,72.9201,89.9083
179.645,16.7339,72.1191,88.853
179.665,15.1385,71.8035,86.942
179.685,15.9952,72.5749,88.57
179.705,15.8228,72.1256,87.9484
179.725,17.6012,71.7892,89.3904
179.745,17.8122,73.2748,91.0871
179.765,18.2535,72.4808,90.7343
179.785,16.1832,71.7668,87.95
179.805,16.0991,72.0865,88.1856
179.825,16.6127,73.2292,89.8418
179.845,15.2003,72.368,87.5683
179.865,16.8592,72.5431,89.4023
179.885,17.1684,71.7038,88.8721
179.905,16.5466,72.3282,88.8748
179.925,17.096,72.1069,89.203
179.945,17.4823,73.3823,90.8646
179.965,15.2668,70.1715,85.4383
179.985,19.4926,73.132,92.6245
180.005,15.4924,72.159,87.6514
180.025,16.9151,72.9946,89.9097
180.045,14.9645,71.8826,86.847
180.065,16.7135,73.0955,89.8089
180.085,14.3621,72.387,86.7491
180.105,16.0772,72.9894,89.0666
180.125,17.6196,71.224,88.8436
180.145,19.2841,72.6894,91.9734
180.165,16.3729,71.9596,88.3325
180.185,15.8585,70.6005,86.459
180.205,16.2806,71.8387,88.1193
180.225,18.2849,72.9295,91.2144
180.245,14.5617,71.8153,86.377
180.265,14.1248,71.5447,85.6695
180.285,15.7543,72.7778,88.5321
180.305,18.8949,73.0084,91.9033
180.325,14.7089,73.0666,87.7755
180.345,12.194,70.1752,82.3693
180.365,16.9048,72.7251,89.6299
180.385,17.6935,71.9162,89.6097
180.405,15.8777,72.0647,87.9424
180.425,16.0262,72.2093,88.2354
180.445,17.6563,70.9109,88.5672
180.465,16.2783,71.9785,88.2567
180.485,16.6202,72.7218,89.342
180.505,17.4898,73.1736,90.6634
180.525,13.2009,70.9014,84.1023
180.545,15.0344,72.463,87.4974
180.565,15.1765,70.9093,86.0858
180.585,16.8916,72.6053,89.4969
180.605,16.439,72.3401,88.7791
180.625,16.0955,70.6971,86.7926
180.645,18.5328,73.6796,92.2123
180.665,16.2235,72.45,88.6735
180.685,14.1567,72.8173,86.974
180.705,15.9128,72.3057,88.2184
180.725,16.4231,73.2755,89.6986
180.745,18.0726,72.5111,90.5837
180.765,14.6834,70.0694,84.7528
180.785,17.1799,72.319,89.4989
180.805,17.7085,72.8379,90.5464
180.825,16.8251,72.2674,89.0925
180.845,16.7855,71.7438,88.5293
180.865,15.4478,72.5408,87.9886
180.885,14.3262,70.2399,84.566
180.905,17.2858,70.4345,87.7203
180.925,17.4445,71.481,88.9255
180.945,15.0715,72.0984,87.1698
180.965,16.2719,70.9284,87.2003
180.985,20.1343,70.8122,90.9465
181.005,12.8024,71.7339,84.5363
181.025,13.4067,71.2679,84.6746
181.045,15.6486,70.6041,86.2527
181.065,17.4202,72.0786,89.4988
181.085,15.8456,71.3682,87.2139
181.105,17.8664,73.0655,90.9319
181.125,16.1414,72.2934,88.4348
181.145,15.6507,71.225,86.8757
181.165,16.4998,71.4158,87.9156
181.185,14.006,69.8571,83.8631
181.205,16.5639,70.6476,87.2116
181.225,16.0999,72.2832,88.3831
181.245,15.0143,72.3601,87.3744
181.265,14.4727,72.3709,86.8436
181.285,17.5397,70.8504,88.3901
181.305,15.8942,71.8151,87.7093
181.325,16.0239,72.2941,88.318
181.345,14.5329,71.6885,86.2214
181.365,16.7739,72.3395,89.1134
181.385,14.8981,72.8449,87.7431
181.405,15.528,71.4062,86.9342
181.425,16.889,71.9729,88.8619
181.445,15.6012,71.8143,87.4154
181.465,15.9374,72.7689,88.7063
181.485,15.5611,72.1614,87.7225
181.505,14.2984,69.6315,83.9299
181.525,15.1943,69.7133,84.9077
181.545,16.4288,71.5963,88.025
181.565,16.4025,71.9879,88.3904
181.585,13.8259,71.0839,84.9098
181.605,17.2301,70.9263,88.1564
181.625,18.3061,72.3535,90.6596
181.645,16.0875,71.1743,87.2619
181.665,14.7065,71.9705,86.677
181.685,13.9038,71.1668,85.0706
181.705,17.6989,70.7783,88.4772
181.725,17.1743,70.6885,87.8628
181.745,17.1284,71.3809,88.5093
181.765,15.3039,71.7173,87.0212
181.785,17.9222,71.2158,89.138
181.805,14.5077,71.0961,85.6038
181.825,15.8554,72.3441,88.1996
181.845,14.9134,71.478,86.3913
181.865,15.4162,71.6809,87.0972
181.885,14.2954,71.2407,85.5361
181.905,16.651,71.5125,88.1636
181.925,13.4133,70.1601,83.5735
181.945,16.4462,70.3636,86.8098
181.965,15.2032,70.3656,85.5688
181.985,15.721,71.1377,86.8586
182.005,13.7844,70.737,84.5214
182.025,16.1379,72.5243,88.6622
182.045,12.889,70.6686,83.5576
182.065,16.14,70.1464,86.2863
182.085,14.8221,71.3408,86.1629
182.105,16.2511,71.1525,87.4036
182.125,17.0065,72.1279,89.1344
182.145,15.2369,70.0923,85.3292
182.165,15.3898,72.0021,87.3919
182.185,13.7861,70.5327,84.3188
182.205,17.3954,71.1376,88.533
182.225,16.673,71.3752,88.0482
182.245,16.1759,70.1047,86.2806
182.265,11.6933,70.5118,82.205
182.285,18.5422,71.0048,89.547
182.305,16.3732,69.8858,86.2591
182.325,17.2036,71.2426,88.4461
182.345,17.2742,70.9402,88.2144
182.365,16.4238,70.6649,87.0887
182.385,14.9848,70.4045,85.3894
182.405,14.2964,70.6499,84.9463
182.425,17.3496,72.6098,89.9594
182.445,17.2689,69.7328,87.0016
182.465,16.9328,70.0593,86.9921
182.485,17.3709,70.3064,87.6773
182.505,13.7923,70.1679,83.9603
182.525,15.4752,69.5624,85.0375
182.545,16.3679,70.7493,87.1172
182.565,14.718,70.5267,85.2446
182.585,15.4275,69.6617,85.0893
182.605,18.4857,70.898,89.3837
182.625,17.3377,71.6492,88.9869
182.645,15.901,69.9317,85.8327
182.665,13.2744,69.2561,82.5305
182.685,14.7192,69.697,84.4162
182.705,16.7635,70.22,86.9835
182.725,15.6707,71.0687,86.7393
182.745,14.9789,70.3641,85.3429
182.765,14.5653,69.2488,83.8141
182.785,15.7454,71.3047,87.0501
182.805,15.5358,70.334,85.8698
182.825,16.5912,72.9968,89.5881
182.845,16.9999,71.2414,88.2414
182.865,15.869,69.8182,85.6872
182.885,15.9473,70.5248,86.472
182.905,16.348,70.0485,86.3965
182.925,13.7895,70.3343,84.1238
182.945,11.3359,69.225,80.5609
182.965,15.1625,69.8347,84.9972
182.985,18.1841,70.8111,88.9952
183.005,15.3965,69.7549,85.1514
183.025,13.5522,70.1064,83.6587
183.045,17.3488,69.501,86.8498
183.065,15.9341,70.2897,86.2237
183.085,15.5326,69.8558,85.3884
183.105,13.94,70.035,83.9751
183.125,15.9178,70.2762,86.194
183.145,15.69,70.8138,86.5038
183.165,18.7417,70.4088,89.1505
183.185,14.3956,70.4472,84.8428
183.205,15.8212,70.6146,86.4358
183.225,15.9941,69.259,85.2531
183.245,13.0421,68.7368,81.7788
183.265,14.656,68.3852,83.0411
183.285,18.6133,69.8887,88.5019
183.305,16.1914,68.2787,84.4701
183.325,15.0667,69.9314,84.9982
183.345,14.9104,70.3232,85.2335
183.365,16.9632,70.1459,87.109
183.385,15.6575,69.254,84.9115
183.405,16.044,70.0058,86.0498
183.425,12.8176,68.9489,81.7665
183.445,15.5783,71.4683,87.0466
183.465,15.5267,69.7034,85.2301
183.485,14.6075,70.0684,84.676
183.505,15.8338,70.848,86.6818
183.525,15.2106,69.4637,84.6743
183.545,14.2086,70.5558,84.7644
183.565,16.0815,69.394,85.4755
183.585,20.3422,71.2918,91.634
183.605,16.5593,69.9161,86.4754
183.625,15.9381,69.9847,85.9227
183.645,14.0572,69.918,83.9753
183.665,17.4419,69.5107,86.9526
183.685,15.2659,70.3858,85.6518
183.705,15.2908,70.2989,85.5897
183.725,15.7881,71.2181,87.0062
183.745,17.2761,70.0036,87.2796
183.765,13.8144,69.126,82.9404
183.785,16.0914,70.4514,86.5428
183.805,13.8145,69.7228,83.5373
183.825,13.9678,68.9745,82.9423
183.845,15.8181,70.8652,86.6833
183.865,15.5062,70.2187,85.7248
183.885,15.3132,70.035,85.3482
183.905,16.1907,71.0158,87.2065
183.925,17.6971,70.0706,87.7677
183.945,15.1855,71.1046,86.2902
183.965,15.448,70.7204,86.1684
183.985,14.0612,68.9551,83.0164
184.005,14.0798,69.7048,83.7846
184.025,15.0834,69.1143,84.1977
184.045,15.0119,69.4504,84.4623
184.065,15.2511,70.2366,85.4877
184.085,13.8994,69.3476,83.247
184.105,14.0256,69.0546,83.0802
184.125,16.5733,68.7306,85.3039
184.145,15.705,70.8858,86.5908
184.165,15.4075,68.2886,83.696
184.185,15.8658,70.2302,86.0961
184.205,17.3019,69.0754,86.3774
184.225,16.8074,69.3337,86.141
184.245,14.6653,70.1153,84.7806
184.265,15.5054,69.7376,85.243
184.285,13.5232,68.5461,82.0693
184.305,12.5755,70.5807,83.1563
184.325,14.2675,68.6372,82.9046
184.345,17.2671,70.1865,87.4537
184.365,14.6766,68.9632,83.6398
184.385,12.9407,68.2966,81.2373
184.405,14.4678,69.7532,84.221
184.425,15.5705,70.5349,86.1055
184.445,13.0759,69.4045,82.4804
184.465,13.9438,68.6547,82.5985
184.485,13.5434,68.4747,82.0181
184.505,14.1492,69.4376,83.5868
184.525,16.2591,69.2057,85.4649
184.545,16.6321,69.3798,86.0118
184.565,16.3081,68.6499,84.958
184.585,14.5657,68.7761,83.3418
184.605,15.9785,68.9237,84.9023
184.625,15.8124,67.1442,82.9566
184.645,15.7928,68.7377,84.5305
184.665,13.7433,68.0379,81.7812
184.685,15.6988,69.549,85.2478
184.705,14.4793,68.8148,83.2942
184.725,13.0673,68.4098,81.4772
184.745,13.033,69.1115,82.1445
184.765,15.9797,69.134,85.1138
184.785,15.2621,66.7102,81.9723
184.805,17.4475,69.6936,87.1411
184.825,13.842,69.47,83.312
184.845,16.591,67.9848,84.5758
184.865,15.0567,69.4786,84.5353
184.885,16.7695,68.4997,85.2693
184.905,16.1476,68.8731,85.0207
184.925,14.4852,69.3307,83.8159
184.945,16.6043,69.5749,86.1792
184.965,16.5409,67.4296,83.9705
184.985,14.9104,68.6713,83.5817
185.005,15.1554,69.309,84.4643
185.025,15.0712,68.2078,83.279
185.045,14.4529,69.1551,83.608
185.065,15.4597,68.8702,84.3299
185.085,14.0636,68.6095,82.6731
185.105,15.3387,68.6028,83.9414
185.125,12.5852,68.7985,81.3837
185.145,14.7897,69.0471,83.8368
185.165,16.8326,69.1117,85.9443
185.185,15.0985,68.7312,83.8297
185.205,14.988,68.5551,83.5431
185.225,15.7117,66.5037,82.2154
185.245,16.4794,69.5277,86.0072
185.265,17.9294,70.1736,88.1031
185.285,16.1983,68.2905,84.4888
185.305,13.9861,68.4636,82.4497
185.325,12.3131,67.5101,79.8231
185.345,14.4894,68.2628,82.7522
185.365,13.6879,67.1896,80.8775
185.385,15.6585,67.8258,83.4843
185.405,14.2821,68.1519,82.434
185.425,18.2723,67.5674,85.8397
185.445,14.8371,68.2262,83.0633
185.465,15.2969,66.7677,82.0645
185.485,16.0725,69.2367,85.3092
185.505,16.9836,68.9687,85.9523
185.525,15.2769,69.1697,84.4466
185.545,14.7649,67.1344,81.8992
185.565,15.5841,68.8633,84.4475
185.585,14.6487,68.5225,83.1711
185.605,12.3678,68.4652,80.833
185.625,14.7164,68.1942,82.9106
185.645,14.2498,67.7201,81.9699
185.665,16.9341,67.3358,84.27
185.685,13.5085,68.6321,82.1406
185.705,12.3863,67.0779,79.4642
185.725,16.8485,69.1201,85.9686
185.745,18.0572,66.9605,85.0177
185.765,14.6828,68.3835,83.0663
185.785,15.5171,68.5141,84.0313
185.805,15.9686,68.938,84.9066
185.825,15.299,68.0346,83.3336
185.845,14.2342,68.0238,82.258
185.865,14.6493,68.5727,83.222
185.885,15.0173,68.6942,83.7116
185.905,14.6078,66.9903,81.5981
185.925,13.1423,67.593,80.7353
185.945,12.0357,67.9304,79.9661
185.965,14.2698,67.57,81.8398
185.985,13.9576,67.4965,81.4541
186.005,16.1492,69.2218,85.3709
186.025,15.1529,68.9394,84.0923
186.045,14.9449,68.0845,83.0293
186.065,15.0925,68.0038,83.0962
186.085,15.7311,67.5225,83.2536
186.105,14.584,67.4847,82.0687
186.125,13.7191,66.921,80.6401
186.145,14.7466,68.5411,83.2877
186.165,15.3556,68.2179,83.5735
186.185,14.5883,68.1566,82.7449
186.205,14.6014,68.0335,82.6349
186.225,14.7673,67.865,82.6322
186.245,14.513,67.6961,82.2091
186.265,14.7319,68.7031,83.435
186.285,16.2463,69.1347,85.381
186.305,15.9472,68.7195,84.6667
186.325,13.6612,67.2108,80.872
186.345,16.4128,67.3227,83.7355
186.365,12.6007,67.6711,80.2718
186.385,12.9514,68.3451,81.2965
186.405,14.4286,67.9984,82.427
186.425,14.6102,67.1969,81.8071
186.445,15.8336,66.7762,82.6098
186.465,15.2472,68.04,83.2872
186.485,16.1043,68.314,84.4183
186.505,15.4462,68.0498,83.496
186.525,15.4456,68.6981,84.1437
186.545,15.3382,67.3998,82.738
186.565,16.5945,67.5447,84.1392
186.585,13.9918,67.8814,81.8733
186.605,13.5443,68.3568,81.9011
186.625,13.6946,67.0824,80.777
186.645,16.4067,67.5326,83.9393
186.665,14.2548,68.503,82.7578
186.685,12.6613,66.9304,79.5917
186.705,15.0353,67.4371,82.4724
186.725,14.0925,67.653,81.7455
186.745,14.4606,68.0939,82.5545
186.765,13.6926,66.6365,80.3292
186.785,14.9354,67.7068,82.6422
186.805,13.1648,65.978,79.1428
186.825,16.3598,67.1284,83.4883
186.845,14.1046,66.688,80.7926
186.865,15.7437,68.3118,84.0555
186.885,14.9656,68.8778,83.8434
186.905,15.2091,66.5898,81.7989
186.925,14.6408,66.7568,81.3976
186.945,13.2223,67.595,80.8173
186.965,16.0239,67.6971,83.721
186.985,12.7738,66.6117,79.3855
187.005,13.2963,65.993,79.2893
187.025,15.9292,65.7962,81.7254
187.045,14.4192,67.326,81.7452
187.065,16.6049,66.9505,83.5554
187.085,14.8473,66.1646,81.0119
187.105,13.7753,66.1511,79.9264
187.125,15.466,67.2237,82.6898
187.145,15.6373,67.1091,82.7464
187.165,16.7306,66.8799,83.6105
187.185,15.4642,66.2056,81.6698
187.205,15.6777,67.1297,82.8073
187.225,13.414,67.5123,80.9263
187.245,15.807,66.8777,82.6848
187.265,13.5493,68.0787,81.6281
187.285,13.8804,66.3493,80.2297
187.305,16.2385,67.3908,83.6293
187.325,13.0137,67.0645,80.0782
187.345,15.5317,66.9812,82.5129
187.365,12.6368,66.6292,79.2659
187.385,15.3039,66.9873,82.2912
187.405,14.1945,66.8942,81.0888
187.425,15.3877,65.9164,81.3041
187.445,16.3827,67.1777,83.5603
187.465,14.8469,67.0406,81.8875
187.485,14.3605,67.3109,81.6714
187.505,13.4428,66.3058,79.7486
187.525,14.5349,67.1147,81.6495
187.545,15.5513,66.6132,82.1646
187.565,16.6629,66.5766,83.2395
187.585,14.8888,67.6169,82.5057
187.605,16.0212,67.7183,83.7395
187.625,15.842,66.5382,82.3802
187.645,13.1755,67.1982,80.3737
187.665,15.3038,66.5996,81.9034
187.685,15.1419,65.5637,80.7056
187.705,14.313,66.7623,81.0753
187.725,13.4598,66.3294,79.7892
187.745,14.5616,66.8312,81.3928
187.765,17.1196,67.396,84.5156
187.785,13.0589,65.3322,78.3912
187.805,15.0553,65.0298,80.0851
187.825,14.8477,66.279,81.1267
187.845,13.6084,66.4607,80.0691
187.865,13.3525,66.458,79.8104
187.885,15.6934,66.3097,82.0031
187.905,12.8986,66.0515,78.95
187.925,15.1804,67.0936,82.274
187.945,14.2526,67.4566,81.7092
187.965,13.736,65.8808,79.6168
187.985,14.4157,66.2483,80.664
188.005,14.5312,66.4941,81.0253
188.025,13.8499,65.4847,79.3346
188.045,15.2382,66.7919,82.0301
188.065,15.0947,65.6099,80.7046
188.085,13.542,66.4881,80.0301
188.105,13.3498,67.4401,80.79
188.125,12.4007,67.0533,79.4541
188.145,15.4023,66.0027,81.405
188.165,17.7338,66.0745,83.8083
188.185,15.682,66.572,82.254
188.205,14.3617,67.1622,81.5239
188.225,16.4515,67.2636,83.7151
188.245,14.3689,66.4949,80.8638
188.265,13.9453,67.1674,81.1126
188.285,15.9196,66.979,82.8986
188.305,12.5231,66.4142,78.9372
188.325,13.6873,66.9132,80.6004
188.345,15.831,66.5935,82.4245
188.365,13.5925,66.9738,80.5664
188.385,13.6585,66.1626,79.8211
188.405,13.5059,65.7887,79.2946
188.425,13.0299,66.1467,79.1766
188.445,14.9018,66.5361,81.438
188.465,14.63,65.471,80.101
188.485,15.3933,66.9832,82.3765
188.505,14.6942,66.1898,80.884
188.525,11.8363,66.1628,77.999
188.545,15.3017,66.0868,81.3885
188.565,15.0877,66.0147,81.1024
188.585,13.752,66.4119,80.1639
188.605,13.7913,65.9833,79.7746
188.625,13.9519,66.8252,80.777
188.645,14.1321,65.773,79.9051
188.665,13.8182,65.1121,78.9302
188.685,16.4828,66.6994,83.1822
188.705,14.186,66.2259,80.4119
188.725,14.3698,65.9371,80.3069
188.745,14.7876,65.9781,80.7658
188.765,12.439,65.9077,78.3467
188.785,15.7039,66.3539,82.0579
188.805,12.7095,66.7476,79.4571
188.825,15.4019,65.4964,80.8983
188.845,13.975,65.9946,79.9696
188.865,15.7776,66.395,82.1726
188.885,14.8215,66.163,80.9846
188.905,14.3772,66.4777,80.8549
188.925,15.5986,65.8665,81.4651
188.945,16.4669,67.004,83.4709
188.965,12.2081,65.4194,77.6275
188.985,14.7506,66.0251,80.7757
189.005,10.5985,65.0483,75.6468
189.025,14.0899,65.5165,79.6064
189.045,14.0192,65.5655,79.5847
189.065,15.4185,66.1779,81.5964
189.085,14.138,64.7454,78.8833
189.105,15.1862,65.1811,80.3672
189.125,15.0546,66.13,81.1846
189.145,11.1561,64.3943,75.5504
189.165,14.3159,64.3737,78.6896
189.185,14.8879,65.8686,80.7565
189.205,15.8653,65.3027,81.1681
189.225,14.3613,65.9947,80.356
189.245,12.9024,65.6928,78.5952
189.265,14.5649,65.5756,80.1406
189.285,15.2794,65.0436,80.3229
189.305,14.8297,64.5506,79.3803
189.325,13.7421,65.5745,79.3166
189.345,14.7045,65.2751,79.9796
189.365,13.436,66.1722,79.6081
189.385,12.0265,64.2068,76.2333
189.405,14.2953,65.7169,80.0122
189.425,15.5761,64.5752,80.1513
189.445,14.4486,64.8954,79.344
189.465,17.1216,65.5643,82.686
189.485,15.4319,64.6025,80.0344
189.505,14.6069,66.1402,80.747
189.525,12.6554,65.5721,78.2275
189.545,13.1531,66.0556,79.2087
189.565,11.4943,65.0144,76.5088
189.585,13.554,65.5486,79.1025
189.605,13.6846,65.1892,78.8738
189.625,14.838,66.2113,81.0493
189.645,13.3233,66.3971,79.7204
189.665,12.1244,66.4288,78.5532
189.685,14.0535,64.4023,78.4558
189.705,12.8818,64.7752,77.6571
189.725,16.5619,65.4688,82.0308
189.745,14.6462,64.3827,79.0289
189.765,14.753,64.4372,79.1902
189.785,13.3467,65.4807,78.8274
189.805,13.1255,65.1659,78.2914
189.825,13.7986,65.1478,78.9464
189.845,13.7939,65.0556,78.8495
189.865,12.3901,65.8597,78.2498
189.885,14.6785,65.0386,79.7171
189.905,14.8248,65.2816,80.1064
189.925,15.5374,66.6571,82.1944
189.945,14.6029,66.0893,80.6922
189.965,14.1274,65.2914,79.4188
189.985,13.0145,65.8356,78.8501
190.005,13.6196,64.6381,78.2577
190.025,14.0194,64.0943,78.1137
190.045,14.2268,64.9943,79.2211
190.065,14.4552,64.6907,79.1459
190.085,14.183,65.9121,80.0951
190.105,13.2141,65.9082,79.1222
190.125,13.3817,65.0864,78.4681
190.145,13.1579,64.8161,77.974
190.165,12.143,64.8688,77.0118
190.185,15.7826,63.8421,79.6247
190.205,14.0066,65.3548,79.3615
190.225,14.3311,65.1087,79.4398
190.245,12.9565,65.3476,78.3042
190.265,13.8534,64.7563,78.6097
190.285,14.3824,64.1292,78.5116
190.305,14.7032,64.7282,79.4314
190.325,14.3537,65.2349,79.5886
190.345,13.9535,63.614,77.5675
190.365,12.5972,64.6354,77.2326
190.385,13.9726,65.6821,79.6548
190.405,14.1805,64.6535,78.834
190.425,14.101,64.9589,79.0599
190.445,15.3792,64.9899,80.3691
190.465,15.5116,64.2781,79.7897
190.485,13.602,64.6247,78.2267
190.505,14.8472,65.0648,79.912
190.525,15.6553,66.4376,82.0929
190.545,15.8292,64.782,80.6113
190.565,13.4383,65.2652,78.7036
190.585,11.8858,64.544,76.4298
190.605,13.327,65.3052,78.6322
190.625,14.8938,64.0084,78.9022
190.645,14.832,65.1671,79.999
190.665,13.2473,64.4406,77.6878
190.685,14.0318,63.9148,77.9466
190.705,12.9818,63.3459,76.3277
190.725,15.1459,64.6511,79.797
190.745,15.1491,64.8597,80.0088
190.765,12.9245,63.585,76.5095
190.785,12.6852,64.6302,77.3154
190.805,14.8348,65.1272,79.962
190.825,15.1499,66.5375,81.6874
190.845,11.6939,64.3627,76.0566
190.865,15.2237,64.8455,80.0692
190.885,11.8899,63.5064,75.3963
190.905,12.0792,64.8585,76.9377
190.925,12.9154,64.5921,77.5075
190.945,14.0455,64.5972,78.6426
190.965,13.2942,64.7462,78.0404
190.985,13.1568,63.9137,77.0704
191.005,12.7763,64.7339,77.5103
191.025,10.9361,64.394,75.3301
191.045,12.758,65.4016,78.1596
191.065,13.3658,64.0925,77.4584
191.085,14.7931,64.1309,78.9241
191.105,16.2076,64.9772,81.1848
191.125,14.1373,63.8686,78.0059
191.145,12.9972,63.9871,76.9844
191.165,14.4502,64.2479,78.6982
191.185,14.9532,64.0239,78.9771
191.205,13.1809,63.44,76.6209
191.225,13.5561,64.3219,77.878
191.245,13.0563,64.6357,77.692
191.265,13.3382,64.4543,77.7925
191.285,13.4099,63.4568,76.8667
191.305,13.9451,64.0916,78.0367
191.325,14.6633,65.6486,80.3119
191.345,13.2855,64.2391,77.5246
191.365,13.0587,63.2289,76.2876
191.385,14.043,64.7478,78.7908
191.405,10.1366,64.1684,74.3049
191.425,13.7677,64.4342,78.2019
191.445,11.7175,65.2531,76.9707
191.465,15.6402,63.8368,79.477
191.485,12.3929,62.7856,75.1785
191.505,14.9062,64.8605,79.7667
191.525,12.8731,63.9235,76.7966
191.545,14.8527,63.5888,78.4415
191.565,14.1104,64.9761,79.0865
191.585,13.1952,64.8116,78.0068
191.605,11.2131,63.3924,74.6055
191.625,12.2413,63.3012,75.5425
191.645,12.6239,64.615,77.2389
191.665,15.0119,63.7195,78.7314
191.685,12.5578,64.342,76.8998
191.705,14.8224,63.631,78.4535
191.725,13.5992,63.3708,76.97
191.745,11.6327,62.7069,74.3396
191.765,13.4487,63.4109,76.8595
191.785,13.9664,63.4896,77.4561
191.805,13.2208,62.1588,75.3796
191.825,14.7749,63.7501,78.5251
191.845,13.6356,64.6944,78.3299
191.865,12.5679,65.2131,77.781
191.885,14.0289,64.081,78.1099
191.905,12.8781,64.6933,77.5715
191.925,13.7254,63.747,77.4724
191.945,13.9809,64.3702,78.351
191.965,13.2958,63.6932,76.9889
191.985,13.0471,62.5281,75.5753
192.005,15.9966,63.9199,79.9165
192.025,11.2409,63.1725,74.4134
192.045,14.59,63.2575,77.8475
192.065,13.7941,62.8001,76.5942
192.085,12.2606,63.1107,75.3713
192.105,12.3669,64.0941,76.461
192.125,13.5437,64.2218,77.7654
192.145,14.5572,64.4406,78.9979
192.165,13.4396,64.4185,77.8581
192.185,12.5746,63.0145,75.5891
192.205,12.8057,63.4526,76.2583
192.225,12.7376,63.2972,76.0349
192.245,12.8131,61.8862,74.6994
192.265,13.442,63.2727,76.7147
192.285,13.7389,62.9672,76.7061
192.305,14.4614,63.6904,78.1518
192.325,14.8217,64.3306,79.1523
192.345,14.8814,63.9716,78.853
192.365,12.2979,62.7652,75.0631
192.385,15.4368,63.3359,78.7728
192.405,13.3877,64.0181,77.4059
192.425,12.3012,63.177,75.4781
192.445,14.7017,64.9444,79.646
192.465,12.8784,63.0057,75.8841
192.485,15.0317,63.8828,78.9145
192.505,13.6457,63.8688,77.5146
192.525,13.8681,62.0323,75.9004
192.545,12.307,63.2766,75.5836
192.565,12.1453,63.9516,76.0969
192.585,12.5439,62.7215,75.2654
192.605,10.7934,62.8395,73.6328
192.625,13.4323,62.759,76.1912
192.645,13.0536,64.4605,77.5141
192.665,12.3745,63.2093,75.5838
192.685,14.4059,62.6933,77.0992
192.705,12.5674,62.6997,75.2671
192.725,13.9532,63.3788,77.332
192.745,12.2781,62.8465,75.1246
192.765,13.9675,63.3398,77.3073
192.785,12.8878,63.4854,76.3732
192.805,14.5195,63.489,78.0085
192.825,15.1746,62.8464,78.021
192.845,12.3437,64.7863,77.13
192.865,15.2653,63.6577,78.923
192.885,15.7056,62.6601,78.3657
192.905,14.0077,62.9258,76.9335
192.925,13.8221,63.2675,77.0896
192.945,14.0774,63.4039,77.4813
192.965,12.3975,62.8654,75.2629
192.985,13.2572,62.3326,75.5898
193.005,12.0589,63.9288,75.9877
193.025,13.7684,62.4196,76.188
193.045,11.77,63.0988,74.8688
193.065,15.8027,63.5321,79.3348
193.085,12.9035,63.6402,76.5437
193.105,11.8211,62.4324,74.2535
193.125,13.2494,62.668,75.9174
193.145,12.1875,63.2938,75.4813
193.165,12.9959,62.2115,75.2073
193.185,12.8257,62.8741,75.6998
193.205,12.1447,62.6759,74.8206
193.225,14.1315,62.9502,77.0817
193.245,13.2017,63.3167,76.5184
193.265,12.2482,61.1499,73.398
193.285,13.1546,63.3413,76.4958
193.305,12.188,62.3013,74.4893
193.325,11.2362,62.4155,73.6516
193.345,15.6341,62.4526,78.0867
193.365,13.4144,63.9188,77.3332
193.385,14.7469,63.8614,78.6083
193.405,11.2934,62.4699,73.7633
193.425,13.1735,62.6662,75.8397
193.445,12.5192,62.0279,74.5471
193.465,13.1199,62.0554,75.1753
193.485,15.104,63.111,78.2149
193.505,13.0899,62.8845,75.9744
193.525,12.4933,61.9215,74.4148
193.545,14.4249,62.3845,76.8094
193.565,11.9959,62.822,74.818
193.585,13.0606,63.4216,76.4822
193.605,15.0047,62.3169,77.3216
193.625,12.6443,62.1412,74.7854
193.645,15.1165,63.3458,78.4623
193.665,13.4875,63.3934,76.8809
193.685,12.2364,61.643,73.8794
193.705,14.0971,62.4262,76.5233
193.725,10.8705,62.4987,73.3692
193.745,14.1481,61.4888,75.6369
193.765,11.1493,62.9007,74.05
193.785,11.7921,62.092,73.8842
193.805,13.3855,62.1736,75.5591
193.825,14.2404,62.413,76.6534
193.845,13.7611,63.5886,77.3498
193.865,13.4027,63.321,76.7237
193.885,12.6385,61.8162,74.4546
193.905,15.0897,63.2172,78.3069
193.925,12.7924,61.53,74.3224
193.945,15.3228,63.0294,78.3521
193.965,14.3725,62.2969,76.6694
193.985,12.0815,62.8065,74.888
194.005,12.4624,62.2317,74.6941
194.025,13.9368,62.8646,76.8013
194.045,12.5843,60.7022,73.2865
194.065,13.5517,61.9725,75.5242
194.085,12.325,61.9393,74.2644
194.105,12.2456,61.6061,73.8517
194.125,13.1312,61.9929,75.1242
194.145,13.402,62.7848,76.1868
194.165,13.4643,61.9778,75.4422
194.185,10.0166,62.1565,72.1731
194.205,12.938,61.3615,74.2995
194.225,13.0332,63.0191,76.0523
194.245,11.7318,61.9509,73.6827
194.265,11.8593,62.0119,73.8712
194.285,13.8297,61.2204,75.0501
194.305,12.7683,62.4344,75.2028
194.325,13.0929,63.22,76.313
194.345,12.3729,63.864,76.2369
194.365,14.6095,62.2135,76.8231
194.385,14.4492,62.2982,76.7474
194.405,12.4471,61.1294,73.5765
194.425,11.5824,59.7793,71.3616
194.445,13.7165,61.3963,75.1128
194.465,13.1377,61.2931,74.4307
194.485,12.4255,60.4429,72.8684
194.505,10.7349,62.8703,73.6051
194.525,12.6026,61.1654,73.7681
194.545,11.8564,61.3333,73.1897
194.565,13.9049,62.3644,76.2692
194.585,12.1626,61.5648,73.7274
194.605,12.6916,60.0959,72.7874
194.625,13.3103,61.4028,74.7131
194.645,12.8234,60.9463,73.7697
194.665,13.0222,61.1358,74.158
194.685,13.3197,61.3515,74.6711
194.705,13.7735,62.0741,75.8476
194.725,15.1723,60.7755,75.9479
194.745,12.8045,62.5944,75.3989
194.765,14.3091,61.1029,75.412
194.785,11.8166,61.4798,73.2964
194.805,13.7317,62.2416,75.9733
194.825,14.1067,61.2074,75.3141
194.845,15.1785,62.3447,77.5232
194.865,12.4133,61.6227,74.036
194.885,13.7011,61.5494,75.2505
194.905,14.8194,62.001,76.8205
194.925,11.6135,61.686,73.2995
194.945,13.3865,60.8111,74.1976
194.965,10.7966,61.2727,72.0692
194.985,11.4853,60.5124,71.9977
195.005,14.03,60.8908,74.9208
195.025,10.8934,60.7515,71.6449
195.045,10.8846,60.2002,71.0848
195.065,12.7175,61.9594,74.6769
195.085,13.4504,60.3904,73.8408
195.105,14.329,61.0343,75.3633
195.125,12.5547,62.1102,74.665
195.145,12.4002,61.3941,73.7943
195.165,11.8844,62.3725,74.257
195.185,12.3435,60.9766,73.3201
195.205,13.1259,61.3468,74.4726
195.225,12.373,61.4019,73.7749
195.245,12.7512,61.1711,73.9223
195.265,11.6876,60.4217,72.1093
195.285,12.1807,60.5973,72.778
195.305,13.0635,62.4412,75.5046
195.325,11.1293,60.9906,72.1198
195.345,12.6854,60.9373,73.6227
195.365,11.7578,60.6293,72.3871
195.385,14.5344,62.49,77.0244
195.405,13.2794,61.4278,74.7072
195.425,12.7199,61.6043,74.3242
195.445,13.0762,60.5801,73.6563
195.465,9.79658,59.6457,69.4423
195.485,14.9483,61.545,76.4933
195.505,14.1915,60.8204,75.0119
195.525,11.5402,60.3973,71.9375
195.545,10.5632,61.7592,72.3224
195.565,13.4046,62.0695,75.4742
195.585,11.6661,60.8396,72.5057
195.605,11.0944,60.3192,71.4136
195.625,13.386,62.4201,75.8062
195.645,13.387,61.9876,75.3746
195.665,10.8651,59.5873,70.4525
195.685,14.4829,60.9252,75.4081
195.705,13.3395,61.4097,74.7493
195.725,12.2214,60.6823,72.9037
195.745,11.8051,59.2654,71.0705
195.765,13.0982,60.5175,73.6158
195.785,12.1317,61.4913,73.623
195.805,12.3531,61.4697,73.8228
195.825,13.4991,61.7063,75.2054
195.845,12.9126,61.3796,74.2922
195.865,10.6796,59.7738,70.4534
195.885,12.834,60.5144,73.3483
195.905,13.944,60.4867,74.4307
195.925,13.1345,60.4917,73.6262
195.945,12.956,61.5111,74.467
195.965,10.999,59.8795,70.8785
195.985,14.451,60.812,75.263
196.005,13.4151,61.2147,74.6299
196.025,10.3708,60.5333,70.9041
196.045,12.1135,61.0374,73.1509
196.065,12.2464,60.6966,72.943
196.085,12.599,61.258,73.857
196.105,11.3204,61.1572,72.4775
196.125,13.9647,60.3275,74.2922
196.145,12.4669,60.6767,73.1436
196.165,12.6612,60.4881,73.1493
196.185,13.5746,59.9489,73.5235
196.205,12.2869,60.0694,72.3563
196.225,12.5152,61.3499,73.8651
196.245,11.6626,60.0321,71.6947
196.265,11.5015,60.7618,72.2633
196.285,11.0466,59.7357,70.7823
196.305,13.2981,60.1061,73.4042
196.325,13.3564,61.1129,74.4693
196.345,13.0587,60.5254,73.5842
196.365,12.1063,60.2807,72.387
196.385,13.1117,60.1828,73.2945
196.405,12.3064,59.9196,72.226
196.425,11.8188,60.4273,72.2462
196.445,10.4395,59.0744,69.5139
196.465,11.06,61.4772,72.5372
196.485,11.2634,59.812,71.0755
196.505,13.9363,60.5226,74.4589
196.525,13.0415,61.016,74.0575
196.545,13.2937,60.7999,74.0936
196.565,13.1051,59.691,72.7961
196.585,11.1418,59.8373,70.9791
196.605,13.4004,60.2734,73.6738
196.625,11.8216,60.4715,72.2931
196.645,11.3646,60.7676,72.1322
196.665,12.5798,60.316,72.8958
196.685,12.9688,60.2042,73.173
196.705,12.3014,59.9151,72.2165
196.725,11.097,59.9671,71.0641
196.745,12.7857,60.3888,73.1745
196.765,14.6326,60.6404,75.273
196.785,11.8152,59.9509,71.7661
196.805,13.5597,60.5986,74.1583
196.825,10.4805,59.5362,70.0167
196.845,15.3126,59.3081,74.6207
196.865,12.1983,60.2056,72.4038
196.885,11.5065,60.1743,71.6807
196.905,13.4658,60.6363,74.1021
196.925,13.1284,60.0541,73.1825
196.945,12.2028,58.9876,71.1905
196.965,11.5276,60.3284,71.856
196.985,12.951,60.4653,73.4163
197.005,11.8205,58.7951,70.6156
197.025,9.71037,59.2156,68.9259
197.045,11.1469,60.5602,71.7071
197.065,13.0091,59.7766,72.7857
197.085,13.6262,59.2385,72.8648
197.105,13.3937,59.8792,73.273
197.125,12.0038,59.3558,71.3596
197.145,12.777,58.7541,71.5311
197.165,13.112,59.4244,72.5363
197.185,10.3774,59.0504,69.4278
197.205,13.4035,60.7451,74.1487
197.225,12.0843,59.6585,71.7428
197.245,13.5525,59.6612,73.2137
197.265,13.1133,59.1175,72.2308
197.285,11.505,60.4512,71.9562
197.305,13.3982,60.1136,73.5118
197.325,11.8154,59.9271,71.7425
197.345,10.4555,60.2533,70.7088
197.365,12.1824,59.739,71.9214
197.385,13.9413,60.8939,74.8352
197.405,10.7366,60.5886,71.3252
197.425,12.6157,59.7031,72.3188
197.445,11.5449,59.9322,71.4772
197.465,11.1059,60.0398,71.1457
197.485,13.6334,60.6306,74.264
197.505,12.5782,59.2724,71.8506
197.525,10.6917,59.5063,70.198
197.545,13.1382,60.3109,73.4491
197.565,13.6616,59.1594,72.821
197.585,10.1112,59.6068,69.718
197.605,13.4809,59.7058,73.1867
197.625,11.6232,59.5789,71.2021
197.645,13.9777,59.4732,73.4508
197.665,13.1419,59.5069,72.6488
197.685,10.7049,59.6129,70.3178
197.705,11.7558,59.5909,71.3466
197.725,13.7288,60.1073,73.8361
197.745,10.9929,60.0694,71.0623
197.765,12.5799,59.8262,72.4061
197.785,12.4812,60.3856,72.8667
197.805,9.74946,59.3371,69.0865
197.825,13.5661,59.59,73.1561
197.845,12.6758,59.6287,72.3044
197.865,11.4747,60.0086,71.4833
197.885,11.3495,60.0819,71.4314
197.905,11.3785,59.2842,70.6626
197.925,15.4288,59.0058,74.4346
197.945,9.92649,60.2276,70.154
197.965,12.4378,59.3414,71.7792
197.985,10.9333,59.5323,70.4657
198.005,10.7739,58.3731,69.1469
198.025,12.0799,58.7984,70.8782
198.045,11.658,59.6738,71.3318
198.065,12.2938,58.625,70.9189
198.085,11.4096,59.6311,71.0407
198.105,11.6207,59.3901,71.0109
198.125,12.1289,58.935,71.0639
198.145,11.6872,59.346,71.0332
198.165,12.4504,58.0397,70.4901
198.185,13.0237,59.3661,72.3898
198.205,12.5532,59.0717,71.625
198.225,11.9148,60.4184,72.3332
198.245,13.802,58.5104,72.3124
198.265,12.7294,58.483,71.2124
198.285,10.8354,58.8147,69.6502
198.305,11.5284,58.5483,70.0767
198.325,14.2369,59.9053,74.1422
198.345,11.6724,59.0529,70.7254
198.365,11.5152,59.1145,70.6296
198.385,11.8383,59.1949,71.0331
198.405,13.3454,59.5964,72.9419
198.425,11.6753,59.4892,71.1645
198.445,10.967,59.6283,70.5953
198.465,10.0948,59.5524,69.6473
198.485,10.981,59.0294,70.0105
198.505,13.1213,59.1888,72.3101
198.525,10.446,59.4691,69.9151
198.545,11.8372,58.4533,70.2905
198.565,10.454,58.3562,68.8102
198.585,13.7287,58.9438,72.6725
198.605,12.7654,60.0447,72.8101
198.625,12.7631,59.0807,71.8438
198.645,12.4641,58.969,71.4331
