Time(ns),Ie(fC/ns),Ih(fC/ns),It(fC/ns)
0,-81.5133,-79.0557,-160.569
0.0001,369.909,294.089,663.998
0.0002,-427.301,-330.697,-757.997
0.0003,385.84,302.353,688.193
0.0004,-421.547,-330.03,-751.577
0.0005,81.75,63.0057,144.756
0.0006,35.4544,31.663,67.1174
0.0007,404.533,320.077,724.61
0.0008,-422.352,-334.529,-756.881
0.0009,242.124,178.952,421.076
0.001,-30.2236,-36.2328,-66.4564
0.0011,-281.522,-236.872,-518.395
0.0012,314.944,265.5,580.445
0.0013,-229.107,-194.798,-423.905
0.0014,336.813,271.66,608.473
0.0015,-196.494,-141.763,-338.257
0.0016,1.78314,8.15764,9.94078
0.0017,-7.8636,-10.2578,-18.1214
0.0018,5.00389,5.94359,10.9475
0.0019,-3.7384,-4.32391,-8.06231
0.002,15.4059,14.8276,30.2335
0.0021,384.521,307.348,691.869
0.0022,-415.778,-325.689,-741.467
0.0023,399.892,318.398,718.29
0.0024,-405.072,-317.919,-722.991
0.0025,408.802,326.773,735.576
0.0026,-404.776,-319.229,-724.005
0.0027,416.973,328.695,745.669
0.0028,-400.029,-316.629,-716.658
0.0029,418.634,330.958,749.593
0.003,-389.568,-303.768,-693.336
0.0031,412.86,325.399,738.259
0.0032,-390.388,-302.126,-692.514
0.0033,349.193,290.281,639.475
0.0034,-396.982,-304.077,-701.059
0.0035,409.789,320.569,730.358
0.0036,-288.489,-225.483,-513.972
0.0037,17.023,12.6855,29.7085
0.0038,-31.2112,-13.7546,-44.9658
0.0039,22.7945,20.7603,43.5547
0.004,-5.24859,8.88928,3.64069
0.0041,19.7657,23.1306,42.8963
0.0042,-1.4149,9.3611,7.9462
0.0043,25.6521,16.091,41.7431
0.0044,7.32788,8.62521,15.9531
0.0045,15.335,9.00255,24.3376
0.0046,8.85543,7.09,15.9454
0.0047,13.399,2.38522,15.7842
0.0048,54.2975,64.5853,118.883
0.0049,-311.223,-253.078,-564.301
0.005,245.077,215.815,460.892
0.0051,-282.135,-236.975,-519.11
0.0052,-16.8077,-12.5047,-29.3125
0.0053,-228.642,-202.456,-431.098
0.0054,351.037,284.851,635.887
0.0055,-233.663,-208.674,-442.337
0.0056,-5.05304,-5.90547,-10.9585
0.0057,-145.726,-137.619,-283.345
0.0058,357.559,287.819,645.378
0.0059,403.601,319.843,723.444
0.006,4.78305,-2.03105,2.752
0.0061,369.309,295.161,664.47
0.0062,-363.318,-294.701,-658.019
0.0063,377.542,303.636,681.178
0.0064,-363.001,-278.714,-641.715
0.0065,381.429,301.907,683.336
0.0066,-367.182,-290.677,-657.859
0.0067,402.513,321.404,723.917
0.0068,-370.992,-291.944,-662.936
0.0069,383.556,305.795,689.351
0.007,-367.044,-292.213,-659.257
0.0071,394.572,317.395,711.968
0.0072,-364.126,-287.358,-651.484
0.0073,395.475,320.344,715.819
0.0074,-49.4266,-34.1205,-83.5471
0.0075,-246.564,-210.411,-456.974
0.0076,-222.145,-189.687,-411.832
0.0077,-161.978,-146.424,-308.402
0.0078,-59.1824,-56.5817,-115.764
0.0079,-60.3774,-59.6331,-120.011
0.008,-18.8183,-20.8116,-39.63
0.0081,-40.4891,-46.337,-86.8261
0.0082,23.7221,23.8546,47.5767
0.0083,-49.0811,-46.3937,-95.4748
0.0084,27.3199,25.1066,52.4265
0.0085,6.89315,-0.575948,6.3172
0.0086,24.6199,16.3307,40.9506
0.0087,88.539,81.6669,170.206
0.0088,66.5681,63.1205,129.689
0.0089,35.0796,38.4968,73.5763
0.009,89.6951,84.3028,173.998
0.0091,21.4203,18.1096,39.5299
0.0092,102.899,98.4127,201.312
0.0093,-5.7852,-3.23244,-9.01764
0.0094,115.075,110.895,225.97
0.0095,7.12131,3.29192,10.4132
0.0096,97.5074,97.2823,194.79
0.0097,11.3971,1.56925,12.9663
0.0098,91.9073,87.9441,179.851
0.0099,1.43557,-6.64264,-5.20707
0.01,-67.5331,-67.3369,-134.87
0.0101,-166.58,-143.478,-310.058
0.0102001,17.7611,7.53259,25.2937
0.0103003,-39.6821,-45.4991,-85.1812
0.0104005,-63.3724,-65.1218,-128.494
0.0105009,123.643,102.586,226.229
0.0106014,-14.0266,-20.9265,-34.9531
0.0107019,92.5272,78.652,171.179
0.0108026,5.72906,-2.32946,3.3996
0.0109033,98.443,93.3434,191.786
0.0110041,-28.2125,-31.4568,-59.6692
0.011105,122.477,113.5,235.977
0.011206,-28.4123,-29.6072,-58.0195
0.0113071,123.376,108.697,232.073
0.0114083,-18.4757,-24.1044,-42.5801
0.0115096,79.6283,64.2791,143.907
0.011611,83.5816,70.2614,153.843
0.0117124,-20.6868,-24.3527,-45.0395
0.011814,95.9728,85.4066,181.379
0.0119156,-18.9721,-21.1644,-40.1365
0.0120174,142.43,127.114,269.545
0.0121192,-350.908,-280.195,-631.103
0.0122211,-205.343,-168.15,-373.492
0.0123231,175.327,156.464,331.791
0.0124253,142.561,133.776,276.337
0.0125275,-10.1946,0.489555,-9.70503
0.0126298,250.292,214.123,464.415
0.0127322,-290.824,-251.11,-541.934
0.0128346,277.739,228.968,506.707
0.0129372,-42.6567,-45.3898,-88.0465
0.0130399,255.524,208.926,464.45
0.0131426,-338.606,-274.056,-612.662
0.0132455,252.844,207.37,460.214
0.0133485,-67.0225,-64.8117,-131.834
0.0134515,-301.897,-245.594,-547.491
0.0135546,366.782,295.601,662.383
0.0136579,-394.697,-326.144,-720.841
0.0137612,370.108,298.287,668.395
0.0138646,-378.447,-308.059,-686.506
0.0139681,251.757,233.444,485.201
0.0140717,-303.523,-250.515,-554.039
0.0141754,295.804,276.935,572.739
0.0142792,-281.589,-232.158,-513.748
0.0143831,269.686,253.348,523.034
0.0144871,-197.322,-174.538,-371.86
0.0145912,242.512,223.129,465.641
0.0146954,-190.08,-168.525,-358.606
0.0147996,286.215,257.439,543.653
0.014904,-173.57,-161.526,-335.096
0.0150084,287.342,250.54,537.882
0.015113,-193.031,-178.152,-371.183
0.0152176,286.326,249.568,535.894
0.0153224,-171.845,-155.09,-326.935
0.0154272,301.97,260.57,562.54
0.0155322,-290.468,-245.301,-535.768
0.0156372,307.646,265.67,573.316
0.0157423,272.562,246.193,518.754
0.0158475,-388.937,-313.719,-702.656
0.0159529,315.715,276.969,592.684
0.0160583,-278.587,-240.544,-519.131
0.0161638,307.363,270.393,577.756
0.0162694,251.449,221.405,472.854
0.0163751,-374.696,-299.098,-673.794
0.0164809,296.597,262.947,559.544
0.0165868,-228.123,-199.318,-427.442
0.0166928,314.679,272.435,587.114
0.0167988,-229.755,-203,-432.755
0.016905,308.603,270.161,578.764
0.0170113,-165.851,-155.969,-321.82
0.0171177,300.712,265.535,566.247
0.0172241,-345.757,-284.114,-629.871
0.0173307,298.145,262.805,560.949
0.0174374,280.162,247.941,528.103
0.0175441,85.3143,51.9322,137.246
0.017651,224.032,188.902,412.934
0.0177579,136.509,109.076,245.585
0.017865,41.0275,34.9951,76.0226
0.0179721,-6.17049,-4.26504,-10.4355
0.0180794,92.9203,79.0459,171.966
0.0181867,-214.697,-178.994,-393.692
0.0182942,186.12,167.299,353.419
0.0184017,63.4288,60.3034,123.732
0.0185094,-183.485,-164.436,-347.92
0.0186171,115.803,106.535,222.338
0.0187249,84.8095,69.7185,154.528
0.0188329,-60.9843,-57.6461,-118.63
0.0189409,45.4292,39.9279,85.3572
0.019049,54.6799,44.3857,99.0656
0.0191572,-3.8207,-6.06982,-9.89053
0.0192656,94.1472,81.9407,176.088
0.019374,-171.702,-153.861,-325.563
0.0194825,172.649,146.993,319.643
0.0195911,59.656,62.6025,122.259
0.0196999,47.4437,52.5059,99.9497
0.0198087,35.7756,38.813,74.5886
0.0199176,35.6358,37.9673,73.6031
0.0200266,59.3406,56.592,115.933
0.0201357,45.3767,41.5197,86.8964
0.0202449,-360.888,-297.514,-658.402
0.0203543,-351.956,-294.03,-645.986
0.0204637,75.6404,67.0863,142.727
0.0205732,-29.9292,-31.7351,-61.6643
0.0206828,39.6676,32.1932,71.8608
0.0207925,-4.15933,-6.14293,-10.3023
0.0209023,43.0197,34.3972,77.4169
0.0210122,7.01699,0.76606,7.78305
0.0211222,55.4592,52.0559,107.515
0.0212323,3.0459,-4.10748,-1.06158
0.0213426,51.5267,46.959,98.4857
0.0214529,-17.3988,-15.2882,-32.687
0.0215633,54.8047,47.6745,102.479
0.0216738,-13.0698,-21.4175,-34.4874
0.0217844,50.3092,44.3939,94.7031
0.0218951,-12.2594,-14.9389,-27.1982
0.0220059,51.1429,46.0812,97.2241
0.0221168,1.80749,-7.40696,-5.59948
0.0222279,48.0473,43.9463,91.9936
0.022339,11.2444,-1.04305,10.2014
0.0224502,50.5717,45.2536,95.8253
0.0225615,8.29377,-0.417235,7.87653
0.0226729,56.012,46.3913,102.403
0.0227845,18.0678,4.46354,22.5313
0.0228961,57.2584,49.1638,106.422
0.0230078,26.9639,15.1719,42.1358
0.0231196,52.1813,41.5784,93.7597
0.0232316,38.9598,24.4583,63.4181
0.0233436,53.6866,38.3495,92.0362
0.0234557,46.8732,29.0085,75.8817
0.0235679,50.6024,34.618,85.2204
0.0236803,53.144,35.2601,88.4041
0.0237927,49.7995,34.7909,84.5904
0.0239053,59.8834,38.3377,98.2211
0.0240179,58.7623,44.8621,103.624
0.0241306,63.5839,42.6431,106.227
0.0242435,60.3305,46.5451,106.876
0.0243564,62.0421,44.8055,106.848
0.0244695,63.9293,49.6968,113.626
0.0245826,72.5371,50.1122,122.649
0.0246959,70.3794,49.6423,120.022
0.0248093,72.8263,45.9368,118.763
0.0249227,56.3328,32.6656,88.9984
0.0250363,78.308,55.6438,133.952
0.02515,71.9334,55.9267,127.86
0.0252637,83.2078,62.2946,145.502
0.0253776,46.6113,28.8197,75.431
0.0254916,-421.692,-344.068,-765.761
0.0256057,-391.025,-325.02,-716.045
0.0257199,-229.527,-198.57,-428.097
0.0258341,-234.968,-203.57,-438.538
0.0259485,-213.759,-191.426,-405.185
0.026063,-202.144,-185.955,-388.1
0.0261776,-151.91,-148.354,-300.264
0.0262923,-54.6599,-61.9941,-116.654
0.0264072,-134.204,-131.311,-265.515
0.0265221,206.969,172.224,379.193
0.0266371,-186.479,-176.932,-363.411
0.0267522,87.5374,74.1883,161.726
0.0268674,-180.731,-169.373,-350.105
0.0269828,383.547,305.439,688.986
0.0270982,-181.483,-169.31,-350.794
0.0272138,-129.681,-128.502,-258.183
0.0273294,409.596,327.371,736.967
0.0274452,-203.934,-189.148,-393.082
0.027561,399.385,338.316,737.701
0.027677,399.402,341.185,740.587
0.0277931,382.75,327.683,710.433
0.0279092,364.113,312.46,676.573
0.0280255,296.485,254.775,551.26
0.0281419,182.026,159.952,341.978
0.0282584,-224.878,-194.055,-418.933
0.028375,261.729,231.121,492.85
0.0284917,118.075,100.828,218.903
0.0286085,-318.145,-260.885,-579.031
0.0287254,289.256,254.683,543.939
0.0288424,272.06,234.941,507.001
0.0289596,-414.056,-316.207,-730.263
0.0290768,253.738,221.251,474.989
0.0291942,164.711,145.993,310.704
0.0293116,131.689,105.213,236.903
0.0294292,109.288,83.5648,192.853
0.0295468,77.026,60.199,137.225
0.0296646,90.0014,68.4744,158.476
0.0297825,71.6175,53.4539,125.071
0.0299005,64.7406,53.8613,118.602
0.0300185,53.2828,48.2391,101.522
0.0301367,79.8561,69.0949,148.951
0.0302551,65.3378,51.0516,116.389
0.0303735,43.3825,32.3168,75.6993
0.030492,-17.3021,-25.7813,-43.0835
0.0306106,155.89,137.648,293.538
0.0307294,-11.336,-19.4429,-30.7789
0.0308482,134.158,110.411,244.569
0.0309672,-5.29113,-12.4995,-17.7906
0.0310862,110.185,94.3229,204.508
0.0312054,1.42086,-6.01812,-4.59725
0.0313247,104.205,87.5047,191.709
0.031444,9.54101,-3.33901,6.202
0.0315635,103.874,90.6817,194.556
0.0316831,5.17228,-7.42248,-2.2502
0.0318029,97.7133,77.6722,175.386
0.0319227,12.8526,-0.782451,12.0702
0.0320426,91.4243,75.2869,166.711
0.0321626,12.0933,-1.79655,10.2968
0.0322828,98.5383,72.7039,171.242
0.032403,14.2681,0.741248,15.0093
0.0325234,93.6218,66.386,160.008
0.0326439,33.8263,12.5462,46.3724
0.0327645,98.1418,79.0479,177.19
0.0328852,39.4572,17.4753,56.9326
0.033006,84.8632,59.5993,144.462
0.0331269,40.6681,20.6567,61.3248
0.0332479,89.4152,67.8669,157.282
0.033369,51.5045,25.3156,76.82
0.0334903,87.0104,61.8281,148.838
0.0336116,55.5541,30.74,86.2941
0.0337331,96.3497,68.7062,165.056
0.0338547,56.4961,31.4704,87.9665
0.0339764,85.4321,58.6026,144.035
0.0340982,63.7081,35.7987,99.5068
0.0342201,97.8914,70.3685,168.26
0.0343421,67.699,38.7295,106.429
0.0344642,90.6389,65.8295,156.468
0.0345865,76.0995,46.6965,122.796
0.0347088,93.0026,61.0693,154.072
0.0348313,87.2127,53.5563,140.769
0.0349539,84.793,52.1923,136.985
0.0350765,90.431,59.1583,149.589
0.0351993,91.6012,62.6023,154.203
0.0353222,91.019,59.9277,150.947
0.0354453,87.7122,54.7407,142.453
0.0355684,96.5529,62.2204,158.773
0.0356916,89.5396,59.2826,148.822
0.035815,100.73,71.7158,172.446
0.0359385,87.496,49.0779,136.574
0.036062,106.44,75.3444,181.784
0.0361857,79.1804,47.222,126.402
0.0363095,118.95,89.0224,207.973
0.0364335,82.0924,49.3796,131.472
0.0365575,125.379,92.3567,217.736
0.0366816,83.1271,51.2104,134.338
0.0368059,134.596,103.183,237.779
0.0369303,89.3515,49.7383,139.09
0.0370547,138.849,101.067,239.916
0.0371793,86.4069,53.4882,139.895
0.037304,141.365,104.768,246.132
0.0374289,81.8452,48.1596,130.005
0.0375538,145.432,104.675,250.107
0.0376789,-23.8095,-16.5175,-40.327
0.037804,-205.753,-184.144,-389.897
0.0379293,-88.2218,-79.591,-167.813
0.0380547,-38.3257,-35.7348,-74.0605
0.0381802,-41.1847,-49.5098,-90.6945
0.0383058,-46.119,-45.0211,-91.1401
0.0384315,-35.226,-41.2606,-76.4866
0.0385574,-67.7354,-62.3193,-130.055
0.0386833,-68.7325,-68.9904,-137.723
0.0388094,-82.649,-85.1813,-167.83
0.0389356,-64.1046,-75.2568,-139.361
0.0390619,-90.4253,-97.0114,-187.437
0.0391883,-6.67746,-21.269,-27.9464
0.0393149,-32.6795,-46.2735,-78.9529
0.0394415,23.5745,12.1842,35.7587
0.0395683,4.1995,-8.09446,-3.89496
0.0396952,-91.1898,-85.7913,-176.981
0.0398222,-117.215,-101.024,-218.239
0.0399493,-77.9503,-70.7156,-148.666
0.0400765,-86.6845,-74.1039,-160.788
0.0402038,-52.5187,-46.4621,-98.9808
0.0403313,-64.2375,-54.3424,-118.58
0.0404589,-29.2032,-27.0776,-56.2808
0.0405866,-34.4176,-31.1839,-65.6015
0.0407144,1.79178,-2.2346,-0.442821
0.0408423,-16.4097,-13.1967,-29.6064
0.0409703,37.0005,23.363,60.3636
0.0410985,15.9247,2.47904,18.4038
0.0412268,44.4655,30.6139,75.0795
0.0413551,-10.9866,-17.7147,-28.7013
0.0414836,140.489,107.476,247.964
0.0416123,-67.2193,-69.5283,-136.748
0.041741,165.216,126.549,291.765
0.0418699,-117.673,-107.095,-224.769
0.0419988,196.903,154.764,351.667
0.0421279,-27.5461,-28.0751,-55.6211
0.0422571,15.3722,3.17026,18.5425
0.0423865,40.7532,30.998,71.7513
0.0425159,99.5898,76.2955,175.885
0.0426455,-35.0662,-40.4088,-75.475
0.0427751,122.129,92.9875,215.117
0.0429049,68.1143,49.5934,117.708
0.0430348,34.5094,15.6135,50.1229
0.0431649,152.309,121.34,273.65
0.043295,2.48345,-0.143965,2.33949
0.0434253,79.605,62.8785,142.483
0.0435557,9.36164,6.91724,16.2789
0.0436862,16.1118,6.96584,23.0776
0.0438168,1.06808,-4.05216,-2.98408
0.0439476,18.8639,13.2497,32.1136
0.0440784,-0.348201,2.56598,2.21778
0.0442094,36.1973,30.168,66.3652
0.0443405,11.2217,-0.815861,10.4058
0.0444717,22.1561,-10.4373,11.7188
0.0446031,20.5455,10.1063,30.6518
0.0447345,70.92,39.3118,110.232
0.0448661,2.55211,-9.61821,-7.0661
0.0449978,73.1211,45.8878,119.009
0.0451296,21.9563,2.11416,24.0705
0.0452615,61.5771,44.0598,105.637
0.0453936,34.7581,11.5164,46.2745
0.0455258,66.8077,53.6667,120.474
0.0456581,43.646,24.5777,68.2237
0.0457905,70.6301,52.946,123.576
0.045923,45.5468,26.7058,72.2526
0.0460557,79.6395,54.3205,133.96
0.0461885,66.9443,39.8253,106.77
0.0463214,89.3202,59.9128,149.233
0.0464544,78.6286,49.8998,128.528
0.0465875,89.0153,60.3967,149.412
0.0467208,85.3539,55.323,140.677
0.0468542,101.962,72.9088,174.871
0.0469877,91.3756,57.6212,148.997
0.0471213,98.3052,64.0717,162.377
0.047255,109.066,71.833,180.899
0.0473889,78.1357,47.866,126.002
0.0475229,109.567,67.275,176.842
0.047657,105.839,72.2403,178.079
0.0477912,121.481,77.6086,199.089
0.0479256,111.631,71.0047,182.635
0.0480601,126.951,84.9455,211.896
0.0481947,116.591,75.7559,192.347
0.0483294,121.077,82.7093,203.786
0.0484642,124.592,81.3494,205.941
0.0485992,128.939,82.155,211.094
0.0487343,125.023,84.1617,209.185
0.0488695,128.155,86.0721,214.227
0.0490048,130.15,93.1996,223.349
0.0491403,130.969,80.5766,211.545
0.0492759,128.91,85.8486,214.759
0.0494116,134.927,88.1656,223.093
0.0495474,143.217,91.2937,234.51
0.0496834,140.886,92.1942,233.081
0.0498194,146.11,91.61,237.72
0.0499556,136.935,83.4712,220.406
0.050092,152.536,98.7056,251.242
0.0502284,139.244,88.6301,227.874
0.050365,147.495,100.875,248.37
0.0505017,142.314,86.0914,228.405
0.0506385,153.564,100.772,254.336
0.0507754,144.998,92.0409,237.039
0.0509125,154.466,103.094,257.56
0.0510497,147.088,92.8713,239.96
0.051187,159.713,107.548,267.261
0.0513245,144.141,88.4802,232.621
0.051462,158.814,106.795,265.609
0.0515997,151.828,97.3737,249.201
0.0517375,160.973,103.234,264.207
0.0518755,148.613,94.2706,242.883
0.0520136,150.139,97.4166,247.555
0.0521518,155.661,95.4777,251.139
0.0522901,155.722,103.243,258.965
0.0524285,148.862,93.1007,241.963
0.0525671,166.882,106.838,273.719
0.0527058,156.006,96.753,252.759
0.0528446,162.833,107.055,269.888
0.0529836,148.44,93.1015,241.541
0.0531226,169.824,116.443,286.267
0.0532618,152.209,88.1374,240.346
0.0534012,171.187,114.06,285.247
0.0535406,147.077,92.3068,239.384
0.0536802,170.949,113.079,284.028
0.0538199,152.638,92.4206,245.058
0.0539597,168.269,109.449,277.717
0.0540997,153.128,101.012,254.14
0.0542398,162.655,105.909,268.565
0.05438,154.525,97.3295,251.854
0.0545204,167.307,107.437,274.744
0.0546608,155.668,99.3775,255.045
0.0548014,168.484,111.278,279.762
0.0549422,152.946,95.3452,248.291
0.055083,160.509,110.038,270.547
0.055224,160.309,99.6467,259.956
0.0553651,448.672,346.171,794.843
0.0555064,449.657,347.818,797.475
0.0556477,446.154,349.382,795.536
0.0557892,417.65,339.373,757.023
0.0559309,361.559,294.033,655.592
0.0560726,55.172,19.8612,75.0333
0.0562145,-273.146,-249.19,-522.336
0.0563565,-159.553,-144.209,-303.761
0.0564987,-42.3579,-53.2657,-95.6237
0.0566409,-37.0021,-43.3401,-80.3422
0.0567833,-31.1972,-41.7316,-72.9288
0.0569259,-32.6719,-41.4517,-74.1236
0.0570685,-19.9605,-35.0341,-54.9946
0.0572113,-48.6546,-55.1334,-103.788
0.0573542,3.34164,-27.3379,-23.9962
0.0574973,-61.2525,-65.6866,-126.939
0.0576405,-9.04492,-33.6898,-42.7347
0.0577838,-41.8547,-46.2602,-88.1148
0.0579272,-30.8607,-45.1134,-75.9741
0.0580708,-84.6045,-85.901,-170.505
0.0582145,-43.9986,-59.1399,-103.138
0.0583583,49.7277,24.608,74.3356
0.0585023,-21.8538,-43.1987,-65.0525
0.0586464,-76.5119,-97.3607,-173.873
0.0587906,70.2779,42.7998,113.078
0.0589349,0.582268,-25.9197,-25.3375
0.0590794,-52.3698,-61.2854,-113.655
0.059224,27.9628,-2.81332,25.1494
0.0593688,14.6909,-5.59259,9.09836
0.0595137,44.1494,12.3056,56.455
0.0596587,7.06665,-17.0263,-9.95966
0.0598038,91.3369,43.5843,134.921
0.0599491,56.2762,18.3082,74.5844
0.0600945,65.1166,23.328,88.4446
0.0602401,192.778,147.053,339.831
0.0603857,22.6358,-16.7574,5.87845
0.0605315,160.7,115.648,276.348
0.0606775,103.587,57.6351,161.222
0.0608235,90.4499,54.4398,144.89
0.0609697,125.226,73.2256,198.451
0.0611161,87.9748,44.7007,132.676
0.0612625,172.325,118.311,290.636
0.0614092,66.4507,21.3584,87.8092
0.0615559,245.029,185.982,431.011
0.0617028,64.8602,20.2404,85.1007
0.0618498,129.733,64.9167,194.65
0.0619969,159.517,105.394,264.911
0.0621442,127.819,75.8087,203.628
0.0622916,130.128,85.6628,215.791
0.0624391,145.949,88.9293,234.878
0.0625868,127.514,74.8701,202.384
0.0627346,200.285,137.027,337.311
0.0628825,116.706,62.2936,179
0.0630306,144.584,83.6038,228.188
0.0631788,143.06,84.4973,227.557
0.0633272,184.491,117.103,301.593
0.0634756,96.4604,49.4291,145.89
0.0636242,420.989,337.617,758.606
0.063773,432.848,343.258,776.105
0.0639219,440.838,348.94,789.778
0.0640709,354.704,281.89,636.594
0.0642201,-125.384,-125.9,-251.285
0.0643693,95.8377,58.5834,154.421
0.0645188,-79.7674,-90.2514,-170.019
0.0646683,410.338,330.086,740.424
0.064818,-65.5759,-95.6653,-161.241
0.0649679,-1.80764,-46.5347,-48.3424
0.0651178,439.549,341.796,781.345
0.0652679,-28.7003,-68.3349,-97.0353
0.0654182,21.5892,-28.7702,-7.18106
0.0655686,349.775,270.473,620.249
0.0657191,0.421813,-36.2527,-35.8309
0.0658697,102.532,41.5812,144.114
0.0660205,327.318,252.613,579.931
0.0661715,81.5032,25.6057,107.109
0.0663225,116.715,66.6138,183.329
0.0664737,229.837,165.431,395.268
0.0666251,108.179,56.5832,164.762
0.0667765,225.025,165.132,390.157
0.0669282,110.304,54.6907,164.994
0.0670799,239.361,164.735,404.096
0.0672318,123.374,64.4018,187.776
0.0673838,232.703,162.824,395.527
0.067536,117.855,57.9322,175.787
0.0676883,238.37,166.97,405.34
0.0678407,122.265,65.8918,188.157
0.0679933,225.985,158.627,384.612
0.0681461,130.265,71.329,201.594
0.0682989,233.215,162.726,395.94
0.0684519,133.199,64.918,198.117
0.068605,229.412,162.677,392.089
0.0687583,134.858,69.3633,204.221
0.0689117,231.851,158.284,390.136
0.0690653,134.518,75.1647,209.682
0.069219,234.621,158.909,393.53
0.0693728,139.204,69.5821,208.786
0.0695268,241.048,165.482,406.531
0.0696809,136.087,65.1498,201.237
0.0698352,235.357,161.797,397.154
0.0699896,135.4,72.6278,208.028
0.0701441,241.356,165.958,407.314
0.0702988,138.543,70.7342,209.277
0.0704536,-18.5041,-17.7415,-36.2456
0.0706086,-112.323,-102.637,-214.96
0.0707637,-103.515,-108.743,-212.258
0.0709189,-66.6427,-87.3068,-153.949
0.0710743,-29.4106,-63.1617,-92.5723
0.0712298,-6.82355,-53.3218,-60.1454
0.0713855,32.9038,-12.2479,20.6559
0.0715413,25.4421,-26.7218,-1.2797
0.0716972,118.249,55.823,174.072
0.0718533,52.7003,1.39663,54.0969
0.0720095,180.76,115.047,295.807
0.0721659,51.7825,1.21417,52.9966
0.0723224,188.893,130.159,319.052
0.0724791,45.2033,-2.28448,42.9189
0.0726359,193.429,130.12,323.549
0.0727928,29.976,-14.8746,15.1014
0.0729499,222.515,157.462,379.977
0.0731071,318.899,244.383,563.282
0.0732645,401.478,306.908,708.386
0.073422,381.891,291.502,673.394
0.0735797,379.079,291.646,670.725
0.0737375,185.618,119.696,305.314
0.0738954,134.172,82.8827,217.055
0.0740535,106.056,60.22,166.276
0.0742117,155.021,94.6728,249.694
0.0743701,102.053,59.2907,161.344
0.0745286,147.673,94.5443,242.217
0.0746873,119.545,65.8392,185.384
0.0748461,173.027,105.99,279.018
0.075005,122.858,70.7425,193.601
0.0751641,168.648,111.069,279.717
0.0753234,130.502,82.4211,212.923
0.0754828,175.01,108.319,283.329
0.0756423,150.215,92.8994,243.114
0.075802,166.51,106.519,273.028
0.0759618,147.511,90.0899,237.601
0.0761218,172.163,108.204,280.367
0.0762819,161.349,90.8793,252.229
0.0764421,181.089,113.174,294.263
0.0766025,150.676,94.2353,244.912
0.0767631,177.458,106.186,283.644
0.0769238,153.232,95.2234,248.455
0.0770846,179.515,108.455,287.97
0.0772456,160.131,92.601,252.732
0.0774067,182.782,107.772,290.554
0.077568,160.421,93.2285,253.65
0.0777294,177.825,112.016,289.841
0.077891,161.332,97.9644,259.297
0.0780527,189.412,115.813,305.225
0.0782146,166.068,98.8965,264.965
0.0783766,179.102,106.737,285.839
0.0785388,169.56,104.789,274.349
0.0787011,182.15,108.619,290.769
0.0788635,169.964,99.692,269.656
0.0790261,184.538,107.382,291.92
0.0791889,173.102,100.294,273.396
0.0793518,186.318,109.31,295.629
0.0795148,171.34,100.383,271.723
0.079678,181.431,106.343,287.775
0.0798414,176.058,103.783,279.841
0.0800049,183.193,104.555,287.748
0.0801685,166.26,99.17,265.43
0.0803323,186.361,112.449,298.81
0.0804962,171.931,101.894,273.826
0.0806603,185.469,106.544,292.013
0.0808245,169.133,99.4485,268.581
0.0809889,185.873,106.517,292.39
0.0811535,174.131,99.0715,273.203
0.0813182,191.106,115.359,306.465
0.081483,178.299,101.252,279.551
0.081648,185.995,107.965,293.96
0.0818131,166.88,98.9334,265.813
0.0819784,187.353,107.541,294.895
0.0821438,171.55,96.9558,268.506
0.0823094,192.047,113.931,305.977
0.0824751,180.494,98.8827,279.377
0.082641,193.579,112.813,306.392
0.0828071,179.554,100.988,280.542
0.0829733,194.803,113.009,307.812
0.0831396,-0.647861,-21.4914,-22.1393
0.0833061,26.4568,-23.4858,2.97092
0.0834727,0.673993,-42.7619,-42.0879
0.0836395,26.3377,-26.4194,-0.0817367
0.0838065,29.5626,-24.3104,5.25218
0.0839736,65.1965,4.21029,69.4067
0.0841408,82.5009,21.465,103.966
0.0843082,108.129,43.1943,151.323
0.0844758,91.5974,31.8246,123.422
0.0846435,130.354,53.6343,183.989
0.0848113,120.509,64.2212,184.73
0.0849793,444.832,330.191,775.023
0.0851475,457.311,346.447,803.758
0.0853158,490.88,361.407,852.287
0.0854843,487.25,359.294,846.544
0.0856529,418.501,316.579,735.08
0.0858217,148.811,91.8203,240.631
0.0859906,175.963,113.759,289.722
0.0861597,203.458,138.032,341.489
0.0863289,191.144,124.584,315.728
0.0864983,216.187,145.626,361.813
0.0866679,186.378,114.941,301.318
0.0868376,227.968,157.862,385.83
0.0870074,146.345,81.9694,228.314
0.0871774,206.564,129.197,335.761
0.0873476,183.489,113.405,296.894
0.0875179,219.476,145.408,364.884
0.0876884,151.289,75.004,226.293
0.087859,191.292,113.684,304.976
0.0880298,189.644,119.738,309.382
0.0882007,172.298,97.906,270.204
0.0883718,206.072,129,335.072
0.0885431,178.063,102.636,280.699
0.0887145,174.291,100.798,275.089
0.088886,194.375,119.145,313.52
0.0890577,185.55,108.974,294.523
0.0892296,163.617,95.6698,259.287
0.0894016,229.38,152.78,382.16
0.0895738,139.807,69.0447,208.851
0.0897462,214.7,129.753,344.453
0.0899186,196.427,117.656,314.082
0.0900913,230.477,148.225,378.702
0.0902641,143.432,60.554,203.986
0.0904371,201.884,124.032,325.917
0.0906102,207.731,132.788,340.519
0.0907835,216.854,135.006,351.86
0.0909569,164.652,85.6983,250.351
0.0911305,193.25,113.083,306.333
0.0913043,216.936,132.345,349.282
0.0914782,180.879,106.801,287.679
0.0916523,207.074,127.464,334.538
0.0918265,200.196,112.27,312.466
0.0920009,166.293,93.6684,259.962
0.0921754,221.907,140.506,362.412
0.0923501,163.145,90.5525,253.698
0.092525,174.209,95.8375,270.046
0.0927,223.281,137.34,360.621
0.0928752,162.493,86.0927,248.585
0.0930505,214.6,128.345,342.944
0.093226,202.549,115.386,317.936
0.0934017,212.767,130.544,343.311
0.0935775,208.176,119.732,327.908
0.0937535,182.095,99.3811,281.476
0.0939296,240.414,148.969,389.383
0.0941059,163.13,72.1465,235.276
0.0942824,222.328,131.172,353.5
0.094459,221.356,131.057,352.413
0.0946358,201.176,116.887,318.063
0.0948127,214.45,132.311,346.761
0.0949898,205.717,112.916,318.633
0.0951671,175.961,98.2888,274.25
0.0953445,223.051,138.573,361.625
0.0955221,178.051,92.7904,270.842
0.0956999,201.027,120.181,321.208
0.0958778,235.343,145.043,380.386
0.0960558,180.441,96.0965,276.538
0.0962341,229.469,141.998,371.467
0.0964125,163.94,80.8419,244.782
0.096591,221.387,134.959,356.346
0.0967697,215.385,132.162,347.547
0.0969486,213.611,127.547,341.158
0.0971277,170.805,86.6391,257.444
0.0973069,206.407,118.403,324.81
0.0974862,227.857,142.662,370.519
0.0976658,179.925,90.4718,270.397
0.0978455,221.518,136.123,357.641
0.0980253,188.764,102.093,290.857
0.0982054,86.7327,27.5827,114.315
0.0983855,137.384,65.4557,202.84
0.0985659,163.222,85.3335,248.556
0.0987464,170.607,96.8948,267.502
0.0989271,202.953,119.526,322.479
0.0991079,207.524,118.365,325.889
0.0992889,221.807,139.082,360.889
0.0994701,223.844,136.262,360.106
0.0996514,256.14,167.347,423.487
0.099833,176.867,97.7488,274.615
0.100015,296.6,205.084,501.685
0.100196,170.983,87.4744,258.458
0.100378,280.332,187.478,467.81
0.100561,183.185,92.1903,275.376
0.100743,267.635,173.318,440.953
0.100925,170.887,93.7539,264.641
0.101108,262.941,161.795,424.736
0.101291,175.902,90.757,266.659
0.101474,259.067,162.775,421.842
0.101657,185.64,103.969,289.61
0.10184,246.878,152.525,399.403
0.102024,189.71,105.611,295.322
0.102208,233.717,150.257,383.973
0.102391,203.593,112.579,316.172
0.102575,231.469,143.163,374.632
0.10276,199.973,104.141,304.115
0.102944,233.014,143.734,376.748
0.103128,195.625,112.208,307.832
0.103313,230.34,146.304,376.644
0.103498,190.863,110.318,301.181
0.103683,233.454,135.472,368.926
0.103868,193.917,107.754,301.67
0.104053,227.323,134.089,361.412
0.104239,199.363,114.661,314.024
0.104425,230.847,138.848,369.696
0.10461,202.296,109.329,311.625
0.104796,226.046,133.664,359.71
0.104983,200.901,108.127,309.028
0.105169,227.123,133.718,360.841
0.105355,192.46,115.244,307.704
0.105542,215.653,127.269,342.923
0.105729,203.828,116.867,320.695
0.105916,211.566,125.766,337.332
0.106103,201.735,113.405,315.14
0.106291,217.741,126.763,344.504
0.106478,211.087,124.115,335.202
0.106666,220.653,129.176,349.829
0.106854,213.734,124.486,338.22
0.107042,218.783,118.899,337.682
0.10723,198.848,110.55,309.399
0.107418,216.214,122,338.214
0.107607,201.061,112.23,313.29
0.107796,213.107,126.759,339.866
0.107985,203.539,115.348,318.887
0.108174,215.903,126.572,342.474
0.108363,210.478,118.539,329.018
0.108552,223.916,130.357,354.274
0.108742,200.659,111.176,311.835
0.108932,212.718,127.471,340.189
0.109122,203.115,114.847,317.962
0.109312,217.324,122.805,340.129
0.109502,209.492,118.722,328.214
0.109692,214.444,122.939,337.383
0.109883,207.566,114.101,321.667
0.110074,217.598,121.181,338.779
0.110265,206.258,118.559,324.818
0.110456,215.638,127.796,343.434
0.110647,205.212,118.839,324.051
0.110839,212.187,119.545,331.732
0.11103,154.807,96.0578,250.865
0.111222,219.234,143.767,363.001
0.111414,222.627,145.199,367.826
0.111607,241.877,158.979,400.856
0.111799,234.9,152.064,386.964
0.111991,251.428,161.353,412.782
0.112184,228.481,145.885,374.366
0.112377,214.625,131.639,346.264
0.11257,-201.197,-194.877,-396.074
0.112763,-181.686,-184.385,-366.07
0.112957,-6.97534,-37.1571,-44.1324
0.11315,473.775,337.091,810.866
0.113344,-134.991,-153.534,-288.526
0.113538,477.636,348.35,825.986
0.113732,-133.135,-154.666,-287.802
0.113927,515.261,370.49,885.751
0.114121,-134.138,-158.05,-292.188
0.114316,528.442,376.126,904.568
0.11451,-135.204,-157.346,-292.55
0.114706,532.644,374.477,907.121
0.114901,-136.939,-159.142,-296.081
0.115096,523.662,371.363,895.025
0.115292,-124.7,-152.636,-277.336
0.115487,521.145,371.252,892.397
0.115683,-128.68,-157.218,-285.899
0.115879,532.041,372.384,904.425
0.116076,-130.355,-153.644,-283.999
0.116272,523.145,373.286,896.431
0.116469,-128.806,-156.388,-285.194
0.116665,531.924,379.021,910.944
0.116862,-126.249,-150.979,-277.229
0.117059,518.925,373.905,892.83
0.117257,-132.604,-150.137,-282.742
0.117454,536.221,377.173,913.393
0.117652,-120.358,-150.077,-270.435
0.11785,528.585,376.828,905.413
0.118048,-122.807,-149.814,-272.621
0.118246,524.169,373.575,897.744
0.118445,-126.251,-153.176,-279.427
0.118643,536.87,375.629,912.499
0.118842,-111.553,-149.116,-260.67
0.119041,534.925,379.222,914.147
0.11924,-118.352,-144.095,-262.447
0.119439,529.199,375.895,905.094
0.119639,-116.707,-145.241,-261.948
0.119838,536.512,373.636,910.148
0.120038,-117.197,-149.049,-266.246
0.120238,529.463,377.977,907.44
0.120439,-117.331,-147.845,-265.176
0.120639,531.597,375.016,906.613
0.12084,-107.824,-146.664,-254.488
0.12104,541.601,376.892,918.492
0.121241,-114.464,-145.346,-259.81
0.121442,528.978,374.35,903.328
0.121644,-112.401,-143.296,-255.697
0.121845,531.079,372.145,903.224
0.122047,-105.934,-142.843,-248.777
0.122249,531.861,380.376,912.237
0.122451,-112.946,-148.05,-260.996
0.122653,530.615,375.405,906.02
0.122855,-118.11,-146.639,-264.749
0.123058,527.37,371.085,898.455
0.123261,-113.379,-148.785,-262.164
0.123464,530.082,370.687,900.769
0.123667,-115.156,-149.318,-264.475
0.12387,529.666,378.104,907.77
0.124074,-114.046,-145.361,-259.407
0.124277,529.336,376.467,905.803
0.124481,-118.66,-150.479,-269.139
0.124685,307.978,218.908,526.885
0.12489,298.506,214.362,512.868
0.125094,322.173,222.855,545.028
0.125299,316.321,224.33,540.651
0.125504,348.359,247.678,596.036
0.125709,304.776,218.887,523.663
0.125914,329.56,233.011,562.572
0.126119,240.628,152.51,393.139
0.126325,270.488,173.936,444.424
0.12653,213.426,127.538,340.964
0.126736,287.216,192.551,479.767
0.126942,171.324,93.1118,264.436
0.127149,241.982,146.417,388.399
0.127355,231.887,143.535,375.422
0.127562,249.372,159.399,408.771
0.127769,191.702,110.378,302.08
0.127976,196.548,110.119,306.667
0.128183,244.046,150.933,394.98
0.128391,187.5,97.5106,285.011
0.128598,244.385,146.16,390.545
0.128806,197.147,111.253,308.4
0.129014,232.569,140.994,373.563
0.129222,177.562,92.2313,269.793
0.129431,241.275,151.057,392.331
0.129639,198.508,111.341,309.85
0.129848,227.921,140.748,368.669
0.130057,138.89,85.8722,224.762
0.130266,179.283,111.576,290.859
0.130475,184.905,110.988,295.893
0.130685,193.591,110.687,304.279
0.130895,193.597,110.035,303.633
0.131105,197.061,113.745,310.806
0.131315,191.319,108.386,299.705
0.131525,199.037,112.108,311.145
0.131735,193.629,105.712,299.341
0.131946,210.525,114.574,325.098
0.132157,191,105.261,296.261
0.132368,200.349,107.534,307.884
0.132579,190.782,101.637,292.42
0.132791,201.174,108.596,309.77
0.133002,187.944,103.577,291.52
0.133214,207.904,110.739,318.642
0.133426,185.647,102.253,287.9
0.133638,207.828,112.191,320.018
0.133851,194.805,101.058,295.863
0.134063,202.009,108.292,310.301
0.134276,202.217,104.396,306.613
0.134489,200.032,103.854,303.886
0.134702,187.84,103.22,291.059
0.134916,198.69,101.95,300.64
0.135129,194.245,105.139,299.384
0.135343,200.191,109.413,309.604
0.135557,198.166,97.4006,295.567
0.135771,203.391,106.716,310.107
0.135985,186.497,93.4581,279.955
0.1362,201.792,107.309,309.101
0.136415,192.763,96.6456,289.408
0.13663,204.407,105.881,310.287
0.136845,187.194,93.7583,280.952
0.13706,204.613,106.029,310.642
0.137275,187.894,93.1,280.994
0.137491,198.906,107.391,306.297
0.137707,187.694,93.766,281.459
0.137923,204.596,112.296,316.892
0.138139,180.394,94.8041,275.198
0.138356,209.924,107.853,317.777
0.138573,188.185,93.7864,281.972
0.13879,204.644,108.835,313.479
0.139007,188.693,89.063,277.756
0.139224,202.987,108.95,311.938
0.139441,182.144,93.2772,275.421
0.139659,203.726,107.326,311.052
0.139877,190.077,98.5889,288.666
0.140095,126.744,63.5224,190.267
0.140313,147.567,74.6073,222.175
0.140532,162.265,80.3764,242.642
0.14075,153.226,79.6299,232.856
0.140969,173.265,85.3107,258.576
0.141188,159.951,82.4287,242.38
0.141408,176.977,90.6715,267.649
0.141627,162.274,87.5526,249.827
0.141847,185,92.8807,277.881
0.142067,166.952,89.6789,256.631
0.142287,176.798,95.1653,271.963
0.142507,172.37,94.6281,266.998
0.142727,168.822,85.845,254.667
0.142948,180.649,93.4833,274.132
0.143169,176.112,89.4314,265.543
0.14339,172.508,91.1414,263.649
0.143611,176.305,91.231,267.536
0.143833,177.557,94.1835,271.74
0.144054,180.381,97.0842,277.465
0.144276,180.298,95.822,276.12
0.144498,180.105,96.058,276.163
0.144721,182.431,95.0748,277.506
0.144943,184.592,95.1874,279.78
0.145166,181.421,93.472,274.893
0.145389,189.8,98.5383,288.338
0.145612,178.389,92.7432,271.132
0.145835,183.234,99.1412,282.376
0.146058,180.288,95.311,275.599
0.146282,180,97.8856,277.885
0.146506,179.239,94.6689,273.908
0.14673,183.996,95.6204,279.616
0.146954,185.086,96.2311,281.317
0.147179,186.706,96.7092,283.416
0.147404,184.505,101.261,285.766
0.147629,191.93,100.714,292.643
0.147854,191.837,96.3566,288.193
0.148079,191.749,98.6957,290.445
0.148304,195.48,102.497,297.976
0.14853,187.965,103.269,291.234
0.148756,186.615,94.2702,280.885
0.148982,185.937,95.6141,281.551
0.149209,-228.107,-218.471,-446.578
0.149435,-187.812,-200.7,-388.512
0.149662,-135.982,-163.522,-299.505
0.149889,300.209,210.963,511.172
0.150116,-6.52981,-62.8807,-69.4105
0.150343,356.11,259.403,615.513
0.150571,74.7622,-2.35744,72.4047
0.150799,330.36,230.621,560.981
0.151027,119.838,43.5485,163.386
0.151255,301.596,208.846,510.443
0.151483,98.2103,8.61134,106.822
0.151712,334.882,228.085,562.967
0.151941,134.859,51.8974,186.757
0.15217,355.166,248.622,603.788
0.152399,-18.5425,-82.8959,-101.438
0.152629,366.516,252.464,618.979
0.152858,285.595,180.965,466.56
0.153088,21.5483,-52.2474,-30.6991
0.153318,355.31,241.407,596.717
0.153549,122.753,26.891,149.644
0.153779,333.844,227.031,560.875
0.15401,17.5908,-63.4215,-45.8307
0.154241,330.878,225.2,556.078
0.154472,210.262,109.467,319.729
0.154703,224.511,125.375,349.886
0.154935,160.943,63.9815,224.925
0.155166,292.333,185.688,478.021
0.155398,57.6774,-27.1264,30.551
0.155631,354.771,243.992,598.763
0.155863,124.917,30.5413,155.458
0.156096,299.691,193.304,492.995
0.156328,163.579,67.8973,231.476
0.156561,269.871,164.647,434.518
0.156795,167.711,63.4154,231.126
0.157028,295.248,179.498,474.745
0.157262,150.909,50.6511,201.56
0.157496,289.869,177.176,467.046
0.15773,158.134,58.4213,216.555
0.157964,321.693,209.481,531.174
0.158199,84.5515,-8.44067,76.1108
0.158433,337.374,227.165,564.538
0.158668,159.691,50.8914,210.583
0.158903,286.226,187.93,474.156
0.159139,150.453,43.7719,194.225
0.159374,304.222,192.954,497.177
0.15961,311.351,228.091,539.442
0.159846,287.833,190.848,478.681
0.160082,272.607,187.06,459.667
0.160319,283.462,188.769,472.231
0.160555,275.737,183.691,459.428
0.160792,278.345,183.642,461.986
0.161029,232.218,136.789,369.007
0.161267,278.794,177.789,456.583
0.161504,200.988,112.674,313.663
0.161742,280.745,181.044,461.789
0.16198,157.362,72.7965,230.158
0.162218,306.031,202.977,509.008
0.162456,144.351,59.8465,204.198
0.162695,303.903,204.702,508.605
0.162934,135.598,53.0689,188.667
0.163173,309.959,206.993,516.952
0.163412,138.282,50.122,188.404
0.163652,302.181,202.047,504.227
0.163891,144.707,54.221,198.928
0.164131,302.954,200.704,503.658
0.164371,139.668,42.3304,181.998
0.164612,306.273,201.153,507.426
0.164852,139.913,46.213,186.126
0.165093,306.128,200.757,506.884
0.165334,133.307,39.7753,173.082
0.165575,304.763,200.489,505.252
0.165817,132.66,40.5714,173.231
0.166058,305.415,200.695,506.109
0.1663,143.05,39.3739,182.424
0.166542,298.248,192.263,490.511
0.166785,139.176,37.633,176.809
0.167027,294.973,198.916,493.888
0.16727,142.065,43.4677,185.533
0.167513,300.733,192.865,493.599
0.167756,138.837,42.6476,181.485
0.167999,296.34,193.978,490.318
0.168243,146.595,48.3498,194.945
0.168487,299.739,187.939,487.678
0.168731,140.199,38.3053,178.504
0.168975,299.383,191.059,490.442
0.16922,166.712,53.3458,220.058
0.169465,289.224,185.695,474.919
0.16971,140.761,42.4582,183.219
0.169955,296.206,191.047,487.253
0.1702,153.479,58.7015,212.18
0.170446,292.185,183.793,475.977
0.170692,146.837,40.496,187.333
0.170938,130.726,69.2943,200.021
0.171184,166.734,85.0024,251.736
0.171431,177.259,86.9221,264.181
0.171677,181.633,89.8095,271.443
0.171924,185.048,93.0389,278.087
0.172171,187.712,97.6184,285.331
0.172419,194.941,99.8599,294.801
0.172667,192.412,100.785,293.197
0.172914,201.481,100.601,302.082
0.173163,194.9,99.2914,294.191
0.173411,201.681,102.427,304.108
0.173659,193.111,93.7203,286.831
0.173908,204.724,104.368,309.092
0.174157,195.799,99.4262,295.225
0.174406,200.853,99.2485,300.102
0.174656,199.111,103.87,302.981
0.174906,203.871,101.24,305.112
0.175156,199.701,102.413,302.114
0.175406,198.187,99.7235,297.91
0.175656,211.317,103.522,314.839
0.175907,199.381,95.5162,294.897
0.176157,211.823,101.609,313.432
0.176408,198.627,99.2234,297.851
0.17666,206.223,106.078,312.301
0.176911,203.499,101.759,305.258
0.177163,211.779,105.359,317.137
0.177415,197.841,101.854,299.695
0.177667,212.775,109.959,322.734
0.17792,200.937,103.38,304.317
0.178172,209.154,107.112,316.266
0.178425,207.554,102.077,309.63
0.178678,212.418,107.365,319.783
0.178932,208.555,101.413,309.967
0.179185,218.732,116.614,335.347
0.179439,209.404,104.45,313.854
0.179693,216.78,111.251,328.03
0.179947,202.379,107.113,309.492
0.180202,223.695,112.963,336.658
0.180457,201.773,103.272,305.045
0.180711,221.271,108.834,330.104
0.180967,204.456,104.255,308.711
0.181222,211.996,108.763,320.759
0.181478,211.509,101.716,313.225
0.181734,216.683,109.329,326.013
0.18199,205.025,100.796,305.821
0.182246,216.063,107.26,323.323
0.182503,210.815,105.636,316.45
0.18276,212.622,107.657,320.279
0.183017,205.828,102.565,308.394
0.183274,221.461,108.313,329.774
0.183531,200.693,101.285,301.978
0.183789,221.127,108.477,329.605
0.184047,203.235,102.663,305.899
0.184305,216.359,109.258,325.617
0.184564,200.589,99.8605,300.45
0.184822,204.02,104.032,308.052
0.185081,207.767,104.833,312.6
0.185341,215.679,106.001,321.68
0.1856,203.595,98.3288,301.924
0.18586,217.008,108.684,325.692
0.186119,202.138,99.6364,301.774
0.18638,215.964,108.676,324.641
0.18664,198.685,96.3596,295.044
0.186901,218.937,106.927,325.864
0.187161,198.809,98.8995,297.708
0.187422,211.402,106.63,318.032
0.187684,203.145,99.6821,302.827
0.187945,214.933,106.502,321.435
0.188207,200.039,97.9825,298.022
0.188469,208.992,104.354,313.347
0.188731,201.267,102.151,303.418
0.188994,206.251,103.144,309.394
0.189256,202.483,93.0162,295.499
0.189519,215.891,103.728,319.619
0.189783,200.65,94.9782,295.628
0.190046,209.951,105.937,315.889
0.19031,197.887,96.66,294.547
0.190574,217.735,103.813,321.547
0.190838,199.678,97.6779,297.355
0.191102,217.264,104.616,321.88
0.191367,201.139,95.5996,296.738
0.191632,207.131,102.847,309.978
0.191897,198.113,96.7926,294.905
0.192162,212.206,104.867,317.073
0.192428,198.924,98.0451,296.969
0.192694,214.133,102.807,316.94
0.19296,198.971,100.446,299.417
0.193226,212.332,104.858,317.19
0.193493,199.357,93.6351,292.992
0.193759,216.794,105.884,322.678
0.194026,200.697,96.7535,297.45
0.194294,209.582,103.221,312.802
0.194561,203.845,93.5235,297.369
0.194829,212.792,108.817,321.609
0.195097,200.433,98.5459,298.978
0.195365,204.543,102.342,306.885
0.195634,197.32,96.2162,293.536
0.195903,205.38,102.832,308.212
0.196172,199.138,95.0956,294.234
0.196441,209.263,103.977,313.24
0.19671,194.355,97.7712,292.126
0.19698,207.198,103.224,310.422
0.19725,202.438,109.724,312.162
0.19752,335.018,225.042,560.059
0.197791,344.786,222.67,567.456
0.198062,350.05,229.74,579.79
0.198333,334.085,207.758,541.843
0.198604,332.587,212.508,545.095
0.198875,265.252,144.565,409.817
0.199147,384.082,255.43,639.511
0.199419,11.3745,-82.0229,-70.6484
0.199691,408.648,281.444,690.091
0.199964,257.581,140.605,398.186
0.200236,323.419,199.025,522.444
0.200509,36.9939,-58.2292,-21.2353
0.200782,406.968,281.606,688.574
0.201056,194.641,79.8536,274.494
0.201329,376.285,254.499,630.784
0.201603,-38.9959,-116.488,-155.484
0.201878,382.405,261.51,643.915
0.202152,288.928,183.765,472.693
0.202427,105.955,4.05149,110.006
0.202702,362.148,246.709,608.856
0.202977,60.6594,-38.086,22.5734
0.203252,359.959,244.639,604.598
0.203528,186.5,78.0051,264.505
0.203804,-179.496,-174.993,-354.489
0.20408,51.1616,-6.37838,44.7832
0.204356,373.718,262.928,636.646
0.204633,228.038,135.788,363.826
0.20491,340.972,233.018,573.989
0.205187,14.1421,-57.7528,-43.6107
0.205465,427.518,292.346,719.864
0.205742,98.8474,11.7579,110.605
0.20602,425.585,288.219,713.804
0.206299,-49.5774,-120.942,-170.519
0.206577,429.775,290.373,720.148
0.206856,200.058,96.9583,297.016
0.207135,326.049,208.74,534.79
0.207414,-68.623,-131.453,-200.076
0.207693,433.385,297.033,730.418
0.207973,195.687,94.6019,290.289
0.208253,334.1,211.425,545.525
0.208533,-73.796,-136.911,-210.707
0.208814,438.79,296.613,735.403
0.209095,203.013,104.824,307.837
0.209376,213.641,96.8369,310.478
0.209657,280.107,170.821,450.928
0.209938,-21.8779,-101.157,-123.035
0.21022,397.702,270.951,668.653
0.210502,144.85,45.2155,190.066
0.210784,371.459,251.846,623.305
0.211067,-44.6626,-124.94,-169.603
0.21135,384.021,252.734,636.755
0.211633,194.165,88.1499,282.315
0.211916,302.486,191.195,493.68
0.2122,-8.81723,-97.2625,-106.08
0.212483,386.29,250.901,637.192
0.212767,148.084,55.1476,203.232
0.213052,350.613,219.312,569.925
0.213336,-11.345,-96.3449,-107.69
0.213621,368.494,238.789,607.283
0.213906,164.052,64.7539,228.806
0.214192,322.057,199.013,521.07
0.214477,22.9402,-68.1697,-45.2295
0.214763,347.565,224.409,571.973
0.215049,145.515,46.8161,192.331
0.215336,338.37,210.032,548.402
0.215622,40.9482,-51.3721,-10.4238
0.215909,342.336,222.507,564.844
0.216197,145.488,48.7879,194.276
0.216484,331.478,212.35,543.828
0.216772,45.3829,-48.9382,-3.55532
0.21706,337.433,214.557,551.99
0.217348,149.407,46.3272,195.735
0.217636,322.576,198.706,521.282
0.217925,56.0077,-42.1641,13.8436
0.218214,335.574,214.668,550.242
0.218504,153.682,48.7236,202.405
0.218793,326.646,200.282,526.929
0.219083,73.5526,-28.288,45.2646
0.219373,332.206,203.051,535.257
0.219663,157.379,51.6107,208.989
0.219954,310.501,193.458,503.959
0.220245,88.1168,-16.7639,71.3529
0.220536,320.445,202.485,522.93
0.220827,154.406,43.861,198.267
0.221119,311.834,186.983,498.817
0.221411,100.971,-2.68052,98.2906
0.221703,310.716,193.701,504.417
0.221996,149.032,39.9584,188.99
0.222288,304.44,191.707,496.146
0.222581,113.344,2.08396,115.428
0.222875,314.025,194.087,508.111
0.223168,153.152,44.3205,197.472
0.223462,308.032,189.73,497.762
0.223756,113.673,3.05506,116.728
0.22405,310.821,192.035,502.856
0.224345,163.895,49.3171,213.212
0.22464,295.423,179.595,475.018
0.224935,115.814,12.0044,127.819
0.22523,304.615,190.706,495.321
0.225526,159.472,46.6797,206.152
0.225822,306.057,184.358,490.416
0.226118,120.434,12.5918,133.026
0.226414,305.016,189.713,494.729
0.226711,153.676,43.5149,197.191
0.227008,304.91,178.431,483.341
0.227305,126.717,10.2738,136.991
0.227603,301.26,185.044,486.305
0.227901,155.703,42.2673,197.971
0.228199,290.554,177.371,467.925
0.228497,122.899,17.2241,140.123
0.228796,297.798,182.827,480.625
0.229095,-140.969,-187.102,-328.071
0.229394,-133.129,-183.263,-316.391
0.229693,-26.2629,-84.017,-110.28
0.229993,124.455,33.1688,157.624
0.230293,27.9783,-55.9478,-27.9695
0.230593,360.387,239.804,600.191
0.230894,-32.6459,-114.18,-146.826
0.231195,378.368,251.616,629.984
0.231496,-29.696,-114.669,-144.365
0.231797,433.901,298.078,731.979
0.232099,-25.4211,-114.57,-139.991
0.232401,271.616,159.977,431.592
0.232703,0.536451,-91.989,-91.4525
0.233005,520.129,362.543,882.672
0.233308,-7.61137,-97.6786,-105.29
0.233611,485.17,387.746,872.915
0.233914,40.6594,-44.5537,-3.89435
0.234218,487.698,378.761,866.459
0.234522,-103.697,-170.102,-273.799
0.234826,502.833,380.607,883.441
0.23513,-54.522,-135.144,-189.666
0.235435,503.629,377.86,881.488
0.23574,-64.6883,-145.058,-209.747
0.236045,506.495,378.875,885.37
0.236351,-31.9829,-116.983,-148.966
0.236656,242.814,163.906,406.72
0.236962,270.9,189.023,459.923
0.237269,239.377,150.402,389.779
0.237575,241.332,152.247,393.579
0.237882,144.079,59.4039,203.483
0.238189,270.396,179.571,449.967
0.238497,106.547,21.1588,127.706
0.238805,276.119,178.305,454.423
0.239113,136.548,40.8864,177.435
0.239421,277.19,171.913,449.103
0.239729,153.458,42.5237,195.981
0.240038,261.086,161.005,422.091
0.240347,157.504,49.1442,206.648
0.240657,242.788,143.157,385.945
0.240967,168.078,58.0759,226.154
0.241277,242.388,139.324,381.712
0.241587,175.843,64.3023,240.145
0.241897,231.31,134.423,365.733
0.242208,167.563,59.8703,227.433
0.242519,241.302,129.395,370.697
0.242831,177.887,68.1083,245.995
0.243142,242.583,134.135,376.717
0.243454,186.552,72.759,259.311
0.243766,229.829,128.276,358.105
0.244079,185.543,74.1114,259.654
0.244392,233.484,130.091,363.575
0.244705,183.392,76.4594,259.851
0.245018,242.446,134.103,376.549
0.245332,188.086,76.9552,265.041
0.245646,248.037,134.86,382.896
0.24596,180.059,67.2468,247.306
0.246275,258.737,142.47,401.206
0.246589,177.875,66.2824,244.157
0.246904,250.539,139.555,390.094
0.24722,184.639,72.5988,257.237
0.247535,258.999,145.034,404.034
0.247851,175.039,73.6676,248.706
0.248168,262.712,143.538,406.249
0.248484,176.887,70.4746,247.361
0.248801,261.24,143.729,404.969
0.249118,182.034,66.4408,248.475
0.249435,268.75,149.787,418.536
0.249753,175.583,65.7268,241.31
0.250071,264.205,146.507,410.712
0.250389,180.052,71.7494,251.801
0.250708,257.197,144.432,401.629
0.251027,181.538,68.8805,250.419
0.251346,250.993,138.222,389.214
0.251665,185.9,67.8219,253.722
0.251985,258.657,142.373,401.031
0.252305,187.067,73.5175,260.584
0.252625,260.274,146.277,406.55
0.252946,180.731,67.1808,247.911
0.253267,265.016,148.306,413.322
0.253588,180.946,66.1155,247.062
0.253909,265.7,144.462,410.161
0.254231,188.231,71.9121,260.143
0.254553,253.448,140.095,393.543
0.254875,195.512,73.4042,268.917
0.255198,258.933,140.78,399.713
0.255521,187.892,77.6686,265.56
0.255844,260.033,141.395,401.428
0.256167,190.269,73.3317,263.601
0.256491,262.486,144.749,407.235
0.256815,184.491,73.62,258.111
0.25714,252.54,137.867,390.407
0.257464,188.242,76.0952,264.337
0.257789,262.19,143.527,405.717
0.258115,187.456,72.8306,260.286
0.25844,257.898,141.253,399.151
0.258766,187.033,72.4706,259.503
0.259092,257.466,139.038,396.504
0.259419,188.248,71.7968,260.045
0.259745,253.842,142.284,396.125
0.260072,187.596,69.9616,257.557
0.2604,264.749,146.382,411.131
0.260727,183.445,67.5941,251.039
0.261055,262.205,141.177,403.382
0.261384,184.397,65.562,249.959
0.261712,260.739,145.837,406.576
0.262041,180.015,66.5363,246.552
0.26237,260.376,150.087,410.463
0.262699,187.496,71.0983,258.595
0.263029,259.018,141.849,400.867
0.263359,179.108,65.9803,245.088
0.26369,270.185,143.886,414.071
0.26402,177.694,71.7798,249.473
0.264351,255.217,135.395,390.611
0.264682,179.621,67.6188,247.24
0.265014,254.888,140.708,395.596
0.265346,182.339,72.5242,254.864
0.265678,258.375,139.796,398.17
0.26601,184.016,65.2833,249.299
0.266343,260.125,142.132,402.257
0.266676,174.267,62.6188,236.886
0.267009,257.491,140.04,397.531
0.267343,175.558,66.3872,241.945
0.267677,257.204,139.834,397.038
0.268011,181.085,68.1132,249.198
0.268346,252.868,142.764,395.632
0.268681,309.513,200.999,510.512
0.269016,387.158,274.944,662.102
0.269351,391.098,265.182,656.281
0.269687,384.153,257.56,641.712
0.270023,382.615,257.929,640.543
0.270359,355.626,239.241,594.868
0.270696,344.633,217.221,561.854
0.271033,319.331,199.813,519.145
0.27137,320.337,193.568,513.905
0.271708,308.368,189.21,497.578
0.272046,296.85,165.733,462.584
0.272384,285.421,168.313,453.733
0.272723,268.289,148.514,416.803
0.273062,283.048,165.19,448.238
0.273401,252.965,133.709,386.674
0.27374,272.863,149.614,422.477
0.27408,240.766,115.391,356.157
0.27442,261.033,149.549,410.582
0.27476,230.362,109.013,339.375
0.275101,257.748,144.13,401.878
0.275442,222.752,104.356,327.108
0.275783,256.412,141.149,397.562
0.276125,218.231,97.9363,316.167
0.276467,249.912,134.798,384.711
0.276809,218.942,97.6178,316.56
0.277152,253.26,134.359,387.62
0.277495,213.353,100.266,313.619
0.277838,248.601,129.016,377.617
0.278181,217.769,97.351,315.12
0.278525,244.391,123.198,367.588
0.278869,218.537,101.667,320.204
0.279214,243.701,122.944,366.645
0.279558,210.796,93.1907,303.987
0.279903,243.103,125.067,368.17
0.280249,214.333,96.4512,310.784
0.280594,239.001,130.456,369.457
0.28094,205.984,93.7981,299.782
0.281287,237.451,122.367,359.819
0.281633,207.625,91.5608,299.185
0.28198,246.132,125.73,371.862
0.282328,207.982,93.1123,301.094
0.282675,233.13,113.367,346.497
0.283023,212.557,101.98,314.537
0.283371,244.2,122.883,367.083
0.28372,197.472,84.8119,282.284
0.284069,241.059,120.181,361.24
0.284418,205.305,86.0927,291.398
0.284767,240.618,126.576,367.194
0.285117,-135.369,-173.744,-309.113
0.285467,-109.08,-159.975,-269.055
0.285818,-103.764,-155.288,-259.052
0.286168,-83.0487,-137.559,-220.607
0.286519,-76.2313,-123.024,-199.256
0.286871,-2.05381,-67.689,-69.7428
0.287222,190.916,92.2098,283.126
0.287574,194.846,95.7833,290.63
0.287927,209.878,102.344,312.222
0.288279,199.875,97.6919,297.567
0.288632,194.935,89.8763,284.812
0.288986,196.979,92.3768,289.356
0.289339,192.219,91.5979,283.817
0.289693,198.709,90.9673,289.676
0.290048,197.884,92.7921,290.676
0.290402,202.606,97.2271,299.833
0.290757,195.511,88.2266,283.738
0.291112,201.833,97.7089,299.542
0.291468,193.876,90.242,284.118
0.291824,204.596,95.0227,299.619
0.29218,197.526,88.3881,285.914
0.292536,203.275,95.4933,298.769
0.292893,200.493,92.0301,292.523
0.293251,209.93,97.9973,307.927
0.293608,196.139,93.4719,289.611
0.293966,206.431,96.6228,303.054
0.294324,201.606,95.5129,297.119
0.294682,213.641,99.839,313.48
0.295041,203.35,97.4686,300.819
0.2954,209.267,100.424,309.692
0.29576,194.366,89.0356,283.402
0.29612,214.74,103.373,318.113
0.29648,199.177,92.2435,291.421
0.29684,216.338,102.406,318.744
0.297201,206.728,92.9862,299.715
0.297562,215.632,103.27,318.901
0.297923,207.412,95.2799,302.692
0.298285,214.972,103.034,318.006
0.298647,199.114,91.1627,290.276
0.29901,221.05,103.668,324.719
0.299372,209.155,94.7983,303.954
0.299735,215.517,104.001,319.518
0.300099,197.921,91.4493,289.37
0.300463,217.141,101.573,318.714
0.300827,204.96,89.676,294.636
0.301191,219.989,109.248,329.237
0.301556,199.69,91.2104,290.901
0.301921,216.218,105.919,322.138
0.302286,200.593,83.7657,284.359
0.302652,220.663,103.459,324.122
0.303018,202.629,89.0082,291.637
0.303384,223.558,107.004,330.562
0.303751,201.991,82.1493,284.14
0.304118,224.235,110.44,334.675
0.304485,200.121,85.6685,285.79
0.304853,224.675,105.203,329.877
0.305221,203.091,87.2889,290.38
0.30559,221.375,111.21,332.585
0.305958,202.627,84.3276,286.954
0.306327,220.926,106.804,327.729
0.306697,195.361,83.9436,279.304
0.307067,230.437,112.911,343.348
0.307437,192.366,81.3652,273.731
0.307807,231.751,110.838,342.589
0.308178,202.877,90.3022,293.179
0.308549,225.161,112.214,337.375
0.30892,204.663,88.8552,293.519
0.309292,226.582,113.825,340.407
0.309664,195.681,80.3931,276.074
0.310036,227.647,111.295,338.942
0.310409,191.598,84.3056,275.903
0.310782,230.776,112.088,342.865
0.311156,194.356,86.1228,280.478
0.31153,224.329,110.835,335.164
0.311904,193.917,84.4534,278.37
0.312278,228.279,115.022,343.302
0.312653,199.002,84.0981,283.101
0.313028,230.181,112.954,343.135
0.313404,200.207,86.9198,287.126
0.313779,231.892,114.285,346.176
0.314155,206.965,89.6753,296.64
0.314532,232.586,115.805,348.391
0.314909,193.688,78.6666,272.355
0.315286,235.011,115.713,350.724
0.315664,194.115,90.4464,284.562
0.316041,229.755,113.625,343.38
0.31642,198.856,82.6956,281.551
0.316798,230.646,114.535,345.181
0.317177,193.457,81.8752,275.332
0.317556,236.353,116.017,352.369
0.317936,193.836,80.157,273.993
0.318316,238.916,119.922,358.838
0.318696,202.614,84.6811,287.295
0.319077,228.876,112.79,341.665
0.319458,193.995,83.0109,277.006
0.319839,231.766,117.36,349.126
0.320221,189.05,77.9287,266.979
0.320603,-4.8341,-37.8138,-42.6479
0.320985,-43.3461,-87.0499,-130.396
0.321368,332.344,217.161,549.505
0.321751,131.868,55.693,187.561
0.322134,145.953,58.9994,204.952
0.322518,264.841,148.085,412.926
0.322902,187.934,84.0343,271.968
0.323287,195.413,92.2599,287.673
0.323672,198.682,86.057,284.738
0.324057,260.788,141.906,402.694
0.324442,212.021,98.4185,310.44
0.324828,134.282,40.2899,174.572
0.325214,168.144,67.0983,235.242
0.325601,333.078,192.246,525.324
0.325988,72.3548,2.72842,75.0833
0.326375,453.977,301.942,755.919
0.326763,-107.958,-175.225,-283.183
0.327151,524.479,365.488,889.966
0.327539,-103.506,-168.044,-271.55
0.327928,526.858,364.615,891.473
0.328317,-108.472,-175.387,-283.86
0.328706,524.098,365.442,889.541
0.329096,-102.438,-163.791,-266.229
0.329486,529.308,362.172,891.48
0.329876,-121.558,-173.831,-295.389
0.330267,523.063,364.536,887.599
0.330658,-105.814,-164.829,-270.643
0.33105,523.822,360.371,884.193
0.331442,-108.935,-175.938,-284.873
0.331834,521.555,361.854,883.409
0.332226,-105.107,-171.375,-276.481
0.332619,527.221,365.874,893.094
0.333013,-120.389,-177.266,-297.655
0.333406,528.573,362.307,890.879
0.3338,-114.166,-171.282,-285.448
0.334195,535.808,366.912,902.72
0.334589,-117.023,-176.127,-293.15
0.334984,523.086,364.184,887.269
0.33538,-120.519,-176.166,-296.685
0.335776,526.46,365.538,891.997
0.336172,-118.049,-176.678,-294.727
0.336568,519.47,365.834,885.304
0.336965,-108.404,-175.414,-283.818
0.337362,512.061,361.158,873.219
0.33776,-114.734,-172.451,-287.186
0.338158,520.758,358.307,879.065
0.338556,-104.817,-169.794,-274.611
0.338955,516.18,359.105,875.284
0.339354,-113.445,-164.348,-277.792
0.339753,515.844,355.245,871.089
0.340153,-108.137,-168.497,-276.634
0.340553,513.038,356.785,869.823
0.340954,-111.43,-167.812,-279.242
0.341355,513.661,351.162,864.822
0.341756,-116.622,-170.533,-287.154
0.342158,511.102,355.244,866.346
0.34256,-120.514,-170.295,-290.809
0.342962,523.359,348.075,871.433
0.343365,-113.208,-162.202,-275.41
0.343768,513.284,356.271,869.555
0.344171,-119.678,-169.724,-289.403
0.344575,511.817,344.209,856.026
0.344979,-114.264,-163.895,-278.159
0.345384,504.26,354.741,859.001
0.345788,-121.482,-167.129,-288.611
0.346194,520.89,343.221,864.111
0.346599,-115.935,-165.211,-281.147
0.347005,509.141,351.732,860.873
0.347412,-129.593,-167.323,-296.916
0.347818,514.779,340.939,855.718
0.348226,-117.495,-168.986,-286.481
0.348633,507.555,350.223,857.778
0.349041,-122.415,-165.042,-287.457
0.349449,517.837,341.142,858.979
0.349858,-125.546,-169.453,-294.999
0.350267,507.891,349.005,856.896
0.350676,-122.644,-167.148,-289.792
0.351086,515.051,338.053,853.104
0.351496,-124.61,-167.7,-292.31
0.351906,505.831,343.653,849.484
0.352317,-128.356,-163.347,-291.703
0.352728,506.166,341.348,847.514
0.35314,-127.056,-164.071,-291.127
0.353552,499.754,341.029,840.783
0.353964,-130.284,-162.062,-292.345
0.354377,505.224,334.908,840.132
0.35479,-128.054,-165.103,-293.157
0.355203,509.178,338.244,847.422
0.355617,-133.707,-163.89,-297.597
0.356031,505.545,333.167,838.712
0.356446,-131.548,-158.58,-290.129
0.356861,509.546,336.185,845.731
0.357276,-135.388,-163.968,-299.356
0.357692,505.12,332.926,838.045
0.358108,-137.811,-164.115,-301.926
0.358524,503.582,334.343,837.925
0.358941,-136.656,-162.679,-299.336
0.359358,505.205,332.524,837.729
0.359776,-134.038,-161.946,-295.984
0.360194,507.951,334.471,842.422
0.360612,-136.269,-161.846,-298.115
0.361031,504.468,329.597,834.065
0.36145,-136.677,-158.631,-295.308
0.36187,497.121,329.158,826.279
0.36229,-131.481,-160.97,-292.451
0.36271,497.766,331.983,829.748
0.36313,-137.007,-160.875,-297.881
0.363552,492.532,328.56,821.091
0.363973,-133.29,-159.932,-293.222
0.364395,501.6,327.961,829.561
0.364817,-136.336,-161.091,-297.426
0.365239,497.218,328.383,825.6
0.365662,-136.136,-159.28,-295.416
0.366086,501.273,324.564,825.838
0.366509,-140.918,-161.104,-302.022
0.366934,498.276,330.488,828.764
0.367358,-136.891,-160.964,-297.855
0.367783,498.315,325.294,823.61
0.368208,-136.001,-156.988,-292.989
0.368634,496.92,328.254,825.175
0.36906,-138.748,-160.912,-299.659
0.369486,251.899,150.435,402.333
0.369913,306.825,184.269,491.094
0.37034,467.043,324.843,791.886
0.370768,523.774,361.729,885.503
0.371196,525.723,364.107,889.83
0.371624,523.422,362.68,886.102
0.372053,91.4577,6.40972,97.8674
0.372482,478.582,322.169,800.751
0.372912,-137.08,-161.35,-298.43
0.373342,509.739,350.07,859.81
0.373772,-120.459,-153.574,-274.033
0.374203,505.46,340.279,845.739
0.374634,-94.71,-129.445,-224.155
0.375065,491.938,329.783,821.721
0.375497,-98.6072,-139.481,-238.089
0.375929,479.512,327.136,806.648
0.376362,-71.2392,-112.92,-184.159
0.376795,476.664,319.17,795.834
0.377228,-119.01,-148.967,-267.977
0.377662,483.069,324.815,807.884
0.378096,-44.6947,-96.2425,-140.937
0.378531,480.151,320.695,800.846
0.378966,-129.804,-160.372,-290.176
0.379402,470.239,319.239,789.479
0.379837,-49.4251,-97.116,-146.541
0.380274,495.934,334.475,830.409
0.38071,-124.927,-155.482,-280.409
0.381147,466.571,310.572,777.143
0.381585,-53.6919,-99.6725,-153.364
0.382022,486.861,327.33,814.191
0.382461,-122.118,-160.762,-282.88
0.382899,463.472,309.499,772.971
0.383338,-49.9256,-97.8875,-147.813
0.383778,485.389,325.111,810.5
0.384217,-132.06,-162.144,-294.203
0.384658,462.633,312.641,775.274
0.385098,-51.7784,-99.4303,-151.209
0.385539,489.206,328.231,817.437
0.385981,-138.156,-169.147,-307.303
0.386422,469.791,307.619,777.41
0.386865,-231.226,-190.074,-421.3
0.387307,-208.047,-185.723,-393.77
0.38775,-196.261,-185.253,-381.514
0.388194,-197.318,-188.371,-385.688
0.388637,-198.917,-194.101,-393.018
0.389082,-183.777,-192.549,-376.326
0.389526,-121.971,-142.905,-264.875
0.389971,322.148,212.669,534.817
0.390417,-134.885,-167.184,-302.069
0.390863,447.717,305.254,752.971
0.391309,-135.986,-160.112,-296.098
0.391755,441.125,295.716,736.84
0.392203,-137.21,-167.925,-305.135
0.39265,476.947,323.721,800.668
0.393098,-122.05,-155.259,-277.31
0.393546,446.963,299.133,746.096
0.393995,-104.836,-139.089,-243.925
0.394444,464.217,312.856,777.073
0.394893,-98.1421,-135.095,-233.237
0.395343,247.657,175.155,422.812
0.395794,382.737,294.117,676.854
0.396244,394.811,298.468,693.279
0.396695,442.598,326.395,768.993
0.397147,370.594,266.661,637.256
0.397599,292.055,201.501,493.556
0.398051,316.034,218.057,534.091
0.398504,264.015,182.062,446.076
0.398957,322.084,218.727,540.811
0.399411,255.158,154.937,410.094
0.399865,328.499,209.608,538.107
0.400319,241.448,146.162,387.61
0.400774,305.524,192.382,497.906
0.401229,248.305,141.904,390.209
0.401685,282.841,173.244,456.085
0.402141,239.025,147.058,386.083
0.402598,267.679,151.91,419.59
0.403055,237.825,142.054,379.879
0.403512,264.246,149.357,413.602
0.40397,228.302,134.562,362.864
0.404428,238.605,131.576,370.181
0.404886,243.352,146.832,390.184
0.405345,226.34,126.169,352.508
0.405805,235.123,137.054,372.177
0.406265,206.954,97.8097,304.764
0.406725,257.577,153.002,410.579
0.407185,219.211,111.334,330.545
0.407646,242.3,140.964,383.264
0.408108,164.154,62.3697,226.524
0.40857,282.113,171.161,453.274
0.409032,179.544,75.7774,255.321
0.409495,265.092,153.585,418.677
0.409958,167.012,67.0201,234.032
0.410422,282.634,171.523,454.157
0.410886,127.03,31.4413,158.471
0.41135,298.896,179.502,478.398
0.411815,164.787,65.5061,230.293
0.41228,273.812,159.244,433.056
0.412746,148.54,46.875,195.415
0.413212,303.821,183.795,487.616
0.413679,102.033,3.2048,105.238
0.414146,312.908,189.779,502.686
0.414613,196.548,83.7919,280.339
0.415081,263.644,142.166,405.81
0.415549,148.193,44.0069,192.2
0.416018,322.685,199.567,522.252
0.416487,29.426,-56.1797,-26.7537
0.416957,336.647,210.025,546.672
0.417427,214.346,105.386,319.731
0.417897,232.797,117.611,350.408
0.418368,171.726,64.9378,236.664
0.418839,310.916,187.928,498.844
0.419311,17.7422,-65.0679,-47.3258
0.419783,332.063,210.148,542.212
0.420255,211.411,94.7753,306.186
0.420728,247.588,127.52,375.108
0.421202,156.994,53.3354,210.33
0.421675,324.057,193.739,517.796
0.42215,14.6563,-70.4285,-55.7722
0.422624,334.666,202.68,537.346
0.4231,222.926,112.43,335.356
0.423575,236.151,113.87,350.02
0.424051,151.786,52.6285,204.414
0.424527,311.475,183.003,494.478
0.425004,25.9744,-56.8141,-30.8396
0.425482,317.648,187.605,505.253
0.425959,233.434,119.741,353.175
0.426437,229.393,103.234,332.627
0.426916,158.074,50.6627,208.736
0.427395,294.992,167.332,462.324
0.427874,75.3838,-13.1603,62.2234
0.428354,302.837,171.424,474.262
0.428835,201.191,95.3361,296.527
0.429315,250.548,129.795,380.343
0.429797,125.023,30.5265,155.55
0.430278,306.952,179.258,486.211
0.43076,90.1541,-8.01284,82.1413
0.431243,287.386,157.045,444.431
0.431726,219.908,107.521,327.429
0.432209,232.57,113.094,345.664
0.432693,123.984,24.1564,148.14
0.433177,278.096,155.522,433.618
0.433662,174.159,67.5683,241.727
0.434147,258.681,137.118,395.799
0.434633,144.793,40.3534,185.146
0.435119,277.445,156.544,433.989
0.435605,127.756,33.4657,161.221
0.436092,271.913,145.979,417.892
0.436579,177.98,69.5321,247.512
0.437067,253.768,136.727,390.495
0.437556,125.931,28.9713,154.902
0.438044,263.873,146.739,410.612
0.438533,176.929,69.6411,246.57
0.439023,251.726,129.373,381.099
0.439513,141.014,37.3006,178.315
0.440003,265.328,145.309,410.637
0.440494,145.756,43.0232,188.779
0.440986,263.832,141.848,405.68
0.441477,153.738,51.2318,204.97
0.44197,257.781,138.931,396.711
0.442462,144.012,39.5372,183.549
0.442956,258.791,138.422,397.213
0.443449,164.094,62.637,226.731
0.443943,249.614,131.232,380.846
0.444438,139.734,41.8479,181.582
0.444933,251.046,132.803,383.848
0.445428,164.959,61.4365,226.395
0.445924,234.964,125.39,360.354
0.44642,153.251,52.7268,205.978
0.446917,236.339,122.903,359.242
0.447414,160.591,56.1318,216.722
0.447912,232.962,118.483,351.444
0.44841,169.103,65.6216,234.725
0.448908,225.958,113.83,339.788
0.449407,162.529,60.3653,222.895
0.449907,224.452,112.348,336.8
0.450407,174.473,73.7954,248.269
0.450907,218.363,105.167,323.53
0.451408,163.644,60.3676,224.011
0.451909,222.813,107.384,330.196
0.452411,176.595,75.2322,251.827
0.452913,212.64,103.295,315.935
0.453416,160.735,57.3637,218.099
0.453919,212.618,103.103,315.721
0.454423,180.729,80.7616,261.49
0.454927,201.702,93.5032,295.205
0.455431,160.802,62.635,223.437
0.455936,210.346,104.144,314.49
0.456441,185.576,83.8708,269.446
0.456947,204.722,94.2046,298.926
0.457454,152.271,55.2597,207.531
0.45796,213.55,102.753,316.303
0.458468,66.7539,-20.7053,46.0486
0.458975,53.9984,-7.68823,46.3102
0.459483,191.728,103.76,295.488
0.459992,225.461,127.913,353.374
0.460501,281.86,172.107,453.966
0.461011,190.03,83.8539,273.884
0.461521,256.484,147.854,404.338
0.462031,213.129,104.174,317.302
0.462542,227.25,121.349,348.599
0.463053,225.731,119.698,345.429
0.463565,211.791,97.1287,308.919
0.464078,227.507,116.995,344.502
0.46459,205.926,99.0113,304.938
0.465104,224.661,118.941,343.603
0.465617,204.32,92.8239,297.144
0.466132,209.901,104.164,314.064
0.466646,199.768,94.2561,294.024
0.467161,221.365,113.813,335.178
0.467677,198.825,93.2693,292.094
0.468193,208.83,98.1519,306.982
0.46871,202.775,100.191,302.966
0.469227,210.072,102.866,312.938
0.469744,196.999,92.575,289.574
0.470262,209.58,101.585,311.165
0.470781,188.611,84.266,272.877
0.471299,219.558,109.687,329.245
0.471819,195.407,90.465,285.872
0.472339,212.105,99.9919,312.097
0.472859,184.319,81.1688,265.488
0.47338,207.879,103.077,310.956
0.473901,183.516,84.7723,268.288
0.474423,206.47,96.2827,302.753
0.474945,182.434,77.3935,259.828
0.475468,205.816,97.859,303.675
0.475991,193.24,85.1402,278.38
0.476514,203.528,101.583,305.111
0.477038,185.217,78.7074,263.925
0.477563,200.865,95.9733,296.839
0.478088,191.225,84.4848,275.71
0.478614,211.756,103.587,315.343
0.47914,181.213,77.9454,259.158
0.479666,198.068,90.8397,288.907
0.480193,189.766,84.252,274.018
0.480721,202.352,99.2255,301.578
0.481248,184.348,79.2039,263.552
0.481777,194.635,88.591,283.226
0.482306,189.758,82.4906,272.248
0.482835,206.081,100.194,306.275
0.483365,184.937,83.1062,268.043
0.483895,193.632,90.3235,283.955
0.484426,185.457,81.3922,266.849
0.484957,204.732,94.5217,299.253
0.485489,187.88,84.1244,272.004
0.486021,192.849,90.6727,283.521
0.486554,187.514,83.7981,271.312
0.487087,202.76,91.9554,294.715
0.487621,191.025,85.081,276.106
0.488155,191.785,90.1268,281.911
0.48869,188.612,85.4916,274.104
0.489225,198.858,92.8533,291.712
0.489761,185.599,84.9801,270.579
0.490297,199.178,91.2832,290.462
0.490834,193.42,86.1094,279.53
0.491371,197.223,92.4881,289.711
0.491908,188.301,83.7909,272.091
0.492447,197.82,93.7287,291.549
0.492985,179.767,85.5252,265.292
0.493524,199.573,90.3778,289.95
0.494064,188.36,85.3079,273.668
0.494604,198.771,93.9213,292.692
0.495144,185.861,83.294,269.155
0.495685,198.49,92.1381,290.628
0.496227,188.18,86.6423,274.822
0.496769,197.155,96.7892,293.945
0.497311,189.982,83.925,273.906
0.497854,196.583,89.6783,286.261
0.498398,187.097,83.3797,270.476
0.498942,197.757,90.7913,288.549
0.499486,183.714,83.048,266.762
0.500031,190.785,89.6997,280.485
0.500577,186.734,78.1375,264.872
0.501123,195.744,90.9152,286.659
0.501669,182.247,81.6259,263.872
0.502216,194.272,92.3442,286.616
0.502764,180.692,78.1693,258.861
0.503312,196.183,89.6786,285.861
0.50386,184.858,78.1214,262.98
0.504409,191.716,86.8415,278.557
0.504959,185.458,81.6167,267.075
0.505509,194.94,88.6165,283.557
0.506059,183.127,80.2194,263.347
0.50661,189.093,86.8762,275.969
0.507162,184.794,81.2899,266.084
0.507714,190.016,88.7473,278.764
0.508266,180.604,81.0251,261.629
0.508819,186.064,86.7141,272.778
0.509372,177.842,78.4829,256.325
0.509926,188.575,88.0289,276.604
0.510481,179.433,78.2026,257.636
0.511036,190.414,84.8417,275.255
0.511591,180.735,77.4861,258.221
0.512147,187.563,81.9034,269.466
0.512704,178.883,79.085,257.968
0.513261,185.466,84.7726,270.239
0.513818,187.161,80.7131,267.874
0.514376,183.604,81.524,265.128
0.514935,180.647,79.9256,260.572
0.515494,190.232,85.3711,275.603
0.516053,185.709,80.0184,265.728
0.516614,183.663,83.9137,267.576
0.517174,181.029,81.5144,262.543
0.517735,185,84.3488,269.349
0.518297,189.295,77.5316,266.827
0.518859,186.468,82.4926,268.96
0.519421,185.462,80.7341,266.196
0.519985,-77.2124,-117.356,-194.569
0.520548,-62.9227,-116.486,-179.408
0.521112,-66.4528,-124.776,-191.228
0.521677,103.863,42.5141,146.377
0.522242,230.124,138.783,368.907
0.522808,84.9516,2.94244,87.894
0.523374,213.082,117.616,330.698
0.523941,155.091,69.2004,224.292
0.524508,151.491,60.724,212.215
0.525076,201.539,100.732,302.272
0.525644,160.13,69.5732,229.704
0.526213,174.77,74.9253,249.695
0.526782,168.168,72.9582,241.127
0.527352,183.141,82.7984,265.939
0.527922,162.329,68.3132,230.642
0.528493,181.119,83.5336,264.653
0.529064,170.891,76.8914,247.783
0.529636,173.9,78.9106,252.811
0.530208,164.229,71.213,235.442
0.530781,184.214,85.4011,269.615
0.531355,166.008,75.2158,241.223
0.531929,172.976,79.8905,252.867
0.532503,165.181,74.7028,239.883
0.533078,185.104,87.4061,272.51
0.533654,169.842,75.2417,245.084
0.53423,173.748,81.6288,255.377
0.534806,164.469,70.5304,234.999
0.535384,182.378,81.9557,264.334
0.535961,168.911,75.7931,244.704
0.536539,181.416,81.1329,262.549
0.537118,167.214,70.5644,237.779
0.537697,188.183,84.0007,272.183
0.538277,172.702,78.2147,250.917
0.538857,177.125,80.8829,258.008
0.539438,168.608,74,242.608
0.540019,178.609,80.1121,258.721
0.540601,168.571,78.5515,247.122
0.541183,180.778,82.8259,263.604
0.541766,172.303,75.2298,247.533
0.54235,183.488,84.3193,267.808
0.542934,175.633,79.0707,254.703
0.543518,177.117,81.081,258.198
0.544103,168.143,76.3581,244.502
0.544689,183.992,82.4171,266.409
0.545275,172.909,76.0906,249
0.545861,184.809,86.3464,271.155
0.546449,172.51,78.6587,251.169
0.547036,185.476,82.0385,267.515
0.547624,174.467,77.0195,251.486
0.548213,185.866,82.7863,268.653
0.548803,176.892,76.721,253.613
0.549392,188.423,82.3884,270.811
0.549983,175.483,84.3966,259.88
0.550574,187.24,85.1235,272.364
0.551165,173.12,80.9448,254.065
0.551757,187.141,89.089,276.23
0.552349,172.083,80.4413,252.525
0.552943,188.61,85.985,274.595
0.553536,178.385,80.4915,258.877
0.55413,185.101,83.6266,268.727
0.554725,175.4,80.9677,256.367
0.55532,191.152,86.1246,277.276
0.555916,176.521,79.4787,256
0.556512,191.965,83.5765,275.541
0.557109,175.488,79.1038,254.591
0.557706,191.038,86.0835,277.122
0.558304,177.204,84.203,261.407
0.558903,191.762,87.1476,278.91
0.559502,173.141,80.61,253.751
0.560101,197.36,87.2137,284.574
0.560701,178.522,81.6249,260.147
0.561302,190.838,87.6475,278.486
0.561903,177.987,80.8673,258.854
0.562505,192.702,89.4472,282.149
0.563107,173.901,80.9233,254.824
0.56371,190.801,83.0328,273.834
0.564313,180.151,82.3723,262.524
0.564917,188.444,88.1379,276.581
0.565522,174.283,81.7807,256.063
0.566127,187.545,86.9962,274.541
0.566732,177.321,79.8719,257.193
0.567338,193.58,86.1172,279.697
0.567945,179.836,81.2848,261.121
0.568552,183.616,87.6587,271.275
0.56916,178.077,83.2617,261.339
0.569768,195.932,87.9177,283.849
0.570377,179.19,78.9349,258.125
0.570987,187.427,86.4831,273.91
0.571597,176.396,81.4381,257.834
0.572207,189.534,85.9967,275.53
0.572818,179.477,79.9871,259.464
0.57343,187.219,87.9096,275.129
0.574042,178.062,80.0996,258.161
0.574655,194.185,88.2962,282.482
0.575268,176.417,77.4847,253.902
0.575882,183.495,86.6058,270.101
0.576497,177.376,81.4348,258.81
0.577112,187.911,86.203,274.114
0.577727,177.362,78.6963,256.058
0.578343,188.341,88.9499,277.291
0.57896,171.356,76.4073,247.764
0.579577,184.183,84.8668,269.049
0.580195,177.157,77.1133,254.271
0.580813,193.729,89.2744,283.003
0.581432,170.033,79.8244,249.858
0.582052,186.852,84.8649,271.717
0.582672,166.593,74.6259,241.219
0.583292,189.642,86.7999,276.442
0.583914,176.781,78.8203,255.601
0.584535,186.233,84.7241,270.957
0.585158,171.605,74.3375,245.942
0.585781,189.235,86.403,275.638
0.586404,174.807,75.5482,250.355
0.587028,187.129,86.2195,273.349
0.587653,173.192,75.0636,248.256
0.588278,181.313,84.1091,265.422
0.588903,171.898,77.8629,249.761
0.58953,186.277,83.2735,269.55
0.590157,172.125,75.6241,247.749
0.590784,186.789,87.3062,274.095
0.591412,173.464,79.0628,252.527
0.592041,178.038,81.9231,259.961
0.59267,170.108,77.5704,247.678
0.593299,187.728,86.4194,274.147
0.59393,188.39,115.652,304.042
0.59456,213.432,137.121,350.552
0.595192,255.82,161.991,417.811
0.595824,195.413,118.588,314.002
0.596456,184.324,101.022,285.346
0.59709,210.078,127.745,337.823
0.597723,206.321,114.844,321.166
0.598358,202.003,116.049,318.052
0.598992,187.088,103.991,291.079
0.599628,204.57,116.833,321.403
0.600264,199.401,109.514,308.915
0.600901,199.291,108.579,307.87
0.601538,181.86,100.678,282.538
0.602175,200.906,107.866,308.773
0.602814,196.008,101.817,297.825
0.603453,196.663,105.802,302.465
0.604092,183.681,95.9167,279.598
0.604732,199.947,105.436,305.383
0.605373,185.269,98.0582,283.327
0.606014,191.827,101.816,293.643
0.606656,175.343,89.9854,265.328
0.607298,194.731,98.9026,293.634
0.607941,180.099,92.0391,272.138
0.608585,196.431,98.7226,295.154
0.609229,175.235,88.401,263.636
0.609874,193.503,98.2677,291.771
0.610519,175.473,85.8368,261.31
0.611165,193.941,95.2608,289.202
0.611812,174.974,86.957,261.931
0.612459,192.328,97.4656,289.794
0.613107,169.632,81.9272,251.559
0.613755,195.75,92.5125,288.263
0.614404,168.848,83.4782,252.326
0.615053,187.711,95.6401,283.351
0.615703,173.815,83.3882,257.203
0.616354,189.175,96.5696,285.745
0.617005,167.19,81.401,248.591
0.617657,196.275,95.2416,291.517
0.618309,165.626,78.053,243.679
0.618962,191.362,91.3342,282.697
0.619616,163.62,80.0161,243.636
0.62027,192.406,95.3844,287.791
0.620925,168.006,78.26,246.266
0.62158,191.301,95.5528,286.854
0.622236,164.383,80.1872,244.57
0.622893,187.289,91.1809,278.47
0.62355,171.782,80.0013,251.783
0.624208,188.828,91.2807,280.109
0.624866,167.829,79.5283,247.358
0.625525,192.621,94.2824,286.903
0.626185,168.92,78.5869,247.507
0.626845,190.396,93.4171,283.813
0.627506,166.513,78.4477,244.961
0.628167,185.046,90.7937,275.839
0.628829,167.757,78.7532,246.51
0.629492,187.995,91.6094,279.604
0.630155,165.68,78.5192,244.199
0.630819,185.939,91.3179,277.256
0.631483,169.586,77.8598,247.446
0.632148,189.928,91.6155,281.543
0.632813,166.426,73.4651,239.891
0.63348,185.305,91.9715,277.276
0.634146,166.979,79.4039,246.383
0.634814,191.452,92.5986,284.051
0.635482,165.886,74.3029,240.189
0.636151,185.67,92.0202,277.69
0.63682,166.516,75.5397,242.055
0.63749,188.304,91.774,280.078
0.63816,163.694,76.2776,239.971
0.638831,185.722,91.1742,276.897
0.639503,163.004,74.716,237.72
0.640175,185.789,90.2509,276.04
0.640848,164.074,75.1155,239.19
0.641521,181.855,91.0199,272.874
0.642196,161.61,77.6933,239.303
0.64287,191.864,91.6616,283.526
0.643546,164.753,74.7055,239.459
0.644222,190.38,90.1914,280.571
0.644898,162.099,75.7741,237.873
0.645575,191.649,90.8223,282.472
0.646253,163.722,74.4655,238.187
0.646931,183.331,91.2812,274.612
0.647611,158.953,70.6874,229.64
0.64829,191.094,91.3778,282.471
0.64897,167.084,74.1587,241.243
0.649651,184.5,92.7237,277.223
0.650333,163.331,72.9673,236.298
0.651015,185.03,91.1308,276.161
0.651698,157.104,72.651,229.755
0.652381,186.401,91.5218,277.923
0.653065,155.892,71.2524,227.144
0.65375,187.324,94.3238,281.648
0.654435,154.611,70.8789,225.49
0.655121,186.585,90.4495,277.034
0.655807,156.153,71.942,228.095
0.656494,188.911,92.0713,280.982
0.657182,154.272,72.6678,226.94
0.65787,189.401,88.1513,277.552
0.658559,154.418,73.0955,227.513
0.659249,186.441,90.0187,276.46
0.659939,152.934,71.824,224.758
0.66063,182.377,89.7795,272.156
0.661321,157.707,73.6703,231.377
0.662014,185.753,91.5807,277.333
0.662706,161.308,71.7851,233.093
0.6634,183.299,91.0568,274.356
0.664094,154.628,70.2393,224.868
0.664788,187.328,88.9448,276.273
0.665484,154.773,71.0741,225.847
0.666179,188.042,91.9827,280.025
0.666876,154.266,71.2207,225.487
0.667573,187.705,91.8427,279.548
0.668271,157.086,68.8056,225.892
0.668969,188.033,91.0585,279.092
0.669668,151.022,70.2405,221.263
0.670368,196.683,90.8322,287.515
0.671068,152.097,69.3879,221.485
0.671769,187.237,89.5062,276.743
0.672471,152.15,66.9685,219.119
0.673173,189.543,93.9931,283.536
0.673876,149.529,71.0183,220.547
0.67458,191.561,93.326,284.887
0.675284,151.443,69.012,220.455
0.675989,183.124,91.5614,274.686
0.676694,151.044,69.0927,220.137
0.6774,180.525,88.128,268.653
0.678107,152.178,70.6077,222.786
0.678814,186.5,92.0988,278.599
0.679522,149.261,66.5973,215.859
0.680231,192.431,92.0278,284.459
0.68094,149.068,70.7081,219.776
0.68165,188.728,88.4669,277.195
0.682361,149.012,68.8205,217.832
0.683072,184.355,93.9438,278.299
0.683784,154.337,68.0575,222.395
0.684496,188.015,92.4564,280.472
0.68521,155.779,70.9603,226.739
0.685923,192.612,92.2038,284.816
0.686638,152.123,67.7548,219.878
0.687353,187.269,93.9067,281.175
0.688069,152.129,70.0264,222.155
0.688785,191.209,94.6459,285.855
0.689502,150.394,69.8323,220.226
0.69022,187.643,90.7993,278.443
0.690938,153.062,68.0805,221.142
0.691657,189.59,93.9566,283.546
0.692377,154.198,68.0608,222.259
0.693098,184.88,92.1594,277.039
0.693819,146.975,68.4668,215.442
0.69454,185.136,90.795,275.931
0.695262,146.273,68.4983,214.771
0.695985,192.275,91.39,283.665
0.696709,152.989,68.7558,221.745
0.697433,185.438,92.6404,278.078
0.698158,147.7,67.5188,215.219
0.698884,187.075,86.821,273.896
0.69961,153.042,68.0091,221.052
0.700337,186.199,92.0934,278.292
0.701065,144.995,66.97,211.965
0.701793,185.982,92.6584,278.64
0.702522,149.307,67.3955,216.702
0.703251,188.534,92.7821,281.316
0.703982,149.525,67.3585,216.884
0.704712,187.968,91.8152,279.783
0.705444,152.349,70.529,222.878
0.706176,184.767,90.3945,275.161
0.706909,-67.4218,-87.1529,-154.575
0.707643,-89.8274,-102.795,-192.622
0.708377,104.031,53.5432,157.575
0.709112,-22.0459,-48.9852,-71.031
0.709847,189.041,116.745,305.786
0.710584,30.5809,-13.2175,17.3634
0.71132,190.815,117.114,307.929
0.712058,66.6354,12.3677,79.0031
0.712796,205.548,122.471,328.019
0.713535,83.6419,24.5734,108.215
0.714275,211.68,126.844,338.525
0.715015,100.09,31.634,131.724
0.715756,215.72,127.802,343.522
0.716498,116.224,39.519,155.743
0.71724,210.286,129.573,339.859
0.717983,120.885,40.8774,161.762
0.718726,208.844,127.795,336.64
0.719471,126.736,44.6474,171.384
0.720216,215.124,128.934,344.057
0.720961,127.383,45.8301,173.213
0.721708,213.114,127.589,340.703
0.722455,126.173,46.445,172.619
0.723202,214.274,126.249,340.523
0.723951,129.693,46.6595,176.352
0.7247,212.003,123.131,335.135
0.725449,127.444,50.5727,178.017
0.7262,217.827,122.258,340.085
0.726951,130.403,49.9448,180.348
0.727703,216.531,123.877,340.408
0.728455,121.386,43.5046,164.891
0.729208,214.388,123.034,337.422
0.729962,126.703,45.3464,172.049
0.730717,215.207,124.927,340.134
0.731472,134.804,50.8085,185.613
0.732228,216.749,124.92,341.67
0.732984,134.547,51.6134,186.16
0.733742,222.607,120.539,343.147
0.7345,134.056,50.6715,184.728
0.735258,220.538,122.042,342.58
0.736017,134.448,53.8813,188.33
0.736777,223.896,121.845,345.741
0.737538,139.662,53.9376,193.6
0.7383,214.249,117.996,332.245
0.739062,136.939,58.3036,195.242
0.739824,210.918,115.39,326.307
0.740588,143.122,61.8184,204.94
0.741352,213.016,117.566,330.582
0.742117,143.18,61.5821,204.762
0.742883,215.683,116.282,331.965
0.743649,144.788,60.3132,205.101
0.744416,211.067,115.888,326.955
0.745183,145.916,62.078,207.994
0.745952,210.882,115.225,326.107
0.746721,146.045,64.697,210.742
0.747491,213.922,117.198,331.12
0.748261,144.04,57.8513,201.892
0.749032,217.235,119.388,336.623
0.749804,147.586,59.5717,207.157
0.750577,208.134,112.862,320.996
0.75135,150.318,65.4628,215.781
0.752124,209.321,112.046,321.366
0.752898,151.555,65.8923,217.447
0.753674,210.303,113.484,323.786
0.75445,151.992,62.2647,214.257
0.755227,213.937,116.822,330.759
0.756004,149.515,60.4209,209.936
0.756782,208.37,113.15,321.52
0.757561,146.964,63.3825,210.346
0.758341,212.282,118.83,331.112
0.759121,156.685,67.0829,223.768
0.759902,206.382,113.492,319.874
0.760684,156.51,65.8488,222.359
0.761466,211.81,111.803,323.614
0.762249,155.11,62.8104,217.92
0.763033,210.237,111.996,322.233
0.763818,153.557,63.5428,217.1
0.764603,209.605,116.179,325.784
0.765389,144.269,63.1857,207.455
0.766176,207.379,115.065,322.444
0.766963,147.701,62.5628,210.264
0.767751,204.448,111.554,316.002
0.76854,150.756,63.6378,214.394
0.76933,208.549,114.617,323.166
0.77012,152.246,66.5442,218.79
0.770911,199.097,105.278,304.375
0.771703,164.15,73.8636,238.014
0.772495,200.016,105.374,305.389
0.773289,154.226,68.3264,222.553
0.774082,201.603,111.928,313.531
0.774877,159.398,66.569,225.967
0.775672,203.977,108.482,312.458
0.776469,148.414,65.6432,214.058
0.777265,203.652,111.49,315.142
0.778063,151.145,66.2287,217.374
0.778861,202.37,107.212,309.582
0.77966,159.228,70.6982,229.926
0.78046,200.565,110.448,311.013
0.78126,151.712,71.0004,222.713
0.782061,193.813,102.747,296.56
0.782863,158.115,71.9052,230.02
0.783666,198.263,106.351,304.615
0.784469,156.014,68.4503,224.464
0.785273,192.929,105.2,298.129
0.786078,156.437,72.4064,228.844
0.786883,196.488,107.831,304.319
0.78769,158.342,71.3789,229.721
0.788497,190.592,103.014,293.607
0.789304,156.506,73.2028,229.709
0.790113,188.752,100.751,289.503
0.790922,159.358,73.5039,232.862
0.791732,191.754,107.613,299.367
0.792543,154.546,70.2985,224.844
0.793354,185.233,98.5402,283.773
0.794166,161.273,74.8199,236.093
0.794979,182.014,102.317,284.331
0.795793,156.669,73.9036,230.573
0.796607,187.383,99.1525,286.535
0.797422,158.734,75.7381,234.472
0.798238,186.972,102.944,289.916
0.799055,153.621,70.2893,223.91
0.799872,187.014,98.2282,285.242
0.80069,164.86,74.3196,239.18
0.801509,178.551,99.3775,277.929
0.802328,157.875,77.3255,235.2
0.803149,185.75,100.233,285.984
0.80397,157.277,69.5595,226.837
0.804791,191.79,103.733,295.522
0.805614,150.161,71.3204,221.482
0.806437,185.361,101.861,287.222
0.807261,155.191,72.4005,227.592
0.808086,178.396,97.4385,275.834
0.808912,158.597,79.8975,238.495
0.809738,174.888,90.9887,265.877
0.810565,164.145,80.0189,244.163
0.811393,174.087,92.1837,266.271
0.812221,154.203,77.5576,231.761
0.813051,177.167,92.4114,269.578
0.813881,157.115,76.9598,234.074
0.814711,175.403,95.6861,271.089
0.815543,151.002,73.2998,224.302
0.816375,179.648,99.7239,279.372
0.817208,146.792,68.8866,215.679
0.818042,176.883,95.7287,272.612
0.818877,155.285,75.8355,231.121
0.819712,169.524,96.6084,266.132
0.820548,158.332,79.3673,237.699
0.821385,171.659,93.4705,265.129
0.822223,163.106,76.182,239.288
0.823061,172.577,96.6797,269.257
0.8239,153.244,76.7726,230.016
0.82474,167.12,92.1937,259.314
0.825581,155.781,73.7584,229.539
0.826422,172.253,94.4818,266.735
0.827264,149.622,74.3028,223.925
0.828107,169.26,95.5362,264.796
0.828951,152.263,73.8336,226.097
0.829796,168.897,92.2804,261.177
0.830641,161.403,79.4216,240.824
0.831487,160.194,88.5316,248.725
0.832334,166.582,85.059,251.641
0.833181,163.719,85.5419,249.261
0.83403,167.045,83.8481,250.893
0.834879,157.509,85.2649,242.774
0.835729,159.472,80.3171,239.789
0.836579,168.076,90.0087,258.085
0.837431,159.866,80.3007,240.166
0.838283,162.484,86.93,249.414
0.839136,161.807,81.5846,243.392
0.83999,157.858,83.6302,241.488
0.840844,170.974,88.268,259.242
0.8417,158.703,83.9614,242.664
0.842556,165.705,86.1712,251.876
0.843413,160.396,84.7698,245.166
0.84427,166.3,87.1754,253.475
0.845129,158.921,84.9471,243.868
0.845988,158.567,78.0004,236.567
0.846848,168.509,89.4736,257.983
0.847709,164.852,82.648,247.5
0.84857,149.562,79.3375,228.9
0.849432,179.31,90.4554,269.765
0.850296,156.924,83.3328,240.257
0.85116,164.091,82.6047,246.695
0.852024,155.239,83.8143,239.053
0.85289,169.773,87.9296,257.703
0.853756,150.05,74.8694,224.92
0.854623,173.279,87.4795,260.759
0.855491,153.079,79.5356,232.615
0.856359,170.142,89.9526,260.095
0.857229,152.721,81.3357,234.056
0.858099,173.113,90.4446,263.557
0.85897,152.436,81.913,234.349
0.859842,162.991,82.1138,245.105
0.860714,153.863,85.8064,239.67
0.861588,169.587,88.4344,258.021
0.862462,148.509,75.8194,224.328
0.863337,176.003,93.6738,269.677
0.864213,149.313,80.0479,229.361
0.865089,174.769,92.7439,267.513
0.865967,153.124,79.8585,232.982
0.866845,162.825,85.6106,248.435
0.867724,343.126,279.813,622.939
0.868604,368.865,287.378,656.243
0.869484,109.523,56.7913,166.315
0.870365,330.754,237.44,568.194
0.871248,-89.1841,-117.172,-206.357
0.872131,394.288,286.859,681.147
0.873014,-84.545,-119.104,-203.649
0.873899,393.267,288.101,681.368
0.874784,-77.458,-115.848,-193.306
0.87567,397.95,288.405,686.355
0.876557,-81.5145,-115.172,-196.686
0.877445,391.853,288.46,680.313
0.878334,-84.4674,-118.526,-202.994
0.879223,393.03,286.949,679.978
0.880113,-87.9197,-117.448,-205.368
0.881004,398.695,288.746,687.44
0.881896,-83.6647,-118.941,-202.605
0.882789,395.374,285.374,680.747
0.883682,-88.2081,-117.204,-205.412
0.884576,401.503,286.767,688.269
0.885472,-90.3431,-117.714,-208.058
0.886367,400.778,287.094,687.872
0.887264,-93.2391,-121.582,-214.821
0.888162,402.519,288.775,691.294
0.88906,-96.516,-121.374,-217.89
0.889959,401.873,287.798,689.67
0.890859,-100.637,-123.422,-224.059
0.89176,404.28,286.51,690.79
0.892661,-101.546,-122.523,-224.069
0.893564,402.695,287.13,689.824
0.894467,-103.355,-122.179,-225.535
0.895371,407.093,287.427,694.52
0.896276,-103.997,-121.834,-225.831
0.897182,406.692,287.271,693.962
0.898088,-106.805,-124.327,-231.132
0.898996,412.601,287.7,700.3
0.899904,-103.375,-123.537,-226.912
0.900813,411.46,287.891,699.351
0.901723,-105.93,-124.25,-230.18
0.902633,412.285,286.075,698.36
0.903545,-107.195,-121.849,-229.044
0.904457,410.555,287.408,697.962
0.90537,-108.097,-123.223,-231.321
0.906284,415.355,287.26,702.615
0.907199,-114.487,-125.462,-239.95
0.908115,416.9,285.548,702.448
0.909031,-110.081,-125.418,-235.499
0.909948,413.849,285.297,699.146
0.910867,-116.533,-123.967,-240.5
0.911786,414.353,285.531,699.884
0.912705,-116.006,-124.592,-240.598
0.913626,412.968,286.77,699.738
0.914547,-113.311,-125.926,-239.237
0.91547,408.997,284.416,693.413
0.916393,-113.913,-123.399,-237.313
0.917317,413.249,288.646,701.895
0.918242,-112.641,-125.062,-237.703
0.919167,414.368,285.734,700.102
0.920094,-112.56,-124.538,-237.098
0.921021,410.728,286.736,697.464
0.921949,-112.971,-122.21,-235.181
0.922879,414.197,287.429,701.626
0.923808,-112.578,-123.001,-235.579
0.924739,414.07,286.053,700.124
0.925671,-110.072,-122.964,-233.036
0.926603,411.405,286.612,698.018
0.927536,-112.324,-121.749,-234.073
0.928471,413.66,285.039,698.699
0.929406,-109.179,-120.36,-229.538
0.930341,407.68,285.971,693.651
0.931278,-106.402,-121.102,-227.505
0.932216,405.519,285.34,690.859
0.933154,-105.852,-118.936,-224.788
0.934093,408.422,285.29,693.712
0.935033,-104.404,-118.55,-222.954
0.935974,407.272,284.331,691.603
0.936916,-102.243,-117.594,-219.837
0.937859,410.93,284.757,695.687
0.938802,-102.703,-119.343,-222.047
0.939747,407.006,283.729,690.736
0.940692,-106.301,-115.894,-222.195
0.941638,410.797,286.118,696.916
0.942585,-107.153,-116.889,-224.042
0.943533,407.773,283.949,691.722
0.944481,-103.554,-116.888,-220.442
0.945431,410.479,285.039,695.518
0.946381,-98.1967,-114.168,-212.365
0.947332,404.278,283.06,687.338
0.948285,-100.314,-115.341,-215.655
0.949238,408.82,282.544,691.364
0.950191,-102.904,-116.561,-219.465
0.951146,407.465,283.509,690.973
0.952102,-90.9417,-112.47,-203.411
0.953058,402.593,283.449,686.042
0.954015,-95.8936,-110.43,-206.323
0.954974,397.668,280.547,678.215
0.955933,-94.8682,-113.017,-207.885
0.956893,400.652,281.149,681.801
0.957853,-91.7261,-109.445,-201.171
0.958815,396.982,282.307,679.289
0.959778,-90.2051,-109.699,-199.904
0.960741,399.979,276.874,676.853
0.961705,-91.9284,-106.616,-198.545
0.962671,395.273,280.257,675.53
0.963637,-89.5816,-107.363,-196.945
0.964604,400.972,278.595,679.567
0.965571,-88.0621,-107.854,-195.916
0.96654,397.935,279.023,676.958
0.96751,-88.1878,-105.705,-193.893
0.96848,396.05,277.289,673.339
0.969452,-87.7446,-104.63,-192.374
0.970424,394.587,276.937,671.524
0.971397,-84.6459,-102.215,-186.861
0.972371,395.099,273.932,669.032
0.973346,-84.3306,-103.01,-187.341
0.974322,388.722,274.343,663.066
0.975298,-83.3573,-101.753,-185.11
0.976276,390.881,272.344,663.226
0.977254,-80.2269,-101.623,-181.85
0.978234,390.778,274.41,665.188
0.979214,-76.5596,-101.094,-177.653
0.980195,384.379,270.699,655.078
0.981177,-78.971,-99.4465,-178.417
0.98216,387.072,269.693,656.765
0.983143,-82.1305,-102.509,-184.64
0.984128,385.807,270.414,656.221
0.985114,-81.1892,-99.773,-180.962
0.9861,382.219,270.476,652.695
0.987088,-80.5571,-99.6095,-180.167
0.988076,384.597,268.443,653.04
0.989065,-79.6832,-100.676,-180.359
0.990055,384.541,269.378,653.918
0.991046,-79.1607,-98.1908,-177.351
0.992038,389.241,269.935,659.176
0.993031,-85.0601,-101.437,-186.497
0.994024,383.161,269.882,653.043
0.995019,-78.2327,-99.9247,-178.157
0.996014,381.973,269.614,651.587
0.997011,-79.8966,-100.837,-180.734
0.998008,385.756,272.607,658.363
0.999006,-82.5986,-102.124,-184.722
1.00001,381.759,269.601,651.36
1.00101,-81.3877,-101.443,-182.831
1.00201,379.646,270.005,649.651
1.00301,-83.813,-99.4272,-183.24
1.00402,383.088,269.422,652.509
1.00502,-85.0532,-102.698,-187.751
1.00603,384.536,270.996,655.532
1.00704,-80.2507,-102.105,-182.356
1.00805,382.195,271.201,653.396
1.00906,-84.8166,-101.985,-186.802
1.01008,382.391,268.216,650.607
1.0111,-88.106,-102.782,-190.888
1.01211,382.353,271.977,654.33
1.01313,-85.7255,-102.59,-188.315
1.01415,380.416,268.308,648.725
1.01518,-87.3366,-101,-188.336
1.0162,378.188,266.564,644.752
1.01723,-82.3064,-103.052,-185.359
1.01826,384.64,269.24,653.88
1.01929,-87.7528,-100.805,-188.557
1.02032,381.058,269.73,650.788
1.02135,-82.286,-101.257,-183.543
1.02238,377.952,267.804,645.756
1.02342,-84.6371,-98.9511,-183.588
1.02446,379.386,268.569,647.955
1.0255,-82.2698,-102.869,-185.139
1.02654,378.359,269.154,647.513
1.02758,-82.8115,-101.164,-183.976
1.02863,378.541,268.874,647.415
1.02968,-81.5409,-101.355,-182.896
1.03072,377.198,267.48,644.679
1.03177,-83.2443,-100.377,-183.621
1.03282,376.754,267.755,644.509
1.03388,-85.4749,-100.034,-185.509
1.03493,373.064,266.17,639.235
1.03599,-79.6092,-100.924,-180.534
1.03705,379.542,270.082,649.624
1.03811,-81.8785,-98.823,-180.702
1.03917,374.518,266.586,641.104
1.04023,-78.8412,-98.5003,-177.342
1.0413,372.249,263.988,636.237
1.04237,-76.6179,-95.5724,-172.19
1.04344,372.014,266.132,638.146
1.04451,-75.0389,-94.1594,-169.198
1.04558,367.586,262.184,629.77
1.04665,-76.8841,-94.7788,-171.663
1.04773,371.626,266.001,637.626
1.04881,-75.6061,-93.058,-168.664
1.04989,375.454,266.113,641.567
1.05097,-69.3544,-90.6974,-160.052
1.05205,369.908,265.456,635.364
1.05313,-71.8367,-93.1202,-164.957
1.05422,365.319,261.07,626.389
1.05531,-67.1809,-87.8165,-154.997
1.0564,363.723,259.424,623.147
1.05749,-62.4116,-86.1565,-148.568
1.05858,365.62,258.768,624.389
1.05968,-63.6916,-84.2351,-147.927
1.06078,368.621,261.537,630.158
1.06187,-62.8904,-88.5478,-151.438
1.06297,365.177,259.198,624.375
1.06408,-64.7203,-85.8019,-150.522
1.06518,365.746,260.438,626.184
1.06629,-63.5721,-86.5695,-150.142
1.06739,359.602,258.079,617.681
1.0685,-64.7624,-83.7047,-148.467
1.06962,367.023,260.317,627.34
1.07073,-67.011,-86.1753,-153.186
1.07184,368.375,260.704,629.08
1.07296,-63.4526,-85.3266,-148.779
1.07408,362.408,257.12,619.528
1.0752,-63.3158,-83.7175,-147.033
1.07632,365.515,259.272,624.787
1.07745,-65.0864,-84.6423,-149.729
1.07857,370.209,259.766,629.976
1.0797,-66.3701,-87.1512,-153.521
1.08083,365.007,261.394,626.401
1.08196,-66.0666,-87.5678,-153.634
1.08309,365.391,259.815,625.206
1.08423,-65.936,-86.9843,-152.92
1.08536,370.984,260.99,631.975
1.0865,-70.2712,-90.7765,-161.048
1.08764,370.095,262.313,632.408
1.08879,-71.8243,-87.9811,-159.805
1.08993,366.164,260.182,626.347
1.09108,-71.8495,-88.456,-160.305
1.09223,366.698,263.944,630.642
1.09337,-71.8738,-89.9238,-161.798
1.09453,371.419,261.039,632.458
1.09568,-71.3556,-87.6468,-159.002
1.09684,369.045,260.698,629.743
1.09799,-71.8809,-86.5123,-158.393
1.09915,372.318,264.103,636.421
1.10031,-72.8044,-88.5721,-161.376
1.10148,372.438,263.89,636.328
1.10264,-75.3092,-90.7321,-166.041
1.10381,371.521,264.256,635.778
1.10498,-74.2388,-89.514,-163.753
1.10615,371.541,264.57,636.111
1.10732,-107.841,-88.9861,-196.827
1.10849,10.5811,-7.54369,3.03739
1.10967,88.1346,51.4464,139.581
1.11085,148.35,93.8668,242.217
1.11203,54.2554,26.9898,81.2452
1.11321,168.736,101.545,270.281
1.11439,153.546,94.365,247.911
1.11558,82.3443,36.3996,118.744
1.11677,238.931,155.258,394.19
1.11796,86.1694,38.2852,124.455
1.11915,183.24,112.83,296.071
1.12034,99.5796,52.2692,151.849
1.12154,199.632,123.146,322.778
1.12274,100.042,48.0312,148.073
1.12394,198.878,123.794,322.671
1.12514,107.925,53.3661,161.291
1.12634,192.301,121.967,314.268
1.12755,119.354,62.5818,181.935
1.12875,158.635,95.7328,254.368
1.12996,136.614,74.5994,211.214
1.13117,162.505,102.933,265.438
1.13239,131.846,70.2231,202.07
1.1336,169.587,106.582,276.169
1.13482,132.699,74.2621,206.961
1.13604,152.514,94.159,246.673
1.13726,147.613,81.066,228.679
1.13848,161.354,100.011,261.365
1.13971,139.627,74.4411,214.068
1.14093,166.722,102.172,268.894
1.14216,142.865,76.7819,219.647
1.14339,161.342,102.539,263.881
1.14463,147.208,81.285,228.493
1.14586,156.967,93.9721,250.939
1.1471,151.56,83.1269,234.687
1.14834,151.729,93.2745,245.004
1.14958,157.857,87.8875,245.745
1.15082,149.977,91.5514,241.528
1.15207,156.79,85.3032,242.093
1.15332,157.538,95.5542,253.093
1.15456,145.564,79.4825,225.047
1.15582,175.432,111.954,287.386
1.15707,137.646,71.4981,209.144
1.15832,163.974,102.656,266.631
1.15958,148.107,79.7503,227.857
1.16084,166.164,104.191,270.355
1.1621,150.447,80.3124,230.759
1.16337,162.194,100.981,263.175
1.16463,144.705,78.1321,222.837
1.1659,163.374,102.706,266.08
1.16717,144.859,77.1948,222.053
1.16844,164.007,103.872,267.88
1.16971,141.17,77.5009,218.67
1.17099,166.319,105.968,272.287
1.17227,143.331,78.2667,221.598
1.17355,168.537,107.815,276.352
1.17483,135.683,72.6433,208.327
1.17611,171.337,107.758,279.095
1.1774,140.697,73.9245,214.622
1.17869,159.684,96.8454,256.529
1.17998,152.899,84.6751,237.574
1.18127,163.36,102.933,266.294
1.18256,143.615,77.0996,220.715
1.18386,166.768,102.505,269.272
1.18516,148.029,82.9906,231.019
1.18646,153.202,96.6433,249.845
1.18776,141.852,78.2764,220.128
1.18907,169.447,104.863,274.31
1.19038,150.834,81.3895,232.224
1.19169,149.878,90.708,240.586
1.193,150.29,85.2088,235.499
1.19431,159.521,98.6855,258.206
1.19563,143.122,80.1597,223.282
1.19694,157.671,99.9558,257.627
1.19826,145.898,81.2287,227.127
1.19959,156.345,97.8902,254.236
1.20091,152.4,90.1622,242.563
1.20224,139.507,87.2389,226.746
1.20357,155.411,92.173,247.584
1.2049,146.363,92.6935,239.057
1.20623,154.395,89.766,244.161
1.20756,142.947,87.2235,230.17
1.2089,155.189,90.2587,245.447
1.21024,141.749,89.7518,231.501
1.21158,156.086,92.0691,248.155
1.21293,140.824,90.4967,231.321
1.21427,161.578,93.0624,254.641
1.21562,137.582,80.9536,218.536
1.21697,156.71,91.8336,248.543
1.21832,147.797,95.6904,243.488
1.21968,150.143,88.3073,238.45
1.22104,151.65,96.5329,248.183
1.2224,151.153,84.9744,236.127
1.22376,145.537,91.5194,237.057
1.22512,146.513,83.813,230.326
1.22649,150.973,95.1825,246.156
1.22785,147.984,84.9526,232.937
1.22922,155.663,98.3802,254.043
1.2306,141.685,81.045,222.73
1.23197,151.896,96.3403,248.236
1.23335,145.781,86.4581,232.239
1.23473,146.4,93.0822,239.482
1.23611,145.053,87.1773,232.231
1.23749,137.671,85.2406,222.911
1.23888,150.286,88.9851,239.271
1.24027,141.777,90.2896,232.067
1.24166,146.47,84.5219,230.992
1.24305,146.908,96.908,243.816
1.24445,142.603,82.4177,225.021
1.24584,150.343,98.4142,248.757
1.24724,142.725,81.4033,224.129
1.24864,153.639,97.4126,251.052
1.25005,144.955,82.6118,227.567
1.25145,147.549,93.2846,240.834
1.25286,146.228,87.2485,233.477
1.25427,144.996,93.434,238.43
1.25569,141.631,81.6128,223.243
1.2571,137.897,88.5883,226.485
1.25852,141.888,84.4985,226.386
1.25994,142.655,91.7424,234.398
1.26136,147.7,87.7467,235.446
1.26279,142.499,94.6556,237.154
1.26421,143.292,84.1102,227.402
1.26564,146.811,99.498,246.309
1.26708,135.273,81.6193,216.892
1.26851,146.085,95.5325,241.617
1.26995,138.72,82.8087,221.528
1.27138,139.977,90.0942,230.071
1.27283,135.81,81.617,217.427
1.27427,142.769,93.511,236.28
1.27571,143.823,85.2503,229.073
1.27716,145.193,93.6926,238.886
1.27861,137.124,82.1715,219.295
1.28007,143.985,92.8515,236.837
1.28152,138.201,85.1033,223.304
1.28298,143.37,94.1509,237.521
1.28444,133.246,78.6087,211.854
1.2859,143.507,95.5998,239.107
1.28736,131.744,79.255,210.999
1.28883,143.491,96.7269,240.218
1.2903,132.289,79.0631,211.352
1.29177,142.04,96.0081,238.048
1.29325,131.22,78.1706,209.391
1.29472,154.467,102.562,257.03
1.2962,127.516,78.426,205.942
1.29768,138.838,94.5531,233.391
1.29917,138.123,84.7856,222.909
1.30065,145.8,94.729,240.529
1.30214,130.624,79.329,209.953
1.30363,148.309,97.6651,245.974
1.30513,127.534,75.7715,203.305
1.30662,146.437,97.8676,244.305
1.30812,131.658,81.0124,212.67
1.30962,151.399,97.2306,248.63
1.31112,125.661,76.0036,201.664
1.31263,149.337,99.616,248.953
1.31414,125.901,74.562,200.463
1.31565,153.48,104.932,258.413
1.31716,129.043,76.6284,205.672
1.31868,146.289,96.3082,242.597
1.32019,128.299,77.4134,205.712
1.32171,151.173,102.174,253.347
1.32324,126.07,75.5043,201.574
1.32476,146.295,100.366,246.66
1.32629,133.815,81.142,214.957
1.32782,141.59,93.4849,235.075
1.32935,130.396,78.0849,208.481
1.33089,154.147,100.997,255.144
1.33243,123.734,76.7457,200.48
1.33397,147.614,98.8858,246.5
1.33551,129.552,82.9061,212.458
1.33705,142.386,96.2741,238.66
1.3386,127.995,77.3818,205.377
1.34015,147.07,98.5906,245.661
1.34171,128.025,79.9642,207.989
1.34326,148.704,99.4397,248.144
1.34482,124.146,75.773,199.919
1.34638,152.138,100.935,253.073
1.34794,124.592,76.6925,201.285
1.34951,147.294,98.0547,245.349
1.35107,128.816,78.5238,207.339
1.35265,150.071,99.6097,249.681
1.35422,129.145,81.4261,210.571
1.35579,148.231,99.3827,247.614
1.35737,129.088,78.4564,207.545
1.35895,158.987,106.146,265.132
1.36054,123.531,75.1859,198.717
1.36212,150.706,99.4608,250.166
1.36371,126.013,77.7197,203.732
1.3653,148.081,101.498,249.579
1.3669,128.502,79.3815,207.883
1.36849,148.499,99.4768,247.976
1.37009,130.291,80.7156,211.006
1.37169,148.53,100.042,248.572
1.3733,126.248,77.9286,204.177
1.3749,143.434,97.2918,240.726
1.37651,129.608,82.353,211.961
1.37812,148.567,101.122,249.689
1.37974,121.877,75.0158,196.893
1.38135,149.594,102.794,252.388
1.38297,129.024,79.2703,208.295
1.3846,150.29,101.156,251.445
1.38622,130.653,79.8493,210.502
1.38785,156.486,103.138,259.624
1.38948,125.264,78.2599,203.524
1.39111,153.069,104.274,257.343
1.39275,125.291,77.2504,202.542
1.39439,155.211,104.954,260.164
1.39603,126.613,76.6235,203.237
1.39767,143.793,99.8919,243.685
1.39932,126.65,80.4254,207.075
1.40097,155.078,107.787,262.865
1.40262,118.665,76.1946,194.859
1.40427,155.853,108.26,264.114
1.40593,125.613,79.5468,205.16
1.40759,151.769,104.442,256.211
1.40925,122.785,75.4245,198.21
1.41092,156.085,106.675,262.76
1.41258,118.182,71.3872,189.569
1.41425,163.305,112.635,275.939
1.41593,116.687,69.2613,185.948
1.4176,165.116,113.73,278.845
1.41928,117.015,71.4815,188.496
1.42096,160.547,107.851,268.398
1.42265,121.671,75.4371,197.108
1.42433,150.251,102.169,252.42
1.42602,122.312,78.3258,200.638
1.42772,165.551,114.022,279.573
1.42941,114.47,67.2272,181.697
1.43111,170.449,117.691,288.14
1.43281,116.653,71.4851,188.138
1.43451,157.183,107.282,264.466
1.43622,122.381,77.9511,200.332
1.43793,157.249,107.053,264.303
1.43964,122.219,75.4444,197.664
1.44135,156.866,106.469,263.334
1.44307,117.555,72.2481,189.803
1.44479,166.246,114.976,281.222
1.44651,122.32,77.9784,200.298
1.44824,152.965,103.612,256.577
1.44997,123.5,79.6153,203.115
1.4517,165.067,109.806,274.872
1.45343,122.451,75.762,198.213
1.45517,157.315,108.327,265.642
1.45691,124.623,79.8283,204.451
1.45865,160.495,110.236,270.731
1.4604,120.401,76.4043,196.805
1.46214,152.869,105.81,258.679
1.4639,127.055,81.461,208.516
1.46565,155.789,108.569,264.358
1.46741,115.413,71.7618,187.175
1.46917,164.333,115.075,279.407
1.47093,115.481,71.8312,187.312
1.47269,168.101,114.979,283.08
1.47446,126.158,79.4285,205.586
1.47623,150.754,104.409,255.163
1.47801,123.951,82.5413,206.492
1.47978,155.382,103.045,258.427
1.48156,119.622,79.6398,199.261
1.48335,157.518,108.599,266.116
1.48513,125.888,81.2087,207.097
1.48692,158.979,110.959,269.938
1.48871,116.74,71.7888,188.529
1.4905,158.904,110.526,269.43
1.4923,122.141,78.1064,200.247
1.4941,152.799,106.557,259.355
1.4959,123.985,79.7954,203.781
1.49771,159.302,111.762,271.064
1.49952,121.1,78.0164,199.116
1.50133,162.753,111.226,273.979
1.50315,173.622,136.866,310.489
1.50496,-34.69,-30.711,-65.4009
1.50678,287.062,222.342,509.404
1.50861,-35.9399,-45.6872,-81.6272
1.51043,296.203,219.551,515.754
1.51226,-33.1488,-43.6859,-76.8347
1.5141,302.32,220.109,522.429
1.51593,-32.6918,-42.243,-74.9348
1.51777,304.397,220.283,524.68
1.51961,-31.5442,-41.7052,-73.2494
1.52146,302.083,219.419,521.503
1.5233,-29.8545,-41.4354,-71.2899
1.52515,302.565,218.335,520.901
1.52701,-25.3566,-39.8134,-65.17
1.52886,300.049,219.189,519.239
1.53072,-28.2573,-40.191,-68.4483
1.53258,296.937,216.645,513.582
1.53445,-21.2832,-38.2882,-59.5714
1.53632,295.846,214.646,510.492
1.53819,-24.4657,-38.0592,-62.525
1.54006,299.575,217.039,516.614
1.54194,-19.759,-34.3205,-54.0796
1.54382,293.675,214.434,508.109
1.54571,-16.5958,-31.5188,-48.1145
1.54759,293.387,214.322,507.708
1.54948,-17.7489,-35.7356,-53.4845
1.55138,295.967,215.133,511.1
1.55327,-12.9391,-29.8399,-42.779
1.55517,294.918,217.51,512.428
1.55707,-12.1756,-28.8183,-40.9939
1.55898,292.597,213.667,506.264
1.56089,-11.7368,-26.0685,-37.8053
1.5628,291.988,214.393,506.381
1.56471,-6.93093,-22.3572,-29.2881
1.56663,291.8,213.288,505.088
1.56855,-3.41598,-23.3089,-26.7249
1.57048,292.864,210.892,503.756
1.5724,-6.48513,-23.7306,-30.2157
1.57433,293.452,212.042,505.494
1.57627,-4.38512,-22.5564,-26.9415
1.5782,292.371,211.917,504.288
1.58014,-2.9258,-19.1074,-22.0332
1.58208,291.216,209.76,500.977
1.58403,1.61589,-17.3477,-15.7318
1.58598,291.06,209.616,500.676
1.58793,-0.396232,-17.7631,-18.1593
1.58989,288.41,207.186,495.596
1.59185,-3.50245,-17.6908,-21.1933
1.59381,292.702,213.215,505.917
1.59577,3.06032,-15.8351,-12.7747
1.59774,291.135,210.951,502.087
1.59971,6.78968,-14.6321,-7.84243
1.60169,289.557,209.15,498.707
1.60366,2.91307,-16.2983,-13.3852
1.60564,289.542,209.107,498.649
1.60763,3.51301,-13.7857,-10.2727
1.60962,289.136,206.735,495.871
1.61161,9.63816,-8.85452,0.783638
1.6136,288.154,206.397,494.55
1.6156,8.4832,-8.89481,-0.411614
1.6176,287.64,207.547,495.188
1.6196,10.1576,-8.8298,1.32779
1.62161,286.143,205.538,491.681
1.62362,7.27387,-9.65642,-2.38255
1.62563,281.612,205.908,487.521
1.62765,7.21973,-7.53109,-0.311359
1.62967,283.401,206.226,489.627
1.63169,8.05687,-7.21324,0.843633
1.63372,280.728,201.862,482.59
1.63575,4.0348,-8.26397,-4.22917
1.63778,283.252,204.392,487.644
1.63982,9.748,-6.6544,3.0936
1.64186,280.03,205.029,485.059
1.6439,12.1575,-3.19325,8.96426
1.64595,275.178,200.551,475.728
1.648,12.0872,-4.14745,7.93975
1.65005,279.33,203.295,482.625
1.65211,15.2805,-3.57568,11.7049
1.65417,280.667,203.062,483.728
1.65623,13.1255,-3.73346,9.39206
1.65829,271.347,198.466,469.813
1.66036,11.2211,-4.67899,6.54216
1.66244,276,198.516,474.516
1.66451,11.2739,-2.04944,9.2245
1.66659,271.861,199.915,471.776
1.66868,12.7374,-1.03277,11.7046
1.67076,272.322,197.849,470.171
1.67285,10.0075,-0.5071,9.50044
1.67495,269.724,197.373,467.097
1.67704,10.1129,-4.25164,5.8613
1.67914,270.236,196.599,466.835
1.68125,12.2782,1.67723,13.9554
1.68335,265.114,195.013,460.127
1.68547,12.8046,1.6425,14.4471
1.68758,268.031,197.418,465.449
1.6897,11.8484,1.35211,13.2005
1.69182,259.177,192.417,451.594
1.69394,14.0067,0.539156,14.5459
1.69607,269.141,198.291,467.432
1.6982,9.82861,-1.6868,8.14181
1.70033,262.637,193.869,456.506
1.70247,9.85033,-0.587982,9.26235
1.70461,263.23,194.675,457.905
1.70676,15.5641,3.9563,19.5204
1.70891,258.375,190.476,448.851
1.71106,10.6902,0.998065,11.6883
1.71322,261.727,194.38,456.107
1.71537,8.99084,-0.359637,8.6312
1.71754,260.075,195.067,455.142
1.7197,11.445,5.71999,17.165
1.72187,258.045,191.593,449.638
1.72405,14.3792,4.80429,19.1835
1.72622,258.045,193.885,451.93
1.7284,13.1284,5.7989,18.9274
1.73059,255.348,189.681,445.028
1.73277,14.7411,6.22212,20.9632
1.73496,255.722,190.52,446.242
1.73716,11.3102,5.59107,16.9013
1.73936,255.504,191.482,446.987
1.74156,8.80187,2.52849,11.3304
1.74376,257.638,191.329,448.968
1.74597,15.7558,6.63864,22.3945
1.74818,253.811,192.835,446.645
1.7504,8.96985,3.15489,12.1247
1.75262,252.609,191.883,444.493
1.75484,11.0424,3.0961,14.1385
1.75707,252.441,191.977,444.418
1.7593,13.7949,5.6209,19.4158
1.76153,253.22,190.442,443.662
1.76377,13.6163,5.85514,19.4714
1.76601,249.887,189.666,439.553
1.76826,15.3362,10.9837,26.3199
1.7705,250.556,190.544,441.099
1.77276,11.9711,8.18319,20.1543
1.77501,249.237,188.335,437.572
1.77727,16.157,9.54913,25.7061
1.77953,250.981,190.482,441.463
1.7818,14.9352,8.06587,23.001
1.78407,251.72,188.203,439.923
1.78635,13.3389,7.22849,20.5674
1.78862,252.92,190.468,443.388
1.7909,16.1609,7.90124,24.0621
1.79319,256.163,192.752,448.915
1.79548,12.0105,5.26619,17.2767
1.79777,248.049,189.1,437.149
1.80007,14.9974,9.90556,24.903
1.80237,249.148,190.962,440.11
1.80467,14.1935,9.94895,24.1424
1.80698,251.393,188.543,439.935
1.80929,16.7643,13.5026,30.2669
1.81161,246.362,188.652,435.014
1.81392,12.9615,9.33427,22.2958
1.81625,251.1,190.346,441.446
1.81857,15.8128,9.6734,25.4862
1.8209,245.491,185.318,430.809
1.82324,14.05,9.80534,23.8553
1.82558,246.096,188.563,434.659
1.82792,16.9398,10.4997,27.4394
1.83026,248.907,189.734,438.642
1.83261,13.9691,11.1065,25.0756
1.83496,244.425,185.996,430.421
1.83732,15.869,9.92963,25.7986
1.83968,246.791,187.12,433.91
1.84205,13.9581,11.2837,25.2418
1.84441,249.59,190.58,440.17
1.84679,17.1674,11.9191,29.0865
1.84916,242.293,186.673,428.966
1.85154,16.9019,12.0739,28.9758
1.85393,252.059,189.637,441.696
1.85631,13.124,12.0973,25.2213
1.85871,243.567,187.24,430.807
1.8611,15.0514,12.6185,27.6699
1.8635,242.079,184.77,426.849
1.8659,15.8725,14.6898,30.5623
1.86831,242.134,185.026,427.161
1.87072,14.1513,11.8342,25.9856
1.87314,246.84,189.459,436.298
1.87556,12.8738,11.7158,24.5896
1.87798,243.606,190.639,434.245
1.88041,18.5345,14.9908,33.5253
1.88284,239.858,185.837,425.695
1.88527,15.8107,12.4973,28.3081
1.88771,244.033,187.219,431.252
1.89015,18.2578,16.4672,34.725
1.8926,242.248,185.545,427.793
1.89505,19.3142,16.7617,36.0759
1.8975,246.064,188.17,434.235
1.89996,18.5947,14.9409,33.5356
1.90242,241.258,184.595,425.853
1.90489,21.1947,18.7298,39.9245
1.90736,239.439,184.855,424.295
1.90984,21.684,19.2847,40.9687
1.91231,237.094,183.906,421
1.9148,19.4015,15.3885,34.7901
1.91728,242.476,187.394,429.869
1.91977,19.134,17.265,36.399
1.92227,238.674,183.564,422.239
1.92477,18.031,15.5392,33.5702
1.92727,239.069,185.348,424.417
1.92978,18.959,17.7746,36.7336
1.93229,240.093,185.451,425.545
1.9348,18.0891,15.1956,33.2847
1.93732,246.153,188.683,434.835
1.93984,11.4325,15.3405,26.773
1.94237,243.45,190.073,433.523
1.9449,17.7251,15.4486,33.1736
1.94744,240.73,185.39,426.12
1.94998,14.4003,15.3771,29.7774
1.95252,244.849,186.782,431.631
1.95507,10.438,13.9717,24.4096
1.95762,244.62,189.943,434.563
1.96018,14.8286,14.1062,28.9349
1.96274,244.675,189.339,434.014
1.9653,15.7681,16.6369,32.4051
1.96787,247.758,187.939,435.698
1.97044,11.8989,14.9256,26.8244
1.97302,244.367,191.702,436.069
1.9756,14.8117,15.3131,30.1248
1.97819,241.05,185.23,426.281
1.98078,14.1237,17.5187,31.6424
1.98337,244.174,187.78,431.954
1.98597,16.1119,16.7241,32.836
1.98857,241.505,188.897,430.402
1.99118,14.2783,15.1346,29.4129
1.99379,244.051,190.569,434.62
1.9964,12.3019,15.7517,28.0536
1.99902,244.139,190.412,434.55
2.00165,8.00933,14.3499,22.3593
2.00427,246.334,188.026,434.36
2.0069,12.4903,17.6687,30.1589
2.00954,243.998,189.048,433.046
2.01218,10.6678,14.2296,24.8974
2.01483,242.764,188.002,430.765
2.01748,12.9946,17.8978,30.8924
2.02013,245.218,190.398,435.616
2.02279,11.4398,15.5121,26.9519
2.02545,246.514,192.494,439.009
2.02811,10.8694,15.8988,26.7683
2.03079,243.011,187.405,430.417
2.03346,9.86571,16.3602,26.2259
2.03614,248.281,189.922,438.203
2.03882,15.711,18.8971,34.6081
2.04151,243.512,189.459,432.972
2.0442,14.206,17.1803,31.3863
2.0469,246.568,189.188,435.756
2.0496,14.6244,19.143,33.7674
2.05231,241.003,187.843,428.846
2.05502,15.0035,19.6678,34.6713
2.05773,239.237,188.235,427.472
2.06045,14.7548,18.8282,33.583
2.06317,244.017,189.504,433.521
2.0659,15.3112,20.0346,35.3458
2.06863,239.604,189.342,428.946
2.07137,8.61341,16.7403,25.3537
2.07411,238.286,188.978,427.263
2.07686,15.0122,19.7427,34.7549
2.07961,245.343,193.68,439.023
2.08236,15.1112,21.4187,36.5299
2.08512,235.524,186.531,422.055
2.08788,15.2289,21.8901,37.1189
2.09065,239.31,189.749,429.059
2.09342,12.9052,19.4436,32.3488
2.0962,241.802,188.953,430.754
2.09898,15.1507,20.1768,35.3275
2.10177,238.49,188.099,426.588
2.10456,15.0832,22.373,37.4562
2.10735,239.559,190.855,430.414
2.11015,11.6767,20.4705,32.1472
2.11296,235.55,188.098,423.648
2.11576,13.6921,21.7583,35.4504
2.11858,239.114,189.625,428.739
2.1214,16.8154,21.1588,37.9742
2.12422,235.427,187.83,423.257
2.12704,16.4639,24.6049,41.0688
2.12988,237.519,189.347,426.866
2.13271,10.1557,20.1733,30.329
2.13555,233.664,189.393,423.057
2.1384,12.0841,21.5317,33.6158
2.14125,238.357,192.037,430.394
2.1441,9.96939,20.8523,30.8217
2.14696,238.143,190.48,428.622
2.14983,9.31872,19.2098,28.5285
2.15269,234.909,190.332,425.241
2.15557,9.48115,20.9262,30.4073
2.15845,238.232,190.41,428.642
2.16133,14.1309,21.697,35.8279
2.16421,228.901,186.789,415.691
2.16711,13.0261,24.1736,37.1997
2.17,235.035,189.683,424.718
2.1729,11.8658,21.8184,33.6842
2.17581,234.018,189.829,423.847
2.17872,11.3591,23.5583,34.9174
2.18164,231.893,188.597,420.49
2.18456,11.9447,26.7126,38.6573
2.18748,232.267,187.9,420.167
2.19041,12.569,25.4424,38.0114
2.19335,231.468,187.652,419.12
2.19628,12.3198,23.4937,35.8135
2.19923,235.443,189.342,424.785
2.20218,10.4437,23.3936,33.8373
2.20513,234.1,191.209,425.309
2.20809,14.2269,23.2016,37.4286
2.21105,234.092,189.74,423.833
2.21402,10.4231,24.8708,35.2939
2.21699,231.261,188.599,419.86
2.21997,13.9262,24.9504,38.8766
2.22295,230.432,188.926,419.358
2.22594,12.4272,24.3295,36.7567
2.22893,230.849,188.188,419.037
2.23193,14.6547,25.7195,40.3742
2.23493,228.686,187.19,415.876
2.23794,12.6428,26.4931,39.1359
2.24095,225.348,185.868,411.216
2.24397,13.7337,28.1795,41.9132
2.24699,230.855,188.991,419.846
2.25001,14.9519,27.3149,42.2668
2.25305,227.528,186.709,414.236
2.25608,9.60493,25.409,35.0139
2.25912,228.037,189.06,417.097
2.26217,16.6666,27.1392,43.8058
2.26522,228.654,188.939,417.593
2.26828,12.2961,27.1459,39.442
2.27134,227.944,187.442,415.386
2.2744,14.6623,28.1725,42.8348
2.27747,224.698,182.871,407.569
2.28055,14.6819,29.7475,44.4294
2.28363,223.955,187.205,411.16
2.28672,14.2802,30.1258,44.406
2.28981,224.692,187.23,411.921
2.2929,15.5939,29.8013,45.3951
2.296,223.244,187.47,410.715
2.29911,15.7907,28.4768,44.2675
2.30222,228.287,188.764,417.05
2.30534,11.9419,29.4396,41.3814
2.30846,229.99,189.299,419.289
2.31158,13.5594,29.8483,43.4077
2.31472,229.658,186.554,416.212
2.31785,14.572,32.7448,47.3168
2.32099,225.353,186.776,412.129
2.32414,13.4664,30.4926,43.959
2.32729,227.969,189.518,417.487
2.33045,12.3643,29.6506,42.0148
2.33361,227.143,188.766,415.909
2.33678,13.6697,30.2116,43.8813
2.33995,226.717,188.436,415.153
2.34313,14.436,33.4027,47.8387
2.34631,225.387,187.25,412.637
2.3495,17.1139,32.2439,49.3579
2.35269,223.287,187.969,411.256
2.35589,16.8758,33.719,50.5948
2.35909,225.08,187.765,412.845
2.3623,14.958,32.052,47.01
2.36552,225.357,188.917,414.274
2.36873,17.833,34.0245,51.8575
2.37196,224.704,189.793,414.497
2.37519,17.1164,32.5016,49.618
2.37842,226.537,188.11,414.647
2.38166,16.7493,33.9823,50.7316
2.38491,227.74,189.794,417.534
2.38816,18.1324,34.1745,52.3069
2.39141,227.2,190.741,417.941
2.39467,18.0409,34.2356,52.2765
2.39794,225.809,188.584,414.393
2.40121,20.4304,36.7197,57.15
2.40449,227.334,190.484,417.818
2.40777,16.6088,32.8158,49.4246
2.41106,227.385,189.303,416.688
2.41435,18.2655,35.3382,53.6038
2.41765,225.156,188.609,413.765
2.42095,17.58,35.5682,53.1482
2.42426,230.025,191.039,421.063
2.42758,17.9458,36.4762,54.422
2.4309,220.944,186.676,407.62
2.43422,17.7371,37.1857,54.9228
2.43755,226.554,188.941,415.495
2.44089,18.9872,37.2736,56.2608
2.44423,224.527,189.967,414.494
2.44758,15.7208,34.2525,49.9733
2.45093,225.542,191.915,417.457
2.45429,16.4403,38.0922,54.5325
2.45765,220.553,186.91,407.463
2.46102,17.4349,38.4013,55.8362
2.46439,223.093,187.363,410.456
2.46777,17.7589,37.6503,55.4092
2.47116,224.097,189.985,414.082
2.47455,21.1803,39.5582,60.7384
2.47795,217.895,187.611,405.506
2.48135,22.6085,40.9763,63.5849
2.48475,216.412,184.96,401.372
2.48817,19.739,40.5645,60.3035
2.49159,218.053,188.935,406.988
2.49501,20.0688,39.1214,59.1902
2.49844,218.359,186.514,404.873
2.50187,19.6263,40.1009,59.7272
2.50531,220.924,188.941,409.865
2.50876,18.7598,40.3295,59.0893
2.51221,220.808,188.4,409.208
2.51567,17.3597,39.6032,56.9629
2.51913,218.844,186.964,405.809
2.5226,20.4926,41.9191,62.4117
2.52608,218.277,187.339,405.617
2.52956,16.1971,40.6655,56.8626
2.53304,218.937,188.158,407.096
2.53653,16.5074,39.6823,56.1896
2.54003,217.906,188.779,406.685
2.54353,14.4069,39.6737,54.0805
2.54704,220.192,189.395,409.587
2.55055,17.7693,40.3053,58.0746
2.55407,214.62,187.605,402.226
2.5576,19.6944,42.4449,62.1393
2.56113,214.582,188.842,403.424
2.56467,17.1046,40.9115,58.016
2.56821,214.123,186.627,400.75
2.57176,16.3799,41.7866,58.1665
2.57531,216.273,188.12,404.393
2.57887,21.3817,44.0124,65.3941
2.58244,208.778,184.431,393.209
2.58601,18.7202,44.8797,63.5999
2.58959,216.04,188.79,404.83
2.59317,13.6125,42.1336,55.7461
2.59676,213.804,187.972,401.775
2.60035,17.1603,42.7031,59.8634
2.60395,214.763,188.502,403.266
2.60756,13.2073,40.4111,53.6184
2.61117,215.509,188.001,403.51
2.61479,15.3221,41.7669,57.0889
2.61841,219.362,191.905,411.267
2.62204,18.6052,43.9849,62.5901
2.62568,213.801,187.358,401.16
2.62932,18.9941,44.9733,63.9674
2.63297,214.078,187.957,402.035
2.63662,17.2026,45.7221,62.9246
2.64028,216.04,188.564,404.604
2.64395,15.3079,42.9763,58.2841
2.64762,216.025,189.119,405.145
2.6513,16.7191,44.5539,61.273
2.65498,214.08,187.847,401.928
2.65867,15.0768,44.159,59.2358
2.66236,214.489,189.263,403.753
2.66607,18.3801,45.6693,64.0494
2.66977,214.03,190.203,404.233
2.67349,19.0761,46.3308,65.4069
2.67721,209.421,187.467,396.888
2.68093,19.9304,46.3022,66.2325
2.68466,212.614,186.722,399.336
2.6884,20.3969,48.6894,69.0863
2.69214,214.695,190.104,404.799
2.69589,19.219,47.4259,66.6449
2.69965,209.011,184.722,393.733
2.70341,21.5233,51.1061,72.6294
2.70718,212.479,188.686,401.166
2.71095,20.9329,50.2554,71.1883
2.71473,207.451,185.345,392.796
2.71852,17.6945,50.1379,67.8324
2.72231,213.853,189.883,403.737
2.72611,16.1954,48.5818,64.7772
2.72992,215.15,189.534,404.684
2.73373,19.0392,49.4298,68.469
2.73755,211.128,188.091,399.22
2.74137,21.2394,50.1642,71.4036
2.7452,213.082,187.956,401.038
2.74903,21.1657,51.3721,72.5379
2.75288,208.104,188.02,396.124
2.75673,21.7909,54.1218,75.9127
2.76058,207.832,186.104,393.936
2.76444,22.7101,52.0142,74.7243
2.76831,211.355,187.844,399.199
2.77218,21.2447,51.4071,72.6517
2.77606,210.921,189.216,400.137
2.77995,19.1638,51.0487,70.2125
2.78384,208.421,187.661,396.082
2.78774,21.2775,52.4463,73.7238
2.79164,210.412,188.659,399.071
2.79556,22.8883,53.8921,76.7804
2.79947,206.852,187.495,394.347
2.8034,20.4116,53.9009,74.3125
2.80733,206.158,186.265,392.423
2.81126,28.087,58.1131,86.2001
2.81521,207.258,187.331,394.589
2.81916,23.0921,54.5788,77.6709
2.82311,208.634,188.77,397.405
2.82708,23.8206,54.9406,78.7612
2.83105,205.85,186.479,392.329
2.83502,22.6091,56.9247,79.5338
2.839,205.351,188.097,393.448
2.84299,20.9728,54.5798,75.5527
2.84699,204.194,186.538,390.732
2.85099,23.216,56.2347,79.4507
2.85499,206.083,189.751,395.834
2.85901,21.8193,54.8993,76.7187
2.86303,205.374,186.944,392.318
2.86706,23.4746,56.9178,80.3924
2.87109,203.459,187.124,390.583
2.87513,24.6934,58.6646,83.358
2.87918,201.491,186.632,388.123
2.88323,26.8057,58.7942,85.6
2.88729,201.556,185.968,387.524
2.89136,26.2034,59.3732,85.5766
2.89543,199.681,186.983,386.664
2.89951,24.8086,57.5045,82.3131
2.9036,201.102,188.032,389.134
2.90769,22.1899,55.282,77.4719
2.91179,198.65,187.873,386.523
2.9159,28.6095,60.0281,88.6375
2.92001,197.815,188.303,386.118
2.92413,25.1183,58.4729,83.5912
2.92826,196.097,185.069,381.167
2.93239,30.7537,63.1863,93.94
2.93653,192.308,183.839,376.147
2.94068,31.0527,62.2,93.2527
2.94483,192.64,184.88,377.52
2.94899,33.255,65.0701,98.3251
2.95316,191.954,183.493,375.447
2.95734,32.1569,65.2871,97.444
2.96152,192.713,183.854,376.567
2.9657,33.9421,65.8634,99.8055
2.9699,191.897,184.402,376.299
2.9741,30.414,62.4942,92.9083
2.97831,195.306,187.009,382.315
2.98252,31.0417,65.3295,96.3712
2.98674,189.693,184.197,373.89
2.99097,32.1263,65.1658,97.2921
2.99521,192.266,185.362,377.627
2.99945,32.355,67.389,99.7441
3.0037,186.861,182.967,369.828
3.00795,34.574,68.4271,103.001
3.01222,185.383,182.043,367.427
3.01649,35.4982,68.2113,103.709
3.02076,187.367,183.963,371.33
3.02505,33.6121,67.2118,100.824
3.02934,188.102,183.535,371.636
3.03364,34.4233,67.8752,102.298
3.03794,191.618,185.861,377.479
3.04225,34.4486,68.0395,102.488
3.04657,185.676,183.462,369.138
3.0509,34.5068,69.4481,103.955
3.05523,184.724,184.078,368.802
3.05957,33.7753,68.833,102.608
3.06392,186.772,185.628,372.4
3.06827,33.3061,67.8071,101.113
3.07263,184.912,185.417,370.329
3.077,38.1319,71.0254,109.157
3.08137,182.899,183.536,366.436
3.08576,37.7211,70.9861,108.707
3.09015,185.195,187.334,372.528
3.09454,36.021,69.8093,105.83
3.09895,186.682,186.859,373.541
3.10336,39.21,71.7855,110.995
3.10777,184.309,185.431,369.739
3.1122,36.1253,68.6848,104.81
3.11663,184.879,186.026,370.905
3.12107,35.6545,69.175,104.83
3.12552,182.403,184.99,367.393
3.12997,39.1493,72.8272,111.976
3.13443,186.658,187.024,373.682
3.1389,32.4464,71.0566,103.503
3.14338,187.649,186.527,374.176
3.14786,33.7058,72.3711,106.077
3.15235,192.466,188.255,380.72
3.15685,33.1124,70.243,103.355
3.16135,190.657,189.208,379.864
3.16587,32.2383,70.3364,102.575
3.17039,192.77,190.346,383.116
3.17491,30.9952,70.7268,101.722
3.17945,189.72,189.525,379.245
3.18399,33.7381,73.0721,106.81
3.18854,187.664,189.199,376.863
3.19309,28.0883,69.7836,97.8719
3.19766,187.534,188.59,376.124
3.20223,31.4004,73.3851,104.785
3.20681,190.101,189.527,379.629
3.21139,27.258,69.7853,97.0433
3.21599,191.717,192.139,383.856
3.22059,30.9109,72.3406,103.252
3.2252,186.508,190.025,376.533
3.22981,28.4423,70.9923,99.4346
3.23444,189.783,188.468,378.251
3.23907,28.9281,72.2971,101.225
3.2437,190.775,190.613,381.388
3.24835,32.4581,74.0628,106.521
3.253,188.796,189.828,378.624
3.25767,30.7138,74.2051,104.919
3.26233,186.385,188.39,374.774
3.26701,32.0292,74.6768,106.706
3.27169,183.834,188.864,372.698
3.27639,34.9177,78.6163,113.534
3.28108,185.486,190.036,375.522
3.28579,32.412,76.7167,109.129
3.29051,182.472,186.235,368.707
3.29523,36.6732,78.9923,115.665
3.29996,182.542,187.918,370.46
3.3047,34.0924,77.3439,111.436
3.30944,184.367,187.99,372.357
3.31419,31.6208,77.7675,109.388
3.31895,186.043,190.492,376.535
3.32372,26.6952,75.0941,101.789
3.3285,185.254,190.981,376.235
3.33328,30.357,77.1679,107.525
3.33807,186.748,191.831,378.579
3.34287,27.1606,74.9719,102.133
3.34768,183.553,190.573,374.126
3.35249,32.971,79.0603,112.031
3.35732,184.013,189.512,373.525
3.36215,31.0008,78.9293,109.93
3.36699,186.188,190.55,376.738
3.37183,28.3043,77.232,105.536
3.37669,182.847,189.103,371.95
3.38155,28.2094,78.4841,106.693
3.38642,181.902,191.632,373.535
3.3913,31.4943,78.503,109.997
3.39618,183.419,190.833,374.252
3.40108,28.1262,78.3946,106.521
3.40598,182.585,189.729,372.314
3.41089,33.351,82.7912,116.142
3.41581,179.949,187.49,367.439
3.42073,31.695,81.222,112.917
3.42567,181.626,190.734,372.36
3.43061,28.8734,79.783,108.656
3.43556,184.293,191.81,376.103
3.44051,30.0537,80.7589,110.813
3.44548,180.043,191.031,371.075
3.45045,33.2212,83.6432,116.864
3.45544,179.283,189.283,368.566
3.46043,33.2487,83.9847,117.233
3.46543,178.571,189.488,368.059
3.47043,36.777,85.3004,122.077
3.47545,176.263,188.673,364.936
3.48047,33.9478,85.582,119.53
3.4855,182.517,192.553,375.07
3.49054,31.9317,85.6514,117.583
3.49559,181.2,190.814,372.014
3.50064,30.3383,82.7855,113.124
3.5057,183.255,195.713,378.967
3.51078,30.0136,83.5857,113.599
3.51586,180.206,191.851,372.057
3.52094,35.6212,86.1236,121.745
3.52604,181.163,192.061,373.225
3.53115,32.5667,86.2755,118.842
3.53626,179.488,189.905,369.393
3.54138,35.6722,88.6592,124.331
3.54651,178.626,191.325,369.951
3.55165,32.1191,86.5774,118.697
3.55679,179.3,192.73,372.031
3.56195,32.9152,86.3308,119.246
3.56711,181.338,193.813,375.15
3.57228,34.7311,88.667,123.398
3.57746,179.369,192.495,371.864
3.58265,34.7492,88.7284,123.478
3.58785,176.112,191.888,368
3.59305,36.3468,90.9032,127.25
3.59827,177.544,190.521,368.065
3.60349,39.3834,92.4391,131.823
3.60872,175.917,190.025,365.942
3.61396,35.8234,90.9427,126.766
3.61921,178.476,192.7,371.176
3.62446,35.0862,90.7308,125.817
3.62973,179.017,192.598,371.614
3.635,36.6947,92.4238,129.118
3.64028,174.49,191.755,366.245
3.64557,39.623,93.8561,133.479
3.65087,173.456,191.412,364.868
3.65618,39.1383,93.3876,132.526
3.6615,174.855,192.228,367.083
3.66682,37.3687,92.8159,130.185
3.67216,176.986,194.684,371.67
3.6775,34.8273,91.6898,126.517
3.68285,178.32,194.571,372.892
3.68821,39.371,94.4883,133.859
3.69358,177.859,194.047,371.906
3.69895,38.3338,93.6281,131.962
3.70434,174.076,193.375,367.451
3.70973,40.8778,96.139,137.017
3.71514,172.304,192.304,364.609
3.72055,37.8216,94.0056,131.827
3.72597,175.192,193.188,368.38
3.7314,39.2656,96.133,135.399
3.73684,173.931,194.519,368.45
3.74229,38.0008,94.8873,132.888
3.74774,173.85,192.842,366.692
3.75321,38.6129,95.2363,133.849
3.75868,178.398,196.777,375.174
3.76416,40.9948,96.4289,137.424
3.76966,171.575,193.137,364.712
3.77516,40.744,98.5854,139.329
3.78067,168.973,192.708,361.681
3.78618,41.5131,99.0331,140.546
3.79171,170.514,193.035,363.549
3.79725,39.9669,100.596,140.563
3.80279,170.95,192.114,363.064
3.80835,40.9731,100.737,141.71
3.81391,169.163,192.754,361.917
3.81949,37.9088,97.6873,135.596
3.82507,174.834,196.634,371.469
3.83066,40.5326,99.3642,139.897
3.83626,168.873,193.779,362.652
3.84187,39.2393,99.9733,139.213
3.84748,170.907,196.033,366.94
3.85311,37.9587,99.2398,137.198
3.85875,171.017,194.787,365.805
3.86439,40.6764,101.813,142.49
3.87005,171.022,195.938,366.96
3.87571,39.617,100.81,140.427
3.88138,167.941,194.584,362.525
3.88707,39.8834,101.726,141.609
3.89276,170.148,196.089,366.237
3.89846,39.0042,100.957,139.961
3.90417,166.075,194.511,360.585
3.90989,43.2263,104.158,147.384
3.91562,165.242,194.011,359.252
3.92136,39.491,104.122,143.613
3.9271,169.262,195.484,364.746
3.93286,42.2438,104.547,146.791
3.93862,165.611,194.496,360.108
3.9444,42.7073,105.599,148.307
3.95018,171.805,197.104,368.909
3.95598,42.438,104.416,146.854
3.96178,168.585,195.52,364.105
3.9676,39.542,104.861,144.403
3.97342,168.223,195.886,364.109
3.97925,44.764,107.607,152.371
3.98509,170.152,196.342,366.495
3.99094,42.1465,107.476,149.623
3.9968,166.618,195.634,362.252
4.00267,44.089,108.926,153.015
4.00855,166.191,194.991,361.182
4.01444,41.3291,107.171,148.501
4.02034,168.313,197.065,365.378
4.02625,40.777,107.674,148.451
4.03216,167.396,196.86,364.256
4.03809,41.3544,108.455,149.81
4.04403,163.724,194.736,358.46
4.04997,44.7144,112.185,156.9
4.05593,165.127,196.635,361.762
4.0619,42.2272,110.158,152.385
4.06787,164.442,197.158,361.6
4.07386,40.7678,110.378,151.145
4.07985,163.963,197.701,361.664
4.08586,44.5964,111.315,155.911
4.09187,165.401,198.228,363.63
4.0979,39.3271,108.854,148.182
4.10393,162.469,196.906,359.375
4.10997,46.6772,113.79,160.468
4.11603,163.195,195.283,358.478
4.12209,46.5777,114.838,161.416
4.12816,158.318,195.641,353.959
4.13425,48.8877,116.295,165.182
4.14034,161.324,197.551,358.874
4.14644,47.858,115.077,162.935
4.15256,162.845,197.241,360.086
4.15868,46.5466,115.957,162.503
4.16481,158.531,197.772,356.302
4.17096,47.6764,115.633,163.31
4.17711,158.775,198.294,357.069
4.18327,49.795,115.837,165.632
4.18944,158.804,197.901,356.705
4.19563,51.5793,117.696,169.276
4.20182,154.458,197.089,351.547
4.20802,50.2103,117.758,167.968
4.21424,157.031,197.639,354.67
4.22046,49.3765,119.069,168.446
4.22669,156.883,196.784,353.667
4.23294,51.3834,119.779,171.163
4.23919,156.481,198.591,355.072
4.24545,53.2962,120.07,173.366
4.25173,154.833,196.907,351.74
4.25801,53.8427,122.407,176.25
4.2643,151.863,197.132,348.995
4.27061,55.7644,123.74,179.504
4.27692,151.42,195.9,347.321
4.28325,54.4543,121.15,175.605
4.28958,150.767,197.287,348.054
4.29593,55.0543,123.424,178.478
4.30229,154.509,197.678,352.187
4.30865,53.7169,120.443,174.16
4.31503,150.159,198.488,348.647
4.32142,56.9093,124.074,180.984
4.32781,147.02,197.181,344.201
4.33422,56.7674,124.54,181.308
4.34064,149.847,197.324,347.171
4.34707,58.6177,126.911,185.529
4.35351,150.082,197.859,347.941
4.35996,58.3103,125.386,183.697
4.36642,147.978,197.165,345.143
4.37289,57.6096,126.317,183.927
4.37937,147.87,197.547,345.417
4.38586,60.6741,128.115,188.79
4.39236,149.903,198.82,348.724
4.39887,58.0673,126.735,184.802
4.4054,147.844,198.313,346.157
4.41193,59.4008,127.253,186.654
4.41847,148.548,197.97,346.518
4.42503,59.629,128.221,187.85
4.4316,148.611,198.54,347.151
4.43817,59.1876,128.461,187.649
4.44476,147.534,199.507,347.041
4.45136,61.3142,130.19,191.504
4.45796,144.487,198.772,343.259
4.46458,62.0146,130.145,192.16
4.47121,145.756,199.045,344.801
4.47785,58.8862,130.131,189.017
4.48451,144.407,198.928,343.335
4.49117,61.6484,130.384,192.032
4.49784,147.444,200.333,347.777
4.50453,55.9661,129.197,185.163
4.51122,147.99,199.92,347.91
4.51793,56.9258,130.805,187.731
4.52464,151.023,200.376,351.399
4.53137,55.033,130.26,185.293
4.53811,151.87,202.101,353.971
4.54486,54.3281,130.002,184.331
4.55162,148.961,201.421,350.382
4.55839,53.3807,131.021,184.402
4.56517,151.865,201.611,353.476
4.57197,54.3326,131.18,185.512
4.57877,148.675,201.561,350.236
4.58559,56.9386,133.701,190.639
4.59241,149.021,200.771,349.793
4.59925,53.8154,132.639,186.454
4.6061,150.964,201.95,352.915
4.61296,56.0905,133.062,189.152
4.61983,147.956,201.352,349.308
4.62671,58.5502,134.649,193.199
4.63361,147.904,201.553,349.456
4.64051,57.7264,134.055,191.781
4.64743,146.82,202.357,349.177
4.65435,58.6394,135.955,194.594
4.66129,148.293,202.439,350.732
4.66824,57.0593,134.05,191.109
4.6752,147.483,202.633,350.116
4.68217,55.8425,135.762,191.604
4.68916,148.528,203.24,351.769
4.69615,56.7241,135.096,191.82
4.70316,149.494,203.177,352.671
4.71018,58.4644,136.274,194.739
4.71721,148.035,202.161,350.196
4.72425,57.3039,137.306,194.61
4.7313,145.982,202.591,348.573
4.73836,53.5873,135.354,188.942
4.74544,149.346,203.405,352.751
4.75252,54.7897,136.606,191.396
4.75962,148.12,204.397,352.517
4.76673,55.649,136.989,192.638
4.77385,147.469,202.424,349.894
4.78098,56.7884,136.688,193.477
4.78813,146.664,203.216,349.881
4.79528,55.9271,138.208,194.135
4.80245,148.746,204.187,352.932
4.80963,53.5156,137.702,191.218
4.81682,146.036,202.642,348.678
4.82402,55.4183,137.379,192.797
4.83124,144.972,203.266,348.238
4.83846,57.0465,138.005,195.051
4.8457,148.989,204.443,353.432
4.85295,56.6688,139.015,195.684
4.86021,144.615,203.601,348.216
4.86748,59.2654,140.567,199.833
4.87477,144.501,201.805,346.306
4.88206,57.7528,140.552,198.305
4.88937,146.546,204.022,350.569
4.89669,60.0599,140.878,200.938
4.90402,146.066,204.349,350.415
4.91137,57.6678,141.717,199.385
4.91872,147.194,204.071,351.264
4.92609,57.679,141.365,199.044
4.93347,146.715,203.845,350.56
4.94086,59.19,142.607,201.797
4.94827,145.286,203.905,349.191
4.95568,58.3707,141.53,199.9
4.96311,146.378,204.132,350.51
4.97055,57.8072,142.77,200.577
4.978,148.614,205,353.613
4.98547,58.1269,142.324,200.451
4.99294,146.393,205.716,352.109
5.00043,59.2426,143.651,202.893
5.00793,147.139,204.708,351.847
5.01545,59.8996,144.74,204.64
5.02299,146.389,205.985,352.374
5.03055,59.9688,143.777,203.745
5.03813,146.507,205.621,352.128
5.04572,60.0708,144.923,204.994
5.05334,143.77,205.524,349.294
5.06097,61.3021,144.204,205.506
5.06862,145.431,205.89,351.321
5.07629,61.4959,144.71,206.206
5.08398,143.648,205.058,348.706
5.09169,61.9356,145.98,207.916
5.09942,144.131,205.661,349.792
5.10717,59.7596,145.785,205.544
5.11494,142.969,205.807,348.776
5.12273,61.2178,146.925,208.143
5.13053,141.742,204.097,345.839
5.13836,62.3935,146.668,209.061
5.14621,142.689,204.429,347.118
5.15407,61.7636,147.668,209.431
5.16196,140.846,205.41,346.256
5.16986,63.6281,146.616,210.244
5.17779,140.719,205.015,345.734
5.18573,61.3677,147.086,208.454
5.1937,138.361,204.382,342.743
5.20168,62.7178,148.321,211.039
5.20968,139.291,204.424,343.715
5.21771,62.0496,148.437,210.486
5.22575,136.889,204.183,341.072
5.23382,61.8716,148.817,210.689
5.2419,138.078,204.685,342.763
5.25001,62.4878,148.757,211.245
5.25813,136.726,203.546,340.272
5.26628,61.5467,148.782,210.329
5.27444,134.999,203.505,338.503
5.28263,63.7928,149.454,213.247
5.29083,136.075,203.083,339.158
5.29906,62.6717,149.968,212.639
5.30731,136.402,204.104,340.506
5.31558,62.8086,149.9,212.708
5.32387,136.391,204.302,340.693
5.33218,67.0262,151.517,218.544
5.34051,134.438,202.864,337.301
5.34886,64.6448,152.211,216.856
5.35723,134.864,203.495,338.36
5.36562,65.6992,151.628,217.328
5.37404,137.874,204.612,342.487
5.38247,65.3878,151.198,216.586
5.39093,137.338,203.727,341.064
5.39941,67.4565,153.048,220.504
5.4079,135.35,203.885,339.235
5.41642,67.9525,154.271,222.224
5.42497,136.534,204.318,340.852
5.43353,67.4129,152.292,219.705
5.44211,136.128,203.964,340.092
5.45072,69.0484,153.63,222.678
5.45934,136.019,203.776,339.795
5.46799,69.2045,154.656,223.861
5.47666,136.074,204.335,340.409
5.48535,66.9812,152.959,219.941
5.49407,134.648,203.571,338.219
5.5028,68.5716,155.313,223.885
5.51156,134.523,204.307,338.83
5.52034,69.4884,154.039,223.528
5.52914,133.425,203.914,337.339
5.53796,71.2593,156.902,228.161
5.54681,131.447,202.62,334.066
5.55567,70.1427,155.372,225.514
5.56456,133.622,204.367,337.989
5.57347,72.063,156.707,228.77
5.58241,132.883,203.162,336.045
5.59136,69.3595,155.103,224.462
5.60034,132.37,203.511,335.881
5.60934,69.4156,157.603,227.018
5.61837,130.557,202.235,332.793
5.62741,69.3225,155.693,225.015
5.63648,129.202,201.702,330.905
5.64557,68.3141,155.792,224.106
5.65469,130.088,202.942,333.03
5.66382,69.6948,156.925,226.62
5.67298,131.779,202.648,334.427
5.68216,68.4131,156.226,224.639
5.69137,131.485,202.946,334.431
5.7006,69.942,158.204,228.146
5.70985,130.486,202.562,333.048
5.71912,67.9124,157.383,225.296
5.72842,129.482,202.768,332.25
5.73774,70.0578,157.748,227.806
5.74709,128.632,201.186,329.818
5.75646,70.7847,159.238,230.022
5.76585,128.344,202.436,330.781
5.77526,74.5248,160.115,234.64
5.7847,126.06,201.247,327.307
5.79416,76.8365,160.966,237.803
5.80365,125.128,200.949,326.077
5.81316,76.5394,161.959,238.498
5.82269,126.359,201.686,328.045
5.83225,77.0304,162.016,239.047
5.84183,125.846,202.351,328.197
5.85143,79.0948,162.196,241.291
5.86106,122.148,199.765,321.913
5.87071,82.1877,163.034,245.221
5.88039,122.122,200.146,322.268
5.89009,80.5618,162.59,243.152
5.89981,120.46,199.524,319.983
5.90956,79.9719,163.2,243.172
5.91934,119.514,198.651,318.165
5.92914,81.3803,163.196,244.576
5.93896,119.435,198.455,317.889
5.94881,80.5631,163.116,243.679
5.95868,118.549,197.53,316.079
5.96858,80.8671,164.322,245.189
5.9785,116.671,197.91,314.582
5.98844,81.4648,164.308,245.772
5.99841,113.958,197.141,311.099
6.00841,83.9592,165.322,249.281
6.01843,113.726,196.882,310.608
6.02848,83.7563,164.888,248.644
6.03855,114.671,196.519,311.19
6.04864,81.1252,164.767,245.892
6.05877,112.464,195.494,307.958
6.06891,84.8318,165.648,250.479
6.07909,113.122,196.423,309.545
6.08928,86.9504,167.555,254.505
6.09951,113.578,196.576,310.154
6.10976,87.4985,167.809,255.307
6.12003,113.703,196.027,309.73
6.13033,85.2779,166.933,252.21
6.14066,115.734,195.405,311.139
6.15101,83.5283,167.945,251.474
6.16138,117.093,196.04,313.133
6.17179,83.1713,167.802,250.974
6.18222,119.75,196.317,316.067
6.19267,82.0658,166.984,249.049
6.20316,120.117,197.68,317.797
6.21366,80.2308,166.966,247.197
6.2242,120.846,197.818,318.665
6.23476,80.5647,167.039,247.604
6.24534,120.91,197.707,318.617
6.25596,80.6052,167.01,247.615
6.2666,119.218,197.367,316.584
6.27726,82.3341,167.239,249.573
6.28796,118.645,197.128,315.773
6.29868,82.5095,167.793,250.302
6.30942,116.608,196.782,313.389
6.3202,83.2789,167.972,251.251
6.331,117.46,197.118,314.579
6.34183,82.6122,168.245,250.857
6.35268,117.632,196.503,314.135
6.36356,84.3697,169.137,253.506
6.37447,116.799,196.27,313.069
6.38541,83.7237,168.321,252.044
6.39637,114.524,194.824,309.348
6.40736,82.8796,169.412,252.292
6.41838,116.682,196.785,313.467
6.42943,82.9312,168.425,251.356
6.4405,115.773,196.097,311.87
6.4516,81.5191,169.138,250.657
6.46273,115.976,195.571,311.547
6.47389,80.806,168.209,249.015
6.48507,118.474,196.459,314.933
6.49628,81.5306,167.993,249.524
6.50752,117.839,196.039,313.878
6.51879,83.1545,169.128,252.282
6.53009,116.557,195.999,312.555
6.54142,83.616,169.288,252.903
6.55277,116.483,195.709,312.193
6.56415,83.926,168.186,252.112
6.57556,117.194,196.091,313.285
6.587,82.6747,169.013,251.688
6.59847,116.878,195.402,312.28
6.60996,85.3613,169.724,255.085
6.62149,118.437,195.612,314.049
6.63304,82.835,168.937,251.772
6.64463,116.615,195.34,311.955
6.65624,85.0873,168.94,254.027
6.66788,116.213,195.081,311.293
6.67955,85.3543,170.126,255.48
6.69125,116.251,195.021,311.272
6.70297,87.7333,170.417,258.15
6.71473,115.251,194.096,309.346
6.72652,89.241,170.677,259.918
6.73833,112.893,193.485,306.378
6.75018,86.8633,170.388,257.252
6.76206,114.311,193.34,307.651
6.77396,85.746,170.111,255.857
6.7859,113.851,194.389,308.24
6.79786,84.6199,170.843,255.463
6.80986,112.617,192.976,305.593
6.82188,85.4832,170.415,255.898
6.83393,112.111,193.253,305.364
6.84602,86.9409,170.73,257.671
6.85813,112.421,193.375,305.795
6.87028,88.259,171.833,260.092
6.88246,112.353,192.621,304.973
6.89466,88.1075,171.785,259.893
6.9069,111.06,193.105,304.165
6.91917,87.0277,171.022,258.05
6.93146,112.115,193.038,305.153
6.94379,87.4785,171.289,258.768
6.95615,111.019,192.563,303.582
6.96854,86.4569,170.501,256.958
6.98096,112.773,193.112,305.886
6.99342,86.5982,170.967,257.565
7.0059,114.22,192.726,306.946
7.01841,85.241,170.804,256.045
7.03096,116.303,193.703,310.006
7.04354,85.9205,170.557,256.477
7.05615,116.488,193.987,310.475
7.06879,85.6177,170.905,256.522
7.08146,114.105,193.085,307.19
7.09416,86.2668,171.1,257.367
7.1069,116.528,193.316,309.844
7.11966,86.4475,170.812,257.26
7.13246,114.318,192.755,307.074
7.1453,86.7612,170.712,257.473
7.15816,114.638,193.091,307.729
7.17105,86.8096,170.576,257.385
7.18398,114.321,192.98,307.301
7.19694,87.4206,171.206,258.627
7.20993,116.132,193.311,309.443
7.22296,86.2667,170.594,256.861
7.23602,112.971,192.669,305.64
7.24911,87.5738,170.465,258.038
7.26223,112.07,191.636,303.706
7.27538,88.8924,170.707,259.6
7.28857,111.588,192.04,303.629
7.30179,88.6142,171.444,260.058
7.31505,112.619,192.045,304.664
7.32834,89.1858,172.932,262.118
7.34166,112.898,192.793,305.691
7.35501,90.6212,171.502,262.123
7.3684,112.304,191.91,304.215
7.38182,91.1652,171.794,262.96
7.39527,111.063,190.752,301.815
7.40876,92.3863,172.854,265.241
7.42228,110.382,190.729,301.111
7.43584,92.0857,171.907,263.993
7.44943,109.114,190.2,299.315
7.46305,92.7988,171.772,264.571
7.47671,107.662,189.313,296.975
7.4904,93.8814,172.808,266.689
7.50413,107.29,188.903,296.193
7.51789,92.8938,172.343,265.237
7.53168,105.665,188.467,294.132
7.54551,94.7683,173.207,267.976
7.55938,106.509,188.396,294.906
7.57328,94.7424,173.108,267.851
7.58721,105.302,187.407,292.709
7.60118,94.3345,173.115,267.449
7.61518,105.714,187.639,293.353
7.62922,93.1259,172.138,265.264
7.64329,105.547,187.437,292.984
7.6574,94.1677,172.003,266.171
7.67154,107.097,187.862,294.959
7.68572,92.0675,171.721,263.788
7.69994,106.046,187.507,293.553
7.71419,94.5814,172.369,266.951
7.72847,105.846,186.768,292.614
7.74279,93.4579,171.839,265.297
7.75715,105.534,187.337,292.871
7.77154,94.013,172.357,266.37
7.78597,104.607,187.04,291.646
7.80044,93.4338,172.49,265.924
7.81494,104.357,186.619,290.976
7.82947,93.6446,173.279,266.924
7.84405,106.043,186.831,292.874
7.85866,94.7818,173.079,267.861
7.8733,104.579,186.359,290.938
7.88799,95.432,172.374,267.806
7.90271,104.779,185.892,290.671
7.91746,97.7226,174.203,271.926
7.93226,103.629,185.42,289.049
7.94709,96.8947,174.404,271.299
7.96196,103.079,185.549,288.628
7.97686,98.447,174.127,272.574
7.9918,102,184.613,286.613
8.00678,99.2632,175.388,274.651
8.0218,101.707,183.998,285.705
8.03685,98.7354,175.143,273.879
8.05195,99.1388,182.776,281.915
8.06708,100.234,175.158,275.392
8.08224,97.6591,182.098,279.757
8.09745,98.9541,174.391,273.345
8.11269,97.2411,181.941,279.182
8.12798,100.839,175.528,276.367
8.14329,96.3184,182.143,278.461
8.15865,99.3757,174.662,274.038
8.17405,96.2123,181.055,277.268
8.18948,100.707,175.159,275.865
8.20496,98.102,181.937,280.039
8.22047,99.9715,175.362,275.333
8.23602,98.2514,181.764,280.015
8.25161,100.419,175.059,275.477
8.26724,97.7445,181.368,279.112
8.28291,99.4567,174.675,274.132
8.29862,97.9646,181.482,279.447
8.31436,101.414,176.071,277.486
8.33015,97.8222,181.087,278.909
8.34597,102.441,175.858,278.299
8.36184,96.7772,180.535,277.312
8.37774,101.435,175.321,276.756
8.39369,97.7088,180.361,278.07
8.40967,102.215,174.979,277.194
8.4257,97.0329,179.907,276.94
8.44176,102.331,175.311,277.642
8.45787,95.5413,178.788,274.329
8.47401,104.211,176.274,280.485
8.4902,95.5029,178.742,274.245
8.50642,102.984,175.885,278.869
8.52269,94.7213,178.47,273.191
8.53899,103.043,175.828,278.87
8.55534,95.9868,178.407,274.394
8.57173,104.376,176.132,280.508
8.58816,92.5017,177.331,269.833
8.60463,105.246,176.947,282.193
8.62114,89.2694,175.894,265.163
8.63769,108.556,177.728,286.284
8.65429,86.7028,174.246,260.949
8.67092,109.674,178.702,288.375
8.6876,86.7169,173.971,260.688
8.70432,107.909,178.819,286.728
8.72108,88.1236,173.365,261.489
8.73788,105.729,178.438,284.167
8.75473,88.8102,173.22,262.03
8.77161,105.894,178.491,284.385
8.78854,89.8387,173.902,263.741
8.80552,102.614,177.366,279.98
8.82253,93.8082,174.284,268.092
8.83959,100.784,176.644,277.428
8.85668,96.421,175.943,272.364
8.87383,97.1015,175.254,272.356
8.89101,98.9773,176.564,275.542
8.90824,95.9242,174.033,269.958
8.92551,99.8946,176.71,276.604
8.94282,96.4202,174.373,270.793
8.96018,100.371,176.625,276.997
8.97758,94.8689,173.918,268.787
8.99502,99.5013,176.687,276.188
9.01251,94.7217,173.833,268.554
9.03004,99.7015,176.052,275.753
9.04762,95.327,173.907,269.234
9.06524,100.878,177.222,278.1
9.0829,94.98,172.688,267.668
9.10061,99.3016,176.037,275.339
9.11836,95.5903,172.699,268.29
9.13615,99.9459,176.441,276.386
9.15399,95.7888,173.41,269.199
9.17188,99.3487,176.545,275.893
9.18981,95.7888,172.91,268.698
9.20778,98.7299,175.562,274.292
9.2258,95.7786,172.737,268.516
9.24387,98.9036,176.394,275.297
9.26198,96.1626,172.727,268.89
9.28013,97.7455,176.128,273.873
9.29833,94.5393,171.912,266.452
9.31658,99.0885,176.5,275.589
9.33487,93.9556,172.107,266.062
9.35321,98.3978,176.103,274.501
9.37159,93.4478,171.218,264.666
9.39002,100.411,176.445,276.856
9.40849,93.816,171.128,264.944
9.42702,99.3168,175.641,274.958
9.44558,93.4278,170.92,264.348
9.4642,99.9572,176.118,276.075
9.48286,93.5054,170.658,264.164
9.50156,100.699,176.215,276.913
9.52032,91.8174,170.234,262.052
9.53912,101.631,175.917,277.548
9.55797,92.016,170.1,262.116
9.57686,101.602,176.226,277.828
9.5958,92.6463,170.289,262.935
9.61479,99.8428,175.346,275.188
9.63383,93.0955,170.664,263.76
9.65292,99.5597,174.939,274.499
9.67205,93.148,170.022,263.17
9.69123,99.2247,174.76,273.985
9.71046,93.6114,170.646,264.257
9.72973,99.0393,174.22,273.259
9.74906,94.3105,170.828,265.138
9.76843,96.8033,173.788,270.591
9.78785,95.3216,171.203,266.525
9.80732,96.7378,172.588,269.326
9.82684,96.1518,171.28,267.432
9.84641,94.5962,172.463,267.059
9.86602,97.0811,171.703,268.784
9.88569,95.8458,172.43,268.276
9.9054,97.1995,171.268,268.467
9.92516,93.5223,171.282,264.804
9.94498,96.8563,171.173,268.029
9.96484,93.2962,170.6,263.896
9.98475,96.665,171.559,268.224
10.0047,95.4365,171.499,266.936
10.0247,98.0262,170.951,268.977
10.0447,95.12,170.83,265.95
10.0647,98.2002,172.047,270.247
10.0847,94.6279,171.094,265.722
10.1047,97.999,171.486,269.485
10.1247,94.084,169.654,263.738
10.1447,97.9522,171.074,269.026
10.1647,95.1601,170.611,265.771
10.1847,96.9012,170.738,267.639
10.2047,97.2269,170.725,267.952
10.2247,96.3512,170.778,267.13
10.2447,96.2265,170.741,266.967
10.2647,97.4059,169.898,267.304
10.2847,96.3169,170.224,266.541
10.3047,97.0901,169.944,267.034
10.3247,97.5983,169.974,267.572
10.3447,96.3247,169.823,266.148
10.3647,97.6436,170.311,267.955
10.3847,96.8762,169.126,266.002
10.4047,98.3568,170.764,269.121
10.4247,95.4467,168.656,264.103
10.4447,98.8172,170.303,269.12
10.4647,95.3815,168.343,263.725
10.4847,98.7237,169.929,268.653
10.5047,94.8585,167.7,262.559
10.5247,98.407,169.688,268.095
10.5447,95.1307,167.802,262.933
10.5647,98.6807,169.571,268.252
10.5847,95.3181,168.101,263.42
10.6047,98.379,168.838,267.217
10.6247,95.1485,167.612,262.761
10.6447,99.6583,169.413,269.071
10.6647,94.6342,166.868,261.502
10.6847,99.3561,169.355,268.711
10.7047,94.339,166.891,261.23
10.7247,99.8106,169.508,269.318
10.7447,93.0393,166.471,259.511
10.7647,99.8434,169.22,269.063
10.7847,94.1079,166.538,260.646
10.8047,100.386,169.227,269.613
10.8247,93.5435,166.196,259.739
10.8447,98.7605,168.451,267.212
10.8647,94.1127,166.592,260.705
10.8847,98.3946,168.236,266.631
10.9047,96.0001,166.573,262.574
10.9247,96.7312,167.155,263.887
10.9447,96.3573,166.422,262.779
10.9647,97.3256,167.592,264.917
10.9847,96.4346,166.715,263.15
11.0047,96.3026,166.645,262.947
11.0247,96.1856,166.447,262.632
11.0447,96.8033,166.58,263.384
11.0647,95.7697,165.712,261.482
11.0847,96.5631,166.079,262.642
11.1047,96.5532,166.232,262.786
11.1247,96.3137,166.045,262.359
11.1447,95.1021,165.686,260.789
11.1647,96.6473,165.787,262.434
11.1847,96.3377,165.167,261.505
11.2047,96.7465,165.71,262.457
11.2247,94.9892,164.906,259.895
11.2447,95.5183,164.812,260.33
11.2647,93.3112,164.691,258.002
11.2847,96.5822,165.124,261.706
11.3047,93.9289,164.949,258.878
11.3247,96.8125,165.644,262.457
11.3447,93.9152,164.139,258.054
11.3647,95.7917,165.067,260.859
11.3847,92.7138,163.213,255.927
11.4047,96.1602,164.467,260.627
11.4247,93.8447,163.439,257.284
11.4447,96.1458,164.467,260.613
11.4647,92.7677,163.425,256.193
11.4847,97.0771,164.319,261.396
11.5047,91.7187,162.699,254.418
11.5247,95.5172,164.002,259.52
11.5447,92.0607,162.254,254.314
11.5647,96.5374,164.254,260.792
11.5847,92.3242,162.621,254.945
11.6047,94.2398,163.087,257.327
11.6247,92.7531,162.331,255.084
11.6447,94.6096,163.115,257.724
11.6647,93.4599,162.114,255.574
11.6847,93.1363,162.505,255.642
11.7047,93.6528,161.967,255.62
11.7247,94.7172,163.008,257.725
11.7447,93.6291,161.977,255.606
11.7647,94.3374,162.11,256.448
11.7847,92.4232,161.744,254.167
11.8047,94.4152,161.902,256.317
11.8247,93.7237,161.886,255.609
11.8447,93.7116,161.423,255.135
11.8647,94.6823,162.182,256.865
11.8847,92.5136,161.428,253.942
11.9047,93.6385,161.299,254.938
11.9247,91.185,160.773,251.958
11.9447,94.3329,161.281,255.614
11.9647,90.4044,160.083,250.487
11.9847,93.2641,160.955,254.219
12.0047,90.7744,159.863,250.637
12.0247,93.3779,160.942,254.32
12.0447,90.8944,160.077,250.971
12.0647,92.6866,160.657,253.343
12.0847,92.1364,159.832,251.968
12.1047,93.1956,160.681,253.876
12.1247,89.8619,159.079,248.941
12.1447,93.4093,160.194,253.603
12.1647,89.0106,158.591,247.601
12.1847,93.8165,160.166,253.982
12.2047,89.8885,158.291,248.179
12.2247,93.5765,159.72,253.296
12.2447,89.797,158.296,248.093
12.2647,92.8942,159.392,252.286
12.2847,89.6376,158.067,247.705
12.3047,93.9875,159.805,253.793
12.3247,88.8831,157.593,246.477
12.3447,92.7186,158.939,251.658
12.3647,88.2618,157.772,246.034
12.3847,92.0999,158.579,250.679
12.4047,88.306,157.221,245.527
12.4247,90.8139,158.022,248.836
12.4447,87.9395,157.374,245.314
12.4647,91.7596,158.319,250.078
12.4847,89.4291,157.184,246.613
12.5047,90.3747,157.843,248.218
12.5247,88.1502,156.803,244.953
12.5447,91.3842,157.837,249.221
12.5647,88.3844,156.402,244.786
12.5847,90.4827,157.21,247.693
12.6047,89.0746,156.46,245.534
12.6247,89.6153,156.599,246.215
12.6447,88.1423,156.428,244.57
12.6647,89.0868,156.162,245.248
12.6847,87.633,155.314,242.947
12.7047,88.5407,155.956,244.497
12.7247,86.8385,155.206,242.044
12.7447,88.5576,155.365,243.922
12.7647,87.7695,155.66,243.43
12.7847,89.1757,155.924,245.099
12.8047,87.4648,155.362,242.827
12.8247,88.5769,155.19,243.767
12.8447,88.293,155.443,243.736
12.8647,87.911,155.013,242.924
12.8847,87.3996,155.034,242.433
12.9047,87.9084,154.911,242.82
12.9247,87.65,155.067,242.717
12.9447,88.1278,154.887,243.015
12.9647,86.4157,154.501,240.917
12.9847,87.1254,154.23,241.355
13.0047,86.2049,154.245,240.45
13.0247,87.016,154.235,241.251
13.0447,86.8065,153.453,240.26
13.0647,85.5992,152.836,238.435
13.0847,85.7552,153.787,239.542
13.1047,85.5566,153.52,239.076
13.1247,85.993,153.895,239.888
13.1447,86.3033,153.028,239.331
13.1647,86.4318,153.322,239.754
13.1847,87.2517,153.128,240.38
13.2047,86.1472,152.99,239.137
13.2247,85.6713,152.491,238.162
13.2447,85.6372,152.593,238.23
13.2647,84.8585,152.28,237.139
13.2847,85.8301,152.666,238.496
13.3047,85.4449,151.759,237.204
13.3247,84.74,151.76,236.5
13.3447,84.7651,151.541,236.306
13.3647,85.5072,152.039,237.547
13.3847,83.9176,151.599,235.516
13.4047,83.9441,151.207,235.151
13.4247,84.3837,151.262,235.646
13.4447,83.987,150.823,234.81
13.4647,83.3847,150.588,233.973
13.4847,83.8819,151.251,235.133
13.5047,83.3633,150.286,233.649
13.5247,84.2088,150.796,235.004
13.5447,82.8526,150.262,233.115
13.5647,83.7061,150.535,234.241
13.5847,83.6321,149.891,233.523
13.6047,82.3152,150.037,232.352
13.6247,82.2265,150.082,232.308
13.6447,82.6206,149.53,232.15
13.6647,83.4518,150.308,233.76
13.6847,81.7691,149.571,231.34
13.7047,82.8031,149.609,232.412
13.7247,81.4753,148.979,230.454
13.7447,82.2631,149.421,231.684
13.7647,82.0949,148.865,230.96
13.7847,82.2495,148.63,230.879
13.8047,81.5716,148.844,230.415
13.8247,82.0865,148.576,230.662
13.8447,81.3245,148.528,229.853
13.8647,82.3337,148.554,230.887
13.8847,81.1771,148.512,229.689
13.9047,80.7522,147.622,228.375
13.9247,81.1956,148.477,229.673
13.9447,81.2808,147.868,229.149
13.9647,81.3118,147.901,229.213
13.9847,81.4748,147.511,228.985
14.0047,81.0885,147.758,228.846
14.0247,79.9613,147.501,227.462
14.0447,80.2017,147.284,227.486
14.0647,80.5155,146.749,227.265
14.0847,80.973,147.484,228.457
14.1047,80.2985,146.689,226.988
14.1247,78.8688,146.448,225.317
14.1447,78.9612,146.839,225.801
14.1647,80.1972,146.323,226.52
14.1847,79.7338,146.148,225.882
14.2047,78.5909,145.966,224.557
14.2247,79.4796,146.239,225.718
14.2447,78.0784,145.971,224.05
14.2647,79.3266,145.721,225.048
14.2847,78.5895,145.527,224.117
14.3047,78.302,145.129,223.431
14.3247,78.6401,145.616,224.256
14.3447,77.6557,144.941,222.597
14.3647,79.5435,145.76,225.304
14.3847,78.7911,144.898,223.689
14.4047,78.6392,145.031,223.671
14.4247,77.8333,144.455,222.288
14.4447,79.2454,144.837,224.083
14.4647,77.46,144.377,221.837
14.4847,78.7045,145.08,223.785
14.5047,77.6736,144.161,221.835
14.5247,78.4321,144.591,223.023
14.5447,77.3088,143.924,221.232
14.5647,77.2381,143.905,221.143
14.5847,77.4816,143.765,221.246
14.6047,77.2568,143.427,220.684
14.6247,77.1188,143.949,221.068
14.6447,77.0656,143.17,220.235
14.6647,76.9278,143.426,220.354
14.6847,76.4718,142.828,219.3
14.7047,76.6644,142.655,219.319
14.7247,76.8489,143.408,220.257
14.7447,75.3918,142.419,217.811
14.7647,76.0991,142.072,218.171
14.7847,75.2918,142.215,217.507
14.8047,76.2417,142.195,218.437
14.8247,75.9977,141.918,217.916
14.8447,76.4385,142.278,218.717
14.8647,75.8725,142.363,218.235
14.8847,74.4885,141.346,215.834
14.9047,75.236,141.58,216.816
14.9247,75.9264,142.078,218.004
14.9447,74.7064,141.453,216.159
14.9647,75.6171,141.127,216.744
14.9847,73.5078,140.903,214.41
15.0047,75.5752,141.148,216.723
15.0247,75.6736,141.55,217.224
15.0447,74.908,141.177,216.085
15.0647,74.782,140.525,215.307
15.0847,75.579,140.685,216.264
15.1047,74.4206,140.167,214.587
15.1247,75.0259,139.922,214.948
15.1447,75.0895,140.173,215.262
15.1647,73.5503,139.873,213.423
15.1847,73.7602,140.046,213.806
15.2047,75.7378,140.079,215.816
15.2247,73.9599,139.889,213.849
15.2447,74.7813,139.959,214.741
15.2647,74.4716,139.545,214.017
15.2847,73.7379,139.989,213.727
15.3047,74.0758,138.964,213.039
15.3247,72.8108,138.914,211.725
15.3447,73.2349,138.545,211.78
15.3647,73.1544,138.553,211.708
15.3847,72.7913,138.709,211.5
15.4047,72.0594,138.484,210.543
15.4247,72.9116,138.388,211.3
15.4447,72.6022,138.423,211.025
15.4647,71.9784,137.834,209.812
15.4847,71.6226,137.836,209.458
15.5047,72.2234,137.597,209.821
15.5247,72.9841,137.883,210.867
15.5447,71.2283,137.516,208.745
15.5647,71.8695,137.296,209.166
15.5847,71.0728,137.2,208.272
15.6047,71.4796,136.959,208.439
15.6247,72.9114,137.136,210.048
15.6447,71.2028,136.697,207.9
15.6647,71.7341,136.983,208.717
15.6847,70.9272,136.739,207.666
15.7047,71.4521,136.814,208.266
15.7247,70.9344,136.471,207.406
15.7447,70.5846,136.045,206.63
15.7647,71.555,136.182,207.738
15.7847,70.2963,135.91,206.207
15.8047,70.6366,136.27,206.906
15.8247,70.0496,135.884,205.933
15.8447,70.575,135.805,206.38
15.8647,71.0097,135.432,206.442
15.8847,69.8389,134.745,204.584
15.9047,69.6407,134.969,204.61
15.9247,69.5681,134.397,203.965
15.9447,69.3216,134.445,203.767
15.9647,70.3488,134.759,205.108
15.9847,69.0907,134.38,203.471
16.0047,69.8598,134.193,204.052
16.0247,69.1454,134.134,203.279
16.0447,70.1088,134.446,204.555
16.0647,69.0242,134.241,203.265
16.0847,69.3122,133.756,203.068
16.1047,69.3771,133.761,203.138
16.1247,68.9177,133.479,202.397
16.1447,67.989,133.607,201.596
16.1647,68.8592,133.66,202.519
16.1847,68.3374,133.028,201.365
16.2047,68.3638,133.018,201.382
16.2247,68.3943,133.047,201.442
16.2447,67.7429,133.078,200.821
16.2647,68.3619,133.048,201.41
16.2847,68.1614,132.744,200.906
16.3047,68.2679,132.352,200.62
16.3247,68.2992,133.028,201.327
16.3447,67.6215,132.423,200.044
16.3647,67.4229,131.691,199.114
16.3847,67.3536,132.024,199.378
16.4047,67.6727,132.264,199.937
16.4247,68.0046,131.878,199.883
16.4447,66.97,131.881,198.851
16.4647,67.7084,131.09,198.798
16.4847,66.6624,131.393,198.056
16.5047,66.5936,130.989,197.582
16.5247,66.4359,130.657,197.093
16.5447,66.0542,130.781,196.835
16.5647,66.4102,131.179,197.59
16.5847,65.9547,130.471,196.426
16.6047,66.3926,130.385,196.777
16.6247,65.5064,129.817,195.323
16.6447,66.1542,130.581,196.735
16.6647,65.6427,130.068,195.711
16.6847,65.2409,129.91,195.151
16.7047,65.9335,130.09,196.024
16.7247,66.0133,129.891,195.904
16.7447,65.3582,129.749,195.108
16.7647,66.5062,130.013,196.519
16.7847,65.1336,129.52,194.654
16.8047,65.8699,129.086,194.956
16.8247,65.1201,129.34,194.46
16.8447,64.4182,128.17,192.589
16.8647,64.9651,128.702,193.668
16.8847,65.1234,128.529,193.653
16.9047,64.1012,128.268,192.369
16.9247,65.2521,128.392,193.644
16.9447,64.7445,128.408,193.153
16.9647,64.3149,128.196,192.511
16.9847,63.5823,127.624,191.206
17.0047,64.2881,127.985,192.273
17.0247,64.1116,127.888,192
17.0447,63.8057,127.729,191.535
17.0647,63.4068,127.067,190.473
17.0847,63.6979,127.066,190.763
17.1047,63.4362,127.491,190.927
17.1247,64.3121,127.325,191.637
17.1447,63.5837,126.481,190.064
17.1647,62.9682,126.938,189.906
17.1847,63.9313,126.616,190.548
17.2047,63.237,126.644,189.881
17.2247,63.8874,126.989,190.877
17.2447,62.4677,126.031,188.499
17.2647,62.8881,126.336,189.224
17.2847,62.2265,126.012,188.239
17.3047,62.6081,126.331,188.939
17.3247,61.7213,126.013,187.734
17.3447,61.2877,125.664,186.952
17.3647,62.0268,125.629,187.656
17.3847,61.8803,125.532,187.413
17.4047,62.7566,125.533,188.29
17.4247,61.9553,125.399,187.355
17.4447,62.0763,125.308,187.384
17.4647,60.9894,125.102,186.091
17.4847,61.8026,125.1,186.903
17.5047,61.8751,125.041,186.916
17.5247,60.8611,124.858,185.719
17.5447,62.2839,124.335,186.619
17.5647,60.8112,124.349,185.16
17.5847,62.0938,124.303,186.397
17.6047,60.832,124.2,185.032
17.6247,61.342,124.233,185.575
17.6447,61.5937,124.374,185.967
17.6647,60.6015,124.006,184.607
17.6847,60.4147,123.729,184.143
17.7047,60.4659,123.642,184.108
17.7247,60.0887,123.528,183.617
17.7447,60.7709,123.409,184.18
17.7647,61.1755,123.301,184.477
17.7847,60.8174,123.122,183.94
17.8047,60.1235,123.143,183.266
17.8247,60.359,122.827,183.186
17.8447,59.5361,122.519,182.055
17.8647,59.413,122.535,181.948
17.8847,59.4031,122.67,182.073
17.9047,59.3071,122.129,181.436
17.9247,59.8375,122.586,182.423
17.9447,59.8065,122.568,182.374
17.9647,58.7333,122.309,181.042
17.9847,59.8268,122.099,181.926
18.0047,59.1231,121.776,180.899
18.0247,60.179,121.59,181.769
18.0447,59.0593,122.041,181.1
18.0647,59.5627,122.098,181.661
18.0847,58.9193,121.123,180.042
18.1047,58.4972,121.196,179.694
18.1247,59.3389,121.311,180.65
18.1447,58.5707,120.883,179.453
18.1647,57.9324,121.048,178.98
18.1847,59.039,120.833,179.872
18.2047,59.0014,120.793,179.795
18.2247,57.7851,120.467,178.252
18.2447,58.9082,120.302,179.21
18.2647,57.1983,120.637,177.835
18.2847,58.1228,120.016,178.139
18.3047,57.7852,120.407,178.193
18.3247,58.4144,119.895,178.309
18.3447,57.6247,119.81,177.434
18.3647,57.0892,119.947,177.036
18.3847,56.4904,119.476,175.966
18.4047,57.172,119.435,176.607
18.4247,57.5873,118.888,176.476
18.4447,57.3974,119.305,176.702
18.4647,57.4733,119.417,176.89
18.4847,57.7761,118.984,176.76
18.5047,57.8264,119.247,177.074
18.5247,57.3441,118.508,175.852
18.5447,57.4334,118.798,176.231
18.5647,56.6423,118.57,175.212
18.5847,56.4686,118.937,175.406
18.6047,56.5666,118.746,175.313
18.6247,56.622,118.28,174.902
18.6447,55.8168,117.935,173.752
18.6647,56.5582,118.106,174.664
18.6847,56.7573,118.081,174.838
18.7047,56.1973,117.959,174.156
18.7247,56.03,117.379,173.409
18.7447,56.2212,117.202,173.424
18.7647,56.1477,117.416,173.564
18.7847,56.0992,117.516,173.615
18.8047,55.7038,117.087,172.791
18.8247,55.6738,116.854,172.528
18.8447,54.7139,117.032,171.746
18.8647,56.0854,117.041,173.126
18.8847,55.3159,116.601,171.917
18.9047,54.6586,116.936,171.595
18.9247,55.1788,116.494,171.673
18.9447,55.7287,116.542,172.271
18.9647,55.8917,116.58,172.472
18.9847,54.5344,116.529,171.064
19.0047,54.9539,116.177,171.131
19.0247,54.2935,116.105,170.399
19.0447,54.8023,116.303,171.105
19.0647,54.6551,115.576,170.231
19.0847,55.0003,116.209,171.209
19.1047,54.5874,115.585,170.172
19.1247,54.6304,115.288,169.918
19.1447,55.0575,115.314,170.372
19.1647,53.9592,115.423,169.382
19.1847,53.1291,115.143,168.272
19.2047,53.2821,115.21,168.492
19.2247,53.5966,115.345,168.942
19.2447,54.6949,115.083,169.778
19.2647,54.2723,114.994,169.266
19.2847,54.425,115.002,169.427
19.3047,53.7858,114.283,168.069
19.3247,53.7581,114.72,168.478
19.3447,54.1748,114.587,168.762
19.3647,53.4531,114.019,167.472
19.3847,53.7578,114.221,167.978
19.4047,53.4308,114.151,167.581
19.4247,52.9429,114.219,167.162
19.4447,53.1907,113.926,167.117
19.4647,53.1539,113.297,166.451
19.4847,52.8188,113.752,166.571
19.5047,52.9071,113.641,166.548
19.5247,52.4202,113.602,166.022
19.5447,53.055,113.703,166.758
19.5647,51.933,113.627,165.56
19.5847,52.805,113.591,166.396
19.6047,52.5925,113.133,165.726
19.6247,52.5666,112.715,165.282
19.6447,52.492,113.013,165.505
19.6647,52.0743,113.034,165.108
19.6847,51.36,112.669,164.029
19.7047,52.1183,112.349,164.467
19.7247,51.8994,112.615,164.515
19.7447,51.9767,112.406,164.383
19.7647,51.7791,112.272,164.051
19.7847,51.6359,112.413,164.049
19.8047,51.7785,111.845,163.623
19.8247,51.5822,112.083,163.665
19.8447,52.0367,111.745,163.782
19.8647,51.2155,111.665,162.881
19.8847,52.3402,111.764,164.104
19.9047,51.233,111.793,163.026
19.9247,51.328,111.457,162.785
19.9447,50.8841,111.411,162.295
19.9647,51.3673,111.39,162.757
19.9847,50.1327,110.602,160.735
20.0047,50.9912,111.065,162.056
20.0247,51.5605,110.86,162.42
20.0447,50.625,110.373,160.998
20.0647,50.61,110.751,161.361
20.0847,51.206,110.856,162.062
20.1047,49.9775,109.943,159.921
20.1247,50.3294,110.451,160.781
20.1447,50.4053,110.507,160.912
20.1647,50.032,110,160.032
20.1847,50.0712,109.832,159.903
20.2047,50.0441,109.832,159.877
20.2247,50.5439,110.036,160.58
20.2447,49.9112,109.867,159.778
20.2647,50.3461,109.757,160.103
20.2847,50.0386,109.435,159.474
20.3047,49.6908,109.522,159.213
20.3247,49.8707,109.438,159.308
20.3447,50.2227,109.581,159.804
20.3647,49.6926,109.159,158.851
20.3847,49.3911,108.93,158.321
20.4047,49.7826,108.928,158.711
20.4247,49.3174,109.07,158.387
20.4447,49.4601,108.906,158.366
20.4647,49.2351,108.483,157.718
20.4847,49.7079,108.564,158.272
20.5047,49.0771,108.844,157.921
20.5247,49.6119,108.525,158.137
20.5447,49.4933,108.649,158.142
20.5647,48.88,108.39,157.27
20.5847,48.2964,107.875,156.172
20.6047,48.7644,107.947,156.711
20.6247,48.7023,107.994,156.696
20.6447,48.618,107.892,156.51
20.6647,48.6074,107.96,156.567
20.6847,48.7119,107.378,156.09
20.7047,48.2289,107.573,155.802
20.7247,47.8961,107.227,155.123
20.7447,48.2295,107.58,155.809
20.7647,48.2905,107.501,155.792
20.7847,48.4617,107.344,155.805
20.8047,47.5096,106.962,154.471
20.8247,48.6455,107.388,156.034
20.8447,48.5307,107.064,155.595
20.8647,47.7108,106.629,154.34
20.8847,47.9071,106.803,154.71
20.9047,47.5711,106.441,154.012
20.9247,47.2088,106.599,153.807
20.9447,47.317,106.5,153.817
20.9647,47.5747,106.333,153.908
20.9847,47.3071,106.339,153.646
21.0047,47.4757,106.043,153.519
21.0247,47.4506,106.005,153.455
21.0447,46.6755,105.88,152.555
21.0647,46.6284,105.759,152.388
21.0847,47.2636,105.594,152.857
21.1047,47.2995,105.764,153.063
21.1247,45.9492,105.39,151.339
21.1447,46.1935,105.625,151.819
21.1647,47.0655,105.483,152.549
21.1847,46.7667,105.426,152.192
21.2047,45.9452,105.117,151.062
21.2247,46.1186,104.752,150.871
21.2447,45.842,104.866,150.708
21.2647,46.7751,105.047,151.822
21.2847,46.0482,104.526,150.575
21.3047,46.2642,104.925,151.19
21.3247,45.3807,104.862,150.242
21.3447,46.4516,104.247,150.698
21.3647,45.9116,104.434,150.345
21.3847,45.7875,104.542,150.33
21.4047,45.2162,104.118,149.334
21.4247,45.7888,103.957,149.746
21.4447,45.8557,103.974,149.829
21.4647,45.7316,104.048,149.78
21.4847,45.532,104.264,149.796
21.5047,45.3733,103.72,149.093
21.5247,45.3248,103.542,148.866
21.5447,45.394,103.35,148.744
21.5647,45.5236,103.311,148.835
21.5847,44.7771,103.356,148.133
21.6047,45.3034,102.93,148.234
21.6247,45.168,103.111,148.279
21.6447,45.4037,102.945,148.349
21.6647,44.9066,102.98,147.887
21.6847,45.2328,103.251,148.483
21.7047,45.3947,102.591,147.985
21.7247,45.1341,102.682,147.816
21.7447,45.2724,102.736,148.008
21.7647,44.6116,102.745,147.357
21.7847,44.6948,102.613,147.308
21.8047,45.0281,102.641,147.669
21.8247,44.1357,101.873,146.009
21.8447,44.5847,102.454,147.038
21.8647,44.4303,102.111,146.541
21.8847,44.1902,101.968,146.158
21.9047,44.198,102.033,146.231
21.9247,43.9923,101.837,145.829
21.9447,43.5899,101.715,145.304
21.9647,43.7487,101.535,145.283
21.9847,43.9855,101.481,145.467
22.0047,43.3941,101.253,144.647
22.0247,43.8641,101.295,145.159
22.0447,43.6789,101.198,144.877
22.0647,43.5424,101.472,145.014
22.0847,43.1474,101.111,144.258
22.1047,42.4451,101.13,143.575
22.1247,43.5684,100.854,144.423
22.1447,44.0369,100.859,144.896
22.1647,43.7602,100.615,144.375
22.1847,43.2137,100.551,143.765
22.2047,43.5141,100.733,144.247
22.2247,42.9403,100.384,143.324
22.2447,42.0479,100.296,142.344
22.2647,43.0327,100.508,143.541
22.2847,43.3601,99.9013,143.261
22.3047,43.0304,100.299,143.33
22.3247,42.4534,100.289,142.743
22.3447,42.3542,99.9317,142.286
22.3647,43.1118,99.8844,142.996
22.3847,43.1522,100.036,143.188
22.4047,42.5176,100.009,142.526
22.4247,42.3644,99.4849,141.849
22.4447,42.7518,99.8163,142.568
22.4647,42.5386,99.694,142.233
22.4847,42.055,99.3308,141.386
22.5047,42.9376,99.6858,142.623
22.5247,41.9117,99.1315,141.043
22.5447,43.0453,99.3976,142.443
22.5647,41.5515,99.0251,140.577
22.5847,42.3223,98.8204,141.143
22.6047,42.0373,98.8824,140.92
22.6247,41.8729,98.703,140.576
22.6447,41.8109,98.5334,140.344
22.6647,42.4515,98.7919,141.243
22.6847,42.2099,98.891,141.101
22.7047,41.7433,98.7476,140.491
22.7247,41.2792,98.4395,139.719
22.7447,41.4997,98.0759,139.576
22.7647,41.6872,98.0027,139.69
22.7847,41.6359,98.0384,139.674
22.8047,41.1502,98.0575,139.208
22.8247,41.0562,98.2334,139.29
22.8447,41.2498,97.8783,139.128
22.8647,41.1735,97.8718,139.045
22.8847,40.8846,97.5097,138.394
22.9047,40.443,97.8177,138.261
22.9247,41.3545,97.4209,138.775
22.9447,40.4958,97.2534,137.749
22.9647,41.0352,97.0613,138.096
22.9847,40.695,97.3049,138
23.0047,41.3238,97.2777,138.601
23.0247,41.0243,96.9843,138.009
23.0447,40.0165,97.0004,137.017
23.0647,40.5333,96.4574,136.991
23.0847,40.1091,96.6521,136.761
23.1047,40.6409,97.0382,137.679
23.1247,40.4038,96.8817,137.285
23.1447,40.1661,96.4902,136.656
23.1647,40.6412,96.8016,137.443
23.1847,41.0758,96.628,137.704
23.2047,40.857,96.709,137.566
23.2247,40.3004,96.1227,136.423
23.2447,40.5433,96.1534,136.697
23.2647,40.096,96.4642,136.56
23.2847,40.8299,95.9727,136.803
23.3047,40.7845,95.7821,136.567
23.3247,40.7498,96.2544,137.004
23.3447,39.7279,95.5927,135.321
23.3647,39.1661,95.9172,135.083
23.3847,39.6154,96.0215,135.637
23.4047,40.0908,95.7191,135.81
23.4247,40.5454,95.8089,136.354
23.4447,40.0601,95.339,135.399
23.4647,39.6661,95.0507,134.717
23.4847,39.6472,95.4696,135.117
23.5047,38.9876,95.1859,134.173
23.5247,39.4238,94.8192,134.243
23.5447,39.1732,94.8271,134
23.5647,39.7643,95.2529,135.017
23.5847,39.1778,94.8257,134.004
23.6047,39.0495,94.3609,133.41
23.6247,39.2107,94.7122,133.923
23.6447,39.1971,94.8119,134.009
23.6647,39.343,94.6218,133.965
23.6847,39.2207,94.6042,133.825
23.7047,38.7605,94.3696,133.13
23.7247,38.6736,94.4754,133.149
23.7447,38.6316,94.6246,133.256
23.7647,38.6126,94.3473,132.96
23.7847,39.275,94.3596,133.635
23.8047,39.3716,94.3726,133.744
23.8247,38.8791,94.3477,133.227
23.8447,38.539,94.2783,132.817
23.8647,38.6408,93.8228,132.464
23.8847,38.5084,93.4908,131.999
23.9047,38.5564,93.5262,132.083
23.9247,37.455,93.0576,130.513
23.9447,39.0176,93.9489,132.966
23.9647,37.8893,93.4254,131.315
23.9847,38.4273,93.5789,132.006
24.0047,38.1819,93.3154,131.497
24.0247,37.842,93.0115,130.853
24.0447,37.5655,93.2396,130.805
24.0647,38.1981,92.9707,131.169
24.0847,37.8374,93.1176,130.955
24.1047,38.2741,92.9463,131.22
24.1247,37.6908,92.8744,130.565
24.1447,37.5022,92.7597,130.262
24.1647,37.2389,92.3082,129.547
24.1847,37.1461,92.317,129.463
24.2047,37.9712,92.67,130.641
24.2247,37.4745,92.8354,130.31
24.2447,37.4565,92.2025,129.659
24.2647,36.9936,91.9751,128.969
24.2847,37.0472,92.2401,129.287
24.3047,37.5697,92.1507,129.72
24.3247,37.5445,91.8882,129.433
24.3447,37.4149,92.0497,129.465
24.3647,37.6052,92.218,129.823
24.3847,37.1027,91.7629,128.866
24.4047,37.9365,92.2592,130.196
24.4247,36.9929,91.7892,128.782
24.4447,37.3441,91.6979,129.042
24.4647,36.8609,91.3995,128.26
24.4847,36.8172,91.2064,128.024
24.5047,36.7447,91.3693,128.114
24.5247,36.9664,91.3865,128.353
24.5447,36.4934,91.2654,127.759
24.5647,36.7786,91.0225,127.801
24.5847,36.9143,91.0933,128.008
24.6047,36.4457,90.7433,127.189
24.6247,35.9594,90.8014,126.761
24.6447,36.4719,90.5252,126.997
24.6647,36.4632,90.4869,126.95
24.6847,36.4529,90.7403,127.193
24.7047,36.2757,90.8201,127.096
24.7247,36.4136,90.4148,126.828
24.7447,36.2605,90.8088,127.069
24.7647,36.0272,90.2684,126.296
24.7847,36.2254,90.3064,126.532
24.8047,36.2367,90.4222,126.659
24.8247,36.5506,89.9144,126.465
24.8447,36.2501,90.121,126.371
24.8647,36.9185,90.2625,127.181
24.8847,35.8844,89.7708,125.655
24.9047,36.5113,90.316,126.827
24.9247,35.9882,89.8224,125.811
24.9447,36.2357,89.2636,125.499
24.9647,35.4263,89.2712,124.697
24.9847,35.7874,89.671,125.458
25.0047,35.6404,89.5083,125.149
25.0247,35.2201,89.1243,124.344
25.0447,35.4962,89.0496,124.546
25.0647,35.6294,89.3212,124.951
25.0847,35.7858,89.5767,125.363
25.1047,35.7476,89.0904,124.838
25.1247,35.4947,88.7426,124.237
25.1447,35.5486,88.9182,124.467
25.1647,35.0694,89.1029,124.172
25.1847,35.638,88.7683,124.406
25.2047,35.3345,88.8395,124.174
25.2247,35.7752,88.6557,124.431
25.2447,35.079,88.7013,123.78
25.2647,35.2488,88.4228,123.672
25.2847,35.2929,88.8,124.093
25.3047,35.0832,88.4765,123.56
25.3247,34.7795,88.163,122.942
25.3447,35.1282,88.1587,123.287
25.3647,34.422,88.1639,122.586
25.3847,35.4033,87.9508,123.354
25.4047,34.2525,87.9588,122.211
25.4247,35.007,87.8473,122.854
25.4447,34.8381,87.6388,122.477
25.4647,34.9592,88.0411,123
25.4847,34.21,87.8201,122.03
25.5047,34.2055,87.6078,121.813
25.5247,34.6572,87.8944,122.552
25.5447,34.7269,87.6853,122.412
25.5647,34.6689,87.4667,122.136
25.5847,34.722,87.0906,121.813
25.6047,34.4103,87.3529,121.763
25.6247,34.928,87.3987,122.327
25.6447,34.3609,87.0199,121.381
25.6647,33.9663,87.0781,121.044
25.6847,33.8929,87.1035,120.996
25.7047,33.969,86.7447,120.714
25.7247,34.2584,86.8686,121.127
25.7447,34.8081,86.989,121.797
25.7647,33.6504,86.8612,120.512
25.7847,33.9279,86.886,120.814
25.8047,33.2854,86.9586,120.244
25.8247,33.7124,86.5106,120.223
25.8447,33.6591,86.7342,120.393
25.8647,33.6102,86.4922,120.102
25.8847,33.6141,86.2842,119.898
25.9047,33.3966,86.2966,119.693
25.9247,33.7478,86.1005,119.848
25.9447,32.9531,86.1479,119.101
25.9647,33.9555,86.0928,120.048
25.9847,34.3263,86.2636,120.59
26.0047,33.0227,85.8895,118.912
26.0247,32.5888,85.9606,118.549
26.0447,33.2042,85.5659,118.77
26.0647,33.1635,85.4817,118.645
26.0847,33.4745,85.6854,119.16
26.1047,33.2937,85.5002,118.794
26.1247,33.3322,85.3537,118.686
26.1447,32.9887,85.4426,118.431
26.1647,33.0151,85.5023,118.517
26.1847,33.0129,85.3845,118.397
26.2047,32.7326,85.2699,118.003
26.2247,32.8988,85.3708,118.27
26.2447,32.5928,84.832,117.425
26.2647,32.9219,85.0791,118.001
26.2847,32.3205,84.8471,117.168
26.3047,32.635,84.8653,117.5
26.3247,32.4516,84.7392,117.191
26.3447,32.6344,84.7742,117.409
26.3647,32.1285,84.5046,116.633
26.3847,32.2411,84.5612,116.802
26.4047,33.2614,84.5327,117.794
26.4247,32.066,84.2851,116.351
26.4447,32.4438,84.5558,117
26.4647,32.0841,84.2777,116.362
26.4847,32.3729,84.1134,116.486
26.5047,31.8206,84.0318,115.852
26.5247,32.006,84.4006,116.407
26.5447,32.1347,83.9899,116.125
26.5647,32.657,84.3609,117.018
26.5847,32.3896,83.775,116.165
26.6047,31.9461,83.8875,115.834
26.6247,31.9485,83.677,115.625
26.6447,31.2094,83.6299,114.839
26.6647,31.759,83.6871,115.446
26.6847,31.895,83.4895,115.384
26.7047,31.668,83.3987,115.067
26.7247,31.9065,83.4347,115.341
26.7447,31.4273,83.5483,114.976
26.7647,31.2288,83.3361,114.565
26.7847,31.9874,83.2567,115.244
26.8047,31.8326,83.1999,115.032
26.8247,31.2895,83.3033,114.593
26.8447,31.7678,82.9461,114.714
26.8647,31.3853,83.0183,114.404
26.8847,31.2238,82.8074,114.031
26.9047,31.1484,82.8452,113.994
26.9247,31.0768,82.9484,114.025
26.9447,30.9732,82.521,113.494
26.9647,31.3026,82.6209,113.924
26.9847,31.0777,82.5647,113.642
27.0047,31.2794,82.5852,113.865
27.0247,30.8367,82.2646,113.101
27.0447,30.7697,82.3657,113.135
27.0647,31.2543,81.8902,113.144
27.0847,31.8146,82.1182,113.933
27.1047,30.8655,82.0585,112.924
27.1247,30.8776,82.1188,112.996
27.1447,30.4412,82.0609,112.502
27.1647,30.3969,81.8645,112.261
27.1847,30.3616,81.8126,112.174
27.2047,29.8277,81.4408,111.269
27.2247,30.5095,82.0255,112.535
27.2447,30.6085,81.659,112.268
27.2647,30.5944,81.631,112.225
27.2847,30.5882,81.4806,112.069
27.3047,30.7075,81.5587,112.266
27.3247,30.2413,81.5038,111.745
27.3447,30.5758,81.7103,112.286
27.3647,30.1361,81.1393,111.275
27.3847,30.2172,81.292,111.509
27.4047,30.3135,81.2693,111.583
27.4247,29.8305,81.2426,111.073
27.4447,30.3586,81.1971,111.556
27.4647,29.9809,80.8699,110.851
27.4847,29.8316,81.1293,110.961
27.5047,29.9029,80.7711,110.674
27.5247,30.5397,81.0801,111.62
27.5447,30.1067,80.8791,110.986
27.5647,30.1438,80.7624,110.906
27.5847,30.0992,80.8362,110.935
27.6047,29.7568,80.5871,110.344
27.6247,30.0035,80.8224,110.826
27.6447,29.64,80.2508,109.891
27.6647,29.9315,80.2597,110.191
27.6847,29.7423,80.0798,109.822
27.7047,29.8927,80.2259,110.119
27.7247,29.514,80.2298,109.744
27.7447,29.1859,79.9929,109.179
27.7647,29.535,80.1701,109.705
27.7847,29.6065,79.7658,109.372
27.8047,29.4761,79.635,109.111
27.8247,29.8335,79.5236,109.357
27.8447,29.5144,79.378,108.892
27.8647,29.4378,79.6395,109.077
27.8847,28.9525,79.7603,108.713
27.9047,29.7434,79.7042,109.448
27.9247,29.4104,79.6728,109.083
27.9447,29.4177,79.5802,108.998
27.9647,28.4673,79.3908,107.858
27.9847,29.8667,78.9356,108.802
28.0047,29.484,79.3048,108.789
28.0247,29.4737,78.9596,108.433
28.0447,28.7675,78.8979,107.665
28.0647,28.8375,78.978,107.815
28.0847,29.2432,79.0673,108.31
28.1047,28.862,78.7908,107.653
28.1247,29.1373,78.991,108.128
28.1447,28.8661,78.9905,107.857
28.1647,28.8566,78.7184,107.575
28.1847,29.4038,78.7949,108.199
28.2047,29.3521,78.7176,108.07
28.2247,28.8879,78.5606,107.448
28.2447,28.7321,78.2812,107.013
28.2647,28.7734,78.4892,107.263
28.2847,28.5241,78.1776,106.702
28.3047,28.4853,78.4495,106.935
28.3247,28.7867,78.3738,107.161
28.3447,28.323,77.9981,106.321
28.3647,28.6194,78.2334,106.853
28.3847,28.3745,77.8894,106.264
28.4047,28.7274,77.9114,106.639
28.4247,28.5716,77.807,106.379
28.4447,28.1602,77.5265,105.687
28.4647,28.137,77.9987,106.136
28.4847,28.2353,78.0156,106.251
28.5047,27.8475,77.7985,105.646
28.5247,28.1207,77.7501,105.871
28.5447,28.6243,77.6468,106.271
28.5647,27.7542,77.4561,105.21
28.5847,28.1187,77.1876,105.306
28.6047,28.356,77.4085,105.764
28.6247,27.9149,77.5149,105.43
28.6447,28.1752,77.0985,105.274
28.6647,27.4624,77.2481,104.711
28.6847,28.5877,77.3464,105.934
28.7047,27.6671,76.7803,104.447
28.7247,28.3751,76.886,105.261
28.7447,27.7641,76.9722,104.736
28.7647,28.1537,77.12,105.274
28.7847,27.4358,76.8167,104.252
28.8047,28.2763,77.0325,105.309
28.8247,27.5545,76.7413,104.296
28.8447,26.9607,76.9249,103.886
28.8647,27.0975,76.3112,103.409
28.8847,27.2678,76.5278,103.796
28.9047,27.3316,76.1911,103.523
28.9247,27.6458,76.4899,104.136
28.9447,27.3362,76.2024,103.539
28.9647,27.153,76.3305,103.483
28.9847,27.6878,76.2068,103.895
29.0047,27.2491,76.185,103.434
29.0247,27.7065,76.1101,103.817
29.0447,26.9708,76.0819,103.053
29.0647,27.0556,76.0686,103.124
29.0847,27.4323,76.0313,103.464
29.1047,27.7028,75.8477,103.551
29.1247,27.3601,75.7764,103.136
29.1447,27.372,75.8521,103.224
29.1647,27.1024,75.8093,102.912
29.1847,26.8697,75.6252,102.495
29.2047,27.5953,75.6292,103.224
29.2247,27.3834,75.5905,102.974
29.2447,26.7302,75.2994,102.03
29.2647,26.5106,75.4534,101.964
29.2847,27.2384,75.3769,102.615
29.3047,26.847,75.2337,102.081
29.3247,27.061,75.2031,102.264
29.3447,26.5786,75.1402,101.719
29.3647,26.4491,74.9338,101.383
29.3847,26.6855,74.8824,101.568
29.4047,26.6253,75.135,101.76
29.4247,26.8919,75.2542,102.146
29.4447,26.4026,74.5499,100.953
29.4647,26.3729,74.9344,101.307
29.4847,26.5895,74.9357,101.525
29.5047,26.6218,74.6971,101.319
29.5247,26.1563,74.7458,100.902
29.5447,26.987,74.8861,101.873
29.5647,26.1984,74.7671,100.966
29.5847,26.8052,74.5788,101.384
29.6047,26.4387,74.64,101.079
29.6247,26.2958,74.452,100.748
29.6447,25.9552,74.1293,100.084
29.6647,26.5769,74.6677,101.245
29.6847,26.0335,74.2657,100.299
29.7047,26.1544,74.1262,100.281
29.7247,26.3279,74.1632,100.491
29.7447,25.8643,74.0157,99.88
29.7647,26.3973,73.9055,100.303
29.7847,26.5338,73.953,100.487
29.8047,25.5676,74.1121,99.6797
29.8247,26.0698,73.6564,99.7262
29.8447,25.8107,73.707,99.5177
29.8647,26.0587,73.5022,99.5609
29.8847,25.9112,73.4779,99.3891
29.9047,25.4448,73.5135,98.9583
29.9247,25.7954,73.1108,98.9062
29.9447,26.3728,73.5491,99.922
29.9647,25.9161,73.5012,99.4173
29.9847,25.6702,73.2683,98.9385
30.0047,25.9733,73.1014,99.0747
30.0247,25.6977,73.0627,98.7604
30.0447,25.4095,73.1859,98.5954
30.0647,25.3565,73.225,98.5815
30.0847,25.4918,73.0903,98.582
30.1047,25.982,72.9657,98.9476
30.1247,25.3345,72.9747,98.3092
30.1447,25.5256,73.0423,98.5678
30.1647,24.9442,72.7377,97.6818
30.1847,25.4883,72.658,98.1463
30.2047,25.4211,72.8562,98.2773
30.2247,25.5595,72.7942,98.3538
30.2447,24.9089,72.7946,97.7035
30.2647,25.7401,72.986,98.7261
30.2847,25.1139,72.6118,97.7257
30.3047,25.0711,72.8208,97.892
30.3247,25.8881,72.5834,98.4716
30.3447,25.4315,72.4615,97.893
30.3647,25.1017,72.0023,97.104
30.3847,24.9851,71.9641,96.9492
30.4047,24.7651,72.1235,96.8886
30.4247,24.7454,72.1468,96.8922
30.4447,25.5656,72.1741,97.7398
30.4647,25.3046,72.1988,97.5033
30.4847,24.7169,71.764,96.4809
30.5047,24.7286,72.2168,96.9454
30.5247,24.9774,71.7131,96.6905
30.5447,24.6446,72.1059,96.7505
30.5647,24.4778,71.5986,96.0764
30.5847,25.1524,71.7043,96.8567
30.6047,24.6324,71.4382,96.0706
30.6247,24.9641,71.8047,96.7687
30.6447,24.7817,71.8951,96.6769
30.6647,24.7314,71.4942,96.2256
30.6847,24.9273,71.5235,96.4508
30.7047,24.6909,71.5324,96.2233
30.7247,24.1909,71.3802,95.5711
30.7447,24.561,71.1441,95.7051
30.7647,24.5105,71.2645,95.7749
30.7847,24.2654,71.307,95.5724
30.8047,23.825,71.0758,94.9008
30.8247,24.805,70.7772,95.5822
30.8447,24.4865,71.2715,95.758
30.8647,24.5742,71.1487,95.7229
30.8847,24.2943,71.0021,95.2964
30.9047,24.8497,71.0018,95.8515
30.9247,24.0315,70.8659,94.8974
30.9447,24.0249,70.7405,94.7653
30.9647,23.8975,70.5226,94.4202
30.9847,24.0364,70.5296,94.566
31.0047,24.2667,70.5945,94.8612
31.0247,24.1907,70.6423,94.833
31.0447,24.1029,70.4992,94.6021
31.0647,24.3214,70.344,94.6655
31.0847,23.6002,70.3099,93.9101
31.1047,24.1006,70.4365,94.537
31.1247,24.1667,70.1625,94.3292
31.1447,24.0854,69.9657,94.051
31.1647,23.9518,70.1646,94.1164
31.1847,23.8133,69.8839,93.6972
31.2047,24.2233,69.902,94.1253
31.2247,23.9544,69.5326,93.487
31.2447,24.3903,70.0157,94.4061
31.2647,23.1254,69.9918,93.1172
31.2847,23.6505,69.5956,93.2462
31.3047,23.5494,69.7682,93.3176
31.3247,24.2617,69.7964,94.0582
31.3447,23.5562,69.6006,93.1567
31.3647,24.0954,69.5486,93.6439
31.3847,24.1035,69.2593,93.3627
31.4047,23.2911,69.3694,92.6605
31.4247,23.5957,69.3407,92.9364
31.4447,23.5584,69.5082,93.0666
31.4647,23.7659,69.1434,92.9093
31.4847,23.4321,69.2709,92.7029
31.5047,23.1908,69.2541,92.4449
31.5247,23.13,69.0378,92.1679
31.5447,23.4152,68.9316,92.3468
31.5647,23.6662,68.9147,92.581
31.5847,23.1979,68.6749,91.8728
31.6047,23.319,68.6652,91.9842
31.6247,23.0951,68.7109,91.806
31.6447,23.1732,68.5498,91.7229
31.6647,22.9613,68.4082,91.3694
31.6847,23.3227,68.5399,91.8626
31.7047,22.7132,68.6654,91.3787
31.7247,23.1152,68.4351,91.5503
31.7447,22.9691,68.4253,91.3944
31.7647,23.1366,68.4334,91.57
31.7847,23.2717,68.3928,91.6644
31.8047,23.4525,68.4297,91.8822
31.8247,22.8135,68.2871,91.1006
31.8447,23.064,68.115,91.179
31.8647,23.0806,68.1547,91.2353
31.8847,23.0434,68.1958,91.2392
31.9047,23.2152,68.3217,91.5369
31.9247,22.8918,68.1251,91.0169
31.9447,22.4203,67.9606,90.3809
31.9647,22.4818,67.8332,90.3151
31.9847,22.9631,67.993,90.956
32.0047,22.9709,67.991,90.9619
32.0247,22.6021,67.8344,90.4365
32.0447,21.9513,67.4666,89.4178
32.0647,23.158,67.8932,91.0512
32.0847,22.7741,67.5872,90.3613
32.1047,22.9635,67.4165,90.3799
32.1247,21.9484,67.5339,89.4824
32.1447,22.3881,67.2684,89.6566
32.1647,22.6763,67.4403,90.1165
32.1847,22.1962,67.1861,89.3823
32.2047,22.3588,67.1522,89.5109
32.2247,22.2936,67.3042,89.5978
32.2447,22.1198,67.1129,89.2327
32.2647,22.6565,67.4042,90.0607
32.2847,22.641,67.1729,89.8138
32.3047,21.7026,67.1343,88.8369
32.3247,21.8306,67.0288,88.8595
32.3447,21.8186,67.0373,88.8558
32.3647,22.2796,66.8586,89.1382
32.3847,22.2532,66.9602,89.2134
32.4047,22.4649,67.0612,89.5261
32.4247,22.3378,66.7405,89.0783
32.4447,22.3441,66.6804,89.0245
32.4647,21.9153,66.5995,88.5148
32.4847,22.2819,66.7132,88.9951
32.5047,22.0016,66.7502,88.7518
32.5247,21.99,66.6469,88.6369
32.5447,21.7442,66.5393,88.2836
32.5647,21.6017,66.1651,87.7668
32.5847,21.698,66.2292,87.9272
32.6047,21.6603,66.1499,87.8103
32.6247,21.8686,66.3558,88.2244
32.6447,21.6054,66.1796,87.785
32.6647,22.0138,66.1475,88.1614
32.6847,21.985,66.1283,88.1133
32.7047,21.1273,65.8913,87.0186
32.7247,21.3279,65.8965,87.2243
32.7447,21.3695,65.8939,87.2635
32.7647,21.6796,65.8855,87.5652
32.7847,21.6598,65.8043,87.4641
32.8047,21.4636,65.4143,86.8779
32.8247,21.7484,66.0298,87.7783
32.8447,22.0157,65.8401,87.8558
32.8647,21.5287,65.4436,86.9724
32.8847,20.9946,65.3938,86.3884
32.9047,21.5134,65.785,87.2984
32.9247,21.8822,65.7875,87.6697
32.9447,20.9626,65.4386,86.4012
32.9647,21.3923,65.5058,86.8981
32.9847,21.0899,65.5254,86.6153
33.0047,20.9535,65.4747,86.4282
33.0247,21.4182,65.5029,86.9211
33.0447,21.0553,65.4087,86.4639
33.0647,21.3453,65.2294,86.5747
33.0847,21.0121,65.0495,86.0616
33.1047,21.4859,65.2844,86.7704
33.1247,21.0747,65.0177,86.0925
33.1447,20.8583,64.8521,85.7104
33.1647,21.5515,65.1132,86.6646
33.1847,21.2313,64.6713,85.9027
33.2047,20.9245,64.6794,85.6039
33.2247,21.3093,64.8894,86.1987
33.2447,20.9524,64.3757,85.3281
33.2647,20.8112,64.6797,85.4909
33.2847,20.7955,64.8258,85.6213
33.3047,20.4155,64.4842,84.8997
33.3247,20.8002,64.4535,85.2537
33.3447,20.7302,64.4374,85.1675
33.3647,20.8955,64.3025,85.198
33.3847,20.482,64.3316,84.8136
33.4047,20.932,64.2552,85.1872
33.4247,20.6248,64.2721,84.8969
33.4447,20.4239,64.1785,84.6024
33.4647,20.4391,63.8256,84.2647
33.4847,21.073,64.3748,85.4479
33.5047,20.558,63.8571,84.4151
33.5247,20.5634,63.9963,84.5597
33.5447,20.7572,64.2533,85.0105
33.5647,20.5747,63.7998,84.3745
33.5847,20.5257,63.7506,84.2763
33.6047,20.077,63.8142,83.8912
33.6247,20.1985,63.7726,83.9711
33.6447,20.5699,63.6647,84.2345
33.6647,20.3258,63.7625,84.0883
33.6847,20.9511,63.6957,84.6468
33.7047,20.5411,63.61,84.1511
33.7247,20.2213,63.3973,83.6186
33.7447,20.343,63.4529,83.7959
33.7647,20.3124,63.5017,83.8141
33.7847,20.4664,63.2794,83.7458
33.8047,20.2797,63.3596,83.6393
33.8247,20.5219,63.3033,83.8252
33.8447,19.7811,63.2925,83.0735
33.8647,20.0149,63.0874,83.1023
33.8847,19.9505,63.0954,83.0459
33.9047,19.6457,62.8785,82.5243
33.9247,20.029,63.0391,83.0681
33.9447,19.9322,62.915,82.8471
33.9647,19.7749,63.1934,82.9682
33.9847,19.952,62.8688,82.8208
34.0047,19.9603,62.8463,82.8067
34.0247,20.0821,62.8699,82.952
34.0447,20.3058,62.8184,83.1242
34.0647,19.4936,62.5178,82.0114
34.0847,20.1042,62.8124,82.9166
34.1047,19.8418,62.3591,82.2009
34.1247,19.631,62.5004,82.1314
34.1447,19.6334,62.6985,82.332
34.1647,19.5499,62.3921,81.9421
34.1847,19.7423,62.4977,82.2399
34.2047,20.1669,62.5641,82.731
34.2247,19.9325,62.0394,81.9719
34.2447,19.7318,62.4461,82.1779
34.2647,19.624,62.1226,81.7466
34.2847,19.2507,62.119,81.3697
34.3047,19.4951,61.7939,81.289
34.3247,19.5165,62.1473,81.6638
34.3447,19.6442,61.9928,81.637
34.3647,19.4109,62.0273,81.4382
34.3847,19.4995,61.8074,81.3069
34.4047,19.1312,61.6659,80.7971
34.4247,19.6329,61.8934,81.5263
34.4447,19.1616,61.7211,80.8827
34.4647,19.4402,61.5416,80.9817
34.4847,19.6302,61.7537,81.3839
34.5047,19.2361,61.6789,80.915
34.5247,19.4572,61.4624,80.9196
34.5447,19.1334,61.5362,80.6696
34.5647,19.3031,61.6194,80.9225
34.5847,19.502,61.3358,80.8378
34.6047,19.2652,61.3595,80.6247
34.6247,18.8919,61.1592,80.0512
34.6447,19.2911,61.378,80.6691
34.6647,19.6324,61.0583,80.6906
34.6847,19.1231,60.9127,80.0358
34.7047,19.2335,61.0218,80.2552
34.7247,19.0367,61.2822,80.3189
34.7447,19.3856,61.0819,80.4674
34.7647,18.9515,61.1877,80.1392
34.7847,19.1929,61.0271,80.22
34.8047,19.2549,60.82,80.0749
34.8247,18.9386,60.9541,79.8927
34.8447,19.0469,60.7033,79.7502
34.8647,18.7419,60.6011,79.343
34.8847,18.7877,60.6264,79.4141
34.9047,18.4088,60.6358,79.0446
34.9247,18.8252,60.4056,79.2308
34.9447,18.8956,60.643,79.5386
34.9647,18.8458,60.3461,79.1919
34.9847,18.9039,60.3786,79.2825
35.0047,18.7943,60.2381,79.0324
35.0247,18.9299,60.3942,79.3241
35.0447,18.7399,60.3004,79.0403
35.0647,18.7142,60.29,79.0041
35.0847,18.8016,60.2201,79.0217
35.1047,18.4585,60.3046,78.7631
35.1247,18.6404,60.4297,79.0702
35.1447,18.9258,60.0824,79.0081
35.1647,18.4116,59.8758,78.2874
35.1847,18.6177,59.9867,78.6044
35.2047,18.6602,59.9675,78.6277
35.2247,18.2794,59.8126,78.092
35.2447,18.4317,60.0735,78.5052
35.2647,18.2618,59.577,77.8387
35.2847,18.5317,59.7559,78.2876
35.3047,18.4821,59.8306,78.3127
35.3247,18.8513,59.5029,78.3541
35.3447,18.2678,59.6411,77.9089
35.3647,18.1896,59.6269,77.8165
35.3847,18.913,59.8013,78.7142
35.4047,18.6272,59.3793,78.0065
35.4247,18.309,59.5555,77.8645
35.4447,18.2319,59.4653,77.6972
35.4647,18.2293,59.1775,77.4068
35.4847,18.7074,59.5316,78.239
35.5047,18.1894,59.2355,77.4249
35.5247,18.2864,59.2115,77.4979
35.5447,18.2162,58.9228,77.139
35.5647,18.3466,58.9331,77.2797
35.5847,18.0675,59.1372,77.2048
35.6047,18.0261,59.3153,77.3413
35.6247,17.9332,59.1283,77.0615
35.6447,18.1587,58.9552,77.1139
35.6647,18.5821,58.8392,77.4213
35.6847,18.5523,58.9119,77.4642
35.7047,18.2658,58.4939,76.7597
35.7247,18.4755,58.9065,77.382
35.7447,18.0903,58.7931,76.8834
35.7647,17.642,58.5793,76.2213
35.7847,17.996,58.745,76.741
35.8047,17.8492,58.6044,76.4536
35.8247,17.5296,58.5409,76.0705
35.8447,17.5411,58.4946,76.0358
35.8647,17.9391,58.5347,76.4737
35.8847,17.3268,58.3865,75.7133
35.9047,17.5393,58.2022,75.7415
35.9247,17.7296,58.3126,76.0422
35.9447,17.8063,58.4897,76.296
35.9647,17.6321,58.3766,76.0086
35.9847,17.9582,58.2425,76.2008
36.0047,17.4772,58.4086,75.8858
36.0247,17.4665,58.056,75.5225
36.0447,17.8592,58.0489,75.9081
36.0647,17.6363,58.1566,75.7929
36.0847,17.7749,58.2804,76.0552
36.1047,17.2714,58.0245,75.2959
36.1247,17.6221,58.0452,75.6673
36.1447,17.3521,57.9473,75.2994
36.1647,17.1141,57.7616,74.8757
36.1847,17.236,57.7018,74.9378
36.2047,17.4834,57.8145,75.298
36.2247,17.6926,57.8393,75.532
36.2447,17.1436,57.7422,74.8858
36.2647,17.5546,57.7246,75.2791
36.2847,17.7665,57.4556,75.2221
36.3047,17.2849,57.5314,74.8163
36.3247,17.4712,57.3499,74.8211
36.3447,17.4367,57.3368,74.7735
36.3647,17.4301,57.362,74.792
36.3847,17.4396,57.3691,74.8086
36.4047,16.9349,57.1214,74.0562
36.4247,17.3908,57.2594,74.6502
36.4447,17.3688,57.0909,74.4597
36.4647,17.0491,57.101,74.1501
36.4847,17.3015,57.2083,74.5099
36.5047,16.9747,56.8929,73.8675
36.5247,17.0539,57.3426,74.3964
36.5447,17.3139,57.0829,74.3968
36.5647,17.0768,56.8865,73.9634
36.5847,17.3118,56.7594,74.0712
36.6047,17.3437,56.71,74.0537
36.6247,16.9237,56.865,73.7886
36.6447,17.3475,56.8145,74.1619
36.6647,17.2725,56.7025,73.975
36.6847,17.3886,56.7889,74.1775
36.7047,17.3257,56.8035,74.1292
36.7247,16.8675,56.6517,73.5192
36.7447,16.9648,56.5888,73.5536
36.7647,16.7529,56.4922,73.2451
36.7847,16.9963,56.5987,73.595
36.8047,16.6989,56.6404,73.3393
36.8247,16.6245,56.4674,73.0918
36.8447,16.7671,56.4496,73.2167
36.8647,17.0599,56.2882,73.3481
36.8847,16.4437,56.4786,72.9223
36.9047,16.805,56.0417,72.8468
36.9247,16.9117,56.4097,73.3213
36.9447,16.8148,56.0522,72.867
36.9647,16.5738,55.9204,72.4942
36.9847,16.5238,56.1456,72.6693
37.0047,16.8792,56.1853,73.0646
37.0247,16.6805,55.7898,72.4703
37.0447,16.5733,55.9853,72.5586
37.0647,16.4699,55.5735,72.0434
37.0847,16.9127,55.9672,72.8798
37.1047,16.3693,55.7492,72.1184
37.1247,16.6863,55.7751,72.4614
37.1447,17.0601,55.8202,72.8803
37.1647,16.4331,55.762,72.195
37.1847,16.6995,55.6454,72.3449
37.2047,16.6153,55.4759,72.0912
37.2247,16.4769,55.4346,71.9116
37.2447,16.1903,55.522,71.7123
37.2647,16.5476,55.44,71.9876
37.2847,16.6127,55.2863,71.899
37.3047,16.7494,55.4016,72.151
37.3247,16.5443,55.1741,71.7184
37.3447,16.4434,55.1508,71.5941
37.3647,16.2409,55.2399,71.4808
37.3847,15.9808,55.16,71.1408
37.4047,16.3734,55.1603,71.5337
37.4247,16.3697,54.9031,71.2728
37.4447,16.5463,55.094,71.6402
37.4647,16.2477,55.1364,71.384
37.4847,16.1674,55.022,71.1894
37.5047,16.3013,54.7587,71.06
37.5247,16.3223,54.8934,71.2157
37.5447,16.0062,54.6716,70.6778
37.5647,15.9419,54.3726,70.3145
37.5847,16.2814,54.7105,70.9919
37.6047,16.1344,54.4972,70.6316
37.6247,16.4497,54.7666,71.2163
37.6447,16.2886,54.7,70.9886
37.6647,16.3108,54.5172,70.828
37.6847,16.1215,54.5232,70.6447
37.7047,15.7939,54.6843,70.4782
37.7247,15.9736,54.4978,70.4714
37.7447,15.6193,54.2863,69.9056
37.7647,16.2875,54.5738,70.8613
37.7847,15.8096,54.4494,70.259
37.8047,15.8746,54.4879,70.3625
37.8247,15.6826,54.335,70.0175
37.8447,15.8182,54.1655,69.9837
37.8647,15.8828,54.2585,70.1413
37.8847,15.8846,54.025,69.9095
37.9047,15.6673,54.027,69.6943
37.9247,15.703,54.1942,69.8972
37.9447,15.8542,54.0193,69.8735
37.9647,15.789,54.1063,69.8953
37.9847,15.7646,53.9584,69.723
38.0047,15.7943,53.9822,69.7764
38.0247,16.144,53.7888,69.9328
38.0447,15.9415,54.1319,70.0734
38.0647,15.6469,53.8375,69.4844
38.0847,15.7693,53.6739,69.4433
38.1047,15.7124,53.891,69.6033
38.1247,15.7714,53.6765,69.4479
38.1447,15.6773,53.5247,69.2019
38.1647,15.6304,53.3257,68.9561
38.1847,15.2439,53.7253,68.9692
38.2047,15.3776,53.1299,68.5074
38.2247,15.3059,53.4709,68.7768
38.2447,15.5183,53.4295,68.9478
38.2647,15.1668,53.3929,68.5596
38.2847,15.7558,53.2464,69.0023
38.3047,15.3559,53.2286,68.5845
38.3247,15.0477,53.1398,68.1876
38.3447,15.2416,53.139,68.3806
38.3647,15.4368,52.9858,68.4226
38.3847,15.5425,53.0138,68.5563
38.4047,15.0331,53.1565,68.1896
38.4247,15.1925,53.0252,68.2177
38.4447,15.5575,53.0069,68.5644
38.4647,15.3514,53.2021,68.5535
38.4847,15.209,53.0188,68.2278
38.5047,15.2453,53.0176,68.263
38.5247,15.1609,52.817,67.9778
38.5447,15.0674,52.8061,67.8736
38.5647,15.1073,52.6572,67.7645
38.5847,15.473,52.7107,68.1837
38.6047,15.1206,52.7264,67.847
38.6247,15.2396,52.6069,67.8466
38.6447,14.9373,52.5353,67.4726
38.6647,15.4167,52.5329,67.9495
38.6847,15.0156,52.5554,67.571
38.7047,15.1556,52.3516,67.5072
38.7247,14.9503,52.3677,67.318
38.7447,15.2239,52.4999,67.7238
38.7647,15.0039,52.4545,67.4584
38.7847,15.3194,52.3814,67.7009
38.8047,14.6691,52.3011,66.9702
38.8247,15.1202,52.2022,67.3224
38.8447,15.0992,52.4061,67.5052
38.8647,15.2242,52.2869,67.5111
38.8847,14.0499,52.2432,66.2931
38.9047,14.7887,51.9677,66.7564
38.9247,14.6683,51.9972,66.6655
38.9447,14.919,52.0679,66.9869
38.9647,14.9173,52.1255,67.0428
38.9847,14.5124,51.9602,66.4726
39.0047,14.801,52.0287,66.8297
39.0247,14.4767,52.0154,66.4921
39.0447,14.8337,51.8745,66.7082
39.0647,14.8089,51.6984,66.5073
39.0847,14.6984,51.7225,66.4209
39.1047,14.9964,51.728,66.7244
39.1247,15.043,51.6085,66.6515
39.1447,15.0287,51.7656,66.7944
39.1647,14.8223,51.4777,66.3
39.1847,14.6425,51.582,66.2245
39.2047,14.7205,51.7038,66.4242
39.2247,14.6316,51.398,66.0296
39.2447,14.587,51.3418,65.9288
39.2647,14.799,51.2227,66.0217
39.2847,14.7054,51.2247,65.9301
39.3047,14.2342,51.4169,65.6511
39.3247,14.5376,51.1255,65.6631
39.3447,14.6133,51.2839,65.8972
39.3647,14.4139,51.2575,65.6714
39.3847,14.4927,51.2008,65.6935
39.4047,14.6402,51.1037,65.7438
39.4247,14.7628,51.1164,65.8792
39.4447,14.686,51.1319,65.8179
39.4647,14.2709,51.0233,65.2941
39.4847,14.2749,50.8517,65.1265
39.5047,14.3941,50.9111,65.3052
39.5247,14.5757,51.0521,65.6278
39.5447,14.4471,50.7301,65.1772
39.5647,14.4215,50.7918,65.2134
39.5847,14.2858,50.691,64.9768
39.6047,14.0078,50.6722,64.68
39.6247,14.4473,50.8153,65.2626
39.6447,14.1278,50.7078,64.8356
39.6647,14.4114,50.6963,65.1077
39.6847,14.4917,50.7237,65.2154
39.7047,14.4504,50.522,64.9724
39.7247,13.8996,50.5604,64.4601
39.7447,14.4918,50.4816,64.9733
39.7647,14.0422,50.2855,64.3277
39.7847,13.762,50.4548,64.2168
39.8047,14.2451,50.3091,64.5541
39.8247,14.3798,50.235,64.6148
39.8447,14.181,50.0618,64.2429
39.8647,14.2098,50.0254,64.2352
39.8847,14.2864,50.1785,64.4649
39.9047,13.7687,50.1647,63.9335
39.9247,13.8611,50.0581,63.9192
39.9447,14.1677,50.0268,64.1946
39.9647,13.7652,50.0244,63.7896
39.9847,13.8828,49.9023,63.7851
40.0047,13.9797,49.9347,63.9144
40.0247,14.0258,50.0678,64.0936
40.0447,14.061,49.9559,64.0169
40.0647,14.0802,49.8235,63.9036
40.0847,13.9162,50.0401,63.9562
40.1047,14.0668,49.6872,63.754
40.1247,14.0179,49.5209,63.5389
40.1447,13.785,49.6754,63.4605
40.1647,14.1763,49.5812,63.7575
40.1847,13.6805,49.6724,63.3528
40.2047,13.6221,49.5852,63.2073
40.2247,13.9082,49.3291,63.2373
40.2447,13.6962,49.2724,62.9686
40.2647,13.5042,49.289,62.7933
40.2847,13.1586,49.4043,62.5629
40.3047,13.7171,49.4942,63.2112
40.3247,13.9099,49.5194,63.4293
40.3447,13.8527,49.1438,62.9965
40.3647,13.5883,49.2151,62.8033
40.3847,13.8494,49.2582,63.1076
40.4047,13.8114,49.3169,63.1283
40.4247,13.7416,49.1131,62.8547
40.4447,13.2912,49.085,62.3762
40.4647,13.3022,48.9606,62.2628
40.4847,13.8062,49.0312,62.8374
40.5047,13.899,49.0435,62.9424
40.5247,13.5034,48.8576,62.361
40.5447,13.1977,48.8796,62.0773
40.5647,13.4706,48.8317,62.3023
40.5847,13.2866,48.6476,61.9342
40.6047,13.151,48.8205,61.9715
40.6247,13.6408,48.7383,62.3792
40.6447,13.5693,48.6167,62.1861
40.6647,13.6009,48.679,62.2799
40.6847,13.4932,48.4997,61.9929
40.7047,13.4751,48.5833,62.0584
40.7247,13.2853,48.5294,61.8147
40.7447,13.4878,48.5166,62.0044
40.7647,13.0973,48.2757,61.373
40.7847,13.1872,48.3439,61.5311
40.8047,13.288,48.4296,61.7176
40.8247,13.2603,48.5602,61.8205
40.8447,13.0853,48.2156,61.3009
40.8647,13.2684,48.2397,61.5081
40.8847,13.1375,48.1798,61.3173
40.9047,13.1334,48.1964,61.3298
40.9247,13.2628,48.2136,61.4764
40.9447,13.0907,48.0713,61.1619
40.9647,13.1248,48.0638,61.1886
40.9847,13.2729,48.1769,61.4499
41.0047,13.4506,48.2564,61.7069
41.0247,13.232,47.9397,61.1717
41.0447,13.0844,47.9578,61.0422
41.0647,12.9301,47.87,60.8001
41.0847,12.9456,47.951,60.8966
41.1047,12.8037,47.8682,60.6719
41.1247,12.6826,47.7068,60.3895
41.1447,13.2415,47.8047,61.0462
41.1647,13.009,47.7092,60.7182
41.1847,12.9987,47.7525,60.7512
41.2047,13.0822,47.7216,60.8038
41.2247,12.7666,47.4675,60.2341
41.2447,12.7812,47.5754,60.3566
41.2647,13.1293,47.808,60.9373
41.2847,12.8216,47.4651,60.2867
41.3047,13.0948,47.5821,60.6769
41.3247,13.0587,47.5169,60.5756
41.3447,12.9839,47.4942,60.4781
41.3647,12.6218,47.5417,60.1635
41.3847,12.7722,47.2467,60.0189
41.4047,12.6974,47.4928,60.1901
41.4247,13.1155,47.3122,60.4278
41.4447,12.7072,47.4258,60.133
41.4647,12.419,47.1471,59.5661
41.4847,12.9204,47.3241,60.2445
41.5047,12.6019,47.1821,59.784
41.5247,12.8074,47.1892,59.9966
41.5447,12.6331,47.1717,59.8048
41.5647,12.9816,47.0139,59.9955
41.5847,12.4004,47.0064,59.4068
41.6047,12.782,46.9622,59.7442
41.6247,12.7168,46.9094,59.6262
41.6447,12.8281,46.805,59.6331
41.6647,12.6507,46.8965,59.5472
41.6847,12.3227,46.7239,59.0466
41.7047,12.6503,46.9953,59.6456
41.7247,12.2591,46.7536,59.0127
41.7447,12.499,46.7054,59.2044
41.7647,12.6532,46.7463,59.3995
41.7847,12.1193,46.6225,58.7418
41.8047,12.3849,46.6972,59.0821
41.8247,12.4685,46.5823,59.0508
41.8447,12.1195,46.4856,58.6051
41.8647,12.2262,46.6529,58.8791
41.8847,12.5487,46.4614,59.0101
41.9047,12.5348,46.3572,58.892
41.9247,12.5018,46.3184,58.8202
41.9447,12.4952,46.4091,58.9043
41.9647,12.4496,46.3091,58.7588
41.9847,12.4595,46.3395,58.799
42.0047,12.4622,46.2069,58.6691
42.0247,12.6336,46.1497,58.7834
42.0447,12.3405,46.2391,58.5796
42.0647,12.2156,46.2774,58.4931
42.0847,12.2973,46.2669,58.5642
42.1047,12.3599,45.9413,58.3012
42.1247,12.647,45.9905,58.6375
42.1447,11.951,45.9005,57.8515
42.1647,12.4909,45.9408,58.4316
42.1847,11.9525,46.0052,57.9577
42.2047,12.2134,45.9438,58.1572
42.2247,11.9035,45.8192,57.7227
42.2447,12.182,45.7149,57.8968
42.2647,12.1327,45.4581,57.5908
42.2847,12.1627,45.9554,58.1181
42.3047,12.0638,45.6813,57.7451
42.3247,12.3022,45.7343,58.0365
42.3447,12.1772,45.5732,57.7504
42.3647,12.2418,45.72,57.9618
42.3847,12.0929,45.5473,57.6402
42.4047,12.1393,45.4939,57.6332
42.4247,12.1335,45.6325,57.766
42.4447,12.033,45.5147,57.5477
42.4647,11.7582,45.2848,57.043
42.4847,12.254,45.3482,57.6022
42.5047,11.8207,45.3668,57.1875
42.5247,11.9313,45.0212,56.9526
42.5447,12.1012,45.1874,57.2886
42.5647,11.833,45.382,57.215
42.5847,11.8917,45.144,57.0356
42.6047,12.024,45.3944,57.4184
42.6247,11.7424,45.2276,56.97
42.6447,12.0281,45.1311,57.1592
42.6647,12.1158,45.2249,57.3407
42.6847,12.0296,44.9295,56.9592
42.7047,11.8475,45.089,56.9366
42.7247,11.4948,44.8795,56.3743
42.7447,11.7753,44.9719,56.7472
42.7647,11.6316,44.9801,56.6117
42.7847,11.5736,45.0056,56.5792
42.8047,11.9461,44.7341,56.6802
42.8247,11.7343,44.7341,56.4684
42.8447,11.6261,44.7515,56.3777
42.8647,11.7166,44.4823,56.1989
42.8847,11.9402,44.5724,56.5126
42.9047,11.7492,44.7463,56.4954
42.9247,11.7938,44.7194,56.5131
42.9447,11.7627,44.6885,56.4513
42.9647,11.9711,44.6483,56.6195
42.9847,11.501,44.593,56.0939
43.0047,11.7013,44.6207,56.3219
43.0247,11.6722,44.4393,56.1115
43.0447,11.7451,44.4531,56.1983
43.0647,11.5142,44.527,56.0411
43.0847,11.4079,44.3183,55.7261
43.1047,11.4703,44.4007,55.871
43.1247,11.4121,44.2427,55.6548
43.1447,11.9052,44.3259,56.231
43.1647,11.544,44.1037,55.6477
43.1847,11.3058,44.1419,55.4477
43.2047,11.3713,44.2475,55.6187
43.2247,11.4726,44.2592,55.7318
43.2447,11.5286,44.1975,55.7262
43.2647,11.579,44.1767,55.7557
43.2847,11.5198,44.1653,55.6851
43.3047,11.333,43.9664,55.2994
43.3247,11.5957,44.0212,55.617
43.3447,11.3617,43.8547,55.2164
43.3647,11.2814,43.9549,55.2363
43.3847,11.3833,43.8467,55.23
43.4047,11.3208,43.8701,55.191
43.4247,11.3607,43.8177,55.1784
43.4447,11.0815,43.8804,54.9619
43.4647,11.3211,43.6393,54.9603
43.4847,11.245,43.8557,55.1007
43.5047,11.5288,43.7498,55.2786
43.5247,11.5442,43.5405,55.0847
43.5447,11.1196,43.4697,54.5892
43.5647,11.3626,43.4834,54.846
43.5847,11.1842,43.4604,54.6446
43.6047,11.2572,43.5017,54.7589
43.6247,11.1802,43.4023,54.5825
43.6447,11.1988,43.4078,54.6067
43.6647,11.4938,43.3247,54.8185
43.6847,11.0833,43.1763,54.2596
43.7047,11.2904,43.283,54.5735
43.7247,11.5098,43.2357,54.7455
43.7447,11.4749,43.1104,54.5853
43.7647,11.3449,43.3803,54.7253
43.7847,11.1892,43.1362,54.3254
43.8047,11.051,43.3112,54.3622
43.8247,11.2549,43.0933,54.3482
43.8447,11.1228,43.1195,54.2423
43.8647,11.052,42.8156,53.8675
43.8847,11.0544,43.0805,54.1349
43.9047,11.0902,43.0841,54.1743
43.9247,10.8622,42.8272,53.6894
43.9447,11.0589,42.8429,53.9017
43.9647,11.0466,42.8304,53.877
43.9847,11.0216,42.8566,53.8782
44.0047,11.1669,42.7321,53.8991
44.0247,11.0406,42.7771,53.8177
44.0447,10.9795,42.8004,53.7799
44.0647,11.1316,42.6263,53.7579
44.0847,10.9735,42.6953,53.6688
44.1047,11.0527,42.5531,53.6058
44.1247,10.8914,42.6308,53.5222
44.1447,11.0639,42.6292,53.6931
44.1647,10.9635,42.7065,53.67
44.1847,10.5435,42.4565,53
44.2047,10.9113,42.4209,53.3322
44.2247,10.9568,42.576,53.5328
44.2447,10.7592,42.5326,53.2918
44.2647,10.9037,42.2964,53.2001
44.2847,10.9688,42.2951,53.2639
44.3047,10.8171,42.2624,53.0796
44.3247,10.3411,42.2703,52.6115
44.3447,10.8417,42.4405,53.2822
44.3647,10.8565,42.0248,52.8812
44.3847,10.8323,41.9983,52.8307
44.4047,10.4794,41.891,52.3704
44.4247,10.8489,41.8452,52.6941
44.4447,10.579,41.9179,52.4969
44.4647,10.6561,42.0767,52.7328
44.4847,10.9405,41.9793,52.9199
44.5047,10.9444,41.8556,52.8
44.5247,10.7621,41.8786,52.6406
44.5447,10.7889,41.9516,52.7405
44.5647,10.7075,41.8748,52.5823
44.5847,10.885,41.8616,52.7467
44.6047,10.7997,41.8148,52.6144
44.6247,10.6091,41.8392,52.4484
44.6447,10.5949,41.6387,52.2336
44.6647,10.5144,41.6013,52.1156
44.6847,10.4627,41.642,52.1047
44.7047,10.7735,41.6721,52.4456
44.7247,10.5681,41.5548,52.1229
44.7447,10.6464,41.4671,52.1135
44.7647,10.5503,41.3788,51.9291
44.7847,10.4258,41.6346,52.0604
44.8047,10.5709,41.4288,51.9997
44.8247,10.3149,41.4016,51.7165
44.8447,10.5642,41.6394,52.2036
44.8647,10.3762,41.3953,51.7715
44.8847,10.3969,41.4863,51.8832
44.9047,10.4028,41.2806,51.6834
44.9247,10.5293,41.4022,51.9316
44.9447,10.3093,41.2365,51.5458
44.9647,10.2396,41.2202,51.4598
44.9847,10.2694,41.3821,51.6515
45.0047,10.3731,41.0933,51.4664
45.0247,10.4799,41.1666,51.6465
45.0447,10.2116,41.1459,51.3575
45.0647,10.4477,41.2273,51.6749
45.0847,10.1399,41.1691,51.309
45.1047,10.1078,41.0536,51.1614
45.1247,10.2314,41.1855,51.4169
45.1447,10.2811,40.9193,51.2004
45.1647,10.1331,40.8478,50.9809
45.1847,10.1666,40.8349,51.0015
45.2047,10.103,40.8509,50.954
45.2247,10.1589,40.774,50.9329
45.2447,10.0674,40.8034,50.8708
45.2647,10.1902,40.8393,51.0294
45.2847,10.2608,40.9093,51.1702
45.3047,10.2969,40.5361,50.833
45.3247,10.4807,40.5738,51.0546
45.3447,10.0648,40.76,50.8248
45.3647,10.2294,40.7925,51.022
45.3847,10.2046,40.6828,50.8874
45.4047,9.91721,40.6927,50.6099
45.4247,10.0132,40.5178,50.531
45.4447,10.0386,40.5179,50.5564
45.4647,9.69785,40.3411,50.0389
45.4847,10.0016,40.4934,50.495
45.5047,10.2404,40.5515,50.7919
45.5247,10.0008,40.3823,50.3831
45.5447,10.1062,40.2179,50.3241
45.5647,10.0658,40.3668,50.4326
45.5847,10.1573,40.2314,50.3886
45.6047,10.3817,40.126,50.5077
45.6247,9.98332,40.2294,50.2127
45.6447,9.67565,39.907,49.5826
45.6647,9.96868,39.9325,49.9011
45.6847,9.78291,40.0251,49.808
45.7047,9.81179,39.9796,49.7914
45.7247,10.2081,40.0165,50.2245
45.7447,9.96395,39.9942,49.9582
45.7647,9.66752,39.8961,49.5636
45.7847,9.71662,40.0773,49.794
45.8047,10.0549,39.7552,49.8101
45.8247,9.81475,39.9081,49.7229
45.8447,9.70957,39.7924,49.502
45.8647,9.88104,39.9312,49.8123
45.8847,10.0295,39.6894,49.7189
45.9047,10.0823,39.7159,49.7982
45.9247,9.85663,39.6713,49.5279
45.9447,9.62831,39.6238,49.2521
45.9647,9.71466,39.4694,49.184
45.9847,9.60826,39.5147,49.123
46.0047,9.99829,39.5596,49.5579
46.0247,9.71007,39.4974,49.2075
46.0447,9.54325,39.3295,48.8728
46.0647,9.74128,39.4314,49.1727
46.0847,9.65308,39.4123,49.0654
46.1047,9.6791,39.549,49.2281
46.1247,9.69024,39.2578,48.948
46.1447,9.73709,39.2523,48.9894
46.1647,9.69234,39.2236,48.916
46.1847,9.52883,39.2221,48.751
46.2047,9.46179,39.5485,49.0103
46.2247,9.72686,39.2626,48.9895
46.2447,9.57861,39.0998,48.6784
46.2647,9.95487,39.1955,49.1504
46.2847,9.5585,39.0545,48.613
46.3047,9.64101,38.9913,48.6323
46.3247,9.56276,39.1008,48.6635
46.3447,9.27842,38.9746,48.2531
46.3647,9.5745,38.9276,48.5021
46.3847,9.56985,38.9743,48.5442
46.4047,9.66205,39.141,48.8031
46.4247,9.5392,38.949,48.4882
46.4447,9.6631,39.0556,48.7187
46.4647,9.40613,38.9682,48.3743
46.4847,9.2955,38.7967,48.0922
46.5047,9.61818,38.8407,48.4589
46.5247,9.71073,38.5926,48.3034
46.5447,9.52905,38.7584,48.2874
46.5647,9.678,38.8736,48.5516
46.5847,9.19251,38.7713,47.9638
46.6047,9.55494,38.5744,48.1293
46.6247,9.506,38.5563,48.0623
46.6447,9.16347,38.5965,47.76
46.6647,9.06089,38.7356,47.7965
46.6847,9.21299,38.6606,47.8736
46.7047,9.56378,38.4154,47.9792
46.7247,9.26564,38.5865,47.8522
46.7447,9.37533,38.3802,47.7555
46.7647,9.32812,38.4727,47.8008
46.7847,9.29995,38.2987,47.5986
46.8047,9.4307,38.3244,47.7551
46.8247,9.18115,38.376,47.5572
46.8447,9.43029,38.3647,47.795
46.8647,9.18324,38.2927,47.4759
46.8847,9.36096,38.3711,47.732
46.9047,9.22893,38.3552,47.5842
46.9247,9.28641,38.3172,47.6036
46.9447,9.23636,38.0619,47.2983
46.9647,9.36654,38.1882,47.5547
46.9847,9.35797,38.204,47.562
47.0047,9.29654,38.2304,47.5269
47.0247,9.23985,37.9287,47.1685
47.0447,9.02184,37.8598,46.8817
47.0647,9.12981,37.9834,47.1132
47.0847,9.23157,38.024,47.2556
47.1047,9.2949,37.8915,47.1864
47.1247,8.7984,37.7874,46.5858
47.1447,9.25189,37.9784,47.2303
47.1647,9.10674,37.6842,46.7909
47.1847,9.36254,38.0172,47.3798
47.2047,9.03887,37.8302,46.8691
47.2247,9.28354,37.9574,47.2409
47.2447,8.70203,37.5383,46.2403
47.2647,8.90035,37.5854,46.4857
47.2847,9.01352,37.4987,46.5122
47.3047,9.15303,37.6905,46.8436
47.3247,8.91146,37.5004,46.4119
47.3447,9.07548,37.4477,46.5232
47.3647,9.00692,37.7098,46.7167
47.3847,8.95052,37.522,46.4725
47.4047,8.79821,37.4869,46.2851
47.4247,9.03557,37.4201,46.4557
47.4447,8.82581,37.4594,46.2852
47.4647,9.05263,37.3791,46.4318
47.4847,8.62284,37.3358,45.9586
47.5047,8.71291,37.3248,46.0378
47.5247,8.75974,37.3184,46.0782
47.5447,8.95379,37.3302,46.2839
47.5647,8.81375,37.1526,45.9664
47.5847,8.9318,37.3116,46.2434
47.6047,9.02871,37.2369,46.2656
47.6247,9.09319,37.0643,46.1575
47.6447,8.80763,37.0397,45.8473
47.6647,8.82106,37.034,45.8551
47.6847,9.0144,37.0477,46.0621
47.7047,8.73198,37.1433,45.8753
47.7247,8.76359,36.8935,45.6571
47.7447,8.80477,36.9072,45.7119
47.7647,8.78128,36.9933,45.7746
47.7847,8.52046,36.8011,45.3216
47.8047,8.68913,36.8234,45.5126
47.8247,8.71178,36.8619,45.5737
47.8447,8.74137,36.6824,45.4238
47.8647,8.80652,36.7866,45.5931
47.8847,8.74814,36.9034,45.6515
47.9047,8.3173,36.6491,44.9664
47.9247,8.71511,36.5487,45.2638
47.9447,8.61582,36.5741,45.1899
47.9647,8.7265,36.672,45.3985
47.9847,8.83624,36.8182,45.6544
48.0047,8.71619,36.4348,45.151
48.0247,8.58165,36.6125,45.1941
48.0447,8.38794,36.5698,44.9578
48.0647,8.44302,36.5719,45.0149
48.0847,8.68416,36.5142,45.1984
48.1047,8.27292,36.4201,44.693
48.1247,8.48423,36.357,44.8412
48.1447,8.44155,36.4159,44.8574
48.1647,8.43112,36.3461,44.7772
48.1847,8.53593,36.3076,44.8435
48.2047,8.66207,36.3658,45.0279
48.2247,8.15846,36.3145,44.4729
48.2447,8.65499,36.2938,44.9488
48.2647,8.51592,36.2538,44.7698
48.2847,8.60017,36.3653,44.9655
48.3047,8.41643,36.162,44.5784
48.3247,8.44982,36.2811,44.731
48.3447,8.35173,36.2047,44.5564
48.3647,8.44246,36.0712,44.5136
48.3847,8.56602,36.1447,44.7107
48.4047,8.42637,35.8402,44.2666
48.4247,8.20296,35.8966,44.0995
48.4447,8.57459,36.0326,44.6072
48.4647,8.445,35.9778,44.4228
48.4847,8.34139,35.8877,44.2291
48.5047,8.18982,35.7088,43.8986
48.5247,8.28241,35.8099,44.0923
48.5447,8.29286,35.743,44.0358
48.5647,8.20301,35.7586,43.9616
48.5847,8.43085,35.6994,44.1302
48.6047,8.37829,35.7334,44.1116
48.6247,8.16427,35.622,43.7863
48.6447,8.32125,35.4848,43.8061
48.6647,8.19193,35.6295,43.8215
48.6847,8.36583,35.4589,43.8247
48.7047,8.10609,35.5969,43.703
48.7247,8.18412,35.511,43.6951
48.7447,8.40233,35.5916,43.9939
48.7647,8.21936,35.3398,43.5592
48.7847,8.46559,35.4716,43.9372
48.8047,8.24703,35.518,43.7651
48.8247,8.26105,35.3057,43.5668
48.8447,8.07935,35.2951,43.3745
48.8647,8.17714,35.5267,43.7039
48.8847,8.39739,35.2753,43.6727
48.9047,8.29019,35.2134,43.5036
48.9247,8.04823,35.1797,43.228
48.9447,8.08478,35.1396,43.2244
48.9647,7.95034,35.3863,43.3367
48.9847,8.11401,35.2007,43.3147
49.0047,7.98957,35.0884,43.078
49.0247,7.91442,35.164,43.0784
49.0447,8.12225,34.9917,43.114
49.0647,8.24476,35.0568,43.3015
49.0847,8.15333,34.9728,43.1261
49.1047,7.78789,35.1779,42.9658
49.1247,8.22896,34.922,43.1509
49.1447,8.00354,35.0027,43.0063
49.1647,8.01827,35.0314,43.0497
49.1847,7.93904,35.0786,43.0176
49.2047,8.01379,34.9515,42.9653
49.2247,7.7336,34.9879,42.7215
49.2447,7.69903,34.8274,42.5264
49.2647,7.75926,34.7759,42.5352
49.2847,7.83265,34.8259,42.6585
49.3047,8.08638,34.7614,42.8477
49.3247,7.71814,34.6944,42.4126
49.3447,7.93069,34.6403,42.571
49.3647,7.984,34.6852,42.6692
49.3847,7.96847,34.5683,42.5368
49.4047,7.83197,34.568,42.4
49.4247,7.70052,34.4913,42.1918
49.4447,7.91188,34.3686,42.2805
49.4647,8.00741,34.5274,42.5348
49.4847,7.80055,34.4887,42.2893
49.5047,7.88949,34.3249,42.2144
49.5247,7.94987,34.4729,42.4228
49.5447,7.70471,34.3007,42.0054
49.5647,7.59962,34.3718,41.9714
49.5847,7.58945,34.1244,41.7138
49.6047,7.68435,34.187,41.8714
49.6247,7.81034,34.367,42.1774
49.6447,7.70535,34.1591,41.8644
49.6647,7.56677,34.2368,41.8036
49.6847,7.67218,34.2132,41.8854
49.7047,7.56796,34.1507,41.7187
49.7247,7.82265,34.0708,41.8934
49.7447,7.94634,34.1729,42.1193
49.7647,7.74715,34.0864,41.8336
49.7847,7.84943,33.9548,41.8042
49.8047,7.81162,34.0231,41.8347
49.8247,7.55945,33.8625,41.422
49.8447,7.59056,34.0209,41.6115
49.8647,7.68992,34.0992,41.7891
49.8847,7.652,34.0377,41.6897
49.9047,7.47889,33.8636,41.3425
49.9247,7.53726,33.9196,41.4569
49.9447,7.56205,33.8366,41.3986
49.9647,7.58334,33.7108,41.2942
49.9847,7.64073,33.7173,41.358
50.0047,7.61825,33.6778,41.296
50.0247,7.59265,33.7259,41.3186
50.0447,7.60506,33.8086,41.4136
50.0647,7.68304,33.7715,41.4545
50.0847,7.17693,33.7446,40.9215
50.1047,7.49576,33.6753,41.171
50.1247,7.20968,33.4557,40.6653
50.1447,7.42313,33.6194,41.0425
50.1647,7.53014,33.5946,41.1248
50.1847,7.36259,33.4127,40.7752
50.2047,7.52387,33.5515,41.0754
50.2247,7.52301,33.574,41.097
50.2447,7.34591,33.3055,40.6514
50.2647,7.45558,33.3453,40.8009
50.2847,7.41963,33.4581,40.8778
50.3047,7.15493,33.362,40.517
50.3247,7.61611,33.331,40.9471
50.3447,7.50055,33.1926,40.6931
50.3647,7.41031,33.2657,40.676
50.3847,7.46151,33.1985,40.66
50.4047,7.34256,33.2635,40.606
50.4247,7.37529,33.3273,40.7025
50.4447,7.42698,33.1777,40.6047
50.4647,7.37639,33.1098,40.4862
50.4847,7.23125,33.2099,40.4411
50.5047,7.11332,33.0206,40.1339
50.5247,7.38666,33.0506,40.4373
50.5447,7.21834,32.9898,40.2081
50.5647,7.28453,32.9576,40.2421
50.5847,7.36002,32.9059,40.2659
50.6047,7.16557,32.9247,40.0903
50.6247,7.13857,33.0332,40.1718
50.6447,7.24045,32.8936,40.1341
50.6647,7.25522,32.9174,40.1727
50.6847,7.42404,32.8188,40.2428
50.7047,7.18572,32.8237,40.0094
50.7247,7.13905,32.6483,39.7874
50.7447,7.11397,32.7197,39.8337
50.7647,7.187,32.6289,39.8159
50.7847,7.30015,32.5842,39.8843
50.8047,7.20118,32.6093,39.8105
50.8247,7.02109,32.4577,39.4788
50.8447,7.04955,32.5798,39.6294
50.8647,7.07099,32.6707,39.7417
50.8847,7.08113,32.5365,39.6176
50.9047,7.0161,32.3459,39.362
50.9247,7.02321,32.508,39.5312
50.9447,7.14213,32.5167,39.6588
50.9647,7.36066,32.6014,39.9621
50.9847,7.0205,32.4164,39.4369
51.0047,6.98945,32.2083,39.1978
51.0247,6.87397,32.3663,39.2403
51.0447,7.11429,32.3181,39.4324
51.0647,7.10062,32.2856,39.3862
51.0847,6.96378,32.2825,39.2463
51.1047,6.939,32.1396,39.0786
51.1247,7.04255,32.3021,39.3446
51.1447,6.98181,32.1341,39.1159
51.1647,7.01354,32.1755,39.1891
51.1847,6.98517,32.2136,39.1987
51.2047,6.77538,32.1699,38.9453
51.2247,6.90559,32.1051,39.0107
51.2447,6.87961,32.0213,38.9009
51.2647,6.98396,32.0741,39.0581
51.2847,6.99478,31.9216,38.9164
51.3047,7.19442,32.0251,39.2196
51.3247,6.90071,31.9408,38.8416
51.3447,6.83312,31.8769,38.71
51.3647,7.14126,31.7459,38.8872
51.3847,6.92623,31.8874,38.8136
51.4047,7.02526,31.8096,38.8349
51.4247,6.84529,31.7144,38.5597
51.4447,6.6779,31.6765,38.3544
51.4647,7.00803,31.7401,38.7481
51.4847,6.57377,31.7183,38.2921
51.5047,6.96445,31.5314,38.4959
51.5247,6.88049,31.786,38.6664
51.5447,6.96569,31.7933,38.759
51.5647,6.67737,31.6233,38.3007
51.5847,6.74325,31.4026,38.1458
51.6047,6.79564,31.4878,38.2834
51.6247,6.87902,31.5548,38.4338
51.6447,6.61079,31.5671,38.1779
51.6647,6.79146,31.5762,38.3676
51.6847,6.61799,31.4308,38.0488
51.7047,6.83488,31.5277,38.3626
51.7247,6.43713,31.3776,37.8148
51.7447,6.71239,31.41,38.1223
51.7647,6.70818,31.3421,38.0503
51.7847,6.70074,31.2172,37.918
51.8047,6.56299,31.2475,37.8104
51.8247,6.92957,31.218,38.1476
51.8447,6.45052,31.143,37.5935
51.8647,6.70615,31.1258,37.8319
51.8847,6.57231,31.1729,37.7452
51.9047,6.51099,30.965,37.476
51.9247,6.59453,31.1461,37.7406
51.9447,6.46117,31.1108,37.5719
51.9647,6.59069,30.9073,37.498
51.9847,6.53305,30.9982,37.5312
52.0047,6.70123,31.0218,37.723
52.0247,6.499,31.1599,37.6589
52.0447,6.58027,31.0887,37.6689
52.0647,6.54296,31.0425,37.5855
52.0847,6.48641,30.9472,37.4337
52.1047,6.64407,30.8184,37.4624
52.1247,6.51418,30.7877,37.3019
52.1447,6.31667,30.6496,36.9663
52.1647,6.5531,30.8519,37.405
52.1847,6.44583,30.758,37.2038
52.2047,6.34442,30.8426,37.1871
52.2247,6.46011,30.6909,37.151
52.2447,6.43918,30.8343,37.2735
52.2647,6.43167,30.6311,37.0627
52.2847,6.49458,30.7446,37.2392
52.3047,6.47586,30.6169,37.0927
52.3247,6.36701,30.7555,37.1225
52.3447,6.35687,30.4534,36.8102
52.3647,6.49942,30.5458,37.0452
52.3847,6.50171,30.3767,36.8785
52.4047,6.1997,30.4191,36.6188
52.4247,6.61828,30.5929,37.2112
52.4447,6.48678,30.4714,36.9582
52.4647,6.24726,30.4522,36.6995
52.4847,6.2703,30.622,36.8923
52.5047,6.34981,30.2942,36.644
52.5247,6.39738,30.3083,36.7057
52.5447,6.06524,30.4234,36.4887
52.5647,6.36425,30.3221,36.6864
52.5847,6.28692,30.2422,36.5291
52.6047,6.24432,30.2448,36.4892
52.6247,6.12165,30.1926,36.3143
52.6447,6.30978,30.241,36.5508
52.6647,5.9646,30.1273,36.0919
52.6847,6.34539,30.1456,36.491
52.7047,6.13469,30.058,36.1927
52.7247,6.31619,30.0717,36.3879
52.7447,6.25199,29.9739,36.2259
52.7647,6.38608,30.0275,36.4136
52.7847,6.35054,29.9529,36.3034
52.8047,6.32839,30.0819,36.4103
52.8247,6.31747,29.8768,36.1943
52.8447,5.93903,29.8095,35.7485
52.8647,6.20195,29.9236,36.1256
52.8847,6.18603,29.7421,35.9281
52.9047,6.25066,29.9272,36.1779
52.9247,6.19529,29.7914,35.9867
52.9447,6.18633,29.8136,35.9999
52.9647,6.10151,29.749,35.8505
52.9847,6.19611,29.7242,35.9204
53.0047,6.11002,29.561,35.671
53.0247,6.05619,29.5312,35.5874
53.0447,6.00008,29.5499,35.55
53.0647,6.03085,29.5818,35.6126
53.0847,6.04063,29.5675,35.6081
53.1047,6.09983,29.5404,35.6403
53.1247,6.04515,29.4444,35.4895
53.1447,6.0786,29.2937,35.3723
53.1647,5.97534,29.48,35.4554
53.1847,5.85615,29.4752,35.3313
53.2047,6.07263,29.3765,35.4492
53.2247,6.05196,29.3461,35.3981
53.2447,5.85585,29.1872,35.043
53.2647,6.11571,29.2722,35.3879
53.2847,6.01762,29.2828,35.3005
53.3047,6.14193,29.1766,35.3185
53.3247,5.99007,29.2718,35.2619
53.3447,5.95415,29.2996,35.2537
53.3647,5.77949,29.1386,34.9181
53.3847,5.85671,29.2084,35.0651
53.4047,5.80383,29.1642,34.9681
53.4247,5.81297,29.1907,35.0037
53.4447,5.7356,29.0621,34.7977
53.4647,5.94788,29.1438,35.0916
53.4847,5.90667,29.1092,35.0159
53.5047,5.77855,29.1144,34.893
53.5247,5.81179,29.0047,34.8165
53.5447,5.71787,28.9612,34.6791
53.5647,5.84623,28.8408,34.687
53.5847,5.77283,28.9856,34.7584
53.6047,5.8335,28.9574,34.7909
53.6247,5.66008,28.8684,34.5285
53.6447,5.64401,28.7561,34.4001
53.6647,5.65661,28.7445,34.4011
53.6847,5.84751,28.8178,34.6653
53.7047,5.73048,28.8596,34.5901
53.7247,5.88154,28.7518,34.6333
53.7447,5.70498,28.6158,34.3208
53.7647,5.95521,28.783,34.7383
53.7847,5.64387,28.6794,34.3233
53.8047,5.67635,28.5765,34.2528
53.8247,5.7591,28.4901,34.2492
53.8447,5.73233,28.5341,34.2665
53.8647,5.61442,28.7571,34.3715
53.8847,5.64107,28.6171,34.2582
53.9047,5.77922,28.5922,34.3714
53.9247,5.54083,28.5404,34.0812
53.9447,5.64883,28.3956,34.0444
53.9647,5.68181,28.4356,34.1174
53.9847,5.64642,28.2686,33.915
54.0047,5.66401,28.3441,34.0081
54.0247,5.64164,28.3081,33.9497
54.0447,5.69772,28.1996,33.8973
54.0647,5.50182,28.2035,33.7053
54.0847,5.63597,28.2256,33.8615
54.1047,5.68071,28.2086,33.8893
54.1247,5.62855,28.2184,33.847
54.1447,5.64382,28.1517,33.7955
54.1647,5.4026,28.099,33.5016
54.1847,5.53256,28.0316,33.5641
54.2047,5.47688,27.9647,33.4415
54.2247,5.56627,28.1131,33.6794
54.2447,5.41189,27.9894,33.4013
54.2647,5.62565,28.0164,33.642
54.2847,5.4347,27.9877,33.4224
54.3047,5.57551,27.9922,33.5677
54.3247,5.48219,27.8869,33.3691
54.3447,5.41252,27.9829,33.3955
54.3647,5.51163,27.8702,33.3818
54.3847,5.52824,27.7973,33.3256
54.4047,5.37913,27.7701,33.1492
54.4247,5.58426,27.7447,33.329
54.4447,5.32702,27.8658,33.1928
54.4647,5.37137,27.8694,33.2407
54.4847,5.36212,27.608,32.9701
54.5047,5.46732,27.5991,33.0664
54.5247,5.32855,27.5823,32.9108
54.5447,5.33707,27.6036,32.9406
54.5647,5.37508,27.6552,33.0303
54.5847,5.33468,27.5133,32.8479
54.6047,5.49373,27.5517,33.0454
54.6247,5.3126,27.5834,32.896
54.6447,5.58118,27.5732,33.1544
54.6647,5.53948,27.4485,32.988
54.6847,5.3926,27.4677,32.8603
54.7047,5.33655,27.5349,32.8714
54.7247,5.3224,27.373,32.6954
54.7447,5.46902,27.3825,32.8516
54.7647,5.26195,27.42,32.682
54.7847,5.40903,27.2502,32.6593
54.8047,5.33009,27.3384,32.6685
54.8247,5.26093,27.3766,32.6375
54.8447,5.46079,27.193,32.6538
54.8647,5.2282,27.3565,32.5847
54.8847,5.32606,27.1888,32.5148
54.9047,5.32322,27.1759,32.4992
54.9247,5.21316,27.0991,32.3123
54.9447,5.21499,27.1466,32.3616
54.9647,5.32234,27.1446,32.4669
54.9847,5.18889,27.0094,32.1982
55.0047,5.13554,27.1299,32.2654
55.0247,5.08631,26.9257,32.012
55.0447,5.03836,27.0933,32.1317
55.0647,5.1049,26.9756,32.0805
55.0847,5.2483,27.0409,32.2892
55.1047,5.17597,26.8863,32.0622
55.1247,5.14921,26.9527,32.1019
55.1447,5.06339,26.8568,31.9201
55.1647,5.15256,26.7707,31.9232
55.1847,5.0535,26.9095,31.963
55.2047,5.08327,26.8298,31.9131
55.2247,5.11441,26.8726,31.987
55.2447,5.14228,26.7342,31.8765
55.2647,4.983,26.7391,31.7221
55.2847,4.92751,26.635,31.5625
55.3047,5.01011,26.6033,31.6134
55.3247,5.07842,26.5937,31.6721
55.3447,4.96443,26.6619,31.6263
55.3647,5.19702,26.6695,31.8665
55.3847,4.85837,26.4886,31.3469
55.4047,4.98871,26.4279,31.4166
55.4247,4.97626,26.4461,31.4224
55.4447,4.97285,26.5334,31.5062
55.4647,5.03831,26.543,31.5813
55.4847,5.00353,26.417,31.4205
55.5047,4.93776,26.4808,31.4185
55.5247,5.06939,26.42,31.4894
55.5447,4.86165,26.4413,31.3029
55.5647,5.00445,26.3293,31.3338
55.5847,4.78667,26.3179,31.1045
55.6047,4.9439,26.1517,31.0956
55.6247,4.92681,26.2295,31.1563
55.6447,4.77062,26.2761,31.0468
55.6647,4.93028,26.1273,31.0576
55.6847,4.91469,26.2553,31.1699
55.7047,4.85771,26.1149,30.9726
55.7247,4.88019,26.2223,31.1025
55.7447,4.96862,26.1912,31.1598
55.7647,4.83251,26.0845,30.917
55.7847,4.87936,25.9974,30.8767
55.8047,4.74686,26.1387,30.8856
55.8247,5.06994,26.0581,31.1281
55.8447,4.89781,26.015,30.9128
55.8647,4.74994,25.9687,30.7186
55.8847,4.88418,25.7998,30.6839
55.9047,4.80801,25.8094,30.6174
55.9247,4.8155,25.8149,30.6304
55.9447,4.81106,25.8926,30.7037
55.9647,4.8936,25.8229,30.7165
55.9847,4.72459,25.8359,30.5604
56.0047,4.75991,25.8232,30.5831
56.0247,4.72456,25.7072,30.4318
56.0447,4.70188,25.801,30.5029
56.0647,4.84706,25.6844,30.5315
56.0847,4.77868,25.7924,30.5711
56.1047,4.71067,25.7772,30.4879
56.1247,4.76131,25.624,30.3853
56.1447,4.69733,25.5841,30.2815
56.1647,4.76611,25.4671,30.2332
56.1847,4.62909,25.4485,30.0775
56.2047,4.58221,25.4394,30.0216
56.2247,4.55657,25.5939,30.1505
56.2447,4.59629,25.3624,29.9587
56.2647,4.61889,25.4223,30.0412
56.2847,4.67748,25.3628,30.0403
56.3047,4.729,25.4161,30.1451
56.3247,4.62796,25.2409,29.8689
56.3447,4.77295,25.3452,30.1181
56.3647,4.56827,25.3672,29.9355
56.3847,4.6921,25.2899,29.982
56.4047,4.6171,25.1833,29.8004
56.4247,4.79602,25.1482,29.9442
56.4447,4.55576,25.2605,29.8163
56.4647,4.62416,25.0625,29.6867
56.4847,4.5485,24.9609,29.5094
56.5047,4.62758,25.0638,29.6914
56.5247,4.43987,25.0525,29.4924
56.5447,4.59541,25.1483,29.7437
56.5647,4.54708,25.0349,29.582
56.5847,4.5001,24.9939,29.494
56.6047,4.55738,24.9479,29.5053
56.6247,4.53575,24.9456,29.4813
56.6447,4.50801,24.9163,29.4243
56.6647,4.43383,24.8805,29.3144
56.6847,4.56026,24.6961,29.2564
56.7047,4.39961,24.9052,29.3048
56.7247,4.53707,24.8141,29.3512
56.7447,4.38611,24.8249,29.211
56.7647,4.38925,24.7711,29.1603
56.7847,4.475,24.7037,29.1787
56.8047,4.37678,24.7511,29.1279
56.8247,4.31169,24.7077,29.0194
56.8447,4.48747,24.6411,29.1285
56.8647,4.31445,24.5,28.8144
56.8847,4.47805,24.597,29.0751
56.9047,4.24496,24.5274,28.7724
56.9247,4.40743,24.5198,28.9272
56.9447,4.32899,24.5101,28.8391
56.9647,4.41078,24.4808,28.8915
56.9847,4.32291,24.4805,28.8034
57.0047,4.31868,24.3285,28.6472
57.0247,4.30592,24.2711,28.577
57.0447,4.29614,24.2976,28.5937
57.0647,4.401,24.4714,28.8724
57.0847,4.34635,24.3885,28.7349
57.1047,4.22,24.3494,28.5694
57.1247,4.23053,24.2781,28.5086
57.1447,4.29997,24.2785,28.5785
57.1647,4.22584,24.2276,28.4534
57.1847,4.26653,24.2486,28.5151
57.2047,4.26097,24.2096,28.4705
57.2247,4.18937,24.1081,28.2975
57.2447,4.17157,24.1321,28.3037
57.2647,4.37946,24.1204,28.4999
57.2847,4.08338,24.0468,28.1302
57.3047,4.22517,23.9501,28.1753
57.3247,4.14511,24.0611,28.2063
57.3447,4.11387,23.9869,28.1008
57.3647,4.21363,23.8957,28.1094
57.3847,4.29793,23.9716,28.2695
57.4047,4.06201,23.8422,27.9043
57.4247,4.07336,23.8553,27.9286
57.4447,4.28393,24.0058,28.2897
57.4647,4.20223,23.7352,27.9374
57.4847,4.13048,23.8981,28.0286
57.5047,4.22888,23.7363,27.9652
57.5247,4.05723,23.6892,27.7464
57.5447,3.93831,23.6118,27.5501
57.5647,4.07464,23.62,27.6946
57.5847,4.16186,23.6916,27.8535
57.6047,4.0568,23.6314,27.6882
57.6247,4.0982,23.4647,27.5629
57.6447,4.08584,23.6335,27.7193
57.6647,4.01582,23.5459,27.5617
57.6847,4.10154,23.5199,27.6215
57.7047,4.0613,23.5181,27.5794
57.7247,3.88236,23.4436,27.326
57.7447,3.87469,23.4575,27.3322
57.7647,4.02741,23.3478,27.3753
57.7847,4.02834,23.4326,27.461
57.8047,3.99266,23.4603,27.453
57.8247,3.86968,23.3968,27.2665
57.8447,3.81028,23.3299,27.1402
57.8647,4.0734,23.2961,27.3695
57.8847,3.99045,23.1672,27.1576
57.9047,3.83641,23.2206,27.057
57.9247,3.88289,23.2091,27.092
57.9447,4.00877,23.2569,27.2657
57.9647,3.83719,23.2264,27.0636
57.9847,3.96641,23.1865,27.1529
58.0047,3.81309,23.1207,26.9338
58.0247,3.775,23.1747,26.9497
58.0447,3.96138,23.0744,27.0357
58.0647,3.76927,23.0093,26.7785
58.0847,3.9352,23.0418,26.977
58.1047,3.99245,22.9641,26.9566
58.1247,3.80555,22.8613,26.6669
58.1447,3.83773,22.9339,26.7716
58.1647,3.87576,23.0563,26.9321
58.1847,3.8683,22.7465,26.6148
58.2047,3.79257,22.8556,26.6482
58.2247,3.74201,22.8906,26.6326
58.2447,3.73381,22.8529,26.5867
58.2647,3.73202,22.7685,26.5005
58.2847,3.7367,22.8157,26.5524
58.3047,3.79694,22.6222,26.4192
58.3247,3.86565,22.6373,26.503
58.3447,3.79552,22.6045,26.4
58.3647,3.71826,22.4996,26.2179
58.3847,3.71347,22.6457,26.3592
58.4047,3.76774,22.6333,26.401
58.4247,3.58343,22.6492,26.2326
58.4447,3.69368,22.538,26.2317
58.4647,3.77315,22.4759,26.249
58.4847,3.69751,22.4912,26.1888
58.5047,3.66354,22.3786,26.0422
58.5247,3.68231,22.3728,26.0552
58.5447,3.53722,22.4246,25.9618
58.5647,3.72338,22.3703,26.0937
58.5847,3.74807,22.3963,26.1443
58.6047,3.69034,22.3537,26.0441
58.6247,3.66234,22.4097,26.072
58.6447,3.57543,22.3717,25.9472
58.6647,3.59688,22.223,25.8198
58.6847,3.45006,22.2724,25.7224
58.7047,3.63124,22.2105,25.8417
58.7247,3.58427,22.2246,25.8089
58.7447,3.64056,22.247,25.8875
58.7647,3.5902,22.1026,25.6928
58.7847,3.60365,22.0758,25.6795
58.8047,3.59872,22.0328,25.6316
58.8247,3.49507,22.0197,25.5148
58.8447,3.5377,21.8707,25.4083
58.8647,3.55376,22.0682,25.622
58.8847,3.54497,21.9585,25.5035
58.9047,3.38745,21.8353,25.2228
58.9247,3.57958,21.845,25.4246
58.9447,3.43758,21.8126,25.2502
58.9647,3.48633,21.7655,25.2519
58.9847,3.53684,21.9234,25.4602
59.0047,3.43576,21.7565,25.1923
59.0247,3.4637,21.7889,25.2526
59.0447,3.47718,21.7943,25.2714
59.0647,3.5718,21.6266,25.1984
59.0847,3.44926,21.6283,25.0775
59.1047,3.4893,21.6047,25.094
59.1247,3.29703,21.6337,24.9307
59.1447,3.44212,21.63,25.0721
59.1647,3.36951,21.5621,24.9316
59.1847,3.3966,21.4925,24.8891
59.2047,3.36759,21.5873,24.9549
59.2247,3.35662,21.4937,24.8503
59.2447,3.19549,21.334,24.5295
59.2647,3.47049,21.5075,24.978
59.2847,3.43219,21.4964,24.9286
59.3047,3.20329,21.441,24.6443
59.3247,3.24087,21.3284,24.5692
59.3447,3.37668,21.3081,24.6848
59.3647,3.25224,21.4322,24.6844
59.3847,3.33127,21.2843,24.6156
59.4047,3.2044,21.2562,24.4606
59.4247,3.41281,21.2732,24.686
59.4447,3.28025,21.2832,24.5635
59.4647,3.19984,21.1793,24.3792
59.4847,3.33894,21.111,24.4499
59.5047,3.2281,21.1874,24.4155
59.5247,3.20655,21.1956,24.4021
59.5447,3.17664,21.1523,24.3289
59.5647,3.24114,21.0679,24.3091
59.5847,3.1673,21.165,24.3323
59.6047,3.23648,20.9842,24.2207
59.6247,3.18547,20.9771,24.1625
59.6447,3.23692,21.0385,24.2754
59.6647,2.97344,20.9481,23.9216
59.6847,3.142,20.8823,24.0243
59.7047,3.0934,20.8276,23.921
59.7247,3.20784,20.8666,24.0744
59.7447,3.2754,20.8034,24.0788
59.7647,3.13351,20.7949,23.9284
59.7847,3.05583,20.8399,23.8958
59.8047,3.20823,20.8567,24.0649
59.8247,3.06268,20.7984,23.8611
59.8447,3.10561,20.8324,23.938
59.8647,3.01435,20.6432,23.6575
59.8847,3.05388,20.6354,23.6893
59.9047,3.01425,20.5485,23.5628
59.9247,3.02106,20.5676,23.5887
59.9447,3.05181,20.5042,23.5561
59.9647,2.99888,20.5534,23.5523
59.9847,3.00739,20.5142,23.5216
60.0047,2.99759,20.5715,23.5691
60.0247,3.0609,20.4674,23.5283
60.0447,3.04141,20.4746,23.516
60.0647,2.97026,20.5164,23.4867
60.0847,2.88689,20.4656,23.3525
60.1047,2.94593,20.3283,23.2743
60.1247,2.93481,20.407,23.3418
60.1447,2.986,20.2532,23.2392
60.1647,3.0491,20.2648,23.3139
60.1847,2.91568,20.2937,23.2094
60.2047,2.94075,20.2429,23.1837
60.2247,2.853,20.1008,22.9538
60.2447,2.92662,20.0924,23.019
60.2647,2.80826,20.1783,22.9866
60.2847,2.91396,20.172,23.0859
60.3047,2.84356,20.2574,23.101
60.3247,2.81135,20.0691,22.8805
60.3447,2.81357,20.044,22.8576
60.3647,2.97931,19.936,22.9153
60.3847,2.76109,19.9682,22.7293
60.4047,2.93613,19.8965,22.8326
60.4247,2.74719,19.9959,22.7431
60.4447,2.8524,19.8198,22.6722
60.4647,2.80018,19.816,22.6162
60.4847,2.83934,19.8218,22.6611
60.5047,2.85703,19.8403,22.6974
60.5247,2.76605,19.7371,22.5032
60.5447,2.7104,19.7329,22.4433
60.5647,2.73005,19.7467,22.4767
60.5847,2.77769,19.6646,22.4423
60.6047,2.77973,19.7016,22.4814
60.6247,2.76372,19.6855,22.4492
60.6447,2.81293,19.6386,22.4515
60.6647,2.80919,19.5734,22.3826
60.6847,2.79818,19.5487,22.3469
60.7047,2.66841,19.5975,22.266
60.7247,2.68014,19.4497,22.1298
60.7447,2.73899,19.5749,22.3139
60.7647,2.673,19.427,22.1
60.7847,2.74767,19.4211,22.1688
60.8047,2.66063,19.4631,22.1237
60.8247,2.70015,19.4313,22.1314
60.8447,2.75499,19.3373,22.0923
60.8647,2.61464,19.2647,21.8793
60.8847,2.59872,19.3859,21.9847
60.9047,2.70459,19.2221,21.9267
60.9247,2.68481,19.283,21.9678
60.9447,2.59498,19.2106,21.8056
60.9647,2.56182,19.1209,21.6828
60.9847,2.5628,19.1184,21.6812
61.0047,2.60483,19.1751,21.7799
61.0247,2.64604,19.1018,21.7478
61.0447,2.53755,19.1155,21.653
61.0647,2.55997,19.0158,21.5758
61.0847,2.51971,18.9269,21.4467
61.1047,2.54178,18.9675,21.5093
61.1247,2.60549,19.0137,21.6192
61.1447,2.55918,19.021,21.5802
61.1647,2.43416,18.9171,21.3512
61.1847,2.54128,18.8701,21.4114
61.2047,2.48184,18.7159,21.1978
61.2247,2.40032,18.8951,21.2954
61.2447,2.50581,18.747,21.2528
61.2647,2.49399,18.8025,21.2965
61.2847,2.43017,18.76,21.1902
61.3047,2.4427,18.735,21.1777
61.3247,2.5385,18.6781,21.2166
61.3447,2.47236,18.6187,21.0911
61.3647,2.47199,18.5955,21.0675
61.3847,2.38848,18.5727,20.9612
61.4047,2.44112,18.5358,20.9769
61.4247,2.44282,18.5114,20.9542
61.4447,2.3591,18.4381,20.7972
61.4647,2.32699,18.4729,20.7999
61.4847,2.3535,18.4347,20.7882
61.5047,2.3496,18.4339,20.7835
61.5247,2.36362,18.4609,20.8246
61.5447,2.36142,18.3756,20.737
61.5647,2.33172,18.3663,20.6981
61.5847,2.22634,18.2853,20.5117
61.6047,2.28407,18.3421,20.6261
61.6247,2.28362,18.2341,20.5177
61.6447,2.32817,18.2991,20.6273
61.6647,2.192,18.1697,20.3617
61.6847,2.20536,18.1723,20.3776
61.7047,2.35553,18.1307,20.4862
61.7247,2.2411,18.1118,20.3529
61.7447,2.24495,18.1208,20.3658
61.7647,2.1989,18.1542,20.3531
61.7847,2.25659,18.0407,20.2973
61.8047,2.17029,17.9964,20.1667
61.8247,2.2759,17.9817,20.2576
61.8447,2.21771,17.8816,20.0993
61.8647,2.23769,17.89,20.1277
61.8847,2.19778,17.8223,20.0201
61.9047,2.33573,17.8807,20.2165
61.9247,2.13488,17.8959,20.0308
61.9447,2.18327,17.8629,20.0462
61.9647,2.15692,17.7976,19.9546
61.9847,2.09676,17.8027,19.8995
62.0047,2.1651,17.7938,19.9589
62.0247,2.12042,17.7124,19.8328
62.0447,2.06439,17.6819,19.7463
62.0647,2.04253,17.6515,19.694
62.0847,2.15457,17.6136,19.7682
62.1047,2.05822,17.5606,19.6188
62.1247,2.05593,17.5968,19.6527
62.1447,2.01981,17.5833,19.6031
62.1647,2.06913,17.4768,19.546
62.1847,2.05618,17.4937,19.5499
62.2047,2.09724,17.4914,19.5886
62.2247,2.02086,17.423,19.4438
62.2447,2.09582,17.348,19.4438
62.2647,2.00209,17.3906,19.3927
62.2847,2.07544,17.2989,19.3744
62.3047,2.12992,17.3086,19.4385
62.3247,1.97575,17.2756,19.2513
62.3447,2.0133,17.3214,19.3347
62.3647,2.01695,17.2317,19.2486
62.3847,1.94781,17.1654,19.1133
62.4047,1.90522,17.2769,19.1821
62.4247,1.91009,17.2087,19.1188
62.4447,1.83636,17.1285,18.9649
62.4647,1.90671,17.2101,19.1168
62.4847,1.92309,17.0395,18.9626
62.5047,1.94225,17.0246,18.9668
62.5247,1.92988,16.9988,18.9287
62.5447,1.9203,16.8645,18.7848
62.5647,1.84253,16.8876,18.7301
62.5847,1.8935,16.9093,18.8028
62.6047,1.9084,16.9239,18.8323
62.6247,1.85184,16.8732,18.725
62.6447,1.81949,16.9046,18.7241
62.6647,1.81631,16.8085,18.6248
62.6847,1.88454,16.7416,18.6261
62.7047,1.84203,16.8144,18.6564
62.7247,1.77473,16.8105,18.5853
62.7447,1.87822,16.7912,18.6694
62.7647,1.73318,16.6575,18.3906
62.7847,1.85863,16.7265,18.5851
62.8047,1.76845,16.6222,18.3907
62.8247,1.76055,16.5135,18.274
62.8447,1.75495,16.6207,18.3756
62.8647,1.79498,16.578,18.373
62.8847,1.69108,16.5191,18.2102
62.9047,1.76782,16.541,18.3088
62.9247,1.76671,16.5672,18.3339
62.9447,1.69155,16.4689,18.1605
62.9647,1.69817,16.4614,18.1596
62.9847,1.71046,16.4353,18.1458
63.0047,1.61505,16.3313,17.9464
63.0247,1.67414,16.3157,17.9898
63.0447,1.72352,16.3373,18.0608
63.0647,1.62659,16.2185,17.8451
63.0847,1.63403,16.1988,17.8328
63.1047,1.60169,16.2936,17.8953
63.1247,1.65062,16.2074,17.858
63.1447,1.59857,16.0944,17.693
63.1647,1.53906,16.0762,17.6152
63.1847,1.58872,16.0852,17.6739
63.2047,1.60133,16.1258,17.7272
63.2247,1.51984,16.1167,17.6365
63.2447,1.54661,15.992,17.5386
63.2647,1.54778,16.003,17.5508
63.2847,1.55387,16.0573,17.6112
63.3047,1.53598,15.9363,17.4723
63.3247,1.5388,15.8324,17.3712
63.3447,1.50738,15.7986,17.306
63.3647,1.55889,15.7522,17.311
63.3847,1.46651,15.8009,17.2674
63.4047,1.47048,15.7633,17.2337
63.4247,1.45528,15.7538,17.2091
63.4447,1.42621,15.7697,17.1959
63.4647,1.43607,15.6604,17.0965
63.4847,1.44531,15.5987,17.044
63.5047,1.4294,15.6622,17.0917
63.5247,1.45025,15.5733,17.0235
63.5447,1.41124,15.5829,16.9942
63.5647,1.37143,15.4988,16.8703
63.5847,1.41221,15.5606,16.9729
63.6047,1.43531,15.4601,16.8954
63.6247,1.38656,15.4904,16.877
63.6447,1.35385,15.4333,16.7871
63.6647,1.35952,15.3918,16.7513
63.6847,1.4047,15.4411,16.8458
63.7047,1.36006,15.4225,16.7826
63.7247,1.24909,15.3009,16.5499
63.7447,1.32121,15.2798,16.601
63.7647,1.28051,15.1875,16.468
63.7847,1.25842,15.1427,16.4011
63.8047,1.26433,15.1571,16.4215
63.8247,1.22926,15.1312,16.3604
63.8447,1.23156,15.1214,16.353
63.8647,1.23045,15.1482,16.3787
63.8847,1.24813,15.0327,16.2808
63.9047,1.19657,15.0733,16.2699
63.9247,1.18321,15.0332,16.2165
63.9447,1.11323,14.9709,16.0842
63.9647,1.11919,14.9737,16.0929
63.9847,1.15096,14.9291,16.0801
64.0047,1.1677,14.9407,16.1084
64.0247,1.15655,14.9199,16.0765
64.0447,1.13616,14.8547,15.9908
64.0647,1.17257,14.7969,15.9695
64.0847,1.04289,14.756,15.7989
64.1047,1.10781,14.6932,15.801
64.1247,1.11693,14.7342,15.8511
64.1447,1.03996,14.6546,15.6946
64.1647,1.07602,14.6294,15.7054
64.1847,1.03349,14.5991,15.6326
64.2047,1.01745,14.5338,15.5512
64.2247,1.02688,14.5475,15.5744
64.2447,1.07238,14.5081,15.5805
64.2647,1.03234,14.5073,15.5397
64.2847,1.00704,14.4215,15.4285
64.3047,1.04916,14.481,15.5302
64.3247,0.98921,14.4767,15.4659
64.3447,0.958331,14.3964,15.3547
64.3647,0.963775,14.4185,15.3822
64.3847,0.968366,14.262,15.2304
64.4047,0.991172,14.2464,15.2376
64.4247,0.964353,14.2823,15.2466
64.4447,1.01983,14.2454,15.2652
64.4647,0.872393,14.1609,15.0333
64.4847,0.908831,14.1475,15.0563
64.5047,0.907538,14.1411,15.0487
64.5247,0.940973,14.0899,15.0308
64.5447,0.880127,14.1154,14.9956
64.5647,0.885253,14.0552,14.9405
64.5847,0.850284,13.9689,14.8192
64.6047,0.841559,13.9399,14.7815
64.6247,0.842605,13.9511,14.7937
64.6447,0.856628,13.913,14.7696
64.6647,0.825992,13.8877,14.7137
64.6847,0.804765,13.816,14.6208
64.7047,0.810181,13.71,14.5202
64.7247,0.810691,13.7886,14.5993
64.7447,0.796346,13.7423,14.5387
64.7647,0.797176,13.7254,14.5225
64.7847,0.762676,13.7232,14.4859
64.8047,0.731018,13.7051,14.4361
64.8247,0.805639,13.6117,14.4174
64.8447,0.792088,13.6551,14.4472
64.8647,0.75342,13.5749,14.3284
64.8847,0.757743,13.6116,14.3694
64.9047,0.796927,13.5278,14.3247
64.9247,0.749558,13.5263,14.2759
64.9447,0.765395,13.5328,14.2982
64.9647,0.752161,13.4709,14.2231
64.9847,0.74019,13.4161,14.1563
65.0047,0.662781,13.4794,14.1422
65.0247,0.700981,13.319,14.02
65.0447,0.675251,13.3525,14.0277
65.0647,0.669973,13.4124,14.0824
65.0847,0.682444,13.2585,13.941
65.1047,0.621861,13.2121,13.834
65.1247,0.672835,13.2351,13.9079
65.1447,0.677313,13.2218,13.8991
65.1647,0.65101,13.1965,13.8475
65.1847,0.634869,13.1086,13.7435
65.2047,0.632304,13.0928,13.7251
65.2247,0.610287,13.0916,13.7018
65.2447,0.587339,13.1288,13.7162
65.2647,0.607407,13.041,13.6484
65.2847,0.548308,13.0606,13.6089
65.3047,0.544029,12.9411,13.4851
65.3247,0.630439,12.9076,13.5381
65.3447,0.585562,12.8692,13.4548
65.3647,0.598492,12.8827,13.4812
65.3847,0.561899,12.8267,13.3886
65.4047,0.528624,12.7792,13.3078
65.4247,0.563082,12.851,13.4141
65.4447,0.527078,12.7041,13.2312
65.4647,0.527402,12.718,13.2454
65.4847,0.496466,12.68,13.1764
65.5047,0.506257,12.6581,13.1644
65.5247,0.494018,12.7272,13.2212
65.5447,0.514086,12.675,13.1891
65.5647,0.500941,12.5676,13.0686
65.5847,0.487134,12.5218,13.0089
65.6047,0.46266,12.481,12.9437
65.6247,0.462917,12.5661,13.0291
65.6447,0.518688,12.4778,12.9964
65.6647,0.434914,12.4327,12.8676
65.6847,0.453804,12.3655,12.8193
65.7047,0.457313,12.3303,12.7876
65.7247,0.444684,12.3463,12.791
65.7447,0.446704,12.2786,12.7253
65.7647,0.436829,12.2865,12.7234
65.7847,0.448558,12.2842,12.7328
65.8047,0.444274,12.2261,12.6704
65.8247,0.450658,12.1784,12.6291
65.8447,0.437068,12.1982,12.6353
65.8647,0.422769,12.1982,12.621
65.8847,0.388899,12.1597,12.5486
65.9047,0.377682,12.1113,12.489
65.9247,0.437194,12.0738,12.5109
65.9447,0.383763,12.0751,12.4589
65.9647,0.391992,12.0097,12.4017
65.9847,0.390755,11.9619,12.3526
66.0047,0.33486,11.9117,12.2466
66.0247,0.377869,11.9334,12.3113
66.0447,0.354185,11.8308,12.185
66.0647,0.348757,11.8639,12.2127
66.0847,0.33802,11.8485,12.1865
66.1047,0.349862,11.7538,12.1037
66.1247,0.344964,11.8126,12.1576
66.1447,0.297197,11.7445,12.0417
66.1647,0.317985,11.575,11.893
66.1847,0.339361,11.7097,12.0491
66.2047,0.317931,11.65,11.968
66.2247,0.33778,11.5749,11.9126
66.2447,0.334912,11.5564,11.8913
66.2647,0.289493,11.5196,11.8091
66.2847,0.278014,11.4802,11.7582
66.3047,0.318188,11.4489,11.7671
66.3247,0.271456,11.3919,11.6633
66.3447,0.297228,11.4207,11.7179
66.3647,0.31093,11.3241,11.6351
66.3847,0.266089,11.3797,11.6458
66.4047,0.268669,11.369,11.6377
66.4247,0.25246,11.3492,11.6017
66.4447,0.30855,11.3325,11.6411
66.4647,0.283539,11.2368,11.5204
66.4847,0.25435,11.3182,11.5726
66.5047,0.248127,11.1883,11.4364
66.5247,0.196846,11.184,11.3809
66.5447,0.26681,11.1289,11.3957
66.5647,0.240645,11.1395,11.3802
66.5847,0.24979,11.1872,11.437
66.6047,0.202212,11.0181,11.2204
66.6247,0.225646,11.0246,11.2502
66.6447,0.247806,10.9574,11.2052
66.6647,0.233622,10.9145,11.1482
66.6847,0.233613,10.9709,11.2045
66.7047,0.20842,10.9573,11.1657
66.7247,0.229729,10.9056,11.1353
66.7447,0.228394,10.8345,11.0629
66.7647,0.225159,10.9243,11.1495
66.7847,0.21004,10.8308,11.0409
66.8047,0.209562,10.8245,11.034
66.8247,0.212809,10.7386,10.9514
66.8447,0.198354,10.793,10.9913
66.8647,0.153704,10.6491,10.8028
66.8847,0.198497,10.6628,10.8613
66.9047,0.19129,10.632,10.8233
66.9247,0.183437,10.5666,10.75
66.9447,0.160687,10.5675,10.7282
66.9647,0.16977,10.5522,10.722
66.9847,0.151021,10.559,10.71
67.0047,0.159348,10.4815,10.6409
67.0247,0.150947,10.4953,10.6463
67.0447,0.1568,10.4058,10.5626
67.0647,0.158253,10.4644,10.6227
67.0847,0.15025,10.3754,10.5257
67.1047,0.165203,10.3844,10.5496
67.1247,0.13955,10.3503,10.4898
67.1447,0.170869,10.2952,10.466
67.1647,0.144941,10.2396,10.3845
67.1847,0.139488,10.3024,10.4419
67.2047,0.13514,10.2305,10.3657
67.2247,0.12626,10.2333,10.3596
67.2447,0.12403,10.1868,10.3108
67.2647,0.135263,10.136,10.2713
67.2847,0.127306,10.1289,10.2562
67.3047,0.128816,10.104,10.2328
67.3247,0.149734,10.0733,10.223
67.3447,0.128693,10.0285,10.1572
67.3647,0.103477,10.0464,10.1499
67.3847,0.124938,9.96602,10.091
67.4047,0.139382,9.95179,10.0912
67.4247,0.103367,9.88785,9.99122
67.4447,0.112581,9.84223,9.95481
67.4647,0.0988379,9.8176,9.91644
67.4847,0.095725,9.77811,9.87384
67.5047,0.100357,9.85185,9.95221
67.5247,0.0951653,9.8156,9.91077
67.5447,0.102529,9.72007,9.8226
67.5647,0.0914519,9.77018,9.86163
67.5847,0.0851082,9.71101,9.79612
67.6047,0.0860803,9.73973,9.82581
67.6247,0.0811048,9.58709,9.66819
67.6447,0.074241,9.62898,9.70322
67.6647,0.101857,9.55598,9.65784
67.6847,0.0779953,9.55801,9.63601
67.7047,0.0959829,9.52895,9.62493
67.7247,0.0713782,9.47346,9.54483
67.7447,0.0568723,9.42575,9.48262
67.7647,0.0741365,9.40056,9.4747
67.7847,0.0729352,9.44423,9.51717
67.8047,0.0647378,9.31152,9.37626
67.8247,0.0849917,9.33538,9.42037
67.8447,0.067555,9.32704,9.39459
67.8647,0.038836,9.30967,9.34851
67.8847,0.0541425,9.24274,9.29688
67.9047,0.0859931,9.27964,9.36563
67.9247,0.0490858,9.20867,9.25775
67.9447,0.0450263,9.18003,9.22506
67.9647,0.0608366,9.12985,9.19069
67.9847,0.0608227,9.09323,9.15405
68.0047,0.0499328,9.06174,9.11168
68.0247,0.0683178,9.10996,9.17828
68.0447,0.0558001,9.01541,9.07121
68.0647,0.0418297,8.98039,9.02222
68.0847,0.0471274,9.02965,9.07677
68.1047,0.0441016,8.97255,9.01665
68.1247,0.0302821,8.85395,8.88423
68.1447,0.0404611,8.85261,8.89307
68.1647,0.0473757,8.85443,8.90181
68.1847,0.0287102,8.83615,8.86486
68.2047,0.0332895,8.84476,8.87805
68.2247,0.0428464,8.74362,8.78647
68.2447,0.0418967,8.74303,8.78493
68.2647,0.0352455,8.7298,8.76504
68.2847,0.0337065,8.75754,8.79125
68.3047,0.052193,8.6795,8.7317
68.3247,0.0454925,8.67318,8.71868
68.3447,0.0521755,8.60625,8.65843
68.3647,0.037793,8.63272,8.67052
68.3847,0.0265719,8.55153,8.5781
68.4047,0.0327663,8.52882,8.56159
68.4247,0.038102,8.54564,8.58375
68.4447,0.0319311,8.49673,8.52866
68.4647,0.0286173,8.49013,8.51875
68.4847,0.0238376,8.46317,8.48701
68.5047,0.0459656,8.48015,8.52611
68.5247,0.0253181,8.44646,8.47178
68.5447,0.0283156,8.34638,8.37469
68.5647,0.0263147,8.408,8.43431
68.5847,0.0235635,8.35445,8.37801
68.6047,0.016122,8.27101,8.28713
68.6247,0.0274365,8.2866,8.31404
68.6447,0.0324059,8.21691,8.24932
68.6647,0.0267496,8.2376,8.26435
68.6847,0.030205,8.14066,8.17086
68.7047,0.0166277,8.12275,8.13938
68.7247,0.031467,8.0965,8.12797
68.7447,0.0125263,8.07867,8.0912
68.7647,0.0175525,8.07514,8.09269
68.7847,0.0238254,8.05025,8.07407
68.8047,0.0256243,8.01174,8.03736
68.8247,0.0188173,7.95283,7.97165
68.8447,0.018959,7.94198,7.96094
68.8647,0.0199329,7.91936,7.93929
68.8847,0.0249724,7.89086,7.91583
68.9047,0.0219474,7.91046,7.93241
68.9247,0.00935817,7.82129,7.83065
68.9447,0.01789,7.82943,7.84732
68.9647,0.00908836,7.80826,7.81735
68.9847,0.0112763,7.70965,7.72093
69.0047,0.0133891,7.70678,7.72017
69.0247,0.012771,7.72272,7.73549
69.0447,0.0149668,7.64349,7.65846
69.0647,0.00618284,7.62628,7.63247
69.0847,0.00278029,7.6367,7.63948
69.1047,0.0117308,7.62805,7.63978
69.1247,0.0189986,7.59116,7.61016
69.1447,0.0115039,7.51563,7.52714
69.1647,0.0103405,7.46771,7.47805
69.1847,0.00505054,7.43656,7.44161
69.2047,0.00753633,7.44029,7.44783
69.2247,0.0101775,7.45011,7.46029
69.2447,0.00991757,7.40457,7.41448
69.2647,0.00536381,7.39294,7.3983
69.2847,0.00609359,7.32353,7.32962
69.3047,0.0143944,7.30229,7.31668
69.3247,0.00252734,7.24586,7.24839
69.3447,-0.00379039,7.23765,7.23386
69.3647,0.000506221,7.23345,7.23396
69.3847,0.00525937,7.18911,7.19437
69.4047,0.00263554,7.17074,7.17338
69.4247,0.0025039,7.15276,7.15526
69.4447,0.00988785,7.10125,7.11113
69.4647,0.0142659,7.10945,7.12371
69.4847,0.0145734,7.03024,7.04482
69.5047,0.00378102,7.05175,7.05553
69.5247,0.00477402,7.05033,7.0551
69.5447,0.00258923,6.98329,6.98588
69.5647,0.00120829,7.03635,7.03756
69.5847,0.00951608,6.95802,6.96754
69.6047,0.00905854,6.94405,6.95311
69.6247,0.0096279,6.9325,6.94212
69.6447,0.00295511,6.83433,6.83728
69.6647,0.00487375,6.87324,6.87811
69.6847,0.00830969,6.81631,6.82462
69.7047,0.00422002,6.84505,6.84927
69.7247,0.00148579,6.8291,6.83059
69.7447,0.0124716,6.80202,6.81449
69.7647,0.00665231,6.75008,6.75673
69.7847,-0.00539556,6.72874,6.72334
69.8047,0.00557743,6.71645,6.72203
69.8247,0.00484552,6.62948,6.63433
69.8447,0.00357879,6.65492,6.6585
69.8647,0.00492058,6.57392,6.57884
69.8847,0.00589473,6.59491,6.6008
69.9047,0.00162045,6.56315,6.56477
69.9247,0.00368051,6.50933,6.51301
69.9447,0.00177001,6.56375,6.56552
69.9647,-0.0026727,6.51537,6.5127
69.9847,0.00178881,6.47042,6.47221
70.0047,0.00407455,6.43816,6.44224
70.0247,0.00161964,6.42562,6.42724
70.0447,-0.000570892,6.35719,6.35662
70.0647,0.00576886,6.35581,6.36158
70.0847,0.00465842,6.29812,6.30277
70.1047,0.00368428,6.28873,6.29242
70.1247,-0.000124967,6.27156,6.27143
70.1447,0.0022231,6.23169,6.23391
70.1647,0.00466761,6.18443,6.1891
70.1847,0.00386413,6.18939,6.19326
70.2047,0.00385887,6.19389,6.19775
70.2247,0.0014319,6.1542,6.15563
70.2447,0.0022243,6.11055,6.11278
70.2647,0.00336879,6.09324,6.09661
70.2847,0.000284619,6.0486,6.04888
70.3047,0.0051536,6.0294,6.03455
70.3247,0.00345441,6.06574,6.06919
70.3447,0.00179963,5.98026,5.98206
70.3647,0.0015194,5.98707,5.98859
70.3847,0.00245371,5.94615,5.9486
70.4047,-0.000277476,5.89476,5.89448
70.4247,-0.00182037,5.90181,5.89999
70.4447,0.00144927,5.83768,5.83913
70.4647,0.00102971,5.85866,5.85969
70.4847,0.0012502,5.80175,5.803
70.5047,-0.000470055,5.77367,5.7732
70.5247,0.00107209,5.77142,5.77249
70.5447,-0.000782008,5.71134,5.71056
70.5647,0.00049265,5.71716,5.71766
70.5847,0.00105935,5.69657,5.69763
70.6047,0.000243337,5.64212,5.64236
70.6247,8.56863e-05,5.67043,5.67052
70.6447,0.00150193,5.58077,5.58228
70.6647,0.000775753,5.5825,5.58327
70.6847,-0.000112001,5.52944,5.52933
70.7047,-0.000837898,5.52946,5.52862
70.7247,0.000673276,5.53298,5.53366
70.7447,0.0041868,5.48732,5.49151
70.7647,0.000971303,5.48278,5.48375
70.7847,0.00380526,5.42818,5.43199
70.8047,0.000577243,5.4015,5.40208
70.8247,0.000908839,5.40602,5.40693
70.8447,-0.00121566,5.34093,5.33972
70.8647,-0.000380272,5.38628,5.3859
70.8847,0.00206423,5.36994,5.372
70.9047,0.000806431,5.24957,5.25038
70.9247,7.48945e-05,5.2809,5.28097
70.9447,0.0013526,5.2275,5.22885
70.9647,0.00106666,5.2485,5.24956
70.9847,-0.00165955,5.18387,5.18221
71.0047,0.00107559,5.18474,5.18581
71.0247,0.00160227,5.1382,5.1398
71.0447,0.00290354,5.16112,5.16402
71.0647,0.00184047,5.0851,5.08694
71.0847,0.000861838,5.08904,5.0899
71.1047,0.000187451,5.05354,5.05373
71.1247,0.00143685,5.04267,5.0441
71.1447,-0.00164162,5.02198,5.02034
71.1647,0.00149636,4.96062,4.96212
71.1847,0.00174793,4.98468,4.98643
71.2047,0.000300644,4.91858,4.91888
71.2247,-5.48375e-05,4.91118,4.91112
71.2447,-0.000748752,4.86172,4.86097
71.2647,0.00199737,4.89683,4.89883
71.2847,-8.4672e-05,4.88242,4.88233
71.3047,-0.000366681,4.86625,4.86588
71.3247,-9.56644e-05,4.8052,4.8051
71.3447,0.000701007,4.7984,4.7991
71.3647,0.00011264,4.75665,4.75677
71.3847,-3.25705e-05,4.69044,4.69041
71.4047,0.00109628,4.69051,4.6916
71.4247,0.00038866,4.62653,4.62692
71.4447,7.08017e-05,4.63342,4.63349
71.4647,0,4.63716,4.63716
71.4847,0,4.57381,4.57381
71.5047,0,4.55132,4.55132
71.5247,0,4.48594,4.48594
71.5447,0,4.48814,4.48814
71.5647,0,4.47809,4.47809
71.5847,0,4.42121,4.42121
71.6047,0,4.44959,4.44959
71.6247,0,4.39023,4.39023
71.6447,0,4.40128,4.40128
71.6647,0,4.3843,4.3843
71.6847,0,4.38217,4.38217
71.7047,0,4.31137,4.31137
71.7247,0,4.3475,4.3475
71.7447,0,4.31936,4.31936
71.7647,0,4.24546,4.24546
71.7847,0,4.22207,4.22207
71.8047,0,4.2228,4.2228
71.8247,0,4.20242,4.20242
71.8447,0,4.21107,4.21107
71.8647,0,4.1884,4.1884
71.8847,0,4.14253,4.14253
71.9047,0,4.15739,4.15739
71.9247,0,4.11757,4.11757
71.9447,0,4.07349,4.07349
71.9647,0,4.0534,4.0534
71.9847,0,4.05422,4.05422
72.0047,0,4.04618,4.04618
72.0247,0,3.99285,3.99285
72.0447,0,3.97272,3.97272
72.0647,0,3.93278,3.93278
72.0847,0,3.92619,3.92619
72.1047,0,3.92039,3.92039
72.1247,0,3.91578,3.91578
72.1447,0,3.88428,3.88428
72.1647,0,3.82154,3.82154
72.1847,0,3.83789,3.83789
72.2047,0,3.79223,3.79223
72.2247,0,3.78953,3.78953
72.2447,0,3.75223,3.75223
72.2647,0,3.73431,3.73431
72.2847,0,3.74172,3.74172
72.3047,0,3.6961,3.6961
72.3247,0,3.61964,3.61964
72.3447,0,3.62565,3.62565
72.3647,0,3.65687,3.65687
72.3847,0,3.61635,3.61635
72.4047,0,3.5772,3.5772
72.4247,0,3.57308,3.57308
72.4447,0,3.54117,3.54117
72.4647,0,3.55207,3.55207
72.4847,0,3.51482,3.51482
72.5047,0,3.47473,3.47473
72.5247,0,3.46472,3.46472
72.5447,0,3.41199,3.41199
72.5647,0,3.38592,3.38592
72.5847,0,3.38619,3.38619
72.6047,0,3.36948,3.36948
72.6247,0,3.33288,3.33288
72.6447,0,3.33521,3.33521
72.6647,0,3.30313,3.30313
72.6847,0,3.27258,3.27258
72.7047,0,3.25551,3.25551
72.7247,0,3.25251,3.25251
72.7447,0,3.21638,3.21638
72.7647,0,3.2084,3.2084
72.7847,0,3.19925,3.19925
72.8047,0,3.13483,3.13483
72.8247,0,3.15325,3.15325
72.8447,0,3.13704,3.13704
72.8647,0,3.07189,3.07189
72.8847,0,3.10339,3.10339
72.9047,0,3.06928,3.06928
72.9247,0,3.05979,3.05979
72.9447,0,3.0268,3.0268
72.9647,0,3.02787,3.02787
72.9847,0,2.96812,2.96812
73.0047,0,2.9697,2.9697
73.0247,0,2.94701,2.94701
73.0447,0,2.92097,2.92097
73.0647,0,2.87415,2.87415
73.0847,0,2.88465,2.88465
73.1047,0,2.86747,2.86747
73.1247,0,2.84222,2.84222
73.1447,0,2.85065,2.85065
73.1647,0,2.79732,2.79732
73.1847,0,2.8067,2.8067
73.2047,0,2.80106,2.80106
73.2247,0,2.77268,2.77268
73.2447,0,2.76036,2.76036
73.2647,0,2.73335,2.73335
73.2847,0,2.70595,2.70595
73.3047,0,2.69048,2.69048
73.3247,0,2.65098,2.65098
73.3447,0,2.6424,2.6424
73.3647,0,2.63343,2.63343
73.3847,0,2.60194,2.60194
73.4047,0,2.601,2.601
73.4247,0,2.58946,2.58946
73.4447,0,2.56449,2.56449
73.4647,0,2.52429,2.52429
73.4847,0,2.53528,2.53528
73.5047,0,2.49327,2.49327
73.5247,0,2.49945,2.49945
73.5447,0,2.48048,2.48048
73.5647,0,2.4433,2.4433
73.5847,0,2.43981,2.43981
73.6047,0,2.39912,2.39912
73.6247,0,2.38766,2.38766
73.6447,0,2.38502,2.38502
73.6647,0,2.36147,2.36147
73.6847,0,2.34566,2.34566
73.7047,0,2.3187,2.3187
73.7247,0,2.28572,2.28572
73.7447,0,2.3041,2.3041
73.7647,0,2.28384,2.28384
73.7847,0,2.22972,2.22972
73.8047,0,2.25237,2.25237
73.8247,0,2.22687,2.22687
73.8447,0,2.18272,2.18272
73.8647,0,2.16849,2.16849
73.8847,0,2.18604,2.18604
73.9047,0,2.14882,2.14882
73.9247,0,2.10462,2.10462
73.9447,0,2.08037,2.08037
73.9647,0,2.08539,2.08539
73.9847,0,2.07585,2.07585
74.0047,0,2.0371,2.0371
74.0247,0,2.05175,2.05175
74.0447,0,2.01305,2.01305
74.0647,0,2.02249,2.02249
74.0847,0,1.98391,1.98391
74.1047,0,1.97396,1.97396
74.1247,0,1.9733,1.9733
74.1447,0,1.94429,1.94429
74.1647,0,1.92208,1.92208
74.1847,0,1.90705,1.90705
74.2047,0,1.86774,1.86774
74.2247,0,1.88856,1.88856
74.2447,0,1.85805,1.85805
74.2647,0,1.82594,1.82594
74.2847,0,1.82665,1.82665
74.3047,0,1.82091,1.82091
74.3247,0,1.76532,1.76532
74.3447,0,1.78416,1.78416
74.3647,0,1.77524,1.77524
74.3847,0,1.76187,1.76187
74.4047,0,1.7612,1.7612
74.4247,0,1.71662,1.71662
74.4447,0,1.69799,1.69799
74.4647,0,1.69611,1.69611
74.4847,0,1.66717,1.66717
74.5047,0,1.65861,1.65861
74.5247,0,1.64605,1.64605
74.5447,0,1.66547,1.66547
74.5647,0,1.61041,1.61041
74.5847,0,1.58924,1.58924
74.6047,0,1.60907,1.60907
74.6247,0,1.57008,1.57008
74.6447,0,1.5301,1.5301
74.6647,0,1.55059,1.55059
74.6847,0,1.53349,1.53349
74.7047,0,1.51553,1.51553
74.7247,0,1.50504,1.50504
74.7447,0,1.46125,1.46125
74.7647,0,1.45138,1.45138
74.7847,0,1.44257,1.44257
74.8047,0,1.4233,1.4233
74.8247,0,1.40754,1.40754
74.8447,0,1.38754,1.38754
74.8647,0,1.3814,1.3814
74.8847,0,1.35162,1.35162
74.9047,0,1.35467,1.35467
74.9247,0,1.33091,1.33091
74.9447,0,1.32251,1.32251
74.9647,0,1.33049,1.33049
74.9847,0,1.31108,1.31108
75.0047,0,1.28395,1.28395
75.0247,0,1.2864,1.2864
75.0447,0,1.25111,1.25111
75.0647,0,1.26117,1.26117
75.0847,0,1.22868,1.22868
75.1047,0,1.21949,1.21949
75.1247,0,1.21881,1.21881
75.1447,0,1.20276,1.20276
75.1647,0,1.18348,1.18348
75.1847,0,1.1621,1.1621
75.2047,0,1.13328,1.13328
75.2247,0,1.11296,1.11296
75.2447,0,1.11875,1.11875
75.2647,0,1.09217,1.09217
75.2847,0,1.09016,1.09016
75.3047,0,1.0793,1.0793
75.3247,0,1.05642,1.05642
75.3447,0,1.03353,1.03353
75.3647,0,1.0292,1.0292
75.3847,0,1.03002,1.03002
75.4047,0,1.02652,1.02652
75.4247,0,0.992763,0.992763
75.4447,0,0.988138,0.988138
75.4647,0,0.993497,0.993497
75.4847,0,0.970051,0.970051
75.5047,0,0.952015,0.952015
75.5247,0,0.936584,0.936584
75.5447,0,0.931074,0.931074
75.5647,0,0.927973,0.927973
75.5847,0,0.906768,0.906768
75.6047,0,0.885127,0.885127
75.6247,0,0.882311,0.882311
75.6447,0,0.873332,0.873332
75.6647,0,0.86298,0.86298
75.6847,0,0.836817,0.836817
75.7047,0,0.837286,0.837286
75.7247,0,0.812027,0.812027
75.7447,0,0.810398,0.810398
75.7647,0,0.798157,0.798157
75.7847,0,0.779764,0.779764
75.8047,0,0.770223,0.770223
75.8247,0,0.765944,0.765944
75.8447,0,0.73231,0.73231
75.8647,0,0.73206,0.73206
75.8847,0,0.727304,0.727304
75.9047,0,0.713086,0.713086
75.9247,0,0.713984,0.713984
75.9447,0,0.698358,0.698358
75.9647,0,0.689126,0.689126
75.9847,0,0.666954,0.666954
76.0047,0,0.658518,0.658518
76.0247,0,0.645043,0.645043
76.0447,0,0.632179,0.632179
76.0647,0,0.625568,0.625568
76.0847,0,0.628885,0.628885
76.1047,0,0.604716,0.604716
76.1247,0,0.612654,0.612654
76.1447,0,0.591488,0.591488
76.1647,0,0.574585,0.574585
76.1847,0,0.559656,0.559656
76.2047,0,0.560168,0.560168
76.2247,0,0.538723,0.538723
76.2447,0,0.539515,0.539515
76.2647,0,0.524913,0.524913
76.2847,0,0.509068,0.509068
76.3047,0,0.502394,0.502394
76.3247,0,0.502903,0.502903
76.3447,0,0.477257,0.477257
76.3647,0,0.469125,0.469125
76.3847,0,0.461741,0.461741
76.4047,0,0.46188,0.46188
76.4247,0,0.450943,0.450943
76.4447,0,0.449217,0.449217
76.4647,0,0.428627,0.428627
76.4847,0,0.422525,0.422525
76.5047,0,0.420575,0.420575
76.5247,0,0.41361,0.41361
76.5447,0,0.402611,0.402611
76.5647,0,0.4038,0.4038
76.5847,0,0.373422,0.373422
76.6047,0,0.382345,0.382345
76.6247,0,0.380024,0.380024
76.6447,0,0.358541,0.358541
76.6647,0,0.348317,0.348317
76.6847,0,0.334571,0.334571
76.7047,0,0.328539,0.328539
76.7247,0,0.327408,0.327408
76.7447,0,0.312461,0.312461
76.7647,0,0.304945,0.304945
76.7847,0,0.292517,0.292517
76.8047,0,0.291476,0.291476
76.8247,0,0.29056,0.29056
76.8447,0,0.293227,0.293227
76.8647,0,0.283164,0.283164
76.8847,0,0.272494,0.272494
76.9047,0,0.271218,0.271218
76.9247,0,0.250832,0.250832
76.9447,0,0.262696,0.262696
76.9647,0,0.243482,0.243482
76.9847,0,0.234123,0.234123
77.0047,0,0.247839,0.247839
77.0247,0,0.231397,0.231397
77.0447,0,0.21624,0.21624
77.0647,0,0.21742,0.21742
77.0847,0,0.204201,0.204201
77.1047,0,0.197823,0.197823
77.1247,0,0.199647,0.199647
77.1447,0,0.192541,0.192541
77.1647,0,0.188249,0.188249
77.1847,0,0.169282,0.169282
77.2047,0,0.168253,0.168253
77.2247,0,0.16081,0.16081
77.2447,0,0.162225,0.162225
77.2647,0,0.163278,0.163278
77.2847,0,0.152605,0.152605
77.3047,0,0.154018,0.154018
77.3247,0,0.138496,0.138496
77.3447,0,0.135098,0.135098
77.3647,0,0.132226,0.132226
77.3847,0,0.130594,0.130594
77.4047,0,0.122714,0.122714
77.4247,0,0.116087,0.116087
77.4447,0,0.107884,0.107884
77.4647,0,0.109538,0.109538
77.4847,0,0.0947097,0.0947097
77.5047,0,0.0970049,0.0970049
77.5247,0,0.0898418,0.0898418
77.5447,0,0.088727,0.088727
77.5647,0,0.0878121,0.0878121
77.5847,0,0.0792323,0.0792323
77.6047,0,0.0832885,0.0832885
77.6247,0,0.0815132,0.0815132
77.6447,0,0.0783412,0.0783412
77.6647,0,0.0759974,0.0759974
77.6847,0,0.0654111,0.0654111
77.7047,0,0.0642702,0.0642702
77.7247,0,0.065126,0.065126
77.7447,0,0.0633057,0.0633057
77.7647,0,0.0597297,0.0597297
77.7847,0,0.0581396,0.0581396
77.8047,0,0.0564652,0.0564652
77.8247,0,0.0520889,0.0520889
77.8447,0,0.0473473,0.0473473
77.8647,0,0.044889,0.044889
77.8847,0,0.0424325,0.0424325
77.9047,0,0.0422656,0.0422656
77.9247,0,0.0364744,0.0364744
77.9447,0,0.0403675,0.0403675
77.9647,0,0.0379555,0.0379555
77.9847,0,0.0362718,0.0362718
78.0047,0,0.0342247,0.0342247
78.0247,0,0.0289722,0.0289722
78.0447,0,0.0284597,0.0284597
78.0647,0,0.0266174,0.0266174
78.0847,0,0.0273907,0.0273907
78.1047,0,0.0214105,0.0214105
78.1247,0,0.0177803,0.0177803
78.1447,0,0.0153065,0.0153065
78.1647,0,0.0105363,0.0105363
78.1847,0,0.010708,0.010708
78.2047,0,0.00911605,0.00911605
78.2247,0,0.00867839,0.00867839
78.2447,0,0.00850849,0.00850849
78.2647,0,0.00719239,0.00719239
78.2847,0,0.00733633,0.00733633
78.3047,0,0.0079347,0.0079347
78.3247,0,0.00741956,0.00741956
78.3447,0,0.00666051,0.00666051
78.3647,0,0.00576173,0.00576173
78.3847,0,0.00505395,0.00505395
78.4047,0,0.00524003,0.00524003
78.4247,0,0.00409168,0.00409168
78.4447,0,0.00321807,0.00321807
78.4647,0,0.00186533,0.00186533
78.4847,0,0.00223993,0.00223993
78.5047,0,0.00281072,0.00281072
78.5247,0,0.00291024,0.00291024
78.5447,0,0.00229327,0.00229327
78.5647,0,0.00225412,0.00225412
78.5847,0,0.00208451,0.00208451
78.6047,0,0.0017713,0.0017713
78.6247,0,0.0013606,0.0013606
78.6447,0,0.000889737,0.000889737
