Time(ns),Ie(fC/ns),Ih(fC/ns),It(fC/ns)
0,94.0019,76.4538,170.456
0.0001,32.8333,27.1897,60.023
0.0002,49.8693,36.719,86.5883
0.0003,53.0486,46.307,99.3556
0.0004,18.1497,9.7598,27.9095
0.0005,49.2366,40.9428,90.1794
0.0006,-1.28526,-10.1851,-11.4703
0.0007,56.0517,47.236,103.288
0.0008,37.0877,27.4313,64.519
0.0009,51.7151,39.4443,91.1595
0.001,75.7078,63.9585,139.666
0.0011,-105.194,-101.588,-206.781
0.0012,313.196,246.209,559.404
0.0013,-298.844,-238.217,-537.062
0.0014,439.693,349.835,789.528
0.0015,-338.341,-269.641,-607.982
0.0016,428.72,346.082,774.802
0.0017,-355.714,-286.062,-641.777
0.0018,431.341,340.424,771.765
0.0019,-386.349,-291.11,-677.458
0.002,428.923,344.636,773.559
0.0021,-384.148,-297.252,-681.4
0.0022,441.984,351.653,793.638
0.0023,-340.605,-266.42,-607.025
0.0024,376.872,297.325,674.198
0.0025,-337.46,-271.564,-609.025
0.0026,443.411,354.686,798.097
0.0027,-365.667,-284.649,-650.315
0.0028,431.713,352.365,784.078
0.0029,-400.207,-312.858,-713.065
0.003,419.11,330.846,749.956
0.0031,-355.885,-298.477,-654.362
0.0032,406.026,288.734,694.76
0.0033,-413.179,-352.285,-765.464
0.0034,424.725,326.592,751.317
0.0035,-379.756,-309.001,-688.757
0.0036,428.64,338.289,766.929
0.0037,-285.045,-232.597,-517.642
0.0038,335.915,279.884,615.799
0.0039,-157.008,-142.155,-299.164
0.004,134.595,116.29,250.885
0.0041,55.7669,53.841,109.608
0.0042,15.0226,6.57085,21.5935
0.0043,26.4349,32.9663,59.4011
0.0044,34.7505,43.7747,78.5252
0.0045,47.6134,65.291,112.904
0.0046,18.3706,27.0287,45.3993
0.0047,59.8469,55.6217,115.469
0.0048,17.418,4.47502,21.893
0.0049,63.9462,42.9965,106.943
0.005,43.5193,22.1179,65.6372
0.0051,7.2975,-4.70166,2.59583
0.0052,21.5895,9.98337,31.5729
0.0053,29.7331,18.5438,48.2769
0.0054,-1.12839,-0.100472,-1.22886
0.0055,37.4212,33.1293,70.5505
0.0056,25.3277,25.9836,51.3113
0.0057,49.915,32.0856,82.0006
0.0058,18.8765,9.57312,28.4496
0.0059,-27.579,11.1822,-16.3968
0.006,-38.7205,7.42668,-31.2938
0.0061,-38.1506,-9.2771,-47.4277
0.0062,-23.3821,-11.102,-34.4841
0.0063,10.7814,11.5848,22.3662
0.0064,28.2261,23.405,51.6311
0.0065,50.9212,36.8623,87.7835
0.0066,61.9102,50.0841,111.994
0.0067,92.3475,79.6183,171.966
0.0068,97.9184,73.769,171.687
0.0069,336.129,260.357,596.486
0.007,-378.018,-315.526,-693.544
0.0071,384.828,303.048,687.876
0.0072,-400.377,-322.695,-723.072
0.0073,421.161,336.059,757.219
0.0074,-355.462,-284.697,-640.159
0.0075,462.036,378.855,840.891
0.0076,-302.35,-245.546,-547.896
0.0077,440.698,348.904,789.601
0.0078,-299.235,-243.422,-542.656
0.0079,479.183,372.953,852.136
0.008,-307.233,-258.59,-565.823
0.0081,454.865,355.736,810.6
0.0082,-356.856,-297.448,-654.303
0.0083,431.821,341.517,773.338
0.0084,-375.913,-311.99,-687.903
0.0085,384.548,293.26,677.808
0.0086,-407.063,-332.481,-739.545
0.0087,394.018,309.65,703.668
0.0088,-367.803,-294.7,-662.503
0.0089,433.867,333.568,767.435
0.009,-336.122,-271.556,-607.678
0.0091,459.681,361.147,820.828
0.0092,-315.452,-247.769,-563.221
0.0093,104.312,98.946,203.258
0.0094,124.186,116.766,240.952
0.0095,117.713,115.223,232.935
0.0096,121.265,111.511,232.776
0.0097,113.723,85.0047,198.728
0.0098,143.876,109.044,252.92
0.0099,101.381,76.5029,177.884
0.01,125.443,111.302,236.745
0.0101,99.4015,74.0781,173.48
0.0102001,98.9669,83.6425,182.609
0.0103003,112.761,91.461,204.222
0.0104005,105.045,90.7395,195.784
0.0105009,130.976,105.617,236.593
0.0106014,114.036,89.8927,203.929
0.0107019,140.336,118.351,258.687
0.0108026,112.224,94.1448,206.369
0.0109033,118.564,87.5897,206.153
0.0110041,-2.50162,6.81905,4.31743
0.011105,-2.06706,-16.5205,-18.5876
0.011206,14.7027,-11.2005,3.50222
0.0113071,20.3869,-11.6427,8.74421
0.0114083,36.8012,-7.35871,29.4425
0.0115096,24.7058,-1.29516,23.4107
0.011611,63.0486,15.8995,78.948
0.0117124,55.1479,25.236,80.3839
0.011814,74.0075,30.4659,104.473
0.0119156,27.3225,5.32657,32.6491
0.0120174,76.4497,45.6101,122.06
0.0121192,46.4689,20.4918,66.9607
0.0122211,111.354,70.5169,181.871
0.0123231,64.9805,46.0009,110.981
0.0124253,84.0907,57.5665,141.657
0.0125275,79.2562,56.5215,135.778
0.0126298,95.9001,67.4653,163.365
0.0127322,76.9652,53.0676,130.033
0.0128346,111.668,79.7513,191.419
0.0129372,94.9193,64.0156,158.935
0.0130399,15.866,-4.86799,10.998
0.0131426,12.2416,2.69374,14.9353
0.0132455,10.0991,8.35164,18.4507
0.0133485,-27.3234,-18.0112,-45.3346
0.0134515,-22.2888,-20.4089,-42.6976
0.0135546,1.87618,-4.25646,-2.38028
0.0136579,-3.51378,-24.1859,-27.6997
0.0137612,3.25934,-19.6978,-16.4384
0.0138646,35.2935,22.5556,57.8491
0.0139681,53.0354,20.9244,73.9599
0.0140717,39.1845,9.55944,48.7439
0.0141754,117.83,83.2441,201.074
0.0142792,67.7055,32.6165,100.322
0.0143831,118.128,80.7394,198.867
0.0144871,57.5698,24.0726,81.6424
0.0145912,126.345,88.0632,214.409
0.0146954,92.9629,59.3232,152.286
0.0147996,134.697,90.7543,225.452
0.014904,83.2173,47.3818,130.599
0.0150084,130.415,99.1093,229.525
0.015113,106.235,73.6955,179.93
0.0152176,138.27,93.6582,231.928
0.0153224,118.833,74.5554,193.389
0.0154272,145.248,108.405,253.653
0.0155322,-58.14,-61.7499,-119.89
0.0156372,-49.5703,-45.0467,-94.617
0.0157423,-46.8041,-25.7203,-72.5244
0.0158475,-71.5214,-39.8855,-111.407
0.0159529,-31.025,-13.0506,-44.0755
0.0160583,-48.4733,-34.5851,-83.0585
0.0161638,-11.8122,-0.264765,-12.077
0.0162694,-26.9455,-18.4834,-45.4289
0.0163751,21.4955,23.8815,45.377
0.0164809,48.5654,40.0577,88.6231
0.0165868,52.9729,32.9173,85.8902
0.0166928,59.1226,31.6685,90.7911
0.0167988,66.6113,37.6459,104.257
0.016905,70.0315,43.4558,113.487
0.0170113,55.98,30.356,86.3359
0.0171177,69.8703,39.0218,108.892
0.0172241,51.526,35.9296,87.4556
0.0173307,77.2007,42.9846,120.185
0.0174374,67.4313,36.3229,103.754
0.0175441,88.0568,52.5261,140.583
0.017651,75.7114,50.4606,126.172
0.0177579,65.2588,38.6435,103.902
0.017865,111.539,72.7056,184.245
0.0179721,60.6854,22.0162,82.7016
0.0180794,151.839,108.537,260.376
0.0181867,63.8299,28.089,91.9189
0.0182942,149.825,113.772,263.597
0.0184017,80.7145,36.4765,117.191
0.0185094,168.99,125.156,294.146
0.0186171,409.479,315.476,724.955
0.0187249,398.47,292.637,691.107
0.0188329,-349.665,-315.426,-665.091
0.0189409,415.021,302.471,717.492
0.019049,-357.866,-328.577,-686.444
0.0191572,432.862,311.746,744.608
0.0192656,-326.895,-305.402,-632.296
0.019374,423.752,315.66,739.412
0.0194825,-266.053,-234.757,-500.81
0.0195911,432.872,330.019,762.891
0.0196999,-258.408,-222.881,-481.289
0.0198087,489.59,380.5,870.09
0.0199176,-208.194,-183.79,-391.984
0.0200266,501.393,384.321,885.714
0.0201357,-222.111,-202.341,-424.452
0.0202449,522.976,405.966,928.942
0.0203543,-218.544,-192.234,-410.778
0.0204637,530.44,408.991,939.43
0.0205732,-202.247,-186.185,-388.432
0.0206828,529.027,410.675,939.702
0.0207925,-194.1,-182.505,-376.605
0.0209023,539.047,419.904,958.951
0.0210122,-209.906,-197.691,-407.597
0.0211222,536.563,413.437,950
0.0212323,-190.926,-180.958,-371.884
0.0213426,550.15,423.877,974.027
0.0214529,-185.245,-177.311,-362.556
0.0215633,554.329,420.486,974.815
0.0216738,-177.805,-174.013,-351.817
0.0217844,543.379,421.747,965.125
0.0218951,-173.682,-166.788,-340.47
0.0220059,554.717,424.822,979.538
0.0221168,-168.204,-163.877,-332.081
0.0222279,554.316,433.457,987.773
0.022339,-149.76,-152.611,-302.37
0.0224502,559.273,434.747,994.02
0.0225615,2.6614,24.336,26.9974
0.0226729,42.96,50.389,93.349
0.0227845,-71.407,-57.8692,-129.276
0.0228961,84.6116,84.8493,169.461
0.0230078,-125.987,-114.162,-240.149
0.0231196,141.999,126.508,268.507
0.0232316,53.538,32.7028,86.2407
0.0233436,131.67,110.926,242.596
0.0234557,-44.5303,-58.1921,-102.722
0.0235679,236.998,198.836,435.833
0.0236803,165.527,112.564,278.092
0.0237927,120.594,70.9895,191.584
0.0239053,190.305,137.002,327.307
0.0240179,50.4188,10.0644,60.4832
0.0241306,256.998,193.111,450.109
0.0242435,74.8404,34.1221,108.962
0.0243564,258.866,198.907,457.773
0.0244695,58.4861,16.9358,75.4218
0.0245826,254.409,198.747,453.156
0.0246959,104.282,47.4934,151.775
0.0248093,266.694,203.905,470.599
0.0249227,97.5607,42.0892,139.65
0.0250363,276.66,216.086,492.746
0.02515,136.117,82.0346,218.152
0.0252637,282.811,213.887,496.698
0.0253776,111.102,49.4982,160.6
0.0254916,292.17,220.12,512.29
0.0256057,173.574,110.027,283.601
0.0257199,278.24,204.007,482.248
0.0258341,127.19,58.0857,185.276
0.0259485,296.73,228.008,524.738
0.026063,199.898,120.697,320.595
0.0261776,286.42,209.257,495.677
0.0262923,163.874,87.3939,251.268
0.0264072,317.846,238.97,556.816
0.0265221,203.305,122.996,326.301
0.0266371,297.342,224.604,521.946
0.0267522,176.726,100.476,277.201
0.0268674,311.245,233.463,544.708
0.0269828,204.173,132.22,336.393
0.0270982,315.808,233.6,549.408
0.0272138,208.023,131.721,339.744
0.0273294,325.022,244.658,569.68
0.0274452,199.817,118.062,317.88
0.027561,334.854,243.824,578.677
0.027677,242.423,147.514,389.937
0.0277931,311.772,217.676,529.447
0.0279092,29.1094,-7.69883,21.4106
0.0280255,42.2364,-3.94937,38.287
0.0281419,60.6311,12.2065,72.8376
0.0282584,52.8001,13.6363,66.4364
0.028375,71.8895,42.4572,114.347
0.0284917,91.6537,46.1581,137.812
0.0286085,130.287,87.2228,217.51
0.0287254,126.379,67.9314,194.31
0.0288424,189.65,122.655,312.305
0.0289596,180.539,120.703,301.242
0.0290768,232.718,168.083,400.801
0.0291942,211.564,146.953,358.517
0.0293116,27.9403,4.88787,32.8281
0.0294292,30.682,-3.95269,26.7293
0.0295468,64.8436,25.3485,90.1921
0.0296646,54.3736,15.2034,69.577
0.0297825,74.8441,33.7719,108.616
0.0299005,39.4969,-7.44694,32.05
0.0300185,61.0544,30.9935,92.0479
0.0301367,63.7083,22.7171,86.4254
0.0302551,96.9388,58.2803,155.219
0.0303735,79.007,32.5794,111.586
0.030492,104.643,66.4435,171.087
0.0306106,88.5996,39.0017,127.601
0.0307294,146.906,96.773,243.679
0.0308482,109.196,64.7868,173.983
0.0309672,160.667,98.7548,259.422
0.0310862,129.559,75.7084,205.267
0.0312054,169.313,111.771,281.084
0.0313247,146.625,94.9199,241.545
0.031444,152.509,100.857,253.365
0.0315635,138.33,84.0049,222.335
0.0316831,142.818,82.746,225.564
0.0318029,142.536,88.8712,231.407
0.0319227,132.575,57.0547,189.629
0.0320426,166.359,100.139,266.498
0.0321626,152.08,86.7115,238.792
0.0322828,186.341,122.225,308.567
0.032403,193.992,123.295,317.286
0.0325234,182.501,116.702,299.203
0.0326439,185.221,110.958,296.179
0.0327645,197.275,117.632,314.907
0.0328852,162.282,81.1383,243.42
0.033006,231.477,152.389,383.866
0.0331269,214.816,132.964,347.78
0.0332479,232.587,157.011,389.599
0.033369,184.987,107.686,292.673
0.0334903,246.209,160.392,406.601
0.0336116,200.24,103.87,304.11
0.0337331,278.129,188.021,466.15
0.0338547,240.633,152.253,392.887
0.0339764,275.327,188.685,464.012
0.0340982,226.354,137.744,364.098
0.0342201,280.812,183.627,464.439
0.0343421,222.469,137.449,359.918
0.0344642,305.157,208.964,514.121
0.0345865,274.957,176.277,451.234
0.0347088,294.797,188.126,482.923
0.0348313,244.704,151.116,395.82
0.0349539,318.861,213.833,532.694
0.0350765,278.258,172.514,450.772
0.0351993,326.144,222.632,548.776
0.0353222,275.522,174.965,450.487
0.0354453,332.677,215.672,548.349
0.0355684,284.164,181.208,465.372
0.0356916,346.609,232.338,578.947
0.035815,272.838,171.611,444.448
0.0359385,353.342,240.301,593.643
0.036062,540.378,374.117,914.495
0.0361857,557.775,382.272,940.046
0.0363095,571.449,393.792,965.241
0.0364335,575.123,405.211,980.334
0.0365575,-134.668,-171.17,-305.838
0.0366816,563.703,398.199,961.902
0.0368059,-151.569,-171.077,-322.647
0.0369303,576.172,420.368,996.54
0.0370547,-110.028,-127.257,-237.285
0.0371793,585.396,431.373,1016.77
0.037304,-84.6997,-107.772,-192.471
0.0374289,581.625,436.135,1017.76
0.0375538,-67.349,-100.476,-167.825
0.0376789,595.411,448.265,1043.68
0.037804,-60.3657,-93.5619,-153.928
0.0379293,592.874,455.38,1048.25
0.0380547,-71.4352,-91.7996,-163.235
0.0381802,576.423,441.037,1017.46
0.0383058,-60.1163,-80.2238,-140.34
0.0384315,564.102,439.18,1003.28
0.0385574,-31.1748,-63.3136,-94.4884
0.0386833,557.53,424.775,982.305
0.0388094,-12.399,-57.2766,-69.6756
0.0389356,541.938,411.244,953.182
0.0390619,-8.08066,-55.1826,-63.2633
0.0391883,551.139,424.978,976.117
0.0393149,69.5303,2.40644,71.9368
0.0394415,540.455,420.223,960.678
0.0395683,-78.7738,-110.692,-189.466
0.0396952,564.979,419.492,984.471
0.0398222,439.866,328.705,768.572
0.0399493,-119.92,-121.62,-241.54
0.0400765,585.242,449.799,1035.04
0.0402038,74.3449,2.06795,76.4129
0.0403313,529.356,399.885,929.241
0.0404589,77.3281,2.48865,79.8167
0.0405866,472.406,352.089,824.495
0.0407144,161.814,70.6174,232.431
0.0408423,435.062,309.872,744.934
0.0409703,218.921,110.148,329.068
0.0410985,469.892,344.349,814.242
0.0412268,150.934,56.5217,207.456
0.0413551,554.392,410.898,965.29
0.0414836,123.347,34.7555,158.102
0.0416123,501.998,372.17,874.168
0.041741,201.32,106.965,308.284
0.0418699,456.998,330.045,787.042
0.0419988,226.365,112.242,338.608
0.0421279,581.366,427.8,1009.17
0.0422571,108.644,19.3678,128.012
0.0423865,603.046,452.195,1055.24
0.0425159,201.519,87.0592,288.578
0.0426455,463.542,326.612,790.155
0.0427751,296.213,172.521,468.734
0.0429049,518.561,372.27,890.831
0.0430348,150.707,52.0373,202.744
0.0431649,628.761,471.961,1100.72
0.043295,152.629,45.2444,197.874
0.0434253,571.685,423.647,995.332
0.0435557,313.42,189.931,503.351
0.0436862,479.933,341.413,821.346
0.0438168,178.36,74.0729,252.433
0.0439476,620.503,467.481,1087.98
0.0440784,179.838,70.7884,250.627
0.0442094,584.907,431.182,1016.09
0.0443405,317.647,187.722,505.369
0.0444717,531.504,373.497,905.001
0.0446031,152.268,51.9015,204.169
0.0447345,630.913,470.714,1101.63
0.0448661,277.88,138.141,416.02
0.0449978,548.487,395.498,943.986
0.0451296,251.291,124.481,375.772
0.0452615,-34.9261,-67.7652,-102.691
0.0453936,1.43244,-43.1195,-41.6871
0.0455258,39.0135,-11.1572,27.8563
0.0456581,74.0888,15.022,89.1108
0.0457905,121.971,51.8347,173.806
0.045923,161.085,88.3243,249.409
0.0460557,180.646,104.367,285.013
0.0461885,225.224,144.522,369.746
0.0463214,209.803,139.406,349.209
0.0464544,255.082,152.513,407.595
0.0465875,229.561,154.536,384.097
0.0467208,302.849,188.101,490.95
0.0468542,232.407,154.177,386.583
0.0469877,292.718,182.147,474.865
0.0471213,268.185,166.993,435.177
0.047255,300.786,190.797,491.583
0.0473889,264.289,163.453,427.742
0.0475229,321.329,201.915,523.244
0.047657,281.212,174.253,455.465
0.0477912,323.199,199.855,523.054
0.0479256,297.406,182.677,480.083
0.0480601,314.119,199.25,513.369
0.0481947,317.267,205.01,522.277
0.0483294,339.739,206.389,546.128
0.0484642,344.185,221.114,565.298
0.0485992,341.786,210.027,551.813
0.0487343,356.28,230.211,586.49
0.0488695,355.999,220.518,576.517
0.0490048,363.311,231.789,595.1
0.0491403,358.555,226.132,584.686
0.0492759,371.285,238.832,610.118
0.0494116,363.338,229.353,592.691
0.0495474,384.767,243.236,628.002
0.0496834,387.549,237.166,624.715
0.0498194,395.203,252.78,647.983
0.0499556,394.631,242.739,637.37
0.050092,407.3,256.759,664.059
0.0502284,399.53,255.336,654.867
0.050365,401.521,259.84,661.361
0.0505017,391.567,251.824,643.391
0.0506385,417.344,261.572,678.917
0.0507754,403.379,253.014,656.393
0.0509125,411.045,257.562,668.607
0.0510497,427.666,271.038,698.704
0.051187,431.347,281.838,713.186
0.0513245,419.684,265.889,685.573
0.051462,445.302,277.365,722.667
0.0515997,429.514,274.305,703.819
0.0517375,448.774,282.786,731.56
0.0518755,436.352,276.947,713.299
0.0520136,464.082,295.856,759.938
0.0521518,438.022,277.754,715.775
0.0522901,459.218,299.058,758.276
0.0524285,450.234,283.913,734.147
0.0525671,461.103,294.258,755.361
0.0527058,450.748,276.543,727.291
0.0528446,467.218,309.014,776.231
0.0529836,452.403,290.624,743.027
0.0531226,467.137,298.445,765.582
0.0532618,460.496,297.826,758.322
0.0534012,474.247,308.04,782.288
0.0535406,467.019,294.24,761.259
0.0536802,479.074,302.125,781.198
0.0538199,459.795,287.86,747.655
0.0539597,482.045,310.46,792.505
0.0540997,467.865,298.631,766.496
0.0542398,485.12,311.252,796.372
0.05438,477.024,297.103,774.127
0.0545204,481.537,313.844,795.381
0.0546608,476.218,301.66,777.878
0.0548014,485.517,311.439,796.956
0.0549422,494.153,313.295,807.448
0.055083,496.103,322.729,818.832
0.055224,483.489,309.761,793.25
0.0553651,496.569,315.296,811.865
0.0555064,483.695,309.609,793.304
0.0556477,490.985,311.306,802.291
0.0557892,479.323,304.252,783.575
0.0559309,498.482,312.392,810.875
0.0560726,481.427,306.342,787.769
0.0562145,485.878,306.838,792.716
0.0563565,495.944,316.492,812.436
0.0564987,487.672,324.694,812.365
0.0566409,498.375,322.046,820.421
0.0567833,508.09,316.364,824.453
0.0569259,507.205,319.577,826.782
0.0570685,502.7,325.787,828.487
0.0572113,508.641,324.674,833.315
0.0573542,519.657,332.306,851.963
0.0574973,103.526,32.256,135.782
0.0576405,111.92,19.3428,131.262
0.0577838,487.519,349.957,837.476
0.0579272,84.0191,-6.93841,77.0807
0.0580708,449.755,303.505,753.259
0.0582145,158.122,29.5494,187.672
0.0583583,642.692,467.773,1110.46
0.0585023,169.773,50.9003,220.673
0.0586464,295.236,153.306,448.543
0.0587906,694.493,496.961,1191.45
0.0589349,214.597,87.8792,302.476
0.0590794,317.262,162.069,479.33
0.059224,660.683,465.111,1125.79
0.0593688,232.134,92.0899,324.224
0.0595137,369.835,212.14,581.976
0.0596587,600.369,426.355,1026.72
0.0598038,293.09,131.089,424.179
0.0599491,404.736,244.145,648.881
0.0600945,503.358,341.001,844.359
0.0602401,301.652,138.457,440.109
0.0603857,771.129,549.682,1320.81
0.0605315,278.392,120.306,398.697
0.0606775,323.687,157.432,481.119
0.0608235,726.168,510.547,1236.71
0.0609697,339.939,160.767,500.706
0.0611161,341.391,164.216,505.607
0.0612625,729.812,516.338,1246.15
0.0614092,344.227,168.311,512.538
0.0615559,408.62,216.718,625.338
0.0617028,635.026,445.197,1080.22
0.0618498,398.146,216.926,615.072
0.0619969,461.626,273.338,734.964
0.0621442,585.426,395.3,980.726
0.0622916,430.15,240.578,670.728
0.0624391,602.391,422.97,1025.36
0.0625868,424.544,235.643,660.187
0.0627346,570.325,372.257,942.583
0.0628825,440.608,250.475,691.082
0.0630306,608.368,411.935,1020.3
0.0631788,430.956,236.908,667.865
0.0633272,548.403,352.69,901.093
0.0634756,466.863,282.141,749.004
0.0636242,624.91,421.19,1046.1
0.063773,435.548,244.741,680.289
0.0639219,571.094,370.457,941.55
0.0640709,449.887,270.392,720.279
0.0642201,630.856,425.721,1056.58
0.0643693,438.303,236.543,674.846
0.0645188,581.04,380.766,961.805
0.0646683,450.896,256.791,707.686
0.064818,651.694,441.558,1093.25
0.0649679,443.83,238.645,682.475
0.0651178,550.046,350.991,901.037
0.0652679,487.05,288.927,775.976
0.0654182,656.573,449.385,1105.96
0.0655686,458.522,258.793,717.316
0.0657191,555.893,346.661,902.554
0.0658697,498.282,291.539,789.822
0.0660205,653.546,444.207,1097.75
0.0661715,458.631,258.073,716.704
0.0663225,559.926,350.636,910.562
0.0664737,500.842,301.078,801.92
0.0666251,654.745,442.526,1097.27
0.0667765,447.284,253.466,700.75
0.0669282,580.279,372.435,952.714
0.0670799,493.182,285.117,778.299
0.0672318,672.851,452.364,1125.22
0.0673838,474.699,257.262,731.962
0.067536,557.379,349.975,907.354
0.0676883,548.369,336.619,884.988
0.0678407,596.955,394.901,991.856
0.0679933,479.746,272.437,752.183
0.0681461,666.058,446.924,1112.98
0.0682989,471.787,268.704,740.491
0.0684519,581.482,368.748,950.23
0.068605,511.287,294.441,805.728
0.0687583,680.721,454.157,1134.88
0.0689117,479.461,272.375,751.836
0.0690653,576.971,358.508,935.479
0.069219,518.52,313.725,832.245
0.0693728,651.692,436.914,1088.61
0.0695268,490.717,270.616,761.333
0.0696809,611.291,405.136,1016.43
0.0698352,498.261,285.332,783.593
0.0699896,663.398,447.587,1110.99
0.0701441,478.236,272.068,750.304
0.0702988,589.877,380.119,969.996
0.0704536,510.895,300.553,811.448
0.0706086,657.03,439.99,1097.02
0.0707637,500.479,280.092,780.571
0.0709189,603.21,380.445,983.655
0.0710743,520.01,300.436,820.446
0.0712298,647.119,424.602,1071.72
0.0713855,487.512,273.391,760.902
0.0715413,604.419,393.968,998.387
0.0716972,520.742,295.506,816.248
0.0718533,654.478,427.506,1081.98
0.0720095,498.263,288.771,787.034
0.0721659,617,400.096,1017.1
0.0723224,508.656,282.621,791.277
0.0724791,635.219,418.045,1053.26
0.0726359,512.135,298.01,810.146
0.0727928,628.308,409.901,1038.21
0.0729499,506.997,282.303,789.3
0.0731071,636.414,418.889,1055.3
0.0732645,514.129,286.54,800.669
0.073422,624.443,402.623,1027.07
0.0735797,512.662,291.87,804.532
0.0737375,647.068,423.008,1070.08
0.0738954,502.693,366.189,868.881
0.0740535,539.756,373.793,913.549
0.0742117,557.747,377.546,935.294
0.0743701,556.276,381.736,938.011
0.0745286,569.603,371.523,941.126
0.0746873,567.125,375.841,942.966
0.0748461,576.366,371.027,947.393
0.075005,590.878,364.561,955.439
0.0751641,571.631,358.059,929.69
0.0753234,587.511,363.257,950.768
0.0754828,574.914,363.358,938.272
0.0756423,599.147,371.618,970.766
0.075802,567.425,349.794,917.219
0.0759618,591.589,371.356,962.945
0.0761218,564.73,353.386,918.116
0.0762819,606.401,370.531,976.932
0.0764421,550.062,346.806,896.868
0.0766025,605.099,370.026,975.125
0.0767631,558.509,347.936,906.445
0.0769238,611.457,377.511,988.967
0.0770846,566.791,351.488,918.279
0.0772456,607.585,373.049,980.634
0.0774067,557.469,348.041,905.51
0.077568,606.764,372.848,979.612
0.0777294,573.227,345.568,918.795
0.077891,606.154,368.939,975.093
0.0780527,565.687,347.145,912.832
0.0782146,607.541,368.492,976.033
0.0783766,572.526,350.411,922.938
0.0785388,621.856,387.786,1009.64
0.0787011,571.314,354.098,925.412
0.0788635,607.972,381.412,989.384
0.0790261,579.09,350.401,929.491
0.0791889,595.368,363.617,958.985
0.0793518,584.823,364.294,949.118
0.0795148,613.394,369.605,982.999
0.079678,596.539,363.227,959.766
0.0798414,609.864,372.794,982.658
0.0800049,598.886,359.972,958.859
0.0801685,612.087,372.25,984.337
0.0803323,586.491,364.597,951.088
0.0804962,610.612,372.839,983.451
0.0806603,596.853,366.849,963.702
0.0808245,625.697,381.584,1007.28
0.0809889,593.671,360.748,954.418
0.0811535,616.178,370.825,987.003
0.0813182,612.942,374.469,987.41
0.081483,610.958,373.573,984.531
0.081648,603.006,366.387,969.393
0.0818131,619.987,375.862,995.849
0.0819784,604.743,371.576,976.32
0.0821438,621.729,379.501,1001.23
0.0823094,609.835,366.65,976.485
0.0824751,609.508,363.191,972.699
0.082641,605.554,375.692,981.246
0.0828071,621.015,371.527,992.542
0.0829733,606.344,378.832,985.176
0.0831396,611.567,375.256,986.823
0.0833061,610.128,373.482,983.609
0.0834727,617.529,376.249,993.778
0.0836395,627.113,380.007,1007.12
0.0838065,611.222,365.9,977.122
0.0839736,626.199,379.565,1005.76
0.0841408,617.015,367.257,984.273
0.0843082,617.967,376.69,994.657
0.0844758,608.732,372.88,981.612
0.0846435,612.153,370.401,982.553
0.0848113,625.197,374.557,999.754
0.0849793,609.098,373.151,982.249
0.0851475,620.208,369.068,989.276
0.0853158,610.792,379.823,990.615
0.0854843,617.359,369.333,986.693
0.0856529,612.627,372.971,985.597
0.0858217,621.182,367.555,988.736
0.0859906,618.042,379.205,997.248
0.0861597,628.799,382.705,1011.5
0.0863289,618.018,386.077,1004.09
0.0864983,619.61,368.977,988.587
0.0866679,634.66,383.003,1017.66
0.0868376,613.555,366.338,979.893
0.0870074,630.682,381.699,1012.38
0.0871774,639.974,369.319,1009.29
0.0873476,615.529,377.701,993.23
0.0875179,632.78,369.82,1002.6
0.0876884,626.872,374.637,1001.51
0.087859,610.243,369.132,979.375
0.0880298,629.693,371.817,1001.51
0.0882007,611.991,364.331,976.322
0.0883718,635.995,380.265,1016.26
0.0885431,621.592,370.571,992.163
0.0887145,623.857,370.77,994.627
0.088886,614.237,368.95,983.187
0.0890577,637.169,384.361,1021.53
0.0892296,613.799,371.882,985.681
0.0894016,622.323,369.835,992.159
0.0895738,623.638,374.334,997.973
0.0897462,618.275,369.463,987.738
0.0899186,621.873,369.513,991.386
0.0900913,618.702,371.945,990.647
0.0902641,620.931,368.562,989.493
0.0904371,627.581,377.525,1005.11
0.0906102,616.264,361.722,977.986
0.0907835,627.032,372.217,999.249
0.0909569,627.968,369.057,997.025
0.0911305,631.631,381.138,1012.77
0.0913043,624.411,363.526,987.937
0.0914782,627.465,377.932,1005.4
0.0916523,614.006,367.202,981.208
0.0918265,630.392,372.788,1003.18
0.0920009,613.594,363.689,977.283
0.0921754,639.153,379.322,1018.48
0.0923501,625.192,371.537,996.73
0.092525,619.309,375.647,994.957
0.0927,613.824,365.542,979.366
0.0928752,635.265,380.978,1016.24
0.0930505,622.824,368.121,990.945
0.093226,631.534,381.184,1012.72
0.0934017,626.363,373.552,999.914
0.0935775,408.054,243.903,651.957
0.0937535,514.465,311.793,826.258
0.0939296,545.913,328.552,874.466
0.0941059,561.079,336.607,897.686
0.0942824,587.613,348.729,936.342
0.094459,588.623,347.918,936.541
0.0946358,618.679,376.886,995.565
0.0948127,616.594,363.561,980.155
0.0949898,621.954,374.135,996.09
0.0951671,632.254,368.703,1000.96
0.0953445,628.816,366.368,995.184
0.0955221,606.462,364.323,970.785
0.0956999,626.495,370.812,997.307
0.0958778,614.353,367.805,982.158
0.0960558,643.345,385.592,1028.94
0.0962341,611.85,365.798,977.649
0.0964125,645.507,375.562,1021.07
0.096591,632.045,374.081,1006.13
0.0967697,642.842,373.713,1016.55
0.0969486,640.716,374.475,1015.19
0.0971277,634.428,375.279,1009.71
0.0973069,634.353,370.519,1004.87
0.0974862,646.043,380.447,1026.49
0.0976658,642.472,378.639,1021.11
0.0978455,638.032,376.668,1014.7
0.0980253,629.474,373.744,1003.22
0.0982054,636.095,378.813,1014.91
0.0983855,622.791,377.199,999.989
0.0985659,650.016,384.233,1034.25
0.0987464,631.27,369.89,1001.16
0.0989271,640.786,381.254,1022.04
0.0991079,638,370.401,1008.4
0.0992889,635.077,376.798,1011.88
0.0994701,639.432,372.268,1011.7
0.0996514,641.442,375.988,1017.43
0.099833,642.599,367.92,1010.52
0.100015,649.154,383.011,1032.17
0.100196,643.044,374.599,1017.64
0.100378,646.108,377.993,1024.1
0.100561,635.743,373.913,1009.66
0.100743,642.277,376.151,1018.43
0.100925,637.726,375.026,1012.75
0.101108,641.301,377.017,1018.32
0.101291,640.243,370.007,1010.25
0.101474,641.998,378.687,1020.68
0.101657,637.234,372.958,1010.19
0.10184,637.885,370.14,1008.03
0.102024,648.462,369.759,1018.22
0.102208,658.232,382.895,1041.13
0.102391,640.351,363.028,1003.38
0.102575,640.268,378.524,1018.79
0.10276,647.182,376.719,1023.9
0.102944,653.588,375.993,1029.58
0.103128,640.054,359.665,999.719
0.103313,645.622,373.667,1019.29
0.103498,656.97,384.12,1041.09
0.103683,655.297,376.243,1031.54
0.103868,655.679,372.623,1028.3
0.104053,656.529,372.684,1029.21
0.104239,652.47,378.234,1030.7
0.104425,649.094,380.078,1029.17
0.10461,642.19,372.849,1015.04
0.104796,645.976,371.235,1017.21
0.104983,650.033,374.178,1024.21
0.105169,639.247,375.429,1014.68
0.105355,649.549,369.834,1019.38
0.105542,658.496,379.779,1038.27
0.105729,652.416,371.524,1023.94
0.105916,665.402,384.267,1049.67
0.106103,650.195,371.679,1021.87
0.106291,654.753,371.609,1026.36
0.106478,640.254,381.497,1021.75
0.106666,662.539,385.745,1048.28
0.106854,641.623,376.239,1017.86
0.107042,672.709,388.634,1061.34
0.10723,652.406,382.389,1034.8
0.107418,656.462,382.038,1038.5
0.107607,651.76,381.657,1033.42
0.107796,660.9,387.692,1048.59
0.107985,641.836,372.35,1014.19
0.108174,650.91,384.015,1034.93
0.108363,647.223,385.735,1032.96
0.108552,661.958,377.647,1039.61
0.108742,653.398,391.649,1045.05
0.108932,664.041,385.888,1049.93
0.109122,652.851,377.879,1030.73
0.109312,654.693,387.336,1042.03
0.109502,661.214,381.799,1043.01
0.109692,662.303,379.439,1041.74
0.109883,661.477,377.95,1039.43
0.110074,646.192,377.282,1023.47
0.110265,661.372,375.679,1037.05
0.110456,657.281,380.216,1037.5
0.110647,670.799,394.711,1065.51
0.110839,661.987,385.136,1047.12
0.11103,664.457,389.294,1053.75
0.111222,653.329,376.842,1030.17
0.111414,670.286,386.883,1057.17
0.111607,669.135,386.895,1056.03
0.111799,657.235,392.606,1049.84
0.111991,664.252,382.627,1046.88
0.112184,672.47,403.759,1076.23
0.112377,665.903,382.713,1048.62
0.11257,673.556,383.901,1057.46
0.112763,660.852,383.118,1043.97
0.112957,663.757,387.625,1051.38
0.11315,659.01,379.096,1038.11
0.113344,670.723,388.999,1059.72
0.113538,666.275,391.239,1057.51
0.113732,679.416,397.333,1076.75
0.113927,674.744,388.671,1063.42
0.114121,677.306,390.535,1067.84
0.114316,671.081,387.045,1058.13
0.11451,669.83,390.333,1060.16
0.114706,667.902,388.361,1056.26
0.114901,682.579,398.452,1081.03
0.115096,666.79,388.689,1055.48
0.115292,666.341,387.245,1053.59
0.115487,678.577,389.33,1067.91
0.115683,675.168,396.006,1071.17
0.115879,673.777,390.849,1064.63
0.116076,516.463,306.733,823.196
0.116272,591.754,343.675,935.429
0.116469,626.695,368.301,994.996
0.116665,668.913,382.058,1050.97
0.116862,695.315,387.569,1082.88
0.117059,665.257,392.998,1058.25
0.117257,695.082,392.462,1087.54
0.117454,671.318,390.982,1062.3
0.117652,673.683,392.749,1066.43
0.11785,682.24,386.621,1068.86
0.118048,686.492,394.832,1081.32
0.118246,683.811,394.959,1078.77
0.118445,691.853,388.97,1080.82
0.118643,676.104,395.413,1071.52
0.118842,678.875,388.474,1067.35
0.119041,677.721,399.099,1076.82
0.11924,682.327,389.121,1071.45
0.119439,687.819,394.644,1082.46
0.119639,686.242,383.566,1069.81
0.119838,687.533,388.809,1076.34
0.120038,697.54,395.868,1093.41
0.120238,688.614,395.105,1083.72
0.120439,692.047,396.909,1088.96
0.120639,697.015,395.651,1092.67
0.12084,700.808,396.087,1096.89
0.12104,691.477,402.599,1094.08
0.121241,701.92,404.056,1105.98
0.121442,702.102,408.109,1110.21
0.121644,704.284,405.729,1110.01
0.121845,704.179,413.884,1118.06
0.122047,712.764,404.946,1117.71
0.122249,703.161,404.91,1108.07
0.122451,708.788,411.498,1120.29
0.122653,695.858,399.109,1094.97
0.122855,713.35,415.404,1128.75
0.123058,697.118,398.63,1095.75
0.123261,724.6,411.08,1135.68
0.123464,704.901,399.62,1104.52
0.123667,726.371,413.769,1140.14
0.12387,702.689,404.146,1106.83
0.124074,706.89,411.503,1118.39
0.124277,713.736,403.205,1116.94
0.124481,726.908,415.779,1142.69
0.124685,698.487,402.641,1101.13
0.12489,729.852,420.321,1150.17
0.125094,713.13,398.57,1111.7
0.125299,718.563,414.787,1133.35
0.125504,690.996,399.711,1090.71
0.125709,728.068,414.14,1142.21
0.125914,685.621,394.378,1080
0.126119,720.711,416.69,1137.4
0.126325,688.886,393.071,1081.96
0.12653,741.632,423.265,1164.9
0.126736,702.963,394.713,1097.68
0.126942,721.167,414.644,1135.81
0.127149,702.373,390.097,1092.47
0.127355,723.208,420.957,1144.17
0.127562,693.528,392.914,1086.44
0.127769,719.961,415.38,1135.34
0.127976,690.01,387.091,1077.1
0.128183,735.415,428.653,1164.07
0.128391,696.393,394.034,1090.43
0.128598,713.133,407.656,1120.79
0.128806,694.216,393.283,1087.5
0.129014,736.702,420.187,1156.89
0.129222,687.855,390.039,1077.89
0.129431,717.162,410.118,1127.28
0.129639,696.582,394.161,1090.74
0.129848,732.359,414.851,1147.21
0.130057,698.021,386.117,1084.14
0.130266,717.983,406.941,1124.92
0.130475,683.242,380.158,1063.4
0.130685,738.362,429.865,1168.23
0.130895,692.946,385.134,1078.08
0.131105,721.938,419.359,1141.3
0.131315,683.39,368.286,1051.68
0.131525,723.66,422.416,1146.08
0.131735,693.479,381.918,1075.4
0.131946,725.188,410.43,1135.62
0.132157,680.383,380.286,1060.67
0.132368,739.601,431.332,1170.93
0.132579,683.302,380.528,1063.83
0.132791,742.245,420.096,1162.34
0.133002,673.254,379.995,1053.25
0.133214,731.091,411.807,1142.9
0.133426,685.148,375.477,1060.62
0.133638,739.868,419.933,1159.8
0.133851,692.288,373.845,1066.13
0.134063,731.021,420.002,1151.02
0.134276,682.463,385.68,1068.14
0.134489,733.575,407.986,1141.56
0.134702,709.512,399.732,1109.24
0.134916,683.243,373.032,1056.27
0.135129,740.123,429.844,1169.97
0.135343,687.628,377.148,1064.78
0.135557,733.051,427.886,1160.94
0.135771,684.931,383.312,1068.24
0.135985,710.807,401.665,1112.47
0.1362,843.542,562.982,1406.52
0.136415,664.878,374.96,1039.84
0.13663,511.077,232.594,743.671
0.136845,984.988,626.431,1611.42
0.13706,385.525,136.026,521.551
0.137275,1008.83,654.476,1663.3
0.137491,390.592,141.484,532.076
0.137707,1022.97,652.169,1675.14
0.137923,391.596,148.021,539.617
0.138139,1008.24,654.932,1663.17
0.138356,400.192,152.362,552.554
0.138573,1016.46,648.609,1665.07
0.13879,279.081,150.045,429.125
0.139007,410.034,227.629,637.662
0.139224,559.472,310.863,870.335
0.139441,594.162,335.24,929.401
0.139659,639.898,351.633,991.531
0.139877,656.16,355.535,1011.7
0.140095,678.709,373.22,1051.93
0.140313,683.505,382.842,1066.35
0.140532,699.598,387.977,1087.57
0.14075,663.561,367.399,1030.96
0.140969,686.843,383.004,1069.85
0.141188,683.018,376.98,1060
0.141408,679.191,380.56,1059.75
0.141627,690.001,387.316,1077.32
0.141847,686.738,393.126,1079.86
0.142067,704.669,381.968,1086.64
0.142287,693.855,389.175,1083.03
0.142507,692.889,383.359,1076.25
0.142727,700.457,383.357,1083.81
0.142948,711.692,392.02,1103.71
0.143169,702.862,396.623,1099.48
0.14339,706.191,381.525,1087.72
0.143611,705.703,397.114,1102.82
0.143833,713.375,397.795,1111.17
0.144054,708.895,399.874,1108.77
0.144276,699.171,382.711,1081.88
0.144498,699.458,392.624,1092.08
0.144721,716.393,399.801,1116.19
0.144943,722.198,398.586,1120.78
0.145166,701.492,378.69,1080.18
0.145389,715.651,394.851,1110.5
0.145612,731.265,406.23,1137.49
0.145835,718.013,401.775,1119.79
0.146058,696.451,375.538,1071.99
0.146282,715.515,411.557,1127.07
0.146506,728.506,414.24,1142.75
0.14673,709.805,397.721,1107.53
0.146954,688.671,371.428,1060.1
0.147179,733.935,410.432,1144.37
0.147404,724.249,405.89,1130.14
0.147629,719.591,391.766,1111.36
0.147854,667.272,364.073,1031.34
0.148079,722.149,405.964,1128.11
0.148304,718.425,405.292,1123.72
0.14853,696.01,383.633,1079.64
0.148756,673.98,362.161,1036.14
0.148982,721.765,407.569,1129.33
0.149209,713.276,397.531,1110.81
0.149435,711.714,386.324,1098.04
0.149662,681.349,373.96,1055.31
0.149889,719.582,407.149,1126.73
0.150116,711.057,399.737,1110.79
0.150343,705.844,387.907,1093.75
0.150571,687.103,370.089,1057.19
0.150799,722.978,400.093,1123.07
0.151027,715.333,399.442,1114.78
0.151255,711.796,388.621,1100.42
0.151483,689.336,369.218,1058.55
0.151712,715.078,408.304,1123.38
0.151941,712.917,397.595,1110.51
0.15217,718.201,382.7,1100.9
0.152399,687.563,377.818,1065.38
0.152629,723.929,413.986,1137.91
0.152858,701.893,403.746,1105.64
0.153088,715.31,386.978,1102.29
0.153318,693.679,382.988,1076.67
0.153549,724.641,403.909,1128.55
0.153779,722.508,400.732,1123.24
0.15401,704.658,392.417,1097.07
0.154241,684.532,380.26,1064.79
0.154472,724.166,398.649,1122.81
0.154703,724.015,409.257,1133.27
0.154935,727.51,399.348,1126.86
0.155166,686.24,380.521,1066.76
0.155398,736.093,409.2,1145.29
0.155631,733.131,410.289,1143.42
0.155863,728.288,394.621,1122.91
0.156096,687.744,374.998,1062.74
0.156328,797.53,522.814,1320.34
0.156561,712.563,403.914,1116.48
0.156795,790.687,458.66,1249.35
0.157028,848.404,484.385,1332.79
0.157262,832.938,473.518,1306.46
0.157496,800.246,454.423,1254.67
0.15773,838.667,475.591,1314.26
0.157964,873.247,493.973,1367.22
0.158199,856.791,489.976,1346.77
0.158433,808.502,446.663,1255.16
0.158668,821.73,459.639,1281.37
0.158903,908.161,524.107,1432.27
0.159139,825.418,463.004,1288.42
0.159374,763.606,417.983,1181.59
0.15961,825.249,463.765,1289.01
0.159846,830.824,464.544,1295.37
0.160082,800.426,439.647,1240.07
0.160319,812.795,453.528,1266.32
0.160555,769.833,434.852,1204.69
0.160792,869.794,503.935,1373.73
0.161029,741.311,422.011,1163.32
0.161267,766.657,424.564,1191.22
0.161504,783.042,443.422,1226.46
0.161742,799.849,455.202,1255.05
0.16198,759.177,416.007,1175.18
0.162218,806.897,455.316,1262.21
0.162456,758.872,422.931,1181.8
0.162695,832.434,468.176,1300.61
0.162934,744.651,397.917,1142.57
0.163173,765.458,428.43,1193.89
0.163412,554.335,328.024,882.359
0.163652,644.557,368.065,1012.62
0.163891,582.174,289.633,871.807
0.164131,692.941,369.266,1062.21
0.164371,642.777,328.615,971.391
0.164612,728.115,393.113,1121.23
0.164852,665.118,326.76,991.878
0.165093,778.108,426.486,1204.59
0.165334,697.381,347.038,1044.42
0.165575,797.158,439.076,1236.23
0.165817,674.987,332.245,1007.23
0.166058,807.935,459.419,1267.35
0.1663,675.953,332.931,1008.88
0.166542,810.724,465.786,1276.51
0.166785,661.046,326.317,987.363
0.167027,800.877,462.94,1263.82
0.16727,655.356,324.601,979.957
0.167513,790.753,457.896,1248.65
0.167756,665.056,327.863,992.919
0.167999,793.869,455.819,1249.69
0.168243,667.949,324.206,992.154
0.168487,812.218,467.06,1279.28
0.168731,662.989,327.145,990.133
0.168975,801.738,459.718,1261.46
0.16922,657.533,309.414,966.947
0.169465,811.918,469.969,1281.89
0.16971,650.935,311.627,962.562
0.169955,826.465,476.244,1302.71
0.1702,633.987,297.335,931.322
0.170446,828.115,482.431,1310.55
0.170692,630.611,292.384,922.995
0.170938,826.102,476.347,1302.45
0.171184,636.187,297.189,933.376
0.171431,825.549,481.554,1307.1
0.171677,620.365,293.355,913.72
0.171924,843.224,477.804,1321.03
0.172171,633.728,301.492,935.219
0.172419,845.982,477.873,1323.85
0.172667,638.732,292.2,930.931
0.172914,842.272,481.795,1324.07
0.173163,626.22,300.957,927.177
0.173411,845.349,487.253,1332.6
0.173659,614.475,292.536,907.011
0.173908,843.523,487.043,1330.57
0.174157,642.685,302.471,945.156
0.174406,851.704,483.665,1335.37
0.174656,635.448,287.091,922.539
0.174906,850.579,487.375,1337.95
0.175156,636.855,300.571,937.426
0.175406,862.399,495.051,1357.45
0.175656,630.036,285.755,915.792
0.175907,868.002,497.775,1365.78
0.176157,644.687,302.962,947.649
0.176408,867.983,499.644,1367.63
0.17666,644.764,303.066,947.83
0.176911,841.387,475.533,1316.92
0.177163,652.528,322.941,975.469
0.177415,877.104,497.453,1374.56
0.177667,648.986,302.815,951.801
0.17792,847.201,476.086,1323.29
0.178172,653.465,316.82,970.285
0.178425,863.448,497.498,1360.95
0.178678,656.356,310.727,967.083
0.178932,854.794,480.122,1334.92
0.179185,665.351,329.057,994.408
0.179439,864.562,502.879,1367.44
0.179693,649.263,304.15,953.413
0.179947,846.374,471.56,1317.93
0.180202,686.914,346.718,1033.63
0.180457,863.803,496.234,1360.04
0.180711,673.649,324.453,998.102
0.180967,852.144,481.451,1333.6
0.181222,659.974,316.079,976.053
0.181478,528.968,285.733,814.7
0.181734,604.773,333.808,938.581
0.18199,626.927,337.943,964.87
0.182246,693.282,367.25,1060.53
0.182503,736.403,424.702,1161.11
0.18276,768.225,422.295,1190.52
0.183017,781.386,432.13,1213.52
0.183274,768.981,422.167,1191.15
0.183531,831.971,467.947,1299.92
0.183789,707.136,358.281,1065.42
0.184047,809.609,441.3,1250.91
0.184305,803.534,443.416,1246.95
0.184564,798.569,436.505,1235.07
0.184822,732.437,377.377,1109.81
0.185081,796.896,430.531,1227.43
0.185341,757.703,405.56,1163.26
0.1856,782.044,423.993,1206.04
0.18586,748.429,394.294,1142.72
0.186119,771.299,418.48,1189.78
0.18638,773.997,411.313,1185.31
0.18664,766.178,416.974,1183.15
0.186901,782.64,418.051,1200.69
0.187161,767.482,424.277,1191.76
0.187422,774.08,410.881,1184.96
0.187684,771.485,420.381,1191.87
0.187945,791.396,427.967,1219.36
0.188207,772.434,414.881,1187.31
0.188469,786.056,417.838,1203.89
0.188731,784.417,431.792,1216.21
0.188994,783.778,416.651,1200.43
0.189256,777.392,416.174,1193.57
0.189519,795.849,431.111,1226.96
0.189783,787.456,422.355,1209.81
0.190046,756.435,395.849,1152.28
0.19031,781.199,422.802,1204
0.190574,172.86,19.5047,192.365
0.190838,637.988,388.936,1026.92
0.191102,385.291,125.594,510.886
0.191367,951.398,596.236,1547.63
0.191632,381.003,112.75,493.753
0.191897,1008.51,629.537,1638.05
0.192162,417.946,131.174,549.12
0.192428,1031.52,643.182,1674.7
0.192694,432.758,130.656,563.414
0.19296,1046.6,655.99,1702.59
0.193226,432.212,134.232,566.444
0.193493,1065.1,657.955,1723.05
0.193759,443.197,147.884,591.08
0.194026,1054.5,654.244,1708.74
0.194294,421.376,139.616,560.992
0.194561,1053.28,657.962,1711.24
0.194829,420.057,129.618,549.675
0.195097,1062.51,658.655,1721.17
0.195365,427.841,141.171,569.012
0.195634,1054.39,652.324,1706.71
0.195903,435.778,137.076,572.854
0.196172,1069.6,662.66,1732.26
0.196441,441.692,148.252,589.944
0.19671,1065.41,657.45,1722.87
0.19698,450.448,156.601,607.049
0.19725,1061.61,661.34,1722.94
0.19752,454.501,154.897,609.398
0.197791,1066.43,657.335,1723.77
0.198062,467.08,156.386,623.466
0.198333,1066.25,666.203,1732.45
0.198604,465.158,156.594,621.753
0.198875,1076.94,664.669,1741.61
0.199147,481.256,161.202,642.458
0.199419,1063.85,661.352,1725.2
0.199691,497.92,177.318,675.238
0.199964,1064.1,652.929,1717.03
0.200236,488.289,180.026,668.315
0.200509,1059.85,643.952,1703.8
0.200782,505.359,181.816,687.176
0.201056,1060.74,647.714,1708.46
0.201329,499.9,186.468,686.368
0.201603,1063.28,650.488,1713.76
0.201878,517.309,194.767,712.075
0.202152,1060,645.22,1705.22
0.202427,515.382,196.105,711.487
0.202702,1057.01,648.239,1705.25
0.202977,524.406,203.076,727.482
0.203252,1060.8,644.416,1705.22
0.203528,538.418,200.82,739.239
0.203804,1050.09,635.71,1685.8
0.20408,555.918,208.604,764.522
0.204356,1038.33,633.911,1672.24
0.204633,559.557,217.86,777.417
0.20491,1042.54,640.355,1682.89
0.205187,554.657,218.265,772.923
0.205465,1052.9,641.601,1694.5
0.205742,558.287,215.699,773.987
0.20602,1044.69,637.917,1682.61
0.206299,564.53,214.558,779.088
0.206577,1045.34,631.014,1676.35
0.206856,570.328,224.374,794.702
0.207135,1061.71,636.044,1697.76
0.207414,573.34,221.536,794.876
0.207693,1051.06,639.687,1690.75
0.207973,570.751,217.121,787.872
0.208253,1062.29,640.732,1703.02
0.208533,577.451,225.026,802.477
0.208814,1061.47,633.527,1695
0.209095,574.425,226.264,800.688
0.209376,1051.05,634.516,1685.56
0.209657,566.268,232.281,798.549
0.209938,1048.74,631.241,1679.99
0.21022,585.564,230.23,815.795
0.210502,1042.98,625.987,1668.96
0.210784,575.37,234.702,810.072
0.211067,1036.09,623.018,1659.11
0.21135,575.969,229.344,805.313
0.211633,1033.75,627.007,1660.76
0.211916,576.766,234.613,811.38
0.2122,790.321,514.548,1304.87
0.212483,831.586,537.89,1369.48
0.212767,479.317,202.793,682.11
0.213052,877.399,540.095,1417.49
0.213336,527.828,224.219,752.047
0.213621,885.426,538.406,1423.83
0.213906,581.206,259.594,840.8
0.214192,909.77,544.407,1454.18
0.214477,564.396,229.477,793.873
0.214763,924.522,545.888,1470.41
0.215049,638.27,282.512,920.782
0.215336,906.867,528.525,1435.39
0.215622,562.087,217.741,779.829
0.215909,915.909,538.141,1454.05
0.216197,714.704,357.901,1072.61
0.216484,779.327,426.421,1205.75
0.216772,645.148,296.428,941.576
0.21706,889.01,506.308,1395.32
0.217348,643.841,297.734,941.576
0.217636,887.818,514.249,1402.07
0.217925,666.465,312.647,979.112
0.218214,863.642,489.448,1353.09
0.218504,672.241,317.924,990.165
0.218793,861.952,484.485,1346.44
0.219083,689.822,332.135,1021.96
0.219373,855.847,489.311,1345.16
0.219663,697.995,328.826,1026.82
0.219954,850.143,469.756,1319.9
0.220245,701.477,338.637,1040.11
0.220536,861.647,474.195,1335.84
0.220827,704.805,338.879,1043.68
0.221119,834.806,469.284,1304.09
0.221411,720.274,343.205,1063.48
0.221703,843.076,473.363,1316.44
0.221996,713.757,350.864,1064.62
0.222288,561.572,369.196,930.768
0.222581,740.659,503.351,1244.01
0.222875,696.67,442.722,1139.39
0.223168,730.364,427.225,1157.59
0.223462,710.905,399.012,1109.92
0.223756,738.309,414.332,1152.64
0.22405,742.416,405.246,1147.66
0.224345,746.249,404.073,1150.32
0.22464,766.268,416.684,1182.95
0.224935,735.714,398.707,1134.42
0.22523,780.526,414.514,1195.04
0.225526,766.317,408.66,1174.98
0.225822,768.181,399.597,1167.78
0.226118,806.207,422.455,1228.66
0.226414,761.733,396.175,1157.91
0.226711,798.936,429.79,1228.73
0.227008,760.08,396.793,1156.87
0.227305,796.046,430.945,1226.99
0.227603,756.307,396.452,1152.76
0.227901,805.81,434.264,1240.07
0.228199,773.473,401.478,1174.95
0.228497,799.071,434.02,1233.09
0.228796,758.406,396.953,1155.36
0.229095,821.856,443.96,1265.82
0.229394,791.135,407.039,1198.17
0.229693,807.253,426.846,1234.1
0.229993,773.853,401.867,1175.72
0.230293,845.161,448.72,1293.88
0.230593,813.611,433.623,1247.23
0.230894,767.86,384.762,1152.62
0.231195,812.217,431.477,1243.69
0.231496,778.489,388.241,1166.73
0.231797,804.357,424.798,1229.16
0.232099,830.415,438.783,1269.2
0.232401,812.514,425.927,1238.44
0.232703,825.288,433.589,1258.88
0.233005,831.382,438.014,1269.4
0.233308,827.482,445.224,1272.71
0.233611,832.18,428.434,1260.61
0.233914,828.791,437.371,1266.16
0.234218,818.407,431.228,1249.63
0.234522,838.696,442.592,1281.29
0.234826,853.682,442.169,1295.85
0.23513,800.192,397.994,1198.19
0.235435,835.014,439.093,1274.11
0.23574,847.772,443.578,1291.35
0.236045,853.873,446.121,1299.99
0.236351,800.255,396.06,1196.31
0.236656,858.235,451.23,1309.46
0.236962,842.815,447.878,1290.69
0.237269,870.082,447.835,1317.92
0.237575,810.501,403.668,1214.17
0.237882,868.253,463.773,1332.03
0.238189,849.476,434.778,1284.25
0.238497,863.005,444.198,1307.2
0.238805,858.285,438.201,1296.49
0.239113,837.459,429.599,1267.06
0.239421,857.356,442.24,1299.6
0.239729,871.097,452.683,1323.78
0.240038,813.838,413.609,1227.45
0.240347,848.878,435.943,1284.82
0.240657,875.695,451.423,1327.12
0.240967,867.163,455.28,1322.44
0.241277,821.809,407.751,1229.56
0.241587,863.573,454.27,1317.84
0.241897,863.341,445.781,1309.12
0.242208,846.855,438.29,1285.14
0.242519,845.546,435.147,1280.69
0.242831,829.685,419.413,1249.1
0.243142,878.955,460.99,1339.94
0.243454,833.471,437.505,1270.98
0.243766,866.584,448.216,1314.8
0.244079,831.364,423.641,1255
0.244392,860.137,451.497,1311.63
0.244705,833.626,433.152,1266.78
0.245018,842.49,429.633,1272.12
0.245332,840.044,432.54,1272.58
0.245646,856.565,444.579,1301.14
0.24596,175.565,43.0487,218.613
0.246275,270.057,86.3158,356.372
0.246589,326.33,104.853,431.183
0.246904,383.532,118.059,501.591
0.24722,568.284,276.763,845.047
0.247535,674.423,345.243,1019.67
0.247851,700.027,356.359,1056.39
0.248168,729.398,370.549,1099.95
0.248484,728.93,367.673,1096.6
0.248801,772.977,392.03,1165.01
0.249118,735.949,374.902,1110.85
0.249435,776.661,401.856,1178.52
0.249753,750.207,378.73,1128.94
0.250071,773.263,398.852,1172.12
0.250389,757.869,379.297,1137.17
0.250708,788.471,401.692,1190.16
0.251027,768.675,382.8,1151.47
0.251346,788.932,405.771,1194.7
0.251665,779.852,389.379,1169.23
0.251985,798.031,406.648,1204.68
0.252305,777.835,394.606,1172.44
0.252625,795.644,402.006,1197.65
0.252946,789.854,394.097,1183.95
0.253267,795.549,407.946,1203.5
0.253588,791.859,400.893,1192.75
0.253909,799.84,406.67,1206.51
0.254231,789.101,405.964,1195.07
0.254553,801.653,409.776,1211.43
0.254875,795.303,406.854,1202.16
0.255198,816.697,420.574,1237.27
0.255521,796.195,399.045,1195.24
0.255844,820.283,425.975,1246.26
0.256167,793.864,402.609,1196.47
0.256491,809.53,412.941,1222.47
0.256815,807.624,407.867,1215.49
0.25714,835.769,427.633,1263.4
0.257464,809.528,415.155,1224.68
0.257789,822.881,429.388,1252.27
0.258115,816.741,419.168,1235.91
0.25844,830.006,418.26,1248.27
0.258766,809.055,409.953,1219.01
0.259092,831.697,424.089,1255.79
0.259419,816.246,413.773,1230.02
0.259745,835.702,427.711,1263.41
0.260072,821.105,419.213,1240.32
0.2604,834.995,425.972,1260.97
0.260727,827.707,418.599,1246.31
0.261055,833.636,426.863,1260.5
0.261384,825.853,420.772,1246.62
0.261712,789.373,545.9,1335.27
0.262041,427.719,280.277,707.996
0.26237,546.147,359.705,905.852
0.262699,552.249,322.952,875.2
0.263029,622.301,361.132,983.432
0.263359,641.914,351.808,993.722
0.26369,688.449,385.975,1074.42
0.26402,676.882,367.605,1044.49
0.264351,728.866,394.302,1123.17
0.264682,712.884,374.332,1087.22
0.265014,775.244,413.166,1188.41
0.265346,749.423,384.103,1133.53
0.265678,801.344,419.886,1221.23
0.26601,764.02,390.797,1154.82
0.266343,829.187,430.656,1259.84
0.266676,761.778,393.626,1155.4
0.267009,827.02,430.59,1257.61
0.267343,753.648,386.813,1140.46
0.267677,829.917,431.552,1261.47
0.268011,758.773,384.659,1143.43
0.268346,840.438,438.623,1279.06
0.268681,760.9,390.811,1151.71
0.269016,826.029,425.724,1251.75
0.269351,765.363,392.076,1157.44
0.269687,807.952,419.678,1227.63
0.270023,762.799,389.711,1152.51
0.270359,816.949,426.577,1243.53
0.270696,775.149,396.75,1171.9
0.271033,820.068,423.571,1243.64
0.27137,771.477,405.908,1177.39
0.271708,816.574,426.881,1243.45
0.272046,777.421,401.466,1178.89
0.272384,821.235,427.081,1248.32
0.272723,778.61,403.256,1181.87
0.273062,824.28,423.322,1247.6
0.273401,786.554,403.023,1189.58
0.27374,828.359,425.311,1253.67
0.27408,791.702,404.521,1196.22
0.27442,819.901,417.798,1237.7
0.27476,789.243,406.698,1195.94
0.275101,822.959,423.344,1246.3
0.275442,797.121,402.288,1199.41
0.275783,832.292,427.548,1259.84
0.276125,797.936,403.567,1201.5
0.276467,826.556,423.263,1249.82
0.276809,790.563,401.872,1192.43
0.277152,825.333,425.099,1250.43
0.277495,805.383,409.188,1214.57
0.277838,827.539,423.941,1251.48
0.278181,800.839,409.564,1210.4
0.278525,837.657,426.824,1264.48
0.278869,817.06,411.569,1228.63
0.279214,843.835,421.544,1265.38
0.279558,805.613,409.926,1215.54
0.279903,835.339,422.572,1257.91
0.280249,810.606,406.237,1216.84
0.280594,834.687,431.318,1266.01
0.28094,819.585,410.627,1230.21
0.281287,843.619,417.436,1261.06
0.281633,827.909,415.312,1243.22
0.28198,844.513,430.74,1275.25
0.282328,818.825,417.088,1235.91
0.282675,836.977,425.798,1262.77
0.283023,829.446,416.056,1245.5
0.283371,837.444,422.097,1259.54
0.28372,830.681,415.047,1245.73
0.284069,830.299,417.06,1247.36
0.284418,828.386,410.047,1238.43
0.284767,846.146,425.861,1272.01
0.285117,826.569,418.533,1245.1
0.285467,846.825,424.623,1271.45
0.285818,824.661,415.713,1240.37
0.286168,837.56,420.537,1258.1
0.286519,826.197,409.793,1235.99
0.286871,828.128,416.508,1244.64
0.287222,834.163,415.716,1249.88
0.287574,844.896,424.544,1269.44
0.287927,827.354,413.816,1241.17
0.288279,143.592,34.034,177.626
0.288632,196.075,42.9513,239.027
0.288986,232.543,28.3199,260.862
0.289339,909.863,565.844,1475.71
0.289693,357.611,80.2865,437.897
0.290048,969.826,583.892,1553.72
0.290402,403.065,117.997,521.061
0.290757,1031.41,606.413,1637.82
0.291112,442.85,134.235,577.085
0.291468,1064.42,628.675,1693.09
0.291824,487.569,156.036,643.605
0.29218,1061.69,628.855,1690.54
0.292536,515.777,164.626,680.402
0.292893,1050.75,627.529,1678.28
0.293251,510.524,165.724,676.248
0.293608,1055.37,621.215,1676.59
0.293966,515.97,168.184,684.154
0.294324,1056.38,633.897,1690.28
0.294682,513.693,169.053,682.747
0.295041,1057.09,630.027,1687.12
0.2954,512.793,164.607,677.4
0.29576,1062.48,623.628,1686.11
0.29612,513.701,164.308,678.009
0.29648,1068.56,630.654,1699.21
0.29684,515.546,168.499,684.046
0.297201,1074.56,633.434,1708
0.297562,532.295,169.816,702.11
0.297923,1076.95,635.317,1712.26
0.298285,530.23,166.251,696.481
0.298647,1077.1,634.637,1711.74
0.29901,538.41,172.018,710.428
0.299372,1073.56,633.875,1707.43
0.299735,542.751,175.557,718.309
0.300099,1078.87,635.256,1714.12
0.300463,523.414,170.496,693.911
0.300827,1083.12,645.595,1728.71
0.301191,523.755,169.805,693.56
0.301556,1105.5,643.895,1749.39
0.301921,519.973,164.193,684.165
0.302286,1099.2,651.54,1750.74
0.302652,519.533,161.039,680.572
0.303018,1113,653.236,1766.24
0.303384,523.859,160.242,684.101
0.303751,1112.86,649.132,1761.99
0.304118,530.304,167.051,697.355
0.304485,1108.89,647.823,1756.72
0.304853,528.911,164.985,693.896
0.305221,1107.56,648.052,1755.62
0.30559,530.896,160.072,690.968
0.305958,1104.44,656.416,1760.86
0.306327,522.276,162.529,684.804
0.306697,1107.51,653.143,1760.66
0.307067,540.676,169.239,709.915
0.307437,1103.24,644.431,1747.67
0.307807,534.702,161.836,696.538
0.308178,1113.7,650.974,1764.67
0.308549,532.203,168.314,700.517
0.30892,1113.69,641.73,1755.42
0.309292,539.754,166.481,706.235
0.309664,1101.39,646.249,1747.64
0.310036,536.706,168.115,704.821
0.310409,1109.22,648.763,1757.98
0.310782,538.278,161.517,699.795
0.311156,1110.63,649.93,1760.56
0.31153,532.964,160.386,693.35
0.311904,1106.78,651.076,1757.85
0.312278,539.328,168.168,707.496
0.312653,1107.84,642.353,1750.2
0.313028,529.246,165.262,694.508
0.313404,1109.41,649.45,1758.86
0.313779,543.315,159.79,703.105
0.314155,1105.98,645.068,1751.05
0.314532,530.884,167.863,698.747
0.314909,1113.7,649.935,1763.63
0.315286,536.249,165.439,701.688
0.315664,1107.14,644.319,1751.46
0.316041,540.463,160.541,701.004
0.31642,1104.74,653.949,1758.69
0.316798,542.043,161.495,703.538
0.317177,1110.05,650.502,1760.55
0.317556,538.403,164.757,703.159
0.317936,1097.88,642.447,1740.33
0.318316,542.076,166.852,708.928
0.318696,1105.73,648.788,1754.52
0.319077,539.519,169.64,709.159
0.319458,1103.2,653.248,1756.45
0.319839,546.262,163.099,709.36
0.320221,1106.76,643.896,1750.65
0.320603,541.861,161.559,703.42
0.320985,1102.16,643.211,1745.37
0.321368,543.462,166.435,709.897
0.321751,1094.96,648.388,1743.34
0.322134,548.77,164.471,713.242
0.322518,644.947,426.51,1071.46
0.322902,752.611,491.285,1243.9
0.323287,837.609,524.671,1362.28
0.323672,871.598,543.257,1414.86
0.324057,912.24,561.543,1473.78
0.324442,947.984,563.024,1511.01
0.324828,997.682,589.972,1587.65
0.325214,923.104,506.04,1429.14
0.325601,830.419,440.079,1270.5
0.325988,808.688,400.134,1208.82
0.326375,866.129,464.126,1330.26
0.326763,815.63,408.669,1224.3
0.327151,871.404,465.534,1336.94
0.327539,81.0355,-23.0569,57.9786
0.327928,118.214,-15.9239,102.29
0.328317,149.894,3.19159,153.085
0.328706,193.005,15.8221,208.827
0.329096,239.207,36.9221,276.129
0.329486,427.821,172.141,599.962
0.329876,936.094,568.017,1504.11
0.330267,352.627,88.2835,440.911
0.330658,988.174,608.521,1596.69
0.33105,393.639,105.293,498.932
0.331442,1047.35,626.013,1673.36
0.331834,426.537,122.314,548.85
0.332226,1074.79,629.014,1703.8
0.332619,429.768,124.853,554.621
0.333013,1069.03,619.941,1688.97
0.333406,447.104,129.066,576.17
0.3338,1064.79,619.974,1684.77
0.334195,473.191,139.919,613.111
0.334589,1057.93,611.077,1669.01
0.334984,445.11,129.441,574.551
0.33538,1065.19,629.43,1694.62
0.335776,426.226,117.807,544.033
0.336172,1070.45,633.158,1703.61
0.336568,414.481,114.442,528.923
0.336965,1073.11,632.471,1705.58
0.337362,435.399,121.04,556.439
0.33776,1080.31,637.941,1718.25
0.338158,431.916,119.522,551.438
0.338556,1079.44,631.135,1710.57
0.338955,440.158,120.911,561.069
0.339354,1093.76,644.395,1738.16
0.339753,451.177,132.879,584.055
0.340153,1080.84,625.882,1706.72
0.340553,465.114,131.784,596.897
0.340954,1092.86,638.671,1731.53
0.341355,473.375,136.221,609.597
0.341756,1087.44,636.026,1723.46
0.342158,484.738,138.585,623.323
0.34256,1090.36,642.587,1732.94
0.342962,480.454,136.915,617.368
0.343365,1086.95,634.233,1721.18
0.343768,501.385,149.899,651.284
0.344171,1097.43,650.012,1747.44
0.344575,497.206,143.148,640.354
0.344979,1084.45,623.999,1708.45
0.345384,534.59,165.476,700.066
0.345788,1109.54,645.034,1754.57
0.346194,510.601,153.396,663.997
0.346599,1097.05,628.199,1725.25
0.347005,533.17,169.596,702.766
0.347412,1089.85,628.002,1717.86
0.347818,545.722,171.429,717.151
0.348226,1088.65,618.976,1707.63
0.348633,722.663,472.932,1195.59
0.349041,771.629,495.094,1266.72
0.349449,795.821,494.352,1290.17
0.349858,697.61,420.803,1118.41
0.350267,244.818,13.2795,258.097
0.350676,925.379,548.697,1474.08
0.351086,345.816,62.4808,408.296
0.351496,975.219,568.27,1543.49
0.351906,383.552,67.6465,451.199
0.352317,1017.47,589.538,1607
0.352728,387.695,78.6786,466.374
0.35314,1033.83,600.344,1634.18
0.353552,376.784,73.9329,450.716
0.353964,1053.66,610.675,1664.34
0.354377,411.082,99.3225,510.404
0.35479,1059.18,621.713,1680.89
0.355203,446.668,109.212,555.88
0.355617,1111.75,651.858,1763.61
0.356031,444.829,120.673,565.502
0.356446,1100.93,645.587,1746.52
0.356861,453.46,127.249,580.709
0.357276,1080.46,636.399,1716.86
0.357692,468.308,129.04,597.347
0.358108,1073.68,636.233,1709.92
0.358524,461.057,133.158,594.215
0.358941,1078.44,635.838,1714.27
0.359358,468.638,135.505,604.143
0.359776,1075.36,635.465,1710.83
0.360194,493.582,136.682,630.264
0.360612,1078.08,638.048,1716.13
0.361031,491.577,139.149,630.726
0.36145,1080.13,636.603,1716.73
0.36187,491.698,133.824,625.522
0.36229,1070.79,636.034,1706.83
0.36271,489.726,144.573,634.299
0.36313,1075.71,635.666,1711.38
0.363552,499.431,146.677,646.108
0.363973,1072.98,630.459,1703.43
0.364395,512.352,144.927,657.279
0.364817,1080.79,632.833,1713.62
0.365239,497.429,146.612,644.041
0.365662,1079.66,635.958,1715.61
0.366086,506.538,148.146,654.684
0.366509,1075.31,632.292,1707.6
0.366934,518.85,159.871,678.721
0.367358,1070.53,632.515,1703.05
0.367783,527.216,157.068,684.283
0.368208,1082.23,627.585,1709.81
0.368634,526.823,161.505,688.328
0.36906,1090.91,639.343,1730.26
0.369486,538.855,166.179,705.034
0.369913,1079.58,631.032,1710.62
0.37034,541.916,163.273,705.189
0.370768,1078.92,630.395,1709.31
0.371196,543.57,165.026,708.595
0.371624,1082.17,623.432,1705.61
0.372053,540.017,164.515,704.532
0.372482,1070.74,630.277,1701.01
0.372912,554.521,165.104,719.625
0.373342,1071.67,625.173,1696.84
0.373772,554.526,161.609,716.135
0.374203,1076.53,626.057,1702.59
0.374634,550.487,168.02,718.506
0.375065,1082.82,625.666,1708.48
0.375497,574.67,179.428,754.098
0.375929,1078.48,617.941,1696.42
0.376362,581.664,179.137,760.801
0.376795,1063.66,616.901,1680.56
0.377228,577.931,182.344,760.276
0.377662,1076.77,622.533,1699.3
0.378096,575.604,179.794,755.398
0.378531,1066.14,614.846,1680.99
0.378966,583.161,182.263,765.424
0.379402,1068.39,617.969,1686.36
0.379837,573.297,184.055,757.352
0.380274,1075.93,615.072,1691.01
0.38071,580.956,179.834,760.79
0.381147,1073.4,613.07,1686.47
0.381585,585.043,181.902,766.945
0.382022,1068.95,612.171,1681.12
0.382461,586.432,183.799,770.231
0.382899,1066.71,611.935,1678.65
0.383338,588.712,190.504,779.217
0.383778,1061.02,609.524,1670.54
0.384217,594.039,185.677,779.717
0.384658,1054.55,605.454,1660.01
0.385098,596.577,189.627,786.204
0.385539,1065.53,604.558,1670.09
0.385981,592.68,192.649,785.329
0.386422,1061.51,606.788,1668.29
0.386865,601.308,189.762,791.07
0.387307,1071.04,602.263,1673.3
0.38775,603.382,198.093,801.475
0.388194,1051.67,601.026,1652.7
0.388637,756.892,499.604,1256.5
0.389082,783.769,501.758,1285.53
0.389526,793.538,498.124,1291.66
0.389971,780.102,473.096,1253.2
0.390417,683.01,377.948,1060.96
0.390863,504.533,217.343,721.875
0.391309,558.031,243.371,801.402
0.391755,550.213,223.05,773.262
0.392203,602.294,262.17,864.464
0.39265,581.726,236.074,817.799
0.393098,689.854,312.984,1002.84
0.393546,650.569,276.758,927.327
0.393995,792.942,383.746,1176.69
0.394444,612.465,253.832,866.296
0.394893,868.111,465.92,1334.03
0.395343,633.596,265.758,899.353
0.395794,799.706,409.881,1209.59
0.396244,663.05,285.012,948.062
0.396695,816.11,417.008,1233.12
0.397147,684.586,299.103,983.689
0.397599,828.757,427.316,1256.07
0.398051,709.6,305.27,1014.87
0.398504,820.107,409.61,1229.72
0.398957,733.7,315.506,1049.21
0.399411,835.902,421.377,1257.28
0.399865,735.566,322.482,1058.05
0.400319,821.242,409.158,1230.4
0.400774,759.473,336.773,1096.25
0.401229,808.114,410.714,1218.83
0.401685,754.421,331.925,1086.35
0.402141,807.618,393.244,1200.86
0.402598,780.333,353.727,1134.06
0.403055,829.806,405.986,1235.79
0.403512,772.387,343.902,1116.29
0.40397,832.974,410.23,1243.2
0.404428,773.569,356.008,1129.58
0.404886,827.844,408.613,1236.46
0.405345,793.006,357.508,1150.51
0.405805,817.979,397.45,1215.43
0.406265,802.48,364.613,1167.09
0.406725,829.829,404.111,1233.94
0.407185,786.701,366.469,1153.17
0.407646,815.427,387.837,1203.26
0.408108,810.249,375.905,1186.15
0.40857,806.561,384.851,1191.41
0.409032,824.713,391.093,1215.81
0.409495,775.896,355.287,1131.18
0.409958,857.736,418.612,1276.35
0.410422,755.577,344.757,1100.33
0.410886,890.157,452.843,1343
0.41135,745.984,321.301,1067.28
0.411815,907.712,456.529,1364.24
0.41228,721.2,296.672,1017.87
0.412746,949.246,501.597,1450.84
0.413212,700.213,286.805,987.018
0.413679,940.053,488.59,1428.64
0.414146,715.24,296.521,1011.76
0.414613,931.639,490.938,1422.58
0.415081,711.465,299.842,1011.31
0.415549,935.749,493.445,1429.19
0.416018,711.423,296.748,1008.17
0.416487,939.73,488.748,1428.48
0.416957,715.314,290.708,1006.02
0.417427,933.523,486.142,1419.66
0.417897,710.742,296.996,1007.74
0.418368,938.069,486.648,1424.72
0.418839,730.524,303.361,1033.88
0.419311,927.322,484.319,1411.64
0.419783,722.313,303.774,1026.09
0.420255,940.69,487.636,1428.33
0.420728,706.727,292.859,999.586
0.421202,928.37,482.121,1410.49
0.421675,734.847,312.919,1047.77
0.42215,921.428,479.242,1400.67
0.422624,726.282,300.54,1026.82
0.4231,927.558,491.427,1418.98
0.423575,726.358,299.942,1026.3
0.424051,929.15,471.553,1400.7
0.424527,733.421,310.704,1044.13
0.425004,925.389,477.557,1402.95
0.425482,728.558,305.182,1033.74
0.425959,942.203,480.492,1422.7
0.426437,729.425,305.302,1034.73
0.426916,915.302,473.644,1388.95
0.427395,723.604,306.03,1029.63
0.427874,916.356,472.636,1388.99
0.428354,726.541,314.861,1041.4
0.428835,936.454,484.712,1421.17
0.429315,721.304,305.937,1027.24
0.429797,919.639,472.51,1392.15
0.430278,743.861,327.528,1071.39
0.43076,923.169,481.718,1404.89
0.431243,721.892,302.299,1024.19
0.431726,927.34,480.645,1407.98
0.432209,732.996,313.816,1046.81
0.432693,924.231,476.378,1400.61
0.433177,724.005,306.88,1030.89
0.433662,918.187,478.939,1397.13
0.434147,747.801,319.938,1067.74
0.434633,927.252,480.09,1407.34
0.435119,733.255,312.714,1045.97
0.435605,934.909,493.977,1428.89
0.436092,720.471,301.219,1021.69
0.436579,924.686,477.759,1402.44
0.437067,738.822,316.032,1054.85
0.437556,914.864,464.606,1379.47
0.438044,725.005,319.08,1044.09
0.438533,919.083,480.114,1399.2
0.439023,718.019,307.762,1025.78
0.439513,929.976,474.536,1404.51
0.440003,261.978,117.3,379.278
0.440494,318.89,145.19,464.08
0.440986,373.458,171.277,544.735
0.441477,423.85,195.755,619.605
0.44197,532.63,256.874,789.504
0.442462,573.244,263.931,837.175
0.442956,736.859,394.425,1131.28
0.443449,559.7,222.099,781.8
0.443943,848.304,470.791,1319.1
0.444438,578.765,224.935,803.7
0.444933,861.871,470.156,1332.03
0.445428,605.284,237.441,842.725
0.445924,857.224,458.637,1315.86
0.44642,623.701,244.966,868.667
0.446917,876.334,465.541,1341.87
0.447414,649.049,261.478,910.527
0.447912,872.112,469.769,1341.88
0.44841,660.664,272.189,932.853
0.448908,871.416,461.348,1332.76
0.449407,671.492,286.151,957.644
0.449907,873.615,460.736,1334.35
0.450407,685.549,288.676,974.224
0.450907,876.206,461.19,1337.4
0.451408,689.025,295.901,984.926
0.451909,868.807,443.174,1311.98
0.452411,695.303,298.082,993.385
0.452913,875.967,454.966,1330.93
0.453416,708.174,314.615,1022.79
0.453919,852.071,436.947,1289.02
0.454423,721.869,325.624,1047.49
0.454927,866.976,439.708,1306.68
0.455431,718.967,322.692,1041.66
0.455936,855.985,430.303,1286.29
0.456441,718.841,320.128,1038.97
0.456947,861.306,438.408,1299.71
0.457454,721.469,323.287,1044.76
0.45796,860.708,432.817,1293.53
0.458468,727.131,330.21,1057.34
0.458975,851.623,434.947,1286.57
0.459483,719.269,327.097,1046.37
0.459992,845.937,422.345,1268.28
0.460501,731.496,336.719,1068.22
0.461011,855.362,428.357,1283.72
0.461521,742.2,330.247,1072.45
0.462031,849.063,428.347,1277.41
0.462542,742.628,349.517,1092.14
0.463053,844.92,425.587,1270.51
0.463565,739.841,349.998,1089.84
0.464078,842.582,417.176,1259.76
0.46459,751.413,347.546,1098.96
0.465104,855.307,424.965,1280.27
0.465617,746.819,345.691,1092.51
0.466132,854.527,425.043,1279.57
0.466646,763.15,360.575,1123.73
0.467161,863.087,426.772,1289.86
0.467677,783.19,366.212,1149.4
0.468193,836.104,406.693,1242.8
0.46871,794.729,372.636,1167.36
0.469227,857.2,416.016,1273.22
0.469744,794.211,370.353,1164.56
0.470262,849.521,408.782,1258.3
0.470781,797.417,372.011,1169.43
0.471299,856.767,404.139,1260.91
0.471819,798.495,381.019,1179.51
0.472339,847.51,405.244,1252.75
0.472859,803.058,383.535,1186.59
0.47338,838.461,396.114,1234.58
0.473901,808.306,377.283,1185.59
0.474423,847.892,403.621,1251.51
0.474945,801.083,381.613,1182.7
0.475468,846.916,400.4,1247.32
0.475991,803.422,375.046,1178.47
0.476514,831.008,400.648,1231.66
0.477038,804.302,379.365,1183.67
0.477563,838.45,399.644,1238.09
0.478088,819.415,381.599,1201.01
0.478614,848.624,407.241,1255.86
0.47914,815.58,389.186,1204.77
0.479666,842.614,405.725,1248.34
0.480193,813.78,392.18,1205.96
0.480721,843.176,408.809,1251.99
0.481248,805.523,372.265,1177.79
0.481777,844.368,410.186,1254.55
0.482306,799.797,379.728,1179.53
0.482835,838.18,396.41,1234.59
0.483365,803.903,383.618,1187.52
0.483895,831.314,397.677,1228.99
0.484426,816.617,389.394,1206.01
0.484957,836.071,397.737,1233.81
0.485489,803.093,374.246,1177.34
0.486021,864.713,420.046,1284.76
0.486554,780.686,356.62,1137.31
0.487087,859.394,410.843,1270.24
0.487621,788.604,365.653,1154.26
0.488155,845.324,407.487,1252.81
0.48869,806.7,377.461,1184.16
0.489225,835.599,405.419,1241.02
0.489761,806.725,375.672,1182.4
0.490297,838.857,408.11,1246.97
0.490834,803.635,378.862,1182.5
0.491371,851.094,408.089,1259.18
0.491908,801.035,373.53,1174.56
0.492447,853.786,405.671,1259.46
0.492985,781.656,361.979,1143.63
0.493524,843.791,409.546,1253.34
0.494064,777.081,356.219,1133.3
0.494604,851.938,413.59,1265.53
0.495144,793.994,368.085,1162.08
0.495685,837.326,400.864,1238.19
0.496227,793.908,362.116,1156.02
0.496769,817.945,387.571,1205.52
0.497311,819.308,381.229,1200.54
0.497854,836.791,398.434,1235.22
0.498398,792.184,364.839,1157.02
0.498942,846.211,403.411,1249.62
0.499486,784.374,364.641,1149.02
0.500031,840.071,402.677,1242.75
0.500577,771.796,359.297,1131.09
0.501123,836.226,408.623,1244.85
0.501669,771.782,352.954,1124.74
0.502216,830.684,393.33,1224.01
0.502764,807.925,376.024,1183.95
0.503312,824.59,392.416,1217.01
0.50386,781.249,364.959,1146.21
0.504409,821.042,389.735,1210.78
0.504959,784.699,359.914,1144.61
0.505509,828.038,392.537,1220.58
0.506059,779.486,358.744,1138.23
0.50661,822.066,395.039,1217.11
0.507162,770.3,356.412,1126.71
0.507714,820.082,391.128,1211.21
0.508266,780.568,367.135,1147.7
0.508819,813.974,383.191,1197.16
0.509372,771.764,355.783,1127.55
0.509926,807.41,380.825,1188.23
0.510481,389.443,229.435,618.878
0.511036,495.845,301.346,797.191
0.511591,594.846,358.529,953.375
0.512147,645.766,356.585,1002.35
0.512704,682.375,371.979,1054.35
0.513261,719.352,378.187,1097.54
0.513818,737.225,381.273,1118.5
0.514376,741.62,379.277,1120.9
0.514935,776.147,394.524,1170.67
0.515494,767.153,373.168,1140.32
0.516053,780.393,385.686,1166.08
0.516614,766.974,369.081,1136.05
0.517174,790.325,395.675,1186
0.517735,758.56,362.664,1121.22
0.518297,779.244,382.255,1161.5
0.518859,754.927,348.217,1103.14
0.519421,784.519,391.363,1175.88
0.519985,757.121,352.92,1110.04
0.520548,777.982,387.095,1165.08
0.521112,742.348,350.278,1092.63
0.521677,778.074,381.233,1159.31
0.522242,756.824,349.615,1106.44
0.522808,779.998,374.285,1154.28
0.523374,752.868,350.772,1103.64
0.523941,774.841,374.273,1149.11
0.524508,744.275,344.906,1089.18
0.525076,787.245,381.142,1168.39
0.525644,757.087,349.191,1106.28
0.526213,795.979,377.119,1173.1
0.526782,778.634,347.9,1126.53
0.527352,786.392,376.588,1162.98
0.527922,784.368,367.234,1151.6
0.528493,792.219,371.867,1164.09
0.529064,767.862,357.475,1125.34
0.529636,788.867,371.446,1160.31
0.530208,792.55,359.551,1152.1
0.530781,802.717,375.621,1178.34
0.531355,777.303,359.936,1137.24
0.531929,801.137,376.148,1177.28
0.532503,788.618,366.79,1155.41
0.533078,803.182,382.917,1186.1
0.533654,790.401,361.498,1151.9
0.53423,802.459,372.64,1175.1
0.534806,798.212,372.679,1170.89
0.535384,803.949,369.626,1173.58
0.535961,800.635,369.866,1170.5
0.536539,794.788,375.769,1170.56
0.537118,806.998,374.318,1181.32
0.537697,795.467,374.785,1170.25
0.538277,799.069,365.699,1164.77
0.538857,798.019,371.218,1169.24
0.539438,789.721,362.641,1152.36
0.540019,804.344,375.731,1180.07
0.540601,802.607,371.292,1173.9
0.541183,792.678,368.273,1160.95
0.541766,794.146,362.695,1156.84
0.54235,783.556,363.579,1147.13
0.542934,785.186,360.349,1145.53
0.543518,794.652,366.717,1161.37
0.544103,794.424,363.806,1158.23
0.544689,791.189,370.017,1161.21
0.545275,789.455,363.682,1153.14
0.545861,803.504,369.098,1172.6
0.546449,789.331,354.093,1143.42
0.547036,793.307,357.954,1151.26
0.547624,812.905,373.812,1186.72
0.548213,798.888,371.322,1170.21
0.548803,801.667,356.432,1158.1
0.549392,797.398,361.368,1158.77
0.549983,814.198,374.381,1188.58
0.550574,795.487,363.663,1159.15
0.551165,795.537,369.98,1165.52
0.551757,796.053,366.647,1162.7
0.552349,795.606,359.378,1154.98
0.552943,775.763,359.719,1135.48
0.553536,791.305,358.083,1149.39
0.55413,777.971,357.393,1135.36
0.554725,794.846,358.608,1153.45
0.55532,775.942,347.584,1123.53
0.555916,787.403,362.509,1149.91
0.556512,769.099,346.212,1115.31
0.557109,780.378,359.387,1139.77
0.557706,775.887,358.022,1133.91
0.558304,775.81,354.272,1130.08
0.558903,771.24,354.275,1125.52
0.559502,773.713,355.243,1128.96
0.560101,773.532,349.991,1123.52
0.560701,780.709,355.903,1136.61
0.561302,777.731,358.161,1135.89
0.561903,759.951,345.324,1105.28
0.562505,779.883,349.6,1129.48
0.563107,777.004,356.227,1133.23
0.56371,764.714,353.387,1118.1
0.564313,778.421,357.757,1136.18
0.564917,761.824,340.308,1102.13
0.565522,778.131,353.537,1131.67
0.566127,759.915,345.908,1105.82
0.566732,770.061,345.199,1115.26
0.567338,769.725,350.826,1120.55
0.567945,778.568,357.393,1135.96
0.568552,754.327,341.855,1096.18
0.56916,777.119,352.449,1129.57
0.569768,756.463,342.866,1099.33
0.570377,760.863,344.788,1105.65
0.570987,760.84,346.926,1107.77
0.571597,782.703,363.5,1146.2
0.572207,758.397,347.606,1106
0.572818,783.293,348.65,1131.94
0.57343,750.402,342.398,1092.8
0.574042,771.356,348.387,1119.74
0.574655,770.7,348.717,1119.42
0.575268,770.141,351.478,1121.62
0.575882,745.737,334.657,1080.39
0.576497,773.512,356.303,1129.82
0.577112,745.936,340.954,1086.89
0.577727,776.652,353.807,1130.46
0.578343,742.079,336.738,1078.82
0.57896,762.83,345.734,1108.56
0.579577,745.329,336.469,1081.8
0.580195,776.509,352.515,1129.02
0.580813,749.675,337.208,1086.88
0.581432,771.262,359.474,1130.74
0.582052,744.012,335.597,1079.61
0.582672,765.196,355.009,1120.2
0.583292,753.228,347.973,1101.2
0.583914,774.591,349.838,1124.43
0.584535,751.172,339.174,1090.35
0.585158,768.803,349.627,1118.43
0.585781,749.747,343.928,1093.67
0.586404,758.049,347.351,1105.4
0.587028,762.986,348.208,1111.19
0.587653,771.157,354.752,1125.91
0.588278,740.988,333.301,1074.29
0.588903,769.479,354.372,1123.85
0.58953,750.262,342.322,1092.58
0.590157,760.959,344.599,1105.56
0.590784,742.576,338.815,1081.39
0.591412,762.997,346.431,1109.43
0.592041,753.738,347.03,1100.77
0.59267,767.158,350.453,1117.61
0.593299,737.561,343.532,1081.09
0.59393,762.216,349.215,1111.43
0.59456,733.75,336.927,1070.68
0.595192,763.738,350.357,1114.1
0.595824,747.122,348.075,1095.2
0.596456,760.761,350.137,1110.9
0.59709,745.408,340.189,1085.6
0.597723,757.036,350.654,1107.69
0.598358,732.375,335.017,1067.39
0.598992,764.244,354.442,1118.69
0.599628,744.783,340.525,1085.31
0.600264,762.445,353.771,1116.22
0.600901,736.774,335.023,1071.8
0.601538,753.713,345.634,1099.35
0.602175,753.035,347.674,1100.71
0.602814,767.019,353.969,1120.99
0.603453,733.809,325.61,1059.42
0.604092,768.331,355.744,1124.07
0.604732,738.972,334.008,1072.98
0.605373,760.931,351.964,1112.9
0.606014,736.21,337.198,1073.41
0.606656,762.047,354.551,1116.6
0.607298,752.677,341.304,1093.98
0.607941,761.92,346.672,1108.59
0.608585,740.616,344.409,1085.03
0.609229,761.866,352.246,1114.11
0.609874,745.372,347.627,1093
0.610519,765.027,357.166,1122.19
0.611165,751.717,342.892,1094.61
0.611812,749.597,342.701,1092.3
0.612459,117.02,33.358,150.378
0.613107,201.508,93.8867,295.395
0.613755,316.923,167.737,484.66
0.614404,401.743,222.954,624.697
0.615053,450.763,246.615,697.379
0.615703,530.618,282.499,813.117
0.616354,581.437,304.927,886.363
0.617005,603.26,293.559,896.818
0.617657,659.463,334.108,993.571
0.618309,662.329,312.38,974.709
0.618962,685.284,327.274,1012.56
0.619616,687.23,314.97,1002.2
0.62027,698.884,337.867,1036.75
0.620925,700.675,326.904,1027.58
0.62158,721.808,345.816,1067.62
0.622236,714.341,331.806,1046.15
0.622893,719.646,340.899,1060.54
0.62355,706.503,324.603,1031.11
0.624208,722.041,341.171,1063.21
0.624866,703.161,317.99,1021.15
0.625525,739.664,357.88,1097.54
0.626185,719.945,327.625,1047.57
0.626845,736.935,347.647,1084.58
0.627506,729.221,338.518,1067.74
0.628167,748.189,350.829,1099.02
0.628829,723.142,326.672,1049.81
0.629492,739.361,348.638,1088
0.630155,735.59,333.601,1069.19
0.630819,745.365,351.227,1096.59
0.631483,738.726,333.815,1072.54
0.632148,745.929,349.683,1095.61
0.632813,759.336,349.599,1108.93
0.63348,741.367,344.063,1085.43
0.634146,751.921,345.693,1097.61
0.634814,756.849,355.859,1112.71
0.635482,756.629,347.191,1103.82
0.636151,754.133,350.911,1105.04
0.63682,746.739,342.376,1089.12
0.63749,760.874,362.56,1123.43
0.63816,747.677,343.038,1090.71
0.638831,748.334,353.651,1101.98
0.639503,753.035,339.501,1092.54
0.640175,766.835,362.638,1129.47
0.640848,753.492,347.164,1100.66
0.641521,761.907,357.069,1118.98
0.642196,754.019,351.175,1105.19
0.64287,758.293,355.313,1113.61
0.643546,763.541,348.813,1112.35
0.644222,764.256,363.297,1127.55
0.644898,756.118,347.445,1103.56
0.645575,753.653,358.545,1112.2
0.646253,749.25,344.015,1093.26
0.646931,753.922,352.562,1106.48
0.647611,750.727,342.56,1093.29
0.64829,758.81,361.135,1119.94
0.64897,759.381,349.283,1108.66
0.649651,755.662,360.668,1116.33
0.650333,754.132,353.711,1107.84
0.651015,754.133,357.755,1111.89
0.651698,751.039,350.474,1101.51
0.652381,749.223,355.513,1104.74
0.653065,756.082,349.878,1105.96
0.65375,750.088,354.222,1104.31
0.654435,754.492,344.335,1098.83
0.655121,746.009,342.193,1088.2
0.655807,741.523,339.439,1080.96
0.656494,755.82,355.225,1111.04
0.657182,740.807,340.533,1081.34
0.65787,747.852,349.883,1097.73
0.658559,738.982,336.625,1075.61
0.659249,751.117,354.711,1105.83
0.659939,741.564,336.906,1078.47
0.66063,748.06,350.631,1098.69
0.661321,731.116,334.296,1065.41
0.662014,745.057,354.344,1099.4
0.662706,741.843,340.878,1082.72
0.6634,736.232,347.669,1083.9
0.664094,719.662,333.625,1053.29
0.664788,735.911,348.297,1084.21
0.665484,728.396,334.144,1062.54
0.666179,720.377,337.737,1058.11
0.666876,714.841,332.413,1047.25
0.667573,737.514,352.705,1090.22
0.668271,726.376,335.33,1061.71
0.668969,718.42,335.833,1054.25
0.669668,718.52,328.558,1047.08
0.670368,721.897,341.237,1063.13
0.671068,714.341,327.973,1042.31
0.671769,715.497,340.456,1055.95
0.672471,704.022,325.092,1029.11
0.673173,715.773,344.329,1060.1
0.673876,702.405,320.54,1022.95
0.67458,708.508,331.519,1040.03
0.675284,714.045,328.845,1042.89
0.675989,721.358,334.265,1055.62
0.676694,705.576,322.807,1028.38
0.6774,708.709,342,1050.71
0.678107,706.892,318.826,1025.72
0.678814,704.314,333.253,1037.57
0.679522,709.191,327.457,1036.65
0.680231,716.506,332.677,1049.18
0.68094,709.562,322.479,1032.04
0.68165,716.143,335.779,1051.92
0.682361,715.826,331.096,1046.92
0.683072,717.86,338.9,1056.76
0.683784,714.337,323.804,1038.14
0.684496,711.111,338.166,1049.28
0.68521,719.466,328.614,1048.08
0.685923,716.5,334.824,1051.32
0.686638,714.455,328.206,1042.66
0.687353,721.957,338.015,1059.97
0.688069,716.665,326.046,1042.71
0.688785,712.987,332.966,1045.95
0.689502,714.737,326.399,1041.14
0.69022,707.363,336.123,1043.49
0.690938,719.465,327.851,1047.32
0.691657,720.482,329.57,1050.05
0.692377,703.589,321.223,1024.81
0.693098,715.032,337.637,1052.67
0.693819,707.741,327.326,1035.07
0.69454,711.141,340.105,1051.25
0.695262,717.518,323.504,1041.02
0.695985,713.971,336.5,1050.47
0.696709,697.1,317.615,1014.71
0.697433,712.572,331.558,1044.13
0.698158,704.194,322.868,1027.06
0.698884,707.099,333.976,1041.07
0.69961,719.928,327.453,1047.38
0.700337,721.552,332.722,1054.27
0.701065,705.759,318.845,1024.6
0.701793,711.73,329.961,1041.69
0.702522,706.989,321.632,1028.62
0.703251,715.535,329.936,1045.47
0.703982,711.963,325.582,1037.55
0.704712,717.607,332.523,1050.13
0.705444,706.515,315.71,1022.22
0.706176,713.694,332.477,1046.17
0.706909,705.179,326.392,1031.57
0.707643,721.38,342.514,1063.89
0.708377,704.646,329.232,1033.88
0.709112,715.208,327.711,1042.92
0.709847,712.662,322.974,1035.64
0.710584,708.629,329.625,1038.25
0.71132,706.042,316.868,1022.91
0.712058,726.504,343.206,1069.71
0.712796,710.541,324.794,1035.34
0.713535,714.789,332.636,1047.42
0.714275,714.779,325.508,1040.29
0.715015,705.349,327.661,1033.01
0.715756,697.512,311.619,1009.13
0.716498,719.711,332.689,1052.4
0.71724,705.308,321.803,1027.11
0.717983,708.138,330.382,1038.52
0.718726,699.87,316.093,1015.96
0.719471,699.493,324.62,1024.11
0.720216,714.818,327.911,1042.73
0.720961,708.52,334.885,1043.4
0.721708,703.61,316.443,1020.05
0.722455,698.566,323.249,1021.81
0.723202,697.854,312.023,1009.88
0.723951,692.016,321.504,1013.52
0.7247,693.618,318.672,1012.29
0.725449,693.212,320.949,1014.16
0.7262,704.107,314.625,1018.73
0.726951,691.789,324.166,1015.95
0.727703,683.742,311.312,995.053
0.728455,695.39,324.396,1019.79
0.729208,688.011,308.425,996.436
0.729962,699.097,324.22,1023.32
0.730717,695.381,314.383,1009.76
0.731472,694.142,321.963,1016.1
0.732228,693.009,308.76,1001.77
0.732984,689.847,317.206,1007.05
0.733742,687.89,311.865,999.755
0.7345,691.026,325.439,1016.47
0.735258,686.577,312.05,998.626
0.736017,684.503,320.592,1005.1
0.736777,678.414,313.113,991.527
0.737538,684.117,321.69,1005.81
0.7383,680.593,309.697,990.29
0.739062,688.56,323.061,1011.62
0.739824,679.508,303.525,983.033
0.740588,687.258,323.388,1010.65
0.741352,679.24,308.957,988.197
0.742117,681.029,319.907,1000.94
0.742883,677.296,312.807,990.103
0.743649,685.522,321.642,1007.16
0.744416,679.849,310.043,989.892
0.745183,692.776,323.464,1016.24
0.745952,672.553,310.804,983.358
0.746721,682.108,317.004,999.112
0.747491,670.466,308.884,979.35
0.748261,672.483,313.736,986.219
0.749032,673.813,306.81,980.623
0.749804,690.927,325.247,1016.17
0.750577,672.318,309.393,981.711
0.75135,676.134,315.366,991.5
0.752124,669.214,301.671,970.885
0.752898,675.148,310.928,986.076
0.753674,672.368,300.531,972.899
0.75445,692.04,324.694,1016.73
0.755227,665.881,301.956,967.837
0.756004,669.399,319.42,988.819
0.756782,668.346,299.078,967.425
0.757561,684.707,322.133,1006.84
0.758341,672.891,307.958,980.85
0.759121,674.363,307.129,981.492
0.759902,665.623,306.156,971.779
0.760684,680.423,319.648,1000.07
0.761466,657.964,307.862,965.826
0.762249,675.613,317.066,992.679
0.763033,656.809,298.525,955.334
0.763818,673.249,318.111,991.36
0.764603,658.076,302.054,960.13
0.765389,674.677,327.114,1001.79
0.766176,662.587,303.921,966.508
0.766963,670.095,314.392,984.487
0.767751,657.698,297.593,955.292
0.76854,659.781,310.028,969.808
0.76933,668.457,309.984,978.442
0.77012,664.802,316.398,981.199
0.770911,656.171,300.352,956.523
0.771703,280.591,159.03,439.621
0.772495,342.507,190.272,532.779
0.773289,398.722,226.725,625.447
0.774082,420.553,222.443,642.996
0.774877,455.058,251.745,706.802
0.775672,463.358,233.324,696.682
0.776469,518.381,275.674,794.056
0.777265,506.686,247.247,753.933
0.778063,562.897,286.257,849.154
0.778861,543.17,261.281,804.451
0.77966,597.532,292.253,889.785
0.78046,563.331,261.936,825.267
0.78126,616.919,303.384,920.304
0.782061,585.272,272.524,857.796
0.782863,639.899,313.171,953.07
0.783666,576.777,264.267,841.044
0.784469,650.139,311.252,961.392
0.785273,597.492,268.996,866.488
0.786078,640.706,305.593,946.299
0.786883,619.854,284.942,904.796
0.78769,651.992,312.185,964.177
0.788497,621.076,282.32,903.396
0.789304,650.152,311.576,961.727
0.790113,631.972,289.433,921.404
0.790922,659.77,312.726,972.496
0.791732,630.784,284.156,914.94
0.792543,655.178,312.531,967.71
0.793354,632.746,287.246,919.992
0.794166,665.552,317.849,983.401
0.794979,626.336,283.567,909.903
0.795793,667.169,317.458,984.627
0.796607,620.012,280.21,900.223
0.797422,670.975,323.972,994.947
0.798238,634.232,286.148,920.38
0.799055,675.077,318.612,993.689
0.799872,628.069,281.253,909.322
0.80069,675.077,322.975,998.052
0.801509,635.32,288.982,924.302
0.802328,668.594,317.502,986.095
0.803149,632.944,284.214,917.158
0.80397,675.337,318.868,994.205
0.804791,637.08,282.205,919.285
0.805614,671.161,317.896,989.057
0.806437,635.727,286.487,922.214
0.807261,673.143,321.115,994.257
0.808086,643.116,288.939,932.055
0.808912,675.115,320.721,995.836
0.809738,636.717,284.031,920.748
0.810565,677.577,321.329,998.905
0.811393,643.079,289.433,932.512
0.812221,678.981,322.93,1001.91
0.813051,643.007,290.256,933.263
0.813881,680.431,319.725,1000.16
0.814711,634.101,280.984,915.084
0.815543,674.263,319.139,993.402
0.816375,641.66,287.086,928.746
0.817208,669.409,321.133,990.543
0.818042,642.395,288.46,930.855
0.818877,674.51,318.21,992.72
0.819712,643.165,287.853,931.018
0.820548,678.912,320.134,999.046
0.821385,647.512,288.571,936.083
0.822223,676.329,319.322,995.651
0.823061,644.378,287.561,931.939
0.8239,675.279,319.812,995.091
0.82474,655.939,289.955,945.894
0.825581,679.665,316.514,996.179
0.826422,655.306,290.82,946.126
0.827264,680.635,328.47,1009.11
0.828107,649.791,289.949,939.74
0.828951,685.307,320.092,1005.4
0.829796,648.511,295.089,943.6
0.830641,694.933,327.874,1022.81
0.831487,642.809,282.928,925.737
0.832334,682.64,323.575,1006.22
0.833181,653.961,287.823,941.784
0.83403,687.297,321.738,1009.04
0.834879,639.523,285.924,925.447
0.835729,687.137,321.678,1008.81
0.836579,662.816,295.393,958.21
0.837431,682.534,322.73,1005.26
0.838283,653.512,290.931,944.443
0.839136,682.592,319.329,1001.92
0.83999,646.316,291.056,937.372
0.840844,681.242,324.504,1005.75
0.8417,647.419,290.899,938.318
0.842556,677.063,318.374,995.436
0.843413,651.933,287.28,939.213
0.84427,677.968,319.242,997.21
0.845129,653.312,287.92,941.232
0.845988,671.223,318.278,989.502
0.846848,645.845,291.367,937.212
0.847709,677.497,320.374,997.871
0.84857,641.834,285.005,926.839
0.849432,680.4,320.266,1000.67
0.850296,645.41,287.576,932.986
0.85116,669.911,315.706,985.617
0.852024,649.565,287.1,936.665
0.85289,679.8,323.076,1002.88
0.853756,643.47,283.571,927.041
0.854623,675.204,319.715,994.918
0.855491,653.752,291.108,944.86
0.856359,683.568,322.561,1006.13
0.857229,646.143,288.514,934.656
0.858099,686.077,318.894,1004.97
0.85897,643.591,285.867,929.459
0.859842,694.604,326.576,1021.18
0.860714,653.133,287.155,940.289
0.861588,694.958,328.272,1023.23
0.862462,663.187,295.18,958.367
0.863337,698.785,322.391,1021.18
0.864213,653.372,284.81,938.181
0.865089,691.343,324.035,1015.38
0.865967,650.591,285.254,935.846
0.866845,683.706,320.9,1004.61
0.867724,645.083,287.592,932.676
0.868604,688.272,321.131,1009.4
0.869484,653.629,293.388,947.017
0.870365,677.767,320.836,998.603
0.871248,635.334,280.422,915.756
0.872131,685.927,324.38,1010.31
0.873014,630.863,276.703,907.566
0.873899,678.371,321.175,999.546
0.874784,628.994,277.425,906.42
0.87567,676.699,324.499,1001.2
0.876557,623.452,283.398,906.85
0.877445,668.329,311.682,980.011
0.878334,620.875,276.733,897.608
0.879223,669.151,313.208,982.359
0.880113,625.301,284.951,910.252
0.881004,671.651,319.247,990.897
0.881896,626.474,278.313,904.787
0.882789,670.426,316.29,986.716
0.883682,619.748,279.412,899.16
0.884576,666.368,312.353,978.722
0.885472,623.344,279.219,902.563
0.886367,664.332,314.644,978.977
0.887264,618.687,279.04,897.726
0.888162,646.595,309.672,956.267
0.88906,614.575,274.129,888.704
0.889959,658.885,308.292,967.177
0.890859,616.886,278.829,895.716
0.89176,650.22,313.918,964.138
0.892661,606.366,274.104,880.47
0.893564,650.609,310.855,961.463
0.894467,600.4,269.772,870.172
0.895371,645.237,308.563,953.8
0.896276,601.515,271.102,872.617
0.897182,638.946,305.766,944.712
0.898088,587.503,260.202,847.705
0.898996,637.166,305.334,942.499
0.899904,595.069,269.186,864.254
0.900813,625.432,301.502,926.934
0.901723,580.098,260.722,840.82
0.902633,621.075,299.438,920.513
0.903545,582.824,264.387,847.21
0.904457,625.983,297.621,923.604
0.90537,578.188,261.233,839.421
0.906284,612.512,287.164,899.676
0.907199,576.977,260.967,837.943
0.908115,617.087,294.103,911.19
0.909031,562.278,251.689,813.967
0.909948,618.176,295.232,913.408
0.910867,570.329,256.06,826.389
0.911786,604.258,285.495,889.753
0.912705,560.994,254.274,815.268
0.913626,616.494,297.329,913.823
0.914547,558.924,253.941,812.865
0.91547,603.157,290.033,893.19
0.916393,552.395,250.54,802.934
0.917317,608.464,289.345,897.809
0.918242,560.06,254.452,814.512
0.919167,595.215,288.423,883.638
0.920094,561.369,256.352,817.722
0.921021,593.216,284.368,877.583
0.921949,556.995,251.627,808.622
0.922879,588.852,282.429,871.281
0.923808,556.918,254.042,810.96
0.924739,597.302,287.22,884.521
0.925671,561.14,253.634,814.774
0.926603,602.935,288.311,891.246
0.927536,559.187,249.371,808.558
0.928471,594.056,287.479,881.535
0.929406,564.915,255.348,820.263
0.930341,610.478,296.785,907.263
0.931278,555.673,246.699,802.372
0.932216,615.885,296.862,912.747
0.933154,574.087,257.39,831.477
0.934093,611.135,290.75,901.885
0.935033,561.739,255.205,816.944
0.935974,629.347,303.589,932.937
0.936916,581.234,256.519,837.753
0.937859,615.956,293.189,909.145
0.938802,579.387,256.029,835.416
0.939747,629.017,303.654,932.671
0.940692,579.273,260.6,839.873
0.941638,624.732,298.94,923.673
0.942585,579.989,255.678,835.667
0.943533,628.929,302.231,931.16
0.944481,581.81,257.087,838.897
0.945431,621.012,298.494,919.506
0.946381,593.626,264.188,857.814
0.947332,623.316,299.174,922.49
0.948285,600.581,267.135,867.716
0.949238,635.689,302.022,937.711
0.950191,592.583,262.009,854.592
0.951146,657.027,315.953,972.98
0.952102,589.92,261.798,851.718
0.953058,650.918,310.489,961.407
0.954015,605.606,261.746,867.352
0.954974,642.798,307.15,949.948
0.955933,599.413,266.743,866.156
0.956893,640.031,310.978,951.009
0.957853,606.582,271.703,878.286
0.958815,650.607,314.216,964.823
0.959778,605.272,273.596,878.868
0.960741,655.916,309.466,965.382
0.961705,609.405,276.668,886.073
0.962671,650.327,310.131,960.458
0.963637,612.336,274.19,886.526
0.964604,650.342,311.172,961.515
0.965571,608.68,266.408,875.088
0.96654,652.574,314.009,966.583
0.96751,616.544,274.25,890.794
0.96848,660.622,315.644,976.266
0.969452,599.535,270.045,869.58
0.970424,653.567,314.778,968.345
0.971397,609.08,270.617,879.697
0.972371,660.398,317.431,977.829
0.973346,604.558,268.747,873.304
0.974322,657.761,316.104,973.865
0.975298,610.949,273.468,884.418
0.976276,649.105,315.317,964.422
0.977254,597.724,266.693,864.417
0.978234,654.806,316.041,970.847
0.979214,597.293,269.597,866.89
0.980195,650.213,311.11,961.322
0.981177,593.218,264.196,857.413
0.98216,638.542,313.029,951.571
0.983143,607.294,273.834,881.128
0.984128,643.637,312.552,956.188
0.985114,603.459,271.066,874.524
0.9861,636.883,309.012,945.894
0.987088,596.214,271.637,867.851
0.988076,650.416,312.932,963.348
0.989065,600.248,267.181,867.43
0.990055,645.398,316.116,961.515
0.991046,598.893,274.334,873.227
0.992038,630.107,303.315,933.421
0.993031,587.862,263.567,851.429
0.994024,646.004,320.404,966.408
0.995019,586.421,262.373,848.794
0.996014,622.742,304.835,927.577
0.997011,592.289,270.824,863.113
0.998008,614.027,300.926,914.953
0.999006,584.86,268.008,852.868
1.00001,619.849,307.231,927.079
1.00101,575.872,263.257,839.128
1.00201,621.285,303.914,925.199
1.00301,573.769,264.622,838.39
1.00402,618.466,306.361,924.827
1.00502,574.948,265.825,840.773
1.00603,609.185,300.351,909.536
1.00704,553.158,247.485,800.643
1.00805,627.258,309.71,936.968
1.00906,565.981,258.521,824.502
1.01008,617.65,304.565,922.215
1.0111,568.977,255.415,824.392
1.01211,604.231,290.461,894.693
1.01313,569.42,260.08,829.499
1.01415,597.282,300.822,898.103
1.01518,560.182,254.3,814.481
1.0162,607.91,294.107,902.017
1.01723,565.064,256.585,821.649
1.01826,606.582,296.449,903.031
1.01929,566.177,255.694,821.872
1.02032,599.658,292.927,892.585
1.02135,562.389,256.578,818.967
1.02238,604.515,293.3,897.815
1.02342,560.231,252.132,812.363
1.02446,614.582,299.233,913.814
1.0255,567.487,258.306,825.793
1.02654,601.339,291.663,893.003
1.02758,563.112,256.444,819.556
1.02863,618.291,301.212,919.503
1.02968,565.572,253.639,819.211
1.03072,626.849,297.923,924.772
1.03177,567.174,258.777,825.951
1.03282,616.228,294.325,910.553
1.03388,570.131,260.266,830.397
1.03493,616.372,295.677,912.049
1.03599,575.608,261.964,837.572
1.03705,623.828,298.624,922.452
1.03811,562.671,256.907,819.578
1.03917,619.799,300.005,919.804
1.04023,566.016,258.416,824.432
1.0413,616.312,295.964,912.275
1.04237,576.698,260.784,837.482
1.04344,614.733,297.079,911.811
1.04451,562.987,255.06,818.047
1.04558,618.406,304.185,922.591
1.04665,570.485,258.475,828.96
1.04773,616.821,302.331,919.152
1.04881,572.935,255.818,828.753
1.04989,628.738,300.607,929.345
1.05097,570.084,262.581,832.665
1.05205,619.875,295.46,915.335
1.05313,570.067,260.082,830.149
1.05422,632.911,310.488,943.4
1.05531,564.353,259.487,823.84
1.0564,626.034,303.134,929.168
1.05749,560.111,254.884,814.995
1.05858,639.88,307.485,947.365
1.05968,553.806,254.225,808.032
1.06078,632.103,301.82,933.923
1.06187,567.768,262.466,830.235
1.06297,626.29,300.455,926.746
1.06408,571.214,260.371,831.585
1.06518,630.063,299.011,929.074
1.06629,563.671,257.857,821.528
1.06739,621.146,300.909,922.054
1.0685,554.503,253.863,808.366
1.06962,634.427,310.761,945.188
1.07073,566.388,257.192,823.581
1.07184,620.549,309.422,929.971
1.07296,565.505,258.532,824.037
1.07408,619.958,300.859,920.817
1.0752,561.458,260.442,821.899
1.07632,620.644,302.426,923.07
1.07745,565.481,261.476,826.957
1.07857,620.552,300.044,920.597
1.0797,557.074,255.367,812.441
1.08083,616.783,302.309,919.093
1.08196,572.597,264.731,837.329
1.08309,614.584,303.195,917.779
1.08423,563.887,259.048,822.934
1.08536,618.893,298.808,917.701
1.0865,572.599,261.589,834.188
1.08764,617.358,300.706,918.064
1.08879,562.571,260.52,823.091
1.08993,621.439,301.453,922.893
1.09108,560.381,256.189,816.57
1.09223,622.5,303.324,925.823
1.09337,571.928,256.359,828.288
1.09453,624.217,299.918,924.135
1.09568,568.917,263.816,832.733
1.09684,623.203,301.57,924.773
1.09799,567.019,259.576,826.595
1.09915,618.643,301.083,919.726
1.10031,572.588,262.514,835.102
1.10148,620.251,301.862,922.113
1.10264,565.528,259.314,824.842
1.10381,624.613,305.685,930.298
1.10498,566.474,258.729,825.203
1.10615,629.946,303.941,933.887
1.10732,576.766,266.151,842.917
1.10849,628.022,301.993,930.015
1.10967,572.88,266.11,838.99
1.11085,623.797,299.024,922.821
1.11203,571.816,263.539,835.356
1.11321,626.74,302.125,928.866
1.11439,572.492,263.403,835.896
1.11558,631.821,306.965,938.786
1.11677,574.852,264.618,839.471
1.11796,635.552,304.125,939.677
1.11915,577.202,265.988,843.19
1.12034,616.607,299.943,916.55
1.12154,586.517,264.927,851.444
1.12274,632.562,306.142,938.704
1.12394,588.097,267.303,855.4
1.12514,628.294,295.582,923.876
1.12634,590.706,268.305,859.012
1.12755,621.119,294.398,915.517
1.12875,584.479,263.603,848.082
1.12996,632.619,307.721,940.34
1.13117,589.703,267.08,856.783
1.13239,626.005,306.646,932.65
1.1336,586.179,263.358,849.536
1.13482,613.58,293.118,906.698
1.13604,587.259,267.656,854.915
1.13726,618.415,301.429,919.844
1.13848,566.942,257.23,824.171
1.13971,608.42,298.201,906.62
1.14093,587.507,266.206,853.713
1.14216,619.913,302.865,922.778
1.14339,586.406,265.019,851.425
1.14463,615.692,302.044,917.736
1.14586,584.308,266.615,850.923
1.1471,629.029,305.594,934.623
1.14834,581.84,263.362,845.202
1.14958,628.882,309.893,938.775
1.15082,590.856,269.271,860.127
1.15207,617.372,298.003,915.375
1.15332,584.1,270.133,854.232
1.15456,616.35,300.593,916.943
1.15582,575.054,256.357,831.411
1.15707,620.907,296.455,917.362
1.15832,579.447,262.31,841.757
1.15958,607.752,298.274,906.026
1.16084,577.182,258.657,835.839
1.1621,601.892,294.092,895.985
1.16337,566.617,258.994,825.611
1.16463,602.371,291.766,894.138
1.1659,567.903,259.294,827.196
1.16717,593.595,290.597,884.191
1.16844,563.746,255.746,819.493
1.16971,593.084,286.51,879.594
1.17099,548.983,250.147,799.13
1.17227,600.422,291.483,891.905
1.17355,552.087,249.052,801.138
1.17483,595.588,285.721,881.309
1.17611,538.011,245.305,783.317
1.1774,583.458,288.251,871.709
1.17869,528.51,240.02,768.53
1.17998,580.549,283.098,863.647
1.18127,526.41,241.998,768.408
1.18256,570.122,282.503,852.624
1.18386,522.81,235.092,757.902
1.18516,582.354,289.376,871.73
1.18646,515.972,233.93,749.902
1.18776,567.685,278.754,846.439
1.18907,510.286,225.874,736.16
1.19038,585.677,292.969,878.646
1.19169,513.702,230.304,744.006
1.193,580.447,289.974,870.422
1.19431,499.176,226.512,725.688
1.19563,591.807,290.227,882.034
1.19694,501.126,226.263,727.39
1.19826,595.501,294.208,889.708
1.19959,510.581,229.344,739.925
1.20091,578.454,281.548,860.002
1.20224,511.991,227.025,739.016
1.20357,583.396,291.133,874.529
1.2049,510.203,225.783,735.986
1.20623,585.652,285.819,871.471
1.20756,512.369,232.195,744.564
1.2089,572.169,277.42,849.589
1.21024,509.998,225.472,735.471
1.21158,577.869,281.125,858.993
1.21293,517.332,228.287,745.619
1.21427,590.03,283.476,873.507
1.21562,520.823,226.98,747.803
1.21697,590.31,288.65,878.96
1.21832,512.942,225.605,738.547
1.21968,602.119,294.369,896.489
1.22104,516.889,225.519,742.408
1.2224,594.586,286.5,881.086
1.22376,524.458,231.299,755.758
1.22512,608.59,296.479,905.069
1.22649,516.384,225.838,742.222
1.22785,600.373,290.743,891.116
1.22922,541.124,239.935,781.059
1.2306,589.987,285.418,875.405
1.23197,531.676,227.333,759.009
1.23335,622.544,304.414,926.957
1.23473,531.972,228.499,760.471
1.23611,619.765,303.919,923.684
1.23749,533.137,229.657,762.794
1.23888,613.186,300.598,913.783
1.24027,538.781,235.05,773.831
1.24166,619.887,303.303,923.191
1.24305,546.025,241.072,787.097
1.24445,623.532,304.154,927.686
1.24584,554.538,246.444,800.982
1.24724,618.311,297.618,915.929
1.24864,548.619,248.393,797.013
1.25005,627.629,301.293,928.922
1.25145,546.397,239.005,785.403
1.25286,637.481,313.112,950.593
1.25427,552.334,243.986,796.32
1.25569,629.388,307.976,937.364
1.2571,559.864,248.509,808.373
1.25852,628.715,304.094,932.808
1.25994,560.463,248.831,809.293
1.26136,622.484,304.085,926.57
1.26279,564.516,253.024,817.54
1.26421,613.943,299.071,913.014
1.26564,567.179,251.439,818.619
1.26708,605.072,296.855,901.927
1.26851,563.446,249.303,812.749
1.26995,618.168,302.119,920.288
1.27138,547.404,243.008,790.412
1.27283,619.336,302.377,921.713
1.27427,551.869,247.012,798.882
1.27571,613.173,297.037,910.211
1.27716,556.841,247.32,804.161
1.27861,615.063,297.655,912.718
1.28007,555.923,252.293,808.216
1.28152,617.971,297.428,915.4
1.28298,549.84,250.569,800.409
1.28444,608.467,293.338,901.805
1.2859,554.893,250.969,805.862
1.28736,605.047,298.042,903.089
1.28883,557.461,253.574,811.035
1.2903,592.313,292.297,884.61
1.29177,544.711,242.427,787.139
1.29325,605.785,297.265,903.051
1.29472,551.66,250.227,801.887
1.2962,591.037,291.075,882.112
1.29768,549.087,242.324,791.411
1.29917,586.428,288.515,874.943
1.30065,547.752,248.05,795.802
1.30214,585.206,288.311,873.517
1.30363,545.007,245.598,790.606
1.30513,582.676,290.678,873.353
1.30662,546.044,245.415,791.459
1.30812,583.291,285.723,869.014
1.30962,541.746,241.037,782.782
1.31112,584.087,285.135,869.223
1.31263,539.716,246.986,786.703
1.31414,576.513,278.996,855.51
1.31565,529.852,234.74,764.591
1.31716,578.684,285.024,863.708
1.31868,514.768,234.991,749.759
1.32019,575.036,280.161,855.197
1.32171,517.228,234.552,751.779
1.32324,574.131,279.499,853.629
1.32476,503.261,225.994,729.256
1.32629,575.031,281.36,856.392
1.32782,499.928,225.885,725.812
1.32935,577.762,282.295,860.057
1.33089,484.927,217.962,702.889
1.33243,571.421,279.905,851.326
1.33397,484.489,213.682,698.171
1.33551,572.622,278.576,851.198
1.33705,483.119,214.451,697.57
1.3386,569.353,280.232,849.585
1.34015,489.526,217.294,706.821
1.34171,576.564,280.929,857.493
1.34326,513.596,224.027,737.623
1.34482,559.777,272.487,832.264
1.34638,508.125,219.144,727.27
1.34794,564.153,271.792,835.946
1.34951,507.351,222.059,729.409
1.35107,568.153,273.407,841.56
1.35265,511.12,225.063,736.182
1.35422,577,279.945,856.945
1.35579,507.207,220.803,728.01
1.35737,576.473,282.003,858.475
1.35895,504.462,217.31,721.771
1.36054,588.523,286.597,875.12
1.36212,500.075,214.188,714.263
1.36371,592.898,287.048,879.946
1.3653,500.646,219.489,720.135
1.3669,586.166,279.457,865.623
1.36849,525.265,231.248,756.513
1.37009,587.558,279.846,867.404
1.37169,516.411,222.704,739.115
1.3733,583.861,281.518,865.378
1.3749,503.721,215.814,719.535
1.37651,592.069,280.944,873.014
1.37812,506.935,223.77,730.704
1.37974,592.754,285.102,877.855
1.38135,513.229,226.467,739.696
1.38297,594.612,283.42,878.032
1.3846,508.667,217.055,725.722
1.38622,602.93,289.298,892.228
1.38785,519.839,224.22,744.059
1.38948,597.909,286.99,884.899
1.39111,523.182,224.64,747.822
1.39275,593.233,282.704,875.937
1.39439,534.61,235.126,769.736
1.39603,602.525,289.306,891.832
1.39767,515.215,217.005,732.22
1.39932,617.837,302.457,920.294
1.40097,518.907,220.884,739.791
1.40262,600.116,290.945,891.06
1.40427,526.788,231.392,758.18
1.40593,592.123,286.067,878.19
1.40759,527.468,231.179,758.647
1.40925,595.232,288.423,883.655
1.41092,518.203,228.819,747.022
1.41258,606.205,294.227,900.432
1.41425,511.732,220.571,732.304
1.41593,607.339,297.159,904.498
1.4176,526.105,225.374,751.479
1.41928,599.873,292.714,892.587
1.42096,528.209,226.036,754.244
1.42265,598.56,289.927,888.487
1.42433,526.73,230.72,757.45
1.42602,593.636,286.747,880.383
1.42772,530.841,231.869,762.71
1.42941,592.469,286.34,878.809
1.43111,524.916,229.4,754.316
1.43281,585.72,282.789,868.508
1.43451,512.563,223.583,736.146
1.43622,585.186,287.392,872.579
1.43793,511.969,225.195,737.165
1.43964,580.737,285.47,866.207
1.44135,508.206,221.717,729.923
1.44307,574.798,280.326,855.124
1.44479,503.401,217.06,720.462
1.44651,591.591,291.523,883.113
1.44824,488.547,206.472,695.019
1.44997,588.829,294.505,883.334
1.4517,482.253,209.128,691.381
1.45343,586.196,289.365,875.561
1.45517,487.928,212.528,700.456
1.45691,578.037,282.478,860.515
1.45865,484.566,209.679,694.245
1.4604,580.062,283.937,863.999
1.46214,477.443,206.431,683.874
1.4639,572.341,281.009,853.35
1.46565,479.436,210.732,690.169
1.46741,573.347,277.931,851.278
1.46917,490.776,215.209,705.986
1.47093,565.514,274.746,840.26
1.47269,482.286,210.152,692.438
1.47446,571.24,279.256,850.496
1.47623,484.434,207.419,691.853
1.47801,567.066,280.634,847.7
1.47978,496.001,213.309,709.31
1.48156,567.463,277.046,844.51
1.48335,494.772,212.129,706.901
1.48513,570.446,280.501,850.947
1.48692,502.336,212.789,715.125
1.48871,571.838,280.454,852.292
1.4905,501.436,215.013,716.449
1.4923,564.973,277.18,842.153
1.4941,512.458,223.096,735.554
1.4959,571.804,277.021,848.825
1.49771,501.861,218.366,720.227
1.49952,569.2,275.226,844.426
1.50133,511.521,221.446,732.967
1.50315,555.79,272.893,828.683
1.50496,504.877,215.213,720.09
1.50678,565.794,276.241,842.034
1.50861,508.944,220.235,729.179
1.51043,571.776,272.098,843.874
1.51226,508.983,219.917,728.9
1.5141,570.175,274.893,845.067
1.51593,509.499,216.801,726.3
1.51777,571.948,274.698,846.646
1.51961,504.788,217.669,722.457
1.52146,570.918,278.859,849.777
1.5233,505.1,209.075,714.175
1.52515,566.977,278.677,845.653
1.52701,513.414,217.889,731.303
1.52886,557.333,269.222,826.555
1.53072,499.046,212.516,711.562
1.53258,567.854,275.931,843.784
1.53445,504.173,214.871,719.044
1.53632,569.647,280.149,849.796
1.53819,501.707,210.152,711.859
1.54006,567.731,277.418,845.149
1.54194,493.072,205.15,698.222
1.54382,573.585,279.364,852.949
1.54571,491.823,205.492,697.316
1.54759,583.504,282.694,866.198
1.54948,502.087,209.501,711.588
1.55138,575.269,276.011,851.28
1.55327,514.784,218.491,733.275
1.55517,561.827,268.919,830.746
1.55707,515.857,226.552,742.41
1.55898,567.435,266.56,833.996
1.56089,509.41,216.111,725.521
1.5628,573.698,272.456,846.154
1.56471,502.602,212.208,714.81
1.56663,581.532,279.959,861.491
1.56855,505.045,215.901,720.945
1.57048,584.632,285.153,869.786
1.5724,492.685,206.516,699.201
1.57433,586.918,288.681,875.599
1.57627,487.744,204.743,692.487
1.5782,586.865,287.289,874.154
1.58014,495.04,208.619,703.659
1.58208,582.634,285.3,867.934
1.58403,497.183,210.501,707.684
1.58598,578.373,278.524,856.896
1.58793,493.056,207.694,700.75
1.58989,588.999,288.08,877.079
1.59185,491.981,204.091,696.071
1.59381,593.834,293.215,887.049
1.59577,482.965,204.155,687.119
1.59774,584.895,282.958,867.854
1.59971,480.69,199.169,679.859
1.60169,593.588,287.814,881.402
1.60366,476.021,200.864,676.886
1.60564,602.578,290.668,893.246
1.60763,474.714,196.244,670.958
1.60962,606.557,295.325,901.882
1.61161,466.334,190.695,657.03
1.6136,594.811,293.14,887.951
1.6156,474.893,198.069,672.962
1.6176,590.53,290.672,881.202
1.6196,472.152,196.687,668.839
1.62161,580.895,280.047,860.943
1.62362,484.26,203.777,688.036
1.62563,581.813,283.307,865.12
1.62765,471.388,194.813,666.201
1.62967,589.709,283.063,872.772
1.63169,478.459,200.839,679.298
1.63372,583.839,281.918,865.757
1.63575,481.099,200.514,681.613
1.63778,577.865,278.232,856.097
1.63982,481.121,204.907,686.028
1.64186,578.373,278.542,856.915
1.6439,480.041,204.138,684.179
1.64595,574.997,275.536,850.533
1.648,475.067,196.111,671.178
1.65005,579.916,280.7,860.616
1.65211,472.047,196.015,668.061
1.65417,581.341,284.751,866.092
1.65623,448.521,176.642,625.163
1.65829,594.335,292.113,886.448
1.66036,446.601,177.832,624.433
1.66244,586.282,290.334,876.616
1.66451,450.038,177.346,627.383
1.66659,584.115,286.831,870.946
1.66868,471.123,196.467,667.59
1.67076,552.685,265.85,818.536
1.67285,473.448,200.095,673.543
1.67495,555.309,264.962,820.27
1.67704,476.324,200.499,676.823
1.67914,568.641,274.682,843.324
1.68125,475.289,202.7,677.988
1.68335,560,271.583,831.583
1.68547,466.488,190.361,656.85
1.68758,561.479,270.412,831.891
1.6897,475.51,200.323,675.833
1.69182,555.03,263.648,818.678
1.69394,478.455,204.988,683.443
1.69607,555.152,265.336,820.488
1.6982,481.592,202.013,683.605
1.70033,567.241,271.976,839.217
1.70247,460.869,191.793,652.662
1.70461,583.87,286.15,870.019
1.70676,467.614,189.849,657.462
1.70891,582.398,279.66,862.058
1.71106,470.291,191.095,661.386
1.71322,586.501,280.943,867.445
1.71537,454.623,182.96,637.583
1.71754,597.253,294.364,891.617
1.7197,455.809,185.476,641.284
1.72187,599.426,296.363,895.789
1.72405,448.101,172.965,621.066
1.72622,599.755,300.824,900.579
1.7284,458.048,176.473,634.521
1.73059,594.899,296.226,891.125
1.73277,465.502,187.84,653.342
1.73496,595.903,296.388,892.291
1.73716,463.556,184.809,648.365
1.73936,596.458,298.479,894.937
1.74156,461.303,181.216,642.519
1.74376,604.204,301.187,905.391
1.74597,466.09,183.096,649.186
1.74818,600.723,297.506,898.229
1.7504,475.078,185.231,660.31
1.75262,591.84,292.8,884.64
1.75484,472.177,187.667,659.844
1.75707,595.605,296.338,891.943
1.7593,479.041,194.952,673.993
1.76153,588.82,289.007,877.827
1.76377,473.027,189.754,662.781
1.76601,585.085,287.754,872.839
1.76826,482.83,198.291,681.121
1.7705,587.071,286.818,873.889
1.77276,463.781,188.178,651.959
1.77501,601.276,296.432,897.708
1.77727,457.14,178.276,635.416
1.77953,599.595,300.535,900.13
1.7818,450.264,176.297,626.562
1.78407,606.178,296.852,903.03
1.78635,439.841,171.839,611.68
1.78862,609.059,299.29,908.349
1.7909,429.627,165.445,595.072
1.79319,600.056,301.682,901.738
1.79548,429.878,160.942,590.82
1.79777,586.935,296.097,883.032
1.80007,424.46,161.623,586.083
1.80237,600.713,298.187,898.9
1.80467,420.189,156.194,576.382
1.80698,592.767,297.671,890.438
1.80929,420.762,158.482,579.244
1.81161,590.796,299.431,890.227
1.81392,410.195,151.583,561.778
1.81625,601.284,299.527,900.811
1.81857,398.279,141.071,539.35
1.8209,598.975,307.251,906.226
1.82324,376.153,132.749,508.902
1.82558,624.509,319.176,943.685
1.82792,366.407,124.301,490.708
1.83026,634.469,331.823,966.292
1.83261,344.219,108.523,452.742
1.83496,636.595,338.056,974.651
1.83732,347.535,108.636,456.171
1.83968,652.662,344.041,996.703
1.84205,343.236,98.5968,441.833
1.84441,657.173,344.621,1001.79
1.84679,348.396,103.684,452.079
1.84916,649.657,350.246,999.903
1.85154,356.087,100.665,456.751
1.85393,651.332,346.405,997.737
1.85631,355.738,106.715,462.453
1.85871,649.713,346.76,996.473
1.8611,356.466,104.702,461.168
1.8635,658.691,349.901,1008.59
1.8659,355.565,105.067,460.632
1.86831,660.946,352.42,1013.37
1.87072,355.137,106.276,461.414
1.87314,660.125,351.736,1011.86
1.87556,361.286,113.108,474.395
1.87798,663.889,352.255,1016.14
1.88041,358.26,110.463,468.723
1.88284,658.936,350.083,1009.02
1.88527,369.951,113.275,483.226
1.88771,666.62,351.243,1017.86
1.89015,360.069,108.947,469.016
1.8926,668.061,351.837,1019.9
1.89505,370.504,114.162,484.666
1.8975,670.219,354.941,1025.16
1.89996,371.022,112.576,483.598
1.90242,673.151,355.705,1028.86
1.90489,371.004,116.982,487.986
1.90736,671.107,354.322,1025.43
1.90984,381.152,115.101,496.253
1.91231,660.972,353.405,1014.38
1.9148,374.609,116.042,490.651
1.91728,656.131,350.49,1006.62
1.91977,380.811,119.5,500.312
1.92227,667.963,353.121,1021.08
1.92477,385.061,120.46,505.52
1.92727,659.741,351.101,1010.84
1.92978,382.197,116.957,499.154
1.93229,663.423,353.163,1016.59
1.9348,384.242,119.969,504.211
1.93732,653.89,346.662,1000.55
1.93984,382.27,118.873,501.142
1.94237,656.114,346.705,1002.82
1.9449,371.349,112.545,483.894
1.94744,653.764,342.848,996.612
1.94998,373.101,117.908,491.008
1.95252,642.413,338.932,981.345
1.95507,379.099,121.918,501.017
1.95762,637.132,331.75,968.882
1.96018,373.914,118.875,492.789
1.96274,633.259,331.324,964.583
1.9653,374.929,120.835,495.764
1.96787,630.837,331.918,962.755
1.97044,365.604,111.834,477.438
1.97302,629.347,332.774,962.121
1.9756,363.313,112.494,475.808
1.97819,629.676,335.227,964.903
1.98078,352.336,109.193,461.53
1.98337,623.273,327.188,950.461
1.98597,360.471,112.908,473.379
1.98857,609.127,319.277,928.404
1.99118,368.894,123.088,491.982
1.99379,607.498,312.622,920.12
1.9964,378.619,127.564,506.183
1.99902,594.369,306.305,900.674
2.00165,385.282,132.426,517.708
2.00427,592.768,303.946,896.714
2.0069,391.849,138.111,529.96
2.00954,585.833,300.508,886.341
2.01218,378.542,127.782,506.323
2.01483,602.39,316.038,918.427
2.01748,368.282,116.848,485.13
2.02013,621.873,328.539,950.412
2.02279,352.287,108.607,460.894
2.02545,631.121,334.919,966.04
2.02811,352.376,107.783,460.159
2.03079,638.645,339.172,977.817
2.03346,351.047,107.749,458.796
2.03614,629.677,329.8,959.477
2.03882,367.641,115.967,483.608
2.04151,639.366,338.082,977.447
2.0442,360.681,110.894,471.575
2.0469,649.061,338.234,987.295
2.0496,359.025,108.737,467.762
2.05231,651.402,340.947,992.349
2.05502,364.294,114.482,478.775
2.05773,655.612,343.818,999.43
2.06045,364.943,110.1,475.043
2.06317,657.886,341.325,999.211
2.0659,372.497,119.367,491.863
2.06863,651.949,339.748,991.696
2.07137,372.063,117.862,489.926
2.07411,653.157,338.8,991.958
2.07686,365.875,116.183,482.058
2.07961,654.753,342.45,997.203
2.08236,367.211,115.921,483.133
2.08512,648.444,340.768,989.212
2.08788,360.662,113.497,474.159
2.09065,648.162,338.628,986.79
2.09342,363.762,115.52,479.282
2.0962,643.196,335.224,978.42
2.09898,361.875,112.519,474.394
2.10177,642.981,334.068,977.049
2.10456,358.065,112.826,470.891
2.10735,644.814,334.365,979.179
2.11015,350.626,111.747,462.372
2.11296,644.291,336.18,980.471
2.11576,337.13,102.567,439.697
2.11858,637.277,334.756,972.033
2.1214,343.111,103.958,447.07
2.12422,637.365,335.204,972.57
2.12704,338.097,101.356,439.452
2.12988,630.532,330.731,961.263
2.13271,335.351,99.7482,435.1
2.13555,630.903,330.315,961.218
2.1384,327.338,97.1496,424.487
2.14125,631.591,330.377,961.969
2.1441,331.994,100.562,432.555
2.14696,618.165,322.861,941.026
2.14983,336.726,99.3735,436.099
2.15269,616.172,322.605,938.778
2.15557,335.406,103.695,439.101
2.15845,609.836,321.392,931.228
2.16133,336.44,106.037,442.477
2.16421,611.085,319.422,930.507
2.16711,336.565,102.791,439.356
2.17,620.087,325.152,945.239
2.1729,342.698,104.472,447.17
2.17581,613.976,324.515,938.491
2.17872,348.814,106.124,454.938
2.18164,603.233,318.188,921.421
2.18456,354.813,106.846,461.659
2.18748,601.81,321.491,923.301
2.19041,362.104,114.383,476.487
2.19335,602.888,316.093,918.982
2.19628,360.322,114.51,474.832
2.19923,611.486,319.738,931.223
2.20218,366.31,116.678,482.988
2.20513,621.148,323.837,944.985
2.20809,369.931,114.166,484.097
2.21105,611.805,320.113,931.918
2.21402,374.195,116.946,491.141
2.21699,626.361,326.917,953.278
2.21997,371.925,120.453,492.379
2.22295,622.912,325.169,948.081
2.22594,373.009,121.937,494.946
2.22893,634.999,329.839,964.838
2.23193,385.305,122.65,507.955
2.23493,630.149,328.64,958.789
2.23794,385.133,124.969,510.103
2.24095,629.201,326.214,955.415
2.24397,384.868,121.425,506.292
2.24699,630.542,326.462,957.005
2.25001,383.591,122.098,505.688
2.25305,631.692,331.466,963.158
2.25608,378.891,119.988,498.879
2.25912,622.307,325.146,947.453
2.26217,377.05,120.879,497.929
2.26522,622.298,324.641,946.939
2.26828,367.046,118.129,485.175
2.27134,614.601,319.911,934.511
2.2744,364.912,118.513,483.426
2.27747,611.716,315.09,926.806
2.28055,366.184,119.219,485.403
2.28363,605.673,312.759,918.432
2.28672,349.686,107.849,457.535
2.28981,606.357,318.385,924.742
2.2929,341.785,104.111,445.896
2.296,593.43,310.564,903.994
2.29911,335.626,105.678,441.303
2.30222,604.168,316.869,921.036
2.30534,329.99,103.371,433.362
2.30846,586.169,309.275,895.444
2.31158,331.163,105.936,437.098
2.31472,588.612,309.183,897.795
2.31785,321.512,99.4319,420.944
2.32099,584.042,307.971,892.013
2.32414,325.17,100.27,425.44
2.32729,584.703,308.921,893.624
2.33045,325.749,97.1093,422.858
2.33361,581.249,309.534,890.783
2.33678,328.848,99.6215,428.469
2.33995,590.651,309.255,899.906
2.34313,330.241,98.7111,428.952
2.34631,595.888,308.485,904.373
2.3495,333.264,101.06,434.324
2.35269,599.004,309.703,908.707
2.35589,331.911,104.068,435.979
2.35909,604.357,316.963,921.321
2.3623,332.404,103.421,435.826
2.36552,608.737,317.355,926.092
2.36873,336.299,102.648,438.947
2.37196,613.544,317.865,931.409
2.37519,342.312,106.96,449.272
2.37842,609.85,313.041,922.891
2.38166,346.626,110.304,456.93
2.38491,620.017,319.465,939.481
2.38816,348.135,110.671,458.806
2.39141,619.367,317.355,936.722
2.39467,355.835,115.042,470.878
2.39794,621.595,321.578,943.173
2.40121,360.22,119.298,479.518
2.40449,626.156,322.98,949.135
2.40777,362.598,118.995,481.593
2.41106,625.613,321.336,946.949
2.41435,363.217,116.944,480.161
2.41765,632.781,328.555,961.336
2.42095,368.294,118.623,486.917
2.42426,616.786,316.934,933.72
2.42758,373.58,123.345,496.925
2.4309,619.718,318.141,937.859
2.43422,359.76,119.778,479.538
2.43755,605.647,310.222,915.869
2.44089,377.715,131.385,509.099
2.44423,586.849,299.725,886.574
2.44758,370.23,127.359,497.589
2.45093,597.863,306.695,904.558
2.45429,354.222,115.529,469.751
2.45765,598.138,314.745,912.883
2.46102,341.245,110.01,451.255
2.46439,588.369,307.052,895.42
2.46777,335.015,105.606,440.621
2.47116,587.684,304.925,892.609
2.47455,341.69,112.899,454.589
2.47795,573.302,299.18,872.481
2.48135,348.199,117.744,465.943
2.48475,552.989,284.168,837.157
2.48817,349.527,119.128,468.655
2.49159,558.693,288.567,847.26
2.49501,322.804,104.661,427.465
2.49844,569.54,300.591,870.13
2.50187,329.593,104.13,433.722
2.50531,561.534,295.511,857.046
2.50876,329.858,107.409,437.267
2.51221,554.18,289.713,843.893
2.51567,332.065,110.3,442.365
2.51913,560.376,294.249,854.625
2.5226,324.067,104.544,428.611
2.52608,566.044,294.984,861.028
2.52956,328.331,105.837,434.168
2.53304,566.286,293.525,859.811
2.53653,327.945,104.737,432.681
2.54003,569.171,297.673,866.844
2.54353,337.448,110.506,447.954
2.54704,567.602,293.641,861.243
2.55055,339.665,107.25,446.915
2.55407,573.39,296.81,870.201
2.5576,351.378,114.636,466.014
2.56113,573.021,296.982,870.003
2.56467,346.423,111.112,457.535
2.56821,574.094,299.097,873.19
2.57176,349.789,116.05,465.839
2.57531,569.05,294.137,863.187
2.57887,365.14,123.925,489.065
2.58244,577.572,297.853,875.425
2.58601,356.458,119.104,475.562
2.58959,576.393,301.247,877.641
2.59317,363.173,119.07,482.243
2.59676,582.033,303.481,885.514
2.60035,371.538,124.205,495.743
2.60395,579.621,298.242,877.864
2.60756,364.86,123.38,488.24
2.61117,579.951,301.044,880.996
2.61479,369.134,124.403,493.537
2.61841,584.338,300.959,885.297
2.62204,362.704,119.725,482.429
2.62568,583.174,300.558,883.732
2.62932,354.584,115.741,470.324
2.63297,585.391,305.727,891.118
2.63662,355.457,119.205,474.662
2.64028,579.596,301.027,880.622
2.64395,357.134,121.897,479.031
2.64762,568.741,291.269,860.01
2.6513,369.647,130.72,500.367
2.65498,542.267,276.849,819.115
2.65867,378.977,138.926,517.903
2.66236,541.84,276.821,818.661
2.66607,355.312,120.52,475.832
2.66977,571.148,299.968,871.117
2.67349,344.756,112.295,457.051
2.67721,558.875,292.553,851.427
2.68093,337.477,108.879,446.356
2.68466,556.534,288.695,845.23
2.6884,342.812,113.231,456.044
2.69214,559.039,289.858,848.897
2.69589,330.841,112.418,443.259
2.69965,549.706,286.366,836.073
2.70341,338.826,115.846,454.672
2.70718,545.906,283.677,829.583
2.71095,335.249,113.528,448.778
2.71473,554.82,289.154,843.974
2.71852,326.688,107.54,434.228
2.72231,548.719,286.061,834.779
2.72611,340.428,114.94,455.368
2.72992,543.88,283.517,827.397
2.73373,335.603,114.885,450.488
2.73755,548.927,287.863,836.79
2.74137,338.706,117.623,456.329
2.7452,542.175,282.724,824.899
2.74903,334.48,114.124,448.604
2.75288,554.022,287.334,841.356
2.75673,336.62,113.517,450.137
2.76058,541.738,284.968,826.706
2.76444,336.647,115.264,451.911
2.76831,546.982,286.008,832.99
2.77218,338.976,116.356,455.331
2.77606,547.836,286.918,834.754
2.77995,345.237,118.995,464.231
2.78384,547.708,284.678,832.386
2.78774,339.684,113.123,452.807
2.79164,551.923,290.069,841.992
2.79556,350.328,121.312,471.641
2.79947,547.253,283.569,830.822
2.8034,350.561,122.538,473.099
2.80733,551.158,286.692,837.85
2.81126,346.227,120.73,466.957
2.81521,552.721,288.506,841.227
2.81916,346.909,118.464,465.373
2.82311,557.651,290.296,847.947
2.82708,349.457,122.017,471.474
2.83105,548.657,283.404,832.061
2.83502,351.424,121.055,472.479
2.839,546.941,289.151,836.092
2.84299,356.111,126.376,482.487
2.84699,546.1,283.059,829.158
2.85099,347.628,120.541,468.169
2.85499,543.595,281.755,825.35
2.85901,358.247,127.357,485.604
2.86303,544.188,281.528,825.716
2.86706,354.357,125.536,479.894
2.87109,537.259,279.388,816.647
2.87513,360.168,130.553,490.721
2.87918,540.234,277.658,817.891
2.88323,346.956,122.913,469.869
2.88729,531.324,276.262,807.585
2.89136,348.713,127.843,476.555
2.89543,533.012,276.257,809.269
2.89951,333.382,114.844,448.226
2.9036,536.851,283.821,820.671
2.90769,342.26,120.943,463.203
2.91179,520.88,272.854,793.734
2.9159,343.928,124.517,468.445
2.92001,521.914,272.582,794.496
2.92413,334.548,117.817,452.365
2.92826,528.97,279.891,808.861
2.93239,331.431,115.281,446.712
2.93653,527.316,278.776,806.092
2.94068,341.008,122.154,463.162
2.94483,515.365,270.601,785.966
2.94899,335.607,121.407,457.013
2.95316,518.167,271.185,789.352
2.95734,340.061,122.868,462.929
2.96152,520.966,274.646,795.612
2.9657,340.328,124.344,464.672
2.9699,518.651,271.257,789.908
2.9741,343.879,128.742,472.621
2.97831,520.918,272.408,793.326
2.98252,346.988,124.825,471.813
2.98674,518.771,270.891,789.662
2.99097,344.429,126.42,470.849
2.99521,523.994,276.128,800.122
2.99945,339.935,122.238,462.173
3.0037,520.446,275.433,795.879
3.00795,354.591,128.542,483.133
3.01222,515.929,270.946,786.875
3.01649,344.89,125.68,470.57
3.02076,522.828,271.78,794.607
3.02505,346.09,127.781,473.872
3.02934,528.064,276.107,804.171
3.03364,344.191,124.894,469.084
3.03794,524.539,274.944,799.483
3.04225,347.459,130.303,477.762
3.04657,519.313,270.09,789.402
3.0509,358.114,134.129,492.243
3.05523,516.434,269.179,785.612
3.05957,349.45,130.43,479.88
3.06392,520.369,272.596,792.964
3.06827,338.246,123.876,462.122
3.07263,526.774,275.741,802.515
3.077,342.684,125.859,468.543
3.08137,530.557,277.822,808.379
3.08576,335.261,120.443,455.704
3.09015,522.864,274.937,797.801
3.09454,337.246,124.174,461.419
3.09895,513.435,266.706,780.14
3.10336,338.222,130.662,468.884
3.10777,509.734,263.894,773.628
3.1122,329.782,126.208,455.99
3.11663,513.143,267.146,780.289
3.12107,328.576,123.321,451.898
3.12552,513.998,266.931,780.929
3.12997,327.319,123.543,450.862
3.13443,506.017,262.243,768.26
3.1389,329.044,124.498,453.542
3.14338,511.837,266.862,778.699
3.14786,329.658,121.868,451.526
3.15235,508.275,265.195,773.47
3.15685,326.399,121.483,447.882
3.16135,514.223,271.741,785.965
3.16587,333.425,121.425,454.85
3.17039,500.161,262.605,762.766
3.17491,344.472,128.75,473.222
3.17945,500.508,262.362,762.87
3.18399,351.182,133.758,484.939
3.18854,495.559,256.309,751.868
3.19309,344.706,130.531,475.237
3.19766,514.367,270.945,785.312
3.20223,335.165,123.49,458.655
3.20681,510.819,272.961,783.78
3.21139,341.097,124.847,465.944
3.21599,508.752,267.208,775.96
3.22059,332.518,125.046,457.563
3.2252,514.161,269.405,783.566
3.22981,341.007,129.933,470.94
3.23444,497.707,261.215,758.922
3.23907,342.733,132.356,475.09
3.2437,507.289,258.575,765.864
3.24835,344.719,136.903,481.622
3.253,502.757,256.358,759.115
3.25767,336.921,130.687,467.608
3.26233,513.565,264.051,777.616
3.26701,324.046,122.785,446.831
3.27169,510.429,267.886,778.316
3.27639,323.685,123.54,447.225
3.28108,504.046,266.102,770.148
3.28579,333.606,125.878,459.484
3.29051,499.297,261.869,761.166
3.29523,333.516,124.785,458.301
3.29996,498.682,264.51,763.191
3.3047,331.737,125.195,456.932
3.30944,485.004,255.135,740.139
3.31419,343.764,134.672,478.435
3.31895,472.845,247.55,720.396
3.32372,344.64,139.353,483.994
3.3285,479.016,247.564,726.58
3.33328,335.763,130.77,466.533
3.33807,494.208,262.779,756.986
3.34287,320.74,118.126,438.866
3.34768,500.646,266.573,767.219
3.35249,328.06,125.256,453.315
3.35732,491.421,259.534,750.955
3.36215,321.953,122.236,444.189
3.36699,499.115,264.138,763.252
3.37183,325.307,123.816,449.123
3.37669,491.56,257.324,748.884
3.38155,334.82,130.759,465.579
3.38642,489.211,256.204,745.414
3.3913,342.024,134.332,476.356
3.39618,487.333,256.509,743.843
3.40108,340.249,131.478,471.727
3.40598,488.444,258.279,746.723
3.41089,347.325,134.715,482.04
3.41581,488.585,256.808,745.393
3.42073,338.654,129.915,468.569
3.42567,488.007,258.787,746.795
3.43061,352.704,139.284,491.988
3.43556,476.828,251.676,728.504
3.44051,356.856,141.503,498.359
3.44548,476.494,250.332,726.826
3.45045,346.86,136.048,482.908
3.45544,479.797,254,733.797
3.46043,337.914,131.402,469.316
3.46543,477.962,256.327,734.289
3.47043,334.049,129.166,463.214
3.47545,478.959,254.936,733.895
3.48047,336.537,129.315,465.851
3.4855,467.657,248.72,716.378
3.49054,342.603,134.932,477.535
3.49559,470.13,249.454,719.584
3.50064,327.194,127.73,454.925
3.5057,468.4,249.862,718.262
3.51078,326.675,129.231,455.905
3.51586,462.253,245.035,707.287
3.52094,330.295,129.903,460.198
3.52604,460.465,241.824,702.289
3.53115,330.536,132.605,463.141
3.53626,465.487,243.528,709.015
3.54138,315.438,123.671,439.11
3.54651,464.702,248.228,712.93
3.55165,312.064,123.456,435.521
3.55679,468.175,247.665,715.84
3.56195,314.022,123.944,437.966
3.56711,475.377,251.377,726.754
3.57228,321.713,127.314,449.027
3.57746,467.206,246.938,714.144
3.58265,324.211,131.873,456.084
3.58785,471.164,248.873,720.036
3.59305,322.164,126.88,449.044
3.59827,477.458,253.401,730.858
3.60349,324.695,128.839,453.534
3.60872,478.689,253.484,732.173
3.61396,327.891,129.697,457.588
3.61921,485.881,258.095,743.976
3.62446,330.801,132.055,462.856
3.62973,481.251,252.83,734.081
3.635,353.424,146.208,499.632
3.64028,466.014,237.584,703.598
3.64557,353.568,147.99,501.559
3.65087,484.134,248.966,733.1
3.65618,336.984,134.67,471.654
3.6615,490.912,256.409,747.321
3.66682,330.942,129.506,460.448
3.67216,490.24,259.165,749.406
3.6775,332.107,131.741,463.848
3.68285,475.66,252.251,727.91
3.68821,332.355,131.852,464.207
3.69358,466.64,248.474,715.114
3.69895,344.783,142.23,487.013
3.70434,452.92,236.796,689.716
3.70973,338.424,143.169,481.593
3.71514,440.922,229.803,670.724
3.72055,334.764,141.279,476.043
3.72597,455.659,241.84,697.499
3.7314,311.097,123.364,434.461
3.73684,457.496,246.908,704.404
3.74229,311.626,126.176,437.802
3.74774,442.494,234.234,676.728
3.75321,322.518,134.681,457.2
3.75868,441.677,233.942,675.619
3.76416,309.278,127.208,436.486
3.76966,444.693,236.722,681.415
3.77516,308.505,126.738,435.243
3.78067,449.744,240.283,690.027
3.78618,310.665,126.371,437.036
3.79171,442.677,236.022,678.699
3.79725,315.018,133.18,448.198
3.80279,432.373,229.007,661.38
3.80835,329.104,137.198,466.302
3.81391,431.772,228.949,660.721
3.81949,319.049,131.917,450.965
3.82507,447.349,240.054,687.403
3.83066,320.336,130.759,451.095
3.83626,447.639,242.406,690.045
3.84187,317.946,129.384,447.33
3.84748,454.088,244.156,698.244
3.85311,322.162,131.841,454.003
3.85875,446.397,237.944,684.341
3.86439,335.724,141.117,476.841
3.87005,451.61,238.924,690.534
3.87571,331.751,137.348,469.098
3.88138,457.79,245.698,703.488
3.88707,333.982,137.414,471.396
3.89276,453.351,242.312,695.663
3.89846,336.2,139.576,475.776
3.90417,453.431,240.25,693.68
3.90989,335.363,136.778,472.141
3.91562,456.79,243.44,700.23
3.92136,333.829,138.006,471.835
3.9271,449.186,239.987,689.172
3.93286,332.372,136.82,469.192
3.93862,448.077,239.419,687.496
3.9444,328.227,137.756,465.982
3.95018,446.895,238.816,685.711
3.95598,321.403,135.523,456.926
3.96178,442.818,239.409,682.227
3.9676,321.094,134.843,455.937
3.97342,436.006,233.252,669.258
3.97925,314.29,134.178,448.468
3.98509,430.407,231.095,661.502
3.99094,319.741,134.605,454.346
3.9968,436.251,235.19,671.442
4.00267,315.725,132.442,448.168
4.00855,420.845,228.581,649.426
4.01444,317.823,134.512,452.336
4.02034,422.972,228.225,651.197
4.02625,318.882,136.076,454.958
4.03216,421.827,227.298,649.124
4.03809,314.075,135.333,449.408
4.04403,423.146,228.118,651.264
4.04997,315.388,135.978,451.366
4.05593,423.851,230.217,654.068
4.0619,316.28,135.612,451.892
4.06787,419.297,225.49,644.787
4.07386,318.61,138.794,457.405
4.07985,426.421,230.296,656.717
4.08586,313.402,133.846,447.248
4.09187,432.749,233.613,666.362
4.0979,321.094,136.244,457.339
4.10393,426.603,229.736,656.339
4.10997,324.777,139.754,464.531
4.11603,426.933,229.691,656.624
4.12209,325.534,140.279,465.813
4.12816,425.653,229.944,655.597
4.13425,320.266,137.497,457.763
4.14034,430.401,235.382,665.783
4.14644,322.309,136.824,459.133
4.15256,426.975,231.522,658.496
4.15868,319.855,138.143,457.999
4.16481,425.743,231.787,657.53
4.17096,323.736,139.959,463.695
4.17711,418.769,224.463,643.233
4.18327,329.431,142.678,472.108
4.18944,421.448,227.684,649.132
4.19563,317.169,138.629,455.799
4.20182,417.481,227.092,644.574
4.20802,313.148,138.467,451.615
4.21424,418.424,228.991,647.414
4.22046,308.942,133.819,442.761
4.22669,417.696,227.278,644.974
4.23294,317.61,138.987,456.597
4.23919,404.155,220.749,624.904
4.24545,317.391,138.935,456.326
4.25173,408.961,224.513,633.474
4.25801,309.47,135.498,444.968
4.2643,405.555,221.407,626.962
4.27061,316.951,140.779,457.73
4.27692,405.652,221.765,627.417
4.28325,314.311,137.701,452.012
4.28958,407.998,222.259,630.257
4.29593,311.074,136.107,447.181
4.30229,402.018,222.31,624.328
4.30865,312.619,139.479,452.097
4.31503,403.533,222.856,626.389
4.32142,305.195,134.189,439.384
4.32781,407.405,224.268,631.673
4.33422,316.952,142.736,459.688
4.34064,398.095,220.154,618.25
4.34707,311.34,138.861,450.201
4.35351,403.808,222.406,626.215
4.35996,320.718,142.91,463.628
4.36642,400.216,219.219,619.436
4.37289,316.088,141.427,457.514
4.37937,405.465,222.865,628.329
4.38586,318.137,142.881,461.018
4.39236,401.603,222.344,623.946
4.39887,309.132,137.253,446.385
4.4054,406.277,226.729,633.006
4.41193,314.847,140.393,455.24
4.41847,399.263,220.117,619.38
4.42503,318.55,142.829,461.38
4.4316,394.409,219,613.409
4.43817,317.99,140.207,458.197
4.44476,397.071,220.846,617.917
4.45136,318.475,143.556,462.032
4.45796,394.09,217.725,611.814
4.46458,313.562,140.114,453.676
4.47121,393.298,219.885,613.183
4.47785,311.524,138.905,450.429
4.48451,392.316,219.823,612.139
4.49117,313.928,141.452,455.38
4.49784,391.253,218.56,609.813
4.50453,306.539,139.452,445.991
4.51122,386.765,214.274,601.039
4.51793,307.167,138.96,446.127
4.52464,392.218,217.119,609.337
4.53137,307.388,139.842,447.23
4.53811,388.84,215.668,604.509
4.54486,313.227,144.147,457.374
4.55162,386.911,211.937,598.848
4.55839,305.601,141.509,447.11
4.56517,388.955,216.334,605.289
4.57197,312.951,143.44,456.391
4.57877,385.486,215.359,600.845
4.58559,309.963,143.025,452.988
4.59241,387.825,214.885,602.71
4.59925,310.779,142.78,453.559
4.6061,387.383,215.008,602.392
4.61296,306.338,139.336,445.674
4.61983,389.208,217.728,606.935
4.62671,307.521,141.948,449.469
4.63361,379.798,214.289,594.087
4.64051,312.686,143.672,456.358
4.64743,379.166,212.445,591.61
4.65435,311.723,144.27,455.993
4.66129,380.675,213.521,594.196
4.66824,310.503,144.622,455.125
4.6752,377.513,211.281,588.793
4.68217,301.022,139.91,440.932
4.68916,382.217,217.113,599.331
4.69615,303.104,140.847,443.95
4.70316,378.713,211.609,590.322
4.71018,309.045,145.032,454.077
4.71721,376.635,211.843,588.477
4.72425,303.572,142.504,446.076
4.7313,373.439,210.422,583.861
4.73836,309.913,146.68,456.593
4.74544,369.271,208.094,577.365
4.75252,308.777,145.568,454.345
4.75962,367.95,206.622,574.571
4.76673,308.308,145.922,454.23
4.77385,371.454,208.209,579.664
4.78098,302.309,142.123,444.431
4.78813,372.105,208.774,580.879
4.79528,306.159,146.462,452.621
4.80245,366.892,206.532,573.424
4.80963,301.498,144.231,445.728
4.81682,375.48,212.405,587.885
4.82402,298.94,141.681,440.621
4.83124,368.154,209.325,577.479
4.83846,302.36,144.085,446.445
4.8457,366.883,208.788,575.671
4.85295,305.023,146.111,451.135
4.86021,364.362,206.506,570.868
4.86748,303.122,146.904,450.026
4.87477,363.982,206.189,570.171
4.88206,307.505,148.34,455.845
4.88937,366.012,207.148,573.159
4.89669,303.473,145.478,448.951
4.90402,368.628,207.963,576.591
4.91137,302.323,146.115,448.439
4.91872,364.265,205.729,569.994
4.92609,303.284,146.408,449.692
4.93347,362.337,205.473,567.809
4.94086,302.284,146.433,448.717
4.94827,363.459,205.963,569.422
4.95568,294.565,142.208,436.773
4.96311,358.784,204.491,563.275
4.97055,302.574,146.16,448.734
4.978,355.225,202.681,557.907
4.98547,299.569,145.449,445.019
4.99294,354.961,204.134,559.094
5.00043,295.651,146.068,441.719
5.00793,356.028,202.647,558.675
5.01545,294.526,145.118,439.644
5.02299,354.042,203.073,557.115
5.03055,294.287,144.416,438.703
5.03813,346.945,200.903,547.849
5.04572,298.974,145.724,444.699
5.05334,349.686,203.465,553.152
5.06097,295.204,143.7,438.904
5.06862,349.85,201.018,550.867
5.07629,293.201,144.115,437.316
5.08398,352.15,204.425,556.575
5.09169,293.7,145.633,439.334
5.09942,346.448,199.352,545.8
5.10717,295.672,145.806,441.478
5.11494,347.254,200.733,547.987
5.12273,297.154,146.547,443.701
5.13053,344.152,200.041,544.192
5.13836,301.16,149.042,450.202
5.14621,342.367,198.834,541.2
5.15407,296.51,146.115,442.625
5.16196,345.026,200.662,545.688
5.16986,299.001,148.923,447.923
5.17779,343.917,198.641,542.558
5.18573,299.891,148.9,448.792
5.1937,340.205,199.058,539.263
5.20168,299.592,149.094,448.686
5.20968,336.468,196.046,532.514
5.21771,301.68,151.025,452.705
5.22575,335.16,196.941,532.101
5.23382,289.233,145.628,434.862
5.2419,342.715,202.05,544.766
5.25001,290.249,145.758,436.007
5.25813,332.767,194.311,527.078
5.26628,294.589,147.542,442.131
5.27444,333.747,194.962,528.709
5.28263,289.77,147.889,437.658
5.29083,332.933,194.82,527.753
5.29906,290.683,147.727,438.409
5.30731,330.16,194.418,524.578
5.31558,284.3,145.007,429.308
5.32387,331.259,194.836,526.095
5.33218,289.984,148.506,438.489
5.34051,323.221,192.73,515.95
5.34886,292.64,149.287,441.927
5.35723,324.896,192.23,517.127
5.36562,288.88,148.931,437.812
5.37404,322.977,191.416,514.393
5.38247,289.956,149.447,439.403
5.39093,319.29,189.482,508.773
5.39941,291.83,150.926,442.756
5.4079,319.034,191.846,510.88
5.41642,292.935,149.738,442.673
5.42497,322.366,191.505,513.872
5.43353,289.283,150.425,439.708
5.44211,318.099,190.174,508.273
5.45072,295.144,151.572,446.716
5.45934,316.9,189.623,506.523
5.46799,290.939,151.867,442.805
5.47666,314.815,190.549,505.364
5.48535,293.757,151.899,445.656
5.49407,318.305,189.556,507.861
5.5028,293.651,152.95,446.601
5.51156,309.823,187.96,497.783
5.52034,294.355,154.217,448.572
5.52914,312.477,189.467,501.943
5.53796,290.805,151.508,442.313
5.54681,313.929,187.799,501.728
5.55567,289.736,152.12,441.856
5.56456,307.71,184.623,492.334
5.57347,288.387,152.883,441.27
5.58241,310.716,185.314,496.03
5.59136,287.037,152.748,439.785
5.60034,306.274,184.144,490.418
5.60934,284.74,150.844,435.584
5.61837,306.835,187.677,494.511
5.62741,285.773,151.576,437.348
5.63648,303.556,184.001,487.556
5.64557,283.834,152.422,436.256
5.65469,305.234,185.469,490.703
5.66382,283.681,151.722,435.402
5.67298,299.538,183.55,483.088
5.68216,281.984,151.511,433.495
5.69137,300.476,182.476,482.953
5.7006,283.483,151.825,435.307
5.70985,301.814,184.385,486.198
5.71912,282.063,150.897,432.96
5.72842,299.354,184.119,483.473
5.73774,287.956,153.835,441.791
5.74709,295.676,181.218,476.894
5.75646,283.833,154.425,438.258
5.76585,297.954,181.59,479.544
5.77526,287.103,154.956,442.059
5.7847,294.115,179.857,473.972
5.79416,284.723,155.386,440.109
5.80365,296.669,181.81,478.479
5.81316,282.587,154.24,436.827
5.82269,292.158,179.988,472.146
5.83225,282.706,154.193,436.899
5.84183,294.151,179.573,473.724
5.85143,282.638,154.495,437.133
5.86106,296.355,179.863,476.218
5.87071,279.675,153.77,433.444
5.88039,294.789,180.505,475.294
5.89009,279.164,152.54,431.704
5.89981,289.731,178.543,468.274
5.90956,278.513,152.072,430.585
5.91934,289.97,178.852,468.822
5.92914,279.462,154.338,433.8
5.93896,288.278,178.555,466.833
5.94881,275.761,152.636,428.398
5.95868,286.101,178.728,464.829
5.96858,279.055,154.488,433.543
5.9785,282.092,175.339,457.431
5.98844,279.231,155.457,434.688
5.99841,286.09,178.327,464.417
6.00841,276.336,153.441,429.777
6.01843,283.446,177.138,460.584
6.02848,279.7,155.658,435.358
6.03855,280.975,175.901,456.876
6.04864,278.632,157.139,435.771
6.05877,280.307,174.804,455.111
6.06891,273.728,153.937,427.665
6.07909,279.66,175.877,455.537
6.08928,278.22,156.359,434.579
6.09951,272.641,174.668,447.31
6.10976,277.439,156.918,434.357
6.12003,275.273,176.231,451.504
6.13033,274.68,154.972,429.652
6.14066,278.131,176.453,454.583
6.15101,273.954,156.269,430.223
6.16138,273.334,173.139,446.472
6.17179,274.716,155.709,430.425
6.18222,275.073,175.575,450.648
6.19267,270.113,154.806,424.919
6.20316,272.429,173.372,445.801
6.21366,271.06,155.973,427.033
6.2242,271.514,175.007,446.521
6.23476,270.125,155.083,425.209
6.24534,269.184,173.486,442.67
6.25596,269.996,154.96,424.956
6.2666,269.175,173.835,443.01
6.27726,270.503,156.829,427.332
6.28796,266.085,172.941,439.027
6.29868,270.483,155.534,426.017
6.30942,262.182,172.88,435.062
6.3202,273.72,156.08,429.8
6.331,265.012,172.87,437.882
6.34183,272.025,157.328,429.352
6.35268,262.369,170.977,433.345
6.36356,270.487,157.153,427.64
6.37447,260.559,170.952,431.51
6.38541,270.488,157.225,427.714
6.39637,258.131,168.83,426.961
6.40736,269.883,157.082,426.964
6.41838,258.06,169.08,427.14
6.42943,268.262,157.009,425.271
6.4405,257.105,169.025,426.13
6.4516,267.771,158.087,425.857
6.46273,256.316,168.612,424.928
6.47389,270.211,158.163,428.373
6.48507,251.097,167.812,418.909
6.49628,274.499,161.167,435.665
6.50752,250.112,166.725,416.837
6.51879,274.283,160.67,434.952
6.53009,248.919,166.379,415.298
6.54142,271.81,160.337,432.146
6.55277,248.926,166.366,415.292
6.56415,270.504,160.085,430.589
6.57556,247.965,165.419,413.383
6.587,271.013,160.083,431.096
6.59847,250.59,166.415,417.005
6.60996,267.753,159.136,426.889
6.62149,250.057,165.89,415.947
6.63304,264.722,156.958,421.68
6.64463,251.226,166.399,417.625
6.65624,263.974,158.032,422.005
6.66788,252.475,167.41,419.885
6.67955,258.173,154.693,412.866
6.69125,251.997,166.714,418.711
6.70297,256.601,154.497,411.099
6.71473,252.402,167.229,419.631
6.72652,255.921,153.69,409.612
6.73833,254.832,168.014,422.846
6.75018,251.351,152.11,403.461
6.76206,255.906,170.178,426.084
6.77396,251.786,153.021,404.807
6.7859,255.148,169.901,425.049
6.79786,250.531,151.745,402.276
6.80986,256.408,168.49,424.897
6.82188,249.166,153.574,402.741
6.83393,253.542,170.023,423.565
6.84602,249.21,153.54,402.75
6.85813,251.802,168.469,420.271
6.87028,250.892,154.862,405.753
6.88246,251.739,167.228,418.967
6.89466,251.585,153.497,405.082
6.9069,247.242,166.037,413.279
6.91917,250.115,154.411,404.526
6.93146,249.598,166.791,416.389
6.94379,249.923,154.265,404.188
6.95615,245.45,165.894,411.344
6.96854,250.455,153.986,404.441
6.98096,242.53,165.825,408.355
6.99342,246.283,153.506,399.79
7.0059,243.942,165.959,409.901
7.01841,244.451,152.776,397.227
7.03096,242.847,164.205,407.052
7.04354,243.176,151.962,395.139
7.05615,238.066,163.042,401.108
7.06879,241.335,153.554,394.888
7.08146,237.924,161.182,399.106
7.09416,243.987,153.912,397.899
7.1069,236.028,161.975,398.002
7.11966,244.545,154.527,399.072
7.13246,234.394,161.567,395.96
7.1453,245.211,153.895,399.106
7.15816,234.384,162.944,397.328
7.17105,241.926,153.944,395.87
7.18398,234.109,162.211,396.32
7.19694,246.721,154.596,401.318
7.20993,231.636,161.056,392.691
7.22296,247.84,155.595,403.435
7.23602,229.97,160.829,390.799
7.24911,245.43,155.873,401.302
7.26223,228.866,160.124,388.989
7.27538,246.369,156.358,402.727
7.28857,231.522,160.186,391.708
7.30179,245.328,156.821,402.148
7.31505,227.155,158.629,385.784
7.32834,246.617,157.315,403.931
7.34166,226.286,158.09,384.375
7.35501,249.145,158.02,407.165
7.3684,223.225,158.542,381.767
7.38182,248.684,157.723,406.407
7.39527,218.63,157.082,375.712
7.40876,246.241,158.272,404.513
7.42228,217.413,154.768,372.181
7.43584,246.088,157.943,404.031
7.44943,214.046,154.506,368.552
7.46305,245.204,158.279,403.483
7.47671,210.757,153.829,364.586
7.4904,246.423,159.782,406.204
7.50413,208.401,152.318,360.719
7.51789,247.563,159.188,406.751
7.53168,210.94,152.049,362.989
7.54551,242.813,158.433,401.246
7.55938,210.403,153.781,364.184
7.57328,243.528,158.625,402.153
7.58721,211.93,153.419,365.348
7.60118,243.715,157.689,401.403
7.61518,211.827,154.426,366.252
7.62922,241.181,158.281,399.462
7.64329,212.198,154.989,367.187
7.6574,239.763,157.603,397.366
7.67154,211.547,154.828,366.374
7.68572,240.138,156.478,396.616
7.69994,213.143,155.066,368.21
7.71419,236.401,155.344,391.745
7.72847,212.76,155.924,368.683
7.74279,236.167,154.857,391.024
7.75715,209.23,154.138,363.368
7.77154,233.669,154.558,388.227
7.78597,210.481,155.438,365.918
7.80044,230.695,154.519,385.215
7.81494,207.515,154.761,362.276
7.82947,234.711,155.247,389.958
7.84405,206.335,154.058,360.393
7.85866,231.951,155.295,387.246
7.8733,205.56,152.877,358.437
7.88799,232.051,155.326,387.377
7.90271,204.463,154.428,358.891
7.91746,232.846,155.036,387.882
7.93226,200.605,152.6,353.205
7.94709,233.875,156.141,390.015
7.96196,198.965,152.723,351.688
7.97686,233.733,156.843,390.576
7.9918,197.935,151.391,349.326
8.00678,231.792,155.721,387.513
8.0218,194.897,150.128,345.025
8.03685,236.061,157.622,393.682
8.05195,192.375,148.493,340.868
8.06708,238.391,158.622,397.013
8.08224,187.585,147.685,335.27
8.09745,242.012,161.116,403.127
8.11269,184.038,145.263,329.3
8.12798,241.553,162.23,403.782
8.14329,178.292,143.37,321.662
8.15865,247.304,165.164,412.468
8.17405,173.254,140.43,313.684
8.18948,249.46,166.632,416.092
8.20496,168.871,139.594,308.466
8.22047,251.12,168.324,419.444
8.23602,168.029,137.693,305.721
8.25161,251.663,168.267,419.93
8.26724,169.773,138.105,307.877
8.28291,246.31,167.149,413.459
8.29862,167.574,137.863,305.437
8.31436,244.048,166.699,410.747
8.33015,169.144,139.023,308.167
8.34597,244.971,167.024,411.995
8.36184,168.415,138.164,306.579
8.37774,241.494,166.541,408.036
8.39369,166.134,138.004,304.138
8.40967,243.481,166.903,410.385
8.4257,165.47,137.627,303.098
8.44176,241.803,166.366,408.169
8.45787,165.359,136.922,302.281
8.47401,240.462,166.774,407.236
8.4902,163.854,136.47,300.324
8.50642,239.702,167.436,407.138
8.52269,161.952,134.825,296.777
8.53899,239.319,168.083,407.401
8.55534,164.262,135.762,300.024
8.57173,238.609,167.935,406.544
8.58816,162.435,134.39,296.825
8.60463,236.914,167.705,404.619
8.62114,164.848,134.385,299.233
8.63769,234.427,167.2,401.627
8.65429,162.638,134.054,296.692
8.67092,230.3,167.199,397.499
8.6876,165.891,135.162,301.053
8.70432,225.723,165.359,391.082
8.72108,168.72,137.893,306.614
8.73788,222.458,163.142,385.6
8.75473,169.826,138.86,308.686
8.77161,225.251,163.024,388.275
8.78854,167.197,138.158,305.356
8.80552,223.48,163.352,386.832
8.82253,163.341,136.276,299.617
8.83959,223.259,163.413,386.672
8.85668,164.122,136.691,300.814
8.87383,222.134,163.059,385.193
8.89101,163.185,137.439,300.624
8.90824,221.268,163.706,384.975
8.92551,159.571,135.621,295.193
8.94282,221.844,163.364,385.209
8.96018,158.468,134.784,293.252
8.97758,223.988,164.772,388.76
8.99502,158.015,135.397,293.412
9.01251,220.555,163.213,383.767
9.03004,157.309,133.88,291.189
9.04762,221.047,163.408,384.455
9.06524,154.455,134.077,288.532
9.0829,221.668,163.675,385.343
9.10061,154.633,133.231,287.864
9.11836,220.399,164.233,384.632
9.13615,150.606,131.768,282.374
9.15399,220.592,164.87,385.462
9.17188,150.784,132.444,283.227
9.18981,220.196,164.058,384.254
9.20778,149.335,131.501,280.836
9.2258,220.473,165.534,386.007
9.24387,150.363,131.232,281.595
9.26198,220.807,165.705,386.512
9.28013,148.635,130.184,278.819
9.29833,221.783,166.59,388.373
9.31658,144.43,129.317,273.747
9.33487,222.584,166.691,389.275
9.35321,142.067,128.295,270.362
9.37159,222.311,167.036,389.346
9.39002,140.227,128.05,268.277
9.40849,224.044,166.836,390.88
9.42702,139.758,129.06,268.818
9.44558,220.815,166.8,387.614
9.4642,139.223,129.331,268.554
9.48286,219.965,165.411,385.375
9.50156,138.33,128.761,267.09
9.52032,220.334,165.837,386.172
9.53912,136.194,127.659,263.853
9.55797,220.779,165.707,386.486
9.57686,138.383,128.836,267.218
9.5958,218.318,165.874,384.191
9.61479,137.287,128.714,266.002
9.63383,216.666,164.55,381.216
9.65292,136.959,129.538,266.497
9.67205,215.668,165.622,381.29
9.69123,134.294,128.368,262.662
9.71046,217.206,165.754,382.96
9.72973,131.21,126.788,257.998
9.74906,215.591,165.921,381.512
9.76843,129.356,127.598,256.954
9.78785,217.519,166.472,383.99
9.80732,129.082,127.548,256.631
9.82684,215.903,165.427,381.33
9.84641,128.822,127.352,256.174
9.86602,215.147,165.33,380.477
9.88569,126.711,125.963,252.674
9.9054,214.09,165.678,379.767
9.92516,125.727,125.909,251.636
9.94498,213.653,165.844,379.497
9.96484,125.336,126.292,251.628
9.98475,212.218,164.532,376.75
10.0047,126.159,126.68,252.839
10.0247,209.804,164.873,374.677
10.0447,125.082,125.788,250.87
10.0647,210.069,164.407,374.476
10.0847,124.365,124.602,248.967
10.1047,211.892,165.404,377.297
10.1247,122.408,125.089,247.497
10.1447,210.51,165.792,376.302
10.1647,120.986,123.69,244.676
10.1847,211.981,166.262,378.243
10.2047,119.621,123.201,242.822
10.2247,211.255,166.104,377.359
10.2447,121.221,123.681,244.902
10.2647,210.049,166.532,376.58
10.2847,118.949,123.467,242.416
10.3047,208.801,165.379,374.18
10.3247,120.915,122.738,243.654
10.3447,207.382,164.426,371.808
10.3647,122.496,123.824,246.319
10.3847,204.571,164.01,368.581
10.4047,119.999,123.01,243.009
10.4247,206.391,163.98,370.37
10.4447,118.831,122.244,241.075
10.4647,204.366,163.326,367.692
10.4847,118.062,122.422,240.483
10.5047,205.026,164.619,369.645
10.5247,117.779,122.977,240.756
10.5447,204.441,163.842,368.284
10.5647,116.91,122.728,239.639
10.5847,205.418,164.545,369.963
10.6047,116.844,121.308,238.152
10.6247,206.059,164.043,370.102
10.6447,114.87,122.122,236.991
10.6647,205.164,162.929,368.092
10.6847,113.311,121.744,235.055
10.7047,204.455,163.039,367.494
10.7247,112.727,121.488,234.215
10.7447,204.168,163.052,367.22
10.7647,110.759,120.739,231.498
10.7847,203.131,163.139,366.27
10.8047,112.082,122.214,234.296
10.8247,200.908,161.32,362.228
10.8447,111.882,121.681,233.563
10.8647,199.811,160.673,360.484
10.8847,112.143,122.435,234.578
10.9047,199.737,161.433,361.17
10.9247,111.054,121.159,232.213
10.9447,197.837,160.306,358.144
10.9647,114.028,122.477,236.505
10.9847,193.829,159.235,353.064
11.0047,114.403,123.106,237.509
11.0247,191.62,158.385,350.005
11.0447,116.518,123.776,240.294
11.0647,188.939,156.838,345.777
11.0847,117.663,124.811,242.475
11.1047,188.132,156.941,345.073
11.1247,115.465,124.191,239.656
11.1447,184.974,155.405,340.379
11.1647,117.379,125.382,242.761
11.1847,186.2,155.311,341.511
11.2047,117.155,124.65,241.805
11.2247,183.845,154.79,338.635
11.2447,117.272,124.822,242.094
11.2647,181.609,154.103,335.712
11.2847,117.669,125.467,243.136
11.3047,178.859,153.214,332.073
11.3247,118.069,125.265,243.334
11.3447,178.821,152.751,331.572
11.3647,117.528,125.226,242.754
11.3847,175.338,152.321,327.658
11.4047,116.793,125.452,242.244
11.4247,178.369,153.094,331.463
11.4447,116.024,125.274,241.298
11.4647,178.892,152.88,331.772
11.4847,117.046,125.549,242.595
11.5047,175.988,150.983,326.971
11.5247,115.39,125.103,240.493
11.5447,174.221,151.428,325.649
11.5647,117.968,126.218,244.186
11.5847,173.693,150.765,324.457
11.6047,114.894,125.677,240.571
11.6247,172.99,149.932,322.923
11.6447,115.869,125.88,241.748
11.6647,172.569,149.984,322.554
11.6847,116.215,125.466,241.681
11.7047,171.449,148.523,319.972
11.7247,117.147,125.911,243.058
11.7447,168.925,147.826,316.751
11.7647,119.198,127.037,246.235
11.7847,166.43,147.844,314.274
11.8047,118.095,126.608,244.703
11.8247,166.888,147.892,314.78
11.8447,119.231,127.29,246.521
11.8647,164.734,146.736,311.47
11.8847,119.512,127.977,247.49
11.9047,162.68,145.963,308.643
11.9247,118.39,127.345,245.735
11.9447,160.307,145.11,305.416
11.9647,119.705,128.272,247.977
11.9847,160.731,145.014,305.745
12.0047,118.551,127.287,245.838
12.0247,158.455,143.899,302.354
12.0447,117.956,127.254,245.209
12.0647,154.859,142.228,297.088
12.0847,120.515,128.681,249.196
12.1047,153.906,141.891,295.798
12.1247,118.808,128.656,247.463
12.1447,154.581,142.377,296.957
12.1647,121.506,128.862,250.368
12.1847,151.427,140.612,292.039
12.2047,121.499,130.089,251.588
12.2247,148.813,139.923,288.736
12.2447,120.533,129.002,249.536
12.2647,147.97,139.592,287.563
12.2847,121.702,130.461,252.163
12.3047,149.086,139.874,288.961
12.3247,120.187,129.841,250.028
12.3447,147.332,138.519,285.851
12.3647,121.051,128.812,249.863
12.3847,145.789,138.698,284.487
12.4047,120.496,129.931,250.427
12.4247,142.756,136.844,279.599
12.4447,122.969,130.168,253.136
12.4647,143.8,137.656,281.456
12.4847,120.971,130.177,251.148
12.5047,141.814,137.751,279.565
12.5247,120.017,130.452,250.469
12.5447,140.395,137.465,277.859
12.5647,121.315,130.171,251.486
12.5847,140.008,136.694,276.702
12.6047,121.426,129.963,251.388
12.6247,138.43,135.92,274.35
12.6447,120.771,130.186,250.957
12.6647,139.934,136.207,276.141
12.6847,120.658,129.484,250.142
12.7047,136.904,135.578,272.482
12.7247,120.975,129.935,250.91
12.7447,136.699,135.34,272.04
12.7647,120.028,129.798,249.827
12.7847,136.058,135.41,271.468
12.8047,119.056,129.234,248.29
12.8247,136.048,135.251,271.299
12.8447,116.839,128.107,244.945
12.8647,137.295,134.463,271.759
12.8847,118.206,128.902,247.109
12.9047,133.494,133.658,267.152
12.9247,120.356,129.837,250.193
12.9447,133.142,133.937,267.079
12.9647,120.231,129.956,250.187
12.9847,133.74,133.358,267.098
13.0047,120.656,129.583,250.239
13.0247,130.966,132.457,263.423
13.0447,120.247,129.551,249.798
13.0647,129.734,132.427,262.161
13.0847,120.602,129.058,249.66
13.1047,127.58,131.861,259.441
13.1247,121.027,130.473,251.5
13.1447,125.061,130.705,255.766
13.1647,123.284,130.904,254.188
13.1847,124.009,129.618,253.627
13.2047,122.775,131.735,254.51
13.2247,122.984,128.761,251.745
13.2447,122.042,131.858,253.9
13.2647,123.61,129.519,253.128
13.2847,123.782,131.795,255.577
13.3047,121.303,128.235,249.539
13.3247,123.583,131.775,255.358
13.3447,120.168,128.257,248.425
13.3647,122.672,132.376,255.048
13.3847,118.627,127.767,246.394
13.4047,123.647,131.352,254.999
13.4247,120.192,128.085,248.277
13.4447,123.125,131.357,254.482
13.4647,118.085,128.493,246.578
13.4847,121.804,131.616,253.42
13.5047,116.625,127.386,244.01
13.5247,121.315,131.439,252.754
13.5447,117.076,127.997,245.073
13.5647,123.214,131.137,254.351
13.5847,113.985,126.453,240.438
13.6047,123.467,130.753,254.219
13.6247,112.876,126.365,239.24
13.6447,122.48,130.845,253.325
13.6647,113.193,127.166,240.358
13.6847,122.152,129.832,251.985
13.7047,112.416,125.771,238.187
13.7247,122.085,130.249,252.334
13.7447,111.619,126.547,238.166
13.7647,120.83,129.735,250.565
13.7847,110.338,126.046,236.384
13.8047,119.171,129.303,248.474
13.8247,113.535,126.447,239.982
13.8447,118.989,128.676,247.664
13.8647,110.104,125.419,235.523
13.8847,121.646,129.71,251.356
13.9047,111.465,125.439,236.904
13.9247,119.859,129.698,249.557
13.9447,109.189,125.355,234.544
13.9647,119.596,129.046,248.642
13.9847,109.847,125.011,234.858
14.0047,119.961,127.935,247.896
14.0247,109.727,125.75,235.477
14.0447,116.38,128.003,244.383
14.0647,110.679,125.458,236.137
14.0847,117.056,128.442,245.499
14.1047,109.574,124.953,234.527
14.1247,117.439,127.963,245.402
14.1447,108.973,125.566,234.539
14.1647,115.583,127.773,243.356
14.1847,107.958,124.881,232.838
14.2047,115.013,127.792,242.806
14.2247,108.295,125.277,233.573
14.2447,114.517,127.283,241.8
14.2647,107.048,124.945,231.994
14.2847,113.274,126.556,239.83
14.3047,106.555,124.25,230.806
14.3247,114.813,126.76,241.573
14.3447,107.211,124.491,231.702
14.3647,113.379,127.2,240.579
14.3847,105.707,124.289,229.996
14.4047,114.167,126.575,240.742
14.4247,106.802,124.737,231.538
14.4447,113.324,126.829,240.152
14.4647,107.331,124.563,231.894
14.4847,111.966,125.411,237.377
14.5047,105.397,123.662,229.059
14.5247,111.052,125.336,236.388
14.5447,105.177,124.01,229.188
14.5647,110.036,125.386,235.423
14.5847,105.94,124.248,230.188
14.6047,109.9,124.837,234.737
14.6247,105.34,123.54,228.88
14.6447,110.631,125.391,236.023
14.6647,102.894,122.424,225.318
14.6847,110.535,125.018,235.553
14.7047,103.78,122.74,226.52
14.7247,109.524,124.661,234.185
14.7447,102.159,122.106,224.266
14.7647,109.79,125.265,235.055
14.7847,102.858,122.15,225.008
14.8047,108.826,124.382,233.208
14.8247,101.421,122.428,223.849
14.8447,108.822,124.088,232.91
14.8647,100.98,121.914,222.894
14.8847,108.757,124.212,232.968
14.9047,102.251,121.907,224.159
14.9247,107.366,124.084,231.45
14.9447,101.85,122.148,223.998
14.9647,108.342,123.818,232.16
14.9847,102.728,121.851,224.579
15.0047,106.274,123.454,229.728
15.0247,102.257,122.217,224.474
15.0447,104.926,122.485,227.411
15.0647,102.135,121.719,223.854
15.0847,105.404,122.699,228.103
15.1047,101.299,120.959,222.258
15.1247,104.671,123.089,227.76
15.1447,99.0594,121.018,220.077
15.1647,104.49,122.68,227.17
15.1847,100.456,121.744,222.2
15.2047,102.997,121.475,224.473
15.2247,100.75,121.508,222.258
15.2447,103.351,122.365,225.716
15.2647,100.059,120.904,220.963
15.2847,102.316,122.223,224.539
15.3047,99.2951,120.872,220.167
15.3247,101.7,121.572,223.271
15.3447,99.4276,120.444,219.871
15.3647,102.758,122.138,224.896
15.3847,97.2723,120.362,217.634
15.4047,104.28,121.929,226.21
15.4247,98.1971,119.933,218.13
15.4447,101.922,120.696,222.618
15.4647,95.8071,119.551,215.358
15.4847,101.356,120.517,221.874
15.5047,96.4367,119.552,215.989
15.5247,101.02,120.606,221.626
15.5447,97.6234,120.52,218.144
15.5647,101.158,120.797,221.955
15.5847,97.8701,120.367,218.237
15.6047,99.9724,120.723,220.696
15.6247,96.3011,119.357,215.659
15.6447,99.8423,120.841,220.683
15.6647,96.3417,120.218,216.56
15.6847,99.6811,120.413,220.094
15.7047,95.5314,118.21,213.742
15.7247,99.6033,120.068,219.672
15.7447,95.0799,119.14,214.22
15.7647,98.2128,119.34,217.553
15.7847,94.9628,118.855,213.818
15.8047,96.9337,119.65,216.583
15.8247,94.4022,118.394,212.796
15.8447,98.1827,119.652,217.835
15.8647,95.2941,117.828,213.122
15.8847,97.4344,119.082,216.516
15.9047,93.8491,118.413,212.262
15.9247,98.0117,119.139,217.151
15.9447,94.8354,117.568,212.404
15.9647,97.9268,119.438,217.365
15.9847,94.3921,117.804,212.196
16.0047,97.2761,119.475,216.751
16.0247,92.7734,117.885,210.658
16.0447,97.6804,119.407,217.088
16.0647,92.2831,117.758,210.041
16.0847,95.8742,118.353,214.227
16.1047,94.1952,118.032,212.227
16.1247,96.5531,118.891,215.444
16.1447,92.2695,117.037,209.307
16.1647,95.7488,118.612,214.361
16.1847,91.9157,117.277,209.193
16.2047,95.1772,117.803,212.98
16.2247,90.8844,116.863,207.747
16.2447,94.384,117.831,212.215
16.2647,89.5257,115.409,204.935
16.2847,96.6499,118.38,215.03
16.3047,90.2446,116.276,206.521
16.3247,93.9821,118.149,212.131
16.3447,90.6726,116.77,207.442
16.3647,95.4349,118.058,213.493
16.3847,90.536,116.028,206.563
16.4047,93.693,117.36,211.053
16.4247,88.6516,115.944,204.595
16.4447,92.9838,117.572,210.556
16.4647,89.5038,115.695,205.199
16.4847,92.8999,117.015,209.915
16.5047,89.6578,115.714,205.372
16.5247,92.4975,116.286,208.783
16.5447,88.5938,115.231,203.825
16.5647,92.5991,116.794,209.393
16.5847,88.0151,114.543,202.558
16.6047,90.6191,116.808,207.427
16.6247,89.4399,115.354,204.793
16.6447,92.243,115.908,208.151
16.6647,86.7944,114.32,201.115
16.6847,90.9208,116.021,206.942
16.7047,89.0362,114.436,203.472
16.7247,91.9591,116.047,208.006
16.7447,88.6501,114.873,203.523
16.7647,90.7875,115.574,206.361
16.7847,87.1593,114.248,201.408
16.8047,90.634,115.534,206.168
16.8247,86.4115,114.329,200.741
16.8447,92.4475,115.996,208.444
16.8647,86.8823,114.378,201.26
16.8847,89.7804,115.73,205.511
16.9047,86.5864,114.032,200.618
16.9247,90.7585,116.549,207.307
16.9447,85.7001,113.28,198.98
16.9647,90.0117,115.064,205.076
16.9847,86.4275,113.308,199.736
17.0047,90.3907,115.578,205.969
17.0247,85.3765,113.385,198.761
17.0447,89.5961,114.629,204.225
17.0647,87.3663,113.543,200.909
17.0847,87.5566,113.837,201.393
17.1047,85.5977,113.43,199.028
17.1247,87.857,114.124,201.981
17.1447,84.9813,113.532,198.514
17.1647,86.6547,113.724,200.379
17.1847,85.7591,112.613,198.372
17.2047,88.1572,113.757,201.915
17.2247,85.1116,113.152,198.264
17.2447,86.2437,113.475,199.719
17.2647,86.6304,113.283,199.913
17.2847,86.607,113.587,200.194
17.3047,83.4721,112.533,196.006
17.3247,86.8526,113.445,200.297
17.3447,82.9682,112.02,194.988
17.3647,85.7819,112.477,198.259
17.3847,84.5332,112.053,196.586
17.4047,85.4965,112.433,197.93
17.4247,85.1882,112.588,197.777
17.4447,84.5211,113.532,198.053
17.4647,83.4055,111.724,195.129
17.4847,85.2612,111.916,197.177
17.5047,84.5751,111.449,196.024
17.5247,84.1645,112.098,196.262
17.5447,81.9667,111.664,193.631
17.5647,84.4211,111.775,196.197
17.5847,83.9895,111.38,195.369
17.6047,84.2607,112.113,196.373
17.6247,82.221,111.459,193.68
17.6447,83.4396,111.824,195.264
17.6647,82.1351,110.963,193.098
17.6847,83.8247,111.738,195.562
17.7047,81.7446,110.752,192.497
17.7247,83.4206,111.523,194.943
17.7447,81.997,111.143,193.14
17.7647,83.4762,110.818,194.294
17.7847,81.7707,110.522,192.292
17.8047,83.141,111.106,194.247
17.8247,81.0529,110.191,191.244
17.8447,83.2832,111.111,194.394
17.8647,80.3689,110.412,190.781
17.8847,82.5676,110.497,193.065
17.9047,79.8907,109.775,189.666
17.9247,82.8217,110.821,193.643
17.9447,79.0398,109.256,188.296
17.9647,82.9664,110.305,193.271
17.9847,79.1656,109.871,189.036
18.0047,82.1711,110.405,192.576
18.0247,80.2323,109.203,189.435
18.0447,80.4896,110.412,190.901
18.0647,80.3778,109.127,189.504
18.0847,81.0043,109.927,190.932
18.1047,78.9969,109.593,188.59
18.1247,79.7221,109.9,189.622
18.1447,79.0354,109.298,188.334
18.1647,81.1229,109.756,190.879
18.1847,79.1163,109.166,188.282
18.2047,79.6755,108.84,188.516
18.2247,78.8808,108.748,187.628
18.2447,78.8406,109.439,188.279
18.2647,78.9028,108.238,187.14
18.2847,79.8217,109.058,188.879
18.3047,78.0652,108.262,186.327
18.3247,79.406,108.674,188.08
18.3447,77.9057,108.587,186.493
18.3647,79.476,108.901,188.377
18.3847,77.6405,108.014,185.655
18.4047,79.1931,108.534,187.727
18.4247,76.3669,107.13,183.497
18.4447,79.3997,107.889,187.289
18.4647,76.6166,107.655,184.271
18.4847,78.25,108.144,186.394
18.5047,77.7741,107.977,185.751
18.5247,78.034,107.891,185.925
18.5447,77.0151,107.168,184.183
18.5647,76.3622,107.821,184.183
18.5847,77.3057,107.618,184.924
18.6047,76.3483,107.897,184.245
18.6247,75.8454,107.423,183.268
18.6447,76.9781,108.165,185.143
18.6647,75.2681,107.112,182.38
18.6847,75.4457,107.579,183.024
18.7047,76.4138,107.452,183.866
18.7247,76.5797,107.31,183.89
18.7447,75.2621,106.385,181.647
18.7647,76.7362,107.097,183.834
18.7847,75.8151,106.926,182.741
18.8047,75.7462,106.897,182.644
18.8247,74.7274,106.867,181.595
18.8447,76.5215,106.886,183.407
18.8647,75.3572,106.921,182.278
18.8847,74.7818,106.299,181.08
18.9047,74.5744,105.836,180.411
18.9247,76.5561,106.104,182.66
18.9447,74.6305,105.785,180.415
18.9647,75.1188,105.545,180.664
18.9847,73.7412,105.775,179.517
19.0047,73.6106,105.55,179.16
19.0247,73.7995,106.132,179.932
19.0447,74.4446,105.831,180.276
19.0647,74.5213,106.059,180.581
19.0847,75.0061,105.695,180.702
19.1047,74.645,105.682,180.327
19.1247,74.3444,104.939,179.283
19.1447,73.5193,105.623,179.142
19.1647,72.8137,105.315,178.129
19.1847,73.7214,105.548,179.269
19.2047,74.3064,105.415,179.721
19.2247,73.1512,104.794,177.945
19.2447,73.1779,105.233,178.411
19.2647,72.9545,105.153,178.107
19.2847,73.8248,105.629,179.454
19.3047,72.1266,104.196,176.323
19.3247,73.009,105.245,178.254
19.3447,71.6162,104.307,175.923
19.3647,72.4762,104.446,176.923
19.3847,72.4825,104.292,176.774
19.4047,72.7723,104.644,177.416
19.4247,71.0851,103.887,174.972
19.4447,72.6929,104.059,176.752
19.4647,71.1492,103.938,175.087
19.4847,72.0698,104.084,176.154
19.5047,72.3562,104.236,176.593
19.5247,72.5499,104.544,177.094
19.5447,71.1808,103.407,174.588
19.5647,72.0066,103.99,175.996
19.5847,71.7644,104.364,176.128
19.6047,69.8767,103.746,173.623
19.6247,71.089,103.528,174.617
19.6447,70.9244,103.089,174.013
19.6647,70.697,104.011,174.708
19.6847,70.731,103.727,174.458
19.7047,71.0325,103.318,174.351
19.7247,69.9079,102.922,172.829
19.7447,70.996,102.863,173.859
19.7647,69.7374,102.936,172.673
19.7847,70.6803,103.314,173.994
19.8047,69.3357,103.079,172.414
19.8247,69.3079,102.59,171.898
19.8447,69.2475,102.908,172.156
19.8647,69.7105,103.057,172.768
19.8847,69.3244,102.818,172.142
19.9047,69.4976,102.409,171.907
19.9247,70.9846,102.507,173.491
19.9447,69.7372,102.499,172.237
19.9647,69.5057,103.064,172.57
19.9847,68.6497,102.243,170.892
20.0047,69.8366,101.769,171.606
20.0247,69.7554,102.116,171.871
20.0447,69.7047,101.621,171.325
20.0647,68.2502,101.171,169.421
20.0847,69.6336,101.806,171.44
20.1047,69.306,101.805,171.111
20.1247,68.4357,101.679,170.114
20.1447,67.2334,101.436,168.67
20.1647,67.9169,101.288,169.205
20.1847,68.4884,101.388,169.876
20.2047,68.3025,101.795,170.097
20.2247,67.7542,101.117,168.871
20.2447,68.0211,101.259,169.281
20.2647,68.4911,101.375,169.866
20.2847,67.7536,101.272,169.026
20.3047,67.8582,100.623,168.481
20.3247,67.7184,101.189,168.908
20.3447,67.8005,100.883,168.683
20.3647,66.8133,100.091,166.904
20.3847,68.6369,101.63,170.267
20.4047,67.5435,100.731,168.274
20.4247,66.9411,100.251,167.192
20.4447,67.0487,100.669,167.717
20.4647,66.4333,100.628,167.062
20.4847,66.4729,100.136,166.609
20.5047,67.1828,100.392,167.574
20.5247,65.4,99.8678,165.268
20.5447,66.9191,100.672,167.591
20.5647,65.1321,100.277,165.409
20.5847,66.8073,100.019,166.826
20.6047,66.1812,99.4607,165.642
20.6247,66.3274,100.01,166.338
20.6447,65.9728,99.9973,165.97
20.6647,66.1858,100.369,166.555
20.6847,66.3386,99.6717,166.01
20.7047,64.9907,100.103,165.094
20.7247,65.0681,99.5552,164.623
20.7447,66.1931,99.3291,165.522
20.7647,65.4607,99.854,165.315
20.7847,64.5049,99.2175,163.722
20.8047,64.8415,99.3116,164.153
20.8247,65.2143,99.0373,164.252
20.8447,64.6846,99.3826,164.067
20.8647,66.0612,99.2671,165.328
20.8847,64.4086,98.6994,163.108
20.9047,63.8898,99.1615,163.051
20.9247,65.2204,98.8778,164.098
20.9447,64.7141,99.0191,163.733
20.9647,64.4226,98.2044,162.627
20.9847,64.4274,98.7286,163.156
21.0047,64.0666,98.3136,162.38
21.0247,63.7534,98.1741,161.928
21.0447,65.7489,99.0872,164.836
21.0647,63.5958,98.1539,161.75
21.0847,64.4026,98.5904,162.993
21.1047,63.8804,98.0141,161.895
21.1247,64.4635,98.6362,163.1
21.1447,64.2893,98.2171,162.506
21.1647,63.6268,97.9079,161.535
21.1847,63.6162,97.5767,161.193
21.2047,63.8803,97.9912,161.871
21.2247,62.4871,97.6531,160.14
21.2447,63.4811,97.6868,161.168
21.2647,63.1736,97.9656,161.139
21.2847,62.7826,97.7903,160.573
21.3047,62.4255,97.5731,159.999
21.3247,63.9978,97.8777,161.876
21.3447,63.3144,97.9627,161.277
21.3647,62.1405,96.8854,159.026
21.3847,62.4168,97.1727,159.59
21.4047,62.8867,97.347,160.234
21.4247,62.2605,97.409,159.669
21.4447,61.7981,96.7144,158.513
21.4647,62.13,96.4303,158.56
21.4847,61.2492,96.662,157.911
21.5047,61.321,96.666,157.987
21.5247,61.893,96.8547,158.748
21.5447,62.1665,96.9732,159.14
21.5647,61.3065,96.5598,157.866
21.5847,61.1176,96.9871,158.105
21.6047,63.7336,96.7415,160.475
21.6247,61.3377,96.4978,157.836
21.6447,61.0522,96.2299,157.282
21.6647,61.6288,97.05,158.679
21.6847,60.4859,96.1576,156.644
21.7047,61.4188,96.505,157.924
21.7247,61.3429,96.4303,157.773
21.7447,60.3565,96.3749,156.731
21.7647,59.9195,95.8313,155.751
21.7847,60.8024,96.1318,156.934
21.8047,61.0331,96.1604,157.193
21.8247,60.2504,95.8293,156.08
21.8447,60.2179,96.2678,156.486
21.8647,59.681,95.8438,155.525
21.8847,61.1734,95.8085,156.982
21.9047,59.389,95.238,154.627
21.9247,60.5306,95.1581,155.689
21.9447,60.8118,94.8491,155.661
21.9647,60.0086,95.0858,155.094
21.9847,59.2982,95.2047,154.503
22.0047,60.398,94.8292,155.227
22.0247,59.9401,94.75,154.69
22.0447,58.5142,94.8816,153.396
22.0647,61.0023,95.2332,156.236
22.0847,59.6189,94.7885,154.407
22.1047,58.4408,94.2161,152.657
22.1247,60.3278,94.9799,155.308
22.1447,58.7926,95.015,153.808
22.1647,59.0045,94.5319,153.536
22.1847,59.9638,94.7118,154.676
22.2047,58.8161,94.4864,153.303
22.2247,58.955,94.5355,153.491
22.2447,58.6531,94.4058,153.059
22.2647,59.1175,94.632,153.749
22.2847,57.2934,94.0965,151.39
22.3047,59.3964,94.0208,153.417
22.3247,58.0215,94.224,152.246
22.3447,58.6748,94.2777,152.953
22.3647,58.5518,94.4192,152.971
22.3847,57.9556,93.9819,151.937
22.4047,58.4614,93.3938,151.855
22.4247,57.3855,94.071,151.456
22.4447,57.4057,93.2471,150.653
22.4647,57.825,93.1771,151.002
22.4847,57.9792,93.5035,151.483
22.5047,58.2879,93.5974,151.885
22.5247,57.3388,93.1671,150.506
22.5447,57.5305,93.3196,150.85
22.5647,58.2343,93.5524,151.787
22.5847,58.5204,92.9957,151.516
22.6047,57.3379,93.6245,150.962
22.6247,56.608,93.1345,149.743
22.6447,56.3002,92.5329,148.833
22.6647,57.4912,93.2382,150.729
22.6847,56.9589,92.9388,149.898
22.7047,56.6321,92.7993,149.431
22.7247,56.322,92.1908,148.513
22.7447,56.5338,92.9456,149.479
22.7647,56.7841,92.638,149.422
22.7847,57.1366,92.3686,149.505
22.8047,56.3545,92.0575,148.412
22.8247,55.9888,93.2148,149.204
22.8447,56.048,91.5583,147.606
22.8647,56.2966,92.7407,149.037
22.8847,56.3557,92.6466,149.002
22.9047,56.4583,92.7309,149.189
22.9247,55.5824,91.7985,147.381
22.9447,56.6361,92.0664,148.702
22.9647,55.1182,91.8467,146.965
22.9847,55.9723,92.0123,147.985
23.0047,56.5768,91.9962,148.573
23.0247,54.3557,92.2447,146.6
23.0447,55.6466,92.0848,147.731
23.0647,55.9584,91.3467,147.305
23.0847,55.2512,91.8447,147.096
23.1047,55.5332,91.2216,146.755
23.1247,55.4525,91.7265,147.179
23.1447,54.2386,91.1321,145.371
23.1647,54.9179,91.7139,146.632
23.1847,54.8263,91.3263,146.153
23.2047,54.9754,91.2792,146.255
23.2247,55.1094,90.8657,145.975
23.2447,55.6184,91.7324,147.351
23.2647,54.0785,91.1135,145.192
23.2847,54.7653,90.8938,145.659
23.3047,53.8486,90.3905,144.239
23.3247,54.7417,90.4707,145.212
23.3447,55.7267,91.0019,146.729
23.3647,55.9456,90.9085,146.854
23.3847,53.6839,90.2487,143.933
23.4047,55.0841,90.6104,145.694
23.4247,54.459,90.3722,144.831
23.4447,54.3268,90.5897,144.916
23.4647,52.5993,89.9092,142.509
23.4847,54.7121,90.0633,144.775
23.5047,53.8037,89.9277,143.731
23.5247,53.8099,90.3463,144.156
23.5447,53.9996,90.0949,144.095
23.5647,53.8795,90.3912,144.271
23.5847,53.7952,90.1256,143.921
23.6047,53.6999,89.9637,143.664
23.6247,53.8824,90.4332,144.316
23.6447,53.3498,89.6034,142.953
23.6647,52.7832,89.3416,142.125
23.6847,54.1404,89.9818,144.122
23.7047,52.0076,88.8694,140.877
23.7247,53.4012,89.7296,143.131
23.7447,53.4644,89.4395,142.904
23.7647,53.5396,89.3904,142.93
23.7847,53.6657,89.8424,143.508
23.8047,52.6917,88.9616,141.653
23.8247,52.9607,89.4711,142.432
23.8447,53.6701,88.6268,142.297
23.8647,52.4951,89.037,141.532
23.8847,53.8718,89.3493,143.221
23.9047,52.4933,88.804,141.297
23.9247,53.3128,89.1155,142.428
23.9447,52.1283,88.323,140.451
23.9647,52.2252,88.7406,140.966
23.9847,52.4115,88.5853,140.997
24.0047,52.1216,89.0516,141.173
24.0247,51.9238,88.4322,140.356
24.0447,51.95,88.4153,140.365
24.0647,51.8252,88.4624,140.288
24.0847,52.1994,87.9238,140.123
24.1047,52.0494,88.3049,140.354
24.1247,51.2669,88.0303,139.297
24.1447,52.1955,88.2058,140.401
24.1647,51.7091,88.0857,139.795
24.1847,51.5238,88.206,139.73
24.2047,52.5358,88.3526,140.888
24.2247,52.0967,88.2849,140.382
24.2447,51.2892,88.2437,139.533
24.2647,51.3379,88.3004,139.638
24.2847,51.2498,87.2915,138.541
24.3047,52.4559,88.1363,140.592
24.3247,50.9939,87.9044,138.898
24.3447,51.2097,87.357,138.567
24.3647,51.7837,87.4628,139.246
24.3847,49.7516,87.2854,137.037
24.4047,50.6936,87.5404,138.234
24.4247,51.076,87.8295,138.905
24.4447,51.0527,87.2464,138.299
24.4647,50.9612,87.1654,138.127
24.4847,50.1072,87.0608,137.168
24.5047,49.8573,86.6118,136.469
24.5247,50.2056,86.8526,137.058
24.5447,49.9656,86.9966,136.962
24.5647,50.539,86.9305,137.469
24.5847,49.5638,86.1218,135.686
24.6047,50.9234,86.7914,137.715
24.6247,50.5237,86.999,137.523
24.6447,50.3137,86.8478,137.162
24.6647,49.4319,86.6261,136.058
24.6847,50.4831,86.8358,137.319
24.7047,50.2392,86.5415,136.781
24.7247,50.5598,86.7839,137.344
24.7447,49.9225,86.4328,136.355
24.7647,49.4566,86.5196,135.976
24.7847,49.7084,85.7752,135.484
24.8047,48.4719,86.2306,134.702
24.8247,49.7966,86.218,136.015
24.8447,48.9953,85.7447,134.74
24.8647,50.082,86.0869,136.169
24.8847,49.5124,85.5991,135.111
24.9047,50.3687,86.608,136.977
24.9247,48.4208,85.6527,134.073
24.9447,49.7882,86.0065,135.795
24.9647,49.971,85.8135,135.785
24.9847,49.8045,85.8014,135.606
25.0047,48.3943,86.1085,134.503
25.0247,48.869,85.6612,134.53
25.0447,49.0093,85.8463,134.856
25.0647,48.7142,85.4438,134.158
25.0847,48.4793,85.4429,133.922
25.1047,48.9577,85.4575,134.415
25.1247,48.6944,85.0831,133.778
25.1447,48.8746,84.9847,133.859
25.1647,47.6502,85.4174,133.068
25.1847,48.5131,85.3925,133.906
25.2047,48.9716,85.2054,134.177
25.2247,47.4772,84.9272,132.404
25.2447,47.1985,84.4427,131.641
25.2647,48.6539,84.7508,133.405
25.2847,48.3805,85.018,133.399
25.3047,48.4156,84.7522,133.168
25.3247,47.7505,85.3513,133.102
25.3447,47.7916,85.0938,132.885
25.3647,48.3117,84.59,132.902
25.3847,47.2575,84.9743,132.232
25.4047,48.0154,84.4965,132.512
25.4247,48.4696,84.2446,132.714
25.4447,47.0571,83.9309,130.988
25.4647,46.7715,84.1848,130.956
25.4847,46.8967,84.4476,131.344
25.5047,47.6243,83.7602,131.385
25.5247,48.047,84.5182,132.565
25.5447,48.5611,84.1547,132.716
25.5647,48.0785,84.0439,132.122
25.5847,45.9256,84.1077,130.033
25.6047,47.7759,84.2324,132.008
25.6247,47.6394,83.9913,131.631
25.6447,46.167,83.1611,129.328
25.6647,47.7112,83.6278,131.339
25.6847,46.6248,83.5112,130.136
25.7047,47.9276,83.817,131.745
25.7247,46.1134,83.5734,129.687
25.7447,46.7054,83.201,129.906
25.7647,46.6821,83.4845,130.167
25.7847,46.7288,83.3556,130.084
25.8047,46.4304,83.633,130.063
25.8247,46.9466,83.3444,130.291
25.8447,46.0078,82.963,128.971
25.8647,46.6655,83.4252,130.091
25.8847,46.2831,82.9975,129.281
25.9047,46.5619,82.8419,129.404
25.9247,47.0866,83.232,130.319
25.9447,46.8805,83.2629,130.143
25.9647,46.2293,82.5564,128.786
25.9847,46.6855,82.9963,129.682
26.0047,45.0527,82.7822,127.835
26.0247,45.4857,82.4086,127.894
26.0447,46.5391,82.8443,129.383
26.0647,46.143,82.529,128.672
26.0847,46.4685,82.6499,129.118
26.1047,46.5661,82.3919,128.958
26.1247,45.8992,82.1555,128.055
26.1447,45.4983,82.0332,127.531
26.1647,45.4059,81.9384,127.344
26.1847,46.115,82.1618,128.277
26.2047,45.1634,81.9712,127.135
26.2247,46.465,82.0154,128.48
26.2447,45.0898,81.9318,127.022
26.2647,44.9592,81.4675,126.427
26.2847,45.9492,82.0783,128.028
26.3047,45.8258,81.7215,127.547
26.3247,44.6689,81.6853,126.354
26.3447,45.8208,82.3275,128.148
26.3647,44.5101,81.7933,126.303
26.3847,45.4471,81.4687,126.916
26.4047,45.2419,82.1565,127.398
26.4247,45.1855,81.7862,126.972
26.4447,45.7857,81.7623,127.548
26.4647,44.7554,81.1448,125.9
26.4847,44.7181,81.6144,126.332
26.5047,45.0853,81.0598,126.145
26.5247,44.4426,80.8144,125.257
26.5447,44.6065,81.4413,126.048
26.5647,44.5426,81.1496,125.692
26.5847,44.8657,81.2528,126.119
26.6047,44.1722,81.3583,125.53
26.6247,44.0422,81.1151,125.157
26.6447,43.732,81.1278,124.86
26.6647,44.2409,80.6445,124.885
26.6847,44.528,80.7096,125.238
26.7047,44.3589,81.2702,125.629
26.7247,44.3846,80.7665,125.151
26.7447,44.0944,80.9681,125.063
26.7647,44.4541,81.1681,125.622
26.7847,44.6548,80.8056,125.46
26.8047,44.2537,80.6387,124.892
26.8247,43.2837,80.5964,123.88
26.8447,43.6076,80.0841,123.692
26.8647,44.1951,80.148,124.343
26.8847,43.4032,79.9431,123.346
26.9047,44.4486,80.4808,124.929
26.9247,43.5364,80.3795,123.916
26.9447,43.7076,80.1417,123.849
26.9647,43.3965,80.1496,123.546
26.9847,43.5575,79.7935,123.351
27.0047,44.4645,79.8234,124.288
27.0247,43.04,80.0015,123.041
27.0447,43.5922,80.0493,123.641
27.0647,43.1357,80.1507,123.286
27.0847,42.8511,79.4321,122.283
27.1047,43.6381,79.4643,123.102
27.1247,43.2419,79.5325,122.774
27.1447,42.2648,79.9078,122.173
27.1647,43.5072,79.7152,123.222
27.1847,42.7247,79.5034,122.228
27.2047,43.1251,80.0547,123.18
27.2247,42.1839,78.932,121.116
27.2447,42.688,79.2016,121.89
27.2647,42.5807,79.3624,121.943
27.2847,42.7846,79.719,122.504
27.3047,41.5535,79.0039,120.557
27.3247,42.8766,79.2218,122.098
27.3447,44.2658,79.3742,123.64
27.3647,42.7981,79.0094,121.808
27.3847,42.0615,78.6541,120.716
27.4047,42.3363,79.1471,121.483
27.4247,42.1865,79.4303,121.617
27.4447,42.4572,78.6427,121.1
27.4647,42.3025,78.6726,120.975
27.4847,42.3817,78.9414,121.323
27.5047,41.0769,78.6718,119.749
27.5247,41.8329,78.7156,120.548
27.5447,41.719,78.687,120.406
27.5647,42.4724,78.4458,120.918
27.5847,42.4435,78.4258,120.869
27.6047,42.0914,78.4264,120.518
27.6247,41.7543,78.5094,120.264
27.6447,41.4517,78.4497,119.901
27.6647,42.2613,78.4257,120.687
27.6847,41.6924,78.5759,120.268
27.7047,42.3409,78.1842,120.525
27.7247,42.3438,78.6888,121.033
27.7447,41.4406,77.6357,119.076
27.7647,41.2858,77.9828,119.269
27.7847,40.9664,77.8526,118.819
27.8047,41.3217,78.2451,119.567
27.8247,41.3795,77.396,118.776
27.8447,40.1166,77.7193,117.836
27.8647,41.4916,77.4914,118.983
27.8847,41.2376,77.4438,118.681
27.9047,41.424,77.562,118.986
27.9247,41.7119,78.0157,119.728
27.9447,41.309,77.749,119.058
27.9647,40.7575,77.7833,118.541
27.9847,41.4977,77.6645,119.162
28.0047,40.7259,77.3931,118.119
28.0247,42.0814,77.3881,119.47
28.0447,40.3416,77.0282,117.37
28.0647,40.6914,76.9596,117.651
28.0847,40.9063,77.0552,117.961
28.1047,41.3816,77.3628,118.744
28.1247,40.4759,77.0662,117.542
28.1447,40.2531,76.7021,116.955
28.1647,41.0645,77.3394,118.404
28.1847,40.8004,76.9483,117.749
28.2047,40.5061,76.7298,117.236
28.2247,40.2733,77.0347,117.308
28.2447,40.2692,76.7995,117.069
28.2647,40.3111,76.591,116.902
28.2847,40.1417,76.4971,116.639
28.3047,39.4752,76.7942,116.269
28.3247,40.4413,76.5024,116.944
28.3447,40.172,76.6522,116.824
28.3647,40.4217,76.674,117.096
28.3847,39.8247,76.5535,116.378
28.4047,39.8337,76.3872,116.221
28.4247,39.9203,76.5782,116.499
28.4447,40.2986,76.7625,117.061
28.4647,39.6551,76.1525,115.808
28.4847,39.3391,76.3295,115.669
28.5047,39.5167,75.9046,115.421
28.5247,38.9721,75.7706,114.743
28.5447,39.2123,75.6805,114.893
28.5647,39.6503,75.9308,115.581
28.5847,39.5266,76.0203,115.547
28.6047,40.0907,75.5601,115.651
28.6247,39.2898,75.6533,114.943
28.6447,39.0714,75.5997,114.671
28.6647,38.9763,75.6786,114.655
28.6847,40.0749,75.8421,115.917
28.7047,38.8924,76.058,114.95
28.7247,39.0583,75.3635,114.422
28.7447,38.5984,75.3708,113.969
28.7647,40.0357,75.7234,115.759
28.7847,39.0028,75.2564,114.259
28.8047,39.2347,75.2848,114.519
28.8247,39.2009,75.3423,114.543
28.8447,37.7038,75.2771,112.981
28.8647,39.1494,74.9187,114.068
28.8847,38.6797,74.7584,113.438
28.9047,39.2284,75.4063,114.635
28.9247,39.1033,75.288,114.391
28.9447,38.9034,75.2069,114.11
28.9647,39.6651,75.3331,114.998
28.9847,38.648,74.6331,113.281
29.0047,38.3026,74.7941,113.097
29.0247,38.9644,74.8509,113.815
29.0447,39.4098,74.6646,114.074
29.0647,37.884,74.5674,112.451
29.0847,39.4686,74.8567,114.325
29.1047,37.8287,74.6791,112.508
29.1247,38.7636,74.6371,113.401
29.1447,38.5908,74.5359,113.127
29.1647,38.1912,74.7517,112.943
29.1847,37.9656,73.919,111.885
29.2047,38.6414,74.1845,112.826
29.2247,38.1397,73.893,112.033
29.2447,37.4884,74.1704,111.659
29.2647,37.7687,74.0764,111.845
29.2847,38.6495,73.7983,112.448
29.3047,38.5224,73.8615,112.384
29.3247,37.3535,73.7526,111.106
29.3447,38.0351,74.2003,112.235
29.3647,38.3023,74.2471,112.549
29.3847,38.062,73.782,111.844
29.4047,37.8028,74.1886,111.991
29.4247,37.6372,74.2831,111.92
29.4447,37.1636,74.0473,111.211
29.4647,38.1082,73.4973,111.605
29.4847,38.0522,73.4442,111.496
29.5047,37.4739,73.5947,111.069
29.5247,37.8225,73.5074,111.33
29.5447,37.4959,73.172,110.668
29.5647,37.9861,74.2013,112.187
29.5847,37.8182,73.3436,111.162
29.6047,37.7746,73.5415,111.316
29.6247,36.9062,73.3399,110.246
29.6447,37.8574,72.753,110.61
29.6647,36.0341,73.0996,109.134
29.6847,38.0198,73.4014,111.421
29.7047,37.0647,73.1024,110.167
29.7247,37.3246,72.8615,110.186
29.7447,36.9788,72.2962,109.275
29.7647,37.4304,72.9901,110.421
29.7847,36.5982,73.0189,109.617
29.8047,36.8763,73.0437,109.92
29.8247,36.8367,72.6996,109.536
29.8447,37.3617,72.8887,110.25
29.8647,36.9602,72.9064,109.867
29.8847,36.665,72.1063,108.771
29.9047,36.0642,72.657,108.721
29.9247,36.4625,72.8213,109.284
29.9447,37.0833,72.8544,109.938
29.9647,36.6153,72.2507,108.866
29.9847,36.2519,71.9755,108.227
30.0047,36.9074,72.2665,109.174
30.0247,36.8247,72.1948,109.02
30.0447,36.6762,72.1461,108.822
30.0647,36.4814,72.1511,108.633
30.0847,36.6932,72.4353,109.129
30.1047,36.6211,72.4165,109.038
30.1247,37.1413,72.4917,109.633
30.1447,36.8503,72.1681,109.018
30.1647,36.3582,72.6549,109.013
30.1847,36.494,72.2009,108.695
30.2047,36.3472,71.9774,108.325
30.2247,35.9113,71.9339,107.845
30.2447,36.0681,72.0511,108.119
30.2647,35.9095,72.1682,108.078
30.2847,36.2332,72.2493,108.483
30.3047,36.4256,71.551,107.977
30.3247,35.9526,71.5624,107.515
30.3447,35.6801,71.7581,107.438
30.3647,35.1176,71.051,106.169
30.3847,35.6359,71.2607,106.897
30.4047,35.9704,71.6036,107.574
30.4247,35.4567,71.0048,106.461
30.4447,35.9203,71.7485,107.669
30.4647,35.6809,71.4941,107.175
30.4847,35.8139,71.605,107.419
30.5047,35.3055,71.9343,107.24
30.5247,36.059,71.2865,107.346
30.5447,35.5492,71.4029,106.952
30.5647,35.7082,71.239,106.947
30.5847,35.4791,71.2416,106.721
30.6047,35.1642,70.8225,105.987
30.6247,35.4972,71.2545,106.752
30.6447,35.7648,71.3463,107.111
30.6647,35.5297,70.8245,106.354
30.6847,34.9607,70.3803,105.341
30.7047,35.1636,70.47,105.634
30.7247,35.6049,70.7651,106.37
30.7447,34.8249,70.0285,104.853
30.7647,35.0703,70.5938,105.664
30.7847,35.6264,70.5772,106.204
30.8047,34.4308,70.4357,104.867
30.8247,35.5728,70.2678,105.841
30.8447,35.9001,70.4405,106.341
30.8647,35.8426,70.4526,106.295
30.8847,35.431,71.0539,106.485
30.9047,35.0098,70.2539,105.264
30.9247,34.7975,69.9946,104.792
30.9447,35.2769,70.3307,105.608
30.9647,34.366,69.9564,104.322
30.9847,36.0256,70.6001,106.626
31.0047,34.3247,70.0875,104.412
31.0247,34.891,70.3019,105.193
31.0447,34.4473,70.1874,104.635
31.0647,34.5988,70.1876,104.786
31.0847,34.7322,70.005,104.737
31.1047,34.5879,70.0867,104.675
31.1247,34.287,70.047,104.334
31.1447,34.8329,70.1244,104.957
31.1647,34.1055,69.767,103.873
31.1847,34.8162,69.7904,104.607
31.2047,34.2947,69.5149,103.81
31.2247,34.732,69.4742,104.206
31.2447,34.4317,69.8863,104.318
31.2647,33.5557,69.3134,102.869
31.2847,34.2642,69.1459,103.41
31.3047,34.2512,69.4507,103.702
31.3247,33.7498,69.2788,103.029
31.3447,33.4464,69.4479,102.894
31.3647,34.3427,69.434,103.777
31.3847,34.2968,69.2114,103.508
31.4047,34.2854,69.2354,103.521
31.4247,34.4184,69.2988,103.717
31.4447,33.8887,69.1881,103.077
31.4647,34.6545,68.9455,103.6
31.4847,34.1333,69.1725,103.306
31.5047,34.4111,69.2327,103.644
31.5247,33.3694,68.6201,101.99
31.5447,33.8219,69.2938,103.116
31.5647,32.9515,68.7107,101.662
31.5847,33.8051,68.5248,102.33
31.6047,34.0671,69.0356,103.103
31.6247,33.3267,69.0728,102.4
31.6447,33.7541,68.9771,102.731
31.6647,33.8098,68.6715,102.481
31.6847,33.2409,68.2894,101.53
31.7047,33.939,68.8096,102.749
31.7247,34.0095,68.557,102.567
31.7447,34.034,68.6105,102.644
31.7647,32.6641,68.1378,100.802
31.7847,33.6221,68.4981,102.12
31.8047,33.8587,68.5206,102.379
31.8247,33.6888,68.3775,102.066
31.8447,34.2605,68.519,102.78
31.8647,32.9628,68.5383,101.501
31.8847,32.5258,68.0721,100.598
31.9047,33.5464,68.1513,101.698
31.9247,33.3713,68.1223,101.494
31.9447,33.3162,68.1198,101.436
31.9647,33.2112,67.7426,100.954
31.9847,31.4562,67.9089,99.3651
32.0047,32.5794,67.9296,100.509
32.0247,33.161,68.014,101.175
32.0447,32.5328,67.5168,100.05
32.0647,33.7478,67.8009,101.549
32.0847,32.4478,67.8637,100.311
32.1047,32.5196,67.623,100.143
32.1247,33.2069,67.7334,100.94
32.1447,33.0387,67.7381,100.777
32.1647,32.3487,67.5308,99.8795
32.1847,31.9058,67.5065,99.4123
32.2047,33.0221,67.7016,100.724
32.2247,32.7624,67.7789,100.541
32.2447,33.7278,67.4641,101.192
32.2647,31.6074,67.2376,98.8451
32.2847,32.2056,67.5052,99.7109
32.3047,33.0328,67.426,100.459
32.3247,31.6594,67.2919,98.9513
32.3447,32.5242,67.0431,99.5672
32.3647,32.2261,67.6512,99.8773
32.3847,32.3512,67.6215,99.9727
32.4047,32.4485,67.1154,99.5639
32.4247,31.9759,67.0868,99.0627
32.4447,31.8772,66.5585,98.4357
32.4647,31.9971,67.2533,99.2504
32.4847,32.4176,66.5991,99.0167
32.5047,32.2488,66.8154,99.0642
32.5247,32.1745,66.4852,98.6596
32.5447,32.1819,66.8286,99.0105
32.5647,32.0616,66.9144,98.976
32.5847,32.3894,66.5698,98.9592
32.6047,32.9602,66.9091,99.8692
32.6247,31.9118,66.6314,98.5433
32.6447,31.1301,66.1004,97.2305
32.6647,32.2662,66.4769,98.7431
32.6847,31.6084,66.2236,97.8321
32.7047,32.6597,66.494,99.1537
32.7247,31.8964,66.1571,98.0535
32.7447,31.8089,66.5792,98.388
32.7647,31.7419,66.6682,98.4101
32.7847,30.7452,66.1294,96.8747
32.8047,31.916,66.5157,98.4317
32.8247,31.9571,66.3271,98.2842
32.8447,31.1519,66.3121,97.4639
32.8647,31.6375,65.9341,97.5716
32.8847,32.3623,65.9804,98.3427
32.9047,31.2749,65.8361,97.111
32.9247,30.6879,65.6344,96.3222
32.9447,31.7061,66.0064,97.7126
32.9647,31.5514,65.5776,97.1289
32.9847,31.7454,65.9184,97.6637
33.0047,30.7122,65.8212,96.5334
33.0247,30.7827,65.7589,96.5416
33.0447,31.0917,65.9085,97.0002
33.0647,31.39,65.8803,97.2704
33.0847,31.8823,65.8018,97.6842
33.1047,31.2601,65.7432,97.0032
33.1247,31.1337,65.7464,96.8801
33.1447,31.2641,65.358,96.6221
33.1647,31.3102,65.8564,97.1666
33.1847,30.9377,65.4238,96.3615
33.2047,31.5482,65.493,97.0412
33.2247,30.3443,65.6152,95.9595
33.2447,31.2642,65.5897,96.8539
33.2647,30.6907,65.3025,95.9932
33.2847,30.6287,64.9376,95.5663
33.3047,30.5303,65.2281,95.7585
33.3247,30.9487,64.9198,95.8685
33.3447,30.5205,64.9834,95.5039
33.3647,30.8438,64.9117,95.7555
33.3847,31.3512,64.6429,95.994
33.4047,30.4706,65.252,95.7226
33.4247,30.7125,64.8197,95.5322
33.4447,30.5579,64.8305,95.3884
33.4647,30.9552,65.0096,95.9647
33.4847,31.189,65.032,96.221
33.5047,30.4557,64.5629,95.0186
33.5247,30.9282,65.1629,96.0911
33.5447,30.8792,65.1724,96.0516
33.5647,30.4523,64.592,95.0443
33.5847,30.4511,64.5528,95.0038
33.6047,30.0405,64.8406,94.8812
33.6247,30.544,64.9568,95.5008
33.6447,29.8916,64.6218,94.5134
33.6647,29.8751,64.4538,94.3289
33.6847,30.4174,64.5903,95.0076
33.7047,30.0176,64.5052,94.5229
33.7247,29.5653,64.2856,93.8509
33.7447,30.2608,64.5298,94.7907
33.7647,30.2344,64.0798,94.3142
33.7847,29.5976,63.9487,93.5464
33.8047,29.397,64.3766,93.7736
33.8247,30.5362,64.5306,95.0668
33.8447,30.7223,64.1274,94.8497
33.8647,30.3871,63.946,94.3331
33.8847,29.7184,63.771,93.4894
33.9047,29.9441,64.0329,93.977
33.9247,29.892,63.7292,93.6212
33.9447,29.5309,63.7871,93.318
33.9647,30.1411,63.9151,94.0562
33.9847,30.0955,63.6869,93.7824
34.0047,29.2896,63.9562,93.2459
34.0247,30.0013,63.6927,93.694
34.0447,29.317,63.5216,92.8386
34.0647,29.9219,63.5987,93.5205
34.0847,29.9732,63.8352,93.8084
34.1047,29.6808,63.6949,93.3757
34.1247,29.2742,63.5075,92.7817
34.1447,29.6837,63.3489,93.0327
34.1647,30.401,63.3403,93.7413
34.1847,29.7031,63.5978,93.3009
34.2047,29.4502,63.2097,92.6599
34.2247,29.1652,63.3828,92.548
34.2447,29.8637,63.2771,93.1408
34.2647,29.0693,63.1179,92.1872
34.2847,29.1418,63.3099,92.4516
34.3047,29.6059,63.1229,92.7287
34.3247,29.7777,63.1028,92.8805
34.3447,29.0092,62.8353,91.8445
34.3647,29.2257,62.6643,91.89
34.3847,30.1658,62.9112,93.077
34.4047,29.1028,63.0436,92.1464
34.4247,28.5908,62.7704,91.3612
34.4447,28.7004,62.896,91.5964
34.4647,29.1423,62.8392,91.9815
34.4847,29.3949,62.4912,91.8861
34.5047,29.2182,62.5953,91.8135
34.5247,28.6035,62.7388,91.3423
34.5447,28.6552,62.8614,91.5166
34.5647,28.7041,62.6932,91.3973
34.5847,28.8761,62.5429,91.4191
34.6047,28.7464,62.6073,91.3538
34.6247,29.4034,62.5966,92
34.6447,29.2315,62.2771,91.5086
34.6647,28.5005,62.5921,91.0926
34.6847,28.1351,62.3423,90.4774
34.7047,28.5194,62.4954,91.0149
34.7247,28.3143,62.3542,90.6685
34.7447,29.6435,62.6893,92.3328
34.7647,29.143,62.5926,91.7356
34.7847,28.7053,62.4588,91.1641
34.8047,28.2753,61.9176,90.1929
34.8247,28.2852,62.3188,90.604
34.8447,28.6098,62.5039,91.1137
34.8647,28.8062,61.9945,90.8006
34.8847,28.3227,62.0733,90.3959
34.9047,28.06,61.779,89.839
34.9247,28.2116,61.8753,90.0869
34.9447,28.1808,62.1506,90.3313
34.9647,27.8499,61.702,89.5519
34.9847,28.4373,62.0567,90.494
35.0047,27.9565,61.6314,89.5879
35.0247,27.8425,61.9296,89.7721
35.0447,28.0913,61.808,89.8992
35.0647,28.5305,62.0059,90.5364
35.0847,28.5323,62.0046,90.5368
35.1047,28.0334,61.7211,89.7545
35.1247,29.0269,62.0788,91.1057
35.1447,28.2437,61.7257,89.9694
35.1647,27.9165,61.7024,89.6189
35.1847,28.2696,61.4136,89.6832
35.2047,27.9825,61.3096,89.2921
35.2247,28.0417,61.4137,89.4554
35.2447,28.1255,61.3901,89.5157
35.2647,27.7298,61.4248,89.1546
35.2847,27.6228,61.4435,89.0662
35.3047,27.3727,60.6996,88.0723
35.3247,27.9679,60.9699,88.9378
35.3447,28.0101,61.0428,89.0529
35.3647,28.1116,61.2714,89.383
35.3847,27.6869,60.8111,88.498
35.4047,28.0861,61.1194,89.2055
35.4247,26.8264,61.01,87.8364
35.4447,28.1535,61.0334,89.1869
35.4647,27.6409,61.0142,88.6551
35.4847,27.0033,60.6515,87.6548
35.5047,27.9575,60.6993,88.6568
35.5247,27.2363,60.7072,87.9434
35.5447,27.6407,60.4582,88.0988
35.5647,27.2603,60.6139,87.8742
35.5847,28.3689,61.0178,89.3867
35.6047,27.2511,60.7309,87.982
35.6247,27.3495,60.6118,87.9613
35.6447,27.259,60.7174,87.9764
35.6647,27.8283,60.3713,88.1995
35.6847,27.0885,60.6328,87.7213
35.7047,27.8873,60.4268,88.3141
35.7247,27.2174,60.2779,87.4953
35.7447,27.0148,60.3066,87.3214
35.7647,27.4996,60.6795,88.1791
35.7847,26.5599,60.1395,86.6994
35.8047,27.638,60.0832,87.7213
35.8247,26.5234,60.2952,86.8187
35.8447,27.7655,60.3753,88.1408
35.8647,26.5362,59.7367,86.2729
35.8847,27.31,60.1978,87.5079
35.9047,27.0402,60.2547,87.2949
35.9247,27.2762,60.1846,87.4608
35.9447,26.4868,59.9473,86.4341
35.9647,27.6741,59.7298,87.4039
35.9847,27.3606,60.0927,87.4533
36.0047,27.2114,59.8094,87.0208
36.0247,26.9748,59.9478,86.9226
36.0447,27.409,59.8689,87.2779
36.0647,26.6025,59.8879,86.4904
36.0847,26.7144,59.5892,86.3037
36.1047,26.2136,59.4507,85.6643
36.1247,27.5674,59.5528,87.1202
36.1447,26.462,59.2966,85.7586
36.1647,26.4307,59.5857,86.0164
36.1847,26.4804,59.4008,85.8812
36.2047,26.9439,59.5288,86.4726
36.2247,26.4459,59.5671,86.013
36.2447,26.6732,59.3473,86.0205
36.2647,26.4685,59.4962,85.9647
36.2847,26.633,59.1536,85.7866
36.3047,26.049,59.4397,85.4887
36.3247,26.8655,59.1602,86.0257
36.3447,26.4064,59.2592,85.6657
36.3647,26.5146,59.3785,85.8931
36.3847,26.5327,59.2351,85.7678
36.4047,26.9471,58.9866,85.9337
36.4247,26.2493,59.1762,85.4255
36.4447,26.7548,58.8855,85.6402
36.4647,26.4487,59.1228,85.5714
36.4847,25.9798,58.984,84.9638
36.5047,25.9739,58.4857,84.4596
36.5247,25.8672,58.8293,84.6964
36.5447,25.9909,58.5806,84.5715
36.5647,26.5343,58.7246,85.2589
36.5847,26.6607,58.9692,85.6299
36.6047,26.1359,58.8627,84.9986
36.6247,26.1897,58.7929,84.9826
36.6447,25.8251,58.6166,84.4417
36.6647,25.7854,59.1138,84.8991
36.6847,25.3398,58.4012,83.741
36.7047,25.9598,58.6777,84.6376
36.7247,25.7111,58.5743,84.2854
36.7447,25.1881,58.5934,83.7815
36.7647,26.1908,58.6941,84.8849
36.7847,25.4854,58.4835,83.9689
36.8047,26.0306,58.4101,84.4408
36.8247,25.5848,58.3075,83.8923
36.8447,26.1222,58.4139,84.5361
36.8647,26.1129,58.3599,84.4728
36.8847,25.6337,58.2883,83.922
36.9047,25.5576,57.9833,83.541
36.9247,26.3303,58.1273,84.4576
36.9447,26.5463,58.2196,84.7659
36.9647,25.4707,58.1866,83.6574
36.9847,25.4978,58.0249,83.5226
37.0047,25.4434,58.2572,83.7006
37.0247,24.9898,58.2447,83.2345
37.0447,25.4688,57.7761,83.2449
37.0647,25.444,58.0227,83.4667
37.0847,26.0797,58.0751,84.1548
37.1047,25.8559,57.6739,83.5299
37.1247,25.5685,58.1231,83.6916
37.1447,25.47,57.7855,83.2554
37.1647,25.4807,57.6873,83.1679
37.1847,25.1721,57.5186,82.6907
37.2047,24.7586,57.4062,82.1648
37.2247,25.21,57.5696,82.7796
37.2447,26.1434,57.5563,83.6997
37.2647,25.1035,57.6377,82.7412
37.2847,24.8548,57.7664,82.6212
37.3047,25.4109,57.6939,83.1048
37.3247,25.0847,57.4152,82.4999
37.3447,25.1971,57.433,82.6301
37.3647,25.479,57.1793,82.6583
37.3847,24.7269,57.2565,81.9835
37.4047,25.5298,57.4667,82.9965
37.4247,24.4943,57.4944,81.9887
37.4447,24.8818,57.1801,82.0618
37.4647,24.6314,57.3005,81.9319
37.4847,24.7845,57.0081,81.7926
37.5047,25.033,57.2083,82.2413
37.5247,24.7682,57.1253,81.8935
37.5447,25.0146,57.0058,82.0204
37.5647,24.7663,57.0586,81.8249
37.5847,24.9215,56.9799,81.9015
37.6047,24.9926,56.7683,81.761
37.6247,24.3742,57.0954,81.4696
37.6447,24.394,56.6604,81.0544
37.6647,25.0233,56.6432,81.6665
37.6847,24.6639,56.6237,81.2876
37.7047,24.8893,56.797,81.6863
37.7247,25.171,56.5194,81.6904
37.7447,24.3688,56.5377,80.9065
37.7647,24.6039,56.6977,81.3016
37.7847,24.7264,56.5612,81.2876
37.8047,24.7945,56.5427,81.3371
37.8247,24.9368,56.6634,81.6003
37.8447,24.9435,56.4715,81.415
37.8647,24.4767,56.5933,81.07
37.8847,23.8108,56.3819,80.1927
37.9047,24.685,56.3763,81.0613
37.9247,24.4443,55.9212,80.3655
37.9447,24.9382,56.2203,81.1585
37.9647,24.8591,56.2442,81.1034
37.9847,23.9522,56.3947,80.3469
38.0047,23.8916,55.8906,79.7822
38.0247,25.1039,56.4426,81.5465
38.0447,24.0103,56.1626,80.173
38.0647,23.9553,56.2173,80.1727
38.0847,24.3397,56.3699,80.7097
38.1047,24.2325,55.8525,80.085
38.1247,23.8795,55.741,79.6205
38.1447,24.0037,55.9307,79.9343
38.1647,23.7163,55.6857,79.402
38.1847,24.4791,55.8173,80.2963
38.2047,24.2736,55.7566,80.0302
38.2247,24.7534,56.1174,80.8708
38.2447,24.0248,55.9179,79.9427
38.2647,24.2794,55.7877,80.0671
38.2847,24.0802,55.5928,79.673
38.3047,23.7037,55.5624,79.2661
38.3247,24.5225,55.7316,80.254
38.3447,24.1058,55.3459,79.4517
38.3647,23.521,55.3643,78.8853
38.3847,24.321,55.5165,79.8375
38.4047,24.2325,55.4409,79.6733
38.4247,23.3995,55.6259,79.0255
38.4447,24.1477,55.4204,79.568
38.4647,23.4076,55.2883,78.6959
38.4847,23.7427,55.0448,78.7875
38.5047,23.5181,55.1421,78.6603
38.5247,24.3857,55.143,79.5287
38.5447,23.5045,55.6917,79.1962
38.5647,23.421,55.3807,78.8017
38.5847,23.2335,55.1165,78.35
38.6047,24.258,55.108,79.366
38.6247,23.5426,55.2696,78.8122
38.6447,23.6083,55.0618,78.6702
38.6647,23.7543,54.8178,78.5722
38.6847,23.7474,55.0365,78.7839
38.7047,23.7336,55.0118,78.7454
38.7247,23.4128,54.9085,78.3213
38.7447,23.1911,54.8619,78.053
38.7647,23.6387,54.5923,78.231
38.7847,23.7823,54.477,78.2592
38.8047,23.9334,54.9745,78.9078
38.8247,23.666,54.6773,78.3433
38.8447,23.1108,54.443,77.5538
38.8647,23.1347,54.4642,77.5989
38.8847,23.4805,54.7136,78.1941
38.9047,23.3267,54.6802,78.0068
38.9247,23.7769,54.4065,78.1834
38.9447,23.7967,54.3879,78.1846
38.9647,23.3717,54.3108,77.6825
38.9847,22.9997,54.4945,77.4942
39.0047,22.5574,54.4321,76.9895
39.0247,23.5665,54.4622,78.0288
39.0447,23.2383,54.4786,77.7169
39.0647,23.5405,54.4953,78.0359
39.0847,23.2417,54.4552,77.6969
39.1047,23.2634,54.6121,77.8755
39.1247,23.0423,54.2,77.2423
39.1447,23.2892,54.4332,77.7224
39.1647,22.7924,54.1475,76.9398
39.1847,23.6435,54.3494,77.9929
39.2047,23.5037,53.8681,77.3717
39.2247,22.6525,54.0081,76.6605
39.2447,23.3057,53.7022,77.0078
39.2647,23.1513,53.9538,77.1052
39.2847,22.7856,53.9591,76.7447
39.3047,23.0474,54.0801,77.1276
39.3247,22.8445,53.816,76.6605
39.3447,22.1179,53.6914,75.8093
39.3647,23.6599,53.7781,77.438
39.3847,23.0229,53.7684,76.7913
39.4047,23.4041,53.8274,77.2315
39.4247,22.4869,53.4827,75.9695
39.4447,22.7299,53.7097,76.4396
39.4647,21.9011,53.4521,75.3531
39.4847,22.9782,53.3553,76.3335
39.5047,22.8031,53.5468,76.3499
39.5247,22.8503,53.3881,76.2383
39.5447,22.6616,53.4881,76.1497
39.5647,23.3267,53.6328,76.9595
39.5847,22.51,53.4557,75.9656
39.6047,22.5079,53.0676,75.5755
39.6247,22.3161,53.3528,75.6689
39.6447,22.9432,53.4221,76.3653
39.6647,21.9337,53.2748,75.2084
39.6847,22.2355,53.2457,75.4812
39.7047,22.7577,53.5617,76.3194
39.7247,22.5706,53.2044,75.775
39.7447,22.2666,53.1381,75.4046
39.7647,22.1453,52.9385,75.0838
39.7847,22.2637,53.1265,75.3902
39.8047,21.8895,53.1339,75.0234
39.8247,22.4789,53.1277,75.6066
39.8447,22.1812,52.9461,75.1274
39.8647,22.3835,52.8617,75.2452
39.8847,22.2829,52.9151,75.198
39.9047,22.5429,52.8197,75.3626
39.9247,22.5859,52.2841,74.87
39.9447,22.068,52.7307,74.7987
39.9647,21.9381,52.7532,74.6913
39.9847,22.3257,52.6987,75.0244
40.0047,21.7401,52.3956,74.1356
40.0247,22.0218,52.7129,74.7347
40.0447,22.2249,53.0372,75.2621
40.0647,22.1136,52.6131,74.7267
40.0847,21.7209,52.3405,74.0613
40.1047,22.0398,52.461,74.5008
40.1247,22.038,52.4215,74.4596
40.1447,22.0919,52.7049,74.7967
40.1647,21.8313,52.2334,74.0647
40.1847,21.7719,52.3884,74.1603
40.2047,22.1513,52.5961,74.7474
40.2247,21.3937,52.1527,73.5464
40.2447,21.8448,52.4719,74.3167
40.2647,21.8226,52.1172,73.9398
40.2847,21.2511,52.0598,73.3109
40.3047,22.4624,52.2962,74.7586
40.3247,21.8003,52.274,74.0743
40.3447,21.5673,52.0446,73.6119
40.3647,21.909,52.1216,74.0306
40.3847,21.6651,51.9705,73.6357
40.4047,21.6712,52.1916,73.8628
40.4247,21.6407,52.0204,73.6611
40.4447,21.8602,51.8362,73.6965
40.4647,22.0612,51.9713,74.0325
40.4847,21.2781,51.714,72.9921
40.5047,21.7122,51.8248,73.537
40.5247,21.7106,52.1236,73.8342
40.5447,21.5136,51.7369,73.2505
40.5647,21.9082,51.8883,73.7965
40.5847,21.8766,51.5909,73.4675
40.6047,21.0825,51.4253,72.5078
40.6247,21.453,51.538,72.9909
40.6447,21.1667,51.5325,72.6992
40.6647,21.6085,51.6109,73.2195
40.6847,21.401,51.4505,72.8515
40.7047,21.0316,51.2772,72.3088
40.7247,21.9815,51.2743,73.2557
40.7447,20.9366,51.0879,72.0245
40.7647,21.2376,51.6168,72.8544
40.7847,21.1051,50.9473,72.0524
40.8047,21.4543,51.2146,72.6689
40.8247,20.7982,50.9948,71.793
40.8447,21.252,51.3345,72.5865
40.8647,21.2931,51.1216,72.4147
40.8847,20.7755,50.9309,71.7063
40.9047,21.4765,51.0088,72.4852
40.9247,21.1988,51.3665,72.5653
40.9447,20.5106,50.6682,71.1788
40.9647,21.4861,51.1244,72.6105
40.9847,21.236,50.7807,72.0167
41.0047,21.5559,50.8702,72.4261
41.0247,20.9465,51.1892,72.1357
41.0447,21.1177,50.9871,72.1048
41.0647,21.3212,50.7719,72.0931
41.0847,21.2215,50.7824,72.0039
41.1047,20.5759,50.8648,71.4407
41.1247,20.9481,50.7098,71.6578
41.1447,20.714,50.9781,71.692
41.1647,20.8768,50.7565,71.6332
41.1847,20.3862,50.8754,71.2617
41.2047,20.6413,50.7476,71.3889
41.2247,20.7436,50.5935,71.3371
41.2447,20.6489,50.4823,71.1312
41.2647,21.0561,50.4391,71.4952
41.2847,20.5564,50.653,71.2094
41.3047,21.3048,50.4595,71.7643
41.3247,21.0715,50.6381,71.7095
41.3447,20.655,50.2625,70.9175
41.3647,20.6369,50.1095,70.7464
41.3847,20.7905,50.0936,70.8841
41.4047,20.2807,50.3109,70.5916
41.4247,20.4796,50.1626,70.6422
41.4447,20.4195,50.1309,70.5504
41.4647,20.9475,50.4103,71.3578
41.4847,20.7513,50.2086,70.9599
41.5047,20.4244,49.8943,70.3187
41.5247,20.5458,49.6593,70.2051
41.5447,20.8558,49.9409,70.7967
41.5647,20.4732,50.0432,70.5164
41.5847,20.6338,49.7918,70.4256
41.6047,20.2543,50.03,70.2843
41.6247,20.2511,49.4046,69.6557
41.6447,19.7346,49.9138,69.6484
41.6647,20.4311,49.7822,70.2133
41.6847,20.2217,50.0553,70.277
41.7047,20.3553,49.6923,70.0476
41.7247,20.0845,49.6339,69.7184
41.7447,20.1422,49.6668,69.8091
41.7647,20.3941,49.3486,69.7427
41.7847,20.2691,49.284,69.5531
41.8047,19.8307,49.4292,69.26
41.8247,20.0054,49.278,69.2834
41.8447,20.2676,49.3872,69.6548
41.8647,20.2756,49.8077,70.0833
41.8847,20.3668,49.4449,69.8117
41.9047,20.3002,49.2219,69.5221
41.9247,20.2881,49.1423,69.4304
41.9447,19.5828,49.3269,68.9097
41.9647,20.1603,49.2541,69.4145
41.9847,20.6023,49.3615,69.9638
42.0047,19.9489,49.2163,69.1653
42.0247,19.9282,49.1706,69.0988
42.0447,20.3097,48.9434,69.253
42.0647,19.7173,48.9979,68.7152
42.0847,19.846,48.8607,68.7067
42.1047,19.8481,49.1497,68.9978
42.1247,20.1049,49.1074,69.2123
42.1447,19.7023,48.8781,68.5804
42.1647,20.2403,48.6427,68.883
42.1847,20.4963,49.0204,69.5167
42.2047,19.4993,49.0615,68.5608
42.2247,19.9244,48.6331,68.5576
42.2447,19.398,48.856,68.2541
42.2647,19.9976,49.0862,69.0838
42.2847,20.0374,48.8413,68.8787
42.3047,19.1301,48.4148,67.5449
42.3247,19.5158,48.6363,68.1521
42.3447,19.889,48.659,68.548
42.3647,19.8094,48.6712,68.4806
42.3847,19.6417,48.446,68.0877
42.4047,19.4254,48.3594,67.7849
42.4247,20.0858,48.6702,68.756
42.4447,19.3486,48.455,67.8036
42.4647,19.8556,48.5903,68.4459
42.4847,19.8316,48.3101,68.1417
42.5047,19.7494,48.5232,68.2726
42.5247,19.3718,48.2445,67.6163
42.5447,19.2685,48.2616,67.5301
42.5647,19.687,48.3808,68.0678
42.5847,19.6131,48.36,67.9731
42.6047,19.655,48.3135,67.9684
42.6247,19.6429,48.2904,67.9333
42.6447,19.561,47.9048,67.4658
42.6647,19.263,48.1026,67.3656
42.6847,19.4215,47.8683,67.2898
42.7047,19.1357,48.0858,67.2215
42.7247,19.3587,48.1612,67.5199
42.7447,19.2199,47.7345,66.9545
42.7647,18.919,48.1008,67.0198
42.7847,18.9188,47.7028,66.6217
42.8047,18.8198,48.186,67.0057
42.8247,19.7162,47.8441,67.5603
42.8447,19.247,47.5272,66.7742
42.8647,19.0709,48.0898,67.1607
42.8847,19.3395,47.745,67.0844
42.9047,19.1995,47.6783,66.8778
42.9247,19.266,47.2457,66.5117
42.9447,19.3625,47.655,67.0175
42.9647,18.4769,47.6154,66.0923
42.9847,19.1516,47.7064,66.858
43.0047,19.4456,47.7642,67.2098
43.0247,19.0131,47.3246,66.3376
43.0447,19.0366,47.7903,66.827
43.0647,18.8603,47.3986,66.259
43.0847,18.9157,47.956,66.8717
43.1047,18.6,47.3186,65.9186
43.1247,18.5761,47.5427,66.1188
43.1447,19.0402,47.3658,66.406
43.1647,18.9761,47.4341,66.4101
43.1847,18.7339,47.4643,66.1982
43.2047,19.2077,47.1064,66.3141
43.2247,18.7737,47.3104,66.0841
43.2447,18.6409,46.9407,65.5817
43.2647,19.1927,46.9826,66.1754
43.2847,18.7062,47.2183,65.9245
43.3047,18.4665,47.1483,65.6148
43.3247,18.9983,46.9264,65.9247
43.3447,19.0789,46.9955,66.0744
43.3647,18.5691,46.9458,65.5149
43.3847,18.5382,46.7439,65.2821
43.4047,18.6171,46.8085,65.4257
43.4247,18.5952,46.6778,65.273
43.4447,17.9917,46.6502,64.6419
43.4647,18.9368,46.923,65.8598
43.4847,18.8369,46.6528,65.4897
43.5047,18.3588,46.699,65.0577
43.5247,18.3202,46.8314,65.1515
43.5447,18.5039,46.7055,65.2094
43.5647,18.4395,46.7179,65.1575
43.5847,18.828,46.5635,65.3916
43.6047,18.0544,46.6318,64.6861
43.6247,18.7131,46.5068,65.2199
43.6447,18.349,46.8256,65.1745
43.6647,18.2885,46.5565,64.845
43.6847,18.3052,46.2888,64.594
43.7047,18.5573,46.5604,65.1177
43.7247,18.4395,46.4363,64.8758
43.7447,17.8738,46.1723,64.0461
43.7647,18.3807,46.4301,64.8108
43.7847,18.3231,46.1006,64.4237
43.8047,18.1703,46.1491,64.3194
43.8247,18.1058,46.4954,64.6012
43.8447,18.1721,46.3666,64.5388
43.8647,17.942,46.1099,64.0519
43.8847,18.2304,46.1422,64.3726
43.9047,18.1387,46.0893,64.2281
43.9247,18.1808,45.8176,63.9985
43.9447,18.4545,45.9101,64.3646
43.9647,18.0775,46.2099,64.2874
43.9847,18.098,46.0279,64.1259
44.0047,17.6214,46.0002,63.6217
44.0247,17.7112,45.847,63.5582
44.0447,17.7301,45.8802,63.6104
44.0647,18.2453,45.7493,63.9945
44.0847,18.2514,45.7572,64.0086
44.1047,17.9663,45.9088,63.875
44.1247,17.976,45.738,63.714
44.1447,17.5027,45.5105,63.0133
44.1647,18.1364,45.5489,63.6853
44.1847,17.7781,45.6592,63.4373
44.2047,18.1002,45.6394,63.7396
44.2247,17.4954,45.6144,63.1098
44.2447,17.9518,45.5549,63.5067
44.2647,17.8779,45.3519,63.2298
44.2847,17.5113,45.3843,62.8956
44.3047,17.5936,45.3727,62.9664
44.3247,17.7292,45.3387,63.0678
44.3447,17.4618,45.0034,62.4651
44.3647,17.5526,45.3186,62.8713
44.3847,17.4091,45.352,62.7611
44.4047,17.2847,45.0488,62.3335
44.4247,17.9748,45.2978,63.2726
44.4447,17.3959,45.086,62.4819
44.4647,17.0919,45.3414,62.4333
44.4847,17.5208,45.0292,62.55
44.5047,17.1762,45.0552,62.2314
44.5247,17.2356,44.8565,62.0921
44.5447,17.5301,45.1601,62.6902
44.5647,17.1876,45.0406,62.2282
44.5847,17.092,44.8004,61.8924
44.6047,17.0688,44.9094,61.9782
44.6247,17.1597,44.9073,62.0669
44.6447,17.4081,44.7768,62.1849
44.6647,17.4289,45.0829,62.5118
44.6847,17.4207,44.6706,62.0912
44.7047,17.4734,44.7188,62.1922
44.7247,17.1894,44.6953,61.8847
44.7447,17.7928,44.6839,62.4767
44.7647,16.845,44.6049,61.4499
44.7847,17.1587,44.1966,61.3553
44.8047,17.0798,44.4322,61.512
44.8247,17.3975,44.5819,61.9794
44.8447,17.4343,44.6304,62.0647
44.8647,16.957,44.4535,61.4105
44.8847,16.7143,44.4546,61.1689
44.9047,17.1101,44.3958,61.5059
44.9247,16.5324,44.3369,60.8694
44.9447,16.7208,44.3141,61.0349
44.9647,17.0834,44.0735,61.1569
44.9847,17.0048,44.1133,61.1181
45.0047,17.1312,44.3158,61.4471
45.0247,16.6501,44.2674,60.9175
45.0447,17.1019,43.869,60.971
45.0647,17.216,43.9445,61.1605
45.0847,16.323,44.0135,60.3365
45.1047,16.9371,44.0855,61.0226
45.1247,16.6271,43.895,60.5221
45.1447,16.4564,44.0344,60.4908
45.1647,16.969,43.9024,60.8714
45.1847,16.6079,43.6081,60.2161
45.2047,16.6566,43.7433,60.3999
45.2247,16.3384,43.9102,60.2487
45.2447,16.8723,43.8172,60.6895
45.2647,16.302,43.4889,59.7909
45.2847,17.214,43.4731,60.6871
45.3047,16.7105,43.5002,60.2107
45.3247,16.3874,43.6062,59.9935
45.3447,16.4716,43.4173,59.8889
45.3647,16.4425,43.5568,59.9993
45.3847,16.5771,43.4759,60.053
45.4047,16.0757,43.4007,59.4764
45.4247,16.6243,43.5504,60.1747
45.4447,16.8302,43.1024,59.9325
45.4647,16.5362,43.2109,59.7471
45.4847,16.5128,43.3207,59.8335
45.5047,16.5339,43.1686,59.7026
45.5247,16.3331,43.3571,59.6902
45.5447,16.4335,43.2859,59.7195
45.5647,16.2272,43.2858,59.513
45.5847,16.1032,43.1482,59.2514
45.6047,16.1964,42.9729,59.1693
45.6247,15.7898,43.116,58.9058
45.6447,16.283,43.2554,59.5384
45.6647,16.6642,43.4263,60.0904
45.6847,16.1735,43.0042,59.1777
45.7047,16.4136,42.8171,59.2307
45.7247,16.3716,43.0728,59.4443
45.7447,16.1309,42.8051,58.9361
45.7647,15.9831,42.6445,58.6276
45.7847,16.0608,42.7529,58.8137
45.8047,15.6955,42.5558,58.2513
45.8247,15.7824,42.5707,58.3531
45.8447,15.8892,42.6582,58.5474
45.8647,15.9171,42.6403,58.5574
45.8847,15.7924,42.6322,58.4247
45.9047,16.0068,42.7508,58.7576
45.9247,15.529,42.4534,57.9824
45.9447,15.783,42.4395,58.2226
45.9647,16.1634,42.3984,58.5619
45.9847,15.734,42.5332,58.2673
46.0047,15.6276,42.4956,58.1231
46.0247,15.4818,42.3435,57.8253
46.0447,15.7557,42.3916,58.1473
46.0647,15.8436,42.3533,58.1968
46.0847,15.9743,42.2836,58.2578
46.1047,15.3208,42.281,57.6018
46.1247,15.6758,42.1796,57.8554
46.1447,15.5668,42.3549,57.9217
46.1647,15.7618,42.1563,57.9181
46.1847,16.0323,42.0413,58.0736
46.2047,15.7093,41.7557,57.465
46.2247,15.5698,41.9959,57.5657
46.2447,15.5384,42.0162,57.5546
46.2647,15.3831,41.8654,57.2485
46.2847,15.4561,41.955,57.4111
46.3047,15.1909,41.9047,57.0956
46.3247,15.2133,41.8796,57.093
46.3447,15.5575,41.9333,57.4908
46.3647,15.3047,41.9087,57.2135
46.3847,15.5123,41.5067,57.0189
46.4047,15.202,41.6335,56.8355
46.4247,15.4741,41.8445,57.3186
46.4447,15.1193,41.5644,56.6837
46.4647,15.4369,41.799,57.2359
46.4847,15.2523,41.6094,56.8617
46.5047,15.7121,41.8993,57.6114
46.5247,15.2333,41.321,56.5544
46.5447,15.3808,41.5076,56.8884
46.5647,15.1806,41.4179,56.5984
46.5847,15.3306,41.6375,56.9681
46.6047,15.5747,41.5242,57.0989
46.6247,14.9681,41.3289,56.2969
46.6447,15.3095,41.4641,56.7736
46.6647,15.1034,41.4539,56.5574
46.6847,15.1924,41.3079,56.5003
46.7047,15.4427,41.3889,56.8317
46.7247,15.1792,41.2268,56.406
46.7447,14.8041,41.5835,56.3876
46.7647,14.9569,41.0072,55.9641
46.7847,14.4895,41.1425,55.632
46.8047,14.7918,40.9074,55.6991
46.8247,14.7261,41.0639,55.79
46.8447,14.7687,40.9687,55.7374
46.8647,14.9699,40.8868,55.8567
46.8847,14.7389,40.8264,55.5654
46.9047,14.9677,40.832,55.7997
46.9247,14.6669,40.7103,55.3771
46.9447,14.9046,40.7674,55.672
46.9647,14.5417,40.8257,55.3673
46.9847,15.1198,40.6802,55.7999
47.0047,14.7102,40.7992,55.5094
47.0247,15.0394,40.6296,55.669
47.0447,14.7209,40.7318,55.4527
47.0647,14.8986,40.3997,55.2983
47.0847,14.4344,40.7573,55.1917
47.1047,14.926,40.3664,55.2924
47.1247,14.5901,40.415,55.0051
47.1447,14.3683,40.5217,54.89
47.1647,14.6674,40.3756,55.043
47.1847,14.619,40.3258,54.9448
47.2047,14.528,40.4357,54.9637
47.2247,14.5722,40.1503,54.7225
47.2447,14.1883,40.2208,54.4091
47.2647,14.6429,40.274,54.9169
47.2847,14.2901,40.1256,54.4157
47.3047,14.6363,40.0462,54.6825
47.3247,14.5288,40.1712,54.7
47.3447,14.3831,40.1373,54.5204
47.3647,14.395,39.9703,54.3653
47.3847,14.0253,39.8286,53.8539
47.4047,14.4042,40.0998,54.504
47.4247,14.1718,39.6524,53.8242
47.4447,14.1322,39.986,54.1182
47.4647,14.2059,40.0015,54.2074
47.4847,14.1318,39.8897,54.0215
47.5047,14.2719,39.8052,54.0771
47.5247,14.2246,39.6277,53.8523
47.5447,13.9751,39.587,53.5621
47.5647,14.0647,39.6838,53.7486
47.5847,14.1321,39.6052,53.7373
47.6047,14.3342,39.7985,54.1327
47.6247,14.3803,39.4452,53.8255
47.6447,13.8782,39.4433,53.3215
47.6647,13.6589,39.4581,53.117
47.6847,14.5269,39.5585,54.0854
47.7047,14.3721,39.3644,53.7365
47.7247,14.0247,39.345,53.3697
47.7447,14.1489,39.4537,53.6025
47.7647,14.2802,39.2247,53.505
47.7847,13.7617,39.2498,53.0115
47.8047,14.0539,39.287,53.3409
47.8247,13.7632,39.2021,52.9654
47.8447,13.9538,38.9193,52.873
47.8647,14.0318,39.2027,53.2345
47.8847,13.5865,39.2793,52.8657
47.9047,13.7576,39.0774,52.835
47.9247,14.184,39.1059,53.2899
47.9447,13.8949,38.8601,52.755
47.9647,13.7398,38.8847,52.6246
47.9847,13.895,39.1377,53.0327
48.0047,13.9459,38.7414,52.6873
48.0247,13.6264,38.4185,52.0449
48.0447,13.6783,38.9465,52.6248
48.0647,13.5378,38.6777,52.2155
48.0847,13.8041,38.9246,52.7287
48.1047,13.7163,38.4121,52.1284
48.1247,13.2543,38.5863,51.8406
48.1447,13.5285,38.4702,51.9987
48.1647,13.6336,38.4634,52.097
48.1847,13.5501,38.5044,52.0546
48.2047,13.4137,38.5985,52.0122
48.2247,13.6585,38.4033,52.0618
48.2447,13.396,38.2215,51.6175
48.2647,13.4074,38.2518,51.6592
48.2847,13.7456,38.3486,52.0941
48.3047,13.3973,38.3878,51.7852
48.3247,13.3814,38.4328,51.8143
48.3447,13.3614,37.9456,51.307
48.3647,13.4737,38.3067,51.7803
48.3847,13.1789,38.2948,51.4738
48.4047,13.6176,38.2311,51.8487
48.4247,13.352,38.0555,51.4074
48.4447,12.6868,37.7976,50.4844
48.4647,13.2529,37.9229,51.1758
48.4847,13.2095,37.9809,51.1904
48.5047,13.2596,37.8467,51.1063
48.5247,12.9548,37.7019,50.6567
48.5447,13.1701,37.8921,51.0622
48.5647,13.3901,37.6793,51.0694
48.5847,12.8109,37.6661,50.477
48.6047,13.1259,37.6391,50.7651
48.6247,12.9822,37.5484,50.5307
48.6447,13.2779,37.6581,50.936
48.6647,13.1765,37.5893,50.7658
48.6847,13.1819,37.6694,50.8512
48.7047,13.0933,37.6989,50.7922
48.7247,13.0744,37.5025,50.5769
48.7447,13.1231,37.5867,50.7099
48.7647,12.8152,37.3999,50.215
48.7847,12.8398,37.1296,49.9695
48.8047,12.7339,37.0456,49.7795
48.8247,12.8164,37.3296,50.146
48.8447,12.9824,37.2296,50.212
48.8647,12.6416,37.1609,49.8024
48.8847,12.6714,37.4124,50.0838
48.9047,13.2167,37.3502,50.5669
48.9247,12.7778,37.1142,49.892
48.9447,12.7354,37.4012,50.1366
48.9647,12.3744,37.1029,49.4773
48.9847,12.5391,36.9581,49.4973
49.0047,12.244,36.7797,49.0237
49.0247,12.7814,36.6645,49.4459
49.0447,12.7281,36.8344,49.5626
49.0647,12.5378,36.8482,49.3861
49.0847,12.609,36.8712,49.4803
49.1047,12.42,36.8038,49.2237
49.1247,12.5304,36.3778,48.9082
49.1447,12.3056,36.7097,49.0152
49.1647,12.7162,36.7676,49.4838
49.1847,12.5583,36.6709,49.2292
49.2047,12.4205,36.6694,49.0898
49.2247,12.3898,36.4444,48.8342
49.2447,12.3755,36.5676,48.9432
49.2647,12.3027,36.4902,48.7929
49.2847,12.28,36.3203,48.6003
49.3047,12.2259,36.4464,48.6723
49.3247,12.2564,36.3877,48.6441
49.3447,12.5186,36.3604,48.879
49.3647,12.0805,36.1035,48.184
49.3847,12.533,36.2517,48.7847
49.4047,12.5512,36.2902,48.8413
49.4247,12.1822,36.1515,48.3337
49.4447,12.3165,35.9785,48.295
49.4647,12.1311,36.2058,48.3369
49.4847,11.8266,36.0353,47.8619
49.5047,11.9673,36.057,48.0243
49.5247,12.1233,35.9468,48.07
49.5447,12.0872,36.0014,48.0887
49.5647,12.1571,36.0053,48.1624
49.5847,11.9193,35.8847,47.8039
49.6047,12.1226,35.8861,48.0087
49.6247,11.9432,36.0687,48.0119
49.6447,12.0351,35.8746,47.9096
49.6647,11.933,35.7005,47.6335
49.6847,11.4669,35.5826,47.0495
49.7047,11.9451,35.9783,47.9233
49.7247,11.7088,35.6739,47.3827
49.7447,11.7317,35.4106,47.1423
49.7647,11.7069,35.4491,47.156
49.7847,12.021,35.5632,47.5842
49.8047,11.7345,35.4439,47.1785
49.8247,11.5013,35.25,46.7512
49.8447,11.685,35.4329,47.1179
49.8647,11.6798,35.2969,46.9766
49.8847,11.7771,35.0949,46.872
49.9047,11.7776,35.3648,47.1424
49.9247,11.5227,35.235,46.7577
49.9447,11.7101,35.1252,46.8352
49.9647,11.4677,35.0723,46.54
49.9847,11.6699,35.0352,46.7051
50.0047,11.5569,35.131,46.6879
50.0247,11.4671,34.8761,46.3432
50.0447,11.3072,35.0075,46.3146
50.0647,11.4345,34.8926,46.3271
50.0847,11.4028,34.8342,46.237
50.1047,11.4703,34.9235,46.3939
50.1247,11.4801,34.8948,46.3749
50.1447,11.2216,34.7787,46.0002
50.1647,11.1724,34.51,45.6824
50.1847,11.2525,34.5567,45.8092
50.2047,11.0851,34.6534,45.7386
50.2247,11.4277,34.5813,46.009
50.2447,11.3069,34.6138,45.9207
50.2647,11.2455,34.5013,45.7468
50.2847,11.3198,34.4708,45.7906
50.3047,10.9964,34.3689,45.3653
50.3247,11.1077,34.4031,45.5108
50.3447,11.0972,34.3672,45.4644
50.3647,11.1341,34.2361,45.3702
50.3847,10.9502,34.3301,45.2803
50.4047,11.1032,34.2361,45.3393
50.4247,10.9674,33.9347,44.9021
50.4447,11.0831,34.1078,45.1909
50.4647,11.2519,34.0571,45.309
50.4847,11.0465,34.1034,45.1499
50.5047,10.8893,34.0102,44.8996
50.5247,11.0169,34.2213,45.2382
50.5447,10.8921,33.9153,44.8073
50.5647,10.7932,33.8839,44.6771
50.5847,10.8842,34.0286,44.9128
50.6047,10.9435,33.8411,44.7846
50.6247,10.8406,33.7401,44.5806
50.6447,10.6952,33.6455,44.3407
50.6647,10.7084,33.5127,44.2211
50.6847,10.7437,33.6664,44.4102
50.7047,10.7251,33.5265,44.2516
50.7247,10.4565,33.4909,43.9474
50.7447,10.6162,33.347,43.9633
50.7647,10.5915,33.4528,44.0443
50.7847,10.8774,33.4247,44.3021
50.8047,10.377,33.4489,43.8259
50.8247,10.6023,33.3315,43.9338
50.8447,10.4985,33.1968,43.6954
50.8647,10.5229,33.2242,43.7471
50.8847,10.4018,33.2862,43.688
50.9047,10.4607,33.3546,43.8152
50.9247,10.5242,33.0526,43.5768
50.9447,10.4164,33.2167,43.6331
50.9647,10.2296,33.0272,43.2569
50.9847,10.6263,33.007,43.6333
51.0047,10.4088,33.0276,43.4364
51.0247,10.6443,32.9776,43.6218
51.0447,10.4632,32.8295,43.2927
51.0647,10.3575,32.9199,43.2774
51.0847,10.4221,32.9211,43.3432
51.1047,10.178,32.8174,42.9954
51.1247,10.2106,32.8027,43.0133
51.1447,10.3292,32.8307,43.1599
51.1647,10.1954,32.58,42.7755
51.1847,10.2293,32.5314,42.7606
51.2047,10.0848,32.5763,42.6612
51.2247,10.0507,32.5085,42.5591
51.2447,10.0236,32.362,42.3856
51.2647,9.94196,32.4565,42.3984
51.2847,9.82264,32.4128,42.2354
51.3047,9.92902,32.3928,42.3218
51.3247,9.97171,32.2048,42.1765
51.3447,9.98536,32.3553,42.3407
51.3647,9.97381,32.2324,42.2062
51.3847,10.1291,32.2746,42.4037
51.4047,10.0399,32.2876,42.3275
51.4247,9.84319,32.2103,42.0535
51.4447,9.90411,32.0926,41.9967
51.4647,10.0433,31.9294,41.9727
51.4847,9.75404,32.0778,41.8318
51.5047,9.71735,31.9474,41.6648
51.5247,9.60606,31.8468,41.4529
51.5447,9.68986,31.917,41.6069
51.5647,9.74584,32.0059,41.7518
51.5847,9.46699,31.8039,41.2709
51.6047,9.73942,31.5253,41.2647
51.6247,9.68848,31.7138,41.4023
51.6447,9.65971,31.7558,41.4155
51.6647,9.79423,31.5283,41.3225
51.6847,9.56734,31.5435,41.1109
51.7047,9.33474,31.5532,40.8879
51.7247,9.28309,31.4195,40.7026
51.7447,9.47893,31.3185,40.7974
51.7647,9.52059,31.3006,40.8212
51.7847,9.57935,31.458,41.0374
51.8047,9.51474,31.345,40.8597
51.8247,9.35444,31.2094,40.5639
51.8447,9.2063,31.2449,40.4512
51.8647,9.50816,31.1336,40.6417
51.8847,9.15087,31.2632,40.414
51.9047,9.2057,30.9324,40.1381
51.9247,9.0731,30.9748,40.0479
51.9447,9.15048,30.7486,39.8991
51.9647,9.31884,30.8817,40.2005
51.9847,9.20338,30.8437,40.0471
52.0047,9.09596,30.7773,39.8733
52.0247,9.21613,30.7044,39.9205
52.0447,9.26838,30.7445,40.0129
52.0647,9.0146,30.5342,39.5488
52.0847,9.08222,30.5391,39.6214
52.1047,9.27097,30.6442,39.9152
52.1247,8.89484,30.4763,39.3712
52.1447,9.0741,30.4449,39.519
52.1647,8.98819,30.3944,39.3826
52.1847,8.8248,30.294,39.1188
52.2047,8.84693,30.4515,39.2984
52.2247,8.83265,30.2556,39.0883
52.2447,8.93279,30.3499,39.2827
52.2647,8.78704,30.2965,39.0836
52.2847,8.75413,30.2637,39.0178
52.3047,8.90073,30.3394,39.2401
52.3247,8.85445,30.2256,39.0801
52.3447,8.79904,30.07,38.8691
52.3647,8.82935,30.0447,38.8741
52.3847,8.70217,29.9355,38.6377
52.4047,8.86271,29.8914,38.7541
52.4247,8.74863,29.8256,38.5742
52.4447,8.64015,29.9306,38.5708
52.4647,8.56695,29.8381,38.4051
52.4847,8.57858,29.7561,38.3347
52.5047,8.50441,29.7854,38.2898
52.5247,8.49479,29.6402,38.135
52.5447,8.46203,29.7462,38.2082
52.5647,8.49025,29.5045,37.9947
52.5847,8.49267,29.5703,38.063
52.6047,8.6344,29.4238,38.0582
52.6247,8.41534,29.5252,37.9405
52.6447,8.38719,29.4077,37.7949
52.6647,8.52525,29.1319,37.6572
52.6847,8.21474,29.383,37.5978
52.7047,8.50385,29.4153,37.9192
52.7247,8.25479,29.3188,37.5736
52.7447,8.51463,29.1629,37.6776
52.7647,8.33899,29.1606,37.4996
52.7847,8.28341,29.0927,37.3761
52.8047,8.31287,29.1492,37.4621
52.8247,8.01982,29.1697,37.1895
52.8447,8.10163,29.0208,37.1224
52.8647,7.88679,28.9168,36.8036
52.8847,8.11188,28.8319,36.9437
52.9047,8.1278,28.8757,37.0035
52.9247,8.15015,28.8218,36.972
52.9447,8.11844,28.7312,36.8496
52.9647,8.12716,28.5392,36.6663
52.9847,7.98394,28.436,36.4199
53.0047,7.92378,28.5268,36.4505
53.0247,7.91074,28.3839,36.2946
53.0447,7.82853,28.4448,36.2734
53.0647,7.852,28.4931,36.3451
53.0847,7.8335,28.4814,36.3149
53.1047,7.79414,28.4027,36.1969
53.1247,7.77589,28.163,35.9389
53.1447,7.70232,28.3068,36.0091
53.1647,7.73066,28.0758,35.8065
53.1847,7.73266,28.2194,35.9521
53.2047,7.83488,28.1773,36.0122
53.2247,7.71781,28.1359,35.8537
53.2447,7.81774,28.0052,35.8229
53.2647,7.63902,27.9199,35.559
53.2847,7.54939,27.8828,35.4322
53.3047,7.48488,27.8523,35.3372
53.3247,7.60316,27.8117,35.4148
53.3447,7.35306,27.8094,35.1624
53.3647,7.46889,27.9794,35.4483
53.3847,7.47956,27.6471,35.1267
53.4047,7.42917,27.6847,35.1139
53.4247,7.18102,27.5173,34.6984
53.4447,7.27008,27.7073,34.9774
53.4647,7.25675,27.3372,34.594
53.4847,7.29223,27.6504,34.9426
53.5047,7.36141,27.4295,34.7909
53.5247,7.40055,27.3251,34.7257
53.5447,7.09877,27.5076,34.6064
53.5647,7.20951,27.443,34.6525
53.5847,7.16252,27.1915,34.3541
53.6047,7.09371,27.1066,34.2003
53.6247,7.2856,27.2014,34.487
53.6447,7.26278,27.0865,34.3493
53.6647,7.14841,27.0184,34.1668
53.6847,6.89892,27.0042,33.9031
53.7047,6.84642,27.0293,33.8757
53.7247,6.92635,26.9592,33.8855
53.7447,6.85167,26.9867,33.8383
53.7647,6.77044,26.6377,33.4081
53.7847,6.85192,26.789,33.641
53.8047,6.78865,26.811,33.5997
53.8247,6.74231,26.696,33.4383
53.8447,6.91028,26.4202,33.3305
53.8647,6.80903,26.5788,33.3878
53.8847,6.69728,26.5272,33.2245
53.9047,6.64547,26.513,33.1585
53.9247,6.63935,26.3466,32.9859
53.9447,6.57639,26.2765,32.8529
53.9647,6.53994,26.3674,32.9073
53.9847,6.43285,26.1616,32.5944
54.0047,6.61554,26.1511,32.7666
54.0247,6.64189,26.1973,32.8392
54.0447,6.36186,26.2086,32.5705
54.0647,6.4281,25.9683,32.3964
54.0847,6.56372,26.0949,32.6586
54.1047,6.47345,25.9337,32.4071
54.1247,6.23568,26.0243,32.2599
54.1447,6.26511,25.7676,32.0327
54.1647,6.29183,25.8859,32.1777
54.1847,6.42127,25.8606,32.2819
54.2047,6.10772,25.7531,31.8608
54.2247,6.44217,25.8498,32.292
54.2447,6.33743,25.534,31.8714
54.2647,5.95834,25.5064,31.4647
54.2847,6.23039,25.4907,31.7211
54.3047,6.09227,25.5009,31.5932
54.3247,6.04764,25.6663,31.7139
54.3447,6.07538,25.4008,31.4762
54.3647,6.0137,25.411,31.4247
54.3847,6.2008,25.3823,31.5831
54.4047,6.04415,25.3097,31.3538
54.4247,5.86448,25.0827,30.9472
54.4447,5.79184,25.1334,30.9253
54.4647,5.91195,25.0663,30.9782
54.4847,5.80016,25.0747,30.8749
54.5047,5.68294,24.8928,30.5757
54.5247,5.76285,24.9947,30.7575
54.5447,5.74077,24.8022,30.543
54.5647,5.6195,24.7877,30.4072
54.5847,5.66904,24.8167,30.4858
54.6047,5.50762,24.682,30.1896
54.6247,5.46485,24.5084,29.9733
54.6447,5.60717,24.5697,30.1768
54.6647,5.67496,24.5162,30.1911
54.6847,5.77854,24.5942,30.3728
54.7047,5.57251,24.6118,30.1843
54.7247,5.37647,24.3746,29.7511
54.7447,5.4525,24.4774,29.9299
54.7647,5.36918,24.281,29.6501
54.7847,5.31869,24.2816,29.6003
54.8047,5.35638,24.1357,29.4921
54.8247,5.28643,24.3053,29.5917
54.8447,5.20246,24.3132,29.5157
54.8647,5.2673,24.1633,29.4306
54.8847,5.23385,23.9602,29.1941
54.9047,5.14057,23.8772,29.0178
54.9247,5.18097,23.9266,29.1075
54.9447,5.03417,23.8365,28.8707
54.9647,4.97005,23.9063,28.8764
54.9847,5.03316,23.6771,28.7103
55.0047,5.06589,23.6649,28.7308
55.0247,4.8858,23.4353,28.3211
55.0447,5.06071,23.5382,28.5989
55.0647,4.84319,23.5705,28.4137
55.0847,4.94665,23.4587,28.4054
55.1047,4.87795,23.4535,28.3314
55.1247,4.63879,23.3398,27.9786
55.1447,4.58781,23.3261,27.9139
55.1647,4.7556,23.2169,27.9725
55.1847,4.72156,23.0873,27.8088
55.2047,4.74333,23.1123,27.8556
55.2247,4.66574,22.98,27.6457
55.2447,4.67705,23.055,27.732
55.2647,4.55836,22.9234,27.4818
55.2847,4.5585,22.9541,27.5126
55.3047,4.53685,22.7127,27.2496
55.3247,4.4723,22.8769,27.3492
55.3447,4.43315,22.7213,27.1544
55.3647,4.3917,22.7607,27.1524
55.3847,4.35381,22.6844,27.0382
55.4047,4.38349,22.4096,26.7931
55.4247,4.24918,22.4428,26.692
55.4447,4.51197,22.445,26.9569
55.4647,4.34421,22.4185,26.7628
55.4847,4.14345,22.2151,26.3585
55.5047,4.24712,22.3172,26.5644
55.5247,4.1673,22.2519,26.4192
55.5447,4.04334,22.1383,26.1817
55.5647,4.05102,22.0834,26.1344
55.5847,4.0834,22.0828,26.1662
55.6047,4.05466,21.9503,26.0049
55.6247,3.97305,21.9447,25.9177
55.6447,4.05546,21.8393,25.8948
55.6647,3.95802,21.8193,25.7773
55.6847,3.95184,21.7484,25.7003
55.7047,3.87923,21.7092,25.5884
55.7247,3.76678,21.7125,25.4793
55.7447,3.78295,21.5252,25.3082
55.7647,3.72524,21.5372,25.2624
55.7847,3.71791,21.5288,25.2467
55.8047,3.65866,21.4402,25.0989
55.8247,3.67866,21.2591,24.9377
55.8447,3.56515,21.412,24.9772
55.8647,3.62205,21.2642,24.8863
55.8847,3.53996,21.1442,24.6842
55.9047,3.52925,21.1749,24.7041
55.9247,3.47413,21.1161,24.5902
55.9447,3.34419,20.9869,24.3311
55.9647,3.39781,21.0122,24.41
55.9847,3.3682,20.8503,24.2185
56.0047,3.46063,20.746,24.2066
56.0247,3.36752,20.8469,24.2145
56.0447,3.25582,20.7867,24.0426
56.0647,3.26236,20.5379,23.8003
56.0847,3.28719,20.64,23.9272
56.1047,3.37463,20.421,23.7957
56.1247,3.20234,20.4988,23.7012
56.1447,3.14499,20.4896,23.6346
56.1647,3.12357,20.4262,23.5498
56.1847,3.20003,20.1465,23.3466
56.2047,3.11041,20.2882,23.3986
56.2247,3.05265,20.1994,23.2521
56.2447,3.08444,20.0388,23.1232
56.2647,2.98351,20.1003,23.0838
56.2847,3.01404,20.122,23.136
56.3047,2.88145,19.9483,22.8298
56.3247,3.00529,19.9143,22.9196
56.3447,2.8903,19.8538,22.7441
56.3647,2.82295,19.7842,22.6071
56.3847,2.75732,19.7577,22.515
56.4047,2.74452,19.7199,22.4644
56.4247,2.7203,19.6058,22.3261
56.4447,2.71708,19.6398,22.3569
56.4647,2.71873,19.6267,22.3454
56.4847,2.61204,19.4878,22.0998
56.5047,2.59866,19.465,22.0637
56.5247,2.72323,19.3667,22.0899
56.5447,2.51891,19.4049,21.9238
56.5647,2.51166,19.3088,21.8205
56.5847,2.51766,19.0698,21.5874
56.6047,2.61898,19.0273,21.6462
56.6247,2.37384,19.1381,21.5119
56.6447,2.52876,18.9055,21.4342
56.6647,2.38789,19.0172,21.4051
56.6847,2.37499,19.0057,21.3807
56.7047,2.45842,18.8481,21.3065
56.7247,2.4845,18.8465,21.331
56.7447,2.3703,18.7217,21.092
56.7647,2.37696,18.6114,20.9884
56.7847,2.39845,18.5964,20.9949
56.8047,2.34085,18.5639,20.9048
56.8247,2.30172,18.5508,20.8525
56.8447,2.22963,18.3628,20.5925
56.8647,2.27036,18.4949,20.7653
56.8847,2.16701,18.3721,20.5391
56.9047,2.11704,18.1745,20.2915
56.9247,2.11222,18.2802,20.3924
56.9447,2.09196,18.1733,20.2653
56.9647,2.20189,18.0749,20.2768
56.9847,2.15421,18.1496,20.3038
57.0047,2.04039,17.8934,19.9338
57.0247,2.0759,17.9678,20.0437
57.0447,1.94735,17.8627,19.81
57.0647,2.12056,17.7298,19.8503
57.0847,1.98671,17.686,19.6727
57.1047,1.9417,17.7028,19.6445
57.1247,2.02229,17.4943,19.5166
57.1447,1.94045,17.4225,19.363
57.1647,1.81907,17.5301,19.3492
57.1847,1.8546,17.5247,19.3793
57.2047,1.8774,17.4219,19.2993
57.2247,1.77784,17.4746,19.2524
57.2447,1.95728,17.3004,19.2577
57.2647,1.71588,17.1493,18.8651
57.2847,1.83498,17.205,19.04
57.3047,1.79399,17.1697,18.9637
57.3247,1.89533,16.9262,18.8215
57.3447,1.68776,17.0711,18.7588
57.3647,1.78218,16.9767,18.7589
57.3847,1.69614,17.051,18.7471
57.4047,1.6713,16.9263,18.5976
57.4247,1.64947,16.8409,18.4904
57.4447,1.6611,16.7637,18.4248
57.4647,1.49971,16.694,18.1937
57.4847,1.54167,16.6428,18.1845
57.5047,1.65326,16.6437,18.297
57.5247,1.56555,16.6285,18.194
57.5447,1.54552,16.4341,17.9796
57.5647,1.45447,16.4569,17.9114
57.5847,1.60315,16.2494,17.8525
57.6047,1.51573,16.2978,17.8135
57.6247,1.54146,16.1774,17.7189
57.6447,1.41405,16.1311,17.5452
57.6647,1.41193,16.2288,17.6407
57.6847,1.48085,16.0287,17.5096
57.7047,1.44161,16.1022,17.5438
57.7247,1.41932,15.9979,17.4173
57.7447,1.30624,15.8715,17.1777
57.7647,1.39738,15.8697,17.2671
57.7847,1.38572,15.7577,17.1434
57.8047,1.39094,15.7133,17.1043
57.8247,1.28209,15.7603,17.0424
57.8447,1.21233,15.5901,16.8025
57.8647,1.18186,15.4632,16.6451
57.8847,1.28285,15.5337,16.8166
57.9047,1.26346,15.4745,16.7379
57.9247,1.18463,15.4406,16.6252
57.9447,1.18149,15.3511,16.5326
57.9647,1.19191,15.328,16.5199
57.9847,1.09292,15.2562,16.3491
58.0047,1.12419,15.1728,16.297
58.0247,1.18451,15.1853,16.3698
58.0447,1.19671,15.1364,16.3331
58.0647,1.09626,14.9349,16.0311
58.0847,1.07524,14.8611,15.9364
58.1047,1.11963,14.9218,16.0414
58.1247,1.0153,14.8181,15.8334
58.1447,1.04654,14.7591,15.8057
58.1647,1.06346,14.7106,15.7741
58.1847,1.08737,14.6499,15.7373
58.2047,1.06247,14.59,15.6525
58.2247,0.97234,14.6007,15.573
58.2447,1.06072,14.4903,15.551
58.2647,0.926806,14.4414,15.3682
58.2847,0.950282,14.3738,15.3241
58.3047,0.938653,14.2857,15.2243
58.3247,0.951261,14.3323,15.2835
58.3447,0.916794,14.3087,15.2255
58.3647,0.970163,14.1838,15.1539
58.3847,0.917218,14.1703,15.0875
58.4047,0.98058,14.0534,15.034
58.4247,0.881488,14.0581,14.9396
58.4447,0.762199,14.0957,14.8579
58.4647,0.905557,13.952,14.8576
58.4847,0.808024,13.8724,14.6804
58.5047,0.812358,13.8218,14.6342
58.5247,0.783429,13.755,14.5384
58.5447,0.771008,13.6924,14.4634
58.5647,0.689805,13.5675,14.2573
58.5847,0.725615,13.6934,14.419
58.6047,0.709778,13.5779,14.2876
58.6247,0.807619,13.5109,14.3185
58.6447,0.803999,13.4418,14.2458
58.6647,0.698238,13.4033,14.1015
58.6847,0.727895,13.2141,13.942
58.7047,0.754818,13.2669,14.0217
58.7247,0.63766,13.233,13.8707
58.7447,0.69801,13.1195,13.8175
58.7647,0.705536,13.1509,13.8565
58.7847,0.644749,13.0644,13.7091
58.8047,0.635407,13.0689,13.7043
58.8247,0.638423,12.9682,13.6066
58.8447,0.667133,12.9659,13.6331
58.8647,0.666245,12.8801,13.5463
58.8847,0.575012,12.7573,13.3323
58.9047,0.627377,12.6764,13.3038
58.9247,0.562913,12.6409,13.2039
58.9447,0.628408,12.5898,13.2182
58.9647,0.622831,12.5243,13.1472
58.9847,0.611714,12.4992,13.1109
59.0047,0.598381,12.4279,13.0263
59.0247,0.544387,12.4366,12.981
59.0447,0.497009,12.3619,12.8589
59.0647,0.52076,12.2406,12.7614
59.0847,0.535633,12.25,12.7856
59.1047,0.526038,12.2704,12.7964
59.1247,0.512255,12.2507,12.7629
59.1447,0.476162,12.0999,12.5761
59.1647,0.531271,12.0687,12.6
59.1847,0.457361,11.9985,12.4558
59.2047,0.488628,11.9027,12.3914
59.2247,0.447509,11.9205,12.368
59.2447,0.45365,11.8853,12.3389
59.2647,0.437152,11.8033,12.2405
59.2847,0.453755,11.7243,12.1781
59.3047,0.398299,11.7365,12.1348
59.3247,0.386387,11.6506,12.037
59.3447,0.394885,11.52,11.9148
59.3647,0.43177,11.5653,11.9971
59.3847,0.38165,11.4429,11.8245
59.4047,0.392258,11.4844,11.8767
59.4247,0.375978,11.3889,11.7649
59.4447,0.407438,11.3978,11.8053
59.4647,0.429352,11.308,11.7373
59.4847,0.386245,11.1945,11.5807
59.5047,0.360928,11.1574,11.5184
59.5247,0.340229,11.1596,11.4998
59.5447,0.40242,11.0307,11.4332
59.5647,0.374954,11.12,11.495
59.5847,0.345367,11.0627,11.4081
59.6047,0.375407,10.9103,11.2857
59.6247,0.357921,10.8751,11.233
59.6447,0.341851,10.7206,11.0625
59.6647,0.313781,10.6984,11.0122
59.6847,0.381019,10.7186,11.0997
59.7047,0.296443,10.5858,10.8823
59.7247,0.307309,10.5349,10.8422
59.7447,0.223842,10.6011,10.825
59.7647,0.258834,10.5171,10.7759
59.7847,0.263786,10.3961,10.6599
59.8047,0.243555,10.379,10.6226
59.8247,0.245682,10.3506,10.5963
59.8447,0.294871,10.2227,10.5175
59.8647,0.262138,10.2686,10.5307
59.8847,0.276702,10.1611,10.4378
59.9047,0.253664,10.2552,10.5088
59.9247,0.249729,10.1297,10.3794
59.9447,0.261787,10.1176,10.3794
59.9647,0.196797,10.0163,10.2131
59.9847,0.257138,9.92489,10.182
60.0047,0.22201,9.88056,10.1026
60.0247,0.230308,9.82555,10.0559
60.0447,0.200759,9.84545,10.0462
60.0647,0.173271,9.81649,9.98976
60.0847,0.218887,9.68811,9.907
60.1047,0.217991,9.71062,9.92861
60.1247,0.215942,9.49085,9.70679
60.1447,0.163548,9.58588,9.74943
60.1647,0.269644,9.54341,9.81305
60.1847,0.171717,9.47684,9.64856
60.2047,0.185387,9.44335,9.62873
60.2247,0.166091,9.27496,9.44105
60.2447,0.194809,9.31319,9.508
60.2647,0.141314,9.17375,9.31506
60.2847,0.144853,9.17905,9.32391
60.3047,0.152121,9.18221,9.33433
60.3247,0.153001,9.08425,9.23725
60.3447,0.129109,9.05986,9.18897
60.3647,0.12108,9.0079,9.12898
60.3847,0.139454,8.94439,9.08384
60.4047,0.139985,8.95472,9.09471
60.4247,0.110428,8.92185,9.03228
60.4447,0.142951,8.80666,8.94962
60.4647,0.117306,8.77402,8.89133
60.4847,0.090682,8.66444,8.75512
60.5047,0.165069,8.62181,8.78688
60.5247,0.117918,8.60734,8.72526
60.5447,0.0743765,8.57055,8.64493
60.5647,0.144597,8.51595,8.66055
60.5847,0.0835531,8.53168,8.61524
60.6047,0.147039,8.43412,8.58116
60.6247,0.147288,8.37479,8.52208
60.6447,0.126889,8.37095,8.49784
60.6647,0.101084,8.33792,8.439
60.6847,0.0876098,8.31789,8.4055
60.7047,0.035584,8.38587,8.42145
60.7247,0.0944512,8.15028,8.24473
60.7447,0.0659869,8.11506,8.18105
60.7647,0.0780195,8.08224,8.16026
60.7847,0.0837504,8.03219,8.11594
60.8047,0.113135,8.0355,8.14863
60.8247,0.114319,7.87749,7.99181
60.8447,0.048157,7.87482,7.92298
60.8647,0.0465014,7.77691,7.82341
60.8847,0.0814175,7.79791,7.87933
60.9047,0.0688325,7.75036,7.81919
60.9247,0.0729292,7.72431,7.79724
60.9447,0.0619287,7.72761,7.78954
60.9647,0.0704707,7.63658,7.70705
60.9847,0.0680363,7.6273,7.69534
61.0047,0.0651851,7.6022,7.66739
61.0247,0.0729524,7.57701,7.64996
61.0447,0.0348182,7.51916,7.55397
61.0647,0.0540532,7.44338,7.49743
61.0847,0.0698132,7.37523,7.44505
61.1047,0.0508634,7.34025,7.39111
61.1247,0.0359249,7.35893,7.39486
61.1447,0.0555977,7.29366,7.34925
61.1647,0.0350009,7.18286,7.21786
61.1847,0.0474713,7.17091,7.21838
61.2047,0.045752,7.07293,7.11868
61.2247,0.0479719,7.00388,7.05186
61.2447,0.0504763,6.99452,7.045
61.2647,0.0365925,6.9573,6.9939
61.2847,0.0245452,6.88565,6.91019
61.3047,0.0315206,6.82053,6.85205
61.3247,0.0553619,6.77565,6.83101
61.3447,0.0375124,6.78694,6.82445
61.3647,0.0223761,6.74937,6.77175
61.3847,0.0347612,6.70696,6.74173
61.4047,0.0195036,6.6406,6.6601
61.4247,0.0294215,6.59056,6.61998
61.4447,0.0352757,6.58154,6.61681
61.4647,0.0290788,6.50587,6.53495
61.4847,0.0420166,6.51236,6.55438
61.5047,0.0180682,6.46432,6.48239
61.5247,0.0450945,6.35704,6.40213
61.5447,0.0372486,6.37567,6.41292
61.5647,0.0340173,6.35655,6.39057
61.5847,0.0383416,6.27306,6.31141
61.6047,0.0337941,6.19486,6.22866
61.6247,0.00153061,6.20234,6.20387
61.6447,0.0153383,6.15754,6.17288
61.6647,0.0235436,6.0901,6.11364
61.6847,0.0126158,6.01675,6.02937
61.7047,0.0224884,5.96222,5.98471
61.7247,0.0241471,5.95087,5.97502
61.7447,0.0244312,5.91427,5.9387
61.7647,0.00640629,5.87732,5.88373
61.7847,0.0152544,5.82732,5.84257
61.8047,0.0402007,5.82074,5.86094
61.8247,0.0322262,5.72339,5.75562
61.8447,0.0108975,5.68652,5.69742
61.8647,0.0224568,5.68457,5.70702
61.8847,0.0192809,5.60127,5.62055
61.9047,0.00538808,5.5643,5.56969
61.9247,0.014755,5.55528,5.57003
61.9447,0.0117999,5.48374,5.49554
61.9647,0.0133991,5.43218,5.44558
61.9847,0.0177218,5.39359,5.41131
62.0047,0.00727401,5.39656,5.40384
62.0247,0.0118507,5.3682,5.38005
62.0447,0.0157206,5.34979,5.36551
62.0647,0.00363945,5.26665,5.27029
62.0847,0.0200492,5.20945,5.22949
62.1047,0.00584353,5.20263,5.20847
62.1247,0.0091811,5.1406,5.14978
62.1447,0.0217123,5.07701,5.09872
62.1647,0.00526155,5.06018,5.06544
62.1847,0.00715212,5.04422,5.05138
62.2047,0.00817289,4.95296,4.96113
62.2247,0.00694401,4.90532,4.91226
62.2447,0.00281591,4.86124,4.86405
62.2647,0.0233416,4.88097,4.90432
62.2847,0.025238,4.82012,4.84536
62.3047,0.00371929,4.80704,4.81076
62.3247,0.00215831,4.70103,4.70319
62.3447,-0.00234218,4.75403,4.75169
62.3647,0.000895674,4.70212,4.70301
62.3847,0.0143389,4.64397,4.65831
62.4047,0.00777761,4.65115,4.65893
62.4247,0.00672475,4.56354,4.57027
62.4447,0.0070662,4.488,4.49507
62.4647,0.00551875,4.51664,4.52216
62.4847,0.0101903,4.456,4.4662
62.5047,0.0105448,4.40008,4.41062
62.5247,0.0116137,4.3988,4.41042
62.5447,0.0110207,4.36927,4.38029
62.5647,0.00759103,4.29558,4.30317
62.5847,-0.000858138,4.26513,4.26428
62.6047,0.00159743,4.25141,4.25301
62.6247,0.0114981,4.1733,4.1848
62.6447,-0.00205545,4.17925,4.17719
62.6647,0.00548475,4.132,4.13749
62.6847,0.00258557,4.10021,4.10279
62.7047,0.00930883,4.06429,4.0736
62.7247,0.00154999,4.00636,4.00791
62.7447,0.0042496,3.98757,3.99182
62.7647,-0.000933633,3.91116,3.91022
62.7847,0.00844497,3.8739,3.88234
62.8047,0.00589897,3.8904,3.8963
62.8247,0.0058252,3.82258,3.8284
62.8447,0.00383348,3.77505,3.77889
62.8647,0.000108889,3.78371,3.78382
62.8847,0.000850641,3.73065,3.7315
62.9047,-0.00421965,3.68979,3.68557
62.9247,0.00366401,3.60804,3.6117
62.9447,0.00178596,3.57002,3.5718
62.9647,0.000874776,3.56712,3.56799
62.9847,0.0035906,3.50918,3.51277
63.0047,0.000655418,3.51149,3.51215
63.0247,0.00579951,3.5331,3.5389
63.0447,0.00162878,3.45294,3.45457
63.0647,0.00597151,3.43213,3.4381
63.0847,-0.000940966,3.36905,3.36811
63.1047,0.00175739,3.35718,3.35894
63.1247,0.00436989,3.30188,3.30625
63.1447,0.00248675,3.28696,3.28945
63.1647,0.000657363,3.21635,3.21701
63.1847,0.00181797,3.18556,3.18738
63.2047,6.38523e-05,3.18797,3.18803
63.2247,-0.00257221,3.14971,3.14714
63.2447,0.00208654,3.119,3.12109
63.2647,0.00158196,3.06122,3.0628
63.2847,0.00136913,3.09649,3.09786
63.3047,0.00157647,3.02453,3.0261
63.3247,0.00438001,2.99898,3.00337
63.3447,0.00109326,2.97564,2.97673
63.3647,-0.00457072,2.92375,2.91918
63.3847,0.00440524,2.92645,2.93086
63.4047,5.46924e-05,2.88604,2.88609
63.4247,-8.58188e-05,2.79406,2.79397
63.4447,0.00198117,2.77448,2.77646
63.4647,-0.00249775,2.7363,2.7338
63.4847,0.003246,2.68237,2.68562
63.5047,0.00260418,2.64656,2.64917
63.5247,0.00051208,2.61602,2.61653
63.5447,0.000633573,2.57496,2.5756
63.5647,0.00102152,2.60626,2.60728
63.5847,0.0020727,2.54441,2.54648
63.6047,0.00348447,2.49641,2.4999
63.6247,0.000237579,2.44479,2.44503
63.6447,0.00169803,2.41464,2.41634
63.6647,-0.00104122,2.40571,2.40467
63.6847,-0.00134098,2.37103,2.36969
63.7047,-5.59e-05,2.29282,2.29277
63.7247,-0.00168343,2.29507,2.29338
63.7447,0.00198297,2.26383,2.26582
63.7647,0.000479182,2.20806,2.20854
63.7847,0.0016563,2.20283,2.20448
63.8047,-0.00165889,2.16213,2.16047
63.8247,-0.000537744,2.13294,2.1324
63.8447,0.000358692,2.1342,2.13456
63.8647,-0.00280128,2.04826,2.04546
63.8847,0.00108872,2.07653,2.07762
63.9047,-0.00194383,2.04811,2.04616
63.9247,-0.000114552,2.04198,2.04186
63.9447,0.00184425,1.96622,1.96806
63.9647,0.00140274,1.97267,1.97408
63.9847,-0.000369682,1.94523,1.94486
64.0047,9.9829e-05,1.90929,1.90939
64.0247,0.00168053,1.87993,1.88161
64.0447,0.00254014,1.90257,1.90512
64.0647,0.00243748,1.85023,1.85267
64.0847,-0.000807616,1.83861,1.8378
64.1047,-0.000680914,1.80618,1.8055
64.1247,0.00150472,1.79074,1.79224
64.1447,-0.000120273,1.76812,1.768
64.1647,0.00101723,1.7179,1.71892
64.1847,-0.000221422,1.69224,1.69202
64.2047,0.000794752,1.6597,1.6605
64.2247,-0.000648031,1.63654,1.6359
64.2447,-0.000433109,1.62211,1.62168
64.2647,-0.00015404,1.59639,1.59623
64.2847,0.000132307,1.57922,1.57935
64.3047,-0.000369663,1.55044,1.55007
64.3247,0.000666189,1.4853,1.48596
64.3447,-0.00095061,1.50484,1.50389
64.3647,-0.00040705,1.46281,1.4624
64.3847,0.00050011,1.44263,1.44313
64.4047,0.00101568,1.38638,1.3874
64.4247,0.000468602,1.35843,1.3589
64.4447,0.00229772,1.3456,1.3479
64.4647,0.000598345,1.32961,1.33021
64.4847,-0.000668596,1.30175,1.30108
64.5047,0.00121683,1.25547,1.25669
64.5247,-0.000344673,1.25438,1.25403
64.5447,-1.7741e-05,1.22017,1.22016
64.5647,0.000943062,1.19545,1.19639
64.5847,0.00120556,1.17044,1.17165
64.6047,0,1.13792,1.13792
64.6247,0,1.11407,1.11407
64.6447,0,1.10229,1.10229
64.6647,0,1.09542,1.09542
64.6847,0,1.06649,1.06649
64.7047,0,1.03864,1.03864
64.7247,0,1.00955,1.00955
64.7447,0,1.02479,1.02479
64.7647,0,0.987986,0.987986
64.7847,0,0.954838,0.954838
64.8047,0,0.951504,0.951504
64.8247,0,0.954194,0.954194
64.8447,0,0.903959,0.903959
64.8647,0,0.887882,0.887882
64.8847,0,0.882264,0.882264
64.9047,0,0.8403,0.8403
64.9247,0,0.831552,0.831552
64.9447,0,0.822065,0.822065
64.9647,0,0.789734,0.789734
64.9847,0,0.772649,0.772649
65.0047,0,0.767607,0.767607
65.0247,0,0.756591,0.756591
65.0447,0,0.733184,0.733184
65.0647,0,0.717198,0.717198
65.0847,0,0.688595,0.688595
65.1047,0,0.648095,0.648095
65.1247,0,0.642696,0.642696
65.1447,0,0.620145,0.620145
65.1647,0,0.588096,0.588096
65.1847,0,0.60126,0.60126
65.2047,0,0.562714,0.562714
65.2247,0,0.540502,0.540502
65.2447,0,0.521193,0.521193
65.2647,0,0.496959,0.496959
65.2847,0,0.484057,0.484057
65.3047,0,0.482983,0.482983
65.3247,0,0.459753,0.459753
65.3447,0,0.428614,0.428614
65.3647,0,0.425262,0.425262
65.3847,0,0.420165,0.420165
65.4047,0,0.412698,0.412698
65.4247,0,0.395463,0.395463
65.4447,0,0.395869,0.395869
65.4647,0,0.392496,0.392496
65.4847,0,0.375046,0.375046
65.5047,0,0.366672,0.366672
65.5247,0,0.343856,0.343856
65.5447,0,0.337857,0.337857
65.5647,0,0.322982,0.322982
65.5847,0,0.297451,0.297451
65.6047,0,0.281502,0.281502
65.6247,0,0.295002,0.295002
65.6447,0,0.277739,0.277739
65.6647,0,0.261214,0.261214
65.6847,0,0.258008,0.258008
65.7047,0,0.254927,0.254927
65.7247,0,0.235331,0.235331
65.7447,0,0.220996,0.220996
65.7647,0,0.206616,0.206616
65.7847,0,0.203565,0.203565
65.8047,0,0.19857,0.19857
65.8247,0,0.185571,0.185571
65.8447,0,0.170078,0.170078
65.8647,0,0.163746,0.163746
65.8847,0,0.156355,0.156355
65.9047,0,0.144967,0.144967
65.9247,0,0.140808,0.140808
65.9447,0,0.138683,0.138683
65.9647,0,0.118972,0.118972
65.9847,0,0.117951,0.117951
66.0047,0,0.105588,0.105588
66.0247,0,0.0965633,0.0965633
66.0447,0,0.100304,0.100304
66.0647,0,0.0943424,0.0943424
66.0847,0,0.0895508,0.0895508
66.1047,0,0.0837883,0.0837883
66.1247,0,0.0794684,0.0794684
66.1447,0,0.0727065,0.0727065
66.1647,0,0.0621303,0.0621303
66.1847,0,0.0590072,0.0590072
66.2047,0,0.0600285,0.0600285
66.2247,0,0.0447696,0.0447696
66.2447,0,0.0402772,0.0402772
66.2647,0,0.0346875,0.0346875
66.2847,0,0.039209,0.039209
66.3047,0,0.0351308,0.0351308
66.3247,0,0.0308094,0.0308094
66.3447,0,0.0201433,0.0201433
66.3647,0,0.0219609,0.0219609
66.3847,0,0.0225542,0.0225542
66.4047,0,0.0222085,0.0222085
66.4247,0,0.0183563,0.0183563
66.4447,0,0.0179595,0.0179595
66.4647,0,0.0129708,0.0129708
66.4847,0,0.0117933,0.0117933
66.5047,0,0.0115123,0.0115123
66.5247,0,0.0103114,0.0103114
66.5447,0,0.0103346,0.0103346
66.5647,0,0.00944016,0.00944016
66.5847,0,0.00587074,0.00587074
66.6047,0,0.00366448,0.00366448
66.6247,0,0.0030293,0.0030293
66.6447,0,0.0036178,0.0036178
