Time(ns),Ie(fC/ns),Ih(fC/ns),It(fC/ns)
0,16.263,6.14147,22.4045
0.0001,15.422,5.92175,21.3438
0.0002,15.7261,6.35979,22.0859
0.0003,15.1392,6.03897,21.1782
0.0004,15.7395,6.32796,22.0674
0.0005,15.4855,6.22807,21.7135
0.0006,16.3406,6.14872,22.4893
0.0007,16.2272,6.23277,22.46
0.0008,15.9954,6.38028,22.3757
0.0009,16.0948,6.06923,22.1641
0.001,15.6558,5.9209,21.5767
0.0011,15.8652,6.36148,22.2267
0.0012,15.8158,6.09612,21.9119
0.0013,14.8764,6.17401,21.0504
0.0014,15.8281,5.95968,21.7877
0.0015,15.4101,6.29609,21.7062
0.0016,15.7232,6.10857,21.8318
0.0017,15.9186,6.19719,22.1158
0.0018,15.5867,6.55094,22.1377
0.0019,16.1664,6.09432,22.2607
0.002,15.6502,6.32197,21.9722
0.0021,15.3009,6.19393,21.4948
0.0022,16.331,6.17625,22.5072
0.0023,15.2326,6.00848,21.241
0.0024,15.5619,6.25281,21.8147
0.0025,16.8209,6.46459,23.2855
0.0026,15.3014,6.16005,21.4614
0.0027,16.4574,6.03279,22.4901
0.0028,16.0922,6.19149,22.2836
0.0029,16.014,5.98176,21.9958
0.003,16.0132,6.05249,22.0657
0.0031,16.341,6.44887,22.7899
0.0032,16.3403,6.47223,22.8125
0.0033,16.0003,6.19281,22.1931
0.0034,15.8831,6.51835,22.4015
0.0035,15.3882,5.93933,21.3275
0.0036,15.4095,6.38019,21.7897
0.0037,16.3124,6.38669,22.6991
0.0038,16.1056,5.90511,22.0107
0.0039,15.8312,5.88932,21.7205
0.004,16.0489,6.46807,22.517
0.0041,15.869,6.2727,22.1417
0.0042,16.1354,6.13651,22.2719
0.0043,15.6932,6.02646,21.7197
0.0044,15.764,6.66717,22.4311
0.0045,15.6929,5.89501,21.5879
0.0046,16.399,6.00051,22.3995
0.0047,15.9686,6.34915,22.3178
0.0048,15.3834,6.12056,21.5039
0.0049,15.8406,6.25104,22.0916
0.005,15.6986,5.90471,21.6033
0.0051,15.7436,6.0064,21.75
0.0052,15.6938,6.2263,21.9201
0.0053,15.9914,6.10887,22.1003
0.0054,15.7023,5.85071,21.553
0.0055,15.4517,6.19571,21.6474
0.0056,15.7049,6.6041,22.309
0.0057,15.7554,5.94897,21.7043
0.0058,16.1288,6.12765,22.2564
0.0059,15.6478,6.42521,22.073
0.006,15.654,6.45069,22.1047
0.0061,15.6426,6.48963,22.1322
0.0062,14.6861,6.28122,20.9674
0.0063,15.8304,5.73221,21.5626
0.0064,15.2328,5.91094,21.1438
0.0065,15.8431,5.99369,21.8368
0.0066,15.8265,6.26146,22.0879
0.0067,15.9157,5.74376,21.6594
0.0068,15.5245,6.1086,21.6331
0.0069,15.36,6.04351,21.4035
0.007,15.7011,5.8481,21.5492
0.0071,16.8594,5.83378,22.6932
0.0072,15.64,6.23176,21.8717
0.0073,15.9211,6.16604,22.0872
0.0074,16.4053,6.31479,22.7201
0.0075,15.8574,6.29608,22.1534
0.0076,15.4097,6.11574,21.5255
0.0077,15.9299,5.77008,21.6999
0.0078,15.6158,6.36136,21.9771
0.0079,16.4441,6.41154,22.8556
0.008,16.0216,5.98922,22.0108
0.0081,16.0527,6.04623,22.0989
0.0082,15.3615,5.9078,21.2693
0.0083,15.8661,5.93699,21.8031
0.0084,15.1258,6.42822,21.554
0.0085,15.9291,6.09844,22.0276
0.0086,15.8556,6.46732,22.3229
0.0087,16.0695,6.13816,22.2077
0.0088,15.4071,6.15603,21.5631
0.0089,15.9587,5.91876,21.8775
0.009,15.667,5.81307,21.48
0.0091,15.7745,5.80547,21.58
0.0092,15.9932,5.78634,21.7795
0.0093,15.7109,5.8926,21.6035
0.0094,15.2311,6.22122,21.4523
0.0095,15.7797,5.74948,21.5292
0.0096,15.5162,6.03016,21.5463
0.0097,15.8579,6.08903,21.9469
0.0098,16.1385,6.14661,22.2851
0.0099,16.3209,6.15872,22.4796
0.01,15.7671,5.70919,21.4762
0.0101,15.9825,6.05167,22.0342
0.0102001,15.6771,6.02367,21.7008
0.0103003,15.2413,6.09718,21.3385
0.0104005,15.8176,5.89534,21.7129
0.0105009,15.7174,6.34682,22.0642
0.0106014,15.5716,6.05457,21.6262
0.0107019,15.8639,5.68783,21.5518
0.0108026,16.0273,6.13309,22.1603
0.0109033,15.4429,5.9766,21.4195
0.0110041,15.7718,6.32953,22.1014
0.011105,16.1541,6.18449,22.3386
0.011206,16.5499,6.40243,22.9523
0.0113071,16.0033,5.89468,21.898
0.0114083,16.114,6.19689,22.3109
0.0115096,16.2976,6.18881,22.4864
0.011611,15.9522,6.52445,22.4766
0.0117124,15.4272,6.04707,21.4742
0.011814,16.1249,6.1163,22.2412
0.0119156,15.7042,5.88891,21.5931
0.0120174,14.9018,6.22702,21.1288
0.0121192,16.2462,5.95414,22.2003
0.0122211,16.2808,6.05422,22.335
0.0123231,15.4659,5.69658,21.1625
0.0124253,15.9239,5.99538,21.9193
0.0125275,15.988,5.97913,21.9672
0.0126298,15.5153,6.43686,21.9522
0.0127322,15.3245,6.20383,21.5284
0.0128346,16.1689,6.20548,22.3744
0.0129372,15.2299,6.41069,21.6406
0.0130399,15.6096,6.14895,21.7586
0.0131426,16.1417,6.25272,22.3944
0.0132455,16.1197,6.25018,22.3699
0.0133485,16.0262,6.09358,22.1198
0.0134515,15.7775,5.9008,21.6783
0.0135546,15.9007,6.2698,22.1705
0.0136579,15.6392,6.38718,22.0264
0.0137612,16.1595,6.09787,22.2573
0.0138646,15.5696,6.16199,21.7316
0.0139681,15.7009,6.37185,22.0728
0.0140717,16.4249,6.34376,22.7686
0.0141754,15.8376,5.84581,21.6834
0.0142792,15.7608,6.10723,21.8681
0.0143831,15.5861,5.89837,21.4844
0.0144871,15.5487,6.08462,21.6333
0.0145912,16.2609,5.59028,21.8511
0.0146954,15.8411,6.09324,21.9344
0.0147996,15.6405,6.09892,21.7395
0.014904,16.0071,6.39201,22.3992
0.0150084,15.8578,6.14637,22.0041
0.015113,16.3872,6.14884,22.536
0.0152176,15.5203,6.01212,21.5324
0.0153224,15.8625,6.17884,22.0413
0.0154272,15.6465,5.7686,21.4152
0.0155322,16.1354,5.86899,22.0044
0.0156372,15.4803,6.2369,21.7172
0.0157423,15.8043,6.33049,22.1348
0.0158475,15.6707,6.28541,21.9561
0.0159529,15.6588,6.56831,22.2272
0.0160583,15.9519,6.06266,22.0145
0.0161638,16.0085,5.83075,21.8393
0.0162694,16.5156,6.04698,22.5626
0.0163751,15.5395,6.44005,21.9796
0.0164809,16.0191,5.92333,21.9425
0.0165868,15.6134,6.1344,21.7478
0.0166928,15.8724,5.9271,21.7995
0.0167988,15.5261,6.2183,21.7445
0.016905,15.8835,6.23076,22.1143
0.0170113,16.0925,5.8884,21.9809
0.0171177,16.1642,5.96846,22.1327
0.0172241,15.9396,5.96323,21.9028
0.0173307,15.7942,5.95206,21.7463
0.0174374,15.9576,6.13555,22.0931
0.0175441,15.5726,6.22498,21.7976
0.017651,15.9397,6.13407,22.0737
0.0177579,16.2326,5.97279,22.2054
0.017865,15.5024,5.86548,21.3679
0.0179721,15.6434,6.11397,21.7574
0.0180794,16.2275,5.94664,22.1742
0.0181867,15.6244,6.19294,21.8173
0.0182942,15.9985,6.38384,22.3824
0.0184017,15.965,6.48302,22.448
0.0185094,15.7489,6.23809,21.987
0.0186171,15.7542,6.15765,21.9119
0.0187249,15.8622,6.02566,21.8878
0.0188329,15.5896,5.658,21.2476
0.0189409,15.5743,6.35976,21.9341
0.019049,16.1241,5.96726,22.0913
0.0191572,15.7642,6.24877,22.0129
0.0192656,16.037,6.4211,22.4581
0.019374,15.6672,6.20794,21.8751
0.0194825,15.7925,6.37518,22.1677
0.0195911,15.5248,6.13506,21.6599
0.0196999,15.5521,6.09045,21.6425
0.0198087,15.2026,5.95573,21.1583
0.0199176,15.9897,5.9529,21.9426
0.0200266,15.5585,6.05754,21.616
0.0201357,15.8204,6.22165,22.042
0.0202449,15.539,6.00818,21.5472
0.0203543,16.0032,5.64814,21.6514
0.0204637,15.8652,6.12558,21.9908
0.0205732,15.9661,6.11421,22.0803
0.0206828,15.9919,6.38887,22.3807
0.0207925,16.0522,6.03435,22.0866
0.0209023,15.8515,5.96273,21.8142
0.0210122,15.6684,5.92037,21.5888
0.0211222,16.0251,6.06523,22.0903
0.0212323,15.3614,6.16368,21.5251
0.0213426,16.1885,5.79737,21.9858
0.0214529,15.3726,6.33088,21.7035
0.0215633,15.6572,5.94669,21.6039
0.0216738,15.2139,5.86999,21.0839
0.0217844,15.7278,6.02095,21.7487
0.0218951,15.6794,6.4594,22.1388
0.0220059,15.519,6.22618,21.7452
0.0221168,15.977,6.06561,22.0426
0.0222279,16.3444,6.16265,22.507
0.022339,16.3725,5.83679,22.2093
0.0224502,15.6735,5.81252,21.486
0.0225615,16.0768,6.10001,22.1768
0.0226729,16.289,5.88354,22.1725
0.0227845,15.3824,5.78459,21.167
0.0228961,15.6407,6.24135,21.8821
0.0230078,16.0946,6.14072,22.2353
0.0231196,16.0064,6.22973,22.2361
0.0232316,15.8153,6.03463,21.8499
0.0233436,15.8685,6.28204,22.1506
0.0234557,15.8563,6.31902,22.1753
0.0235679,16.2247,5.79092,22.0156
0.0236803,15.9433,6.41168,22.355
0.0237927,16.0424,6.23023,22.2726
0.0239053,15.8263,6.00301,21.8293
0.0240179,15.3812,6.32673,21.7079
0.0241306,15.1618,5.83116,20.993
0.0242435,15.5657,5.88912,21.4548
0.0243564,16.1715,6.53539,22.7069
0.0244695,16.181,5.74535,21.9264
0.0245826,16.1965,6.04888,22.2453
0.0246959,15.2638,5.82978,21.0936
0.0248093,15.9662,6.17376,22.14
0.0249227,15.8882,6.09166,21.9798
0.0250363,15.1649,5.97351,21.1384
0.02515,15.4824,5.95756,21.44
0.0252637,15.762,6.15485,21.9169
0.0253776,15.7509,6.24455,21.9954
0.0254916,15.9479,6.02006,21.968
0.0256057,15.5773,6.1233,21.7006
0.0257199,15.6915,6.31576,22.0073
0.0258341,16.2088,6.0661,22.2749
0.0259485,15.0883,6.20566,21.2939
0.026063,15.4465,6.04253,21.489
0.0261776,15.8556,6.09637,21.952
0.0262923,15.8049,6.19234,21.9972
0.0264072,15.7749,6.05776,21.8326
0.0265221,15.5948,6.04143,21.6362
0.0266371,16.0379,6.06326,22.1011
0.0267522,15.621,6.18436,21.8053
0.0268674,16.0064,5.74332,21.7497
0.0269828,15.4099,6.21544,21.6253
0.0270982,16.4386,5.95671,22.3953
0.0272138,16.0878,5.9131,22.0009
0.0273294,16.0615,5.96933,22.0309
0.0274452,16.0982,6.23531,22.3335
0.027561,16.0845,5.9773,22.0618
0.027677,15.8244,6.16943,21.9939
0.0277931,15.8541,6.14506,21.9991
0.0279092,16.157,5.83665,21.9936
0.0280255,15.883,5.71562,21.5987
0.0281419,16.3567,6.34213,22.6988
0.0282584,15.6968,5.95329,21.6501
0.028375,16.1163,6.10909,22.2254
0.0284917,15.3723,6.03729,21.4096
0.0286085,15.3111,5.92266,21.2337
0.0287254,16.0426,6.11095,22.1535
0.0288424,15.8069,6.13166,21.9386
0.0289596,16.0029,5.91064,21.9136
0.0290768,15.9514,6.18025,22.1317
0.0291942,16.1362,6.41266,22.5488
0.0293116,15.7054,6.08075,21.7862
0.0294292,16.0211,6.24148,22.2626
0.0295468,15.7535,6.19362,21.9471
0.0296646,15.3354,6.36042,21.6958
0.0297825,15.9555,6.28502,22.2405
0.0299005,16.4042,6.054,22.4582
0.0300185,16.1756,6.23782,22.4134
0.0301367,15.7594,6.28281,22.0422
0.0302551,15.6228,6.18437,21.8072
0.0303735,15.513,6.31895,21.832
0.030492,15.9627,6.03929,22.002
0.0306106,16.2358,5.98414,22.2199
0.0307294,15.2689,6.50601,21.7749
0.0308482,15.6598,6.13116,21.791
0.0309672,15.8913,5.79663,21.688
0.0310862,15.4571,6.12637,21.5835
0.0312054,15.7788,6.236,22.0148
0.0313247,15.8529,5.983,21.8359
0.031444,15.777,6.0984,21.8754
0.0315635,15.7754,6.20224,21.9776
0.0316831,16.0084,5.91131,21.9197
0.0318029,15.4837,6.04726,21.5309
0.0319227,15.9164,5.92263,21.839
0.0320426,16.5535,6.14202,22.6955
0.0321626,15.5599,6.17849,21.7384
0.0322828,16.618,5.96221,22.5802
0.032403,15.2987,5.95271,21.2514
0.0325234,15.7544,6.09575,21.8501
0.0326439,15.9626,6.20051,22.1631
0.0327645,16.6777,6.35121,23.0289
0.0328852,15.7539,6.05116,21.8051
0.033006,16.0059,6.42866,22.4346
0.0331269,15.7092,6.44312,22.1523
0.0332479,16.1315,6.5821,22.7137
0.033369,15.5119,6.08092,21.5928
0.0334903,15.5686,6.22481,21.7934
0.0336116,15.8878,6.30047,22.1882
0.0337331,15.3237,5.93673,21.2605
0.0338547,16.0736,6.38676,22.4604
0.0339764,15.9356,6.25702,22.1926
0.0340982,15.5576,5.85008,21.4076
0.0342201,16.068,6.24503,22.313
0.0343421,15.9648,6.18613,22.1509
0.0344642,15.7361,6.36373,22.0998
0.0345865,15.6631,5.96777,21.6309
0.0347088,15.265,6.36559,21.6306
0.0348313,15.9988,5.83673,21.8355
0.0349539,15.693,6.03339,21.7264
0.0350765,15.8927,6.13293,22.0256
0.0351993,15.8441,6.19192,22.036
0.0353222,16.2629,6.15103,22.414
0.0354453,15.8303,6.20531,22.0356
0.0355684,15.5348,6.01125,21.5461
0.0356916,16.0122,6.34959,22.3618
0.035815,16.4786,6.08199,22.5606
0.0359385,16.0136,6.3457,22.3593
0.036062,15.6526,6.03466,21.6873
0.0361857,16.1617,6.68276,22.8445
0.0363095,15.8206,6.20044,22.021
0.0364335,15.5865,6.0715,21.658
0.0365575,16.0822,6.34031,22.4225
0.0366816,15.8733,6.02172,21.895
0.0368059,15.3492,6.31808,21.6673
0.0369303,15.5234,6.06099,21.5844
0.0370547,16.2215,6.34313,22.5646
0.0371793,15.5712,6.25001,21.8212
0.037304,15.9948,5.84356,21.8384
0.0374289,15.6972,5.78523,21.4825
0.0375538,15.4284,6.58037,22.0087
0.0376789,15.6975,6.09159,21.7891
0.037804,15.6478,6.2419,21.8897
0.0379293,15.4337,6.01386,21.4475
0.0380547,15.9991,6.3432,22.3423
0.0381802,15.5315,6.12294,21.6544
0.0383058,15.9959,5.96398,21.9599
0.0384315,15.4618,6.01728,21.4791
0.0385574,16.0094,6.27999,22.2894
0.0386833,15.4926,5.94009,21.4327
0.0388094,15.918,6.14229,22.0603
0.0389356,16.2778,5.99707,22.2748
0.0390619,15.308,6.01477,21.3228
0.0391883,15.3753,6.02882,21.4041
0.0393149,16.0718,5.60343,21.6753
0.0394415,15.1736,6.10813,21.2817
0.0395683,15.6495,6.05892,21.7084
0.0396952,16.0558,6.29311,22.3489
0.0398222,15.6753,6.0179,21.6932
0.0399493,15.0674,6.00749,21.0749
0.0400765,15.5384,5.99732,21.5357
0.0402038,16.1821,6.06956,22.2517
0.0403313,15.5524,6.36075,21.9131
0.0404589,15.6199,6.2097,21.8296
0.0405866,15.594,6.59755,22.1916
0.0407144,16.0254,6.09709,22.1225
0.0408423,15.6144,5.88655,21.5009
0.0409703,15.852,6.0703,21.9223
0.0410985,15.6112,5.94241,21.5536
0.0412268,15.1569,6.33882,21.4957
0.0413551,15.7827,6.12348,21.9062
0.0414836,16.017,6.27881,22.2958
0.0416123,16.0918,6.27457,22.3664
0.041741,16.2529,5.97045,22.2234
0.0418699,15.5756,6.0179,21.5935
0.0419988,15.9769,6.22732,22.2042
0.0421279,15.7853,5.95489,21.7402
0.0422571,15.4672,5.57451,21.0417
0.0423865,15.8206,5.9366,21.7572
0.0425159,15.2656,6.08681,21.3524
0.0426455,15.359,6.29854,21.6575
0.0427751,16.0077,5.98464,21.9923
0.0429049,16.1549,5.77034,21.9252
0.0430348,15.8694,6.10643,21.9759
0.0431649,15.9095,5.97116,21.8807
0.043295,16.0939,6.13427,22.2282
0.0434253,15.9949,6.13944,22.1343
0.0435557,15.7134,5.90807,21.6214
0.0436862,16.0329,6.01128,22.0442
0.0438168,16.0954,5.92775,22.0231
0.0439476,15.4968,5.74742,21.2442
0.0440784,16.2047,6.42103,22.6257
0.0442094,15.7316,6.29675,22.0283
0.0443405,16.1068,6.24561,22.3524
0.0444717,15.7536,6.41517,22.1687
0.0446031,15.9791,5.88597,21.8651
0.0447345,15.785,6.01387,21.7989
0.0448661,15.904,6.24199,22.146
0.0449978,15.813,6.35004,22.163
0.0451296,15.8718,6.27715,22.1489
0.0452615,15.564,6.03218,21.5961
0.0453936,15.335,6.18274,21.5177
0.0455258,16.1204,6.19232,22.3127
0.0456581,15.75,6.0373,21.7873
0.0457905,15.8396,6.05989,21.8995
0.045923,16.4566,6.30916,22.7657
0.0460557,16.0259,5.94266,21.9686
0.0461885,15.6233,6.06917,21.6925
0.0463214,15.8073,5.8558,21.6631
0.0464544,15.9072,5.88803,21.7952
0.0465875,15.9704,6.03082,22.0012
0.0467208,15.7984,6.06195,21.8604
0.0468542,16.0085,6.10318,22.1117
0.0469877,15.7126,6.14169,21.8543
0.0471213,16.1529,6.3363,22.4892
0.047255,15.6799,5.96452,21.6444
0.0473889,15.5347,5.86725,21.402
0.0475229,15.5883,5.91235,21.5006
0.047657,15.9873,5.81909,21.8064
0.0477912,15.6787,5.96699,21.6457
0.0479256,15.889,5.71618,21.6052
0.0480601,15.1346,6.3468,21.4814
0.0481947,16.0083,6.0935,22.1018
0.0483294,15.565,6.19569,21.7607
0.0484642,15.5267,5.65228,21.179
0.0485992,15.8633,5.91262,21.7759
0.0487343,15.9035,6.01075,21.9142
0.0488695,15.947,6.44574,22.3928
0.0490048,15.8368,5.99357,21.8303
0.0491403,15.4498,5.96622,21.416
0.0492759,15.9749,6.18884,22.1637
0.0494116,15.984,5.89329,21.8773
0.0495474,15.8687,5.93591,21.8046
0.0496834,15.6772,6.3227,21.9999
0.0498194,15.7913,5.79983,21.5911
0.0499556,16.5125,6.12412,22.6366
0.050092,15.8201,5.52573,21.3459
0.0502284,15.8818,5.85669,21.7385
0.050365,16.6875,5.91157,22.5991
0.0505017,15.83,6.10724,21.9372
0.0506385,15.44,5.838,21.278
0.0507754,15.5548,5.6523,21.2071
0.0509125,16.0842,5.95878,22.043
0.0510497,15.4761,5.94104,21.4172
0.051187,16.3476,6.06217,22.4097
0.0513245,15.0186,6.23091,21.2495
0.051462,15.8347,5.95182,21.7865
0.0515997,15.865,6.33143,22.1964
0.0517375,15.6399,5.97223,21.6121
0.0518755,15.8267,6.06367,21.8904
0.0520136,15.784,5.98463,21.7686
0.0521518,15.8115,6.21567,22.0271
0.0522901,16.1371,6.05357,22.1906
0.0524285,15.9742,5.90103,21.8752
0.0525671,15.9871,6.06111,22.0482
0.0527058,15.5252,5.91869,21.4439
0.0528446,15.6681,6.27548,21.9436
0.0529836,15.9603,5.84269,21.803
0.0531226,16.2671,5.98919,22.2563
0.0532618,15.313,6.07093,21.3839
0.0534012,15.9358,5.76494,21.7007
0.0535406,15.6831,6.13558,21.8186
0.0536802,16.0844,5.78622,21.8707
0.0538199,16.0175,5.70051,21.718
0.0539597,15.6022,6.09294,21.6952
0.0540997,16.1156,6.00473,22.1204
0.0542398,15.9386,5.7228,21.6614
0.05438,15.8311,6.13776,21.9689
0.0545204,16.4421,5.92394,22.366
0.0546608,15.9097,5.99505,21.9047
0.0548014,15.6664,5.93403,21.6005
0.0549422,15.7256,6.42202,22.1476
0.055083,15.972,6.01829,21.9903
0.055224,15.6719,6.01899,21.6909
0.0553651,16.1908,5.89493,22.0857
0.0555064,16.203,5.93072,22.1337
0.0556477,15.7388,5.81529,21.5541
0.0557892,15.6661,6.1059,21.772
0.0559309,16.4442,6.15703,22.6012
0.0560726,16.056,6.08146,22.1375
0.0562145,15.6161,6.26028,21.8764
0.0563565,15.6313,6.04935,21.6806
0.0564987,15.8372,6.23187,22.0691
0.0566409,16.0223,6.03442,22.0567
0.0567833,15.7907,6.00095,21.7917
0.0569259,15.9366,6.37948,22.316
0.0570685,15.1612,5.93461,21.0958
0.0572113,15.8752,6.11261,21.9878
0.0573542,15.8917,5.95181,21.8435
0.0574973,16.2518,5.96859,22.2204
0.0576405,15.2751,5.75657,21.0316
0.0577838,16.2339,6.02,22.2539
0.0579272,16.016,5.75776,21.7738
0.0580708,15.8529,5.92925,21.7821
0.0582145,15.8622,6.30918,22.1714
0.0583583,15.6488,6.27086,21.9196
0.0585023,15.9659,5.55518,21.5211
0.0586464,15.649,5.91257,21.5615
0.0587906,16.2091,5.87743,22.0865
0.0589349,15.9855,5.91051,21.896
0.0590794,15.9033,6.00786,21.9111
0.059224,15.8307,6.02866,21.8594
0.0593688,15.5066,6.16721,21.6738
0.0595137,15.5103,6.32415,21.8344
0.0596587,15.6747,5.7701,21.4448
0.0598038,15.5889,6.31812,21.907
0.0599491,15.8991,6.11512,22.0142
0.0600945,15.7125,6.04264,21.7551
0.0602401,16.356,5.96756,22.3235
0.0603857,15.3357,6.0446,21.3803
0.0605315,15.811,6.14057,21.9515
0.0606775,15.92,6.15493,22.0749
0.0608235,16.0589,6.27124,22.3301
0.0609697,15.8587,6.1846,22.0432
0.0611161,15.7094,6.16426,21.8737
0.0612625,15.4428,5.70821,21.151
0.0614092,15.2339,6.03598,21.2699
0.0615559,16.1828,5.79875,21.9815
0.0617028,15.9047,6.21668,22.1214
0.0618498,15.9032,6.20789,22.1111
0.0619969,15.389,6.04392,21.4329
0.0621442,15.8717,6.25963,22.1313
0.0622916,15.958,6.14646,22.1045
0.0624391,15.907,6.27455,22.1815
0.0625868,15.3027,5.8657,21.1684
0.0627346,16.1758,6.12811,22.3039
0.0628825,16.0931,6.35622,22.4493
0.0630306,16.123,6.03969,22.1627
0.0631788,15.8813,6.31408,22.1954
0.0633272,15.7858,6.13768,21.9235
0.0634756,15.7893,5.98022,21.7695
0.0636242,15.5834,5.84301,21.4264
0.063773,16.0001,6.13838,22.1385
0.0639219,15.5982,5.94173,21.54
0.0640709,15.8124,6.20093,22.0134
0.0642201,16.1606,6.02357,22.1842
0.0643693,15.5489,5.85253,21.4015
0.0645188,15.5991,5.59318,21.1922
0.0646683,15.3462,6.23254,21.5787
0.064818,15.7683,6.31676,22.085
0.0649679,15.6409,6.04266,21.6836
0.0651178,15.9713,6.16778,22.1391
0.0652679,16.2232,6.03518,22.2584
0.0654182,15.9486,6.04334,21.992
0.0655686,15.7919,6.22362,22.0155
0.0657191,16.1314,5.93458,22.0659
0.0658697,15.8976,6.13227,22.0299
0.0660205,15.3335,6.16257,21.496
0.0661715,15.9493,6.01377,21.9631
0.0663225,15.7524,6.07386,21.8262
0.0664737,15.6215,6.05514,21.6766
0.0666251,15.9726,6.32926,22.3018
0.0667765,15.4021,6.1725,21.5746
0.0669282,15.6626,5.83227,21.4949
0.0670799,15.4262,6.12137,21.5475
0.0672318,15.3091,6.075,21.3841
0.0673838,15.7854,5.69295,21.4784
0.067536,15.6139,5.6942,21.3081
0.0676883,16.2415,5.94337,22.1849
0.0678407,15.9097,6.04919,21.9589
0.0679933,15.6507,5.96463,21.6154
0.0681461,15.7136,5.7878,21.5014
0.0682989,15.7834,5.82428,21.6077
0.0684519,15.6018,5.91777,21.5196
0.068605,15.4628,6.23216,21.6949
0.0687583,15.9392,5.68966,21.6289
0.0689117,15.5964,6.04484,21.6412
0.0690653,16.3009,5.72261,22.0235
0.069219,16.2364,5.89878,22.1352
0.0693728,15.8041,5.94393,21.748
0.0695268,15.8755,6.12112,21.9966
0.0696809,15.9192,6.17101,22.0902
0.0698352,16.4146,5.91591,22.3305
0.0699896,15.8236,5.71645,21.54
0.0701441,15.8397,6.0581,21.8978
0.0702988,16.0582,5.97363,22.0319
0.0704536,15.6685,6.38265,22.0512
0.0706086,15.7737,6.10529,21.879
0.0707637,16.2287,6.13933,22.368
0.0709189,15.6853,6.14788,21.8332
0.0710743,15.8454,5.93129,21.7767
0.0712298,15.8319,5.82555,21.6575
0.0713855,15.2882,5.71768,21.0059
0.0715413,15.867,6.34335,22.2103
0.0716972,15.557,5.89196,21.449
0.0718533,15.8426,6.08308,21.9257
0.0720095,15.8324,5.85688,21.6893
0.0721659,15.788,6.29616,22.0842
0.0723224,16.0507,6.50711,22.5578
0.0724791,15.9237,6.15555,22.0793
0.0726359,15.7755,6.12164,21.8971
0.0727928,16.4048,5.78915,22.194
0.0729499,15.6724,6.09083,21.7632
0.0731071,15.6175,6.04483,21.6623
0.0732645,15.4979,5.99164,21.4895
0.073422,15.6549,6.03122,21.6862
0.0735797,16.4676,6.26285,22.7305
0.0737375,15.7717,5.89247,21.6642
0.0738954,15.6247,6.31286,21.9375
0.0740535,15.4024,5.9158,21.3182
0.0742117,15.8338,5.92129,21.7551
0.0743701,15.6507,6.04237,21.6931
0.0745286,15.4205,6.22571,21.6462
0.0746873,15.8025,5.9456,21.7481
0.0748461,15.7368,6.00748,21.7443
0.075005,16.1187,6.03072,22.1494
0.0751641,16.1958,6.17884,22.3746
0.0753234,15.8557,5.9245,21.7802
0.0754828,15.9555,5.82739,21.7829
0.0756423,16.3174,6.22207,22.5395
0.075802,16.0837,5.90935,21.9931
0.0759618,15.8958,6.13503,22.0308
0.0761218,15.9289,6.01172,21.9406
0.0762819,15.6146,5.90172,21.5163
0.0764421,15.9925,5.91929,21.9117
0.0766025,15.9777,5.942,21.9197
0.0767631,15.6624,5.70193,21.3643
0.0769238,16.0631,5.87117,21.9343
0.0770846,15.6952,6.49576,22.191
0.0772456,16.1173,5.82732,21.9446
0.0774067,16.2023,5.90558,22.1079
0.077568,15.9748,6.03223,22.0071
0.0777294,15.9298,6.1976,22.1274
0.077891,15.7885,5.78452,21.573
0.0780527,15.9474,6.10734,22.0548
0.0782146,15.6557,5.9466,21.6023
0.0783766,15.4344,5.88532,21.3197
0.0785388,16.0507,5.9165,21.9672
0.0787011,15.9367,6.12986,22.0666
0.0788635,16.0408,6.03803,22.0789
0.0790261,16.0187,5.82724,21.8459
0.0791889,15.5695,5.80202,21.3715
0.0793518,16.2328,6.48269,22.7155
0.0795148,15.7886,5.80907,21.5977
0.079678,15.8062,5.86698,21.6732
0.0798414,15.7436,5.90836,21.652
0.0800049,15.9474,5.97303,21.9205
0.0801685,15.7404,5.978,21.7184
0.0803323,16.3521,6.32465,22.6768
0.0804962,15.1806,6.29467,21.4753
0.0806603,16.1397,6.0478,22.1875
0.0808245,15.9451,5.9305,21.8756
0.0809889,15.7562,6.25958,22.0157
0.0811535,15.3633,6.14641,21.5097
0.0813182,15.8745,6.05289,21.9274
0.081483,15.5317,6.09637,21.6281
0.081648,15.528,5.74528,21.2733
0.0818131,16.2561,5.86255,22.1187
0.0819784,15.9891,5.84714,21.8362
0.0821438,15.777,5.89549,21.6725
0.0823094,15.412,5.70323,21.1152
0.0824751,15.8258,5.78987,21.6157
0.082641,15.8453,6.16207,22.0074
0.0828071,15.0992,6.00903,21.1082
0.0829733,16.199,5.97992,22.1789
0.0831396,15.438,5.98102,21.4191
0.0833061,15.5089,5.74548,21.2544
0.0834727,15.5436,5.96606,21.5096
0.0836395,15.8354,5.83382,21.6692
0.0838065,15.6743,6.17918,21.8535
0.0839736,15.61,6.096,21.706
0.0841408,15.5493,6.20642,21.7557
0.0843082,15.5104,6.14836,21.6587
0.0844758,15.5827,5.87083,21.4535
0.0846435,15.6536,6.04945,21.7031
0.0848113,15.5483,5.99338,21.5417
0.0849793,16.1564,5.80602,21.9625
0.0851475,15.817,6.01067,21.8277
0.0853158,15.999,5.90006,21.8991
0.0854843,15.8936,6.28168,22.1753
0.0856529,15.8453,6.20332,22.0487
0.0858217,15.7566,5.80723,21.5638
0.0859906,15.9994,5.98347,21.9829
0.0861597,15.609,5.88935,21.4983
0.0863289,15.7464,5.81008,21.5565
0.0864983,15.6528,5.96661,21.6194
0.0866679,16.1626,6.05109,22.2137
0.0868376,15.6944,6.19139,21.8858
0.0870074,15.1012,6.26181,21.3631
0.0871774,15.7786,6.28922,22.0678
0.0873476,16.0901,6.03131,22.1214
0.0875179,16.3154,6.16295,22.4783
0.0876884,15.648,5.61607,21.2641
0.087859,15.7379,5.67349,21.4114
0.0880298,15.5469,5.80088,21.3478
0.0882007,15.395,6.15809,21.553
0.0883718,15.6447,6.02225,21.667
0.0885431,16.1411,5.8242,21.9653
0.0887145,15.6241,5.83406,21.4581
0.088886,15.9619,5.95163,21.9135
0.0890577,15.7753,6.09376,21.8691
0.0892296,15.7611,5.9719,21.733
0.0894016,15.5641,6.16138,21.7255
0.0895738,15.667,5.77844,21.4455
0.0897462,15.7938,6.24895,22.0427
0.0899186,15.6747,6.05238,21.727
0.0900913,15.8901,5.80794,21.698
0.0902641,15.7181,6.00811,21.7262
0.0904371,15.8725,5.97343,21.846
0.0906102,16.0571,5.95481,22.0119
0.0907835,16.2469,6.1169,22.3638
0.0909569,15.25,5.86985,21.1199
0.0911305,15.9524,6.13374,22.0862
0.0913043,15.5936,5.76418,21.3578
0.0914782,15.8387,6.02937,21.8681
0.0916523,16.02,6.04973,22.0697
0.0918265,15.4958,6.11804,21.6138
0.0920009,15.6908,6.24109,21.9319
0.0921754,15.8071,6.29522,22.1023
0.0923501,15.74,6.24494,21.985
0.092525,15.3794,5.79935,21.1788
0.0927,15.9812,5.96092,21.9421
0.0928752,16.0386,6.05356,22.0922
0.0930505,15.6903,5.96599,21.6563
0.093226,15.7802,5.7969,21.5771
0.0934017,15.4649,6.33685,21.8018
0.0935775,15.7457,5.79762,21.5433
0.0937535,15.8409,6.10246,21.9434
0.0939296,15.6815,5.80027,21.4818
0.0941059,15.6427,5.7082,21.3509
0.0942824,15.7016,5.8945,21.5961
0.094459,15.9916,5.97125,21.9628
0.0946358,15.5518,6.00721,21.559
0.0948127,15.9957,5.86659,21.8623
0.0949898,16.0542,5.92256,21.9767
0.0951671,16.2711,5.80521,22.0763
0.0953445,15.7323,5.78122,21.5135
0.0955221,15.8194,6.10288,21.9223
0.0956999,16.1972,5.99661,22.1938
0.0958778,16.0417,6.02806,22.0698
0.0960558,15.5807,5.90057,21.4813
0.0962341,15.9377,5.80553,21.7432
0.0964125,15.668,5.99093,21.659
0.096591,15.5318,5.87638,21.4082
0.0967697,15.9751,5.7112,21.6863
0.0969486,15.8776,5.85767,21.7352
0.0971277,15.8834,5.96138,21.8448
0.0973069,16.1245,6.41924,22.5437
0.0974862,15.8202,5.63437,21.4545
0.0976658,16.1035,5.8349,21.9384
0.0978455,15.6944,5.80052,21.4949
0.0980253,16.1702,6.06575,22.2359
0.0982054,15.6346,5.83521,21.4698
0.0983855,15.8074,6.27612,22.0835
0.0985659,16.374,6.12828,22.5023
0.0987464,16.1096,5.87852,21.9882
0.0989271,15.8258,6.13664,21.9625
0.0991079,15.9846,6.01826,22.0029
0.0992889,15.4557,5.94543,21.4011
0.0994701,15.9964,6.1312,22.1276
0.0996514,15.7998,5.85916,21.659
0.099833,15.5803,6.10772,21.688
0.100015,15.9794,5.97441,21.9538
0.100196,15.4929,5.6927,21.1856
0.100378,15.5254,6.13109,21.6565
0.100561,15.6467,6.09465,21.7413
0.100743,16.0672,6.10673,22.1739
0.100925,15.9333,5.97159,21.9049
0.101108,16.3872,5.86228,22.2495
0.101291,15.9313,6.10662,22.0379
0.101474,15.9431,6.01927,21.9623
0.101657,16.0409,5.72907,21.77
0.10184,16.1866,5.81385,22.0005
0.102024,15.8667,5.85807,21.7248
0.102208,15.7834,5.82434,21.6077
0.102391,15.5148,6.03295,21.5477
0.102575,15.8285,6.07284,21.9013
0.10276,15.8469,5.88655,21.7334
0.102944,15.5619,5.96263,21.5245
0.103128,15.555,5.84566,21.4007
0.103313,15.4623,5.96333,21.4257
0.103498,15.5274,5.63202,21.1594
0.103683,15.8493,5.71681,21.5661
0.103868,16.014,5.81517,21.8292
0.104053,15.7121,5.79846,21.5106
0.104239,15.7543,6.13994,21.8942
0.104425,15.6662,5.88645,21.5526
0.10461,15.813,5.90375,21.7167
0.104796,16.0575,6.03408,22.0916
0.104983,15.7056,6.15702,21.8626
0.105169,16.0775,6.02172,22.0992
0.105355,16.2251,6.03007,22.2551
0.105542,15.9877,6.09399,22.0817
0.105729,15.3433,6.11961,21.4629
0.105916,15.8166,6.13482,21.9514
0.106103,15.9206,5.94211,21.8627
0.106291,16.0191,6.15022,22.1694
0.106478,16.028,5.7768,21.8048
0.106666,16.0216,5.8706,21.8922
0.106854,16.2564,5.99189,22.2483
0.107042,15.7593,6.06486,21.8242
0.10723,15.4237,5.92598,21.3497
0.107418,16.1253,5.90637,22.0317
0.107607,15.9158,5.83167,21.7475
0.107796,16.031,5.95985,21.9908
0.107985,15.6574,5.95437,21.6117
0.108174,15.9955,5.9348,21.9303
0.108363,15.8747,5.9552,21.8299
0.108552,15.8324,5.98028,21.8127
0.108742,15.6772,5.80629,21.4835
0.108932,16.0162,5.85428,21.8705
0.109122,15.5416,6.07875,21.6204
0.109312,15.2456,6.05838,21.304
0.109502,15.4671,6.23266,21.6997
0.109692,15.696,5.85039,21.5463
0.109883,16.1892,5.71774,21.9069
0.110074,16.2287,5.9551,22.1838
0.110265,15.4205,5.85914,21.2797
0.110456,15.9301,5.97535,21.9055
0.110647,15.5218,6.0416,21.5634
0.110839,16.1696,5.82301,21.9926
0.11103,16.0705,6.19042,22.2609
0.111222,15.4587,6.0001,21.4588
0.111414,16.0275,6.03302,22.0606
0.111607,15.8256,5.90438,21.73
0.111799,16.3642,6.01008,22.3742
0.111991,15.9652,5.96886,21.9341
0.112184,16.0229,5.72625,21.7491
0.112377,15.8666,5.75375,21.6204
0.11257,16.1988,5.89231,22.0911
0.112763,15.5519,5.88368,21.4356
0.112957,16.3328,6.03461,22.3674
0.11315,15.6727,6.07992,21.7526
0.113344,15.7818,5.89985,21.6817
0.113538,16.1423,5.92193,22.0642
0.113732,15.9859,5.89382,21.8797
0.113927,15.6251,6.07035,21.6954
0.114121,16.0429,6.15255,22.1955
0.114316,16.1999,6.09636,22.2963
0.11451,15.873,5.8888,21.7617
0.114706,15.3549,5.89369,21.2486
0.114901,16.0367,5.98161,22.0183
0.115096,15.7424,5.77066,21.5131
0.115292,15.7483,5.96465,21.7129
0.115487,15.7385,5.98337,21.7219
0.115683,15.8376,6.02361,21.8612
0.115879,15.7458,6.11113,21.857
0.116076,15.5912,6.11458,21.7058
0.116272,15.8681,5.93475,21.8029
0.116469,15.766,6.10809,21.8741
0.116665,15.7051,5.75634,21.4614
0.116862,16.0839,5.83235,21.9162
0.117059,15.6619,5.89015,21.552
0.117257,15.8092,5.83941,21.6486
0.117454,15.4664,5.86715,21.3335
0.117652,15.7768,5.97909,21.7559
0.11785,15.858,5.85538,21.7134
0.118048,15.7298,6.04527,21.775
0.118246,15.6654,6.31199,21.9774
0.118445,16.0764,5.96394,22.0404
0.118643,15.6734,5.72105,21.3944
0.118842,15.3453,5.77747,21.1228
0.119041,15.5561,6.06337,21.6195
0.11924,15.6983,6.09191,21.7902
0.119439,15.7785,5.62426,21.4028
0.119639,15.5625,5.96248,21.525
0.119838,16.0468,5.79917,21.8459
0.120038,15.5578,5.94474,21.5025
0.120238,15.7624,6.09422,21.8566
0.120439,15.7078,5.76599,21.4738
0.120639,15.806,5.88666,21.6927
0.12084,15.9427,6.21791,22.1606
0.12104,15.8004,5.85655,21.657
0.121241,15.7145,6.11718,21.8317
0.121442,15.5048,5.80921,21.3141
0.121644,15.5972,5.99595,21.5931
0.121845,15.7146,5.89573,21.6103
0.122047,15.5927,5.70235,21.295
0.122249,15.8483,5.96775,21.816
0.122451,15.6535,6.10547,21.759
0.122653,15.8856,5.8832,21.7688
0.122855,15.9231,5.79542,21.7185
0.123058,15.9671,5.94177,21.9089
0.123261,15.9144,5.632,21.5464
0.123464,15.7389,6.09884,21.8377
0.123667,15.9768,5.75381,21.7306
0.12387,15.4019,6.1855,21.5874
0.124074,15.8624,5.94027,21.8027
0.124277,15.8576,5.96637,21.8239
0.124481,15.7517,6.1233,21.875
0.124685,15.7145,6.28176,21.9963
0.12489,15.8399,5.78184,21.6217
0.125094,15.9528,6.04376,21.9966
0.125299,15.7432,5.90351,21.6467
0.125504,15.9855,6.00246,21.9879
0.125709,15.4558,5.83618,21.292
0.125914,15.6937,6.17056,21.8643
0.126119,16.0404,5.70643,21.7469
0.126325,16.055,6.05925,22.1142
0.12653,15.7205,5.90324,21.6238
0.126736,15.6003,5.73093,21.3312
0.126942,15.4751,6.15133,21.6264
0.127149,15.8375,5.96676,21.8042
0.127355,16.2791,6.14653,22.4256
0.127562,15.2338,6.30851,21.5423
0.127769,16.0374,5.88475,21.9222
0.127976,15.7625,5.70756,21.47
0.128183,15.9103,5.82913,21.7394
0.128391,15.7608,5.90197,21.6628
0.128598,15.551,6.24143,21.7925
0.128806,15.9205,6.09915,22.0196
0.129014,15.6804,5.83112,21.5116
0.129222,15.8014,5.95,21.7514
0.129431,15.771,5.77362,21.5446
0.129639,15.7053,6.21664,21.9219
0.129848,15.5565,5.95952,21.516
0.130057,15.9984,6.05403,22.0524
0.130266,15.3082,5.86621,21.1744
0.130475,15.8737,5.74725,21.621
0.130685,15.8322,5.89596,21.7282
0.130895,15.5654,6.10533,21.6707
0.131105,15.9256,6.12983,22.0555
0.131315,15.7558,5.95563,21.7114
0.131525,15.3161,5.94632,21.2624
0.131735,16.2779,6.06771,22.3457
0.131946,16.0612,5.9777,22.0388
0.132157,15.459,5.77342,21.2324
0.132368,15.5295,5.79064,21.3201
0.132579,15.8786,5.89857,21.7771
0.132791,16.2568,5.65532,21.9121
0.133002,15.5514,5.71075,21.2621
0.133214,15.801,5.73242,21.5334
0.133426,15.9058,5.81918,21.725
0.133638,15.7557,5.81699,21.5727
0.133851,16.162,6.03227,22.1943
0.134063,15.3585,6.05225,21.4107
0.134276,15.6384,6.02878,21.6671
0.134489,15.9787,6.09845,22.0772
0.134702,15.7762,5.88445,21.6607
0.134916,16.0595,5.94015,21.9996
0.135129,15.5459,5.79523,21.3411
0.135343,15.6535,5.51845,21.1719
0.135557,15.6291,5.69994,21.329
0.135771,16.1039,5.70171,21.8056
0.135985,15.7257,5.66272,21.3884
0.1362,15.6324,5.65851,21.2909
0.136415,15.4753,5.89992,21.3753
0.13663,15.6833,5.81363,21.497
0.136845,15.4784,6.01157,21.49
0.13706,15.7499,6.02408,21.7739
0.137275,15.3898,6.01373,21.4035
0.137491,15.817,5.85608,21.6731
0.137707,15.9195,5.81509,21.7346
0.137923,15.8848,5.8564,21.7412
0.138139,15.7616,5.95838,21.72
0.138356,15.8947,5.74499,21.6397
0.138573,15.703,5.79244,21.4955
0.13879,15.9303,5.84056,21.7708
0.139007,15.8366,5.7648,21.6014
0.139224,16.0976,5.91373,22.0113
0.139441,15.8975,6.09631,21.9938
0.139659,15.7271,5.92489,21.652
0.139877,15.8773,5.71623,21.5936
0.140095,15.8937,5.81416,21.7079
0.140313,15.6632,5.79733,21.4605
0.140532,15.4243,6.0127,21.437
0.14075,16.0169,5.92852,21.9454
0.140969,15.7532,5.74764,21.5008
0.141188,15.6222,6.0399,21.6621
0.141408,16.17,6.05131,22.2213
0.141627,15.9143,5.84014,21.7545
0.141847,15.4276,5.85858,21.2862
0.142067,15.7112,5.9142,21.6254
0.142287,15.7138,5.77278,21.4865
0.142507,15.6469,5.80584,21.4527
0.142727,15.8244,5.82667,21.6511
0.142948,15.2916,5.92627,21.2179
0.143169,16.1894,5.76322,21.9527
0.14339,15.495,6.01497,21.51
0.143611,16.5681,5.83805,22.4062
0.143833,15.8178,5.93523,21.7531
0.144054,15.9709,6.08301,22.0539
0.144276,15.3773,5.76717,21.1445
0.144498,15.6222,5.85692,21.4791
0.144721,16.0896,5.96682,22.0564
0.144943,15.9206,5.91991,21.8405
0.145166,15.7448,6.1292,21.874
0.145389,15.2081,5.66132,20.8694
0.145612,15.74,5.82264,21.5627
0.145835,15.4754,5.84451,21.3199
0.146058,15.6209,5.92618,21.5471
0.146282,16.2698,5.83712,22.1069
0.146506,16.0758,5.85428,21.9301
0.14673,15.5581,5.7139,21.272
0.146954,15.5808,5.94788,21.5287
0.147179,15.824,5.97527,21.7993
0.147404,15.9594,5.952,21.9114
0.147629,16.2185,5.67665,21.8952
0.147854,15.4762,6.18768,21.6639
0.148079,16.207,5.9481,22.1551
0.148304,15.7328,5.8849,21.6177
0.14853,15.6052,5.77708,21.3823
0.148756,15.9233,5.79055,21.7139
0.148982,15.8868,6.05875,21.9456
0.149209,15.8906,6.07892,21.9695
0.149435,16.0793,5.74439,21.8237
0.149662,15.4061,5.98985,21.396
0.149889,15.5622,5.70621,21.2684
0.150116,15.7005,6.08264,21.7831
0.150343,15.528,6.03211,21.5601
0.150571,15.621,6.04888,21.6699
0.150799,15.6809,5.67854,21.3594
0.151027,15.6011,5.95498,21.556
0.151255,15.673,5.77301,21.446
0.151483,16.0035,5.72409,21.7276
0.151712,15.7339,6.21841,21.9523
0.151941,15.8213,5.70381,21.5251
0.15217,15.8669,5.76065,21.6276
0.152399,15.8146,6.02402,21.8386
0.152629,15.5393,6.26583,21.8051
0.152858,16.2283,5.82174,22.0501
0.153088,15.6531,5.9932,21.6463
0.153318,15.548,5.77408,21.3221
0.153549,15.4568,5.76404,21.2208
0.153779,15.5706,6.1214,21.692
0.15401,15.9032,5.71485,21.618
0.154241,15.9584,5.53405,21.4924
0.154472,15.4226,5.73008,21.1527
0.154703,16.0613,5.77617,21.8374
0.154935,16.0273,6.03027,22.0576
0.155166,15.7423,5.81668,21.559
0.155398,15.6355,5.72264,21.3581
0.155631,16.1947,5.78902,21.9837
0.155863,15.8683,5.77263,21.6409
0.156096,15.3566,5.79739,21.154
0.156328,15.3786,5.88951,21.2681
0.156561,15.7736,5.77446,21.5481
0.156795,15.7051,5.70988,21.415
0.157028,15.3829,5.95469,21.3376
0.157262,15.9814,5.67666,21.6581
0.157496,15.9452,5.90471,21.8499
0.15773,15.886,5.85536,21.7413
0.157964,15.8929,5.98559,21.8785
0.158199,15.8404,5.88478,21.7252
0.158433,15.9058,5.89846,21.8043
0.158668,15.9107,5.99131,21.902
0.158903,15.8644,5.73658,21.601
0.159139,15.7629,5.87339,21.6363
0.159374,15.8263,5.8921,21.7184
0.15961,15.5863,5.92787,21.5142
0.159846,15.588,5.79808,21.3861
0.160082,15.8562,6.01161,21.8679
0.160319,15.634,5.90899,21.543
0.160555,15.548,5.96403,21.512
0.160792,15.8799,5.93682,21.8167
0.161029,15.911,5.63184,21.5428
0.161267,15.564,5.83663,21.4006
0.161504,15.7223,5.8606,21.5829
0.161742,15.8515,5.75539,21.6068
0.16198,15.4208,5.82373,21.2446
0.162218,15.701,5.84336,21.5443
0.162456,16.1635,5.93617,22.0997
0.162695,15.6715,5.62739,21.2989
0.162934,15.8797,5.92535,21.805
0.163173,15.8572,6.16224,22.0194
0.163412,15.8293,5.88001,21.7093
0.163652,16.1019,5.85517,21.957
0.163891,15.374,5.91306,21.2871
0.164131,15.7081,6.03266,21.7408
0.164371,15.5452,6.13602,21.6812
0.164612,15.6489,5.94162,21.5905
0.164852,16.0708,5.77731,21.8481
0.165093,15.6084,5.75497,21.3634
0.165334,15.6474,5.7372,21.3846
0.165575,15.668,5.91942,21.5874
0.165817,15.7152,5.76553,21.4807
0.166058,15.6585,5.84693,21.5054
0.1663,15.7935,5.63831,21.4318
0.166542,15.5929,5.55514,21.148
0.166785,15.5569,5.77858,21.3355
0.167027,15.8771,5.82116,21.6983
0.16727,15.861,5.61825,21.4792
0.167513,15.8411,5.69492,21.5361
0.167756,15.8314,5.49245,21.3238
0.167999,15.7056,5.94779,21.6534
0.168243,16.0912,5.79478,21.886
0.168487,16.283,5.66444,21.9475
0.168731,15.8291,5.85411,21.6833
0.168975,15.6621,5.60791,21.27
0.16922,15.8481,5.76102,21.6092
0.169465,15.5886,5.87162,21.4602
0.16971,15.6336,5.97059,21.6042
0.169955,15.9213,5.61021,21.5315
0.1702,15.583,5.9975,21.5805
0.170446,15.5638,5.55212,21.1159
0.170692,15.2425,5.8018,21.0443
0.170938,15.7345,5.81675,21.5512
0.171184,16.1182,5.75915,21.8774
0.171431,15.4569,5.88063,21.3375
0.171677,15.643,5.70413,21.3471
0.171924,15.749,5.92386,21.6728
0.172171,16.345,6.05703,22.4021
0.172419,16.1684,5.68548,21.8539
0.172667,15.6935,5.74864,21.4421
0.172914,16.2299,5.89795,22.1278
0.173163,15.895,6.09593,21.9909
0.173411,15.5002,5.90507,21.4052
0.173659,15.7692,5.72914,21.4983
0.173908,16.0495,5.95453,22.0041
0.174157,16.0743,5.85743,21.9317
0.174406,15.5491,5.70737,21.2565
0.174656,15.877,5.88406,21.761
0.174906,15.891,5.67409,21.5651
0.175156,15.8428,5.61679,21.4596
0.175406,15.7568,5.83024,21.587
0.175656,16.3396,6.06437,22.4039
0.175907,15.5985,5.91832,21.5168
0.176157,15.8392,5.80479,21.644
0.176408,15.9521,5.83075,21.7829
0.17666,15.9161,5.89445,21.8105
0.176911,16.1575,5.89453,22.052
0.177163,16.1868,5.9027,22.0895
0.177415,15.628,5.94926,21.5773
0.177667,15.8438,5.72033,21.5641
0.17792,15.438,5.68179,21.1198
0.178172,15.6325,5.62223,21.2547
0.178425,15.4516,5.70424,21.1558
0.178678,15.9038,5.72546,21.6292
0.178932,15.6511,5.63117,21.2822
0.179185,16.2101,5.87979,22.0899
0.179439,15.4769,5.79782,21.2747
0.179693,15.7078,5.77221,21.48
0.179947,15.9456,5.78838,21.734
0.180202,15.6171,5.87818,21.4952
0.180457,15.6354,5.79358,21.4289
0.180711,15.7505,5.89273,21.6432
0.180967,16.0855,5.74964,21.8351
0.181222,15.8631,5.59337,21.4565
0.181478,15.8846,5.78358,21.6682
0.181734,15.7574,5.81031,21.5677
0.18199,15.5696,5.74152,21.3111
0.182246,15.4279,5.94532,21.3733
0.182503,15.6582,5.73391,21.3921
0.18276,15.8618,5.43831,21.3001
0.183017,15.7227,5.84449,21.5672
0.183274,15.7159,5.72029,21.4362
0.183531,15.5022,5.84183,21.344
0.183789,15.5943,5.5089,21.1032
0.184047,15.6956,5.94733,21.6429
0.184305,15.6783,5.7329,21.4112
0.184564,16.2226,5.92772,22.1503
0.184822,15.9255,5.78435,21.7099
0.185081,16.0459,5.77617,21.8221
0.185341,16.1394,5.93661,22.076
0.1856,15.6457,5.83285,21.4785
0.18586,15.9191,5.96,21.8791
0.186119,15.129,5.76069,20.8897
0.18638,15.8367,5.87783,21.7145
0.18664,15.5653,5.60912,21.1744
0.186901,15.9369,5.86719,21.8041
0.187161,15.8362,5.69156,21.5278
0.187422,15.9209,5.8066,21.7275
0.187684,15.7051,5.69246,21.3976
0.187945,15.9074,5.65132,21.5587
0.188207,15.6699,5.82296,21.4929
0.188469,15.6341,5.61886,21.253
0.188731,15.4571,5.71686,21.174
0.188994,15.9884,5.45366,21.442
0.189256,15.5702,6.03752,21.6077
0.189519,15.8119,5.78448,21.5963
0.189783,15.7791,5.62493,21.404
0.190046,15.9019,5.84649,21.7484
0.19031,15.9161,5.76385,21.68
0.190574,15.5817,5.71485,21.2966
0.190838,15.8226,5.68636,21.5089
0.191102,15.7358,5.68154,21.4173
0.191367,15.8152,5.89357,21.7087
0.191632,15.9464,5.84716,21.7936
0.191897,15.3919,5.90357,21.2955
0.192162,15.7763,5.68348,21.4598
0.192428,15.7719,5.79104,21.563
0.192694,15.886,5.92088,21.8069
0.19296,15.7778,5.70591,21.4838
0.193226,15.7142,5.7847,21.4989
0.193493,15.4258,5.82084,21.2467
0.193759,15.7219,5.78604,21.508
0.194026,15.6494,5.73895,21.3883
0.194294,15.9419,5.88724,21.8291
0.194561,15.8763,5.72112,21.5974
0.194829,15.4635,5.76531,21.2288
0.195097,15.8811,5.68733,21.5685
0.195365,15.5946,5.74886,21.3435
0.195634,15.6422,5.87027,21.5125
0.195903,15.7038,5.86687,21.5707
0.196172,16.1484,5.72782,21.8762
0.196441,15.9376,5.54537,21.483
0.19671,15.6142,5.80424,21.4185
0.19698,15.956,5.735,21.691
0.19725,15.7527,5.70466,21.4573
0.19752,15.7841,5.8403,21.6244
0.197791,15.6007,5.82263,21.4233
0.198062,15.6889,5.85958,21.5485
0.198333,15.8879,5.76013,21.648
0.198604,15.8622,5.69457,21.5568
0.198875,15.9661,5.76456,21.7306
0.199147,16.1992,5.83943,22.0386
0.199419,15.6553,5.57976,21.2351
0.199691,15.5134,5.42069,20.9341
0.199964,15.9296,5.84442,21.774
0.200236,15.5226,5.708,21.2305
0.200509,15.7262,5.83013,21.5563
0.200782,15.6119,5.91495,21.5269
0.201056,15.7659,5.84029,21.6062
0.201329,15.4635,5.96346,21.4269
0.201603,15.8126,5.72036,21.533
0.201878,15.7229,5.98024,21.7031
0.202152,15.5405,6.03215,21.5727
0.202427,15.5864,5.50799,21.0944
0.202702,15.5584,5.58253,21.1409
0.202977,15.7074,5.8226,21.53
0.203252,15.9237,5.68173,21.6054
0.203528,15.925,5.73486,21.6598
0.203804,15.7274,5.93711,21.6645
0.20408,15.524,5.91648,21.4405
0.204356,15.9856,5.85739,21.843
0.204633,15.9192,5.661,21.5802
0.20491,15.5009,5.64492,21.1458
0.205187,15.609,5.6833,21.2923
0.205465,15.8114,5.66516,21.4765
0.205742,15.7092,5.59981,21.309
0.20602,16.0551,5.82368,21.8788
0.206299,15.7797,5.88434,21.664
0.206577,15.7499,5.61906,21.369
0.206856,15.7265,5.90696,21.6334
0.207135,15.6723,5.81287,21.4851
0.207414,16.0243,5.79318,21.8175
0.207693,15.4542,5.70791,21.1621
0.207973,15.4536,5.72645,21.18
0.208253,15.9116,5.61157,21.5231
0.208533,16.1256,5.55774,21.6833
0.208814,15.4957,5.87765,21.3733
0.209095,15.8097,5.57766,21.3874
0.209376,15.6672,5.70119,21.3684
0.209657,15.7722,5.78803,21.5602
0.209938,15.728,5.74954,21.4776
0.21022,15.5494,5.6392,21.1886
0.210502,15.9202,5.85404,21.7743
0.210784,15.8819,5.5857,21.4676
0.211067,15.5418,5.45555,20.9974
0.21135,15.901,5.6929,21.5939
0.211633,16.019,5.87057,21.8895
0.211916,15.7162,5.73601,21.4522
0.2122,15.764,5.89271,21.6567
0.212483,15.6993,5.74099,21.4403
0.212767,16.0241,5.87359,21.8977
0.213052,15.9669,5.79878,21.7657
0.213336,15.916,5.84078,21.7568
0.213621,15.9006,5.72104,21.6216
0.213906,15.756,5.75942,21.5154
0.214192,16.139,5.95666,22.0957
0.214477,15.8962,5.69179,21.588
0.214763,15.7944,5.80576,21.6002
0.215049,15.9523,5.59169,21.544
0.215336,15.7018,5.70287,21.4047
0.215622,15.5692,5.82434,21.3935
0.215909,15.8175,5.58749,21.405
0.216197,15.7321,5.74076,21.4729
0.216484,15.7808,5.8427,21.6236
0.216772,15.7124,5.66158,21.374
0.21706,15.7082,5.71117,21.4194
0.217348,15.8438,5.94311,21.7869
0.217636,15.7444,5.72207,21.4665
0.217925,15.7845,5.71659,21.5011
0.218214,16.0383,5.72249,21.7608
0.218504,16.1208,5.52941,21.6502
0.218793,15.9026,5.6188,21.5214
0.219083,15.7477,5.90295,21.6507
0.219373,15.7114,5.8045,21.5159
0.219663,16.1492,5.75313,21.9024
0.219954,15.6551,5.92979,21.5849
0.220245,15.8668,5.56144,21.4282
0.220536,15.9206,5.67495,21.5955
0.220827,15.8892,5.59109,21.4803
0.221119,15.7557,5.68042,21.4361
0.221411,15.8922,5.78997,21.6822
0.221703,16.0141,5.54503,21.5592
0.221996,16.12,6.04781,22.1678
0.222288,15.4855,5.50613,20.9917
0.222581,15.6737,5.66202,21.3357
0.222875,15.7845,5.54238,21.3269
0.223168,15.5614,5.70205,21.2634
0.223462,15.7433,5.51146,21.2548
0.223756,15.7601,5.51533,21.2755
0.22405,16.0315,5.82959,21.8611
0.224345,15.5387,5.771,21.3097
0.22464,15.8003,5.62676,21.427
0.224935,15.6871,5.85707,21.5441
0.22523,15.653,5.68697,21.3399
0.225526,16.0833,5.81755,21.9008
0.225822,16.3081,5.95206,22.2602
0.226118,15.823,5.57477,21.3977
0.226414,15.9979,5.74035,21.7382
0.226711,15.6646,5.85857,21.5232
0.227008,15.6439,5.87702,21.521
0.227305,15.6539,5.68476,21.3386
0.227603,15.643,5.76758,21.4106
0.227901,15.7785,5.62822,21.4067
0.228199,15.554,5.74895,21.3029
0.228497,15.675,5.5814,21.2565
0.228796,15.8715,5.54626,21.4177
0.229095,15.8976,5.72706,21.6246
0.229394,15.9538,5.47274,21.4265
0.229693,16.0093,5.56333,21.5726
0.229993,16.0649,5.84996,21.9148
0.230293,15.8294,5.52294,21.3524
0.230593,15.783,5.64908,21.4321
0.230894,15.816,5.63783,21.4538
0.231195,15.5027,5.52298,21.0257
0.231496,15.4672,5.56917,21.0364
0.231797,16.0018,5.56419,21.566
0.232099,15.8019,5.88519,21.6871
0.232401,16.0102,5.70793,21.7181
0.232703,15.7408,5.66584,21.4066
0.233005,15.6605,5.58505,21.2455
0.233308,16.305,5.57067,21.8756
0.233611,15.6662,5.77579,21.442
0.233914,15.5843,5.70712,21.2914
0.234218,15.5333,5.68165,21.2149
0.234522,16.1081,5.90131,22.0094
0.234826,16.138,5.60917,21.7472
0.23513,16.2046,5.71165,21.9163
0.235435,15.4254,5.56112,20.9865
0.23574,16.024,5.67611,21.7001
0.236045,15.6829,5.69702,21.3799
0.236351,15.8335,5.68348,21.517
0.236656,15.5404,5.6202,21.1606
0.236962,15.7341,5.77779,21.5119
0.237269,15.8926,5.48215,21.3748
0.237575,15.9428,5.75231,21.6951
0.237882,15.9677,5.75729,21.725
0.238189,16.1433,5.65688,21.8002
0.238497,15.5576,5.61394,21.1716
0.238805,16.0874,5.8176,21.905
0.239113,15.7683,5.60383,21.3722
0.239421,15.651,5.64453,21.2955
0.239729,15.7298,5.73159,21.4614
0.240038,15.7018,5.70354,21.4053
0.240347,15.6711,5.61837,21.2895
0.240657,15.7015,5.61529,21.3168
0.240967,15.8006,5.54256,21.3432
0.241277,15.8464,5.51125,21.3576
0.241587,15.8053,5.5806,21.3859
0.241897,15.794,5.53208,21.3261
0.242208,15.8489,5.54742,21.3963
0.242519,15.7246,5.38226,21.1069
0.242831,15.6304,5.60703,21.2374
0.243142,16.0123,5.88575,21.898
0.243454,15.43,5.71627,21.1462
0.243766,15.8877,5.63623,21.524
0.244079,15.9651,5.61662,21.5817
0.244392,15.7861,5.51547,21.3015
0.244705,15.702,5.77043,21.4725
0.245018,15.8878,5.58955,21.4773
0.245332,15.8333,5.50379,21.3371
0.245646,16.3495,5.45587,21.8054
0.24596,15.7844,5.67198,21.4564
0.246275,16.0873,5.82572,21.913
0.246589,15.885,5.61241,21.4974
0.246904,15.9841,5.65179,21.6359
0.24722,15.7327,5.60356,21.3362
0.247535,15.7819,5.61179,21.3937
0.247851,16.0734,5.70881,21.7823
0.248168,15.7679,5.51174,21.2797
0.248484,16.1556,5.60774,21.7634
0.248801,15.9203,5.73583,21.6561
0.249118,15.9034,5.65176,21.5552
0.249435,15.7514,5.76422,21.5156
0.249753,15.8839,5.57263,21.4565
0.250071,15.5154,5.66224,21.1777
0.250389,15.6965,5.61428,21.3107
0.250708,15.6923,5.72146,21.4138
0.251027,15.7683,5.71241,21.4807
0.251346,15.9755,5.92606,21.9015
0.251665,15.8543,5.80615,21.6604
0.251985,15.684,5.55359,21.2376
0.252305,15.6993,5.41028,21.1095
0.252625,15.6374,5.59529,21.2327
0.252946,15.918,5.75522,21.6732
0.253267,15.8367,5.5459,21.3826
0.253588,16.023,5.47843,21.5014
0.253909,15.6142,5.80639,21.4205
0.254231,15.6855,5.61518,21.3007
0.254553,15.7976,5.75487,21.5525
0.254875,15.9859,5.49456,21.4805
0.255198,16.1202,5.57922,21.6995
0.255521,15.5833,5.56398,21.1473
0.255844,15.907,5.60139,21.5084
0.256167,15.7919,5.4766,21.2685
0.256491,15.7841,5.87771,21.6618
0.256815,16.0667,5.72765,21.7943
0.25714,15.8687,5.57829,21.447
0.257464,15.6109,5.7289,21.3398
0.257789,15.4804,5.49378,20.9742
0.258115,16.0817,5.60538,21.687
0.25844,16.0555,5.73515,21.7906
0.258766,15.3876,5.82654,21.2142
0.259092,15.9925,5.49112,21.4836
0.259419,15.4869,5.51624,21.0031
0.259745,15.9997,5.76474,21.7644
0.260072,15.7749,5.62005,21.395
0.2604,15.8164,5.71761,21.534
0.260727,15.6462,5.59191,21.2381
0.261055,15.8062,5.65185,21.4581
0.261384,15.5648,5.75263,21.3174
0.261712,15.7324,5.52412,21.2565
0.262041,15.7038,5.54695,21.2507
0.26237,15.8305,5.49822,21.3288
0.262699,15.7201,5.5598,21.2799
0.263029,15.7613,5.7239,21.4852
0.263359,16.1055,5.51897,21.6244
0.26369,15.4261,5.84779,21.2738
0.26402,15.5379,5.58505,21.123
0.264351,15.7658,5.69067,21.4565
0.264682,15.8551,5.80565,21.6608
0.265014,15.9665,5.68019,21.6467
0.265346,15.7247,5.72699,21.4517
0.265678,15.8596,5.65757,21.5172
0.26601,15.9115,5.44868,21.3601
0.266343,15.7173,5.63569,21.353
0.266676,15.7367,5.75687,21.4936
0.267009,15.9547,5.70483,21.6596
0.267343,15.7057,5.51336,21.219
0.267677,15.668,5.34152,21.0096
0.268011,15.8821,5.73403,21.6161
0.268346,15.9092,5.43926,21.3485
0.268681,15.5944,5.6758,21.2702
0.269016,15.6667,5.50337,21.17
0.269351,15.6115,5.52021,21.1318
0.269687,15.8939,5.50668,21.4006
0.270023,15.732,5.49684,21.2288
0.270359,15.8927,5.5816,21.4743
0.270696,15.9474,5.61907,21.5665
0.271033,15.8983,5.70023,21.5985
0.27137,15.6829,5.56824,21.2511
0.271708,15.1728,5.35687,20.5297
0.272046,15.9011,5.60524,21.5063
0.272384,15.6127,5.58154,21.1942
0.272723,15.7632,5.53401,21.2972
0.273062,15.7844,5.70526,21.4896
0.273401,16.1796,5.6459,21.8255
0.27374,15.8017,5.37072,21.1724
0.27408,15.7255,5.49677,21.2223
0.27442,15.9537,5.56059,21.5143
0.27476,15.751,5.63443,21.3854
0.275101,15.8376,5.38849,21.2261
0.275442,15.8128,5.71301,21.5258
0.275783,15.6822,5.44753,21.1297
0.276125,15.516,5.46968,20.9856
0.276467,15.7666,5.57273,21.3393
0.276809,15.9138,5.48194,21.3958
0.277152,15.8585,5.36762,21.2261
0.277495,15.8503,5.50493,21.3553
0.277838,15.7056,5.51945,21.225
0.278181,15.9805,5.74843,21.729
0.278525,15.713,5.46175,21.1747
0.278869,15.4932,5.55707,21.0503
0.279214,15.7969,5.69722,21.4941
0.279558,15.9783,5.41617,21.3944
0.279903,15.6137,5.42445,21.0382
0.280249,15.8492,5.54574,21.395
0.280594,15.8487,5.57041,21.4191
0.28094,16.1736,5.63979,21.8134
0.281287,15.5239,5.42527,20.9491
0.281633,15.7662,5.67998,21.4462
0.28198,15.6685,5.50844,21.1769
0.282328,15.7487,5.50744,21.2561
0.282675,15.5084,5.67002,21.1785
0.283023,15.7153,5.54775,21.2631
0.283371,15.8295,5.59687,21.4263
0.28372,15.5662,5.5925,21.1587
0.284069,15.6486,5.36898,21.0176
0.284418,15.5921,5.57475,21.1668
0.284767,15.7272,5.50267,21.2298
0.285117,15.4696,5.5367,21.0063
0.285467,15.6814,5.49167,21.173
0.285818,15.8314,5.6566,21.488
0.286168,15.972,5.69334,21.6654
0.286519,15.364,5.49368,20.8576
0.286871,15.9558,5.38202,21.3378
0.287222,15.7846,5.36883,21.1534
0.287574,16.2071,5.35803,21.5651
0.287927,16.0052,5.70996,21.7152
0.288279,15.8722,5.50653,21.3787
0.288632,15.7338,5.66725,21.4011
0.288986,15.8133,5.53449,21.3478
0.289339,15.882,5.53961,21.4216
0.289693,15.8628,5.5082,21.371
0.290048,15.7222,5.56305,21.2853
0.290402,15.8455,5.40357,21.2491
0.290757,15.7585,5.48161,21.2401
0.291112,15.9999,5.71814,21.718
0.291468,15.7447,5.62839,21.3731
0.291824,15.6401,5.5309,21.171
0.29218,16.0115,5.576,21.5875
0.292536,15.6281,5.63424,21.2624
0.292893,15.8367,5.69555,21.5322
0.293251,15.6967,5.5405,21.2372
0.293608,15.9144,5.42875,21.3432
0.293966,15.5197,5.46934,20.989
0.294324,15.4813,5.58687,21.0682
0.294682,15.6081,5.61137,21.2195
0.295041,15.8018,5.54315,21.3449
0.2954,15.7901,5.51669,21.3068
0.29576,15.8572,5.40159,21.2588
0.29612,15.9771,5.57201,21.5491
0.29648,15.8205,5.58131,21.4019
0.29684,16.0783,5.42361,21.5019
0.297201,15.5556,5.52827,21.0839
0.297562,15.9814,5.42673,21.4081
0.297923,15.5744,5.39079,20.9651
0.298285,15.6526,5.49365,21.1462
0.298647,15.7917,5.58502,21.3768
0.29901,15.6424,5.6867,21.3291
0.299372,15.8459,5.49879,21.3447
0.299735,15.7407,5.51687,21.2576
0.300099,15.4993,5.56071,21.06
0.300463,15.6529,5.35753,21.0104
0.300827,15.8497,5.55777,21.4075
0.301191,15.7536,5.64915,21.4028
0.301556,15.6346,5.48132,21.1159
0.301921,16.0165,5.53639,21.5529
0.302286,15.7322,5.35254,21.0847
0.302652,15.9176,5.51525,21.4328
0.303018,15.9348,5.39642,21.3313
0.303384,15.7124,5.52343,21.2358
0.303751,15.9323,5.60989,21.5422
0.304118,15.7853,5.60509,21.3903
0.304485,15.6183,5.56394,21.1822
0.304853,15.8066,5.37734,21.1839
0.305221,15.5476,5.54416,21.0918
0.30559,15.8364,5.36579,21.2022
0.305958,15.601,5.53374,21.1348
0.306327,16.1044,5.68102,21.7854
0.306697,15.7655,5.487,21.2525
0.307067,15.7558,5.48062,21.2364
0.307437,15.7692,5.80006,21.5692
0.307807,15.5779,5.31595,20.8939
0.308178,16.0274,5.38152,21.4089
0.308549,15.4399,5.73093,21.1709
0.30892,15.5252,5.5032,21.0284
0.309292,15.829,5.71425,21.5433
0.309664,15.7281,5.41117,21.1393
0.310036,15.6801,5.49117,21.1713
0.310409,15.95,5.40725,21.3572
0.310782,15.5844,5.35443,20.9388
0.311156,15.8542,5.50419,21.3584
0.31153,16.085,5.4188,21.5038
0.311904,15.5983,5.33102,20.9293
0.312278,15.7427,5.44118,21.1839
0.312653,15.9163,5.65117,21.5674
0.313028,15.6653,5.30702,20.9723
0.313404,15.5671,5.45136,21.0184
0.313779,15.6789,5.59104,21.2699
0.314155,15.4017,5.64469,21.0464
0.314532,15.7986,5.49751,21.2961
0.314909,15.8658,5.53578,21.4016
0.315286,15.7848,5.59834,21.3831
0.315664,15.8429,5.46332,21.3062
0.316041,15.6957,5.31171,21.0074
0.31642,15.7735,5.47557,21.2491
0.316798,15.9548,5.50878,21.4636
0.317177,15.777,5.63175,21.4088
0.317556,15.8886,5.55499,21.4436
0.317936,15.678,5.49949,21.1775
0.318316,15.7373,5.65658,21.3938
0.318696,15.6774,5.5829,21.2603
0.319077,15.3999,5.53474,20.9346
0.319458,15.9269,5.78314,21.71
0.319839,15.6879,5.36231,21.0502
0.320221,16.036,5.51879,21.5548
0.320603,15.8573,5.69738,21.5547
0.320985,15.5211,5.50812,21.0292
0.321368,15.7265,5.41408,21.1406
0.321751,15.439,5.40297,20.842
0.322134,15.6191,5.35615,20.9752
0.322518,15.4276,5.46644,20.8941
0.322902,15.6362,5.60434,21.2405
0.323287,15.9268,5.44729,21.3741
0.323672,15.6359,5.44628,21.0822
0.324057,15.6266,5.51783,21.1444
0.324442,15.5684,5.48293,21.0513
0.324828,15.8711,5.47624,21.3473
0.325214,15.6834,5.64413,21.3275
0.325601,15.9093,5.50921,21.4185
0.325988,16.0361,5.492,21.5281
0.326375,15.8956,5.29554,21.1912
0.326763,15.5829,5.52934,21.1122
0.327151,15.6569,5.51643,21.1734
0.327539,15.6544,5.3254,20.9798
0.327928,15.7599,5.47712,21.237
0.328317,15.8263,5.55896,21.3852
0.328706,15.4816,5.55563,21.0372
0.329096,15.8332,5.45745,21.2907
0.329486,15.6098,5.36508,20.9748
0.329876,15.7243,5.30814,21.0324
0.330267,15.7828,5.57224,21.355
0.330658,15.9573,5.54782,21.5051
0.33105,15.9862,5.3505,21.3367
0.331442,15.8194,5.39215,21.2116
0.331834,15.592,5.46879,21.0608
0.332226,15.6626,5.52981,21.1924
0.332619,15.6317,5.33619,20.9679
0.333013,15.6356,5.47645,21.112
0.333406,15.9645,5.579,21.5435
0.3338,15.6968,5.47439,21.1712
0.334195,15.7407,5.50736,21.248
0.334589,15.647,5.56448,21.2115
0.334984,15.5897,5.22761,20.8173
0.33538,15.7124,5.37608,21.0885
0.335776,16.117,5.45374,21.5707
0.336172,15.4183,5.43299,20.8513
0.336568,15.8778,5.54236,21.4201
0.336965,15.7006,5.58309,21.2837
0.337362,15.7008,5.39762,21.0984
0.33776,15.9413,5.52073,21.4621
0.338158,15.6931,5.47902,21.1721
0.338556,15.5618,5.47665,21.0385
0.338955,15.5748,5.45163,21.0264
0.339354,15.788,5.40989,21.1979
0.339753,15.6075,5.27654,20.884
0.340153,15.7839,5.43192,21.2158
0.340553,15.9662,5.3343,21.3005
0.340954,15.8041,5.27187,21.076
0.341355,15.6538,5.55222,21.206
0.341756,15.87,5.29981,21.1698
0.342158,15.8394,5.5355,21.3749
0.34256,15.9319,5.23717,21.1691
0.342962,15.7731,5.33728,21.1103
0.343365,15.7072,5.4557,21.1629
0.343768,15.8209,5.48688,21.3078
0.344171,15.7284,5.6321,21.3605
0.344575,16.0431,5.42166,21.4647
0.344979,16.0161,5.39441,21.4105
0.345384,15.6454,5.54619,21.1915
0.345788,15.7782,5.36243,21.1407
0.346194,15.611,5.39235,21.0033
0.346599,15.7057,5.40252,21.1082
0.347005,15.6361,5.36016,20.9963
0.347412,15.9285,5.53592,21.4645
0.347818,15.7929,5.356,21.1489
0.348226,15.5706,5.50587,21.0764
0.348633,15.9716,5.43514,21.4067
0.349041,15.9362,5.49222,21.4284
0.349449,15.6417,5.54048,21.1822
0.349858,15.8109,5.43134,21.2422
0.350267,15.5743,5.55639,21.1307
0.350676,15.9604,5.41771,21.3781
0.351086,15.59,5.46287,21.0529
0.351496,15.905,5.44061,21.3456
0.351906,15.9266,5.28957,21.2162
0.352317,15.6148,5.40999,21.0248
0.352728,15.7409,5.47486,21.2158
0.35314,15.9353,5.296,21.2313
0.353552,15.9947,5.4161,21.4108
0.353964,15.7068,5.45343,21.1602
0.354377,15.9302,5.45517,21.3854
0.35479,15.8984,5.4951,21.3935
0.355203,16.07,5.25962,21.3297
0.355617,15.8585,5.33056,21.1891
0.356031,15.6819,5.4427,21.1246
0.356446,15.9166,5.39249,21.3091
0.356861,15.9571,5.39001,21.3471
0.357276,15.8949,5.21148,21.1064
0.357692,15.7746,5.30888,21.0834
0.358108,16.1277,5.47111,21.5988
0.358524,15.6128,5.20428,20.8171
0.358941,15.8422,5.37836,21.2206
0.359358,15.9097,5.52575,21.4355
0.359776,15.3746,5.33493,20.7095
0.360194,15.8303,5.35632,21.1866
0.360612,15.7005,5.45531,21.1558
0.361031,16.0829,5.45749,21.5404
0.36145,15.8021,5.39572,21.1978
0.36187,15.7997,5.30565,21.1054
0.36229,15.5717,5.37183,20.9435
0.36271,15.923,5.40805,21.331
0.36313,15.7388,5.37274,21.1115
0.363552,15.7772,5.31127,21.0885
0.363973,15.6439,5.41941,21.0633
0.364395,15.7478,5.43675,21.1845
0.364817,16.113,5.52776,21.6408
0.365239,15.5613,5.31591,20.8772
0.365662,15.8321,5.30882,21.1409
0.366086,15.6876,5.54348,21.2311
0.366509,15.8704,5.30385,21.1743
0.366934,15.6945,5.43395,21.1285
0.367358,15.7046,5.15426,20.8588
0.367783,15.5883,5.36354,20.9519
0.368208,15.6343,5.27648,20.9108
0.368634,15.463,5.38769,20.8507
0.36906,15.6122,5.4693,21.0815
0.369486,15.9866,5.29626,21.2829
0.369913,15.6972,5.43029,21.1275
0.37034,15.4489,5.28364,20.7325
0.370768,15.9836,5.17797,21.1616
0.371196,15.9543,5.36455,21.3189
0.371624,15.8781,5.4186,21.2967
0.372053,16.0114,5.29926,21.3106
0.372482,15.7704,5.33163,21.102
0.372912,16.069,5.2221,21.2911
0.373342,15.4177,5.34791,20.7656
0.373772,15.7117,5.4029,21.1146
0.374203,15.6302,5.34555,20.9757
0.374634,15.4562,5.22928,20.6855
0.375065,15.7292,5.41036,21.1396
0.375497,15.6341,5.34841,20.9826
0.375929,15.6615,5.32376,20.9852
0.376362,15.6116,5.28532,20.8969
0.376795,15.712,5.31217,21.0242
0.377228,15.5719,5.24195,20.8138
0.377662,15.7528,5.37988,21.1327
0.378096,15.8495,5.32302,21.1725
0.378531,15.6121,5.52491,21.137
0.378966,15.7194,5.36329,21.0826
0.379402,15.391,5.36923,20.7602
0.379837,15.9727,5.43195,21.4046
0.380274,15.6782,5.32036,20.9986
0.38071,16.0238,5.35339,21.3772
0.381147,15.8043,5.1836,20.9879
0.381585,15.6714,5.24936,20.9208
0.382022,15.7836,5.43952,21.2231
0.382461,15.8374,5.34871,21.1861
0.382899,15.7401,5.36926,21.1093
0.383338,16.0347,5.38113,21.4159
0.383778,16.2434,5.31401,21.5574
0.384217,15.6817,5.49583,21.1775
0.384658,15.6194,5.25001,20.8694
0.385098,16.1563,5.3465,21.5028
0.385539,16.042,5.4141,21.4561
0.385981,15.9134,5.27425,21.1877
0.386422,15.7207,5.1189,20.8396
0.386865,15.8961,5.33514,21.2312
0.387307,15.5646,5.38858,20.9531
0.38775,15.8123,5.18367,20.996
0.388194,15.9463,5.19817,21.1445
0.388637,15.8839,5.32792,21.2118
0.389082,15.7071,5.41343,21.1206
0.389526,15.7135,5.39868,21.1121
0.389971,15.5123,5.48453,20.9968
0.390417,15.4679,5.32664,20.7945
0.390863,15.8516,5.5119,21.3635
0.391309,15.9794,5.33624,21.3156
0.391755,15.6075,5.22244,20.8299
0.392203,15.5301,5.22788,20.758
0.39265,15.8677,5.38422,21.2519
0.393098,15.6443,5.38477,21.0291
0.393546,15.7241,5.30295,21.027
0.393995,15.4561,5.39854,20.8547
0.394444,15.5973,5.29101,20.8883
0.394893,15.4511,5.44623,20.8973
0.395343,15.6839,5.41885,21.1028
0.395794,15.9378,5.36493,21.3028
0.396244,15.8725,5.23937,21.1119
0.396695,15.967,5.46696,21.4339
0.397147,15.5546,5.44036,20.995
0.397599,15.7654,5.30205,21.0674
0.398051,16.0118,5.43457,21.4464
0.398504,15.7936,5.17847,20.9721
0.398957,16.1316,5.29842,21.43
0.399411,15.5157,5.27715,20.7928
0.399865,15.7779,5.21081,20.9887
0.400319,15.5495,5.35483,20.9043
0.400774,15.9193,5.37249,21.2918
0.401229,15.8485,5.23086,21.0794
0.401685,15.868,5.20348,21.0715
0.402141,15.6157,5.29284,20.9085
0.402598,15.8149,5.40094,21.2158
0.403055,15.6272,5.2923,20.9195
0.403512,16.0722,5.26191,21.3341
0.40397,15.9044,5.27021,21.1746
0.404428,15.7231,5.21792,20.941
0.404886,15.8878,5.23805,21.1259
0.405345,15.5348,5.3669,20.9017
0.405805,15.6645,5.21886,20.8834
0.406265,15.4613,5.37629,20.8376
0.406725,15.7195,5.41782,21.1374
0.407185,15.6174,5.22764,20.8451
0.407646,15.8758,5.2981,21.1739
0.408108,15.7397,5.3597,21.0994
0.40857,15.7091,5.22172,20.9308
0.409032,15.6098,5.30719,20.917
0.409495,16.0795,5.3213,21.4008
0.409958,15.7713,5.36646,21.1378
0.410422,15.6507,5.31455,20.9653
0.410886,15.9109,5.31696,21.2279
0.41135,16.0251,5.15969,21.1848
0.411815,15.8833,5.37056,21.2538
0.41228,15.6016,5.28039,20.882
0.412746,15.3439,5.15268,20.4966
0.413212,15.5269,5.31658,20.8434
0.413679,15.7081,5.33034,21.0384
0.414146,15.695,5.22951,20.9245
0.414613,15.7147,5.16607,20.8807
0.415081,15.5994,5.30424,20.9036
0.415549,15.7188,5.37597,21.0948
0.416018,15.5593,5.36113,20.9204
0.416487,15.8012,5.14227,20.9434
0.416957,15.7891,5.08334,20.8724
0.417427,15.9887,5.33357,21.3223
0.417897,15.8374,5.35712,21.1946
0.418368,15.7814,5.27817,21.0596
0.418839,15.7013,5.21647,20.9178
0.419311,15.8315,5.10288,20.9344
0.419783,15.8205,5.37681,21.1973
0.420255,15.9083,5.15728,21.0656
0.420728,16.0015,5.24495,21.2464
0.421202,15.6783,5.15377,20.8321
0.421675,15.9182,5.28341,21.2016
0.42215,15.7577,5.12961,20.8873
0.422624,15.8984,5.35349,21.2519
0.4231,16.0578,5.03927,21.0971
0.423575,15.5762,5.37745,20.9537
0.424051,15.795,5.21369,21.0087
0.424527,15.7596,5.37746,21.1371
0.425004,15.6756,5.3515,21.0271
0.425482,15.4799,5.18078,20.6607
0.425959,15.5739,5.20385,20.7777
0.426437,15.6293,5.34873,20.978
0.426916,15.7599,5.34989,21.1098
0.427395,15.8243,5.23876,21.0631
0.427874,15.7533,5.26305,21.0164
0.428354,15.5629,5.25081,20.8137
0.428835,15.8479,5.29434,21.1423
0.429315,15.6947,5.20116,20.8959
0.429797,15.5645,5.32155,20.886
0.430278,15.8787,5.15382,21.0326
0.43076,15.5392,5.25841,20.7976
0.431243,15.7983,5.35146,21.1498
0.431726,15.9119,5.09565,21.0075
0.432209,15.6144,5.29154,20.906
0.432693,15.8991,5.46903,21.3682
0.433177,15.5094,5.11944,20.6289
0.433662,15.4218,5.24453,20.6663
0.434147,15.9567,5.22555,21.1822
0.434633,15.7,5.38583,21.0858
0.435119,15.7174,5.28795,21.0053
0.435605,15.4874,5.33111,20.8185
0.436092,15.8545,5.24612,21.1007
0.436579,15.7478,5.20858,20.9564
0.437067,15.8777,5.20084,21.0786
0.437556,16.0286,5.28277,21.3114
0.438044,15.5615,5.28392,20.8454
0.438533,15.4343,5.24706,20.6813
0.439023,15.3813,5.27354,20.6548
0.439513,15.6382,5.27086,20.909
0.440003,15.6425,5.24518,20.8877
0.440494,15.6213,5.17055,20.7918
0.440986,15.8884,5.24985,21.1382
0.441477,15.9884,5.31346,21.3019
0.44197,15.6618,5.10893,20.7708
0.442462,15.3584,5.22595,20.5844
0.442956,15.8523,5.25006,21.1023
0.443449,15.7523,5.19395,20.9462
0.443943,15.7313,5.16686,20.8982
0.444438,15.7043,5.27677,20.9811
0.444933,15.7237,5.29528,21.019
0.445428,15.8276,5.27479,21.1024
0.445924,15.6435,5.19031,20.8338
0.44642,15.6385,5.14614,20.7846
0.446917,15.9105,5.19462,21.1051
0.447414,15.9236,5.24762,21.1712
0.447912,15.9165,5.35923,21.2757
0.44841,15.8449,5.27892,21.1239
0.448908,15.8302,5.17844,21.0086
0.449407,15.7973,5.3035,21.1009
0.449907,16.1343,5.22118,21.3555
0.450407,15.7643,5.33531,21.0996
0.450907,15.4477,5.24512,20.6928
0.451408,15.652,5.23211,20.8841
0.451909,15.6853,5.19388,20.8791
0.452411,15.5902,5.04216,20.6324
0.452913,15.8162,5.1855,21.0017
0.453416,15.6802,5.29178,20.972
0.453919,15.907,5.04275,20.9497
0.454423,15.9433,5.14644,21.0897
0.454927,15.8218,5.17179,20.9935
0.455431,15.5781,5.26801,20.8461
0.455936,15.7236,5.17412,20.8977
0.456441,15.8496,5.19543,21.0451
0.456947,15.7633,5.2094,20.9727
0.457454,15.9704,5.22375,21.1941
0.45796,16.1468,5.05477,21.2016
0.458468,15.4124,5.11783,20.5303
0.458975,15.7582,5.16934,20.9275
0.459483,15.8624,5.09131,20.9537
0.459992,15.7251,5.17389,20.899
0.460501,15.7569,5.08592,20.8429
0.461011,15.7516,4.9793,20.7309
0.461521,15.5017,5.15255,20.6542
0.462031,15.9113,5.17527,21.0866
0.462542,15.7574,5.13975,20.8971
0.463053,15.9777,5.14524,21.123
0.463565,15.6993,5.08722,20.7865
0.464078,15.9032,5.00436,20.9076
0.46459,15.8562,5.12071,20.977
0.465104,15.8234,5.23175,21.0552
0.465617,15.9111,5.21835,21.1294
0.466132,15.848,5.28134,21.1293
0.466646,15.5464,5.12482,20.6712
0.467161,15.7383,5.19339,20.9317
0.467677,15.8179,5.26345,21.0814
0.468193,16.0771,5.14195,21.2191
0.46871,15.4611,5.15979,20.6209
0.469227,15.8487,5.08508,20.9337
0.469744,15.7429,5.10082,20.8437
0.470262,15.7365,5.0593,20.7958
0.470781,16.0442,5.04545,21.0896
0.471299,15.6686,4.98816,20.6567
0.471819,16.0238,5.1268,21.1506
0.472339,15.6436,5.31193,20.9555
0.472859,15.8705,5.18251,21.053
0.47338,15.5794,5.16547,20.7449
0.473901,15.8469,5.14483,20.9917
0.474423,15.7606,5.2872,21.0478
0.474945,15.8937,4.93678,20.8305
0.475468,15.5344,5.16361,20.698
0.475991,15.8598,5.25523,21.115
0.476514,15.9112,5.18101,21.0923
0.477038,15.7387,5.32654,21.0652
0.477563,15.4661,5.24058,20.7067
0.478088,15.7539,5.15343,20.9073
0.478614,15.7336,5.20557,20.9392
0.47914,15.8258,5.00327,20.829
0.479666,15.9812,5.14205,21.1233
0.480193,15.6733,5.04877,20.7221
0.480721,15.9354,5.08959,21.025
0.481248,15.834,5.14706,20.9811
0.481777,15.7884,5.20327,20.9917
0.482306,15.7477,5.05898,20.8067
0.482835,16.0043,5.08819,21.0925
0.483365,15.6841,5.22225,20.9064
0.483895,15.9637,5.11988,21.0836
0.484426,15.7761,5.03082,20.807
0.484957,15.6286,5.06977,20.6984
0.485489,15.6969,5.08963,20.7866
0.486021,15.8181,5.10725,20.9254
0.486554,15.7804,5.08747,20.8679
0.487087,15.8785,5.20814,21.0867
0.487621,15.7536,5.17922,20.9328
0.488155,15.8197,5.23109,21.0508
0.48869,15.6247,5.15933,20.784
0.489225,15.6235,5.25634,20.8799
0.489761,15.8711,5.18656,21.0577
0.490297,15.9498,4.97087,20.9206
0.490834,15.4914,5.11425,20.6056
0.491371,15.7946,5.14266,20.9373
0.491908,15.8043,5.06365,20.8679
0.492447,15.725,5.01375,20.7387
0.492985,15.7395,4.97389,20.7134
0.493524,15.7705,5.1428,20.9133
0.494064,15.844,5.09863,20.9427
0.494604,15.8119,5.16279,20.9747
0.495144,15.6126,5.11631,20.7289
0.495685,15.5152,5.09887,20.614
0.496227,15.6072,5.12645,20.7337
0.496769,15.6212,4.9894,20.6106
0.497311,15.915,5.05477,20.9698
0.497854,15.8232,4.98918,20.8123
0.498398,15.7968,5.21113,21.0079
0.498942,15.41,5.09392,20.5039
0.499486,15.9098,5.05067,20.9604
0.500031,15.8931,5.08859,20.9817
0.500577,15.7327,4.98266,20.7154
0.501123,15.6311,5.10697,20.738
0.501669,15.7126,4.92249,20.6351
0.502216,15.6207,5.13504,20.7558
0.502764,15.7131,5.03206,20.7451
0.503312,15.9155,5.10945,21.025
0.50386,15.6316,5.15215,20.7838
0.504409,15.532,5.15109,20.6831
0.504959,15.8768,5.11613,20.993
0.505509,15.6149,5.01417,20.6291
0.506059,15.7589,4.94614,20.7051
0.50661,15.8075,5.17825,20.9858
0.507162,15.6834,5.15629,20.8396
0.507714,15.6015,4.79244,20.394
0.508266,15.9779,5.12269,21.1006
0.508819,15.4833,5.03817,20.5214
0.509372,15.5744,5.03075,20.6052
0.509926,15.6572,5.05222,20.7094
0.510481,15.7695,5.07169,20.8412
0.511036,15.6657,4.95777,20.6235
0.511591,16.1456,5.00402,21.1496
0.512147,15.6995,4.97959,20.6791
0.512704,15.7251,4.98321,20.7083
0.513261,15.8924,5.15108,21.0435
0.513818,15.7342,5.18285,20.9171
0.514376,15.83,5.09833,20.9283
0.514935,15.8813,5.04346,20.9248
0.515494,15.5896,4.98176,20.5713
0.516053,15.66,5.01684,20.6769
0.516614,15.8261,4.97835,20.8045
0.517174,15.6776,4.95332,20.6309
0.517735,15.7542,5.03704,20.7912
0.518297,15.6691,5.02794,20.6971
0.518859,15.6575,4.94467,20.6021
0.519421,15.6914,5.01575,20.7072
0.519985,15.7923,4.99236,20.7847
0.520548,15.5388,4.96678,20.5056
0.521112,15.6912,4.9169,20.6081
0.521677,15.7789,5.07277,20.8517
0.522242,15.5354,4.88924,20.4246
0.522808,15.7853,4.95975,20.7451
0.523374,15.6876,4.9847,20.6723
0.523941,15.6761,5.05354,20.7297
0.524508,15.7966,5.07232,20.8689
0.525076,15.6516,4.99312,20.6448
0.525644,15.8059,5.06596,20.8718
0.526213,15.7045,4.93783,20.6423
0.526782,15.6571,4.98645,20.6436
0.527352,15.7838,5.10891,20.8927
0.527922,15.9553,5.0683,21.0236
0.528493,15.7022,5.04832,20.7505
0.529064,15.898,5.21883,21.1169
0.529636,15.7568,5.0179,20.7747
0.530208,15.8546,5.03141,20.8861
0.530781,15.5652,4.87956,20.4447
0.531355,15.9414,4.96962,20.911
0.531929,15.9015,4.89816,20.7997
0.532503,15.4947,4.96776,20.4624
0.533078,15.8766,4.95501,20.8316
0.533654,15.3455,5.13185,20.4773
0.53423,15.644,5.04298,20.687
0.534806,15.6526,5.01634,20.6689
0.535384,15.8909,4.9967,20.8876
0.535961,15.8976,4.9628,20.8604
0.536539,15.9239,5.03074,20.9547
0.537118,15.4856,4.91058,20.3962
0.537697,15.4855,4.93473,20.4202
0.538277,15.5255,4.93447,20.4599
0.538857,15.6687,4.97006,20.6387
0.539438,15.6828,4.93854,20.6214
0.540019,15.965,4.95127,20.9163
0.540601,15.6503,4.94886,20.5992
0.541183,15.5403,5.12602,20.6663
0.541766,16.0025,4.97905,20.9815
0.54235,15.9829,4.79149,20.7744
0.542934,15.7404,5.0682,20.8086
0.543518,15.5909,4.87629,20.4672
0.544103,15.8097,4.98844,20.7982
0.544689,15.5715,4.97968,20.5511
0.545275,15.7568,5.10138,20.8582
0.545861,15.4766,4.90566,20.3823
0.546449,15.8991,4.95308,20.8522
0.547036,15.7991,4.92252,20.7217
0.547624,15.6511,5.02685,20.6779
0.548213,15.893,4.89416,20.7871
0.548803,15.8414,4.86416,20.7055
0.549392,15.7761,5.10376,20.8798
0.549983,15.6811,4.92977,20.6109
0.550574,15.8051,4.97853,20.7836
0.551165,15.4776,4.99058,20.4682
0.551757,15.7781,4.9568,20.7349
0.552349,15.8297,4.90966,20.7393
0.552943,15.5829,5.01118,20.5941
0.553536,15.4426,4.96299,20.4056
0.55413,15.6489,4.94488,20.5938
0.554725,15.8182,5.00744,20.8256
0.55532,15.5082,5.00612,20.5143
0.555916,15.8561,4.99684,20.8529
0.556512,15.8943,4.8321,20.7264
0.557109,15.9197,4.90741,20.8271
0.557706,15.8892,4.82807,20.7173
0.558304,15.7817,4.86841,20.6501
0.558903,15.8992,4.96418,20.8633
0.559502,15.8063,4.92498,20.7313
0.560101,15.449,4.87262,20.3216
0.560701,15.7296,4.97341,20.703
0.561302,15.9017,4.86767,20.7694
0.561903,15.5581,4.99612,20.5543
0.562505,15.8072,5.01881,20.826
0.563107,15.8228,4.98545,20.8083
0.56371,15.701,4.89804,20.5991
0.564313,15.6691,4.9759,20.645
0.564917,15.6657,4.90495,20.5707
0.565522,15.9009,4.79077,20.6917
0.566127,15.8541,5.02827,20.8823
0.566732,15.8277,5.0613,20.889
0.567338,15.9346,4.8035,20.7381
0.567945,15.5807,4.9063,20.487
0.568552,15.6073,4.89938,20.5067
0.56916,15.8648,4.97722,20.842
0.569768,15.6588,4.79879,20.4576
0.570377,15.6767,4.95398,20.6306
0.570987,15.731,4.91767,20.6487
0.571597,15.6206,4.8872,20.5078
0.572207,15.8407,5.01535,20.8561
0.572818,15.9178,4.97955,20.8973
0.57343,15.5714,4.83071,20.4021
0.574042,15.8051,4.94088,20.746
0.574655,15.757,5.00644,20.7634
0.575268,15.8741,4.86096,20.7351
0.575882,15.8649,4.93451,20.7994
0.576497,16.0009,4.9214,20.9223
0.577112,16.0136,5.01006,21.0236
0.577727,15.6221,4.80728,20.4293
0.578343,15.6616,4.79053,20.4521
0.57896,15.6473,4.66869,20.316
0.579577,15.6627,4.91948,20.5822
0.580195,15.5857,4.86679,20.4525
0.580813,15.5147,4.85832,20.373
0.581432,15.5746,4.89172,20.4663
0.582052,15.8153,4.81876,20.634
0.582672,15.691,4.8815,20.5725
0.583292,15.805,4.88398,20.689
0.583914,15.8149,4.86533,20.6802
0.584535,15.7588,4.96495,20.7237
0.585158,15.6264,4.94317,20.5696
0.585781,15.9329,4.95753,20.8904
0.586404,15.6478,4.96813,20.6159
0.587028,15.8198,4.93144,20.7512
0.587653,15.8892,4.99762,20.8868
0.588278,15.8757,4.79574,20.6714
0.588903,15.4981,4.86858,20.3666
0.58953,15.5173,4.88183,20.3992
0.590157,15.5691,4.91583,20.4849
0.590784,15.647,4.8011,20.4481
0.591412,15.7571,4.85309,20.6102
0.592041,15.708,4.79867,20.5066
0.59267,15.835,4.78012,20.6151
0.593299,15.895,4.86071,20.7558
0.59393,15.5344,4.77,20.3044
0.59456,15.6858,4.87462,20.5604
0.595192,15.919,4.85943,20.7785
0.595824,15.743,5.01002,20.753
0.596456,15.9516,4.83634,20.7879
0.59709,15.7523,4.80584,20.5582
0.597723,15.7302,4.80646,20.5367
0.598358,15.8311,4.77526,20.6064
0.598992,15.9647,5.01681,20.9815
0.599628,15.741,4.78884,20.5299
0.600264,15.6346,4.80045,20.435
0.600901,15.7626,4.86253,20.6251
0.601538,15.9624,4.87354,20.8359
0.602175,15.941,4.66762,20.6086
0.602814,15.7741,4.94492,20.719
0.603453,15.7591,4.79208,20.5512
0.604092,16.0091,4.68754,20.6966
0.604732,15.8728,4.85647,20.7293
0.605373,15.7102,4.75226,20.4624
0.606014,15.7205,4.87821,20.5987
0.606656,16.0425,4.81357,20.8561
0.607298,15.6461,4.84839,20.4945
0.607941,15.6358,4.72961,20.3654
0.608585,15.6844,4.81925,20.5036
0.609229,15.5337,4.81798,20.3517
0.609874,15.6236,4.67112,20.2947
0.610519,15.892,4.84949,20.7415
0.611165,15.5668,4.76757,20.3344
0.611812,15.8264,4.90005,20.7264
0.612459,15.7325,4.83477,20.5673
0.613107,15.978,4.87641,20.8544
0.613755,15.8376,4.77058,20.6082
0.614404,15.8004,4.75684,20.5572
0.615053,15.6024,4.77699,20.3794
0.615703,15.9193,4.82055,20.7399
0.616354,15.93,4.80155,20.7316
0.617005,15.6642,4.68874,20.353
0.617657,15.7065,4.84776,20.5543
0.618309,15.9795,4.75248,20.732
0.618962,15.7265,4.74739,20.4739
0.619616,15.9289,4.8064,20.7353
0.62027,15.6261,4.72505,20.3512
0.620925,15.5519,4.76909,20.321
0.62158,15.8014,4.82799,20.6294
0.622236,15.4533,4.9103,20.3636
0.622893,15.6513,4.79542,20.4468
0.62355,15.5249,4.91485,20.4397
0.624208,15.7144,4.81969,20.5341
0.624866,15.6824,4.84906,20.5315
0.625525,15.6271,4.84631,20.4734
0.626185,15.6397,4.81579,20.4555
0.626845,15.591,4.82585,20.4169
0.627506,15.7936,4.86683,20.6604
0.628167,15.8853,4.77906,20.6643
0.628829,15.6355,4.65446,20.29
0.629492,15.7603,4.747,20.5073
0.630155,15.7419,4.79908,20.541
0.630819,15.8486,4.57839,20.427
0.631483,15.7654,4.92401,20.6894
0.632148,15.8502,4.67224,20.5225
0.632813,15.6675,4.83471,20.5022
0.63348,15.6734,4.71955,20.393
0.634146,15.7003,4.6667,20.367
0.634814,15.8861,4.71116,20.5972
0.635482,15.9791,4.66671,20.6458
0.636151,15.889,4.70162,20.5906
0.63682,15.6712,4.78481,20.456
0.63749,15.69,4.78514,20.4751
0.63816,15.913,4.80996,20.7229
0.638831,15.466,4.79699,20.2629
0.639503,15.9673,4.92003,20.8873
0.640175,15.5903,4.7609,20.3512
0.640848,15.5206,4.83206,20.3526
0.641521,15.827,4.80607,20.633
0.642196,15.7782,4.7944,20.5726
0.64287,15.7662,4.78165,20.5478
0.643546,15.746,4.72868,20.4747
0.644222,15.7751,4.80015,20.5753
0.644898,15.8068,4.76977,20.5765
0.645575,15.8643,4.68419,20.5485
0.646253,15.8305,4.70321,20.5337
0.646931,15.6463,4.74095,20.3873
0.647611,15.4931,4.70289,20.196
0.64829,15.7285,4.60839,20.3369
0.64897,15.7656,4.75208,20.5176
0.649651,15.6648,4.74867,20.4135
0.650333,15.7014,4.72671,20.4281
0.651015,15.7497,4.74868,20.4983
0.651698,15.7736,4.81304,20.5866
0.652381,15.8749,4.76151,20.6364
0.653065,15.8106,4.70315,20.5137
0.65375,15.6916,4.78661,20.4782
0.654435,15.5919,4.77448,20.3664
0.655121,15.6382,4.71861,20.3569
0.655807,15.6732,4.7663,20.4395
0.656494,15.7273,4.85533,20.5826
0.657182,15.604,4.66307,20.267
0.65787,15.7428,4.72749,20.4702
0.658559,15.9217,4.67706,20.5987
0.659249,15.5244,4.59398,20.1184
0.659939,15.8351,4.78105,20.6162
0.66063,15.3821,4.60751,19.9896
0.661321,15.7168,4.65205,20.3688
0.662014,15.7664,4.71938,20.4858
0.662706,15.7173,4.69222,20.4096
0.6634,15.7613,4.66037,20.4216
0.664094,15.7829,4.80959,20.5925
0.664788,15.5715,4.6632,20.2347
0.665484,15.5044,4.72298,20.2274
0.666179,15.68,4.76175,20.4418
0.666876,15.5844,4.53509,20.1195
0.667573,15.7283,4.65645,20.3848
0.668271,15.6947,4.70924,20.404
0.668969,15.7358,4.67101,20.4068
0.669668,15.6522,4.61893,20.2711
0.670368,15.5865,4.6713,20.2578
0.671068,15.7946,4.75242,20.547
0.671769,15.7252,4.67301,20.3982
0.672471,15.6971,4.69559,20.3927
0.673173,15.578,4.62091,20.1989
0.673876,15.9276,4.59593,20.5235
0.67458,15.6878,4.85021,20.538
0.675284,15.7968,4.64272,20.4395
0.675989,15.8392,4.62303,20.4622
0.676694,15.9854,4.59141,20.5768
0.6774,15.6795,4.82838,20.5079
0.678107,15.6382,4.61338,20.2515
0.678814,15.9373,4.73827,20.6755
0.679522,15.7724,4.58604,20.3584
0.680231,15.638,4.75363,20.3916
0.68094,15.5526,4.71527,20.2679
0.68165,15.5346,4.74909,20.2837
0.682361,15.5865,4.57719,20.1637
0.683072,15.678,4.56398,20.242
0.683784,15.7159,4.65699,20.3728
0.684496,16.0472,4.62203,20.6692
0.68521,15.8597,4.71405,20.5738
0.685923,15.8464,4.6175,20.4639
0.686638,15.9817,4.64693,20.6287
0.687353,15.531,4.79846,20.3295
0.688069,15.6076,4.73261,20.3402
0.688785,15.8759,4.74134,20.6172
0.689502,15.8514,4.69101,20.5424
0.69022,15.8924,4.60308,20.4955
0.690938,15.7296,4.667,20.3966
0.691657,15.8481,4.57134,20.4195
0.692377,15.631,4.70161,20.3326
0.693098,15.654,4.7441,20.3981
0.693819,15.7155,4.71397,20.4294
0.69454,15.8924,4.56912,20.4615
0.695262,15.7117,4.70599,20.4177
0.695985,15.6621,4.62846,20.2906
0.696709,15.7172,4.50582,20.223
0.697433,15.8581,4.65588,20.514
0.698158,15.8649,4.57056,20.4354
0.698884,15.9366,4.61145,20.548
0.69961,15.6582,4.50696,20.1651
0.700337,15.7019,4.59954,20.3014
0.701065,15.5367,4.53456,20.0713
0.701793,15.5383,4.70004,20.2383
0.702522,15.6658,4.52629,20.192
0.703251,15.42,4.6367,20.0567
0.703982,15.6271,4.67375,20.3008
0.704712,15.6564,4.61765,20.274
0.705444,15.9524,4.56052,20.5129
0.706176,15.748,4.60225,20.3503
0.706909,15.6917,4.51847,20.2102
0.707643,15.8271,4.4542,20.2813
0.708377,15.7522,4.58534,20.3375
0.709112,15.8735,4.62136,20.4949
0.709847,15.5876,4.49983,20.0875
0.710584,15.6414,4.59089,20.2323
0.71132,15.6817,4.6643,20.346
0.712058,15.5758,4.56655,20.1423
0.712796,15.583,4.70395,20.2869
0.713535,15.7207,4.58563,20.3064
0.714275,15.8487,4.48305,20.3318
0.715015,15.5783,4.53361,20.1119
0.715756,15.5635,4.54686,20.1104
0.716498,15.7944,4.63605,20.4305
0.71724,15.879,4.46912,20.3481
0.717983,15.7835,4.60678,20.3903
0.718726,16.065,4.57967,20.6447
0.719471,15.9116,4.55424,20.4659
0.720216,15.465,4.45045,19.9154
0.720961,15.5928,4.52608,20.1189
0.721708,15.8097,4.63892,20.4486
0.722455,15.7841,4.52554,20.3097
0.723202,15.6208,4.54882,20.1697
0.723951,15.7096,4.63268,20.3423
0.7247,15.739,4.64413,20.3831
0.725449,15.6713,4.54981,20.2211
0.7262,15.799,4.61715,20.4161
0.726951,15.523,4.50558,20.0286
0.727703,15.5996,4.53225,20.1318
0.728455,15.5966,4.34029,19.9369
0.729208,15.4673,4.58122,20.0486
0.729962,15.6445,4.63607,20.2806
0.730717,15.7896,4.52551,20.3151
0.731472,15.7804,4.50564,20.2861
0.732228,15.6372,4.59914,20.2363
0.732984,15.579,4.57779,20.1567
0.733742,15.8172,4.60491,20.4221
0.7345,15.6507,4.54914,20.1998
0.735258,15.5187,4.47899,19.9977
0.736017,15.806,4.62747,20.4335
0.736777,15.6381,4.46121,20.0993
0.737538,15.4189,4.43654,19.8554
0.7383,15.7534,4.57532,20.3287
0.739062,15.767,4.40865,20.1757
0.739824,15.8469,4.4963,20.3432
0.740588,15.7613,4.54928,20.3105
0.741352,15.6135,4.48912,20.1026
0.742117,15.7539,4.60064,20.3545
0.742883,15.7296,4.55181,20.2814
0.743649,15.7266,4.49604,20.2227
0.744416,15.777,4.54152,20.3186
0.745183,15.7363,4.45047,20.1868
0.745952,15.6953,4.41478,20.1101
0.746721,15.7433,4.38054,20.1239
0.747491,15.6965,4.47593,20.1724
0.748261,15.5603,4.52657,20.0868
0.749032,15.758,4.40546,20.1634
0.749804,15.6969,4.53381,20.2308
0.750577,15.4517,4.32952,19.7812
0.75135,15.8406,4.50681,20.3474
0.752124,15.7262,4.58748,20.3136
0.752898,15.8994,4.54474,20.4442
0.753674,15.6368,4.53062,20.1674
0.75445,15.5843,4.37256,19.9569
0.755227,15.5076,4.45013,19.9578
0.756004,15.6035,4.44588,20.0494
0.756782,15.6891,4.5611,20.2502
0.757561,15.6981,4.45161,20.1498
0.758341,15.8695,4.46908,20.3385
0.759121,15.7227,4.44384,20.1665
0.759902,15.614,4.54963,20.1636
0.760684,15.8083,4.38158,20.1899
0.761466,15.7135,4.33231,20.0458
0.762249,15.7253,4.43465,20.16
0.763033,15.5509,4.43796,19.9888
0.763818,15.6976,4.39452,20.0921
0.764603,15.6818,4.37048,20.0523
0.765389,15.6192,4.46871,20.088
0.766176,15.6467,4.36366,20.0103
0.766963,15.7019,4.46224,20.1641
0.767751,15.6952,4.53442,20.2296
0.76854,15.5906,4.47907,20.0697
0.76933,15.6845,4.45457,20.1391
0.77012,15.9321,4.37953,20.3116
0.770911,15.6101,4.54341,20.1535
0.771703,15.6974,4.36764,20.0651
0.772495,15.8155,4.37837,20.1938
0.773289,15.8531,4.50132,20.3544
0.774082,15.8527,4.3714,20.2241
0.774877,15.6659,4.40868,20.0746
0.775672,15.6989,4.36232,20.0612
0.776469,15.8472,4.41119,20.2584
0.777265,15.7909,4.33556,20.1264
0.778063,15.9818,4.42467,20.4065
0.778861,15.5736,4.47151,20.0451
0.77966,15.6357,4.37548,20.0112
0.78046,15.8171,4.49381,20.3109
0.78126,15.8223,4.46898,20.2913
0.782061,15.6706,4.39615,20.0667
0.782863,15.5674,4.36614,19.9336
0.783666,15.6335,4.41798,20.0514
0.784469,15.8439,4.47095,20.3149
0.785273,15.3835,4.37761,19.7611
0.786078,15.6285,4.27729,19.9058
0.786883,15.7772,4.36536,20.1425
0.78769,15.7344,4.41487,20.1492
0.788497,15.9092,4.28037,20.1896
0.789304,15.8339,4.36889,20.2028
0.790113,15.5519,4.31775,19.8696
0.790922,15.7262,4.36349,20.0897
0.791732,15.6883,4.37062,20.059
0.792543,15.6238,4.42345,20.0473
0.793354,15.805,4.3986,20.2036
0.794166,15.6229,4.40155,20.0245
0.794979,15.6098,4.37062,19.9804
0.795793,15.7569,4.28874,20.0456
0.796607,15.7222,4.38645,20.1086
0.797422,15.5706,4.48024,20.0509
0.798238,15.7415,4.37114,20.1127
0.799055,15.8646,4.37024,20.2349
0.799872,15.6732,4.33702,20.0102
0.80069,15.626,4.32846,19.9545
0.801509,15.8399,4.31441,20.1543
0.802328,15.6706,4.32762,19.9982
0.803149,15.678,4.47597,20.154
0.80397,15.9979,4.36302,20.361
0.804791,15.7462,4.20856,19.9548
0.805614,15.7688,4.28215,20.0509
0.806437,15.7184,4.45289,20.1713
0.807261,15.6235,4.4131,20.0366
0.808086,15.9086,4.29046,20.199
0.808912,15.6295,4.46129,20.0908
0.809738,15.7758,4.2214,19.9972
0.810565,15.7467,4.31246,20.0592
0.811393,15.8333,4.29514,20.1284
0.812221,15.4823,4.23253,19.7148
0.813051,15.6225,4.20999,19.8325
0.813881,15.8654,4.2747,20.1401
0.814711,15.8475,4.37929,20.2267
0.815543,15.7945,4.19829,19.9928
0.816375,15.6313,4.28335,19.9146
0.817208,15.6862,4.24078,19.9269
0.818042,15.7301,4.25507,19.9852
0.818877,15.7023,4.33259,20.0349
0.819712,15.5886,4.24559,19.8342
0.820548,15.8265,4.29308,20.1196
0.821385,15.8047,4.20326,20.008
0.822223,15.6413,4.41993,20.0612
0.823061,15.6814,4.15843,19.8399
0.8239,16.1027,4.26164,20.3643
0.82474,15.8418,4.23303,20.0748
0.825581,15.6219,4.29848,19.9203
0.826422,15.6697,4.29017,19.9598
0.827264,15.6562,4.10148,19.7577
0.828107,15.7933,4.34612,20.1395
0.828951,15.5756,4.27999,19.8556
0.829796,15.74,4.3066,20.0466
0.830641,15.58,4.25576,19.8358
0.831487,15.6248,4.22136,19.8461
0.832334,15.6916,4.29121,19.9828
0.833181,15.7404,4.20343,19.9438
0.83403,15.666,4.28765,19.9536
0.834879,15.8078,4.24292,20.0507
0.835729,15.7017,4.19383,19.8956
0.836579,15.563,4.26389,19.8269
0.837431,15.7995,4.12239,19.9219
0.838283,15.6599,4.14995,19.8098
0.839136,15.8415,4.07806,19.9195
0.83999,15.7772,4.26169,20.0389
0.840844,15.4386,4.32577,19.7643
0.8417,15.7463,4.23918,19.9855
0.842556,15.6396,4.08759,19.7272
0.843413,15.8172,4.22669,20.0439
0.84427,15.5955,4.14076,19.7362
0.845129,15.6408,4.158,19.7988
0.845988,15.5762,4.29528,19.8715
0.846848,15.8439,4.23095,20.0749
0.847709,15.7185,4.20931,19.9278
0.84857,15.6724,4.17406,19.8464
0.849432,15.6763,4.21072,19.887
0.850296,15.6549,4.23358,19.8884
0.85116,15.7202,4.19532,19.9156
0.852024,15.4789,4.25349,19.7323
0.85289,15.5638,4.23036,19.7941
0.853756,15.7116,4.16995,19.8816
0.854623,15.8379,4.17289,20.0108
0.855491,15.7443,4.17118,19.9155
0.856359,15.5073,4.25477,19.7621
0.857229,15.7237,4.10404,19.8277
0.858099,15.6889,4.13572,19.8246
0.85897,15.8155,4.1264,19.9419
0.859842,15.6822,4.29738,19.9795
0.860714,15.6628,4.04219,19.705
0.861588,15.6581,4.22385,19.882
0.862462,15.7353,4.29327,20.0285
0.863337,15.7761,4.21458,19.9907
0.864213,15.7778,4.11924,19.8971
0.865089,15.6184,4.11591,19.7343
0.865967,15.6677,4.18763,19.8553
0.866845,15.6866,4.15483,19.8414
0.867724,15.9348,4.13963,20.0744
0.868604,15.6796,4.20358,19.8832
0.869484,15.6392,4.13281,19.7721
0.870365,15.6964,4.10012,19.7966
0.871248,15.3318,4.1122,19.444
0.872131,15.6862,4.17118,19.8574
0.873014,15.5825,4.18589,19.7684
0.873899,15.6592,4.17271,19.8319
0.874784,15.607,4.23445,19.8414
0.87567,15.8434,4.13574,19.9791
0.876557,15.761,4.16625,19.9272
0.877445,15.8488,4.06152,19.9103
0.878334,15.7957,4.16918,19.9649
0.879223,15.767,4.15849,19.9255
0.880113,15.6261,4.24286,19.8689
0.881004,15.8219,4.10262,19.9246
0.881896,15.9184,4.2256,20.144
0.882789,15.7973,4.2001,19.9974
0.883682,15.4621,4.11796,19.5801
0.884576,15.7376,4.19715,19.9348
0.885472,15.7117,3.99309,19.7048
0.886367,15.717,4.16864,19.8857
0.887264,15.8141,4.12209,19.9362
0.888162,15.5753,4.102,19.6773
0.88906,15.664,4.17265,19.8366
0.889959,15.7567,4.02008,19.7768
0.890859,15.7778,4.06303,19.8409
0.89176,15.6044,4.07191,19.6763
0.892661,15.7127,4.18474,19.8975
0.893564,15.6861,4.06383,19.7499
0.894467,15.6554,4.04623,19.7016
0.895371,15.8371,4.10717,19.9443
0.896276,15.7627,4.06002,19.8227
0.897182,15.8584,4.13027,19.9887
0.898088,15.7065,4.08074,19.7872
0.898996,15.6588,4.09692,19.7557
0.899904,15.7463,4.06113,19.8074
0.900813,15.7226,4.0837,19.8063
0.901723,15.6715,4.07948,19.751
0.902633,15.687,4.11372,19.8007
0.903545,15.701,4.15264,19.8537
0.904457,15.5736,4.04671,19.6203
0.90537,15.6662,4.03994,19.7062
0.906284,15.56,4.08742,19.6475
0.907199,15.9589,4.0719,20.0308
0.908115,15.5875,3.9961,19.5836
0.909031,15.7252,4.02602,19.7512
0.909948,15.7934,4.08935,19.8828
0.910867,15.7539,4.0849,19.8388
0.911786,15.5876,4.13987,19.7275
0.912705,15.6454,4.07065,19.7161
0.913626,15.7545,4.14552,19.9
0.914547,15.474,4.13632,19.6103
0.91547,15.6978,4.04259,19.7404
0.916393,15.78,4.09803,19.878
0.917317,15.7341,4.13302,19.8671
0.918242,15.7146,4.05333,19.7679
0.919167,15.6857,4.03044,19.7161
0.920094,15.8818,3.95734,19.8392
0.921021,15.6242,3.96563,19.5898
0.921949,15.8298,4.02241,19.8522
0.922879,15.8957,4.03412,19.9298
0.923808,15.7816,4.00566,19.7873
0.924739,15.6879,3.90838,19.5963
0.925671,15.7461,4.00296,19.749
0.926603,15.7711,4.0169,19.788
0.927536,15.7079,3.97465,19.6826
0.928471,15.6589,4.08262,19.7415
0.929406,15.5173,4.08137,19.5987
0.930341,15.568,3.86007,19.428
0.931278,15.8103,3.94593,19.7562
0.932216,15.71,4.01335,19.7233
0.933154,15.6454,3.97268,19.6181
0.934093,15.6716,4.01294,19.6846
0.935033,15.7224,4.02007,19.7425
0.935974,15.6984,3.99356,19.6919
0.936916,15.7489,3.95649,19.7054
0.937859,15.6895,3.95166,19.6411
0.938802,15.6813,3.99566,19.677
0.939747,15.7393,4.05518,19.7945
0.940692,15.697,3.92061,19.6176
0.941638,15.535,4.01504,19.55
0.942585,15.8088,3.94679,19.7556
0.943533,15.7569,4.02135,19.7782
0.944481,15.6228,3.91962,19.5424
0.945431,15.7112,3.86624,19.5774
0.946381,15.6953,4.02184,19.7172
0.947332,15.7468,3.91001,19.6568
0.948285,15.7318,3.98709,19.7189
0.949238,15.8594,3.94642,19.8058
0.950191,15.5318,3.97927,19.5111
0.951146,15.676,4.01308,19.689
0.952102,15.7569,3.79669,19.5536
0.953058,15.614,3.96035,19.5743
0.954015,15.7217,3.85933,19.581
0.954974,15.7995,3.89655,19.696
0.955933,15.831,3.99397,19.8249
0.956893,15.7212,3.91211,19.6333
0.957853,15.6815,3.84748,19.529
0.958815,15.8222,3.93294,19.7551
0.959778,15.6672,3.98499,19.6522
0.960741,15.6904,3.91304,19.6035
0.961705,15.8048,3.91195,19.7167
0.962671,15.481,3.93319,19.4141
0.963637,15.9416,3.9162,19.8578
0.964604,15.8898,3.85085,19.7407
0.965571,15.8752,3.97833,19.8535
0.96654,15.7703,3.91928,19.6896
0.96751,15.5739,3.94069,19.5146
0.96848,15.5545,3.73904,19.2936
0.969452,15.6579,3.93365,19.5915
0.970424,15.6764,3.83921,19.5156
0.971397,15.6478,3.88303,19.5308
0.972371,15.719,3.75909,19.4781
0.973346,15.8419,3.76223,19.6042
0.974322,15.6504,3.95409,19.6045
0.975298,15.6855,3.90578,19.5913
0.976276,15.7757,3.9133,19.689
0.977254,15.7796,3.8849,19.6645
0.978234,15.7088,3.9232,19.632
0.979214,15.5356,3.85304,19.3886
0.980195,15.6068,3.83639,19.4432
0.981177,15.7287,3.92998,19.6586
0.98216,15.8398,3.86807,19.7079
0.983143,15.8866,3.90729,19.7939
0.984128,15.6188,3.84968,19.4685
0.985114,15.5896,3.93109,19.5206
0.9861,15.7886,3.78207,19.5707
0.987088,15.7941,3.90859,19.7027
0.988076,15.6742,3.85882,19.533
0.989065,15.6682,3.95246,19.6206
0.990055,15.4719,3.92971,19.4016
0.991046,15.6644,3.81064,19.4751
0.992038,15.6287,3.91471,19.5434
0.993031,15.5052,3.80126,19.3064
0.994024,15.4689,3.77449,19.2434
0.995019,15.6477,3.84559,19.4933
0.996014,15.6811,3.87846,19.5596
0.997011,15.7158,3.87093,19.5868
0.998008,15.6708,3.87029,19.5411
0.999006,15.8788,3.76727,19.6461
1.00001,15.7729,3.89337,19.6662
1.00101,15.7405,3.76952,19.51
1.00201,15.7102,3.85567,19.5658
1.00301,15.7515,3.80258,19.5541
1.00402,15.6509,3.78689,19.4378
1.00502,15.7239,3.88919,19.6131
1.00603,15.6016,3.83396,19.4356
1.00704,15.7177,3.86679,19.5845
1.00805,15.5479,3.86054,19.4084
1.00906,15.9355,3.81908,19.7545
1.01008,15.7148,3.7158,19.4306
1.0111,15.8472,3.747,19.5942
1.01211,15.7261,3.7561,19.4822
1.01313,15.6755,3.82117,19.4967
1.01415,15.6408,3.8725,19.5133
1.01518,15.5962,3.79454,19.3907
1.0162,15.6177,3.76869,19.3863
1.01723,15.5438,3.75119,19.2949
1.01826,15.6526,3.68375,19.3364
1.01929,15.5952,3.72501,19.3202
1.02032,15.672,3.74989,19.4219
1.02135,15.5787,3.74912,19.3279
1.02238,15.8601,3.68929,19.5494
1.02342,15.7979,3.80531,19.6032
1.02446,15.5627,3.77755,19.3403
1.0255,15.6156,3.76389,19.3795
1.02654,15.6837,3.70387,19.3876
1.02758,15.677,3.70242,19.3794
1.02863,15.54,3.68005,19.2201
1.02968,15.7401,3.82808,19.5682
1.03072,15.5487,3.69348,19.2421
1.03177,15.5558,3.75164,19.3075
1.03282,15.6335,3.77217,19.4056
1.03388,15.7631,3.74398,19.5071
1.03493,15.5484,3.77406,19.3224
1.03599,15.7538,3.79489,19.5487
1.03705,15.741,3.64303,19.384
1.03811,15.6724,3.73492,19.4073
1.03917,15.7173,3.71513,19.4324
1.04023,15.5879,3.75943,19.3473
1.0413,15.7042,3.72186,19.4261
1.04237,15.8814,3.69202,19.5734
1.04344,15.4416,3.62254,19.0641
1.04451,15.5217,3.73337,19.2551
1.04558,15.6366,3.7965,19.4331
1.04665,15.5375,3.6524,19.1899
1.04773,15.711,3.65243,19.3634
1.04881,15.6147,3.66019,19.2749
1.04989,15.7057,3.73633,19.442
1.05097,15.6125,3.63295,19.2455
1.05205,15.5471,3.65198,19.1991
1.05313,15.6431,3.68681,19.33
1.05422,15.6774,3.55625,19.2337
1.05531,15.7381,3.65158,19.3896
1.0564,15.5701,3.69161,19.2617
1.05749,15.569,3.74849,19.3175
1.05858,15.8092,3.68576,19.4949
1.05968,15.7493,3.80292,19.5522
1.06078,15.4688,3.60308,19.0719
1.06187,15.7682,3.63958,19.4077
1.06297,15.792,3.63339,19.4254
1.06408,15.6058,3.62514,19.2309
1.06518,15.4306,3.6619,19.0925
1.06629,15.7243,3.54874,19.273
1.06739,15.6235,3.66413,19.2876
1.0685,15.5766,3.62844,19.2051
1.06962,15.8034,3.48027,19.2836
1.07073,15.7489,3.5663,19.3151
1.07184,15.8719,3.64305,19.515
1.07296,15.7856,3.59956,19.3852
1.07408,15.7572,3.61028,19.3675
1.0752,15.6342,3.64923,19.2835
1.07632,15.7148,3.59087,19.3056
1.07745,15.524,3.5053,19.0293
1.07857,15.7103,3.57355,19.2839
1.0797,15.7477,3.56702,19.3147
1.08083,15.7214,3.61437,19.3358
1.08196,15.7658,3.64212,19.4079
1.08309,15.6339,3.55116,19.1851
1.08423,15.5382,3.63514,19.1734
1.08536,15.5412,3.54492,19.0861
1.0865,15.6867,3.56598,19.2527
1.08764,15.5209,3.55486,19.0758
1.08879,15.6253,3.62744,19.2527
1.08993,15.8171,3.55741,19.3745
1.09108,15.5727,3.54254,19.1152
1.09223,15.5439,3.59257,19.1364
1.09337,15.6344,3.54894,19.1833
1.09453,15.8304,3.54068,19.371
1.09568,15.7089,3.52488,19.2337
1.09684,15.8171,3.61301,19.4301
1.09799,15.5221,3.51397,19.0361
1.09915,15.4673,3.50961,18.9769
1.10031,15.6351,3.58641,19.2215
1.10148,15.5221,3.50043,19.0225
1.10264,15.6085,3.53925,19.1477
1.10381,15.6736,3.54765,19.2213
1.10498,15.6892,3.53799,19.2272
1.10615,15.5817,3.51996,19.1017
1.10732,15.5729,3.50008,19.0729
1.10849,15.8833,3.43465,19.3179
1.10967,15.6026,3.45131,19.0539
1.11085,15.6703,3.53651,19.2068
1.11203,15.7555,3.50628,19.2617
1.11321,15.7421,3.51151,19.2536
1.11439,15.8527,3.46238,19.3151
1.11558,15.8522,3.40164,19.2539
1.11677,15.6444,3.59937,19.2437
1.11796,15.6621,3.51289,19.175
1.11915,15.8035,3.46525,19.2688
1.12034,15.6707,3.47745,19.1481
1.12154,15.8699,3.48606,19.3559
1.12274,15.7413,3.3907,19.132
1.12394,15.8165,3.4478,19.2643
1.12514,15.5415,3.50388,19.0454
1.12634,15.7338,3.46047,19.1943
1.12755,15.7141,3.50978,19.2239
1.12875,15.4916,3.373,18.8646
1.12996,15.6971,3.42,19.1171
1.13117,15.507,3.54074,19.0477
1.13239,15.5497,3.46686,19.0165
1.1336,15.8964,3.41521,19.3117
1.13482,15.5516,3.40639,18.958
1.13604,15.7077,3.44726,19.1549
1.13726,15.6363,3.39095,19.0273
1.13848,15.8073,3.47502,19.2824
1.13971,15.645,3.38147,19.0265
1.14093,15.7249,3.40517,19.1301
1.14216,15.7997,3.41307,19.2127
1.14339,15.8476,3.38617,19.2338
1.14463,15.4347,3.44442,18.8791
1.14586,15.8211,3.51568,19.3368
1.1471,15.7684,3.44673,19.2151
1.14834,15.5268,3.39127,18.918
1.14958,15.7572,3.47992,19.2371
1.15082,15.6936,3.47641,19.17
1.15207,15.6253,3.42577,19.0511
1.15332,15.8261,3.41155,19.2376
1.15456,15.6019,3.46093,19.0628
1.15582,15.5988,3.3423,18.9411
1.15707,15.767,3.35946,19.1265
1.15832,15.7521,3.35911,19.1112
1.15958,15.6179,3.25032,18.8682
1.16084,15.7429,3.27159,19.0145
1.1621,15.6538,3.32956,18.9834
1.16337,15.661,3.27716,18.9381
1.16463,15.6357,3.3718,19.0075
1.1659,15.7458,3.32674,19.0726
1.16717,15.8007,3.35906,19.1598
1.16844,15.586,3.39344,18.9794
1.16971,15.6976,3.40156,19.0992
1.17099,15.6553,3.30656,18.9619
1.17227,15.7361,3.31812,19.0542
1.17355,15.6289,3.27933,18.9083
1.17483,15.7315,3.32667,19.0582
1.17611,15.7295,3.32084,19.0504
1.1774,15.5361,3.36372,18.8998
1.17869,15.7101,3.3319,19.042
1.17998,15.7604,3.38576,19.1462
1.18127,15.6793,3.29158,18.9709
1.18256,15.7366,3.33885,19.0754
1.18386,15.7801,3.36348,19.1436
1.18516,15.735,3.29184,19.0269
1.18646,15.6609,3.26883,18.9297
1.18776,15.6027,3.33063,18.9334
1.18907,15.5502,3.25128,18.8015
1.19038,15.8713,3.30751,19.1788
1.19169,15.3989,3.18797,18.5869
1.193,15.6987,3.21201,18.9107
1.19431,15.5455,3.26285,18.8083
1.19563,15.5073,3.29623,18.8035
1.19694,15.6451,3.21732,18.8624
1.19826,15.616,3.31343,18.9294
1.19959,15.6598,3.3367,18.9965
1.20091,15.6874,3.26622,18.9536
1.20224,15.6687,3.19746,18.8662
1.20357,15.5938,3.24158,18.8353
1.2049,15.7589,3.18444,18.9433
1.20623,15.7847,3.27992,19.0646
1.20756,15.6197,3.26248,18.8822
1.2089,15.6048,3.19419,18.799
1.21024,15.6467,3.28412,18.9309
1.21158,15.7484,3.18828,18.9367
1.21293,15.563,3.27709,18.8401
1.21427,15.5029,3.21464,18.7175
1.21562,15.7351,3.24853,18.9837
1.21697,15.5831,3.13792,18.7211
1.21832,15.6512,3.199,18.8502
1.21968,15.7332,3.29549,19.0287
1.22104,15.7939,3.24037,19.0343
1.2224,15.6568,3.26212,18.9189
1.22376,15.5517,3.18349,18.7352
1.22512,15.7091,3.16488,18.874
1.22649,15.6046,3.18663,18.7912
1.22785,15.582,3.21731,18.7994
1.22922,15.6481,3.18582,18.834
1.2306,15.6396,3.20047,18.8401
1.23197,15.6922,3.17534,18.8675
1.23335,15.6737,3.1711,18.8448
1.23473,15.6844,3.09495,18.7794
1.23611,15.5281,3.16767,18.6957
1.23749,15.5985,3.14524,18.7438
1.23888,15.777,3.14222,18.9193
1.24027,15.5845,3.15506,18.7396
1.24166,15.6542,3.09936,18.7536
1.24305,15.7169,3.15547,18.8724
1.24445,15.6421,3.11453,18.7566
1.24584,15.6816,3.20123,18.8829
1.24724,15.9015,3.11042,19.012
1.24864,15.7636,3.09335,18.8569
1.25005,15.623,3.036,18.659
1.25145,15.8733,3.0724,18.9457
1.25286,15.5213,3.08063,18.6019
1.25427,15.6544,3.14304,18.7974
1.25569,15.6769,3.18443,18.8614
1.2571,15.7054,3.06557,18.7709
1.25852,15.6615,3.12918,18.7907
1.25994,15.4776,3.09075,18.5684
1.26136,15.5406,3.10193,18.6425
1.26279,15.5489,3.06827,18.6172
1.26421,15.6673,3.05619,18.7235
1.26564,15.5729,3.07374,18.6467
1.26708,15.8311,3.09725,18.9284
1.26851,15.5885,3.05295,18.6414
1.26995,15.5677,3.06684,18.6345
1.27138,15.5327,3.04305,18.5758
1.27283,15.6019,3.00452,18.6064
1.27427,15.7565,3.04173,18.7982
1.27571,15.8242,3.11251,18.9367
1.27716,15.6748,3.0716,18.7464
1.27861,15.6862,3.00074,18.6869
1.28007,15.6601,3.05781,18.7179
1.28152,15.7976,2.97147,18.7691
1.28298,15.7435,3.00157,18.7451
1.28444,15.6194,3.06257,18.682
1.2859,15.7551,3.06892,18.824
1.28736,15.6424,3.05659,18.699
1.28883,15.5812,2.93805,18.5193
1.2903,15.7431,2.99079,18.7339
1.29177,15.5569,2.98711,18.544
1.29325,15.6962,2.9629,18.6591
1.29472,15.6316,2.97171,18.6033
1.2962,15.6505,2.97528,18.6258
1.29768,15.7623,2.97886,18.7412
1.29917,15.6216,2.90086,18.5225
1.30065,15.5711,2.9866,18.5577
1.30214,15.7362,2.95291,18.6891
1.30363,15.5315,2.98527,18.5168
1.30513,15.7019,2.94703,18.6489
1.30662,15.6438,2.87711,18.5209
1.30812,15.8362,2.92368,18.7599
1.30962,15.6512,2.9593,18.6105
1.31112,15.6338,2.94135,18.5751
1.31263,15.6598,2.95808,18.6179
1.31414,15.7571,2.97773,18.7348
1.31565,15.7189,2.95585,18.6747
1.31716,15.6494,2.90142,18.5509
1.31868,15.4852,2.8842,18.3694
1.32019,15.6663,2.92397,18.5903
1.32171,15.6491,2.93308,18.5821
1.32324,15.5382,2.88611,18.4243
1.32476,15.5344,2.83888,18.3733
1.32629,15.6779,2.9161,18.594
1.32782,15.3778,2.92721,18.305
1.32935,15.6585,2.83611,18.4946
1.33089,15.6349,2.85952,18.4944
1.33243,15.4143,2.85877,18.2731
1.33397,15.6545,2.87688,18.5314
1.33551,15.6012,2.86475,18.466
1.33705,15.7483,2.88304,18.6314
1.3386,15.6023,2.83436,18.4367
1.34015,15.5745,2.84366,18.4181
1.34171,15.586,2.82995,18.416
1.34326,15.6836,2.84561,18.5292
1.34482,15.4793,2.89093,18.3702
1.34638,15.7849,2.78368,18.5685
1.34794,15.6061,2.78927,18.3954
1.34951,15.5611,2.8675,18.4286
1.35107,15.7572,2.81874,18.5759
1.35265,15.7502,2.8727,18.6229
1.35422,15.7631,2.82961,18.5928
1.35579,15.7068,2.83174,18.5386
1.35737,15.6011,2.73001,18.3311
1.35895,15.6191,2.79511,18.4142
1.36054,15.6436,2.78793,18.4316
1.36212,15.4544,2.80942,18.2639
1.36371,15.6256,2.81638,18.442
1.3653,15.67,2.69445,18.3644
1.3669,15.593,2.70984,18.3029
1.36849,15.6082,2.75573,18.364
1.37009,15.6484,2.73352,18.3819
1.37169,15.7125,2.78928,18.5018
1.3733,15.5952,2.79992,18.3951
1.3749,15.5564,2.75098,18.3074
1.37651,15.6472,2.751,18.3982
1.37812,15.7119,2.6744,18.3863
1.37974,15.7733,2.68696,18.4603
1.38135,15.5495,2.73584,18.2854
1.38297,15.6188,2.70117,18.32
1.3846,15.8067,2.65652,18.4632
1.38622,15.6085,2.72892,18.3374
1.38785,15.6051,2.63229,18.2374
1.38948,15.584,2.64366,18.2276
1.39111,15.6984,2.70907,18.4075
1.39275,15.7663,2.71747,18.4837
1.39439,15.5915,2.65449,18.246
1.39603,15.6095,2.68041,18.2899
1.39767,15.7025,2.64826,18.3508
1.39932,15.5779,2.63451,18.2124
1.40097,15.6015,2.71109,18.3126
1.40262,15.651,2.69904,18.35
1.40427,15.5492,2.65334,18.2025
1.40593,15.6654,2.60342,18.2688
1.40759,15.5417,2.59468,18.1363
1.40925,15.5595,2.6155,18.175
1.41092,15.5542,2.60608,18.1602
1.41258,15.6285,2.62377,18.2522
1.41425,15.665,2.60883,18.2739
1.41593,15.6265,2.70251,18.329
1.4176,15.698,2.54726,18.2453
1.41928,15.5556,2.58131,18.1369
1.42096,15.7629,2.58942,18.3523
1.42265,15.838,2.64845,18.4865
1.42433,15.645,2.58455,18.2296
1.42602,15.5654,2.56474,18.1302
1.42772,15.5612,2.56496,18.1261
1.42941,15.7586,2.57723,18.3359
1.43111,15.5661,2.57422,18.1403
1.43281,15.7298,2.52546,18.2553
1.43451,15.5533,2.51854,18.0718
1.43622,15.6013,2.53661,18.1379
1.43793,15.747,2.42921,18.1763
1.43964,15.6229,2.487,18.1099
1.44135,15.8354,2.55982,18.3952
1.44307,15.7322,2.44588,18.1781
1.44479,15.5951,2.50049,18.0956
1.44651,15.7008,2.53767,18.2385
1.44824,15.6727,2.49956,18.1722
1.44997,15.7281,2.50145,18.2295
1.4517,15.7601,2.47895,18.239
1.45343,15.5655,2.45675,18.0223
1.45517,15.563,2.52723,18.0903
1.45691,15.6001,2.53305,18.1332
1.45865,15.7341,2.48678,18.2208
1.4604,15.6392,2.43552,18.0747
1.46214,15.7993,2.41839,18.2177
1.4639,15.6461,2.52865,18.1748
1.46565,15.5977,2.47715,18.0749
1.46741,15.5747,2.37595,17.9506
1.46917,15.7024,2.44106,18.1434
1.47093,15.5769,2.46758,18.0445
1.47269,15.6751,2.336,18.0111
1.47446,15.6733,2.4261,18.0994
1.47623,15.7075,2.42237,18.1299
1.47801,15.5149,2.45889,17.9738
1.47978,15.5745,2.35323,17.9278
1.48156,15.708,2.35059,18.0586
1.48335,15.7773,2.44932,18.2266
1.48513,15.7646,2.40866,18.1733
1.48692,15.6998,2.38249,18.0823
1.48871,15.6129,2.372,17.9849
1.4905,15.6167,2.30856,17.9252
1.4923,15.7472,2.39195,18.1392
1.4941,15.5006,2.34572,17.8463
1.4959,15.6071,2.35754,17.9646
1.49771,15.6975,2.32842,18.0259
1.49952,15.5161,2.27923,17.7954
1.50133,15.7487,2.34222,18.0909
1.50315,15.7277,2.27119,17.9989
1.50496,15.7207,2.25231,17.973
1.50678,15.4772,2.26761,17.7448
1.50861,15.6358,2.30659,17.9424
1.51043,15.6018,2.32129,17.9231
1.51226,15.6213,2.24534,17.8666
1.5141,15.5818,2.3083,17.8901
1.51593,15.5838,2.2734,17.8572
1.51777,15.677,2.24666,17.9237
1.51961,15.6669,2.25087,17.9178
1.52146,15.4535,2.25835,17.7119
1.5233,15.5941,2.20776,17.8018
1.52515,15.6814,2.25018,17.9315
1.52701,15.5295,2.21934,17.7488
1.52886,15.6851,2.19335,17.8784
1.53072,15.6127,2.21475,17.8274
1.53258,15.4944,2.22912,17.7235
1.53445,15.5948,2.19588,17.7907
1.53632,15.607,2.2103,17.8173
1.53819,15.6463,2.2344,17.8807
1.54006,15.521,2.20189,17.7229
1.54194,15.5598,2.15992,17.7197
1.54382,15.6589,2.19674,17.8556
1.54571,15.5229,2.16022,17.6831
1.54759,15.6831,2.20172,17.8848
1.54948,15.5354,2.23909,17.7745
1.55138,15.6577,2.09546,17.7532
1.55327,15.5736,2.09391,17.6675
1.55517,15.6268,2.1028,17.7296
1.55707,15.7024,2.14535,17.8477
1.55898,15.7372,2.07418,17.8114
1.56089,15.7115,2.1047,17.8162
1.5628,15.6632,2.09731,17.7606
1.56471,15.567,2.10025,17.6673
1.56663,15.6149,2.08164,17.6966
1.56855,15.4563,2.07338,17.5297
1.57048,15.5753,2.10083,17.6761
1.5724,15.6965,2.05342,17.7499
1.57433,15.5785,2.04743,17.6259
1.57627,15.6059,2.05554,17.6615
1.5782,15.5254,2.10048,17.6259
1.58014,15.612,1.97892,17.5909
1.58208,15.4673,2.06257,17.5299
1.58403,15.55,2.04173,17.5918
1.58598,15.6014,2.01463,17.616
1.58793,15.551,2.00686,17.5579
1.58989,15.6842,1.97971,17.6639
1.59185,15.6693,1.99311,17.6624
1.59381,15.5402,2.00852,17.5488
1.59577,15.7411,2.01687,17.758
1.59774,15.632,1.98274,17.6148
1.59971,15.5918,1.96225,17.554
1.60169,15.5918,1.99178,17.5836
1.60366,15.579,1.97974,17.5588
1.60564,15.4626,1.96576,17.4284
1.60763,15.618,1.97293,17.5909
1.60962,15.7473,1.96156,17.7089
1.61161,15.5076,1.93621,17.4438
1.6136,15.5004,1.92588,17.4263
1.6156,15.5324,1.89249,17.4249
1.6176,15.4693,1.89119,17.3605
1.6196,15.5953,1.91667,17.5119
1.62161,15.4657,1.89895,17.3646
1.62362,15.6547,1.83515,17.4899
1.62563,15.5647,1.8112,17.376
1.62765,15.6753,1.87077,17.5461
1.62967,15.7537,1.8807,17.6344
1.63169,15.6544,1.86653,17.5209
1.63372,15.56,1.83705,17.397
1.63575,15.549,1.79632,17.3453
1.63778,15.5377,1.80861,17.3463
1.63982,15.5812,1.80086,17.3821
1.64186,15.5908,1.83032,17.4211
1.6439,15.6202,1.80647,17.4267
1.64595,15.5192,1.78105,17.3003
1.648,15.6269,1.8061,17.433
1.65005,15.6482,1.76545,17.4137
1.65211,15.5949,1.74079,17.3357
1.65417,15.5097,1.79436,17.3041
1.65623,15.6042,1.75475,17.359
1.65829,15.6813,1.79738,17.4787
1.66036,15.572,1.75913,17.3312
1.66244,15.489,1.78568,17.2747
1.66451,15.667,1.68482,17.3518
1.66659,15.6246,1.72449,17.3491
1.66868,15.624,1.7603,17.3843
1.67076,15.6307,1.67921,17.3099
1.67285,15.4704,1.68723,17.1576
1.67495,15.6346,1.68631,17.3209
1.67704,15.6501,1.69427,17.3444
1.67914,15.6429,1.71167,17.3546
1.68125,15.57,1.64692,17.2169
1.68335,15.6616,1.63158,17.2932
1.68547,15.7068,1.62344,17.3302
1.68758,15.4835,1.65722,17.1408
1.6897,15.6278,1.64707,17.2749
1.69182,15.6065,1.61044,17.217
1.69394,15.6211,1.58853,17.2096
1.69607,15.4904,1.61917,17.1095
1.6982,15.4958,1.58358,17.0794
1.70033,15.7466,1.59249,17.3391
1.70247,15.5282,1.5593,17.0875
1.70461,15.5587,1.55069,17.1094
1.70676,15.6387,1.5348,17.1735
1.70891,15.5363,1.53805,17.0744
1.71106,15.5182,1.50382,17.022
1.71322,15.5794,1.58044,17.1598
1.71537,15.5614,1.52439,17.0858
1.71754,15.5849,1.52694,17.1119
1.7197,15.687,1.53369,17.2207
1.72187,15.472,1.5099,16.9819
1.72405,15.5897,1.5349,17.1246
1.72622,15.6194,1.47587,17.0952
1.7284,15.4836,1.41943,16.903
1.73059,15.5513,1.49463,17.0459
1.73277,15.6956,1.41967,17.1153
1.73496,15.5733,1.43315,17.0064
1.73716,15.5428,1.45162,16.9944
1.73936,15.4898,1.44458,16.9344
1.74156,15.6756,1.44399,17.1196
1.74376,15.571,1.38058,16.9515
1.74597,15.5599,1.42442,16.9844
1.74818,15.5159,1.37166,16.8875
1.7504,15.5207,1.38754,16.9082
1.75262,15.5899,1.36546,16.9553
1.75484,15.6046,1.35808,16.9627
1.75707,15.5631,1.35719,16.9203
1.7593,15.716,1.37205,17.088
1.76153,15.5509,1.35398,16.9049
1.76377,15.7122,1.29422,17.0064
1.76601,15.5637,1.34272,16.9064
1.76826,15.6114,1.32799,16.9394
1.7705,15.7162,1.28123,16.9974
1.77276,15.5405,1.3418,16.8823
1.77501,15.5238,1.2944,16.8182
1.77727,15.5676,1.30746,16.8751
1.77953,15.6242,1.27258,16.8968
1.7818,15.6481,1.24827,16.8964
1.78407,15.6006,1.25916,16.8597
1.78635,15.5002,1.27853,16.7788
1.78862,15.6377,1.21919,16.8568
1.7909,15.5747,1.25238,16.8271
1.79319,15.6456,1.2008,16.8464
1.79548,15.4002,1.21149,16.6117
1.79777,15.6772,1.21158,16.8887
1.80007,15.514,1.18153,16.6955
1.80237,15.6529,1.15337,16.8063
1.80467,15.6693,1.17707,16.8464
1.80698,15.6814,1.18282,16.8642
1.80929,15.449,1.13359,16.5826
1.81161,15.6097,1.10341,16.7131
1.81392,15.646,1.15458,16.8006
1.81625,15.5246,1.12074,16.6453
1.81857,15.6883,1.13421,16.8225
1.8209,15.5722,1.11683,16.689
1.82324,15.6971,1.11249,16.8096
1.82558,15.4941,1.07104,16.5652
1.82792,15.5869,1.07497,16.6618
1.83026,15.6832,1.07147,16.7546
1.83261,15.6432,1.05133,16.6945
1.83496,15.6229,1.05614,16.6791
1.83732,15.7607,1.0368,16.7975
1.83968,15.5682,1.04926,16.6174
1.84205,15.5173,1.04399,16.5613
1.84441,15.5144,0.999955,16.5143
1.84679,15.6582,1.02155,16.6798
1.84916,15.5886,0.994563,16.5831
1.85154,15.6332,1.01109,16.6442
1.85393,15.6041,1.00082,16.6049
1.85631,15.6119,0.971266,16.5832
1.85871,15.6702,0.946929,16.6172
1.8611,15.5906,0.984417,16.575
1.8635,15.564,0.975722,16.5398
1.8659,15.5495,0.950274,16.4998
1.86831,15.5487,0.973945,16.5227
1.87072,15.6617,0.91403,16.5758
1.87314,15.5789,0.921486,16.5004
1.87556,15.5717,0.892994,16.4647
1.87798,15.5014,0.924094,16.4255
1.88041,15.6094,0.906962,16.5163
1.88284,15.6172,0.903777,16.521
1.88527,15.5355,0.858766,16.3943
1.88771,15.5837,0.833869,16.4175
1.89015,15.6303,0.858403,16.4887
1.8926,15.5167,0.849508,16.3662
1.89505,15.5193,0.852555,16.3718
1.8975,15.5302,0.843834,16.3741
1.89996,15.5276,0.833969,16.3616
1.90242,15.6674,0.797991,16.4654
1.90489,15.5107,0.790839,16.3015
1.90736,15.6179,0.817206,16.4351
1.90984,15.5386,0.808543,16.3471
1.91231,15.6241,0.798357,16.4225
1.9148,15.5192,0.754008,16.2732
1.91728,15.6404,0.760714,16.4011
1.91977,15.5854,0.757373,16.3428
1.92227,15.4202,0.725335,16.1455
1.92477,15.5871,0.734275,16.3213
1.92727,15.5805,0.712222,16.2927
1.92978,15.576,0.739338,16.3153
1.93229,15.7287,0.709029,16.4377
1.9348,15.513,0.711444,16.2244
1.93732,15.4985,0.685625,16.1841
1.93984,15.6765,0.70224,16.3787
1.94237,15.4547,0.683205,16.1379
1.9449,15.4465,0.669629,16.1161
1.94744,15.6357,0.653352,16.2891
1.94998,15.5704,0.644917,16.2153
1.95252,15.5814,0.669235,16.2507
1.95507,15.6029,0.638076,16.241
1.95762,15.5354,0.63051,16.1659
1.96018,15.546,0.630094,16.1761
1.96274,15.4458,0.628608,16.0744
1.9653,15.6577,0.616,16.2737
1.96787,15.5823,0.615055,16.1973
1.97044,15.5758,0.598723,16.1745
1.97302,15.6099,0.584542,16.1944
1.9756,15.4919,0.58506,16.0769
1.97819,15.6131,0.565027,16.1781
1.98078,15.5864,0.562725,16.1491
1.98337,15.5351,0.554099,16.0892
1.98597,15.6243,0.540268,16.1645
1.98857,15.3319,0.531144,15.863
1.99118,15.5287,0.542732,16.0714
1.99379,15.5886,0.524872,16.1135
1.9964,15.5649,0.516943,16.0819
1.99902,15.6413,0.498235,16.1396
2.00165,15.4483,0.501531,15.9498
2.00427,15.6276,0.497349,16.1249
2.0069,15.4575,0.493401,15.9509
2.00954,15.4205,0.480781,15.9013
2.01218,15.4717,0.473185,15.9449
2.01483,15.4714,0.480346,15.9517
2.01748,15.5011,0.464219,15.9653
2.02013,15.4921,0.474035,15.9662
2.02279,15.5376,0.471566,16.0091
2.02545,15.5354,0.437863,15.9732
2.02811,15.6843,0.421708,16.106
2.03079,15.3643,0.424649,15.789
2.03346,15.4611,0.402595,15.8637
2.03614,15.618,0.415411,16.0334
2.03882,15.4109,0.401513,15.8124
2.04151,15.4472,0.390622,15.8378
2.0442,15.4869,0.399817,15.8868
2.0469,15.5759,0.37652,15.9524
2.0496,15.6201,0.40239,16.0225
2.05231,15.4939,0.368827,15.8627
2.05502,15.5642,0.365758,15.93
2.05773,15.6136,0.358874,15.9724
2.06045,15.5649,0.352435,15.9173
2.06317,15.5822,0.351725,15.934
2.0659,15.4617,0.345345,15.807
2.06863,15.4642,0.324534,15.7887
2.07137,15.5647,0.345426,15.9101
2.07411,15.4921,0.325003,15.8171
2.07686,15.5583,0.316649,15.8749
2.07961,15.5103,0.314031,15.8243
2.08236,15.6376,0.308143,15.9457
2.08512,15.6264,0.314307,15.9407
2.08788,15.4502,0.309438,15.7597
2.09065,15.5753,0.306787,15.882
2.09342,15.6394,0.292951,15.9324
2.0962,15.5647,0.278544,15.8432
2.09898,15.4567,0.280578,15.7372
2.10177,15.4782,0.279556,15.7577
2.10456,15.4258,0.286014,15.7118
2.10735,15.4628,0.276987,15.7398
2.11015,15.4635,0.269922,15.7334
2.11296,15.583,0.253245,15.8362
2.11576,15.4481,0.261942,15.71
2.11858,15.5785,0.240712,15.8192
2.1214,15.7595,0.254903,16.0144
2.12422,15.5547,0.237358,15.792
2.12704,15.5243,0.239557,15.7638
2.12988,15.4598,0.219913,15.6797
2.13271,15.393,0.214776,15.6078
2.13555,15.487,0.220637,15.7076
2.1384,15.5001,0.223433,15.7235
2.14125,15.5848,0.218348,15.8032
2.1441,15.6358,0.199034,15.8348
2.14696,15.4517,0.203715,15.6554
2.14983,15.5612,0.191059,15.7523
2.15269,15.5806,0.19661,15.7772
2.15557,15.5724,0.1807,15.7531
2.15845,15.5208,0.179576,15.7003
2.16133,15.4241,0.17397,15.598
2.16421,15.5849,0.177083,15.762
2.16711,15.6354,0.178249,15.8137
2.17,15.4416,0.163486,15.6051
2.1729,15.4978,0.173204,15.671
2.17581,15.5514,0.161431,15.7128
2.17872,15.4537,0.154459,15.6082
2.18164,15.563,0.16223,15.7252
2.18456,15.5917,0.145154,15.7369
2.18748,15.4981,0.145096,15.6432
2.19041,15.4842,0.148479,15.6327
2.19335,15.54,0.140318,15.6803
2.19628,15.6152,0.143228,15.7584
2.19923,15.4099,0.146186,15.5561
2.20218,15.5666,0.132617,15.6992
2.20513,15.4929,0.126118,15.619
2.20809,15.5851,0.133872,15.719
2.21105,15.5407,0.116645,15.6574
2.21402,15.4222,0.117011,15.5392
2.21699,15.5102,0.119999,15.6302
2.21997,15.5534,0.114483,15.6679
2.22295,15.5711,0.107329,15.6785
2.22594,15.6134,0.10801,15.7214
2.22893,15.4324,0.114036,15.5464
2.23193,15.681,0.101228,15.7822
2.23493,15.5648,0.100305,15.6651
2.23794,15.6202,0.0957193,15.7159
2.24095,15.4961,0.0979866,15.5941
2.24397,15.5966,0.104887,15.7015
2.24699,15.511,0.0975204,15.6086
2.25001,15.5278,0.0942627,15.622
2.25305,15.5576,0.0846311,15.6423
2.25608,15.4558,0.0893281,15.5452
2.25912,15.4481,0.0869859,15.5351
2.26217,15.5259,0.0741456,15.6001
2.26522,15.458,0.0930769,15.5511
2.26828,15.4837,0.0815522,15.5653
2.27134,15.5748,0.0760541,15.6509
2.2744,15.4174,0.0816248,15.499
2.27747,15.4575,0.0707154,15.5282
2.28055,15.4504,0.0720733,15.5225
2.28363,15.498,0.069206,15.5672
2.28672,15.4132,0.0635858,15.4767
2.28981,15.505,0.0708587,15.5759
2.2929,15.6395,0.0647234,15.7042
2.296,15.5095,0.0626107,15.5721
2.29911,15.583,0.0669423,15.65
2.30222,15.4903,0.0561516,15.5464
2.30534,15.5321,0.0570637,15.5892
2.30846,15.6166,0.059654,15.6762
2.31158,15.517,0.0567514,15.5737
2.31472,15.6021,0.0566595,15.6587
2.31785,15.5653,0.0515544,15.6169
2.32099,15.5196,0.0527697,15.5724
2.32414,15.6471,0.0490905,15.6962
2.32729,15.5128,0.0462941,15.5591
2.33045,15.3817,0.0454978,15.4272
2.33361,15.6214,0.0446261,15.666
2.33678,15.4481,0.0409637,15.489
2.33995,15.4766,0.0453698,15.5219
2.34313,15.581,0.0390506,15.6201
2.34631,15.5235,0.0385368,15.5621
2.3495,15.5452,0.0350701,15.5802
2.35269,15.6163,0.0351536,15.6515
2.35589,15.5055,0.0348263,15.5403
2.35909,15.6138,0.0352963,15.6491
2.3623,15.5555,0.0320852,15.5876
2.36552,15.5738,0.0295608,15.6034
2.36873,15.5858,0.0346594,15.6204
2.37196,15.5631,0.0246025,15.5877
2.37519,15.5691,0.0281705,15.5972
2.37842,15.6102,0.0296902,15.6399
2.38166,15.5036,0.0257438,15.5293
2.38491,15.4964,0.0294872,15.5259
2.38816,15.5676,0.0265949,15.5942
2.39141,15.4281,0.0238958,15.452
2.39467,15.5136,0.0250872,15.5387
2.39794,15.5245,0.0236579,15.5482
2.40121,15.5367,0.0203433,15.557
2.40449,15.5841,0.0211407,15.6052
2.40777,15.4411,0.0215732,15.4627
2.41106,15.5102,0.0199233,15.5301
2.41435,15.4394,0.0182496,15.4577
2.41765,15.5574,0.0174468,15.5748
2.42095,15.5058,0.0171907,15.523
2.42426,15.4828,0.0155365,15.4983
2.42758,15.4264,0.0155566,15.4419
2.4309,15.4816,0.0183479,15.5
2.43422,15.5269,0.0136631,15.5405
2.43755,15.4542,0.0147104,15.4689
2.44089,15.5584,0.0145329,15.5729
2.44423,15.5526,0.0156732,15.5683
2.44758,15.4868,0.0117307,15.4986
2.45093,15.5758,0.0141653,15.59
2.45429,15.4646,0.0116067,15.4762
2.45765,15.4769,0.0111295,15.4881
2.46102,15.4446,0.0129747,15.4575
2.46439,15.5889,0.0108981,15.5998
2.46777,15.4427,0.0142704,15.457
2.47116,15.5614,0.0160096,15.5774
2.47455,15.5196,0.00900376,15.5286
2.47795,15.5685,0.00985222,15.5783
2.48135,15.6518,0.009173,15.661
2.48475,15.4792,0.00787152,15.487
2.48817,15.429,0.00718022,15.4362
2.49159,15.5016,0.00952248,15.5111
2.49501,15.5264,0.00627852,15.5327
2.49844,15.5901,0.00909083,15.5992
2.50187,15.5224,0.00730662,15.5297
2.50531,15.4259,0.00738326,15.4333
2.50876,15.4623,0.00795187,15.4703
2.51221,15.5463,0.00623632,15.5525
2.51567,15.5003,0.0082002,15.5085
2.51913,15.4915,0.00651244,15.498
2.5226,15.5201,0.00586601,15.526
2.52608,15.4732,0.00871187,15.4819
2.52956,15.4158,0.00623731,15.422
2.53304,15.5282,0.00638927,15.5346
2.53653,15.4158,0.0069341,15.4228
2.54003,15.5053,0.00471104,15.51
2.54353,15.501,0.00465301,15.5056
2.54704,15.4825,0.00490719,15.4874
2.55055,15.428,0.00336721,15.4313
2.55407,15.4598,0.0042166,15.464
2.5576,15.5751,0.00314902,15.5782
2.56113,15.5767,0.00439335,15.5811
2.56467,15.5147,0.00507995,15.5198
2.56821,15.4729,0.00290216,15.4758
2.57176,15.5266,0.00335277,15.5299
2.57531,15.4883,0.00358875,15.4919
2.57887,15.5128,0.00321688,15.5161
2.58244,15.4983,0.00334308,15.5016
2.58601,15.5308,0.0019279,15.5328
2.58959,15.5199,0.00432138,15.5243
2.59317,15.5905,0.00422973,15.5948
2.59676,15.4583,0.002539,15.4608
2.60035,15.5023,0.0033644,15.5056
2.60395,15.3041,0.00339356,15.3075
2.60756,15.425,0.00143404,15.4265
2.61117,15.4411,0.00210393,15.4432
2.61479,15.4911,0.00210103,15.4932
2.61841,15.4314,0.00187731,15.4332
2.62204,15.5865,0.00208033,15.5886
2.62568,15.4472,0.00203117,15.4492
2.62932,15.4248,0.00251136,15.4273
2.63297,15.364,0.00124679,15.3652
2.63662,15.452,0.001712,15.4537
2.64028,15.5201,0.00176023,15.5219
2.64395,15.3687,-0.000425833,15.3683
2.64762,15.4492,0.000906047,15.4501
2.6513,15.4349,0.00105239,15.4359
2.65498,15.4174,0.00150096,15.4189
2.65867,15.4603,0.00128965,15.4616
2.66236,15.3749,0.000737348,15.3756
2.66607,15.4573,0.000786618,15.4581
2.66977,15.5559,0.00116301,15.5571
2.67349,15.4577,0.00106233,15.4588
2.67721,15.417,0.000711542,15.4177
2.68093,15.4798,0.00148858,15.4813
2.68466,15.5558,0.000969125,15.5568
2.6884,15.4111,0.000705058,15.4118
2.69214,15.4638,0.000611874,15.4644
2.69589,15.456,0.000600759,15.4566
2.69965,15.5045,0.0010711,15.5056
2.70341,15.4929,0.000510534,15.4934
2.70718,15.4481,0.000707115,15.4488
2.71095,15.4784,0.000500165,15.4789
2.71473,15.4625,0.000711378,15.4632
2.71852,15.4132,0.000655221,15.4138
2.72231,15.4016,0.000809883,15.4024
2.72611,15.5666,0.000565078,15.5671
2.72992,15.4143,0.000573165,15.4149
2.73373,15.5303,0.000681465,15.531
2.73755,15.5054,9.3894e-05,15.5055
2.74137,15.3515,0.000547595,15.352
2.7452,15.4441,0.000685238,15.4448
2.74903,15.4913,0.000262675,15.4915
2.75288,15.4095,0.000603509,15.4101
2.75673,15.3297,0.000411137,15.3301
2.76058,15.4034,0.000631275,15.4041
2.76444,15.4878,0.000307675,15.4881
2.76831,15.5475,0.000392423,15.5479
2.77218,15.4999,0.000515732,15.5004
2.77606,15.3695,0.000232174,15.3697
2.77995,15.4973,-0.000157864,15.4971
2.78384,15.3882,0.000419879,15.3887
2.78774,15.3904,0.000231022,15.3906
2.79164,15.5284,0.000403806,15.5288
2.79556,15.4301,0.000645538,15.4308
2.79947,15.4805,0.000600268,15.4811
2.8034,15.4183,0.000583108,15.4189
2.80733,15.3575,0.000225469,15.3577
2.81126,15.4855,0.000196901,15.4857
2.81521,15.4088,-4.13316e-05,15.4088
2.81916,15.5041,0.000183301,15.5043
2.82311,15.4883,0.000292211,15.4886
2.82708,15.4356,0.000287702,15.4359
2.83105,15.4405,0.000463329,15.4409
2.83502,15.5015,-0.000134537,15.5014
2.839,15.5606,0.000425429,15.561
2.84299,15.3773,-7.74696e-05,15.3772
2.84699,15.5946,8.56261e-05,15.5947
2.85099,15.4349,-0.000144303,15.4347
2.85499,15.5261,0.000113254,15.5262
2.85901,15.4632,0.00011534,15.4633
2.86303,15.4602,1.45987e-06,15.4602
2.86706,15.4388,-2.94644e-06,15.4388
2.87109,15.457,5.12967e-05,15.4571
2.87513,15.4243,0.000136001,15.4244
2.87918,15.4674,-0.00010232,15.4673
2.88323,15.4804,0.000122165,15.4805
2.88729,15.4103,6.66677e-05,15.4104
2.89136,15.4726,-8.73715e-05,15.4725
2.89543,15.3968,5.7534e-05,15.3968
2.89951,15.4657,-2.99701e-05,15.4656
2.9036,15.5236,3.26933e-05,15.5236
2.90769,15.4464,1.17682e-05,15.4464
2.91179,15.4373,3.34857e-05,15.4374
2.9159,15.5353,7.99886e-05,15.5354
2.92001,15.4391,2.49046e-05,15.4392
2.92413,15.4085,0,15.4085
2.92826,15.449,0,15.449
2.93239,15.4243,0,15.4243
2.93653,15.4217,0,15.4217
2.94068,15.4712,0,15.4712
2.94483,15.4671,0,15.4671
2.94899,15.4184,0,15.4184
2.95316,15.512,0,15.512
2.95734,15.4529,0,15.4529
2.96152,15.4669,0,15.4669
2.9657,15.3881,0,15.3881
2.9699,15.4912,0,15.4912
2.9741,15.4324,0,15.4324
2.97831,15.5438,0,15.5438
2.98252,15.4564,0,15.4564
2.98674,15.5399,0,15.5399
2.99097,15.4101,0,15.4101
2.99521,15.4984,0,15.4984
2.99945,15.4587,0,15.4587
3.0037,15.4697,0,15.4697
3.00795,15.4531,0,15.4531
3.01222,15.3984,0,15.3984
3.01649,15.4914,0,15.4914
3.02076,15.4911,0,15.4911
3.02505,15.454,0,15.454
3.02934,15.4307,0,15.4307
3.03364,15.548,0,15.548
3.03794,15.4942,0,15.4942
3.04225,15.4053,0,15.4053
3.04657,15.4091,0,15.4091
3.0509,15.4226,0,15.4226
3.05523,15.3563,0,15.3563
3.05957,15.3457,0,15.3457
3.06392,15.4795,0,15.4795
3.06827,15.4721,0,15.4721
3.07263,15.4647,0,15.4647
3.077,15.3966,0,15.3966
3.08137,15.3252,0,15.3252
3.08576,15.5175,0,15.5175
3.09015,15.3572,0,15.3572
3.09454,15.4758,0,15.4758
3.09895,15.3621,0,15.3621
3.10336,15.3718,0,15.3718
3.10777,15.4517,0,15.4517
3.1122,15.3989,0,15.3989
3.11663,15.316,0,15.316
3.12107,15.3875,0,15.3875
3.12552,15.3372,0,15.3372
3.12997,15.354,0,15.354
3.13443,15.3363,0,15.3363
3.1389,15.4134,0,15.4134
3.14338,15.3756,0,15.3756
3.14786,15.4119,0,15.4119
3.15235,15.3316,0,15.3316
3.15685,15.3401,0,15.3401
3.16135,15.4684,0,15.4684
3.16587,15.5309,0,15.5309
3.17039,15.4491,0,15.4491
3.17491,15.33,0,15.33
3.17945,15.383,0,15.383
3.18399,15.4256,0,15.4256
3.18854,15.3802,0,15.3802
3.19309,15.4386,0,15.4386
3.19766,15.4371,0,15.4371
3.20223,15.4124,0,15.4124
3.20681,15.4071,0,15.4071
3.21139,15.4673,0,15.4673
3.21599,15.3262,0,15.3262
3.22059,15.3566,0,15.3566
3.2252,15.4591,0,15.4591
3.22981,15.397,0,15.397
3.23444,15.3219,0,15.3219
3.23907,15.4084,0,15.4084
3.2437,15.2849,0,15.2849
3.24835,15.3485,0,15.3485
3.253,15.3865,0,15.3865
3.25767,15.4739,0,15.4739
3.26233,15.4029,0,15.4029
3.26701,15.424,0,15.424
3.27169,15.4293,0,15.4293
3.27639,15.3371,0,15.3371
3.28108,15.4348,0,15.4348
3.28579,15.4071,0,15.4071
3.29051,15.4693,0,15.4693
3.29523,15.2947,0,15.2947
3.29996,15.3184,0,15.3184
3.3047,15.3864,0,15.3864
3.30944,15.3964,0,15.3964
3.31419,15.4025,0,15.4025
3.31895,15.4108,0,15.4108
3.32372,15.3303,0,15.3303
3.3285,15.3068,0,15.3068
3.33328,15.3994,0,15.3994
3.33807,15.4302,0,15.4302
3.34287,15.4128,0,15.4128
3.34768,15.3791,0,15.3791
3.35249,15.3381,0,15.3381
3.35732,15.3617,0,15.3617
3.36215,15.466,0,15.466
3.36699,15.436,0,15.436
3.37183,15.3817,0,15.3817
3.37669,15.3063,0,15.3063
3.38155,15.315,0,15.315
3.38642,15.2762,0,15.2762
3.3913,15.4184,0,15.4184
3.39618,15.3641,0,15.3641
3.40108,15.3681,0,15.3681
3.40598,15.4526,0,15.4526
3.41089,15.3215,0,15.3215
3.41581,15.4429,0,15.4429
3.42073,15.388,0,15.388
3.42567,15.363,0,15.363
3.43061,15.3886,0,15.3886
3.43556,15.4415,0,15.4415
3.44051,15.396,0,15.396
3.44548,15.3748,0,15.3748
3.45045,15.3765,0,15.3765
3.45544,15.4114,0,15.4114
3.46043,15.3756,0,15.3756
3.46543,15.255,0,15.255
3.47043,15.3689,0,15.3689
3.47545,15.3722,0,15.3722
3.48047,15.473,0,15.473
3.4855,15.4379,0,15.4379
3.49054,15.3375,0,15.3375
3.49559,15.353,0,15.353
3.50064,15.3525,0,15.3525
3.5057,15.2985,0,15.2985
3.51078,15.3914,0,15.3914
3.51586,15.3374,0,15.3374
3.52094,15.3694,0,15.3694
3.52604,15.3253,0,15.3253
3.53115,15.4425,0,15.4425
3.53626,15.3219,0,15.3219
3.54138,15.2702,0,15.2702
3.54651,15.3478,0,15.3478
3.55165,15.3913,0,15.3913
3.55679,15.285,0,15.285
3.56195,15.2867,0,15.2867
3.56711,15.4019,0,15.4019
3.57228,15.2813,0,15.2813
3.57746,15.321,0,15.321
3.58265,15.3294,0,15.3294
3.58785,15.3439,0,15.3439
3.59305,15.4008,0,15.4008
3.59827,15.3664,0,15.3664
3.60349,15.3052,0,15.3052
3.60872,15.3503,0,15.3503
3.61396,15.3426,0,15.3426
3.61921,15.3953,0,15.3953
3.62446,15.3102,0,15.3102
3.62973,15.3547,0,15.3547
3.635,15.2833,0,15.2833
3.64028,15.2554,0,15.2554
3.64557,15.3378,0,15.3378
3.65087,15.3853,0,15.3853
3.65618,15.3013,0,15.3013
3.6615,15.3022,0,15.3022
3.66682,15.3553,0,15.3553
3.67216,15.3224,0,15.3224
3.6775,15.3009,0,15.3009
3.68285,15.3788,0,15.3788
3.68821,15.3735,0,15.3735
3.69358,15.3758,0,15.3758
3.69895,15.2868,0,15.2868
3.70434,15.2717,0,15.2717
3.70973,15.32,0,15.32
3.71514,15.3373,0,15.3373
3.72055,15.3936,0,15.3936
3.72597,15.3568,0,15.3568
3.7314,15.2837,0,15.2837
3.73684,15.2803,0,15.2803
3.74229,15.318,0,15.318
3.74774,15.3309,0,15.3309
3.75321,15.3493,0,15.3493
3.75868,15.3351,0,15.3351
3.76416,15.3823,0,15.3823
3.76966,15.3298,0,15.3298
3.77516,15.3687,0,15.3687
3.78067,15.3375,0,15.3375
3.78618,15.3414,0,15.3414
3.79171,15.3382,0,15.3382
3.79725,15.3602,0,15.3602
3.80279,15.397,0,15.397
3.80835,15.4135,0,15.4135
3.81391,15.3687,0,15.3687
3.81949,15.3452,0,15.3452
3.82507,15.3259,0,15.3259
3.83066,15.3999,0,15.3999
3.83626,15.395,0,15.395
3.84187,15.3249,0,15.3249
3.84748,15.3317,0,15.3317
3.85311,15.2927,0,15.2927
3.85875,15.3077,0,15.3077
3.86439,15.2843,0,15.2843
3.87005,15.2483,0,15.2483
3.87571,15.2694,0,15.2694
3.88138,15.2573,0,15.2573
3.88707,15.2117,0,15.2117
3.89276,15.3329,0,15.3329
3.89846,15.304,0,15.304
3.90417,15.2997,0,15.2997
3.90989,15.3212,0,15.3212
3.91562,15.3293,0,15.3293
3.92136,15.3764,0,15.3764
3.9271,15.29,0,15.29
3.93286,15.3036,0,15.3036
3.93862,15.2291,0,15.2291
3.9444,15.3196,0,15.3196
3.95018,15.3543,0,15.3543
3.95598,15.3636,0,15.3636
3.96178,15.2781,0,15.2781
3.9676,15.3487,0,15.3487
3.97342,15.3308,0,15.3308
3.97925,15.3489,0,15.3489
3.98509,15.386,0,15.386
3.99094,15.3374,0,15.3374
3.9968,15.232,0,15.232
4.00267,15.3022,0,15.3022
4.00855,15.2482,0,15.2482
4.01444,15.2705,0,15.2705
4.02034,15.3811,0,15.3811
4.02625,15.2822,0,15.2822
4.03216,15.3023,0,15.3023
4.03809,15.3228,0,15.3228
4.04403,15.409,0,15.409
4.04997,15.2671,0,15.2671
4.05593,15.2817,0,15.2817
4.0619,15.3184,0,15.3184
4.06787,15.2426,0,15.2426
4.07386,15.289,0,15.289
4.07985,15.2968,0,15.2968
4.08586,15.3454,0,15.3454
4.09187,15.3717,0,15.3717
4.0979,15.3405,0,15.3405
4.10393,15.2059,0,15.2059
4.10997,15.2107,0,15.2107
4.11603,15.3175,0,15.3175
4.12209,15.284,0,15.284
4.12816,15.3529,0,15.3529
4.13425,15.2934,0,15.2934
4.14034,15.3116,0,15.3116
4.14644,15.2982,0,15.2982
4.15256,15.3172,0,15.3172
4.15868,15.2855,0,15.2855
4.16481,15.3002,0,15.3002
4.17096,15.2892,0,15.2892
4.17711,15.2837,0,15.2837
4.18327,15.305,0,15.305
4.18944,15.3837,0,15.3837
4.19563,15.2424,0,15.2424
4.20182,15.2718,0,15.2718
4.20802,15.2381,0,15.2381
4.21424,15.2689,0,15.2689
4.22046,15.3027,0,15.3027
4.22669,15.2189,0,15.2189
4.23294,15.3072,0,15.3072
4.23919,15.2308,0,15.2308
4.24545,15.2629,0,15.2629
4.25173,15.2988,0,15.2988
4.25801,15.2966,0,15.2966
4.2643,15.2836,0,15.2836
4.27061,15.2557,0,15.2557
4.27692,15.2344,0,15.2344
4.28325,15.2178,0,15.2178
4.28958,15.2239,0,15.2239
4.29593,15.3111,0,15.3111
4.30229,15.2769,0,15.2769
4.30865,15.2254,0,15.2254
4.31503,15.2685,0,15.2685
4.32142,15.3093,0,15.3093
4.32781,15.268,0,15.268
4.33422,15.2476,0,15.2476
4.34064,15.2855,0,15.2855
4.34707,15.2385,0,15.2385
4.35351,15.223,0,15.223
4.35996,15.3162,0,15.3162
4.36642,15.2624,0,15.2624
4.37289,15.3078,0,15.3078
4.37937,15.2475,0,15.2475
4.38586,15.2423,0,15.2423
4.39236,15.3067,0,15.3067
4.39887,15.1766,0,15.1766
4.4054,15.1909,0,15.1909
4.41193,15.2452,0,15.2452
4.41847,15.2401,0,15.2401
4.42503,15.2629,0,15.2629
4.4316,15.1949,0,15.1949
4.43817,15.1629,0,15.1629
4.44476,15.235,0,15.235
4.45136,15.178,0,15.178
4.45796,15.2355,0,15.2355
4.46458,15.2812,0,15.2812
4.47121,15.2258,0,15.2258
4.47785,15.2363,0,15.2363
4.48451,15.2679,0,15.2679
4.49117,15.2544,0,15.2544
4.49784,15.2192,0,15.2192
4.50453,15.169,0,15.169
4.51122,15.2914,0,15.2914
4.51793,15.202,0,15.202
4.52464,15.1959,0,15.1959
4.53137,15.2746,0,15.2746
4.53811,15.1478,0,15.1478
4.54486,15.2284,0,15.2284
4.55162,15.2527,0,15.2527
4.55839,15.2078,0,15.2078
4.56517,15.1927,0,15.1927
4.57197,15.2421,0,15.2421
4.57877,15.2458,0,15.2458
4.58559,15.2192,0,15.2192
4.59241,15.2118,0,15.2118
4.59925,15.2862,0,15.2862
4.6061,15.2673,0,15.2673
4.61296,15.2833,0,15.2833
4.61983,15.1899,0,15.1899
4.62671,15.2508,0,15.2508
4.63361,15.1687,0,15.1687
4.64051,15.1791,0,15.1791
4.64743,15.2598,0,15.2598
4.65435,15.2255,0,15.2255
4.66129,15.1967,0,15.1967
4.66824,15.2275,0,15.2275
4.6752,15.2007,0,15.2007
4.68217,15.1934,0,15.1934
4.68916,15.1964,0,15.1964
4.69615,15.2055,0,15.2055
4.70316,15.1311,0,15.1311
4.71018,15.1896,0,15.1896
4.71721,15.195,0,15.195
4.72425,15.1671,0,15.1671
4.7313,15.2406,0,15.2406
4.73836,15.2074,0,15.2074
4.74544,15.2171,0,15.2171
4.75252,15.2773,0,15.2773
4.75962,15.2024,0,15.2024
4.76673,15.2013,0,15.2013
4.77385,15.2227,0,15.2227
4.78098,15.1688,0,15.1688
4.78813,15.1601,0,15.1601
4.79528,15.1477,0,15.1477
4.80245,15.1843,0,15.1843
4.80963,15.2496,0,15.2496
4.81682,15.1433,0,15.1433
4.82402,15.1795,0,15.1795
4.83124,15.2084,0,15.2084
4.83846,15.2236,0,15.2236
4.8457,15.1823,0,15.1823
4.85295,15.1004,0,15.1004
4.86021,15.1917,0,15.1917
4.86748,15.2297,0,15.2297
4.87477,15.2238,0,15.2238
4.88206,15.1611,0,15.1611
4.88937,15.2474,0,15.2474
4.89669,15.1589,0,15.1589
4.90402,15.1585,0,15.1585
4.91137,15.1432,0,15.1432
4.91872,15.2279,0,15.2279
4.92609,15.1685,0,15.1685
4.93347,15.1847,0,15.1847
4.94086,15.1216,0,15.1216
4.94827,15.2013,0,15.2013
4.95568,15.055,0,15.055
4.96311,15.1959,0,15.1959
4.97055,15.1462,0,15.1462
4.978,15.1671,0,15.1671
4.98547,15.2387,0,15.2387
4.99294,15.1816,0,15.1816
5.00043,15.1564,0,15.1564
5.00793,15.1237,0,15.1237
5.01545,15.2026,0,15.2026
5.02299,15.1976,0,15.1976
5.03055,15.1422,0,15.1422
5.03813,15.1703,0,15.1703
5.04572,15.1005,0,15.1005
5.05334,15.0999,0,15.0999
5.06097,15.1196,0,15.1196
5.06862,15.1924,0,15.1924
5.07629,15.1152,0,15.1152
5.08398,15.1041,0,15.1041
5.09169,15.1505,0,15.1505
5.09942,15.1119,0,15.1119
5.10717,15.1741,0,15.1741
5.11494,15.2337,0,15.2337
5.12273,15.1943,0,15.1943
5.13053,15.1137,0,15.1137
5.13836,15.1463,0,15.1463
5.14621,15.1847,0,15.1847
5.15407,15.1535,0,15.1535
5.16196,15.1106,0,15.1106
5.16986,15.1701,0,15.1701
5.17779,15.126,0,15.126
5.18573,15.1512,0,15.1512
5.1937,15.1303,0,15.1303
5.20168,15.155,0,15.155
5.20968,15.1864,0,15.1864
5.21771,15.1584,0,15.1584
5.22575,15.1772,0,15.1772
5.23382,15.1735,0,15.1735
5.2419,15.1647,0,15.1647
5.25001,15.1145,0,15.1145
5.25813,15.1266,0,15.1266
5.26628,15.163,0,15.163
5.27444,15.1366,0,15.1366
5.28263,15.1884,0,15.1884
5.29083,15.1738,0,15.1738
5.29906,15.172,0,15.172
5.30731,15.0856,0,15.0856
5.31558,15.0621,0,15.0621
5.32387,15.1295,0,15.1295
5.33218,15.1252,0,15.1252
5.34051,15.1459,0,15.1459
5.34886,15.1277,0,15.1277
5.35723,15.1231,0,15.1231
5.36562,15.1652,0,15.1652
5.37404,15.1013,0,15.1013
5.38247,15.0742,0,15.0742
5.39093,15.0263,0,15.0263
5.39941,15.0869,0,15.0869
5.4079,15.1161,0,15.1161
5.41642,15.0686,0,15.0686
5.42497,15.1164,0,15.1164
5.43353,15.1467,0,15.1467
5.44211,15.0795,0,15.0795
5.45072,15.1012,0,15.1012
5.45934,15.099,0,15.099
5.46799,15.0381,0,15.0381
5.47666,15.1268,0,15.1268
5.48535,15.0783,0,15.0783
5.49407,15.0873,0,15.0873
5.5028,15.0244,0,15.0244
5.51156,15.1069,0,15.1069
5.52034,15.1044,0,15.1044
5.52914,15.1097,0,15.1097
5.53796,15.1015,0,15.1015
5.54681,15.1489,0,15.1489
5.55567,15.095,0,15.095
5.56456,15.0902,0,15.0902
5.57347,15.1183,0,15.1183
5.58241,15.1111,0,15.1111
5.59136,15.1213,0,15.1213
5.60034,15.0816,0,15.0816
5.60934,15.1102,0,15.1102
5.61837,15.0789,0,15.0789
5.62741,15.0724,0,15.0724
5.63648,15.0536,0,15.0536
5.64557,15.1353,0,15.1353
5.65469,15.0753,0,15.0753
5.66382,15.0873,0,15.0873
5.67298,15.0512,0,15.0512
5.68216,15.0944,0,15.0944
5.69137,15.0301,0,15.0301
5.7006,15.0682,0,15.0682
5.70985,15.074,0,15.074
5.71912,15.0611,0,15.0611
5.72842,15.0489,0,15.0489
5.73774,15.1215,0,15.1215
5.74709,15.0393,0,15.0393
5.75646,15.126,0,15.126
5.76585,15.1187,0,15.1187
5.77526,15.0747,0,15.0747
5.7847,15.0601,0,15.0601
5.79416,15.0763,0,15.0763
5.80365,15.0703,0,15.0703
5.81316,15.0958,0,15.0958
5.82269,15.0658,0,15.0658
5.83225,15.0679,0,15.0679
5.84183,15.043,0,15.043
5.85143,15.0358,0,15.0358
5.86106,15.1279,0,15.1279
5.87071,15.034,0,15.034
5.88039,15.0592,0,15.0592
5.89009,15.0428,0,15.0428
5.89981,15.0596,0,15.0596
5.90956,15.0689,0,15.0689
5.91934,15.0618,0,15.0618
5.92914,15.008,0,15.008
5.93896,15.0238,0,15.0238
5.94881,15.1151,0,15.1151
5.95868,15.0724,0,15.0724
5.96858,15.0294,0,15.0294
5.9785,14.9724,0,14.9724
5.98844,15.064,0,15.064
5.99841,15.0305,0,15.0305
6.00841,15.0497,0,15.0497
6.01843,15.077,0,15.077
6.02848,15.0664,0,15.0664
6.03855,14.9868,0,14.9868
6.04864,15.0243,0,15.0243
6.05877,14.9412,0,14.9412
6.06891,15.0169,0,15.0169
6.07909,15.0121,0,15.0121
6.08928,15.073,0,15.073
6.09951,15.004,0,15.004
6.10976,14.9921,0,14.9921
6.12003,15.0866,0,15.0866
6.13033,14.9987,0,14.9987
6.14066,15.0115,0,15.0115
6.15101,15.036,0,15.036
6.16138,15.0418,0,15.0418
6.17179,15.0559,0,15.0559
6.18222,15.0871,0,15.0871
6.19267,15.0276,0,15.0276
6.20316,15.0867,0,15.0867
6.21366,15.0755,0,15.0755
6.2242,15.0297,0,15.0297
6.23476,15.0202,0,15.0202
6.24534,15.055,0,15.055
6.25596,14.9892,0,14.9892
6.2666,15.051,0,15.051
6.27726,15.0293,0,15.0293
6.28796,15.0379,0,15.0379
6.29868,14.9656,0,14.9656
6.30942,15.007,0,15.007
6.3202,15.0002,0,15.0002
6.331,15.0358,0,15.0358
6.34183,14.9921,0,14.9921
6.35268,15.006,0,15.006
6.36356,15.0134,0,15.0134
6.37447,14.9068,0,14.9068
6.38541,14.9702,0,14.9702
6.39637,15.0001,0,15.0001
6.40736,15.0257,0,15.0257
6.41838,14.9932,0,14.9932
6.42943,14.9982,0,14.9982
6.4405,15.0804,0,15.0804
6.4516,15.0028,0,15.0028
6.46273,14.9415,0,14.9415
6.47389,14.9287,0,14.9287
6.48507,14.9693,0,14.9693
6.49628,14.9413,0,14.9413
6.50752,15.0177,0,15.0177
6.51879,15.054,0,15.054
6.53009,14.9253,0,14.9253
6.54142,14.973,0,14.973
6.55277,14.9737,0,14.9737
6.56415,14.9728,0,14.9728
6.57556,14.992,0,14.992
6.587,14.9737,0,14.9737
6.59847,14.9974,0,14.9974
6.60996,14.9799,0,14.9799
6.62149,14.9197,0,14.9197
6.63304,14.95,0,14.95
6.64463,14.9247,0,14.9247
6.65624,14.9863,0,14.9863
6.66788,14.9882,0,14.9882
6.67955,14.929,0,14.929
6.69125,15.0016,0,15.0016
6.70297,14.9571,0,14.9571
6.71473,14.9441,0,14.9441
6.72652,14.9443,0,14.9443
6.73833,14.9565,0,14.9565
6.75018,14.9751,0,14.9751
6.76206,14.9498,0,14.9498
6.77396,14.9689,0,14.9689
6.7859,14.9651,0,14.9651
6.79786,14.9359,0,14.9359
6.80986,14.939,0,14.939
6.82188,14.9298,0,14.9298
6.83393,14.9202,0,14.9202
6.84602,14.9274,0,14.9274
6.85813,14.9557,0,14.9557
6.87028,14.9244,0,14.9244
6.88246,14.9584,0,14.9584
6.89466,14.9371,0,14.9371
6.9069,14.9327,0,14.9327
6.91917,14.9128,0,14.9128
6.93146,14.9597,0,14.9597
6.94379,14.9627,0,14.9627
6.95615,14.9114,0,14.9114
6.96854,14.9111,0,14.9111
6.98096,14.9251,0,14.9251
6.99342,14.9546,0,14.9546
7.0059,14.9468,0,14.9468
7.01841,14.9389,0,14.9389
7.03096,14.9237,0,14.9237
7.04354,14.9178,0,14.9178
7.05615,14.9314,0,14.9314
7.06879,14.8801,0,14.8801
7.08146,14.8983,0,14.8983
7.09416,14.8826,0,14.8826
7.1069,14.9167,0,14.9167
7.11966,14.9314,0,14.9314
7.13246,14.8816,0,14.8816
7.1453,14.8642,0,14.8642
7.15816,14.8659,0,14.8659
7.17105,14.9026,0,14.9026
7.18398,14.8446,0,14.8446
7.19694,14.8511,0,14.8511
7.20993,14.8662,0,14.8662
7.22296,14.8758,0,14.8758
7.23602,14.8643,0,14.8643
7.24911,14.8884,0,14.8884
7.26223,14.8959,0,14.8959
7.27538,14.9191,0,14.9191
7.28857,14.8574,0,14.8574
7.30179,14.8601,0,14.8601
7.31505,14.8713,0,14.8713
7.32834,14.8555,0,14.8555
7.34166,14.8178,0,14.8178
7.35501,14.8927,0,14.8927
7.3684,14.7911,0,14.7911
7.38182,14.875,0,14.875
7.39527,14.8581,0,14.8581
7.40876,14.8726,0,14.8726
7.42228,14.8333,0,14.8333
7.43584,14.8474,0,14.8474
7.44943,14.8325,0,14.8325
7.46305,14.8893,0,14.8893
7.47671,14.8602,0,14.8602
7.4904,14.7976,0,14.7976
7.50413,14.797,0,14.797
7.51789,14.8445,0,14.8445
7.53168,14.8772,0,14.8772
7.54551,14.9079,0,14.9079
7.55938,14.8278,0,14.8278
7.57328,14.8838,0,14.8838
7.58721,14.8565,0,14.8565
7.60118,14.8513,0,14.8513
7.61518,14.8599,0,14.8599
7.62922,14.8456,0,14.8456
7.64329,14.7913,0,14.7913
7.6574,14.832,0,14.832
7.67154,14.8484,0,14.8484
7.68572,14.814,0,14.814
7.69994,14.798,0,14.798
7.71419,14.7952,0,14.7952
7.72847,14.7737,0,14.7737
7.74279,14.8546,0,14.8546
7.75715,14.8357,0,14.8357
7.77154,14.8121,0,14.8121
7.78597,14.8331,0,14.8331
7.80044,14.8374,0,14.8374
7.81494,14.7666,0,14.7666
7.82947,14.8106,0,14.8106
7.84405,14.8367,0,14.8367
7.85866,14.7448,0,14.7448
7.8733,14.8717,0,14.8717
7.88799,14.7557,0,14.7557
7.90271,14.8152,0,14.8152
7.91746,14.8267,0,14.8267
7.93226,14.7901,0,14.7901
7.94709,14.794,0,14.794
7.96196,14.8149,0,14.8149
7.97686,14.7519,0,14.7519
7.9918,14.7754,0,14.7754
8.00678,14.8116,0,14.8116
8.0218,14.7803,0,14.7803
8.03685,14.8195,0,14.8195
8.05195,14.7794,0,14.7794
8.06708,14.8147,0,14.8147
8.08224,14.8337,0,14.8337
8.09745,14.7463,0,14.7463
8.11269,14.7637,0,14.7637
8.12798,14.8024,0,14.8024
8.14329,14.7949,0,14.7949
8.15865,14.7813,0,14.7813
8.17405,14.7368,0,14.7368
8.18948,14.7292,0,14.7292
8.20496,14.7654,0,14.7654
8.22047,14.7752,0,14.7752
8.23602,14.7762,0,14.7762
8.25161,14.7685,0,14.7685
8.26724,14.713,0,14.713
8.28291,14.7217,0,14.7217
8.29862,14.7887,0,14.7887
8.31436,14.756,0,14.756
8.33015,14.7697,0,14.7697
8.34597,14.7388,0,14.7388
8.36184,14.764,0,14.764
8.37774,14.7539,0,14.7539
8.39369,14.7594,0,14.7594
8.40967,14.7023,0,14.7023
8.4257,14.7786,0,14.7786
8.44176,14.7161,0,14.7161
8.45787,14.7452,0,14.7452
8.47401,14.7575,0,14.7575
8.4902,14.7235,0,14.7235
8.50642,14.7229,0,14.7229
8.52269,14.7093,0,14.7093
8.53899,14.7072,0,14.7072
8.55534,14.7323,0,14.7323
8.57173,14.6794,0,14.6794
8.58816,14.712,0,14.712
8.60463,14.6358,0,14.6358
8.62114,14.7082,0,14.7082
8.63769,14.7253,0,14.7253
8.65429,14.7026,0,14.7026
8.67092,14.7446,0,14.7446
8.6876,14.6829,0,14.6829
8.70432,14.6834,0,14.6834
8.72108,14.7149,0,14.7149
8.73788,14.7119,0,14.7119
8.75473,14.7135,0,14.7135
8.77161,14.6601,0,14.6601
8.78854,14.6962,0,14.6962
8.80552,14.6771,0,14.6771
8.82253,14.6721,0,14.6721
8.83959,14.6896,0,14.6896
8.85668,14.6842,0,14.6842
8.87383,14.663,0,14.663
8.89101,14.702,0,14.702
8.90824,14.7085,0,14.7085
8.92551,14.6787,0,14.6787
8.94282,14.6869,0,14.6869
8.96018,14.6683,0,14.6683
8.97758,14.6928,0,14.6928
8.99502,14.644,0,14.644
9.01251,14.7044,0,14.7044
9.03004,14.6598,0,14.6598
9.04762,14.6654,0,14.6654
9.06524,14.6318,0,14.6318
9.0829,14.6449,0,14.6449
9.10061,14.6551,0,14.6551
9.11836,14.6853,0,14.6853
9.13615,14.6813,0,14.6813
9.15399,14.6686,0,14.6686
9.17188,14.632,0,14.632
9.18981,14.6385,0,14.6385
9.20778,14.6483,0,14.6483
9.2258,14.6093,0,14.6093
9.24387,14.6303,0,14.6303
9.26198,14.6113,0,14.6113
9.28013,14.6212,0,14.6212
9.29833,14.6033,0,14.6033
9.31658,14.6682,0,14.6682
9.33487,14.6262,0,14.6262
9.35321,14.6243,0,14.6243
9.37159,14.6088,0,14.6088
9.39002,14.6233,0,14.6233
9.40849,14.6089,0,14.6089
9.42702,14.6417,0,14.6417
9.44558,14.6096,0,14.6096
9.4642,14.6354,0,14.6354
9.48286,14.6075,0,14.6075
9.50156,14.6344,0,14.6344
9.52032,14.5722,0,14.5722
9.53912,14.6105,0,14.6105
9.55797,14.5965,0,14.5965
9.57686,14.5628,0,14.5628
9.5958,14.5889,0,14.5889
9.61479,14.5272,0,14.5272
9.63383,14.5926,0,14.5926
9.65292,14.5943,0,14.5943
9.67205,14.5734,0,14.5734
9.69123,14.5747,0,14.5747
9.71046,14.5628,0,14.5628
9.72973,14.5273,0,14.5273
9.74906,14.508,0,14.508
9.76843,14.612,0,14.612
9.78785,14.5999,0,14.5999
9.80732,14.5918,0,14.5918
9.82684,14.5485,0,14.5485
9.84641,14.5321,0,14.5321
9.86602,14.5905,0,14.5905
9.88569,14.5767,0,14.5767
9.9054,14.5104,0,14.5104
9.92516,14.5903,0,14.5903
9.94498,14.5392,0,14.5392
9.96484,14.5129,0,14.5129
9.98475,14.5732,0,14.5732
10.0047,14.5368,0,14.5368
10.0247,14.5555,0,14.5555
10.0447,14.5805,0,14.5805
10.0647,14.5129,0,14.5129
10.0847,14.5614,0,14.5614
10.1047,14.5178,0,14.5178
10.1247,14.5227,0,14.5227
10.1447,14.5173,0,14.5173
10.1647,14.5098,0,14.5098
10.1847,14.5145,0,14.5145
10.2047,14.5442,0,14.5442
10.2247,14.5237,0,14.5237
10.2447,14.5011,0,14.5011
10.2647,14.4746,0,14.4746
10.2847,14.4833,0,14.4833
10.3047,14.5119,0,14.5119
10.3247,14.4832,0,14.4832
10.3447,14.5087,0,14.5087
10.3647,14.529,0,14.529
10.3847,14.5047,0,14.5047
10.4047,14.4732,0,14.4732
10.4247,14.4302,0,14.4302
10.4447,14.4975,0,14.4975
10.4647,14.4771,0,14.4771
10.4847,14.4705,0,14.4705
10.5047,14.5048,0,14.5048
10.5247,14.4395,0,14.4395
10.5447,14.4669,0,14.4669
10.5647,14.4987,0,14.4987
10.5847,14.4883,0,14.4883
10.6047,14.4644,0,14.4644
10.6247,14.4286,0,14.4286
10.6447,14.4774,0,14.4774
10.6647,14.5021,0,14.5021
10.6847,14.4304,0,14.4304
10.7047,14.4692,0,14.4692
10.7247,14.4276,0,14.4276
10.7447,14.4072,0,14.4072
10.7647,14.463,0,14.463
10.7847,14.4047,0,14.4047
10.8047,14.4546,0,14.4546
10.8247,14.4769,0,14.4769
10.8447,14.4213,0,14.4213
10.8647,14.46,0,14.46
10.8847,14.4218,0,14.4218
10.9047,14.4341,0,14.4341
10.9247,14.4295,0,14.4295
10.9447,14.423,0,14.423
10.9647,14.4088,0,14.4088
10.9847,14.4402,0,14.4402
11.0047,14.4623,0,14.4623
11.0247,14.3673,0,14.3673
11.0447,14.3954,0,14.3954
11.0647,14.358,0,14.358
11.0847,14.3989,0,14.3989
11.1047,14.3977,0,14.3977
11.1247,14.4372,0,14.4372
11.1447,14.4036,0,14.4036
11.1647,14.3932,0,14.3932
11.1847,14.401,0,14.401
11.2047,14.3613,0,14.3613
11.2247,14.3938,0,14.3938
11.2447,14.4147,0,14.4147
11.2647,14.38,0,14.38
11.2847,14.4056,0,14.4056
11.3047,14.3707,0,14.3707
11.3247,14.3423,0,14.3423
11.3447,14.3794,0,14.3794
11.3647,14.3566,0,14.3566
11.3847,14.3594,0,14.3594
11.4047,14.3576,0,14.3576
11.4247,14.3452,0,14.3452
11.4447,14.3593,0,14.3593
11.4647,14.3527,0,14.3527
11.4847,14.4026,0,14.4026
11.5047,14.3172,0,14.3172
11.5247,14.3353,0,14.3353
11.5447,14.3435,0,14.3435
11.5647,14.3362,0,14.3362
11.5847,14.3435,0,14.3435
11.6047,14.3499,0,14.3499
11.6247,14.3756,0,14.3756
11.6447,14.3618,0,14.3618
11.6647,14.3262,0,14.3262
11.6847,14.3337,0,14.3337
11.7047,14.346,0,14.346
11.7247,14.317,0,14.317
11.7447,14.2795,0,14.2795
11.7647,14.293,0,14.293
11.7847,14.3183,0,14.3183
11.8047,14.2713,0,14.2713
11.8247,14.3132,0,14.3132
11.8447,14.3475,0,14.3475
11.8647,14.3078,0,14.3078
11.8847,14.271,0,14.271
11.9047,14.2705,0,14.2705
11.9247,14.3057,0,14.3057
11.9447,14.3338,0,14.3338
11.9647,14.3244,0,14.3244
11.9847,14.3093,0,14.3093
12.0047,14.273,0,14.273
12.0247,14.257,0,14.257
12.0447,14.2418,0,14.2418
12.0647,14.2699,0,14.2699
12.0847,14.2949,0,14.2949
12.1047,14.2712,0,14.2712
12.1247,14.2423,0,14.2423
12.1447,14.3172,0,14.3172
12.1647,14.2628,0,14.2628
12.1847,14.2612,0,14.2612
12.2047,14.2527,0,14.2527
12.2247,14.2969,0,14.2969
12.2447,14.2401,0,14.2401
12.2647,14.2616,0,14.2616
12.2847,14.2699,0,14.2699
12.3047,14.2413,0,14.2413
12.3247,14.2771,0,14.2771
12.3447,14.2252,0,14.2252
12.3647,14.2416,0,14.2416
12.3847,14.24,0,14.24
12.4047,14.2464,0,14.2464
12.4247,14.2106,0,14.2106
12.4447,14.2351,0,14.2351
12.4647,14.2569,0,14.2569
12.4847,14.2352,0,14.2352
12.5047,14.2342,0,14.2342
12.5247,14.2162,0,14.2162
12.5447,14.1821,0,14.1821
12.5647,14.2286,0,14.2286
12.5847,14.2176,0,14.2176
12.6047,14.2576,0,14.2576
12.6247,14.2598,0,14.2598
12.6447,14.2061,0,14.2061
12.6647,14.2023,0,14.2023
12.6847,14.1733,0,14.1733
12.7047,14.2043,0,14.2043
12.7247,14.2174,0,14.2174
12.7447,14.1725,0,14.1725
12.7647,14.2177,0,14.2177
12.7847,14.1824,0,14.1824
12.8047,14.1379,0,14.1379
12.8247,14.1953,0,14.1953
12.8447,14.1521,0,14.1521
12.8647,14.1929,0,14.1929
12.8847,14.1717,0,14.1717
12.9047,14.179,0,14.179
12.9247,14.1518,0,14.1518
12.9447,14.1792,0,14.1792
12.9647,14.1772,0,14.1772
12.9847,14.226,0,14.226
13.0047,14.1552,0,14.1552
13.0247,14.1683,0,14.1683
13.0447,14.1661,0,14.1661
13.0647,14.13,0,14.13
13.0847,14.1426,0,14.1426
13.1047,14.1228,0,14.1228
13.1247,14.1387,0,14.1387
13.1447,14.0696,0,14.0696
13.1647,14.1146,0,14.1146
13.1847,14.1246,0,14.1246
13.2047,14.1218,0,14.1218
13.2247,14.163,0,14.163
13.2447,14.1618,0,14.1618
13.2647,14.1403,0,14.1403
13.2847,14.1545,0,14.1545
13.3047,14.1504,0,14.1504
13.3247,14.1775,0,14.1775
13.3447,14.1218,0,14.1218
13.3647,14.1238,0,14.1238
13.3847,14.091,0,14.091
13.4047,14.1365,0,14.1365
13.4247,14.0953,0,14.0953
13.4447,14.1213,0,14.1213
13.4647,14.1029,0,14.1029
13.4847,14.0522,0,14.0522
13.5047,14.1131,0,14.1131
13.5247,14.0949,0,14.0949
13.5447,14.0932,0,14.0932
13.5647,14.0956,0,14.0956
13.5847,14.1197,0,14.1197
13.6047,14.0839,0,14.0839
13.6247,14.1175,0,14.1175
13.6447,14.1028,0,14.1028
13.6647,14.1025,0,14.1025
13.6847,14.0975,0,14.0975
13.7047,14.1201,0,14.1201
13.7247,14.0818,0,14.0818
13.7447,14.1131,0,14.1131
13.7647,14.0479,0,14.0479
13.7847,14.0741,0,14.0741
13.8047,14.0586,0,14.0586
13.8247,14.0563,0,14.0563
13.8447,14.0461,0,14.0461
13.8647,14.022,0,14.022
13.8847,14.0449,0,14.0449
13.9047,14.0857,0,14.0857
13.9247,14.0424,0,14.0424
13.9447,14.0361,0,14.0361
13.9647,14.0512,0,14.0512
13.9847,14.0419,0,14.0419
14.0047,14.0488,0,14.0488
14.0247,14.0549,0,14.0549
14.0447,14.0018,0,14.0018
14.0647,14.0408,0,14.0408
14.0847,14.0631,0,14.0631
14.1047,14.0039,0,14.0039
14.1247,14.0748,0,14.0748
14.1447,13.9777,0,13.9777
14.1647,14.0272,0,14.0272
14.1847,14.0284,0,14.0284
14.2047,14.0125,0,14.0125
14.2247,14.0069,0,14.0069
14.2447,14.0196,0,14.0196
14.2647,13.9816,0,13.9816
14.2847,14.0152,0,14.0152
14.3047,13.9922,0,13.9922
14.3247,13.9991,0,13.9991
14.3447,14.0354,0,14.0354
14.3647,14.0618,0,14.0618
14.3847,14.0142,0,14.0142
14.4047,14.0266,0,14.0266
14.4247,13.9665,0,13.9665
14.4447,13.9429,0,13.9429
14.4647,13.9953,0,13.9953
14.4847,13.9727,0,13.9727
14.5047,14.0004,0,14.0004
14.5247,13.9737,0,13.9737
14.5447,13.9985,0,13.9985
14.5647,13.9506,0,13.9506
14.5847,13.9555,0,13.9555
14.6047,13.9866,0,13.9866
14.6247,13.9314,0,13.9314
14.6447,13.9377,0,13.9377
14.6647,13.9728,0,13.9728
14.6847,13.9603,0,13.9603
14.7047,13.9442,0,13.9442
14.7247,13.9661,0,13.9661
14.7447,13.9477,0,13.9477
14.7647,13.9157,0,13.9157
14.7847,13.9181,0,13.9181
14.8047,13.8973,0,13.8973
14.8247,13.8982,0,13.8982
14.8447,13.9192,0,13.9192
14.8647,13.8822,0,13.8822
14.8847,13.9245,0,13.9245
14.9047,13.8485,0,13.8485
14.9247,13.936,0,13.936
14.9447,13.8527,0,13.8527
14.9647,13.8719,0,13.8719
14.9847,13.8601,0,13.8601
15.0047,13.8582,0,13.8582
15.0247,13.78,0,13.78
15.0447,13.8044,0,13.8044
15.0647,13.8026,0,13.8026
15.0847,13.8128,0,13.8128
15.1047,13.7548,0,13.7548
15.1247,13.7178,0,13.7178
15.1447,13.7174,0,13.7174
15.1647,13.6952,0,13.6952
15.1847,13.6073,0,13.6073
15.2047,13.6567,0,13.6567
15.2247,13.5703,0,13.5703
15.2447,13.5414,0,13.5414
15.2647,13.5035,0,13.5035
15.2847,13.4578,0,13.4578
15.3047,13.4092,0,13.4092
15.3247,13.331,0,13.331
15.3447,13.2808,0,13.2808
15.3647,13.209,0,13.209
15.3847,13.1126,0,13.1126
15.4047,13.0841,0,13.0841
15.4247,12.9561,0,12.9561
15.4447,12.8471,0,12.8471
15.4647,12.7814,0,12.7814
15.4847,12.6891,0,12.6891
15.5047,12.5646,0,12.5646
15.5247,12.4468,0,12.4468
15.5447,12.2892,0,12.2892
15.5647,12.1794,0,12.1794
15.5847,12.0558,0,12.0558
15.6047,11.8944,0,11.8944
15.6247,11.7358,0,11.7358
15.6447,11.5413,0,11.5413
15.6647,11.4162,0,11.4162
15.6847,11.2826,0,11.2826
15.7047,11.0324,0,11.0324
15.7247,10.8132,0,10.8132
15.7447,10.6782,0,10.6782
15.7647,10.4548,0,10.4548
15.7847,10.2446,0,10.2446
15.8047,10.0314,0,10.0314
15.8247,9.81166,0,9.81166
15.8447,9.59771,0,9.59771
15.8647,9.3442,0,9.3442
15.8847,9.09936,0,9.09936
15.9047,8.89438,0,8.89438
15.9247,8.63918,0,8.63918
15.9447,8.43662,0,8.43662
15.9647,8.18197,0,8.18197
15.9847,7.9128,0,7.9128
16.0047,7.68291,0,7.68291
16.0247,7.42725,0,7.42725
16.0447,7.15625,0,7.15625
16.0647,6.95091,0,6.95091
16.0847,6.65329,0,6.65329
16.1047,6.44043,0,6.44043
16.1247,6.18935,0,6.18935
16.1447,5.97023,0,5.97023
16.1647,5.70841,0,5.70841
16.1847,5.5052,0,5.5052
16.2047,5.23519,0,5.23519
16.2247,5.0004,0,5.0004
16.2447,4.75226,0,4.75226
16.2647,4.53392,0,4.53392
16.2847,4.33252,0,4.33252
16.3047,4.10611,0,4.10611
16.3247,3.89137,0,3.89137
16.3447,3.68324,0,3.68324
16.3647,3.49753,0,3.49753
16.3847,3.28021,0,3.28021
16.4047,3.11992,0,3.11992
16.4247,2.91416,0,2.91416
16.4447,2.74924,0,2.74924
16.4647,2.57214,0,2.57214
16.4847,2.41194,0,2.41194
16.5047,2.25696,0,2.25696
16.5247,2.10726,0,2.10726
16.5447,1.98834,0,1.98834
16.5647,1.83813,0,1.83813
16.5847,1.70288,0,1.70288
16.6047,1.59489,0,1.59489
16.6247,1.4594,0,1.4594
16.6447,1.36581,0,1.36581
