Time(ns),Ie(fC/ns),Ih(fC/ns),It(fC/ns)
0,124.229,114.031,238.26
0.0001,-340.486,-272.238,-612.724
0.0002,452.367,351.8,804.168
0.0003,-362.191,-283.477,-645.667
0.0004,448.559,353.271,801.83
0.0005,-277.807,-220.939,-498.745
0.0006,20.0911,14.3391,34.4302
0.0007,403.53,326.838,730.368
0.0008,-416.612,-320.863,-737.475
0.0009,212.569,157.898,370.467
0.001,-61.141,-51.0895,-112.23
0.0011,358.143,288.34,646.483
0.0012,-102.788,-102.188,-204.976
0.0013,327.879,270.818,598.697
0.0014,-436.733,-330.476,-767.208
0.0015,-321.369,-262.675,-584.044
0.0016,441.679,346.676,788.355
0.0017,-394.534,-312.45,-706.984
0.0018,144.303,127.53,271.833
0.0019,69.9899,57.674,127.664
0.002,100.586,87.9523,188.538
0.0021,-357.814,-292.972,-650.786
0.0022,433.314,334.457,767.771
0.0023,-356.065,-290.273,-646.338
0.0024,442.216,341.77,783.986
0.0025,-355.083,-285.849,-640.932
0.0026,442.21,345.314,787.524
0.0027,-387.69,-307.792,-695.481
0.0028,461.824,360.978,822.802
0.0029,-375.497,-291.369,-666.866
0.003,441.106,344.906,786.012
0.0031,-383.657,-300.05,-683.707
0.0032,64.0498,40.4513,104.501
0.0033,304.963,241.483,546.446
0.0034,-239.959,-194.665,-434.624
0.0035,189.219,156.555,345.774
0.0036,8.41028,6.09132,14.5016
0.0037,-69.8136,-59.9631,-129.777
0.0038,45.1523,36.7232,81.8755
0.0039,-411.149,-338.53,-749.679
0.004,419.691,331.87,751.561
0.0041,58.4903,56.6808,115.171
0.0042,1.27424,9.69755,10.9718
0.0043,42.5399,41.2541,83.794
0.0044,23.1054,29.4251,52.5305
0.0045,-245.971,-228.057,-474.028
0.0046,290.054,241.398,531.452
0.0047,-134.554,-125.766,-260.32
0.0048,274.221,235.541,509.762
0.0049,-256.01,-221.039,-477.049
0.005,267.723,230.532,498.254
0.0051,286.593,253.774,540.367
0.0052,-366.193,-290.109,-656.302
0.0053,280.566,246.113,526.68
0.0054,183.502,162.75,346.252
0.0055,-338.958,-276.53,-615.489
0.0056,394.641,331.102,725.743
0.0057,-398.623,-297.888,-696.511
0.0058,412.281,337.679,749.96
0.0059,-374.206,-296.711,-670.918
0.006,416.447,332.213,748.66
0.0061,-370.087,-299.118,-669.205
0.0062,442.809,351.565,794.374
0.0063,-377.634,-302.597,-680.231
0.0064,439.493,348.608,788.101
0.0065,-372.73,-295.339,-668.069
0.0066,443.564,342.746,786.31
0.0067,-381.956,-303.718,-685.673
0.0068,450.061,351.941,802.002
0.0069,-368.489,-297.919,-666.408
0.007,342.661,284.014,626.675
0.0071,390.82,305.629,696.45
0.0072,326.653,267.769,594.422
0.0073,-116.253,-106.224,-222.477
0.0074,117.874,97.2364,215.11
0.0075,-14.764,-25.9397,-40.7037
0.0076,75.7145,60.7938,136.508
0.0077,54.5513,38.2871,92.8384
0.0078,-15.2678,-51.5249,-66.7927
0.0079,28.9198,-2.9454,25.9744
0.008,28.9512,8.53193,37.4831
0.0081,10.5494,-5.19223,5.35717
0.0082,21.8218,9.81891,31.6407
0.0083,-0.772318,-8.30829,-9.08061
0.0084,52.9881,42.3633,95.3514
0.0085,-4.84498,-17.098,-21.943
0.0086,125.541,105.823,231.363
0.0087,-48.7819,-62.3628,-111.145
0.0088,124.604,105.477,230.081
0.0089,-38.1071,-44.5206,-82.6278
0.009,122.895,107.01,229.905
0.0091,-26.5404,-37.6786,-64.219
0.0092,123.731,103.691,227.422
0.0093,-25.3872,-39.14,-64.5272
0.0094,129.82,107.956,237.776
0.0095,-24.792,-35.4548,-60.2468
0.0096,138.15,113.318,251.469
0.0097,22.0177,0.153695,22.1714
0.0098,5.67213,-9.97727,-4.30514
0.0099,1.4855,-9.03676,-7.55125
0.01,-1.51792,-14.3686,-15.8865
0.0101,15.7445,2.21136,17.9558
0.0102001,17.1942,2.31301,19.5072
0.0103003,25.0324,11.6289,36.6613
0.0104005,37.9482,21.5546,59.5028
0.0105009,48.2919,30.3733,78.6652
0.0106014,51.2354,34.8411,86.0765
0.0107019,57.5319,37.8943,95.4263
0.0108026,54.1779,38.759,92.9369
0.0109033,55.327,35.757,91.084
0.0110041,60.3362,42.2333,102.57
0.011105,-398.255,-311.273,-709.528
0.011206,-286.263,-234.745,-521.008
0.0113071,204.696,178.618,383.314
0.0114083,6.06736,2.18544,8.2528
0.0115096,118.78,103.234,222.014
0.011611,-14.119,-14.1125,-28.2315
0.0117124,168.812,147.841,316.653
0.011814,-55.4879,-59.5371,-115.025
0.0119156,167.35,149.591,316.941
0.0120174,-1.96656,-13.6425,-15.609
0.0121192,160.031,140.58,300.611
0.0122211,-155.87,-137.078,-292.947
0.0123231,201.74,175.945,377.685
0.0124253,69.0356,51.8199,120.855
0.0125275,15.4117,4.77052,20.1822
0.0126298,13.7209,-4.55901,9.1619
0.0127322,57.2408,41.6477,98.8885
0.0128346,-0.247476,-16.3114,-16.5589
0.0129372,149.77,127.381,277.151
0.0130399,-47.1709,-61.9963,-109.167
0.0131426,166.661,146.363,313.024
0.0132455,-76.1072,-82.5108,-158.618
0.0133485,182.224,151.855,334.08
0.0134515,-62.2061,-71.9032,-134.109
0.0135546,165.804,141.284,307.089
0.0136579,-53.6985,-64.2382,-117.937
0.0137612,360.889,308.132,669.022
0.0138646,341.515,292.33,633.845
0.0139681,248.882,227.071,475.953
0.0140717,-231.43,-206.925,-438.355
0.0141754,-233.587,-203.128,-436.715
0.0142792,234.407,193.518,427.925
0.0143831,-231.184,-204.928,-436.113
0.0144871,246.841,206.65,453.491
0.0145912,-162.876,-161.025,-323.901
0.0146954,138.146,112.049,250.195
0.0147996,-156.581,-164.115,-320.696
0.014904,222.851,189.179,412.029
0.0150084,-228.383,-215.699,-444.082
0.015113,325.461,274.04,599.502
0.0152176,-220.021,-199.261,-419.282
0.0153224,255.875,220.027,475.901
0.0154272,-232.133,-209.177,-441.31
0.0155322,371.198,311.393,682.591
0.0156372,-46.8921,-39.2654,-86.1576
0.0157423,-57.7669,-44.2043,-101.971
0.0158475,-145.985,-105.908,-251.892
0.0159529,-329.986,-275.723,-605.709
0.0160583,-149.154,-113.838,-262.993
0.0161638,-177.33,-144.227,-321.557
0.0162694,231.351,197.974,429.325
0.0163751,-221.604,-189.655,-411.259
0.0164809,143.259,119.031,262.29
0.0165868,-241.28,-210.861,-452.142
0.0166928,422.752,340.515,763.266
0.0167988,-259.907,-230.59,-490.498
0.016905,386.714,313.668,700.382
0.0170113,-245.78,-223.776,-469.556
0.0171177,101.491,76.6631,178.154
0.0172241,-222.542,-199.883,-422.425
0.0173307,452.17,356.288,808.458
0.0174374,-232.888,-207.553,-440.441
0.0175441,445.069,349.728,794.797
0.017651,-229.216,-207.125,-436.341
0.0177579,422.174,334.473,756.647
0.017865,-230.066,-206.704,-436.77
0.0179721,100.561,65.7674,166.329
0.0180794,-107.713,-111.346,-219.06
0.0181867,485.827,376.424,862.251
0.0182942,-227.532,-205.86,-433.392
0.0184017,94.9024,107.494,202.397
0.0185094,340.215,276.891,617.106
0.0186171,294.292,238.087,532.379
0.0187249,-94.4531,-76.8396,-171.293
0.0188329,-29.9997,-24.0475,-54.0472
0.0189409,48.0502,36.3856,84.4358
0.019049,-2.3027,-4.35855,-6.66125
0.0191572,106.179,73.803,179.982
0.0192656,35.5606,12.7599,48.3205
0.019374,133.336,91.6252,224.961
0.0194825,60.1311,34.262,94.3931
0.0195911,130.978,90.8423,221.82
0.0196999,76.9885,49.8427,126.831
0.0198087,136.802,97.647,234.449
0.0199176,83.6909,57.2298,140.921
0.0200266,130.658,94.3363,224.994
0.0201357,102.016,74.6629,176.679
0.0202449,145.911,104.776,250.687
0.0203543,106.338,73.5496,179.888
0.0204637,146.372,106.287,252.659
0.0205732,114.446,79.4738,193.92
0.0206828,156.751,113.436,270.187
0.0207925,126.327,86.4851,212.812
0.0209023,160.107,115.355,275.462
0.0210122,132.355,90.6256,222.98
0.0211222,169.765,123.174,292.939
0.0212323,135.261,92.5513,227.812
0.0213426,173.38,125.023,298.403
0.0214529,140.09,94.5911,234.681
0.0215633,174.207,130.659,304.866
0.0216738,144.799,98.4369,243.236
0.0217844,186.35,135.724,322.074
0.0218951,151.438,108.81,260.249
0.0220059,193.187,145.341,338.528
0.0221168,149.951,101.997,251.948
0.0222279,199.135,147.677,346.812
0.022339,160.521,106.065,266.587
0.0224502,290.532,243.737,534.269
0.0225615,5.67832,10.6355,16.3138
0.0226729,29.889,27.7445,57.6335
0.0227845,275.975,238.844,514.819
0.0228961,-299.478,-253.622,-553.1
0.0230078,235.045,204.91,439.955
0.0231196,-255.315,-228.535,-483.85
0.0232316,288.799,239.141,527.939
0.0233436,-203.176,-194.076,-397.252
0.0234557,21.568,-5.31031,16.2576
0.0235679,335.462,268.637,604.099
0.0236803,-153.673,-152.86,-306.533
0.0237927,31.5037,7.43697,38.9407
0.0239053,383.263,303.049,686.312
0.0240179,-147.498,-148.672,-296.171
0.0241306,116.394,85.8097,202.204
0.0242435,133.757,102.018,235.775
0.0243564,104.107,77.5081,181.615
0.0244695,118.425,83.9632,202.388
0.0245826,131.309,97.1838,228.492
0.0246959,85.1967,48.7513,133.948
0.0248093,221.958,174.858,396.817
0.0249227,-4.20392,-34.8028,-39.0067
0.0250363,278.309,220.064,498.373
0.02515,21.4218,-11.6695,9.7523
0.0252637,185.824,140.736,326.559
0.0253776,115.899,70.2936,186.193
0.0254916,195.115,146.1,341.215
0.0256057,85.1779,38.0169,123.195
0.0257199,261.299,204.404,465.703
0.0258341,57.3408,18.7222,76.0631
0.0259485,240.405,185.667,426.072
0.026063,102.892,55.6399,158.532
0.0261776,-265.569,-228.225,-493.794
0.0262923,-130.985,-123.851,-254.836
0.0264072,-10.6632,-17.1108,-27.774
0.0265221,-49.3687,-55.7676,-105.136
0.0266371,179.006,137.619,316.625
0.0267522,-46.8764,-65.1661,-112.042
0.0268674,192.451,148.823,341.274
0.0269828,51.0553,18.9794,70.0347
0.0270982,191.431,147.865,339.296
0.0272138,77.8704,38.4854,116.356
0.0273294,183.914,139.403,323.317
0.0274452,82.3594,40.6845,123.044
0.027561,184.947,145.745,330.692
0.027677,100.272,51.5949,151.867
0.0277931,175.102,131.568,306.67
0.0279092,114.821,59.5369,174.357
0.0280255,165.501,127.066,292.567
0.0281419,125.174,71.4073,196.581
0.0282584,162.46,123.106,285.565
0.028375,133.833,77.9973,211.83
0.0284917,171.17,129.905,301.075
0.0286085,149.993,86.2311,236.224
0.0287254,180.91,132.126,313.035
0.0288424,150.62,87.8195,238.44
0.0289596,185.343,137.967,323.31
0.0290768,160.021,94.7864,254.807
0.0291942,201.921,154.226,356.147
0.0293116,166.606,97.9908,264.597
0.0294292,210.05,155.826,365.876
0.0295468,170.689,103.045,273.734
0.0296646,208.477,153.584,362.062
0.0297825,189.143,119.507,308.65
0.0299005,228.799,172.381,401.18
0.0300185,183.718,111.35,295.068
0.0301367,237.235,172.965,410.2
0.0302551,180.508,110.579,291.086
0.0303735,248.134,180.744,428.878
0.030492,199.211,124.095,323.306
0.0306106,246.934,177.081,424.015
0.0307294,203.208,125.99,329.198
0.0308482,263.906,192.177,456.084
0.0309672,201.784,121.68,323.464
0.0310862,268.763,199.062,467.825
0.0312054,208.412,129.596,338.008
0.0313247,279.429,200.442,479.87
0.031444,89.5773,56.8303,146.408
0.0315635,34.909,8.17847,43.0874
0.0316831,61.1172,29.4423,90.5595
0.0318029,72.9817,39.3075,112.289
0.0319227,89.0681,54.0204,143.089
0.0320426,95.3032,58.1603,153.463
0.0321626,114.198,76.0493,190.247
0.0322828,135.664,89.9895,225.653
0.032403,152.435,107.603,260.038
0.0325234,147.113,96.0833,243.196
0.0326439,163.183,114.943,278.125
0.0327645,151.814,110.481,262.295
0.0328852,196.687,135.446,332.133
0.033006,156.007,111.744,267.751
0.0331269,208.639,144.178,352.817
0.0332479,146.692,104.428,251.12
0.033369,222.985,153.923,376.908
0.0334903,163.225,113.246,276.471
0.0336116,224.974,155.6,380.575
0.0337331,173.364,117.159,290.523
0.0338547,238.606,161.903,400.51
0.0339764,170.725,115.329,286.055
0.0340982,242.527,166.858,409.385
0.0342201,186.971,129.032,316.003
0.0343421,253.863,174.218,428.081
0.0344642,192.184,133.809,325.993
0.0345865,258.03,179.975,438.005
0.0347088,211.71,141.721,353.431
0.0348313,263.731,182.277,446.008
0.0349539,217.528,146.878,364.406
0.0350765,269.309,188.186,457.495
0.0351993,230.781,161.131,391.912
0.0353222,273.344,191.611,464.955
0.0354453,240.443,159.886,400.329
0.0355684,278.353,191.953,470.306
0.0356916,252.421,174.371,426.792
0.035815,279.172,193.824,472.996
0.0359385,261.694,177.453,439.147
0.036062,283.163,190.468,473.63
0.0361857,262.49,179.899,442.389
0.0363095,294.845,204.235,499.079
0.0364335,278.187,192.633,470.82
0.0365575,302.992,212.762,515.754
0.0366816,287.74,199.37,487.11
0.0368059,303.791,211.526,515.317
0.0369303,295.793,199.96,495.753
0.0370547,304.605,211.435,516.039
0.0371793,301.564,205.063,506.627
0.037304,315.749,217.128,532.877
0.0374289,304.328,208.058,512.385
0.0375538,306.649,208.303,514.951
0.0376789,312.682,216.983,529.665
0.037804,321.616,218.067,539.683
0.0379293,321.103,218.661,539.764
0.0380547,309.816,213.643,523.46
0.0381802,327.701,222.401,550.103
0.0383058,324.213,219.447,543.66
0.0384315,318.945,219.034,537.98
0.0385574,330.785,222.406,553.191
0.0386833,52.1913,38.0159,90.2072
0.0388094,202.092,131.031,333.122
0.0389356,51.5405,43.2922,94.8327
0.0390619,76.9164,55.9497,132.866
0.0391883,84.1779,56.2327,140.411
0.0393149,119.01,79.4768,198.486
0.0394415,143.155,96.8576,240.013
0.0395683,161.723,100.045,261.768
0.0396952,163.339,95.6914,259.03
0.0398222,222.655,144.378,367.033
0.0399493,240.763,159.623,400.386
0.0400765,225.437,144.342,369.778
0.0402038,242.373,161.19,403.563
0.0403313,233.528,155.419,388.948
0.0404589,255.993,174.439,430.433
0.0405866,244.296,163.442,407.738
0.0407144,284.711,194.367,479.078
0.0408423,248.287,163.512,411.799
0.0409703,271.422,181.177,452.6
0.0410985,254.335,164.083,418.418
0.0412268,290.819,196.335,487.154
0.0413551,246.645,158.81,405.455
0.0414836,286.447,191.47,477.917
0.0416123,-12.2368,-25.6586,-37.8954
0.041741,-57.3623,-75.1839,-132.546
0.0418699,-19.7867,-50.4816,-70.2683
0.0419988,69.9281,22.2453,92.1734
0.0421279,55.017,6.84763,61.8646
0.0422571,221.944,149.868,371.812
0.0423865,10.7722,-42.4932,-31.721
0.0425159,236.727,168.67,405.397
0.0426455,115.009,58.3704,173.38
0.0427751,122.587,66.829,189.416
0.0429049,219.914,150.57,370.484
0.0430348,174.616,105.625,280.241
0.0431649,223.586,146.679,370.264
0.043295,174.435,106.062,280.497
0.0434253,230.973,157.002,387.975
0.0435557,204.559,131.468,336.027
0.0436862,244.547,161.047,405.594
0.0438168,188.323,118.815,307.139
0.0439476,266.971,178.879,445.85
0.0440784,215.86,141.014,356.874
0.0442094,251.136,157.737,408.873
0.0443405,236.796,158.287,395.083
0.0444717,292.573,192.189,484.761
0.0446031,233.823,151.701,385.524
0.0447345,272.326,173.132,445.459
0.0448661,248.401,168.546,416.947
0.0449978,293.217,190.064,483.281
0.0451296,69.3964,43.6883,113.085
0.0452615,131.609,83.6656,215.274
0.0453936,162.084,110.913,272.997
0.0455258,194.254,119.493,313.747
0.0456581,200.429,132.576,333.005
0.0457905,241.979,153.207,395.186
0.045923,245.24,163.261,408.501
0.0460557,284.425,187.732,472.157
0.0461885,276.667,183.709,460.376
0.0463214,315.427,209.199,524.626
0.0464544,312.4,210.571,522.971
0.0465875,332.917,232.114,565.031
0.0467208,343.892,237.654,581.546
0.0468542,337.475,238.892,576.367
0.0469877,347.946,239.362,587.308
0.0471213,338.835,235.304,574.138
0.047255,314.885,212.492,527.378
0.0473889,304.338,200.777,505.115
0.0475229,315.052,208.756,523.808
0.047657,339.099,232.631,571.73
0.0477912,332.605,223.39,555.995
0.0479256,323.597,219.663,543.259
0.0480601,340.803,227.921,568.724
0.0481947,366.773,262.937,629.71
0.0483294,338.296,235.614,573.911
0.0484642,310.077,206.406,516.484
0.0485992,355.333,239.101,594.434
0.0487343,383.236,266.229,649.465
0.0488695,360.747,243.112,603.859
0.0490048,338.815,226.967,565.782
0.0491403,371.335,252.75,624.085
0.0492759,372.348,253.495,625.843
0.0494116,375.509,252.457,627.966
0.0495474,391.168,267.851,659.02
0.0496834,376.88,249.775,626.655
0.0498194,384.669,256.348,641.017
0.0499556,384.882,259.138,644.019
0.050092,376.445,253.973,630.418
0.0502284,395.7,266.419,662.12
0.050365,368.675,241.78,610.454
0.0505017,400.773,274.766,675.539
0.0506385,362.084,239.244,601.328
0.0507754,390.652,266.466,657.118
0.0509125,385.854,258.087,643.941
0.0510497,413.188,287.363,700.551
0.051187,346.367,224.536,570.903
0.0513245,390.605,256.249,646.855
0.051462,400.884,267.982,668.867
0.0515997,430.473,298.348,728.822
0.0517375,332.661,207.753,540.414
0.0518755,394.617,257.715,652.332
0.0520136,409.341,271.217,680.558
0.0521518,434.194,295.807,730.001
0.0522901,328.271,202.964,531.235
0.0524285,391.349,256.519,647.869
0.0525671,418.276,272.156,690.431
0.0527058,435.904,305.085,740.989
0.0528446,332.445,196.212,528.657
0.0529836,415.898,274.603,690.5
0.0531226,412.077,273.338,685.415
0.0532618,425.297,287.235,712.532
0.0534012,361.326,221.557,582.883
0.0535406,394.324,253.51,647.833
0.0536802,404.009,263.924,667.933
0.0538199,435.391,296.343,731.734
0.0539597,341.092,205.062,546.154
0.0540997,396.605,266.792,663.397
0.0542398,406.138,266.674,672.811
0.05438,430.327,292.472,722.799
0.0545204,351.093,210.086,561.179
0.0546608,407.848,267.843,675.691
0.0548014,398.825,261.155,659.981
0.0549422,431.275,287.786,719.061
0.055083,358.324,220.794,579.118
0.055224,416.471,276.487,692.958
0.0553651,404.116,256.097,660.213
0.0555064,440.665,288.839,729.505
0.0556477,371.78,227.817,599.597
0.0557892,427.883,284.562,712.445
0.0559309,383.704,240.78,624.484
0.0560726,435.064,284.09,719.154
0.0562145,383.654,243.128,626.782
0.0563565,236.38,153.585,389.966
0.0564987,286.136,186.13,472.266
0.0566409,308.944,201.657,510.601
0.0567833,339.519,220.781,560.3
0.0569259,350.744,229.533,580.277
0.0570685,360.299,233.458,593.757
0.0572113,350.628,227.466,578.094
0.0573542,363.8,234.26,598.06
0.0574973,355.099,223.245,578.343
0.0576405,387.009,251.024,638.033
0.0577838,357.314,222.382,579.697
0.0579272,397.005,260.727,657.731
0.0580708,328.329,200.391,528.72
0.0582145,407.294,268.141,675.436
0.0583583,338.48,207.407,545.886
0.0585023,406.617,261.882,668.499
0.0586464,354.471,216.591,571.062
0.0587906,393.861,257.042,650.903
0.0589349,360.809,222.838,583.647
0.0590794,397.97,256.861,654.832
0.059224,372.873,232.695,605.568
0.0593688,396.827,261.125,657.952
0.0595137,375.066,231.541,606.607
0.0596587,390.937,254.044,644.981
0.0598038,389.958,243.216,633.174
0.0599491,385.095,244.12,629.215
0.0600945,394.196,251.379,645.575
0.0602401,398.963,255.053,654.015
0.0603857,393.602,243.251,636.853
0.0605315,394.859,256.811,651.67
0.0606775,401.678,249.805,651.483
0.0608235,401.16,255.743,656.903
0.0609697,399.105,252.568,651.673
0.0611161,401.782,255.403,657.186
0.0612625,411.928,254.411,666.339
0.0614092,411.786,256.905,668.691
0.0615559,419.493,267.833,687.325
0.0617028,412.51,258.693,671.203
0.0618498,416.44,259.764,676.204
0.0619969,414.999,266.174,681.173
0.0621442,410.455,255.888,666.344
0.0622916,411.325,265.076,676.401
0.0624391,428.899,275.073,703.972
0.0625868,412.355,261.438,673.792
0.0627346,428.542,272.676,701.218
0.0628825,411.829,258.498,670.327
0.0630306,433.469,268.945,702.414
0.0631788,414.575,264.167,678.742
0.0633272,436.176,272.046,708.222
0.0634756,425.565,268.679,694.244
0.0636242,428.473,273.365,701.838
0.063773,419.18,263.052,682.231
0.0639219,434.532,272.982,707.514
0.0640709,427.466,265.637,693.102
0.0642201,431.094,269.865,700.959
0.0643693,428.673,268.434,697.108
0.0645188,445.49,277.45,722.94
0.0646683,423.56,266.45,690.009
0.064818,441.678,272.153,713.832
0.0649679,432.893,266.482,699.375
0.0651178,434.878,269.344,704.222
0.0652679,434.014,267.875,701.889
0.0654182,438.112,270.3,708.411
0.0655686,436.751,273.481,710.232
0.0657191,440.82,274.134,714.955
0.0658697,434.145,273.362,707.507
0.0660205,439.992,276.005,715.997
0.0661715,439.672,274.606,714.278
0.0663225,241.332,161.828,403.16
0.0664737,234.513,148.57,383.083
0.0666251,150.799,69.7596,220.558
0.0667765,263.092,163.667,426.758
0.0669282,237.076,137.476,374.552
0.0670799,245.344,154.688,400.031
0.0672318,338.24,234.681,572.921
0.0673838,325.112,212.708,537.82
0.067536,330.236,213.447,543.683
0.0676883,351.798,218.449,570.247
0.0678407,355.822,225.576,581.398
0.0679933,364.374,223.345,587.718
0.0681461,361.233,223.328,584.561
0.0682989,373.503,227.353,600.856
0.0684519,384.546,231.036,615.582
0.068605,380.433,229.2,609.633
0.0687583,383.839,234.01,617.849
0.0689117,391.291,241.666,632.957
0.0690653,395.561,239.989,635.55
0.069219,404.693,247.361,652.054
0.0693728,407.648,245.125,652.773
0.0695268,406.704,254.556,661.26
0.0696809,419.296,254.44,673.736
0.0698352,404.179,250.719,654.898
0.0699896,427.255,263.021,690.276
0.0701441,409.826,260.951,670.776
0.0702988,427.44,254.179,681.619
0.0704536,409.86,263.025,672.885
0.0706086,430.564,261.049,691.612
0.0707637,425.786,265.749,691.535
0.0709189,432.753,265.633,698.386
0.0710743,427.479,268.885,696.364
0.0712298,436.081,269.336,705.418
0.0713855,428.367,271.404,699.771
0.0715413,442.127,269.408,711.534
0.0716972,437.288,273.089,710.377
0.0718533,440.018,267.911,707.929
0.0720095,443.772,279.791,723.563
0.0721659,439.224,271.515,710.739
0.0723224,440.805,274.288,715.093
0.0724791,444.596,272.869,717.465
0.0726359,452.19,278.509,730.699
0.0727928,448.126,271.511,719.637
0.0729499,450.665,279.606,730.271
0.0731071,448.601,271.461,720.063
0.0732645,446.952,277.313,724.265
0.073422,443.814,272.056,715.87
0.0735797,455.858,279.121,734.979
0.0737375,448.711,278.588,727.299
0.0738954,456.477,286.124,742.6
0.0740535,462.048,281.031,743.079
0.0742117,467.94,290.228,758.168
0.0743701,461.319,281.579,742.898
0.0745286,455.288,282.587,737.876
0.0746873,462.619,284.002,746.622
0.0748461,458.095,287.97,746.064
0.075005,464.485,280.738,745.223
0.0751641,463.18,289.101,752.281
0.0753234,470.455,288.355,758.811
0.0754828,-71.5425,-119.321,-190.863
0.0756423,6.60845,-75.1808,-68.5724
0.075802,113.054,10.3374,123.391
0.0759618,452.005,285.597,737.602
0.0761218,535.878,370.399,906.277
0.0762819,242.938,92.1524,335.091
0.0764421,650.928,457.008,1107.94
0.0766025,250.639,103.166,353.805
0.0767631,669.771,472.012,1141.78
0.0769238,224.946,78.5313,303.478
0.0770846,677.149,478.607,1155.76
0.0772456,241.09,96.9429,338.033
0.0774067,666.403,472.909,1139.31
0.077568,170.333,40.8397,211.173
0.0777294,672.593,479.34,1151.93
0.077891,513.864,337.651,851.514
0.0780527,125.534,10.4039,135.938
0.0782146,687.239,487.618,1174.86
0.0783766,588.081,405.805,993.886
0.0785388,101.373,0.0402184,101.413
0.0787011,662.118,462.296,1124.41
0.0788635,409.764,231.648,641.412
0.0790261,564.589,384.786,949.374
0.0791889,156.606,35.3529,191.959
0.0793518,655.745,457.1,1112.84
0.0795148,474.221,294.4,768.621
0.079678,434.915,260.269,695.184
0.0798414,534.849,348.836,883.684
0.0800049,186.501,50.7827,237.284
0.0801685,624.059,427.679,1051.74
0.0803323,446.264,264.329,710.593
0.0804962,562.408,367.137,929.545
0.0806603,242.306,88.544,330.85
0.0808245,615.209,423.141,1038.35
0.0809889,286.459,178.182,464.641
0.0811535,342.177,216.774,558.951
0.0813182,373.714,233.209,606.924
0.081483,395.507,244.576,640.082
0.081648,407.667,252.578,660.245
0.0818131,406.919,247.744,654.663
0.0819784,430.286,259.11,689.396
0.0821438,434.82,263.977,698.797
0.0823094,447.125,266.613,713.738
0.0824751,457.586,276.501,734.087
0.082641,463.491,278.549,742.04
0.0828071,448.686,270.456,719.142
0.0829733,477.415,284.176,761.591
0.0831396,443.413,269.72,713.133
0.0833061,474.092,286.549,760.641
0.0834727,450.862,264.317,715.179
0.0836395,471.978,286.802,758.78
0.0838065,452.951,271.788,724.74
0.0839736,466.786,280.624,747.41
0.0841408,453.148,270.469,723.617
0.0843082,475.057,284.392,759.449
0.0844758,458.788,279.047,737.835
0.0846435,471.75,291.159,762.909
0.0848113,470.716,282.982,753.698
0.0849793,474.411,291.98,766.391
0.0851475,473.39,285.664,759.054
0.0853158,474.293,292.706,766.999
0.0854843,471.572,285.697,757.269
0.0856529,475.596,288.629,764.224
0.0858217,470.728,285.955,756.682
0.0859906,483.801,291.312,775.114
0.0861597,122.183,49.7793,171.962
0.0863289,185.049,80.2222,265.272
0.0864983,235.55,104.403,339.953
0.0866679,312.743,158.326,471.069
0.0868376,404.903,236.972,641.875
0.0870074,418.353,245.494,663.848
0.0871774,447.886,273.051,720.937
0.0873476,440.861,254.065,694.926
0.0875179,470.944,287.031,757.975
0.0876884,450.544,265.578,716.121
0.087859,471.674,286.732,758.406
0.0880298,450.279,267.571,717.85
0.0882007,466.423,281.098,747.521
0.0883718,464.527,277.921,742.448
0.0885431,473.888,284.195,758.082
0.0887145,459.059,271.764,730.824
0.088886,448.388,265.845,714.234
0.0890577,464.699,268.345,733.044
0.0892296,450.671,265.83,716.502
0.0894016,459.582,275.267,734.849
0.0895738,453.177,269.644,722.821
0.0897462,459.143,271.108,730.251
0.0899186,456.029,270.011,726.04
0.0900913,479.582,279.507,759.089
0.0902641,456.253,270.199,726.452
0.0904371,473.885,280.266,754.151
0.0906102,465.885,280.346,746.231
0.0907835,487.763,289.858,777.62
0.0909569,462.976,276.044,739.02
0.0911305,486.092,286.944,773.036
0.0913043,467.692,276.335,744.027
0.0914782,483.934,289.632,773.565
0.0916523,475.223,284.607,759.831
0.0918265,485.272,290.136,775.408
0.0920009,483.029,278.765,761.793
0.0921754,493.36,288.939,782.299
0.0923501,417.365,306.297,723.662
0.092525,428.834,295.594,724.428
0.0927,421.941,285.531,707.471
0.0928752,409.809,263.642,673.451
0.0930505,389.416,239.956,629.372
0.093226,390.779,236.267,627.046
0.0934017,373.044,215.009,588.053
0.0935775,403.913,244.17,648.083
0.0937535,405.112,235.66,640.772
0.0939296,421.398,246.085,667.484
0.0941059,413.81,236.961,650.772
0.0942824,426.252,247,673.252
0.094459,435.973,256.49,692.463
0.0946358,432.945,249.55,682.496
0.0948127,449.582,264.766,714.349
0.0949898,429.446,254.955,684.401
0.0951671,451.533,265.59,717.122
0.0953445,433.441,251.66,685.101
0.0955221,438.579,259.07,697.649
0.0956999,445.262,263.997,709.259
0.0958778,441.726,257.388,699.114
0.0960558,454.112,271.012,725.124
0.0962341,455.787,263.297,719.083
0.0964125,462.577,271.86,734.437
0.096591,-125.938,-127.564,-253.502
0.0967697,-35.7592,-87.7509,-123.51
0.0969486,641.323,451.204,1092.53
0.0971277,5.88772,-70.3604,-64.4726
0.0973069,720.959,499.949,1220.91
0.0974862,54.7015,-47.0641,7.63739
0.0976658,750.135,512.731,1262.87
0.0978455,99.1345,-20.7033,78.4312
0.0980253,765.404,518.902,1284.31
0.0982054,118.626,-3.77747,114.849
0.0983855,760.436,525.312,1285.75
0.0985659,125.651,-1.93179,123.719
0.0987464,776.457,527.421,1303.88
0.0989271,109.332,-11.1275,98.2044
0.0991079,775.769,527.662,1303.43
0.0992889,120.744,-0.866085,119.878
0.0994701,776.878,531.594,1308.47
0.0996514,127.258,-2.00848,125.25
0.099833,779.602,529.39,1308.99
0.100015,130.485,7.11166,137.596
0.100196,778.927,532.421,1311.35
0.100378,133.26,4.56324,137.823
0.100561,788.083,541.187,1329.27
0.100743,148.23,14.0602,162.29
0.100925,788.263,540.318,1328.58
0.101108,144.059,11.861,155.92
0.101291,791.964,541.271,1333.24
0.101474,155.719,22.8364,178.555
0.101657,810.163,550.006,1360.17
0.10184,154.676,17.8157,172.491
0.102024,824.998,555.414,1380.41
0.102208,158.018,19.1067,177.125
0.102391,826.709,561.605,1388.31
0.102575,166.257,23.6889,189.946
0.10276,824.107,557.913,1382.02
0.102944,176.807,24.92,201.727
0.103128,826.149,556.85,1383
0.103313,178.218,34.3685,212.587
0.103498,838.276,560.333,1398.61
0.103683,241.718,147.172,388.89
0.103868,278.122,156.138,434.259
0.104053,289.313,172.958,462.27
0.104239,311.458,180.469,491.927
0.104425,327.8,185.36,513.16
0.10461,329.431,189.292,518.723
0.104796,356.418,202.202,558.62
0.104983,375.165,210.112,585.277
0.105169,384.654,222.465,607.119
0.105355,401.476,224.624,626.101
0.105542,430.453,242.565,673.018
0.105729,422.886,239.738,662.624
0.105916,437.073,251.081,688.153
0.106103,429.807,234.999,664.806
0.106291,478.226,277.844,756.07
0.106478,433.652,246.371,680.023
0.106666,473.449,277.989,751.438
0.106854,441.627,256.065,697.691
0.107042,474.188,280.347,754.535
0.10723,430.896,248.441,679.337
0.107418,526.43,303.115,829.545
0.107607,443.28,254.924,698.203
0.107796,504.916,298.909,803.824
0.107985,453.596,263.979,717.574
0.108174,518.819,297.331,816.15
0.108363,470.166,271.938,742.103
0.108552,207.866,132.375,340.241
0.108742,254.263,152.736,406.999
0.108932,259.859,138.64,398.498
0.109122,294.601,167.616,462.216
0.109312,318.296,183.929,502.225
0.109502,346.267,200.036,546.303
0.109692,365.663,215.342,581.005
0.109883,395.457,233.469,628.926
0.110074,407.452,239.877,647.329
0.110265,431.586,251.249,682.834
0.110456,429.966,245.3,675.265
0.110647,448.787,258.478,707.265
0.110839,438.607,251.779,690.386
0.11103,447.81,260.902,708.711
0.111222,444.281,255.55,699.831
0.111414,446.06,255.949,702.009
0.111607,459.815,260.901,720.717
0.111799,464.019,269.004,733.023
0.111991,463.017,264.343,727.361
0.112184,467.23,273.793,741.023
0.112377,470.351,266.107,736.459
0.11257,483.028,275.836,758.864
0.112763,476.348,272.433,748.781
0.112957,490.802,284.842,775.644
0.11315,484.442,277.467,761.909
0.113344,498.521,290.387,788.907
0.113538,485.3,276.432,761.732
0.113732,496.165,287.909,784.074
0.113927,487.28,283.959,771.239
0.114121,505.003,290.158,795.161
0.114316,499.361,283.617,782.977
0.11451,511.647,295.103,806.75
0.114706,507.277,289.162,796.439
0.114901,517.995,297.883,815.878
0.115096,493.988,277.329,771.317
0.115292,508.854,295.348,804.202
0.115487,530.071,308.924,838.995
0.115683,522.545,298.782,821.327
0.115879,523.542,300.095,823.637
0.116076,517.005,292.803,809.808
0.116272,512.515,286.576,799.091
0.116469,316.202,200.106,516.308
0.116665,316.173,202.049,518.223
0.116862,353.813,215.681,569.494
0.117059,372.018,226.861,598.879
0.117257,403.809,245.879,649.688
0.117454,429.573,250.65,680.223
0.117652,453.699,264.155,717.854
0.11785,464.198,262.972,727.169
0.118048,481.378,279.215,760.594
0.118246,472.706,273.689,746.395
0.118445,488.139,280.854,768.993
0.118643,489.454,282.307,771.761
0.118842,491.877,281.493,773.37
0.119041,497.526,289.032,786.559
0.11924,478.06,277.201,755.261
0.119439,501.418,287.576,788.994
0.119639,485.4,283.213,768.613
0.119838,502.622,285.998,788.62
0.120038,493.127,279.439,772.566
0.120238,506.223,284.743,790.967
0.120439,484.997,279.972,764.969
0.120639,494.501,282.692,777.193
0.12084,495.838,284.362,780.2
0.12104,498.432,285.389,783.821
0.121241,496.6,283.005,779.605
0.121442,412.221,298.906,711.126
0.121644,57.7653,-25.6019,32.1634
0.121845,434.264,296.5,730.764
0.122047,110.858,-5.25154,105.606
0.122249,605.693,420.861,1026.55
0.122451,126.553,-5.45005,121.103
0.122653,551.717,360.425,912.142
0.122855,159.332,14.5549,173.886
0.123058,740.208,501.883,1242.09
0.123261,179.127,16.0878,195.215
0.123464,534.644,322.436,857.08
0.123667,191.331,29.3244,220.655
0.12387,799.731,536.459,1336.19
0.124074,196.914,30.6043,227.518
0.124277,746.935,502.071,1249.01
0.124481,183.476,18.9083,202.384
0.124685,611.997,389.321,1001.32
0.12489,194.488,25.9994,220.487
0.125094,811.246,548.703,1359.95
0.125299,215.129,33.7581,248.887
0.125504,697.15,456.087,1153.24
0.125709,212.84,48.8063,261.646
0.125914,800.283,536.309,1336.59
0.126119,207.971,34.9674,242.939
0.126325,489.511,264.784,754.295
0.12653,682.56,440.413,1122.97
0.126736,245.841,56.4643,302.306
0.126942,829.517,550.284,1379.8
0.127149,241.07,53.9217,294.992
0.127355,593.857,368.839,962.696
0.127562,242.348,56.2847,298.632
0.127769,838.548,559.958,1398.51
0.127976,265.983,71.8771,337.86
0.128183,833.534,552.956,1386.49
0.128391,274.193,69.0117,343.204
0.128598,558.549,319.119,877.668
0.128806,337.481,123.029,460.51
0.129014,863.651,564.699,1428.35
0.129222,290.566,78.5489,369.115
0.129431,848.744,563.926,1412.67
0.129639,278.658,72.9786,351.636
0.129848,580.876,331.37,912.246
0.130057,335.327,120.325,455.652
0.130266,870.028,573.806,1443.83
0.130475,301.673,88.0738,389.746
0.130685,852.522,563.685,1416.21
0.130895,288.451,82.0881,370.539
0.131105,542.001,364.33,906.33
0.131315,498.122,321.399,819.521
0.131525,450.241,271.529,721.77
0.131735,463.571,269.106,732.677
0.131946,468.468,263.737,732.205
0.132157,482.404,269.512,751.917
0.132368,474.735,265.057,739.793
0.132579,505.787,286.818,792.605
0.132791,488.043,269.132,757.175
0.133002,542.66,311.173,853.833
0.133214,469.662,237.701,707.363
0.133426,615.842,375.265,991.108
0.133638,444.652,224.736,669.388
0.133851,606.001,358.494,964.495
0.134063,458.727,233.753,692.481
0.134276,603.101,354.545,957.646
0.134489,459.233,229.564,688.797
0.134702,261.825,154.283,416.108
0.134916,342.589,201.034,543.623
0.135129,335.698,206.623,542.321
0.135343,358.134,210.276,568.41
0.135557,391.641,236.324,627.965
0.135771,417.72,239.296,657.015
0.135985,457.874,263.772,721.647
0.1362,480.965,271.959,752.924
0.136415,491.11,278.993,770.103
0.13663,514.329,287.181,801.51
0.136845,510.609,290.319,800.928
0.13706,544.194,311.382,855.576
0.137275,530.801,295.299,826.1
0.137491,536.456,308.077,844.533
0.137707,535.006,298.771,833.777
0.137923,537.082,307.709,844.791
0.138139,524.885,302.518,827.402
0.138356,537.092,309.506,846.597
0.138573,538.069,306.094,844.164
0.13879,542.359,309.012,851.371
0.139007,533.058,304.976,838.034
0.139224,541.468,310.471,851.94
0.139441,542.067,307.029,849.096
0.139659,554.9,317.145,872.045
0.139877,550.351,314.975,865.326
0.140095,557.351,318.743,876.094
0.140313,553.837,313.148,866.985
0.140532,572.683,323.208,895.891
0.14075,547.908,318.753,866.661
0.140969,567.309,321.943,889.253
0.141188,557.545,318.626,876.17
0.141408,573.452,323.441,896.893
0.141627,561.104,322.449,883.553
0.141847,575.165,326.581,901.745
0.142067,555.454,317.174,872.627
0.142287,574.766,321.037,895.803
0.142507,562.529,323.127,885.657
0.142727,576.597,325.59,902.187
0.142948,571.881,325.874,897.755
0.143169,579.313,323.306,902.619
0.14339,578.517,328.477,906.995
0.143611,583.23,327.375,910.606
0.143833,577.801,324.23,902.031
0.144054,576.162,325.174,901.336
0.144276,582.381,327.965,910.346
0.144498,579.52,323.833,903.353
0.144721,584.017,327.536,911.552
0.144943,590.44,328.747,919.187
0.145166,581.564,327.111,908.675
0.145389,588.364,325.667,914.031
0.145612,585.044,332.56,917.604
0.145835,583.293,329.443,912.737
0.146058,585.352,327.517,912.869
0.146282,587.522,324.719,912.241
0.146506,586.871,329.351,916.222
0.14673,581.624,323.399,905.023
0.146954,590.305,326.114,916.42
0.147179,582.961,320.047,903.008
0.147404,585.18,330.083,915.262
0.147629,588.205,327.044,915.249
0.147854,588.215,330.756,918.971
0.148079,585.878,321.047,906.925
0.148304,598.312,328.492,926.804
0.14853,585.55,323.54,909.089
0.148756,593.223,328.23,921.453
0.148982,581.035,319.776,900.81
0.149209,582.967,325.84,908.807
0.149435,585.629,320.221,905.85
0.149662,586.56,322.919,909.479
0.149889,589.295,324.168,913.463
0.150116,583.358,324.576,907.934
0.150343,585.282,324.26,909.542
0.150571,590.409,328.68,919.089
0.150799,582.338,319.996,902.334
0.151027,593.231,328.087,921.318
0.151255,584.058,321.033,905.091
0.151483,597.12,325.787,922.908
0.151712,597.481,320.16,917.641
0.151941,584.735,325.492,910.227
0.15217,-16.0241,-94.8465,-110.871
0.152399,35.32,-67.2621,-31.942
0.152629,107.902,-26.2226,81.6795
0.152858,170.237,8.37829,178.616
0.153088,235.415,53.0555,288.47
0.153318,319.087,120.472,439.559
0.153549,428.784,202.653,631.437
0.153779,506.442,264.118,770.56
0.15401,561.136,315.794,876.93
0.154241,486.766,242.458,729.224
0.154472,594.369,342.261,936.63
0.154703,526.918,267.07,793.988
0.154935,579,328.174,907.174
0.155166,522.756,269.213,791.969
0.155398,567.109,322.41,889.518
0.155631,547.223,280.182,827.405
0.155863,574.43,318.215,892.645
0.156096,551.932,290.694,842.626
0.156328,565.583,313.983,879.566
0.156561,557.81,298.282,856.091
0.156795,570.14,317.921,888.061
0.157028,553.309,296.806,850.115
0.157262,568.602,317.117,885.72
0.157496,554.887,295.957,850.845
0.15773,576.188,320.663,896.851
0.157964,561.93,297.505,859.435
0.158199,568.828,314.474,883.302
0.158433,556.312,297.618,853.929
0.158668,587.065,321.962,909.027
0.158903,559.878,295.426,855.305
0.159139,580.572,321.369,901.941
0.159374,568.645,299.645,868.29
0.15961,574.258,311.87,886.128
0.159846,566.743,300.481,867.224
0.160082,580.83,315.193,896.023
0.160319,560.349,302.741,863.091
0.160555,589.652,326.356,916.008
0.160792,557.779,297.599,855.378
0.161029,584.101,318.971,903.071
0.161267,559.872,298.468,858.339
0.161504,588.025,321.558,909.583
0.161742,572.467,304.612,877.079
0.16198,586.684,316.207,902.89
0.162218,570.351,304.129,874.48
0.162456,584.684,314.998,899.681
0.162695,575.19,310.545,885.736
0.162934,593.094,313.187,906.281
0.163173,578.795,310.843,889.638
0.163412,578.294,314.05,892.344
0.163652,565.623,303.471,869.094
0.163891,588.689,318.064,906.753
0.164131,573.318,308.896,882.214
0.164371,585.819,313.629,899.448
0.164612,574.136,301.789,875.925
0.164852,590.283,316.844,907.127
0.165093,567.187,304.789,871.976
0.165334,587.288,315.641,902.929
0.165575,574.09,306.439,880.529
0.165817,583.061,316.873,899.934
0.166058,566.614,307.922,874.536
0.1663,588.19,314.292,902.482
0.166542,582.362,309.212,891.574
0.166785,579.707,315.132,894.839
0.167027,578.912,306.75,885.661
0.16727,573.84,313.593,887.432
0.167513,580.47,306.158,886.628
0.167756,583.426,309.593,893.019
0.167999,576.099,310.218,886.316
0.168243,585.224,310.05,895.274
0.168487,606.052,455.909,1061.96
0.168731,620.119,461.909,1082.03
0.168975,608.307,428.199,1036.51
0.16922,220.156,64.1751,284.331
0.169465,661.77,456.896,1118.67
0.16971,271.395,81.173,352.568
0.169955,701.962,473.126,1175.09
0.1702,305.573,100.506,406.079
0.170446,740.391,487.053,1227.44
0.170692,341.433,113.952,455.385
0.170938,752.166,495.291,1247.46
0.171184,356.956,123.586,480.542
0.171431,755.571,492.522,1248.09
0.171677,333.849,100.266,434.115
0.171924,771.101,501.447,1272.55
0.172171,400.1,151.585,551.685
0.172419,782.793,502.801,1285.59
0.172667,280.05,58.9831,339.033
0.172914,776.448,498.686,1275.13
0.173163,609.66,336.633,946.293
0.173411,431.523,173.421,604.944
0.173659,785.799,500.701,1286.5
0.173908,294.212,67.5316,361.743
0.174157,794.766,505.883,1300.65
0.174406,660.328,390.846,1051.17
0.174656,317.978,81.1362,399.115
0.174906,792.523,499.085,1291.61
0.175156,607.985,327.737,935.722
0.175406,503.007,228.206,731.213
0.175656,772.627,486.634,1259.26
0.175907,292.332,64.599,356.931
0.176157,781.503,490.267,1271.77
0.176408,662.565,379.452,1042.02
0.17666,367.889,119.073,486.962
0.176911,763.362,472.778,1236.14
0.177163,541.42,262.573,803.993
0.177415,727.954,440.448,1168.4
0.177667,341.939,92.2171,434.156
0.17792,750.046,464.824,1214.87
0.178172,601.367,323.312,924.679
0.178425,596.62,312.363,908.983
0.178678,619.692,337.584,957.276
0.178932,506.865,228.44,735.306
0.179185,764.647,474.968,1239.62
0.179439,346.069,98.0106,444.08
0.179693,768.803,475.537,1244.34
0.179947,638.84,355.504,994.345
0.180202,421.382,157.577,578.959
0.180457,732.695,447.994,1180.69
0.180711,514.579,233.362,747.941
0.180967,715.02,430.577,1145.6
0.181222,383.519,128.431,511.95
0.181478,730.509,448.418,1178.93
0.181734,584.978,300.372,885.35
0.18199,610.334,324.104,934.438
0.182246,541.854,260.018,801.872
0.182503,715.092,424.258,1139.35
0.18276,361.364,107.165,468.529
0.183017,737.85,456.046,1193.9
0.183274,584.553,305.393,889.947
0.183531,556.399,274.951,831.349
0.183789,676.92,392.549,1069.47
0.184047,405.629,138.476,544.105
0.184305,726.059,440.422,1166.48
0.184564,526.894,250.819,777.713
0.184822,682.1,402.434,1084.53
0.185081,409.213,147.469,556.682
0.185341,709.193,430.583,1139.78
0.1856,535.578,254.265,789.843
0.18586,676.679,389.507,1066.19
0.186119,413.013,148.176,561.189
0.18638,709.505,427.199,1136.7
0.18664,521.957,244.115,766.072
0.186901,677.098,389.203,1066.3
0.187161,432.02,159.926,591.945
0.187422,708.159,420.099,1128.26
0.187684,492.285,225.901,718.186
0.187945,-56.246,-96.3337,-152.58
0.188207,2.64393,-76.7565,-74.1126
0.188469,747.951,506.765,1254.72
0.188731,56.8896,-46.9551,9.93456
0.188994,801.059,532.649,1333.71
0.189256,98.7887,-26.5576,72.2311
0.189519,840.214,542.829,1383.04
0.189783,141.07,-12.0901,128.98
0.190046,873.805,556.992,1430.8
0.19031,164.21,-1.58342,162.627
0.190574,884.9,557.684,1442.58
0.190838,182.011,2.71419,184.726
0.191102,900.525,568.609,1469.13
0.191367,189.507,3.58249,193.09
0.191632,905.713,570.518,1476.23
0.191897,193.903,7.59294,201.496
0.192162,908.681,571.506,1480.19
0.192428,195.396,9.03017,204.426
0.192694,920.1,574.592,1494.69
0.19296,203.2,8.62088,211.821
0.193226,916.647,572.029,1488.68
0.193493,210.018,12.9582,222.976
0.193759,905.257,570.207,1475.46
0.194026,212.37,12.5732,224.944
0.194294,907.986,574.061,1482.05
0.194561,220.322,14.1579,234.48
0.194829,913.091,570.159,1483.25
0.195097,223.78,19.0307,242.81
0.195365,915.272,576.093,1491.37
0.195634,224.675,22.3159,246.991
0.195903,911.982,573.251,1485.23
0.196172,229.81,18.8523,248.662
0.196441,909.604,574.033,1483.64
0.19671,220.604,17.0436,237.647
0.19698,915.239,576.19,1491.43
0.19725,230.922,20.8294,251.751
0.19752,909.816,578.32,1488.14
0.197791,227.146,19.4133,246.559
0.198062,911.545,572.873,1484.42
0.198333,234.258,21.9357,256.193
0.198604,911.598,573.315,1484.91
0.198875,233.646,22.7003,256.346
0.199147,909.913,570.878,1480.79
0.199419,239.607,21.9503,261.558
0.199691,911.903,572.653,1484.56
0.199964,240.209,22.862,263.071
0.200236,909.023,573.441,1482.46
0.200509,240.762,21.098,261.86
0.200782,904.14,573.261,1477.4
0.201056,243.912,29.1369,273.049
0.201329,904.671,567.771,1472.44
0.201603,240.621,21.7405,262.362
0.201878,893.027,568.926,1461.95
0.202152,246.267,26.1527,272.419
0.202427,897.907,566.462,1464.37
0.202702,243.719,28.4447,272.164
0.202977,893.441,563.686,1457.13
0.203252,250.692,24.9197,275.612
0.203528,492.388,334.863,827.251
0.203804,534.915,352.154,887.068
0.20408,544.053,352.601,896.654
0.204356,555.101,345.731,900.832
0.204633,555.375,340.726,896.101
0.20491,555.411,322.829,878.24
0.205187,568.404,325.072,893.476
0.205465,557.789,307.43,865.22
0.205742,557.258,305.358,862.616
0.20602,523.44,277.815,801.255
0.206299,549.483,294.558,844.041
0.206577,501.336,254.916,756.251
0.206856,564.432,298.582,863.015
0.207135,515.447,259.966,775.414
0.207414,555.163,300.596,855.759
0.207693,513.1,255.24,768.34
0.207973,564.777,304.136,868.912
0.208253,515.249,251.652,766.901
0.208533,576.523,306.664,883.187
0.208814,516.435,252.929,769.364
0.209095,554.658,296.395,851.052
0.209376,529.704,261.286,790.99
0.209657,553.466,294.305,847.771
0.209938,534.723,265.879,800.602
0.21022,552.346,294.784,847.13
0.210502,537.969,272.515,810.485
0.210784,550.518,288.836,839.355
0.211067,543.4,277.197,820.598
0.21135,549.164,286.899,836.063
0.211633,539.555,272.872,812.427
0.211916,561.548,290.953,852.501
0.2122,541.374,277.419,818.793
0.212483,547.746,287.618,835.364
0.212767,-80.8997,-106.212,-187.112
0.213052,-47.2327,-99.8438,-147.076
0.213336,-14.2295,-88.2001,-102.43
0.213621,642.075,419.061,1061.14
0.213906,59.4237,-48.1532,11.2705
0.214192,786.015,501.13,1287.15
0.214477,127.082,-27.0999,99.9818
0.214763,823.487,517.182,1340.67
0.215049,158.756,-13.6924,145.064
0.215336,842.929,533.142,1376.07
0.215622,191.26,5.81712,197.077
0.215909,837.52,528.142,1365.66
0.216197,198.574,3.86766,202.441
0.216484,837.582,522.664,1360.25
0.216772,191.84,4.20454,196.044
0.21706,819.808,519.704,1339.51
0.217348,200.68,10.2633,210.944
0.217636,817.168,513.56,1330.73
0.217925,219.129,17.9453,237.074
0.218214,828.285,511.891,1340.18
0.218504,230.091,17.8867,247.978
0.218793,834.285,514.433,1348.72
0.219083,236.586,26.6876,263.274
0.219373,839.615,517.267,1356.88
0.219663,243.834,31.19,275.024
0.219954,827.165,512.894,1340.06
0.220245,254.404,36.1051,290.509
0.220536,832.263,515.526,1347.79
0.220827,255.53,34.3576,289.887
0.221119,839.291,516.134,1355.43
0.221411,262.597,37.7046,300.301
0.221703,834.794,513.822,1348.62
0.221996,270.058,40.8953,310.953
0.222288,835.227,511.747,1346.97
0.222581,273.256,46.1388,319.395
0.222875,836.083,516.119,1352.2
0.223168,277.963,44.8558,322.819
0.223462,836.234,513.868,1350.1
0.223756,283.788,47.7726,331.56
0.22405,841.849,519.115,1360.96
0.224345,284.523,49.9989,334.522
0.22464,834.281,510.749,1345.03
0.224935,300.714,53.9371,354.651
0.22523,838.198,517.611,1355.81
0.225526,293.927,52.6543,346.582
0.225822,841.003,516.946,1357.95
0.226118,302.254,58.6585,360.913
0.226414,839.924,514.022,1353.95
0.226711,302.128,58.3771,360.505
0.227008,846.318,517.699,1364.02
0.227305,311.561,62.4217,373.983
0.227603,844.058,515.697,1359.76
0.227901,310.815,64.0245,374.839
0.228199,846.041,517.784,1363.83
0.228497,316.266,67.2058,383.472
0.228796,851.337,521.873,1373.21
0.229095,319.261,70.4592,389.72
0.229394,842.489,515.508,1358
0.229693,329.525,71.8123,401.337
0.229993,849.407,515.782,1365.19
0.230293,325.243,71.2884,396.531
0.230593,853.019,518.948,1371.97
0.230894,330.874,69.9407,400.815
0.231195,833.966,510.827,1344.79
0.231496,335.495,73.6805,409.175
0.231797,841.064,517.73,1358.79
0.232099,329.876,68.8344,398.71
0.232401,844.713,516.882,1361.6
0.232703,328.766,74.2688,403.034
0.233005,834.31,506.5,1340.81
0.233308,336.923,74.5508,411.473
0.233611,840.338,512.558,1352.9
0.233914,326.203,67.7147,393.918
0.234218,837.749,511.483,1349.23
0.234522,340.321,72.542,412.863
0.234826,843.798,509.077,1352.88
0.23513,340.381,73.7623,414.143
0.235435,842.983,512.01,1354.99
0.23574,334.706,68.0094,402.715
0.236045,824.499,502.775,1327.27
0.236351,339.333,71.6422,410.975
0.236656,840.233,511.409,1351.64
0.236962,331.63,70.9576,402.587
0.237269,833.446,505.925,1339.37
0.237575,340.706,74.5783,415.284
0.237882,828.844,506.194,1335.04
0.238189,337.139,69.6313,406.77
0.238497,835.357,509.835,1345.19
0.238805,331.293,69.5382,400.831
0.239113,820.132,502.188,1322.32
0.239421,336.13,69.6632,405.793
0.239729,838.21,512.168,1350.38
0.240038,320.906,66.5779,387.484
0.240347,304.807,194.125,498.932
0.240657,408.082,262.055,670.137
0.240967,377.591,223.542,601.133
0.241277,390.046,226.711,616.756
0.241587,431.219,246.586,677.805
0.241897,455.968,257.34,713.308
0.242208,493.512,272.888,766.4
0.242519,508.559,277.331,785.89
0.242831,533.596,285.843,819.439
0.243142,554.612,291.161,845.773
0.243454,557.517,294.16,851.677
0.243766,573.596,303.793,877.389
0.244079,577.209,301.544,878.753
0.244392,591.17,312.047,903.217
0.244705,577.236,302.392,879.628
0.245018,592.889,311.373,904.262
0.245332,582.272,302.844,885.117
0.245646,591.496,310.436,901.932
0.24596,584.202,301.202,885.404
0.246275,64.2767,8.65765,72.9344
0.246589,147.862,66.9901,214.852
0.246904,250.976,132.753,383.73
0.24722,251.492,121.398,372.89
0.247535,301.234,154.5,455.735
0.247851,315.888,151.222,467.111
0.248168,352.762,177.986,530.748
0.248484,354.87,175.947,530.816
0.248801,396.515,202.916,599.431
0.249118,403.415,196.456,599.871
0.249435,434.842,220.4,655.242
0.249753,437.533,214.976,652.509
0.250071,466.523,237.738,704.261
0.250389,469.895,234.784,704.679
0.250708,493.138,251.735,744.872
0.251027,486.998,245.95,732.949
0.251346,511.62,262.794,774.414
0.251665,505.991,251.523,757.515
0.251985,519.641,263.986,783.626
0.252305,504.991,254.894,759.886
0.252625,537.638,269.865,807.503
0.252946,514.957,260.33,775.287
0.253267,543.288,276.384,819.672
0.253588,527.016,263.539,790.555
0.253909,547.535,274.507,822.042
0.254231,531.011,264.497,795.508
0.254553,556.284,277.712,833.997
0.254875,536.814,270.082,806.896
0.255198,557.569,282.766,840.335
0.255521,543.215,270.884,814.099
0.255844,558.54,286.181,844.721
0.256167,551.52,276.045,827.565
0.256491,567.814,286.443,854.257
0.256815,555.618,276.877,832.496
0.25714,564.978,289.566,854.544
0.257464,560.448,279.357,839.805
0.257789,570.09,289.392,859.482
0.258115,553.709,277.687,831.396
0.25844,571.122,293.546,864.668
0.258766,555.217,281.865,837.081
0.259092,574.538,290.106,864.644
0.259419,562.224,283.687,845.911
0.259745,580.902,292.357,873.258
0.260072,564.449,283.939,848.388
0.2604,581.803,289.771,871.574
0.260727,566.971,284.641,851.612
0.261055,585.039,293.86,878.899
0.261384,571.538,285.407,856.945
0.261712,585.225,298.394,883.619
0.262041,569.669,283.762,853.431
0.26237,585.25,292.32,877.569
0.262699,570.495,284.039,854.534
0.263029,584.276,295.838,880.114
0.263359,572.536,283.823,856.359
0.26369,595.254,297.688,892.941
0.26402,574.929,283.425,858.354
0.264351,594.552,300.351,894.903
0.264682,568.62,280.429,849.049
0.265014,591.888,295.725,887.613
0.265346,570.062,282.197,852.259
0.265678,586.504,293.61,880.113
0.26601,569.292,285.764,855.057
0.266343,583.954,295.076,879.031
0.266676,565.158,279.614,844.772
0.267009,584.515,289.642,874.158
0.267343,561.001,279.965,840.965
0.267677,579.039,289.933,868.972
0.268011,556.688,279.587,836.275
0.268346,580.273,290.423,870.696
0.268681,553.334,275.839,829.173
0.269016,573.301,287.521,860.822
0.269351,553.399,275.776,829.174
0.269687,569.297,287.27,856.567
0.270023,548.086,272.675,820.761
0.270359,572.094,284.346,856.44
0.270696,553.856,272.474,826.33
0.271033,571.168,287.398,858.566
0.27137,552.276,273.061,825.338
0.271708,561.301,283.215,844.515
0.272046,544.404,269.348,813.753
0.272384,560.621,281.3,841.921
0.272723,542.946,268.588,811.533
0.273062,554.424,274.031,828.454
0.273401,544.014,266.577,810.591
0.27374,554.487,280.32,834.807
0.27408,541.019,263.605,804.624
0.27442,544.804,278.744,823.548
0.27476,535.439,265.85,801.289
0.275101,550.586,274.103,824.689
0.275442,542.521,265.933,808.454
0.275783,553.962,271.307,825.269
0.276125,534.107,263.985,798.092
0.276467,549.271,274.448,823.719
0.276809,537.538,263.087,800.625
0.277152,549.115,271.918,821.033
0.277495,536.787,260.904,797.691
0.277838,546.135,275.011,821.146
0.278181,266.739,156.441,423.18
0.278525,338.457,197.602,536.059
0.278869,385.048,235.844,620.892
0.279214,398.29,231.346,629.636
0.279558,427.033,245.788,672.821
0.279903,450.976,251.892,702.868
0.280249,474.23,263.252,737.482
0.280594,499.23,267.215,766.445
0.28094,509.289,273.812,783.101
0.281287,522.811,277.201,800.012
0.281633,528.476,280.227,808.703
0.28198,548.521,282.728,831.249
0.282328,541.23,287.688,828.919
0.282675,572.643,293.906,866.549
0.283023,558.77,290.383,849.154
0.283371,574.54,292.317,866.857
0.28372,561.66,285.279,846.938
0.284069,578.545,296.799,875.344
0.284418,557.108,288.962,846.07
0.284767,589.921,301.828,891.749
0.285117,562.455,287.072,849.526
0.285467,593.289,301.272,894.562
0.285818,567.542,292.959,860.501
0.286168,590.828,301.741,892.569
0.286519,565.325,286.8,852.125
0.286871,589.418,302.106,891.524
0.287222,567.127,287.974,855.101
0.287574,590.89,299.765,890.656
0.287927,571.978,288.892,860.87
0.288279,595.92,300.959,896.879
0.288632,578.569,292.176,870.745
0.288986,588.921,296.81,885.731
0.289339,573.376,288.053,861.429
0.289693,585.2,296.07,881.271
0.290048,574.189,290.527,864.716
0.290402,588.849,296.405,885.253
0.290757,574.935,289.391,864.325
0.291112,582.041,299.947,881.988
0.291468,577.058,290.124,867.182
0.291824,584.03,291.665,875.695
0.29218,571.563,285.647,857.209
0.292536,584.388,295.95,880.338
0.292893,568.963,286.822,855.785
0.293251,583.493,293.266,876.759
0.293608,577.19,288.801,865.991
0.293966,584.659,290.429,875.088
0.294324,572.561,285.653,858.214
0.294682,583.637,292.397,876.034
0.295041,574.774,285.795,860.569
0.2954,583.317,289.645,872.962
0.29576,574.715,286.781,861.496
0.29612,579.126,291.423,870.55
0.29648,125.472,52.269,177.741
0.29684,256.178,150.107,406.285
0.297201,264.895,147.96,412.856
0.297562,316.291,175.027,491.318
0.297923,326.421,171.643,498.064
0.298285,374.8,199.121,573.921
0.298647,384.981,192.956,577.937
0.29901,420.241,214.504,634.745
0.299372,415.34,210.53,625.87
0.299735,443.372,227.836,671.208
0.300099,444.876,215.192,660.068
0.300463,467.904,228.603,696.507
0.300827,462.723,224.428,687.151
0.301191,481.438,237.213,718.651
0.301556,479.887,232.151,712.038
0.301921,496.001,241.963,737.963
0.302286,485.892,232.777,718.669
0.302652,505.724,243.381,749.105
0.303018,492.229,234.782,727.011
0.303384,498.371,241.245,739.616
0.303751,494.423,234.895,729.318
0.304118,506.171,241.342,747.513
0.304485,495.576,235.041,730.616
0.304853,500.412,244.92,745.332
0.305221,506.512,240.984,747.495
0.30559,511.732,245.578,757.31
0.305958,506.841,241.016,747.857
0.306327,522.116,249.426,771.542
0.306697,512.252,243.979,756.231
0.307067,521.806,251.391,773.197
0.307437,517.254,243.6,760.854
0.307807,526.049,250.539,776.588
0.308178,520.183,246.841,767.023
0.308549,533.856,254.191,788.047
0.30892,526.422,250.563,776.985
0.309292,535.076,256.533,791.608
0.309664,530.663,253.559,784.222
0.310036,535.888,256.661,792.549
0.310409,530.703,253.649,784.352
0.310782,538.402,259.67,798.072
0.311156,530.485,255.151,785.636
0.31153,533.931,259.458,793.389
0.311904,530.262,255.856,786.118
0.312278,541.195,264.214,805.408
0.312653,523.592,252.092,775.684
0.313028,537.369,261.836,799.204
0.313404,527.847,254.963,782.81
0.313779,540.907,262.306,803.213
0.314155,531.543,259.068,790.61
0.314532,543.626,264.299,807.925
0.314909,532.362,257.431,789.793
0.315286,541.222,262.618,803.84
0.315664,531.484,258.139,789.623
0.316041,542.001,260.607,802.608
0.31642,532.168,256.95,789.118
0.316798,541.561,265.033,806.594
0.317177,539.965,255.945,795.91
0.317556,544.785,264.366,809.15
0.317936,533.999,252.474,786.473
0.318316,543.796,265.205,809.001
0.318696,531.935,252.409,784.343
0.319077,541.86,265.218,807.078
0.319458,532.765,255.909,788.673
0.319839,538.72,259.867,798.588
0.320221,530.07,255.605,785.675
0.320603,547.264,262.679,809.943
0.320985,525.769,255.223,780.992
0.321368,540.058,257.622,797.68
0.321751,528.34,252.79,781.13
0.322134,535.421,257.543,792.964
0.322518,528.682,251.769,780.451
0.322902,532.96,258.664,791.624
0.323287,519.833,252.164,771.997
0.323672,529.491,254.052,783.543
0.324057,522.218,250.859,773.077
0.324442,526.086,254.701,780.787
0.324828,515.254,247.316,762.57
0.325214,528.906,254.553,783.459
0.325601,510.703,245.199,755.902
0.325988,522.064,251.31,773.373
0.326375,512.204,243.131,755.335
0.326763,523.501,249.241,772.742
0.327151,512.416,244.215,756.632
0.327539,512.975,247.929,760.904
0.327928,506.218,239.539,745.757
0.328317,515.904,246.368,762.272
0.328706,499.285,235.768,735.052
0.329096,512.885,246.765,759.65
0.329486,500.577,237.69,738.268
0.329876,510.069,239.915,749.983
0.330267,496.867,235.716,732.583
0.330658,504.719,244.857,749.576
0.33105,498.34,235.503,733.842
0.331442,512.059,245.97,758.029
0.331834,538.579,401.247,939.826
0.332226,-62.991,-116.074,-179.065
0.332619,637.089,455.492,1092.58
0.333013,6.85298,-87.7079,-80.855
0.333406,695.47,479.391,1174.86
0.3338,50.5087,-71.3353,-20.8266
0.334195,721.07,487.683,1208.75
0.334589,75.9072,-63.2354,12.6717
0.334984,748.242,495.834,1244.08
0.33538,112.413,-51.1386,61.274
0.335776,781.584,505.222,1286.81
0.336172,138.778,-41.0372,97.7404
0.336568,805.721,512.422,1318.14
0.336965,157.336,-32.5592,124.777
0.337362,823.512,513.993,1337.5
0.33776,178.622,-31.5253,147.097
0.338158,823.392,516.484,1339.88
0.338556,185.441,-26.5143,158.927
0.338955,823.355,513.944,1337.3
0.339354,193.187,-25.5826,167.605
0.339753,834.596,518.683,1353.28
0.340153,201.135,-23.0492,178.085
0.340553,841.012,520.976,1361.99
0.340954,203.82,-17.6251,186.195
0.341355,840.56,521.604,1362.16
0.341756,205.099,-19.0209,186.078
0.342158,848.023,525.295,1373.32
0.34256,213.846,-16.5093,197.336
0.342962,847.868,521.951,1369.82
0.343365,211.707,-11.662,200.045
0.343768,848.167,523.153,1371.32
0.344171,213.997,-15.7475,198.249
0.344575,852.333,526.124,1378.46
0.344979,222.441,-10.7088,211.732
0.345384,850.612,526.16,1376.77
0.345788,224.571,-10.3443,214.227
0.346194,849.987,523.496,1373.48
0.346599,226.413,-10.1908,216.222
0.347005,849.099,525.17,1374.27
0.347412,224.5,-6.43837,218.062
0.347818,851.539,523.053,1374.59
0.348226,230.903,-8.00385,222.899
0.348633,857.109,526.391,1383.5
0.349041,230.026,-8.9945,221.032
0.349449,851.989,524.841,1376.83
0.349858,231.106,-7.47064,223.635
0.350267,845.61,521.569,1367.18
0.350676,226.677,-5.63644,221.04
0.351086,852.015,524.066,1376.08
0.351496,228.66,-8.1842,220.476
0.351906,850.402,522.237,1372.64
0.352317,235.768,-3.52314,232.245
0.352728,848.889,517.287,1366.18
0.35314,231.474,-6.54178,224.932
0.353552,848.779,519.935,1368.71
0.353964,227.07,-1.48567,225.584
0.354377,850.093,520.061,1370.15
0.35479,228.13,-3.01591,225.114
0.355203,838.619,519.582,1358.2
0.355617,222.473,-5.94563,216.527
0.356031,841.649,521.59,1363.24
0.356446,230.985,-3.65909,227.326
0.356861,846.888,515.222,1362.11
0.357276,226.006,-4.26358,221.743
0.357692,836.474,513.445,1349.92
0.358108,219.805,-9.94472,209.86
0.358524,834.682,515.786,1350.47
0.358941,216.824,-9.90813,206.916
0.359358,836.332,512.669,1349
0.359776,221.743,-8.26328,213.479
0.360194,825.008,507.898,1332.91
0.360612,219.055,-13.1627,205.892
0.361031,826.649,509.265,1335.91
0.36145,210.544,-11.3119,199.232
0.36187,824.272,504.704,1328.98
0.36229,204.496,-12.193,192.303
0.36271,820.847,503.117,1323.96
0.36313,214.175,-14.5465,199.629
0.363552,820.773,501.064,1321.84
0.363973,212.325,-10.3014,202.024
0.364395,819.742,502.643,1322.38
0.364817,211.059,-11.0439,200.015
0.365239,820.292,501.042,1321.33
0.365662,202.467,-12.2373,190.229
0.366086,823.21,500.669,1323.88
0.366509,212.776,-12.1863,200.59
0.366934,819.305,500.885,1320.19
0.367358,208.83,-12.7964,196.034
0.367783,814.768,499.082,1313.85
0.368208,207.011,-12.864,194.147
0.368634,815.62,497.413,1313.03
0.36906,211.395,-10.1548,201.24
0.369486,814.488,495.659,1310.15
0.369913,211.493,-11.4742,200.019
0.37034,817.927,498.081,1316.01
0.370768,209.359,-11.3375,198.021
0.371196,819.448,499.147,1318.6
0.371624,210.514,-12.309,198.205
0.372053,817.859,496.828,1314.69
0.372482,212.252,-10.9318,201.321
0.372912,811.464,497.955,1309.42
0.373342,205.906,-13.6476,192.259
0.373772,810.483,494.274,1304.76
0.374203,204.478,-11.3263,193.151
0.374634,810.268,495.467,1305.73
0.375065,207.131,-11.7103,195.421
0.375497,810.224,496.106,1306.33
0.375929,210.631,-11.2102,199.421
0.376362,813.915,493.775,1307.69
0.376795,210.657,-4.40052,206.257
0.377228,805.202,495.105,1300.31
0.377662,215.862,-13.1759,202.686
0.378096,817.152,493.091,1310.24
0.378531,219.998,-4.3287,215.669
0.378966,810.491,491.889,1302.38
0.379402,210.221,-5.56723,204.653
0.379837,816.227,493.354,1309.58
0.380274,216.35,-5.018,211.332
0.38071,814.146,491.212,1305.36
0.381147,208.731,-10.5531,198.178
0.381585,813.779,491.334,1305.11
0.382022,218.337,-2.01288,216.324
0.382461,803.884,487.672,1291.56
0.382899,439.065,328.112,767.176
0.383338,468.693,339.459,808.152
0.383778,490.201,345.017,835.218
0.384217,512.738,348.154,860.893
0.384658,507.926,328.803,836.728
0.385098,492.302,297.17,789.472
0.385539,496.867,293.425,790.292
0.385981,481.909,265.738,747.647
0.386422,503.318,273.245,776.563
0.386865,472.566,243.14,715.707
0.387307,515.156,273.806,788.962
0.38775,467.194,224.31,691.503
0.388194,536.199,282.025,818.224
0.388637,443.953,201.888,645.841
0.389082,557.582,293.545,851.127
0.389526,462.964,206.34,669.304
0.389971,540.14,281.844,821.983
0.390417,493.52,235.268,728.788
0.390863,527.755,265.992,793.747
0.391309,523.393,252.237,775.63
0.391755,521.52,251.704,773.223
0.392203,526.8,255.468,782.268
0.39265,527.432,254.259,781.691
0.393098,533.346,261.407,794.752
0.393546,517.547,252.971,770.518
0.393995,528.741,256.611,785.353
0.394444,528.165,253.148,781.312
0.394893,534.813,261.972,796.785
0.395343,527.686,253.699,781.385
0.395794,543.148,261.656,804.804
0.396244,532.335,258.444,790.78
0.396695,532.844,257.296,790.139
0.397147,531.596,255.219,786.815
0.397599,541.58,262.172,803.753
0.398051,527.447,255.232,782.678
0.398504,538.216,265.343,803.558
0.398957,531.03,255.572,786.603
0.399411,545.374,266.179,811.553
0.399865,527.739,255.831,783.57
0.400319,546.086,269.439,815.525
0.400774,532.468,259.278,791.747
0.401229,532.052,259.491,791.543
0.401685,532.155,258.174,790.329
0.402141,544.742,266.317,811.059
0.402598,531.607,255.667,787.274
0.403055,546.568,271.668,818.236
0.403512,530.363,254.861,785.224
0.40397,542.808,265.882,808.69
0.404428,529.068,253.975,783.043
0.404886,555.719,267.953,823.672
0.405345,524.521,251.22,775.741
0.405805,546.828,263.094,809.922
0.406265,527.585,249.831,777.416
0.406725,542.154,265.647,807.801
0.407185,528.917,250.323,779.239
0.407646,545.554,266.337,811.891
0.408108,526.561,252.029,778.59
0.40857,547.777,264.691,812.468
0.409032,532.835,254.302,787.137
0.409495,545.178,268.944,814.123
0.409958,526.516,251.439,777.955
0.410422,547.44,265.137,812.577
0.410886,526.057,248.957,775.014
0.41135,549.502,271.539,821.041
0.411815,524.6,251.739,776.339
0.41228,544.945,263.654,808.599
0.412746,520.918,245.431,766.349
0.413212,539.431,261.892,801.323
0.413679,516.718,244.676,761.394
0.414146,537.48,260.964,798.444
0.414613,523.253,244.344,767.596
0.415081,547.845,266.112,813.957
0.415549,-29.5327,-108.532,-138.065
0.416018,179.123,54.9149,234.038
0.416487,446.022,279.933,725.954
0.416957,465.897,286.979,752.876
0.417427,461.383,271.555,732.938
0.417897,515.443,309.05,824.493
0.418368,384.981,180.435,565.416
0.418839,651.785,403.054,1054.84
0.419311,134.801,-42.4742,92.3265
0.419783,736.806,456.892,1193.7
0.420255,204.761,-1.52206,203.238
0.420728,752.159,465.009,1217.17
0.421202,204.181,-1.70883,202.472
0.421675,750.709,470.069,1220.78
0.42215,232.9,11.0555,243.956
0.422624,752.36,462.269,1214.63
0.4231,228.9,7.25827,236.158
0.423575,754.329,463.07,1217.4
0.424051,244.532,19.0356,263.567
0.424527,754.211,458.531,1212.74
0.425004,246.613,18.2047,264.818
0.425482,751.165,456.025,1207.19
0.425959,259.01,25.8098,284.819
0.426437,748.256,452.681,1200.94
0.426916,246.754,20.4774,267.231
0.427395,742.974,446.142,1189.12
0.427874,264.503,28.9276,293.431
0.428354,738.069,446.175,1184.24
0.428835,256.552,27.7283,284.28
0.429315,735.428,440.364,1175.79
0.429797,264.059,36.4657,300.525
0.430278,727.952,433.826,1161.78
0.43076,271.288,41.1104,312.399
0.431243,725.586,433.844,1159.43
0.431726,273.675,42.2587,315.933
0.432209,721.445,431.227,1152.67
0.432693,266.807,42.626,309.433
0.433177,719.92,425.248,1145.17
0.433662,283.628,57.1041,340.732
0.434147,712.743,426.636,1139.38
0.434633,266.318,40.9345,307.252
0.435119,709.81,420.983,1130.79
0.435605,292.566,60.7335,353.3
0.436092,713.017,423.687,1136.7
0.436579,279.704,48.4425,328.146
0.437067,707.046,419.954,1127
0.437556,290.783,60.1193,350.902
0.438044,703.807,415.197,1119
0.438533,285.492,55.723,341.215
0.439023,699.98,412.408,1112.39
0.439513,309.801,69.2719,379.073
0.440003,700.93,412.044,1112.97
0.440494,294.35,57.6104,351.96
0.440986,696.745,407.411,1104.16
0.441477,313.233,75.6679,388.901
0.44197,700.443,405.781,1106.22
0.442462,304.593,61.3999,365.993
0.442956,700.874,402.233,1103.11
0.443449,322.262,79.5545,401.817
0.443943,692.545,396.122,1088.67
0.444438,319.851,74.0178,393.869
0.444933,694.293,395.908,1090.2
0.445428,330.042,80.0047,410.046
0.445924,690.731,389.041,1079.77
0.44642,330.422,80.1511,410.573
0.446917,688.797,389.263,1078.06
0.447414,334.938,86.1479,421.086
0.447912,687.878,387.562,1075.44
0.44841,335.738,90.5316,426.27
0.448908,683.411,383.703,1067.11
0.449407,331.263,81.2836,412.547
0.449907,679.667,379.996,1059.66
0.450407,343.713,94.2765,437.989
0.450907,679.834,372.795,1052.63
0.451408,341.878,90.3278,432.206
0.451909,666.787,372.952,1039.74
0.452411,345.621,97.1705,442.792
0.452913,669.421,371.386,1040.81
0.453416,340.469,93.9549,434.424
0.453919,667.207,372.417,1039.62
0.454423,350.235,99.1065,449.341
0.454927,666.081,366.782,1032.86
0.455431,359.719,100.896,460.615
0.455936,655.691,359.037,1014.73
0.456441,359.919,102.643,462.562
0.456947,657.952,360.869,1018.82
0.457454,363.513,108.787,472.3
0.45796,653.237,353.069,1006.31
0.458468,373.813,113.943,487.756
0.458975,649.999,351.17,1001.17
0.459483,369.996,111.729,481.725
0.459992,649.108,350.644,999.751
0.460501,383.302,115.697,498.999
0.461011,640.832,343.368,984.2
0.461521,382.635,122.872,505.508
0.462031,649.796,346.532,996.327
0.462542,379.91,119.414,499.324
0.463053,646.582,344.117,990.699
0.463565,389.339,123.2,512.539
0.464078,634.78,334.942,969.723
0.46459,396.219,129.738,525.957
0.465104,635.388,334.069,969.457
0.465617,396.915,129.328,526.243
0.466132,627.715,329.815,957.531
0.466646,412.099,138.913,551.012
0.467161,626.716,328.394,955.11
0.467677,399.377,130.016,529.393
0.468193,623.65,326.328,949.979
0.46871,411.629,141.788,553.417
0.469227,614.486,315.799,930.285
0.469744,409.964,138.976,548.94
0.470262,618.11,319.136,937.246
0.470781,413.858,141.728,555.586
0.471299,599.104,303.875,902.979
0.471819,427.003,152.977,579.98
0.472339,591.618,300.583,892.202
0.472859,425.286,156.528,581.814
0.47338,584.601,293.331,877.931
0.473901,428.392,157.288,585.68
0.474423,585.034,296.205,881.239
0.474945,428.468,153.222,581.689
0.475468,576.365,284.324,860.689
0.475991,430.407,158.826,589.233
0.476514,565.103,281.218,846.321
0.477038,439.322,164.096,603.417
0.477563,559.045,270.979,830.024
0.478088,435.849,170.943,606.792
0.478614,554.233,271.379,825.612
0.47914,448.191,170.497,618.688
0.479666,553.582,264.044,817.626
0.480193,432.494,169.845,602.339
0.480721,545.366,268.508,813.874
0.481248,436.17,168.573,604.744
0.481777,545.656,263.591,809.247
0.482306,442.566,176.485,619.051
0.482835,539.722,257.638,797.36
0.483365,448.141,176.723,624.863
0.483895,526.295,255.879,782.174
0.484426,453.772,186.746,640.518
0.484957,517.708,244.317,762.025
0.485489,459.996,192.075,652.071
0.486021,518.439,242.862,761.302
0.486554,447.369,183.509,630.878
0.487087,525.488,251.326,776.814
0.487621,430.807,176.287,607.094
0.488155,521.283,252.928,774.211
0.48869,447.392,179.789,627.18
0.489225,520.668,252.52,773.188
0.489761,435.872,174.519,610.391
0.490297,526.189,256.241,782.43
0.490834,433.975,175.257,609.232
0.491371,523.796,250.495,774.292
0.491908,434.534,174.527,609.061
0.492447,521.519,256.347,777.866
0.492985,437.428,171.581,609.009
0.493524,532.715,258.028,790.742
0.494064,441.547,180.624,622.172
0.494604,-166.395,-145.555,-311.95
0.495144,-168.918,-161.885,-330.803
0.495685,68.4347,12.3236,80.7584
0.496227,319.31,197.625,516.936
0.496769,-55.1658,-107.165,-162.331
0.497311,669.834,448.907,1118.74
0.497854,-25.565,-113.09,-138.655
0.498398,724.479,468.74,1193.22
0.498942,30.1824,-92.461,-62.2785
0.499486,772.648,480.1,1252.75
0.500031,75.8286,-78.849,-3.0204
0.500577,802.441,495.722,1298.16
0.501123,103.311,-71.9873,31.324
0.501669,825.234,502.807,1328.04
0.502216,124.099,-64.2658,59.8331
0.502764,821.681,498.582,1320.26
0.503312,129.645,-62.2423,67.4027
0.50386,831.276,502.858,1334.13
0.504409,134.841,-60.434,74.407
0.504959,833.981,502.127,1336.11
0.505509,145.995,-59.1743,86.821
0.506059,836.14,507.187,1343.33
0.50661,153.991,-53.6163,100.375
0.507162,839.891,508.168,1348.06
0.507714,155.23,-53.307,101.923
0.508266,844.694,509.746,1354.44
0.508819,153.696,-50.6592,103.037
0.509372,849.668,511.44,1361.11
0.509926,160.433,-50.4819,109.951
0.510481,853.402,511.977,1365.38
0.511036,158.578,-52.4807,106.097
0.511591,852.288,513.863,1366.15
0.512147,162.161,-51.8398,110.321
0.512704,851.35,516.256,1367.61
0.513261,163.265,-50.0001,113.265
0.513818,856.449,517.617,1374.07
0.514376,156.139,-50.4937,105.645
0.514935,851.818,515.982,1367.8
0.515494,160.139,-49.25,110.889
0.516053,850.555,518.552,1369.11
0.516614,155.973,-49.6359,106.338
0.517174,846.75,515.954,1362.7
0.517735,157.983,-50.8263,107.156
0.518297,847.682,516.229,1363.91
0.518859,153.194,-50.0835,103.111
0.519421,842.971,511.026,1354
0.519985,154.082,-52.6208,101.461
0.520548,846.857,515.163,1362.02
0.521112,151.162,-51.8353,99.3264
0.521677,838.864,512.464,1351.33
0.522242,149.388,-53.6118,95.7765
0.522808,838.862,509.247,1348.11
0.523374,153.35,-52.2984,101.052
0.523941,835.388,511.224,1346.61
0.524508,153.749,-57.4327,96.3161
0.525076,835.506,508.357,1343.86
0.525644,147.72,-55.8715,91.8487
0.526213,836.134,507.898,1344.03
0.526782,150.497,-57.8631,92.634
0.527352,834.054,509.208,1343.26
0.527922,147.843,-59.614,88.2285
0.528493,823.227,506.162,1329.39
0.529064,149.348,-60.8353,88.5123
0.529636,824.023,505.011,1329.03
0.530208,144.331,-62.7541,81.5771
0.530781,819.705,501.669,1321.37
0.531355,142.057,-65.9395,76.117
0.531929,811.557,498.001,1309.56
0.532503,139.341,-65.7104,73.6306
0.533078,811.546,496.636,1308.18
0.533654,131.577,-69.0741,62.5026
0.53423,809.716,496.372,1306.09
0.534806,128.822,-69.3082,59.5133
0.535384,801.052,494.874,1295.93
0.535961,134.298,-67.6421,66.6555
0.536539,803.577,494.691,1298.27
0.537118,129.643,-72.9681,56.6748
0.537697,801.647,491.291,1292.94
0.538277,127.279,-73.1035,54.1756
0.538857,793.157,490.132,1283.29
0.539438,120.219,-73.7787,46.4403
0.540019,795.924,490.606,1286.53
0.540601,123.433,-74.7521,48.6804
0.541183,793.633,488.391,1282.02
0.541766,122.805,-75.4878,47.3169
0.54235,793.235,488.734,1281.97
0.542934,129.781,-71.2869,58.4946
0.543518,788.701,485.731,1274.43
0.544103,124.379,-75.3989,48.9796
0.544689,792.878,487.082,1279.96
0.545275,127.602,-76.66,50.9421
0.545861,791.516,485.496,1277.01
0.546449,123.314,-76.3614,46.9523
0.547036,792.914,485.784,1278.7
0.547624,127.652,-71.5506,56.1015
0.548213,795.153,487.52,1282.67
0.548803,136.621,-72.9656,63.6553
0.549392,786.486,487.186,1273.67
0.549983,131.207,-73.9676,57.2396
0.550574,793.568,488.975,1282.54
0.551165,136.173,-72.7071,63.4663
0.551757,795.791,490.595,1286.39
0.552349,140.079,-70.4269,69.6526
0.552943,801.344,488.798,1290.14
0.553536,140.601,-71.4426,69.1582
0.55413,808.291,493.337,1301.63
0.554725,145.108,-66.0164,79.0913
0.55532,800.81,490.128,1290.94
0.555916,148.186,-65.3937,82.7919
0.556512,809.006,491.027,1300.03
0.557109,152.823,-62.788,90.0346
0.557706,808.668,495.787,1304.46
0.558304,155.251,-64.1709,91.0806
0.558903,810.779,496.346,1307.12
0.559502,152.037,-64.9608,87.076
0.560101,813.433,497.503,1310.94
0.560701,158.221,-59.2607,98.9604
0.561302,818.577,495.255,1313.83
0.561903,153.689,-63.1403,90.5489
0.562505,817.945,500.951,1318.9
0.563107,161.966,-58.7916,103.175
0.56371,823.133,498.9,1322.03
0.564313,165.194,-58.1856,107.009
0.564917,818.804,499.538,1318.34
0.565522,166.968,-60.1926,106.776
0.566127,822.15,498.873,1321.02
0.566732,166.811,-59.3104,107.5
0.567338,822.995,503.234,1326.23
0.567945,166.842,-56.785,110.057
0.568552,819.299,502.271,1321.57
0.56916,168.024,-54.7445,113.28
0.569768,822.65,501.942,1324.59
0.570377,167.845,-57.0085,110.837
0.570987,827.399,503.443,1330.84
0.571597,168.265,-53.4839,114.781
0.572207,827.583,501.916,1329.5
0.572818,176.022,-54.0455,121.977
0.57343,830.271,501.743,1332.01
0.574042,168.889,-58.2773,110.612
0.574655,825.03,499.429,1324.46
0.575268,175.235,-52.7969,122.438
0.575882,827.565,502.312,1329.88
0.576497,175.164,-54.3908,120.773
0.577112,823.98,501.558,1325.54
0.577727,168.904,-56.0357,112.868
0.578343,821.995,502.652,1324.65
0.57896,170.66,-55.1719,115.488
0.579577,824.347,499.284,1323.63
0.580195,167.955,-56.0798,111.875
0.580813,820.217,502.637,1322.85
0.581432,165.471,-56.5082,108.963
0.582052,814.345,499.699,1314.04
0.582672,164.939,-57.5789,107.36
0.583292,819.401,500.957,1320.36
0.583914,164.835,-56.7558,108.079
0.584535,810.76,501.283,1312.04
0.585158,158.601,-59.2078,99.3934
0.585781,808.895,495.148,1304.04
0.586404,159.798,-60.0126,99.7851
0.587028,809.895,496.349,1306.24
0.587653,155.073,-60.3036,94.7692
0.588278,806.234,493.813,1300.05
0.588903,149.348,-61.3782,87.97
0.58953,806.799,493.058,1299.86
0.590157,149.423,-65.6699,83.7532
0.590784,801.92,489.716,1291.64
0.591412,149.95,-64.1194,85.8309
0.592041,801.244,489.614,1290.86
0.59267,149.681,-65.8949,83.7857
0.593299,799.864,489.174,1289.04
0.59393,147.783,-65.7997,81.9832
0.59456,792.638,489.14,1281.78
0.595192,146.333,-67.7265,78.6068
0.595824,791.139,485.516,1276.65
0.596456,138.315,-70.3517,67.9628
0.59709,797.249,489.02,1286.27
0.597723,134.269,-76.2002,58.0693
0.598358,787.078,482.539,1269.62
0.598992,126.852,-76.5201,50.332
0.599628,783.527,481.079,1264.61
0.600264,127.851,-73.1978,54.6536
0.600901,785.445,480.159,1265.6
0.601538,129.986,-72.0694,57.9163
0.602175,781.597,480.009,1261.61
0.602814,126.12,-76.199,49.921
0.603453,781.007,479.092,1260.1
0.604092,125.355,-78.2319,47.123
0.604732,780.231,480.625,1260.86
0.605373,116.618,-78.7676,37.8502
0.606014,773.932,475.091,1249.02
0.606656,121.366,-76.7185,44.6473
0.607298,778.287,478.643,1256.93
0.607941,119.567,-82.3212,37.2461
0.608585,776.213,477.184,1253.4
0.609229,125.199,-78.6792,46.5197
0.609874,776.189,473.462,1249.65
0.610519,118.244,-78.1595,40.0849
0.611165,679.236,451.058,1130.29
0.611812,690.617,450.37,1140.99
0.612459,682.616,439.389,1122.01
0.613107,644,405.856,1049.86
0.613755,538.861,317.299,856.16
0.614404,401.174,202.658,603.832
0.615053,375.547,176.492,552.039
0.615703,406.508,187.811,594.32
0.616354,401.199,179.495,580.694
0.617005,454.716,215.792,670.508
0.617657,420.544,181.666,602.209
0.618309,476.849,230.268,707.118
0.618962,431.652,186.534,618.186
0.619616,502.798,240.827,743.625
0.62027,415.5,173.156,588.656
0.620925,522.118,255.666,777.784
0.62158,405.342,161.648,566.99
0.622236,512.869,246.12,758.99
0.622893,386.882,145.366,532.248
0.62355,523.687,256.99,780.677
0.624208,366.017,128.758,494.775
0.624866,545.149,267.933,813.082
0.625525,360.298,122.852,483.15
0.626185,551.159,270.079,821.238
0.626845,350.502,117.229,467.731
0.627506,545.968,270.107,816.074
0.628167,335.536,107.606,443.142
0.628829,558.943,280.817,839.76
0.629492,336.939,105.341,442.28
0.630155,567.046,286.964,854.01
0.630819,332.34,98.5538,430.894
0.631483,567.063,284.179,851.242
0.632148,320.226,92.4947,412.721
0.632813,573.626,292.963,866.589
0.63348,331.16,101.535,432.696
0.634146,563.965,283.499,847.464
0.634814,336.04,96.1655,432.206
0.635482,561.555,285.749,847.304
0.636151,334.714,97.9962,432.71
0.63682,571.262,286.167,857.429
0.63749,330.06,99.6114,429.671
0.63816,575.494,291.066,866.56
0.638831,327.498,93.5845,421.083
0.639503,577.6,292.439,870.039
0.640175,319.745,88.3121,408.057
0.640848,581.961,300.062,882.023
0.641521,325.708,90.3404,416.049
0.642196,587.836,301.099,888.934
0.64287,321.208,89.5102,410.719
0.643546,587.299,300.427,887.725
0.644222,319.626,87.983,407.609
0.644898,587.572,300.013,887.585
0.645575,327.916,91.6034,419.519
0.646253,586.4,302.85,889.25
0.646931,329.789,92.3544,422.143
0.647611,585.06,302.02,887.081
0.64829,322.16,86.9544,409.114
0.64897,602.806,312.526,915.332
0.649651,328.152,85.1876,413.34
0.650333,600.884,308.127,909.01
0.651015,326.308,83.1152,409.423
0.651698,611.647,312.659,924.306
0.652381,332.704,89.7874,422.491
0.653065,609.311,315.434,924.746
0.65375,334.431,89.9331,424.365
0.654435,618.448,315.119,933.567
0.655121,332.091,84.6423,416.734
0.655807,616.458,315.596,932.054
0.656494,336.821,85.9591,422.78
0.657182,622.107,320.387,942.493
0.65787,333.484,84.45,417.935
0.658559,621.429,323.2,944.629
0.659249,343.079,93.8913,436.97
0.659939,623.159,320.157,943.316
0.66063,341.564,90.2695,431.834
0.661321,621.616,317.561,939.176
0.662014,336.84,90.088,426.928
0.662706,629.539,324.711,954.25
0.6634,337.05,85.7563,422.807
0.664094,636.577,327.242,963.819
0.664788,346.181,93.8235,440.004
0.665484,627.635,322.659,950.295
0.666179,341.337,88.8275,430.165
0.666876,635.322,326.084,961.406
0.667573,339.172,87.9119,427.084
0.668271,633.579,325.56,959.139
0.668969,336.494,84.6203,421.115
0.669668,632.562,325.923,958.484
0.670368,341.461,90.5713,432.032
0.671068,639.174,330.392,969.566
0.671769,340.978,84.211,425.189
0.672471,644.454,331.368,975.823
0.673173,338.409,85.2051,423.614
0.673876,645.061,330.512,975.572
0.67458,342.674,87.0349,429.708
0.675284,642.405,331.621,974.026
0.675989,344.213,86.9494,431.163
0.676694,645.092,332.114,977.206
0.6774,337.156,81.5305,418.686
0.678107,646.04,333.171,979.211
0.678814,332.447,77.8307,410.278
0.679522,645.936,336.323,982.26
0.680231,330.014,77.2408,407.254
0.68094,650.979,335.874,986.853
0.68165,329.526,76.537,406.063
0.682361,649.3,338.125,987.426
0.683072,331.49,78.8063,410.296
0.683784,644.835,333.111,977.947
0.684496,330.212,77.8721,408.084
0.68521,649.849,333.974,983.824
0.685923,322.741,73.4966,396.237
0.686638,646.486,333.355,979.841
0.687353,331.836,77.9525,409.788
0.688069,643.793,334.244,978.036
0.688785,323.815,70.7134,394.528
0.689502,649.575,337.486,987.061
0.69022,330.04,75.97,406.01
0.690938,642.364,329.456,971.819
0.691657,327.768,80.9242,408.693
0.692377,641.994,332.67,974.664
0.693098,322.177,73.5384,395.715
0.693819,644.404,334.393,978.797
0.69454,319.008,72.5523,391.56
0.695262,643.671,329.91,973.581
0.695985,315.238,68.1685,383.406
0.696709,641.324,334.365,975.689
0.697433,318.297,67.7791,386.076
0.698158,640.621,335.856,976.477
0.698884,314.636,69.924,384.56
0.69961,639.696,334.877,974.573
0.700337,311.8,67.1797,378.98
0.701065,645.178,339.115,984.293
0.701793,301.624,63.6383,365.262
0.702522,627.672,329.29,956.962
0.703251,309.168,62.7378,371.906
0.703982,643.468,334.767,978.235
0.704712,297.888,59.0724,356.96
0.705444,636.23,332.065,968.294
0.706176,303.969,60.9062,364.876
0.706909,638.569,334.832,973.401
0.707643,294.734,56.2285,350.963
0.708377,631.642,327.874,959.516
0.709112,300.952,58.4697,359.422
0.709847,626.44,329.601,956.041
0.710584,294.724,58.419,353.143
0.71132,628.418,323.907,952.326
0.712058,289.762,57.4026,347.165
0.712796,629.342,331.945,961.287
0.713535,284.978,52.0802,337.059
0.714275,633.161,331.199,964.36
0.715015,287.494,50.0874,337.582
0.715756,629.861,333.813,963.673
0.716498,281.934,51.1513,333.085
0.71724,620.848,329.664,950.512
0.717983,279.9,47.61,327.51
0.718726,625.937,326.8,952.737
0.719471,276.071,44.2715,320.342
0.720216,633.031,335.693,968.723
0.720961,278.147,43.1447,321.291
0.721708,625.755,334.691,960.446
0.722455,278.13,42.9669,321.097
0.723202,631.135,331.861,962.997
0.723951,282.955,46.0504,329.005
0.7247,630.476,331.596,962.073
0.725449,269.297,38.3858,307.683
0.7262,630.785,333.064,963.85
0.726951,273.41,38.0596,311.47
0.727703,633.687,338.707,972.395
0.728455,274.18,40.1747,314.354
0.729208,632.748,337.556,970.303
0.729962,276.751,40.854,317.605
0.730717,635.574,334.278,969.852
0.731472,277.63,41.6878,319.318
0.732228,638.153,330.962,969.114
0.732984,278.893,46.7929,325.686
0.733742,641.359,337.722,979.081
0.7345,269.911,35.6038,305.515
0.735258,640.684,342.491,983.175
0.736017,269.601,35.8985,305.499
0.736777,642.951,335.33,978.281
0.737538,276.324,39.6419,315.966
0.7383,635.161,333.025,968.186
0.739062,272.205,38.2745,310.48
0.739824,642.162,337.585,979.747
0.740588,272.798,36.2692,309.067
0.741352,641.252,338.216,979.467
0.742117,271.735,37.4997,309.235
0.742883,649.247,345.639,994.885
0.743649,270.9,35.2078,306.108
0.744416,647.578,340.172,987.75
0.745183,274.39,37.124,311.514
0.745952,645.602,340.758,986.36
0.746721,280.775,41.4435,322.218
0.747491,646.962,338.573,985.535
0.748261,274.369,33.1033,307.473
0.749032,650.143,342.741,992.884
0.749804,277.494,38.5021,315.996
0.750577,654.352,345.054,999.406
0.75135,271.496,33.3599,304.856
0.752124,657.851,347.342,1005.19
0.752898,269.035,33.1635,302.198
0.753674,660.09,351.071,1011.16
0.75445,270.826,31.974,302.8
0.755227,660.682,351.878,1012.56
0.756004,267.663,27.2434,294.907
0.756782,652.272,345.272,997.544
0.757561,267.907,32.3075,300.214
0.758341,659.251,351.609,1010.86
0.759121,264.508,28.2433,292.751
0.759902,653.497,347.005,1000.5
0.760684,266.462,31.5005,297.963
0.761466,654.237,347.349,1001.59
0.762249,259.448,29.9273,289.375
0.763033,660.9,353.164,1014.06
0.763818,253.362,19.4579,272.82
0.764603,654.489,346.946,1001.44
0.765389,262.162,25.6924,287.854
0.766176,654.627,349.743,1004.37
0.766963,262.331,27.7675,290.099
0.767751,653.705,348.705,1002.41
0.76854,260.688,23.1515,283.839
0.76933,657.299,352.424,1009.72
0.77012,261.518,22.3494,283.868
0.770911,654.975,349.925,1004.9
0.771703,253.649,23.6428,277.292
0.772495,653.663,350.411,1004.07
0.773289,251.867,23.0074,274.874
0.774082,652.031,349.194,1001.22
0.774877,256.147,23.9412,280.088
0.775672,646.662,347.208,993.87
0.776469,250.486,22.5915,273.078
0.777265,644.519,347.599,992.118
0.778063,250.699,24.9131,275.612
0.778861,646.765,344.145,990.909
0.77966,248.798,23.734,272.532
0.78046,643.981,346.97,990.951
0.78126,245,18.855,263.855
0.782061,645.953,346.185,992.138
0.782863,248.456,22.8329,271.289
0.783666,642.549,342.422,984.972
0.784469,243.854,20.3568,264.211
0.785273,644.532,347.115,991.647
0.786078,244.346,20.7083,265.054
0.786883,647.823,346.335,994.158
0.78769,246.092,18.9472,265.039
0.788497,638.186,346.318,984.504
0.789304,241.624,20.3637,261.988
0.790113,645.382,346.93,992.312
0.790922,249.721,21.4502,271.172
0.791732,632.33,339.525,971.854
0.792543,96.4487,-2.58786,93.8608
0.793354,114.193,7.17855,121.372
0.794166,139.943,23.6867,163.63
0.794979,156.19,35.7895,191.979
0.795793,185.497,53.3734,238.87
0.796607,225.853,74.1354,299.989
0.797422,259.932,92.2313,352.163
0.798238,292.163,109.897,402.059
0.799055,310.565,115.213,425.778
0.799872,353.348,138.89,492.238
0.80069,362.374,140.267,502.641
0.801509,404.525,166.097,570.622
0.802328,380.159,139.578,519.737
0.803149,443.825,184.306,628.131
0.80397,382.695,141.194,523.888
0.804791,442.685,183.614,626.298
0.805614,413.546,163.372,576.918
0.806437,429.59,175.97,605.559
0.807261,452.283,192.247,644.53
0.808086,422.714,173.304,596.019
0.808912,456.773,187.91,644.683
0.809738,438.35,178.681,617.031
0.810565,456.483,189.779,646.262
0.811393,437.877,175.87,613.747
0.812221,468.2,194.949,663.149
0.813051,438.025,176.412,614.437
0.813881,483.146,204.458,687.604
0.814711,436.06,174.143,610.204
0.815543,492.949,214.463,707.413
0.816375,445.271,176.081,621.352
0.817208,480.489,202.61,683.099
0.818042,461.335,182.048,643.384
0.818877,483.826,208.558,692.384
0.819712,453.81,176.759,630.569
0.820548,480.734,205.179,685.912
0.821385,461.858,185.214,647.072
0.822223,482.618,202.699,685.317
0.823061,460.589,181.849,642.438
0.8239,493.391,215.302,708.694
0.82474,454.7,174.36,629.06
0.825581,486.863,209.716,696.579
0.826422,459.311,183.879,643.19
0.827264,479.683,201.374,681.057
0.828107,470.262,185.63,655.892
0.828951,504.15,219.317,723.467
0.829796,466.379,190.398,656.777
0.830641,485.435,206.026,691.461
0.831487,464.925,188.441,653.365
0.832334,491.261,213.758,705.019
0.833181,464.958,187.428,652.385
0.83403,488.731,206.674,695.405
0.834879,457.052,184.786,641.838
0.835729,495.645,213.603,709.248
0.836579,460.285,188.377,648.662
0.837431,485.738,208.602,694.34
0.838283,465.207,187.23,652.437
0.839136,495.728,212.875,708.603
0.83999,463.838,185.057,648.895
0.840844,486.858,211.151,698.009
0.8417,472.695,196.632,669.327
0.842556,485.304,206.044,691.348
0.843413,462.08,185.478,647.559
0.84427,512.865,227.499,740.364
0.845129,459.219,182.682,641.901
0.845988,493.311,214.635,707.947
0.846848,461.945,182.374,644.319
0.847709,509.067,227.799,736.867
0.84857,467.83,186.668,654.498
0.849432,486.281,207.994,694.276
0.850296,464.2,184.437,648.637
0.85116,486.164,209.757,695.921
0.852024,459.641,185.589,645.23
0.85289,490.494,214.344,704.838
0.853756,455.734,182.962,638.696
0.854623,493.134,215.689,708.823
0.855491,454.839,182.079,636.917
0.856359,483.569,206.114,689.684
0.857229,457.866,183.695,641.56
0.858099,482.754,208.778,691.532
0.85897,466.463,193.084,659.547
0.859842,481.892,208.794,690.686
0.860714,453.201,183.738,636.939
0.861588,490.693,215.977,706.671
0.862462,446.666,180.812,627.478
0.863337,488.276,212.222,700.498
0.864213,456.409,183.748,640.157
0.865089,487.223,212.989,700.212
0.865967,455.782,183.868,639.65
0.866845,482.874,207.349,690.223
0.867724,450.886,179.81,630.697
0.868604,487.2,214.229,701.429
0.869484,458.645,183.102,641.747
0.870365,481.274,209.818,691.092
0.871248,452.487,183.476,635.963
0.872131,487.344,211.586,698.929
0.873014,451.858,179.589,631.448
0.873899,478.674,201.923,680.596
0.874784,451.482,179.534,631.016
0.87567,491.658,213.837,705.496
0.876557,448.496,176.13,624.626
0.877445,486.696,210.963,697.659
0.878334,445.483,176.294,621.776
0.879223,492.068,215.233,707.301
0.880113,453.389,176.449,629.839
0.881004,489.5,210.804,700.304
0.881896,447.335,177.637,624.972
0.882789,487.449,211.071,698.521
0.883682,451.622,178.511,630.133
0.884576,487.385,208.007,695.392
0.885472,442.705,173.241,615.946
0.886367,485.617,208.514,694.13
0.887264,455.543,178.76,634.303
0.888162,486.787,209.422,696.209
0.88906,454.031,182.791,636.823
0.889959,479.614,204.151,683.765
0.890859,458.601,184.344,642.945
0.89176,486.576,210.765,697.341
0.892661,452.757,177.399,630.155
0.893564,489.687,213.847,703.533
0.894467,443.321,172.956,616.277
0.895371,494.458,212.255,706.713
0.896276,449.494,173.102,622.597
0.897182,477.843,205.022,682.865
0.898088,465.941,183.32,649.261
0.898996,487.825,212.66,700.484
0.899904,454.734,176.353,631.087
0.900813,497.966,215.438,713.404
0.901723,454.338,176.602,630.94
0.902633,485.616,209.434,695.05
0.903545,456,177.77,633.77
0.904457,494.953,214.496,709.45
0.90537,459.399,181.001,640.4
0.906284,487.216,209.61,696.827
0.907199,459.274,180.183,639.457
0.908115,480.907,208.261,689.168
0.909031,452.612,176.762,629.374
0.909948,489.394,212.929,702.323
0.910867,458.903,180.907,639.81
0.911786,487.776,211.004,698.78
0.912705,460.332,182.433,642.765
0.913626,479.645,204.907,684.552
0.914547,459.912,182.988,642.9
0.91547,487.351,214.373,701.724
0.916393,456.158,177.511,633.669
0.917317,489.58,213.652,703.232
0.918242,453.797,176.841,630.637
0.919167,487.581,212.186,699.767
0.920094,437.294,167.635,604.929
0.921021,491.346,216.466,707.812
0.921949,443.522,173.119,616.641
0.922879,475.181,206.128,681.309
0.923808,445.552,172.21,617.762
0.924739,481.301,208.804,690.105
0.925671,441.366,169.993,611.36
0.926603,476.37,205.032,681.402
0.927536,433.069,167.308,600.376
0.928471,487.18,214.741,701.921
0.929406,429.674,165.765,595.439
0.930341,464.756,199.859,664.615
0.931278,435.127,169.014,604.141
0.932216,476.566,207.177,683.743
0.933154,419.779,157.335,577.114
0.934093,470.7,207.146,677.846
0.935033,427.997,167.731,595.727
0.935974,462.653,199.261,661.914
0.936916,421.655,162.318,583.973
0.937859,462.138,200.188,662.326
0.938802,421.134,163.449,584.583
0.939747,461.279,198.302,659.58
0.940692,411.253,152.883,564.135
0.941638,461.292,200.896,662.187
0.942585,408.476,152.557,561.033
0.943533,450.152,192.087,642.238
0.944481,406.415,154.011,560.426
0.945431,463.988,202.975,666.963
0.946381,400.719,148.337,549.056
0.947332,455.641,198.638,654.278
0.948285,402.965,155.683,558.649
0.949238,450.427,195.896,646.323
0.950191,404.296,151.188,555.484
0.951146,453.008,195.958,648.966
0.952102,408.833,155.019,563.853
0.953058,446.476,195.392,641.868
0.954015,393.015,145.919,538.934
0.954974,454.538,201.861,656.399
0.955933,391.793,144.772,536.565
0.956893,454.533,198.951,653.484
0.957853,401.717,148.249,549.966
0.958815,455.031,200.188,655.219
0.959778,391.535,145.282,536.817
0.960741,451.595,198.108,649.703
0.961705,395.019,147.098,542.117
0.962671,449.613,193.673,643.285
0.963637,394.047,146.583,540.631
0.964604,457.922,199.396,657.317
0.965571,392.29,148.251,540.541
0.96654,441.793,188.32,630.113
0.96751,400.988,152.738,553.726
0.96848,459.037,201.557,660.594
0.969452,387.519,143.283,530.802
0.970424,454.926,198.343,653.269
0.971397,385.439,142.579,528.017
0.972371,454.087,199.872,653.959
0.973346,387.152,142.175,529.327
0.974322,452.765,193.082,645.846
0.975298,391.708,144.294,536.003
0.976276,452.517,198.091,650.607
0.977254,387.483,143.314,530.797
0.978234,457.005,203.933,660.938
0.979214,392.783,142.628,535.412
0.980195,445.775,193.549,639.324
0.981177,391.462,145.114,536.575
0.98216,451.116,201.63,652.746
0.983143,402.619,146.942,549.561
0.984128,445.277,197.601,642.878
0.985114,400.365,147.573,547.938
0.9861,428.951,185.861,614.812
0.987088,404.498,148.38,552.878
0.988076,436.402,193.77,630.172
0.989065,399.694,145.661,545.355
0.990055,439.027,194.168,633.195
0.991046,399.817,146.533,546.35
0.992038,445.816,197.867,643.683
0.993031,408.589,153.472,562.061
0.994024,440.449,190.606,631.055
0.995019,390.258,139.942,530.2
0.996014,448.518,199.007,647.524
0.997011,399.046,148.061,547.107
0.998008,442.781,193.956,636.736
0.999006,400.337,145.098,545.435
1.00001,449.874,197.705,647.579
1.00101,395.161,144.035,539.196
1.00201,453.266,200.397,653.663
1.00301,399.97,147.942,547.912
1.00402,453.702,198.884,652.586
1.00502,398.092,146.29,544.382
1.00603,459.803,204.75,664.553
1.00704,385.789,142.386,528.174
1.00805,455.04,201.575,656.615
1.00906,396.991,144.068,541.059
1.01008,462.542,200.595,663.137
1.0111,409.337,152.272,561.609
1.01211,461.891,204.01,665.901
1.01313,401.13,145.059,546.189
1.01415,463.646,207.006,670.652
1.01518,408.434,148.701,557.135
1.0162,462.701,203.689,666.39
1.01723,416.762,152.195,568.957
1.01826,455.495,197.074,652.568
1.01929,413.739,153.257,566.997
1.02032,472.297,209.005,681.302
1.02135,404.068,144.921,548.988
1.02238,472.823,210.4,683.223
1.02342,414.73,153.47,568.2
1.02446,463.828,201.191,665.02
1.0255,413.225,150.302,563.528
1.02654,472.268,205.543,677.811
1.02758,405.693,146.479,552.172
1.02863,473.09,208.458,681.548
1.02968,411.079,150.11,561.189
1.03072,465.661,205.031,670.692
1.03177,414.297,152.11,566.407
1.03282,469.347,205.08,674.427
1.03388,408.855,149.808,558.664
1.03493,485.331,215.183,700.514
1.03599,409.389,149.149,558.539
1.03705,467.384,201.719,669.102
1.03811,423.297,158.637,581.933
1.03917,473.821,203.173,676.995
1.04023,417.214,152.689,569.903
1.0413,475.113,205.499,680.612
1.04237,425.751,157.897,583.648
1.04344,475.635,205.332,680.967
1.04451,421.593,157.062,578.655
1.04558,478.385,207.532,685.917
1.04665,428.035,161.409,589.444
1.04773,473.072,203.916,676.988
1.04881,431.11,159.343,590.453
1.04989,485.938,212.65,698.588
1.05097,434.352,164.037,598.388
1.05205,480.312,205.479,685.79
1.05313,431.694,162.908,594.602
1.05422,481.172,210.659,691.831
1.05531,428.581,156.124,584.704
1.0564,481.081,209.065,690.146
1.05749,432.867,161.657,594.524
1.05858,477.474,202.111,679.586
1.05968,445.647,169.315,614.961
1.06078,486.951,211.03,697.981
1.06187,436.02,161.668,597.687
1.06297,477.037,203.251,680.289
1.06408,450.716,169.263,619.979
1.06518,488.249,209.002,697.251
1.06629,446.61,165.857,612.467
1.06739,496.828,214.73,711.558
1.0685,448.679,165.051,613.73
1.06962,488.703,211.282,699.985
1.07073,452.06,170.949,623.01
1.07184,486.652,210.726,697.378
1.07296,446.419,168.613,615.032
1.07408,495.957,211.036,706.993
1.0752,454.131,171.63,625.761
1.07632,491.577,211.123,702.7
1.07745,446.922,169.267,616.189
1.07857,484.443,202.419,686.862
1.0797,446.223,167.23,613.453
1.08083,501.015,217.731,718.746
1.08196,439.551,166.543,606.094
1.08309,490.741,207.697,698.438
1.08423,434.362,165.893,600.256
1.08536,489.567,208.901,698.468
1.0865,432.948,161.177,594.126
1.08764,489.757,208.962,698.719
1.08879,434.784,164.053,598.837
1.08993,489.147,211.085,700.232
1.09108,429.319,156.736,586.056
1.09223,485.873,213.344,699.217
1.09337,424.627,157.691,582.318
1.09453,478.879,210.537,689.416
1.09568,416.425,154.136,570.561
1.09684,466.29,203.87,670.16
1.09799,423.772,157.128,580.901
1.09915,459.459,197.86,657.318
1.10031,414.819,149.214,564.032
1.10148,461.139,202.649,663.788
1.10264,419.762,154.967,574.729
1.10381,453.671,199.29,652.961
1.10498,416.849,153.217,570.066
1.10615,450.706,194.933,645.64
1.10732,423.229,152.632,575.86
1.10849,443.738,191.135,634.874
1.10967,422.93,157.056,579.986
1.11085,444.583,191.674,636.257
1.11203,409.697,148.586,558.283
1.11321,446.485,193.36,639.845
1.11439,406.978,149.069,556.047
1.11558,450.622,196.676,647.297
1.11677,402.999,146.339,549.338
1.11796,438.232,188.813,627.046
1.11915,390.312,139.505,529.817
1.12034,447.178,196.22,643.399
1.12154,395.312,141.63,536.942
1.12274,446.664,193.972,640.636
1.12394,389.89,139.45,529.34
1.12514,444.98,193.694,638.675
1.12634,383.222,136.498,519.72
1.12755,448.72,194.98,643.699
1.12875,377.103,132.715,509.819
1.12996,457.063,200.674,657.737
1.13117,367.693,126.865,494.558
1.13239,451.801,199.511,651.311
1.1336,374.415,130.805,505.22
1.13482,443.083,191.69,634.773
1.13604,375.424,133.112,508.536
1.13726,443.237,191.534,634.77
1.13848,374.627,131.133,505.76
1.13971,443.916,193.293,637.21
1.14093,379.023,133.639,512.662
1.14216,442.576,191.314,633.89
1.14339,367.081,125.951,493.032
1.14463,439.941,191.543,631.483
1.14586,367.869,129.252,497.121
1.1471,436.003,187.094,623.098
1.14834,363.91,125.277,489.188
1.14958,440.952,192.141,633.092
1.15082,354.104,118.733,472.837
1.15207,453.156,199.604,652.76
1.15332,346.648,114.457,461.105
1.15456,450.711,200.058,650.769
1.15582,349.883,116.92,466.803
1.15707,442.646,190.843,633.489
1.15832,348.665,118.38,467.045
1.15958,443.654,191.957,635.611
1.16084,342.396,111.996,454.392
1.1621,454.263,198.467,652.73
1.16337,340.569,111.09,451.659
1.16463,452.226,200.645,652.871
1.1659,336.197,107.789,443.986
1.16717,456.714,201.027,657.741
1.16844,338.902,105.738,444.639
1.16971,468.459,205.578,674.038
1.17099,337.958,104.958,442.916
1.17227,460.204,202.061,662.265
1.17355,346.723,111.351,458.074
1.17483,465.514,203.807,669.321
1.17611,347.558,110.015,457.574
1.1774,468.687,208.7,677.386
1.17869,351.067,111.724,462.791
1.17998,461.155,201.456,662.61
1.18127,362.299,118.516,480.815
1.18256,468.54,205.834,674.374
1.18386,364.856,118.589,483.444
1.18516,476.267,211.747,688.014
1.18646,347.459,106.2,453.659
1.18776,493.939,222.52,716.459
1.18907,346.718,106.032,452.751
1.19038,484.092,215.5,699.592
1.19169,356.929,110.585,467.514
1.193,486.115,214.298,700.413
1.19431,355.614,109.776,465.389
1.19563,504.27,225.75,730.02
1.19694,352.795,104.988,457.782
1.19826,506.381,226.441,732.821
1.19959,359.993,109.233,469.226
1.20091,503.458,225.896,729.354
1.20224,358.141,109.184,467.325
1.20357,514.165,231.483,745.648
1.2049,361.126,108.731,469.857
1.20623,513.474,232.248,745.722
1.20756,362.353,110.909,473.262
1.2089,516.314,230.882,747.196
1.21024,371.313,117.266,488.579
1.21158,507.962,224.205,732.167
1.21293,373.201,117.2,490.401
1.21427,507.183,227.07,734.253
1.21562,372.004,113.487,485.491
1.21697,516.777,231.491,748.268
1.21832,375.348,115.973,491.32
1.21968,521.076,232.139,753.215
1.22104,377.681,115.461,493.141
1.2224,516.48,230.942,747.421
1.22376,380.177,116.521,496.698
1.22512,514.44,231.622,746.062
1.22649,391.2,122.468,513.669
1.22785,509.885,225.803,735.688
1.22922,391.271,122.179,513.45
1.2306,518.383,231.954,750.337
1.23197,383.4,116.391,499.791
1.23335,519.571,231.227,750.797
1.23473,395.97,129.373,525.343
1.23611,514.802,225.66,740.461
1.23749,391.027,123.391,514.418
1.23888,512.6,226.681,739.282
1.24027,394.868,127.868,522.736
1.24166,521.11,231.827,752.938
1.24305,395.711,130.193,525.904
1.24445,506.667,218.57,725.237
1.24584,395.728,130.07,525.798
1.24724,516.608,226.445,743.053
1.24864,388.552,124.367,512.919
1.25005,514.437,227.021,741.457
1.25145,395.046,130.141,525.187
1.25286,506.126,222.132,728.259
1.25427,394.141,129.393,523.535
1.25569,504.424,222.087,726.51
1.2571,399.567,134.59,534.157
1.25852,490.9,212.49,703.39
1.25994,401.258,135.078,536.337
1.26136,491.958,215.015,706.973
1.26279,395.639,129.635,525.274
1.26421,483.828,209.211,693.04
1.26564,398.667,136.306,534.972
1.26708,475.73,205.123,680.853
1.26851,396.28,135.35,531.631
1.26995,480.004,208.24,688.244
1.27138,387.326,128.275,515.601
1.27283,474.65,207.57,682.22
1.27427,390.49,130.481,520.971
1.27571,470.681,203.647,674.328
1.27716,381.57,126.968,508.538
1.27861,465.8,202.53,668.33
1.28007,379.625,127.915,507.54
1.28152,465.811,203.104,668.915
1.28298,367.652,122.183,489.836
1.28444,468.106,204.471,672.577
1.2859,360.735,117.51,478.244
1.28736,460.126,198.313,658.439
1.28883,363.008,120.888,483.896
1.2903,456.701,195.739,652.44
1.29177,351.324,112.771,464.095
1.29325,462.156,200.56,662.716
1.29472,361.004,117.078,478.082
1.2962,448.758,192.811,641.569
1.29768,360.64,119.553,480.193
1.29917,449.432,193.255,642.687
1.30065,357.178,115.354,472.532
1.30214,442.935,188.16,631.095
1.30363,361.26,120.824,482.084
1.30513,432.929,182.564,615.493
1.30662,357.808,116.984,474.792
1.30812,444.941,192.944,637.886
1.30962,362.874,118.036,480.91
1.31112,437.662,184.919,622.581
1.31263,368.356,121.153,489.509
1.31414,437.808,187.425,625.233
1.31565,366.021,117.285,483.306
1.31716,439.98,189.132,629.112
1.31868,360.41,114.471,474.882
1.32019,448.916,198.108,647.024
1.32171,367.367,116.881,484.248
1.32324,444.338,189.298,633.636
1.32476,377.864,124.165,502.029
1.32629,435.816,185.25,621.066
1.32782,378.786,121.575,500.361
1.32935,451.541,195.795,647.335
1.33089,371.277,118.985,490.261
1.33243,450.035,193.896,643.931
1.33397,360.459,114.022,474.48
1.33551,459.302,199.213,658.515
1.33705,370.338,117.895,488.232
1.3386,455.336,197.589,652.925
1.34015,367.343,119.067,486.41
1.34171,454.648,193.12,647.768
1.34326,364.006,114.69,478.696
1.34482,461.639,199.907,661.546
1.34638,372.38,117.411,489.791
1.34794,454.381,194.361,648.742
1.34951,375.75,122.479,498.229
1.35107,454.87,191.584,646.454
1.35265,377.512,119.819,497.33
1.35422,456.279,193.533,649.812
1.35579,373.152,117.366,490.518
1.35737,465.829,199.493,665.321
1.35895,380.817,120.543,501.36
1.36054,465.832,198.3,664.132
1.36212,379.918,120.346,500.264
1.36371,470.422,200.859,671.281
1.3653,373.598,115.952,489.55
1.3669,485.627,211.697,697.324
1.36849,361.875,108.58,470.455
1.37009,502.424,221.329,723.752
1.37169,370.218,111.653,481.871
1.3733,493.808,217.347,711.155
1.3749,367.563,109.199,476.762
1.37651,499.169,213.85,713.019
1.37812,385.797,119.708,505.505
1.37974,490.898,210.774,701.672
1.38135,386.465,120.855,507.32
1.38297,498.489,217.476,715.965
1.3846,382.075,117.575,499.65
1.38622,500.221,214.579,714.8
1.38785,391.787,122.867,514.654
1.38948,500.644,216.971,717.615
1.39111,386.443,120.715,507.158
1.39275,500.887,216.179,717.065
1.39439,379.69,114.086,493.776
1.39603,513.524,227.699,741.223
1.39767,368.283,103.51,471.792
1.39932,515.298,228.976,744.274
1.40097,375.373,111.806,487.179
1.40262,503.919,220.956,724.875
1.40427,375.575,110.248,485.824
1.40593,506.656,222.398,729.054
1.40759,373.669,112.849,486.518
1.40925,496.21,215.18,711.39
1.41092,374.535,112.148,486.684
1.41258,490.6,214.251,704.851
1.41425,370.777,112.899,483.676
1.41593,500.055,216.145,716.2
1.4176,360.604,106.228,466.832
1.41928,499.036,220.055,719.091
1.42096,355.389,107.848,463.237
1.42265,494.337,215.221,709.558
1.42433,353.373,104.398,457.771
1.42602,494.948,217.284,712.232
1.42772,345.052,97.0853,442.138
1.42941,500.114,221.962,722.076
1.43111,348.623,99.9933,448.616
1.43281,483.09,207.672,690.762
1.43451,356.285,106.248,462.533
1.43622,476.909,206.808,683.717
1.43793,347.082,102.592,449.673
1.43964,482.681,210.791,693.472
1.44135,338.253,94.1922,432.445
1.44307,488.502,216.468,704.97
1.44479,342.134,96.3573,438.491
1.44651,472.505,203.655,676.16
1.44824,352.928,107.69,460.618
1.44997,464.284,198.511,662.795
1.4517,350.972,102.885,453.857
1.45343,475.004,207.847,682.851
1.45517,333.042,93.5789,426.621
1.45691,476.332,206.864,683.196
1.45865,330.626,94.9635,425.589
1.4604,476.978,209.113,686.091
1.46214,337.308,96.8497,434.157
1.4639,472.433,205.116,677.549
1.46565,334.576,94.3043,428.881
1.46741,479.678,210.073,689.751
1.46917,335.655,95.8713,431.526
1.47093,470.756,203.14,673.896
1.47269,348.528,104.094,452.622
1.47446,466.351,198.935,665.286
1.47623,348.175,103.57,451.745
1.47801,475.361,206.329,681.69
1.47978,349.949,102.482,452.431
1.48156,469.187,198.968,668.155
1.48335,351.301,104.997,456.298
1.48513,483.132,206.95,690.082
1.48692,345.058,98.0613,443.119
1.48871,480.244,207.502,687.746
1.4905,344.93,98.4986,443.429
1.4923,475.043,205.43,680.474
1.4941,354.662,105.025,459.687
1.4959,475.489,205.287,680.776
1.49771,350.457,102.214,452.671
1.49952,485.536,208.407,693.943
1.50133,350.296,97.543,447.839
1.50315,482.913,211.099,694.013
1.50496,346.978,98.283,445.261
1.50678,488.975,213.334,702.309
1.50861,354.325,101.234,455.558
1.51043,480.961,206.177,687.138
1.51226,359.428,106.195,465.623
1.5141,485.345,207.611,692.956
1.51593,363.422,107.134,470.557
1.51777,479.561,204.933,684.494
1.51961,361.208,106.566,467.774
1.52146,486.682,210.503,697.184
1.5233,366.369,108.221,474.59
1.52515,484.186,206.004,690.19
1.52701,368.144,112.354,480.497
1.52886,483.208,202.912,686.12
1.53072,369.363,111.996,481.359
1.53258,494.229,211.002,705.23
1.53445,355.023,102.12,457.143
1.53632,502.672,219.104,721.776
1.53819,356.65,101.569,458.219
1.54006,497.996,214.714,712.71
1.54194,357.746,102.893,460.639
1.54382,497.245,215.444,712.689
1.54571,352.741,98.2304,450.972
1.54759,501.988,218.97,720.958
1.54948,355.662,99.9513,455.613
1.55138,500.542,217.894,718.436
1.55327,359.852,99.8782,459.731
1.55517,488.505,210.673,699.178
1.55707,364.309,106.51,470.819
1.55898,490.86,209.309,700.169
1.56089,363.512,103.956,467.468
1.5628,492.435,211.221,703.656
1.56471,369.995,106.474,476.47
1.56663,486.179,207.932,694.111
1.56855,362.407,103.522,465.929
1.57048,492.625,215.266,707.891
1.5724,358.551,101.49,460.04
1.57433,487.558,210.869,698.427
1.57627,366.504,102.375,468.878
1.5782,486.465,206.836,693.302
1.58014,360.15,101.615,461.765
1.58208,489.562,212.666,702.228
1.58403,358.987,101.577,460.565
1.58598,487.437,206.473,693.91
1.58793,369.805,108.055,477.86
1.58989,486.879,206.8,693.679
1.59185,353.111,97.1662,450.277
1.59381,492.319,210.834,703.153
1.59577,358.685,102.099,460.784
1.59774,482.242,203.037,685.279
1.59971,362.353,104.312,466.666
1.60169,476.339,198.892,675.231
1.60366,359.805,102.165,461.971
1.60564,487.167,207.439,694.607
1.60763,345.91,95.2074,441.117
1.60962,496.115,214.131,710.245
1.61161,333.746,86.3994,420.145
1.6136,500.752,214.993,715.746
1.6156,337.802,89.8245,427.627
1.6176,492.198,209.347,701.546
1.6196,335.787,91.5118,427.299
1.62161,489.257,208.153,697.41
1.62362,346.517,97.5951,444.112
1.62563,482.925,203.149,686.074
1.62765,341.38,92.7337,434.114
1.62967,480.024,202.699,682.723
1.63169,344.856,94.3676,439.224
1.63372,487.363,208.294,695.657
1.63575,332.904,84.9241,417.828
1.63778,498.112,216.913,715.025
1.63982,324.169,76.7506,400.92
1.64186,507.114,225.093,732.207
1.6439,328.4,78.9643,407.364
1.64595,507.323,223.314,730.637
1.648,327.3,79.3484,406.649
1.65005,503.515,219.093,722.608
1.65211,330.924,80.2455,411.17
1.65417,502.855,220.586,723.441
1.65623,331.85,83.4661,415.316
1.65829,498.878,215.873,714.752
1.66036,342.825,90.3385,433.164
1.66244,498.867,216.033,714.901
1.66451,333.306,85.3941,418.7
1.66659,497.692,214.15,711.842
1.66868,342.834,87.4956,430.33
1.67076,503.946,221.146,725.092
1.67285,333.327,81.2794,414.607
1.67495,510.281,223.701,733.982
1.67704,331.568,80.7258,412.294
1.67914,507.165,222.278,729.442
1.68125,338.042,83.6581,421.7
1.68335,504.675,219.294,723.969
1.68547,344.606,87.757,432.363
1.68758,498.314,216.015,714.328
1.6897,341.4,86.3939,427.793
1.69182,503.461,219.134,722.595
1.69394,343.951,87.509,431.46
1.69607,510.128,224.094,734.223
1.6982,341.099,83.3191,424.418
1.70033,510.517,221.646,732.163
1.70247,341.141,84.0722,425.213
1.70461,503.099,216.14,719.239
1.70676,351.667,90.474,442.141
1.70891,493.397,209.217,702.614
1.71106,359.054,96.9175,455.972
1.71322,493.202,206.384,699.586
1.71537,349.78,91.7248,441.505
1.71754,505.081,218.118,723.199
1.7197,334.709,82.5024,417.212
1.72187,510.487,225.161,735.647
1.72405,318.958,69.3351,388.293
1.72622,526.229,234.588,760.817
1.7284,321.774,72.4931,394.267
1.73059,517.297,227.372,744.669
1.73277,324.855,74.4011,399.256
1.73496,516.019,227.315,743.334
1.73716,327.842,76.3421,404.184
1.73936,510.913,223.658,734.571
1.74156,337.895,82.4739,420.369
1.74376,502.24,215.975,718.215
1.74597,338.35,81.3073,419.657
1.74818,506.144,219.984,726.128
1.7504,329.618,76.6311,406.249
1.75262,508.961,222.697,731.658
1.75484,329.918,75.4918,405.41
1.75707,511.07,224.77,735.841
1.7593,327.583,74.146,401.729
1.76153,511.659,224.146,735.804
1.76377,324.188,73.1346,397.322
1.76601,509.932,221.017,730.948
1.76826,334.693,82.5889,417.282
1.7705,497.144,213.797,710.941
1.77276,334.245,81.0767,415.322
1.77501,494.485,211.053,705.538
1.77727,338.02,82.26,420.28
1.77953,495.063,213.45,708.513
1.7818,341.998,84.3209,426.319
1.78407,489.124,208.314,697.438
1.78635,347.324,88.028,435.352
1.78862,486.843,205.284,692.127
1.7909,341.991,85.9169,427.908
1.79319,490.872,209.347,700.22
1.79548,347.44,85.9452,433.385
1.79777,497.36,210.861,708.221
1.80007,334.862,78.1505,413.012
1.80237,507.885,219.934,727.819
1.80467,330.509,71.8266,402.335
1.80698,515.798,225.622,741.42
1.80929,324.246,70.2328,394.479
1.81161,511.977,220.69,732.668
1.81392,330.631,74.6968,405.328
1.81625,516.702,225.827,742.529
1.81857,317.964,67.6792,385.643
1.8209,520.143,228.096,748.239
1.82324,313.856,67.9547,381.811
1.82558,525.962,231.439,757.401
1.82792,309.478,63.5951,373.073
1.83026,524.785,229.48,754.265
1.83261,315.788,65.031,380.819
1.83496,528.652,231.436,760.088
1.83732,310.392,62.4678,372.86
1.83968,531.401,233.295,764.696
1.84205,308.207,61.8254,370.032
1.84441,533.419,236.576,769.995
1.84679,306.278,57.9738,364.252
1.84916,532.317,236.586,768.903
1.85154,311.71,60.8059,372.516
1.85393,521.851,231.173,753.024
1.85631,324.529,67.7748,392.304
1.85871,517.867,226.456,744.323
1.8611,320.223,67.5995,387.823
1.8635,520.441,228.875,749.316
1.8659,315.691,66.2567,381.948
1.86831,525.843,230.24,756.083
1.87072,319.128,65.9306,385.059
1.87314,526.826,231.149,757.975
1.87556,308.98,59.112,368.092
1.87798,537.137,238.927,776.064
1.88041,303.462,54.8623,358.324
1.88284,545.116,245.233,790.349
1.88527,285.961,45.358,331.319
1.88771,551.862,249.601,801.462
1.89015,289.859,46.037,335.896
1.8926,549.901,247.18,797.082
1.89505,294.157,46.4321,340.589
1.8975,551.027,248.886,799.913
1.89996,286.51,41.9642,328.475
1.90242,549.199,248.228,797.427
1.90489,294.533,46.5122,341.045
1.90736,552.65,250.754,803.404
1.90984,287.869,42.7747,330.644
1.91231,544.224,244.721,788.945
1.9148,300.241,52.1364,352.378
1.91728,529.231,233.538,762.769
1.91977,307.936,57.1096,365.046
1.92227,529.731,233.853,763.584
1.92477,311.787,59.1204,370.908
1.92727,525.319,233.607,758.926
1.92978,310.058,56.5924,366.65
1.93229,522.05,229.946,751.996
1.9348,305.718,56.0854,361.803
1.93732,533.855,237.229,771.084
1.93984,281.607,38.4933,320.101
1.94237,545.17,245.378,790.548
1.9449,285.893,41.0999,326.993
1.94744,552.892,251.29,804.182
1.94998,274.405,32.9547,307.36
1.95252,555.446,252.453,807.899
1.95507,276.072,35.0352,311.107
1.95762,552.687,252.593,805.28
1.96018,271.814,31.3811,303.195
1.96274,558.478,255.031,813.509
1.9653,275.987,33.2281,309.215
1.96787,553.221,250.804,804.025
1.97044,270.898,31.876,302.774
1.97302,556.254,252.643,808.897
1.9756,275.396,34.4659,309.861
1.97819,549.552,250.566,800.118
1.98078,280.682,37.0765,317.759
1.98337,546.03,244.093,790.123
1.98597,282.113,37.5399,319.653
1.98857,543.444,244.87,788.314
1.99118,277.627,37.6553,315.283
1.99379,543.477,243.759,787.236
1.9964,279.593,39.6914,319.285
1.99902,549.032,246.846,795.878
2.00165,273.081,34.6413,307.722
2.00427,551.012,247.667,798.678
2.0069,271.96,33.6302,305.59
2.00954,549.289,249.689,798.978
2.01218,268.294,29.1884,297.482
2.01483,559.069,254.632,813.7
2.01748,269.228,31.2842,300.512
2.02013,555.393,253.496,808.89
2.02279,259.765,24.3473,284.113
2.02545,561.354,257.607,818.961
2.02811,265.481,28.76,294.241
2.03079,557.787,255.125,812.912
2.03346,272.345,33.709,306.054
2.03614,550.95,247.752,798.702
2.03882,279.234,37.8564,317.09
2.04151,544.493,241.609,786.101
2.0442,288.272,46.9781,335.25
2.0469,539.277,235.361,774.638
2.0496,291.945,49.2787,341.223
2.05231,540.739,237.335,778.074
2.05502,293.965,47.7721,341.737
2.05773,536.731,234.342,771.073
2.06045,287.067,44.7345,331.801
2.06317,539.762,237.495,777.258
2.0659,292.214,49.9396,342.154
2.06863,536.304,232.407,768.711
2.07137,300.988,50.8811,351.869
2.07411,529.159,227.228,756.386
2.07686,304.065,55.4401,359.505
2.07961,533.319,230.347,763.666
2.08236,298.241,49.7887,348.03
2.08512,539.33,235.633,774.963
2.08788,295.647,45.481,341.128
2.09065,545.83,241.465,787.295
2.09342,291.745,44.8192,336.564
2.0962,544.684,240.82,785.505
2.09898,290.621,42.0112,332.632
2.10177,551.759,244.896,796.655
2.10456,279.163,33.9961,313.159
2.10735,559.173,250.968,810.142
2.11015,277.998,32.3559,310.354
2.11296,559.85,252.834,812.685
2.11576,274.794,32.1787,306.973
2.11858,562.555,253.868,816.423
2.1214,273.131,27.1595,300.291
2.12422,555.672,248.935,804.607
2.12704,283.399,37.2928,320.692
2.12988,549.932,244.116,794.048
2.13271,282.278,36.5664,318.845
2.13555,537.519,236.919,774.438
2.1384,282.416,38.8411,321.257
2.14125,541.275,240.235,781.509
2.1441,280.363,36.7013,317.065
2.14696,541.576,239.818,781.394
2.14983,273.023,32.1986,305.222
2.15269,554.334,249.479,803.813
2.15557,268.412,27.4724,295.884
2.15845,544.046,240.415,784.461
2.16133,283.401,40.2761,323.677
2.16421,520.399,223.739,744.138
2.16711,313.578,64.6628,378.241
2.17,476.45,191.137,667.586
2.1729,343.24,88.0332,431.273
2.17581,454.045,173.072,627.117
2.17872,351.223,92.6026,443.826
2.18164,466.648,184.026,650.674
2.18456,330.307,74.9168,405.224
2.18748,492.33,205.136,697.466
2.19041,298.738,52.24,350.978
2.19335,519.789,226.93,746.719
2.19628,271.275,30.9782,302.254
2.19923,542.544,244.407,786.951
2.20218,266.187,27.6182,293.805
2.20513,545.425,244.085,789.51
2.20809,261.592,25.7727,287.364
2.21105,542.324,242.166,784.49
2.21402,276.224,38.0246,314.248
2.21699,527.493,229.827,757.32
2.21997,286.875,44.0135,330.888
2.22295,518.917,222.143,741.06
2.22594,297.85,53.3412,351.191
2.22893,518.681,220.82,739.501
2.23193,291.701,46.885,338.586
2.23493,528.187,228.855,757.042
2.23794,279.678,40.217,319.895
2.24095,546.723,241.879,788.602
2.24397,269.741,32.5899,302.33
2.24699,553.902,245.178,799.08
2.25001,269.234,28.3868,297.62
2.25305,558.269,250.218,808.487
2.25608,271.999,30.8296,302.829
2.25912,551.789,245.778,797.567
2.26217,285.989,40.5198,326.509
2.26522,532.858,228.842,761.7
2.26828,312.087,60.0055,372.093
2.27134,491.284,200.263,691.547
2.2744,362.781,97.5097,460.291
2.27747,465.742,176.21,641.952
2.28055,370.068,101.916,471.984
2.28363,480.675,187.102,667.777
2.28672,342.584,78.8298,421.413
2.28981,516.441,215.85,732.291
2.2929,304.164,50.5995,354.763
2.296,553.264,243.252,796.517
2.29911,274.592,30.5434,305.136
2.30222,560.344,250.64,810.984
2.30534,277.424,28.9832,306.407
2.30846,558.949,247.388,806.337
2.31158,281.498,33.1003,314.598
2.31472,554.695,245.22,799.916
2.31785,287.94,39.0774,327.017
2.32099,535.978,232.524,768.501
2.32414,303.257,51.8789,355.136
2.32729,523.364,220.026,743.39
2.33045,307.356,53.5982,360.954
2.33361,522.112,222.648,744.76
2.33678,295.929,47.2021,343.131
2.33995,532.854,228.782,761.636
2.34313,279.452,36.109,315.561
2.34631,545.654,240.058,785.712
2.3495,269.225,29.1219,298.347
2.35269,551.555,244.052,795.607
2.35589,267.759,26.9332,294.692
2.35909,541.315,239.172,780.487
2.3623,273.816,34.1807,307.997
2.36552,535.282,232.706,767.988
2.36873,282.665,42.0725,324.737
2.37196,513.722,218.556,732.278
2.37519,302.143,54.8583,357.001
2.37842,502.956,207.793,710.749
2.38166,301.448,54.8084,356.256
2.38491,498.988,209.33,708.317
2.38816,300.116,54.0706,354.186
2.39141,508.496,215.87,724.366
2.39467,272.9,35.7355,308.636
2.39794,533.04,234.145,767.185
2.40121,268.174,30.3316,298.506
2.40449,536.182,237.646,773.828
2.40777,264.749,26.4466,291.196
2.41106,536.653,237.321,773.974
2.41435,262.069,24.786,286.855
2.41765,538.851,238.794,777.645
2.42095,267.967,32.3655,300.332
2.42426,531.928,230.476,762.404
2.42758,275.083,36.1501,311.233
2.4309,522.695,223.343,746.038
2.43422,295.113,47.5692,342.682
2.43755,511.186,214.353,725.54
2.44089,297.324,50.1807,347.505
2.44423,520.078,221.306,741.384
2.44758,290.957,44.8187,335.776
2.45093,526.985,226.042,753.027
2.45429,278.947,35.55,314.497
2.45765,545.682,238.876,784.559
2.46102,280.89,37.104,317.994
2.46439,532.656,228.039,760.695
2.46777,299.897,50.2833,350.18
2.47116,503.078,205.06,708.137
2.47455,343.104,79.8406,422.944
2.47795,467.308,179.143,646.452
2.48135,362.578,95.4504,458.029
2.48475,467.143,176.389,643.532
2.48817,347.817,84.8825,432.699
2.49159,499.779,200.783,700.562
2.49501,309.954,57.5179,367.472
2.49844,539.879,230.123,770.001
2.50187,276.731,32.8153,309.546
2.50531,556.451,245.656,802.107
2.50876,275.021,30.2762,305.297
2.51221,551.106,238.296,789.402
2.51567,276.856,32.9084,309.765
2.51913,550.401,239.259,789.661
2.5226,281.715,36.2473,317.963
2.52608,541.338,232.21,773.548
2.52956,288.205,41.4585,329.664
2.53304,529.162,223.516,752.678
2.53653,290.121,44.0213,334.143
2.54003,523.416,221.498,744.914
2.54353,299.196,48.8335,348.029
2.54704,517.716,215.202,732.918
2.55055,288.841,43.3315,332.173
2.55407,538.83,230.844,769.674
2.5576,277.214,34.0371,311.251
2.56113,537.458,232.578,770.036
2.56467,270.056,30.0027,300.058
2.56821,536.913,231.45,768.362
2.57176,286.307,40.9467,327.254
2.57531,512.896,216.085,728.981
2.57887,302.305,53.0741,355.379
2.58244,490.37,195.072,685.442
2.58601,334.054,76.5078,410.562
2.58959,457.572,173.915,631.487
2.59317,349.215,88.8088,438.023
2.59676,463.572,175.955,639.527
2.60035,328.47,72.7161,401.186
2.60395,496.32,201.767,698.087
2.60756,287.425,43.1368,330.561
2.61117,533.583,232.389,765.972
2.61479,264.452,25.3571,289.809
2.61841,537.823,234.917,772.74
2.62204,267.956,28.3103,296.267
2.62568,532.468,231.508,763.976
2.62932,277.358,36.5368,313.895
2.63297,523.401,223.531,746.933
2.63662,290.243,45.7576,336.001
2.64028,514.865,213.926,728.791
2.64395,300.935,52.0033,352.938
2.64762,507.829,210.404,718.232
2.6513,304.67,53.3421,358.012
2.65498,513.612,212.81,726.422
2.65867,292.368,45.957,338.325
2.66236,535.516,228.066,763.582
2.66607,276.165,33.4571,309.622
2.66977,543.901,234.024,777.925
2.67349,275.634,32.0547,307.688
2.67721,538.951,230.653,769.604
2.68093,283.721,38.2142,321.935
2.68466,533.54,225.381,758.921
2.6884,304.347,52.7645,357.111
2.69214,513.807,210.133,723.94
2.69589,321.57,65.3859,386.956
2.69965,487.017,193.026,680.043
2.70341,344.835,80.5149,425.35
2.70718,472.486,182.414,654.899
2.71095,342.373,78.5377,420.911
2.71473,489.412,195.083,684.495
2.71852,313.275,58.7854,372.06
2.72231,520.977,218.651,739.627
2.72611,280.849,36.0381,316.887
2.72992,539.938,234.35,774.288
2.73373,276.884,32.3108,309.195
2.73755,536.532,231.049,767.581
2.74137,278.298,35.8298,314.128
2.7452,524.966,223.03,747.995
2.74903,288.401,43.7508,332.151
2.75288,519.452,216.223,735.675
2.75673,287.201,44.3042,331.505
2.76058,520.231,219.337,739.568
2.76444,277.215,38.0158,315.231
2.76831,526.379,222.257,748.636
2.77218,270.753,33.1342,303.887
2.77606,530.223,225.987,756.211
2.77995,267.641,31.4896,299.13
2.78384,531.674,227.601,759.275
2.78774,268.445,32.7579,301.203
2.79164,524.461,223.703,748.165
2.79556,275.435,36.0814,311.516
2.79947,512.995,214.12,727.116
2.8034,293.592,50.1158,343.708
2.80733,492.769,198.069,690.838
2.81126,311.856,62.8383,374.694
2.81521,483.704,192.681,676.385
2.81916,302.444,56.265,358.709
2.82311,492.445,197.667,690.112
2.82708,293.125,50.1434,343.269
2.83105,513.868,214.357,728.226
2.83502,264.606,28.7783,293.384
2.839,530.69,228.105,758.795
2.84299,269.438,32.1286,301.567
2.84699,520.384,218.936,739.32
2.85099,282.609,41.05,323.659
2.85499,511.88,211.718,723.598
2.85901,291.482,48.4078,339.89
2.86303,507.226,208.522,715.748
2.86706,290.998,47.7531,338.751
2.87109,510.156,210.831,720.987
2.87513,286.431,41.1737,327.604
2.87918,525.943,223.013,748.956
2.88323,273.643,33.6625,307.305
2.88729,525.906,222.693,748.599
2.89136,284.066,39.9377,324.004
2.89543,529.456,223.232,752.688
2.89951,284.672,38.9538,323.625
2.9036,526.313,219.87,746.184
2.90769,289.773,44.6591,334.432
2.91179,518.949,213.211,732.16
2.9159,292.728,48.214,340.942
2.92001,521.96,215.006,736.965
2.92413,281.827,39.1407,320.968
2.92826,530.839,223.875,754.714
2.93239,282.527,39.9001,322.427
2.93653,530.678,221.209,751.886
2.94068,289.906,45.1239,335.03
2.94483,517.522,212.361,729.883
2.94899,298.89,50.4381,349.328
2.95316,508.575,206.67,715.245
2.95734,308.685,57.7495,366.434
2.96152,495.35,198.364,693.713
2.9657,311.796,60.9091,372.705
2.9699,501.532,201.804,703.336
2.9741,296.549,49.2742,345.823
2.97831,525.471,222.76,748.231
2.98252,276.097,32.5904,308.687
2.98674,522.146,221.681,743.828
2.99097,285.532,41.3323,326.864
2.99521,512.898,215.014,727.911
2.99945,290.754,47.6772,338.431
3.0037,502.931,203.931,706.862
3.00795,297.557,51.458,349.015
3.01222,504.498,206.315,710.812
3.01649,283.091,42.4692,325.56
3.02076,512.006,213.33,725.336
3.02505,278.129,36.1678,314.297
3.02934,513.814,214.674,728.488
3.03364,278.054,37.7656,315.819
3.03794,509.463,211.988,721.451
3.04225,275.033,36.1232,311.156
3.04657,514.317,215.775,730.092
3.0509,278.119,38.1728,316.292
3.05523,508.352,210.661,719.013
3.05957,281.395,43.1481,324.543
3.06392,507.085,207.847,714.932
3.06827,287.148,44.9487,332.097
3.07263,501.678,204.264,705.941
3.077,284.255,43.0536,327.309
3.08137,511.979,210.711,722.691
3.08576,277.006,37.8779,314.884
3.09015,515.491,214.849,730.34
3.09454,275.623,36.9675,312.591
3.09895,514.046,213.193,727.239
3.10336,279.09,38.0803,317.17
3.10777,518.798,216.674,735.473
3.1122,286.64,43.396,330.036
3.11663,511.432,208.679,720.11
3.12107,288.676,46.4171,335.093
3.12552,511.288,209.55,720.839
3.12997,290.52,45.9486,336.469
3.13443,504.079,202.899,706.978
3.1389,304.346,54.4848,358.831
3.14338,500.424,199.58,700.004
3.14786,296.33,51.2209,347.55
3.15235,515.757,211.617,727.374
3.15685,281.567,40.4615,322.029
3.16135,516.768,213.125,729.893
3.16587,296.311,48.9944,345.306
3.17039,507.493,204.695,712.188
3.17491,295.131,49.7262,344.857
3.17945,504.485,203.021,707.505
3.18399,296.001,51.6871,347.688
3.18854,508.541,205.195,713.737
3.19309,291.085,47.9451,339.03
3.19766,518.757,211.99,730.748
3.20223,278.276,37.7463,316.023
3.20681,521.022,215.264,736.286
3.21139,282.96,41.5239,324.484
3.21599,512.071,208.805,720.877
3.22059,291.339,48.3658,339.705
3.2252,504.146,203.069,707.214
3.22981,293.088,49.893,342.981
3.23444,498.125,200.625,698.75
3.23907,302.201,56.3061,358.507
3.2437,498.382,197.797,696.179
3.24835,284.923,43.5607,328.483
3.253,513.759,212.8,726.559
3.25767,275.459,36.3464,311.806
3.26233,511.114,210.883,721.997
3.26701,281.241,40.9157,322.156
3.27169,504.848,204.412,709.26
3.27639,291.438,48.5162,339.955
3.28108,496.683,196.871,693.554
3.28579,303.597,57.6937,361.291
3.29051,477.513,185.469,662.982
3.29523,308.081,61.3901,369.471
3.29996,492.023,193.642,685.665
3.3047,287.11,45.1935,332.304
3.30944,511.909,211.906,723.815
3.31419,274.194,34.0147,308.209
3.31895,509.069,209.548,718.617
3.32372,286.916,43.0845,330
3.3285,501.422,203.418,704.84
3.33328,295.537,49.4918,345.028
3.33807,493.058,197.069,690.127
3.34287,300.172,54.1265,354.299
3.34768,490.596,194.346,684.941
3.35249,295.583,49.7356,345.319
3.35732,506.533,205.946,712.48
3.36215,281.535,40.2681,321.803
3.36699,508.545,208.565,717.11
3.37183,283.784,41.8229,325.607
3.37669,507.201,209.688,716.889
3.38155,287.619,44.4307,332.049
3.38642,499.767,203.44,703.207
3.3913,297.477,51.2619,348.739
3.39618,495.698,198.336,694.034
3.40108,298.245,52.1405,350.386
3.40598,494.167,197.694,691.861
3.41089,292.593,47.297,339.89
3.41581,505.764,206.115,711.879
3.42073,285.608,42.2317,327.84
3.42567,509.964,210.42,720.383
3.43061,286.399,43.2386,329.637
3.43556,498.422,202.138,700.56
3.44051,296.769,51.259,348.027
3.44548,492.705,196.544,689.249
3.45045,295.723,53.7797,349.503
3.45544,492.681,196.21,688.891
3.46043,299.661,53.8451,353.506
3.46543,490.918,194.631,685.55
3.47043,294.303,51.1083,345.411
3.47545,497.849,200.569,698.418
3.48047,285.42,43.9811,329.401
3.4855,506.302,206.448,712.75
3.49054,280.262,41.4621,321.724
3.49559,502.788,205.711,708.499
3.50064,285.896,43.8263,329.723
3.5057,498.864,202.635,701.5
3.51078,290.326,47.9973,338.323
3.51586,494.515,198.576,693.09
3.52094,289.302,49.0128,338.315
3.52604,494.772,198.039,692.811
3.53115,283.534,45.3081,328.842
3.53626,497.4,202.76,700.16
3.54138,279.962,41.9751,321.938
3.54651,497.196,202.678,699.874
3.55165,288.289,46.6672,334.956
3.55679,490.799,196.713,687.512
3.56195,290.713,48.0697,338.783
3.56711,490.084,195.743,685.826
3.57228,296.263,54.1799,350.443
3.57746,482.387,189.791,672.178
3.58265,298.652,54.9439,353.596
3.58785,490.449,196.343,686.792
3.59305,282.715,42.5203,325.235
3.59827,500.248,203.993,704.241
3.60349,286.194,44.897,331.091
3.60872,495.575,202.098,697.673
3.61396,289.842,48.8462,338.688
3.61921,489.891,195.329,685.22
3.62446,295.607,52.8623,348.469
3.62973,488.888,192.674,681.562
3.635,299.399,56.1795,355.579
3.64028,486.873,191.691,678.564
3.64557,290.516,50.6838,341.2
3.65087,498.367,199.427,697.794
3.65618,281.461,44.3782,325.839
3.6615,498.487,203.034,701.521
3.66682,286.918,46.5251,333.443
3.67216,494.292,198.19,692.482
3.6775,293.497,52.1132,345.611
3.68285,490.218,194.331,684.549
3.68821,293.378,52.5329,345.911
3.69358,487.655,193.504,681.159
3.69895,294.526,52.6975,347.223
3.70434,493.835,197.125,690.96
3.70973,286.624,45.8177,332.442
3.71514,496.927,201.45,698.377
3.72055,287.974,46.2428,334.217
3.72597,492.159,197.44,689.598
3.7314,287.709,47.3227,335.031
3.73684,495.325,199.507,694.832
3.74229,286.406,47.3276,333.734
3.74774,492.386,197.094,689.48
3.75321,288.437,47.5977,336.035
3.75868,489.07,195.518,684.588
3.76416,286.506,48.5361,335.042
3.76966,491.399,196.967,688.366
3.77516,286.063,47.2944,333.357
3.78067,494.26,198.184,692.444
3.78618,286.509,47.8724,334.381
3.79171,486.403,195.054,681.457
3.79725,285.598,46.9519,332.55
3.80279,485.891,194.937,680.828
3.80835,289.65,51.4443,341.095
3.81391,480.876,190.433,671.309
3.81949,293.414,53.6479,347.062
3.82507,481.722,191.853,673.574
3.83066,287.982,49.4764,337.459
3.83626,483.206,193.19,676.396
3.84187,289.626,49.0689,338.695
3.84748,484.186,195.322,679.508
3.85311,289.034,48.8409,337.875
3.85875,481.156,192.837,673.993
3.86439,286.771,49.3455,336.117
3.87005,478.789,192.469,671.258
3.87571,290.131,50.9437,341.075
3.88138,478.512,191.051,669.563
3.88707,289.431,50.3305,339.762
3.89276,483.479,193.332,676.811
3.89846,286.238,49.5215,335.759
3.90417,479.581,191.537,671.118
3.90989,291.212,51.2405,342.452
3.91562,479.172,190.758,669.93
3.92136,288.283,51.2618,339.545
3.9271,476.05,189.024,665.074
3.93286,295.406,54.2748,349.681
3.93862,476.581,188.642,665.222
3.9444,290.77,51.9907,342.761
3.95018,478.725,191.21,669.935
3.95598,288.508,52.1476,340.656
3.96178,475.489,190.191,665.68
3.9676,289.27,52.8391,342.109
3.97342,476.418,190.059,666.477
3.97925,291.152,52.535,343.687
3.98509,478.183,190.411,668.594
3.99094,287.23,51.2245,338.454
3.9968,477.487,191.066,668.553
4.00267,291.659,52.3945,344.053
4.00855,477.702,191.363,669.066
4.01444,283.793,48.0281,331.821
4.02034,477.094,191.046,668.14
4.02625,290.153,51.9927,342.146
4.03216,475.791,190.169,665.96
4.03809,286.439,50.1805,336.619
4.04403,475.779,190.179,665.958
4.04997,290.538,54.0134,344.551
4.05593,470.572,185.883,656.454
4.0619,288.46,53.0908,341.55
4.06787,473.281,188.065,661.346
4.07386,285.677,50.3257,336.002
4.07985,471.812,187.647,659.459
4.08586,284.954,50.9998,335.954
4.09187,474.472,190.556,665.028
4.0979,285.024,50.6752,335.699
4.10393,469.877,187.811,657.687
4.10997,284.946,52.2468,337.193
4.11603,469.583,187.392,656.975
4.12209,287.736,52.494,340.23
4.12816,465.269,184.925,650.194
4.13425,285.768,51.8661,337.634
4.14034,471.818,188.737,660.555
4.14644,285.227,51.4319,336.659
4.15256,467.561,187.044,654.605
4.15868,287.983,53.6341,341.617
4.16481,468.839,186.505,655.344
4.17096,282.944,50.5511,333.495
4.17711,469.088,188.138,657.227
4.18327,283.488,51.8983,335.387
4.18944,467.43,187.421,654.85
4.19563,286.391,53.2609,339.652
4.20182,465.733,184.93,650.663
4.20802,285.211,52.9993,338.21
4.21424,466.01,184.979,650.988
4.22046,286.862,54.1323,340.995
4.22669,466.219,186.147,652.367
4.23294,285.892,53.6777,339.57
4.23919,463.208,185.083,648.291
4.24545,285.618,53.1741,338.792
4.25173,463.001,186.072,649.073
4.25801,285.341,54.0233,339.364
4.2643,461.151,182.969,644.12
4.27061,289.22,56.0707,345.291
4.27692,462.991,184.504,647.495
4.28325,284.977,54.7591,339.736
4.28958,460.892,183.197,644.089
4.29593,287.729,54.1554,341.884
4.30229,460.83,183.639,644.469
4.30865,289.006,56.2722,345.278
4.31503,458.773,183.299,642.072
4.32142,285.487,54.7563,340.244
4.32781,463.062,184.839,647.901
4.33422,286.889,55.3909,342.28
4.34064,457.741,182.151,639.892
4.34707,287.824,55.0084,342.832
4.35351,457.452,182.794,640.246
4.35996,290.406,57.8591,348.265
4.36642,453.91,180.691,634.601
4.37289,289.021,57.0828,346.103
4.37937,453.999,181.046,635.045
4.38586,288.145,56.8694,345.015
4.39236,453.66,182.478,636.139
4.39887,288.288,57.3127,345.6
4.4054,451.477,179.883,631.36
4.41193,289.313,59.1049,348.418
4.41847,451.336,178.87,630.205
4.42503,288.026,58.3498,346.376
4.4316,451.36,178.831,630.19
4.43817,285.951,57.1098,343.061
4.44476,452.807,180.022,632.829
4.45136,287.44,58.3036,345.744
4.45796,449.324,177.149,626.472
4.46458,285.349,57.1495,342.499
4.47121,450.366,180.796,631.162
4.47785,287.015,58.9087,345.924
4.48451,450.009,178.996,629.005
4.49117,282.635,57.0685,339.703
4.49784,449.818,179.853,629.671
4.50453,282.199,56.2854,338.485
4.51122,450.279,178.613,628.892
4.51793,283.291,56.8437,340.135
4.52464,449.836,178.168,628.004
4.53137,284.432,58.0864,342.518
4.53811,447.116,177.304,624.42
4.54486,282.463,57.8375,340.301
4.55162,447.188,178.084,625.272
4.55839,285.208,57.5669,342.775
4.56517,444.598,177.431,622.029
4.57197,283.984,58.2017,342.186
4.57877,445.825,178.423,624.248
4.58559,283.41,58.7589,342.169
4.59241,442.481,176.715,619.196
4.59925,280.063,57.4439,337.507
4.6061,444.885,177.962,622.847
4.61296,282.066,58.4227,340.489
4.61983,442.53,176.372,618.902
4.62671,283.482,58.4619,341.944
4.63361,443.537,178.498,622.035
4.64051,283.488,58.6009,342.089
4.64743,444.511,176.903,621.415
4.65435,280.939,57.4489,338.388
4.66129,442.216,177.231,619.447
4.66824,280.687,58.1871,338.874
4.6752,439.841,175.476,615.317
4.68217,282.385,59.4049,341.79
4.68916,439.769,176.416,616.185
4.69615,283.539,58.641,342.18
4.70316,439.077,175.123,614.2
4.71018,285.439,59.8738,345.312
4.71721,437.316,174.673,611.989
4.72425,282.524,59.7018,342.226
4.7313,438.77,176.436,615.205
4.73836,283.211,59.196,342.407
4.74544,436.418,173.832,610.25
4.75252,282.361,60.7976,343.159
4.75962,436.202,173.277,609.479
4.76673,283.58,60.3265,343.907
4.77385,433.529,174.168,607.697
4.78098,281.057,60.1857,341.243
4.78813,433.326,172.399,605.725
4.79528,281.73,61.091,342.821
4.80245,431.662,172.129,603.791
4.80963,281.611,60.7013,342.313
4.81682,433.074,172.762,605.836
4.82402,280.99,61.4604,342.45
4.83124,433.406,173.522,606.929
4.83846,279.266,61.5543,340.82
4.8457,430.592,171.869,602.461
4.85295,285.105,62.6859,347.791
4.86021,428.412,171.628,600.04
4.86748,280.959,61.8799,342.839
4.87477,426.982,171.871,598.853
4.88206,283.071,62.4922,345.563
4.88937,426.601,169.925,596.526
4.89669,280.712,62.2697,342.982
4.90402,425.295,170.654,595.949
4.91137,282.087,62.2802,344.367
4.91872,425.716,170.658,596.374
4.92609,284.714,63.2481,347.962
4.93347,424.186,169.174,593.36
4.94086,281.149,62.8438,343.992
4.94827,424.804,170.626,595.43
4.95568,282.546,63.8139,346.36
4.96311,423.856,168.501,592.357
4.97055,281.247,63.0077,344.254
4.978,421.215,168.046,589.261
4.98547,283.002,64.3464,347.349
4.99294,421.714,169.322,591.035
5.00043,280.63,63.3861,344.016
5.00793,419.555,168.016,587.571
5.01545,279.079,63.424,342.503
5.02299,419.985,168.688,588.673
5.03055,281.52,64.5767,346.096
5.03813,416.995,167.422,584.416
5.04572,281.348,64.7582,346.106
5.05334,414.603,165.565,580.169
5.06097,281.742,64.773,346.515
5.06862,414.62,166.261,580.881
5.07629,281.97,64.9621,346.932
5.08398,414.561,166.378,580.939
5.09169,281.165,65.4276,346.592
5.09942,413.163,165.787,578.95
5.10717,279.32,64.5171,343.837
5.11494,411.928,166.08,578.007
5.12273,279.822,64.7772,344.599
5.13053,408.808,164.472,573.28
5.13836,279.944,65.386,345.33
5.14621,407.757,165.112,572.869
5.15407,280.627,66.0844,346.712
5.16196,408.708,164.934,573.642
5.16986,281.32,65.8563,347.177
5.17779,407.62,164.549,572.169
5.18573,278.374,65.4732,343.848
5.1937,406.613,164.2,570.814
5.20168,283.177,67.5985,350.775
5.20968,406.777,163.534,570.312
5.21771,279.961,66.5086,346.469
5.22575,404.526,163.767,568.293
5.23382,281.131,68.2275,349.358
5.2419,402.383,162.172,564.554
5.25001,281.804,68.0178,349.822
5.25813,402.472,163.104,565.576
5.26628,279.755,67.4641,347.219
5.27444,402.991,161.623,564.614
5.28263,281.004,68.901,349.905
5.29083,401.008,161.662,562.67
5.29906,278.604,68.0277,346.632
5.30731,400.031,162.415,562.446
5.31558,278.332,68.2823,346.614
5.32387,397.26,160.144,557.404
5.33218,278.588,69.3384,347.926
5.34051,396.811,160.401,557.212
5.34886,279,68.6091,347.609
5.35723,394.876,160.67,555.546
5.36562,278.695,68.4744,347.169
5.37404,395.463,160.506,555.969
5.38247,277.066,68.7128,345.779
5.39093,392.827,159.682,552.509
5.39941,278.195,69.5688,347.763
5.4079,391.147,158.048,549.195
5.41642,277.922,69.7806,347.703
5.42497,390.333,159.629,549.962
5.43353,277.742,70.1733,347.915
5.44211,389.205,157.667,546.873
5.45072,276.836,70.3788,347.214
5.45934,388.848,157.148,545.996
5.46799,277.87,70.8056,348.676
5.47666,389.139,158.359,547.498
5.48535,274.906,69.0134,343.92
5.49407,387.304,157.372,544.677
5.5028,278.48,71.7159,350.196
5.51156,383.701,155.489,539.19
5.52034,274.358,71.1845,345.542
5.52914,384.868,156.185,541.053
5.53796,274.085,71.7889,345.874
5.54681,384.946,156.331,541.277
5.55567,275.324,71.7085,347.032
5.56456,382.572,154.737,537.309
5.57347,274.512,70.9649,345.477
5.58241,382.902,155.876,538.778
5.59136,275.394,72.5561,347.95
5.60034,379.896,154.099,533.995
5.60934,277.007,73.6545,350.661
5.61837,377.525,152.86,530.385
5.62741,274.357,72.5902,346.948
5.63648,380.484,154.531,535.015
5.64557,274.865,72.4551,347.32
5.65469,376.316,152.659,528.975
5.66382,275.037,73.583,348.62
5.67298,375.986,153.275,529.261
5.68216,274.931,73.8544,348.785
5.69137,374.049,153.072,527.121
5.7006,275.618,74.152,349.77
5.70985,372.536,150.933,523.469
5.71912,273.327,73.631,346.958
5.72842,374.54,153.201,527.741
5.73774,274.561,74.5311,349.093
5.74709,371.73,150.773,522.503
5.75646,274.982,74.2722,349.254
5.76585,370.389,152.002,522.391
5.77526,271.68,74.0534,345.734
5.7847,368.634,150.431,519.065
5.79416,273.732,74.3807,348.113
5.80365,370.53,151.72,522.25
5.81316,272.954,75.0888,348.043
5.82269,369.097,150.367,519.464
5.83225,271.305,74.1806,345.486
5.84183,368.106,150.052,518.158
5.85143,271.684,74.8887,346.573
5.86106,368.408,150.136,518.543
5.87071,271.078,74.1425,345.22
5.88039,367.489,150.427,517.917
5.89009,269.489,74.5904,344.079
5.89981,365.408,150.221,515.628
5.90956,269.841,74.9416,344.782
5.91934,364.524,149.418,513.942
5.92914,271.127,75.449,346.576
5.93896,363.356,149.279,512.636
5.94881,269.398,75.7393,345.137
5.95868,359.824,148.832,508.656
5.96858,269.857,75.9488,345.806
5.9785,360.163,148.043,508.207
5.98844,268.442,76.1354,344.578
5.99841,359.301,147.758,507.059
6.00841,268.509,76.3585,344.868
6.01843,359.513,147.608,507.121
6.02848,268.12,76.7973,344.917
6.03855,357.67,146.804,504.474
6.04864,267.132,76.178,343.31
6.05877,357.231,147.61,504.841
6.06891,266.194,76.8744,343.068
6.07909,355.498,146.323,501.821
6.08928,266.85,76.758,343.608
6.09951,356.346,147.049,503.395
6.10976,267.527,77.07,344.597
6.12003,354.556,146.266,500.822
6.13033,265.091,76.497,341.588
6.14066,353.451,146.073,499.524
6.15101,263.916,76.4408,340.356
6.16138,352.321,145.37,497.692
6.17179,265.538,77.4541,342.992
6.18222,350.279,145.805,496.084
6.19267,264.658,77.2148,341.873
6.20316,349.923,144.712,494.636
6.21366,264.86,78.5137,343.374
6.2242,348.076,143.757,491.833
6.23476,263.374,77.7652,341.139
6.24534,346.469,144.467,490.935
6.25596,263.767,78.0448,341.812
6.2666,344.787,142.881,487.669
6.27726,267.815,78.9096,346.725
6.28796,341.711,141.94,483.651
6.29868,265.245,78.5831,343.829
6.30942,344.632,144.135,488.767
6.3202,260.805,77.4458,338.251
6.331,343.17,142.624,485.794
6.34183,263.012,79.1037,342.116
6.35268,341.443,142.255,483.698
6.36356,262.302,78.904,341.206
6.37447,339.424,141.601,481.025
6.38541,261.426,79.1564,340.582
6.39637,339.741,141.373,481.114
6.40736,261.861,79.5561,341.417
6.41838,339.415,142.218,481.633
6.42943,261,79.0954,340.095
6.4405,334.732,140.939,475.67
6.4516,262.597,80.2109,342.808
6.46273,333.9,139.739,473.639
6.47389,263.489,79.8744,343.363
6.48507,334.853,139.954,474.807
6.49628,260.369,80.0236,340.393
6.50752,331.79,139.876,471.665
6.51879,262.362,80.7099,343.072
6.53009,330.53,139.667,470.197
6.54142,260.553,80.5396,341.093
6.55277,329.824,138.587,468.411
6.56415,259.471,80.5719,340.042
6.57556,328.431,138.91,467.341
6.587,260.809,81.4934,342.303
6.59847,327.108,138.281,465.389
6.60996,260.933,81.1115,342.045
6.62149,327.207,138.311,465.518
6.63304,259.178,81.1356,340.314
6.64463,324.938,137.292,462.23
6.65624,259.206,81.6293,340.835
6.66788,324.959,137.401,462.359
6.67955,257.421,82.0929,339.514
6.69125,324.421,137.396,461.817
6.70297,257.598,81.7177,339.316
6.71473,322.847,136.421,459.268
6.72652,257.571,82.3489,339.92
6.73833,321.46,136.647,458.107
6.75018,255.633,82.1165,337.75
6.76206,319.244,136.397,455.642
6.77396,256.091,81.6362,337.727
6.7859,320.78,136.273,457.053
6.79786,253.391,81.5938,334.985
6.80986,320.004,136.395,456.399
6.82188,252.397,81.2614,333.658
6.83393,317.927,135.855,453.782
6.84602,253.949,82.5421,336.491
6.85813,315.915,135.41,451.325
6.87028,253.835,82.1735,336.009
6.88246,315.926,135.213,451.139
6.89466,251.904,81.915,333.819
6.9069,314.84,134.699,449.539
6.91917,252.552,82.5728,335.125
6.93146,312.732,134.129,446.862
6.94379,252.949,82.3439,335.293
6.95615,312.542,133.954,446.496
6.96854,250.801,82.3576,333.158
6.98096,312.367,134.608,446.975
6.99342,251.634,83.2687,334.903
7.0059,310.311,133.527,443.838
7.01841,246.993,82.1737,329.166
7.03096,309.74,134.106,443.846
7.04354,247.889,82.4873,330.376
7.05615,309.144,133.046,442.19
7.06879,247.452,82.7566,330.209
7.08146,308.433,133.892,442.324
7.09416,247.021,83.0108,330.032
7.1069,307.271,133.088,440.359
7.11966,244.714,82.5232,327.238
7.13246,304.869,131.75,436.619
7.1453,247.024,83.6292,330.654
7.15816,304.272,132.649,436.922
7.17105,245.234,83.2839,328.518
7.18398,303.168,131.944,435.112
7.19694,245.949,83.8049,329.754
7.20993,303.241,132.714,435.955
7.22296,243.928,83.1746,327.102
7.23602,301.404,131.656,433.06
7.24911,243.503,83.7074,327.211
7.26223,299.655,131.286,430.941
7.27538,244.521,84.8767,329.398
7.28857,299.393,130.773,430.166
7.30179,243.42,84.2483,327.668
7.31505,298.482,130.982,429.464
7.32834,242.309,84.2373,326.546
7.34166,295.392,130.235,425.626
7.35501,241.014,84.6545,325.669
7.3684,296.502,129.834,426.336
7.38182,238.614,84.2758,322.89
7.39527,295.763,130.8,426.563
7.40876,239.345,84.443,323.788
7.42228,294.888,129.754,424.642
7.43584,238.6,84.8126,323.413
7.44943,294.265,129.862,424.128
7.46305,238.916,85.2508,324.166
7.47671,291.691,129.432,421.122
7.4904,239.266,85.6727,324.939
7.50413,289.004,127.98,416.983
7.51789,239.462,85.701,325.163
7.53168,286.837,127.694,414.531
7.54551,240.099,86.0513,326.15
7.55938,286.176,127.747,413.923
7.57328,240.265,86.3274,326.592
7.58721,283.321,127.474,410.795
7.60118,239.344,86.6817,326.026
7.61518,284.186,127.382,411.568
7.62922,237.709,86.3312,324.04
7.64329,281.762,126.514,408.275
7.6574,239.14,86.9403,326.081
7.67154,280.971,127.037,408.008
7.68572,238.194,87.0839,325.278
7.69994,279.507,125.843,405.351
7.71419,237.23,88.1083,325.338
7.72847,277.405,125.888,403.294
7.74279,239.026,88.5131,327.539
7.75715,276.444,124.508,400.951
7.77154,238.159,88.0891,326.248
7.78597,274.568,124.149,398.717
7.80044,238.566,88.618,327.184
7.81494,272.241,123.998,396.239
7.82947,237.056,89.3768,326.433
7.84405,272.699,124.066,396.765
7.85866,235.957,89.0034,324.961
7.8733,271.453,123.285,394.738
7.88799,234.727,88.8383,323.565
7.90271,270.952,123.536,394.488
7.91746,234.89,89.0603,323.95
7.93226,268.796,123.064,391.86
7.94709,234.483,88.8506,323.334
7.96196,269.166,122.43,391.596
7.97686,234.173,88.8926,323.066
7.9918,266.201,121.898,388.1
8.00678,233.501,89.3255,322.826
8.0218,266.47,121.507,387.977
8.03685,230.786,89.5479,320.334
8.05195,265.533,121.753,387.286
8.06708,231.219,89.6119,320.831
8.08224,264.148,121.451,385.599
8.09745,231.459,89.9008,321.36
8.11269,262.097,120.588,382.685
8.12798,231.627,89.9403,321.567
8.14329,259.632,120.119,379.751
8.15865,230.358,90.0934,320.451
8.17405,259.643,119.889,379.532
8.18948,230.011,90.375,320.386
8.20496,259.718,119.511,379.229
8.22047,230.397,91.215,321.612
8.23602,257.699,119.387,377.086
8.25161,228.906,90.4621,319.368
8.26724,256.697,118.778,375.475
8.28291,227.492,91.0359,318.528
8.29862,256.191,118.782,374.973
8.31436,227.698,90.9682,318.666
8.33015,255.851,119.009,374.86
8.34597,227.5,91.2022,318.702
8.36184,252.929,118.114,371.043
8.37774,226.487,90.8744,317.361
8.39369,252.071,118.601,370.672
8.40967,226.708,91.8225,318.53
8.4257,250.176,117.643,367.819
8.44176,226.511,92.0812,318.592
8.45787,249.432,117.412,366.844
8.47401,225.311,91.4303,316.742
8.4902,247.542,116.576,364.118
8.50642,224.431,92.0859,316.516
8.52269,245.921,116.212,362.133
8.53899,225.243,92.6574,317.9
8.55534,245.594,116.709,362.303
8.57173,223.448,92.3577,315.806
8.58816,246.118,116.172,362.291
8.60463,221.595,92.2097,313.804
8.62114,246.384,116.104,362.489
8.63769,218.952,91.1387,310.09
8.65429,246,116.779,362.779
8.67092,217.332,91.0164,308.348
8.6876,247.71,117.638,365.348
8.70432,214.55,90.1481,304.698
8.72108,247.908,117.493,365.401
8.73788,213.463,90.8676,304.331
8.75473,247.352,117.089,364.441
8.77161,213.764,90.4963,304.261
8.78854,245.667,117.361,363.028
8.80552,211.744,90.0723,301.816
8.82253,244.602,117.082,361.685
8.83959,211.394,90.099,301.493
8.85668,244.666,116.486,361.152
8.87383,210.957,90.1443,301.101
8.89101,243.47,116.741,360.211
8.90824,209.935,90.0549,299.99
8.92551,240.817,116.025,356.843
8.94282,210.224,90.7813,301.006
8.96018,238.653,115.54,354.193
8.97758,210.162,90.9701,301.132
8.99502,237.854,114.939,352.793
9.01251,210.093,91.1045,301.198
9.03004,235.807,114.565,350.371
9.04762,210.25,92.1793,302.43
9.06524,233.054,113.819,346.872
9.0829,209.97,92.0256,301.996
9.10061,231.719,113.747,345.466
9.11836,209.544,92.5167,302.06
9.13615,229.442,112.283,341.725
9.15399,209.549,93.0902,302.64
9.17188,228.717,112.383,341.099
9.18981,208.805,93.1427,301.948
9.20778,228.218,112.24,340.459
9.2258,208.3,92.8739,301.174
9.24387,226.113,111.313,337.425
9.26198,209.782,94.3572,304.14
9.28013,223.003,110.487,333.49
9.29833,209.222,94.4196,303.642
9.31658,221.581,110.446,332.027
9.33487,208.064,94.8758,302.94
9.35321,220.75,110.356,331.106
9.37159,207.459,94.4883,301.947
9.39002,219.935,109.741,329.675
9.40849,207.756,95.5086,303.264
9.42702,217.482,108.737,326.219
9.44558,208.716,95.9876,304.703
9.4642,216.096,108.714,324.81
9.48286,206.843,96.0391,302.882
9.50156,215.446,108.486,323.932
9.52032,206.61,96.4305,303.04
9.53912,213.446,107.471,320.917
9.55797,206.553,96.4966,303.049
9.57686,211.767,107.279,319.046
9.5958,205.742,96.266,302.008
9.61479,211.695,107.513,319.208
9.63383,204.999,96.4915,301.49
9.65292,211.137,106.744,317.88
9.67205,203.391,96.2183,299.609
9.69123,210.401,106.736,317.137
9.71046,202.702,95.9186,298.621
9.72973,210.433,107.296,317.729
9.74906,202.164,96.1442,298.308
9.76843,208.799,106.493,315.292
9.78785,200.99,95.685,296.675
9.80732,209.645,106.996,316.64
9.82684,200.006,95.9117,295.918
9.84641,208.915,107.264,316.179
9.86602,197.429,95.2506,292.68
9.88569,210.435,107.543,317.978
9.9054,193.824,94.3022,288.126
9.92516,210.06,107.577,317.637
9.94498,193.89,94.0958,287.986
9.96484,209.373,107.274,316.647
9.98475,191.939,93.9949,285.934
10.0047,210.298,108.708,319.006
10.0247,188.322,92.2186,280.541
10.0447,213.767,109.154,322.921
10.0647,182.753,90.0991,272.852
10.0847,218.898,111.656,330.554
10.1047,177.357,87.5672,264.925
10.1247,220.55,113.171,333.722
10.1447,176.489,87.3106,263.8
10.1647,218.693,112.317,331.01
10.1847,178.817,87.8855,266.702
10.2047,214.226,111.526,325.751
10.2247,181.323,88.7745,270.097
10.2447,211.632,110.524,322.156
10.2647,181.572,89.033,270.605
10.2847,209.107,109.448,318.555
10.3047,181.883,89.4123,271.295
10.3247,208.618,109.408,318.025
10.3447,181.505,90.1869,271.692
10.3647,207.505,109.134,316.639
10.3847,180.137,89.9707,270.108
10.4047,206.325,108.634,314.959
10.4247,178.841,89.6843,268.526
10.4447,205.458,108.068,313.526
10.4647,177.068,90.0196,267.088
10.4847,206.738,108.187,314.926
10.5047,176.79,89.7687,266.558
10.5247,204.248,107.656,311.904
10.5447,175.072,90.1404,265.212
10.5647,203.626,107.531,311.157
10.5847,175.925,90.3045,266.23
10.6047,201.932,106.955,308.887
10.6247,174.633,90.7128,265.346
10.6447,201.315,105.677,306.992
10.6647,175.57,90.6043,266.174
10.6847,200.291,106.384,306.675
10.7047,175.132,90.7051,265.837
10.7247,199.574,105.544,305.118
10.7447,175.449,91.3684,266.817
10.7647,198.284,105.159,303.443
10.7847,175.221,91.551,266.772
10.8047,194.825,104.179,299.004
10.8247,174.439,91.5961,266.035
10.8447,196.012,104.171,300.183
10.8647,172.824,91.1562,263.98
10.8847,195.423,104.529,299.952
10.9047,173.118,91.1178,264.236
10.9247,193.893,104.091,297.985
10.9447,172.377,91.0814,263.458
10.9647,193.296,104.017,297.314
10.9847,172.003,91.6069,263.61
11.0047,191.289,102.868,294.157
11.0247,171.292,91.6341,262.926
11.0447,190.872,103.226,294.098
11.0647,171.425,91.9398,263.365
11.0847,188.589,102.587,291.177
11.1047,170.968,91.7085,262.676
11.1247,188.25,102.634,290.884
11.1447,171.249,92.1436,263.392
11.1647,188.204,102.001,290.204
11.1847,169.336,91.7735,261.11
11.2047,187.082,102.314,289.395
11.2247,169.083,91.658,260.741
11.2447,185.742,101.734,287.476
11.2647,168.98,92.3406,261.32
11.2847,184.872,101.297,286.17
11.3047,169.042,92.2663,261.308
11.3247,183.833,100.824,284.658
11.3447,168.353,92.445,260.798
11.3647,182.964,100.424,283.388
11.3847,169.796,93.1522,262.948
11.4047,181.18,99.6036,280.784
11.4247,169.067,92.665,261.732
11.4447,180.504,99.669,280.173
11.4647,168.895,92.9075,261.803
11.4847,177.94,98.9837,276.924
11.5047,168.496,92.974,261.47
11.5247,179.1,99.0578,278.158
11.5447,166.288,92.7031,258.991
11.5647,178.655,99.1605,277.815
11.5847,165.42,92.1672,257.587
11.6047,177.807,99.1366,276.943
11.6247,164.95,92.6066,257.556
11.6447,177.361,98.6821,276.043
11.6647,165.315,92.8077,258.123
11.6847,177.202,98.8954,276.097
11.7047,163.974,92.3132,256.287
11.7247,174.992,97.9534,272.945
11.7447,164.577,92.676,257.253
11.7647,175.18,98.0037,273.184
11.7847,163.199,92.1853,255.384
11.8047,174.195,98.0246,272.22
11.8247,161.609,92.0713,253.68
11.8447,173.704,97.8105,271.514
11.8647,162.176,91.9934,254.17
11.8847,172.955,97.5431,270.498
11.9047,160.04,91.5632,251.604
11.9247,173.055,98.0278,271.082
11.9447,160.167,91.7849,251.952
11.9647,171.929,97.4672,269.397
11.9847,159.422,91.3998,250.822
12.0047,172.751,97.6396,270.39
12.0247,158.269,91.5422,249.812
12.0447,171.143,96.7183,267.862
12.0647,157.097,91.1918,248.289
12.0847,170.17,96.7727,266.943
12.1047,157.468,91.2554,248.723
12.1247,169.921,97.2833,267.204
12.1447,157.13,90.9712,248.101
12.1647,169.012,96.7251,265.737
12.1847,156.224,91.1742,247.398
12.2047,169.444,96.6185,266.062
12.2247,155.037,90.6356,245.672
12.2447,168.184,96.4421,264.626
12.2647,154.775,90.9451,245.72
12.2847,167.577,95.9683,263.545
12.3047,153.729,90.5195,244.249
12.3247,168.185,96.0764,264.261
12.3447,153.77,90.3701,244.14
12.3647,168.042,96.3902,264.432
12.3847,152.077,90.0239,242.101
12.4047,166.801,96.295,263.096
12.4247,151.426,90.1806,241.606
12.4447,165.978,95.8728,261.851
12.4647,151.242,89.9144,241.157
12.4847,165.731,95.5749,261.306
12.5047,151.339,89.5288,240.867
12.5247,164.575,95.5149,260.09
12.5447,151.208,89.7145,240.923
12.5647,163.129,95.1769,258.306
12.5847,150.83,89.8727,240.703
12.6047,162.993,95.013,258.006
12.6247,149.767,90.2192,239.986
12.6447,162.541,94.8913,257.432
12.6647,149.714,89.9898,239.703
12.6847,162.142,95.0383,257.18
12.7047,149.54,89.6636,239.204
12.7247,161.391,94.6486,256.039
12.7447,148.787,89.5069,238.294
12.7647,160.556,94.274,254.83
12.7847,147.961,89.6557,237.617
12.8047,159.758,93.926,253.684
12.8247,148.058,89.4401,237.498
12.8447,158.869,93.7246,252.594
12.8647,147.935,89.3096,237.245
12.8847,158.25,93.4866,251.737
12.9047,147.847,89.4283,237.275
12.9247,156.735,92.9333,249.668
12.9447,147.317,89.5406,236.858
12.9647,156.634,92.96,249.594
12.9847,147.882,90.0246,237.906
13.0047,155.798,92.7834,248.582
13.0247,147.097,89.9792,237.077
13.0447,153.929,92.063,245.992
13.0647,147.122,90.0907,237.213
13.0847,155.144,92.2371,247.381
13.1047,146.735,89.6816,236.417
13.1247,153.708,91.981,245.689
13.1447,146.499,89.5485,236.047
13.1647,153.501,92.3372,245.838
13.1847,145.492,89.2179,234.71
13.2047,153.583,91.5287,245.111
13.2247,144.877,89.2617,234.139
13.2447,151.785,91.1954,242.98
13.2647,145.385,89.0895,234.475
13.2847,151.813,92.0133,243.826
13.3047,143.963,88.5869,232.549
13.3247,152.025,91.8166,243.841
13.3447,143.089,88.7318,231.82
13.3647,150.983,91.1879,242.171
13.3847,143.44,88.5364,231.976
13.4047,150.37,91.5265,241.897
13.4247,143.064,88.4938,231.558
13.4447,150.132,91.2433,241.375
13.4647,142.062,88.3142,230.377
13.4847,149.889,91.2691,241.158
13.5047,142.027,88.0943,230.122
13.5247,148.275,91.128,239.403
13.5447,140.692,87.9871,228.679
13.5647,148.41,91.0404,239.45
13.5847,140.426,87.651,228.077
13.6047,147.305,90.605,237.91
13.6247,141.095,87.8533,228.948
13.6447,146.606,90.3034,236.909
13.6647,139.011,87.6644,226.676
13.6847,146.57,90.6484,237.219
13.7047,139.825,87.6581,227.483
13.7247,146.842,90.4488,237.291
13.7447,138.98,87.5316,226.512
13.7647,146.446,90.085,236.531
13.7847,138.399,87.3477,225.747
13.8047,145.479,90.0608,235.54
13.8247,137.119,87.3548,224.474
13.8447,145.027,89.7756,234.802
13.8647,138.021,87.5594,225.581
13.8847,145.301,89.52,234.821
13.9047,136.915,87.4425,224.357
13.9247,144.42,89.5278,233.947
13.9447,135.974,86.6836,222.658
13.9647,143.879,89.457,233.336
13.9847,136.725,86.9701,223.695
14.0047,142.492,89.1174,231.609
14.0247,135.357,86.8543,222.211
14.0447,143.166,89.0688,232.235
14.0647,135.045,86.2803,221.325
14.0847,142.636,89.0668,231.703
14.1047,134.851,86.6815,221.533
14.1247,141.894,89.0005,230.895
14.1447,134.208,86.2436,220.452
14.1647,141.855,89.0807,230.935
14.1847,133.266,85.9969,219.263
14.2047,140.987,88.4548,229.442
14.2247,134.122,86.2643,220.387
14.2447,139.45,88.1705,227.621
14.2647,133.222,86.0913,219.313
14.2847,140.139,88.6085,228.748
14.3047,132.454,86.0554,218.509
14.3247,139.742,88.3704,228.113
14.3447,132.891,85.8781,218.769
14.3647,138.622,88.0901,226.712
14.3847,131.872,85.7856,217.658
14.4047,137.73,87.5983,225.328
14.4247,131.845,85.6382,217.483
14.4447,137.354,87.8615,225.215
14.4647,131.923,86.0683,217.991
14.4847,137.898,87.4508,225.349
14.5047,130.456,85.5549,216.011
14.5247,137.428,87.333,224.761
14.5447,130.757,85.649,216.406
14.5647,135.851,87.2559,223.107
14.5847,130.527,85.5356,216.063
14.6047,135.662,87.1401,222.802
14.6247,131.006,85.457,216.463
14.6447,136.355,86.9587,223.313
14.6647,130.311,85.3533,215.664
14.6847,134.293,86.8262,221.119
14.7047,130.521,85.5431,216.064
14.7247,133.763,86.807,220.57
14.7447,129.438,85.1534,214.591
14.7647,134.712,86.453,221.166
14.7847,128.892,84.8021,213.694
14.8047,132.482,86.0685,218.55
14.8247,129.537,85.1138,214.651
14.8447,133.061,86.0577,219.119
14.8647,128.682,84.6194,213.301
14.8847,131.769,85.5686,217.337
14.9047,128.735,84.813,213.548
14.9247,131.392,85.6306,217.023
14.9447,128.033,84.4836,212.516
14.9647,130.661,85.2774,215.939
14.9847,127.845,84.5002,212.345
15.0047,130.325,85.1966,215.522
15.0247,127.327,84.922,212.249
15.0447,128.891,84.9744,213.865
15.0647,127.854,84.6965,212.551
15.0847,128.514,84.8096,213.324
15.1047,127.119,84.6323,211.752
15.1247,128.323,84.8163,213.139
15.1447,126.873,84.2572,211.13
15.1647,127.546,84.0457,211.592
15.1847,126.519,84.5593,211.078
15.2047,127.543,84.1418,211.685
15.2247,126.431,84.5256,210.957
15.2447,126.554,84.2369,210.791
15.2647,126.309,84.4331,210.742
15.2847,125.401,83.9313,209.332
15.3047,125.511,84.1187,209.63
15.3247,126.04,83.6575,209.698
15.3447,125.018,84.1056,209.124
15.3647,126.334,83.725,210.059
15.3847,124.398,83.9373,208.335
15.4047,124.964,83.1942,208.159
15.4247,123.991,83.4534,207.445
15.4447,124.709,83.3673,208.076
15.4647,124.288,83.6373,207.925
15.4847,123.823,83.0726,206.896
15.5047,123.756,83.3742,207.13
15.5247,123.596,82.9165,206.513
15.5447,123.752,83.3898,207.142
15.5647,124.004,83.0255,207.03
15.5847,122.746,83.07,205.816
15.6047,122.691,82.8014,205.492
15.6247,123.204,83.0782,206.282
15.6447,122.363,82.2489,204.612
15.6647,122.15,82.8879,205.038
15.6847,122.557,82.7141,205.271
15.7047,121.924,82.6743,204.599
15.7247,121.916,82.2095,204.125
15.7447,121.64,82.4811,204.121
15.7647,121.199,82.3606,203.559
15.7847,120.835,82.811,203.646
15.8047,120.806,81.9543,202.761
15.8247,120.422,82.5184,202.94
15.8447,120.522,82.0368,202.558
15.8647,120.193,82.2461,202.439
15.8847,119.845,82.0204,201.865
15.9047,119.967,82.1964,202.164
15.9247,119.577,81.5762,201.153
15.9447,119.961,82.08,202.041
15.9647,119.202,81.2853,200.487
15.9847,119.947,82.0034,201.951
16.0047,118.59,81.3241,199.914
16.0247,118.928,81.7437,200.672
16.0447,118.538,81.2677,199.805
16.0647,118.391,81.5365,199.928
16.0847,118.011,81.0647,199.076
16.1047,118.388,81.5847,199.973
16.1247,117.56,80.7262,198.286
16.1447,118.264,81.2624,199.526
16.1647,117.457,81.0238,198.481
16.1847,117.009,81.1302,198.139
16.2047,116.913,81.186,198.099
16.2247,116.643,80.7394,197.382
16.2447,117.39,80.6638,198.054
16.2647,116.517,80.67,197.187
16.2847,116.192,80.3891,196.581
16.3047,116.332,80.5466,196.879
16.3247,116.313,80.4202,196.733
16.3447,116.315,80.2657,196.581
16.3647,115.546,80.2672,195.814
16.3847,115.411,80.2401,195.651
16.4047,115.044,80.3052,195.349
16.4247,115.341,79.8831,195.224
16.4447,114.589,79.5629,194.152
16.4647,115.495,80.169,195.664
16.4847,115.363,80.1513,195.515
16.5047,114.652,79.8375,194.489
16.5247,114.72,79.8745,194.594
16.5447,113.624,79.6521,193.276
16.5647,114.406,79.6963,194.102
16.5847,112.966,79.5402,192.507
16.6047,114.134,79.5929,193.726
16.6247,113.307,79.4817,192.789
16.6447,113.689,79.6044,193.294
16.6647,112.796,79.3228,192.119
16.6847,113.396,79.6011,192.998
16.7047,112.836,79.1198,191.956
16.7247,112.584,79.3784,191.963
16.7447,111.685,78.9936,190.679
16.7647,112.142,79.0501,191.192
16.7847,112.033,79.2593,191.292
16.8047,111.564,79.0342,190.598
16.8247,110.936,78.466,189.402
16.8447,112.339,79.1932,191.533
16.8647,110.621,78.3635,188.984
16.8847,112.229,79.1082,191.337
16.9047,109.922,78.3422,188.264
16.9247,111.581,78.833,190.414
16.9447,110.084,78.2846,188.369
16.9647,111.665,78.6595,190.325
16.9847,109.019,78.2559,187.275
17.0047,110.989,78.6132,189.602
17.0247,108.623,77.5564,186.18
17.0447,110.502,78.2179,188.72
17.0647,109.279,78.0842,187.364
17.0847,110.037,78.3839,188.421
17.1047,108.327,77.6771,186.004
17.1247,109.847,78.0939,187.941
17.1447,107.686,77.5822,185.268
17.1647,109.705,77.9618,187.667
17.1847,107.559,77.4884,185.048
17.2047,109.141,77.9115,187.052
17.2247,107.134,76.9308,184.065
17.2447,109.143,77.8634,187.007
17.2647,107.153,77.311,184.464
17.2847,108.469,77.782,186.251
17.3047,107.164,76.7772,183.941
17.3247,108.333,77.455,185.788
17.3447,106.668,76.865,183.533
17.3647,108.035,77.3863,185.421
17.3847,106.362,76.8042,183.167
17.4047,107.217,77.3017,184.518
17.4247,106.118,76.7355,182.853
17.4447,106.299,76.9701,183.269
17.4647,106.351,76.8454,183.197
17.4847,105.888,76.8975,182.786
17.5047,105.629,76.5198,182.149
17.5247,105.833,76.7628,182.596
17.5447,105.441,76.4824,181.923
17.5647,105.616,76.8959,182.512
17.5847,105.129,76.3845,181.513
17.6047,105.219,76.3796,181.598
17.6247,105.102,76.2041,181.306
17.6447,104.401,76.0129,180.414
17.6647,104.587,76.2016,180.789
17.6847,104.441,76.0095,180.45
17.7047,104.505,76.1826,180.688
17.7247,104.288,76.1009,180.389
17.7447,103.586,75.9288,179.515
17.7647,103.722,76.0324,179.754
17.7847,102.987,75.6139,178.601
17.8047,103.256,75.863,179.119
17.8247,102.865,75.7358,178.601
17.8447,103.263,75.8163,179.08
17.8647,102.314,75.2674,177.581
17.8847,102.673,75.658,178.331
17.9047,102.68,75.315,177.995
17.9247,102.522,75.3162,177.839
17.9447,101.836,75.2244,177.06
17.9647,102.126,75.1813,177.307
17.9847,102.411,75.4028,177.814
18.0047,101.25,74.9535,176.204
18.0247,100.626,75.1234,175.749
18.0447,101.654,74.6672,176.321
18.0647,101.598,74.82,176.418
18.0847,100.768,74.8037,175.571
18.1047,101.082,74.8421,175.924
18.1247,100.998,74.7401,175.738
18.1447,99.999,74.5242,174.523
18.1647,100.574,74.5064,175.08
18.1847,99.3187,74.2156,173.534
18.2047,100.652,74.4841,175.137
18.2247,100.466,74.3207,174.787
18.2447,99.9722,74.4053,174.377
18.2647,99.8331,74.2196,174.053
18.2847,99.3263,74.1507,173.477
18.3047,99.6992,74.2677,173.967
18.3247,98.5508,74.0673,172.618
18.3447,99.0399,73.9325,172.972
18.3647,99.0708,73.8929,172.964
18.3847,98.2657,73.5763,171.842
18.4047,98.7131,73.8641,172.577
18.4247,98.4549,73.6109,172.066
18.4447,98.7697,73.8833,172.653
18.4647,97.7865,73.278,171.064
18.4847,97.9886,73.6721,171.661
18.5047,97.8674,73.4603,171.328
18.5247,98.1166,73.1468,171.263
18.5447,97.1915,73.3984,170.59
18.5647,97.9632,73.534,171.497
18.5847,96.2689,72.76,169.029
18.6047,97.6241,73.0755,170.7
18.6247,96.0762,72.6563,168.733
18.6447,96.5816,72.9352,169.517
18.6647,96.7637,72.8177,169.581
18.6847,96.6022,72.9702,169.572
18.7047,96.1286,72.7277,168.856
18.7247,96.8459,73.1039,169.95
18.7447,95.3817,72.5409,167.923
18.7647,96.0811,72.5404,168.622
18.7847,95.6527,72.1759,167.829
18.8047,95.9062,72.5093,168.415
18.8247,95.2934,72.2945,167.588
18.8447,95.3647,72.363,167.728
18.8647,93.9682,71.8591,165.827
18.8847,95.4876,72.3282,167.816
18.9047,95.1366,71.9899,167.127
18.9247,94.8782,71.9951,166.873
18.9447,94.4462,71.6994,166.146
18.9647,94.8059,72.0616,166.867
18.9847,94.2348,71.8708,166.106
19.0047,94.3659,71.8646,166.23
19.0247,94.124,71.5149,165.639
19.0447,93.5667,71.4928,165.059
19.0647,93.4118,71.5569,164.969
19.0847,93.0154,71.8047,164.82
19.1047,93.5204,71.4098,164.93
19.1247,92.996,71.4773,164.473
19.1447,93.3254,71.2913,164.617
19.1647,93.4145,71.4423,164.857
19.1847,92.3939,71.0164,163.41
19.2047,92.3713,71.2752,163.646
19.2247,92.994,71.2638,164.258
19.2447,92.5962,71.1434,163.74
19.2647,91.8258,70.8832,162.709
19.2847,92.1595,70.9513,163.111
19.3047,91.1904,70.6066,161.797
19.3247,92.3983,71.2841,163.682
19.3447,91.3852,70.7025,162.088
19.3647,91.147,70.6354,161.782
19.3847,91.3999,70.7219,162.122
19.4047,90.8947,70.57,161.465
19.4247,90.8377,70.2663,161.104
19.4447,90.0078,70.2817,160.29
19.4647,90.0861,70.2592,160.345
19.4847,90.6731,70.4073,161.08
19.5047,89.75,70.0424,159.792
19.5247,90.5437,70.0897,160.633
19.5447,89.5145,70.0521,159.567
19.5647,89.4625,69.9426,159.405
19.5847,89.9601,70.0867,160.047
19.6047,89.5242,69.7488,159.273
19.6247,89.5017,69.6416,159.143
19.6447,89.1677,69.866,159.034
19.6647,88.8374,69.5696,158.407
19.6847,88.6656,69.5161,158.182
19.7047,89.1456,69.4386,158.584
19.7247,88.8151,69.5615,158.377
19.7447,88.7291,69.5026,158.232
19.7647,88.0537,69.0145,157.068
19.7847,88.2875,69.0566,157.344
19.8047,87.914,69.0289,156.943
19.8247,87.9792,69.1798,157.159
19.8447,88.312,69.0797,157.392
19.8647,87.32,68.8976,156.218
19.8847,87.7364,68.825,156.561
19.9047,86.9514,68.79,155.741
19.9247,87.674,68.9853,156.659
19.9447,86.7295,68.6708,155.4
19.9647,87.0319,68.713,155.745
19.9847,86.7254,68.6536,155.379
20.0047,86.8149,68.6224,155.437
20.0247,86.8909,68.4806,155.371
20.0447,86.6937,68.624,155.318
20.0647,85.481,68.254,153.735
20.0847,86.5246,68.0459,154.57
20.1047,85.6529,68.0589,153.712
20.1247,85.6554,68.0724,153.728
20.1447,86.075,68.1239,154.199
20.1647,85.5809,67.8339,153.415
20.1847,85.4012,67.783,153.184
20.2047,85.1748,67.8961,153.071
20.2247,84.7434,67.5855,152.329
20.2447,84.831,67.5895,152.42
20.2647,84.3213,67.5875,151.909
20.2847,84.8067,67.3639,152.171
20.3047,84.0705,67.4552,151.526
20.3247,84.6549,67.6879,152.343
20.3447,83.7843,67.373,151.157
20.3647,83.7635,67.1539,150.917
20.3847,84.3588,67.2478,151.607
20.4047,83.6282,67.0629,150.691
20.4247,84.077,67.2146,151.292
20.4447,83.2121,67.0241,150.236
20.4647,83.472,67.1809,150.653
20.4847,83.4935,66.9032,150.397
20.5047,82.851,66.7968,149.648
20.5247,82.2404,66.6303,148.871
20.5447,82.5212,66.7932,149.314
20.5647,82.6431,66.525,149.168
20.5847,82.6313,66.5137,149.145
20.6047,82.2674,66.7014,148.969
20.6247,81.8418,66.203,148.045
20.6447,81.8848,66.3764,148.261
20.6647,82.346,66.2897,148.636
20.6847,81.6796,66.2611,147.941
20.7047,81.2321,66.3344,147.567
20.7247,81.6478,66.0061,147.654
20.7447,81.3592,66.0757,147.435
20.7647,81.0465,65.9004,146.947
20.7847,81.4216,65.8812,147.303
20.8047,81.1264,65.6603,146.787
20.8247,80.7556,65.8076,146.563
20.8447,80.1585,65.4008,145.559
20.8647,80.7593,65.6023,146.362
20.8847,80.1894,65.2856,145.475
20.9047,79.9411,65.341,145.282
20.9247,79.669,65.1076,144.777
20.9447,79.7049,65.175,144.88
20.9647,79.1797,64.987,144.167
20.9847,79.9104,65.0014,144.912
21.0047,79.4615,65.1639,144.625
21.0247,79.0935,64.9283,144.022
21.0447,78.8769,64.8918,143.769
21.0647,79.3095,64.9752,144.285
21.0847,78.8289,64.7285,143.557
21.1047,78.5534,64.5807,143.134
21.1247,78.5079,64.4768,142.985
21.1447,78.6559,64.4723,143.128
21.1647,78.4876,64.5797,143.067
21.1847,78.0609,64.2719,142.333
21.2047,77.8999,64.3275,142.227
21.2247,77.8608,64.2786,142.139
21.2447,77.8149,64.1839,141.999
21.2647,77.2139,63.8817,141.096
21.2847,77.3649,64.1407,141.506
21.3047,77.3853,63.7656,141.151
21.3247,77.652,63.9171,141.569
21.3447,77.4017,63.9266,141.328
21.3647,77.021,63.7729,140.794
21.3847,76.4933,63.7544,140.248
21.4047,76.59,63.7358,140.326
21.4247,76.31,63.3185,139.628
21.4447,76.4946,63.4863,139.981
21.4647,76.558,63.3668,139.925
21.4847,76.1849,63.1666,139.352
21.5047,76.4199,63.2466,139.667
21.5247,75.2438,63.0251,138.269
21.5447,76.193,63.2563,139.449
21.5647,75.245,62.9354,138.18
21.5847,75.149,63.1217,138.271
21.6047,74.9275,62.7824,137.71
21.6247,75.2006,62.7518,137.952
21.6447,74.5453,62.5237,137.069
21.6647,74.7197,62.7213,137.441
21.6847,74.3263,62.4161,136.742
21.7047,74.7409,62.7313,137.472
21.7247,74.3651,62.4968,136.862
21.7447,74.2941,62.2746,136.569
21.7647,73.9981,62.1999,136.198
21.7847,74.0191,62.266,136.285
21.8047,73.7339,62.2443,135.978
21.8247,74.0611,62.143,136.204
21.8447,73.6826,61.9614,135.644
21.8647,73.4915,61.778,135.27
21.8847,73.1319,61.5744,134.706
21.9047,73.1076,61.6972,134.805
21.9247,73.2035,61.6838,134.887
21.9447,72.7225,61.4473,134.17
21.9647,72.694,61.5591,134.253
21.9847,73.1808,61.5692,134.75
22.0047,72.61,61.4988,134.109
22.0247,72.1868,61.0624,133.249
22.0447,71.8779,61.2482,133.126
22.0647,71.9081,61.1054,133.014
22.0847,72.0364,61.063,133.099
22.1047,72.0446,61.01,133.055
22.1247,71.9794,60.8325,132.812
22.1447,71.7153,60.6751,132.39
22.1647,71.5241,60.7475,132.272
22.1847,71.4166,60.7002,132.117
22.2047,71.2127,60.4809,131.694
22.2247,70.8354,60.5246,131.36
22.2447,70.7551,60.3911,131.146
22.2647,70.9291,60.2522,131.181
22.2847,70.4,60.262,130.662
22.3047,70.5008,60.0861,130.587
22.3247,70.3925,59.9474,130.34
22.3447,69.8508,59.9822,129.833
22.3647,70.2808,60.0346,130.315
22.3847,69.8655,60.0201,129.886
22.4047,69.9047,59.8401,129.745
22.4247,69.2408,59.5455,128.786
22.4447,69.6044,59.6407,129.245
22.4647,69.2283,59.5188,128.747
22.4847,69.1126,59.347,128.46
22.5047,69.2424,59.3076,128.55
22.5247,68.9356,59.2519,128.187
22.5447,68.9836,59.1152,128.099
22.5647,69.1481,59.0992,128.247
22.5847,68.1531,59.1506,127.304
22.6047,67.9805,58.9112,126.892
22.6247,68.381,59.0669,127.448
22.6447,68.2445,58.8598,127.104
22.6647,67.9988,58.815,126.814
22.6847,67.7913,58.6268,126.418
22.7047,67.5586,58.4403,125.999
22.7247,67.4984,58.4284,125.927
22.7447,67.283,58.3177,125.601
22.7647,67.5343,58.4801,126.014
22.7847,67.5168,58.1559,125.673
22.8047,67.0369,58.4004,125.437
22.8247,67.0539,58.0048,125.059
22.8447,66.572,57.7532,124.325
22.8647,67.0893,57.8754,124.965
22.8847,66.5174,57.8317,124.349
22.9047,66.2981,57.5742,123.872
22.9247,66.4197,57.6438,124.063
22.9447,65.8979,57.6439,123.542
22.9647,66.0893,57.5108,123.6
22.9847,65.6899,57.3063,122.996
23.0047,65.6291,57.3567,122.986
23.0247,65.2668,56.968,122.235
23.0447,65.4265,57.0299,122.456
23.0647,65.4992,57.0157,122.515
23.0847,65.5175,56.8706,122.388
23.1047,65.3346,56.5702,121.905
23.1247,65.0145,56.6435,121.658
23.1447,64.8763,56.5438,121.42
23.1647,64.6749,56.4854,121.16
23.1847,64.4015,56.4556,120.857
23.2047,64.6999,56.4479,121.148
23.2247,64.3104,56.2825,120.593
23.2447,64.31,56.3182,120.628
23.2647,63.6956,55.956,119.652
23.2847,64.4133,55.9913,120.405
23.3047,63.6062,55.9406,119.547
23.3247,63.1041,55.7729,118.877
23.3447,63.3154,55.7445,119.06
23.3647,63.3894,55.802,119.191
23.3847,63.1077,55.8692,118.977
23.4047,63.3529,55.4866,118.839
23.4247,62.908,55.4791,118.387
23.4447,62.6628,55.5645,118.227
23.4647,62.5872,55.1245,117.712
23.4847,62.4565,55.2203,117.677
23.5047,62.5388,54.9142,117.453
23.5247,62.16,55.084,117.244
23.5447,62.1594,54.8926,117.052
23.5647,62.3331,54.7056,117.039
23.5847,61.6747,54.5569,116.232
23.6047,61.8053,54.6669,116.472
23.6247,61.3548,54.4305,115.785
23.6447,61.3263,54.4315,115.758
23.6647,60.8969,54.2552,115.152
23.6847,61.3324,54.3448,115.677
23.7047,60.8493,54.0771,114.926
23.7247,61.1042,54.2952,115.399
23.7447,60.3353,54.0769,114.412
23.7647,60.1107,53.941,114.052
23.7847,60.5,53.7163,114.216
23.8047,60.2336,53.645,113.879
23.8247,60.0686,53.6239,113.693
23.8447,60.0805,53.6514,113.732
23.8647,60.0417,53.4756,113.517
23.8847,59.6165,53.1812,112.798
23.9047,59.9319,53.376,113.308
23.9247,59.3361,53.1205,112.457
23.9447,59.3108,53.0285,112.339
23.9647,58.7896,52.7973,111.587
23.9847,59.3324,52.9897,112.322
24.0047,58.9444,52.7453,111.69
24.0247,58.7843,52.6051,111.389
24.0447,58.5086,52.5812,111.09
24.0647,58.2238,52.4361,110.66
24.0847,58.2109,52.3689,110.58
24.1047,58.2373,52.3428,110.58
24.1247,58.1041,52.3631,110.467
24.1447,57.7935,51.9639,109.757
24.1647,57.664,52.1,109.764
24.1847,57.8881,52.0271,109.915
24.2047,57.27,51.8887,109.159
24.2247,57.1671,51.8411,109.008
24.2447,57.0972,51.825,108.922
24.2647,57.1571,51.7156,108.873
24.2847,56.7009,51.5244,108.225
24.3047,56.9556,51.4916,108.447
24.3247,56.6209,51.3572,107.978
24.3447,56.6057,51.2398,107.845
24.3647,56.7771,51.3519,108.129
24.3847,55.9779,51.0034,106.981
24.4047,56.072,51.0365,107.109
24.4247,56.0315,50.989,107.02
24.4447,55.6499,50.7581,106.408
24.4647,55.6845,50.7763,106.461
24.4847,55.7525,50.4828,106.235
24.5047,55.3958,50.4705,105.866
24.5247,55.4509,50.3569,105.808
24.5447,55.3301,50.3403,105.67
24.5647,54.9636,50.134,105.098
24.5847,54.9534,50.1056,105.059
24.6047,54.9475,50.0132,104.961
24.6247,54.3982,49.7563,104.155
24.6447,54.4823,49.7806,104.263
24.6647,54.2005,49.7503,103.951
24.6847,54.1748,49.5739,103.749
24.7047,53.8261,49.3737,103.2
24.7247,53.7611,49.395,103.156
24.7447,53.9441,49.1204,103.064
24.7647,53.5858,49.144,102.73
24.7847,53.3792,49.0456,102.425
24.8047,53.5299,48.9092,102.439
24.8247,53.2402,48.8755,102.116
24.8447,53.0981,48.9596,102.058
24.8647,53.1059,48.7424,101.848
24.8847,53.1122,48.5708,101.683
24.9047,52.8262,48.3532,101.179
24.9247,52.7245,48.3632,101.088
24.9447,52.7021,48.2212,100.923
24.9647,52.2859,48.2791,100.565
24.9847,52.0037,48.1334,100.137
25.0047,52.1178,47.9599,100.078
25.0247,51.8593,47.7769,99.6361
25.0447,51.398,47.7015,99.0995
25.0647,51.843,47.8041,99.6471
25.0847,51.4803,47.6827,99.163
25.1047,51.1064,47.5819,98.6883
25.1247,51.4324,47.4983,98.9307
25.1447,51.005,47.3351,98.3401
25.1647,51.0217,47.1743,98.196
25.1847,50.5283,47.0009,97.5292
25.2047,50.5025,47.0379,97.5405
25.2247,50.2474,46.7891,97.0365
25.2447,50.2627,46.9013,97.164
25.2647,50.2906,46.693,96.9836
25.2847,49.8529,46.4123,96.2652
25.3047,50.0539,46.4417,96.4956
25.3247,49.8477,46.3058,96.1535
25.3447,49.3758,46.204,95.5799
25.3647,49.2637,46.0582,95.3219
25.3847,49.0953,45.8989,94.9942
25.4047,48.9809,45.8559,94.8369
25.4247,48.7844,45.8565,94.6408
25.4447,48.7866,45.6711,94.4577
25.4647,48.8647,45.5396,94.4043
25.4847,48.6298,45.5767,94.2065
25.5047,48.4996,45.4424,93.9421
25.5247,48.2388,45.4507,93.6896
25.5447,48.2696,45.1264,93.396
25.5647,48.0052,45.0497,93.0549
25.5847,47.9985,45.0319,93.0303
25.6047,47.5769,44.8695,92.4464
25.6247,47.4854,44.8208,92.3061
25.6447,47.4417,44.6182,92.0599
25.6647,47.0632,44.643,91.7062
25.6847,47.385,44.4341,91.8191
25.7047,47.0455,44.2574,91.3029
25.7247,47.1398,44.2685,91.4083
25.7447,46.4929,44.0731,90.566
25.7647,46.351,43.8998,90.2509
25.7847,46.1904,43.8217,90.0121
25.8047,46.2914,43.7859,90.0773
25.8247,46.0282,43.5532,89.5813
25.8447,45.7897,43.4933,89.283
25.8647,45.7179,43.4393,89.1572
25.8847,45.4918,43.1686,88.6604
25.9047,45.5447,43.1581,88.7028
25.9247,45.3158,43.0732,88.3889
25.9447,45.2334,42.9012,88.1347
25.9647,45.0815,42.8635,87.9451
25.9847,44.6551,42.8417,87.4968
26.0047,44.3954,42.6254,87.0208
26.0247,44.2857,42.4654,86.7511
26.0447,44.308,42.3314,86.6394
26.0647,44.0371,42.3036,86.3406
26.0847,44.1784,42.3073,86.4858
26.1047,44.0759,42.1606,86.2365
26.1247,43.4199,41.9246,85.3445
26.1447,43.6878,41.936,85.6237
26.1647,43.6348,41.7279,85.3627
26.1847,43.2195,41.5846,84.8041
26.2047,42.8572,41.5905,84.4476
26.2247,42.9364,41.4245,84.3609
26.2447,42.636,41.2479,83.8839
26.2647,42.64,41.132,83.772
26.2847,42.409,41.0028,83.4118
26.3047,42.7835,40.9816,83.7651
26.3247,42.2843,40.8062,83.0905
26.3447,42.0649,40.8721,82.9369
26.3647,42.0452,40.7086,82.7538
26.3847,41.8494,40.573,82.4224
26.4047,41.5571,40.3586,81.9157
26.4247,41.401,40.2067,81.6077
26.4447,41.2811,40.1514,81.4325
26.4647,40.9757,39.9679,80.9435
26.4847,41.0272,39.9348,80.962
26.5047,40.8259,39.9505,80.7763
26.5247,40.4411,39.6306,80.0718
26.5447,40.555,39.5615,80.1165
26.5647,40.5115,39.5658,80.0773
26.5847,40.3371,39.3428,79.6799
26.6047,39.8072,39.2977,79.1049
26.6247,39.9886,39.1148,79.1034
26.6447,39.674,38.9537,78.6276
26.6647,39.8112,38.7745,78.5857
26.6847,39.3499,38.7739,78.1238
26.7047,39.2956,38.6105,77.906
26.7247,39.0609,38.6245,77.6854
26.7447,38.9565,38.4303,77.3867
26.7647,38.6894,38.2723,76.9617
26.7847,38.6814,38.0696,76.751
26.8047,38.5241,38.0958,76.6199
26.8247,38.2471,37.9713,76.2184
26.8447,38.1426,37.8918,76.0345
26.8647,37.8962,37.5566,75.4528
26.8847,37.8739,37.4277,75.3016
26.9047,37.8503,37.3478,75.1981
26.9247,37.081,37.2402,74.3211
26.9447,37.105,37.091,74.196
26.9647,37.0406,36.9582,73.9988
26.9847,36.7946,36.9255,73.7202
27.0047,36.8672,36.8108,73.678
27.0247,36.31,36.6954,73.0054
27.0447,36.2999,36.5187,72.8186
27.0647,36.2426,36.2664,72.5091
27.0847,35.9301,36.3676,72.2977
27.1047,35.7359,36.0051,71.741
27.1247,35.6867,35.9453,71.6319
27.1447,35.5018,35.9072,71.409
27.1647,35.2858,35.749,71.0348
27.1847,35.115,35.4802,70.5952
27.2047,34.8458,35.4522,70.2981
27.2247,34.6774,35.2772,69.9546
27.2447,34.6611,35.2191,69.8803
27.2647,34.3033,35.0889,69.3922
27.2847,34.3468,34.958,69.3048
27.3047,34.0358,34.7493,68.7851
27.3247,33.9677,34.739,68.7067
27.3447,33.8423,34.6613,68.5036
27.3647,33.5883,34.3466,67.9349
27.3847,33.2035,34.2176,67.4211
27.4047,33.2216,34.1648,67.3863
27.4247,33.2069,33.9071,67.1139
27.4447,32.7514,33.8853,66.6367
27.4647,32.6182,33.715,66.3333
27.4847,32.4339,33.532,65.9658
27.5047,32.0747,33.4588,65.5334
27.5247,31.8552,33.2917,65.1469
27.5447,31.8442,33.177,65.0212
27.5647,31.6055,32.9425,64.5481
27.5847,31.5273,32.9812,64.5085
27.6047,31.0435,32.6121,63.6556
27.6247,30.6938,32.5825,63.2764
27.6447,30.8154,32.4035,63.219
27.6647,30.5162,32.1917,62.7079
27.6847,30.2909,32.1105,62.4014
27.7047,30.2034,32.0552,62.2586
27.7247,30.0737,31.8484,61.9221
27.7447,29.7538,31.5688,61.3226
27.7647,29.4968,31.4637,60.9605
27.7847,29.3171,31.3591,60.6762
27.8047,29.2301,31.1338,60.3639
27.8247,28.8692,31.1662,60.0354
27.8447,28.7014,31.0109,59.7123
27.8647,28.5943,30.7788,59.3732
27.8847,28.3935,30.6826,59.0761
27.9047,28.2519,30.4558,58.7076
27.9247,28.0869,30.3441,58.431
27.9447,27.9879,30.1714,58.1593
27.9647,27.721,30.1728,57.8938
27.9847,27.4433,29.8846,57.3278
28.0047,27.3975,29.7967,57.1942
28.0247,27.0607,29.5183,56.579
28.0447,26.7664,29.5174,56.2838
28.0647,26.6058,29.3044,55.9102
28.0847,26.506,29.129,55.635
28.1047,26.3916,28.9973,55.3888
28.1247,25.9778,28.7965,54.7744
28.1447,25.9386,28.7759,54.7145
28.1647,25.6119,28.5718,54.1837
28.1847,25.4633,28.4784,53.9417
28.2047,25.2637,28.2442,53.5079
28.2247,25.0705,28.0436,53.1142
28.2447,24.9306,27.9885,52.9192
28.2647,24.7458,27.8256,52.5714
28.2847,24.6893,27.6005,52.2898
28.3047,24.4799,27.4674,51.9473
28.3247,24.4585,27.3193,51.7778
28.3447,23.9887,27.2426,51.2313
28.3647,23.9023,27.093,50.9953
28.3847,23.433,26.8501,50.2831
28.4047,23.46,26.7776,50.2376
28.4247,23.2226,26.6704,49.8931
28.4447,23.2723,26.4052,49.6775
28.4647,22.8483,26.3082,49.1565
28.4847,22.6833,26.2503,48.9336
28.5047,22.4835,26.0393,48.5228
28.5247,22.4329,25.9886,48.4215
28.5447,22.0495,25.7188,47.7682
28.5647,21.9418,25.6287,47.5705
28.5847,21.8027,25.5745,47.3772
28.6047,21.7337,25.273,47.0068
28.6247,21.6577,25.1536,46.8113
28.6447,21.2823,24.9537,46.236
28.6647,20.9902,24.963,45.9532
28.6847,21.0987,24.7487,45.8473
28.7047,20.886,24.5881,45.4742
28.7247,20.6454,24.4198,45.0652
28.7447,20.6934,24.2913,44.9847
28.7647,20.5607,24.1224,44.683
28.7847,20.2187,23.9943,44.213
28.8047,20.0304,23.8875,43.9178
28.8247,19.8325,23.69,43.5225
28.8447,19.8474,23.5649,43.4124
28.8647,19.6077,23.4839,43.0915
28.8847,19.5796,23.3704,42.95
28.9047,19.3608,23.0872,42.4479
28.9247,19.1742,22.9038,42.078
28.9447,18.8096,22.8713,41.6809
28.9647,18.964,22.6636,41.6276
28.9847,18.6158,22.5197,41.1356
29.0047,18.5181,22.5054,41.0235
29.0247,18.5015,22.2374,40.7389
29.0447,18.1057,22.1288,40.2345
29.0647,17.9664,22.0005,39.9669
29.0847,17.9641,21.8633,39.8274
29.1047,17.6991,21.7214,39.4205
29.1247,17.5905,21.6231,39.2136
29.1447,17.572,21.4559,39.0279
29.1647,17.5251,21.2864,38.8115
29.1847,17.3106,21.1222,38.4328
29.2047,16.9616,21.0269,37.9885
29.2247,16.9595,20.8976,37.8571
29.2447,16.8096,20.6989,37.5086
29.2647,16.5291,20.5915,37.1206
29.2847,16.3985,20.4355,36.834
29.3047,16.1826,20.3176,36.5002
29.3247,16.3684,20.1192,36.4876
29.3447,16.1738,20.0686,36.2424
29.3647,15.9629,19.8842,35.8471
29.3847,15.7415,19.7131,35.4545
29.4047,15.5716,19.6686,35.2402
29.4247,15.4733,19.5046,34.9779
29.4447,15.4051,19.3855,34.7906
29.4647,15.2541,19.1621,34.4162
29.4847,15.1365,19.1103,34.2467
29.5047,15.0351,19.0038,34.039
29.5247,14.6842,18.8433,33.5276
29.5447,14.6478,18.7105,33.3582
29.5647,14.6588,18.5481,33.2069
29.5847,14.5155,18.4019,32.9174
29.6047,14.4023,18.3107,32.713
29.6247,14.2476,18.176,32.4236
29.6447,14.0713,17.9635,32.0348
29.6647,14.0042,17.8868,31.8911
29.6847,13.9129,17.7462,31.6591
29.7047,13.722,17.6216,31.3436
29.7247,13.6129,17.4854,31.0982
29.7447,13.353,17.3738,30.7268
29.7647,13.3742,17.239,30.6132
29.7847,13.1534,17.0881,30.2415
29.8047,13.0457,17.0459,30.0916
29.8247,12.8432,16.8435,29.6867
29.8447,12.8983,16.6957,29.594
29.8647,12.953,16.616,29.5691
29.8847,12.6754,16.3902,29.0656
29.9047,12.4844,16.3762,28.8606
29.9247,12.5671,16.1853,28.7525
29.9447,12.0668,16.0546,28.1214
29.9647,12.2353,15.8836,28.119
29.9847,12.2334,15.7387,27.972
30.0047,12.1197,15.6702,27.79
30.0247,11.8566,15.4663,27.3229
30.0447,11.8287,15.3571,27.1858
30.0647,11.772,15.2677,27.0396
30.0847,11.5632,15.1569,26.7201
30.1047,11.4277,15.0408,26.4685
30.1247,11.2495,14.8944,26.1439
30.1447,11.1635,14.8032,25.9667
30.1647,11.2047,14.6681,25.8728
30.1847,11.0746,14.5336,25.6083
30.2047,10.8532,14.3508,25.204
30.2247,10.8674,14.2733,25.1407
30.2447,10.6053,14.1163,24.7216
30.2647,10.5691,13.9411,24.5102
30.2847,10.4367,13.8939,24.3306
30.3047,10.359,13.7791,24.1381
30.3247,10.2508,13.639,23.8899
30.3447,10.0426,13.5533,23.5959
30.3647,10.0105,13.4242,23.4347
30.3847,9.99548,13.3051,23.3006
30.4047,9.97763,13.1721,23.1497
30.4247,9.81574,13.0305,22.8463
30.4447,9.65821,12.8402,22.4984
30.4647,9.60256,12.7391,22.3417
30.4847,9.46967,12.6407,22.1104
30.5047,9.39348,12.6085,22.002
30.5247,9.26179,12.4503,21.7121
30.5447,9.29866,12.3371,21.6358
30.5647,9.06853,12.262,21.3305
30.5847,9.03214,12.0759,21.1081
30.6047,8.92409,12.0149,20.939
30.6247,8.80783,11.8733,20.6812
30.6447,8.83752,11.7948,20.6323
30.6647,8.70885,11.6788,20.3877
30.6847,8.57628,11.5024,20.0787
30.7047,8.61011,11.4242,20.0343
30.7247,8.51281,11.2656,19.7784
30.7447,8.45135,11.1427,19.594
30.7647,8.15134,10.9984,19.1497
30.7847,8.21494,10.8944,19.1093
30.8047,8.05021,10.7964,18.8466
30.8247,8.14761,10.6423,18.79
30.8447,7.91636,10.6082,18.5245
30.8647,7.94802,10.4467,18.3947
30.8847,7.84518,10.3603,18.2055
30.9047,7.79459,10.2216,18.0162
30.9247,7.78591,10.1156,17.9015
30.9447,7.48867,10.029,17.5176
30.9647,7.54558,9.89302,17.4386
30.9847,7.39667,9.78706,17.1837
31.0047,7.32066,9.66951,16.9902
31.0247,7.16544,9.58014,16.7456
31.0447,7.23047,9.40417,16.6346
31.0647,6.91895,9.31988,16.2388
31.0847,7.00042,9.21224,16.2127
31.1047,6.94994,9.15025,16.1002
31.1247,6.79765,9.05206,15.8497
31.1447,6.8169,8.90921,15.7261
31.1647,6.74651,8.86951,15.616
31.1847,6.56499,8.71141,15.2764
31.2047,6.46538,8.62254,15.0879
31.2247,6.36375,8.4968,14.8605
31.2447,6.46803,8.40894,14.877
31.2647,6.32763,8.32871,14.6563
31.2847,6.23521,8.17209,14.4073
31.3047,6.22209,8.12282,14.3449
31.3247,6.03879,8.02858,14.0674
31.3447,6.06597,7.90216,13.9681
31.3647,5.97574,7.79863,13.7744
31.3847,5.97305,7.666,13.639
31.4047,6.00987,7.60185,13.6117
31.4247,5.79459,7.49754,13.2921
31.4447,5.74777,7.38166,13.1294
31.4647,5.74686,7.28278,13.0296
31.4847,5.77084,7.17271,12.9436
31.5047,5.52359,7.11104,12.6346
31.5247,5.40686,6.99163,12.3985
31.5447,5.49224,6.89751,12.3897
31.5647,5.25332,6.79052,12.0438
31.5847,5.26574,6.71924,11.985
31.6047,5.28511,6.60243,11.8875
31.6247,5.18439,6.52482,11.7092
31.6447,5.18472,6.44818,11.6329
31.6647,5.10716,6.38378,11.4909
31.6847,5.09582,6.30547,11.4013
31.7047,4.92196,6.17003,11.092
31.7247,4.89536,6.0608,10.9562
31.7447,4.83953,5.99215,10.8317
31.7647,4.78231,5.89431,10.6766
31.7847,4.72108,5.80387,10.525
31.8047,4.68827,5.72504,10.4133
31.8247,4.73688,5.61881,10.3557
31.8447,4.55119,5.57335,10.1245
31.8647,4.46583,5.41,9.87583
31.8847,4.45128,5.34517,9.79645
31.9047,4.34947,5.27028,9.61974
31.9247,4.34002,5.18662,9.52664
31.9447,4.24136,5.05051,9.29186
31.9647,4.25057,4.98638,9.23695
31.9847,4.15929,4.89488,9.05417
32.0047,4.08497,4.80966,8.89462
32.0247,4.12115,4.71714,8.8383
32.0447,3.96992,4.65594,8.62586
32.0647,3.94758,4.54204,8.48961
32.0847,3.9448,4.46709,8.41189
32.1047,3.89648,4.37962,8.2761
32.1247,3.86519,4.33252,8.19772
32.1447,3.78736,4.20855,7.99591
32.1647,3.70835,4.13373,7.84208
32.1847,3.70171,4.05484,7.75655
32.2047,3.68149,3.97753,7.65902
32.2247,3.54936,3.89337,7.44274
32.2447,3.51478,3.84489,7.35967
32.2647,3.60753,3.76129,7.36882
32.2847,3.55842,3.65826,7.21667
32.3047,3.46786,3.61126,7.07913
32.3247,3.37945,3.5194,6.89885
32.3447,3.39551,3.45142,6.84693
32.3647,3.30001,3.36927,6.66928
32.3847,3.24761,3.28269,6.53031
32.4047,3.20543,3.25162,6.45705
32.4247,3.16655,3.15799,6.32454
32.4447,3.06289,3.05082,6.11371
32.4647,3.06483,2.96961,6.03443
32.4847,2.9752,2.89831,5.87351
32.5047,2.98699,2.82871,5.81569
32.5247,2.98548,2.7664,5.75188
32.5447,2.89894,2.72476,5.62371
32.5647,2.89482,2.64819,5.54301
32.5847,2.82248,2.58247,5.40495
32.6047,2.71318,2.50498,5.21816
32.6247,2.71546,2.46763,5.18309
32.6447,2.73869,2.40528,5.14397
32.6647,2.71977,2.32966,5.04943
32.6847,2.59379,2.2788,4.87259
32.7047,2.60545,2.17762,4.78307
32.7247,2.55205,2.12439,4.67644
32.7447,2.509,2.07524,4.58424
32.7647,2.42703,2.05943,4.48646
32.7847,2.4661,1.97274,4.43885
32.8047,2.34634,1.92659,4.27293
32.8247,2.37402,1.86356,4.23758
32.8447,2.35977,1.80534,4.16511
32.8647,2.31964,1.75861,4.07825
32.8847,2.26666,1.71821,3.98487
32.9047,2.25057,1.64618,3.89675
32.9247,2.17591,1.57753,3.75344
32.9447,2.23501,1.53709,3.7721
32.9647,2.24992,1.48178,3.7317
32.9847,2.13473,1.4363,3.57102
33.0047,2.08596,1.37411,3.46008
33.0247,2.01069,1.33029,3.34098
33.0447,2.13715,1.28427,3.42142
33.0647,2.0408,1.22074,3.26154
33.0847,1.92271,1.16458,3.0873
33.1047,1.92066,1.112,3.03266
33.1247,1.86696,1.07051,2.93747
33.1447,1.97391,1.01866,2.99258
33.1647,1.96328,0.994167,2.95744
33.1847,1.96121,0.938942,2.90015
33.2047,1.76541,0.901853,2.66727
33.2247,1.86841,0.846113,2.71452
33.2447,1.7152,0.803114,2.51831
33.2647,1.72896,0.781157,2.51011
33.2847,1.76841,0.735726,2.50414
33.3047,1.73561,0.700324,2.43594
33.3247,1.59883,0.660558,2.25939
33.3447,1.52679,0.628236,2.15503
33.3647,1.46315,0.593155,2.05631
33.3847,1.46701,0.568116,2.03512
33.4047,1.54336,0.534877,2.07824
33.4247,1.48985,0.485627,1.97548
33.4447,1.4614,0.471109,1.9325
33.4647,1.52217,0.448939,1.97111
33.4847,1.39082,0.407725,1.79854
33.5047,1.41116,0.38361,1.79477
33.5247,1.38324,0.349256,1.7325
33.5447,1.33578,0.321389,1.65717
33.5647,1.32077,0.294441,1.61522
33.5847,1.31993,0.274408,1.59434
33.6047,1.35399,0.241096,1.59509
33.6247,1.25932,0.216852,1.47617
33.6447,1.25272,0.202615,1.45534
33.6647,1.24057,0.179564,1.42013
33.6847,1.19984,0.168677,1.36852
33.7047,1.1527,0.162378,1.31508
33.7247,1.16236,0.147537,1.3099
33.7447,1.14538,0.124825,1.2702
33.7647,1.07906,0.102108,1.18117
33.7847,1.09003,0.093762,1.1838
33.8047,1.07916,0.0842903,1.16345
33.8247,1.14605,0.0756248,1.22168
33.8447,1.04337,0.061479,1.10485
33.8647,0.898765,0.0497113,0.948476
33.8847,0.920485,0.0380774,0.958563
33.9047,0.856875,0.031531,0.888406
33.9247,0.92863,0.0311377,0.959768
33.9447,0.880484,0.0259959,0.906479
33.9647,0.858424,0.0220077,0.880432
33.9847,0.827899,0.0179901,0.845889
34.0047,0.843801,0.0129191,0.85672
34.0247,0.804779,0.00885208,0.813631
34.0447,0.831874,0.00778064,0.839655
34.0647,0.825594,0.00437477,0.829969
34.0847,0.769193,0.0028763,0.772069
34.1047,0.721282,0.00180499,0.723087
34.1247,0.709205,0.00193661,0.711142
34.1447,0.727435,0.00163543,0.729071
34.1647,0.73014,0.000887926,0.731028
34.1847,0.655372,0.000708415,0.65608
34.2047,0.668699,0.00073348,0.669433
34.2247,0.696411,0.000717655,0.697129
34.2447,0.689415,0,0.689415
34.2647,0.584777,0,0.584777
34.2847,0.658803,0,0.658803
34.3047,0.611343,0,0.611343
34.3247,0.603283,0,0.603283
34.3447,0.588743,0,0.588743
34.3647,0.595344,0,0.595344
34.3847,0.5894,0,0.5894
34.4047,0.535474,0,0.535474
34.4247,0.513445,0,0.513445
34.4447,0.563254,0,0.563254
34.4647,0.551046,0,0.551046
34.4847,0.533334,0,0.533334
34.5047,0.446474,0,0.446474
34.5247,0.485667,0,0.485667
34.5447,0.444578,0,0.444578
34.5647,0.476808,0,0.476808
34.5847,0.466495,0,0.466495
34.6047,0.466625,0,0.466625
34.6247,0.439467,0,0.439467
34.6447,0.478593,0,0.478593
34.6647,0.417058,0,0.417058
34.6847,0.479303,0,0.479303
34.7047,0.416702,0,0.416702
34.7247,0.355156,0,0.355156
34.7447,0.39321,0,0.39321
34.7647,0.418671,0,0.418671
34.7847,0.364641,0,0.364641
34.8047,0.390152,0,0.390152
34.8247,0.344657,0,0.344657
34.8447,0.340626,0,0.340626
34.8647,0.332994,0,0.332994
34.8847,0.311926,0,0.311926
34.9047,0.350729,0,0.350729
34.9247,0.323798,0,0.323798
34.9447,0.351599,0,0.351599
34.9647,0.32781,0,0.32781
34.9847,0.284726,0,0.284726
35.0047,0.274348,0,0.274348
35.0247,0.289255,0,0.289255
35.0447,0.271441,0,0.271441
35.0647,0.289395,0,0.289395
35.0847,0.268765,0,0.268765
35.1047,0.288005,0,0.288005
35.1247,0.220429,0,0.220429
35.1447,0.26772,0,0.26772
35.1647,0.238212,0,0.238212
35.1847,0.23657,0,0.23657
35.2047,0.204954,0,0.204954
35.2247,0.201687,0,0.201687
35.2447,0.249148,0,0.249148
35.2647,0.205765,0,0.205765
35.2847,0.211045,0,0.211045
35.3047,0.170754,0,0.170754
35.3247,0.179511,0,0.179511
35.3447,0.201392,0,0.201392
35.3647,0.167097,0,0.167097
35.3847,0.210452,0,0.210452
35.4047,0.192509,0,0.192509
35.4247,0.152797,0,0.152797
35.4447,0.170296,0,0.170296
35.4647,0.161642,0,0.161642
35.4847,0.162285,0,0.162285
35.5047,0.165478,0,0.165478
35.5247,0.129981,0,0.129981
35.5447,0.149186,0,0.149186
35.5647,0.156321,0,0.156321
35.5847,0.160747,0,0.160747
35.6047,0.142506,0,0.142506
35.6247,0.103959,0,0.103959
35.6447,0.129416,0,0.129416
35.6647,0.114539,0,0.114539
35.6847,0.119961,0,0.119961
35.7047,0.126388,0,0.126388
35.7247,0.101638,0,0.101638
35.7447,0.137558,0,0.137558
35.7647,0.106417,0,0.106417
35.7847,0.102585,0,0.102585
35.8047,0.0709284,0,0.0709284
35.8247,0.0779722,0,0.0779722
35.8447,0.0639933,0,0.0639933
35.8647,0.0744334,0,0.0744334
35.8847,0.0918176,0,0.0918176
35.9047,0.0884137,0,0.0884137
35.9247,0.0832319,0,0.0832319
35.9447,0.0777301,0,0.0777301
35.9647,0.0700663,0,0.0700663
35.9847,0.087297,0,0.087297
36.0047,0.0717867,0,0.0717867
36.0247,0.0651554,0,0.0651554
36.0447,0.0742107,0,0.0742107
36.0647,0.0498444,0,0.0498444
36.0847,0.053519,0,0.053519
36.1047,0.0516238,0,0.0516238
36.1247,0.038959,0,0.038959
36.1447,0.0639167,0,0.0639167
36.1647,0.0315292,0,0.0315292
36.1847,0.0705496,0,0.0705496
36.2047,0.0500677,0,0.0500677
36.2247,0.0565753,0,0.0565753
36.2447,0.0303089,0,0.0303089
36.2647,0.052635,0,0.052635
36.2847,0.03921,0,0.03921
36.3047,0.0499254,0,0.0499254
36.3247,0.0501733,0,0.0501733
36.3447,0.0305201,0,0.0305201
36.3647,0.039212,0,0.039212
36.3847,0.0291641,0,0.0291641
36.4047,0.0305426,0,0.0305426
36.4247,0.0417147,0,0.0417147
36.4447,0.0447932,0,0.0447932
36.4647,0.0247688,0,0.0247688
36.4847,0.0279035,0,0.0279035
36.5047,0.0306642,0,0.0306642
36.5247,0.0443133,0,0.0443133
36.5447,0.0306052,0,0.0306052
36.5647,0.0214299,0,0.0214299
36.5847,0.0179055,0,0.0179055
36.6047,0.0241717,0,0.0241717
36.6247,0.0271345,0,0.0271345
36.6447,0.0231154,0,0.0231154
36.6647,0.0207425,0,0.0207425
36.6847,0.018934,0,0.018934
36.7047,0.021586,0,0.021586
36.7247,0.0137872,0,0.0137872
36.7447,0.0158371,0,0.0158371
36.7647,0.0277387,0,0.0277387
36.7847,0.01987,0,0.01987
36.8047,0.0198688,0,0.0198688
36.8247,0.0237143,0,0.0237143
36.8447,0.018625,0,0.018625
36.8647,0.0136169,0,0.0136169
36.8847,0.004769,0,0.004769
36.9047,0.0129619,0,0.0129619
36.9247,0.00831744,0,0.00831744
36.9447,0.012147,0,0.012147
36.9647,0.0157094,0,0.0157094
36.9847,0.0162152,0,0.0162152
37.0047,0.0102346,0,0.0102346
37.0247,0.00391476,0,0.00391476
37.0447,0.0113396,0,0.0113396
37.0647,0.0113913,0,0.0113913
37.0847,0.0131631,0,0.0131631
37.1047,0.0170499,0,0.0170499
37.1247,0.0105453,0,0.0105453
37.1447,-0.000908465,0,-0.000908465
37.1647,0.00950214,0,0.00950214
37.1847,0.00581603,0,0.00581603
37.2047,0.00671621,0,0.00671621
37.2247,0.010112,0,0.010112
37.2447,0.0168127,0,0.0168127
37.2647,0.00270007,0,0.00270007
37.2847,0.0109587,0,0.0109587
37.3047,0.00691835,0,0.00691835
37.3247,0.00291542,0,0.00291542
37.3447,0.00554393,0,0.00554393
37.3647,0.00691879,0,0.00691879
37.3847,0.00507445,0,0.00507445
37.4047,0.00568411,0,0.00568411
37.4247,0.00714387,0,0.00714387
37.4447,0.00391105,0,0.00391105
37.4647,0.00323206,0,0.00323206
37.4847,0.00237203,0,0.00237203
37.5047,0.00539735,0,0.00539735
37.5247,0.00561322,0,0.00561322
37.5447,0.00397545,0,0.00397545
37.5647,0.0012749,0,0.0012749
37.5847,0.00401577,0,0.00401577
37.6047,0.0043565,0,0.0043565
37.6247,0.00166513,0,0.00166513
37.6447,0.00207297,0,0.00207297
37.6647,0.0013593,0,0.0013593
37.6847,-0.000865724,0,-0.000865724
37.7047,0.00317229,0,0.00317229
37.7247,0.00409639,0,0.00409639
37.7447,0.00473262,0,0.00473262
37.7647,0.00298993,0,0.00298993
37.7847,-0.00137498,0,-0.00137498
37.8047,0.00209644,0,0.00209644
37.8247,0.00192018,0,0.00192018
37.8447,0.000595986,0,0.000595986
37.8647,0.00133371,0,0.00133371
37.8847,0.00204255,0,0.00204255
37.9047,0.000445445,0,0.000445445
37.9247,0.00251831,0,0.00251831
37.9447,0.00269594,0,0.00269594
37.9647,0.00106627,0,0.00106627
37.9847,0.00190629,0,0.00190629
38.0047,-0.00163771,0,-0.00163771
38.0247,0.00055253,0,0.00055253
38.0447,0.00367896,0,0.00367896
38.0647,-0.000420844,0,-0.000420844
38.0847,-0.000489992,0,-0.000489992
38.1047,0.0006666,0,0.0006666
38.1247,0.00111401,0,0.00111401
38.1447,0.00168792,0,0.00168792
38.1647,-0.000937663,0,-0.000937663
38.1847,0.00103251,0,0.00103251
38.2047,0.00264334,0,0.00264334
38.2247,4.61349e-05,0,4.61349e-05
38.2447,-0.000116832,0,-0.000116832
38.2647,0.000529096,0,0.000529096
38.2847,0.0015367,0,0.0015367
38.3047,0.000840635,0,0.000840635
38.3247,0.00391212,0,0.00391212
38.3447,5.65717e-05,0,5.65717e-05
38.3647,0.00166422,0,0.00166422
38.3847,-0.00245857,0,-0.00245857
38.4047,0.00190056,0,0.00190056
38.4247,0.0010183,0,0.0010183
38.4447,0.0010954,0,0.0010954
38.4647,0.000492161,0,0.000492161
38.4847,0.00320395,0,0.00320395
38.5047,0.0023086,0,0.0023086
38.5247,0.000505509,0,0.000505509
38.5447,0.000334056,0,0.000334056
38.5647,-9.5599e-05,0,-9.5599e-05
38.5847,0.0014851,0,0.0014851
38.6047,-0.000172891,0,-0.000172891
38.6247,0.00145803,0,0.00145803
38.6447,-4.48825e-05,0,-4.48825e-05
